== Sun Sep 13 19:12:46 PDT 2026 backfill
91 symbols x 138 weekdays 2026-02-02..2026-08-12 -> /Users/gmerton/v2/options_playground/data/cache/intraday_1min
[1/91] AAOI: 133 sessions written (5 empty) | 1 calls, 0.5 min
[2/91] AAPL: 132 sessions written (5 empty) | 2 calls, 1.2 min
[3/91] ADBE: 133 sessions written (5 empty) | 3 calls, 1.6 min
[4/91] ALAB: 132 sessions written (5 empty) | 4 calls, 2.1 min
[5/91] AMD: 133 sessions written (5 empty) | 5 calls, 2.8 min
[6/91] AMZN: 133 sessions written (5 empty) | 6 calls, 3.5 min
[7/91] ANET: 133 sessions written (5 empty) | 7 calls, 3.9 min
[8/91] ARKX: 133 sessions written (5 empty) | 8 calls, 4.2 min
[9/91] ASML: 133 sessions written (5 empty) | 9 calls, 4.7 min
[10/91] AXTI: 133 sessions written (5 empty) | 10 calls, 5.1 min
[11/91] BE: 133 sessions written (5 empty) | 11 calls, 5.6 min
[12/91] BMNR: 133 sessions written (5 empty) | 12 calls, 6.3 min
[13/91] BWET: 133 sessions written (5 empty) | 13 calls, 6.5 min
[14/91] CBRS: 62 sessions written (76 empty) | 14 calls, 6.7 min
[15/91] CDW: 133 sessions written (5 empty) | 15 calls, 7.0 min
[16/91] CF: 133 sessions written (5 empty) | 16 calls, 7.4 min
[17/91] CHRD: 133 sessions written (5 empty) | 17 calls, 7.7 min
[18/91] CIBR: 133 sessions written (5 empty) | 18 calls, 8.1 min
[19/91] COHR: 133 sessions written (5 empty) | 19 calls, 8.6 min
[20/91] CRAK: 133 sessions written (5 empty) | 20 calls, 8.8 min
[21/91] CRCL: 133 sessions written (5 empty) | 21 calls, 9.5 min
[22/91] CRM: 133 sessions written (5 empty) | 22 calls, 10.0 min
[23/91] CRWD: 133 sessions written (5 empty) | 23 calls, 10.4 min
[24/91] CVI: 133 sessions written (5 empty) | 24 calls, 10.7 min
[25/91] DE: 133 sessions written (5 empty) | 25 calls, 11.1 min
[26/91] DELL: 133 sessions written (5 empty) | 26 calls, 11.6 min
[27/91] DINO: 133 sessions written (5 empty) | 27 calls, 12.1 min
[28/91] DRAM: 91 sessions written (47 empty) | 28 calls, 12.5 min
[29/91] FTNT: 132 sessions written (5 empty) | 29 calls, 13.0 min
[30/91] GH: 133 sessions written (5 empty) | 30 calls, 13.4 min
[31/91] GLW: 133 sessions written (5 empty) | 31 calls, 13.9 min
[32/91] GOOGL: 133 sessions written (5 empty) | 32 calls, 14.6 min
[33/91] GRID: 133 sessions written (5 empty) | 33 calls, 14.8 min
[34/91] HALO: 133 sessions written (5 empty) | 34 calls, 15.1 min
[35/91] HNGE: 133 sessions written (5 empty) | 35 calls, 15.3 min
[36/91] HOOD: 133 sessions written (5 empty) | 36 calls, 16.0 min
[37/91] HPE: 133 sessions written (5 empty) | 37 calls, 16.5 min
[38/91] IBIT: 133 sessions written (5 empty) | 38 calls, 17.2 min
[39/91] IGV: 133 sessions written (5 empty) | 39 calls, 17.7 min
[40/91] ILMN: 133 sessions written (5 empty) | 40 calls, 17.9 min
[41/91] INTC: 132 sessions written (5 empty) | 41 calls, 18.6 min
[42/91] IONQ: 133 sessions written (5 empty) | 42 calls, 19.3 min
[43/91] IOVA: 133 sessions written (5 empty) | 43 calls, 19.7 min
[44/91] IREN: 133 sessions written (5 empty) | 44 calls, 20.4 min
[45/91] IWM: 133 sessions written (5 empty) | 45 calls, 21.1 min
[46/91] LITE: 133 sessions written (5 empty) | 46 calls, 21.6 min
[47/91] LRCX: 133 sessions written (5 empty) | 47 calls, 22.1 min
[48/91] MGK: 133 sessions written (5 empty) | 48 calls, 22.5 min
[49/91] MRVL: 133 sessions written (5 empty) | 49 calls, 23.2 min
[50/91] MSFT: 133 sessions written (5 empty) | 50 calls, 23.9 min
[51/91] MU: 133 sessions written (5 empty) | 51 calls, 24.6 min
[52/91] NBIS: 133 sessions written (5 empty) | 52 calls, 25.3 min
[53/91] NET: 132 sessions written (5 empty) | 53 calls, 25.7 min
[54/91] NFLX: 133 sessions written (5 empty) | 54 calls, 26.4 min
[55/91] NOW: 133 sessions written (5 empty) | 55 calls, 27.1 min
[56/91] NTRA: 128 sessions written (5 empty) | 56 calls, 27.4 min
[57/91] NVDA: 133 sessions written (5 empty) | 57 calls, 28.1 min
[58/91] OKTA: 133 sessions written (5 empty) | 58 calls, 28.5 min
[59/91] ORCL: 133 sessions written (5 empty) | 59 calls, 29.2 min
[60/91] PANW: 132 sessions written (5 empty) | 60 calls, 29.7 min
[61/91] PARR: 133 sessions written (5 empty) | 61 calls, 29.9 min
[62/91] PLTR: 132 sessions written (5 empty) | 62 calls, 30.6 min
[63/91] PTEN: 133 sessions written (5 empty) | 63 calls, 31.1 min
[64/91] QBTS: 133 sessions written (5 empty) | 64 calls, 31.5 min
[65/91] QCOM: 133 sessions written (5 empty) | 65 calls, 32.0 min
[66/91] QQQ: 128 sessions written (5 empty) | 66 calls, 32.7 min
[67/91] QTUM: 133 sessions written (5 empty) | 67 calls, 32.9 min
[68/91] RGTI: 133 sessions written (5 empty) | 68 calls, 33.6 min
[69/91] RVMD: 133 sessions written (5 empty) | 69 calls, 34.1 min
[70/91] SKHY: 23 sessions written (115 empty) | 70 calls, 34.3 min
[71/91] SMH: 133 sessions written (5 empty) | 71 calls, 34.7 min
[72/91] SMTC: 133 sessions written (5 empty) | 72 calls, 35.2 min
[73/91] SNDK: 133 sessions written (5 empty) | 73 calls, 35.9 min
[74/91] SPCX: 82 sessions written (56 empty) | 74 calls, 36.1 min
[75/91] SPY: 128 sessions written (5 empty) | 75 calls, 36.8 min
[76/91] TEAM: 133 sessions written (5 empty) | 76 calls, 37.3 min
[77/91] TER: 133 sessions written (5 empty) | 77 calls, 37.7 min
[78/91] TGTX: 133 sessions written (5 empty) | 78 calls, 38.2 min
[79/91] TSLA: 133 sessions written (5 empty) | 79 calls, 38.9 min
[80/91] TSM: 133 sessions written (5 empty) | 80 calls, 39.6 min
[81/91] TXG: 133 sessions written (5 empty) | 81 calls, 40.1 min
[82/91] UNH: 133 sessions written (5 empty) | 82 calls, 40.5 min
[83/91] USO: 133 sessions written (5 empty) | 83 calls, 41.2 min
[84/91] WDC: 133 sessions written (5 empty) | 84 calls, 41.7 min
[85/91] XBI: 128 sessions written (5 empty) | 85 calls, 42.1 min
[86/91] XHB: 133 sessions written (5 empty) | 86 calls, 42.6 min
[87/91] XLB: 133 sessions written (5 empty) | 87 calls, 43.0 min
[88/91] XLE: 133 sessions written (5 empty) | 88 calls, 43.5 min
[89/91] XLI: 133 sessions written (5 empty) | 89 calls, 44.0 min
[90/91] XLV: 133 sessions written (5 empty) | 90 calls, 44.4 min
[91/91] ZETA: 133 sessions written (5 empty) | 91 calls, 44.9 min
== Sun Sep 13 19:57:40 PDT 2026 replay + report (new sessions)
2026-02-02: rc=1 
2026-02-03: rc=1 
2026-02-04: rc=1 
2026-02-05: rc=1 
2026-02-06: rc=1 
2026-02-09: rc=1 
2026-02-10: rc=1 
2026-02-11: rc=1 
2026-02-12: rc=1 
2026-02-13: rc=1 
2026-02-16: rc=1 
== Sun Sep 13 19:59:34 PDT 2026 backfill pass 2 (new sector names only; cached symbols skip)
109 symbols x 138 weekdays 2026-02-02..2026-08-12 -> /Users/gmerton/v2/options_playground/data/cache/intraday_1min
[4/109] ADM: 133 sessions written (5 empty) | 1 calls, 0.5 min
[9/109] ANF: 133 sessions written (5 empty) | 2 calls, 0.7 min
[13/109] BBY: 133 sessions written (5 empty) | 3 calls, 1.2 min
[20/109] CHEF: 133 sessions written (5 empty) | 4 calls, 1.4 min
[23/109] CLMT: 133 sessions written (5 empty) | 5 calls, 1.6 min
[24/109] CNH: 133 sessions written (5 empty) | 6 calls, 2.1 min
[31/109] DDS: 133 sessions written (5 empty) | 7 calls, 2.3 min
[35/109] DK: 133 sessions written (5 empty) | 8 calls, 2.5 min
[37/109] FCFS: 133 sessions written (5 empty) | 9 calls, 2.8 min
[38/109] FCX: 133 sessions written (5 empty) | 10 calls, 3.2 min
[39/109] FLR: 133 sessions written (5 empty) | 11 calls, 3.7 min
[40/109] FTI: 133 sessions written (5 empty) | 12 calls, 4.1 min
[50/109] HTFL: 133 sessions written (5 empty) | 13 calls, 4.4 min
[70/109] NUE: 133 sessions written (5 empty) | 14 calls, 4.6 min
[74/109] OSCR: 133 sessions written (5 empty) | 15 calls, 5.1 min
[94/109] TIGO: 133 sessions written (5 empty) | 16 calls, 5.3 min
[101/109] WPM: 133 sessions written (5 empty) | 17 calls, 5.8 min
[102/109] WT: 133 sessions written (5 empty) | 18 calls, 6.2 min
== Sun Sep 13 20:05:48 PDT 2026 replay + report (new sessions)
2026-02-02: rc=0 replay: 22 alerts shown, 61 out of play saved to /Users/gmerton/v2/options_playground/data/watchlist/logs/alerts_oop_2026-02-02_replay.jsonl
2026-02-03: rc=0 replay: 13 alerts shown, 78 out of play saved to /Users/gmerton/v2/options_playground/data/watchlist/logs/alerts_oop_2026-02-03_replay.jsonl
2026-02-04: rc=0 replay: 10 alerts shown, 91 out of play saved to /Users/gmerton/v2/options_playground/data/watchlist/logs/alerts_oop_2026-02-04_replay.jsonl
2026-02-05: rc=0 replay: 21 alerts shown, 104 out of play saved to /Users/gmerton/v2/options_playground/data/watchlist/logs/alerts_oop_2026-02-05_replay.jsonl
2026-02-06: rc=0 replay: 12 alerts shown, 74 out of play saved to /Users/gmerton/v2/options_playground/data/watchlist/logs/alerts_oop_2026-02-06_replay.jsonl
2026-02-09: rc=0 replay: 15 alerts shown, 85 out of play saved to /Users/gmerton/v2/options_playground/data/watchlist/logs/alerts_oop_2026-02-09_replay.jsonl
2026-02-10: rc=0 replay: 12 alerts shown, 65 out of play saved to /Users/gmerton/v2/options_playground/data/watchlist/logs/alerts_oop_2026-02-10_replay.jsonl
2026-02-11: rc=0 replay: 6 alerts shown, 66 out of play saved to /Users/gmerton/v2/options_playground/data/watchlist/logs/alerts_oop_2026-02-11_replay.jsonl
2026-02-12: rc=0 replay: 9 alerts shown, 50 out of play saved to /Users/gmerton/v2/options_playground/data/watchlist/logs/alerts_oop_2026-02-12_replay.jsonl
2026-02-13: rc=0 replay: 23 alerts shown, 87 out of play saved to /Users/gmerton/v2/options_playground/data/watchlist/logs/alerts_oop_2026-02-13_replay.jsonl
2026-02-16: rc=0 replay: 0 alerts shown, 0 out of play saved to /Users/gmerton/v2/options_playground/data/watchlist/logs/alerts_oop_2026-02-16_replay.jsonl
2026-02-17: rc=0 replay: 19 alerts shown, 73 out of play saved to /Users/gmerton/v2/options_playground/data/watchlist/logs/alerts_oop_2026-02-17_replay.jsonl
2026-02-18: rc=0 replay: 21 alerts shown, 47 out of play saved to /Users/gmerton/v2/options_playground/data/watchlist/logs/alerts_oop_2026-02-18_replay.jsonl
2026-02-19: rc=0 replay: 13 alerts shown, 65 out of play saved to /Users/gmerton/v2/options_playground/data/watchlist/logs/alerts_oop_2026-02-19_replay.jsonl
2026-02-20: rc=0 replay: 24 alerts shown, 94 out of play saved to /Users/gmerton/v2/options_playground/data/watchlist/logs/alerts_oop_2026-02-20_replay.jsonl
2026-02-23: rc=0 replay: 7 alerts shown, 61 out of play saved to /Users/gmerton/v2/options_playground/data/watchlist/logs/alerts_oop_2026-02-23_replay.jsonl
2026-02-24: rc=0 replay: 27 alerts shown, 73 out of play saved to /Users/gmerton/v2/options_playground/data/watchlist/logs/alerts_oop_2026-02-24_replay.jsonl
2026-02-25: rc=0 replay: 19 alerts shown, 63 out of play saved to /Users/gmerton/v2/options_playground/data/watchlist/logs/alerts_oop_2026-02-25_replay.jsonl
2026-02-26: rc=0 replay: 22 alerts shown, 72 out of play saved to /Users/gmerton/v2/options_playground/data/watchlist/logs/alerts_oop_2026-02-26_replay.jsonl
2026-02-27: rc=0 replay: 25 alerts shown, 53 out of play saved to /Users/gmerton/v2/options_playground/data/watchlist/logs/alerts_oop_2026-02-27_replay.jsonl
2026-03-02: rc=0 replay: 30 alerts shown, 88 out of play saved to /Users/gmerton/v2/options_playground/data/watchlist/logs/alerts_oop_2026-03-02_replay.jsonl
2026-03-03: rc=0 replay: 35 alerts shown, 78 out of play saved to /Users/gmerton/v2/options_playground/data/watchlist/logs/alerts_oop_2026-03-03_replay.jsonl
2026-03-04: rc=0 replay: 27 alerts shown, 64 out of play saved to /Users/gmerton/v2/options_playground/data/watchlist/logs/alerts_oop_2026-03-04_replay.jsonl
2026-03-05: rc=0 replay: 23 alerts shown, 77 out of play saved to /Users/gmerton/v2/options_playground/data/watchlist/logs/alerts_oop_2026-03-05_replay.jsonl
2026-03-06: rc=0 replay: 40 alerts shown, 77 out of play saved to /Users/gmerton/v2/options_playground/data/watchlist/logs/alerts_oop_2026-03-06_replay.jsonl
2026-03-09: rc=0 replay: 33 alerts shown, 92 out of play saved to /Users/gmerton/v2/options_playground/data/watchlist/logs/alerts_oop_2026-03-09_replay.jsonl
2026-03-10: rc=0 replay: 31 alerts shown, 72 out of play saved to /Users/gmerton/v2/options_playground/data/watchlist/logs/alerts_oop_2026-03-10_replay.jsonl
2026-03-11: rc=0 replay: 39 alerts shown, 49 out of play saved to /Users/gmerton/v2/options_playground/data/watchlist/logs/alerts_oop_2026-03-11_replay.jsonl
2026-03-12: rc=0 replay: 17 alerts shown, 53 out of play saved to /Users/gmerton/v2/options_playground/data/watchlist/logs/alerts_oop_2026-03-12_replay.jsonl
2026-03-13: rc=0 replay: 15 alerts shown, 62 out of play saved to /Users/gmerton/v2/options_playground/data/watchlist/logs/alerts_oop_2026-03-13_replay.jsonl
2026-03-16: rc=0 replay: 19 alerts shown, 60 out of play saved to /Users/gmerton/v2/options_playground/data/watchlist/logs/alerts_oop_2026-03-16_replay.jsonl
2026-03-17: rc=0 replay: 18 alerts shown, 62 out of play saved to /Users/gmerton/v2/options_playground/data/watchlist/logs/alerts_oop_2026-03-17_replay.jsonl
2026-03-18: rc=0 replay: 32 alerts shown, 62 out of play saved to /Users/gmerton/v2/options_playground/data/watchlist/logs/alerts_oop_2026-03-18_replay.jsonl
2026-03-19: rc=0 replay: 30 alerts shown, 78 out of play saved to /Users/gmerton/v2/options_playground/data/watchlist/logs/alerts_oop_2026-03-19_replay.jsonl
2026-03-20: rc=0 replay: 13 alerts shown, 46 out of play saved to /Users/gmerton/v2/options_playground/data/watchlist/logs/alerts_oop_2026-03-20_replay.jsonl
2026-03-23: rc=0 replay: 27 alerts shown, 90 out of play saved to /Users/gmerton/v2/options_playground/data/watchlist/logs/alerts_oop_2026-03-23_replay.jsonl
2026-03-24: rc=0 replay: 24 alerts shown, 60 out of play saved to /Users/gmerton/v2/options_playground/data/watchlist/logs/alerts_oop_2026-03-24_replay.jsonl
2026-03-25: rc=0 replay: 19 alerts shown, 61 out of play saved to /Users/gmerton/v2/options_playground/data/watchlist/logs/alerts_oop_2026-03-25_replay.jsonl
2026-03-26: rc=0 replay: 17 alerts shown, 60 out of play saved to /Users/gmerton/v2/options_playground/data/watchlist/logs/alerts_oop_2026-03-26_replay.jsonl
2026-03-27: rc=0 replay: 16 alerts shown, 46 out of play saved to /Users/gmerton/v2/options_playground/data/watchlist/logs/alerts_oop_2026-03-27_replay.jsonl
2026-03-30: rc=0 replay: 11 alerts shown, 51 out of play saved to /Users/gmerton/v2/options_playground/data/watchlist/logs/alerts_oop_2026-03-30_replay.jsonl
2026-03-31: rc=0 replay: 44 alerts shown, 86 out of play saved to /Users/gmerton/v2/options_playground/data/watchlist/logs/alerts_oop_2026-03-31_replay.jsonl
2026-04-01: rc=0 replay: 19 alerts shown, 58 out of play saved to /Users/gmerton/v2/options_playground/data/watchlist/logs/alerts_oop_2026-04-01_replay.jsonl
2026-04-02: rc=0 replay: 23 alerts shown, 60 out of play saved to /Users/gmerton/v2/options_playground/data/watchlist/logs/alerts_oop_2026-04-02_replay.jsonl
2026-04-03: rc=0 replay: 0 alerts shown, 0 out of play saved to /Users/gmerton/v2/options_playground/data/watchlist/logs/alerts_oop_2026-04-03_replay.jsonl
2026-04-06: rc=0 replay: 18 alerts shown, 51 out of play saved to /Users/gmerton/v2/options_playground/data/watchlist/logs/alerts_oop_2026-04-06_replay.jsonl
2026-04-07: rc=0 replay: 18 alerts shown, 40 out of play saved to /Users/gmerton/v2/options_playground/data/watchlist/logs/alerts_oop_2026-04-07_replay.jsonl
2026-04-08: rc=0 replay: 9 alerts shown, 51 out of play saved to /Users/gmerton/v2/options_playground/data/watchlist/logs/alerts_oop_2026-04-08_replay.jsonl
2026-04-09: rc=0 replay: 8 alerts shown, 57 out of play saved to /Users/gmerton/v2/options_playground/data/watchlist/logs/alerts_oop_2026-04-09_replay.jsonl
2026-04-10: rc=0 replay: 12 alerts shown, 73 out of play saved to /Users/gmerton/v2/options_playground/data/watchlist/logs/alerts_oop_2026-04-10_replay.jsonl
2026-04-13: rc=0 replay: 15 alerts shown, 75 out of play saved to /Users/gmerton/v2/options_playground/data/watchlist/logs/alerts_oop_2026-04-13_replay.jsonl
2026-04-14: rc=0 replay: 6 alerts shown, 74 out of play saved to /Users/gmerton/v2/options_playground/data/watchlist/logs/alerts_oop_2026-04-14_replay.jsonl
2026-04-15: rc=0 replay: 25 alerts shown, 66 out of play saved to /Users/gmerton/v2/options_playground/data/watchlist/logs/alerts_oop_2026-04-15_replay.jsonl
2026-04-16: rc=0 replay: 13 alerts shown, 84 out of play saved to /Users/gmerton/v2/options_playground/data/watchlist/logs/alerts_oop_2026-04-16_replay.jsonl
2026-04-17: rc=0 replay: 15 alerts shown, 60 out of play saved to /Users/gmerton/v2/options_playground/data/watchlist/logs/alerts_oop_2026-04-17_replay.jsonl
2026-04-20: rc=0 replay: 22 alerts shown, 67 out of play saved to /Users/gmerton/v2/options_playground/data/watchlist/logs/alerts_oop_2026-04-20_replay.jsonl
2026-04-21: rc=0 replay: 26 alerts shown, 67 out of play saved to /Users/gmerton/v2/options_playground/data/watchlist/logs/alerts_oop_2026-04-21_replay.jsonl
2026-04-22: rc=0 replay: 7 alerts shown, 58 out of play saved to /Users/gmerton/v2/options_playground/data/watchlist/logs/alerts_oop_2026-04-22_replay.jsonl
2026-04-23: rc=0 replay: 17 alerts shown, 78 out of play saved to /Users/gmerton/v2/options_playground/data/watchlist/logs/alerts_oop_2026-04-23_replay.jsonl
2026-04-24: rc=0 replay: 13 alerts shown, 55 out of play saved to /Users/gmerton/v2/options_playground/data/watchlist/logs/alerts_oop_2026-04-24_replay.jsonl
2026-04-27: rc=0 replay: 18 alerts shown, 65 out of play saved to /Users/gmerton/v2/options_playground/data/watchlist/logs/alerts_oop_2026-04-27_replay.jsonl
2026-04-28: rc=0 replay: 18 alerts shown, 72 out of play saved to /Users/gmerton/v2/options_playground/data/watchlist/logs/alerts_oop_2026-04-28_replay.jsonl
2026-04-29: rc=0 replay: 18 alerts shown, 66 out of play saved to /Users/gmerton/v2/options_playground/data/watchlist/logs/alerts_oop_2026-04-29_replay.jsonl
2026-04-30: rc=0 replay: 30 alerts shown, 74 out of play saved to /Users/gmerton/v2/options_playground/data/watchlist/logs/alerts_oop_2026-04-30_replay.jsonl
2026-05-01: rc=0 replay: 16 alerts shown, 108 out of play saved to /Users/gmerton/v2/options_playground/data/watchlist/logs/alerts_oop_2026-05-01_replay.jsonl
2026-05-04: rc=0 replay: 23 alerts shown, 77 out of play saved to /Users/gmerton/v2/options_playground/data/watchlist/logs/alerts_oop_2026-05-04_replay.jsonl
2026-05-05: rc=0 replay: 13 alerts shown, 74 out of play saved to /Users/gmerton/v2/options_playground/data/watchlist/logs/alerts_oop_2026-05-05_replay.jsonl
2026-05-06: rc=0 replay: 13 alerts shown, 95 out of play saved to /Users/gmerton/v2/options_playground/data/watchlist/logs/alerts_oop_2026-05-06_replay.jsonl
2026-05-07: rc=0 replay: 26 alerts shown, 86 out of play saved to /Users/gmerton/v2/options_playground/data/watchlist/logs/alerts_oop_2026-05-07_replay.jsonl
2026-05-08: rc=0 replay: 17 alerts shown, 79 out of play saved to /Users/gmerton/v2/options_playground/data/watchlist/logs/alerts_oop_2026-05-08_replay.jsonl
2026-05-11: rc=0 replay: 20 alerts shown, 94 out of play saved to /Users/gmerton/v2/options_playground/data/watchlist/logs/alerts_oop_2026-05-11_replay.jsonl
2026-05-12: rc=0 replay: 20 alerts shown, 82 out of play saved to /Users/gmerton/v2/options_playground/data/watchlist/logs/alerts_oop_2026-05-12_replay.jsonl
2026-05-13: rc=0 replay: 8 alerts shown, 69 out of play saved to /Users/gmerton/v2/options_playground/data/watchlist/logs/alerts_oop_2026-05-13_replay.jsonl
2026-05-14: rc=0 replay: 12 alerts shown, 65 out of play saved to /Users/gmerton/v2/options_playground/data/watchlist/logs/alerts_oop_2026-05-14_replay.jsonl
2026-05-15: rc=0 replay: 20 alerts shown, 101 out of play saved to /Users/gmerton/v2/options_playground/data/watchlist/logs/alerts_oop_2026-05-15_replay.jsonl
2026-05-18: rc=0 replay: 13 alerts shown, 67 out of play saved to /Users/gmerton/v2/options_playground/data/watchlist/logs/alerts_oop_2026-05-18_replay.jsonl
2026-05-19: rc=0 replay: 28 alerts shown, 80 out of play saved to /Users/gmerton/v2/options_playground/data/watchlist/logs/alerts_oop_2026-05-19_replay.jsonl
2026-05-20: rc=0 replay: 22 alerts shown, 63 out of play saved to /Users/gmerton/v2/options_playground/data/watchlist/logs/alerts_oop_2026-05-20_replay.jsonl
2026-05-21: rc=0 replay: 24 alerts shown, 72 out of play saved to /Users/gmerton/v2/options_playground/data/watchlist/logs/alerts_oop_2026-05-21_replay.jsonl
2026-05-22: rc=0 replay: 11 alerts shown, 54 out of play saved to /Users/gmerton/v2/options_playground/data/watchlist/logs/alerts_oop_2026-05-22_replay.jsonl
2026-05-25: rc=0 replay: 0 alerts shown, 0 out of play saved to /Users/gmerton/v2/options_playground/data/watchlist/logs/alerts_oop_2026-05-25_replay.jsonl
2026-05-26: rc=0 replay: 20 alerts shown, 71 out of play saved to /Users/gmerton/v2/options_playground/data/watchlist/logs/alerts_oop_2026-05-26_replay.jsonl
2026-05-27: rc=0 replay: 29 alerts shown, 87 out of play saved to /Users/gmerton/v2/options_playground/data/watchlist/logs/alerts_oop_2026-05-27_replay.jsonl
2026-05-28: rc=0 replay: 25 alerts shown, 72 out of play saved to /Users/gmerton/v2/options_playground/data/watchlist/logs/alerts_oop_2026-05-28_replay.jsonl
2026-05-29: rc=0 replay: 14 alerts shown, 77 out of play saved to /Users/gmerton/v2/options_playground/data/watchlist/logs/alerts_oop_2026-05-29_replay.jsonl
2026-06-01: rc=0 replay: 24 alerts shown, 98 out of play saved to /Users/gmerton/v2/options_playground/data/watchlist/logs/alerts_oop_2026-06-01_replay.jsonl
2026-06-02: rc=0 replay: 27 alerts shown, 78 out of play saved to /Users/gmerton/v2/options_playground/data/watchlist/logs/alerts_oop_2026-06-02_replay.jsonl
2026-06-03: rc=0 replay: 14 alerts shown, 72 out of play saved to /Users/gmerton/v2/options_playground/data/watchlist/logs/alerts_oop_2026-06-03_replay.jsonl
2026-06-04: rc=0 replay: 19 alerts shown, 72 out of play saved to /Users/gmerton/v2/options_playground/data/watchlist/logs/alerts_oop_2026-06-04_replay.jsonl
2026-06-05: rc=0 replay: 7 alerts shown, 63 out of play saved to /Users/gmerton/v2/options_playground/data/watchlist/logs/alerts_oop_2026-06-05_replay.jsonl
2026-06-08: rc=0 replay: 18 alerts shown, 62 out of play saved to /Users/gmerton/v2/options_playground/data/watchlist/logs/alerts_oop_2026-06-08_replay.jsonl
2026-06-09: rc=0 replay: 13 alerts shown, 74 out of play saved to /Users/gmerton/v2/options_playground/data/watchlist/logs/alerts_oop_2026-06-09_replay.jsonl
2026-06-10: rc=0 replay: 21 alerts shown, 80 out of play saved to /Users/gmerton/v2/options_playground/data/watchlist/logs/alerts_oop_2026-06-10_replay.jsonl
2026-06-11: rc=0 replay: 27 alerts shown, 100 out of play saved to /Users/gmerton/v2/options_playground/data/watchlist/logs/alerts_oop_2026-06-11_replay.jsonl
2026-06-12: rc=0 replay: 42 alerts shown, 76 out of play saved to /Users/gmerton/v2/options_playground/data/watchlist/logs/alerts_oop_2026-06-12_replay.jsonl
2026-06-15: rc=0 replay: 9 alerts shown, 58 out of play saved to /Users/gmerton/v2/options_playground/data/watchlist/logs/alerts_oop_2026-06-15_replay.jsonl
2026-06-16: rc=0 replay: 12 alerts shown, 71 out of play saved to /Users/gmerton/v2/options_playground/data/watchlist/logs/alerts_oop_2026-06-16_replay.jsonl
2026-06-17: rc=0 replay: 24 alerts shown, 56 out of play saved to /Users/gmerton/v2/options_playground/data/watchlist/logs/alerts_oop_2026-06-17_replay.jsonl
2026-06-18: rc=0 replay: 21 alerts shown, 68 out of play saved to /Users/gmerton/v2/options_playground/data/watchlist/logs/alerts_oop_2026-06-18_replay.jsonl
2026-06-19: rc=0 replay: 0 alerts shown, 0 out of play saved to /Users/gmerton/v2/options_playground/data/watchlist/logs/alerts_oop_2026-06-19_replay.jsonl
2026-06-22: rc=0 replay: 19 alerts shown, 90 out of play saved to /Users/gmerton/v2/options_playground/data/watchlist/logs/alerts_oop_2026-06-22_replay.jsonl
2026-06-23: rc=0 replay: 17 alerts shown, 93 out of play saved to /Users/gmerton/v2/options_playground/data/watchlist/logs/alerts_oop_2026-06-23_replay.jsonl
2026-06-24: rc=0 replay: 21 alerts shown, 65 out of play saved to /Users/gmerton/v2/options_playground/data/watchlist/logs/alerts_oop_2026-06-24_replay.jsonl
2026-06-25: rc=0 replay: 20 alerts shown, 100 out of play saved to /Users/gmerton/v2/options_playground/data/watchlist/logs/alerts_oop_2026-06-25_replay.jsonl
2026-06-26: rc=0 replay: 23 alerts shown, 70 out of play saved to /Users/gmerton/v2/options_playground/data/watchlist/logs/alerts_oop_2026-06-26_replay.jsonl
2026-06-29: rc=0 replay: 17 alerts shown, 78 out of play saved to /Users/gmerton/v2/options_playground/data/watchlist/logs/alerts_oop_2026-06-29_replay.jsonl
2026-06-30: rc=0 replay: 13 alerts shown, 49 out of play saved to /Users/gmerton/v2/options_playground/data/watchlist/logs/alerts_oop_2026-06-30_replay.jsonl
2026-07-01: rc=0 replay: 23 alerts shown, 80 out of play saved to /Users/gmerton/v2/options_playground/data/watchlist/logs/alerts_oop_2026-07-01_replay.jsonl
2026-07-02: rc=0 replay: 20 alerts shown, 83 out of play saved to /Users/gmerton/v2/options_playground/data/watchlist/logs/alerts_oop_2026-07-02_replay.jsonl
2026-07-03: rc=0 replay: 0 alerts shown, 0 out of play saved to /Users/gmerton/v2/options_playground/data/watchlist/logs/alerts_oop_2026-07-03_replay.jsonl
2026-07-06: rc=0 replay: 16 alerts shown, 50 out of play saved to /Users/gmerton/v2/options_playground/data/watchlist/logs/alerts_oop_2026-07-06_replay.jsonl
2026-07-07: rc=0 replay: 13 alerts shown, 67 out of play saved to /Users/gmerton/v2/options_playground/data/watchlist/logs/alerts_oop_2026-07-07_replay.jsonl
2026-07-08: rc=0 replay: 23 alerts shown, 67 out of play saved to /Users/gmerton/v2/options_playground/data/watchlist/logs/alerts_oop_2026-07-08_replay.jsonl
2026-07-09: rc=0 replay: 14 alerts shown, 56 out of play saved to /Users/gmerton/v2/options_playground/data/watchlist/logs/alerts_oop_2026-07-09_replay.jsonl
2026-07-10: rc=0 replay: 14 alerts shown, 60 out of play saved to /Users/gmerton/v2/options_playground/data/watchlist/logs/alerts_oop_2026-07-10_replay.jsonl
2026-07-13: rc=0 replay: 17 alerts shown, 54 out of play saved to /Users/gmerton/v2/options_playground/data/watchlist/logs/alerts_oop_2026-07-13_replay.jsonl
2026-07-14: rc=0 replay: 11 alerts shown, 66 out of play saved to /Users/gmerton/v2/options_playground/data/watchlist/logs/alerts_oop_2026-07-14_replay.jsonl
2026-07-15: rc=0 replay: 13 alerts shown, 51 out of play saved to /Users/gmerton/v2/options_playground/data/watchlist/logs/alerts_oop_2026-07-15_replay.jsonl
2026-07-16: rc=0 replay: 18 alerts shown, 67 out of play saved to /Users/gmerton/v2/options_playground/data/watchlist/logs/alerts_oop_2026-07-16_replay.jsonl
2026-07-17: rc=0 replay: 22 alerts shown, 86 out of play saved to /Users/gmerton/v2/options_playground/data/watchlist/logs/alerts_oop_2026-07-17_replay.jsonl
2026-07-20: rc=0 replay: 14 alerts shown, 52 out of play saved to /Users/gmerton/v2/options_playground/data/watchlist/logs/alerts_oop_2026-07-20_replay.jsonl
2026-07-21: rc=0 replay: 20 alerts shown, 49 out of play saved to /Users/gmerton/v2/options_playground/data/watchlist/logs/alerts_oop_2026-07-21_replay.jsonl
2026-07-22: rc=0 replay: 22 alerts shown, 48 out of play saved to /Users/gmerton/v2/options_playground/data/watchlist/logs/alerts_oop_2026-07-22_replay.jsonl
2026-07-23: rc=0 replay: 22 alerts shown, 72 out of play saved to /Users/gmerton/v2/options_playground/data/watchlist/logs/alerts_oop_2026-07-23_replay.jsonl
2026-07-24: rc=0 replay: 15 alerts shown, 47 out of play saved to /Users/gmerton/v2/options_playground/data/watchlist/logs/alerts_oop_2026-07-24_replay.jsonl
2026-07-27: rc=0 replay: 15 alerts shown, 82 out of play saved to /Users/gmerton/v2/options_playground/data/watchlist/logs/alerts_oop_2026-07-27_replay.jsonl
2026-07-28: rc=0 replay: 21 alerts shown, 85 out of play saved to /Users/gmerton/v2/options_playground/data/watchlist/logs/alerts_oop_2026-07-28_replay.jsonl
2026-07-29: rc=0 replay: 15 alerts shown, 74 out of play saved to /Users/gmerton/v2/options_playground/data/watchlist/logs/alerts_oop_2026-07-29_replay.jsonl
2026-07-30: rc=0 replay: 20 alerts shown, 105 out of play saved to /Users/gmerton/v2/options_playground/data/watchlist/logs/alerts_oop_2026-07-30_replay.jsonl
2026-07-31: rc=0 replay: 21 alerts shown, 95 out of play saved to /Users/gmerton/v2/options_playground/data/watchlist/logs/alerts_oop_2026-07-31_replay.jsonl
2026-08-03: rc=0 replay: 37 alerts shown, 75 out of play saved to /Users/gmerton/v2/options_playground/data/watchlist/logs/alerts_oop_2026-08-03_replay.jsonl
2026-08-04: rc=0 replay: 27 alerts shown, 70 out of play saved to /Users/gmerton/v2/options_playground/data/watchlist/logs/alerts_oop_2026-08-04_replay.jsonl
2026-08-05: rc=0 replay: 15 alerts shown, 90 out of play saved to /Users/gmerton/v2/options_playground/data/watchlist/logs/alerts_oop_2026-08-05_replay.jsonl
2026-08-06: rc=0 replay: 21 alerts shown, 72 out of play saved to /Users/gmerton/v2/options_playground/data/watchlist/logs/alerts_oop_2026-08-06_replay.jsonl
2026-08-07: rc=0 replay: 24 alerts shown, 66 out of play saved to /Users/gmerton/v2/options_playground/data/watchlist/logs/alerts_oop_2026-08-07_replay.jsonl
2026-08-10: rc=0 replay: 15 alerts shown, 70 out of play saved to /Users/gmerton/v2/options_playground/data/watchlist/logs/alerts_oop_2026-08-10_replay.jsonl
2026-08-11: rc=0 replay: 15 alerts shown, 49 out of play saved to /Users/gmerton/v2/options_playground/data/watchlist/logs/alerts_oop_2026-08-11_replay.jsonl
2026-08-12: rc=0 replay: 20 alerts shown, 56 out of play saved to /Users/gmerton/v2/options_playground/data/watchlist/logs/alerts_oop_2026-08-12_replay.jsonl
scoring 11952 new alerts (0 cached)
11928 scored alerts, 133 sessions 2026-02-02 .. 2026-08-12 | half A = first 66 sessions | 9363 out of play | replay logs

== SETUP GRADE v1-2026-09-10 (lib/alerts/grading.py): must rank R in both halves ==
          n  avgR     t stop  win     A     B days_pos
grade                                                 
A        76  0.63  1.60  71%  25%  0.35  0.89    15/51
B       644  0.06  1.32  34%  44%  0.07  0.04   61/131
C      1994 -0.03 -1.13  35%  43% -0.05  0.00   58/132
F      9214  0.06  1.63  34%  43%  0.04  0.08   60/133
                n  avgR     t stop  win     A     B days_pos
side  grade                                                 
long  A        76  0.63  1.60  71%  25%  0.35  0.89    15/51
      B       644  0.06  1.32  34%  44%  0.07  0.04   61/131
      C       512 -0.03 -0.57  52%  38% -0.01 -0.05   48/125
      F      4160  0.19  2.47  42%  42%  0.18  0.21   61/133
short C      1482 -0.02 -1.00  28%  45% -0.07  0.02   60/132
      F      5054 -0.05 -4.27  27%  45% -0.07 -0.03   56/133
== Sun Sep 13 20:27:13 PDT 2026 full-span report 2026-02-02..2026-09-11
13002 scored alerts, 153 sessions 2026-02-02 .. 2026-09-10 | half A = first 76 sessions | 9424 out of play | replay logs

== SETUP GRADE v1-2026-09-10 (lib/alerts/grading.py): must rank R in both halves ==
           n  avgR     t stop  win     A     B days_pos
grade                                                  
A         96  1.00  2.39  69%  28%  0.40  1.53    19/63
B        745  0.08  1.97  32%  46%  0.07  0.09   70/150
C       2147 -0.03 -1.16  34%  43% -0.06  0.02   67/152
F      10014  0.05  1.38  34%  43%  0.09 -0.01   65/153
                n  avgR     t stop  win     A     B days_pos
side  grade                                                 
long  A        96  1.00  2.39  69%  28%  0.40  1.53    19/63
      B       745  0.08  1.97  32%  46%  0.07  0.09   70/150
      C       567 -0.05 -0.86  52%  38% -0.04 -0.05   52/141
      F      4575  0.17  2.39  42%  42%  0.28  0.04   69/153
short C      1580 -0.02 -0.79  28%  45% -0.07  0.05   70/152
      F      5439 -0.06 -5.10  27%  45% -0.07 -0.04   66/153

== BASELINE by kind (hold to stop/close) + profit-target variants ==
         n  avgR     t stop  win     A     B days_pos  tgt0.5  tgt1.0  tgt2.0
kind                                                                         
BIR   3488 -0.05 -3.40  32%  44% -0.07 -0.04   78/153   -0.03   -0.04   -0.05
FBO   3085 -0.04 -3.17  22%  46% -0.07 -0.02   63/153   -0.02   -0.03   -0.03
LVL    415  0.04  1.22  15%  48%  0.04  0.05   61/116    0.02    0.04    0.05
ORB9   807  0.77  1.96  73%  26%  1.08  0.38   51/135    0.00    0.04    0.15
PARA   446 -0.05 -1.22  20%  44% -0.10  0.04   47/107   -0.06   -0.04   -0.05
UR    4761  0.06  3.02  40%  44%  0.10  0.01   75/153    0.02    0.03    0.05

== by kind x gated ==
               n  avgR     t stop  win     A     B days_pos
kind gated                                                 
BIR  False    90 -0.19 -2.25  34%  38%   NaN -0.19     8/18
     True   3398 -0.05 -3.13  32%  44% -0.07 -0.03   77/153
FBO  False   108 -0.09 -1.45  13%  44%   NaN -0.09     8/17
     True   2977 -0.04 -2.98  22%  46% -0.07 -0.01   64/153
LVL  False    57  0.03  0.34  12%  39%  0.06  0.00    14/40
     True    358  0.05  1.17  15%  50%  0.04  0.06   63/113
ORB9 False   200  0.38  1.60  74%  24%  0.09  0.53    25/86
     True    607  0.89  1.74  72%  27%  1.26  0.29   48/114
PARA True    446 -0.05 -1.22  20%  44% -0.10  0.04   47/107
UR   False   846  0.04  1.19  35%  45%  0.12  0.00   76/150
     True   3915  0.06  2.78  41%  43%  0.09  0.02   73/152

== UR by time of day ==
                n  avgR     t stop  win     A     B days_pos
time_b                                                      
09:40         408 -0.16 -2.29  58%  33% -0.07 -0.23   47/122
09:41-10:00  1766  0.08  2.32  49%  41%  0.11  0.05   62/152
10:01-10:30  1163  0.06  1.58  42%  43%  0.08  0.04   75/151
10:31-12:00  1038  0.12  4.02  26%  51%  0.18  0.07   71/148
after 12      386 -0.03 -1.21  11%  48% -0.02 -0.05   64/133

== UR by names reclaiming in the same minute ==
           n  avgR     t stop  win     A     B days_pos
same_b                                                 
1       2689  0.04  1.92  35%  45%  0.10 -0.01   77/153
2-4     1689  0.06  1.96  45%  42%  0.08  0.05   67/147
5-9      266  0.22  2.37  47%  45%  0.35  0.03    14/30
10+      117 -0.18 -1.28  60%  30% -0.74  0.02      2/8

== UR by RS vs SPY ==
          n  avgR     t stop  win     A     B days_pos
rs_b                                                  
<-1    2447  0.06  2.23  43%  42%  0.10  0.03   68/153
-1..0  1193  0.07  1.87  40%  44%  0.09  0.04   72/152
0..1    643  0.03  0.57  37%  42%  0.10 -0.07   69/146
>1      478  0.03  0.85  24%  50%  0.10 -0.02   69/136

== ORB9: break alerted within 5 min (fresh) vs late ==
         n  avgR     t stop  win     A     B days_pos
fresh                                                
False  312  1.62  1.66  75%  24%  2.69  0.47   46/117
True   495  0.23  1.42  72%  27%  0.17  0.31   41/121

== shorts by level type ==
               n  avgR     t stop  win     A     B days_pos
level_type                                                 
MA          1821 -0.04 -1.62  34%  44% -0.06 -0.01   76/152
PRICE       3948 -0.05 -4.02  25%  45% -0.08 -0.03   69/153
SWING HIGH   434 -0.12 -2.77  34%  40% -0.12 -0.12   54/125
VWAP         370  0.01  0.25  11%  51%  0.03 -0.02   63/120

== shorts: strongest in group (RS vs group >= +1.5%) ==
           n  avgR     t stop  win     A     B days_pos
leader                                                 
False   5537 -0.04 -3.85  26%  45% -0.07 -0.02   76/153
True    1482 -0.07 -2.97  31%  45% -0.10 -0.04   58/153

day-state coverage 100% of 13002 alerts (9424 from out-of-play logs)

== UR by day state ==
              n  avgR     t stop  win     A     B days_pos
day_state                                                 
LONG       1222  0.04  1.14  40%  43%  0.04  0.04   65/152
OUT        2428  0.04  1.58  39%  43%  0.07  0.01   74/153
SHORT      1111  0.11  2.60  40%  45%  0.21  0.00   69/152

== ORB9 by day state ==
             n  avgR     t stop  win     A     B days_pos
day_state                                                
LONG       135  0.59  1.89  73%  24%  0.09  1.05    23/81
OUT        498  0.98  1.58  72%  27%  1.54  0.25   50/127
SHORT      174  0.29  0.99  76%  22%  0.43  0.13    24/85

== LVL by day state ==
             n  avgR     t stop  win     A     B days_pos
day_state                                                
LONG        51  0.01  0.11  16%  41% -0.00  0.02    14/38
OUT        279  0.05  1.10  15%  49%  0.07  0.02   54/106
SHORT       85  0.05  0.60  15%  51% -0.02  0.22    27/51

== BIR by day state ==
              n  avgR     t stop  win     A     B days_pos
day_state                                                 
LONG        497 -0.02 -0.43  28%  44%  0.02 -0.06   64/128
OUT         992 -0.09 -3.32  32%  43% -0.09 -0.10   69/141
SHORT      1999 -0.04 -2.04  33%  44% -0.08 -0.00   72/153

== FBO by day state ==
              n  avgR     t stop  win     A     B days_pos
day_state                                                 
LONG        691 -0.06 -2.02  24%  46% -0.13 -0.01   53/140
OUT        1676 -0.05 -2.90  22%  46% -0.07 -0.04   66/153
SHORT       718 -0.01 -0.21  20%  48% -0.03  0.02   60/144

== PARA by day state ==
             n  avgR     t stop  win    A     B days_pos
day_state                                               
SHORT      446 -0.05 -1.22  20%  44% -0.1  0.04   47/107

== allowed by the daily gate vs blocked, by side ==
                  n  avgR     t stop  win     A     B days_pos
side  allowed                                                 
long  False    4575  0.17  2.39  42%  42%  0.28  0.04   69/153
      True     1408  0.09  2.14  43%  41%  0.04  0.13   67/152
short False    3856 -0.06 -4.56  26%  45% -0.07 -0.05   65/153
      True     3163 -0.04 -2.21  28%  45% -0.07  0.01   71/153

== long alerts by day sub-state ==
                    n  avgR     t stop   win     A     B days_pos
sub                                                              
-1                 51  0.03  0.12  47%   41% -0.14  0.18    14/38
-2                  1  2.71   NaN   0%  100%   NaN  2.71      1/1
-3                  1 -0.22   NaN   0%    0% -0.22   NaN      0/1
exhaustion        296  0.12  0.72  49%   36%  0.32 -0.15   36/105
extended         1905  0.24  1.48  43%   41%  0.40  0.05   67/153
near the 21       280  0.32  2.41  42%   42%  0.27  0.37   45/108
near the rising   857  0.04  0.72  44%   41%  0.01  0.06   61/151
no room           424 -0.06 -1.15  42%   41% -0.00 -0.12   54/136
pullback into     271  0.03  0.41  39%   42% -0.09  0.13   46/110
reclaiming        344  0.36  1.74  38%   44%  0.54  0.07   54/117
short history       9  1.19  1.16  22%   44%  1.25  1.11      4/8
stretched         470  0.08  1.21  42%   42%  0.05  0.10   53/110
trend-down        881  0.16  3.29  40%   45%  0.26  0.07   62/147

== short alerts by day sub-state ==
                    n  avgR     t stop  win     A     B days_pos
sub                                                             
-1                 81 -0.12 -1.29  33%  43% -0.03 -0.23    23/47
-2                  5 -0.11 -0.44  20%  60% -0.07 -0.27      2/4
exhaustion        734 -0.02 -0.52  24%  44% -0.13  0.15   62/129
extended          998 -0.07 -3.11  21%  45% -0.11 -0.04   63/151
near the 21       179 -0.10 -1.70  26%  44% -0.10 -0.09    32/84
near the rising   394 -0.02 -0.45  23%  48% -0.12  0.06   54/127
no room           336  0.04  0.73  23%  48%  0.02  0.05   53/119
pullback into     615 -0.04 -1.15  28%  43% -0.02 -0.06   62/129
reclaiming        175 -0.04 -0.61  19%  45%  0.04 -0.15    30/76
short history       3 -0.26 -1.17   0%  33%   NaN -0.26      1/3
stretched        1070 -0.10 -3.76  31%  43% -0.09 -0.10   58/132
trend-down       2096 -0.04 -1.80  31%  45% -0.06 -0.01   71/153

== UR after 10:00, allowed vs blocked ==
            n  avgR     t stop  win     A     B days_pos
allowed                                                 
False    1934  0.05  2.24  31%  47%  0.10  0.01   76/153
True      653  0.12  2.81  30%  48%  0.14  0.10   75/149
== Sun Sep 13 20:28:11 PDT 2026 done
== Sun Sep 13 20:36:06 PDT 2026 backfill pass 3: 39 large-cap control names, 2/2-9/10
39 symbols x 159 weekdays 2026-02-02..2026-09-10 -> /Users/gmerton/v2/options_playground/data/cache/intraday_1min
[1/39] AVGO: 153 sessions written (6 empty) | 2 calls, 0.9 min
[2/39] META: 153 sessions written (6 empty) | 4 calls, 1.8 min
[3/39] GOOG: 153 sessions written (6 empty) | 6 calls, 2.8 min
[4/39] WMT: 153 sessions written (6 empty) | 8 calls, 3.4 min
[5/39] LLY: 153 sessions written (6 empty) | 10 calls, 4.1 min
[6/39] JPM: 153 sessions written (6 empty) | 12 calls, 4.8 min
[7/39] APP: 153 sessions written (6 empty) | 14 calls, 5.5 min
[8/39] COST: 153 sessions written (6 empty) | 16 calls, 6.2 min
[9/39] V: 153 sessions written (6 empty) | 18 calls, 6.9 min
[10/39] CRWV: 151 sessions written (6 empty) | 20 calls, 7.8 min
[11/39] COIN: 153 sessions written (6 empty) | 22 calls, 8.5 min
[12/39] GEV: 153 sessions written (6 empty) | 24 calls, 9.2 min
[13/39] XOM: 153 sessions written (6 empty) | 26 calls, 9.8 min
[14/39] AMAT: 153 sessions written (6 empty) | 28 calls, 10.5 min
[15/39] BAC: 152 sessions written (6 empty) | 30 calls, 11.2 min
[16/39] GS: 153 sessions written (6 empty) | 32 calls, 11.9 min
[17/39] JNJ: 153 sessions written (6 empty) | 34 calls, 12.6 min
[18/39] BA: 153 sessions written (6 empty) | 36 calls, 13.3 min
[19/39] CVNA: 153 sessions written (6 empty) | 38 calls, 13.9 min
[20/39] MA: 153 sessions written (6 empty) | 40 calls, 14.6 min
[21/39] HD: 153 sessions written (6 empty) | 42 calls, 15.3 min
[22/39] GE: 153 sessions written (6 empty) | 44 calls, 16.0 min
[23/39] CVX: 153 sessions written (6 empty) | 46 calls, 16.7 min
[24/39] PG: 153 sessions written (6 empty) | 48 calls, 17.4 min
[25/39] C: 153 sessions written (6 empty) | 50 calls, 18.0 min
[26/39] CSCO: 153 sessions written (6 empty) | 52 calls, 18.7 min
[27/39] CAT: 153 sessions written (6 empty) | 54 calls, 19.4 min
[28/39] SOFI: 153 sessions written (6 empty) | 56 calls, 20.3 min
[29/39] MRK: 152 sessions written (6 empty) | 58 calls, 21.0 min
[30/39] INTU: 153 sessions written (6 empty) | 60 calls, 21.7 min
[31/39] KLAC: 152 sessions written (6 empty) | 62 calls, 22.4 min
[32/39] ABBV: 153 sessions written (6 empty) | 64 calls, 23.1 min
[33/39] STX: 151 sessions written (6 empty) | 66 calls, 23.8 min
[34/39] WFC: 153 sessions written (6 empty) | 68 calls, 24.4 min
[35/39] ASTS: 153 sessions written (6 empty) | 70 calls, 25.3 min
[36/39] APH: 153 sessions written (6 empty) | 72 calls, 26.0 min
[37/39] BKNG: 153 sessions written (6 empty) | 74 calls, 26.7 min
[38/39] WBD: 153 sessions written (6 empty) | 76 calls, 27.4 min
[39/39] IBM: 153 sessions written (6 empty) | 78 calls, 28.1 min
== Sun Sep 13 21:04:13 PDT 2026 replay 2/2-9/10 with the control set (134 names)
2026-02-02: rc=0 replay: 27 alerts shown, 96 out of play saved to /Users/gmerton/v2/options_playground/data/watchlist/logs/alerts_oop_2026-02-02_replay.jsonl
2026-02-03: rc=0 replay: 15 alerts shown, 109 out of play saved to /Users/gmerton/v2/options_playground/data/watchlist/logs/alerts_oop_2026-02-03_replay.jsonl
2026-02-04: rc=0 replay: 14 alerts shown, 126 out of play saved to /Users/gmerton/v2/options_playground/data/watchlist/logs/alerts_oop_2026-02-04_replay.jsonl
2026-02-05: rc=0 replay: 29 alerts shown, 149 out of play saved to /Users/gmerton/v2/options_playground/data/watchlist/logs/alerts_oop_2026-02-05_replay.jsonl
2026-02-06: rc=0 replay: 20 alerts shown, 100 out of play saved to /Users/gmerton/v2/options_playground/data/watchlist/logs/alerts_oop_2026-02-06_replay.jsonl
2026-02-09: rc=0 replay: 24 alerts shown, 112 out of play saved to /Users/gmerton/v2/options_playground/data/watchlist/logs/alerts_oop_2026-02-09_replay.jsonl
2026-02-10: rc=0 replay: 20 alerts shown, 92 out of play saved to /Users/gmerton/v2/options_playground/data/watchlist/logs/alerts_oop_2026-02-10_replay.jsonl
2026-02-11: rc=0 replay: 13 alerts shown, 83 out of play saved to /Users/gmerton/v2/options_playground/data/watchlist/logs/alerts_oop_2026-02-11_replay.jsonl
2026-02-12: rc=0 replay: 15 alerts shown, 69 out of play saved to /Users/gmerton/v2/options_playground/data/watchlist/logs/alerts_oop_2026-02-12_replay.jsonl
2026-02-13: rc=0 replay: 27 alerts shown, 121 out of play saved to /Users/gmerton/v2/options_playground/data/watchlist/logs/alerts_oop_2026-02-13_replay.jsonl
2026-02-16: rc=0 replay: 0 alerts shown, 0 out of play saved to /Users/gmerton/v2/options_playground/data/watchlist/logs/alerts_oop_2026-02-16_replay.jsonl
2026-02-17: rc=0 replay: 24 alerts shown, 102 out of play saved to /Users/gmerton/v2/options_playground/data/watchlist/logs/alerts_oop_2026-02-17_replay.jsonl
2026-02-18: rc=0 replay: 28 alerts shown, 70 out of play saved to /Users/gmerton/v2/options_playground/data/watchlist/logs/alerts_oop_2026-02-18_replay.jsonl
2026-02-19: rc=0 replay: 22 alerts shown, 94 out of play saved to /Users/gmerton/v2/options_playground/data/watchlist/logs/alerts_oop_2026-02-19_replay.jsonl
2026-02-20: rc=0 replay: 39 alerts shown, 127 out of play saved to /Users/gmerton/v2/options_playground/data/watchlist/logs/alerts_oop_2026-02-20_replay.jsonl
2026-02-23: rc=0 replay: 10 alerts shown, 87 out of play saved to /Users/gmerton/v2/options_playground/data/watchlist/logs/alerts_oop_2026-02-23_replay.jsonl
2026-02-24: rc=0 replay: 37 alerts shown, 107 out of play saved to /Users/gmerton/v2/options_playground/data/watchlist/logs/alerts_oop_2026-02-24_replay.jsonl
2026-02-25: rc=0 replay: 25 alerts shown, 82 out of play saved to /Users/gmerton/v2/options_playground/data/watchlist/logs/alerts_oop_2026-02-25_replay.jsonl
2026-02-26: rc=0 replay: 27 alerts shown, 95 out of play saved to /Users/gmerton/v2/options_playground/data/watchlist/logs/alerts_oop_2026-02-26_replay.jsonl
2026-02-27: rc=0 replay: 38 alerts shown, 78 out of play saved to /Users/gmerton/v2/options_playground/data/watchlist/logs/alerts_oop_2026-02-27_replay.jsonl
2026-03-02: rc=0 replay: 36 alerts shown, 121 out of play saved to /Users/gmerton/v2/options_playground/data/watchlist/logs/alerts_oop_2026-03-02_replay.jsonl
2026-03-03: rc=0 replay: 47 alerts shown, 110 out of play saved to /Users/gmerton/v2/options_playground/data/watchlist/logs/alerts_oop_2026-03-03_replay.jsonl
2026-03-04: rc=0 replay: 43 alerts shown, 82 out of play saved to /Users/gmerton/v2/options_playground/data/watchlist/logs/alerts_oop_2026-03-04_replay.jsonl
2026-03-05: rc=0 replay: 28 alerts shown, 103 out of play saved to /Users/gmerton/v2/options_playground/data/watchlist/logs/alerts_oop_2026-03-05_replay.jsonl
2026-03-06: rc=0 replay: 56 alerts shown, 112 out of play saved to /Users/gmerton/v2/options_playground/data/watchlist/logs/alerts_oop_2026-03-06_replay.jsonl
2026-03-09: rc=0 replay: 47 alerts shown, 129 out of play saved to /Users/gmerton/v2/options_playground/data/watchlist/logs/alerts_oop_2026-03-09_replay.jsonl
2026-03-10: rc=0 replay: 57 alerts shown, 95 out of play saved to /Users/gmerton/v2/options_playground/data/watchlist/logs/alerts_oop_2026-03-10_replay.jsonl
2026-03-11: rc=0 replay: 47 alerts shown, 69 out of play saved to /Users/gmerton/v2/options_playground/data/watchlist/logs/alerts_oop_2026-03-11_replay.jsonl
2026-03-12: rc=0 replay: 33 alerts shown, 80 out of play saved to /Users/gmerton/v2/options_playground/data/watchlist/logs/alerts_oop_2026-03-12_replay.jsonl
2026-03-13: rc=0 replay: 27 alerts shown, 85 out of play saved to /Users/gmerton/v2/options_playground/data/watchlist/logs/alerts_oop_2026-03-13_replay.jsonl
2026-03-16: rc=0 replay: 26 alerts shown, 88 out of play saved to /Users/gmerton/v2/options_playground/data/watchlist/logs/alerts_oop_2026-03-16_replay.jsonl
2026-03-17: rc=0 replay: 30 alerts shown, 84 out of play saved to /Users/gmerton/v2/options_playground/data/watchlist/logs/alerts_oop_2026-03-17_replay.jsonl
2026-03-18: rc=0 replay: 37 alerts shown, 95 out of play saved to /Users/gmerton/v2/options_playground/data/watchlist/logs/alerts_oop_2026-03-18_replay.jsonl
2026-03-19: rc=0 replay: 38 alerts shown, 115 out of play saved to /Users/gmerton/v2/options_playground/data/watchlist/logs/alerts_oop_2026-03-19_replay.jsonl
2026-03-20: rc=0 replay: 24 alerts shown, 78 out of play saved to /Users/gmerton/v2/options_playground/data/watchlist/logs/alerts_oop_2026-03-20_replay.jsonl
2026-03-23: rc=0 replay: 34 alerts shown, 117 out of play saved to /Users/gmerton/v2/options_playground/data/watchlist/logs/alerts_oop_2026-03-23_replay.jsonl
2026-03-24: rc=0 replay: 41 alerts shown, 83 out of play saved to /Users/gmerton/v2/options_playground/data/watchlist/logs/alerts_oop_2026-03-24_replay.jsonl
2026-03-25: rc=0 replay: 25 alerts shown, 94 out of play saved to /Users/gmerton/v2/options_playground/data/watchlist/logs/alerts_oop_2026-03-25_replay.jsonl
2026-03-26: rc=0 replay: 28 alerts shown, 94 out of play saved to /Users/gmerton/v2/options_playground/data/watchlist/logs/alerts_oop_2026-03-26_replay.jsonl
2026-03-27: rc=0 replay: 25 alerts shown, 77 out of play saved to /Users/gmerton/v2/options_playground/data/watchlist/logs/alerts_oop_2026-03-27_replay.jsonl
2026-03-30: rc=0 replay: 18 alerts shown, 74 out of play saved to /Users/gmerton/v2/options_playground/data/watchlist/logs/alerts_oop_2026-03-30_replay.jsonl
2026-03-31: rc=0 replay: 55 alerts shown, 141 out of play saved to /Users/gmerton/v2/options_playground/data/watchlist/logs/alerts_oop_2026-03-31_replay.jsonl
2026-04-01: rc=0 replay: 26 alerts shown, 86 out of play saved to /Users/gmerton/v2/options_playground/data/watchlist/logs/alerts_oop_2026-04-01_replay.jsonl
2026-04-02: rc=0 replay: 32 alerts shown, 80 out of play saved to /Users/gmerton/v2/options_playground/data/watchlist/logs/alerts_oop_2026-04-02_replay.jsonl
2026-04-03: rc=0 replay: 0 alerts shown, 0 out of play saved to /Users/gmerton/v2/options_playground/data/watchlist/logs/alerts_oop_2026-04-03_replay.jsonl
2026-04-06: rc=0 replay: 30 alerts shown, 79 out of play saved to /Users/gmerton/v2/options_playground/data/watchlist/logs/alerts_oop_2026-04-06_replay.jsonl
2026-04-07: rc=0 replay: 24 alerts shown, 61 out of play saved to /Users/gmerton/v2/options_playground/data/watchlist/logs/alerts_oop_2026-04-07_replay.jsonl
2026-04-08: rc=0 replay: 13 alerts shown, 67 out of play saved to /Users/gmerton/v2/options_playground/data/watchlist/logs/alerts_oop_2026-04-08_replay.jsonl
2026-04-09: rc=0 replay: 9 alerts shown, 88 out of play saved to /Users/gmerton/v2/options_playground/data/watchlist/logs/alerts_oop_2026-04-09_replay.jsonl
2026-04-10: rc=0 replay: 13 alerts shown, 94 out of play saved to /Users/gmerton/v2/options_playground/data/watchlist/logs/alerts_oop_2026-04-10_replay.jsonl
2026-04-13: rc=0 replay: 21 alerts shown, 114 out of play saved to /Users/gmerton/v2/options_playground/data/watchlist/logs/alerts_oop_2026-04-13_replay.jsonl
2026-04-14: rc=0 replay: 15 alerts shown, 104 out of play saved to /Users/gmerton/v2/options_playground/data/watchlist/logs/alerts_oop_2026-04-14_replay.jsonl
2026-04-15: rc=0 replay: 28 alerts shown, 92 out of play saved to /Users/gmerton/v2/options_playground/data/watchlist/logs/alerts_oop_2026-04-15_replay.jsonl
2026-04-16: rc=0 replay: 19 alerts shown, 119 out of play saved to /Users/gmerton/v2/options_playground/data/watchlist/logs/alerts_oop_2026-04-16_replay.jsonl
2026-04-17: rc=0 replay: 23 alerts shown, 86 out of play saved to /Users/gmerton/v2/options_playground/data/watchlist/logs/alerts_oop_2026-04-17_replay.jsonl
2026-04-20: rc=0 replay: 28 alerts shown, 97 out of play saved to /Users/gmerton/v2/options_playground/data/watchlist/logs/alerts_oop_2026-04-20_replay.jsonl
2026-04-21: rc=0 replay: 38 alerts shown, 95 out of play saved to /Users/gmerton/v2/options_playground/data/watchlist/logs/alerts_oop_2026-04-21_replay.jsonl
2026-04-22: rc=0 replay: 15 alerts shown, 78 out of play saved to /Users/gmerton/v2/options_playground/data/watchlist/logs/alerts_oop_2026-04-22_replay.jsonl
2026-04-23: rc=0 replay: 25 alerts shown, 103 out of play saved to /Users/gmerton/v2/options_playground/data/watchlist/logs/alerts_oop_2026-04-23_replay.jsonl
2026-04-24: rc=0 replay: 20 alerts shown, 86 out of play saved to /Users/gmerton/v2/options_playground/data/watchlist/logs/alerts_oop_2026-04-24_replay.jsonl
2026-04-27: rc=0 replay: 27 alerts shown, 97 out of play saved to /Users/gmerton/v2/options_playground/data/watchlist/logs/alerts_oop_2026-04-27_replay.jsonl
2026-04-28: rc=0 replay: 26 alerts shown, 101 out of play saved to /Users/gmerton/v2/options_playground/data/watchlist/logs/alerts_oop_2026-04-28_replay.jsonl
2026-04-29: rc=0 replay: 27 alerts shown, 88 out of play saved to /Users/gmerton/v2/options_playground/data/watchlist/logs/alerts_oop_2026-04-29_replay.jsonl
2026-04-30: rc=0 replay: 37 alerts shown, 119 out of play saved to /Users/gmerton/v2/options_playground/data/watchlist/logs/alerts_oop_2026-04-30_replay.jsonl
2026-05-01: rc=0 replay: 27 alerts shown, 137 out of play saved to /Users/gmerton/v2/options_playground/data/watchlist/logs/alerts_oop_2026-05-01_replay.jsonl
2026-05-04: rc=0 replay: 40 alerts shown, 102 out of play saved to /Users/gmerton/v2/options_playground/data/watchlist/logs/alerts_oop_2026-05-04_replay.jsonl
2026-05-05: rc=0 replay: 21 alerts shown, 109 out of play saved to /Users/gmerton/v2/options_playground/data/watchlist/logs/alerts_oop_2026-05-05_replay.jsonl
2026-05-06: rc=0 replay: 27 alerts shown, 124 out of play saved to /Users/gmerton/v2/options_playground/data/watchlist/logs/alerts_oop_2026-05-06_replay.jsonl
2026-05-07: rc=0 replay: 34 alerts shown, 114 out of play saved to /Users/gmerton/v2/options_playground/data/watchlist/logs/alerts_oop_2026-05-07_replay.jsonl
2026-05-08: rc=0 replay: 22 alerts shown, 104 out of play saved to /Users/gmerton/v2/options_playground/data/watchlist/logs/alerts_oop_2026-05-08_replay.jsonl
2026-05-11: rc=0 replay: 34 alerts shown, 133 out of play saved to /Users/gmerton/v2/options_playground/data/watchlist/logs/alerts_oop_2026-05-11_replay.jsonl
2026-05-12: rc=0 replay: 33 alerts shown, 114 out of play saved to /Users/gmerton/v2/options_playground/data/watchlist/logs/alerts_oop_2026-05-12_replay.jsonl
2026-05-13: rc=0 replay: 20 alerts shown, 104 out of play saved to /Users/gmerton/v2/options_playground/data/watchlist/logs/alerts_oop_2026-05-13_replay.jsonl
2026-05-14: rc=0 replay: 16 alerts shown, 97 out of play saved to /Users/gmerton/v2/options_playground/data/watchlist/logs/alerts_oop_2026-05-14_replay.jsonl
2026-05-15: rc=0 replay: 29 alerts shown, 138 out of play saved to /Users/gmerton/v2/options_playground/data/watchlist/logs/alerts_oop_2026-05-15_replay.jsonl
2026-05-18: rc=0 replay: 25 alerts shown, 115 out of play saved to /Users/gmerton/v2/options_playground/data/watchlist/logs/alerts_oop_2026-05-18_replay.jsonl
2026-05-19: rc=0 replay: 45 alerts shown, 112 out of play saved to /Users/gmerton/v2/options_playground/data/watchlist/logs/alerts_oop_2026-05-19_replay.jsonl
2026-05-20: rc=0 replay: 41 alerts shown, 100 out of play saved to /Users/gmerton/v2/options_playground/data/watchlist/logs/alerts_oop_2026-05-20_replay.jsonl
2026-05-21: rc=0 replay: 36 alerts shown, 103 out of play saved to /Users/gmerton/v2/options_playground/data/watchlist/logs/alerts_oop_2026-05-21_replay.jsonl
2026-05-22: rc=0 replay: 18 alerts shown, 75 out of play saved to /Users/gmerton/v2/options_playground/data/watchlist/logs/alerts_oop_2026-05-22_replay.jsonl
2026-05-25: rc=0 replay: 0 alerts shown, 0 out of play saved to /Users/gmerton/v2/options_playground/data/watchlist/logs/alerts_oop_2026-05-25_replay.jsonl
2026-05-26: rc=0 replay: 27 alerts shown, 98 out of play saved to /Users/gmerton/v2/options_playground/data/watchlist/logs/alerts_oop_2026-05-26_replay.jsonl
2026-05-27: rc=0 replay: 40 alerts shown, 126 out of play saved to /Users/gmerton/v2/options_playground/data/watchlist/logs/alerts_oop_2026-05-27_replay.jsonl
2026-05-28: rc=0 replay: 32 alerts shown, 106 out of play saved to /Users/gmerton/v2/options_playground/data/watchlist/logs/alerts_oop_2026-05-28_replay.jsonl
2026-05-29: rc=0 replay: 23 alerts shown, 105 out of play saved to /Users/gmerton/v2/options_playground/data/watchlist/logs/alerts_oop_2026-05-29_replay.jsonl
2026-06-01: rc=0 replay: 38 alerts shown, 135 out of play saved to /Users/gmerton/v2/options_playground/data/watchlist/logs/alerts_oop_2026-06-01_replay.jsonl
2026-06-02: rc=0 replay: 34 alerts shown, 116 out of play saved to /Users/gmerton/v2/options_playground/data/watchlist/logs/alerts_oop_2026-06-02_replay.jsonl
2026-06-03: rc=0 replay: 20 alerts shown, 110 out of play saved to /Users/gmerton/v2/options_playground/data/watchlist/logs/alerts_oop_2026-06-03_replay.jsonl
2026-06-04: rc=0 replay: 25 alerts shown, 110 out of play saved to /Users/gmerton/v2/options_playground/data/watchlist/logs/alerts_oop_2026-06-04_replay.jsonl
2026-06-05: rc=0 replay: 17 alerts shown, 98 out of play saved to /Users/gmerton/v2/options_playground/data/watchlist/logs/alerts_oop_2026-06-05_replay.jsonl
2026-06-08: rc=0 replay: 26 alerts shown, 96 out of play saved to /Users/gmerton/v2/options_playground/data/watchlist/logs/alerts_oop_2026-06-08_replay.jsonl
2026-06-09: rc=0 replay: 26 alerts shown, 112 out of play saved to /Users/gmerton/v2/options_playground/data/watchlist/logs/alerts_oop_2026-06-09_replay.jsonl
2026-06-10: rc=0 replay: 38 alerts shown, 117 out of play saved to /Users/gmerton/v2/options_playground/data/watchlist/logs/alerts_oop_2026-06-10_replay.jsonl
2026-06-11: rc=0 replay: 37 alerts shown, 155 out of play saved to /Users/gmerton/v2/options_playground/data/watchlist/logs/alerts_oop_2026-06-11_replay.jsonl
2026-06-12: rc=0 replay: 57 alerts shown, 108 out of play saved to /Users/gmerton/v2/options_playground/data/watchlist/logs/alerts_oop_2026-06-12_replay.jsonl
2026-06-15: rc=0 replay: 18 alerts shown, 83 out of play saved to /Users/gmerton/v2/options_playground/data/watchlist/logs/alerts_oop_2026-06-15_replay.jsonl
2026-06-16: rc=0 replay: 19 alerts shown, 101 out of play saved to /Users/gmerton/v2/options_playground/data/watchlist/logs/alerts_oop_2026-06-16_replay.jsonl
2026-06-17: rc=0 replay: 32 alerts shown, 86 out of play saved to /Users/gmerton/v2/options_playground/data/watchlist/logs/alerts_oop_2026-06-17_replay.jsonl
2026-06-18: rc=0 replay: 32 alerts shown, 94 out of play saved to /Users/gmerton/v2/options_playground/data/watchlist/logs/alerts_oop_2026-06-18_replay.jsonl
2026-06-19: rc=0 replay: 0 alerts shown, 0 out of play saved to /Users/gmerton/v2/options_playground/data/watchlist/logs/alerts_oop_2026-06-19_replay.jsonl
2026-06-22: rc=0 replay: 28 alerts shown, 123 out of play saved to /Users/gmerton/v2/options_playground/data/watchlist/logs/alerts_oop_2026-06-22_replay.jsonl
2026-06-23: rc=0 replay: 31 alerts shown, 123 out of play saved to /Users/gmerton/v2/options_playground/data/watchlist/logs/alerts_oop_2026-06-23_replay.jsonl
2026-06-24: rc=0 replay: 33 alerts shown, 94 out of play saved to /Users/gmerton/v2/options_playground/data/watchlist/logs/alerts_oop_2026-06-24_replay.jsonl
2026-06-25: rc=0 replay: 31 alerts shown, 133 out of play saved to /Users/gmerton/v2/options_playground/data/watchlist/logs/alerts_oop_2026-06-25_replay.jsonl
2026-06-26: rc=0 replay: 32 alerts shown, 99 out of play saved to /Users/gmerton/v2/options_playground/data/watchlist/logs/alerts_oop_2026-06-26_replay.jsonl
2026-06-29: rc=0 replay: 26 alerts shown, 116 out of play saved to /Users/gmerton/v2/options_playground/data/watchlist/logs/alerts_oop_2026-06-29_replay.jsonl
2026-06-30: rc=0 replay: 26 alerts shown, 73 out of play saved to /Users/gmerton/v2/options_playground/data/watchlist/logs/alerts_oop_2026-06-30_replay.jsonl
2026-07-01: rc=0 replay: 28 alerts shown, 112 out of play saved to /Users/gmerton/v2/options_playground/data/watchlist/logs/alerts_oop_2026-07-01_replay.jsonl
2026-07-02: rc=0 replay: 23 alerts shown, 116 out of play saved to /Users/gmerton/v2/options_playground/data/watchlist/logs/alerts_oop_2026-07-02_replay.jsonl
2026-07-03: rc=0 replay: 0 alerts shown, 0 out of play saved to /Users/gmerton/v2/options_playground/data/watchlist/logs/alerts_oop_2026-07-03_replay.jsonl
2026-07-06: rc=0 replay: 21 alerts shown, 70 out of play saved to /Users/gmerton/v2/options_playground/data/watchlist/logs/alerts_oop_2026-07-06_replay.jsonl
2026-07-07: rc=0 replay: 17 alerts shown, 98 out of play saved to /Users/gmerton/v2/options_playground/data/watchlist/logs/alerts_oop_2026-07-07_replay.jsonl
2026-07-08: rc=0 replay: 36 alerts shown, 99 out of play saved to /Users/gmerton/v2/options_playground/data/watchlist/logs/alerts_oop_2026-07-08_replay.jsonl
2026-07-09: rc=0 replay: 27 alerts shown, 80 out of play saved to /Users/gmerton/v2/options_playground/data/watchlist/logs/alerts_oop_2026-07-09_replay.jsonl
2026-07-10: rc=0 replay: 19 alerts shown, 82 out of play saved to /Users/gmerton/v2/options_playground/data/watchlist/logs/alerts_oop_2026-07-10_replay.jsonl
2026-07-13: rc=0 replay: 25 alerts shown, 78 out of play saved to /Users/gmerton/v2/options_playground/data/watchlist/logs/alerts_oop_2026-07-13_replay.jsonl
2026-07-14: rc=0 replay: 24 alerts shown, 99 out of play saved to /Users/gmerton/v2/options_playground/data/watchlist/logs/alerts_oop_2026-07-14_replay.jsonl
2026-07-15: rc=0 replay: 23 alerts shown, 77 out of play saved to /Users/gmerton/v2/options_playground/data/watchlist/logs/alerts_oop_2026-07-15_replay.jsonl
2026-07-16: rc=0 replay: 30 alerts shown, 94 out of play saved to /Users/gmerton/v2/options_playground/data/watchlist/logs/alerts_oop_2026-07-16_replay.jsonl
2026-07-17: rc=0 replay: 35 alerts shown, 120 out of play saved to /Users/gmerton/v2/options_playground/data/watchlist/logs/alerts_oop_2026-07-17_replay.jsonl
2026-07-20: rc=0 replay: 21 alerts shown, 79 out of play saved to /Users/gmerton/v2/options_playground/data/watchlist/logs/alerts_oop_2026-07-20_replay.jsonl
2026-07-21: rc=0 replay: 31 alerts shown, 77 out of play saved to /Users/gmerton/v2/options_playground/data/watchlist/logs/alerts_oop_2026-07-21_replay.jsonl
2026-07-22: rc=0 replay: 33 alerts shown, 67 out of play saved to /Users/gmerton/v2/options_playground/data/watchlist/logs/alerts_oop_2026-07-22_replay.jsonl
2026-07-23: rc=0 replay: 37 alerts shown, 99 out of play saved to /Users/gmerton/v2/options_playground/data/watchlist/logs/alerts_oop_2026-07-23_replay.jsonl
2026-07-24: rc=0 replay: 26 alerts shown, 69 out of play saved to /Users/gmerton/v2/options_playground/data/watchlist/logs/alerts_oop_2026-07-24_replay.jsonl
2026-07-27: rc=0 replay: 22 alerts shown, 108 out of play saved to /Users/gmerton/v2/options_playground/data/watchlist/logs/alerts_oop_2026-07-27_replay.jsonl
2026-07-28: rc=0 replay: 34 alerts shown, 114 out of play saved to /Users/gmerton/v2/options_playground/data/watchlist/logs/alerts_oop_2026-07-28_replay.jsonl
2026-07-29: rc=0 replay: 20 alerts shown, 104 out of play saved to /Users/gmerton/v2/options_playground/data/watchlist/logs/alerts_oop_2026-07-29_replay.jsonl
2026-07-30: rc=0 replay: 27 alerts shown, 146 out of play saved to /Users/gmerton/v2/options_playground/data/watchlist/logs/alerts_oop_2026-07-30_replay.jsonl
2026-07-31: rc=0 replay: 35 alerts shown, 138 out of play saved to /Users/gmerton/v2/options_playground/data/watchlist/logs/alerts_oop_2026-07-31_replay.jsonl
2026-08-03: rc=0 replay: 46 alerts shown, 112 out of play saved to /Users/gmerton/v2/options_playground/data/watchlist/logs/alerts_oop_2026-08-03_replay.jsonl
2026-08-04: rc=0 replay: 34 alerts shown, 98 out of play saved to /Users/gmerton/v2/options_playground/data/watchlist/logs/alerts_oop_2026-08-04_replay.jsonl
2026-08-05: rc=0 replay: 18 alerts shown, 121 out of play saved to /Users/gmerton/v2/options_playground/data/watchlist/logs/alerts_oop_2026-08-05_replay.jsonl
2026-08-06: rc=0 replay: 27 alerts shown, 103 out of play saved to /Users/gmerton/v2/options_playground/data/watchlist/logs/alerts_oop_2026-08-06_replay.jsonl
2026-08-07: rc=0 replay: 32 alerts shown, 92 out of play saved to /Users/gmerton/v2/options_playground/data/watchlist/logs/alerts_oop_2026-08-07_replay.jsonl
2026-08-10: rc=0 replay: 22 alerts shown, 89 out of play saved to /Users/gmerton/v2/options_playground/data/watchlist/logs/alerts_oop_2026-08-10_replay.jsonl
2026-08-11: rc=0 replay: 28 alerts shown, 71 out of play saved to /Users/gmerton/v2/options_playground/data/watchlist/logs/alerts_oop_2026-08-11_replay.jsonl
2026-08-12: rc=0 replay: 24 alerts shown, 77 out of play saved to /Users/gmerton/v2/options_playground/data/watchlist/logs/alerts_oop_2026-08-12_replay.jsonl
2026-08-13: rc=0 replay: 18 alerts shown, 61 out of play saved to /Users/gmerton/v2/options_playground/data/watchlist/logs/alerts_oop_2026-08-13_replay.jsonl
2026-08-14: rc=0 replay: 25 alerts shown, 52 out of play saved to /Users/gmerton/v2/options_playground/data/watchlist/logs/alerts_oop_2026-08-14_replay.jsonl
2026-08-17: rc=0 replay: 20 alerts shown, 65 out of play saved to /Users/gmerton/v2/options_playground/data/watchlist/logs/alerts_oop_2026-08-17_replay.jsonl
2026-08-18: rc=0 replay: 29 alerts shown, 82 out of play saved to /Users/gmerton/v2/options_playground/data/watchlist/logs/alerts_oop_2026-08-18_replay.jsonl
2026-08-19: rc=0 replay: 40 alerts shown, 81 out of play saved to /Users/gmerton/v2/options_playground/data/watchlist/logs/alerts_oop_2026-08-19_replay.jsonl
2026-08-20: rc=0 replay: 27 alerts shown, 90 out of play saved to /Users/gmerton/v2/options_playground/data/watchlist/logs/alerts_oop_2026-08-20_replay.jsonl
2026-08-21: rc=0 replay: 33 alerts shown, 93 out of play saved to /Users/gmerton/v2/options_playground/data/watchlist/logs/alerts_oop_2026-08-21_replay.jsonl
2026-08-24: rc=0 replay: 35 alerts shown, 107 out of play saved to /Users/gmerton/v2/options_playground/data/watchlist/logs/alerts_oop_2026-08-24_replay.jsonl
2026-08-25: rc=0 replay: 15 alerts shown, 85 out of play saved to /Users/gmerton/v2/options_playground/data/watchlist/logs/alerts_oop_2026-08-25_replay.jsonl
2026-08-26: rc=0 replay: 26 alerts shown, 80 out of play saved to /Users/gmerton/v2/options_playground/data/watchlist/logs/alerts_oop_2026-08-26_replay.jsonl
2026-08-27: rc=0 replay: 23 alerts shown, 107 out of play saved to /Users/gmerton/v2/options_playground/data/watchlist/logs/alerts_oop_2026-08-27_replay.jsonl
2026-08-28: rc=0 replay: 21 alerts shown, 107 out of play saved to /Users/gmerton/v2/options_playground/data/watchlist/logs/alerts_oop_2026-08-28_replay.jsonl
2026-08-31: rc=0 replay: 26 alerts shown, 69 out of play saved to /Users/gmerton/v2/options_playground/data/watchlist/logs/alerts_oop_2026-08-31_replay.jsonl
2026-09-01: rc=0 replay: 45 alerts shown, 86 out of play saved to /Users/gmerton/v2/options_playground/data/watchlist/logs/alerts_oop_2026-09-01_replay.jsonl
2026-09-02: rc=0 replay: 34 alerts shown, 110 out of play saved to /Users/gmerton/v2/options_playground/data/watchlist/logs/alerts_oop_2026-09-02_replay.jsonl
2026-09-03: rc=0 replay: 37 alerts shown, 115 out of play saved to /Users/gmerton/v2/options_playground/data/watchlist/logs/alerts_oop_2026-09-03_replay.jsonl
2026-09-04: rc=0 replay: 34 alerts shown, 85 out of play saved to /Users/gmerton/v2/options_playground/data/watchlist/logs/alerts_oop_2026-09-04_replay.jsonl
2026-09-07: rc=0 replay: 0 alerts shown, 0 out of play saved to /Users/gmerton/v2/options_playground/data/watchlist/logs/alerts_oop_2026-09-07_replay.jsonl
2026-09-08: rc=0 replay: 31 alerts shown, 90 out of play saved to /Users/gmerton/v2/options_playground/data/watchlist/logs/alerts_oop_2026-09-08_replay.jsonl
2026-09-09: rc=0 replay: 20 alerts shown, 97 out of play saved to /Users/gmerton/v2/options_playground/data/watchlist/logs/alerts_oop_2026-09-09_replay.jsonl
2026-09-10: rc=0 replay: 27 alerts shown, 127 out of play saved to /Users/gmerton/v2/options_playground/data/watchlist/logs/alerts_oop_2026-09-10_replay.jsonl
scoring 7216 new alerts (12278 cached)
19456 scored alerts, 153 sessions 2026-02-02 .. 2026-09-10 | half A = first 76 sessions | 15113 out of play | replay logs

== SETUP GRADE v1-2026-09-10 (lib/alerts/grading.py): must rank R in both halves ==
           n  avgR     t stop  win     A     B days_pos
grade                                                  
A        128  0.55  1.70  74%  23%  0.17  0.87    20/77
B       1147  0.02  0.71  33%  44%  0.01  0.03   63/153
C       3322 -0.01 -0.51  34%  45% -0.04  0.03   66/153
F      14859  0.02  0.98  34%  43%  0.07 -0.02   70/153
                n  avgR     t stop  win     A     B days_pos
side  grade                                                 
long  A       128  0.55  1.70  74%  23%  0.17  0.87    20/77
      B      1147  0.02  0.71  33%  44%  0.01  0.03   63/153
      C       881 -0.04 -0.87  51%  38% -0.01 -0.06   55/149
      F      6651  0.11  2.27  43%  41%  0.21  0.01   71/153
short C      2441  0.00  0.08  28%  47% -0.05  0.06   76/152
      F      8208 -0.05 -5.36  27%  45% -0.06 -0.04   64/153
== Sun Sep 13 21:26:47 PDT 2026 full-span report with control set
19456 scored alerts, 153 sessions 2026-02-02 .. 2026-09-10 | half A = first 76 sessions | 15113 out of play | replay logs

== SETUP GRADE v1-2026-09-10 (lib/alerts/grading.py): must rank R in both halves ==
           n  avgR     t stop  win     A     B days_pos
grade                                                  
A        128  0.55  1.70  74%  23%  0.17  0.87    20/77
B       1147  0.02  0.71  33%  44%  0.01  0.03   63/153
C       3322 -0.01 -0.51  34%  45% -0.04  0.03   66/153
F      14859  0.02  0.98  34%  43%  0.07 -0.02   70/153
                n  avgR     t stop  win     A     B days_pos
side  grade                                                 
long  A       128  0.55  1.70  74%  23%  0.17  0.87    20/77
      B      1147  0.02  0.71  33%  44%  0.01  0.03   63/153
      C       881 -0.04 -0.87  51%  38% -0.01 -0.06   55/149
      F      6651  0.11  2.27  43%  41%  0.21  0.01   71/153
short C      2441  0.00  0.08  28%  47% -0.05  0.06   76/152
      F      8208 -0.05 -5.36  27%  45% -0.06 -0.04   64/153

== BASELINE by kind (hold to stop/close) + profit-target variants ==
         n  avgR     t stop  win     A     B days_pos  tgt0.5  tgt1.0  tgt2.0
kind                                                                         
BIR   5493 -0.04 -3.43  32%  44% -0.05 -0.03   75/153   -0.02   -0.03   -0.04
FBO   4485 -0.03 -2.60  22%  47% -0.06 -0.01   69/153   -0.01   -0.01   -0.02
LVL    578  0.04  1.22  16%  48%  0.03  0.05   72/140    0.03    0.04    0.04
ORB9  1018  0.54  1.74  75%  24%  0.81  0.24   53/137   -0.00    0.02    0.09
PARA   671 -0.05 -1.70  18%  45% -0.09 -0.01   57/136   -0.05   -0.04   -0.05
UR    7211  0.03  2.20  40%  43%  0.08 -0.02   71/153    0.01    0.01    0.03

== by kind x gated ==
               n  avgR     t stop  win     A     B days_pos
kind gated                                                 
BIR  False    18 -0.11 -0.54  33%  44%   NaN -0.11     7/13
     True   5475 -0.04 -3.41  32%  44% -0.05 -0.03   75/153
FBO  False    10 -0.18 -0.94  10%  40%   NaN -0.18      3/6
     True   4475 -0.03 -2.57  22%  47% -0.06 -0.01   69/153
LVL  False    90  0.09  1.02  11%  43%  0.06  0.12    27/64
     True    488  0.03  0.87  17%  49%  0.03  0.03   75/137
ORB9 False   179  0.29  1.20  76%  22% -0.07  0.62    25/95
     True    839  0.60  1.59  74%  24%  0.97  0.15   48/134
PARA True    671 -0.05 -1.70  18%  45% -0.09 -0.01   57/136
UR   False  1031  0.01  0.19  33%  44%  0.05 -0.03   61/153
     True   6180  0.04  2.25  42%  42%  0.09 -0.01   67/153

== UR by time of day ==
                n  avgR     t stop  win     A     B days_pos
time_b                                                      
09:40         608 -0.16 -2.90  57%  34% -0.10 -0.20   55/140
09:41-10:00  2670  0.08  2.97  49%  41%  0.14  0.03   62/153
10:01-10:30  1746  0.01  0.31  43%  42%  0.07 -0.05   67/152
10:31-12:00  1603  0.07  2.75  28%  49%  0.10  0.03   75/153
after 12      584 -0.04 -1.59  10%  47% -0.02 -0.05   64/140

== UR by names reclaiming in the same minute ==
           n  avgR     t stop  win     A     B days_pos
same_b                                                 
1       3591  0.01  0.69  35%  44%  0.07 -0.04   70/153
2-4     2753  0.06  2.55  44%  43%  0.10  0.03   62/151
5-9      630  0.02  0.36  51%  39%  0.06 -0.03    27/68
10+      237 -0.02 -0.24  56%  34%  0.10 -0.12     6/16

== UR by RS vs SPY ==
          n  avgR     t stop  win     A     B days_pos
rs_b                                                  
<-1    3460  0.03  1.40  44%  41%  0.07  0.00   60/153
-1..0  2012  0.05  1.64  41%  43%  0.10 -0.01   71/152
0..1   1037  0.04  1.03  37%  43%  0.11 -0.05   69/149
>1      682 -0.00 -0.08  26%  48%  0.05 -0.05   69/142

== ORB9: break alerted within 5 min (fresh) vs late ==
         n  avgR     t stop  win     A     B days_pos
fresh                                                
False  417  1.14  1.55  77%  22%  2.02  0.27   49/124
True   601  0.13  0.93  73%  25%  0.06  0.21   41/122

== shorts by level type ==
               n  avgR     t stop  win     A     B days_pos
level_type                                                 
MA          2896 -0.04 -1.96  35%  44% -0.04 -0.03   73/153
PRICE       5824 -0.04 -3.44  25%  46% -0.06 -0.01   75/153
SWING HIGH   722 -0.07 -1.95  32%  43% -0.09 -0.04   64/150
VWAP         536 -0.01 -0.46  10%  48%  0.03 -0.06   70/142

== shorts: strongest in group (RS vs group >= +1.5%) ==
           n  avgR     t stop  win     A     B days_pos
leader                                                 
False   9122 -0.03 -3.72  26%  45% -0.05 -0.02   77/153
True    1527 -0.07 -2.99  31%  45% -0.10 -0.04   59/153

day-state coverage 100% of 19456 alerts (15113 from out-of-play logs)

== UR by day state ==
              n  avgR     t stop  win     A     B days_pos
day_state                                                 
LONG       1888  0.00  0.14  41%  42%  0.02 -0.01   63/153
OUT        3586  0.03  1.62  40%  42%  0.09 -0.02   73/153
SHORT      1737  0.06  1.92  40%  44%  0.13 -0.01   64/153

== ORB9 by day state ==
             n  avgR     t stop  win     A     B days_pos
day_state                                                
LONG       179  0.29  1.20  76%  22% -0.07  0.62    25/95
OUT        627  0.71  1.44  74%  25%  1.18  0.13   48/133
SHORT      212  0.25  1.01  76%  23%  0.32  0.18    26/91

== LVL by day state ==
             n  avgR     t stop  win     A     B days_pos
day_state                                                
LONG        89  0.03  0.35  15%  43% -0.10  0.12    25/62
OUT        380  0.05  1.34  16%  49%  0.07  0.03   65/131
SHORT      109 -0.00 -0.07  16%  48% -0.01  0.01    30/62

== BIR by day state ==
              n  avgR     t stop  win     A     B days_pos
day_state                                                 
LONG        760 -0.02 -0.45  31%  44%  0.02 -0.05   70/149
OUT        1541 -0.08 -3.74  33%  43% -0.08 -0.09   67/149
SHORT      3192 -0.03 -1.81  33%  44% -0.06 -0.01   77/153

== FBO by day state ==
              n  avgR     t stop  win     A     B days_pos
day_state                                                 
LONG       1002 -0.04 -1.46  24%  48% -0.07 -0.01   60/151
OUT        2386 -0.04 -2.69  22%  46% -0.06 -0.03   63/153
SHORT      1097  0.00  0.07  20%  48% -0.04  0.04   73/150

== PARA by day state ==
             n  avgR    t stop  win     A     B days_pos
day_state                                               
SHORT      671 -0.05 -1.7  18%  45% -0.09 -0.01   57/136

== allowed by the daily gate vs blocked, by side ==
                  n  avgR     t stop  win     A     B days_pos
side  allowed                                                 
long  False    6651  0.11  2.27  43%  41%  0.21  0.01   71/153
      True     2156  0.03  0.91  43%  40%  0.01  0.04   57/153
short False    5689 -0.05 -4.44  26%  45% -0.06 -0.04   70/153
      True     4960 -0.03 -2.05  28%  45% -0.06  0.00   80/153

== long alerts by day sub-state ==
                    n  avgR     t stop  win     A     B days_pos
sub                                                             
-1                 85 -0.06 -0.42  46%  42% -0.04 -0.08    23/55
-2                  7  1.03  1.91   0%  71%  1.15  0.87      5/7
-3                  1 -0.22   NaN   0%   0% -0.22   NaN      0/1
exhaustion        408  0.07  0.55  46%  36%  0.23 -0.11   40/122
extended         2604  0.14  1.21  44%  40%  0.30 -0.02   60/153
near the 21       467  0.18  2.12  41%  40%  0.20  0.17   49/131
near the rising  1269 -0.03 -0.80  45%  39% -0.04 -0.02   55/152
no room           619 -0.07 -1.52  43%  40% -0.01 -0.12   61/145
pullback into     420  0.03  0.60  38%  44% -0.06  0.11   57/131
reclaiming        542  0.28  2.08  39%  44%  0.41  0.11   61/137
short history       9  1.19  1.16  22%  44%  1.25  1.11      4/8
stretched         726  0.13  2.39  42%  42%  0.14  0.11   60/134
trend-down       1414  0.10  2.66  41%  44%  0.16  0.04   63/152

== short alerts by day sub-state ==
                    n  avgR     t stop  win     A     B days_pos
sub                                                             
-1                133 -0.11 -1.52  31%  45% -0.03 -0.17    28/65
-2                  9 -0.19 -1.23  11%  44% -0.12 -0.35      3/8
exhaustion       1151  0.01  0.27  21%  46% -0.11  0.12   72/146
extended         1355 -0.06 -2.97  22%  45% -0.10 -0.03   60/153
near the 21       252 -0.10 -2.16  24%  44% -0.09 -0.10    37/99
near the rising   564  0.02  0.47  23%  49% -0.01  0.04   68/143
no room           487  0.03  0.71  24%  49%  0.01  0.04   61/133
pullback into     946 -0.04 -1.15  30%  44% -0.03 -0.04   71/149
reclaiming        277 -0.00 -0.01  17%  48%  0.02 -0.02   48/104
short history       3 -0.26 -1.17   0%  33%   NaN -0.26      1/3
stretched        1663 -0.09 -4.13  31%  43% -0.08 -0.10   60/145
trend-down       3357 -0.03 -1.84  30%  45% -0.04 -0.02   78/153

== UR after 10:00, allowed vs blocked ==
            n  avgR     t stop  win     A     B days_pos
allowed                                                 
False    2924  0.02  1.12  32%  45%  0.08 -0.03   72/153
True     1009  0.04  1.18  32%  45%  0.05  0.03   63/153
== Sun Sep 13 21:26:52 PDT 2026 done
== Mon Sep 14 18:37:22 PDT 2026 re-replay 2/2-9/10 with the ORB9 index gate OFF (every break tagged spy_below / group_leading)
2026-02-02: rc=0 replay: 27 alerts shown, 95 out of play saved to /Users/gmerton/v2/options_playground/data/watchlist/logs/alerts_oop_2026-02-02_replay.jsonl
2026-02-03: rc=0 replay: 17 alerts shown, 114 out of play saved to /Users/gmerton/v2/options_playground/data/watchlist/logs/alerts_oop_2026-02-03_replay.jsonl
2026-02-04: rc=0 replay: 13 alerts shown, 129 out of play saved to /Users/gmerton/v2/options_playground/data/watchlist/logs/alerts_oop_2026-02-04_replay.jsonl
2026-02-05: rc=0 replay: 24 alerts shown, 154 out of play saved to /Users/gmerton/v2/options_playground/data/watchlist/logs/alerts_oop_2026-02-05_replay.jsonl
2026-02-06: rc=0 replay: 25 alerts shown, 93 out of play saved to /Users/gmerton/v2/options_playground/data/watchlist/logs/alerts_oop_2026-02-06_replay.jsonl
2026-02-09: rc=0 replay: 24 alerts shown, 112 out of play saved to /Users/gmerton/v2/options_playground/data/watchlist/logs/alerts_oop_2026-02-09_replay.jsonl
2026-02-10: rc=0 replay: 20 alerts shown, 92 out of play saved to /Users/gmerton/v2/options_playground/data/watchlist/logs/alerts_oop_2026-02-10_replay.jsonl
2026-02-11: rc=0 replay: 14 alerts shown, 82 out of play saved to /Users/gmerton/v2/options_playground/data/watchlist/logs/alerts_oop_2026-02-11_replay.jsonl
2026-02-12: rc=0 replay: 15 alerts shown, 74 out of play saved to /Users/gmerton/v2/options_playground/data/watchlist/logs/alerts_oop_2026-02-12_replay.jsonl
2026-02-13: rc=0 replay: 25 alerts shown, 122 out of play saved to /Users/gmerton/v2/options_playground/data/watchlist/logs/alerts_oop_2026-02-13_replay.jsonl
2026-02-16: rc=0 replay: 0 alerts shown, 0 out of play saved to /Users/gmerton/v2/options_playground/data/watchlist/logs/alerts_oop_2026-02-16_replay.jsonl
2026-02-17: rc=0 replay: 24 alerts shown, 101 out of play saved to /Users/gmerton/v2/options_playground/data/watchlist/logs/alerts_oop_2026-02-17_replay.jsonl
2026-02-18: rc=0 replay: 30 alerts shown, 68 out of play saved to /Users/gmerton/v2/options_playground/data/watchlist/logs/alerts_oop_2026-02-18_replay.jsonl
2026-02-19: rc=0 replay: 22 alerts shown, 93 out of play saved to /Users/gmerton/v2/options_playground/data/watchlist/logs/alerts_oop_2026-02-19_replay.jsonl
2026-02-20: rc=0 replay: 39 alerts shown, 127 out of play saved to /Users/gmerton/v2/options_playground/data/watchlist/logs/alerts_oop_2026-02-20_replay.jsonl
2026-02-23: rc=0 replay: 11 alerts shown, 89 out of play saved to /Users/gmerton/v2/options_playground/data/watchlist/logs/alerts_oop_2026-02-23_replay.jsonl
2026-02-24: rc=0 replay: 36 alerts shown, 107 out of play saved to /Users/gmerton/v2/options_playground/data/watchlist/logs/alerts_oop_2026-02-24_replay.jsonl
2026-02-25: rc=0 replay: 24 alerts shown, 84 out of play saved to /Users/gmerton/v2/options_playground/data/watchlist/logs/alerts_oop_2026-02-25_replay.jsonl
2026-02-26: rc=0 replay: 29 alerts shown, 98 out of play saved to /Users/gmerton/v2/options_playground/data/watchlist/logs/alerts_oop_2026-02-26_replay.jsonl
2026-02-27: rc=0 replay: 38 alerts shown, 78 out of play saved to /Users/gmerton/v2/options_playground/data/watchlist/logs/alerts_oop_2026-02-27_replay.jsonl
2026-03-02: rc=0 replay: 36 alerts shown, 121 out of play saved to /Users/gmerton/v2/options_playground/data/watchlist/logs/alerts_oop_2026-03-02_replay.jsonl
2026-03-03: rc=0 replay: 44 alerts shown, 115 out of play saved to /Users/gmerton/v2/options_playground/data/watchlist/logs/alerts_oop_2026-03-03_replay.jsonl
2026-03-04: rc=0 replay: 46 alerts shown, 81 out of play saved to /Users/gmerton/v2/options_playground/data/watchlist/logs/alerts_oop_2026-03-04_replay.jsonl
2026-03-05: rc=0 replay: 29 alerts shown, 105 out of play saved to /Users/gmerton/v2/options_playground/data/watchlist/logs/alerts_oop_2026-03-05_replay.jsonl
2026-03-06: rc=0 replay: 54 alerts shown, 112 out of play saved to /Users/gmerton/v2/options_playground/data/watchlist/logs/alerts_oop_2026-03-06_replay.jsonl
2026-03-09: rc=0 replay: 46 alerts shown, 129 out of play saved to /Users/gmerton/v2/options_playground/data/watchlist/logs/alerts_oop_2026-03-09_replay.jsonl
2026-03-10: rc=0 replay: 57 alerts shown, 93 out of play saved to /Users/gmerton/v2/options_playground/data/watchlist/logs/alerts_oop_2026-03-10_replay.jsonl
2026-03-11: rc=0 replay: 46 alerts shown, 70 out of play saved to /Users/gmerton/v2/options_playground/data/watchlist/logs/alerts_oop_2026-03-11_replay.jsonl
2026-03-12: rc=0 replay: 32 alerts shown, 80 out of play saved to /Users/gmerton/v2/options_playground/data/watchlist/logs/alerts_oop_2026-03-12_replay.jsonl
2026-03-13: rc=0 replay: 25 alerts shown, 87 out of play saved to /Users/gmerton/v2/options_playground/data/watchlist/logs/alerts_oop_2026-03-13_replay.jsonl
2026-03-16: rc=0 replay: 26 alerts shown, 89 out of play saved to /Users/gmerton/v2/options_playground/data/watchlist/logs/alerts_oop_2026-03-16_replay.jsonl
2026-03-17: rc=0 replay: 29 alerts shown, 88 out of play saved to /Users/gmerton/v2/options_playground/data/watchlist/logs/alerts_oop_2026-03-17_replay.jsonl
2026-03-18: rc=0 replay: 33 alerts shown, 99 out of play saved to /Users/gmerton/v2/options_playground/data/watchlist/logs/alerts_oop_2026-03-18_replay.jsonl
2026-03-19: rc=0 replay: 35 alerts shown, 117 out of play saved to /Users/gmerton/v2/options_playground/data/watchlist/logs/alerts_oop_2026-03-19_replay.jsonl
2026-03-20: rc=0 replay: 24 alerts shown, 79 out of play saved to /Users/gmerton/v2/options_playground/data/watchlist/logs/alerts_oop_2026-03-20_replay.jsonl
2026-03-23: rc=0 replay: 34 alerts shown, 116 out of play saved to /Users/gmerton/v2/options_playground/data/watchlist/logs/alerts_oop_2026-03-23_replay.jsonl
2026-03-24: rc=0 replay: 39 alerts shown, 85 out of play saved to /Users/gmerton/v2/options_playground/data/watchlist/logs/alerts_oop_2026-03-24_replay.jsonl
2026-03-25: rc=0 replay: 24 alerts shown, 93 out of play saved to /Users/gmerton/v2/options_playground/data/watchlist/logs/alerts_oop_2026-03-25_replay.jsonl
2026-03-26: rc=0 replay: 26 alerts shown, 95 out of play saved to /Users/gmerton/v2/options_playground/data/watchlist/logs/alerts_oop_2026-03-26_replay.jsonl
2026-03-27: rc=0 replay: 24 alerts shown, 77 out of play saved to /Users/gmerton/v2/options_playground/data/watchlist/logs/alerts_oop_2026-03-27_replay.jsonl
2026-03-30: rc=0 replay: 14 alerts shown, 76 out of play saved to /Users/gmerton/v2/options_playground/data/watchlist/logs/alerts_oop_2026-03-30_replay.jsonl
2026-03-31: rc=0 replay: 43 alerts shown, 151 out of play saved to /Users/gmerton/v2/options_playground/data/watchlist/logs/alerts_oop_2026-03-31_replay.jsonl
2026-04-01: rc=0 replay: 23 alerts shown, 89 out of play saved to /Users/gmerton/v2/options_playground/data/watchlist/logs/alerts_oop_2026-04-01_replay.jsonl
2026-04-02: rc=0 replay: 32 alerts shown, 85 out of play saved to /Users/gmerton/v2/options_playground/data/watchlist/logs/alerts_oop_2026-04-02_replay.jsonl
2026-04-03: rc=0 replay: 0 alerts shown, 0 out of play saved to /Users/gmerton/v2/options_playground/data/watchlist/logs/alerts_oop_2026-04-03_replay.jsonl
2026-04-06: rc=0 replay: 27 alerts shown, 80 out of play saved to /Users/gmerton/v2/options_playground/data/watchlist/logs/alerts_oop_2026-04-06_replay.jsonl
2026-04-07: rc=0 replay: 23 alerts shown, 64 out of play saved to /Users/gmerton/v2/options_playground/data/watchlist/logs/alerts_oop_2026-04-07_replay.jsonl
2026-04-08: rc=0 replay: 12 alerts shown, 67 out of play saved to /Users/gmerton/v2/options_playground/data/watchlist/logs/alerts_oop_2026-04-08_replay.jsonl
2026-04-09: rc=0 replay: 9 alerts shown, 88 out of play saved to /Users/gmerton/v2/options_playground/data/watchlist/logs/alerts_oop_2026-04-09_replay.jsonl
2026-04-10: rc=0 replay: 10 alerts shown, 97 out of play saved to /Users/gmerton/v2/options_playground/data/watchlist/logs/alerts_oop_2026-04-10_replay.jsonl
2026-04-13: rc=0 replay: 19 alerts shown, 115 out of play saved to /Users/gmerton/v2/options_playground/data/watchlist/logs/alerts_oop_2026-04-13_replay.jsonl
2026-04-14: rc=0 replay: 17 alerts shown, 103 out of play saved to /Users/gmerton/v2/options_playground/data/watchlist/logs/alerts_oop_2026-04-14_replay.jsonl
2026-04-15: rc=0 replay: 27 alerts shown, 93 out of play saved to /Users/gmerton/v2/options_playground/data/watchlist/logs/alerts_oop_2026-04-15_replay.jsonl
2026-04-16: rc=0 replay: 18 alerts shown, 121 out of play saved to /Users/gmerton/v2/options_playground/data/watchlist/logs/alerts_oop_2026-04-16_replay.jsonl
2026-04-17: rc=0 replay: 17 alerts shown, 98 out of play saved to /Users/gmerton/v2/options_playground/data/watchlist/logs/alerts_oop_2026-04-17_replay.jsonl
2026-04-20: rc=0 replay: 28 alerts shown, 97 out of play saved to /Users/gmerton/v2/options_playground/data/watchlist/logs/alerts_oop_2026-04-20_replay.jsonl
2026-04-21: rc=0 replay: 35 alerts shown, 103 out of play saved to /Users/gmerton/v2/options_playground/data/watchlist/logs/alerts_oop_2026-04-21_replay.jsonl
2026-04-22: rc=0 replay: 11 alerts shown, 83 out of play saved to /Users/gmerton/v2/options_playground/data/watchlist/logs/alerts_oop_2026-04-22_replay.jsonl
2026-04-23: rc=0 replay: 23 alerts shown, 106 out of play saved to /Users/gmerton/v2/options_playground/data/watchlist/logs/alerts_oop_2026-04-23_replay.jsonl
2026-04-24: rc=0 replay: 20 alerts shown, 85 out of play saved to /Users/gmerton/v2/options_playground/data/watchlist/logs/alerts_oop_2026-04-24_replay.jsonl
2026-04-27: rc=0 replay: 25 alerts shown, 100 out of play saved to /Users/gmerton/v2/options_playground/data/watchlist/logs/alerts_oop_2026-04-27_replay.jsonl
2026-04-28: rc=0 replay: 25 alerts shown, 106 out of play saved to /Users/gmerton/v2/options_playground/data/watchlist/logs/alerts_oop_2026-04-28_replay.jsonl
2026-04-29: rc=0 replay: 21 alerts shown, 94 out of play saved to /Users/gmerton/v2/options_playground/data/watchlist/logs/alerts_oop_2026-04-29_replay.jsonl
2026-04-30: rc=0 replay: 38 alerts shown, 120 out of play saved to /Users/gmerton/v2/options_playground/data/watchlist/logs/alerts_oop_2026-04-30_replay.jsonl
2026-05-01: rc=0 replay: 24 alerts shown, 140 out of play saved to /Users/gmerton/v2/options_playground/data/watchlist/logs/alerts_oop_2026-05-01_replay.jsonl
2026-05-04: rc=0 replay: 34 alerts shown, 109 out of play saved to /Users/gmerton/v2/options_playground/data/watchlist/logs/alerts_oop_2026-05-04_replay.jsonl
2026-05-05: rc=0 replay: 21 alerts shown, 110 out of play saved to /Users/gmerton/v2/options_playground/data/watchlist/logs/alerts_oop_2026-05-05_replay.jsonl
2026-05-06: rc=0 replay: 25 alerts shown, 127 out of play saved to /Users/gmerton/v2/options_playground/data/watchlist/logs/alerts_oop_2026-05-06_replay.jsonl
2026-05-07: rc=0 replay: 34 alerts shown, 111 out of play saved to /Users/gmerton/v2/options_playground/data/watchlist/logs/alerts_oop_2026-05-07_replay.jsonl
2026-05-08: rc=0 replay: 22 alerts shown, 105 out of play saved to /Users/gmerton/v2/options_playground/data/watchlist/logs/alerts_oop_2026-05-08_replay.jsonl
2026-05-11: rc=0 replay: 33 alerts shown, 134 out of play saved to /Users/gmerton/v2/options_playground/data/watchlist/logs/alerts_oop_2026-05-11_replay.jsonl
2026-05-12: rc=0 replay: 25 alerts shown, 126 out of play saved to /Users/gmerton/v2/options_playground/data/watchlist/logs/alerts_oop_2026-05-12_replay.jsonl
2026-05-13: rc=0 replay: 19 alerts shown, 105 out of play saved to /Users/gmerton/v2/options_playground/data/watchlist/logs/alerts_oop_2026-05-13_replay.jsonl
2026-05-14: rc=0 replay: 15 alerts shown, 97 out of play saved to /Users/gmerton/v2/options_playground/data/watchlist/logs/alerts_oop_2026-05-14_replay.jsonl
2026-05-15: rc=0 replay: 30 alerts shown, 140 out of play saved to /Users/gmerton/v2/options_playground/data/watchlist/logs/alerts_oop_2026-05-15_replay.jsonl
2026-05-18: rc=0 replay: 24 alerts shown, 116 out of play saved to /Users/gmerton/v2/options_playground/data/watchlist/logs/alerts_oop_2026-05-18_replay.jsonl
2026-05-19: rc=0 replay: 43 alerts shown, 112 out of play saved to /Users/gmerton/v2/options_playground/data/watchlist/logs/alerts_oop_2026-05-19_replay.jsonl
2026-05-20: rc=0 replay: 37 alerts shown, 104 out of play saved to /Users/gmerton/v2/options_playground/data/watchlist/logs/alerts_oop_2026-05-20_replay.jsonl
2026-05-21: rc=0 replay: 38 alerts shown, 101 out of play saved to /Users/gmerton/v2/options_playground/data/watchlist/logs/alerts_oop_2026-05-21_replay.jsonl
2026-05-22: rc=0 replay: 15 alerts shown, 77 out of play saved to /Users/gmerton/v2/options_playground/data/watchlist/logs/alerts_oop_2026-05-22_replay.jsonl
2026-05-25: rc=0 replay: 0 alerts shown, 0 out of play saved to /Users/gmerton/v2/options_playground/data/watchlist/logs/alerts_oop_2026-05-25_replay.jsonl
2026-05-26: rc=0 replay: 24 alerts shown, 101 out of play saved to /Users/gmerton/v2/options_playground/data/watchlist/logs/alerts_oop_2026-05-26_replay.jsonl
2026-05-27: rc=0 replay: 40 alerts shown, 129 out of play saved to /Users/gmerton/v2/options_playground/data/watchlist/logs/alerts_oop_2026-05-27_replay.jsonl
2026-05-28: rc=0 replay: 30 alerts shown, 108 out of play saved to /Users/gmerton/v2/options_playground/data/watchlist/logs/alerts_oop_2026-05-28_replay.jsonl
2026-05-29: rc=0 replay: 22 alerts shown, 106 out of play saved to /Users/gmerton/v2/options_playground/data/watchlist/logs/alerts_oop_2026-05-29_replay.jsonl
2026-06-01: rc=0 replay: 34 alerts shown, 140 out of play saved to /Users/gmerton/v2/options_playground/data/watchlist/logs/alerts_oop_2026-06-01_replay.jsonl
2026-06-02: rc=0 replay: 32 alerts shown, 116 out of play saved to /Users/gmerton/v2/options_playground/data/watchlist/logs/alerts_oop_2026-06-02_replay.jsonl
2026-06-03: rc=0 replay: 19 alerts shown, 111 out of play saved to /Users/gmerton/v2/options_playground/data/watchlist/logs/alerts_oop_2026-06-03_replay.jsonl
2026-06-04: rc=0 replay: 23 alerts shown, 112 out of play saved to /Users/gmerton/v2/options_playground/data/watchlist/logs/alerts_oop_2026-06-04_replay.jsonl
2026-06-05: rc=0 replay: 16 alerts shown, 100 out of play saved to /Users/gmerton/v2/options_playground/data/watchlist/logs/alerts_oop_2026-06-05_replay.jsonl
2026-06-08: rc=0 replay: 26 alerts shown, 95 out of play saved to /Users/gmerton/v2/options_playground/data/watchlist/logs/alerts_oop_2026-06-08_replay.jsonl
2026-06-09: rc=0 replay: 25 alerts shown, 113 out of play saved to /Users/gmerton/v2/options_playground/data/watchlist/logs/alerts_oop_2026-06-09_replay.jsonl
2026-06-10: rc=0 replay: 33 alerts shown, 122 out of play saved to /Users/gmerton/v2/options_playground/data/watchlist/logs/alerts_oop_2026-06-10_replay.jsonl
2026-06-11: rc=0 replay: 30 alerts shown, 160 out of play saved to /Users/gmerton/v2/options_playground/data/watchlist/logs/alerts_oop_2026-06-11_replay.jsonl
2026-06-12: rc=0 replay: 49 alerts shown, 115 out of play saved to /Users/gmerton/v2/options_playground/data/watchlist/logs/alerts_oop_2026-06-12_replay.jsonl
2026-06-15: rc=0 replay: 12 alerts shown, 89 out of play saved to /Users/gmerton/v2/options_playground/data/watchlist/logs/alerts_oop_2026-06-15_replay.jsonl
2026-06-16: rc=0 replay: 20 alerts shown, 101 out of play saved to /Users/gmerton/v2/options_playground/data/watchlist/logs/alerts_oop_2026-06-16_replay.jsonl
2026-06-17: rc=0 replay: 30 alerts shown, 87 out of play saved to /Users/gmerton/v2/options_playground/data/watchlist/logs/alerts_oop_2026-06-17_replay.jsonl
2026-06-18: rc=0 replay: 28 alerts shown, 99 out of play saved to /Users/gmerton/v2/options_playground/data/watchlist/logs/alerts_oop_2026-06-18_replay.jsonl
2026-06-19: rc=0 replay: 0 alerts shown, 0 out of play saved to /Users/gmerton/v2/options_playground/data/watchlist/logs/alerts_oop_2026-06-19_replay.jsonl
2026-06-22: rc=0 replay: 25 alerts shown, 127 out of play saved to /Users/gmerton/v2/options_playground/data/watchlist/logs/alerts_oop_2026-06-22_replay.jsonl
2026-06-23: rc=0 replay: 32 alerts shown, 121 out of play saved to /Users/gmerton/v2/options_playground/data/watchlist/logs/alerts_oop_2026-06-23_replay.jsonl
2026-06-24: rc=0 replay: 32 alerts shown, 95 out of play saved to /Users/gmerton/v2/options_playground/data/watchlist/logs/alerts_oop_2026-06-24_replay.jsonl
2026-06-25: rc=0 replay: 26 alerts shown, 136 out of play saved to /Users/gmerton/v2/options_playground/data/watchlist/logs/alerts_oop_2026-06-25_replay.jsonl
2026-06-26: rc=0 replay: 27 alerts shown, 102 out of play saved to /Users/gmerton/v2/options_playground/data/watchlist/logs/alerts_oop_2026-06-26_replay.jsonl
2026-06-29: rc=0 replay: 20 alerts shown, 121 out of play saved to /Users/gmerton/v2/options_playground/data/watchlist/logs/alerts_oop_2026-06-29_replay.jsonl
2026-06-30: rc=0 replay: 26 alerts shown, 73 out of play saved to /Users/gmerton/v2/options_playground/data/watchlist/logs/alerts_oop_2026-06-30_replay.jsonl
2026-07-01: rc=0 replay: 27 alerts shown, 112 out of play saved to /Users/gmerton/v2/options_playground/data/watchlist/logs/alerts_oop_2026-07-01_replay.jsonl
2026-07-02: rc=0 replay: 22 alerts shown, 117 out of play saved to /Users/gmerton/v2/options_playground/data/watchlist/logs/alerts_oop_2026-07-02_replay.jsonl
2026-07-03: rc=0 replay: 0 alerts shown, 0 out of play saved to /Users/gmerton/v2/options_playground/data/watchlist/logs/alerts_oop_2026-07-03_replay.jsonl
2026-07-06: rc=0 replay: 16 alerts shown, 74 out of play saved to /Users/gmerton/v2/options_playground/data/watchlist/logs/alerts_oop_2026-07-06_replay.jsonl
2026-07-07: rc=0 replay: 16 alerts shown, 101 out of play saved to /Users/gmerton/v2/options_playground/data/watchlist/logs/alerts_oop_2026-07-07_replay.jsonl
2026-07-08: rc=0 replay: 32 alerts shown, 107 out of play saved to /Users/gmerton/v2/options_playground/data/watchlist/logs/alerts_oop_2026-07-08_replay.jsonl
2026-07-09: rc=0 replay: 28 alerts shown, 79 out of play saved to /Users/gmerton/v2/options_playground/data/watchlist/logs/alerts_oop_2026-07-09_replay.jsonl
2026-07-10: rc=0 replay: 19 alerts shown, 82 out of play saved to /Users/gmerton/v2/options_playground/data/watchlist/logs/alerts_oop_2026-07-10_replay.jsonl
2026-07-13: rc=0 replay: 22 alerts shown, 81 out of play saved to /Users/gmerton/v2/options_playground/data/watchlist/logs/alerts_oop_2026-07-13_replay.jsonl
2026-07-14: rc=0 replay: 25 alerts shown, 101 out of play saved to /Users/gmerton/v2/options_playground/data/watchlist/logs/alerts_oop_2026-07-14_replay.jsonl
2026-07-15: rc=0 replay: 23 alerts shown, 76 out of play saved to /Users/gmerton/v2/options_playground/data/watchlist/logs/alerts_oop_2026-07-15_replay.jsonl
2026-07-16: rc=0 replay: 29 alerts shown, 93 out of play saved to /Users/gmerton/v2/options_playground/data/watchlist/logs/alerts_oop_2026-07-16_replay.jsonl
2026-07-17: rc=0 replay: 32 alerts shown, 121 out of play saved to /Users/gmerton/v2/options_playground/data/watchlist/logs/alerts_oop_2026-07-17_replay.jsonl
2026-07-20: rc=0 replay: 19 alerts shown, 82 out of play saved to /Users/gmerton/v2/options_playground/data/watchlist/logs/alerts_oop_2026-07-20_replay.jsonl
2026-07-21: rc=0 replay: 20 alerts shown, 84 out of play saved to /Users/gmerton/v2/options_playground/data/watchlist/logs/alerts_oop_2026-07-21_replay.jsonl
2026-07-22: rc=0 replay: 32 alerts shown, 69 out of play saved to /Users/gmerton/v2/options_playground/data/watchlist/logs/alerts_oop_2026-07-22_replay.jsonl
2026-07-23: rc=0 replay: 30 alerts shown, 105 out of play saved to /Users/gmerton/v2/options_playground/data/watchlist/logs/alerts_oop_2026-07-23_replay.jsonl
2026-07-24: rc=0 replay: 26 alerts shown, 68 out of play saved to /Users/gmerton/v2/options_playground/data/watchlist/logs/alerts_oop_2026-07-24_replay.jsonl
2026-07-27: rc=0 replay: 18 alerts shown, 114 out of play saved to /Users/gmerton/v2/options_playground/data/watchlist/logs/alerts_oop_2026-07-27_replay.jsonl
2026-07-28: rc=0 replay: 29 alerts shown, 118 out of play saved to /Users/gmerton/v2/options_playground/data/watchlist/logs/alerts_oop_2026-07-28_replay.jsonl
2026-07-29: rc=0 replay: 22 alerts shown, 106 out of play saved to /Users/gmerton/v2/options_playground/data/watchlist/logs/alerts_oop_2026-07-29_replay.jsonl
2026-07-30: rc=0 replay: 22 alerts shown, 147 out of play saved to /Users/gmerton/v2/options_playground/data/watchlist/logs/alerts_oop_2026-07-30_replay.jsonl
2026-07-31: rc=0 replay: 28 alerts shown, 144 out of play saved to /Users/gmerton/v2/options_playground/data/watchlist/logs/alerts_oop_2026-07-31_replay.jsonl
2026-08-03: rc=0 replay: 39 alerts shown, 118 out of play saved to /Users/gmerton/v2/options_playground/data/watchlist/logs/alerts_oop_2026-08-03_replay.jsonl
2026-08-04: rc=0 replay: 26 alerts shown, 105 out of play saved to /Users/gmerton/v2/options_playground/data/watchlist/logs/alerts_oop_2026-08-04_replay.jsonl
2026-08-05: rc=0 replay: 18 alerts shown, 121 out of play saved to /Users/gmerton/v2/options_playground/data/watchlist/logs/alerts_oop_2026-08-05_replay.jsonl
2026-08-06: rc=0 replay: 28 alerts shown, 104 out of play saved to /Users/gmerton/v2/options_playground/data/watchlist/logs/alerts_oop_2026-08-06_replay.jsonl
2026-08-07: rc=0 replay: 23 alerts shown, 99 out of play saved to /Users/gmerton/v2/options_playground/data/watchlist/logs/alerts_oop_2026-08-07_replay.jsonl
2026-08-10: rc=0 replay: 23 alerts shown, 88 out of play saved to /Users/gmerton/v2/options_playground/data/watchlist/logs/alerts_oop_2026-08-10_replay.jsonl
2026-08-11: rc=0 replay: 27 alerts shown, 72 out of play saved to /Users/gmerton/v2/options_playground/data/watchlist/logs/alerts_oop_2026-08-11_replay.jsonl
2026-08-12: rc=0 replay: 23 alerts shown, 80 out of play saved to /Users/gmerton/v2/options_playground/data/watchlist/logs/alerts_oop_2026-08-12_replay.jsonl
2026-08-13: rc=0 replay: 21 alerts shown, 60 out of play saved to /Users/gmerton/v2/options_playground/data/watchlist/logs/alerts_oop_2026-08-13_replay.jsonl
2026-08-14: rc=0 replay: 24 alerts shown, 56 out of play saved to /Users/gmerton/v2/options_playground/data/watchlist/logs/alerts_oop_2026-08-14_replay.jsonl
2026-08-17: rc=0 replay: 21 alerts shown, 65 out of play saved to /Users/gmerton/v2/options_playground/data/watchlist/logs/alerts_oop_2026-08-17_replay.jsonl
2026-08-18: rc=0 replay: 30 alerts shown, 81 out of play saved to /Users/gmerton/v2/options_playground/data/watchlist/logs/alerts_oop_2026-08-18_replay.jsonl
2026-08-19: rc=0 replay: 37 alerts shown, 85 out of play saved to /Users/gmerton/v2/options_playground/data/watchlist/logs/alerts_oop_2026-08-19_replay.jsonl
2026-08-20: rc=0 replay: 26 alerts shown, 96 out of play saved to /Users/gmerton/v2/options_playground/data/watchlist/logs/alerts_oop_2026-08-20_replay.jsonl
2026-08-21: rc=0 replay: 31 alerts shown, 96 out of play saved to /Users/gmerton/v2/options_playground/data/watchlist/logs/alerts_oop_2026-08-21_replay.jsonl
2026-08-24: rc=0 replay: 35 alerts shown, 105 out of play saved to /Users/gmerton/v2/options_playground/data/watchlist/logs/alerts_oop_2026-08-24_replay.jsonl
2026-08-25: rc=0 replay: 10 alerts shown, 88 out of play saved to /Users/gmerton/v2/options_playground/data/watchlist/logs/alerts_oop_2026-08-25_replay.jsonl
2026-08-26: rc=0 replay: 24 alerts shown, 83 out of play saved to /Users/gmerton/v2/options_playground/data/watchlist/logs/alerts_oop_2026-08-26_replay.jsonl
2026-08-27: rc=0 replay: 21 alerts shown, 110 out of play saved to /Users/gmerton/v2/options_playground/data/watchlist/logs/alerts_oop_2026-08-27_replay.jsonl
2026-08-28: rc=0 replay: 20 alerts shown, 110 out of play saved to /Users/gmerton/v2/options_playground/data/watchlist/logs/alerts_oop_2026-08-28_replay.jsonl
2026-08-31: rc=0 replay: 26 alerts shown, 71 out of play saved to /Users/gmerton/v2/options_playground/data/watchlist/logs/alerts_oop_2026-08-31_replay.jsonl
2026-09-01: rc=0 replay: 45 alerts shown, 87 out of play saved to /Users/gmerton/v2/options_playground/data/watchlist/logs/alerts_oop_2026-09-01_replay.jsonl
2026-09-02: rc=0 replay: 32 alerts shown, 113 out of play saved to /Users/gmerton/v2/options_playground/data/watchlist/logs/alerts_oop_2026-09-02_replay.jsonl
2026-09-03: rc=0 replay: 34 alerts shown, 118 out of play saved to /Users/gmerton/v2/options_playground/data/watchlist/logs/alerts_oop_2026-09-03_replay.jsonl
2026-09-04: rc=0 replay: 29 alerts shown, 97 out of play saved to /Users/gmerton/v2/options_playground/data/watchlist/logs/alerts_oop_2026-09-04_replay.jsonl
2026-09-07: rc=0 replay: 0 alerts shown, 0 out of play saved to /Users/gmerton/v2/options_playground/data/watchlist/logs/alerts_oop_2026-09-07_replay.jsonl
2026-09-08: rc=0 replay: 24 alerts shown, 98 out of play saved to /Users/gmerton/v2/options_playground/data/watchlist/logs/alerts_oop_2026-09-08_replay.jsonl
2026-09-09: rc=0 replay: 20 alerts shown, 97 out of play saved to /Users/gmerton/v2/options_playground/data/watchlist/logs/alerts_oop_2026-09-09_replay.jsonl
2026-09-10: rc=0 replay: 29 alerts shown, 129 out of play saved to /Users/gmerton/v2/options_playground/data/watchlist/logs/alerts_oop_2026-09-10_replay.jsonl
scoring 895 new alerts (18661 cached)
19518 scored alerts, 153 sessions 2026-02-02 .. 2026-09-10 | half A = first 76 sessions | 15445 out of play | replay logs

== SETUP GRADE v2.1-2026-09-14 (lib/alerts/grading.py): must rank R in both halves ==
           n  avgR     t stop  win     A     B days_pos
grade                                                  
B       1863  0.03  0.96  45%  41%  0.02  0.04   64/153
C       2719 -0.01 -0.79  28%  46% -0.06  0.04   68/153
F      14936  0.03  1.14  34%  43%  0.06 -0.01   68/153
                n  avgR     t stop  win     A     B days_pos
side  grade                                                 
long  B      1863  0.03  0.96  45%  41%  0.02  0.04   64/153
      C       299 -0.15 -2.80  36%  35% -0.20 -0.12   48/126
      F      6713  0.12  2.38  43%  41%  0.20  0.03   75/153
short C      2420  0.00  0.17  28%  47% -0.05  0.07   76/152
      F      8223 -0.05 -5.18  27%  45% -0.06 -0.04   64/153
== Mon Sep 14 18:51:12 PDT 2026 done (orb9 gate study)
