day,gex,credit,maxrisk,wing_pct,wing_vs_implied,pnl_usd,ret_risk,NEG,half,yr
2010-03-31,-663053334.8183292,0.6114999999999998,0.3885000000000002,0.8520064752492119,1.1764705882352942,60.14999999999947,154.82625482625338,True,2010-2017,2010
2010-06-11,-1794116427.8063357,0.7014999999999998,0.2985000000000002,0.9158347834050737,0.6825938566552902,4.15000000000032,13.90284757119034,True,2010-2017,2010
2010-06-25,-1878383335.412411,0.6989999999999998,0.30100000000000016,0.9307520476545048,0.7017543859649124,58.90000000000004,195.6810631229236,True,2010-2017,2010
2010-06-30,-2207533786.2166944,0.7489999999999999,0.2510000000000001,0.9595087315294569,0.5390835579514824,-15.10000000000058,-60.15936254980308,True,2010-2017,2010
2010-07-02,-2020659032.8989937,0.7564999999999998,0.24350000000000016,0.9728572818367545,0.5649717514124294,0.6499999999999839,2.669404517453731,True,2010-2017,2010
2010-07-09,-1723178673.5960717,0.6639999999999999,0.3360000000000001,0.9332711152589827,1.0256410256410258,-25.60000000000018,-76.1904761904767,True,2010-2017,2010
2010-07-23,-889991571.3996803,0.6840000000000002,0.31599999999999984,0.913575735428467,0.7633587786259541,-31.599999999999984,-100.0,True,2010-2017,2010
2010-07-30,-1144621729.4448068,0.7165000000000001,0.28349999999999986,0.9067827348567283,0.7352941176470588,39.650000000000695,139.85890652557572,True,2010-2017,2010
2010-08-06,-651412845.1232004,0.6590000000000001,0.34099999999999986,0.8862105636299185,0.784313725490196,4.900000000000071,14.369501466275874,True,2010-2017,2010
2010-08-13,-2329724181.899323,0.6965000000000001,0.3034999999999999,0.9204712812960235,0.8130081300813008,-0.3500000000002723,-1.1532125205939785,True,2010-2017,2010
2010-08-27,-2380752029.0036325,0.6865000000000001,0.3134999999999999,0.9505703422053232,0.7092198581560284,-31.349999999999987,-100.0,True,2010-2017,2010
2010-09-03,-1127737527.1161304,0.704,0.29600000000000004,0.913575735428467,0.684931506849315,-20.599999999999664,-69.59459459459345,True,2010-2017,2010
2010-09-10,-1417539267.7365935,0.5715,0.4285,0.9014693951140358,1.1695906432748537,5.150000000000398,12.018669778297314,True,2010-2017,2010
2010-09-24,-1402384936.5017424,0.6515,0.34850000000000003,0.8889679082585119,0.8849557522123893,-34.85,-100.0,True,2010-2017,2010
2010-09-30,-887411993.1823925,0.5914999999999999,0.4085000000000001,0.8738967054094205,1.0471204188481675,-30.850000000000577,-75.52019583843469,True,2010-2017,2010
2010-10-01,-1466581191.992686,0.6715,0.3285,0.8764241893076249,0.8547008547008548,4.150000000000453,12.63318112633319,True,2010-2017,2010
2010-10-08,-513609190.4756168,0.649,0.351,0.8628872206402624,0.8583690987124464,9.900000000000286,28.20512820512902,True,2010-2017,2010
2010-10-22,-844373380.5098618,0.5690000000000001,0.43099999999999994,0.8466683600033866,1.1494252873563218,18.90000000000046,43.85150812065073,True,2010-2017,2010
2010-10-29,-988471404.3748863,0.6789999999999998,0.3210000000000002,0.844095551616443,0.9090909090909091,20.900000000000098,65.10903426791303,True,2010-2017,2010
2010-11-05,794696804.2801688,0.6964999999999999,0.3035000000000001,0.8179959100204499,0.9174311926605506,-4.349999999999499,-14.332784184512345,False,2010-2017,2010
2010-11-12,-735505408.2017117,0.5315000000000001,0.4684999999999999,0.8220304151253596,1.2345679012345678,-46.849999999999994,-100.0,True,2010-2017,2010
2010-12-03,374951244.48407567,0.6315000000000001,0.36849999999999994,0.8158603247124093,0.9852216748768472,49.14999999999995,133.3785617367706,False,2010-2017,2010
2010-12-10,917750686.7469687,0.504,0.496,0.8078196946441554,1.3888888888888888,-0.6000000000005112,-1.2096774193558695,False,2010-2017,2010
2010-12-17,494221842.4159017,0.6564999999999999,0.34350000000000014,0.801346261719689,0.8695652173913044,-0.3499999999996728,-1.0189228529830352,False,2010-2017,2010
2010-12-23,642392151.1035203,0.3839999999999999,0.6160000000000001,0.7950389569088885,1.8691588785046729,-2.5999999999996692,-4.220779220778683,False,2010-2017,2010
2010-12-31,-645933948.0152373,0.849,1.151,1.5903307888040712,2.1052631578947367,4.900000000000282,4.257167680278264,True,2010-2017,2010
2011-01-07,51634560.12500795,0.6639999999999999,0.3360000000000001,0.784990972603815,0.9090909090909091,54.39999999999954,161.90476190476048,False,2010-2017,2011
2011-01-14,458340076.11393774,0.6714999999999999,0.3285000000000001,0.7786949073353061,1.0362694300518136,-32.850000000000016,-100.0,False,2010-2017,2011
2011-01-28,-704132149.428683,0.4614999999999999,0.5385000000000001,0.7691124442393478,1.5151515151515154,-53.85000000000001,-100.0,True,2010-2017,2011
2011-02-04,-1444145231.9891438,0.6065,0.39349999999999996,0.7646429117602079,1.0582010582010584,45.64999999999944,116.01016518424254,True,2010-2017,2011
2011-02-11,-515405741.2651721,0.5740000000000001,0.42599999999999993,0.7556865412227007,1.1904761904761905,-42.599999999999994,-100.0,True,2010-2017,2011
2011-02-25,-2596480430.8806,0.6015000000000001,0.39849999999999985,0.7637668983426258,0.8658008658008658,-39.84999999999999,-100.0,True,2010-2017,2011
2011-03-04,-1101894738.5866966,0.6890000000000001,0.31099999999999994,0.749232037161909,0.8771929824561403,12.899999999999778,41.47909967845589,True,2010-2017,2011
2011-03-11,-3803673293.754736,0.7314999999999999,0.26850000000000007,0.769704433497537,0.6756756756756757,-10.850000000000348,-40.40968342644449,True,2010-2017,2011
2011-03-25,-950289203.1991051,0.5514999999999999,0.4485000000000001,0.7639419404125286,1.1976047904191618,27.149999999999874,60.53511705685589,True,2010-2017,2011
2011-03-31,16062010.61322978,0.514,0.486,0.7532389273877674,1.2658227848101264,8.39999999999932,17.28395061728255,False,2010-2017,2011
2011-04-01,-21169984.319485728,0.5665,0.4335,0.7543184732594101,0.9950248756218907,40.65000000000034,93.77162629757865,True,2010-2017,2011
2011-04-08,-1336090725.779947,0.644,0.356,0.7498500299940011,1.098901098901099,49.39999999999943,138.76404494381865,True,2010-2017,2011
2011-04-21,-1108708926.6914694,0.5615,0.4385,0.7511454968827462,1.2658227848101264,-18.85,-42.98745724059293,True,2010-2017,2011
2011-04-29,243787101.50831586,0.474,0.526,0.7346998751010212,1.4492753623188408,1.3999999999992019,2.6615969581733876,False,2010-2017,2011
2011-05-06,-2710745403.095226,0.6589999999999998,0.3410000000000002,0.74827895839569,0.8368200836820083,48.90000000000123,143.40175953079532,True,2010-2017,2011
2011-05-13,-1841820228.7322056,0.6289999999999999,0.3710000000000001,0.7401376656058026,1.1560693641618498,-34.099999999999895,-91.91374663072746,True,2010-2017,2011
2011-05-27,-2786630307.2429037,0.5639999999999998,0.43600000000000017,0.7519362358072035,1.2345679012345678,4.39999999999896,10.091743119263667,True,2010-2017,2011
2011-06-03,-4336033579.458119,0.6464999999999999,0.35350000000000015,0.7593014426727411,0.819672131147541,-35.350000000000016,-100.0,True,2010-2017,2011
2011-06-10,-4824025514.030477,0.6440000000000001,0.35599999999999987,0.7729767334003246,0.9900990099009901,-35.59999999999999,-100.0,True,2010-2017,2011
2011-06-24,-4048319639.085952,0.6189999999999998,0.3810000000000002,0.7793624814901411,0.9049773755656109,-38.10000000000002,-100.0,True,2010-2017,2011
2011-06-30,-1402320199.6664956,0.5515,0.4485,0.7648768548263729,1.183431952662722,-41.84999999999989,-93.3110367892974,True,2010-2017,2011
2011-07-01,-746465981.170042,0.579,0.42100000000000004,0.7577479730241722,1.0869565217391304,-42.1,-100.0,True,2010-2017,2011
2011-07-08,105462188.56018405,0.609,0.391,0.7385524372230428,0.970873786407767,-39.1,-100.0,False,2010-2017,2011
2011-07-22,-1473481837.8984065,0.6090000000000001,0.3909999999999999,0.743549706297866,0.9661835748792269,18.90000000000126,48.33759590793162,True,2010-2017,2011
2011-07-29,-4576066219.763514,0.6914999999999999,0.3085000000000001,0.7679311933650745,0.68259385665529,1.1499999999993071,3.7277147487821938,True,2010-2017,2011
2011-08-12,-3540665736.5589337,0.8115,0.1885,0.8522969402539845,0.3663003663003663,-18.85,-100.0,True,2010-2017,2011
2011-08-26,-2838484446.396751,0.7739999999999997,0.2260000000000003,0.859697386519945,0.36968576709796674,-22.60000000000003,-100.0,True,2010-2017,2011
2011-09-02,-3009880004.372547,0.7340000000000003,0.2659999999999997,0.8269246671628214,0.5464480874316939,-26.59999999999997,-100.0,True,2010-2017,2011
2011-09-09,-3448987768.9108434,0.7314999999999998,0.2685000000000002,0.8401243384020834,0.5747126436781609,-26.85000000000002,-100.0,True,2010-2017,2011
2011-09-23,-3228830392.701405,0.7115,0.2885,0.8857395925597874,0.4282655246252677,27.15000000000023,94.10745233968885,True,2010-2017,2011
2011-09-30,-2772313468.8571258,0.7915,0.20850000000000002,0.861994655633135,0.4640371229698375,-20.85,-100.0,True,2010-2017,2011
2011-10-07,-1548080915.3153193,0.7740000000000002,0.22599999999999976,0.8582217645039478,0.5208333333333334,45.40000000000071,200.88495575221575,True,2010-2017,2011
2011-10-14,-1523770008.6931434,0.6814999999999999,0.3185000000000001,0.8300132802124833,0.7299270072992701,-31.850000000000012,-100.0,True,2010-2017,2011
2011-10-28,504054398.5245161,0.6864999999999999,0.3135000000000001,0.7776049766718507,0.7117437722419929,29.650000000001352,94.5773524720936,False,2010-2017,2011
2011-11-04,-1003816846.4997873,0.7264999999999999,0.2735000000000001,0.792016473942658,0.5934718100890208,19.649999999999878,71.84643510054798,True,2010-2017,2011
2011-11-11,-2039169348.316144,0.7665000000000002,0.23349999999999982,0.8048289738430584,0.5865102639296187,-23.34999999999998,-100.0,True,2010-2017,2011
2011-12-02,-648288982.6656256,0.7114999999999999,0.2885000000000001,0.8001920460910619,0.6535947712418302,54.14999999999982,187.69497400346552,True,2010-2017,2011
2011-12-09,-1580790934.272609,0.7589999999999998,0.24100000000000021,0.8066467693796886,0.48899755501222497,-24.100000000000023,-100.0,True,2010-2017,2011
2011-12-23,132798829.03402983,0.6315,0.36850000000000005,0.7980209081477935,1.0309278350515465,-36.85000000000001,-100.0,False,2010-2017,2011
2011-12-30,-83208568.16389154,0.5665,0.4335,0.7926442612555485,1.0526315789473684,15.650000000000341,36.10149942329952,True,2010-2017,2011
2012-01-06,-253481479.94037127,0.6414999999999998,0.35850000000000015,0.7808839606434483,0.9259259259259258,43.15000000000061,120.36262203626384,True,2010-2017,2012
2012-01-13,336929984.3568373,0.5740000000000001,0.42599999999999993,0.772021925422682,1.1560693641618498,-42.599999999999994,-100.0,False,2010-2017,2012
2012-01-27,-873100449.8003899,0.554,0.44599999999999995,0.7582650894752806,1.25,26.4000000000008,59.192825112109425,True,2010-2017,2012
2012-02-03,-333148022.7494343,0.574,0.42600000000000005,0.7537499057812619,1.0869565217391306,-42.6,-100.0,True,2010-2017,2012
2012-02-10,165108937.44843173,0.5840000000000001,0.4159999999999999,0.7388252678241596,1.1904761904761905,-4.599999999999538,-11.057692307691198,False,2010-2017,2012
2012-02-24,-570259285.0520607,0.5165,0.48350000000000004,0.7319036814755179,1.342281879194631,38.65000000000045,79.93795243019741,True,2010-2017,2012
2012-03-02,-209661072.5841488,0.5415,0.4585,0.7260582298700357,1.2121212121212122,-13.850000000000684,-30.207197382771394,True,2010-2017,2012
2012-03-09,-1276601109.9515026,0.6640000000000001,0.33599999999999985,0.7298204641658151,0.8474576271186439,10.399999999999787,30.95238095238033,True,2010-2017,2012
2012-03-23,-2965003148.498493,0.6715,0.3285,0.7184940364994971,0.9950248756218907,2.14999999999943,6.5449010654472755,True,2010-2017,2012
2012-03-30,-2165454559.0735955,0.6239999999999999,0.3760000000000001,0.713165026387106,1.081081081081081,-9.599999999999898,-25.53191489361674,True,2010-2017,2012
2012-04-05,-2902978094.842128,0.5165000000000001,0.48349999999999993,0.7148984844152131,1.3071895424836601,31.650000000001143,65.46018614271179,True,2010-2017,2012
2012-04-13,-2696925556.407601,0.5739999999999998,0.42600000000000016,0.7203054094936252,1.0869565217391306,-42.600000000000016,-100.0,True,2010-2017,2012
2012-04-27,-1046086095.7122573,0.5989999999999998,0.40100000000000025,0.7135721421435708,1.1764705882352942,16.899999999999295,42.14463840398824,True,2010-2017,2012
2012-05-04,-3222857788.347565,0.6915000000000002,0.3084999999999998,0.7179266278986288,0.8196721311475409,-30.849999999999977,-100.0,True,2010-2017,2012
2012-05-11,-4450105592.491105,0.6865,0.3135,0.7351860020585208,0.8928571428571428,25.649999999999316,81.81818181817965,True,2010-2017,2012
2012-05-25,-1676849760.3918746,0.629,0.371,0.7547169811320755,1.015228426395939,-23.100000000001366,-62.2641509433999,True,2010-2017,2012
2012-06-01,-3376801793.587495,0.7290000000000002,0.2709999999999998,0.7602828252109785,0.6493506493506493,-27.09999999999998,-100.0,True,2010-2017,2012
2012-06-08,-1699461582.8848822,0.6915,0.3085,0.7574609907589759,0.9090909090909091,-30.85,-100.0,True,2010-2017,2012
2012-06-22,-3376078520.7912154,0.6640000000000001,0.33599999999999985,0.7549448890231013,0.7843137254901962,-33.59999999999999,-100.0,True,2010-2017,2012
2012-06-29,-2598569037.0221906,0.7064999999999999,0.2935000000000001,0.7530687551773477,0.7874015748031495,-29.35000000000001,-100.0,True,2010-2017,2012
2012-07-06,-374015113.75514215,0.6439999999999998,0.3560000000000002,0.7309407207075506,0.8438818565400843,-35.60000000000002,-100.0,True,2010-2017,2012
2012-07-13,-3567205550.2857914,0.6815000000000001,0.3184999999999999,0.7485590238790328,0.8230452674897119,-31.84999999999999,-100.0,True,2010-2017,2012
2012-07-27,-1409085609.7752202,0.609,0.391,0.7346998751010212,1.0050251256281406,-39.1,-100.0,True,2010-2017,2012
2012-08-03,-2996855063.964766,0.6715,0.3285,0.7317430118542368,0.8163265306122448,-32.85,-100.0,True,2010-2017,2012
2012-08-10,759592018.5310116,0.529,0.471,0.7113387395077535,1.25,36.90000000000035,78.34394904458672,False,2010-2017,2012
2012-08-24,-2207484640.077743,0.474,0.526,0.7107825716113441,1.3422818791946307,-4.6000000000010255,-8.745247148290924,True,2010-2017,2012
2012-08-31,-2710988634.5965595,0.6940000000000002,0.3059999999999998,0.7118957784580338,0.8032128514056224,-30.599999999999984,-100.0,True,2010-2017,2012
2012-09-07,890232290.5398993,0.6014999999999998,0.3985000000000002,0.6957005704744678,1.0582010582010584,27.14999999999873,68.13048933500305,False,2010-2017,2012
2012-09-14,3144642912.134839,0.664,0.836,1.0228435049437437,1.4423076923076923,-33.599999999999994,-40.19138755980861,False,2010-2017,2012
2012-09-28,-1984720360.9808393,0.6614999999999999,0.8385000000000001,1.036699149906697,1.829268292682927,6.150000000000555,7.334525939177763,True,2010-2017,2012
2012-10-05,196615629.14052033,0.844,0.656,1.0259917920656636,1.3513513513513515,69.39999999999942,105.79268292682839,False,2010-2017,2012
2012-10-12,-3759182540.304552,0.6615,0.8385,1.0460251046025104,1.8181818181818183,5.1499999999986334,6.141920095406837,True,2010-2017,2012
2012-10-26,-3132310227.1375303,0.8339999999999999,0.6660000000000001,1.0606703436571914,1.2875536480686696,63.40000000000112,95.19519519519686,True,2010-2017,2012
2012-11-02,-1348260841.9859045,0.7364999999999999,0.7635000000000001,1.0498320268757,1.5151515151515151,-72.3500000000008,-94.76096922069522,True,2010-2017,2012
2012-11-09,-5884160961.625658,0.6990000000000001,0.30099999999999993,0.7244277021153289,0.8547008547008548,49.90000000000114,165.7807308970138,True,2010-2017,2012
2012-11-30,83245392.66090274,0.6389999999999999,0.8610000000000001,1.055297593921486,1.6483516483516485,57.899999999999764,67.2473867595816,False,2010-2017,2012
2012-12-07,-1640999509.5330348,0.734,0.766,1.0566356720202874,1.595744680851064,33.39999999999943,43.60313315926819,True,2010-2017,2012
2012-12-14,-1428234947.563657,0.7164999999999999,0.7835000000000001,1.0512299390286635,1.6042780748663104,32.650000000001356,41.67198468411149,True,2010-2017,2012
2012-12-28,-2834702934.2574277,0.7915,0.7085,1.0593968500600324,1.3274336283185841,-20.85,-29.428369795342274,True,2010-2017,2012
2013-01-04,2228719455.288702,0.7314999999999999,0.7685000000000001,1.029018316526034,1.6483516483516483,-14.849999999999552,-19.32335718932928,False,2010-2017,2013
2013-01-11,3412834180.4181495,0.564,0.936,1.0199224858910723,2.158273381294964,45.39999999999863,48.504273504272035,False,2010-2017,2013
2013-01-25,3671029910.1782165,0.5664999999999999,0.9335000000000001,1.004083271972689,2.173913043478261,-13.349999999998873,-14.301017675413895,False,2010-2017,2013
2013-02-01,-96933057.39424859,0.8339999999999999,0.6660000000000001,1.001268273145985,1.3574660633484164,-38.5999999999999,-57.957957957957795,True,2010-2017,2013
2013-02-08,659177426.367097,0.6539999999999999,0.8460000000000001,0.9937723598780973,1.886792452830189,-12.600000000000122,-14.89361702127674,False,2010-2017,2013
2013-02-22,-4526791082.95049,0.7364999999999998,0.7635000000000002,0.9972741174124061,1.5706806282722514,-60.35000000000036,-79.04387688277714,True,2010-2017,2013
2013-03-01,-1971293845.7887585,0.829,0.671,0.9893806477145306,1.345291479820628,19.90000000000045,29.657228017884425,True,2010-2017,2013
2013-03-08,2410645652.2577653,0.7464999999999999,0.7535000000000001,0.9690548485044254,1.6042780748663101,30.650000000000222,40.6768414067687,False,2010-2017,2013
2013-03-22,-3632025265.8704934,0.7789999999999998,0.7210000000000002,0.9717543405027208,1.4218009478672986,-23.09999999999911,-32.03883495145507,True,2010-2017,2013
2013-03-28,568016479.0647935,0.569,0.931,0.9607378466662397,2.0833333333333335,-2.100000000000346,-2.2556390977447323,False,2010-2017,2013
2013-04-05,-1592517378.9903708,0.759,0.741,0.9624639076034649,1.5873015873015872,-5.100000000000227,-6.882591093117715,True,2010-2017,2013
2013-04-12,4057560514.202558,0.6015,0.8985,0.942151874882231,1.875,40.15000000000114,44.68558708959504,False,2010-2017,2013
2013-04-26,1082567401.7905853,0.7265,0.7735,0.9460737937559129,1.6853932584269662,46.650000000000915,60.310277957337966,False,2010-2017,2013
2013-05-03,2584375257.048662,0.929,0.571,0.9391435011269722,1.2396694214876034,-57.099999999999994,-100.0,False,2010-2017,2013
2013-05-10,2202142714.7082453,0.634,0.866,0.9209233791748527,1.7543859649122808,18.40000000000114,21.247113163973598,False,2010-2017,2013
2013-05-24,-2791313229.9086742,0.8140000000000002,0.6859999999999998,0.9067279211751194,1.3452914798206275,63.39999999999934,92.41982507288536,True,2010-2017,2013
2013-05-31,-1378576773.5888002,0.744,0.756,0.9045953443492945,1.5228426395939085,-75.6,-100.0,True,2010-2017,2013
2013-06-07,-3763500976.6533756,0.994,0.506,0.921942224953903,0.9554140127388536,-50.6,-100.0,True,2010-2017,2013
2013-06-14,-1842158990.4906971,0.8539999999999999,0.6460000000000001,0.9134644662322635,1.3392857142857144,3.400000000000669,5.263157894737877,True,2010-2017,2013
2013-06-28,-2503251989.784291,0.8765000000000001,0.6234999999999999,0.930925339787749,1.2552301255230125,7.649999999998869,12.269446672011018,True,2010-2017,2013
2013-07-05,-3117283400.0984187,1.0915,0.4085000000000001,0.9307520476545048,0.8064516129032259,-40.85000000000001,-100.0,True,2010-2017,2013
2013-07-12,2040442622.9343548,0.7865000000000001,0.7134999999999999,0.8959503046231037,1.4285714285714286,58.65000000000114,82.20042046251037,False,2010-2017,2013
2013-07-26,-1836016315.7021732,0.7264999999999999,0.7735000000000001,0.8878366380585972,1.694915254237288,59.650000000000446,77.11700064641298,True,2010-2017,2013
2013-08-02,1751696426.3068924,0.8940000000000001,0.6059999999999999,0.8789405836165476,1.2552301255230125,46.39999999999933,76.56765676567548,False,2010-2017,2013
2013-08-09,-738678711.7231159,0.609,0.891,0.8834442546675305,1.9736842105263157,-9.099999999998865,-10.213243546575605,True,2010-2017,2013
2013-08-23,-2535110507.34375,0.7039999999999998,0.7960000000000002,0.9036688957166094,1.6666666666666667,11.399999999999643,14.321608040200553,True,2010-2017,2013
2013-08-30,-3672200933.992327,0.7389999999999999,0.7610000000000001,0.9136870317353963,1.5625,-19.100000000000694,-25.09855453350945,True,2010-2017,2013
2013-09-06,-1999708390.2692711,0.849,0.651,0.9040501446480232,1.3100436681222707,82.89999999999897,127.34254992319352,True,2010-2017,2013
2013-09-13,716174223.4338658,0.6365,0.8635,0.8878366380585972,1.9354838709677422,29.649999999999654,34.337000579038396,False,2010-2017,2013
2013-09-27,-3203464917.85752,0.654,0.846,0.8841732979664014,1.8987341772151898,9.399999999999775,11.111111111110846,True,2010-2017,2013
2013-09-30,-5990136912.863568,0.9615000000000002,1.0384999999999998,1.1838522552385462,1.593625498007968,-2.850000000000885,-2.7443428021192933,True,2010-2017,2013
2013-10-04,-4924876478.891468,0.834,0.666,0.8946144211844695,1.276595744680851,-52.600000000001366,-78.97897897898103,True,2010-2017,2013
2013-10-11,-1639249171.5757184,0.8689999999999999,0.6310000000000001,0.8867344525892646,1.2048192771084336,-37.10000000000092,-58.79556259905058,True,2010-2017,2013
2013-10-25,2128418656.2811582,0.6365,0.8635,0.8564087924636026,1.8987341772151898,20.649999999999313,23.914302258250505,False,2010-2017,2013
2013-11-01,-245709930.7249883,0.644,0.856,0.8536307762349192,1.8404907975460123,49.39999999999943,57.71028037383111,True,2010-2017,2013
2013-11-08,-2150100340.0198903,0.7989999999999999,0.7010000000000001,0.8574368354864526,1.3698630136986298,-70.10000000000001,-100.0,True,2010-2017,2013
2013-11-22,1977885089.154893,0.6315000000000001,0.8684999999999999,0.8338892595063376,1.948051948051948,-12.849999999999085,-14.795624640183172,False,2010-2017,2013
2013-12-06,-2533759942.720052,0.974,0.526,0.8380356444494106,0.9966777408637875,-52.6,-100.0,True,2010-2017,2013
2013-12-13,-3126511007.914605,0.7665,0.7335,0.8418453249522954,1.5228426395939088,65.64999999999863,89.50238582140236,True,2010-2017,2013
2013-12-27,8051776107.869898,0.5815,0.9185,0.8157937673356175,2.158273381294964,41.15000000000125,44.80130647795455,False,2010-2017,2013
2013-12-31,6327674753.309423,0.5940000000000001,1.406,1.0880800826940862,2.8985507246376816,3.399999999999781,2.4182076813654203,False,2010-2017,2013
2014-01-03,3939230451.065222,0.7314999999999998,0.7685000000000002,0.8198961464881116,1.6666666666666667,53.15000000000112,69.1607026675356,False,2010-2017,2014
2014-01-10,2043952507.8264651,0.8965000000000001,0.6034999999999999,0.8168599901976802,1.2711864406779658,32.65000000000069,54.10107705053967,False,2010-2017,2014
2014-01-24,-3064188524.322851,0.6565,0.8435,0.8206587153955575,1.8072289156626504,-84.35000000000001,-100.0,True,2010-2017,2014
2014-01-31,-3562936018.141141,0.864,0.636,0.8364934195850993,1.2244897959183672,46.39999999999943,72.95597484276641,True,2010-2017,2014
2014-02-07,-2529443365.4093776,1.0464999999999998,0.45350000000000024,0.8454038212252719,0.8379888268156425,-45.35000000000002,-100.0,True,2010-2017,2014
2014-02-14,2469744039.2582397,0.6915,0.8085,0.8194482381862879,1.7543859649122808,-31.849999999999092,-39.39393939393827,False,2010-2017,2014
2014-02-28,493519705.91812205,0.7165,0.7835,0.8071459319845028,1.6853932584269662,38.649999999998755,49.32992980216816,False,2010-2017,2014
2014-03-07,969062098.1955894,0.949,0.551,0.7971091508130513,1.1235955056179776,73.8999999999992,134.1197822141546,False,2010-2017,2014
2014-03-14,-4364785255.592239,0.9464999999999999,0.5535000000000001,0.8099789405475458,1.1278195488721805,55.650000000001356,100.54200542005663,True,2010-2017,2014
2014-03-28,-5871670926.383458,0.869,0.631,0.8124796880077998,1.2820512820512822,-11.099999999998978,-17.591125198096634,True,2010-2017,2014
2014-03-31,-3245252740.8086233,0.994,1.006,1.0782833728703904,1.5209125475285172,-2.6000000000010237,-2.5844930417505205,True,2010-2017,2014
2014-04-04,310571374.67680085,0.9065000000000001,0.5934999999999999,0.7952075491703334,1.1363636363636365,-59.349999999999994,-100.0,False,2010-2017,2014
2014-04-11,-7097305633.890566,0.974,0.526,0.819000819000819,0.9966777408637875,-52.6,-100.0,True,2010-2017,2014
2014-04-25,-1303130304.3010402,0.669,0.831,0.7986369928655096,1.744186046511628,-83.1,-100.0,True,2010-2017,2014
2014-05-02,-861147959.4093801,0.8890000000000001,0.6109999999999999,0.796516567544605,1.1764705882352942,45.89999999999933,75.12274959083362,True,2010-2017,2014
2014-05-09,-3171254540.5992684,0.7639999999999999,0.7360000000000001,0.799190153977303,1.492537313432836,74.39999999999897,101.08695652173772,True,2010-2017,2014
2014-05-23,-746696369.3791909,0.649,0.851,0.7911809694604146,1.8987341772151898,-22.100000000000453,-25.969447708578674,True,2010-2017,2014
2014-05-30,2442403133.292638,0.5814999999999999,0.9185000000000001,0.7797068302318328,2.142857142857143,43.14999999999942,46.978769733260116,False,2010-2017,2014
2014-06-06,2597285670.4573956,0.8840000000000001,1.1159999999999999,1.0285420416559528,1.923076923076923,0.40000000000046665,0.3584229390685186,False,2010-2017,2014
2014-06-13,-2659981216.244232,0.744,0.756,0.7750736319950395,1.639344262295082,10.400000000001363,13.75661375661556,True,2010-2017,2014
2014-06-27,-2818911878.084483,0.629,1.371,1.023331968890708,2.7586206896551726,32.89999999999886,23.99708242158925,True,2010-2017,2014
2014-06-30,699735151.0586369,0.7115000000000001,1.2885,1.0214504596527068,2.325581395348837,42.15000000000081,32.71245634458736,False,2010-2017,2014
2014-07-11,-6181157441.713743,0.7340000000000001,1.266,1.0186411327289395,2.2857142857142856,64.39999999999966,50.86887835702976,True,2010-2017,2014
2014-07-25,-903804858.279403,0.579,1.421,1.0067958721369241,2.9411764705882355,-21.09999999999921,-14.84869809992907,True,2010-2017,2014
2014-08-01,-7710734969.824887,1.0490000000000002,0.45099999999999985,0.777000777000777,0.8620689655172414,3.900000000000925,8.6474501108668,True,2010-2017,2014
2014-08-08,-8751790953.079477,0.9114999999999999,0.5885000000000001,0.785299198994817,1.1450381679389312,-58.850000000000016,-100.0,True,2010-2017,2014
2014-08-22,1216376605.9084935,0.7589999999999999,2.241,1.5038347786856483,3.4285714285714284,41.89999999999965,18.697010263275164,False,2010-2017,2014
2014-08-29,-1192458466.5738814,0.5965,1.9035,1.24912561207155,3.5971223021582737,-10.349999999998861,-5.437352245862286,True,2010-2017,2014
2014-09-05,-4926068783.885241,0.8115000000000001,1.1885,0.9989012086704625,2.051282051282051,18.150000000000468,15.27135044173367,True,2010-2017,2014
2014-09-12,-4930083928.123312,0.599,1.401,0.9986019572598362,2.7777777777777777,-77.10000000000046,-55.03211991434722,True,2010-2017,2014
2014-09-26,-11164951572.499353,0.9665000000000001,1.0334999999999999,1.0187449062754688,1.702127659574468,-48.34999999999885,-46.78277697145511,True,2010-2017,2014
2014-09-30,-9033208003.652695,0.9590000000000001,1.041,1.012555690562981,1.7391304347826089,95.9,92.12295869356389,True,2010-2017,2014
2014-10-03,-10865649232.189661,0.959,0.541,0.7716446319255106,1.0416666666666667,-54.1,-100.0,True,2010-2017,2014
2014-10-10,-10889840180.808727,0.954,0.546,0.7784928378658916,0.8695652173913043,-54.6,-100.0,True,2010-2017,2014
2014-10-24,-987648522.1992688,1.1064999999999998,0.8935000000000002,1.02590407796871,1.3333333333333333,-27.349999999999564,-30.6099608282032,True,2010-2017,2014
2014-10-31,2992750360.780861,0.8665,1.1335,1.0028078620136383,1.9704433497536948,-113.35,-100.0,False,2010-2017,2014
2014-11-07,4507404549.70138,1.0765,0.9235,0.9843488532335859,1.4869888475836432,70.64999999999955,76.50243638332383,False,2010-2017,2014
2014-11-14,3436430364.2873755,0.8239999999999998,1.1760000000000002,0.9795758436596954,2.0202020202020203,57.399999999999984,48.80952380952379,False,2010-2017,2014
2014-12-05,4842206480.150904,0.824,1.1760000000000002,0.9631127805065973,1.9323671497584538,82.39999999999999,70.06802721088434,False,2010-2017,2014
2014-12-12,-2148814284.1391373,1.2514999999999998,0.7485000000000002,0.9795758436596954,1.0810810810810811,-74.85000000000002,-100.0,True,2010-2017,2014
2014-12-26,5398213655.622375,0.859,1.141,0.9626955475330926,1.8691588785046729,43.90000000000125,38.475021910605825,False,2010-2017,2014
2014-12-31,3208694442.0887856,0.8165,1.1835,0.9633447329126728,1.9512195121951221,-118.35,-100.0,False,2010-2017,2014
2015-01-02,-978112068.9965363,1.164,0.8360000000000001,0.9731413001167769,1.21580547112462,107.39999999999965,128.46889952153066,True,2010-2017,2015
2015-01-09,399601640.69819164,1.159,0.841,0.9712509712509713,1.2539184952978057,-66.09999999999931,-78.59690844232975,False,2010-2017,2015
2015-01-23,958992249.2798219,1.1064999999999998,0.8935000000000002,0.9704498034839147,1.4285714285714286,5.649999999998845,6.323447118073691,False,2010-2017,2015
2015-01-30,-4159768600.968259,1.199,0.8009999999999999,0.9901970492127934,1.2232415902140672,-80.1,-100.0,True,2010-2017,2015
2015-02-06,711759943.6805717,1.1589999999999998,0.8410000000000002,0.970026190707149,1.3559322033898304,66.89999999999907,79.54815695600364,False,2010-2017,2015
2015-02-13,3464774916.1848087,0.8365,1.1635,0.9573958831977022,2.0100502512562812,3.6499999999988653,3.1370863773088655,False,2010-2017,2015
2015-02-20,1799432139.0591755,0.8364999999999999,1.1635,0.9523356030665207,1.9047619047619047,-43.35000000000103,-37.25827245380407,False,2010-2017,2015
2015-02-27,699066935.9037318,0.8914999999999998,1.1085000000000003,0.946029043091623,1.895734597156398,8.149999999999757,7.352277852954223,False,2010-2017,2015
2015-03-06,-2660862958.3221188,1.0465000000000002,0.9534999999999998,0.9502541929966266,1.6064257028112447,-95.34999999999998,-100.0,True,2010-2017,2015
2015-03-13,-5745812707.207823,0.9015000000000001,1.0985,0.9656704166867848,1.8867924528301885,-25.84999999999965,-23.53208921256227,True,2010-2017,2015
2015-03-20,53044387.38677269,1.0390000000000001,0.9609999999999999,0.9547450830628222,1.4035087719298245,11.900000000001265,12.38293444328956,False,2010-2017,2015
2015-03-27,-6689892792.846108,1.1214999999999997,0.8785000000000003,0.9742790335151987,1.3986013986013985,90.15000000000009,102.61809903244172,True,2010-2017,2015
2015-03-31,-2283626824.6875787,0.9464999999999998,1.0535,0.9603380389897245,1.8433179723502304,-61.35000000000025,-58.23445657332723,True,2010-2017,2015
2015-04-02,-5373283390.697072,1.039,0.9610000000000001,0.9720062208398135,1.5873015873015872,15.900000000000446,16.545265348595677,True,2010-2017,2015
2015-04-10,-1021885898.8710696,0.7765,1.2235,0.9572584119082946,2.1857923497267757,-26.349999999999206,-21.53657539844643,True,2010-2017,2015
2015-04-17,1731372459.5774937,0.8565,1.1435,0.9507510933637573,1.9512195121951221,-114.35,-100.0,False,2010-2017,2015
2015-04-24,817844562.9708533,0.8965,1.1035,0.9470593806231651,1.8779342723004695,24.649999999999427,22.338015405527347,False,2010-2017,2015
2015-05-01,-6794344689.511061,1.144,0.8560000000000001,0.9594166746618056,1.3114754098360657,-85.60000000000001,-100.0,True,2010-2017,2015
2015-05-08,-5103813792.871648,1.2865,0.7135,0.9575333939771149,1.1235955056179776,-71.35000000000001,-100.0,True,2010-2017,2015
2015-05-15,2368258158.004635,0.9539999999999998,1.0460000000000003,0.9424626549172989,1.8018018018018016,48.4000000000001,46.27151051625248,False,2010-2017,2015
2015-05-22,1385241797.0501046,0.7365,1.2635,0.9368997985665433,2.3391812865497075,20.649999999999892,16.343490304709054,False,2010-2017,2015
2015-05-29,-2370640800.552756,0.829,1.171,0.941220763330039,2.0408163265306123,-57.10000000000057,-48.76174210076906,True,2010-2017,2015
2015-06-05,-9118272967.927103,1.3740000000000003,0.6259999999999997,0.9513842641042717,1.0526315789473684,116.39999999999924,185.94249201277844,True,2010-2017,2015
2015-06-12,-5104329234.498641,0.794,1.206,0.945179584120983,2.127659574468085,-70.6,-58.540630182421225,True,2010-2017,2015
2015-06-19,2512673473.05148,1.0114999999999998,0.9885000000000002,0.9400705052878966,1.4652014652014649,-98.85000000000002,-100.0,False,2010-2017,2015
2015-06-26,-7507512743.976042,0.964,1.036,0.9532434107049235,1.7094017094017095,79.40000000000124,76.64092664092784,True,2010-2017,2015
2015-06-30,-10257952116.959724,1.2840000000000003,0.7159999999999997,0.9735202492211839,1.0781671159029649,117.39999999999866,163.96648044692557,True,2010-2017,2015
2015-07-02,-9960597700.829998,1.4514999999999998,0.5485000000000002,0.9713924911360435,0.8368200836820084,64.14999999999975,116.95533272561482,True,2010-2017,2015
2015-07-10,-8458777499.565992,1.2764999999999997,0.7235000000000003,0.9761811792268645,1.1142061281337048,-68.35000000000082,-94.4713199723577,True,2010-2017,2015
2015-07-17,4446293237.859769,0.7365,1.2635,0.9422850412249706,2.3121387283236996,68.64999999999887,54.333201424613264,False,2010-2017,2015
2015-07-24,-6375169900.004883,0.8664999999999998,1.1335000000000002,0.9516106009420946,1.9323671497584538,-113.35000000000002,-100.0,True,2010-2017,2015
2015-07-31,-2023347472.1262422,0.7065,1.2934999999999999,0.948856627763545,2.4242424242424243,17.64999999999989,13.645148821028133,True,2010-2017,2015
2015-08-07,-6298282788.094887,1.209,0.7909999999999999,0.9593706528517293,1.257861635220126,62.899999999998755,79.51959544879742,True,2010-2017,2015
2015-08-14,-4886486126.932675,1.0465,0.9535,0.9586349038968509,1.5444015444015444,64.64999999999944,67.80283167278388,True,2010-2017,2015
2015-08-21,-12203829243.843239,1.3365,0.6635,0.9807767752059632,1.0610079575596818,-66.35,-100.0,True,2010-2017,2015
2015-08-28,-4015455466.9621153,1.4015,0.5985,1.0036130068245683,0.7619047619047619,62.149999999999885,103.84294068504573,True,2010-2017,2015
2015-09-04,-4151018283.243354,1.464,0.536,1.0228086325048584,0.7766990291262136,-53.6,-100.0,True,2010-2017,2015
2015-09-11,-5240129789.4835205,1.3865,0.6134999999999999,1.0210332856851134,0.9456264775413711,11.649999999998983,18.98940505297308,True,2010-2017,2015
2015-09-18,-2436290401.397177,1.404,0.5960000000000001,1.001201441730076,0.8385744234800839,-59.60000000000001,-100.0,True,2010-2017,2015
2015-09-25,-5040138782.717389,1.1465000000000003,0.3534999999999997,0.7774840615767377,0.6711409395973155,95.65000000000026,270.5799151343715,True,2010-2017,2015
2015-09-30,-5475646643.887651,1.419,0.581,1.0635469290082424,0.8948545861297538,-58.099999999999994,-100.0,True,2010-2017,2015
2015-10-02,-4161411212.646571,1.2064999999999997,0.2935000000000003,0.78064012490242,0.6185567010309279,-29.35000000000003,-100.0,True,2010-2017,2015
2015-10-09,2037251829.5675972,1.069,0.931,0.9939369843951894,1.4388489208633093,70.89999999999863,76.15467239527243,False,2010-2017,2015
2015-10-16,1399615000.7467432,0.9964999999999999,1.0035,0.9884841595413433,1.5936254980079683,35.650000000001356,35.52566018933867,False,2010-2017,2015
2015-10-23,3034804512.7888465,1.074,0.9259999999999999,0.9745638826625085,1.5873015873015872,-92.6,-100.0,False,2010-2017,2015
2015-10-30,3655450045.028148,0.9640000000000002,1.0359999999999998,0.9575333939771149,1.6260162601626016,-18.60000000000055,-17.953667953668486,False,2010-2017,2015
2015-11-06,1845770860.296318,1.309,0.6910000000000001,0.9518370454978108,1.0869565217391302,128.89999999999898,186.541244573081,False,2010-2017,2015
2015-11-13,-5029686872.080884,1.1915000000000002,0.8084999999999998,0.9761335350675973,1.2658227848101264,-80.84999999999998,-100.0,True,2010-2017,2015
2015-11-20,1287913541.281762,1.0565,0.9435,0.9590946146837386,1.5444015444015444,20.650000000000567,21.88659247482837,False,2010-2017,2015
2015-12-04,-4103103176.8126082,1.4789999999999994,0.5210000000000006,0.9727626459143969,0.8368200836820084,-52.10000000000006,-100.0,True,2010-2017,2015
2015-12-11,-3768567891.5109553,1.3515,0.6485000000000001,0.971722864639005,1.0126582278481013,-64.85000000000001,-100.0,True,2010-2017,2015
2015-12-31,-111277648.66307637,1.0890000000000002,0.9109999999999998,0.9711566475672526,1.4492753623188408,-91.09999999999998,-100.0,True,2010-2017,2015
2016-01-08,-5753565295.696401,1.1965000000000001,0.3034999999999999,0.7731958762886598,0.5586592178770949,-30.349999999999987,-100.0,True,2010-2017,2016
2016-01-15,-4711870601.416689,1.1440000000000003,0.35599999999999965,0.7816978477252593,0.6696428571428571,-35.599999999999966,-100.0,True,2010-2017,2016
2016-01-22,-2957968134.974603,1.229,0.2709999999999999,0.8035140347118063,0.5434782608695653,-27.09999999999999,-100.0,True,2010-2017,2016
2016-01-29,-2370577393.5616145,1.1539999999999997,0.3460000000000003,0.7930633393253675,0.628930817610063,-34.60000000000003,-100.0,True,2010-2017,2016
2016-02-05,-2212632953.731253,1.1615000000000004,0.3384999999999996,0.783085356303837,0.6396588486140724,-33.84999999999996,-100.0,True,2010-2017,2016
2016-02-12,-5126568935.371855,1.1715000000000002,0.3284999999999998,0.8194034742707309,0.5703422053231938,-32.84999999999998,-100.0,True,2010-2017,2016
2016-02-19,-893333352.7655745,1.0114999999999998,0.48850000000000016,0.7810872734846908,0.8771929824561404,99.14999999999895,202.96827021494153,True,2010-2017,2016
2016-02-26,1801620894.3342772,1.1015,0.8985000000000001,1.0228609420549277,1.4234875444839858,72.15000000000045,80.30050083472503,False,2010-2017,2016
2016-03-04,1329725353.5331256,1.1965000000000001,0.8034999999999999,1.001201441730076,1.2461059190031152,81.65000000000046,101.61792159303108,False,2010-2017,2016
2016-03-11,-503279044.79131955,1.1564999999999999,0.8435000000000001,1.0023053021950485,1.3377926421404682,-84.35000000000001,-100.0,True,2010-2017,2016
2016-03-18,5432163275.41229,1.359,0.641,0.9772782799902272,1.1904761904761905,91.90000000000023,143.3697347893919,False,2010-2017,2016
2016-03-24,-1366337219.8331482,0.9464999999999999,1.0535,0.9840582562487699,1.7857142857142856,58.64999999999863,55.67157095396167,True,2010-2017,2016
2016-03-31,2751011905.2348623,0.8665,1.1335,0.9704968944099378,1.9512195121951221,41.65000000000114,36.74459638288588,False,2010-2017,2016
2016-04-01,906191477.0490596,1.0439999999999998,0.9560000000000002,0.9729992702505472,1.6260162601626016,-34.59999999999865,-36.192468619245446,False,2010-2017,2016
2016-04-08,-3468469856.2828975,1.0890000000000002,0.9109999999999998,0.9806805923310777,1.4492753623188408,56.899999999999,62.458836443467625,True,2010-2017,2016
2016-04-15,4054072839.309452,0.8265,1.1735,0.9614922359501947,2.0100502512562812,64.64999999999932,55.09160630592187,False,2010-2017,2016
2016-04-22,1724149000.4341764,0.9639999999999999,1.036,0.9571209800918836,1.7543859649122806,95.4000000000009,92.08494208494294,False,2010-2017,2016
2016-04-29,-2090704692.9802918,1.1889999999999998,0.8110000000000002,0.963948332369385,1.2618296529968454,51.900000000001235,63.99506781751075,True,2010-2017,2016
2016-05-06,-4324114639.223096,1.2964999999999998,0.7035000000000002,0.9757049468240805,1.2012012012012012,9.650000000001114,13.717128642503354,True,2010-2017,2016
2016-05-13,-3522471410.8602815,0.9889999999999999,1.0110000000000001,0.9682416731216111,1.6528925619834711,-75.10000000000092,-74.28288822947667,True,2010-2017,2016
2016-05-20,-7696052911.715871,1.049,0.9510000000000001,0.9793360101850945,1.5384615384615383,7.900000000000107,8.307045215562677,True,2010-2017,2016
2016-05-27,1770397111.8879054,0.794,1.206,0.955429226580041,2.173913043478261,9.40000000000114,7.794361525705755,False,2010-2017,2016
2016-06-03,1955214129.9435935,1.0239999999999998,0.9760000000000002,0.9482717746906264,1.6666666666666667,82.40000000000111,84.42622950819785,False,2010-2017,2016
2016-06-10,3968563061.4164557,0.7865,1.2135,0.9433517286920429,2.2346368715083798,-115.34999999999978,-95.05562422744109,False,2010-2017,2016
2016-06-17,-4297408765.467895,1.1315000000000004,0.8684999999999996,0.9596008060646771,1.290322580645161,-28.84999999999871,-33.21819228554833,True,2010-2017,2016
2016-06-24,1874668285.9301147,1.6264999999999998,0.37350000000000017,0.94863159891856,0.6116207951070336,-37.350000000000016,-100.0,False,2010-2017,2016
2016-06-30,-2423855713.6290293,1.1540000000000001,0.8459999999999999,0.9677263269947259,1.2658227848101267,-84.59999999999998,-100.0,True,2010-2017,2016
2016-07-01,251172195.22032464,1.0265000000000002,0.9734999999999998,0.954653937947494,1.5686274509803924,19.64999999999877,20.18489984591553,False,2010-2017,2016
2016-07-08,79833240.74712847,1.0890000000000002,0.9109999999999998,0.9545172528993462,1.4492753623188408,-91.09999999999998,-100.0,False,2010-2017,2016
2016-07-15,12454214626.014034,1.044,0.956,0.9256259545517657,1.5267175572519083,85.40000000000023,89.33054393305464,False,2010-2017,2016
2016-07-22,2862157983.372969,0.784,1.216,0.9248554913294798,2.127659574468085,4.3999999999990935,3.618421052630834,False,2010-2017,2016
2016-07-29,4161546145.860879,1.1164999999999998,0.8835000000000002,0.9225943352707814,1.3937282229965156,97.65000000000134,110.52631578947518,False,2010-2017,2016
2016-08-05,3033592863.2764,0.954,1.046,0.9241717111039232,1.7543859649122806,-71.59999999999876,-68.45124282982673,False,2010-2017,2016
2016-08-12,10009382715.940804,0.734,1.266,0.914703864623828,2.380952380952381,68.39999999999887,54.02843601895645,False,2010-2017,2016
2016-08-19,8589109606.352905,0.609,1.391,0.9137844382510165,2.6666666666666665,17.899999999999316,12.868439971243218,False,2010-2017,2016
2016-08-26,-2005517820.6654854,1.134,0.8660000000000001,0.9190754101374017,1.342281879194631,88.39999999999999,102.07852193995379,True,2010-2017,2016
2016-09-02,-2063124154.683445,1.1864999999999999,0.8135000000000001,0.9199208868037348,1.3114754098360657,31.649999999999533,38.905961893054126,True,2010-2017,2016
2016-09-07,2593997954.6273823,0.654,1.346,0.9129501985666683,2.5806451612903225,59.39999999999978,44.13075780089136,False,2010-2017,2016
2016-09-09,1220111686.9534554,0.6615,1.3385,0.9152061501853292,2.6315789473684212,-133.85,-100.0,False,2010-2017,2016
2016-09-14,-8421174420.730097,1.3264999999999998,0.6735000000000002,0.937954321624537,1.0335917312661498,118.65000000000134,176.16926503340952,True,2010-2017,2016
2016-09-16,-5579625271.704774,1.244,0.756,0.9289795160016722,1.21580547112462,-41.59999999999966,-55.02645502645458,True,2010-2017,2016
2016-09-21,-4857192644.43341,1.3789999999999998,0.6210000000000002,0.9370753877149416,0.9174311926605506,-41.09999999999923,-66.18357487922579,True,2010-2017,2016
2016-09-23,934998587.7246258,0.714,1.286,0.9210223347916187,2.325581395348837,-80.60000000000103,-62.67496111975196,False,2010-2017,2016
2016-09-28,-5377993043.6297,0.9139999999999998,1.0860000000000003,0.9278589654372534,1.8691588785046729,-26.6000000000007,-24.49355432780911,True,2010-2017,2016
2016-09-30,-6417189885.66896,1.2265,0.7735000000000001,0.9315757603987145,1.2232415902140672,-13.350000000001373,-17.259211376860208,True,2010-2017,2016
2016-10-05,-7180722083.182039,1.0264999999999997,0.9735000000000003,0.9314456035767511,1.6736401673640169,-13.349999999999685,-13.71340523882864,True,2010-2017,2016
2016-10-07,-5385621494.598702,0.9939999999999998,1.0060000000000002,0.9266552379187323,1.6260162601626016,4.400000000001114,4.373757455269496,True,2010-2017,2016
2016-10-12,-9013798150.58241,1.0665,0.9335,0.9369875849145,1.4981273408239701,84.65000000000012,90.68023567220152,True,2010-2017,2016
2016-10-14,-9786935141.60158,1.0989999999999998,0.9010000000000002,0.938790837401427,1.4814814814814814,100.89999999999964,111.9866814650384,True,2010-2017,2016
2016-10-19,-8787070152.69026,0.8540000000000001,1.146,0.9359352332818569,1.9607843137254901,60.400000000000006,52.70506108202444,True,2010-2017,2016
2016-10-21,-9179622908.213148,0.8639999999999999,1.1360000000000001,0.9350600776099866,1.9607843137254901,80.39999999999976,70.77464788732372,True,2010-2017,2016
2016-10-26,-5980512321.66253,0.8940000000000001,1.1059999999999999,0.9337940050424876,1.923076923076923,63.40000000000092,57.323688969259436,True,2010-2017,2016
2016-10-28,-7254261746.520293,1.024,0.976,0.9382183234038561,1.6260162601626016,54.40000000000103,55.737704918033835,True,2010-2017,2016
2016-11-02,-8377769382.498499,1.1289999999999998,0.8710000000000002,0.9478672985781991,1.4598540145985401,-17.10000000000116,-19.632606199771704,True,2010-2017,2016
2016-11-04,-9446574385.541706,1.2765,0.7235,0.957670944263551,1.1940298507462686,125.64999999999897,173.66966136834688,True,2010-2017,2016
2016-11-09,-2682947562.7196054,1.6239999999999997,0.37600000000000033,0.9342738356612323,0.5625879043600563,-28.599999999999692,-76.06382978723316,True,2010-2017,2016
2016-11-11,1217657418.797501,1.009,0.9910000000000001,0.9222539887485013,1.492537313432836,46.90000000000079,47.32593340060623,False,2010-2017,2016
2016-11-16,4129287953.011425,0.819,1.181,0.9163802978235968,2.0,74.90000000000067,63.42082980525036,False,2010-2017,2016
2016-11-18,6425532646.877863,0.694,1.306,0.9134505594884678,2.4096385542168672,21.400000000001018,16.385911179173824,False,2010-2017,2016
2016-11-23,6762913046.348897,0.5740000000000001,1.426,0.9069060898743935,3.0303030303030307,34.40000000000103,24.123422159888523,False,2010-2017,2016
2016-11-30,2763969534.5344677,0.8839999999999999,1.116,0.9054280411064332,1.9047619047619047,71.40000000000124,63.97849462365702,False,2010-2017,2016
2016-12-02,-351570439.38594866,0.9064999999999999,1.0935000000000001,0.9110787172011662,1.7937219730941705,74.65000000000033,68.26703246456361,True,2010-2017,2016
2016-12-07,6255317477.111515,0.604,1.396,0.9021606748161848,2.857142857142857,-139.6,-100.0,False,2010-2017,2016
2016-12-09,8743219453.831808,0.7739999999999999,1.226,0.888336146397797,2.1505376344086025,-71.60000000000092,-58.401305057097,False,2010-2017,2016
2016-12-14,8703055107.041214,1.0764999999999998,0.9235000000000002,0.8783101313073646,1.4134275618374559,-92.35000000000002,-100.0,False,2010-2017,2016
2016-12-16,9082751261.213934,1.2939999999999998,0.7060000000000002,0.8819508753362437,1.234567901234568,-13.600000000000701,-19.263456090652546,False,2010-2017,2016
2016-12-21,3759016329.949166,0.7364999999999999,1.2635,0.8835092989353712,2.3391812865497075,54.65000000000022,43.252869014642044,False,2010-2017,2016
2016-12-23,1245363958.2362344,0.6165,1.3835,0.8871540099361249,2.758620689655172,42.65000000000023,30.82761113118918,False,2010-2017,2016
2016-12-28,4401216351.132161,0.7565,1.2435,0.884016973125884,2.3121387283236996,-124.35000000000001,-100.0,False,2010-2017,2016
2016-12-30,-1012090334.642114,0.9089999999999998,1.0910000000000002,0.891384766234345,1.8867924528301885,45.900000000001114,42.07149404216417,True,2010-2017,2016
2017-01-04,787970523.2592081,0.8414999999999999,1.1585,0.8881389049247302,1.9900497512437814,-68.85000000000012,-59.43029779887796,False,2010-2017,2017
2017-01-06,3245275045.688627,0.7065,1.2934999999999999,0.8835483300936561,2.3952095808383236,-3.350000000000908,-2.5898724391193726,False,2010-2017,2017
2017-01-11,2796028419.815289,0.694,1.306,0.8832751843836947,2.531645569620253,13.399999999999768,10.260336906584815,False,2010-2017,2017
2017-01-13,1545382637.923334,0.724,1.276,0.8827293993026438,2.4096385542168677,19.399999999999885,15.203761755485804,False,2010-2017,2017
2017-01-18,-456112912.93599623,0.6839999999999999,1.316,0.883821644792081,2.4096385542168672,-5.600000000000915,-4.255319148936866,True,2010-2017,2017
2017-01-20,-9075937546.42365,1.0165,0.9835,0.8851515822084532,1.5151515151515154,31.650000000001132,32.18098627351411,True,2010-2017,2017
2017-01-25,2284776142.852945,0.6639999999999999,1.336,0.8788118463836893,2.5974025974025974,-132.6000000000009,-99.25149700598871,False,2010-2017,2017
2017-01-27,6053978520.2173605,0.6865000000000001,1.3135,0.872219799389446,2.5157232704402515,17.650000000000922,13.437381043015547,False,2010-2017,2017
2017-02-01,-1301673591.350718,0.754,1.246,0.8788890841975743,2.272727272727273,61.40000000000136,49.2776886035324,True,2010-2017,2017
2017-02-03,-555488176.6153628,0.8140000000000001,1.186,0.8780787636651007,2.127659574468085,-105.60000000000045,-89.038785834739,True,2010-2017,2017
2017-02-08,1522552178.7659907,0.554,1.446,0.8734768746997423,3.0769230769230766,29.400000000000915,20.33195020746951,False,2010-2017,2017
2017-02-10,7692822751.761203,0.644,1.3559999999999999,0.8674155354122393,2.7027027027027026,-33.59999999999898,-24.77876106194615,False,2010-2017,2017
2017-02-15,11014226527.509693,0.614,1.3860000000000001,0.8557614137178554,2.8169014084507045,-75.60000000000045,-54.545454545454874,False,2010-2017,2017
2017-02-17,7610344765.299128,0.744,1.256,0.8520427725471819,2.272727272727273,18.39999999999977,14.649681528662239,False,2010-2017,2017
2017-02-22,5466168546.196945,0.674,1.326,0.8458447874814972,2.6315789473684212,47.40000000000114,35.74660633484249,False,2010-2017,2017
2017-02-24,3023726110.4135466,0.644,1.3559999999999999,0.8458447874814972,2.7027027027027026,36.399999999999885,26.84365781710906,False,2010-2017,2017
2017-03-03,2706321409.26256,0.784,1.216,0.8391725758402215,2.2222222222222223,76.39999999999898,62.828947368420216,False,2010-2017,2017
2017-03-08,-1138642047.507574,0.7165,1.2835,0.8437038599451592,2.4242424242424243,30.650000000000343,23.880015582392165,True,2010-2017,2017
2017-03-10,-1293480660.721575,0.8439999999999999,1.1560000000000001,0.8445232666159953,1.941747572815534,20.40000000000135,17.64705882353058,True,2010-2017,2017
2017-03-15,-457725397.4296861,0.9540000000000002,1.0459999999999998,0.8441311779850589,1.6,-94.60000000000055,-90.43977055449385,True,2010-2017,2017
2017-03-17,4284646198.4893703,1.0615,0.9384999999999999,0.8385041086701325,1.6194331983805668,14.150000000001262,15.077250932340183,False,2010-2017,2017
2017-03-22,-8366267111.781147,1.039,0.9610000000000001,0.8554685829162925,1.4814814814814814,76.89999999999897,80.02081165452546,True,2010-2017,2017
2017-03-24,-4823770124.10958,1.1740000000000002,0.8259999999999998,0.8546643305841631,1.2195121951219512,107.40000000000059,130.02421307506125,True,2010-2017,2017
2017-03-29,-2539555535.2821646,0.7090000000000001,1.291,0.8500871339312279,2.380952380952381,61.899999999999665,47.94732765298193,True,2010-2017,2017
2017-03-31,-960441222.7687129,0.7165,1.2835,0.8464891861006475,2.366863905325444,42.6500000000008,33.229450720686245,True,2010-2017,2017
2017-04-05,-3706038479.8066297,0.8564999999999999,1.1435,0.8492208398794107,2.072538860103627,61.64999999999908,53.91342369916842,True,2010-2017,2017
2017-04-07,-4775473339.646549,0.8940000000000001,1.1059999999999999,0.8496537660903183,1.8518518518518516,56.39999999999876,50.994575045206844,True,2010-2017,2017
2017-04-12,-6566017479.810548,0.8839999999999999,1.616,1.0636487406398911,2.4271844660194173,48.39999999999942,29.95049504950459,True,2010-2017,2017
2017-04-13,-8961524793.520933,0.8139999999999998,1.1860000000000002,0.8543357539513029,2.0408163265306123,-64.60000000000082,-54.4688026981457,True,2010-2017,2017
2017-04-19,-7303337153.101185,0.754,1.246,0.8552125203112974,2.3255813953488373,21.400000000000794,17.174959871589724,True,2010-2017,2017
2017-04-21,-1450483688.2468548,0.934,1.0659999999999998,0.8499787505312367,1.7857142857142856,2.4000000000003463,2.251407129456235,True,2010-2017,2017
2017-04-26,7041088438.121561,0.7465,1.2534999999999998,0.8384689556869157,2.2598870056497176,68.64999999999978,54.76665337056226,False,2010-2017,2017
2017-04-28,5539615266.633806,0.714,1.286,0.8381878378944722,2.4096385542168677,31.39999999999943,24.416796267495666,False,2010-2017,2017
2017-05-03,3663080659.210505,0.7064999999999999,1.2935,0.837556011558273,2.4242424242424243,68.64999999999897,53.07305759566986,False,2010-2017,2017
2017-05-05,3400939953.8651586,0.8340000000000001,1.166,0.837696335078534,2.127659574468085,-37.60000000000079,-32.246998284734815,False,2010-2017,2017
2017-05-10,3921271953.922743,0.7165000000000001,1.2834999999999999,0.8352125615969264,2.395209580838323,-13.349999999999419,-10.401246591351319,False,2010-2017,2017
2017-05-12,4921084622.925814,0.6115,1.3885,0.8353521009105338,2.8169014084507045,14.150000000000118,10.190853438962993,False,2010-2017,2017
2017-05-17,5987995595.473589,0.5840000000000001,1.416,0.8329862557267805,2.8985507246376816,-141.6,-100.0,False,2010-2017,2017
2017-05-19,-5349507027.231923,1.004,0.996,0.845058520302531,1.6129032258064517,-29.60000000000114,-29.718875502009173,True,2010-2017,2017
2017-05-24,878142775.956717,0.654,1.346,0.8332638946754437,2.5974025974025974,6.399999999999661,4.754829123328128,False,2010-2017,2017
2017-05-26,6414161693.702593,0.5840000000000001,1.416,0.8274378387323652,2.8985507246376816,32.400000000000915,22.881355932204038,False,2010-2017,2017
2017-05-31,4336124813.207818,0.5615,1.4385,0.8280887711162637,3.0769230769230766,-1.8500000000012506,-1.2860618700043454,False,2010-2017,2017
2017-06-02,7642361017.5410595,0.5740000000000001,1.426,0.821962847279303,2.9411764705882355,-55.59999999999954,-38.99018232819042,False,2010-2017,2017
2017-06-07,3362449538.066105,0.724,1.276,0.8221993833504625,2.4096385542168677,57.39999999999943,44.98432601880833,False,2010-2017,2017
2017-06-09,4646826778.472505,0.764,1.236,0.8204791598293404,2.2222222222222223,71.39999999999887,57.76699029126122,False,2010-2017,2017
2017-06-14,6857118361.722196,0.9440000000000001,1.056,0.8179290037624734,1.8181818181818181,69.4,65.71969696969697,False,2010-2017,2017
2017-06-16,7098259876.61745,1.1464999999999996,0.8535000000000004,0.8203781943475943,1.3377926421404682,27.64999999999951,32.39601640304569,False,2010-2017,2017
2017-06-21,-1354767851.3985827,0.784,1.216,0.8229098090849243,2.1978021978021975,73.39999999999887,60.361842105262234,True,2010-2017,2017
2017-06-23,-900933326.6062008,0.669,1.331,0.8236214635753407,2.564102564102564,50.90000000000035,38.24192336589057,True,2010-2017,2017
2017-06-28,-4160652888.1775327,0.8539999999999999,1.1460000000000001,0.8286377195889957,1.9607843137254901,-60.60000000000081,-52.879581151833165,True,2010-2017,2017
2017-06-30,-5574521676.306796,0.959,1.041,0.8285347363188202,1.593625498007968,72.90000000000101,70.02881844380502,True,2010-2017,2017
2017-07-07,-7744861192.709624,1.179,0.821,0.8313242996092776,1.3468013468013469,-42.099999999999426,-51.27892813641831,True,2010-2017,2017
2017-07-12,-3790945092.8162236,0.7965000000000001,1.2035,0.8259002312520648,2.2346368715083798,-118.34999999999897,-98.33818030743579,True,2010-2017,2017
2017-07-14,4705703959.897854,0.5915,1.4085,0.8182971236856103,2.8985507246376816,-44.8499999999992,-31.842385516506354,False,2010-2017,2017
2017-07-19,6931495043.90822,0.664,1.3359999999999999,0.8140339452155155,2.6666666666666665,-82.6000000000009,-61.82634730538991,False,2010-2017,2017
2017-07-21,14152794742.628239,0.654,1.346,0.8094871898652204,2.6315789473684212,54.39999999999864,40.416047548290216,False,2010-2017,2017
2017-07-26,8049008884.567911,0.634,1.366,0.8084401147984963,2.6666666666666665,58.39999999999886,42.752562225475,False,2010-2017,2017
2017-07-28,4062803317.863679,0.7364999999999999,1.2635,0.808996035919424,2.2346368715083798,63.65000000000056,50.37593984962451,False,2010-2017,2017
2017-08-02,3628146579.915155,0.819,1.181,0.8105698305909054,2.0202020202020203,37.90000000000022,32.09144792548706,False,2010-2017,2017
2017-08-04,575762213.1764153,0.7364999999999999,1.2635,0.809814957282261,2.2598870056497176,33.64999999999942,26.632370399682966,False,2010-2017,2017
2017-08-09,38123001.18108292,0.6814999999999999,1.3185000000000002,0.8087670346556675,2.4096385542168672,41.14999999999897,31.209708001516084,False,2010-2017,2017
2017-08-11,-9213031082.024107,1.209,0.7909999999999999,0.8203781943475943,1.21580547112462,109.89999999999864,138.93805309734344,True,2010-2017,2017
2017-08-16,-937460201.8935362,0.694,1.306,0.8112602928649657,2.380952380952381,61.39999999999874,47.01378254211236,True,2010-2017,2017
2017-08-18,-10956261702.790928,1.184,0.8160000000000001,0.8226051906387529,1.2578616352201257,37.399999999999764,45.833333333333044,True,2010-2017,2017
2017-08-23,-3282873113.027052,0.684,1.3159999999999998,0.8149959250203749,2.5,-27.60000000000079,-20.9726443769003,True,2010-2017,2017
2017-08-25,-7381341076.2362,0.9064999999999998,1.0935000000000001,0.8195713641765356,1.8779342723004695,36.65000000000077,33.51623228166508,True,2010-2017,2017
2017-08-30,-4905013189.153293,0.744,1.256,0.8168266285480907,2.2222222222222223,-29.599999999999206,-23.566878980891087,True,2010-2017,2017
2017-09-01,2858474881.440852,0.634,1.366,0.8083420903726457,2.6315789473684212,25.400000000000457,18.594436310395647,False,2010-2017,2017
2017-09-06,-4524952802.623759,0.8989999999999999,1.101,0.8126777732629012,1.869158878504673,-1.099999999999668,-0.999091734786256,True,2010-2017,2017
2017-09-08,-599469968.9044513,0.6864999999999999,1.3135000000000001,0.8100773623881081,2.4539877300613497,23.650000000001125,18.005329272935764,True,2010-2017,2017
2017-09-13,14032985922.79025,0.494,2.0060000000000002,0.9997200783780542,4.23728813559322,31.399999999999316,15.653040877367555,False,2010-2017,2017
2017-09-15,12598427497.976772,1.2465000000000002,1.2534999999999998,0.9996001599360256,1.7793594306049823,49.65000000000002,39.609094535301175,False,2010-2017,2017
2017-09-20,4812629413.89875,0.6839999999999999,1.316,0.8001280204832772,2.4691358024691357,59.39999999999965,45.13677811550125,False,2010-2017,2017
2017-09-22,1664293881.813341,0.5515,1.4485000000000001,0.8019246190858059,3.0769230769230766,48.15000000000068,33.24128408698701,False,2010-2017,2017
2017-09-27,-338096656.99737746,0.6040000000000001,1.396,0.8030515960650472,2.8985507246376816,-42.60000000000011,-30.515759312320995,True,2010-2017,2017
2017-09-29,5085448390.025902,0.6765000000000001,1.8235,0.9986019572598362,3.225806451612903,-52.34999999999885,-28.70852755689545,False,2010-2017,2017
2017-10-04,11090054691.673458,0.559,1.9409999999999998,0.9887284951552304,3.937007874015748,-10.099999999999653,-5.2035033487891065,False,2010-2017,2017
2017-10-06,11735021748.04727,0.5740000000000001,1.926,0.98173964264677,3.846153846153846,47.400000000000574,24.610591900311825,False,2010-2017,2017
2017-10-11,5786330880.181265,0.5115,1.9885000000000002,0.9819324430479184,4.310344827586206,1.1499999999999955,0.5783253708825725,False,2010-2017,2017
2017-10-13,5595229004.238186,0.5615,1.9385,0.9818938769097836,3.9062500000000004,15.150000000000341,7.815321124581037,False,2010-2017,2017
2017-10-18,6960138117.108637,0.6840000000000002,1.8159999999999998,0.9786267908870273,3.2467532467532467,-0.5999999999997563,-0.33039647577079095,False,2010-2017,2017
2017-10-20,5443909514.501665,0.5940000000000001,1.906,0.9772496286451411,3.623188405797101,-99.5999999999975,-52.256033578172875,False,2010-2017,2017
2017-10-25,1227191832.3674622,0.6214999999999999,1.8785,0.9744689144416293,3.5211267605633805,-56.84999999999978,-30.263508118179278,False,2010-2017,2017
2017-10-27,-236032154.93867928,0.7014999999999999,1.7985000000000002,0.9781290347822684,3.012048192771084,-98.84999999999978,-54.96246872393649,True,2010-2017,2017
2017-11-01,3285380190.787881,0.7414999999999999,1.7585000000000002,0.9723464664929408,2.9761904761904763,23.150000000000905,13.164628945124196,False,2010-2017,2017
2017-11-03,3211294175.869662,0.804,1.696,0.9704592213035208,2.7472527472527473,-14.599999999998857,-8.608490566037062,False,2010-2017,2017
2017-11-08,5902956997.727185,0.6515,1.8485,0.9664450286067728,3.3783783783783785,3.149999999999542,1.7040843927506315,False,2010-2017,2017
2017-11-10,1989544313.5288267,0.8440000000000001,1.156,0.7746233394012162,2.0202020202020203,76.4000000000016,66.08996539792527,False,2010-2017,2017
2017-11-15,165485349.71584737,0.7365,1.7635,0.9699697369442073,2.9069767441860463,-83.34999999999931,-47.26396370853377,False,2010-2017,2017
2017-11-17,8112533892.734979,0.754,1.746,0.9667066238737867,2.8735632183908044,13.399999999999546,7.674684994272363,False,2010-2017,2017
2017-11-22,9155952423.369547,0.484,2.016,0.961686413294353,4.504504504504505,25.39999999999818,12.599206349205447,False,2010-2017,2017
2017-11-29,13924357832.667946,0.6539999999999999,1.846,0.9511128019783145,3.1645569620253164,42.39999999999817,22.968580715058597,False,2010-2017,2017
2017-12-01,17789493905.91641,1.0565,1.4435,0.9438236182422229,1.976284584980237,49.64999999999977,34.39556633183219,False,2010-2017,2017
2017-12-06,12729342114.287678,0.8415,1.6585,0.9498480243161095,2.5906735751295336,56.150000000002734,33.8558938800137,False,2010-2017,2017
2017-12-08,15653498571.590414,0.694,1.806,0.946790380609733,3.0864197530864197,-79.60000000000092,-44.07530454042132,False,2010-2017,2017
2017-12-13,26731032033.843353,0.8664999999999999,1.6335000000000002,0.9370666066944038,2.4875621890547266,60.6500000000009,37.128864401592224,False,2010-2017,2017
2017-12-15,17524571587.138653,1.3664999999999998,1.1335000000000002,0.9409816320385426,1.5479876160990713,33.65000000000271,29.68681076312546,False,2010-2017,2017
2017-12-20,13943319078.414894,0.8365,1.6635,0.9356637598712527,2.564102564102564,38.65000000000114,23.234144875263684,False,2010-2017,2017
2017-12-22,15616928475.011902,0.664,1.8359999999999999,0.9343349403894309,3.3333333333333335,65.40000000000092,35.62091503268024,False,2010-2017,2017
2017-12-27,12737604563.384256,0.5239999999999999,1.976,0.9357688276688126,4.201680672268908,18.400000000002493,9.31174089068952,False,2010-2017,2017
2017-12-29,12260566520.288214,0.5039999999999999,1.496,0.7466587023071753,3.2,-61.60000000000046,-41.1764705882356,False,2010-2017,2017
2018-01-03,4887433102.717308,0.684,1.8159999999999998,0.9300941255255031,3.2679738562091503,-128.60000000000272,-70.81497797356978,False,2018-2026,2018
2018-01-05,8156807732.822628,0.7365,1.7635,0.9203696204395685,2.9940119760479043,-115.34999999999864,-65.40969662602701,False,2018-2026,2018
2018-01-10,9182362055.285393,0.7565,1.7435,0.9107136352045463,2.9411764705882355,35.650000000002265,20.447375967882,False,2018-2026,2018
2018-01-12,9615907485.160883,0.684,1.8159999999999998,0.9055018291136949,3.2467532467532467,-122.60000000000248,-67.5110132158604,False,2018-2026,2018
2018-01-17,7138196395.775515,1.194,1.306,0.9026574234546506,1.8115942028985508,-130.6,-100.0,False,2018-2026,2018
2018-01-19,6290461040.78052,1.114,1.386,0.8954796188838742,1.9083969465648853,-26.599999999999536,-19.191919191918856,False,2018-2026,2018
2018-01-24,9768278731.280807,1.0064999999999997,1.4935000000000003,0.8825813740026831,2.1645021645021645,68.65000000000066,45.96585202544402,False,2018-2026,2018
2018-01-26,7415782889.58133,1.1965000000000001,1.3034999999999999,0.8824879099156341,1.7921146953405018,-130.35,-100.0,False,2018-2026,2018
2018-01-31,1089131863.9280818,1.5290000000000001,0.9709999999999999,0.8876264867743654,1.1961722488038278,142.89999999999773,147.16786817713466,False,2018-2026,2018
2018-02-02,951024226.0670621,1.3639999999999999,1.1360000000000001,0.8878471482349599,1.4326647564469912,-113.60000000000001,-100.0,False,2018-2026,2018
2018-02-07,-5317773900.234374,1.8414999999999997,0.6585000000000003,0.9287465636377145,0.5896226415094339,49.149999999997696,74.63933181472692,True,2018-2026,2018
2018-02-09,-8255301874.643601,2.0140000000000002,0.48599999999999977,0.970045010088468,0.4803073967339097,-48.59999999999998,-100.0,True,2018-2026,2018
2018-02-14,-3506186226.275601,1.8265,0.6735,0.9398496240601504,0.7621951219512194,-67.35,-100.0,True,2018-2026,2018
2018-02-16,752123771.0167047,1.4465000000000001,1.0534999999999999,0.9157173729900004,1.2376237623762374,85.6500000000025,81.30042714760563,False,2018-2026,2018
2018-02-21,-2175627622.9585204,1.5015000000000005,0.9984999999999995,0.9210477839590318,1.2254901960784315,-49.84999999999995,-49.92488733099647,True,2018-2026,2018
2018-02-23,-4784616308.471777,1.4739999999999998,1.0260000000000002,0.9248298313110388,1.1709601873536302,-102.60000000000002,-100.0,True,2018-2026,2018
2018-02-26,2077528668.9917734,1.2265000000000001,0.7734999999999999,0.728093487203757,1.1235955056179774,-77.34999999999998,-100.0,False,2018-2026,2018
2018-02-28,-365437373.21159554,1.6265000000000003,0.8734999999999997,0.9111451271958597,1.075268817204301,-87.34999999999997,-100.0,True,2018-2026,2018
2018-03-02,-9060741498.305319,1.5964999999999998,0.9035000000000002,0.933776565943301,0.9259259259259258,45.65000000000134,50.52573325954769,True,2018-2026,2018
2018-03-05,-7397030918.669591,1.4590000000000003,1.0409999999999997,0.9288845953778703,0.980392156862745,-75.09999999999792,-72.14217098943126,True,2018-2026,2018
2018-03-07,-1008271367.8334216,1.4364999999999999,1.0635000000000001,0.9160864785635765,1.3123359580052494,113.64999999999885,106.86412787964159,True,2018-2026,2018
2018-03-09,418083509.324797,1.454,1.046,0.9121091612244154,1.25,-104.60000000000001,-100.0,False,2018-2026,2018
2018-03-12,9348371510.140398,1.4315000000000002,1.5684999999999998,1.076001578135648,1.7291066282420748,92.15000000000093,58.750398469876274,False,2018-2026,2018
2018-03-14,1971896487.3604112,1.3739999999999999,1.1260000000000001,0.903538255809751,1.4285714285714286,14.399999999998169,12.788632326818977,False,2018-2026,2018
2018-03-16,-2331531220.562499,1.2914999999999999,1.2085000000000001,0.9090909090909091,1.5479876160990713,49.14999999999885,40.67025237898125,True,2018-2026,2018
2018-03-19,-7055734590.722483,1.0515,1.4485,0.9117432530999271,1.9011406844106464,-144.85,-100.0,True,2018-2026,2018
2018-03-21,-5008353276.50426,1.569,0.931,0.922713515907581,1.0683760683760684,99.90000000000067,107.30397422126818,True,2018-2026,2018
2018-03-23,-8781701422.718637,1.7489999999999999,0.7510000000000001,0.9480829762220789,0.7485029940119761,-25.100000000000012,-33.42210386151799,True,2018-2026,2018
2018-03-26,-10062991245.873005,1.5964999999999996,0.4035000000000004,0.7751637533428937,0.4640371229698376,-40.350000000000044,-100.0,True,2018-2026,2018
2018-03-28,-7599817309.289533,1.6115000000000002,0.8884999999999998,0.9596560592683583,0.8417508417508418,45.14999999999751,50.815981992118765,True,2018-2026,2018
2018-03-29,-8140290869.812756,1.4889999999999997,0.5110000000000003,0.769704433497537,0.6872852233676976,-51.10000000000004,-100.0,True,2018-2026,2018
2018-04-02,-4784502327.349626,1.4965,0.5035000000000001,0.7590420888838286,0.6956521739130435,-50.35000000000001,-100.0,True,2018-2026,2018
2018-04-04,-6244605636.846299,1.7690000000000006,0.7309999999999994,0.9586624741161133,0.8635578583765111,-73.09999999999994,-100.0,True,2018-2026,2018
2018-04-06,-2191156648.4075565,1.5590000000000004,0.9409999999999996,0.9411233248004819,0.9596928982725527,-94.09999999999997,-100.0,True,2018-2026,2018
2018-04-09,-7246690732.047383,1.6915,0.8085,0.9623157165402825,0.7429420505200593,83.14999999999864,102.84477427334402,True,2018-2026,2018
2018-04-11,-1859398866.6781049,1.5289999999999997,0.4710000000000003,0.7543469241504168,0.6932409012131716,28.89999999999906,61.35881104033767,True,2018-2026,2018
2018-04-13,-1098916100.1275003,1.4389999999999998,1.0610000000000002,0.9402030838661152,1.1185682326621924,-41.10000000000229,-38.73704052780611,True,2018-2026,2018
2018-04-16,-3639529062.4521527,1.6089999999999995,0.8910000000000005,0.9428625306430324,1.0683760683760684,-71.09999999999937,-79.79797979797905,True,2018-2026,2018
2018-04-18,2768144457.6145678,1.139,0.861,0.7403294466037387,1.2422360248447206,50.90000000000045,59.11730545876941,False,2018-2026,2018
2018-04-20,-856071675.6786835,1.3065,1.1935,0.9298519675667634,1.5151515151515151,-108.34999999999863,-90.7834101382477,True,2018-2026,2018
2018-04-23,-6328819602.06886,1.5514999999999992,0.9485000000000008,0.9376992610929822,1.149425287356322,147.1500000000015,155.13969425408686,True,2018-2026,2018
2018-04-25,-6216147085.772391,1.5690000000000006,0.9309999999999994,0.9504257907542578,1.0141987829614603,-0.09999999999925624,-0.10741138560607551,True,2018-2026,2018
2018-04-27,-1574124568.9148042,1.444,1.056,0.9387555855957342,1.3297872340425532,136.4000000000016,129.16666666666816,True,2018-2026,2018
2018-04-30,-843283754.6725271,1.3590000000000002,1.1409999999999998,0.9378047865556306,1.4619883040935673,-70.10000000000021,-61.4373356704647,True,2018-2026,2018
2018-05-02,-3876674741.646582,1.6490000000000002,0.8509999999999998,0.9453940402359704,1.0,-64.10000000000203,-75.3231492361951,True,2018-2026,2018
2018-05-04,-6661544473.685488,1.474,1.026,0.9519820265793382,1.2531328320802007,-102.60000000000001,-100.0,True,2018-2026,2018
2018-05-07,-583566958.1259418,1.2714999999999999,1.2285000000000001,0.9398142926957633,1.5151515151515151,87.15000000000227,70.94017094017278,True,2018-2026,2018
2018-05-09,-2038285890.8744206,1.2765,1.2235,0.9367155007681067,1.5873015873015872,-120.35000000000183,-98.36534532080246,True,2018-2026,2018
2018-05-11,6120867779.635249,1.154,1.346,0.919083857211132,1.824817518248175,51.400000000001356,38.187221396732056,False,2018-2026,2018
2018-05-14,5775768859.302788,1.1465,1.3535,0.9169600938967136,1.8181818181818181,72.64999999999841,53.67565570742403,False,2018-2026,2018
2018-05-16,-986589919.2645159,1.3465,1.1535,0.9224071136036602,1.4925373134328357,-36.34999999999795,-31.512787169482404,True,2018-2026,2018
2018-05-18,2098157717.0668492,1.1239999999999999,1.3760000000000001,0.9190500698478054,1.8939393939393943,46.39999999999749,33.72093023255631,False,2018-2026,2018
2018-05-21,95441115.694046,1.114,1.386,0.9213532837031032,1.9083969465648853,-74.60000000000136,-53.82395382395481,False,2018-2026,2018
2018-05-23,1966376354.3709335,1.0364999999999998,1.4635000000000002,0.9172292339301438,2.109704641350211,17.649999999998613,12.060129825759212,False,2018-2026,2018
2018-05-25,2123893723.9507527,0.9790000000000001,1.521,0.9162543522081729,2.2123893805309733,15.900000000000691,10.453648915187832,False,2018-2026,2018
2018-05-29,250102064.04310495,1.2014999999999998,1.2985000000000002,0.9185098096847674,1.7064846416382253,-129.85000000000002,-100.0,False,2018-2026,2018
2018-05-30,-4912321137.572513,1.4365,1.0635,0.9290226681531029,1.3333333333333333,-106.35,-100.0,True,2018-2026,2018
2018-06-01,-1930685934.0854816,1.2515,1.2485,0.9233610341643582,1.597444089456869,-124.85,-100.0,True,2018-2026,2018
2018-06-04,5148881786.292325,1.1215000000000002,1.3784999999999998,0.9135757354284672,1.845018450184502,-26.84999999999862,-19.477693144721524,False,2018-2026,2018
2018-06-06,5127492238.036992,0.9964999999999999,1.5035,0.9084302325581396,2.242152466367713,-150.35,-100.0,False,2018-2026,2018
2018-06-08,8207900287.995727,0.9989999999999999,1.5010000000000001,0.9014531424656547,2.173913043478261,30.900000000000215,20.586275816122726,False,2018-2026,2018
2018-06-11,10560808254.384302,1.099,1.401,0.8986663790934254,1.923076923076923,53.89999999999977,38.47251962883638,False,2018-2026,2018
2018-06-13,8982053995.767347,1.1415000000000004,1.3584999999999996,0.8961215857767582,1.8726591760299627,58.149999999999814,42.80456385719531,False,2018-2026,2018
2018-06-15,7608450097.56669,1.3214999999999997,1.1785000000000003,0.8969575200918484,1.639344262295082,2.1499999999988306,1.8243529910893765,False,2018-2026,2018
2018-06-18,-4196399702.4734406,1.0164999999999997,1.4835000000000003,0.9018759018759019,2.0,58.649999999999295,39.53488372092975,True,2018-2026,2018
2018-06-20,-2962421287.308565,1.2965,1.2035,0.9073751451800233,1.6286644951140063,30.64999999999909,25.467386788532686,True,2018-2026,2018
2018-06-22,-4834695525.878149,1.2914999999999999,1.2085000000000001,0.911610268378063,1.4880952380952381,58.15000000000203,48.11750103434177,True,2018-2026,2018
2018-06-25,-1568600991.751413,1.2215,1.2785,0.9100505988132941,1.6835016835016836,-127.85,-100.0,True,2018-2026,2018
2018-06-27,-4258058085.2396636,1.2914999999999999,1.2085000000000001,0.9206068640447783,1.607717041800643,-120.85000000000001,-100.0,True,2018-2026,2018
2018-06-29,-5482867424.912329,1.3615,0.6385000000000001,0.7381708127260648,1.0,117.15000000000022,183.47689898198936,True,2018-2026,2018
2018-07-02,-3376832415.3427978,1.5315,0.9684999999999999,0.9218629005494303,1.1709601873536302,146.1500000000007,150.90345895715097,True,2018-2026,2018
2018-07-06,-3360727698.995144,1.2539999999999998,1.2460000000000002,0.9154491193379473,1.5923566878980893,-111.60000000000048,-89.56661316211914,True,2018-2026,2018
2018-07-09,2123738131.2344763,1.2114999999999998,1.2885000000000002,0.9078694120637687,1.6286644951140063,-117.84999999999866,-91.46294140473313,False,2018-2026,2018
2018-07-11,6414999034.9587755,0.969,1.5310000000000001,0.8966679817797066,2.212389380530974,-113.10000000000228,-73.87328543435811,False,2018-2026,2018
2018-07-13,7845903622.4886465,1.009,1.491,0.895094880057286,2.11864406779661,42.90000000000158,28.772635814890396,False,2018-2026,2018
2018-07-16,9043916222.256521,1.054,1.946,1.0730381286215038,2.4,40.40000000000228,20.760534429600348,False,2018-2026,2018
2018-07-18,9503979125.5332,0.8739999999999999,1.6260000000000001,0.8912655971479501,2.4752475247524752,82.39999999999885,50.67650676506694,False,2018-2026,2018
2018-07-20,6122170022.446313,1.019,1.481,0.8927614898403743,2.1551724137931036,74.90000000000181,50.57393652937326,False,2018-2026,2018
2018-07-23,6169449213.073494,0.9989999999999999,1.5010000000000001,0.8937189432667214,2.1367521367521367,75.89999999999908,50.56628914057233,False,2018-2026,2018
2018-07-25,4190170556.984773,1.0464999999999998,1.4535000000000002,0.8879102145191078,2.0920502092050213,-145.35000000000002,-100.0,False,2018-2026,2018
2018-07-27,6801517946.973139,1.0815000000000001,1.4184999999999999,0.8824879099156341,1.9305019305019306,-94.84999999999727,-66.86640817765053,False,2018-2026,2018
2018-07-30,129871939.58087306,1.194,1.306,0.8881941237076775,1.6778523489932886,-40.60000000000228,-31.087289433386122,False,2018-2026,2018
2018-08-03,2852506800.75113,0.8965,1.6035,0.8854572501239641,2.3923444976076556,-25.34999999999773,-15.80916744621,False,2018-2026,2018
2018-08-06,6369187167.59422,0.914,1.5859999999999999,0.8813678829543452,2.2935779816513766,-26.60000000000068,-16.771752837327035,False,2018-2026,2018
2018-08-08,8105681889.907682,0.9139999999999999,1.586,0.8755340757862295,2.4752475247524752,83.40000000000158,52.585119798235546,False,2018-2026,2018
2018-08-10,6515386916.113064,0.8165,1.6835,0.8770083491194837,2.7027027027027026,-157.34999999999863,-93.46599346599265,False,2018-2026,2018
2018-08-13,-1447995713.3561172,1.284,1.716,1.0596587898696619,1.8575851393188854,33.40000000000114,19.46386946387013,True,2018-2026,2018
2018-08-15,724063232.2944295,0.9964999999999999,1.5035,0.8807468733485996,2.1276595744680855,-124.35000000000092,-82.70701696042629,False,2018-2026,2018
2018-08-17,4913684569.835013,1.124,1.376,0.879971840901091,1.8518518518518516,11.40000000000092,8.284883720930903,False,2018-2026,2018
2018-08-20,7335397713.450208,1.089,1.411,0.8771622048349181,1.9230769230769234,37.900000000002045,26.860382707301234,False,2018-2026,2018
2018-08-22,6488312679.906962,0.9464999999999998,1.5535,0.8733319360022358,2.262443438914027,63.64999999999975,40.97199871258432,False,2018-2026,2018
2018-08-24,3442713130.801719,1.0815000000000001,1.4184999999999999,0.8748294082653884,1.976284584980237,-92.84999999999908,-65.4564681001051,False,2018-2026,2018
2018-08-27,8422932204.571606,0.969,1.5310000000000001,0.8695349726966018,2.173913043478261,-125.10000000000274,-81.71129980405144,False,2018-2026,2018
2018-08-29,6418052412.070852,0.9189999999999997,1.5810000000000004,0.8624258313785015,2.3584905660377355,-54.09999999999798,-34.218848829853236,False,2018-2026,2018
2018-08-31,3349346426.2591105,1.0965,1.4035,0.8613857974709712,1.9607843137254903,86.64999999999819,61.73851086569162,False,2018-2026,2018
2018-09-04,4541904371.379942,1.1239999999999999,1.3760000000000001,0.8613857974709712,1.8518518518518516,99.40000000000045,72.23837209302357,False,2018-2026,2018
2018-09-05,3397826050.708744,0.9714999999999998,1.5285000000000002,0.8624555835374478,2.1459227467811157,3.150000000000208,2.0608439646713825,False,2018-2026,2018
2018-09-07,-464122333.70833683,1.1115000000000002,1.3884999999999998,0.8674832575731288,1.845018450184502,16.150000000001153,11.63125675189136,True,2018-2026,2018
2018-09-10,-4659789518.385806,1.239,1.261,0.869414014953921,1.6129032258064515,63.89999999999774,50.6740681998396,True,2018-2026,2018
2018-09-12,3568960983.4332967,0.9890000000000001,1.511,0.8646928610957387,2.2123893805309733,81.89999999999841,54.20251489079975,False,2018-2026,2018
2018-09-14,6079367900.654739,0.8989999999999999,1.601,0.8596382642184169,2.380952380952381,49.900000000002265,31.168019987509222,False,2018-2026,2018
2018-09-17,7625688569.3457365,0.8789999999999999,2.121,1.0312822275696116,2.8571428571428577,-78.10000000000251,-36.822253653938006,False,2018-2026,2018
2018-09-19,6184810829.9466095,0.939,1.561,0.8594018563080097,2.293577981651376,68.89999999999999,44.13837283792441,False,2018-2026,2018
2018-09-21,11746945563.540312,1.2864999999999998,1.2135000000000002,0.8516436722875149,1.6611295681063125,-20.350000000000932,-16.769674495262407,False,2018-2026,2018
2018-09-24,-151153402.9866006,1.029,1.471,0.8561350638676758,2.0491803278688523,9.89999999999931,6.73011556764059,True,2018-2026,2018
2018-09-26,383987966.67857677,1.0939999999999999,1.4060000000000001,0.8599931200550396,1.968503937007874,-5.59999999999774,-3.9829302987181645,False,2018-2026,2018
2018-09-28,-1965649735.411083,1.4065,1.5935,1.0321692757612249,1.8237082066869301,79.64999999999864,49.984311264511234,True,2018-2026,2018
2018-10-03,2233512268.087329,0.9289999999999999,1.5710000000000002,0.8574270329594952,2.3584905660377355,64.90000000000272,41.31126670910421,False,2018-2026,2018
2018-10-05,-5963789321.3338785,1.4690000000000003,1.0309999999999997,0.8636473555117974,1.2285012285012284,35.89999999999867,34.82056256061947,True,2018-2026,2018
2018-10-08,-9799170993.529676,1.6039999999999999,0.8960000000000001,0.868387231234152,1.0940919037199124,131.39999999999793,146.6517857142834,True,2018-2026,2018
2018-10-10,-6934356286.638028,1.449,1.051,0.8697769891799743,1.3736263736263739,-105.1,-100.0,True,2018-2026,2018
2018-10-12,-11195044460.966024,1.6714999999999998,0.32850000000000024,0.7346189164370982,0.41407867494824013,-32.85000000000002,-100.0,True,2018-2026,2018
2018-10-15,-11478506277.476511,1.5540000000000003,0.44599999999999973,0.7245589247545557,0.554016620498615,1.3999999999979806,3.1390134529102727,True,2018-2026,2018
2018-10-17,-6569405392.821131,1.4515,1.0485,0.8919333547397338,1.2285012285012284,136.1500000000025,129.85216976633524,True,2018-2026,2018
2018-10-19,-10416325264.148474,1.7789999999999997,0.7210000000000003,0.9041591320072333,0.8741258741258742,147.89999999999884,205.13176144243937,True,2018-2026,2018
2018-10-22,-8683234925.114004,1.7389999999999999,0.7610000000000001,0.9051412020275164,0.8865248226950354,29.900000000000215,39.290407358738776,True,2018-2026,2018
2018-10-24,-6822724790.560276,1.7389999999999997,0.7610000000000003,0.9139765290827332,0.8960573476702509,-76.10000000000004,-100.0,True,2018-2026,2018
2018-10-26,-6656399095.398189,1.7765,0.7235,0.9254803242883056,0.782472613458529,-72.35000000000001,-100.0,True,2018-2026,2018
2018-10-29,-8983146030.575943,2.0215000000000005,0.4784999999999995,0.9424004825090472,0.49309664694280075,33.150000000000276,69.27899686520442,True,2018-2026,2018
2018-10-31,-6853735857.012882,1.8990000000000002,0.6009999999999998,0.9334976289160225,0.6775067750677507,-60.09999999999997,-100.0,True,2018-2026,2018
2018-11-02,-3377959926.583476,1.5915000000000001,0.9084999999999999,0.9140433622171036,0.9920634920634921,39.15000000000115,43.09301045679819,True,2018-2026,2018
2018-11-05,-5292877922.568036,1.8040000000000005,0.6959999999999995,0.919793966151582,0.8488964346349746,37.399999999999366,53.73563218390718,True,2018-2026,2018
2018-11-07,-2604829106.285847,1.8889999999999996,0.6110000000000004,0.9087604507451835,0.6675567423230975,-61.100000000000044,-100.0,True,2018-2026,2018
2018-11-09,783013321.2698727,1.4115,1.0885,0.8914880718895981,1.3020833333333333,-24.850000000002503,-22.82958199357143,False,2018-2026,2018
2018-11-12,-1426292869.510904,1.5315000000000005,0.9684999999999995,0.8997984451482869,1.1494252873563218,-96.84999999999995,-100.0,True,2018-2026,2018
2018-11-14,-6332533549.503989,1.7915000000000003,0.7084999999999997,0.9189149452326693,0.8591065292096219,-6.850000000001333,-9.668313338039994,True,2018-2026,2018
2018-11-16,-5160875578.521293,1.7364999999999993,0.7635000000000007,0.9156167594491649,0.8833922261484098,55.649999999999245,72.88801571709128,True,2018-2026,2018
2018-11-19,-1106541885.9544556,1.6464999999999999,0.8535000000000001,0.9134755919321835,1.0438413361169103,-85.35000000000001,-100.0,True,2018-2026,2018
2018-11-21,-6362411060.921505,1.8164999999999998,0.6835000000000002,0.9463244757362405,0.7911392405063291,173.65000000000157,254.0599853694243,True,2018-2026,2018
2018-11-28,-3609762544.036723,1.519,0.9810000000000001,0.9316538719534919,1.1363636363636362,-98.10000000000001,-100.0,True,2018-2026,2018
2018-11-30,3275447324.4236693,1.4239999999999997,1.0760000000000003,0.9125752874612156,1.2853470437017995,67.39999999999998,62.63940520446092,False,2018-2026,2018
2018-12-03,4224714763.728489,1.6689999999999998,0.3310000000000002,0.7252946509519492,0.42372881355932196,-33.100000000000016,-100.0,False,2018-2026,2018
2018-12-07,-4378795316.532769,1.8065,0.6935,0.9260631204622908,0.8169934640522876,-69.35,-100.0,True,2018-2026,2018
2018-12-10,-6267779881.992271,1.8114999999999988,0.6885000000000012,0.9482268158543524,0.580046403712297,-11.850000000000804,-17.211328976035997,True,2018-2026,2018
2018-12-12,-5108019701.425341,1.7515000000000003,0.7484999999999997,0.9466469764095574,0.8156606851549755,123.15000000000185,164.529058116235,True,2018-2026,2018
2018-12-14,-5081356261.668183,1.6790000000000005,0.8209999999999995,0.9419743782969104,0.9541984732824427,-82.09999999999995,-100.0,True,2018-2026,2018
2018-12-17,-9648175081.29986,1.849,0.651,0.9597297401051863,0.7122507122507123,-65.10000000000001,-100.0,True,2018-2026,2018
2018-12-19,-7526600194.041666,2.0265000000000004,0.4734999999999996,0.9797773945759524,0.5387931034482758,-47.34999999999996,-100.0,True,2018-2026,2018
2018-12-21,-11731212600.745342,1.5915000000000004,0.40849999999999964,0.8089633135137322,0.5194805194805194,-40.849999999999966,-100.0,True,2018-2026,2018
2018-12-28,-3294748604.4940233,1.6315000000000004,0.3684999999999996,0.8058991820123304,0.4484304932735426,33.149999999998904,89.95929443690349,True,2018-2026,2018
2018-12-31,-2908836240.272677,1.6515,0.34850000000000003,0.8071025020177562,0.4291845493562232,-34.85,-100.0,True,2018-2026,2018
2019-01-02,-2698497412.6068697,1.569,0.43100000000000005,0.7998080460689434,0.5270092226613966,30.900000000000905,71.69373549884199,True,2018-2026,2019
2019-01-04,-3900921567.703627,1.5915000000000004,0.40849999999999964,0.8192692118630182,0.5284015852047556,-40.849999999999966,-100.0,True,2018-2026,2019
2019-01-07,-600489431.359366,1.7190000000000003,0.7809999999999997,0.990334336872128,0.8880994671403196,-6.100000000000083,-7.8104993597952435,True,2018-2026,2019
2019-01-09,-210251253.83978507,1.7114999999999994,0.7885000000000006,0.9738994935722634,0.9487666034155599,34.14999999999948,43.31008243500248,True,2018-2026,2019
2019-01-11,229976804.66619453,1.5115,0.9884999999999999,0.965400061785604,1.2077294685990336,144.1500000000007,145.82701062215548,False,2018-2026,2019
2019-01-14,-255871227.14603314,1.4515,1.0485,0.9655119144170239,1.3123359580052494,-9.850000000001135,-9.394372913687302,True,2018-2026,2019
2019-01-16,-355238661.6519278,1.379,1.121,0.9601351870343344,1.3812154696132597,92.90000000000114,82.87243532560315,True,2018-2026,2019
2019-01-18,634856709.8025914,1.3914999999999997,1.1085000000000003,0.9506426344208685,1.3404825737265418,-110.85000000000002,-100.0,False,2018-2026,2019
2019-01-22,3119466481.3153543,1.4015,1.0985,0.9384032130926016,1.3123359580052494,-109.85000000000001,-100.0,False,2018-2026,2019
2019-01-23,-1984701246.04769,1.5190000000000001,0.9809999999999999,0.9508957437906507,1.1737089201877935,20.899999999999785,21.304791029561457,True,2018-2026,2019
2019-01-25,-904447785.5318408,1.3415000000000001,1.1584999999999999,0.9484066767830045,1.4326647564469912,-97.8499999999993,-84.46266724212285,True,2018-2026,2019
2019-01-28,1559248211.738464,1.4015,1.0985,0.9404860431871191,1.4005602240896358,-81.85000000000274,-74.51069640419001,False,2018-2026,2019
2019-01-30,-1344329826.2946155,1.6265,0.8734999999999999,0.9490187146490529,1.0660980810234544,-87.35,-100.0,True,2018-2026,2019
2019-02-01,2712320150.7154846,1.5015,0.9984999999999999,0.9263033087554189,1.1961722488038278,142.1500000000016,142.36354531797858,False,2018-2026,2019
2019-02-04,2540913980.4956255,1.2065000000000001,0.7934999999999999,0.740521327014218,1.21580547112462,-79.35,-100.0,False,2018-2026,2019
2019-02-06,3627423283.1547,1.1989999999999998,1.3010000000000002,0.9151140232072916,1.5822784810126582,94.89999999999998,72.94388931591081,False,2018-2026,2019
2019-02-08,-913137096.3336519,1.344,1.156,0.9253090532237768,1.4792899408284024,86.39999999999819,74.74048442906418,True,2018-2026,2019
2019-02-11,402565581.9507176,1.429,1.071,0.9242827565808932,1.358695652173913,27.90000000000228,26.050420168069355,False,2018-2026,2019
2019-02-13,3724303071.299298,1.2039999999999997,1.2960000000000003,0.9120426106307686,1.7361111111111112,22.399999999998155,17.283950617282525,False,2018-2026,2019
2019-02-15,3624103439.535471,1.294,1.206,0.9111451271958597,1.5151515151515151,-109.59999999999863,-90.87893864013154,False,2018-2026,2019
2019-02-19,6800454940.684752,1.3114999999999999,1.1885000000000001,0.9012581563863153,1.5243902439024388,96.14999999999772,80.90029448884957,False,2018-2026,2019
2019-02-20,2642143548.7574224,1.149,1.351,0.8997660608241856,1.865671641791045,108.89999999999978,80.60695780903018,False,2018-2026,2019
2019-02-22,229319754.17625362,1.2015,1.2985,0.9010307792114179,1.694915254237288,-93.84999999999863,-72.27570273392271,False,2018-2026,2019
2019-02-25,3691307783.0127163,1.2065,1.7935,1.074729526402522,2.1201413427561837,63.650000000000674,35.48926679676647,False,2018-2026,2019
2019-02-27,789137521.6388897,1.2865,1.2135,0.8949667072384908,1.65016501650165,101.65000000000181,83.76596621343371,False,2018-2026,2019
2019-03-01,-732898203.2886363,1.1540000000000001,1.3459999999999999,0.8973438621679827,1.824817518248175,-82.6000000000018,-61.367013372958255,True,2018-2026,2019
2019-03-04,4089858918.3034654,1.1764999999999999,1.3235000000000001,0.8913291500285224,1.8587360594795537,7.649999999997714,5.780128447297101,False,2018-2026,2019
2019-03-06,1452039553.4090989,1.1139999999999999,1.3860000000000001,0.8958646885974343,1.9230769230769234,-108.59999999999887,-78.35497835497753,False,2018-2026,2019
2019-03-08,-4675184385.3455715,1.5339999999999998,0.9660000000000002,0.908826523193253,1.2820512820512822,105.39999999999816,109.10973084885936,True,2018-2026,2019
2019-03-11,-7903136113.151363,1.4865000000000002,1.0134999999999998,0.9106804604400408,1.3089005235602096,-101.34999999999998,-100.0,True,2018-2026,2019
2019-03-13,2673353222.708807,1.2140000000000002,1.2859999999999998,0.8946464357286,1.7605633802816902,-61.59999999999839,-47.900466562984754,False,2018-2026,2019
2019-03-15,4405274957.446558,1.3164999999999998,1.1835000000000002,0.8890785589814716,1.5673981191222568,96.6499999999977,81.66455428812648,False,2018-2026,2019
2019-03-18,4061940140.6166897,1.139,1.361,0.8885729518393459,1.8796992481203008,24.900000000001366,18.295371050699018,False,2018-2026,2019
2019-03-20,1198904324.96548,1.4315,1.0685,0.8850497397953764,1.358695652173913,96.14999999999728,89.98596162844854,False,2018-2026,2019
2019-03-22,4279807413.272786,1.2565,1.2435,0.8782098570274353,1.6077170418006432,-124.35000000000001,-100.0,False,2018-2026,2019
2019-03-25,-3876535785.8592005,1.6890000000000003,0.8109999999999997,0.8952551477170994,0.9671179883945842,70.89999999999822,87.42293464857983,True,2018-2026,2019
2019-03-27,-1156668421.6267905,1.479,1.021,0.889584741842508,1.3089005235602094,119.90000000000273,117.43388834476274,True,2018-2026,2019
2019-03-29,16968571.99389439,1.5489999999999997,1.4510000000000003,1.06841411731187,1.6042780748663101,-5.100000000002303,-3.51481736733446,False,2018-2026,2019
2019-04-01,3324892992.295356,1.3690000000000002,1.1309999999999998,0.8846426043878273,1.4792899408284024,-113.09999999999998,-100.0,False,2018-2026,2019
2019-04-03,3983166056.3404126,1.1264999999999998,1.3735000000000002,0.8741870060843415,1.9607843137254903,60.6500000000018,44.15726246814838,False,2018-2026,2019
2019-04-05,4004109900.6948166,1.229,1.271,0.8704432296925595,1.644736842105263,-30.099999999997262,-23.682140047204772,False,2018-2026,2019
2019-04-08,7125922337.956274,1.139,1.361,0.8664610265830244,1.8939393939393943,82.89999999999978,60.91109478324744,False,2018-2026,2019
2019-04-10,2783661085.029592,1.129,1.371,0.8701705534284719,1.9083969465648853,33.89999999999795,24.72647702406853,False,2018-2026,2019
2019-04-12,5054353074.975668,1.034,1.966,1.0408354439163168,2.5862068965517238,-114.60000000000068,-58.29094608341845,False,2018-2026,2019
2019-04-15,11062631509.863668,1.0864999999999998,1.9135000000000002,1.0338410641670688,2.469135802469136,108.64999999999998,56.78076822576429,False,2018-2026,2019
2019-04-17,6730833501.037728,1.084,1.416,0.8615342201392239,2.032520325203252,56.400000000001825,39.83050847457756,False,2018-2026,2019
2019-04-18,4867454510.385322,1.0739999999999998,1.4260000000000002,0.8636175210722674,1.9841269841269842,56.400000000000894,39.551192145863176,False,2018-2026,2019
2019-04-22,7094458572.218925,1.1065000000000003,1.3934999999999997,0.862039240026206,1.9157088122605361,79.64999999999979,57.15823466092559,False,2018-2026,2019
2019-04-24,7080874609.262846,1.0864999999999998,1.4135000000000002,0.8536210605388056,2.008032128514056,82.65000000000089,58.47187831623691,False,2018-2026,2019
2019-04-26,6342132161.128424,1.139,1.361,0.8559298822240482,1.8796992481203008,19.90000000000023,14.621601763409425,False,2018-2026,2019
2019-04-29,9453487110.831558,1.1764999999999999,1.8235000000000001,1.0223555070883314,2.197802197802198,35.650000000000674,19.550315327666944,False,2018-2026,2019
2019-05-03,-591475142.4492503,1.3964999999999999,1.1035000000000001,0.8583396278239374,1.4245014245014247,-110.35000000000001,-100.0,True,2018-2026,2019
2019-05-06,6134955097.776378,1.074,1.926,1.020304050607081,2.380952380952381,-6.599999999998629,-3.4267912772578555,False,2018-2026,2019
2019-05-08,-3688185032.832538,1.864,0.6359999999999999,0.867935009026524,0.8012820512820512,130.39999999999978,205.03144654088018,True,2018-2026,2019
2019-05-10,-3696280144.3919177,1.9914999999999996,0.5085000000000004,0.8718395815170009,0.6053268765133172,96.15000000000269,189.08554572271902,True,2018-2026,2019
2019-05-13,-3238769480.903003,1.8090000000000002,0.6909999999999998,0.8679651425198764,0.819672131147541,-69.09999999999998,-100.0,True,2018-2026,2019
2019-05-15,-4667334420.650895,1.679,0.821,0.8823944656219116,1.0288065843621401,11.899999999999778,14.494518879415077,True,2018-2026,2019
2019-05-17,-1767980354.627684,1.489,1.011,0.8691722003963426,1.2106537530266344,-11.100000000002264,-10.979228486649124,True,2018-2026,2019
2019-05-20,-4714860433.367132,1.944,1.056,1.0493179433368311,1.1235955056179776,-7.599999999998186,-7.1969696969679795,True,2018-2026,2019
2019-05-22,-1783277906.4752827,1.429,1.071,0.8726308073580229,1.3812154696132597,54.90000000000046,51.2605042016811,True,2018-2026,2019
2019-05-24,-6314041249.406006,1.684,0.8160000000000001,0.8856768342367237,1.0183299389002036,37.399999999999764,45.833333333333044,True,2018-2026,2019
2019-05-28,-3786295807.902176,1.6990000000000003,0.8009999999999997,0.883985714790849,1.0101010101010102,-80.09999999999997,-100.0,True,2018-2026,2019
2019-05-29,-6583477376.037311,1.6814999999999996,0.8185000000000004,0.8922198429693077,1.050420168067227,-47.850000000002545,-58.460598656081274,True,2018-2026,2019
2019-05-31,-6038476032.152237,1.6390000000000005,1.3609999999999995,1.0750761512273785,1.3636363636363635,-136.09999999999997,-100.0,True,2018-2026,2019
2019-06-03,-8413371929.534442,1.8290000000000002,0.6709999999999998,0.9078694120637687,0.8431703204047218,88.90000000000025,132.48882265275748,True,2018-2026,2019
2019-06-05,-2753429650.18917,1.629,1.371,1.0694424639954372,1.4184397163120568,-128.1000000000025,-93.43544857768235,True,2018-2026,2019
2019-06-07,514805027.36662525,1.429,1.071,0.8779631255487269,1.3020833333333335,-107.1,-100.0,False,2018-2026,2019
2019-06-10,3819830162.4779186,1.7265,1.2735,1.043006640475611,1.3793103448275863,78.65000000000022,61.75893207695344,False,2018-2026,2019
2019-06-12,1797171057.5969455,1.3664999999999998,1.1335000000000002,0.86538128699505,1.4492753623188406,71.65000000000225,63.2112924569936,False,2018-2026,2019
2019-06-14,1624518968.8863218,1.3165,1.1835,0.8631106507854308,1.519756838905775,112.65000000000023,95.18377693282656,False,2018-2026,2019
2019-06-17,2957019057.3060946,1.2365000000000002,1.2634999999999998,0.864483557522736,1.6611295681063125,117.64999999999979,93.11436485951707,False,2018-2026,2019
2019-06-19,3722036748.9601026,1.689,0.8109999999999999,0.8553149269561052,0.9960159362549802,112.89999999999978,139.21085080147938,False,2018-2026,2019
2019-06-21,9002288524.278072,1.6764999999999997,1.3235000000000003,1.014061654948621,1.4251781472684086,-23.350000000002535,-17.64261428031925,False,2018-2026,2019
2019-06-24,1177458502.7792664,1.2240000000000002,1.2759999999999998,0.8500799075113061,1.644736842105263,-13.600000000001344,-10.658307210032403,False,2018-2026,2019
2019-06-26,-1992122461.6042619,1.314,1.186,0.8597269507204511,1.5625,77.39999999999796,65.26138279932374,True,2018-2026,2019
2019-06-28,15104094.713450484,1.264,1.736,1.0289830217801406,2.027027027027027,16.39999999999773,9.447004608293621,False,2018-2026,2019
2019-07-05,4492065843.216388,1.3989999999999998,1.1010000000000002,0.8432840855427377,1.3513513513513513,-96.10000000000139,-87.28428701180869,False,2018-2026,2019
2019-07-08,6408236665.266834,1.1789999999999998,1.8210000000000002,1.0054967153773964,2.222222222222222,4.900000000000437,2.690829214717428,False,2018-2026,2019
2019-07-10,2419140374.7104363,1.314,1.186,0.8410146000134563,1.6025641025641024,-29.60000000000136,-24.95784148398091,False,2018-2026,2019
2019-07-12,5761246059.092348,1.0265,1.9735,1.0023387905111927,2.553191489361702,-65.35000000000069,-33.11375728401352,False,2018-2026,2019
2019-07-15,8195221644.447242,1.1765,1.8235,0.9977384594918185,2.2988505747126435,42.65000000000001,23.389086920756792,False,2018-2026,2019
2019-07-17,4196363740.852198,0.9339999999999998,2.0660000000000003,1.0009008107296566,2.857142857142857,-129.60000000000184,-62.7299128751219,False,2018-2026,2019
2019-07-19,1184057709.9430592,1.1764999999999999,1.8235000000000001,1.003848084323239,2.1660649819494586,-70.34999999999955,-38.579654510556374,False,2018-2026,2019
2019-07-22,-4481188405.448996,1.2664999999999997,1.2335000000000003,0.8414108777598277,1.5873015873015874,119.65000000000066,97.00040535062881,True,2018-2026,2019
2019-07-24,2934652751.3903203,0.9689999999999998,1.5310000000000001,0.8334444592612349,2.2321428571428568,-41.09999999999957,-26.845199216198278,False,2018-2026,2019
2019-07-26,1104139906.890007,1.229,1.271,0.8334166750008334,1.7361111111111112,-76.1000000000009,-59.87411487018167,False,2018-2026,2019
2019-07-29,5930298671.157899,1.064,1.436,0.8278419815225669,2.0491803278688523,54.400000000001825,37.88300835654723,False,2018-2026,2019
2019-07-31,732982425.2859364,1.7639999999999998,0.7360000000000002,0.8310893919750009,1.0040160642570282,-73.60000000000002,-100.0,False,2018-2026,2019
2019-08-02,-5296536108.036954,1.8540000000000003,1.1459999999999997,1.0173629951166576,1.0507880910683012,-64.59999999999997,-56.369982547993004,True,2018-2026,2019
2019-08-05,-8896958106.39722,1.8464999999999996,1.1535000000000004,1.0247301543926766,1.0714285714285714,-65.35000000000004,-56.65366276549633,True,2018-2026,2019
2019-08-07,-5610938376.545086,2.1464999999999996,0.8535000000000004,1.0424992181255865,0.9022556390977443,111.65000000000269,130.81429408318996,True,2018-2026,2019
2019-08-09,-1837565234.5147374,1.689,1.311,1.0219724067450178,1.3392857142857142,27.899999999997505,21.281464530890545,True,2018-2026,2019
2019-08-12,-2313968891.3246117,1.6390000000000002,1.3609999999999998,1.0288418670050414,1.2605042016806722,-86.09999999999998,-63.262307127112415,True,2018-2026,2019
2019-08-14,-2764901908.997928,1.7965000000000004,1.2034999999999996,1.0258865369490133,1.2121212121212122,-70.34999999999995,-58.45450768591607,True,2018-2026,2019
2019-08-16,-6722279994.685096,1.8615000000000002,0.6384999999999998,0.8781481611577505,0.7987220447284346,-63.84999999999999,-100.0,True,2018-2026,2019
2019-08-19,-3312431365.8961844,1.6940000000000002,0.8059999999999998,0.8654711625008654,0.9505703422053232,-80.59999999999998,-100.0,True,2018-2026,2019
2019-08-21,-1875444700.3074198,1.6540000000000001,1.3459999999999999,1.0342687719782113,1.4354066985645935,22.39999999999933,16.641901931648835,True,2018-2026,2019
2019-08-23,-380838943.04508334,1.6789999999999998,0.8210000000000002,0.85525640587048,1.004016064257028,-82.10000000000002,-100.0,True,2018-2026,2019
2019-08-26,-6600309649.197424,2.0515,0.4485000000000001,0.877778167901408,0.5787037037037037,-44.85000000000001,-100.0,True,2018-2026,2019
2019-08-28,-3418166244.572726,1.7089999999999996,0.7910000000000004,0.8715356458079134,0.9363295880149813,37.900000000001555,47.91403286978703,True,2018-2026,2019
2019-08-30,1302700384.6737294,1.4965000000000002,1.0034999999999998,0.8545255674049768,1.1876484560570069,145.64999999999796,145.1420029895346,False,2018-2026,2019
2019-09-03,720557977.0070779,2.1040000000000005,0.8959999999999995,1.0257813034261096,0.8849557522123893,87.39999999999823,97.54464285714096,False,2018-2026,2019
2019-09-04,-2679304728.087047,1.769,1.231,1.0317433022663962,1.3392857142857142,-120.10000000000274,-97.56295694557492,True,2018-2026,2019
2019-09-06,4215755823.564883,1.454,1.546,1.0072522159548751,1.5873015873015872,138.4000000000007,89.52134540750367,False,2018-2026,2019
2019-09-09,4963405797.963777,1.2065,1.2935,0.8387291575804341,1.639344262295082,85.64999999999772,66.21569385388304,False,2018-2026,2019
2019-09-11,1575090689.7693229,1.1139999999999999,1.3860000000000001,0.8383635144198525,1.8115942028985508,-138.60000000000002,-100.0,False,2018-2026,2019
2019-09-13,7569085894.807684,1.1265,1.8735,0.9957845122315532,2.1818181818181817,17.650000000001143,9.420870029357427,False,2018-2026,2019
2019-09-16,4300268530.125401,1.224,1.776,0.996512207274539,2.0547945205479454,38.4000000000025,21.621621621623028,False,2018-2026,2019
2019-09-18,4131739509.1811247,1.6239999999999999,1.3760000000000001,0.9968764537781618,1.36986301369863,152.3999999999977,110.75581395348671,False,2018-2026,2019
2019-09-20,4821172006.200924,1.4339999999999997,1.5660000000000003,0.996512207274539,1.5625,-106.60000000000002,-68.07151979565774,False,2018-2026,2019
2019-09-23,-4911222749.363361,1.6814999999999996,1.3185000000000004,1.0062724314896185,1.3793103448275863,142.15000000000086,107.81190747061116,True,2018-2026,2019
2019-09-25,-4137173741.3859463,1.5965000000000005,1.4034999999999995,1.0141644974814914,1.3303769401330379,-0.3500000000022263,-0.24937655860507763,True,2018-2026,2019
2019-09-27,-1718746662.5462992,1.4640000000000002,1.0359999999999998,0.8418358756776778,1.344086021505376,-17.599999999998616,-16.988416988415654,True,2018-2026,2019
2019-09-30,-5767970353.982588,1.8339999999999999,1.1660000000000001,1.015709642470206,1.1857707509881423,2.399999999999758,2.058319039450907,True,2018-2026,2019
2019-10-02,-561753001.7459127,1.634,0.8660000000000001,0.8422896802668374,1.0460251046025106,-86.60000000000001,-100.0,True,2018-2026,2019
2019-10-04,-4414371142.844919,1.7139999999999997,0.7860000000000003,0.8609704859317422,0.9505703422053232,-78.60000000000002,-100.0,True,2018-2026,2019
2019-10-07,628672215.7293432,1.6964999999999997,1.3035000000000003,1.019125590243571,1.411764705882353,80.65000000000133,61.87188339087174,False,2018-2026,2019
2019-10-09,-4966895514.085867,1.9965000000000004,1.0034999999999996,1.0396451344607707,1.1090573012939002,-23.35000000000178,-23.268560039862273,True,2018-2026,2019
2019-10-11,-1415518596.5174434,1.8790000000000002,0.6209999999999998,0.8525149190110827,0.7385524372230429,-62.09999999999998,-100.0,True,2018-2026,2019
2019-10-14,5138999821.473527,1.7489999999999999,0.7510000000000001,0.8438533720380746,0.8517887563884157,24.899999999999988,33.15579227696403,False,2018-2026,2019
2019-10-16,4901180776.789548,1.2764999999999997,1.7235000000000003,1.0036801605888257,1.9801980198019804,68.65000000000248,39.831737742966325,False,2018-2026,2019
2019-10-18,4507095659.002823,1.204,1.796,1.0025397674107739,2.2058823529411766,18.400000000001814,10.244988864143549,False,2018-2026,2019
2019-10-21,1043697416.7527658,1.364,1.136,0.8389824820457749,1.4204545454545454,-18.600000000001128,-16.37323943662071,False,2018-2026,2019
2019-10-23,2435724423.9489107,1.2140000000000002,1.2859999999999998,0.8360365180751096,1.7123287671232876,35.399999999998656,27.527216174182474,False,2018-2026,2019
2019-10-25,3977268180.1457357,1.0639999999999998,1.4360000000000002,0.8321682977165301,2.0,-7.599999999998652,-5.292479108634159,False,2018-2026,2019
2019-10-28,9483424174.140802,1.1039999999999999,1.3960000000000001,0.8288025460814216,1.923076923076923,-74.60000000000228,-53.43839541547442,False,2018-2026,2019
2019-10-30,4667878695.563263,1.374,1.126,0.8245382585751979,1.4619883040935673,23.400000000001377,20.781527531084702,False,2018-2026,2019
2019-11-01,954578500.0229065,1.359,1.141,0.8243751236562685,1.4367816091954022,-114.1,-100.0,False,2018-2026,2019
2019-11-04,8138973739.538932,1.1139999999999999,1.8860000000000001,0.9798157946306094,2.3622047244094486,-22.59999999999751,-11.983032873805678,False,2018-2026,2019
2019-11-06,5330339865.419802,1.0939999999999996,1.9060000000000004,0.9771986970684039,2.5,96.40000000000042,50.57712486883547,False,2018-2026,2019
2019-11-08,5106968092.632184,1.0839999999999999,1.9160000000000001,0.9733307377846991,2.4390243902439024,12.40000000000203,6.471816283925904,False,2018-2026,2019
2019-11-11,5537921673.396815,1.1039999999999999,1.8960000000000001,0.9709994821336096,2.459016393442623,99.39999999999863,52.426160337552005,False,2018-2026,2019
2019-11-13,3047222553.240084,1.0939999999999996,1.9060000000000004,0.9710623422023694,2.5210084033613445,52.400000000000645,27.492130115425304,False,2018-2026,2019
2019-11-15,3861313380.271374,1.1340000000000001,1.8659999999999999,0.9692113850030692,2.3255813953488373,-118.59999999999931,-63.55841371918506,False,2018-2026,2019
2019-11-18,9237242660.169336,1.1365,1.8635,0.9620935154897057,2.2813688212927756,63.650000000000006,34.15615776764154,False,2018-2026,2019
2019-11-20,4476021043.866574,1.014,1.986,0.9618775850460098,2.631578947368421,-19.59999999999795,-9.86908358509464,False,2018-2026,2019
2019-11-22,-611710267.2701349,1.284,1.716,0.9668374746205163,2.0547945205479454,31.399999999997274,18.29836829836671,True,2018-2026,2019
2019-11-25,-1402267435.8511312,1.064,1.936,0.9647232852043605,2.4590163934426226,-128.60000000000227,-66.42561983471191,True,2018-2026,2019
2019-11-27,6319402248.021302,0.764,2.2359999999999998,0.955353162218967,3.3333333333333335,-67.59999999999977,-30.23255813953478,False,2018-2026,2019
2019-12-04,-3046397730.920326,1.6289999999999998,1.3710000000000002,0.9693366506187598,1.5228426395939085,-84.10000000000275,-61.342086068565095,True,2018-2026,2019
2019-12-06,235897496.96204376,1.3439999999999999,1.6560000000000001,0.9614152031790796,1.9354838709677422,-148.59999999999843,-89.73429951690726,False,2018-2026,2019
2019-12-09,9661520734.058657,1.284,1.716,0.9528952132897119,2.027027027027027,15.400000000000457,8.974358974359241,False,2018-2026,2019
2019-12-11,680801041.6246154,1.384,1.616,0.9567852017222134,1.8072289156626504,47.39999999999749,29.331683168315276,False,2018-2026,2019
2019-12-13,6209384132.9574375,1.519,1.481,0.9459842966606754,1.5151515151515151,128.89999999999816,87.03578663065372,False,2018-2026,2019
2019-12-16,9113733809.197714,1.4065,1.5935,0.9455668673369686,1.6997167138810196,-110.34999999999908,-69.25007844367687,False,2018-2026,2019
2019-12-18,8520813693.3973055,1.0565,1.9435,0.938790837401427,2.531645569620253,98.65000000000069,50.758940056599265,False,2018-2026,2019
2019-12-20,12213259212.821486,1.5514999999999999,1.4485000000000001,0.934812414308862,1.6438356164383563,109.15000000000204,75.3538142906469,False,2018-2026,2019
2019-12-23,8621413290.980515,0.9839999999999998,2.016,0.9346959122632105,2.7027027027027026,74.39999999999907,36.90476190476144,False,2018-2026,2019
2019-12-27,9363156567.403337,0.734,2.266,0.9290514384813106,3.6585365853658534,35.40000000000045,15.622241835834268,False,2018-2026,2019
2019-12-30,8295995263.37244,1.1764999999999999,1.8235000000000001,0.9291377601585729,2.197802197802198,-71.34999999999864,-39.1280504524259,False,2018-2026,2019
2019-12-31,2477184731.5042152,1.4565000000000001,1.5434999999999999,0.9342592880944224,1.7094017094017095,56.65000000000138,36.70229996760698,False,2018-2026,2019
2020-01-03,7580696735.755973,1.1165,1.8835,0.9235315847801996,2.42914979757085,-44.35000000000022,-23.546588797451673,False,2018-2026,2020
2020-01-06,1408893221.813501,1.5365,1.4635,0.9304056568663938,1.5345268542199488,86.6499999999984,59.20737956952402,False,2018-2026,2020
2020-01-08,2000156170.2307386,1.254,1.746,0.9294832073367209,2.142857142857143,-15.6000000000025,-8.9347079037815,False,2018-2026,2020
2020-01-10,8085211943.21307,1.244,1.756,0.918498561018921,2.0547945205479454,44.39999999999886,25.28473804100163,False,2018-2026,2020
2020-01-13,5806249648.693268,1.3189999999999997,1.6810000000000003,0.92109303039607,1.923076923076923,-114.09999999999798,-67.87626412849373,False,2018-2026,2020
2020-01-15,6736119221.150848,1.289,1.711,0.9161704076958315,1.9867549668874172,61.8999999999984,36.17767387492601,False,2018-2026,2020
2020-01-17,12612375714.973999,1.1165,1.8835,0.906590915959022,2.371541501976284,-39.349999999999085,-20.891956464029246,False,2018-2026,2020
2020-01-21,10174470127.132124,1.2065000000000001,1.7934999999999999,0.9035872413481522,2.1818181818181817,52.64999999999933,29.356007805965618,False,2018-2026,2020
2020-01-22,4451327008.5915575,1.254,1.746,0.9054690329590728,2.0979020979020975,86.40000000000137,49.484536082475,False,2018-2026,2020
2020-01-24,4243604684.366666,1.204,1.796,0.9043226623259178,2.158273381294964,-179.6,-100.0,False,2018-2026,2020
2020-01-27,-3199871304.9045367,1.9615000000000007,1.0384999999999993,0.9125197712617107,1.079136690647482,-103.84999999999994,-100.0,True,2018-2026,2020
2020-01-29,-1406552501.9998837,1.8065000000000002,1.1934999999999998,0.917739912508795,1.2121212121212122,92.65000000000047,77.62882279011353,True,2018-2026,2020
2020-01-31,-2947036112.853406,1.6790000000000005,1.3209999999999995,0.9155832265152901,1.4018691588785046,-132.09999999999994,-100.0,True,2018-2026,2020
2020-02-03,-10214116388.503706,2.239,0.7610000000000001,0.9324009324009324,0.7255139056831923,9.900000000001352,13.00919842312924,True,2018-2026,2020
2020-02-05,1950992899.0991561,1.864,1.136,0.9115770282588879,1.2448132780082988,-113.6,-100.0,False,2018-2026,2020
2020-02-07,5132897702.639121,1.4289999999999998,1.5710000000000002,0.898284277030871,1.7647058823529411,-37.10000000000115,-23.615531508593985,False,2018-2026,2020
2020-02-10,1917574687.8723598,1.5965,1.4035,0.9030704394942806,1.4184397163120566,-9.34999999999977,-6.661916636978817,False,2018-2026,2020
2020-02-12,5474146047.288589,1.6065,1.3935,0.894774516821761,1.5831134564643798,-80.3500000000025,-57.660566917834586,False,2018-2026,2020
2020-02-14,4584257301.284396,1.534,1.466,0.8899964400142399,1.5625,93.39999999999773,63.71077762619217,False,2018-2026,2020
2020-02-18,6770544241.818622,1.6464999999999996,1.3535000000000004,0.8886255924170615,1.4388489208633093,135.64999999999793,100.22164758034569,False,2018-2026,2020
2020-02-19,3931361509.5890446,1.354,1.646,0.8909744290338868,1.8518518518518516,4.399999999999782,2.6731470230861376,False,2018-2026,2020
2020-02-21,4130001641.1070156,1.614,1.386,0.8902869691663946,1.492537313432836,-138.6,-100.0,False,2018-2026,2020
2020-02-24,-1451899490.808601,1.9865000000000002,1.0134999999999998,0.8995232526760817,1.081081081081081,-101.34999999999998,-100.0,True,2018-2026,2020
2020-02-26,-5586402936.258318,2.409000000000001,0.5909999999999989,0.9593859929645028,0.5785920925747348,-3.0999999999996586,-5.245346869711785,True,2018-2026,2020
2020-02-28,-5611961041.280162,2.4965,0.5034999999999998,1.0083016838638121,0.45489006823351025,-50.34999999999998,-100.0,True,2018-2026,2020
2020-03-02,-5283735035.436713,2.614,0.3860000000000001,1.0140273787392258,0.24301336573511542,-38.60000000000001,-100.0,True,2018-2026,2020
2020-03-04,-3184648566.5839534,2.149,0.351,0.8324731111185109,0.3182686187141948,-35.099999999999994,-100.0,True,2018-2026,2020
2020-03-06,-3639007467.017225,2.103999999999999,0.3960000000000008,0.8266102367411718,0.343878954607978,-39.60000000000008,-100.0,True,2018-2026,2020
2020-03-09,-4989344573.0672,2.5465000000000004,0.45349999999999957,1.008708516862244,0.3412969283276451,-45.34999999999996,-100.0,True,2018-2026,2020
2020-03-11,-3451165543.757075,2.601500000000001,0.39849999999999897,1.0398613518197575,0.3284072249589491,-39.849999999999895,-100.0,True,2018-2026,2020
2020-03-13,-2988992260.469381,1.7790000000000006,0.22099999999999942,0.8061915511125443,0.1400560224089636,-22.09999999999994,-100.0,True,2018-2026,2020
2020-03-16,-3067700555.317072,1.5714999999999983,0.42850000000000166,0.738198058539106,0.12285012285012287,-42.850000000000165,-100.0,True,2018-2026,2020
2020-03-18,-2260008721.825255,1.7090000000000003,0.2909999999999997,0.7868130138872497,0.15117157974300832,-29.09999999999997,-100.0,True,2018-2026,2020
2020-03-20,-2084566051.6757946,1.639000000000001,0.3609999999999991,0.8292905419413692,0.17969451931716082,-36.09999999999991,-100.0,True,2018-2026,2020
2020-03-23,-2336896227.5251336,1.5540000000000018,0.4459999999999982,0.8738585223052387,0.13693940431359122,-44.59999999999982,-100.0,True,2018-2026,2020
2020-03-25,-1445661216.018859,1.7614999999999978,0.23850000000000215,0.8212203334154554,0.17833259028087384,-23.850000000000215,-100.0,True,2018-2026,2020
2020-03-27,-1074186119.671263,1.7715000000000003,0.2284999999999997,0.7651402119438387,0.20703933747412007,-22.84999999999997,-100.0,True,2018-2026,2020
2020-03-30,-1382093679.1758754,1.8164999999999993,0.18350000000000066,0.7893282816323309,0.18682858477347034,-18.350000000000065,-100.0,True,2018-2026,2020
2020-03-31,-835730549.5196084,1.7439999999999996,0.25600000000000045,0.7642922653622745,0.2734107997265892,-25.600000000000044,-100.0,True,2018-2026,2020
2020-04-01,-1213060884.568476,1.7439999999999996,0.25600000000000045,0.7762167197081424,0.2807017543859649,-25.600000000000044,-100.0,True,2018-2026,2020
2020-04-03,-1755758361.962803,1.6915000000000002,0.3084999999999998,0.7939658594680429,0.29895366218236175,-30.849999999999977,-100.0,True,2018-2026,2020
2020-04-06,-2600173351.02928,1.7714999999999994,0.2285000000000006,0.8057368463459834,0.27322404371584696,-22.85000000000006,-100.0,True,2018-2026,2020
2020-04-08,-429376131.60758734,1.7090000000000003,0.2909999999999997,0.7544038323714685,0.3194888178913738,-29.09999999999997,-100.0,True,2018-2026,2020
2020-04-09,94641072.43882307,1.7415000000000005,0.2584999999999995,0.7296340885046149,0.3361344537815126,-25.84999999999995,-100.0,False,2018-2026,2020
2020-04-13,199188977.41630143,2.546500000000001,0.4534999999999991,1.0782446177622829,0.3712871287128713,-45.34999999999991,-100.0,False,2018-2026,2020
2020-04-15,412176682.51837087,2.3390000000000013,0.6609999999999987,1.0568217846197203,0.6036217303822937,-66.09999999999987,-100.0,False,2018-2026,2020
2020-04-17,-363064234.7824525,2.3614999999999995,0.6385000000000005,1.0744600838078866,0.5923000987166832,-63.85000000000005,-100.0,True,2018-2026,2020
2020-04-20,1029232717.3250191,2.4615,0.5385,1.046207497820401,0.5231037489102006,-53.849999999999994,-100.0,False,2018-2026,2020
2020-04-22,-1990456757.8867643,1.6715,0.3285,0.7325470661490001,0.36866359447004604,-32.85,-100.0,True,2018-2026,2020
2020-04-24,-1051440991.9675642,1.9915000000000005,0.5084999999999995,0.8958004873154651,0.5656108597285068,-50.84999999999995,-100.0,True,2018-2026,2020
2020-04-27,-593388563.6086882,2.3215000000000003,0.6784999999999997,1.0599208592425098,0.6389776357827476,-67.84999999999997,-100.0,True,2018-2026,2020
2020-04-29,-185032410.9259305,2.2090000000000005,0.7909999999999995,1.049795289918466,0.7614213197969543,-79.09999999999995,-100.0,True,2018-2026,2020
2020-05-01,-783529825.0215968,1.9389999999999998,0.5610000000000002,0.861296768414525,0.6157635467980295,-56.100000000000016,-100.0,True,2018-2026,2020
2020-05-04,-2661415813.531011,2.4339999999999997,0.5660000000000003,1.0610830120609769,0.5687203791469194,175.3999999999993,309.8939929328608,True,2018-2026,2020
2020-05-06,-754017152.1014874,2.1864999999999997,0.8135000000000003,1.0482180293501049,0.7957559681697612,47.65000000000201,58.574062692073745,True,2018-2026,2020
2020-05-08,-315520772.13423896,2.1990000000000003,0.8009999999999997,1.0427528675703859,0.7772020725388601,-80.09999999999997,-100.0,True,2018-2026,2020
2020-05-11,2080001502.0387735,2.124,0.8759999999999999,1.0257813034261096,0.8902077151335311,157.39999999999887,179.6803652968024,False,2018-2026,2020
2020-05-13,-1476790268.7035308,2.1690000000000005,0.8309999999999995,1.046718537385297,0.8379888268156425,-83.09999999999995,-100.0,True,2018-2026,2020
2020-05-15,-2079554276.5466774,2.284,0.7160000000000002,1.0524469391334854,0.7389162561576353,2.4000000000008903,3.3519553072638124,True,2018-2026,2020
2020-05-18,-1307819536.6819563,2.334000000000001,0.665999999999999,1.0479983232026828,0.663716814159292,-66.59999999999991,-100.0,True,2018-2026,2020
2020-05-20,-10274836.665386518,2.0965000000000003,0.9034999999999997,1.027362076641211,0.8486562942008488,-86.34999999999793,-95.57277255118754,True,2018-2026,2020
2020-05-22,-109182706.5287464,1.8364999999999998,0.6635000000000002,0.8480901010923402,0.7518796992481203,141.64999999999839,213.48907309720926,True,2018-2026,2020
2020-05-26,-230891533.279059,1.9140000000000004,0.5859999999999996,0.8462527926342156,0.6527415143603134,-58.599999999999966,-100.0,True,2018-2026,2020
2020-05-27,2213894755.484284,1.749,0.7509999999999999,0.8356732183446984,0.8741258741258742,-75.1,-100.0,False,2018-2026,2020
2020-05-29,760104626.6961507,2.0965000000000003,0.9034999999999997,0.9902297332981252,0.8510638297872339,204.6499999999989,226.5080243497498,False,2018-2026,2020
2020-06-01,-178739969.96913046,2.2190000000000003,0.7809999999999997,0.986679822397632,0.7537688442211056,63.900000000001626,81.81818181818393,True,2018-2026,2020
2020-06-03,810890445.5085472,1.9515,1.0485,0.973646631182656,1.0135135135135136,-104.85,-100.0,False,2018-2026,2020
2020-06-05,696485542.2976031,2.0440000000000005,0.9559999999999995,0.9636696540425942,0.9554140127388535,-95.59999999999995,-100.0,False,2018-2026,2020
2020-06-08,4149191285.949907,2.0640000000000005,0.9359999999999995,0.9396141317965423,0.8571428571428571,-93.59999999999995,-100.0,False,2018-2026,2020
2020-06-10,1972406813.6748881,2.1965,0.8035000000000001,0.935132944733643,0.7722007722007722,-29.350000000000918,-36.527691350343396,False,2018-2026,2020
2020-06-12,-3005638862.322374,2.481500000000001,0.5184999999999991,0.9980371935194119,0.4548900682335102,21.15000000000191,40.790742526522564,True,2018-2026,2020
2020-06-15,-2161438424.04711,2.5240000000000014,0.47599999999999865,0.985966411410918,0.4454342984409799,-47.599999999999866,-100.0,True,2018-2026,2020
2020-06-17,954059126.3067015,2.2465,0.7534999999999998,0.9586808551433228,0.5514705882352942,218.64999999999978,290.1791639017914,False,2018-2026,2020
2020-06-19,-688275940.221064,1.994,1.006,0.9623404118816963,0.7623888182973316,7.399999999998408,7.355864811131618,True,2018-2026,2020
2020-06-22,-1728398420.6022758,2.379000000000001,0.6209999999999991,0.9721952167995334,0.5819592628516004,171.8999999999976,276.8115942028951,True,2018-2026,2020
2020-06-24,77408708.32887697,2.191500000000001,0.8084999999999991,0.9614460148062687,0.796812749003984,-80.84999999999991,-100.0,False,2018-2026,2020
2020-06-26,-1717559145.1956682,2.2465,0.7534999999999998,0.9763400266866274,0.7290400972053462,-75.34999999999998,-100.0,True,2018-2026,2020
2020-06-29,-4982186927.188594,2.4090000000000016,0.5909999999999984,0.9999666677777408,0.5982053838484546,-59.09999999999984,-100.0,True,2018-2026,2020
2020-06-30,-2130142993.752631,2.169,0.831,0.9854482146963177,0.8403361344537814,-83.1,-100.0,True,2018-2026,2020
2020-07-02,569897265.3231483,2.381500000000001,0.6184999999999992,0.9717543405027208,0.570884871550904,-61.849999999999916,-100.0,False,2018-2026,2020
2020-07-06,2131454785.2066376,2.1465000000000005,0.8534999999999995,0.9609840476648087,0.8163265306122449,-85.34999999999995,-100.0,False,2018-2026,2020
2020-07-08,-152949107.6905635,2.0940000000000003,0.9059999999999997,0.9562972171750981,0.9174311926605504,-3.5999999999995147,-3.9735099337743005,True,2018-2026,2020
2020-07-10,-459787391.50894403,2.1090000000000004,0.8909999999999996,0.9541377774950702,0.8784773060029283,-89.09999999999995,-100.0,True,2018-2026,2020
2020-07-13,2537415122.470605,2.126500000000001,0.873499999999999,0.9444654325651681,0.9077155824508321,-7.349999999998769,-8.414424728103922,False,2018-2026,2020
2020-07-15,1368810754.3143275,2.214,0.786,0.9407337723424272,0.783289817232376,-78.60000000000001,-100.0,False,2018-2026,2020
2020-07-17,2338134784.3114204,2.0265000000000004,0.9734999999999996,0.935132944733643,0.9331259720062208,135.64999999999844,139.34257832562764,False,2018-2026,2020
2020-07-20,3813361162.3418174,2.0965,0.9035000000000002,0.9326328224577983,0.8888888888888888,-24.349999999997518,-26.950747094629236,False,2018-2026,2020
2020-07-22,2642372728.6907287,1.9590000000000003,1.0409999999999997,0.9231905465288036,1.0452961672473868,13.900000000000713,13.352545629203377,False,2018-2026,2020
2020-07-24,562832247.156787,1.9989999999999999,1.0010000000000001,0.9289938996067258,0.9615384615384615,-15.099999999997738,-15.084915084912822,False,2018-2026,2020
2020-07-27,-1870558624.3570883,2.1665,0.8334999999999999,0.9350163627863487,0.8784773060029283,-83.35,-100.0,True,2018-2026,2020
2020-07-29,337663311.59787965,2.0265000000000004,0.9734999999999996,0.9340265886235561,0.9852216748768473,-97.34999999999997,-100.0,False,2018-2026,2020
2020-07-31,797509789.7448348,2.086500000000001,0.9134999999999991,0.9259830853756404,0.8915304606240713,-44.34999999999718,-48.54953475642827,False,2018-2026,2020
2020-08-03,2750819878.4822392,2.0115000000000003,0.9884999999999997,0.91875172265948,0.9917355371900827,-98.84999999999997,-100.0,False,2018-2026,2020
2020-08-05,2434249923.845306,1.7840000000000005,1.2159999999999995,0.9090358160111509,1.2552301255230125,-121.59999999999995,-100.0,False,2018-2026,2020
2020-08-07,3262250686.658457,1.864,1.136,0.8973707038377554,1.1278195488721805,131.39999999999887,115.66901408450605,False,2018-2026,2020
2020-08-10,4029985931.364196,1.9090000000000003,1.0909999999999997,0.8967269466447466,1.0676156583629892,35.89999999999889,32.90559120073226,False,2018-2026,2020
2020-08-12,1851980441.1075268,2.0715,0.9285000000000001,0.9013881377321075,0.9009009009009009,-92.85000000000001,-100.0,False,2018-2026,2020
2020-08-14,2992256422.939308,1.7465000000000002,1.2534999999999998,0.8906041264657859,1.2526096033402923,160.65000000000137,128.16114878340758,False,2018-2026,2020
2020-08-17,1475887598.4790804,1.819,1.181,0.8905776880603218,1.1904761904761905,-5.10000000000046,-4.3183742591028444,False,2018-2026,2020
2020-08-19,4145285194.648907,1.5065000000000002,1.4934999999999998,0.8859750155045627,1.566579634464752,-27.349999999997255,-18.31268831603432,False,2018-2026,2020
2020-08-21,2783043284.694751,1.5140000000000002,1.4859999999999998,0.8869179600886918,1.507537688442211,107.40000000000025,72.27456258411861,False,2018-2026,2020
2020-08-24,4168806812.040253,1.6639999999999997,1.3360000000000003,0.8838086259721895,1.3513513513513513,-133.60000000000002,-100.0,False,2018-2026,2020
2020-08-26,4791248623.76823,1.444,1.556,0.8718395815170008,1.7142857142857142,-155.6,-100.0,False,2018-2026,2020
2020-08-28,4554624682.2870655,1.8790000000000002,1.1209999999999998,0.8613511728731803,1.098901098901099,31.899999999999796,28.456735057983767,False,2018-2026,2020
2020-08-31,7321733622.648077,1.744,1.256,0.8557736193518941,1.25,37.399999999999544,29.777070063693905,False,2018-2026,2020
2020-09-02,4172865679.4499435,1.6440000000000003,1.3559999999999997,0.850894857758743,1.3953488372093021,-135.59999999999997,-100.0,False,2018-2026,2020
2020-09-04,-97733784.59166887,2.3840000000000003,0.6159999999999997,0.8685079034219211,0.5591798695246971,-2.600000000002467,-4.220779220783228,True,2018-2026,2020
2020-09-08,-570373820.6207887,2.318999999999999,0.6810000000000009,0.8756823024606674,0.5361930294906166,-68.1000000000001,-100.0,True,2018-2026,2020
2020-09-09,-1485575511.3837996,2.4015,0.5985,0.900225056264066,0.5571030640668524,-59.85,-100.0,True,2018-2026,2020
2020-09-11,-935797554.4098895,2.3064999999999998,0.6935000000000002,0.8984456889581024,0.631578947368421,137.6499999999993,198.48594087959518,True,2018-2026,2020
2020-09-14,-1828997839.0627308,2.3215000000000003,0.6784999999999997,0.8980153859969467,0.6772009029345373,-67.84999999999997,-100.0,True,2018-2026,2020
2020-09-16,1392856501.1881468,2.1465,0.8534999999999999,0.8819379115710253,0.8534850640113799,95.65000000000023,112.0679554774461,False,2018-2026,2020
2020-09-18,-1643683457.3493571,2.1665,0.8334999999999999,0.8932293217412016,0.7444168734491317,-83.35,-100.0,True,2018-2026,2020
2020-09-21,-5091056331.450495,2.2615000000000007,0.7384999999999993,0.907248918861705,0.7389162561576353,-73.84999999999992,-100.0,True,2018-2026,2020
2020-09-23,-39068346.95494723,2.059,0.9409999999999998,0.9081827263645446,0.9202453987730062,-94.09999999999998,-100.0,True,2018-2026,2020
2020-09-25,-2767181959.833957,2.229,0.7709999999999999,0.9273283669747457,0.7594936708860759,-77.1,-100.0,True,2018-2026,2020
2020-09-28,577804492.328694,2.2340000000000004,0.7659999999999996,0.9126585744273068,0.7672634271099744,-76.59999999999995,-100.0,False,2018-2026,2020
2020-09-30,434562652.72602785,2.2365,0.7635000000000001,0.9025813827546784,0.7490636704119851,34.650000000001356,45.38310412573851,False,2018-2026,2020
2020-10-02,1335001803.580404,2.3190000000000004,0.6809999999999996,0.8901548869503294,0.6872852233676976,17.900000000001405,26.284875183555673,False,2018-2026,2020
2020-10-05,485776880.06546766,2.3014999999999994,0.6985000000000006,0.8985802432157192,0.6749156355455569,-69.85000000000005,-100.0,False,2018-2026,2020
2020-10-07,479478972.43443537,2.2865,0.7134999999999998,0.8956828088612886,0.7151370679380215,-71.34999999999998,-100.0,False,2018-2026,2020
2020-10-09,4637919610.277524,1.8265,1.1735,0.8727526618956187,1.125703564727955,-100.3499999999984,-85.51342138900588,False,2018-2026,2020
2020-10-12,6761819170.083115,1.9514999999999996,1.0485000000000004,0.8649770781074302,0.9950248756218907,-104.85000000000004,-100.0,False,2018-2026,2020
2020-10-14,3411895367.5433536,2.019,0.9809999999999999,0.8567756675710411,0.9852216748768473,-98.1,-100.0,False,2018-2026,2020
2020-10-16,2265378543.474375,2.0040000000000004,0.9959999999999996,0.8633093525179856,0.9836065573770493,126.39999999999914,126.90763052208753,False,2018-2026,2020
2020-10-19,3443330032.2510366,2.1465000000000005,0.8534999999999995,0.8639060070264355,0.8583690987124464,-85.34999999999995,-100.0,False,2018-2026,2020
2020-10-21,971409559.6571064,2.2415000000000007,0.7584999999999993,0.8736931007368145,0.7389162561576353,-8.849999999998337,-11.66776532629973,False,2018-2026,2020
2020-10-23,1014288382.809963,2.1165000000000003,0.8834999999999997,0.8705240554813998,0.8534850640113798,137.64999999999912,155.80079230333803,False,2018-2026,2020
2020-10-26,1801315167.3320196,2.1565000000000003,0.8434999999999997,0.867704055070284,0.8438818565400844,-84.34999999999997,-100.0,False,2018-2026,2020
2020-10-28,-651169291.1340371,2.1165000000000003,0.8834999999999997,0.8869179600886918,0.8836524300441826,-88.34999999999997,-100.0,True,2018-2026,2020
2020-10-30,-1321806925.5178747,2.2740000000000014,0.7259999999999986,0.909118458135095,0.6651884700665187,-72.59999999999987,-100.0,True,2018-2026,2020
2020-11-02,-4108190763.8242326,2.466500000000001,0.5334999999999992,0.9180488401982986,0.4724409448818898,-53.34999999999992,-100.0,True,2018-2026,2020
2020-11-04,1089233321.512633,2.6140000000000008,0.38599999999999923,0.8929102922793023,0.34662045060658575,-38.59999999999992,-100.0,False,2018-2026,2020
2020-11-06,5431622496.532947,2.206500000000001,0.793499999999999,0.8566288798149682,0.7185628742514969,201.65000000000032,254.1272841839957,False,2018-2026,2020
2020-11-09,6204366131.74442,2.2765000000000004,0.7234999999999996,0.8566778034781118,0.6904487917146144,-72.34999999999997,-100.0,False,2018-2026,2020
2020-11-11,4085114494.7605667,2.259000000000001,0.7409999999999992,0.8473140145738011,0.7425742574257426,-37.09999999999947,-50.06747638326519,False,2018-2026,2020
2020-11-13,2893987157.3991613,2.214,0.786,0.8492328596501161,0.7731958762886598,-78.60000000000001,-100.0,False,2018-2026,2020
2020-11-16,7788913530.753929,2.0665000000000004,0.9334999999999996,0.8378484052952019,0.8141112618724559,-93.34999999999995,-100.0,False,2018-2026,2020
2020-11-18,5865733630.289613,2.0040000000000004,0.9959999999999996,0.8318544809228039,1.01010101010101,-99.59999999999995,-100.0,False,2018-2026,2020
2020-11-20,4507058280.594554,1.9689999999999999,1.0310000000000001,0.8385509838998211,0.9884678747940692,-69.10000000000251,-67.02230843841174,False,2018-2026,2020
2020-11-23,3422982444.34565,2.0389999999999997,0.9610000000000003,0.8442618337367029,0.9202453987730062,156.89999999999725,163.26742976066305,False,2018-2026,2020
2020-11-25,8075480967.408778,1.8090000000000004,1.1909999999999996,0.8260139321016547,1.1811023622047243,145.89999999999776,122.50209907640455,False,2018-2026,2020
2020-12-02,4054426860.179301,2.2065000000000006,0.7934999999999994,0.8287063893262617,0.7547169811320754,-79.34999999999994,-100.0,False,2018-2026,2020
2020-12-04,7388187821.85291,1.894,1.106,0.8181966944853543,1.0676156583629892,-110.60000000000001,-100.0,False,2018-2026,2020
2020-12-07,15064178664.504593,1.824,1.176,0.8111615833874108,1.1627906976744187,169.40000000000046,144.04761904761943,False,2018-2026,2020
2020-12-09,7027172712.072068,1.579,1.421,0.8104603414739572,1.4925373134328357,-142.1,-100.0,False,2018-2026,2020
2020-12-11,4261000666.2100987,1.8365000000000002,1.1634999999999998,0.8180628272251308,1.185770750988142,111.64999999999729,95.96046411688638,False,2018-2026,2020
2020-12-14,2074989478.343001,1.9665,1.0335,0.8190455389319646,0.9630818619582664,57.650000000001356,55.781325592647654,False,2018-2026,2020
2020-12-16,4952085136.943949,1.9040000000000004,1.0959999999999996,0.8117542008279893,1.0526315789473684,75.40000000000231,68.79562043795833,False,2018-2026,2020
2020-12-18,7811684274.95179,1.8514999999999997,1.1485000000000003,0.8059966148142178,0.9884678747940693,-85.84999999999798,-74.74967348715539,False,2018-2026,2020
2020-12-21,-2036597888.6455905,2.1665,0.8334999999999999,0.8123696823634542,0.7905138339920948,209.6500000000007,251.52969406118865,True,2018-2026,2020
2020-12-23,-79380923.25720473,1.8964999999999999,1.1035000000000001,0.8169489679211371,1.1090573012939002,136.6500000000027,123.8332578160423,True,2018-2026,2020
2020-12-30,3240486543.806144,1.5940000000000003,1.4059999999999997,0.8075587498990552,1.4150943396226414,152.40000000000072,108.39260312944576,False,2018-2026,2020
2020-12-31,370277241.0039624,1.6340000000000001,1.3659999999999999,0.806603393111607,1.3761467889908257,-23.600000000000442,-17.276720351391248,False,2018-2026,2020
2021-01-04,3869166380.411912,2.0140000000000002,0.9859999999999998,0.8024179527643298,0.9118541033434651,-98.59999999999998,-100.0,False,2018-2026,2021
2021-01-06,950929339.0677247,2.3165,0.6835,0.8079937515149882,0.681044267877412,-22.350000000002048,-32.69934162399714,False,2018-2026,2021
2021-01-08,5270641495.632746,1.794,1.206,0.7914314356566243,1.1673151750972763,55.399999999999096,45.93698175787653,False,2018-2026,2021
2021-01-11,7420595066.436499,1.9164999999999999,1.0835000000000001,0.7869058860560276,1.0327022375215145,-34.349999999999106,-31.702814951545083,False,2018-2026,2021
2021-01-13,3879355886.528879,1.8590000000000002,1.1409999999999998,0.7919328440948208,1.1583011583011584,110.90000000000002,97.19544259421563,False,2018-2026,2021
2021-01-15,3680775509.2772803,1.894,1.106,0.7927070947284979,1.0909090909090908,-110.60000000000001,-100.0,False,2018-2026,2021
2021-01-19,-440615076.47107035,2.1990000000000003,0.8009999999999997,0.7985519591141397,0.759493670886076,-44.09999999999861,-55.056179775279176,True,2018-2026,2021
2021-01-20,1598467266.7671468,1.8889999999999998,1.1110000000000002,0.7923093175575745,1.081081081081081,-111.10000000000002,-100.0,False,2018-2026,2021
2021-01-22,5413596382.992267,1.6065000000000003,1.3934999999999997,0.7808636351805096,1.4251781472684086,-54.3499999999977,-39.00251166128289,False,2018-2026,2021
2021-01-25,2349266847.4038234,1.7790000000000001,1.2209999999999999,0.7835967088938226,1.2024048096192383,137.90000000000228,112.94021294021483,False,2018-2026,2021
2021-01-27,2439266409.7708335,1.9639999999999997,1.0360000000000003,0.7816163826793809,1.0638297872340425,-103.60000000000002,-100.0,False,2018-2026,2021
2021-01-29,-617088239.5586561,2.3590000000000004,1.1409999999999996,0.9269067796610169,0.8264462809917357,-64.09999999999995,-56.17879053461874,True,2018-2026,2021
2021-02-01,-5869964621.1638,2.514000000000001,0.4859999999999989,0.8106355382619974,0.46801872074882994,-48.59999999999989,-100.0,True,2018-2026,2021
2021-02-03,2756076194.3129973,2.1390000000000002,0.8609999999999998,0.7862871520679352,0.847457627118644,199.9000000000014,232.17189314750456,False,2018-2026,2021
2021-02-05,4298523135.496933,1.7890000000000006,1.2109999999999994,0.776839815630017,1.2244897959183672,-90.09999999999971,-74.40132122213026,False,2018-2026,2021
2021-02-08,8077299690.093684,1.7590000000000001,1.2409999999999999,0.773814129846011,1.2048192771084336,-77.09999999999727,-62.12731668009449,False,2018-2026,2021
2021-02-10,5977879663.944673,1.794,2.206,1.0249314577087658,1.8433179723502304,88.3999999999975,40.072529465094064,False,2018-2026,2021
2021-02-12,4179952535.5880265,2.1189999999999998,1.8810000000000002,1.02372482276764,1.5503875968992247,-58.099999999998886,-30.88782562466713,False,2018-2026,2021
2021-02-16,7205623269.538615,2.0440000000000005,1.9559999999999995,1.0185892538833716,1.5564202334630348,169.39999999999776,86.60531697341402,False,2018-2026,2021
2021-02-17,5184964165.109251,1.9965,2.0035,1.0194978972855868,1.6161616161616164,143.64999999999978,71.69952582979774,False,2018-2026,2021
2021-02-19,2970699882.059892,2.1065000000000005,1.8934999999999995,1.0236462278636504,1.5009380863039399,114.6500000000021,60.54924742540382,False,2018-2026,2021
2021-02-22,1155544230.682097,2.319,1.681,1.0255358424776946,1.3628620102214652,-58.099999999997735,-34.56276026174761,False,2018-2026,2021
2021-02-24,315184785.84375,2.0490000000000004,0.9509999999999996,0.7741935483870968,0.9433962264150942,-95.09999999999997,-100.0,False,2018-2026,2021
2021-02-26,-2369413694.134251,2.479,0.5209999999999999,0.7845393446481341,0.5390835579514826,-29.09999999999817,-55.85412667945907,True,2018-2026,2021
2021-03-03,810775388.8631337,2.1190000000000007,0.8809999999999993,0.7760962359332557,0.8571428571428571,-88.09999999999994,-100.0,False,2018-2026,2021
2021-03-05,-3761781797.646368,2.6390000000000002,0.8609999999999998,0.9290473283253258,0.5952380952380952,-36.09999999999998,-41.9279907084785,True,2018-2026,2021
2021-03-08,1836247459.8275366,2.3665,0.6335000000000002,0.7820646506777893,0.6030150753768845,10.650000000000892,16.811365430151366,False,2018-2026,2021
2021-03-10,3287596640.091694,2.1290000000000004,0.8709999999999996,0.7749735217380073,0.847457627118644,61.90000000000096,71.06773823191847,False,2018-2026,2021
2021-03-12,6878755006.715953,2.1565000000000003,1.8434999999999997,1.0165442577956239,1.4311270125223614,206.65000000000254,112.09655546514921,False,2018-2026,2021
2021-03-15,4411910726.641847,2.2290000000000005,1.7709999999999995,1.0149965743865614,1.3888888888888888,-25.100000000001764,-14.172783738002131,False,2018-2026,2021
2021-03-17,6839132169.924299,2.3765,1.6235,1.0102540789008436,1.2759170653907497,116.65000000000205,71.8509393286123,False,2018-2026,2021
2021-03-19,1764574347.6676853,2.7140000000000004,1.2859999999999996,1.0218940806785377,0.9029345372460498,121.40000000000003,94.40124416796274,False,2018-2026,2021
2021-03-22,154786357.37105104,2.414,1.5859999999999999,1.0269576379974326,1.2618296529968454,89.40000000000184,56.36822194199359,False,2018-2026,2021
2021-03-24,-1507472160.8953748,2.3765,1.6235,1.0269576379974326,1.263823064770932,86.65000000000092,53.372343701879224,True,2018-2026,2021
2021-03-26,-1185990057.6647549,2.2039999999999997,1.7960000000000003,1.026588645929576,1.4285714285714286,-179.60000000000002,-100.0,True,2018-2026,2021
2021-03-29,6702299743.178451,2.184,1.8159999999999998,1.0102285642126532,1.36986301369863,42.40000000000093,23.348017621145885,False,2018-2026,2021
2021-03-31,2390654303.405406,2.2565,1.7435,1.0131968894855492,1.376936316695353,100.64999999999999,57.72870662460568,False,2018-2026,2021
2021-04-01,6274210134.969219,2.169,1.831,1.0094637223974763,1.4545454545454546,-136.09999999999727,-74.33096668487016,False,2018-2026,2021
2021-04-05,10869780794.3022,2.1365000000000003,1.8634999999999997,0.9986767533018751,1.478743068391867,-186.34999999999997,-100.0,False,2018-2026,2021
2021-04-07,4513497489.13134,1.9064999999999999,2.0935,0.9850760971285032,1.7353579175704992,132.65000000000157,63.36278958681708,False,2018-2026,2021
2021-04-09,6300514191.035127,1.7640000000000002,2.2359999999999998,0.9792161374819457,1.9607843137254901,-167.59999999999974,-74.95527728085857,False,2018-2026,2021
2021-04-12,9221293258.92596,1.9440000000000004,2.0559999999999996,0.9721952167995334,1.6806722689075628,133.39999999999867,64.88326848248964,False,2018-2026,2021
2021-04-14,5492713632.612896,1.7964999999999998,2.2035,0.9689687749812262,1.9277108433734937,27.650000000001796,12.548218742909823,False,2018-2026,2021
2021-04-16,7185585492.232908,1.7640000000000002,2.2359999999999998,0.96195469193401,1.9138755980861242,45.39999999999979,20.304114490160913,False,2018-2026,2021
2021-04-19,8844532472.4011,1.9639999999999997,2.0360000000000005,0.9585200450504421,1.7391304347826089,22.399999999999064,11.001964636541778,False,2018-2026,2021
2021-04-21,-2475460901.089394,2.1665000000000005,1.8334999999999995,0.9703556353403522,1.5296367112810707,-183.34999999999994,-100.0,True,2018-2026,2021
2021-04-23,-2229132129.907802,2.239,1.7610000000000001,0.9701673538685422,1.4035087719298247,-146.0999999999989,-82.96422487223104,True,2018-2026,2021
2021-04-26,6795098925.653899,1.9940000000000004,2.0059999999999993,0.9599232061435086,1.7167381974248928,135.4000000000014,67.49750747756802,False,2018-2026,2021
2021-04-28,2429360453.908108,1.9365,2.0635,0.9581067810007425,1.75054704595186,128.65000000000228,62.34552944027249,False,2018-2026,2021
2021-04-30,4901981752.080001,1.874,2.126,0.9523809523809523,1.8264840182648403,-82.59999999999886,-38.8523047977417,False,2018-2026,2021
2021-05-03,-3590600763.1012745,2.229,1.771,0.9585430146177809,1.3986013986013988,105.89999999999841,59.796725014115424,True,2018-2026,2021
2021-05-05,-4791301758.343043,2.3040000000000003,1.6959999999999997,0.9623481294358235,1.3605442176870748,57.39999999999821,33.844339622640454,True,2018-2026,2021
2021-05-07,1065820753.0841982,1.954,1.546,0.8351627374248354,1.4344262295081966,-154.6,-100.0,False,2018-2026,2021
2021-05-10,7536963180.25857,1.9365,2.0635,0.9477100954817921,1.7353579175704987,-206.35,-100.0,False,2018-2026,2021
2021-05-12,-4617104757.301893,2.5665,1.4335,0.9656004828002414,1.0825439783491204,-143.35,-100.0,True,2018-2026,2021
2021-05-14,-2654395226.060233,2.5015,1.4985,0.9749914688246478,1.1065006915629323,-149.85,-100.0,True,2018-2026,2021
2021-05-17,2838578842.548426,2.2765000000000004,1.7234999999999996,0.9602688752850798,1.2718600953895072,80.6499999999973,46.794313896140025,False,2018-2026,2021
2021-05-19,-2490214176.886398,2.314,1.686,0.970873786407767,1.3559322033898304,-78.60000000000227,-46.619217081851886,True,2018-2026,2021
2021-05-21,1002201969.6464185,2.209,1.791,0.963275135460566,1.3986013986013985,115.89999999999887,64.71245114461132,False,2018-2026,2021
2021-05-24,-1244053286.0495002,2.274,1.726,0.9639715628388963,1.3559322033898307,-172.6,-100.0,True,2018-2026,2021
2021-05-26,462349273.7323245,2.0940000000000003,1.9059999999999997,0.9563658099222953,1.639344262295082,105.39999999999799,55.299055613849944,False,2018-2026,2021
2021-05-28,2285697365.539214,1.824,2.176,0.954152950718,1.9047619047619047,80.40000000000182,36.94852941176554,False,2018-2026,2021
2021-06-01,5335941127.2526455,1.7865,2.2135,0.9523356030665207,1.85614849187935,41.649999999999544,18.816354190196314,False,2018-2026,2021
2021-06-02,-967616946.1297565,1.794,2.206,0.9532206944212759,1.923076923076923,143.39999999999864,65.00453309156782,True,2018-2026,2021
2021-06-04,-1408179728.4946144,2.0440000000000005,1.9559999999999995,0.9550642280693377,1.6326530612244896,-151.6000000000002,-77.50511247443774,True,2018-2026,2021
2021-06-07,8654074570.232075,1.6664999999999999,2.3335,0.9466111321469141,2.0887728459530024,88.65000000000272,37.990143561175366,False,2018-2026,2021
2021-06-09,3324348284.3299527,1.5739999999999998,2.426,0.9472612309659697,2.23463687150838,19.40000000000044,7.996702390766874,False,2018-2026,2021
2021-06-11,4792295863.338831,1.624,2.376,0.9443316492752255,2.162162162162162,30.400000000000695,12.794612794613085,False,2018-2026,2021
2021-06-14,6539972743.427235,1.4164999999999999,2.5835,0.942684766214178,2.388059701492537,12.649999999997942,4.896458293012557,False,2018-2026,2021
2021-06-16,4678399447.442353,2.054,1.9460000000000002,0.9423072392753657,1.5384615384615388,-81.60000000000048,-41.932168550873826,False,2018-2026,2021
2021-06-18,2448509813.65949,1.909,2.091,0.9479346873000449,1.6260162601626016,-209.10000000000002,-100.0,False,2018-2026,2021
2021-06-21,-10730353675.7625,2.5164999999999997,1.4835000000000003,0.963855421686747,1.1188811188811187,-133.3500000000023,-89.88877654196311,True,2018-2026,2021
2021-06-23,5303156041.290962,1.6640000000000001,2.336,0.9454923651491515,2.051282051282051,126.4000000000023,54.109589041096875,False,2018-2026,2021
2021-06-25,8154507613.76073,1.5439999999999998,2.4560000000000004,0.9409772048272131,2.2857142857142856,-2.599999999999336,-1.0586319218238338,False,2018-2026,2021
2021-06-28,9791031497.521742,1.734,2.266,0.9377124504770612,2.0100502512562812,25.39999999999818,11.209179170343415,False,2018-2026,2021
2021-06-30,5337265109.055139,1.3739999999999999,2.6260000000000003,0.9352787130564908,2.564102564102564,130.40000000000066,49.657273419649904,False,2018-2026,2021
2021-07-02,6505889251.575039,1.6039999999999999,2.396,0.9292169024554556,2.185792349726776,-214.6,-89.56594323873122,False,2018-2026,2021
2021-07-06,9711827471.282187,1.5040000000000002,2.4959999999999996,0.9221902017291066,2.2598870056497176,40.399999999997746,16.18589743589654,False,2018-2026,2021
2021-07-07,3849745697.1725307,1.604,2.396,0.924000924000924,2.1978021978021975,17.399999999999327,7.262103505842791,False,2018-2026,2021
2021-07-09,-1716871879.714417,2.174,1.826,0.9281819236570368,1.465201465201465,-182.6,-100.0,True,2018-2026,2021
2021-07-12,11155481109.92358,1.8340000000000003,2.1659999999999995,0.918526683200147,1.8518518518518516,-24.599999999998378,-11.357340720220861,False,2018-2026,2021
2021-07-14,3823418620.3068175,1.944,2.056,0.9182314861576604,1.7241379310344829,173.40000000000205,84.3385214007792,False,2018-2026,2021
2021-07-16,1902849029.966998,2.0365,1.9634999999999998,0.92011133347135,1.6494845360824744,-57.350000000001344,-29.208046855106367,False,2018-2026,2021
2021-07-19,-3776759303.563138,2.454,1.5459999999999998,0.9272352163935187,1.234567901234568,-154.6,-100.0,True,2018-2026,2021
2021-07-21,2159344387.1026464,2.124,1.876,0.9279881217520415,1.4981273408239701,-44.599999999999305,-23.77398720682266,False,2018-2026,2021
2021-07-23,-2.3516790972399975e+24,1.7539999999999998,2.2460000000000004,0.9185055914027876,1.9417475728155345,-224.60000000000005,-100.0,True,2018-2026,2021
2021-07-26,13569322859.931072,1.8039999999999998,2.196,0.9092975676290066,1.8433179723502304,81.39999999999907,37.06739526411615,False,2018-2026,2021
2021-07-28,1516184499.2431011,2.374,1.626,0.9111617312072893,1.3114754098360657,153.4000000000025,94.34194341943575,False,2018-2026,2021
2021-07-30,5133016124.937325,1.8840000000000001,2.1159999999999997,0.907708716272948,1.8099547511312217,-64.59999999999727,-30.52930056710646,False,2018-2026,2021
2021-08-02,113968052.87631007,2.1765000000000003,1.8234999999999997,0.9122630966770816,1.4981273408239701,175.64999999999844,96.32574718946995,False,2018-2026,2021
2021-08-04,3568374640.1577096,1.664,2.3360000000000003,0.906762178949516,2.0725388601036268,-32.60000000000092,-13.955479452055187,False,2018-2026,2021
2021-08-06,4267559527.67237,1.9240000000000002,2.0759999999999996,0.9054485365688028,1.7621145374449338,40.40000000000183,19.460500963392025,False,2018-2026,2021
2021-08-09,10429257845.16251,1.764,2.2359999999999998,0.9039139473922083,1.9801980198019802,162.40000000000137,72.62969588551046,False,2018-2026,2021
2021-08-11,3710164508.552493,1.774,2.226,0.9036280666877513,1.9607843137254901,3.3999999999990926,1.5274034141954596,False,2018-2026,2021
2021-08-13,8440043250.045647,1.3139999999999998,2.686,0.8987148377819718,2.6315789473684212,41.40000000000226,15.41325390915944,False,2018-2026,2021
2021-08-16,13515936393.85908,1.384,2.616,0.8970621215519176,2.4390243902439024,36.40000000000181,13.914373088685705,False,2018-2026,2021
2021-08-18,-220311304.6163686,2.064,1.936,0.9007791739854974,1.5503875968992247,-172.60000000000204,-89.15289256198453,True,2018-2026,2021
2021-08-20,-1445262836.2299597,2.459,1.541,0.9094216078574028,1.1510791366906477,-88.0999999999975,-57.17066839714309,True,2018-2026,2021
2021-08-23,5408460607.567111,1.7665000000000002,2.2335,0.9022420715477963,1.8223234624145783,-148.35,-66.4204163868368,False,2018-2026,2021
2021-08-25,8075075292.112121,1.434,2.566,0.8929568032146445,2.4539877300613497,55.400000000000446,21.59002338269698,False,2018-2026,2021
2021-08-27,3794431407.0552325,2.404,1.596,0.896318372285836,1.3071895424836601,-159.60000000000002,-100.0,False,2018-2026,2021
2021-08-30,10395973464.74465,1.5064999999999995,2.4935000000000005,0.8885137386436838,2.1798365122615806,28.64999999999722,11.489873671544903,False,2018-2026,2021
2021-09-01,6617120095.28232,1.4839999999999998,2.516,0.8857199796284404,2.3121387283236996,129.4000000000002,51.430842607313274,False,2018-2026,2021
2021-09-03,6338350504.863836,1.9089999999999998,2.091,0.8826320086497937,1.7241379310344827,84.89999999999975,40.60258249641308,False,2018-2026,2021
2021-09-07,10168371174.998913,1.6340000000000001,2.3659999999999997,0.8828852690592858,2.0725388601036268,15.399999999998194,6.508875739644207,False,2018-2026,2021
2021-09-08,3671780700.896338,1.5839999999999999,2.4160000000000004,0.8858965272856131,2.173913043478261,53.39999999999885,22.102649006622034,False,2018-2026,2021
2021-09-10,1841042988.359627,1.834,2.166,0.8909678137877269,1.8348623853211008,-216.6,-100.0,False,2018-2026,2021
2021-09-13,-4874313831.8296585,2.5665000000000004,1.4334999999999996,0.8978877191407214,1.011378002528445,201.6499999999989,140.66968957097941,True,2018-2026,2021
2021-09-15,-3417869822.982244,2.3040000000000003,1.6959999999999997,0.9005358188121932,1.3157894736842106,-154.60000000000224,-91.15566037735982,True,2018-2026,2021
2021-09-17,-1132593332.9875567,2.0415,1.9585,0.8945544000894555,1.5655577299412915,-195.85,-100.0,True,2018-2026,2021
2021-09-20,-7274144500.186344,2.4890000000000008,1.5109999999999992,0.9061459348027999,1.1428571428571428,-151.0999999999999,-100.0,True,2018-2026,2021
2021-09-22,-8033708102.713876,2.8440000000000003,1.1559999999999997,0.922360320059031,0.8830022075055189,1.4000000000016222,1.2110726643612653,True,2018-2026,2021
2021-09-24,1033754110.1391609,2.0440000000000005,1.9559999999999995,0.9026492756239564,1.5094339622641508,196.40000000000163,100.40899795501107,False,2018-2026,2021
2021-09-27,3757704067.357386,2.0465,1.9535,0.9010632546404758,1.4732965009208103,-27.34999999999932,-14.000511901714521,False,2018-2026,2021
2021-09-29,-7485664093.596406,2.8690000000000007,1.1309999999999993,0.9221902017291066,0.8830022075055187,241.9000000000012,213.88152077807368,True,2018-2026,2021
2021-09-30,-8857752959.228216,2.7865,1.2134999999999998,0.9207043388191967,0.9744214372716199,-121.34999999999998,-100.0,True,2018-2026,2021
2021-10-01,-9322940695.134073,2.8064999999999998,1.1935000000000002,0.9324661398232976,0.9122006841505131,-48.35000000000207,-40.51110180142611,True,2018-2026,2021
2021-10-04,-8285284063.4485,2.716500000000001,1.2834999999999992,0.9210435423334637,0.9779951100244499,-128.3499999999999,-100.0,True,2018-2026,2021
2021-10-06,-4569043738.952168,2.519,1.4809999999999999,0.9236168837166344,1.1695906432748537,161.90000000000228,109.31802835921829,True,2018-2026,2021
2021-10-08,698598058.3164495,2.3940000000000006,1.6059999999999994,0.9118887495725522,1.2307692307692308,122.39999999999847,76.21419676214104,False,2018-2026,2021
2021-10-11,1076273089.8860607,2.524,1.476,0.9135966014206427,1.1764705882352942,-80.5999999999984,-54.60704607045963,False,2018-2026,2021
2021-10-13,-6938706079.283036,2.6465,1.3535,0.922445402762724,1.0680907877169559,51.65000000000046,38.16032508311819,True,2018-2026,2021
2021-10-15,3152427632.7459397,2.0265,1.9735,0.9040160914864284,1.5238095238095237,-180.3499999999984,-91.38586268051604,False,2018-2026,2021
2021-10-18,6877901572.138653,2.0065000000000004,1.9934999999999996,0.8972029697418299,1.5533980582524272,76.64999999999912,38.44996237772719,False,2018-2026,2021
2021-10-20,5727392309.9576845,1.6839999999999997,2.3160000000000003,0.8875477056891807,2.0512820512820515,-70.59999999999866,-30.483592400690267,False,2018-2026,2021
2021-10-22,6084842694.08607,1.644,2.356,0.8818147748065519,2.1052631578947367,151.40000000000043,64.26146010186777,False,2018-2026,2021
2021-10-25,6594717005.582494,1.9440000000000004,2.0559999999999996,0.8827488800123585,1.7391304347826084,-54.60000000000087,-26.556420233463463,False,2018-2026,2021
2021-10-27,5151161098.838808,1.8565,2.1435,0.8772506963177401,1.8475750577367205,-123.3499999999975,-57.546069512478425,False,2018-2026,2021
2021-10-29,4122888652.5101175,1.9340000000000002,2.066,0.8728288382648163,1.7699115044247786,-27.599999999997937,-13.35914811229329,False,2018-2026,2021
2021-11-01,5827193163.279086,1.9364999999999999,2.0635000000000003,0.8710611702706823,1.727861771058315,83.64999999999772,40.53792100799501,False,2018-2026,2021
2021-11-03,3133050806.085512,2.194,1.806,0.8660445579925087,1.4545454545454546,-53.60000000000183,-29.678848283500454,False,2018-2026,2021
2021-11-05,6383948045.481175,1.8639999999999999,2.136,0.8567511994516792,1.8264840182648403,-62.60000000000092,-29.307116104869348,False,2018-2026,2021
2021-11-08,11692680912.350737,1.994,2.0060000000000002,0.8538069115669491,1.6,195.39999999999796,97.407776669989,False,2018-2026,2021
2021-11-10,3178624438.85823,2.1465,1.8535,0.855816341813047,1.5180265654648957,-121.35000000000136,-65.4707310493668,False,2018-2026,2021
2021-11-12,951235703.5814648,1.9740000000000004,2.026,0.8624407072013799,1.702127659574468,-128.59999999999906,-63.47482724580408,False,2018-2026,2021
2021-11-15,8137491867.043259,2.0140000000000007,1.9859999999999993,0.856054445062706,1.6666666666666665,160.39999999999756,80.76535750251642,False,2018-2026,2021
2021-11-17,9348910641.139301,1.6689999999999998,2.3310000000000004,0.8524240809802877,2.0833333333333335,-21.099999999999564,-9.051909051908863,False,2018-2026,2021
2021-11-19,7381678613.569878,1.794,2.206,0.8515711487694796,1.8779342723004695,70.4000000000025,31.912964641886905,False,2018-2026,2021
2021-11-22,6231963169.938263,2.0340000000000003,1.9659999999999997,0.8530421616088375,1.574803149606299,55.39999999999821,28.179043743641003,False,2018-2026,2021
2021-11-24,-1206396087.4419212,2.3040000000000003,1.6959999999999997,0.8542810157401277,1.3201320132013201,93.39999999999958,55.070754716980886,True,2018-2026,2021
2021-12-03,-2869712067.72271,3.009000000000001,0.9909999999999992,0.8744316194473593,0.78125,-99.09999999999992,-100.0,True,2018-2026,2021
2021-12-06,-9050275696.550941,3.4965,1.5034999999999998,1.1027060406236906,0.6527415143603134,-50.34999999999998,-33.48852677086796,True,2018-2026,2021
2021-12-08,5146643335.490916,2.4440000000000004,1.5559999999999996,0.8542627712284299,1.1527377521613833,-9.600000000002007,-6.169665809769929,False,2018-2026,2021
2021-12-10,3050529592.325473,2.4165,1.5835,0.8577432774370631,1.2213740458015265,-130.35000000000272,-82.3176507736045,False,2018-2026,2021
2021-12-13,9531306047.553507,2.2640000000000002,1.7359999999999998,0.849762066621346,1.3513513513513513,-104.60000000000021,-60.253456221198284,False,2018-2026,2021
2021-12-15,-1051147274.954308,3.099,1.9009999999999998,1.0790047260407,1.0893246187363834,-90.09999999999998,-47.39610731194108,True,2018-2026,2021
2021-12-17,2420880894.8101993,2.7914999999999996,1.2085000000000004,0.8575777715841605,0.8556149732620321,-120.85000000000004,-100.0,False,2018-2026,2021
2021-12-20,-8783268394.54009,3.259,1.741,1.0872401496042445,0.9523809523809523,-174.10000000000002,-100.0,True,2018-2026,2021
2021-12-22,509867601.12754714,2.6040000000000005,1.3959999999999995,0.8638562543192813,1.0928961748633879,-139.59999999999994,-100.0,False,2018-2026,2021
2021-12-23,5517274568.719519,2.1439999999999997,1.8560000000000003,0.855267377964036,1.4705882352941178,-142.59999999999934,-76.83189655172377,False,2018-2026,2021
2021-12-27,9159283138.516378,2.3465,1.6535000000000002,0.8500329387763776,1.2965964343598055,-165.35000000000002,-100.0,False,2018-2026,2021
2021-12-29,8531249924.808941,2.0065000000000004,1.9934999999999996,0.8387854386847844,1.6161616161616161,147.65000000000276,74.06571356910098,False,2018-2026,2021
2021-12-31,5681465972.596521,1.8739999999999997,2.1260000000000003,0.8400890494392406,1.7543859649122808,-23.600000000001398,-11.100658513641296,False,2018-2026,2021
2022-01-03,2598471290.694584,2.1490000000000005,1.8509999999999995,0.8423003221798733,1.4869888475836428,138.90000000000094,75.04051863857428,False,2018-2026,2022
2022-01-05,4155441958.305697,2.0940000000000003,1.9059999999999997,0.8376787920671819,1.6,-190.59999999999997,-100.0,False,2018-2026,2022
2022-01-07,-5726810082.067186,2.5765000000000007,1.4234999999999993,0.854828713696493,1.103448275862069,69.65000000000052,48.928696873902744,True,2018-2026,2022
2022-01-10,-8369413128.124062,2.7540000000000004,1.2459999999999996,0.8581481163648845,1.0230179028132993,232.39999999999935,186.5168539325838,True,2018-2026,2022
2022-01-12,-339561556.67465156,2.5065000000000004,1.4934999999999996,0.851534891642185,1.1251758087201125,43.65000000000072,29.226648811517066,True,2018-2026,2022
2022-01-14,-4997508620.48724,2.6864999999999997,1.3135000000000003,0.861066861841822,0.9864364981504317,237.64999999999975,180.92881614008348,True,2018-2026,2022
2022-01-18,-5812891061.927584,2.816500000000001,1.183499999999999,0.8607889130388001,0.8958566629339306,-118.34999999999991,-100.0,True,2018-2026,2022
2022-01-19,-9870046879.080782,2.9515000000000002,1.0484999999999998,0.8761938140716727,0.8008008008008007,-104.84999999999998,-100.0,True,2018-2026,2022
2022-01-21,-10014985695.40215,2.999,1.001,0.8952751852100539,0.7590132827324478,-100.1,-100.0,True,2018-2026,2022
2022-01-24,-11873762035.396944,3.2939999999999996,0.7060000000000004,0.9130127137020383,0.521172638436482,319.3999999999977,452.40793201132794,True,2018-2026,2022
2022-01-26,-5072635881.485792,3.4415000000000013,0.5584999999999987,0.9206195769753044,0.4424778761061947,89.149999999999,159.62399283795742,True,2018-2026,2022
2022-01-28,-6490323644.232142,3.2740000000000005,0.7259999999999995,0.9274932177058456,0.533689126084056,-72.59999999999995,-100.0,True,2018-2026,2022
2022-01-31,-4251038292.2180004,3.1765000000000008,0.8234999999999992,0.9051412020275162,0.5865102639296187,-82.34999999999992,-100.0,True,2018-2026,2022
2022-02-02,-508186914.577029,2.6790000000000003,1.3209999999999997,0.8830801836806782,0.9756097560975611,-61.10000000000202,-46.25283875851781,True,2018-2026,2022
2022-02-04,-6117471976.357883,3.0615000000000014,0.9384999999999986,0.8955758552749418,0.68259385665529,134.14999999999742,142.94086307937945,True,2018-2026,2022
2022-02-07,-2304502908.8468957,2.9615,1.0385,0.8914244963451595,0.788177339901478,-80.84999999999818,-77.85267212325294,True,2018-2026,2022
2022-02-09,-2898682400.249828,2.709,1.291,0.887134334316574,0.9732360097323602,-129.1,-100.0,True,2018-2026,2022
2022-02-11,-6687464471.408684,3.0290000000000004,0.9709999999999996,0.8901350779980862,0.7259528130671506,-97.09999999999997,-100.0,True,2018-2026,2022
2022-02-14,-11005667238.75941,3.3714999999999993,0.6285000000000007,0.9081002542680712,0.4833836858006042,143.15000000000015,227.76451869530626,True,2018-2026,2022
2022-02-16,-6534636603.432267,2.8915,1.1084999999999998,0.8967202457013473,0.8097165991902835,127.14999999999957,114.70455570590852,True,2018-2026,2022
2022-02-18,-9969512565.708395,2.9665000000000012,1.0334999999999988,0.9151014618745853,0.7400555041628122,-103.34999999999988,-100.0,True,2018-2026,2022
2022-02-22,-10926226787.308706,3.3040000000000003,0.6959999999999997,0.9211283822682786,0.5232177894048398,-69.59999999999997,-100.0,True,2018-2026,2022
2022-02-23,-9966951729.17917,3.1040000000000005,0.8959999999999995,0.9309903409752124,0.6661115736885928,-89.59999999999995,-100.0,True,2018-2026,2022
2022-02-25,-7995810398.340068,3.164,0.8359999999999999,0.93429565786093,0.6304176516942475,-83.59999999999998,-100.0,True,2018-2026,2022
2022-02-28,-2371523474.596766,3.044000000000001,0.9559999999999991,0.9138888254243871,0.6504065040650406,270.4000000000026,282.8451882845218,True,2018-2026,2022
2022-03-02,-5878643023.834428,3.3039999999999994,0.6960000000000006,0.9160445197636604,0.4716981132075471,46.400000000002436,66.66666666667011,True,2018-2026,2022
2022-03-04,-5592328134.370899,2.996500000000001,1.003499999999999,0.9180207472688883,0.7011393514461,123.65000000000101,123.21873442949791,True,2018-2026,2022
2022-03-07,-8500270856.178236,3.284000000000001,0.7159999999999989,0.9254118082546733,0.5486968449931413,-71.59999999999988,-100.0,True,2018-2026,2022
2022-03-09,-9024244722.905506,3.194,0.806,0.9608686252372144,0.599250936329588,-80.60000000000001,-100.0,True,2018-2026,2022
2022-03-11,-7404005839.767348,2.869000000000001,1.130999999999999,0.9401146939926671,0.749063670411985,-113.0999999999999,-100.0,True,2018-2026,2022
2022-03-14,-10358965086.106737,3.184000000000001,0.815999999999999,0.9522222486728402,0.5689900426742531,-75.59999999999967,-92.64705882352912,True,2018-2026,2022
2022-03-16,-5515486524.325715,3.1590000000000003,0.8409999999999997,0.9387027128508402,0.6006006006006006,-84.09999999999998,-100.0,True,2018-2026,2022
2022-03-18,1219064637.598146,2.8765000000000005,1.1234999999999995,0.90711175616836,0.827300930713547,-112.34999999999995,-100.0,False,2018-2026,2022
2022-03-21,2798976967.7690887,2.8240000000000007,1.1759999999999993,0.900009000090001,0.8188331627430911,238.4000000000003,202.72108843537455,False,2018-2026,2022
2022-03-23,1362584843.2177665,2.599,1.4009999999999998,0.8897192935628809,1.0526315789473684,-140.09999999999997,-100.0,False,2018-2026,2022
2022-03-25,458022335.79960936,2.5040000000000004,1.4959999999999996,0.8880600328582212,1.1173184357541899,-115.60000000000245,-77.27272727272893,False,2018-2026,2022
2022-03-28,3301946860.695665,2.6965000000000003,1.3034999999999997,0.883665444262802,1.019108280254777,-130.34999999999997,-100.0,False,2018-2026,2022
2022-03-30,4683947122.899591,2.3390000000000004,1.6609999999999996,0.8665698996945341,1.282051282051282,-95.10000000000201,-57.254665863938605,False,2018-2026,2022
2022-03-31,-1644816780.1372545,2.5515,1.4485000000000001,0.8720106385297901,1.0738255033557047,-144.85000000000002,-100.0,True,2018-2026,2022
2022-04-01,-5101931526.946926,2.7265000000000006,1.2734999999999994,0.885661146045523,1.0012515644555695,61.6499999999987,48.409893992931856,True,2018-2026,2022
2022-04-04,-7429710745.109739,2.6390000000000007,1.3609999999999993,0.8832166751308265,1.0869565217391302,-136.09999999999994,-100.0,True,2018-2026,2022
2022-04-06,-5703760325.412466,2.6765,1.3235000000000001,0.8867016913834763,1.0680907877169559,-132.35000000000002,-100.0,True,2018-2026,2022
2022-04-08,-4828077897.330468,2.5965000000000007,1.4034999999999993,0.8913649025069638,1.0825439783491204,20.650000000001434,14.713216957607015,True,2018-2026,2022
2022-04-11,-5258438547.676448,2.654,1.346,0.8936350841134023,1.0309278350515465,-134.60000000000002,-100.0,True,2018-2026,2022
2022-04-13,-9824972561.790085,2.7265,1.2734999999999999,0.9127002236115548,1.0037641154328734,-127.34999999999998,-100.0,True,2018-2026,2022
2022-04-14,-3900060181.633627,2.5040000000000004,1.4959999999999996,0.9022217209879327,1.1560693641618498,-149.59999999999997,-100.0,True,2018-2026,2022
2022-04-18,-9810225073.231625,2.7015000000000007,1.2984999999999993,0.9135340063033847,0.9638554216867469,169.15000000000097,130.26569118213405,True,2018-2026,2022
2022-04-20,-2789591224.8475003,2.5165000000000006,1.4834999999999994,0.898876404494382,1.1510791366906474,217.65000000000256,146.7138523761393,True,2018-2026,2022
2022-04-22,-7583019380.769811,2.9015000000000013,1.0984999999999987,0.9131794625938863,0.8820286659316428,-109.84999999999987,-100.0,True,2018-2026,2022
2022-04-25,-10499128240.703703,3.1365000000000007,0.8634999999999993,0.938790837401427,0.6820119352088662,264.6499999999992,306.4852345107115,True,2018-2026,2022
2022-04-27,-8497980957.5817995,3.1365000000000016,0.8634999999999984,0.9613304813862387,0.6177606177606177,238.65000000000015,276.375217139549,True,2018-2026,2022
2022-04-29,-5237759290.215816,3.1515000000000004,0.8484999999999996,0.9350163627863487,0.6519967400162999,-84.84999999999997,-100.0,True,2018-2026,2022
2022-05-02,-11246308289.987202,3.2939999999999996,0.7060000000000004,0.9707559762164786,0.5390835579514824,280.39999999999907,397.1671388101967,True,2018-2026,2022
2022-05-04,-6818629717.891937,3.291500000000001,0.708499999999999,0.9605917245022934,0.5617977528089888,-70.84999999999991,-100.0,True,2018-2026,2022
2022-05-06,-7950955118.141514,3.3465000000000025,0.6534999999999975,0.9664637092877163,0.494743351886209,272.6499999999998,417.2149961744465,True,2018-2026,2022
2022-05-09,-8342765244.318641,3.2915,0.7084999999999999,0.9723370120083621,0.5594405594405594,-70.85,-100.0,True,2018-2026,2022
2022-05-11,-7556830983.139898,3.2965000000000018,0.7034999999999982,1.0023555355084448,0.5098789037603568,-70.34999999999982,-100.0,True,2018-2026,2022
2022-05-13,-8520182246.412808,3.199,0.8010000000000002,1.0194199500484225,0.5706134094151213,-80.10000000000002,-100.0,True,2018-2026,2022
2022-05-16,-4837692940.920665,3.1989999999999994,0.8010000000000006,0.9958423581547041,0.6106870229007634,141.90000000000268,177.15355805243766,True,2018-2026,2022
2022-05-18,-5063263523.822042,2.959,1.041,0.9797677950325773,0.7920792079207921,-104.1,-100.0,True,2018-2026,2022
2022-05-20,-8457684622.628954,3.0315,0.9685000000000001,1.0270894851713956,0.6993006993006994,161.14999999999839,166.39132679400967,True,2018-2026,2022
2022-05-23,-9598818120.069883,3.161499999999999,0.8385000000000011,1.026746752913394,0.6235385814497273,-83.85000000000011,-100.0,True,2018-2026,2022
2022-05-25,-4830286702.96533,3.0440000000000014,0.9559999999999986,1.01525419426889,0.709849157054126,60.40000000000036,63.1799163179921,True,2018-2026,2022
2022-05-27,-973383328.4046655,2.7865,1.2134999999999998,0.9869476177551876,0.8898776418242491,-121.34999999999998,-100.0,True,2018-2026,2022
2022-05-31,1681658636.649774,3.0340000000000003,0.9659999999999997,0.9630664034285165,0.7312614259597806,173.3999999999989,179.503105590061,False,2018-2026,2022
2022-06-01,-981382416.2729198,2.9290000000000003,1.0709999999999997,0.969227041434456,0.8130081300813008,-107.09999999999997,-100.0,True,2018-2026,2022
2022-06-03,-630257489.8811873,2.8690000000000007,1.1309999999999993,0.9583592888974076,0.8556149732620321,-113.09999999999994,-100.0,True,2018-2026,2022
2022-06-06,-5140491175.911298,3.0140000000000007,0.9859999999999993,0.9742078472442096,0.78125,124.40000000000188,126.16632860040768,True,2018-2026,2022
2022-06-08,-1733228668.9728823,2.684,1.3159999999999998,0.9622323791195574,1.0101010101010102,-131.6,-100.0,True,2018-2026,2022
2022-06-10,-6730653472.117927,3.229000000000001,0.770999999999999,0.9963384561735621,0.6369426751592356,-77.09999999999991,-100.0,True,2018-2026,2022
2022-06-13,-10458150732.385328,3.0440000000000005,0.9559999999999995,1.0261409404581718,0.6791171477079797,-95.59999999999995,-100.0,True,2018-2026,2022
2022-06-15,-8638098250.172993,2.604,0.3959999999999999,0.8025038118931065,0.375,-39.599999999999994,-100.0,True,2018-2026,2022
2022-06-17,-8780440924.517912,2.484000000000001,0.5159999999999991,0.8176392030743234,0.4228329809725158,164.4000000000026,318.60465116279624,True,2018-2026,2022
2022-06-21,-6810510797.522409,2.4964999999999993,0.5035000000000007,0.8200306144762738,0.44809559372666175,-50.35000000000007,-100.0,True,2018-2026,2022
2022-06-22,-3693451545.0858874,2.4040000000000012,0.5959999999999988,0.7998293697344567,0.6198347107438017,79.39999999999876,133.22147651006532,True,2018-2026,2022
2022-06-24,-4050297442.99209,2.404000000000001,0.5959999999999992,0.7934199042606649,0.6185567010309277,-59.59999999999992,-100.0,True,2018-2026,2022
2022-06-27,-704926356.0300009,2.9490000000000003,1.0509999999999997,1.0256410256410255,0.7968127490039841,260.90000000000254,248.23977164605387,True,2018-2026,2022
2022-06-29,-5351616435.92425,2.3865000000000007,0.6134999999999993,0.7879806682076066,0.6179196704428424,175.65000000000052,286.3080684596589,True,2018-2026,2022
2022-06-30,-6150827432.191047,2.3865,0.6135000000000002,0.7887057338906853,0.5581395348837209,-38.3499999999982,-62.51018744905979,True,2018-2026,2022
2022-07-01,-7114868952.034004,2.3890000000000007,0.6109999999999993,0.7952707897038941,0.5859375,-61.09999999999993,-100.0,True,2018-2026,2022
2022-07-05,-3412962480.9688478,2.4215000000000013,0.5784999999999987,0.7869884575026234,0.5676442762535477,147.15000000000126,254.36473638721105,True,2018-2026,2022
2022-07-06,-3884197674.8124967,2.3665000000000003,0.6334999999999997,0.7854431208273335,0.6362672322375398,5.6499999999998,8.918705603788164,True,2018-2026,2022
2022-07-08,-1737101595.661174,2.564,1.436,1.0283569426948094,0.9685230024213073,225.39999999999978,156.96378830083552,True,2018-2026,2022
2022-07-11,-1666871528.0355153,2.2315000000000005,0.7684999999999995,0.7718233039182897,0.7518796992481203,-76.84999999999995,-100.0,True,2018-2026,2022
2022-07-13,-6373744209.198075,2.4715000000000003,0.5284999999999997,0.7876496534341525,0.5050505050505051,133.1500000000014,251.93945127720235,True,2018-2026,2022
2022-07-15,-6975064290.405001,2.369,0.6309999999999998,0.7937347867499207,0.6269592476489028,-63.09999999999998,-100.0,True,2018-2026,2022
2022-07-18,-2565878502.90891,2.2640000000000002,0.7359999999999998,0.7790184367696702,0.7481296758104738,25.400000000000933,34.51086956521867,True,2018-2026,2022
2022-07-20,86143425.92686002,2.739,1.2610000000000001,1.0197838058331634,0.9685230024213075,93.89999999999885,74.46471054718386,False,2018-2026,2022
2022-07-22,391480245.630589,2.3165000000000004,1.1834999999999996,0.877588887217291,0.970873786407767,-6.3499999999995005,-5.3654414871140705,False,2018-2026,2022
2022-07-25,-2884596225.9639716,2.6390000000000002,1.3609999999999998,1.0123506782749545,1.0638297872340425,109.89999999999797,80.74944893460544,True,2018-2026,2022
2022-07-27,-4397383080.269906,3.066500000000001,0.9334999999999991,1.0232534342943387,0.721370604147881,-93.34999999999991,-100.0,True,2018-2026,2022
2022-07-29,1609129801.64621,2.5265000000000013,1.4734999999999987,0.9851974089308145,1.0062893081761004,-147.34999999999988,-100.0,False,2018-2026,2022
2022-08-03,-1895040405.8588312,2.6240000000000006,1.3759999999999994,0.98015192354815,1.0416666666666665,-137.59999999999994,-100.0,True,2018-2026,2022
2022-08-05,-388825166.8345744,2.5165,1.4834999999999998,0.9657869956781031,1.1095700416088767,194.6500000000007,131.20997640714575,True,2018-2026,2022
2022-08-08,-1583798822.0201566,2.5665000000000004,1.4334999999999996,0.9675156616597731,1.1188811188811187,254.65000000000185,177.64213463550885,True,2018-2026,2022
2022-08-10,-3265955665.03231,3.004,0.996,0.9724315651286042,0.7920792079207921,-99.6,-100.0,True,2018-2026,2022
2022-08-12,670324630.000505,2.5390000000000006,1.4609999999999994,0.9523582771838766,1.1396011396011396,-146.09999999999994,-100.0,False,2018-2026,2022
2022-08-15,6356216342.022596,2.524,1.476,0.9366146065047884,1.1695906432748537,-33.60000000000136,-22.764227642277348,False,2018-2026,2022
2022-08-17,3002803353.5848413,2.3640000000000003,1.6359999999999997,0.9309470058416924,1.3289036544850499,-97.59999999999746,-59.657701711489906,False,2018-2026,2022
2022-08-19,1002274061.2551478,2.4565,1.5434999999999999,0.9349289454001496,1.17820324005891,-154.35,-100.0,False,2018-2026,2022
2022-08-22,-4208241011.006969,2.6540000000000004,1.3459999999999996,0.9475304986379249,1.0723860589812333,-134.59999999999997,-100.0,True,2018-2026,2022
2022-08-24,-5434035484.114938,2.604,1.396,0.9700967671525235,1.092896174863388,196.40000000000137,140.68767908309553,True,2018-2026,2022
2022-08-26,-2252296720.380358,3.0140000000000007,0.9859999999999993,0.953493361302472,0.7692307692307694,-98.59999999999994,-100.0,True,2018-2026,2022
2022-08-29,-9041502129.105585,2.9665000000000012,1.0334999999999988,0.9868989168784387,0.7744433688286544,-40.35000000000033,-39.04208998548658,True,2018-2026,2022
2022-08-31,-9653924892.081299,2.8164999999999996,1.1835000000000004,1.0045707971269275,0.9422850412249707,-7.34999999999868,-6.210392902406993,True,2018-2026,2022
2022-09-02,-8849493770.543905,2.989000000000001,1.0109999999999988,1.0090817356205852,0.7759456838021338,123.90000000000012,122.55192878338306,True,2018-2026,2022
2022-09-06,-10758421925.273813,3.0515000000000008,0.9484999999999992,1.0197578075207139,0.7518796992481203,284.15000000000214,299.57828149710315,True,2018-2026,2022
2022-09-07,-9029462599.777025,2.826500000000001,1.1734999999999989,1.0235676450267406,0.8918617614269787,-117.34999999999988,-100.0,True,2018-2026,2022
2022-09-09,-5745403417.577824,2.5865,1.4135,0.999000999000999,0.9888751545117429,-91.35,-64.62681287584012,True,2018-2026,2022
2022-09-12,1761488412.6488142,2.7140000000000004,1.2859999999999996,0.9838646202282566,1.0,-123.59999999999883,-96.11197511663985,False,2018-2026,2022
2022-09-14,-9239079625.948648,3.046499999999999,0.9535000000000009,1.0174492547184208,0.7226738934056008,143.64999999999856,150.65547981122015,True,2018-2026,2022
2022-09-16,-10005330004.584707,2.8265,1.1735000000000002,1.0252992592212853,0.8620689655172414,-117.35000000000002,-100.0,True,2018-2026,2022
2022-09-19,-13321024030.851337,2.396500000000001,0.603499999999999,0.7779477737727873,0.5882352941176471,-60.3499999999999,-100.0,True,2018-2026,2022
2022-09-21,-7917765018.459102,2.5765000000000002,0.42349999999999977,0.7809449433814917,0.40567951318458423,-42.34999999999998,-100.0,True,2018-2026,2022
2022-09-23,-9980995464.053135,2.329,0.6709999999999998,0.8016888912642635,0.6423982869379015,-67.09999999999998,-100.0,True,2018-2026,2022
2022-09-26,-11896116657.16566,2.5215000000000014,0.4784999999999986,0.8153946510110893,0.4909983633387888,-47.84999999999986,-100.0,True,2018-2026,2022
2022-09-28,-9316242698.837723,2.489,0.5110000000000001,0.8255593164368861,0.5434782608695653,-51.10000000000001,-100.0,True,2018-2026,2022
2022-09-30,-9846998927.129473,2.4915000000000003,0.5084999999999997,0.8269246671628214,0.4846526655896607,-50.84999999999997,-100.0,True,2018-2026,2022
2022-10-03,-10380561904.296137,2.509,0.4910000000000001,0.8398185991825765,0.5136986301369864,-49.10000000000001,-100.0,True,2018-2026,2022
2022-10-05,-3504927050.9614453,2.334000000000001,0.665999999999999,0.7936927879781999,0.6578947368421052,218.40000000000236,327.92792792793193,True,2018-2026,2022
2022-10-07,-6603471274.063521,2.4840000000000013,0.5159999999999987,0.8038800610948846,0.5029337803855826,-51.599999999999866,-100.0,True,2018-2026,2022
2022-10-10,-10789279900.475168,2.4565000000000006,0.5434999999999994,0.8269018743109151,0.544959128065395,52.64999999999937,96.87212511499436,True,2018-2026,2022
2022-10-12,-8740534568.225008,2.3815,0.6185,0.838597864370772,0.5958291956305859,93.15000000000113,150.60630557801312,True,2018-2026,2022
2022-10-14,-5673838359.23812,2.499000000000001,0.500999999999999,0.8197617225926331,0.48115477145148355,-50.0999999999999,-100.0,True,2018-2026,2022
2022-10-17,-10550737171.676115,2.4565000000000015,0.5434999999999985,0.8387619873067352,0.5150214592274678,-54.34999999999985,-100.0,True,2018-2026,2022
2022-10-19,-5215851935.8465,2.3715000000000006,0.6284999999999994,0.8083203103949992,0.6048387096774194,-6.849999999999712,-10.898965791566775,True,2018-2026,2022
2022-10-21,-8524275361.910054,2.344000000000001,0.6559999999999988,0.820950660865282,0.6521739130434783,-65.59999999999988,-100.0,True,2018-2026,2022
2022-10-24,-2957856859.1871824,2.4265000000000008,0.5734999999999992,0.801538954793203,0.5602240896358543,-57.34999999999992,-100.0,True,2018-2026,2022
2022-10-26,-227289251.35391057,2.364,0.6360000000000001,0.779443477357167,0.6355932203389831,-52.599999999998644,-82.70440251572113,True,2018-2026,2022
2022-10-28,-2829449115.6456957,2.3815000000000013,0.6184999999999987,0.7895360160012632,0.5893909626719056,-61.84999999999987,-100.0,True,2018-2026,2022
2022-10-31,2055299104.0611415,2.9365,1.0635,1.0283305054244434,0.8238928939237898,16.650000000001832,15.655853314529224,False,2018-2026,2022
2022-11-02,-2485344231.7423525,2.516499999999999,0.48350000000000115,0.7802137785753297,0.4811547714514836,-48.350000000000115,-100.0,True,2018-2026,2022
2022-11-04,-8149226986.158845,2.459,0.5409999999999999,0.8086035416835126,0.5429864253393665,-54.099999999999994,-100.0,True,2018-2026,2022
2022-11-07,-5797287116.090527,2.329,0.6709999999999998,0.7971303308090872,0.6764374295377679,-67.09999999999998,-100.0,True,2018-2026,2022
2022-11-09,-2518502396.5387025,2.454000000000001,0.5459999999999989,0.7853608733212911,0.588235294117647,-54.599999999999895,-100.0,True,2018-2026,2022
2022-11-11,1843678208.9941823,2.894000000000001,1.105999999999999,1.0135306339634116,0.8528784648187634,-110.5999999999999,-100.0,False,2018-2026,2022
2022-11-14,5473881529.025854,2.899000000000001,1.100999999999999,1.003738927504956,0.8438818565400843,-93.09999999999832,-84.55949137147901,False,2018-2026,2022
2022-11-15,663252894.1602442,2.6864999999999997,1.3135000000000003,1.0122225877470454,1.0139416983523448,114.64999999999792,87.28587742672089,False,2018-2026,2022
2022-11-16,773555877.8444855,2.8965000000000005,1.1034999999999995,1.003663371305264,0.855614973262032,-59.35000000000086,-53.78341640235694,False,2018-2026,2022
2022-11-17,-2270833311.1190047,2.6765000000000008,1.3234999999999992,1.011352431038406,1.011378002528445,94.64999999999826,71.51492255383326,True,2018-2026,2022
2022-11-18,-3730553366.361409,2.7165,1.2835,1.0145331879169097,0.9791921664626683,-36.34999999999842,-28.320997273080184,True,2018-2026,2022
2022-11-21,-230042459.1749444,2.7440000000000007,1.2559999999999993,1.0098969905069684,1.0025062656641603,133.39999999999756,106.21019108280068,True,2018-2026,2022
2022-11-22,-3213180725.1251383,2.4765000000000006,1.5234999999999994,1.013710433614638,1.263823064770932,-152.34999999999994,-100.0,True,2018-2026,2022
2022-11-23,2971001654.489,2.404,1.596,1.00035012254289,1.257861635220126,0.4000000000022652,0.2506265664174594,False,2018-2026,2022
2022-11-29,-4461859922.14291,2.3065,1.6934999999999998,1.0102795948778824,1.3722126929674099,156.64999999999912,92.50073811632662,True,2018-2026,2022
2022-11-30,-5094177688.804899,3.054000000000001,0.9459999999999988,1.0119921064615696,0.8247422680412372,-94.59999999999988,-100.0,True,2018-2026,2022
2022-12-01,3374305930.466366,2.704,1.2959999999999998,0.9816673620143813,1.0256410256410258,134.39999999999864,103.70370370370267,False,2018-2026,2022
2022-12-02,3209294627.649874,2.9640000000000004,1.0359999999999996,0.9819324430479183,0.851063829787234,183.4000000000005,177.02702702702757,False,2018-2026,2022
2022-12-05,643244826.7812501,2.354,1.646,0.9831149998771106,1.3201320132013201,-164.6,-100.0,False,2018-2026,2022
2022-12-06,-5680528843.511054,2.4740000000000006,1.5259999999999994,1.0009759515527639,1.2578616352201257,-152.59999999999994,-100.0,True,2018-2026,2022
2022-12-07,-7821671175.9596195,2.5340000000000007,1.4659999999999993,1.0155892956888235,1.176470588235294,168.3999999999978,114.87039563437781,True,2018-2026,2022
2022-12-08,-6388154781.755897,2.6140000000000008,1.3859999999999992,1.0174233753020476,1.1142061281337046,-59.59999999999788,-43.001443001441494,True,2018-2026,2022
2022-12-09,-2612741078.8251824,2.6339999999999995,1.3660000000000005,1.0095656343858055,0.9803921568627451,-8.600000000002783,-6.295754026356354,True,2018-2026,2022
2022-12-12,-5467912050.66282,2.5290000000000004,1.4709999999999996,1.0170870626525632,1.1220196353436185,-147.09999999999997,-100.0,True,2018-2026,2022
2022-12-13,-782109361.507573,3.486499999999999,0.513500000000001,1.0027324459151186,0.42621204049014383,-47.34999999999805,-92.2103213242414,True,2018-2026,2022
2022-12-14,1616999826.1185453,3.3990000000000014,0.6009999999999986,0.9951238929246692,0.5072923272035511,-19.099999999997365,-31.780366056568067,False,2018-2026,2022
2022-12-15,-2288078676.476429,2.9315000000000015,1.0684999999999985,1.001477178838787,0.8171603677221654,-106.84999999999985,-100.0,True,2018-2026,2022
2022-12-16,-8584170137.087579,2.8615000000000004,1.1384999999999996,1.026562299499551,0.8421052631578947,-113.84999999999997,-100.0,True,2018-2026,2022
2022-12-19,-12173281795.433487,2.249,0.7509999999999999,0.7826971744632002,0.7042253521126761,-75.1,-100.0,True,2018-2026,2022
2022-12-20,-9908322254.24916,2.1365,0.8635000000000002,0.7894944603805363,0.8534850640113799,61.6500000000018,71.39548349739641,True,2018-2026,2022
2022-12-21,-7436977291.004415,2.1465000000000005,0.8534999999999995,0.7883948281299276,0.8534850640113798,-85.34999999999995,-100.0,True,2018-2026,2022
2022-12-22,-3137944264.035066,2.0665000000000004,0.9334999999999996,0.7767392486342335,0.96,-93.34999999999995,-100.0,True,2018-2026,2022
2022-12-23,-9807274128.987457,2.3840000000000003,1.1159999999999997,0.9192624888375269,0.8771929824561404,-111.59999999999997,-100.0,True,2018-2026,2022
2022-12-27,-5087840623.577718,2.134,0.8660000000000001,0.7834739233762502,0.8333333333333334,152.3999999999986,175.98152424942103,True,2018-2026,2022
2022-12-28,-6608950782.121396,2.0340000000000007,0.9659999999999993,0.7865963973885,0.9493670886075949,-96.59999999999994,-100.0,True,2018-2026,2022
2022-12-29,-10518409374.48195,2.1640000000000006,0.8359999999999994,0.796453128733374,0.8333333333333333,-83.59999999999994,-100.0,True,2018-2026,2022
2022-12-30,-2348133081.4118304,2.0765000000000002,0.9234999999999998,0.7825542570951586,0.930232558139535,50.6500000000007,54.845695722794495,True,2018-2026,2022
2023-01-03,-8703516238.302645,2.3165000000000013,0.6834999999999987,0.784457286300761,0.7361963190184049,213.64999999999947,312.58229700073133,True,2018-2026,2023
2023-01-04,-6252395299.66824,2.294,0.706,0.7877737513786041,0.7125890736342043,-43.60000000000181,-61.75637393767963,True,2018-2026,2023
2023-01-05,-4757043364.816238,2.1214999999999993,0.8785000000000007,0.7817997029161129,0.8759124087591241,-49.85000000000053,-56.744450768355705,True,2018-2026,2023
2023-01-06,-7615487321.466675,2.504000000000001,0.4959999999999991,0.7907638779060573,0.5514705882352942,-49.59999999999991,-100.0,True,2018-2026,2023
2023-01-09,71128397.23094179,2.114,0.8860000000000001,0.7731161735903515,0.8797653958944283,97.40000000000136,109.93227990970806,False,2018-2026,2023
2023-01-10,-2018725514.810064,2.1365,0.8635000000000002,0.7734749651936266,0.8368200836820083,51.64999999999953,59.81470758540767,True,2018-2026,2023
2023-01-11,-3383072632.4003906,2.4339999999999997,1.5660000000000003,1.0240131073677743,1.2903225806451615,-156.60000000000002,-100.0,True,2018-2026,2023
2023-01-12,822654129.6842984,3.4939999999999993,0.5060000000000007,1.011352431038406,0.49079754601226994,156.39999999999924,309.0909090909072,False,2018-2026,2023
2023-01-13,-1097636677.8815293,2.4340000000000006,1.5659999999999994,1.0077343612223817,1.1661807580174925,-4.600000000001758,-2.9374201788006133,True,2018-2026,2023
2023-01-17,167143186.2804583,2.3840000000000003,1.6159999999999997,1.0038144950813088,1.2944983818770228,115.39999999999822,71.41089108910782,False,2018-2026,2023
2023-01-18,-2642176185.9306374,2.5240000000000005,1.4759999999999995,1.0056062548709053,1.1904761904761905,-147.59999999999997,-100.0,True,2018-2026,2023
2023-01-19,-8712466763.055038,2.464,1.536,1.0216069877917964,1.2539184952978057,-84.60000000000024,-55.07812500000014,True,2018-2026,2023
2023-01-20,-10229089468.906242,2.0690000000000004,0.9309999999999996,0.7718233039182897,0.9316770186335405,-93.09999999999997,-100.0,True,2018-2026,2023
2023-01-23,-3309839965.485149,2.469,1.5310000000000001,1.0104837691044588,1.2422360248447206,-153.10000000000002,-100.0,True,2018-2026,2023
2023-01-24,770684124.6408432,2.5465,1.4535,0.9985022466300548,1.1577424023154848,238.6499999999975,164.1898864809064,False,2018-2026,2023
2023-01-25,-3180483036.611228,2.494,1.5059999999999998,0.9996001599360256,1.183431952662722,113.39999999999866,75.29880478087561,True,2018-2026,2023
2023-01-26,-3578569748.045377,2.5465,1.4535,0.9991008092716555,1.1347517730496455,-145.35,-100.0,True,2018-2026,2023
2023-01-27,2166090925.0107965,2.5140000000000002,1.4859999999999998,0.9883864591055103,1.1627906976744187,81.40000000000116,54.777927321669694,False,2018-2026,2023
2023-01-30,4020284231.8094053,2.4640000000000004,1.5359999999999996,0.9859502095144196,1.2461059190031152,-153.59999999999997,-100.0,False,2018-2026,2023
2023-01-31,-5037368013.022822,2.604,1.396,0.9984025559105432,1.1461318051575933,-139.6,-100.0,True,2018-2026,2023
2023-02-01,497252891.5935129,3.1540000000000004,0.8459999999999996,0.98408246611066,0.7326007326007326,-84.59999999999997,-100.0,False,2018-2026,2023
2023-02-02,2698939193.396141,2.664,1.3359999999999999,0.9737335378173763,1.0723860589812333,-111.59999999999725,-83.53293413173448,False,2018-2026,2023
2023-02-03,3427631301.489755,3.1390000000000002,0.8609999999999998,0.9597389510053266,0.7054673721340388,49.900000000001384,57.955865272940066,False,2018-2026,2023
2023-02-06,-1271136219.292715,2.5965000000000003,1.4034999999999997,0.970026190707149,1.094391244870041,53.6499999999998,38.22586391164931,True,2018-2026,2023
2023-02-07,-4358430394.882862,2.8265000000000002,1.1734999999999998,0.9757525491535347,0.935672514619883,-117.34999999999998,-100.0,True,2018-2026,2023
2023-02-08,1552234763.0771239,2.5365,1.4634999999999998,0.9634375451611349,1.195814648729447,-146.34999999999997,-100.0,False,2018-2026,2023
2023-02-09,-3575689380.792752,2.579,1.4209999999999998,0.9740655059052722,1.1347517730496455,-129.10000000000045,-90.85151301900102,True,2018-2026,2023
2023-02-10,-5414083173.150791,2.646500000000001,1.353499999999999,0.9824871662613908,1.0914051841746246,160.64999999999804,118.69227927594987,True,2018-2026,2023
2023-02-13,-4611139906.701013,2.6440000000000006,1.3559999999999994,0.9802960494069208,1.0666666666666667,-135.59999999999994,-100.0,True,2018-2026,2023
2023-02-14,-68984389.52634795,3.3790000000000004,0.6209999999999996,0.9688983625617673,0.5835156819839533,304.9000000000016,490.98228663446355,True,2018-2026,2023
2023-02-15,101327797.06773047,2.5189999999999997,1.4810000000000003,0.9692975016356895,1.1782032400589104,250.9000000000009,169.4125590817021,False,2018-2026,2023
2023-02-16,-570552753.7755464,2.494,1.5059999999999998,0.966206913210464,1.2232415902140672,-150.59999999999997,-100.0,True,2018-2026,2023
2023-02-17,-5305771740.759236,2.5765000000000002,1.4234999999999998,0.9795758436596954,1.0165184243964422,82.65000000000002,58.061116965226574,True,2018-2026,2023
2023-02-21,-7181221726.3140545,2.6840000000000006,1.3159999999999994,0.9821976672805403,1.0526315789473684,-131.59999999999994,-100.0,True,2018-2026,2023
2023-02-22,-10836150203.874788,2.7665000000000006,1.2334999999999994,1.0021546324597885,0.9962640099626402,136.65000000000234,110.78232671260835,True,2018-2026,2023
2023-02-23,-11156378996.37221,2.6340000000000003,1.3659999999999997,1.0035122930255895,1.095890410958904,-100.5999999999986,-73.64568081991115,True,2018-2026,2023
2023-02-24,-6711090024.642477,2.5065000000000004,1.4934999999999996,0.9984025559105432,1.0914051841746248,-99.34999999999997,-66.52159357214596,True,2018-2026,2023
2023-02-27,-12923897746.72477,2.6665,1.3335,1.0090817356205852,1.0582010582010584,95.65000000000205,71.72853393325988,True,2018-2026,2023
2023-02-28,-6628171561.523967,2.504,1.496,1.0057579643458803,1.234567901234568,69.39999999999978,46.390374331550646,True,2018-2026,2023
2023-03-02,-9393675220.204342,2.8840000000000003,1.1159999999999997,1.0096165980968728,0.8968609865470852,208.3999999999989,186.73835125447934,True,2018-2026,2023
2023-03-03,-5024614687.630199,2.5439999999999996,1.4560000000000004,1.0055304172951232,1.1730205278592376,-145.60000000000005,-100.0,True,2018-2026,2023
2023-03-06,-563490056.8301476,2.464,1.536,0.9898050084133425,1.2422360248447206,200.40000000000205,130.46875000000134,True,2018-2026,2023
2023-03-07,-2963598225.106306,2.8739999999999997,1.1260000000000003,0.988972951589774,0.9638554216867469,-112.60000000000004,-100.0,True,2018-2026,2023
2023-03-08,-10339804021.186396,2.4640000000000004,1.5359999999999996,1.0043690051725005,1.2539184952978057,238.40000000000163,155.20833333333442,True,2018-2026,2023
2023-03-09,-8331239930.004549,2.3865000000000003,1.6134999999999997,1.002707309736288,1.3266998341625207,-161.34999999999997,-100.0,True,2018-2026,2023
2023-03-10,-13438625505.45002,3.1590000000000003,0.8409999999999997,1.0215026303692731,0.7017543859649122,-84.09999999999998,-100.0,True,2018-2026,2023
2023-03-13,-15719568236.626823,2.3990000000000005,0.6009999999999995,0.7773631840796019,0.5660377358490566,210.899999999998,350.91514143094537,True,2018-2026,2023
2023-03-14,-11706723280.169796,2.6165,0.3835000000000002,0.7786342754808067,0.39499670836076367,-38.350000000000016,-100.0,True,2018-2026,2023
2023-03-15,-11313907893.456078,2.9165,1.0835,1.0212418300653594,0.8839779005524862,225.6499999999975,208.26026765112832,True,2018-2026,2023
2023-03-16,-13111636600.83895,3.0564999999999998,0.9435000000000002,1.0273796681563672,0.7518796992481203,-94.35000000000002,-100.0,True,2018-2026,2023
2023-03-17,-5127812753.404458,2.7190000000000003,1.2809999999999997,1.00999899000101,0.9744214372716199,-128.09999999999997,-100.0,True,2018-2026,2023
2023-03-20,-17999085790.756733,2.9690000000000003,1.0309999999999997,1.0253255408592228,0.7421150278293136,-70.10000000000156,-67.99224054316352,True,2018-2026,2023
2023-03-21,-4262506184.1717334,2.654,1.346,1.0160794574135696,1.0840108401084012,-134.60000000000002,-100.0,True,2018-2026,2023
2023-03-22,-1390554737.094228,3.2265000000000006,0.7734999999999994,1.0028078620136383,0.6705783738474435,-77.34999999999994,-100.0,True,2018-2026,2023
2023-03-23,-4715661877.170481,2.8665000000000003,1.1334999999999997,1.020069874786423,0.8394543546694649,0.6499999999986628,0.5734450816044666,True,2018-2026,2023
2023-03-24,-7494902075.704216,2.6639999999999993,1.3360000000000007,1.0174492547184208,0.8791208791208791,91.39999999999992,68.41317365269451,True,2018-2026,2023
2023-03-27,-5816574260.370776,2.926500000000001,1.0734999999999988,1.010739102969046,0.8898776418242491,147.65000000000126,137.54075454122165,True,2018-2026,2023
2023-03-28,-4228447012.6344366,2.624,1.376,1.0089544709294993,1.1461318051575933,127.39999999999773,92.58720930232394,True,2018-2026,2023
2023-03-29,-7341609421.478597,2.5065000000000004,1.4934999999999996,1.0109945659042083,1.2598425196850394,-149.34999999999997,-100.0,True,2018-2026,2023
2023-03-30,1157500240.7359524,2.4240000000000004,1.5759999999999996,0.9966115208291807,1.3071895424836601,-26.599999999999735,-16.878172588832324,False,2018-2026,2023
2023-03-31,1076807498.208834,2.2740000000000005,1.7259999999999995,0.9908593227476529,1.4084507042253522,-172.59999999999997,-100.0,False,2018-2026,2023
2023-04-03,4445334585.051831,2.5040000000000004,1.4959999999999996,0.9771350400625366,1.1940298507462686,-42.600000000000634,-28.47593582887744,False,2018-2026,2023
2023-04-04,4592403918.677378,2.224,1.7759999999999998,0.9734017959263135,1.5209125475285172,-7.600000000001117,-4.279279279279908,False,2018-2026,2023
2023-04-05,-3847828091.4444556,2.244,1.7559999999999998,0.9787129924149743,1.465201465201465,189.39999999999776,107.85876993166158,True,2018-2026,2023
2023-04-06,-4155171298.745041,2.0940000000000003,1.4059999999999997,0.8585796639273887,1.3409961685823755,38.40000000000208,27.31152204836564,True,2018-2026,2023
2023-04-10,-183028063.39216557,2.8065,1.1934999999999998,0.9774932186407957,1.0037641154328734,212.64999999999935,178.17343946376153,True,2018-2026,2023
2023-04-11,-1026838498.4934163,2.164,1.8359999999999999,0.9763718023823472,1.5325670498084292,145.40000000000205,79.1938997821362,True,2018-2026,2023
2023-04-12,569756586.7867496,2.7664999999999997,1.2335000000000003,0.9763003099753484,1.0512483574244416,83.6499999999993,67.81516011349758,False,2018-2026,2023
2023-04-13,-3636137332.339135,2.404000000000001,1.5959999999999992,0.9802239811796996,1.3468013468013467,-159.5999999999999,-100.0,True,2018-2026,2023
2023-04-14,5196101764.784619,2.214,1.786,0.9674922600619195,1.4492753623188408,71.39999999999999,39.97760358342665,False,2018-2026,2023
2023-04-17,769589085.3750011,2.1465,1.8535,0.9696969696969697,1.5717092337917486,119.65000000000114,64.55354734286547,False,2018-2026,2023
2023-04-18,330692380.89403886,1.994,2.0060000000000002,0.9663002778113299,1.7391304347826089,78.40000000000205,39.08275174476672,False,2018-2026,2023
2023-04-19,3304011605.051073,2.0165,1.9834999999999998,0.9656937302334565,1.7130620985010707,180.65000000000205,91.07638013612407,False,2018-2026,2023
2023-04-20,893135394.5270967,1.994,2.0060000000000002,0.9656937302334565,1.6949152542372883,-12.600000000000456,-6.2811565304090005,False,2018-2026,2023
2023-04-21,-5904270475.618529,2.1540000000000004,1.8459999999999996,0.9711566475672526,1.5037593984962405,97.39999999999935,52.76273022751862,True,2018-2026,2023
2023-04-24,-3564720022.5454373,2.1440000000000006,1.8559999999999994,0.9704498034839147,1.5384615384615383,151.40000000000052,81.57327586206927,True,2018-2026,2023
2023-04-25,-675093942.111861,1.974,2.026,0.969391464508155,1.7937219730941705,-202.59999999999997,-100.0,True,2018-2026,2023
2023-04-26,-9462361553.76956,2.4765000000000006,1.5234999999999994,0.9849305623953512,1.2326656394453004,-15.349999999999486,-10.075484082703966,True,2018-2026,2023
2023-04-27,-10527458270.521164,2.3740000000000006,1.6259999999999994,0.989193065756609,1.3377926421404682,-162.59999999999994,-100.0,True,2018-2026,2023
2023-04-28,2495320219.5349426,2.3340000000000005,1.6659999999999995,0.9699085861157586,1.342281879194631,-158.60000000000153,-95.19807923169364,False,2018-2026,2023
2023-05-02,6088307621.261038,2.474,1.5259999999999998,0.9617234083477592,1.1661807580174925,-152.59999999999997,-100.0,False,2018-2026,2023
2023-05-03,-6014400829.34907,2.7940000000000005,1.2059999999999995,0.9735202492211839,0.9828009828009827,-21.599999999999042,-17.910447761193243,True,2018-2026,2023
2023-05-04,-6454873222.439859,2.6615,1.3384999999999998,0.980416186671242,1.0443864229765012,-116.84999999999839,-87.29921553978215,True,2018-2026,2023
2023-05-05,-9780185758.131578,2.8039999999999994,1.1960000000000006,0.9872399239825258,0.9803921568627451,-119.60000000000007,-100.0,True,2018-2026,2023
2023-05-08,200517356.46891066,2.224,1.7759999999999998,0.9694384527762293,1.4869888475836432,201.40000000000208,113.40090090090207,False,2018-2026,2023
2023-05-09,-881994414.685211,1.9764999999999995,2.0235000000000003,0.9690157222800939,1.75054704595186,-7.350000000001189,-3.632320237213337,True,2018-2026,2023
2023-05-10,-5323720480.158615,2.664,1.3359999999999999,0.9733544226791581,1.1173184357541899,85.39999999999979,63.92215568862261,True,2018-2026,2023
2023-05-11,-202903394.61992478,2.0865,1.9135,0.9689687749812262,1.6032064128256511,25.650000000001594,13.404755683303682,True,2018-2026,2023
2023-05-12,-4176868979.3724017,2.0965000000000003,1.9034999999999997,0.9704733483756702,1.5841584158415842,171.6500000000005,90.17599159443157,True,2018-2026,2023
2023-05-15,-6513548712.428407,2.234,1.766,0.9717700791992614,1.465201465201465,23.4,13.250283125707812,True,2018-2026,2023
2023-05-16,-1354778498.6414003,1.854,2.146,0.9685230024213075,1.8433179723502304,-89.6,-41.75209692451072,True,2018-2026,2023
2023-05-17,-7368433218.770457,2.024000000000001,1.975999999999999,0.9750152346130408,1.6806722689075628,-197.5999999999999,-100.0,True,2018-2026,2023
2023-05-18,1908428994.5120645,2.0540000000000003,1.9459999999999997,0.9633911368015414,1.6326530612244896,-194.59999999999997,-100.0,False,2018-2026,2023
2023-05-19,5863008493.192281,2.1940000000000004,1.8059999999999996,0.9541074324968991,1.509433962264151,180.4000000000014,99.88925802879372,False,2018-2026,2023
2023-05-22,861321865.1120161,2.2365000000000004,1.7634999999999996,0.9555433458350254,1.4311270125223614,201.6499999999973,114.34647008789189,False,2018-2026,2023
2023-05-23,-1088090797.9392705,2.0740000000000003,1.9259999999999997,0.9551554515497398,1.6194331983805668,-192.59999999999997,-100.0,True,2018-2026,2023
2023-05-24,-8242894737.89482,2.1440000000000006,1.8559999999999994,0.96597358062257,1.5503875968992247,-177.60000000000153,-95.68965517241465,True,2018-2026,2023
2023-05-25,-10625465674.694824,2.394,1.6059999999999999,0.9730466089325679,1.2987012987012987,-23.599999999999532,-14.69489414694865,True,2018-2026,2023
2023-05-26,-681908664.1801435,2.354,1.646,0.9647155295082362,1.2422360248447206,-162.6000000000018,-98.78493317132553,True,2018-2026,2023
2023-05-30,4726953005.041335,2.6190000000000007,1.3809999999999993,0.9524263060145721,1.0296010296010296,245.89999999999756,178.0593772628513,False,2018-2026,2023
2023-05-31,259411901.15889207,2.194000000000001,1.8059999999999992,0.9520182787509519,1.4814814814814814,2.3999999999984922,1.3289036544842157,False,2018-2026,2023
2023-06-01,-2750891712.5833135,2.1565,1.8435000000000001,0.9573271426178112,1.5238095238095237,-64.35000000000115,-34.90642799023659,True,2018-2026,2023
2023-06-02,4745333273.164814,2.3540000000000005,1.6459999999999995,0.948316737790422,1.36518771331058,-164.59999999999994,-100.0,False,2018-2026,2023
2023-06-05,10744050958.585989,1.994,2.0060000000000002,0.9347541596560104,1.6949152542372883,108.3999999999975,54.03788634097582,False,2018-2026,2023
2023-06-06,1905808649.8227594,2.0140000000000002,1.9859999999999998,0.9365707462127421,1.7467248908296944,97.39999999999797,49.043303121851956,False,2018-2026,2023
2023-06-07,1831551082.5830944,1.8565000000000003,2.1434999999999995,0.9344921035417251,1.9002375296912115,44.649999999997526,20.830417541403097,False,2018-2026,2023
2023-06-08,-3409176714.345659,1.8165,2.1835,0.9376684873063129,1.9277108433734937,-32.34999999999864,-14.815662926493536,True,2018-2026,2023
2023-06-09,5929379932.05694,1.854,2.146,0.9320967516428206,1.8779342723004695,96.40000000000137,44.920782851817975,False,2018-2026,2023
2023-06-12,6818274280.7542925,1.944,2.056,0.9304705854986159,1.7777777777777777,-184.60000000000204,-89.78599221789982,False,2018-2026,2023
2023-06-13,7449217976.692191,2.4965,1.5034999999999998,0.922105166094193,1.1747430249632893,-115.3499999999977,-76.72098436980228,False,2018-2026,2023
2023-06-14,8164439156.181837,2.6340000000000003,1.3659999999999997,0.9160654986831559,1.081081081081081,144.40000000000026,105.71010248901925,False,2018-2026,2023
2023-06-15,6726606504.119802,2.309,1.6909999999999998,0.9149340103845011,1.3468013468013469,-169.1,-100.0,False,2018-2026,2023
2023-06-16,13603306486.413994,2.4015,1.5985,0.9037709844325449,1.1782032400589104,-115.85000000000024,-72.4741945573977,False,2018-2026,2023
2023-06-20,-391110070.94074464,2.1365000000000003,1.8634999999999997,0.9102494083378846,1.5533980582524272,-62.34999999999906,-33.4585457472493,True,2018-2026,2023
2023-06-21,-4881520029.579167,2.0540000000000003,1.9459999999999997,0.9148293843198243,1.6949152542372883,-101.59999999999928,-52.20966084275401,True,2018-2026,2023
2023-06-22,-5497412799.444932,1.9665000000000006,2.033499999999999,0.9196882256914906,1.7738359201773837,141.64999999999893,69.6582247356769,True,2018-2026,2023
2023-06-23,-1045647249.9001597,1.9039999999999995,2.0960000000000005,0.9162753407398924,1.8604651162790697,-89.60000000000119,-42.748091603053986,True,2018-2026,2023
2023-06-26,-7998776353.871279,1.9565000000000001,2.0435,0.9233610341643583,1.789709172259508,-62.349999999998396,-30.51137753853604,True,2018-2026,2023
2023-06-27,-7723983585.207274,1.8765,2.1235,0.9271707384914932,1.8306636155606406,-212.35,-100.0,True,2018-2026,2023
2023-06-28,4397774052.157414,1.8964999999999996,2.1035000000000004,0.9171156712140319,1.8475750577367205,128.6499999999986,61.15997147611056,False,2018-2026,2023
2023-06-29,-2961394985.7433867,1.964,2.036,0.9166112880680126,1.7937219730941705,-17.599999999998637,-8.644400785853948,True,2018-2026,2023
2023-06-30,1904459630.7164638,2.1640000000000006,1.8359999999999994,0.9129501985666683,1.5384615384615383,-183.59999999999994,-100.0,False,2018-2026,2023
2023-07-06,1974147198.2606943,1.784,2.216,0.9026696454764968,2.0,-221.60000000000002,-100.0,False,2018-2026,2023
2023-07-07,-4135481273.0968466,2.294,1.706,0.9097525473071324,1.4336917562724014,82.39999999999728,48.30011723329266,True,2018-2026,2023
2023-07-10,515515655.33181226,2.024,1.976,0.9121382801632728,1.7391304347826084,167.39999999999773,84.71659919028225,False,2018-2026,2023
2023-07-11,-2267102023.3398128,1.9440000000000002,2.056,0.9098146252701013,1.8018018018018016,-153.6000000000018,-74.70817120622655,True,2018-2026,2023
2023-07-12,3480798745.523693,2.5540000000000003,1.4459999999999997,0.903995660820828,1.1494252873563218,-144.59999999999997,-100.0,False,2018-2026,2023
2023-07-13,15530061649.115416,1.9439999999999997,2.056,0.8968207703690417,1.7699115044247788,-158.5999999999973,-77.14007782101035,False,2018-2026,2023
2023-07-14,9615839666.257753,1.9939999999999996,2.0060000000000002,0.8898182546214937,1.702127659574468,128.400000000002,64.00797607178563,False,2018-2026,2023
2023-07-17,2893764477.3122177,1.9340000000000002,2.066,0.8902935743061274,1.8264840182648403,7.399999999998652,3.5818005808318745,False,2018-2026,2023
2023-07-18,6701130164.497998,1.874,2.126,0.8871933637936388,1.9138755980861246,-131.59999999999977,-61.9002822201316,False,2018-2026,2023
2023-07-19,10743241600.646652,1.974,2.026,0.8806886985622757,1.7699115044247788,185.39999999999955,91.51036525172732,False,2018-2026,2023
2023-07-20,6155345681.902064,2.0440000000000005,1.9559999999999995,0.8788890841975743,1.6597510373443982,-177.59999999999928,-90.79754601226959,False,2018-2026,2023
2023-07-21,-1409559031.6976902,2.0040000000000004,1.9959999999999996,0.8846034764916626,1.6736401673640167,182.39999999999935,91.38276553106182,True,2018-2026,2023
2023-07-24,-98695631.10995106,1.9839999999999998,2.016,0.8846034764916626,1.7621145374449343,79.4000000000002,39.38492063492073,True,2018-2026,2023
2023-07-25,2460625843.2661877,2.1740000000000004,1.8259999999999996,0.8806886985622757,1.5686274509803924,76.39999999999753,41.840087623218814,False,2018-2026,2023
2023-07-26,3355444667.803396,2.7440000000000007,1.2559999999999993,0.8783294174480138,1.0443864229765012,224.40000000000006,178.66242038216575,False,2018-2026,2023
2023-07-27,554345690.4539499,2.0340000000000003,1.9659999999999997,0.8781558726673985,1.6949152542372883,-49.599999999997245,-25.22889114954082,False,2018-2026,2023
2023-07-28,-4987936264.381521,2.3840000000000003,1.6159999999999997,0.8840365107078921,1.2307692307692308,-161.59999999999997,-100.0,True,2018-2026,2023
2023-07-31,3379193685.442285,1.964,2.036,0.8755034144633164,1.7543859649122808,117.39999999999795,57.66208251473377,False,2018-2026,2023
2023-08-02,-1975116279.567277,2.3240000000000003,1.6759999999999997,0.8737630791410909,1.3513513513513513,-167.59999999999997,-100.0,True,2018-2026,2023
2023-08-03,-10266643800.506084,2.424,1.576,0.8885926913251139,1.2861736334405145,126.39999999999749,80.2030456852776,True,2018-2026,2023
2023-08-04,-8820207136.863699,2.6640000000000006,1.3359999999999994,0.8911861687906604,1.1019283746556474,46.4000000000012,34.7305389221566,True,2018-2026,2023
2023-08-07,-10577924570.089712,2.3740000000000006,1.6259999999999994,0.8952551477170994,1.2861736334405145,-133.5999999999979,-82.16482164821521,True,2018-2026,2023
2023-08-08,-2158130852.3991265,1.9639999999999997,2.0360000000000005,0.8874886290519403,1.7699115044247788,71.39999999999998,35.06876227897837,True,2018-2026,2023
2023-08-09,-8956798836.083437,2.0840000000000005,1.9159999999999995,0.8913649025069638,1.6460905349794237,-116.59999999999995,-60.85594989561586,True,2018-2026,2023
2023-08-10,-8492227684.300511,2.694,1.306,0.89736399326977,1.0471204188481675,161.4000000000016,123.58346094946522,True,2018-2026,2023
2023-08-11,-10405371487.238283,2.4764999999999997,1.5235000000000003,0.897021887334051,1.195814648729447,188.65000000000248,123.82671480144565,True,2018-2026,2023
2023-08-14,-9597405957.244333,2.3365,1.6635,0.8976862137839718,1.3675213675213675,24.650000000002503,14.818154493539225,True,2018-2026,2023
2023-08-15,-2987071804.2911625,2.0940000000000003,1.9059999999999997,0.8926778102613315,1.6064257028112452,-190.59999999999997,-100.0,True,2018-2026,2023
2023-08-16,-13475606847.18344,2.4140000000000006,1.5859999999999994,0.9030568474285456,1.2903225806451613,-95.60000000000039,-60.277427490542514,True,2018-2026,2023
2023-08-17,-12563666682.503448,2.3440000000000003,1.6559999999999997,0.909856015285581,1.3333333333333333,-165.59999999999997,-100.0,True,2018-2026,2023
2023-08-18,-15052772831.762684,2.474,1.5259999999999998,0.9168844267180122,1.2084592145015105,201.40000000000208,131.97903014416914,True,2018-2026,2023
2023-08-21,-11394346890.36988,2.464,1.536,0.9164642808046557,1.257861635220126,12.400000000002498,8.072916666668291,True,2018-2026,2023
2023-08-22,-5765809786.240578,2.2340000000000004,1.7659999999999996,0.910456593981882,1.4760147601476015,33.400000000002315,18.91279728199452,True,2018-2026,2023
2023-08-23,-9127219559.361528,2.5440000000000005,1.4559999999999995,0.9130335539831088,1.2232415902140672,-145.59999999999997,-100.0,True,2018-2026,2023
2023-08-24,-1786133730.9577224,2.484,1.516,0.9029753036254458,1.238390092879257,-151.6,-100.0,True,2018-2026,2023
2023-08-25,-12596567239.281948,2.684,1.3159999999999998,0.9155203588839806,1.0498687664041997,74.40000000000025,56.534954407295025,True,2018-2026,2023
2023-08-28,-5696161498.310692,2.374,1.626,0.9092148929399464,1.3114754098360657,65.39999999999728,40.22140221402047,True,2018-2026,2023
2023-08-29,-3752446601.6061378,2.1140000000000003,1.8859999999999997,0.9035056017347307,1.5936254980079683,-188.59999999999997,-100.0,True,2018-2026,2023
2023-08-30,2734636070.7440553,2.224,1.7759999999999998,0.8905710787042191,1.492537313432836,22.40000000000002,12.612612612612626,False,2018-2026,2023
2023-08-31,3192171287.0003,2.154,1.846,0.8869179600886918,1.574803149606299,143.39999999999725,77.68147345611986,False,2018-2026,2023
2023-09-01,2483648100.01012,2.2640000000000002,1.7359999999999998,0.888336146397797,1.4545454545454546,147.399999999998,84.90783410138133,False,2018-2026,2023
2023-09-05,638248429.5930042,2.0440000000000005,1.9559999999999995,0.886505174973959,1.702127659574468,29.40000000000005,15.030674846625796,False,2018-2026,2023
2023-09-06,-2742758070.134455,1.9140000000000001,2.086,0.8903728436282693,1.8691588785046729,-188.60000000000113,-90.41227229146746,True,2018-2026,2023
2023-09-07,-10795705316.34537,2.044,1.956,0.8964589870013447,1.702127659574468,88.3999999999975,45.194274028628584,True,2018-2026,2023
2023-09-08,-9789272801.776257,2.044,1.956,0.8991997122560921,1.7094017094017095,153.40000000000092,78.4253578732111,True,2018-2026,2023
2023-09-11,-8340037443.122627,2.044,1.956,0.8978474108325291,1.7241379310344829,-143.6000000000018,-73.41513292433632,True,2018-2026,2023
2023-09-12,1352758170.204518,1.8739999999999999,2.1260000000000003,0.8919015340706385,1.9323671497584543,-15.599999999997284,-7.337723424269652,False,2018-2026,2023
2023-09-13,-7708865989.585106,2.3440000000000003,1.6559999999999997,0.8969213175774154,1.3745704467353952,183.40000000000094,110.74879227053198,True,2018-2026,2023
2023-09-14,-4334385917.292203,2.034,1.9660000000000002,0.8958365994042686,1.702127659574468,-196.60000000000002,-100.0,True,2018-2026,2023
2023-09-15,7339520172.314144,2.0465000000000004,1.9534999999999996,0.8880797495615106,1.6359918200408998,-195.34999999999997,-100.0,False,2018-2026,2023
2023-09-18,-14898459387.180943,2.0540000000000003,1.9459999999999997,0.9023234829686443,1.6877637130801686,141.4000000000014,72.66187050359785,True,2018-2026,2023
2023-09-19,-9405217902.155096,1.9239999999999997,2.0760000000000005,0.901631953836444,1.869158878504673,167.39999999999998,80.63583815028899,True,2018-2026,2023
2023-09-20,-10420755809.14012,2.444,1.556,0.9034443817052513,1.2944983818770228,-155.6,-100.0,True,2018-2026,2023
2023-09-21,-12378684502.317984,2.2640000000000007,1.7359999999999993,0.9120134977997675,1.4598540145985401,-173.59999999999994,-100.0,True,2018-2026,2023
2023-09-22,-15608677372.654797,2.434,1.5659999999999998,0.9271922301291114,1.238390092879257,81.39999999999957,51.97956577266895,True,2018-2026,2023
2023-09-25,-15958527091.978039,2.4565,1.5434999999999999,0.9294112179934012,1.1851851851851851,123.64999999999728,80.11013929381102,True,2018-2026,2023
2023-09-26,-12843765746.56636,2.3840000000000003,1.6159999999999997,0.9254546295867845,1.2987012987012987,-161.59999999999997,-100.0,True,2018-2026,2023
2023-09-27,-16783431786.94637,2.5440000000000005,1.4559999999999995,0.9393199323689649,1.1661807580174925,251.40000000000276,172.66483516483711,True,2018-2026,2023
2023-09-28,-14992437798.906239,2.6340000000000003,1.3659999999999997,0.9389010163603503,1.0899182561307903,-89.59999999999724,-65.59297218154997,True,2018-2026,2023
2023-09-29,-9669811785.004122,2.6340000000000003,1.3659999999999997,0.9334235642778802,1.0471204188481675,204.40000000000254,149.63396778916734,True,2018-2026,2023
2023-10-02,-11768828257.206362,2.7240000000000006,1.2759999999999994,0.9358695397861537,1.0256410256410255,236.3999999999987,185.26645768024986,True,2018-2026,2023
2023-10-03,-12408193204.925924,2.474,1.5259999999999998,0.9359790340696368,1.2618296529968454,-152.59999999999997,-100.0,True,2018-2026,2023
2023-10-04,-14159983198.955612,2.5340000000000007,1.4659999999999993,0.9485866059571239,1.1594202898550725,-116.5999999999988,-79.536152796725,True,2018-2026,2023
2023-10-05,-8312342502.781466,2.5065,1.4935,0.9418412997409936,1.228878648233487,196.64999999999796,131.67057248074855,True,2018-2026,2023
2023-10-06,-8427010760.663604,2.754,1.246,0.9423738397022099,1.0025062656641606,-124.6,-100.0,True,2018-2026,2023
2023-10-09,2069543410.3697507,2.494,1.5059999999999998,0.9312721177127957,1.2232415902140672,121.40000000000275,80.61088977423823,False,2018-2026,2023
2023-10-10,-2920720600.373957,2.3765,1.6235,0.9253261774775609,1.309328968903437,-11.350000000000904,-6.9910686787809695,True,2018-2026,2023
2023-10-11,-592879457.7026922,2.3840000000000003,1.6159999999999997,0.9206195769753044,1.3245033112582782,107.3999999999998,66.46039603960385,True,2018-2026,2023
2023-10-12,-1582341869.8418508,2.5940000000000003,1.4059999999999997,0.916779354128945,1.1527377521613833,30.399999999997984,21.621621621620193,True,2018-2026,2023
2023-10-13,-6847602912.784434,2.2765000000000004,1.7234999999999996,0.9222752530492726,1.3722126929674099,-17.349999999998822,-10.066724688133927,True,2018-2026,2023
2023-10-16,-10704003903.206804,2.8240000000000003,1.1759999999999997,0.9268914378403429,0.9259259259259258,-117.59999999999997,-100.0,True,2018-2026,2023
2023-10-17,459916230.10697407,2.3940000000000006,1.6059999999999994,0.9173680710042887,1.3333333333333333,230.40000000000256,143.46201743462183,False,2018-2026,2023
2023-10-18,-6443078946.816046,2.5140000000000002,1.4859999999999998,0.9172418537457865,1.2307692307692308,-148.59999999999997,-100.0,True,2018-2026,2023
2023-10-19,-12350586263.057602,2.7665000000000006,1.2334999999999994,0.9297568685788665,1.0012515644555695,-80.34999999999926,-65.13984596676067,True,2018-2026,2023
2023-10-20,-14634443180.749546,2.8065000000000007,1.1934999999999993,0.9380203081396712,0.954653937947494,-119.34999999999994,-100.0,True,2018-2026,2023
2023-10-23,-18411355237.229942,2.824,1.1760000000000002,0.9496450701550296,0.9523809523809523,128.39999999999793,109.18367346938598,True,2018-2026,2023
2023-10-24,-10580542967.499613,2.724,1.2759999999999998,0.951339009656091,1.0554089709762533,10.399999999999565,8.150470219435398,True,2018-2026,2023
2023-10-25,-7095240863.321653,2.5940000000000003,1.4059999999999997,0.9442424814692413,1.1560693641618498,-140.59999999999997,-100.0,True,2018-2026,2023
2023-10-26,-13069531266.333698,2.7165000000000004,1.2834999999999996,0.9578314695529321,1.0430247718383312,-128.34999999999997,-100.0,True,2018-2026,2023
2023-10-27,-14574358490.560999,2.7140000000000004,1.2859999999999996,0.969485445599748,1.0204081632653061,45.40000000000095,35.303265940902776,True,2018-2026,2023
2023-10-30,-15395715386.472666,2.8265000000000002,1.1734999999999998,0.9738520718702829,0.9580838323353293,-117.34999999999998,-100.0,True,2018-2026,2023
2023-10-31,-6760082699.703379,2.494,1.5059999999999998,0.9624870665800429,1.2307692307692308,25.39999999999911,16.865869853917076,True,2018-2026,2023
2023-11-01,-6678144033.89689,2.7040000000000006,1.2959999999999994,0.9563886763580719,1.06951871657754,-129.59999999999994,-100.0,True,2018-2026,2023
2023-11-02,-2108077985.316105,2.524,1.476,0.9462976105985332,1.21580547112462,-147.6,-100.0,True,2018-2026,2023
2023-11-03,3144627380.7416,2.434,1.5659999999999998,0.9286128845037724,1.2658227848101267,-126.59999999999884,-80.8429118773939,False,2018-2026,2023
2023-11-06,5451627601.914477,2.1740000000000004,1.8259999999999996,0.9201748332183115,1.4545454545454546,152.4000000000023,83.46111719605824,False,2018-2026,2023
2023-11-07,-1108270977.3860064,1.9264999999999997,2.0735,0.9181682543326065,1.7977528089887644,4.6500000000004205,2.242585001205893,True,2018-2026,2023
2023-11-08,4314672007.407759,1.8339999999999999,2.1660000000000004,0.9155832265152902,1.9138755980861246,104.39999999999795,48.19944598337854,False,2018-2026,2023
2023-11-09,1724648900.5553732,2.0140000000000002,1.9859999999999998,0.9148921570869835,1.7316017316017316,-198.59999999999997,-100.0,False,2018-2026,2023
2023-11-10,-7961092702.963357,2.1965000000000003,1.8034999999999997,0.9219563914626838,1.5009380863039399,-180.34999999999997,-100.0,True,2018-2026,2023
2023-11-13,8485670368.264005,2.1040000000000005,1.8959999999999995,0.9078323233698735,1.6,131.39999999999802,69.3037974683534,False,2018-2026,2023
2023-11-14,6005559593.736426,2.5840000000000005,1.4159999999999995,0.9086572317757434,1.2048192771084336,-141.59999999999994,-100.0,False,2018-2026,2023
2023-11-15,10452277119.110682,2.1140000000000003,1.8859999999999997,0.8914046308470572,1.5625,175.39999999999867,93.00106044538637,False,2018-2026,2023
2023-11-16,9313510383.603136,1.9989999999999999,2.0010000000000003,0.8896005693443644,1.6666666666666667,177.89999999999725,88.90554722638542,False,2018-2026,2023
2023-11-17,4396229757.556937,1.9939999999999996,2.0060000000000002,0.8884545333392563,1.7021276595744683,121.40000000000268,60.518444666003326,False,2018-2026,2023
2023-11-20,6433708123.56876,1.9640000000000002,2.0359999999999996,0.887350814144372,1.7857142857142856,-203.59999999999997,-100.0,False,2018-2026,2023
2023-11-21,8396325812.472469,1.9340000000000002,2.066,0.8805917576611483,1.7777777777777777,20.399999999998197,9.874152952564472,False,2018-2026,2023
2023-11-22,1600940970.7049475,2.234,1.766,0.8824762282966003,1.5209125475285172,20.400000000002727,11.551528878823742,False,2018-2026,2023
2023-11-28,1471216518.3390737,1.6539999999999997,2.346,0.8800880088008801,2.2099447513812156,154.3999999999986,65.81415174765499,False,2018-2026,2023
2023-11-29,756746006.5105227,1.6339999999999997,2.3660000000000005,0.8793334652333531,2.247191011235955,125.40000000000042,53.000845308537784,False,2018-2026,2023
2023-11-30,296110778.1338154,1.9440000000000002,2.056,0.879855703664599,1.8099547511312217,63.39999999999979,30.83657587548628,False,2018-2026,2023
2023-12-01,1606916261.766547,2.2440000000000007,1.7559999999999993,0.8765970502509259,1.5037593984962405,-175.59999999999994,-100.0,False,2018-2026,2023
2023-12-04,7827603543.669025,1.9640000000000004,2.0359999999999996,0.8713837574067619,1.7391304347826084,-35.59999999999928,-17.48526522593285,False,2018-2026,2023
2023-12-05,-557812800.0415031,2.0140000000000007,1.9859999999999993,0.8758868354208637,1.7621145374449336,143.40000000000165,72.20543806646612,True,2018-2026,2023
2023-12-06,1467545696.677921,1.914,2.0860000000000003,0.8760786718647335,1.8867924528301885,62.399999999997945,29.91371045062221,False,2018-2026,2023
2023-12-07,-2900421348.002246,1.9140000000000004,2.0859999999999994,0.8796815552769898,1.8867924528301885,-129.59999999999792,-62.12847555129336,True,2018-2026,2023
2023-12-08,8346789697.632451,2.534,1.4660000000000002,0.8729621789135986,1.234567901234568,39.40000000000134,26.875852660301053,False,2018-2026,2023
2023-12-11,12126133633.663422,1.9840000000000002,2.016,0.8693006476289825,1.7543859649122806,101.39999999999729,50.2976190476177,False,2018-2026,2023
2023-12-12,7813313416.80651,2.4140000000000006,1.5859999999999994,0.865857090287248,1.3377926421404682,26.400000000002333,16.645649432536157,False,2018-2026,2023
2023-12-13,11478722924.09123,2.2640000000000002,1.7359999999999998,0.861790369492621,1.4492753623188408,-173.59999999999997,-100.0,False,2018-2026,2023
2023-12-14,16191175543.210855,2.2390000000000008,1.7609999999999992,0.8502678343678258,1.4134275618374559,23.900000000000077,13.571834185122139,False,2018-2026,2023
2023-12-15,19934687145.408005,2.399,1.601,0.847457627118644,1.2658227848101267,76.90000000000046,48.03247970018767,False,2018-2026,2023
2023-12-18,1676863679.6918821,1.8839999999999997,2.1160000000000005,0.8522061486673627,1.8604651162790697,-113.59999999999822,-53.68620037807098,False,2018-2026,2023
2023-12-19,14284022333.720396,1.784,2.216,0.8474217194186687,1.9900497512437814,-103.59999999999931,-46.750902527075496,False,2018-2026,2023
2023-12-20,14362993706.84849,1.7364999999999997,2.2635000000000005,0.8424244977043932,2.0779220779220777,-226.35000000000005,-100.0,False,2018-2026,2023
2023-12-21,47495215.24925881,2.244,1.7559999999999998,0.8547373819393991,1.3937282229965156,-43.60000000000066,-24.829157175399015,False,2018-2026,2023
2023-12-22,8593939914.428999,2.2940000000000005,1.7059999999999995,0.8462384700008462,1.4035087719298245,67.3999999999996,39.507620164126386,False,2018-2026,2023
2023-12-26,8732853779.71798,2.0865000000000005,1.9134999999999995,0.8445589290992779,1.6096579476861168,49.65000000000255,25.947217141365332,False,2018-2026,2023
2023-12-27,13476827836.224483,1.704,2.2960000000000003,0.8410605773880864,2.094240837696335,119.4000000000009,52.00348432055788,False,2018-2026,2023
2023-12-28,7193897654.3026495,1.7540000000000002,2.2459999999999996,0.8394367379488363,2.0202020202020203,108.39999999999843,48.263579697238846,False,2018-2026,2023
2023-12-29,11269681062.873646,1.994,2.0060000000000002,0.8391549709442591,1.7167381974248928,34.40000000000227,17.148554336990166,False,2018-2026,2023
2024-01-02,6221946791.142661,2.1240000000000006,1.8759999999999994,0.8414852214157988,1.6064257028112447,-127.59999999999766,-68.01705756929516,False,2018-2026,2024
2024-01-03,-4334865769.537548,2.004,1.996,0.8463817181548878,1.7391304347826089,-26.599999999998182,-13.326653306612316,True,2018-2026,2024
2024-01-04,-6302627258.572063,2.0965000000000003,1.9034999999999997,0.8533697437757344,1.6359918200408996,37.6499999999973,19.779353821905595,True,2018-2026,2024
2024-01-05,-4726920962.477387,2.444,1.556,0.8560178051703476,1.3114754098360657,240.39999999999796,154.49871465295496,True,2018-2026,2024
2024-01-08,-4336146599.428626,2.1240000000000006,1.8759999999999994,0.8547739123001966,1.6326530612244896,-187.59999999999994,-100.0,True,2018-2026,2024
2024-01-09,6044057445.376952,1.9939999999999996,2.0060000000000002,0.8428860418071477,1.7543859649122808,184.40000000000222,91.92422731804696,False,2018-2026,2024
2024-01-10,1224113830.306233,1.9439999999999997,2.056,0.8441489922971404,1.8348623853211012,-158.5999999999973,-77.14007782101035,False,2018-2026,2024
2024-01-11,6733602287.991836,2.5440000000000005,1.4559999999999995,0.8394015067257046,1.21580547112462,221.40000000000163,152.06043956044073,False,2018-2026,2024
2024-01-12,2752950638.2505555,2.0740000000000007,1.9259999999999993,0.8397539520920371,1.6326530612244896,140.39999999999847,72.89719626168149,False,2018-2026,2024
2024-01-16,6505270945.201622,2.0665,1.9335,0.8391549709442591,1.6096579476861166,1.6499999999988635,0.8533747090762159,False,2018-2026,2024
2024-01-17,-4063326514.875989,2.064,1.936,0.842193915148963,1.6877637130801686,34.39999999999728,17.768595041320907,True,2018-2026,2024
2024-01-18,-8839966653.30579,2.0740000000000003,1.9259999999999997,0.8469551960701279,1.619433198380567,-192.59999999999997,-100.0,True,2018-2026,2024
2024-01-19,6993630645.605797,2.204,1.7959999999999998,0.8395072092681596,1.4545454545454546,-179.6,-100.0,False,2018-2026,2024
2024-01-22,13436720360.083944,2.064,1.936,0.829153020189876,1.6260162601626016,55.400000000000915,28.615702479339316,False,2018-2026,2024
2024-01-23,6236765706.594364,1.934,2.066,0.8272838203966826,1.7857142857142858,105.40000000000045,51.016456921587825,False,2018-2026,2024
2024-01-24,8673859007.625488,1.9565000000000001,2.0435,0.8249463784853984,1.8058690744920995,161.6500000000025,79.10447761194153,False,2018-2026,2024
2024-01-25,7928054575.284868,2.0940000000000003,1.9059999999999997,0.8241645032348457,1.6528925619834711,8.40000000000094,4.407135362015184,False,2018-2026,2024
2024-01-26,7656819525.735966,2.184,1.8159999999999998,0.8196553349316612,1.5503875968992247,172.40000000000205,94.93392070484697,False,2018-2026,2024
2024-01-29,5364258095.121405,2.1040000000000005,1.8959999999999995,0.8205801501661675,1.6460905349794237,-189.59999999999994,-100.0,False,2018-2026,2024
2024-01-30,9758066010.154322,2.084,1.916,0.814216215115924,1.58102766798419,195.40000000000046,101.98329853862238,False,2018-2026,2024
2024-01-31,7219556450.46275,2.6940000000000004,1.3059999999999996,0.814879703383788,1.0695187165775402,-130.59999999999997,-100.0,False,2018-2026,2024
2024-02-01,-7437214493.309036,2.6290000000000004,1.3709999999999996,0.8282945415389712,1.106500691562932,-137.09999999999997,-100.0,True,2018-2026,2024
2024-02-02,3830097559.641538,2.604,1.396,0.8176113484455164,1.1019283746556474,-139.6,-100.0,False,2018-2026,2024
2024-02-05,15534424454.709087,2.1740000000000004,1.8259999999999996,0.8092742832864629,1.4705882352941175,-24.600000000001554,-13.472070098576976,False,2018-2026,2024
2024-02-06,4587984704.33973,1.9540000000000004,2.0459999999999994,0.8120508343822324,1.7699115044247786,98.3999999999973,48.09384164222744,False,2018-2026,2024
2024-02-07,5028680828.182075,2.034,1.9660000000000002,0.809765775249509,1.716738197424893,-196.60000000000002,-100.0,False,2018-2026,2024
2024-02-08,11856682826.430851,2.0565000000000007,1.9434999999999993,0.8031322156409999,1.663201663201663,165.65000000000234,85.23282737329684,False,2018-2026,2024
2024-02-09,6121997169.716288,2.0239999999999996,1.9760000000000004,0.8025682182985554,1.702127659574468,-115.60000000000072,-58.50202429149833,False,2018-2026,2024
2024-02-12,12652948163.046713,2.0540000000000007,2.9459999999999993,0.9976455564866914,2.1739130434782608,200.39999999999893,68.02443991853326,False,2018-2026,2024
2024-02-13,5874671138.43317,2.8040000000000003,2.1959999999999997,0.9981036031540074,1.5060240963855422,-219.59999999999997,-100.0,False,2018-2026,2024
2024-02-14,-5221440730.696362,2.2840000000000003,1.7159999999999997,0.8094871898652204,1.3605442176870748,-171.59999999999997,-100.0,True,2018-2026,2024
2024-02-15,9084865221.88028,2.0865,1.9135,0.8021980225818743,1.5533980582524272,-86.34999999999886,-45.1267311209819,False,2018-2026,2024
2024-02-16,11756751477.009825,2.5140000000000002,2.4859999999999998,0.9961151509114454,1.7182130584192439,99.40000000000184,39.98390989541507,False,2018-2026,2024
2024-02-20,1694396599.461248,2.3665000000000003,1.6334999999999997,0.800832866180828,1.309328968903437,-89.34999999999906,-54.698500153045046,False,2018-2026,2024
2024-02-21,-8080916916.702437,2.6465,1.3535,0.8052502315094415,1.1004126547455297,146.64999999999932,108.34872552641251,True,2018-2026,2024
2024-02-22,-1923076020.8061059,2.8539999999999996,1.1460000000000004,0.8045375920189871,0.9090909090909092,-114.60000000000004,-100.0,True,2018-2026,2024
2024-02-23,13203039306.356365,2.5440000000000005,2.4559999999999995,0.9851634386144662,1.6778523489932886,236.39999999999935,96.25407166123755,False,2018-2026,2024
2024-02-26,11303017222.51371,2.3140000000000005,4.686,1.37844117994565,2.8112449799196786,31.40000000000005,6.700810926163049,False,2018-2026,2024
2024-02-27,-260191541.0907976,2.124,2.876,0.9881422924901185,2.1551724137931036,202.39999999999773,70.37552155771827,True,2018-2026,2024
2024-02-28,3634729424.4537168,2.0540000000000003,2.9459999999999997,0.9863878477017164,2.2123893805309733,125.3999999999989,42.56619144602814,False,2018-2026,2024
2024-02-29,-647358283.6792879,2.504,2.496,0.9877518767285658,1.718213058419244,33.39999999999841,13.381410256409618,True,2018-2026,2024
2024-03-01,8238733073.082322,2.3740000000000006,2.6259999999999994,0.9839227030324498,1.8656716417910446,-147.6000000000022,-56.207159177457065,False,2018-2026,2024
2024-03-04,15229300015.301899,2.0740000000000003,2.9259999999999997,0.9749439407234084,2.1551724137931036,134.39999999999822,45.93301435406637,False,2018-2026,2024
2024-03-05,4068093612.10757,1.9040000000000004,3.0959999999999996,0.9760477872996662,2.4154589371980673,-309.59999999999997,-100.0,False,2018-2026,2024
2024-03-06,-8392583132.664482,2.8240000000000007,2.1759999999999993,0.9859210474425208,1.4749262536873156,-97.60000000000106,-44.85294117647109,True,2018-2026,2024
2024-03-07,4343711259.022579,2.614,2.386,0.9807767752059631,1.6611295681063125,-224.6000000000014,-94.13243922883544,False,2018-2026,2024
2024-03-08,8954689282.113405,3.054,1.9460000000000002,0.9711377850289399,1.3262599469496024,-18.600000000000925,-9.558067831449602,False,2018-2026,2024
2024-03-11,-1302888298.6022706,2.5965000000000003,2.4034999999999997,0.9770204783492262,1.6474464579901154,184.65000000000003,76.82546286665281,True,2018-2026,2024
2024-03-12,84694239.61171868,3.3965000000000005,1.6034999999999995,0.9779951100244498,1.053740779768177,-141.34999999999448,-88.15091986279671,False,2018-2026,2024
2024-03-13,11711898111.09002,2.3640000000000008,2.6359999999999992,0.9674735395986921,1.8656716417910446,135.400000000001,51.365705614567915,False,2018-2026,2024
2024-03-14,-764954057.8119857,2.4665000000000004,2.5334999999999996,0.9690110273454912,1.7761989342806395,141.65000000000458,55.9107953424135,True,2018-2026,2024
2024-03-15,-2984578365.7417765,2.684,2.316,0.9709680551509855,1.4577259475218658,-57.59999999999907,-24.870466321243125,True,2018-2026,2024
2024-03-18,-10223253039.834932,2.8240000000000003,2.1759999999999997,0.9808922195629144,1.5015015015015014,-4.600000000000426,-2.1139705882354902,True,2018-2026,2024
2024-03-19,4138445047.423843,2.8140000000000005,2.1859999999999995,0.9749059215785677,1.529051987767584,105.40000000000096,48.215919487649124,False,2018-2026,2024
2024-03-20,3025041949.8996477,3.1365,1.8635000000000002,0.9694431518535753,1.257861635220126,-186.35000000000002,-100.0,False,2018-2026,2024
2024-03-21,9281675157.465185,2.5365,2.4635,0.9607624610891204,1.6750418760469012,43.649999999997746,17.718692916581187,False,2018-2026,2024
2024-03-22,9179631114.6887,2.1640000000000006,2.8359999999999994,0.957670944263551,2.092050209205021,42.39999999999915,14.950634696755696,False,2018-2026,2024
2024-03-25,888059330.2496271,2.0240000000000005,2.9759999999999995,0.9592142117177608,2.242152466367713,-16.60000000000541,-5.57795698924913,False,2018-2026,2024
2024-03-26,-2392502120.439216,1.894,3.106,0.9618899213174046,2.4630541871921183,-43.6000000000041,-14.037347070188055,True,2018-2026,2024
2024-03-27,-850926420.9586483,2.124,2.876,0.9640040873773306,2.1551724137931036,-104.5999999999959,-36.369958275381045,True,2018-2026,2024
2024-03-28,9944861336.079725,2.174,2.826,0.9557122923715046,2.1186440677966103,104.40000000000045,36.942675159235826,False,2018-2026,2024
2024-04-01,10774985158.507002,2.364,2.636,0.9557853688375738,1.8867924528301887,58.40000000000272,22.154779969652015,False,2018-2026,2024
2024-04-02,1262803182.8801477,2.0640000000000005,2.9359999999999995,0.9574508827697139,2.252252252252252,-108.59999999999768,-36.98910081743791,False,2018-2026,2024
2024-04-03,-4725297520.306922,2.3665,2.6335,0.9636696540425942,1.9047619047619047,198.65000000000043,75.43193468767817,True,2018-2026,2024
2024-04-04,3174902647.641775,2.2190000000000003,2.7809999999999997,0.9626862797951403,2.0491803278688523,-278.09999999999997,-100.0,False,2018-2026,2024
2024-04-05,-8241952374.626001,3.5664999999999996,1.4335000000000004,0.9745638826625086,0.9407337723424272,-83.34999999999778,-58.14440181374102,True,2018-2026,2024
2024-04-08,-556837233.9793919,3.079,1.9209999999999998,0.9645061728395062,1.3157894736842106,240.9000000000041,125.40343571056955,True,2018-2026,2024
2024-04-09,-1476449043.0094943,2.3165000000000004,2.6834999999999996,0.9640040873773306,1.9267822736030826,201.65000000000458,75.14440096888565,True,2018-2026,2024
2024-04-10,-3831151390.4799266,3.5540000000000003,1.4459999999999997,0.9628345850182939,1.0,-28.600000000003156,-19.7786998616896,True,2018-2026,2024
2024-04-11,-9141492726.465067,3.2265,1.7734999999999999,0.9724599346506925,1.1778563015312131,17.65000000000456,9.952072173670462,True,2018-2026,2024
2024-04-12,8318850385.984356,2.7865,2.2135,0.9651578033008398,1.4771048744460857,-221.34999999999997,-100.0,False,2018-2026,2024
2024-04-15,-26042049058.09025,3.3115000000000006,1.6884999999999994,0.9788183704631769,1.0416666666666667,-168.84999999999994,-100.0,True,2018-2026,2024
2024-04-16,-13469828383.4698,3.4290000000000003,1.5709999999999997,0.9910802775024777,1.006036217303823,192.90000000000003,122.78803309993637,True,2018-2026,2024
2024-04-17,-10434370678.74835,3.1290000000000004,1.8709999999999996,0.9930486593843099,1.1655011655011656,-137.09999999999997,-73.2763228220203,True,2018-2026,2024
2024-04-18,-29274543430.18205,3.1665000000000005,1.8334999999999995,0.999000999000999,1.1976047904191618,166.65000000000006,90.8917371148078,True,2018-2026,2024
2024-04-19,-27700857571.3425,2.7465000000000006,1.2534999999999994,0.8008008008008008,0.99626400996264,-125.34999999999994,-100.0,True,2018-2026,2024
2024-04-22,-35409907007.682335,2.879,1.121,0.8079175924055746,0.8849557522123894,-112.1,-100.0,True,2018-2026,2024
2024-04-23,-4703861323.012288,2.5165000000000006,1.4834999999999994,0.8005603922745923,1.188707280832095,-148.34999999999994,-100.0,True,2018-2026,2024
2024-04-24,1374159965.3710058,2.7165,2.2835,0.9888458191598766,1.550387596899225,217.64999999999793,95.3142106415581,False,2018-2026,2024
2024-04-25,-3018055513.9504485,2.9465000000000003,2.0534999999999997,0.9891979582954141,1.375515818431912,38.64999999999981,18.821524226929544,True,2018-2026,2024
2024-04-26,-7478792557.209717,3.2890000000000006,1.7109999999999994,0.9931670109645638,1.0438413361169103,-121.09999999999994,-70.77732320280536,True,2018-2026,2024
2024-04-29,1942717450.2828407,2.414,2.586,0.9837871871556745,1.8050541516245486,136.39999999999887,52.74555297757111,False,2018-2026,2024
2024-04-30,-1683160492.601441,2.4539999999999997,2.5460000000000003,0.9802960494069208,1.805054151624549,-254.60000000000002,-100.0,True,2018-2026,2024
2024-05-02,-8687078684.660181,3.8215,1.1785,0.9959564169471944,0.8103727714748784,381.1500000000009,323.4196011879515,True,2018-2026,2024
2024-05-03,-4742651925.602636,3.5690000000000004,1.4309999999999996,0.9900794043682304,0.984251968503937,-143.09999999999997,-100.0,True,2018-2026,2024
2024-05-06,5020687509.310826,2.3990000000000005,2.6009999999999995,0.9779185980558978,1.8315018315018314,-219.10000000000315,-84.23683198769825,False,2018-2026,2024
2024-05-07,6039797679.619454,2.0465000000000004,2.9534999999999996,0.9678855572117152,2.207505518763797,84.6499999999955,28.66091078381429,False,2018-2026,2024
2024-05-08,6251063526.687167,2.0940000000000003,2.9059999999999997,0.9667440061871616,2.202643171806167,190.39999999999458,65.51961459050055,False,2018-2026,2024
2024-05-09,1734177134.74315,2.064,2.936,0.9667626984280437,2.232142857142857,-6.59999999999954,-2.247956403269598,False,2018-2026,2024
2024-05-10,6348805628.009628,2.0440000000000005,2.9559999999999995,0.9612981370042105,2.2321428571428568,120.39999999999687,40.7307171853846,False,2018-2026,2024
2024-05-13,5926003319.525755,1.9340000000000004,3.066,0.9599877121572843,2.392344497607655,184.39999999999685,60.14350945857693,False,2018-2026,2024
2024-05-14,372377073.2273448,2.8040000000000003,2.1959999999999997,0.959858708798065,1.5772870662460567,51.400000000003665,23.4061930783259,False,2018-2026,2024
2024-05-15,5695191894.248332,3.354000000000001,1.645999999999999,0.9554931300043953,1.149425287356322,-164.5999999999999,-100.0,False,2018-2026,2024
2024-05-16,11296970271.524492,1.9965,3.0035,0.9438058025180739,2.2271714922048997,64.64999999999772,21.524887631096295,False,2018-2026,2024
2024-05-17,3814921157.6460667,2.224,2.776,0.9458053532582995,2.032520325203252,179.40000000000504,64.62536023054936,False,2018-2026,2024
2024-05-20,1600649016.25267,1.8539999999999999,3.146,0.944411914700716,2.538071065989848,82.40000000000272,26.191989828354327,False,2018-2026,2024
2024-05-21,4475466872.932357,1.8539999999999999,3.146,0.9433428296511519,2.525252525252525,53.39999999999498,16.973935155751743,False,2018-2026,2024
2024-05-22,6199918167.701828,2.7140000000000004,2.2859999999999996,0.9410524730858992,1.5873015873015872,153.40000000000504,67.10411198600397,False,2018-2026,2024
2024-05-23,-860330792.6515977,3.264,1.7360000000000002,0.9437167339851269,1.1600928074245938,21.400000000004525,12.327188940094771,True,2018-2026,2024
2024-05-24,-7558819369.034727,2.5940000000000007,2.4059999999999993,0.950660709192889,1.6286644951140063,-91.59999999999901,-38.07148794679927,True,2018-2026,2024
2024-05-28,1477884688.472952,1.929,3.0709999999999997,0.9442692300428699,2.3696682464454972,106.89999999999864,34.80950830348377,False,2018-2026,2024
2024-05-29,-2205730377.5178494,1.9340000000000002,3.066,0.9436454912618427,2.3696682464454977,-95.59999999999862,-31.180691454663606,True,2018-2026,2024
2024-05-30,-6376008570.087248,2.364,2.636,0.9503715952937598,1.9011406844106464,-201.59999999999957,-76.47951441578131,True,2018-2026,2024
2024-05-31,-9537278593.28231,2.8965000000000005,2.1034999999999995,0.95671807431786,1.447178002894356,-145.3500000000022,-69.09912051343106,True,2018-2026,2024
2024-06-03,-3270162099.604504,2.4640000000000004,2.5359999999999996,0.948136910969944,1.824817518248175,-130.59999999999815,-51.498422712933035,True,2018-2026,2024
2024-06-04,-1111543674.8712444,2.5340000000000007,2.4659999999999993,0.9473823824772155,1.7421602787456445,18.399999999997796,7.461476074613869,True,2018-2026,2024
2024-06-05,938545186.9700099,2.5740000000000003,2.4259999999999997,0.9463423866754992,1.7006802721088436,-242.59999999999997,-100.0,False,2018-2026,2024
2024-06-06,7328166691.88306,2.274,2.726,0.9351912466099318,1.9305019305019306,163.40000000000137,59.941305942773795,False,2018-2026,2024
2024-06-07,3926065371.0507164,3.0140000000000007,1.9859999999999993,0.9352087385904534,1.4005602240896358,299.4000000000019,150.75528700906443,False,2018-2026,2024
2024-06-10,2409872354.728288,2.3140000000000005,2.6859999999999995,0.936364657852354,1.968503937007874,65.40000000000323,24.348473566643055,False,2018-2026,2024
2024-06-11,2958914891.0316525,1.9765,3.0235000000000003,0.9334279206959639,2.331002331002331,6.650000000003176,2.199437737722234,False,2018-2026,2024
2024-06-12,3656945606.8711367,3.7640000000000002,1.2359999999999998,0.93125477268071,0.9765625,-123.59999999999998,-100.0,False,2018-2026,2024
2024-06-13,8715439829.946356,2.694,2.306,0.9236339453947611,1.557632398753894,134.39999999999773,58.2827406764951,False,2018-2026,2024
2024-06-14,6743664290.614534,2.124,2.876,0.9219138932423712,2.127659574468085,185.40000000000182,64.46453407510495,False,2018-2026,2024
2024-06-17,3594468018.49723,2.244,2.756,0.9212684023363367,2.032520325203252,-275.59999999999997,-100.0,False,2018-2026,2024
2024-06-18,11383276780.93665,2.2740000000000005,2.7259999999999995,0.9139932364500504,1.9455252918287935,178.39999999999912,65.44387380777665,False,2018-2026,2024
2024-06-20,9661140485.530382,2.1365000000000003,2.8634999999999997,0.9115936480154606,2.0449897750511243,109.65000000000367,38.29229963331716,False,2018-2026,2024
2024-06-21,4412389763.850705,2.7215000000000003,2.2784999999999997,0.9141436302471844,1.5174506828528074,-14.85000000000043,-6.51744568795279,False,2018-2026,2024
2024-06-24,-3675040234.625337,2.2440000000000007,2.7559999999999993,0.9188980574495066,2.0242914979757085,-10.600000000002208,-3.846153846154648,True,2018-2026,2024
2024-06-25,-1043350537.8451736,2.204,2.796,0.9214042200313278,2.100840336134454,141.40000000000364,50.57224606580961,True,2018-2026,2024
2024-06-26,2277096442.5423045,2.174,2.826,0.9177848345233944,2.1276595744680855,164.40000000000273,58.17409766454449,False,2018-2026,2024
2024-06-27,1953619202.4024644,2.2240000000000006,2.7759999999999994,0.9165398786501201,2.0746887966804977,87.39999999999779,31.48414985590699,False,2018-2026,2024
2024-06-28,3765447386.4497876,2.5940000000000003,2.4059999999999997,0.9151642719868216,1.706484641638225,68.40000000000322,28.428927680799344,False,2018-2026,2024
2024-07-02,-2748475791.574889,3.026500000000001,1.9734999999999991,0.9189656123067874,1.3071895424836601,-94.35000000000264,-47.80846212313285,True,2018-2026,2024
2024-07-05,8265822366.748833,2.7689999999999997,2.2310000000000003,0.9107965826912217,1.4880952380952381,-223.10000000000002,-100.0,False,2018-2026,2024
2024-07-08,10961452306.30547,1.844,3.1559999999999997,0.9013881377321074,2.450980392156863,150.39999999999682,47.6552598225592,False,2018-2026,2024
2024-07-09,4346958962.270038,1.9440000000000006,3.055999999999999,0.9003493355421903,2.392344497607655,107.39999999999961,35.14397905759151,False,2018-2026,2024
2024-07-10,6034238728.732731,1.9739999999999995,3.0260000000000007,0.8994908881573029,2.3696682464454977,-302.6000000000001,-100.0,False,2018-2026,2024
2024-07-11,10636725723.76144,3.1140000000000003,1.8859999999999997,0.8908527242276307,1.3192612137203166,-146.60000000000406,-77.73064687168826,False,2018-2026,2024
2024-07-12,-929172566.0902637,2.4365000000000006,2.5634999999999994,0.8986017756371087,1.7953321364452424,-47.34999999999676,-18.470840647550915,True,2018-2026,2024
2024-07-15,11167405432.748243,2.494,2.506,0.893000660820489,1.7605633802816902,200.39999999999912,79.96807661612097,False,2018-2026,2024
2024-07-16,3334895392.4786563,2.5565,2.4435,0.8904878092218917,1.7094017094017095,-129.35000000000224,-52.9363617761417,False,2018-2026,2024
2024-07-17,9705761105.779346,2.474,2.526,0.8851907586084801,1.8050541516245486,-252.59999999999997,-100.0,False,2018-2026,2024
2024-07-18,-4865146109.74461,2.8940000000000006,2.1059999999999994,0.8977466558937067,1.4245014245014245,-210.59999999999994,-100.0,True,2018-2026,2024
2024-07-19,-8779579348.758331,2.9139999999999997,2.0860000000000003,0.9047153765425398,1.3157894736842106,-113.59999999999548,-54.458293384465705,True,2018-2026,2024
2024-07-22,-11329522731.782001,3.0265,1.9735,0.9108297659167501,1.2903225806451615,-197.35,-100.0,True,2018-2026,2024
2024-07-23,2787027582.697003,2.8765,2.1235,0.9014693951140359,1.4598540145985401,159.65000000000273,75.1824817518261,False,2018-2026,2024
2024-07-24,-1541351455.5928588,2.9965,2.0035,0.9029834573430614,1.394700139470014,-200.35,-100.0,True,2018-2026,2024
2024-07-25,-12823507545.889345,3.0790000000000006,1.9209999999999994,0.9238558045860201,1.1415525114155252,-58.099999999996754,-30.244664237374685,True,2018-2026,2024
2024-07-26,-10213483643.476019,3.399,1.601,0.9287810677267154,1.037344398340249,1.9000000000004569,1.1867582760777369,True,2018-2026,2024
2024-07-29,-4970486212.476157,3.2465000000000006,1.7534999999999994,0.9184760645137587,1.1723329425556859,248.65000000000097,141.80211006558372,True,2018-2026,2024
2024-07-30,-3302571755.823189,3.2064999999999997,1.7935000000000003,0.9178353770467729,1.2330456226880395,-88.35000000000322,-49.26122107610995,True,2018-2026,2024
2024-07-31,-8823275418.48131,3.899,1.101,0.9226624347216328,0.7836990595611285,-110.1,-100.0,True,2018-2026,2024
2024-08-01,1609129946.2867224,3.5115000000000003,1.4884999999999997,0.9084137279482568,0.9633911368015415,-148.84999999999997,-100.0,False,2018-2026,2024
2024-08-02,-10169028165.533625,3.869,1.1309999999999998,0.9207933555551463,0.7309941520467836,-113.09999999999998,-100.0,True,2018-2026,2024
2024-08-05,-13671770360.25922,3.8615000000000013,1.1384999999999987,0.938121505497392,0.7117437722419928,-113.84999999999988,-100.0,True,2018-2026,2024
2024-08-06,-11005139240.08895,4.064000000000001,0.935999999999999,0.9659036028204385,0.5379236148466918,-93.59999999999991,-100.0,True,2018-2026,2024
2024-08-07,-9005413191.247639,3.7965,1.2035,0.9575058886612152,0.7710100231303006,-120.35,-100.0,True,2018-2026,2024
2024-08-08,-10394481019.639236,3.964,1.036,0.9640598488354157,0.6527415143603134,-103.60000000000001,-100.0,True,2018-2026,2024
2024-08-09,-6344457302.529497,3.779000000000001,1.2209999999999992,0.9422939203196261,0.8203445447087777,86.90000000000326,71.17117117117388,True,2018-2026,2024
2024-08-12,-6111921287.581329,3.439000000000001,1.560999999999999,0.9382447317558312,1.0183299389002036,317.900000000001,203.6515054452282,True,2018-2026,2024
2024-08-13,-15866524310.609032,3.6465,1.3535,0.9376289239770469,0.9302325581395349,-135.35,-100.0,True,2018-2026,2024
2024-08-14,76745574.53375624,3.8190000000000013,1.1809999999999987,0.9224751854175123,0.880281690140845,103.90000000000286,87.97629127857999,False,2018-2026,2024
2024-08-15,-457243950.5015193,3.0740000000000007,1.9259999999999993,0.9194894994299165,1.2406947890818858,-192.59999999999994,-100.0,True,2018-2026,2024
2024-08-16,9136547228.031866,2.724,2.276,0.9040446959697687,1.457725947521866,149.39999999999822,65.64147627416442,False,2018-2026,2024
2024-08-19,7728062855.654807,2.5540000000000003,2.4459999999999997,0.9021525359507785,1.6666666666666667,-244.59999999999997,-100.0,False,2018-2026,2024
2024-08-20,5617444813.354925,2.4540000000000006,4.545999999999999,1.2509829151476162,2.6022304832713754,183.3999999999996,40.343158820941404,False,2018-2026,2024
2024-08-21,2348523233.4565916,2.6740000000000004,3.3259999999999996,1.0740754000930866,1.9292604501607715,97.39999999999549,29.284425736619212,False,2018-2026,2024
2024-08-22,4487629560.5026,2.879,2.121,0.8917424647761726,1.466275659824047,-91.09999999999636,-42.95143800094124,False,2018-2026,2024
2024-08-23,-4088473164.9939866,3.5765,1.4235000000000002,0.8989410474461085,0.9910802775024777,-142.35000000000002,-100.0,True,2018-2026,2024
2024-08-26,8275847323.153541,2.6965000000000003,2.3034999999999997,0.8895372627159351,1.6103059581320451,242.65000000000185,105.3397004558289,False,2018-2026,2024
2024-08-27,1676886731.2645848,2.564,2.436,0.8916947550514508,1.7241379310344829,103.40000000000273,42.4466338259453,False,2018-2026,2024
2024-08-28,5604729529.655222,3.386500000000001,1.6134999999999988,0.8904243762577245,1.1148272017837235,-28.349999999995788,-17.570498915398705,False,2018-2026,2024
2024-08-29,200992169.81505823,3.819000000000001,1.1809999999999992,0.8955277344939372,0.8130081300813008,312.89999999999463,264.94496189669337,False,2018-2026,2024
2024-08-30,2263485159.5636168,3.049,1.951,0.8955598144400065,1.3123359580052494,-152.100000000005,-77.96002050230906,False,2018-2026,2024
2024-09-03,5403561857.388323,2.6465,2.3535,0.8872012349841191,1.6155088852988693,-235.35,-100.0,False,2018-2026,2024
2024-09-04,-8777910558.378744,3.3065000000000007,1.6934999999999993,0.9055510278004166,1.088139281828074,314.6500000000033,185.79864186596006,True,2018-2026,2024
2024-09-05,-7141552700.819697,3.3365,1.6635,0.9077045966160772,1.1001100110011002,190.650000000005,114.60775473399761,True,2018-2026,2024
2024-09-06,-8462921504.879533,3.8489999999999998,1.1510000000000002,0.9098022089997634,0.8032128514056225,-115.10000000000002,-100.0,True,2018-2026,2024
2024-09-09,-13079622301.35545,3.6165000000000003,1.3834999999999997,0.9252063210095852,0.9174311926605506,-138.34999999999997,-100.0,True,2018-2026,2024
2024-09-10,-6239226813.2768345,3.0565000000000007,1.9434999999999993,0.9150470334175177,1.290322580645161,23.649999999995064,12.1687676871598,True,2018-2026,2024
2024-09-11,-3985121934.7164264,3.6140000000000008,1.3859999999999992,0.911045515833971,0.9242144177449167,-138.5999999999999,-100.0,True,2018-2026,2024
2024-09-12,-336458982.683409,3.159,1.8410000000000002,0.9019409769824662,1.182033096926714,-184.10000000000002,-100.0,True,2018-2026,2024
2024-09-13,4730543274.559383,2.8065,2.1935,0.8944223820256878,1.4306151645207439,-15.350000000003616,-6.997948484159389,False,2018-2026,2024
2024-09-16,7879399441.752506,2.704,2.296,0.8897430422094099,1.5384615384615385,184.39999999999864,80.31358885017363,False,2018-2026,2024
2024-09-17,4766112137.1649885,2.714,2.286,0.888320363856021,1.5479876160990713,261.3999999999977,114.34820647418972,False,2018-2026,2024
2024-09-18,1450183650.9423862,3.7765000000000004,1.2234999999999996,0.8879417510211329,0.8123476848090982,311.6500000000032,254.7200653861899,False,2018-2026,2024
2024-09-19,991583155.2948838,3.434000000000001,1.565999999999999,0.8907257633519792,0.9832841691248769,-156.5999999999999,-100.0,False,2018-2026,2024
2024-09-20,15490127927.532377,2.829000000000001,2.170999999999999,0.8757794437048975,1.3404825737265413,-7.099999999997619,-3.2703823122973854,False,2018-2026,2024
2024-09-23,2832944395.4592037,2.5740000000000003,2.4259999999999997,0.880126738250308,1.6339869281045751,195.39999999999958,80.5441055234953,False,2018-2026,2024
2024-09-24,6147248975.768637,2.2940000000000005,2.7059999999999995,0.877778167901408,1.9455252918287935,6.399999999998229,2.3651145602358574,False,2018-2026,2024
2024-09-25,5992666231.129796,2.0665000000000004,2.9334999999999996,0.8753041681984489,2.1321961620469083,106.65000000000005,36.35588886995059,False,2018-2026,2024
2024-09-26,-204484944.6899998,2.384000000000001,2.615999999999999,0.8771929824561403,1.8518518518518516,9.400000000003716,3.593272171255244,True,2018-2026,2024
2024-09-27,9482120124.896048,2.4340000000000006,2.5659999999999994,0.8736829229935872,1.7793594306049823,184.39999999999688,71.86282151207986,False,2018-2026,2024
2024-09-30,1197544392.5542946,2.644,2.356,0.8750284384242488,1.5015015015015014,62.40000000000183,26.485568760611983,False,2018-2026,2024
2024-10-02,4215517373.748895,3.354000000000001,1.645999999999999,0.871049789205951,1.0810810810810811,20.400000000002372,12.393681652492337,False,2018-2026,2024
2024-10-03,-4553594924.225798,3.144,1.8559999999999999,0.8789663355893469,1.2376237623762376,192.39999999999728,103.66379310344682,True,2018-2026,2024
2024-10-04,-7707326625.708575,3.739,1.2610000000000001,0.8806227764274895,0.8605851979345955,-126.10000000000001,-100.0,True,2018-2026,2024
2024-10-07,297493042.8702088,3.0140000000000002,1.9859999999999998,0.8727221950708651,1.3054830287206267,-117.60000000000544,-59.21450151057675,False,2018-2026,2024
2024-10-08,-9299912261.880798,3.1140000000000003,1.8859999999999997,0.8805762490974094,1.1990407673860912,-188.59999999999997,-100.0,True,2018-2026,2024
2024-10-09,2929112195.4617825,2.7140000000000004,2.2859999999999996,0.8723872003349967,1.572327044025157,-140.60000000000042,-61.50481189851288,False,2018-2026,2024
2024-10-10,5908450450.534556,3.2840000000000003,1.7159999999999997,0.8663709453839756,1.1848341232227488,239.4000000000014,139.51048951049034,False,2018-2026,2024
2024-10-11,-1728653048.8097634,2.774,2.226,0.8678898127093784,1.5060240963855422,-77.59999999999545,-34.860736747527156,True,2018-2026,2024
2024-10-14,8443205222.281685,2.4440000000000004,2.5559999999999996,0.862738331464067,1.7301038062283736,-184.59999999999633,-72.2222222222208,False,2018-2026,2024
2024-10-15,9922123655.664778,2.2740000000000005,2.7259999999999995,0.8557394444539527,1.9157088122605366,-272.59999999999997,-100.0,False,2018-2026,2024
2024-10-16,-4970373348.18566,2.6940000000000004,2.3059999999999996,0.8623812069887373,1.5873015873015874,-57.59999999999814,-24.97831743278324,True,2018-2026,2024
2024-10-17,7161303603.583456,2.5640000000000005,2.4359999999999995,0.8587081594449311,1.706484641638225,227.4000000000037,93.34975369458282,False,2018-2026,2024
2024-10-18,4557048985.301308,2.4940000000000007,2.5059999999999993,0.8586786652698828,1.694915254237288,92.39999999999506,36.87150837988631,False,2018-2026,2024
2024-10-21,7246989614.799503,2.254,2.746,0.8553295584788818,1.9607843137254903,194.40000000000546,70.79388201019864,False,2018-2026,2024
2024-10-22,-1845037370.3727732,2.204,2.796,0.8566190957528824,2.0491803278688523,188.399999999995,67.38197424892526,True,2018-2026,2024
2024-10-23,3357605395.871593,2.184,2.816,0.8571624494274154,2.066115702479339,-281.59999999999997,-100.0,False,2018-2026,2024
2024-10-24,-7819904023.733328,2.7840000000000003,2.2159999999999997,0.865171650055371,1.4792899408284024,160.40000000000504,72.38267148014668,True,2018-2026,2024
2024-10-25,1323134118.3096588,2.5865,2.4135,0.8632894782278394,1.6155088852988693,159.6499999999991,66.14874663351941,False,2018-2026,2024
2024-10-28,897273961.360089,2.879,2.121,0.8635429439906047,1.358695652173913,110.90000000000182,52.28665723715314,False,2018-2026,2024
2024-10-29,1896643034.2499173,2.744,2.256,0.8609260120185271,1.5384615384615385,203.3999999999964,90.15957446808352,False,2018-2026,2024
2024-10-30,1915985105.8370929,2.899,2.101,0.8595348197555482,1.3404825737265418,-13.09999999999727,-6.235126130412789,False,2018-2026,2024
2024-10-31,-1912685685.5709841,3.009,1.991,0.8621135575978067,1.2437810945273633,-199.10000000000002,-100.0,True,2018-2026,2024
2024-11-01,-11453740837.080952,3.6490000000000014,1.3509999999999986,0.8793991944703378,0.9157509157509156,266.89999999999833,197.5573649148768,True,2018-2026,2024
2024-11-04,-6764560147.51416,2.9090000000000007,2.0909999999999993,0.875626072641939,1.3227513227513226,68.89999999999733,32.95074127211735,True,2018-2026,2024
2024-11-05,-8060298235.08121,3.004,1.996,0.8775316788936081,1.2820512820512822,-199.6,-100.0,True,2018-2026,2024
2024-11-06,359681409.0495242,4.1465,0.8535000000000004,0.867016941511037,0.5865102639296187,-85.35000000000004,-100.0,False,2018-2026,2024
2024-11-07,10042996454.504711,3.2965000000000004,1.7034999999999996,0.8459664320519762,1.1273957158962795,-129.35000000000315,-75.93190490167488,False,2018-2026,2024
2024-11-08,12792699667.5476,2.669,2.331,0.8395036854211789,1.5479876160990713,42.899999999999096,18.404118404118016,False,2018-2026,2024
2024-11-11,12481690348.481894,2.2240000000000006,2.7759999999999994,0.8357849692431131,1.9455252918287935,150.39999999999733,54.178674351584064,False,2018-2026,2024
2024-11-12,6181744809.340683,2.2640000000000002,2.7359999999999998,0.8351149118118653,1.9305019305019306,114.39999999999957,41.81286549707587,False,2018-2026,2024
2024-11-13,4185462290.047304,2.9165000000000005,2.0834999999999995,0.8376893177858196,1.394700139470014,274.6500000000041,131.82145428365934,False,2018-2026,2024
2024-11-14,8039098311.583744,2.3765,2.6235,0.8372825158665037,1.8484288354898335,-225.34999999999954,-85.89670287783478,False,2018-2026,2024
2024-11-15,-1030196475.4701767,2.8165,2.1835,0.8426445556735258,1.443001443001443,-218.35,-100.0,True,2018-2026,2024
2024-11-18,-6269528975.400722,2.8165000000000004,2.1834999999999996,0.8536647829130457,1.4104372355430184,-33.34999999999768,-15.273643233339907,True,2018-2026,2024
2024-11-19,3260689523.050277,2.5140000000000002,2.4859999999999998,0.8501232678738417,1.7421602787456445,23.400000000002752,9.412711182623795,False,2018-2026,2024
2024-11-20,4942723896.004172,3.244,1.7559999999999998,0.8470556346140815,1.1389521640091114,275.3999999999991,156.8337129840542,False,2018-2026,2024
2024-11-21,1013895536.4053441,3.5640000000000005,1.4359999999999995,0.8467543904215143,0.9140767824497257,-3.6000000000022236,-2.506963788302385,False,2018-2026,2024
2024-11-22,9081927598.756096,2.9340000000000006,2.0659999999999994,0.8423180592991913,1.3297872340425532,144.39999999999915,69.89351403678566,False,2018-2026,2024
2024-11-25,13106316626.016691,2.4040000000000004,2.5959999999999996,0.8396446623788812,1.7605633802816902,-3.600000000005421,-1.3867488443780516,False,2018-2026,2024
2024-11-26,11249603233.542505,2.3365000000000005,2.6634999999999995,0.8369041242635243,1.8832391713747645,-140.35000000000088,-52.69382391590046,False,2018-2026,2024
2024-11-27,19031676292.234695,2.2865000000000006,2.7134999999999994,0.8323068215867098,1.9342359767891684,6.649999999997336,2.450709415882564,False,2018-2026,2024
2024-12-03,11346771215.3207,2.0440000000000005,2.9559999999999995,0.8282670995742708,2.252252252252252,189.4000000000023,64.07307171853937,False,2018-2026,2024
2024-12-04,7011147099.373955,2.1040000000000005,2.8959999999999995,0.82802020369297,2.155172413793103,-151.6000000000004,-52.34806629834269,False,2018-2026,2024
2024-12-05,-1.3819623934360347e+46,2.0140000000000002,2.9859999999999998,0.822882722754353,2.232142857142857,62.400000000001384,20.897521768252307,True,2018-2026,2024
2024-12-06,10053797711.411974,2.5065,2.4935,0.8242528148233627,1.7271157167530227,238.64999999999955,95.70884299177844,False,2018-2026,2024
2024-12-09,22804206290.17318,1.8740000000000003,3.1259999999999994,0.8225307626505232,2.4271844660194173,-149.60000000000042,-47.85668586052478,False,2018-2026,2024
2024-12-10,-697464061.4856557,2.1865,2.8135,0.8269520202437854,2.079002079002079,104.65000000000137,37.19566376399551,True,2018-2026,2024
2024-12-11,-1786574920.7296655,2.5340000000000003,2.4659999999999997,0.8293799555452344,1.7123287671232876,-196.59999999999997,-79.72424979724249,True,2018-2026,2024
2024-12-12,18984184523.386875,1.994,3.0060000000000002,0.823045267489712,2.3041474654377883,-163.59999999999954,-54.42448436460396,False,2018-2026,2024
2024-12-13,3757161706.386674,2.1365,2.8635,0.8273077750384698,2.070393374741201,39.649999999999075,13.846691112274865,False,2018-2026,2024
2024-12-16,2966133695.151174,1.874,3.126,0.8274583788435442,2.4038461538461537,10.40000000000183,3.3269353806787687,False,2018-2026,2024
2024-12-17,14534579614.626383,1.974,3.026,0.8240354664864776,2.2831050228310503,-78.5999999999991,-25.974884335756478,False,2018-2026,2024
2024-12-18,-2424374704.37664,3.0740000000000007,1.9259999999999993,0.8274857672448034,1.2919896640826873,-192.59999999999994,-100.0,True,2018-2026,2024
2024-12-19,-8470634678.500482,3.8064999999999998,1.1935000000000002,0.852747552614524,0.6618133686300464,296.6499999999968,248.55467113531358,True,2018-2026,2024
2024-12-20,-7534815638.08393,3.4340000000000006,1.5659999999999994,0.8530094172239662,0.8833922261484098,-43.60000000000039,-27.841634738186727,True,2018-2026,2024
2024-12-23,-4269188322.6965175,3.2540000000000013,1.7459999999999987,0.8462098261885017,1.0881392818280737,49.40000000000104,28.29324169530417,True,2018-2026,2024
2024-12-26,-1557948233.396251,3.3265,1.6735000000000002,0.8406752303450131,1.0395010395010396,-167.35000000000002,-100.0,True,2018-2026,2024
2024-12-27,9793664571.749956,2.2140000000000004,2.7859999999999996,0.8316284949187499,1.96078431372549,-278.59999999999997,-100.0,False,2018-2026,2024
2024-12-30,-8907698582.291727,3.184,1.8159999999999998,0.8403502579875292,1.1820330969267139,-159.59999999999727,-87.88546255506458,True,2018-2026,2024
2024-12-31,-8.83039754809346e+45,3.5065,1.4935,0.8500221005746149,0.9910802775024777,-47.35000000000183,-31.70405088717899,True,2018-2026,2024
2025-01-02,-10562279293.74073,3.299,1.701,0.8532132009146446,1.0787486515641855,187.9000000000041,110.4644326866573,True,2018-2026,2025
2025-01-03,-9101874743.442337,3.4339999999999997,1.5660000000000003,0.8553149269561052,1.0373443983402488,-156.60000000000002,-100.0,True,2018-2026,2025
2025-01-06,1545673695.6913242,2.7965,2.2035,0.8447943770486264,1.447178002894356,-60.34999999999773,-27.38824597231574,False,2018-2026,2025
2025-01-07,1368983794.1938083,3.0140000000000007,1.9859999999999993,0.8397715821296607,1.3333333333333333,-198.59999999999994,-100.0,False,2018-2026,2025
2025-01-08,-10585399816.47961,3.3590000000000004,1.6409999999999996,0.849314603115286,1.0917030567685588,195.9000000000023,119.37842778793564,True,2018-2026,2025
2025-01-10,-8250702018.1447115,3.6115000000000004,1.3884999999999996,0.8483203257550052,0.9090909090909091,-138.84999999999997,-100.0,True,2018-2026,2025
2025-01-13,-15687982321.176266,3.3815000000000004,1.6184999999999996,0.8612819320276299,1.0526315789473684,187.15000000000094,115.6317578004331,True,2018-2026,2025
2025-01-14,-12877078908.133675,3.526500000000001,1.4734999999999991,0.8598304414369486,0.999000999000999,134.6500000000051,91.38106549033266,True,2018-2026,2025
2025-01-15,-10860679819.569815,3.8689999999999998,1.1310000000000002,0.8588409083101447,0.7440476190476191,-113.10000000000002,-100.0,True,2018-2026,2025
2025-01-16,2522345647.5473337,3.0365,1.9634999999999998,0.8435117079425063,1.2804097311139566,73.65000000000457,37.50954927425749,False,2018-2026,2025
2025-01-17,-1541810054.9453366,3.0089999999999995,1.9910000000000005,0.8450228156160215,1.2787723785166243,-154.0999999999955,-77.39829231541711,True,2018-2026,2025
2025-01-21,10450696349.24522,3.1240000000000006,1.8759999999999994,0.8367500627562547,1.1904761904761907,-178.59999999999675,-95.20255863539275,False,2018-2026,2025
2025-01-22,8517005460.37702,2.644,2.356,0.8293111741387604,1.6025641025641024,-169.60000000000318,-71.98641765704718,False,2018-2026,2025
2025-01-23,12234720918.266912,2.4040000000000004,2.5959999999999996,0.8246198502490352,1.8050541516245486,-30.600000000003604,-11.787365177197074,False,2018-2026,2025
2025-01-24,7042771567.792506,2.3040000000000003,3.1959999999999997,0.9020681963556444,2.10727969348659,223.39999999999503,69.8998748435529,False,2018-2026,2025
2025-01-27,-5857740655.142468,2.4165000000000005,2.5834999999999995,0.8224631125294031,1.8214936247723132,-258.34999999999997,-100.0,True,2018-2026,2025
2025-01-28,-10125708322.993286,3.186500000000001,1.813499999999999,0.8341814177747376,1.1587485515643103,-181.3499999999999,-100.0,True,2018-2026,2025
2025-01-29,3255744904.7151046,3.364,1.6360000000000001,0.8271572260455267,1.0775862068965516,16.39999999999544,10.024449877747823,False,2018-2026,2025
2025-01-30,-3404138960.2830486,3.5614999999999997,1.4385000000000003,0.8308408109006316,0.9250693802035153,59.149999999997235,41.11922141119028,True,2018-2026,2025
2025-01-31,-1304176946.3915899,3.3515,1.6484999999999999,0.8264872638312644,1.050420168067227,215.14999999999546,130.51258720048256,True,2018-2026,2025
2025-02-03,-3736918447.9688883,3.5314999999999994,1.4685000000000006,0.8308408109006316,0.9132420091324202,-82.85000000000142,-56.418113721485454,True,2018-2026,2025
2025-02-04,-8491186350.049007,3.6390000000000007,1.3609999999999993,0.8366240546148183,0.8658008658008658,-11.099999999999932,-8.155767817780998,True,2018-2026,2025
2025-02-05,-961034346.3234113,3.314000000000001,1.685999999999999,0.8309098462816784,1.0917030567685588,116.40000000000236,69.03914590747475,True,2018-2026,2025
2025-02-06,450210350.0581844,2.9640000000000004,2.0359999999999996,0.8276090374906895,1.3440860215053765,-37.60000000000314,-18.467583497054594,False,2018-2026,2025
2025-02-07,2363327895.6981783,3.4240000000000004,1.5759999999999996,0.8246198502490352,1.0660980810234542,-79.6000000000027,-50.507614213199695,False,2018-2026,2025
2025-02-10,-5140755180.945349,3.3465000000000007,1.6534999999999993,0.8322514065048771,1.0515247108307044,-44.34999999999629,-26.821892954337052,True,2018-2026,2025
2025-02-11,2659337319.885198,2.754,2.246,0.8267332462507648,1.4792899408284024,253.39999999999728,112.8227960819222,False,2018-2026,2025
2025-02-12,-424656242.43655473,3.1740000000000004,1.8259999999999996,0.8261458643138032,1.2019230769230769,153.4000000000014,84.00876232201611,True,2018-2026,2025
2025-02-13,-3894574173.9857726,2.8640000000000003,2.1359999999999997,0.8286926544683108,1.4044943820224718,-213.59999999999997,-100.0,True,2018-2026,2025
2025-02-14,8509825595.554101,2.7365,2.2635,0.8200754469411186,1.5220700152207,203.64999999999546,89.97128341064521,False,2018-2026,2025
2025-02-18,7623826721.858804,2.439,2.561,0.8200754469411186,1.6891891891891893,107.89999999999864,42.13197969543094,False,2018-2026,2025
2025-02-19,1796849742.509737,2.3765000000000005,3.6234999999999995,0.9814184768385239,2.259887005649717,-53.34999999999677,-14.723333793292886,False,2018-2026,2025
2025-02-20,9358446718.798544,2.3465000000000003,3.6534999999999997,0.9789365485960418,2.3210831721470018,73.64999999999866,20.158751881756853,False,2018-2026,2025
2025-02-21,-1080905727.8628128,2.5140000000000002,2.4859999999999998,0.8191484133095235,1.6556291390728477,-248.59999999999997,-100.0,True,2018-2026,2025
2025-02-24,-19214799057.344,3.3339999999999996,1.6660000000000004,0.8333611120370679,1.0309278350515465,52.40000000000542,31.45258103241621,True,2018-2026,2025
2025-02-25,-9801611922.997652,3.074,1.9260000000000002,0.8372544751251695,1.1961722488038278,-171.59999999999638,-89.09657320872086,True,2018-2026,2025
2025-02-26,-12857665076.997206,3.646499999999999,1.3535000000000008,0.8414533582403527,0.8857395925597875,321.6500000000049,237.6431473956444,True,2018-2026,2025
2025-02-27,-8551677771.586499,3.7690000000000015,1.2309999999999985,0.8411419342899922,0.8103727714748783,-123.09999999999985,-100.0,True,2018-2026,2025
2025-02-28,-16094771855.844381,3.6140000000000008,1.3859999999999992,0.854642417612471,0.8481764206955046,-138.5999999999999,-100.0,True,2018-2026,2025
2025-03-03,-9976597547.781975,3.5265000000000013,1.4734999999999987,0.841651657212113,0.9033423667570009,-147.34999999999988,-100.0,True,2018-2026,2025
2025-03-04,-15860876969.485329,3.8865000000000007,1.1134999999999993,0.8562230289745872,0.693000693000693,-23.35000000000038,-20.969914683430982,True,2018-2026,2025
2025-03-05,-15289504577.397324,3.934,1.0659999999999998,0.8667313826099016,0.675219446320054,90.40000000000275,84.8030018761752,True,2018-2026,2025
2025-03-06,-10570818798.701904,3.8240000000000003,1.1759999999999997,0.8575888033205838,0.7369196757553427,-117.59999999999997,-100.0,True,2018-2026,2025
2025-03-07,-15973945814.835056,4.184,0.8159999999999998,0.8728745504696064,0.5282620179609087,32.399999999998656,39.70588235293953,True,2018-2026,2025
2025-03-10,-14450197768.34987,3.899000000000002,1.1009999999999982,0.868266592574584,0.683526999316473,-110.09999999999982,-100.0,True,2018-2026,2025
2025-03-11,-17808669327.20982,3.979000000000002,1.0209999999999981,0.8916152501872392,0.6002400960384153,8.900000000001551,8.716944172381554,True,2018-2026,2025
2025-03-12,-15406283920.340853,4.096500000000001,0.9034999999999993,0.8991026955098811,0.572737686139748,401.649999999996,444.5489762036484,True,2018-2026,2025
2025-03-13,-14709938000.897434,3.8040000000000003,1.1959999999999997,0.8945824089315109,0.7451564828614009,-119.59999999999997,-100.0,True,2018-2026,2025
2025-03-14,-17740403306.775166,3.7340000000000004,1.2659999999999996,0.9066018748526772,0.7587253414264037,-126.59999999999995,-100.0,True,2018-2026,2025
2025-03-17,-12340312021.001173,3.4890000000000008,1.5109999999999992,0.888446639894808,0.9157509157509157,-151.0999999999999,-100.0,True,2018-2026,2025
2025-03-18,-9273209515.659378,3.296500000000001,1.7034999999999991,0.8818031110013757,1.1350737797956867,-170.3499999999999,-100.0,True,2018-2026,2025
2025-03-19,-17950828934.740208,3.746500000000001,1.253499999999999,0.8912179384346649,0.796812749003984,-125.3499999999999,-100.0,True,2018-2026,2025
2025-03-20,-11386102808.188368,3.4015000000000004,1.5984999999999996,0.8818031110013757,0.9920634920634921,9.150000000005498,5.724116359090084,True,2018-2026,2025
2025-03-21,-15704995085.094316,3.4890000000000003,1.5109999999999997,0.8838763280241828,0.945179584120983,266.89999999999503,176.63798808735612,True,2018-2026,2025
2025-03-24,-14481727633.604998,3.374,1.626,0.8862419795100855,1.0660980810234544,-162.6,-100.0,True,2018-2026,2025
2025-03-25,2168865829.2444086,2.9740000000000006,2.0259999999999994,0.8710346149155967,1.3513513513513513,162.3999999999978,80.15794669299005,False,2018-2026,2025
2025-03-26,-146927404.71291852,2.7565,2.2435,0.8690362388111584,1.4947683109118088,-224.35,-100.0,True,2018-2026,2025
2025-03-27,-9428629338.2816,3.469,1.5310000000000001,0.8791363364630587,1.0090817356205852,247.89999999999907,161.92031352057415,True,2018-2026,2025
2025-03-28,-5718756872.202348,3.4090000000000007,1.5909999999999993,0.8818186628101797,1.0526315789473684,-159.09999999999994,-100.0,True,2018-2026,2025
2025-03-31,-16900262724.139038,3.9314999999999993,1.0685000000000007,0.8995718038213809,0.6983240223463688,72.1499999999963,67.52456715020708,True,2018-2026,2025
2025-04-01,-9460044448.718796,3.6114999999999995,1.3885000000000005,0.8941184885821069,0.847457627118644,256.1500000000045,184.47965430320806,True,2018-2026,2025
2025-04-02,-5829396099.125078,3.829,1.1709999999999998,0.8911861687906605,0.7309941520467836,-83.0999999999968,-70.96498719043281,True,2018-2026,2025
2025-04-03,-3651684273.032693,4.053999999999999,0.9460000000000006,0.8854886126164419,0.5927682276229994,-94.60000000000007,-100.0,True,2018-2026,2025
2025-04-04,-15947300307.75965,4.034000000000001,0.9659999999999993,0.9299903281005878,0.5827505827505828,-96.59999999999994,-100.0,True,2018-2026,2025
2025-04-07,-11798712580.078615,4.361499999999999,0.6385000000000014,0.9891001167138138,0.31496062992125984,-63.850000000000136,-100.0,True,2018-2026,2025
2025-04-08,-12120307242.007627,4.438999999999998,0.5610000000000017,0.9909624227049311,0.2853881278538813,-56.10000000000017,-100.0,True,2018-2026,2025
2025-04-09,-10274076750.62851,3.6389999999999993,0.36100000000000065,0.8054285886877555,0.2086049543676662,-36.100000000000065,-100.0,True,2018-2026,2025
2025-04-10,-5681676669.753378,4.244,0.7560000000000002,0.9201833005134623,0.37078235076010385,-75.60000000000002,-100.0,True,2018-2026,2025
2025-04-11,-9691948790.088385,4.396500000000002,0.6034999999999977,0.9528165256498209,0.3209242618741977,-60.34999999999977,-100.0,True,2018-2026,2025
2025-04-14,-7420771266.375191,4.254000000000002,0.7459999999999978,0.9362769881841845,0.3895597974289053,28.399999999997494,38.069705093830535,True,2018-2026,2025
2025-04-15,-7070024431.385656,3.7540000000000013,1.2459999999999987,0.9276954190400207,0.6882312456985547,-53.59999999999623,-43.01765650079959,True,2018-2026,2025
2025-04-16,-9029387846.314398,3.7215000000000007,1.2784999999999993,0.9298692603819902,0.7473841554559043,-127.84999999999994,-100.0,True,2018-2026,2025
2025-04-17,-12132981176.04312,4.086499999999999,0.9135000000000009,0.9510585281418218,0.5307855626326964,71.64999999999947,78.434592227695,True,2018-2026,2025
2025-04-21,-9593092907.872662,3.9689999999999994,1.0310000000000006,0.949902160077512,0.5995203836930456,-103.10000000000005,-100.0,True,2018-2026,2025
2025-04-22,-9391966086.354,3.8865000000000007,1.1134999999999993,0.9727626459143969,0.6493506493506493,-111.34999999999992,-100.0,True,2018-2026,2025
2025-04-23,-4580614159.717415,3.894,1.1059999999999999,0.9489106505731421,0.6605019815059445,-110.6,-100.0,True,2018-2026,2025
2025-04-24,-2689777623.612646,3.979000000000001,1.020999999999999,0.933863767953531,0.5903187721369539,-102.09999999999991,-100.0,True,2018-2026,2025
2025-04-25,857308256.38395,3.7939999999999996,1.2060000000000004,0.9149130832570905,0.6963788300835655,25.400000000003597,21.061359867332992,False,2018-2026,2025
2025-04-28,2457561289.232213,3.6465000000000005,1.3534999999999995,0.9081992225814656,0.7898894154818326,271.65000000000504,200.70188400443678,False,2018-2026,2025
2025-04-29,-685921957.3234831,3.5465,1.4535,0.9075563138692757,0.8888888888888888,40.65000000000136,27.966976264190823,True,2018-2026,2025
2025-04-30,813581729.41612,3.7140000000000013,1.2859999999999987,0.9022990579997835,0.7987220447284346,336.3999999999979,261.58631415240916,False,2018-2026,2025
2025-05-01,-2694581752.7892504,3.789,1.2109999999999999,0.9019572472264814,0.7241129616220131,-121.09999999999998,-100.0,True,2018-2026,2025
2025-05-02,2378984718.0259047,3.916500000000001,1.083499999999999,0.8953353030710001,0.6968641114982578,-70.35000000000036,-64.92847254268614,False,2018-2026,2025
2025-05-05,3344036933.51204,3.479,1.521,0.8824256115209488,0.9208103130755065,0.8999999999972808,0.5917159763295732,False,2018-2026,2025
2025-05-06,-2331096877.453665,3.299,1.701,0.8872642095363158,1.0741138560687435,-170.1,-100.0,True,2018-2026,2025
2025-05-07,-3394589350.1625586,3.5940000000000007,1.4059999999999993,0.894774516821761,0.8291873963515755,337.39999999999736,239.9715504978645,True,2018-2026,2025
2025-05-08,-1223867133.3219526,3.6190000000000007,1.3809999999999993,0.8909162182388368,0.8298755186721991,170.90000000000325,123.75090514120444,True,2018-2026,2025
2025-05-09,2456919307.3954387,3.4265,1.5735000000000001,0.8850967410737994,0.9496676163342831,70.64999999999726,44.8999046711136,False,2018-2026,2025
2025-05-12,-2215493475.283868,3.8690000000000007,1.1309999999999993,0.8860849223789609,0.6807351940095303,-113.09999999999994,-100.0,True,2018-2026,2025
2025-05-13,13069178511.596596,3.3565000000000005,1.6434999999999995,0.8578830876928092,0.9813542688910697,-164.34999999999997,-100.0,False,2018-2026,2025
2025-05-14,12905240885.122536,3.0065,1.9935,0.8520645524104907,1.2422360248447204,255.64999999999546,128.24178580386027,False,2018-2026,2025
2025-05-15,5015580475.74365,3.1790000000000003,1.8209999999999997,0.8509914049868097,1.1111111111111112,-22.0999999999977,-12.136188907192588,False,2018-2026,2025
2025-05-16,6895266344.725246,3.184,1.8159999999999998,0.8468834688346883,1.1286681715575622,-181.6,-100.0,False,2018-2026,2025
2025-05-19,8288913986.504045,2.9965,2.0035,0.8413259296651523,1.2484394506866414,105.64999999999456,52.73271774394538,False,2018-2026,2025
2025-05-20,1570708050.8713968,2.9765000000000006,2.0234999999999994,0.8404208827780952,1.2578616352201257,180.65000000000416,89.2760069187073,False,2018-2026,2025
2025-05-21,946584374.3413168,2.9990000000000006,2.0009999999999994,0.8434121080242227,1.2722646310432568,-200.09999999999994,-100.0,False,2018-2026,2025
2025-05-22,-4512577781.18896,3.424000000000001,1.5759999999999992,0.857677067430571,0.9784735812133073,245.39999999999736,155.71065989847557,True,2018-2026,2025
2025-05-23,-2038617966.468426,3.2965000000000004,1.7034999999999996,0.8575888033205838,1.0626992561105206,-170.34999999999997,-100.0,True,2018-2026,2025
2025-05-27,-6800517473.898337,3.6365000000000003,1.3634999999999997,0.8632894782278394,0.8467400508044032,-136.34999999999997,-100.0,True,2018-2026,2025
2025-05-28,4556322434.572137,3.224000000000001,1.775999999999999,0.8459521191100584,1.0869565217391306,93.40000000000374,52.59009009009223,False,2018-2026,2025
2025-05-29,250652702.76796666,3.5240000000000005,1.4759999999999995,0.8507597284374946,0.8818342151675486,253.39999999999912,171.6802168021675,False,2018-2026,2025
2025-05-30,2948918471.7704763,3.396500000000001,1.603499999999999,0.8474719910506958,0.9813542688910697,281.649999999996,175.6470221390684,False,2018-2026,2025
2025-06-02,4665928009.166235,3.4915,1.5085000000000002,0.8482915408367548,0.9416195856873824,87.14999999999952,57.772621809744464,False,2018-2026,2025
2025-06-03,4487569691.976838,2.9240000000000004,2.0759999999999996,0.8437109783672505,1.3227513227513226,-118.60000000000133,-57.12909441233206,False,2018-2026,2025
2025-06-04,6660954984.83246,2.7540000000000004,2.2459999999999996,0.8387713677005921,1.4619883040935673,264.39999999999867,117.72039180765749,False,2018-2026,2025
2025-06-05,-5.038574318164525e+46,2.8440000000000003,2.1559999999999997,0.8390810384466932,1.3888888888888888,-115.59999999999997,-53.61781076066789,True,2018-2026,2025
2025-06-06,544165117.5883002,3.456500000000001,1.543499999999999,0.8431703204047217,0.9285051067780873,-154.3499999999999,-100.0,False,2018-2026,2025
2025-06-09,8852218474.518282,3.079000000000001,1.920999999999999,0.8346688034188035,1.1778563015312131,266.9000000000033,138.93805309734694,False,2018-2026,2025
2025-06-10,5618392392.78821,2.9665,2.0335,0.8339031671642289,1.3458950201884254,-6.34999999999728,-3.1226948610756233,False,2018-2026,2025
2025-06-11,8360948799.7086525,3.2440000000000007,1.7559999999999993,0.8291461452995705,1.0893246187363834,266.399999999996,151.70842824601144,False,2018-2026,2025
2025-06-12,2474648605.2142735,3.1390000000000002,1.8609999999999998,0.83136576768315,1.1547344110854503,45.90000000000502,24.664159054274602,False,2018-2026,2025
2025-06-13,5324229499.763129,2.8865000000000007,2.1134999999999993,0.8282533792737875,1.3422818791946307,-211.34999999999994,-100.0,False,2018-2026,2025
2025-06-16,-5458008567.108442,3.724,1.2759999999999998,0.837619151324276,0.7593014426727411,-127.59999999999998,-100.0,True,2018-2026,2025
2025-06-17,4334692317.454422,2.854,2.146,0.8296001327360212,1.3812154696132597,-157.599999999995,-73.43895619757456,False,2018-2026,2025
2025-06-18,-3951920226.601636,3.6415,1.3584999999999998,0.8367220576668841,0.8517887563884157,310.1500000000037,228.30327567169942,True,2018-2026,2025
2025-06-20,-1064021895.3126602,3.5390000000000006,1.4609999999999994,0.8368761088608442,0.8703220191470844,-23.099999999998122,-15.811088295686607,True,2018-2026,2025
2025-06-23,-6974626935.631405,3.3714999999999997,1.6285000000000003,0.8414250374434141,0.972762645914397,-162.85000000000002,-100.0,True,2018-2026,2025
2025-06-24,3519412482.776208,2.9764999999999997,2.0235000000000003,0.8331666999933347,1.2706480304955527,-202.35000000000002,-100.0,False,2018-2026,2025
2025-06-25,6536885932.650093,2.5465,2.4535,0.8240626287597858,1.5360983102918588,162.6500000000041,66.293050743837,False,2018-2026,2025
2025-06-26,5562581893.274313,2.544,2.456,0.8236146801080582,1.6181229773462784,-233.59999999999954,-95.1140065146578,False,2018-2026,2025
2025-06-27,11183880601.883299,2.634000000000001,3.365999999999999,0.9805844283192783,1.967213114754098,-21.600000000002197,-6.417112299465895,False,2018-2026,2025
2025-06-30,9991719923.149532,3.204,2.796,0.9758477677482312,1.5789473684210527,-163.60000000000318,-58.51216022889956,False,2018-2026,2025
2025-07-02,10178760646.872719,3.4865000000000004,2.5134999999999996,0.9711252104104622,1.3714285714285714,111.64999999999958,44.420131291028284,False,2018-2026,2025
2025-07-08,-1689631205.615137,3.0565,2.9435,0.9665259834401881,1.6783216783216786,274.6500000000055,93.30728724307984,True,2018-2026,2025
2025-07-09,2008946886.9005816,2.774000000000001,3.225999999999999,0.9672583063307058,1.9292604501607715,-121.60000000000082,-37.69373837569772,False,2018-2026,2025
2025-07-10,7532316687.55625,2.5140000000000002,3.4859999999999998,0.9615538710556258,2.1352313167259784,68.39999999999593,19.62134251290761,False,2018-2026,2025
2025-07-11,9937490318.555996,2.424000000000001,3.575999999999999,0.9587268107952638,2.18978102189781,-96.59999999999856,-27.01342281879155,False,2018-2026,2025
2025-07-14,907964346.0465488,2.914,3.086,0.962139798912782,1.7857142857142858,220.39999999999637,71.41931302657044,False,2018-2026,2025
2025-07-15,2523416599.4797683,3.1565,2.8435,0.9604456467801059,1.6415868673050615,127.65000000000045,44.89185862493421,False,2018-2026,2025
2025-07-16,822173666.1940353,2.8165000000000004,3.1834999999999996,0.9644441586832122,1.8433179723502304,263.65000000000504,82.817653525995,False,2018-2026,2025
2025-07-17,5912175827.405188,2.8415000000000004,3.1584999999999996,0.9612611746611555,1.8489984591679507,-114.85000000000088,-36.36219724552822,False,2018-2026,2025
2025-07-18,9499122380.551418,2.664,3.336,0.955429226580041,1.9607843137254901,224.4000000000041,67.26618705036095,False,2018-2026,2025
2025-07-21,616022255.7291366,2.664,3.336,0.9560534115172568,1.9867549668874172,93.3999999999982,27.99760191846469,False,2018-2026,2025
2025-07-22,3337484211.33165,2.4665000000000004,3.5334999999999996,0.9543047094937414,2.154398563734291,229.65000000000413,64.99221734823946,False,2018-2026,2025
2025-07-23,2381225596.846376,2.684,3.316,0.954152950718,2.0,-246.59999999999772,-74.36670687575322,False,2018-2026,2025
2025-07-24,8517902208.63293,2.8140000000000005,3.1859999999999995,0.9461483876054562,1.8633540372670807,136.39999999999552,42.812303829251576,False,2018-2026,2025
2025-07-25,7318268669.766498,2.4840000000000004,3.5159999999999996,0.9457010008668926,2.1201413427561837,47.40000000000095,13.481228668942252,False,2018-2026,2025
2025-07-28,10436237839.774881,2.4465000000000003,3.5534999999999997,0.9419004411233732,2.1699819168173597,233.64999999999867,65.75207541860101,False,2018-2026,2025
2025-07-29,85631418.80551018,2.374,3.626,0.9420779098431441,2.3076923076923075,159.40000000000273,43.960286817430436,False,2018-2026,2025
2025-07-30,-749015300.6546013,3.2139999999999995,2.7860000000000005,0.9445546424860678,1.518987341772152,270.4000000000009,97.0567121320893,True,2018-2026,2025
2025-07-31,-3011398990.4437423,3.6864999999999997,2.3135000000000003,0.9456413812668443,1.2108980827447022,261.649999999995,113.09703911821695,True,2018-2026,2025
2025-08-01,-2560474254.034689,3.7315000000000005,2.2684999999999995,0.949472251673445,1.1753183153770812,-226.84999999999997,-100.0,True,2018-2026,2025
2025-08-04,-13009645642.38876,3.964000000000001,2.035999999999999,0.9650801820784609,1.0452961672473868,-203.5999999999999,-100.0,True,2018-2026,2025
2025-08-05,413204364.47474986,2.874,3.126,0.9507661590631783,1.7857142857142858,89.39999999999819,28.598848368521494,False,2018-2026,2025
2025-08-06,-6857500583.415284,2.894,3.106,0.9553835865099838,1.7595307917888565,-77.5999999999959,-24.98390212491819,True,2018-2026,2025
2025-08-07,3726338384.832879,2.7065000000000006,3.2934999999999994,0.9483617051543459,1.92,199.64999999999642,60.619401852131915,False,2018-2026,2025
2025-08-08,-2696803261.674478,3.0565,2.9435,0.9489316611048728,1.6326530612244898,-206.35000000000042,-70.10361814166824,True,2018-2026,2025
2025-08-11,6952836577.974312,2.8040000000000003,3.1959999999999997,0.9417378201908588,1.8575851393188854,262.40000000000504,82.10262828535828,False,2018-2026,2025
2025-08-12,-5676128687.969122,3.544,2.456,0.9436633009342266,1.3303769401330379,-245.6,-100.0,True,2018-2026,2025
2025-08-13,10441542802.815899,2.4240000000000004,3.5759999999999996,0.9336632276737781,2.18978102189781,-45.59999999999951,-12.751677852348859,False,2018-2026,2025
2025-08-14,9766195224.855583,2.5465000000000004,3.4534999999999996,0.9304056568663938,2.0869565217391304,160.64999999999458,46.518025191832805,False,2018-2026,2025
2025-08-15,7665570636.843145,2.6640000000000006,3.3359999999999994,0.9303190994511117,1.892744479495268,12.400000000003697,3.717026378897991,False,2018-2026,2025
2025-08-18,2276815999.599202,2.7665,3.2335,0.9324588941037515,1.8547140649149922,203.6499999999982,62.98128962424562,False,2018-2026,2025
2025-08-19,-1751132614.5902731,2.2140000000000004,3.7859999999999996,0.9327343106316166,2.4896265560165975,-203.59999999999997,-53.77707342842049,True,2018-2026,2025
2025-08-20,-8435409265.2354765,2.7865,3.2135,0.9378663540445487,1.9077901430842605,182.6499999999964,56.83833826046255,True,2018-2026,2025
2025-08-21,-5800519713.610757,2.8040000000000003,3.1959999999999997,0.940379913485048,1.8691588785046729,-60.59999999999679,-18.961201501876342,True,2018-2026,2025
2025-08-22,-9000224789.200787,4.069,1.931,0.944004782957567,1.0318142734307825,-193.1,-100.0,True,2018-2026,2025
2025-08-25,8885839855.440792,2.5740000000000003,3.4259999999999997,0.9298721425803952,2.0547945205479454,6.400000000000938,1.8680677174550318,False,2018-2026,2025
2025-08-26,-4052180302.739329,2.1640000000000006,3.8359999999999994,0.9338666749677038,2.521008403361344,103.40000000000052,26.95516162669461,True,2018-2026,2025
2025-08-27,1940509030.6027174,3.0965,2.9035,0.9300451071876986,1.6597510373443982,49.6499999999977,17.100051661786708,False,2018-2026,2025
2025-08-28,2366171833.0202594,3.6840000000000006,2.3159999999999994,0.9279307145066501,1.279317697228145,181.3999999999996,78.32469775474942,False,2018-2026,2025
2025-08-29,8460266443.591852,2.3665000000000003,3.6334999999999997,0.9246844514309491,2.2099447513812156,-263.34999999999997,-72.47832668226228,False,2018-2026,2025
2025-09-02,-8121411610.672502,2.859,3.141,0.9302325581395349,1.7857142857142856,-180.0999999999968,-57.33842725246635,True,2018-2026,2025
2025-09-03,-7120231313.642917,3.0940000000000003,2.9059999999999997,0.9370022175719148,1.6528925619834711,-54.5999999999986,-18.788713007570067,True,2018-2026,2025
2025-09-04,-2608713468.140851,2.624,3.376,0.9321981231744454,1.9672131147540985,-235.6000000000018,-69.78672985782043,True,2018-2026,2025
2025-09-05,651734428.3107436,3.2414999999999994,2.7585000000000006,0.9245277204228173,1.5018773466833544,145.1500000000036,52.619177088998924,False,2018-2026,2025
2025-09-08,3759966365.0706506,2.3740000000000006,3.6259999999999994,0.9270561332488682,2.205882352941176,58.40000000000369,16.105901820188556,False,2018-2026,2025
2025-09-10,8538623288.161585,2.224,3.776,0.9226085218273798,2.34375,199.39999999999822,52.807203389830036,False,2018-2026,2025
2025-09-11,4153979099.241475,3.104,2.896,0.9199208868037348,1.574803149606299,-248.60000000000318,-85.8425414364652,False,2018-2026,2025
2025-09-12,9876695279.315258,2.109,3.891,0.9124226341641448,2.4489795918367343,149.89999999999864,38.524800822410334,False,2018-2026,2025
2025-09-15,-5475187791.580527,2.0690000000000004,3.9309999999999996,0.9127002236115548,2.4193548387096775,-78.10000000000224,-19.867718137878974,True,2018-2026,2025
2025-09-16,7747836023.60727,2.1940000000000004,3.8059999999999996,0.9079216161004766,2.42914979757085,212.39999999999503,55.8066211245389,False,2018-2026,2025
2025-09-17,-16225112237.22633,3.561500000000001,2.438499999999999,0.9091873380510055,1.2793176972281448,274.1499999999951,112.4256715193747,True,2018-2026,2025
2025-09-18,2482447167.6331563,3.1415000000000006,2.8584999999999994,0.9102217907096697,1.4981273408239701,86.15000000000279,30.138184362428827,False,2018-2026,2025
2025-09-19,46838704938.57006,2.7540000000000004,3.2459999999999996,0.9059612248595761,1.6643550624133148,214.39999999999867,66.050523721503,False,2018-2026,2025
2025-09-22,-13587309309.577803,2.3965000000000005,3.6034999999999995,0.9041455071502841,2.146690518783542,-135.34999999999994,-37.56070487026501,True,2018-2026,2025
2025-09-23,5630944049.883734,2.1790000000000003,4.821,1.0498687664041995,2.7667984189723316,-157.09999999999997,-32.58660029039618,False,2018-2026,2025
2025-09-24,-6383380742.12663,2.4690000000000003,3.5309999999999997,0.9046362608367885,2.0833333333333335,-49.100000000003604,-13.905409232513058,True,2018-2026,2025
2025-09-25,-5851862720.056393,2.7765000000000004,3.2234999999999996,0.9076606559361008,1.9575856443719413,-27.34999999999541,-8.48456646502107,True,2018-2026,2025
2025-09-26,-11199880477.216686,3.119,2.881,0.9119233984345314,1.6042780748663104,-61.1000000000018,-21.20791391877883,True,2018-2026,2025
2025-09-29,-28354624029.304512,2.689,3.311,0.906714218790141,1.9607843137254906,108.89999999999773,32.8903654485043,True,2018-2026,2025
2025-09-30,-5211739558.388162,2.7365000000000004,3.2634999999999996,0.9041591320072332,1.9448946515397083,-25.350000000000872,-7.767734027884441,True,2018-2026,2025
2025-10-02,3352325781.4523168,3.2765000000000004,2.7234999999999996,0.9009144281445667,1.3937282229965158,-86.3499999999986,-31.70552597760184,False,2018-2026,2025
2025-10-03,-12614926419.525473,2.6365000000000003,3.3634999999999997,0.8966733419015452,1.9704433497536946,242.6499999999964,72.14211386948013,True,2018-2026,2025
2025-10-06,15164866657.151157,2.534,3.466,0.8965795490204868,1.9672131147540985,-4.600000000004112,-1.3271783035210938,False,2018-2026,2025
2025-10-07,5312578819.173609,2.1040000000000005,3.8959999999999995,0.8934155275618689,2.531645569620253,-76.6000000000004,-19.66119096509251,False,2018-2026,2025
2025-10-08,-3512094655.027165,2.4965,3.5035,0.8966867424865124,1.9966722129783694,-54.34999999999634,-15.513058370200186,True,2018-2026,2025
2025-10-09,400788799.6423218,2.1865000000000006,3.8134999999999994,0.8914774753357899,2.376237623762376,37.65000000000551,9.872820243871908,False,2018-2026,2025
2025-10-10,-4933890482.313275,2.494,3.506,0.8939346533768381,2.0338983050847457,-350.59999999999997,-100.0,True,2018-2026,2025
2025-10-13,-15048126712.481369,4.966500000000002,1.0334999999999983,0.9186813859839843,0.6546644844517184,-103.34999999999982,-100.0,True,2018-2026,2025
2025-10-14,-323736929.47727084,3.229,2.771,0.9049091320413243,1.4634146341463412,242.90000000000455,87.65788523998721,True,2018-2026,2025
2025-10-15,-4410623559.069114,3.654000000000001,2.345999999999999,0.9060706735125339,1.1976047904191618,57.399999999995984,24.46717817561637,True,2018-2026,2025
2025-10-16,504148458.97233605,3.7515000000000005,2.2484999999999995,0.9021471101220905,1.1916583912611718,-57.850000000004044,-25.728263286637336,False,2018-2026,2025
2025-10-17,-10209842984.171438,4.2315000000000005,1.7684999999999995,0.908168979974874,0.8843036109064112,-7.849999999994495,-4.438789934970029,True,2018-2026,2025
2025-10-20,-9755564129.230877,3.8515,2.1485,0.9031927865002786,1.1214953271028039,-214.85,-100.0,True,2018-2026,2025
2025-10-21,40437116390.36577,2.5564999999999998,3.4435000000000002,0.8938414325298693,1.9448946515397083,181.64999999999907,52.75156091186266,False,2018-2026,2025
2025-10-22,-4794173381.776863,2.7865,3.2135,0.8938414325298693,1.8099547511312217,-40.35000000000544,-12.556402676211434,True,2018-2026,2025
2025-10-23,-7122855175.7917,3.1414999999999997,2.8585000000000003,0.8984591425704916,1.5384615384615388,-46.85000000000139,-16.389714885429907,True,2018-2026,2025
2025-10-24,701690890.3323746,3.2390000000000008,2.7609999999999992,0.8933756197793362,1.4705882352941175,-187.10000000000127,-67.7653024266575,False,2018-2026,2025
2025-10-27,26876214631.05103,3.1640000000000006,2.8359999999999994,0.8861189466999453,1.4796547472256474,-283.59999999999997,-100.0,False,2018-2026,2025
2025-10-28,6975575613.262742,2.104,3.896,0.8756823024606674,2.42914979757085,112.39999999999819,28.850102669404055,False,2018-2026,2025
2025-10-29,3912301429.335896,3.5215000000000005,2.4784999999999995,0.873387871553757,1.3057671381936888,319.14999999999594,128.76739963687552,False,2018-2026,2025
2025-10-30,2695285467.775782,3.884,2.116,0.8729431277552266,1.1385199240986719,-211.60000000000002,-100.0,False,2018-2026,2025
2025-10-31,-1703043662.4567196,3.3340000000000005,2.6659999999999995,0.8823918702295689,1.3513513513513513,131.40000000000188,49.287321830458325,True,2018-2026,2025
2025-11-03,-2188668053.16616,3.4440000000000004,2.5559999999999996,0.8797911962227631,1.3793103448275863,207.39999999999958,81.1424100156493,True,2018-2026,2025
2025-11-04,745715121.2456388,2.829,3.171,0.8780016682031696,1.8461538461538463,-317.09999999999997,-100.0,False,2018-2026,2025
2025-11-05,-9411585977.33717,3.574,2.426,0.8884413776764296,1.2644889357218123,206.4000000000009,85.07831821929138,True,2018-2026,2025
2025-11-06,109876400283.97122,3.086500000000001,2.913499999999999,0.8855957845640655,1.5404364569961488,-291.3499999999999,-100.0,False,2018-2026,2025
2025-11-07,-12135633100.965982,3.6340000000000003,2.3659999999999997,0.8952017187873,1.2207527975584944,254.39999999999685,107.52324598478313,True,2018-2026,2025
2025-11-10,3430147724.9793553,3.869,2.131,0.894307731290337,1.1214953271028039,-213.09999999999997,-100.0,False,2018-2026,2025
2025-11-11,9289540730.281189,2.899,3.101,0.8806434568191158,1.7569546120058566,202.89999999999955,65.43050628829396,False,2018-2026,2025
2025-11-12,-7243127463.137267,2.8815,3.1185,0.8786445443495834,1.7830609212481425,259.1500000000036,83.10084976751759,True,2018-2026,2025
2025-11-13,-5460616420.158983,3.2415000000000003,2.7584999999999997,0.8781044651612054,1.5286624203821657,-275.84999999999997,-100.0,True,2018-2026,2025
2025-11-14,-24634184899.384087,4.0565000000000015,1.9434999999999985,0.8927907149765643,1.0666666666666667,400.6500000000047,206.1487007975328,True,2018-2026,2025
2025-11-17,-5388708191.24726,3.979,2.021,0.8929235806235583,1.0398613518197575,-202.1,-100.0,True,2018-2026,2025
2025-11-18,-15151437120.926702,4.119,1.8810000000000002,0.9013204344364493,1.0025062656641606,-174.1000000000014,-92.55715045188802,True,2018-2026,2025
2025-11-19,-13516216986.673779,4.466500000000001,1.5334999999999992,0.9088981125215864,0.8146639511201629,81.65000000000235,53.24421258559009,True,2018-2026,2025
2025-11-20,-2579154221.2043805,4.638999999999999,1.3610000000000007,0.9054553685957897,0.690051753881541,-136.10000000000008,-100.0,True,2018-2026,2025
2025-11-21,-17664872117.196564,4.781500000000001,1.2184999999999988,0.9194979541170522,0.6841505131128848,-121.84999999999988,-100.0,True,2018-2026,2025
2025-11-24,-1338201437.2334683,4.299,1.7009999999999996,0.9104151493080845,0.8695652173913043,-170.09999999999997,-100.0,True,2018-2026,2025
2025-11-25,541148234.6551737,3.3715000000000006,2.6284999999999994,0.8971560154310835,1.411764705882353,-262.84999999999997,-100.0,False,2018-2026,2025
2025-11-26,10714787370.5625,2.8915000000000006,3.1084999999999994,0.8888888888888888,1.7266187050359711,-173.84999999999948,-55.9272961235321,False,2018-2026,2025
2025-12-03,9280456581.876131,2.894,3.106,0.8804366966015144,1.791044776119403,108.40000000000546,34.90019317450273,False,2018-2026,2025
2025-12-04,9150788190.640163,2.7390000000000008,3.2609999999999992,0.8774367148769395,1.923076923076923,233.90000000000236,71.72646427476307,False,2018-2026,2025
2025-12-05,6198637692.156578,2.9364999999999997,3.0635000000000003,0.8766803039158387,1.7991004497751124,128.65000000000225,41.994450791578984,False,2018-2026,2025
2025-12-08,20769087739.786472,2.594,3.406,0.8750820389411508,2.003338898163606,23.39999999999862,6.870229007633183,False,2018-2026,2025
2025-12-09,2883483413.8822885,2.7115000000000005,3.2884999999999995,0.8776549060909251,1.9077901430842608,76.1499999999955,23.156454310474537,False,2018-2026,2025
2025-12-10,6336841888.348596,3.6515000000000004,2.3484999999999996,0.8784130005124077,1.3114754098360657,-80.8500000000036,-34.42622950819826,False,2018-2026,2025
2025-12-11,8708877948.047688,3.2990000000000004,2.7009999999999996,0.8727780525412387,1.4906832298136647,215.9000000000014,79.93335801555033,False,2018-2026,2025
2025-12-12,9042028067.889797,2.849,3.151,0.8706503758307456,1.7883755588673622,-315.09999999999997,-100.0,False,2018-2026,2025
2025-12-15,-12741149750.952785,3.3115,2.6885,0.880126738250308,1.5170670037926677,201.15000000000455,74.81867212200282,True,2018-2026,2025
2025-12-16,1651799824.0416174,3.4215,2.5785,0.881445570736007,1.440576230492197,128.15000000000137,49.69943765755337,False,2018-2026,2025
2025-12-17,-1425903836.883212,3.3289999999999997,2.6710000000000003,0.8838346639955219,1.530612244897959,-267.1,-100.0,True,2018-2026,2025
2025-12-18,-14015315913.449184,4.049,1.9509999999999996,0.893788172203188,1.1019283746556474,-43.100000000001785,-22.091235263968116,True,2018-2026,2025
2025-12-19,7509501697.03588,3.5415000000000005,2.4584999999999995,0.8869441816461684,1.2307692307692308,-105.85000000000223,-43.05470815538021,False,2018-2026,2025
2025-12-22,-1565688806.378407,2.644,3.356,0.8815750808110491,1.954397394136808,-114.59999999999636,-34.14779499403944,True,2018-2026,2025
2025-12-23,14407931548.965973,2.1265,3.8735,0.8761810189985252,2.580645161290323,-78.34999999999681,-20.227184716663693,False,2018-2026,2025
2025-12-26,19156369169.69005,2.5115,3.4885,0.8722071201174573,2.079722703639515,26.149999999999984,7.496058477855808,False,2018-2026,2025
2025-12-29,-43178035992.34703,1.989,4.011,0.8692502716407099,2.7522935779816518,-17.099999999996808,-4.263275991023885,True,2018-2026,2025
2025-12-30,4822883363.827747,2.359,3.641,0.8722958827634333,2.2813688212927756,128.899999999995,35.40236198846333,False,2018-2026,2025
2025-12-31,-81594818729.55026,2.6090000000000004,3.3909999999999996,0.8734514433785102,2.040816326530612,-255.09999999999678,-75.22854615157677,True,2018-2026,2025
2026-01-02,-11100322153.047989,3.159,2.841,0.8799718409010912,1.6759776536312851,198.90000000000407,70.01055966209225,True,2018-2026,2026
2026-01-05,-8572024103.218507,3.0140000000000002,2.9859999999999998,0.8782587057394207,1.8018018018018018,-171.60000000000178,-57.46818486269317,True,2018-2026,2026
2026-01-06,9897243250.253723,2.3890000000000002,3.6109999999999998,0.8724354034286711,2.2641509433962264,-141.09999999999542,-39.07504846302837,False,2018-2026,2026
2026-01-07,20414238555.498264,2.2640000000000002,3.7359999999999998,0.8673026886383348,2.4193548387096775,-14.599999999996793,-3.9079229122047097,False,2018-2026,2026
2026-01-08,66838758121.403305,2.5165,3.4835,0.8700822227700518,2.0869565217391304,195.65000000000546,56.164776804939144,False,2018-2026,2026
2026-01-09,-1665391890.3609455,3.5065,2.4935,0.8702715247157112,1.3683010262257698,-48.35000000000092,-19.390415079206303,True,2018-2026,2026
2026-01-12,12749686043.316801,2.2790000000000004,3.7209999999999996,0.8645657718410928,2.34375,111.90000000000322,30.072561139479504,False,2018-2026,2026
2026-01-13,-56147239804.42534,2.779,3.221,0.8631106507854307,1.9169329073482428,152.89999999999998,47.46972989754734,True,2018-2026,2026
2026-01-14,-5213321681.1328125,3.0065,2.9935,0.8648648648648649,1.7216642754662839,-55.34999999999455,-18.490061800566078,True,2018-2026,2026
2026-01-15,-8416160583.075958,3.2415,2.7585,0.8690110654075661,1.5544041450777202,107.15000000000407,38.843574406381755,True,2018-2026,2026
2026-01-16,-1380738576.4367723,2.974,3.026,0.8668390713264083,1.7366136034732271,255.40000000000413,84.40185062789297,True,2018-2026,2026
2026-01-20,2205398784.8005266,3.1165,2.8835,0.8675785881604442,1.5936254980079683,-288.35,-100.0,False,2018-2026,2026
2026-01-21,-17135624072.173283,4.049000000000001,1.9509999999999987,0.8853997579907329,1.0714285714285714,-195.09999999999988,-100.0,True,2018-2026,2026
2026-01-22,-3990762576.1119113,3.3415,2.6585,0.8755034144633164,1.4943960149439603,41.150000000004994,15.478653375965767,True,2018-2026,2026
2026-01-23,447301928.64864945,2.9515000000000002,3.0484999999999998,0.8709157679299785,1.741654571843251,277.15000000000504,90.91356404789406,False,2018-2026,2026
2026-01-26,-29520011520.142815,3.3940000000000006,2.6059999999999994,0.8705998432920282,1.4319809069212412,-131.60000000000358,-50.49884881043884,True,2018-2026,2026
2026-01-27,1605061153.788427,2.6265000000000005,3.3734999999999995,0.8661633295318387,2.051282051282051,-91.34999999999631,-27.078701645174547,False,2018-2026,2026
2026-01-28,1452375243.1156704,3.1665,2.8335,0.8626391005549645,1.5604681404421328,258.64999999999594,91.2828657137801,False,2018-2026,2026
2026-01-29,-467976171.1551763,3.439,2.561,0.8627879554801415,1.3289036544850499,39.900000000003644,15.579851620462183,True,2018-2026,2026
2026-01-30,-2771135064.1433783,3.479000000000001,2.520999999999999,0.8646031471554556,1.3667425968109337,131.90000000000327,52.320507735027114,True,2018-2026,2026
2026-02-02,-20131452512.480465,4.019,1.9809999999999999,0.8672525439407955,1.1090573012939002,-44.100000000003625,-22.26148409894176,True,2018-2026,2026
2026-02-03,3118680056.218257,2.5315000000000007,3.4684999999999993,0.8627383314640669,2.051282051282051,-346.8499999999999,-100.0,False,2018-2026,2026
2026-02-04,-15168168152.297504,3.9239999999999995,2.0760000000000005,0.8702589020233519,1.141769743101808,104.4000000000004,50.28901734104064,True,2018-2026,2026
2026-02-05,-8689986951.633904,4.1865000000000006,1.8134999999999994,0.8744825977963039,0.9771986970684038,-181.34999999999994,-100.0,True,2018-2026,2026
2026-02-06,-18204491052.114956,4.711500000000001,1.288499999999999,0.8856611460455229,0.7343941248470013,-128.8499999999999,-100.0,True,2018-2026,2026
2026-02-09,1952905341.3940942,3.7465,2.2535,0.8687468326938391,1.2358393408856847,-17.34999999999589,-7.699134679385796,False,2018-2026,2026
2026-02-10,6376407872.93251,2.9739999999999998,3.0260000000000002,0.8646529859349782,1.744186046511628,106.40000000000316,35.16192994051657,False,2018-2026,2026
2026-02-11,522802466.7046733,3.4765000000000015,2.5234999999999985,0.8669392709040731,1.36518771331058,238.64999999999696,94.57103229641255,False,2018-2026,2026
2026-02-12,-7769558538.348187,3.394,2.606,0.8671648046711278,1.4906832298136645,-260.59999999999997,-100.0,True,2018-2026,2026
2026-02-13,-15950572630.17683,4.399000000000001,1.600999999999999,0.880759802122631,0.8908685968819599,397.9000000000042,248.53216739538064,True,2018-2026,2026
2026-02-17,-11776912756.679676,4.454,1.5460000000000003,0.8803075207605856,0.8602150537634409,370.4,239.58602846054328,True,2018-2026,2026
2026-02-18,-8165843224.3936,3.9715,2.0285,0.8787989747345295,1.1278195488721805,78.14999999999452,38.526004436773235,True,2018-2026,2026
2026-02-19,-2735698803.2645683,3.7140000000000004,2.2859999999999996,0.8743933895859747,1.2644889357218123,222.39999999999912,97.28783902012212,True,2018-2026,2026
2026-02-20,-6644939251.673454,4.1465,1.8535000000000004,0.8765394223605206,1.08010801080108,-120.35000000000231,-64.93121122201364,True,2018-2026,2026
2026-02-23,-3964974042.051863,3.874,2.126,0.8703851454268513,1.1846001974333664,-212.6,-100.0,True,2018-2026,2026
