kind,date,r1,r3,r5,r10
post,2026-08-17,-1.3345986900026086,-5.515497080369325,-1.745736659755659,-3.333335907027357
post,2026-08-17,-4.132697179230849,-3.1342854432020117,2.654026507578,-8.600316341454384
post,2026-08-17,-4.364417649173335,-5.81717274593303,-10.963372048734577,-9.85533690833915
xname,2026-08-17,-8.43664147968214,-21.79752627924372,-21.005510293245642,-21.52203788898023
xname,2026-08-17,-0.2021381355882257,3.210469234987623,3.590968284488416,1.5576756382360557
xname,2026-08-17,-2.486520253121405,-5.357953749090849,-6.705147139599365,-11.20091558579308
extmatch,2026-08-17,0.7878247872471489,-3.288747155027638,-2.4244586555852488,-12.883490529133923
extmatch,2026-08-17,-0.08401788492866658,-3.2556169233140864,3.0455802233789298,-3.402644215746009
extmatch,2026-08-17,1.118789599922465,-3.4550814680772923,-1.9743286810511296,-10.365250680469707
post,2026-08-04,0.016326177390335594,-0.7144625357998757,-0.7333336209641828,-6.367896995139222
post,2026-08-04,-2.516799121552149,-2.6122216882401683,-2.7990903738786432,-7.145615689296814
post,2026-08-04,-2.044923744320881,-6.15192968475613,-4.299922410828549,-4.595730718148916
xname,2026-08-04,0.600478868210752,-6.7654069562792625,-10.768609591688417,-8.246595291002002
xname,2026-08-04,3.1064236336361795,-0.3218304037194808,1.091450488578749,-2.882523431728179
xname,2026-08-04,-0.2511335862275921,3.9231648051731405,2.429920441567579,7.09291849478515
extmatch,2026-08-04,3.539145867183646,4.442269646160146,0.8542577420767916,3.0998200065653014
extmatch,2026-08-04,-0.13711962893692142,0.21674757089800156,0.6148872807034245,2.919584304597378
extmatch,2026-08-04,0.3616604303226856,-1.627489181918751,-1.38637456371844,6.088006145824454
post,2026-06-18,-9.361390071338283,-8.640283227312807,-9.780418717306915,-25.063338657164948
post,2026-06-18,0.20180011570101186,10.440787755433778,11.163039793835372,-2.6553371847931717
post,2026-06-18,7.251128055217082,-11.686769643524986,-16.939692827847075,-19.893830872989504
xname,2026-06-18,1.6239580815145649,-0.25344575018529936,1.6145693236972125,7.274947092248829
xname,2026-06-18,-3.3930841027802083,-2.6888609434769672,1.6005121756186957,19.7823253620528
xname,2026-06-18,-3.4227585566023233,0.6783879698823547,3.7927830115993544,5.8587773913022945
extmatch,2026-06-18,1.2799987792968759,-1.4400024414062518,14.400001525878903,19.91999816894532
extmatch,2026-06-18,-5.865106266165309,-4.007824790423154,9.644838515191578,29.423266632480647
extmatch,2026-06-18,-2.516145784801982,-3.2732158220833973,-3.473616964131232,-3.7185441429956834
post,2026-06-18,1.3079009777509976,-2.550055149495656,-0.7745123146766786,-12.86716391335425
post,2026-06-18,-5.142437748209828,0.930406492397684,-6.599346771926817,-13.51604115350067
post,2026-06-18,-2.5415515802116206,3.5106869305007837,2.406777523110981,-15.58949596735495
xname,2026-06-18,0.807275545724262,3.366536452711344,6.011683066514584,7.265545830396913
xname,2026-06-18,4.114758407351737,5.0004251484867535,6.589542899098855,14.53937343782179
xname,2026-06-18,-0.3789854769348677,3.8515808321987643,5.40719366020912,-1.3617110850536407
extmatch,2026-06-18,-2.769662945965179,4.17396450359675,7.626262672193462,14.06280809548759
extmatch,2026-06-18,2.1361797790494075,4.806409377832166,3.471284828498855,0.6675395248021188
extmatch,2026-06-18,-0.6588647721376462,9.820989598656137,17.82697104562987,8.963213383555658
post,2026-06-18,0.7304479608865933,-1.3299075425431628,21.66137786000455,-0.9722395492357871
post,2026-06-18,6.476053328343445,-3.262637007904823,1.6116302289659323,-25.294034475205727
post,2026-06-18,5.934730692541423,-10.864983541483486,-16.025523768753647,-20.655319422923533
xname,2026-06-18,0.19011970604794204,4.019558522846167,5.268874677645763,4.780016390280206
xname,2026-06-18,0.11578640840927967,-1.1771495131684295,-6.406793787079412,-9.532997280547761
xname,2026-06-18,-0.7431366283767837,-8.400645964388065,-5.072701836113058,-1.0016210794612679
extmatch,2026-06-18,0.0,0.17218179260658495,-5.311261107590026,-0.2384110002328188
extmatch,2026-06-18,-5.106940567815443,-14.054994914014463,-23.963333948857745,-32.387604215248835
extmatch,2026-06-18,0.4734603235345025,14.433293584587448,14.44763290635722,-3.242459979609702
post,2026-06-18,-13.91903077104788,-13.140447770494568,-9.584087630884476,-22.523606552878782
post,2026-06-18,-4.045126894665085,-12.483488418265566,-12.303445325143535,-15.028204309165682
post,2026-06-18,-3.388850724267445,3.7473952094355223,-3.6433050650409027,-15.49849834347895
xname,2026-06-18,0.2178649237472685,-1.5860563789317772,0.8453169679329964,8.915035605170885
xname,2026-06-18,-2.359588645027133,-0.5649712123022232,2.293123688815246,4.058961693716401
xname,2026-06-18,2.955667014875263,-7.881766178592109,-1.5763532357184196,-8.768467222635323
extmatch,2026-06-18,-2.359205331799741,-3.9953954884462073,-4.3639445689083844,-10.90870519549425
extmatch,2026-06-18,5.916970218741113,6.368888556397501,5.748818847065795,-8.17656190702306
extmatch,2026-06-18,1.7894744873046875,9.05262796502364,10.21052912661904,24.63158055355674
post,2026-06-18,-1.1669100887943262,0.5738235436189454,-11.738431239487767,-16.73727416657549
post,2026-06-18,-0.129341641178371,-2.7577611504653543,-7.839062063758306,0.7760568956610481
post,2026-06-18,10.907317495691826,12.531375146849921,-0.563556580642921,11.132740127949003
xname,2026-06-18,1.3815596965136345,0.9073791275815202,2.505560591353495,3.0909664801157533
xname,2026-06-18,-1.5438040173135104,0.5017409065257716,4.052486465627747,6.175223430692278
xname,2026-06-18,-2.902344949635549,-5.493267051623496,-4.559036789353987,-6.826104395032817
extmatch,2026-06-18,-0.5528234967507761,3.194124374211782,9.643740101217091,-4.914003167610536
extmatch,2026-06-18,-5.4784515923192,-14.463108859941187,-18.18845761460898,-30.021912218073066
extmatch,2026-06-18,-2.021440892106763,8.683428536483895,6.433467897132861,-11.056426407119735
post,2026-06-18,-1.554354950651371,-8.421057608945537,-18.002954035469287,-25.03689542115496
post,2026-06-18,3.7139060405171342,2.4997417557820034,-14.896437257319517,-19.589842015256142
post,2026-06-18,-10.208156858807039,-11.122793866230051,6.865011134087173,-12.37384770038169
xname,2026-06-18,-6.404928234390916,-4.7460706504554135,-3.4084066996193263,-2.082071238912364
xname,2026-06-18,-4.617838812033625,-2.3885390620744795,7.696394645412341,5.520164542227213
xname,2026-06-18,-2.256127976865896,-10.134072057178912,-8.747109524736342,8.691633280864641
extmatch,2026-06-18,8.584633209929017,18.544188164574905,61.17850384889938,42.25303108649803
extmatch,2026-06-18,5.137931007602337,-7.575539745402516,-11.253835438274795,-15.72033297612192
extmatch,2026-06-18,5.474531396490745,4.15077066813605,3.343059655977121,-25.667486437154896
post,2026-06-18,0.018613117217824993,16.053373137302952,15.963386056606033,13.400553998358067
post,2026-06-18,-5.793285784412195,-2.44357562628037,7.991347353979905,-6.63801726228046
post,2026-06-18,-0.8683618654997227,-2.6243920650582564,-11.15093315720178,3.0323863906060566
xname,2026-06-18,-4.496252719083449,-9.242302990821061,-10.074937677662533,-11.823480842898793
xname,2026-06-18,-4.52261012196169,-3.350085910561429,-0.1675080228984105,3.90843533725993
xname,2026-06-18,1.4265770681370027,1.207098960427322,6.71638236363985,4.247299599869825
extmatch,2026-06-18,-4.198592688898528,-2.2372093953079597,-0.7048713904612036,20.47195858569315
extmatch,2026-06-18,1.6286629773138106,3.175898630320173,10.993488687504138,-7.491857461721196
extmatch,2026-06-18,-0.7263934632285474,-2.179180389685631,-9.76594031168908,-3.7126717142899612
post,2026-05-15,-8.553759320352317,-11.203041173417528,-13.509674548025874,-10.361037324767175
post,2026-05-15,0.5774194331505722,8.98551620220045,2.918712022859804,16.29076895829322
post,2026-05-15,-0.6576622872630944,19.58239760324496,9.813857736497944,3.3661815787043636
xname,2026-05-15,-5.796867648792592,-2.0345585823050016,-2.131438217858206,-11.173909170906693
xname,2026-05-15,2.157957197896443,1.2771562754858135,1.1450378244607595,9.355144970331008
xname,2026-05-15,-2.035346019784745,-4.480907945992996,-5.143586770865561,-3.5026807531059467
extmatch,2026-05-15,2.1822951940976942,6.33288947489461,5.2011988927816555,-1.164119032699995
extmatch,2026-05-15,13.506817767130453,1.9826499809501463,3.4696492841888027,12.143748859608738
extmatch,2026-05-15,8.955239805354264,2.546111463091516,-3.6874325829945986,-9.306391001641146
post,2026-05-06,0.056484238283038835,-1.9330959616259635,2.836882081538983,-0.4958316298518284
post,2026-05-06,-1.1352176297826921,-5.248143733167721,-7.1322436849925674,-5.931646791999445
post,2026-05-06,-0.06714140351830045,-6.423453250407207,-8.370639330621376,-13.356084911677124
xname,2026-05-06,0.8002801912584179,0.6263071111270335,-0.9742532713898244,1.4961792162073273
xname,2026-05-06,-3.1104217366146436,-8.5536622476298,-10.938312650120885,-7.516851706172211
xname,2026-05-06,-0.01635851064779592,-3.5013079630995425,-2.6996036322259775,1.030760927887675
extmatch,2026-05-06,-0.11700378232673003,1.9644081860927587,5.41905479699063,10.881210810615771
extmatch,2026-05-06,-0.6657149385293049,4.602238524692126,1.5563714314949184,2.7966112937024334
extmatch,2026-05-06,-0.9763384728402547,4.4310895686962,3.9053755019694103,7.17236642861141
post,2026-04-17,8.252545752292484,28.2541822476986,22.20225524652635,26.10190134047898
post,2026-04-17,-4.45748157765019,-7.89231651116914,-3.777555924960363,13.433250886408477
post,2026-04-17,8.11192289901632,7.506812273029562,19.911099174141754,57.82805609537047
xname,2026-04-17,1.2033286782140884,-0.015433703134859478,-0.678809037338246,-6.366688352448612
xname,2026-04-17,4.4706401527564,-0.6902403714107663,-0.5628136253687743,-2.6866251625574877
xname,2026-04-17,-1.340250340142768,1.6476040818364623,5.063734770635575,-1.9801564379300363
extmatch,2026-04-17,-1.5981750190657618,-4.07153395980695,1.9026013065743808,4.299843515703827
extmatch,2026-04-17,-9.679061129700395,-3.4640775695305326,-8.762095704986884,-11.207330359890367
extmatch,2026-04-17,7.840770041196676,-4.70446086454216,-10.1326916323361,-10.1326916323361
post,2026-04-08,-0.3963771466890642,6.613471011439875,9.984355563255809,10.601657210307591
post,2026-04-08,1.7454134850124037,4.96238071514743,3.5748152825868074,6.803960334796422
post,2026-04-08,-0.4881941018497149,-0.3316439010621397,0.5612631395532919,-1.1828032770570984
xname,2026-04-08,-2.2508017879094178,17.3633510767359,12.057878220232077,105.30548052269633
xname,2026-04-08,-0.4807624472831118,1.562512330998067,19.230784867279603,19.230784867279603
xname,2026-04-08,1.8613397151047817,5.031026959320939,4.801723210009623,0.4046439900560639
extmatch,2026-04-08,0.12398692609492112,7.517049981003843,3.223802371731743,11.081830319489839
extmatch,2026-04-08,-1.2906458113379315,-1.7479587449696465,-2.804876959720559,5.609753919441118
extmatch,2026-04-08,0.2582952459539323,-1.8022553271869302,-1.2798624787269564,-7.890997038267534
post,2026-03-20,5.8164185641709665,-1.4062517237277028,-8.507810107745462,2.4609330625658288
post,2026-03-20,-0.5269390107242145,-0.7210747540552065,3.5221926101404843,16.921538628283205
post,2026-03-20,7.140672170623907,12.50856695353546,18.37972369712466,19.115515590924236
xname,2026-03-20,-5.146091880917403,0.9916827866131905,5.869725042855634,-11.471472478667867
xname,2026-03-20,1.9981771914716395,-5.3587660338115235,-11.989106458289267,-7.674843319368629
xname,2026-03-20,2.006169644723954,2.3791131986853786,4.333841338228739,9.953700683044687
extmatch,2026-03-20,-2.063071102811598,-14.58885994131055,-18.308280976152393,-9.395807695898483
extmatch,2026-03-20,-5.614353594021115,-8.35579952854345,-7.678658791469006,-3.8064514252186377
extmatch,2026-03-20,-1.5034013611734731,-7.759458372210282,-9.602334476231633,-11.930169212896825
post,2026-03-20,0.3197904798795337,-6.092770536787784,-4.974075706552394,1.2454878689866389
post,2026-03-20,5.628783479316746,15.777952421853536,12.806230852421496,15.904846868372147
post,2026-03-20,8.806706953783294,9.892426797938514,27.50014330355515,17.253400636788886
xname,2026-03-20,0.5913783257202931,0.11633659612504399,-0.27144702761467965,4.632360436261851
xname,2026-03-20,0.19978355138436932,0.5266963271001401,1.0897233395070094,2.8332722304455826
xname,2026-03-20,4.914289202008937,8.34285191127233,-5.371431623186385,0.9714290073939758
extmatch,2026-03-20,2.519843939973865,8.788938543645596,13.080321278121598,18.624005909634555
extmatch,2026-03-20,1.5273449080275059,6.322874877176643,8.507144616684625,15.174902211183738
extmatch,2026-03-20,-1.6070856030232616,2.4488879784365203,8.964684419820701,11.419044009436519
post,2026-03-20,6.424395525224136,12.754703439851767,13.715115944017974,-1.0610056462468265
post,2026-03-20,6.7751355866485286,-4.610864389301151,-13.879634868339775,0.019605195514404983
post,2026-03-20,0.8446022962638411,9.276405599275272,9.37222856072244,24.372756518381866
xname,2026-03-20,3.3435420718307407,7.641893088973384,5.133416688622305,12.206402315672872
xname,2026-03-20,2.5275723097357927,7.240615976447429,3.216909498562348,7.09252508475966
xname,2026-03-20,3.1103093932446146,4.31260940891125,1.9341404623841374,6.534241825382336
extmatch,2026-03-20,-3.936618412020554,-4.0356550946940235,-2.8967521332648793,1.6093130371413134
extmatch,2026-03-20,-7.853360413207788,2.6189466474315415,9.87803512468628,25.664236830667765
extmatch,2026-03-20,-0.10492419189609414,3.0430217206586674,-33.26337553283927,-25.28856154186625
post,2026-02-06,-12.880221677279202,-7.279866143706126,-1.047875335133741,12.140888794847427
post,2026-02-06,3.7411326776123355,6.144183685491433,14.333022247644278,19.026495896283556
post,2026-02-06,-0.4854409600848042,1.7475731527875293,4.104445512894528,18.28924410199553
xname,2026-02-06,4.787501135603911,-4.885198014381986,2.39374590891408,-6.106497517977482
xname,2026-02-06,5.792166255817688,-0.6814303685325762,-4.940374233506595,-5.962519786305465
xname,2026-02-06,8.113131111793969,-2.084113717158309,-3.088946400381787,-0.18608538462034918
extmatch,2026-02-06,2.2260260326953496,5.085611863708195,12.87670624414976,11.746576080672998
extmatch,2026-02-06,0.20629663118347796,6.3434836941852035,11.964929179228223,3.4038157204092423
extmatch,2026-02-06,3.5174366078419617,-3.6755273731386096,-11.560119606835528,-19.35579143869004
post,2026-01-16,-0.07644066789618265,-0.9853026658495412,1.1976552456095746,11.424446183415471
post,2026-01-16,1.6337733637511453,5.674808314130297,-0.06313880392477822,-0.7498058689333176
post,2026-01-16,-0.31640312870758747,1.881301881676123,9.209845724749632,8.34616169979192
xname,2026-01-16,-0.4603843017679021,-0.9905109262427603,-0.2092705434552311,-1.576446660250197
xname,2026-01-16,-6.961756436731282,-2.965196622133126,-7.821228578533801,-4.42630432974439
xname,2026-01-16,-3.225350217761236,-0.19555828437674005,-1.7544407907397641,2.5694412290541147
extmatch,2026-01-16,-0.5237007527613469,-0.9095866247540663,0.7442129736722869,5.429992522015481
extmatch,2026-01-16,-2.753441154506886,-4.319762930357807,-1.491886729457248,-0.05671186862904465
extmatch,2026-01-16,-0.4656400787728554,1.3112049140398874,1.42893800001338,-1.0489780204568477
post,2025-12-19,4.074352207431109,4.353205210221067,2.7885300278996272,5.670022991885992
post,2025-12-19,0.14845575137938383,-0.2820659276208448,0.38599639085539206,0.07423931295866826
post,2025-12-19,-0.4775156960655891,3.4812002040197854,3.7584639370833006,4.158967863087448
xname,2025-12-19,0.726385766099491,0.0,-1.5334990217333866,17.35270023369253
xname,2025-12-19,0.11270354456465181,0.8757403513391937,1.2395506056464667,-0.42175338041229304
xname,2025-12-19,-1.175783422976473,0.4997006662488701,1.734274381684342,-5.085242560135028
extmatch,2025-12-19,1.0680235668493632,-4.017825467006486,-2.3140664444674885,0.71199648253224
extmatch,2025-12-19,0.05202599380658146,0.44868000832254396,1.716625491625945,4.070501231211154
extmatch,2025-12-19,-0.0005333824045106184,1.7794970470616622,4.337876007669639,5.956096678843181
post,2025-12-19,-6.103669600814832,6.133672376415467,7.564535771623082,21.718020373153223
post,2025-12-19,-2.1526730511653547,6.713631617861537,13.529483928654784,22.11746235177696
post,2025-12-19,0.8429406828801111,2.7042215303144657,-0.39602933665864315,13.079873866540147
xname,2025-12-19,0.4692894667784886,-0.8092998605586876,-0.7587202272224425,-5.5836553518534675
xname,2025-12-19,0.08360058109255775,0.38455109132442544,-0.5350295635796143,0.0
xname,2025-12-19,-1.247349301742351,-1.8312065316363757,-2.282379520664257,-3.7420377812959593
extmatch,2025-12-19,4.332879549513935,5.845952839825741,5.914732946966206,0.8253407318137729
extmatch,2025-12-19,1.5093388377755979,1.070261303632014,-0.027437765944027248,-8.534568915638763
extmatch,2025-12-19,-1.6926201235734628,-0.3159629880537418,-0.4513670881084897,-0.2256878486098124
post,2025-12-19,-0.9456226530724865,-0.3608344546563558,1.402884544013272,15.64016284084573
post,2025-12-19,-0.0176869196174545,1.4569206931971168,-0.7195463993725948,9.269485758505347
post,2025-12-19,-0.43371251276912437,2.2182741961392027,17.461789960251362,13.202989745222183
xname,2025-12-19,3.26042780131508,3.567053989976987,2.565415198465626,1.1856129451428998
xname,2025-12-19,-4.184917574606817,-4.560383579995609,-3.058507622591311,4.646435084139378
xname,2025-12-19,0.4519086477267287,0.2905105032851685,-1.4525463597161115,-5.0677847579815865
extmatch,2025-12-19,-2.2053919148653067,-4.606005645260858,-6.5242394679842945,-17.470711741972167
extmatch,2025-12-19,2.922137310693129,10.1196306678907,10.256911884835196,9.923509299923406
extmatch,2025-12-19,3.2356019370670897,0.5882925990827959,-1.7600583804287195,-14.789274494557226
post,2025-12-19,1.0280346363380932,-1.431831769033165,-3.779029807470846,1.818891533661815
post,2025-12-19,1.9993433451286569,2.4318864488166003,2.4201375730551478,10.344865482895482
post,2025-12-19,0.0010473664449728304,0.842472190983945,2.556615105795834,12.260707900930123
xname,2025-12-19,2.797026883895626,2.6255057464927845,2.3352455951999307,7.295986554885681
xname,2025-12-19,0.8446869363234022,0.9050224096956994,0.8891390430305401,-0.0857352927922772
xname,2025-12-19,1.2064976245321768,7.238985747193016,11.972157842442543,6.264503152037548
extmatch,2025-12-19,2.395976585857529,1.549535403524649,-7.245250210149989,2.174802465671055
extmatch,2025-12-19,3.6674145737125796,5.334437202415265,3.6965823883534865,6.692729115984752
extmatch,2025-12-19,-0.081452776284896,6.049161315871365,8.929358187423976,14.393596017311117
post,2025-12-19,-1.2759442252049835,0.44232663916035087,-0.720193399141511,-7.156626618618011
post,2025-12-19,0.3677059912735592,-0.24325842856660618,-1.5443858801520882,-3.6770944407408357
post,2025-12-19,1.2947567597561216,-0.6380862290797817,-1.0531513861516295,-4.6090958529310555
xname,2025-12-19,-0.9260115135686586,-2.68543482466983,-3.7688651378395943,-1.509397618860342
xname,2025-12-19,1.342759657497039,0.5680932763611368,-0.2711327408766895,2.5241300751567053
xname,2025-12-19,1.9946459473562772,1.5081501749064419,2.359522519662205,0.21891645744642751
extmatch,2025-12-19,-0.13823348622815645,0.1382539915910197,2.1902188188787974,2.6995583623296238
extmatch,2025-12-19,-2.6389794148121037,-3.8569662482691225,-10.758899580180781,-11.992504989664454
extmatch,2025-12-19,3.8995955870198884,3.2074709484031905,5.735114179831635,6.903130641463617
post,2025-12-19,0.3010661148669769,2.1549673891902987,-0.32483063197357165,-2.6461740900017516
post,2025-12-19,-0.8027898040286252,1.9871246040596757,-2.3289084661167525,-3.115803628074698
post,2025-12-19,0.3345247087064296,-1.2728469083170157,0.2284572804147622,-0.12238985212311704
xname,2025-12-19,-1.1875434371497184,-2.191842138679123,-3.077559751644221,0.5084380741132932
xname,2025-12-19,-0.9952845396567045,-0.8643176454300461,-1.3968941573643368,2.165060268955288
xname,2025-12-19,-0.6896578032394962,-3.9999994738348588,-8.896551461055358,3.3103416705953626
extmatch,2025-12-19,-0.5495778084952496,4.236094011671199,6.679645593932126,7.085884859283742
extmatch,2025-12-19,-3.773802483979949,-15.36544097082394,-16.831289322232546,-38.647147064637124
extmatch,2025-12-19,-0.2113938038960428,-1.3644326730009815,0.07045756011943016,0.9416345034400253
post,2025-12-19,-5.467457065920856,-12.210650020802516,-13.169234236316562,-12.426035502958577
post,2025-12-19,-0.5847581720141326,5.580124902661687,-0.46980153927800306,-10.220661979073686
post,2025-12-19,0.10069072284062397,0.14600039578744894,6.356198867212082,-7.650098086453749
xname,2025-12-19,1.6628813454808267,3.9304699691892875,5.139830502915332,11.489044692154948
xname,2025-12-19,2.9630793401413946,2.0900772420872515,2.5445498586605053,1.6792504206882608
xname,2025-12-19,0.6013688730618805,1.1894431963201502,1.5814927451589966,0.49505385844563765
extmatch,2025-12-19,-2.263953594030299,1.7581887577657662,-3.9017349068107054,0.9672275099565697
extmatch,2025-12-19,2.032729012862289,2.887518643025544,-3.221102843172241,0.9277591856740708
extmatch,2025-12-19,-4.140229715060217,0.37301630806556574,-0.8205736210483483,2.0514871985807925
post,2025-12-19,0.601214473907663,-1.1627533093973796,4.756432155296286,5.463065546910717
post,2025-12-19,2.652515614220974,5.220717852486212,2.7863301855219236,4.67994698509373
post,2025-12-19,-1.4404529616522277,9.016508729567096,9.313248752658488,11.21201826785596
xname,2025-12-19,-2.7421251767820176,-3.337227792673314,-4.224031457344212,-7.72461544582087
xname,2025-12-19,0.46066184859518966,2.983693318900027,2.4592495184992513,3.132528687279179
xname,2025-12-19,-0.20579882201315902,0.43216362175588774,0.24283527852679843,-1.5249476559841546
extmatch,2025-12-19,-0.16201446150818644,3.6543668472772906,7.560762327581294,11.323136514358811
extmatch,2025-12-19,2.526745873247749,3.6770170526255086,2.8411433290998156,-2.499910352956236
extmatch,2025-12-19,-1.709870271881886,-4.633195168905568,-10.81080626144817,-16.54715491006582
post,2025-12-19,-1.7530022922817246,0.11872584232384131,4.94237502837378,6.765215006648084
post,2025-12-19,-2.12143739390106,-5.427380839660023,-2.88763345232671,-12.487457009855362
post,2025-12-19,0.3087986400899023,-0.967410363383514,-4.312332192112011,2.2932914078242606
xname,2025-12-19,1.1841352621176915,1.57886016576394,1.6646613515955089,12.030207277255522
xname,2025-12-19,1.5872940014224568,1.5761313802956423,-0.8048266900660739,0.6818757095049088
xname,2025-12-19,1.4102869711008381,1.7988309011445436,1.525409047246029,7.367979026580973
extmatch,2025-12-19,0.7719509065617247,3.0559206117513282,2.5837592406993792,1.6319460486332593
extmatch,2025-12-19,6.337262860594639,0.4296451133207757,0.10740359566956403,-11.922669820859822
extmatch,2025-12-19,-8.410097366552671,-2.9163734574592426,-10.263951574092456,-9.269190245265179
post,2025-12-10,2.8981294212069297,2.043316146792362,-0.5152172568757329,-5.433249740704483
post,2025-12-10,-0.9102082217541274,-0.9160952466862771,-4.145874729857402,0.2994873282020194
post,2025-12-10,-0.5880356402115372,1.248055345600707,1.2420400960431621,3.2341391841597567
xname,2025-12-10,9.45522427097547,5.886031395395763,7.701948499355082,17.2197842108331
xname,2025-12-10,-2.4532502040872095,-1.8428376833291793,-2.770050639790378,-1.2208369329779423
xname,2025-12-10,-1.5900389783912838,-3.9974433150074096,-2.177523784255586,-0.6577232941237909
extmatch,2025-12-10,-1.0470571483623403,0.1154649888339021,2.3250282576094516,1.8421783081183696
extmatch,2025-12-10,-0.17723584817681548,0.9473188473374972,3.770931642264297,-2.34689918865989
extmatch,2025-12-10,-7.617835479165802,-11.405733558935715,-9.090903597624845,-10.016856299678366
post,2025-11-26,-2.09040533111825,0.31526296360655515,15.24396597685116,18.464452748373095
post,2025-11-26,6.106466552724332,16.54498908173636,20.910892818793258,33.07546671067565
post,2025-11-26,-2.319537284931472,-5.066985808563562,9.610071276637356,55.67685833344977
xname,2025-11-26,-1.5307192605710895,6.2034197818746195,9.72809238251462,6.042295886811444
xname,2025-11-26,0.03376937988737172,0.6676356825907614,3.392736296321175,2.8887583461424393
xname,2025-11-26,-0.027163816676878394,2.513072781099135,6.527202940449484,11.30204433371178
extmatch,2025-11-26,75.72078384791226,28.90743078697955,10.091046228456957,-3.110772670096995
extmatch,2025-11-26,3.400992072418574,7.1859649269651715,-7.240810356390659,3.78497285454662
extmatch,2025-11-26,-6.535001278831221,-14.305235584508003,-12.86574230703258,-2.757537075312466
post,2025-09-19,2.4912120914420077,3.9264171909143553,5.644819762255815,8.932814623956586
post,2025-09-19,2.382300321925146,6.207133341008908,1.4257112482412237,5.3262781684507265
post,2025-09-19,0.8282747196989959,0.7497509884433651,3.624096165019597,3.7872824132357596
xname,2025-09-19,1.2716376444466215,-2.861177962637662,-3.567644817856286,-2.861177962637662
xname,2025-09-19,-1.8724452040794426,-5.217391673981053,-4.204551761712327,-2.5211388355213304
xname,2025-09-19,2.2264448929046887,1.3304312772430382,-0.24436640812763866,-3.977735758222578
extmatch,2025-09-19,1.314533335045076,-1.4183272572332872,-0.5361934201856489,2.9058203914773317
extmatch,2025-09-19,-2.0977218581061163,1.1870465638553318,3.5799638318079197,9.804029247016777
extmatch,2025-09-19,-1.7028180040712826,-3.2029227091170065,-2.7772201413533537,-3.4867244209594417
post,2025-09-19,1.237756101621157,-3.46143680554587,-6.512667396737171,0.5972844934979404
post,2025-09-19,0.5129665335797506,5.684190017519164,-2.4816317533445154,-5.864405779300952
post,2025-09-19,-2.821618586949526,3.8343384369321054,1.271132432825306,-5.748006808587547
xname,2025-09-19,1.059139377669993,2.4271918878062237,1.5887133853978774,7.899393290565349
xname,2025-09-19,5.555556489980695,3.1746001043491345,9.523808722873683,17.10757984373197
xname,2025-09-19,2.296706341193011,-3.4936771399090683,-4.24178816983225,-6.007330657061704
extmatch,2025-09-19,0.3812168184564868,2.668509298925237,4.817680232432675,11.46408839779005
extmatch,2025-09-19,3.8101583781467774,8.514367301159709,9.583884995037506,-0.125335499244994
extmatch,2025-09-19,-1.061692731752295,-4.611797139137197,-3.185121871217933,-2.0238741538328497
post,2025-09-19,-2.9044598598225946,-16.629979461348665,-10.565412349422164,-14.456963623970609
post,2025-09-19,-5.568069155049427,-5.754949921555907,3.452303903771181,6.343965508022897
post,2025-09-19,-1.051709680725299,-8.757095936589055,-2.6383536953488274,2.4666494885201784
xname,2025-09-19,0.31492655647247236,-2.682882528434516,2.1008526551508977,2.7227372557635743
xname,2025-09-19,0.46191719840478207,-0.9938339928824313,0.10498856496388154,4.878215971928257
xname,2025-09-19,2.241060365916736,-1.0340471389528982,0.18674965887541806,-2.358645076058341
extmatch,2025-09-19,2.449491143836058,4.150708489117516,-3.6054654817674003,-1.7486971291470144
extmatch,2025-09-19,-0.5896068879424732,0.8227046093656876,1.8922216476667586,1.6042755574515954
extmatch,2025-09-19,1.2019205533638333,-0.34399943437246616,-0.5719516287277515,-2.8017218754296414
post,2025-08-27,-0.2240745291528623,4.081312824376493,4.817534932474765,10.131239273288761
post,2025-08-27,2.6670970203118705,3.2776243247796266,-1.8155482857466931,0.016064402373761055
post,2025-08-27,-0.7336450139853068,1.993629935028518,-4.051027727439916,1.5948990601924118
xname,2025-08-27,-0.7068903745403143,-0.7775674140638955,-6.149862272987616,-3.086707566688651
xname,2025-08-27,0.5981263501905199,0.14035538407244363,1.516993746879769,2.0983784619643675
xname,2025-08-27,1.8660581333161286,-1.1588206211720187,-0.09372430427840861,4.601231732511257
extmatch,2025-08-27,2.660881783175939,-0.07474722342796225,-6.629793164239439,-6.689601475704698
extmatch,2025-08-27,6.961472320870321,9.036782062250337,10.122622046848173,11.934510349273442
extmatch,2025-08-27,1.2319057474463602,-2.6794037437740226,-6.375120986113103,-0.10235431197762601
post,2025-07-25,-1.1312180397717309,1.891245465176583,3.9161112784016128,3.389940614954434
post,2025-07-25,0.08460885974610477,-0.5425276072840046,-9.631185429453703,-16.475043841256532
post,2025-07-25,0.9455969721225754,2.9516700883286173,4.579975705299799,4.029386490827824
xname,2025-07-25,-1.1257025072867521,1.4305830653920104,-1.3719490920412025,3.2950253269421026
xname,2025-07-25,-1.2842531734760132,-2.039707010282621,-4.829471064664159,4.413993581270614
xname,2025-07-25,-0.8304282487874404,-0.4982630763116003,-0.3479851875152762,3.899094527775926
extmatch,2025-07-25,-0.57234919133764,-2.4642360425413568,-1.875991673720745,1.502382089212695
extmatch,2025-07-25,0.5580963531645722,1.1490385983186968,3.217312228619029,8.79841420448808
extmatch,2025-07-25,-1.0231228845283047,1.1359198254216052,-0.974775757233215,-0.5478103927896383
post,2025-07-22,-0.210550128118836,-3.9014139326506103,-8.310625788960591,-9.103292876626712
post,2025-07-22,0.08782898055776922,1.0915969634817113,-2.6474287216369796,-4.479297153728378
post,2025-07-22,-0.4253050872989994,-1.8945658727795744,-1.881684693107366,-0.8248478152535932
xname,2025-07-22,0.7219405119421207,0.5942140439404442,1.17176471772642,-8.235671085555207
xname,2025-07-22,0.14785034189308544,2.188048877515736,0.6948423647145097,-0.26610984180556185
xname,2025-07-22,1.5529004087161624,2.0223903276436195,0.8847926698097641,2.5460532498879695
extmatch,2025-07-22,4.479891841472194,1.0739361219778143,1.2887206434913479,8.131323308073558
extmatch,2025-07-22,0.4303421036711219,-3.3630866335723097,-1.243230113367766,-4.670067304415449
extmatch,2025-07-22,-0.32124783252036604,-0.6084205493149253,-0.627886739009198,-0.9101947651323661
post,2025-07-17,-0.2244113043639584,5.510532626101172,7.393093595389066,7.318292997859377
post,2025-07-17,2.0461801074173502,-2.158816437012634,-1.3891527540975446,-1.9710892210204944
post,2025-07-17,2.1436772499798584,-38.16419449336904,-39.25883430850976,-40.102621884584046
xname,2025-07-17,-0.4961447598737845,-2.075984350326987,-1.3578709176909953,-3.1205111684619036
xname,2025-07-17,0.6901991911592686,1.4596030341900823,1.8443049557054891,-0.18103409421785788
xname,2025-07-17,3.189545675040839,-0.3660114762050637,0.17254997702205177,8.590845843545747
extmatch,2025-07-17,0.8906459831616642,1.2139638232897765,2.9739209450926563,6.2772567299473225
extmatch,2025-07-17,0.13445964843967761,1.4214326627912444,-7.587400420173573,-13.196316875447945
extmatch,2025-07-17,0.8498575533404162,-0.5311601265793331,1.9475961362141359,1.770538257976062
post,2025-07-08,-0.6142586744410039,3.4163827518076673,3.713165094537829,-8.247634066244569
post,2025-07-08,1.0409900163062646,1.4486464030710966,5.568908369507741,9.077674647993717
post,2025-07-08,-3.12901111423719,-5.029285255755866,-2.5717895089336085,-11.044434602330199
xname,2025-07-08,2.7257216163893982,6.1328715975994985,4.258939515789262,10.732533452905635
xname,2025-07-08,2.085450665997768,0.37360761353524286,-0.40079584931104195,1.178588771973832
xname,2025-07-08,2.0910903741212516,-5.6446363935150785,-2.796665029535883,4.400257138500274
extmatch,2025-07-08,-2.4898409570317193,-0.6997508598562074,-2.6851008151827505,-4.410087647844641
extmatch,2025-07-08,2.930809622394648,3.300391177148243,3.7301195220237338,0.8164985008570769
extmatch,2025-07-08,9.53480320330704,5.37416881315762,-6.992186402733747,-11.412875548816858
post,2025-05-16,-2.143221161718989,-2.976913077704857,0.6724632345021408,-1.4196392723521356
post,2025-05-16,7.77059045306927,21.663714052400685,26.731485241360886,44.406897342131636
post,2025-05-16,2.8951709306193063,4.398036702449426,-1.2899238066542695,26.281739859387955
xname,2025-05-16,-1.7851744817176773,-3.1164865448525925,-4.266262874315019,-2.3298047671366784
xname,2025-05-16,-0.2828053567812683,-4.9964494739000775,-6.198432230913586,-3.110988135317594
xname,2025-05-16,1.544077898302465,0.8915525602182894,1.3567117205844692,2.396874686607653
extmatch,2025-05-16,1.4219729436787176,-2.446946408209305,-3.233720185250999,0.6712920309224435
extmatch,2025-05-16,2.0437941353976585,-12.773722627737227,-18.17518545183242,-25.656937276649938
extmatch,2025-05-16,-0.4898306843658662,0.48982349767194844,1.3941180072390091,3.240386862608524
post,2025-05-16,-4.310872064616622,-5.046871677431353,-7.1497382187753145,-0.9287633261219619
post,2025-05-16,1.3998811764912134,4.074146694442238,10.185359370403347,2.3073946200026896
post,2025-05-16,-1.6978904868978462,-1.8178473477664103,5.582721481064179,3.9678834671792007
xname,2025-05-16,-1.835810736837773,-6.229377018314208,-6.146863099588417,-9.5503423272012
xname,2025-05-16,-0.12408514912425339,1.013342328829503,0.5997330540227663,0.7651720305809961
xname,2025-05-16,-0.4975143262281545,-3.880600357423847,-5.422886228364288,-7.611943570190283
extmatch,2025-05-16,0.030300323353671388,-0.46955100629546553,4.225993725221366,3.5292365185228824
extmatch,2025-05-16,4.701627749780091,-3.4157137779858515,-5.384770505377256,-0.8639748869214703
extmatch,2025-05-16,-0.15254556846553413,-2.38524643758804,-2.9122153048763533,-3.0370301246286036
post,2025-03-21,-3.4298047574844226,-8.56699404454937,-8.662128452843454,-17.00881284452034
post,2025-03-21,-5.197526971660027,-0.027589411963302446,3.5974336879601276,13.159341272270119
post,2025-03-21,3.744108047150174,-10.558049939787084,-9.13825147257521,-0.4769187182985135
xname,2025-03-21,2.1695111559757674,-1.4752627307936028,-9.401215009228325,-16.89326064258615
xname,2025-03-21,0.9615276273656326,1.5902349510239944,-1.6642013574960757,-9.097632661374345
xname,2025-03-21,7.654675819890966,-3.9999982435926285,-16.143886648493712,-25.208633752177946
extmatch,2025-03-21,-4.115995345760027,-0.4365431586550117,7.265362810186504,-0.4053606548290123
extmatch,2025-03-21,-5.473689029091277,-5.999996787623352,-1.3684222572728166,9.578945762232728
extmatch,2025-03-21,-2.5403192747891157,1.3709683993852861,-1.088703865811247,-7.7016125248820515
post,2025-03-21,-4.108028926413187,1.1861760816442857,5.280806376076597,11.533306208593697
post,2025-03-21,-1.5724418863602652,2.7695112833782343,4.9228023570666135,4.9228023570666135
post,2025-03-21,-2.3226110996028226,-0.2760133587567881,-0.3904755915220659,4.537510949348844
xname,2025-03-21,7.285397697748497,1.7950894616232338,-0.5347132340669414,-6.597921742214763
xname,2025-03-21,4.7594963749752806,0.7088576691060222,2.8860744041732556,-12.101262732397156
xname,2025-03-21,3.448847626149698,1.215314301885262,-4.89406645014121,-16.965016487227313
extmatch,2025-03-21,-1.6493087924336347,-3.66634214366246,1.9119732373779952,5.977504164785308
extmatch,2025-03-21,2.6345880589490944,7.521952169465185,3.8564345486302054,3.0164146318034213
extmatch,2025-03-21,-2.4492518521711637,-8.887310563699312,-8.654055744475608,-4.921846469671076
post,2025-03-21,-2.25218409126432,-6.023539450382009,-6.088559796112724,-17.70998471509795
post,2025-03-21,0.4870208883881011,-12.169509728027517,-8.228984525412308,-8.121460817821902
post,2025-03-21,-0.962597456506531,4.791317262703787,8.605687096964964,15.336515768789138
xname,2025-03-21,1.6626025046603488,3.502544879138969,3.502544879138969,-1.529599716405039
xname,2025-03-21,3.017866530536306,0.8523303925234149,-4.899295748935451,-17.589494739383372
xname,2025-03-21,-1.486987397850048,-1.6728652541533107,-7.434945852394259,-19.888478604104453
extmatch,2025-03-21,5.247743099736968,3.9526963808662385,3.4684618196070938,-2.364871656920575
extmatch,2025-03-21,3.9076657457175035,4.689200281519379,6.270448444630339,3.0716078019779713
extmatch,2025-03-21,2.657434651960666,13.728785238117847,9.551663938911293,11.982330150389252
post,2025-03-21,-2.915608884385257,-12.12786789899074,-8.843424635149455,-8.009136917483229
post,2025-03-21,1.1857064261330486,2.827431440715178,0.8299908672827927,-9.202846537817122
post,2025-03-21,0.753126716443675,2.112668871969481,4.763292073658265,5.9761307394586405
xname,2025-03-21,0.02869466017743072,-1.2632866424045486,-3.5601560718915626,-25.724954522627964
xname,2025-03-21,-2.107472327438842,0.0,-1.1091975373872853,-10.537351658537553
xname,2025-03-21,2.600623760340226,1.5479793899932703,-2.167174923761439,-16.59442519390354
extmatch,2025-03-21,-0.2546882319194532,1.528108338552725,5.2789991420917115,8.288941404337958
extmatch,2025-03-21,1.5090339728168312,2.0917310564790403,-5.0649894204071515,-9.726583341853978
extmatch,2025-03-21,-2.6845300440375475,-1.9125392774365202,-0.23906550974068796,5.139957857835631
post,2024-12-20,-1.5209112056204788,-0.12441028636610563,1.592746836457004,6.463869950236956
post,2024-12-20,0.03449675944158237,2.43015301002385,4.794754808255597,10.37771372489944
post,2024-12-20,0.33355765366909207,0.7827190628173941,5.275935682384181,9.466949773242273
xname,2024-12-20,-0.65605977764851,0.9212781514969404,-1.6889992947815347,0.530426098067327
xname,2024-12-20,1.5889394478366459,3.182153664256626,1.5396136631427915,-0.5039182170391565
xname,2024-12-20,-0.8203559856075016,-0.4132313036736668,-1.1806590927162852,0.04682157482507332
extmatch,2024-12-20,-6.81047977252941,-8.352811002989203,-4.561988309109544,-2.030670360633524
extmatch,2024-12-20,1.57951606672031,-0.4851650454350209,3.7088979926605647,8.161731173913322
extmatch,2024-12-20,2.222375492005746,1.553621758490209,4.580671407379011,1.50752781943988
post,2024-12-20,-0.291330264349543,-6.312208207832192,-8.727840558059018,-18.353964094797504
post,2024-12-20,-0.5817728784749288,0.38344694705676474,-9.784469344470248,-8.449027663239338
post,2024-12-20,-1.4216637446560432,-3.40026319900284,1.4802791398855986,15.755531981675585
xname,2024-12-20,0.8724574877047031,0.04153439788812108,-0.29081636337711103,4.902377369816202
xname,2024-12-20,1.6004216084261946,2.061749172264782,0.3531173124156961,2.2497015310282142
xname,2024-12-20,1.0692833045792494,2.444095038627414,1.4442429924133249,1.888644971706177
extmatch,2024-12-20,-5.17552819855921,-3.9449811015087155,-0.21715333972061046,-4.560254650033957
extmatch,2024-12-20,0.1026700114888035,-0.3080100344663772,-8.110865219827467,-8.418880728276124
extmatch,2024-12-20,0.5025071230982281,-3.0741970417886955,-1.0050255222740834,-0.7685548984859847
post,2024-12-20,-4.782513047376802,-15.416830183110585,-16.240433329510616,-8.451055232744887
post,2024-12-20,-5.212795332328513,-9.967303529183901,-8.852379720074499,-12.773371646068066
post,2024-12-20,-1.1426012678456998,3.1564669386168864,10.642142446149872,6.6234550534145065
xname,2024-12-20,0.525856821219417,1.1874402485945623,0.6446090528675175,-2.6972089600897697
xname,2024-12-20,0.3437379902872184,1.6470947162781968,-0.9309675289601693,2.649668407629968
xname,2024-12-20,-0.35421442962686456,-0.9324912662949991,-2.316227227810974,-1.1848222818902188
extmatch,2024-12-20,9.523813976070649,4.971989155627554,2.2409009417533987,-4.551818142051401
extmatch,2024-12-20,-3.665281684460564,1.0200555861538785,-0.8817398343495375,0.8990326009541194
extmatch,2024-12-20,-0.5147550503503351,-5.216192801139852,-4.975974214007406,-0.6177086786066432
post,2024-12-20,0.01219462573043284,1.9105678651391012,1.9186996832126546,9.930891331618398
post,2024-12-20,0.3970775153039341,-0.8576888871977717,-0.8457709875303698,-0.8735693218842377
post,2024-12-20,-2.3989468165291905,-1.5075764089646393,-1.2944217159600369,-2.8407556740425055
xname,2024-12-20,-2.4371545504349057,1.0626399562866151,1.748101232148791,-0.26472997016684374
xname,2024-12-20,-1.084745204088866,-0.6779616327109106,-2.9491495816709734,0.27119124483576673
xname,2024-12-20,0.013451131347719247,1.8133125497479474,0.7924998190983912,2.9550210065146576
extmatch,2024-12-20,0.6260940808059168,-2.8049042195039564,-3.8943092888529707,1.2146356176249595
extmatch,2024-12-20,1.2302190375797828,4.217912320298001,5.096649442867207,13.181024503495408
extmatch,2024-12-20,-2.785213392132335,-6.606508666296806,-0.1782624070170269,1.5931400622863467
post,2024-12-20,-0.23607559651007692,-2.715759376174298,-4.03648457129685,-3.1570599486465456
post,2024-12-20,-0.9741511051884588,-2.3185202729501087,-1.4362855144762765,1.4286274873322125
post,2024-12-20,-2.4793398251164,0.34208820870678114,2.7638703037764722,5.924197697532341
xname,2024-12-20,-2.0744064646388005,-1.6212988515806992,-3.7885290860027565,-2.7240090211080314
xname,2024-12-20,-0.19275993482988918,0.5301226116635416,-0.19275993482988918,-2.8300548505684198
xname,2024-12-20,-0.7400340939885841,-0.04697007086765792,-0.9338660645212049,-2.783970223775867
extmatch,2024-12-20,1.603041729577237,-3.311532483338675,-0.5906061578065502,6.686359369108308
extmatch,2024-12-20,-2.58291899879467,1.777848185129316,4.40689096597684,6.10926736124684
extmatch,2024-12-20,0.24383210328662308,0.5944162650738383,0.868754213412859,5.852743244556047
post,2024-12-20,-2.2140223439424234,-2.595733200636885,-0.692994201646091,-6.430600468608871
post,2024-12-20,1.3608071193829563,-0.25920047701305515,1.184068613085465,-2.8689178643143354
post,2024-12-20,-0.2745173767662479,-4.769809988453877,-5.141544242012586,-11.129553652756796
xname,2024-12-20,0.1736972687155447,1.3346794529632833,0.5119349469549617,2.139570206467356
xname,2024-12-20,0.6890060550600818,1.2440308110872156,1.5885299956474475,4.574163975370871
xname,2024-12-20,-0.9742633274267609,-0.08699551091284619,-1.6005513607956767,-0.7828921022803748
extmatch,2024-12-20,-2.101736275974775,-1.0866796441799775,0.8478623552052422,-3.2959058745006264
extmatch,2024-12-20,0.16924081269313884,-0.3966624271648178,3.2115650673655516,4.868836851081837
extmatch,2024-12-20,2.177789090967863,6.917050981175987,8.014051114015274,9.716290424761631
post,2024-11-25,4.130383089997403,-4.448383585365301,-11.608617657296394,-23.130716791675177
post,2024-11-25,0.17631555901524987,0.5681579711969809,-8.399479687073308,-4.322981412548033
post,2024-11-25,-2.9742279568229724,-4.386416345922806,-13.035319540208434,-19.702870481244105
xname,2024-11-25,1.323958897666122,2.1210380142936636,0.9456865203614884,0.4187844309233135
xname,2024-11-25,1.2545895188877054,0.9373444580528023,-1.1248089488301916,-2.0260995811727023
xname,2024-11-25,0.6511729541587963,0.9025880951265997,0.4100657104059602,-0.6308498129620643
extmatch,2024-11-25,0.39947299889104837,1.3792607148572333,3.0147673212658654,3.8890591751891357
extmatch,2024-11-25,-1.293244338630084,-6.565715000838246,-12.62849883674293,-5.692496359445586
extmatch,2024-11-25,2.2357718061570386,7.384824767516052,14.76964953503208,16.734412432604763
post,2024-11-15,-3.548091512132001,1.7001271828965825,-7.433247025819611,2.5191507485022413
post,2024-11-15,4.735422255738531,3.6230515124153095,5.8163682546599205,26.162648416469068
post,2024-11-15,-6.270803541336156,-4.767331313855028,0.41454512603891214,0.6656153215450988
xname,2024-11-15,-1.1940261734827096,1.845319764811748,7.462686876177926,6.540026993772052
xname,2024-11-15,-0.2639387485570688,-2.9897374690245004,1.809182869271897,12.011707705021735
xname,2024-11-15,-0.10779169285897172,-2.1211453203324515,-0.5389177420836999,-1.9573266519949062
extmatch,2024-11-15,-1.7467174168333433,7.041500049527838,7.1506538423440125,-2.019633990345604
extmatch,2024-11-15,-2.2959187867379827,-5.739796966844946,-4.846939660891292,-0.3826531311230008
extmatch,2024-11-15,-2.2500014462487172,-0.8125085569715917,-3.468755242651611,-2.156248372970193
post,2024-09-20,4.053076656823307,4.969837203080574,2.3642931826253433,3.594687180565126
post,2024-09-20,0.5961989076113339,-0.16260534094811874,-1.1924184910877766,12.33062072875395
post,2024-09-20,-0.022982849552533047,-2.5045959125063466,-3.4926480739329024,0.09191386743243601
xname,2024-09-20,0.3761679820235786,3.1478919133324235,5.959220424181355,3.623048687124042
xname,2024-09-20,-0.9788863212008447,-1.9691574649482457,-2.7203994396687303,-5.904615334114149
xname,2024-09-20,0.4856429455639244,-0.12668534210342752,0.57010558605739,0.8023606101408731
extmatch,2024-09-20,-2.6130389109463414,-2.1148571418720064,2.660017538687698,6.071987635569975
extmatch,2024-09-20,-2.663419365304831,-11.502199186501304,-8.013831406747373,-8.925209111897614
extmatch,2024-09-20,0.3268341137870667,-2.7430822042120107,-1.8559546771030333,-5.042605097650377
post,2024-09-20,0.3362529019273808,4.7568284695973295,3.1985674200456504,-0.9038792867889778
post,2024-09-20,1.9332369848721331,-0.844322659371477,-5.377856908691836,2.469704769832348
post,2024-09-20,-1.3974384134845308,-5.623016337062026,0.1663657668815377,6.246886326890833
xname,2024-09-20,-1.258177660582005,-1.0837779259357139,-2.8340099441113042,-2.6284653631197363
xname,2024-09-20,0.5129868979884211,3.8922779371604044,5.386347752261456,9.586404130039128
xname,2024-09-20,0.03487344877965981,-2.0346469060988026,1.5230581514990682,-1.9300172676072092
extmatch,2024-09-20,-0.8435893512669157,4.174460169829919,2.5220694094755025,8.848982908855852
extmatch,2024-09-20,-1.2324723563988615,4.889148871429039,8.020275626170005,7.368889848700855
extmatch,2024-09-20,-1.6962432031043861,-2.3558976647365726,-4.413377790804319,-2.387304361205045
post,2024-09-20,-1.0810473717179248,-1.0718784875954568,-1.0223131923898454,-2.3291515803168794
post,2024-09-20,-0.19852955479553458,0.16144148721628504,0.46014983813664756,-0.9455758095334943
post,2024-09-20,-0.7826803889608214,-3.7161589000119455,-7.81847151879237,-13.805842417732228
xname,2024-09-20,-0.4149400680496296,-2.477054257438205,0.5029567861417172,4.476295251145523
xname,2024-09-20,1.9425209463021398,3.421877169461962,5.085540532557409,1.4226139163893814
xname,2024-09-20,0.942807097025522,2.269829445066329,3.03830473656459,0.10675569618452396
extmatch,2024-09-20,-0.40177873610596215,-1.5178694422972483,-1.1160639405703332,-6.562493085547915
extmatch,2024-09-20,2.450276189802514,5.01585423474189,10.204639817202432,11.040665537961525
extmatch,2024-09-20,-0.44413781036759525,-1.0004930888037,-2.1278869554152258,3.7928967376608558
post,2024-07-19,2.383526447329465,-4.212130980217276,-3.3596384271607826,-26.69167827712402
post,2024-07-19,5.303844135965385,-6.252340138350698,-7.409459116881312,-14.839935109323243
post,2024-07-19,3.499084650740736,9.799064481700182,17.128067987861417,26.604420078144386
xname,2024-07-19,-0.7514661130481826,-2.866705703867345,4.787058724370752,-0.5287988075909578
xname,2024-07-19,1.0192900832914686,-3.4831499007452194,-3.519798901796156,-3.707375898697751
xname,2024-07-19,0.6255594451008761,0.022345379147914457,1.5638893484988037,-5.384272892294351
extmatch,2024-07-19,-8.724828300831566,-6.456371441369956,1.758408735308148,6.630885444929291
extmatch,2024-07-19,1.333328229489239,9.000000347989378,6.666662026808412,9.666671422521379
extmatch,2024-07-19,-2.987255298294722,-2.914393887701705,0.43715456666499897,5.646627300474316
post,2024-06-21,0.52621325497888,2.2433051703030227,-0.789309317634268,-2.0909708279575945
post,2024-06-21,-0.22919977833529837,-1.0556945817308039,0.9376344933849756,0.8403991872294236
post,2024-06-21,-0.23867161354457211,3.039440101222546,1.270530305553863,0.5264635439098164
xname,2024-06-21,-0.7009103512411574,-1.695033545107949,-0.12159592505041061,-2.546138971615064
xname,2024-06-21,1.4963362193934682,1.0729841011804186,-1.5401589395918958,-2.197092825383129
xname,2024-06-21,4.449985546408697,1.9579942362906388,4.805988561217056,2.6700002659073574
extmatch,2024-06-21,-1.8647922339502854,5.13391306825568,8.594870004861788,3.975143701957129
extmatch,2024-06-21,-0.3863010044548365,0.08412538035915684,-0.3672099784551075,2.8702460881606218
extmatch,2024-06-21,-0.3361392983458389,-3.0254375492874575,-2.5577404682439298,0.04385457126669934
post,2024-06-21,1.6293190977145988,-4.4112906818162045,-17.87138170855368,-31.013681296617346
post,2024-06-21,1.819284779705721,3.096984233908251,1.7903613970643661,-2.6132456736877585
post,2024-06-21,-3.823326329298782,-17.366210122690507,-27.142659862747387,-36.68879511586426
xname,2024-06-21,1.1099543332013573,-0.9477564504585145,-1.6564390822514152,-5.244270037928822
xname,2024-06-21,-0.8654875321081001,0.38396212570008803,-1.243149056100712,-1.2683322537790143
xname,2024-06-21,-0.12278754966229544,-1.0507390051442411,-2.9339460465196643,-4.639724862533912
extmatch,2024-06-21,-0.22607619860144368,3.820499374626962,9.833834628004933,10.704185425593282
extmatch,2024-06-21,0.1765071385647632,4.02760450146864,1.1553259567220975,3.4659713658681257
extmatch,2024-06-21,0.6665218224190861,-2.5411490860957175,-0.9998028136999126,-9.935426506738265
post,2024-06-21,0.2088584255704351,2.6542495063223814,1.5664348247232285,4.211983860762314
post,2024-06-21,1.487476570441748,-0.043496891607930355,2.5313077324980116,3.16630042310857
post,2024-06-21,0.07635752231887061,-0.9841395493297767,0.6193158993614389,-9.875290591546603
xname,2024-06-21,1.0572506413158322,4.042009959257586,8.328540269146888,7.307252699013667
xname,2024-06-21,0.24252065606304996,-0.3201441423417939,0.1843126301827258,0.3395365895512592
xname,2024-06-21,0.935720465649359,2.964085886249568,3.60339244229666,4.6088620522442
extmatch,2024-06-21,0.685501817031553,-0.45951081759063594,1.0847476018126079,-3.284369574652779
extmatch,2024-06-21,-0.44114116442469653,-0.9149601446574507,0.4411349317686275,-0.19606689484835682
extmatch,2024-06-21,0.09591009931446681,4.347819010490261,2.3017700463365154,5.498722117961186
post,2024-05-07,6.210339651548358,7.791529916103057,3.068773266390834,-11.505251664668348
post,2024-05-07,-6.239122585380185,-4.108702184194113,-1.5652198796929917,-3.8920081775769777
post,2024-05-07,-2.731727985730248,0.20193595136484,8.524635445319184,-0.8822465253189082
xname,2024-05-07,-3.20084100909388,-4.5357896391246655,-2.0327565692717764,-2.760921538312644
xname,2024-05-07,-1.4241518127363961,1.8611967812006691,1.778320088126617,1.2357843697190063
xname,2024-05-07,0.9311525962308442,1.699995816328559,0.770971178575719,-0.770971178575719
extmatch,2024-05-07,1.1852769661377272,11.499269623103302,7.028490449970071,11.145769584829424
extmatch,2024-05-07,-3.983836871912949,-0.9815247072131661,-0.11547608612053617,5.484992954262835
extmatch,2024-05-07,-5.20768855042133,-7.067572250635157,-14.548462501186432,4.897703992101632
post,2024-03-22,1.8976376108011728,0.39215443659570415,1.3924900386829808,0.5649758197123989
post,2024-03-22,2.246078752127767,4.461587040529191,3.2314991919255798,1.6990043340994854
post,2024-03-22,1.8590777530126168,-1.343552204065912,-1.8622930277504723,-3.75035741662606
xname,2024-03-22,-2.169684537889316,-1.0377188185224484,-1.711574196885557,-1.2100930128575604
xname,2024-03-22,-0.5155166505061426,1.5633366348184463,-0.9875627640351214,-6.557983733048234
xname,2024-03-22,-1.228064862571343,0.43859817901739095,-1.3157861714877095,-2.543859399623516
extmatch,2024-03-22,-1.2352704099055756,-1.7125246348308143,-3.060096201655327,-2.18980304044335
extmatch,2024-03-22,0.18149673504310737,1.8148728577928264,5.006042804220234,3.312144146629903
extmatch,2024-03-22,-0.8864589073371731,-1.6251721052171098,-2.728326254698832,-6.303701816295238
post,2024-03-15,-1.751825300967469,6.854838983591982,-20.57229502895891,-4.5687717972998865
post,2024-03-15,10.597559406211431,5.180399850272854,-18.77428236805685,0.8609483127651529
post,2024-03-15,-0.17266728720407576,1.1794428352118969,-0.9257970539011562,-11.367140266809251
xname,2024-03-15,2.0521392914787606,3.7997884953406835,2.685440770391301,8.281572022288387
xname,2024-03-15,0.1386064384210295,1.9491052265537379,1.5159661370500732,2.079034547677172
xname,2024-03-15,0.5532474828577216,3.042880683018123,2.120801544921913,7.030892482584816
extmatch,2024-03-15,-4.7288160661491325,-2.353382653717351,-4.875899676566431,-16.624381204090376
extmatch,2024-03-15,-0.5529992396974603,-10.645167244584497,-8.156683850383006,-6.589862925802381
extmatch,2024-03-15,3.6805897095547158,2.7604281517969786,-1.478811753850906,-5.044339886890836
post,2024-03-15,-2.3660084361100786,-7.752801848029501,-8.264703631445547,-8.84523597510347
post,2024-03-15,-0.6781063759418227,-0.7366492991933038,-0.8086024934394587,-1.637940101980584
post,2024-03-15,-6.646612086615611,-6.158026982110288,-6.213339896752745,-4.422627803374668
xname,2024-03-15,0.5945811165354309,2.351344041114567,3.3783876453036488,5.054051908988733
xname,2024-03-15,-1.3420346356781576,-0.45911454594363965,-1.4303408972762388,1.2234377960701481
xname,2024-03-15,-1.4588906242651745,3.050394188079042,3.315641251352086,4.509277750952334
extmatch,2024-03-15,0.4589464093492479,2.0567685429088822,1.4023358425822918,1.759303141520907
extmatch,2024-03-15,-0.11372159967973916,-1.2997486708211214,0.45492741642847445,11.37289828674497
extmatch,2024-03-15,-0.33905816130976874,-0.9675712714483753,-0.5788844437962237,1.4141592704108863
post,2024-03-15,-1.1265402132632607,-0.17297676178968935,-2.5904256656919977,-3.39048493540004
post,2024-03-15,-0.6520328996237557,-3.057880799131174,-3.720678376854758,-3.95953620584506
post,2024-03-15,-0.44453532002590723,-1.3249809423158454,-0.37333130903894896,-4.0246046997232
xname,2024-03-15,-1.0474668275293086,0.26742832336006384,-2.830400772001185,3.0978290953612264
xname,2024-03-15,0.9719738551993595,4.030885613762147,5.3173284935393195,7.43282201510902
xname,2024-03-15,1.2440075177893473,1.7236233585710137,2.3681082166473466,1.6486787380030288
extmatch,2024-03-15,0.2973035164917759,0.28586473295302284,-1.6123632660243525,-1.4293999233220167
extmatch,2024-03-15,-0.2540098065702989,0.2930708146161143,1.6607840835413556,2.7745031671752463
extmatch,2024-03-15,7.532111042813994,7.664148749662081,9.152562985777513,11.331175990933007
post,2023-12-15,0.8614083923590865,0.8614083923590865,-0.6196106242930766,-1.8286302136144683
post,2023-12-15,-0.4714249301498108,0.24329912549814203,-1.2165575088971536,1.3533958628443088
post,2023-12-15,-1.228753659117765,-0.561278725077563,2.032778040478389,2.4878729028362967
xname,2023-12-15,0.3327086002159252,0.11360550853554141,2.8077611677807868,2.2714246609839117
xname,2023-12-15,0.8422961059665557,1.8996440641293022,5.358426020337537,2.598567711048294
xname,2023-12-15,-0.35101469571345856,0.6110215414817377,1.3222717042814303,5.589852671998474
extmatch,2023-12-15,3.2690328234221244,7.226575342514052,5.360792865885244,10.186389624528914
extmatch,2023-12-15,1.6960582296566384,9.683209106752022,9.698155515156293,10.228633305431845
extmatch,2023-12-15,0.5106322150955522,2.754279754451816,3.0585837301828844,-0.20776828044800633
post,2023-12-15,0.47195357655538395,0.6385261042091805,0.9013517917165315,-1.9916070283454212
post,2023-12-15,0.4413941746857608,-1.702977898036817,-3.6009007913664237,-1.9467277686472717
post,2023-12-15,-1.222391458108607,0.23818965298452177,0.404374623253001,-3.211087297122217
xname,2023-12-15,-1.291974709814503,-1.9280444400114671,-2.2460712222862167,-1.9479120207269496
xname,2023-12-15,0.8830662041392934,-0.6689858366217272,0.026765149896568197,-3.1040938736082713
xname,2023-12-15,-0.6356429425132926,0.34137139619156986,2.731018851097433,2.5662218262745062
extmatch,2023-12-15,0.5045262156416097,-2.320878882395816,-2.219984101654948,1.6145556321385701
extmatch,2023-12-15,0.12038309488857646,-1.7091874777618088,0.6259107896330773,-0.625900091766296
extmatch,2023-12-15,-1.6339434895327853,-4.931855604983526,-2.357427113673216,-8.507183617550373
post,2023-12-15,0.0739856705682218,3.7389333967688287,7.131718685111332,8.61672197112342
post,2023-12-15,0.8222761392388422,4.503188973622985,8.330344674909608,10.661952964986332
post,2023-12-15,0.3310158078714487,-1.93091578575737,-10.534896510711278,-5.696809869922204
xname,2023-12-15,-2.0691855973802076,-3.6857376464888514,-5.690266802038424,-7.209821369915415
xname,2023-12-15,-1.017471694802874,-1.3982461155094161,1.0923845401603849,-0.5867680769743977
xname,2023-12-15,0.5455267224678817,-3.307188841730624,-2.284361859974471,0.681894924160642
extmatch,2023-12-15,-0.15030334549314128,3.468408468393913,3.3296689542353652,0.4335510585492308
extmatch,2023-12-15,-2.3647447292969193,3.586865448616683,3.9097871918498006,-0.2533630701209155
extmatch,2023-12-15,-0.9456807133110146,-0.8375861806002027,3.1883254070399714,6.61983954847607
post,2023-12-15,-2.457276084714133,-5.046008589915996,-0.37415587912397186,5.187579416604748
post,2023-12-15,0.14425263670119204,-1.0482822966868754,2.260048469179421,4.096936304389787
post,2023-12-15,-0.4767140185669594,-4.201016242297861,-6.743470802355578,3.267455393540053
xname,2023-12-15,-2.0481413911260793,-2.8673957516256676,-1.331295198158211,-0.15361774117469418
xname,2023-12-15,0.45297306245986046,0.582401954434264,2.998264522986993,4.1486458743020815
xname,2023-12-15,-0.7887453715377579,-0.8813129887705884,1.1831375890869023,2.6117831454148144
extmatch,2023-12-15,0.40386046059419645,0.942344344977375,2.984054452928264,2.288519718230675
extmatch,2023-12-15,-2.536893290383002,-2.515812731387501,-3.731548730526768,1.3843989682302604
extmatch,2023-12-15,-1.6675641244387585,-1.613772090959087,-5.056495493365077,-5.246973837803271
post,2023-12-15,-2.9253868970551267,-5.3844790907333735,-4.007576475124541,-2.9033984020573556
post,2023-12-15,0.065624395759456,-3.447825680994976,-5.893683465653233,-3.2290684113959633
post,2023-12-15,-1.5271663179094896,-3.004494384777401,-1.128395406631022,-0.7250740776984843
xname,2023-12-15,0.4516530798008622,-1.5940508423887279,0.02656446196893647,2.6567552190698285
xname,2023-12-15,1.363814997937851,1.0863549000821093,3.3625039332676243,2.0880515979925907
xname,2023-12-15,1.654241017144087,2.9949201890098864,6.206078954127148,5.8384688290524345
extmatch,2023-12-15,1.606707567393717,2.265054858906823,1.6929149020337597,5.031747014290389
extmatch,2023-12-15,-0.5837581905747902,2.441186029955955,2.936493337934598,3.8917438789086267
extmatch,2023-12-15,-0.11940571799207156,-0.2985104992615062,0.09950096927471286,-1.0149220329018993
post,2023-12-15,1.138518842442049,-1.0080627101487827,-5.53249636196772,-0.794589861681938
post,2023-12-15,1.5915505125069895,3.608311637464068,1.4093107721010467,-0.44951418802329224
post,2023-12-15,2.8478626640329407,2.810392291547714,5.321012073617282,-0.5058690877431826
xname,2023-12-15,-0.7229800107503292,-1.7884289593306457,-1.055930258260751,0.4208615108045599
xname,2023-12-15,0.686268719731431,-0.8590579375485463,0.057586125914776964,0.6766774570941436
xname,2023-12-15,-0.7159343950188468,-2.4892576664917954,-0.9141931505625256,-0.6057906419390302
extmatch,2023-12-15,-0.17396800346436425,0.13038987982427752,-2.5551816476218847,-4.105644881759007
extmatch,2023-12-15,-3.4099468560051527,-4.812571758536189,-11.850049009333041,-1.278982824579511
extmatch,2023-12-15,-3.13786313576937,3.4465023553890806,0.9773591640397372,9.104930564760627
post,2023-12-15,-0.7785238601587197,-0.8174309488726661,-0.8563678880459724,0.8330128886522292
post,2023-12-15,-0.2315968816956504,-3.1732550244255475,-4.647941478151285,-4.122917102336743
post,2023-12-15,-0.8358171257765945,-5.966597224925718,-3.5830644602297235,-4.643277476093399
xname,2023-12-15,-0.678222370228243,-1.5869480964391225,-1.1480970674529467,-3.0763769153634324
xname,2023-12-15,0.09268285604608906,1.1037187907697144,1.575536000021116,2.478837678364365
xname,2023-12-15,0.8100701260906229,1.6606635102438538,3.032041853148537,1.819329842141193
extmatch,2023-12-15,2.2331764076800376,1.064315797713311,0.9904817864923254,3.6973222336643685
extmatch,2023-12-15,0.3323142215132746,-2.3926664514656193,-1.7280380084390812,-0.797562244772021
extmatch,2023-12-15,-2.666318018338265,0.09369456218026873,-4.012270775180471,-7.990452946363613
post,2023-12-15,0.7120265150429184,2.6582222629713437,2.136079545128733,5.98101669044715
post,2023-12-15,-0.4253985387912662,-0.5514452215012566,2.5838968931884754,3.2298651062489636
post,2023-12-15,-0.8326827671459647,2.293792693593333,1.0526286769575455,5.011774918363088
xname,2023-12-15,-0.31230779427079414,-1.0534003185470264,1.6992242328762064,-0.15878383084672043
xname,2023-12-15,0.12492711671066026,0.9992674039413396,3.897094028988235,6.020496141684029
xname,2023-12-15,-0.723435867545652,-2.0517035508333614,-0.2371787945334325,0.36765302120862486
extmatch,2023-12-15,-1.9621324376831617,-3.0560842379473208,-5.886433900066224,-7.015114096611674
extmatch,2023-12-15,0.6760259814282854,-0.6466537980212683,0.7421497818336675,-2.682089343253702
extmatch,2023-12-15,-0.4940663307674953,-0.22350598356857265,-4.35243440143358,-19.891781245941754
post,2023-12-13,-0.32204388959542474,-1.9012864934722762,-2.018947471474941,0.13004982565838485
post,2023-12-13,0.9726276978179405,0.37409196695485925,0.3491474285957752,-1.1534423034825547
post,2023-12-13,0.12370869377285043,-1.125675499676293,1.7008907252455296,3.9213334264514677
xname,2023-12-13,3.083949580699441,2.6385567251542508,3.1628802868518324,9.381518773033992
xname,2023-12-13,6.626504006082357,4.5022097302095165,2.66328701623042,6.436283097379536
xname,2023-12-13,5.256358493132907,3.13083210450682,3.482695047216655,3.6047656055756105
extmatch,2023-12-13,0.08360418507515899,-20.79365020063637,-22.8150854935941,-29.772179279083165
extmatch,2023-12-13,-1.3422909634421276,1.295677433309872,-0.8762264361262373,-2.6379683967519996
extmatch,2023-12-13,-0.8720151780244434,-1.5237759069225976,-0.9821848277453693,-2.432522786552238
post,2023-10-17,0.5768625839479791,-0.30454016911877213,0.8384116544856601,3.6940183846893015
post,2023-10-17,-1.7999864671039312,-0.9614032010641149,-1.1052569959285607,-1.5052564617352937
post,2023-10-17,0.1365486421623041,2.4294692465191448,4.506720737451575,8.0862466712065
xname,2023-10-17,1.3734502694608297,2.3219996527481745,1.7214856337328888,4.905539666027314
xname,2023-10-17,-8.84649495767641,-10.070888694508884,-11.907555424211935,-12.315702696023678
xname,2023-10-17,-2.023785311476378,-5.557343124785607,-5.1879280464060535,-5.35657308565588
extmatch,2023-10-17,3.687675868263285,5.0286440671463595,2.0394004589359804,-6.551187389193136
extmatch,2023-10-17,2.175609852096505,1.4460664140962143,0.75559430109291,-4.5336155029769625
extmatch,2023-10-17,0.614594333329066,-0.03965197919946206,2.1015095205211276,4.579701499174549
post,2023-10-17,0.45999733355110983,3.672354703160563,5.136218077360066,9.365145511093797
post,2023-10-17,-1.6535644670889527,-4.102929814638456,-2.4518393164038255,2.558446946759285
post,2023-10-17,1.274492679394701,2.189649206434119,5.457314759282572,6.941214413713337
xname,2023-10-17,-1.6159711849610292,-9.476843868812013,-7.806064306972171,3.012882960884089
xname,2023-10-17,-3.37190178870308,-2.82030703678523,-6.01425334866369,-8.033812718788491
xname,2023-10-17,-1.8315037691842728,-4.343275233892241,-4.748828842064756,-27.250132346635603
extmatch,2023-10-17,-2.3179255282402056,-0.272478199524695,-2.0454473287155106,-2.675376044612632
extmatch,2023-10-17,0.7313478052422662,4.413959538993106,2.3169991777038046,1.8833818433469096
extmatch,2023-10-17,-0.37748198152347534,-0.22020601817361873,1.1009809171585339,-2.123308485857889
post,2023-09-15,-2.2466598772411195,-2.5449705558151736,-4.633176600719735,-14.319006456213257
post,2023-09-15,-1.0071238978197172,-4.629029243883586,-3.7327999392060995,-3.113741205626852
post,2023-09-15,-0.7915134085719977,-4.1644206509997,-3.633748260902614,-5.4416169410561155
xname,2023-09-15,-1.2621121129684498,-1.3208276335553992,-4.050488286633858,-2.6416281091456884
xname,2023-09-15,-0.06729376134638754,-1.2174297858662753,-2.1656653023043204,1.5294167742652354
xname,2023-09-15,0.024423903393966384,-2.3844385406701307,-5.541987814303506,-3.7434866582540582
extmatch,2023-09-15,0.5006707490954776,-0.7124955318898563,2.4070864484000642,-4.352016412380455
extmatch,2023-09-15,2.707511871048318,-0.9024970019180456,-1.9964435106066158,-1.9417451419074694
extmatch,2023-09-15,-2.440545206155864,-0.9400996994796684,-1.2514007673942285,-2.2848946721985786
post,2023-09-15,-3.0999990609975936,-3.699998121995196,-6.023078331580534,-8.846153846153848
post,2023-09-15,0.5422477368980827,-6.404336327098703,-8.41210760917911,-7.693998612207165
post,2023-09-15,1.4674754055900463,1.3842676802565679,3.789720031223953,-4.417546499775682
xname,2023-09-15,-0.11000661929118083,-2.4279138764471297,-4.926539910751271,-2.0429098582756766
xname,2023-09-15,0.528926999527557,-2.2557552245896173,-4.091475102755904,0.6067095999506167
xname,2023-09-15,0.6402091312076807,-0.1829147934177766,-2.8900566776990155,-2.231557537998652
extmatch,2023-09-15,0.09392091236979372,-3.899583861510336,-11.563742885396843,-6.5351793797469915
extmatch,2023-09-15,5.935702618170691,9.122845392747458,9.152074544864375,9.064353986416096
extmatch,2023-09-15,0.22838863876089022,-2.790184198698964,2.909346861085438,5.769041320013879
post,2023-08-24,3.615042603750873,1.4084601332902125,-0.3755792254894419,-3.5210945445918074
post,2023-08-24,2.564088359361394,0.7597184853888495,0.0,-1.994294365829885
post,2023-08-24,-1.3915378730756656,-0.9596784318368412,-3.502865671870803,-5.182334029427116
xname,2023-08-24,0.03858121234798784,2.025852209079848,6.617781920322807,6.019677448699934
xname,2023-08-24,-1.6750403374697242,3.350088662161821,1.1725322298399954,-13.232830646844407
xname,2023-08-24,1.624054609629244,4.468472520195355,3.3037959062036437,-0.9187489109588665
extmatch,2023-08-24,1.2624063067466107,-0.7768679524517874,-1.9097935231313978,-0.3236977241799388
extmatch,2023-08-24,1.5113256125388608,1.8840481590469915,-2.386971562502993,-0.19146818216558836
extmatch,2023-08-24,-1.5817122830592112,-4.217941792000146,-0.17574076512060222,3.866442102969425
post,2023-07-14,1.634017693264611,8.674748648447729,8.194160062179145,2.487083517162647
post,2023-07-14,-3.204039056484642,-4.410421660395436,-7.6533845852376325,-3.3467302169166935
post,2023-07-14,-2.4833696249304205,0.5109228339718275,7.473851012870969,0.8079760529851265
xname,2023-07-14,0.1276381230773227,3.803938308166943,5.642066329447171,8.47587323854755
xname,2023-07-14,4.664929285355801,2.237162269368298,-0.9229516112847946,5.427363579606581
xname,2023-07-14,0.932417290164933,-1.0222326396560621,1.574327685423893,2.6757864221748306
extmatch,2023-07-14,-0.9533819871716975,-3.6017109892530708,-9.083700263348648,-7.8125299935008385
extmatch,2023-07-14,-0.3597926985053346,2.5700559610754237,-3.9578198485638705,-13.518369260294794
extmatch,2023-07-14,0.5646895856840528,5.698156765215701,7.340871242474778,10.932745190230776
post,2023-06-16,0.4888282352968787,-6.738233160084484,-6.36441989179759,3.2780581893245175
post,2023-06-16,2.8724546811526475,5.712748153612979,6.838153316971152,5.852088859465243
post,2023-06-16,-1.4656495847494067,-2.0810032082210994,2.785864365271995,3.994181924958262
xname,2023-06-16,-0.8940917160928374,-1.5288978763003724,-1.8954869394963048,-0.34868430967833763
xname,2023-06-16,0.08587325817681624,1.9772683554578396,0.6280103182514818,0.026459262361777647
xname,2023-06-16,0.6458112366632962,1.5543996390553483,-0.6770286351971855,-0.8997178467578415
extmatch,2023-06-16,-2.571116866885037,-2.536319846407298,-1.400004327228177,-15.330997780503608
extmatch,2023-06-16,0.43668289578837616,-0.43668289578838726,-0.5240128117192877,-6.200873798901318
extmatch,2023-06-16,5.5289829047996175,2.702311960495307,2.554044524165233,-9.862251261050448
post,2023-06-16,0.7234021029097093,1.5580898390255005,2.500102800778392,-7.532094766912733
post,2023-06-16,-0.9422551229753773,-1.8200809697693554,-2.1865155656977664,1.9449149964885226
post,2023-06-16,1.2723867031613656,-2.7686157197047256,-1.7318581812283185,-2.4740822599978007
xname,2023-06-16,-0.1640019221723188,-0.5284444591811877,0.3826757859326291,3.2208134030993207
xname,2023-06-16,0.8821847673525784,-0.9193730190952154,0.3082348204486385,3.9751216940834944
xname,2023-06-16,-2.2150816609733837,-1.2957639178957203,-0.9629494605025379,3.101648368864929
extmatch,2023-06-16,-1.860004794096426,-4.283628755593494,-6.774887017178644,-6.549429093272662
extmatch,2023-06-16,-0.7821550349976891,1.35141300040027,0.3910704555334821,2.4413355475890297
extmatch,2023-06-16,2.165652286866915,6.994440157599313,9.692710550003492,3.6172091896222724
post,2023-06-06,0.7410056157900025,-2.285860968799658,-3.051996524590972,-0.6279883357764637
post,2023-06-06,1.9302733706637598,4.53425549189812,2.5003178012111826,5.454075066286035
post,2023-06-06,-0.48620936988670316,-3.9147157029088886,-1.9075059199168742,-0.7355551111094538
xname,2023-06-06,3.4596381213004346,1.5671799526180807,1.867983176062049,3.0042963114444543
xname,2023-06-06,3.2334749083374748,3.093793893516228,3.3359260624506115,3.121735117365265
xname,2023-06-06,-5.1755040978105455,-1.562895429921507,0.8882064634507136,-7.225210819940031
extmatch,2023-06-06,1.92630237850695,-1.8425403776055171,-0.46063110079019864,1.2144092366795256
extmatch,2023-06-06,0.8959706462402961,2.1526677089607427,0.5585090812834981,3.932954127926336
extmatch,2023-06-06,1.0213381749637485,-0.3142442028951309,2.0987659486990218,1.863091699638586
post,2023-05-03,0.5777040771716369,1.4260463734089512,1.3531831538330374,5.178514093811448
post,2023-05-03,0.36969307897283255,3.550889348501962,-6.617982471962758,-7.941583144937326
post,2023-05-03,0.5964468491443053,0.18152902232637658,-0.3474914047139621,1.000989553969478
xname,2023-05-03,-2.583913684194694,0.23974467339626937,0.7725117433531992,3.46297071218995
xname,2023-05-03,-1.266310714196861,-1.2060260370644116,-1.8961583251270286,-3.9530834328236897
xname,2023-05-03,-2.670019097920573,-1.4753530743303434,-0.035986364056150855,0.20151046091867464
extmatch,2023-05-03,1.0890004051990143,1.1518291099128275,-0.9005226028322322,0.7539278330164434
extmatch,2023-05-03,0.58130534210592,1.2193328698368422,-1.2083067913170042,-2.1267616611214346
extmatch,2023-05-03,-1.6200630839857677,-1.7757246367172907,-1.902566544560047,-2.300366319855496
post,2023-03-17,0.8056395849688647,2.813122270504853,2.7114958979532755,4.501001026511764
post,2023-03-17,-0.33432679399535425,1.0406116907402563,1.700581810067714,-1.645583563987052
post,2023-03-17,-1.3229143788343611,1.1283300867164892,0.1757143842232356,-1.4042349072201477
xname,2023-03-17,4.853910929552119,2.670435602629717,4.578997749872271,9.040191557507061
xname,2023-03-17,0.3442335970065713,-4.819284724204042,-2.444063566885857,1.4113627758661762
xname,2023-03-17,1.7252732808009652,1.0742404423269347,0.976573899644384,6.510426952473658
extmatch,2023-03-17,0.242730272997993,-1.932377192479806,0.0018941896150481696,1.8673731318852749
extmatch,2023-03-17,-0.7407803011262981,-1.039075442096371,2.043353198181963,1.745050471058418
extmatch,2023-03-17,-2.7019860742622637,2.3139560506282075,1.3093781900452184,4.198415042834869
post,2023-03-14,-1.3011752014945865,1.290603794180667,2.3484671280974423,-2.6446717163201683
post,2023-03-14,-2.1957468525779733,0.19867549084935376,1.4220040424625324,-3.5549968799342024
post,2023-03-14,-2.224294760278689,-4.345135167674918,-1.4897496610556948,1.179404051278743
xname,2023-03-14,-4.331727902029137,-4.317485596269533,-0.7623237343409084,-2.650325720520097
xname,2023-03-14,0.5831927914036417,-0.984652821278853,-1.0755252252686365,-0.5453488652243044
xname,2023-03-14,-1.3546859441395998,-4.18720112304376,-1.3546859441395998,-3.8177232367404224
extmatch,2023-03-14,-2.776897964281444,-3.4947871873216463,-8.1808195270336,-9.088026605832534
extmatch,2023-03-14,-0.07306343508870494,0.5549666041139822,1.5773208602255284,-0.7740849316097198
extmatch,2023-03-14,0.6054403121085628,0.9989850569633862,0.1311815816182671,-0.09081682336030683
post,2023-03-14,-0.03762074253892411,-0.9624958894172142,-1.266609648725403,0.724227997391047
post,2023-03-14,1.4518076230010335,3.381068774321183,2.3612292272528146,1.6271977036239615
post,2023-03-14,0.2655778921866636,1.5744981928642598,3.114232456734922,0.12014444735726215
xname,2023-03-14,-2.547317632768742,3.502564275592146,4.7939199676091615,3.0249477022741056
xname,2023-03-14,-6.193903259707467,-8.056308345294394,-5.928460109847222,-7.727637995638881
xname,2023-03-14,0.5090724122112755,-0.08965704755279358,-0.5104869505515364,-1.2176611852198427
extmatch,2023-03-14,-3.142883503134808,0.46831574022994094,0.3122104934866199,-0.02081032763919799
extmatch,2023-03-14,4.807567897279186,4.2691877587736515,5.716086787756303,14.809670433261047
extmatch,2023-03-14,-3.361209620987926,-4.74429197243651,-8.37889845432983,-0.9810238136984784
post,2022-12-21,-0.2527984657964111,-2.8779615543260917,-4.682861402969296,-1.0926100352315782
post,2022-12-21,-2.925156036990395,-4.729178831197956,-3.7442935512633557,7.264996892864661
post,2022-12-21,-1.1451706943198414,-4.399824384930451,-0.7634632380651429,10.868900740999909
xname,2022-12-21,0.4286574512247565,1.3931115275835237,-0.16073394976081623,3.6256466439645196
xname,2022-12-21,-2.3224812063328826,-0.05955682157833264,-0.45409956413278163,4.00474288870023
xname,2022-12-21,0.6818428754872929,-0.9818493184550081,-1.677339738548178,0.337540261638547
extmatch,2022-12-21,-2.6135371147996134,-4.027419905609008,-3.6418086653344894,4.327339759155846
extmatch,2022-12-21,-3.317532211781915,-3.672984690066494,-1.5995300892287179,-4.383883583583781
extmatch,2022-12-21,0.8450704225352101,-1.5774665080325656,-6.61408760178257,-1.8366166235695425
post,2022-12-16,-1.5921424601302747,-4.386856822289131,-0.050819458922235494,0.40650390722309915
post,2022-12-16,-2.498605269261389,0.484800711640343,-1.3425316229195183,6.414315379534874
post,2022-12-16,-3.572102110601527,4.668305165024322,7.862402238831834,4.989602948141814
xname,2022-12-16,-1.056836075247658,1.3733001614709472,-2.2748970956459558,0.8777174935534093
xname,2022-12-16,-6.397380685554421,1.4847168482604145,1.899561018290985,3.0567719414852146
xname,2022-12-16,0.29303858284974726,2.564097910933927,2.930418823693226,3.2967232388546153
extmatch,2022-12-16,1.2288829056559036,5.222726460634375,8.15669269740531,1.0752702581780405
extmatch,2022-12-16,-0.9646465117945868,2.036432471401528,2.786703722898576,8.896031251063397
extmatch,2022-12-16,2.03995813450073,6.916327236915221,7.475202842185258,6.734676967487019
post,2022-12-16,3.123118156843696,1.1965543302849602,2.93497356349659,6.479525281644216
post,2022-12-16,1.5266018020949845,1.5488522225255874,-0.3483008971359114,-0.6669519518697209
post,2022-12-16,2.6182976687449733,8.321865995400856,8.896072513087304,12.103838047064762
xname,2022-12-16,-0.9877679343236023,-0.6829679326217031,-1.111918135679879,-0.6039269969160155
xname,2022-12-16,-2.359223597258042,2.228153562082835,3.266988217251976,1.106795523930515
xname,2022-12-16,-0.5196335340907465,1.2637214772781569,1.59212523575738,2.2673997618668285
extmatch,2022-12-16,-5.886670057237819,-9.717678850078205,-13.842353537832508,-14.629916710680845
extmatch,2022-12-16,1.6708823659221217,-0.8143805407378801,-3.2996327349654186,-4.872228533035217
extmatch,2022-12-16,0.4868040057877554,-0.7537708964190482,2.9679725149673875,3.140698559415034
post,2022-12-16,1.080561814077452,3.143405114182185,3.077936849044449,-1.2770072688003231
post,2022-12-16,1.1994505952003465,-4.420834828054254,2.6730645686813492,8.39616125879119
post,2022-12-16,-3.373077557965798,0.06814383567295135,-0.5792296545275355,2.078351731487338
xname,2022-12-16,-0.727991794916516,3.445108063372593,5.780624521420719,5.336797790008974
xname,2022-12-16,-3.3231771793260423,0.8477271109620155,1.2546413911543874,1.6954688522868189
xname,2022-12-16,-1.5905215269581552,-2.567158664723246,-2.9775104920882423,-4.191572342145222
extmatch,2022-12-16,0.44375454367708844,-0.8342126742925227,-1.1181943102132053,-1.8636710326682793
extmatch,2022-12-16,-1.8330650828148443,-2.630639940136048,-4.386762323184379,-8.885490080171099
extmatch,2022-12-16,-1.154409176997906,1.5873011504275114,0.0,4.521397716759745
post,2022-12-16,-7.073273807130009,-0.7658954520784467,-5.243009761431161,1.452940511262657
post,2022-12-16,7.438585458374813,12.364144098111796,11.57882022151464,7.7401567292487705
post,2022-12-16,0.5755764861165247,7.441414573575722,17.17828672470736,21.67329337651045
xname,2022-12-16,-2.606868504812232,0.23462642067171302,-0.6777655388930937,-1.1470079305673786
xname,2022-12-16,-1.42996311985224,-1.193400592317806,-4.4726466636572315,-2.6986486731589543
xname,2022-12-16,-1.3822785422318074,-0.8468296676676146,-0.5299734780081611,1.3932293353438485
extmatch,2022-12-16,-1.2187664115964503,0.4265735393083503,0.0,2.4375328231929005
extmatch,2022-12-16,1.766538441494503,0.5195785346655102,-2.11292914466944,1.0738021557260113
extmatch,2022-12-16,1.1595159048779058,1.9116321920591428,1.5042264904113534,4.732066748000974
post,2022-12-16,0.6543016951274794,2.835335078720247,4.034895119745929,36.96837857271669
post,2022-12-16,0.6849253924053889,-5.0989349983876835,2.8158285836507035,9.436832105931291
post,2022-12-16,-3.9003215008829972,2.708559180918746,12.459378431626188,36.51138685123796
xname,2022-12-16,-0.4967038560489523,0.16554994599351502,-0.16557309659426256,-1.3245230378187478
xname,2022-12-16,0.6835985380635012,2.7825900304331963,1.1265033705071703,3.69726935064123
xname,2022-12-16,-6.3241141359696496,-6.027664659835585,-9.18972643965008,-10.079046597074203
extmatch,2022-12-16,-0.11587014292812059,-2.162993811025582,1.7690294313699173,1.91579434994551
extmatch,2022-12-16,-0.3536081295675064,4.384723270900492,19.58981214167661,-31.117400745201362
extmatch,2022-12-16,1.5224531216412762,1.9078853153047026,1.271921093033912,-10.07901253373239
post,2022-12-16,-6.493504675212225,-6.154705260233017,-3.5573076981068708,-10.841328186758625
post,2022-12-16,-0.9661826846140142,-0.664243397043307,6.15942325276897,-1.9927532267421832
post,2022-12-16,-5.914270941611333,-10.146504656911137,-9.820941052475574,-8.138903826164057
xname,2022-12-16,0.784116740509555,3.737585906716978,5.541042445338706,-13.774168516103636
xname,2022-12-16,-1.420765679601077,0.12654657059496532,-2.3123405989800783,-1.6738588207909966
xname,2022-12-16,1.135627997884625,3.09147696653691,2.429009113066627,5.709754105668408
extmatch,2022-12-16,1.735529317155482,-1.7570729423755926,0.05984583852260972,-6.027671102700483
extmatch,2022-12-16,3.0131798084761963,2.0544440439552947,6.04348363040319,20.612903838868135
extmatch,2022-12-16,0.4151526819182072,-4.56668939912086,-12.714066968028403,-4.307212786659054
post,2022-12-16,1.616695622557618,0.2477215762270113,-0.8474497031896844,-2.3467998617756614
post,2022-12-16,-1.934188473252041,-1.381570039650426,-1.2434130356853812,-2.160262699534965
post,2022-12-16,0.4507385283237131,-0.6825483179420666,0.23180978961834242,0.5537672849014408
xname,2022-12-16,-0.5988092513921961,-0.11228295736699367,0.14969401587343611,0.11228295736698257
xname,2022-12-16,-1.1529421338848045,3.713725968903181,3.6901975145527066,-0.674510282628682
xname,2022-12-16,0.18999549305438457,3.2870971596630882,1.9190481539402615,2.3370626753792756
extmatch,2022-12-16,-3.7725869311082905,-3.357840715345628,-9.030103905326236,-8.77593027423369
extmatch,2022-12-16,-0.44845822189718554,-2.964398643878907,-5.176331584163874,-4.8950816079953885
extmatch,2022-12-16,-1.944651956447807,-0.9082150949684009,2.104927126603129,0.7906886655838719
post,2022-11-18,0.5339645469429,4.5189329882741935,-3.1115072960938184,-16.506811256749998
post,2022-11-18,5.669264266783514,10.748536134041963,2.089718194989798,7.449149442879954
post,2022-11-18,-1.4542515374501241,-2.5683469365947897,0.04680873029010435,-1.0579249227965493
xname,2022-11-18,-1.4370438625579185,4.233667903411931,2.695121589372529,3.5819230426867854
xname,2022-11-18,-1.5087679964060907,3.8466791393146904,-0.5165111526359012,0.06796663309125428
xname,2022-11-18,-2.632828781710006,-2.6565439656981216,-2.158443668656629,7.400376999945069
extmatch,2022-11-18,-0.5213307449361104,-0.4096092789125705,-2.774169284010508,-4.952546282316616
extmatch,2022-11-18,9.641251674008465,2.242150308907087,-4.708520994412879,7.73542123858344
extmatch,2022-11-18,-8.36197208629198,-3.3982484873939067,-3.2073315595986696,10.652916957945768
post,2022-10-31,-0.2772032249096501,-1.6458785098693363,-2.616082846816792,0.10394773422295334
post,2022-10-31,-0.7222148298330455,-0.4403728279831709,1.5853435940480276,2.2018641399158545
post,2022-10-31,1.6546057082659216,2.998966796219893,1.982073848729371,3.4126216804361453
xname,2022-10-31,-0.5068401221976382,-6.842500445736876,-5.734916330720663,-11.507419321626145
xname,2022-10-31,-3.212358546957861,-1.883767614941878,1.0906333126284418,3.0141009644197636
xname,2022-10-31,-0.45093173542751774,0.18136075393728746,2.8183459517826748,4.912777832213311
extmatch,2022-10-31,-3.8399580551061963,0.4033737694784323,6.744124069714785,14.402508143376247
extmatch,2022-10-31,-6.9635003505443605,-11.131287092037622,-10.712043284001693,-11.682812050680091
extmatch,2022-10-31,1.9662723493166334,-2.566413734768558,-5.067057339940273,-2.8994180996179675
post,2022-10-11,1.1915084480925708,0.3504853347356729,0.7990155099458329,-0.9952097163110518
post,2022-10-11,5.459615723756994,1.9124222448083872,3.516386181324682,3.8093926742982065
post,2022-10-11,0.9757463915383235,3.587323191144387,2.7263879764152676,1.8367291618962334
xname,2022-10-11,-0.9772024005007096,-5.863195764418716,-1.2377884647285287,-6.840391952057578
xname,2022-10-11,-1.2286446307830157,-0.9854912004067518,3.1035868355551166,5.618481491432581
xname,2022-10-11,0.48794360871011744,-1.3333367963209275,6.910634142287231,11.619855731937069
extmatch,2022-10-11,2.8505834024188603,5.29394384388906,10.58788768777812,4.405450168617087
extmatch,2022-10-11,0.2895369932637504,-1.108062630661022,-0.2590499742630814,6.600489439891866
extmatch,2022-10-11,-2.809667425537732,-4.965330537900925,-10.95171421419423,-13.254158064999732
post,2022-09-30,0.6369251795062425,1.2738709601438858,0.21230152612494724,4.246264001988154
post,2022-09-30,3.946447449217527,5.214945972891405,0.2114175602804691,-0.28188324236502194
post,2022-09-30,2.0505779333757523,-2.802468005027059,-2.187290645601958,-4.032809459169339
xname,2022-09-30,5.010079805102685,8.735799630405584,6.634135964731391,1.178234416034285
xname,2022-09-30,2.680303288624919,11.869838739397398,11.295464979941494,11.423122720058076
xname,2022-09-30,2.72215892045673,6.695865831475523,3.566957793273917,6.257822996729789
extmatch,2022-09-30,-1.91477408463403,-1.0266494772473544,-7.536875833411982,-0.6919882163280766
extmatch,2022-09-30,1.4000755953098576,-2.9839977548077767,0.523282695915972,2.2203480982810664
extmatch,2022-09-30,-1.3454858646043788,0.5931598191956988,-2.9851269227452293,-3.9110975890108923
post,2022-09-30,0.0,-2.55918006553586,-8.32335022890921,0.07175452040417696
post,2022-09-30,1.8237046422767689,3.740940844267504,-2.244568289434501,-10.381095238487037
post,2022-09-30,1.653279431012411,2.6258106270560466,-7.90178154788943,-5.956738824353636
xname,2022-09-30,6.71534178492228,8.246841610294675,4.863036946373445,6.850348383207661
xname,2022-09-30,1.1138621440412777,6.275480101762865,2.010349757768193,0.7335151709562782
xname,2022-09-30,2.808982595171372,5.430702124130216,0.8114806073176828,2.8714036172422297
extmatch,2022-09-30,-0.15787862424053722,0.49793985953907605,5.9873700806896135,4.092789526918228
extmatch,2022-09-30,0.8561508400720896,7.648398833656955,9.36072263799106,13.01368082471015
extmatch,2022-09-30,-4.986801863684942,-2.6694040579023803,-1.2026982856466306,-1.8480524062638004
post,2022-09-16,-1.9115322341128782,2.3440775053678253,-1.534810244487661,13.883081947598086
post,2022-09-16,-0.46760602691746644,-1.4303409828393732,-0.8664520167110057,-1.8154307680442683
post,2022-09-16,2.4725640118301806,4.472845278862914,1.0001406335163665,0.12502287811630985
xname,2022-09-16,1.0810774950442692,-2.858733793833057,-4.246309854570185,-4.586244627429547
xname,2022-09-16,-1.026799126551814,-3.200428849509862,-6.120811399713643,-8.561139287679664
xname,2022-09-16,1.1291897441158438,-2.9724273239709054,-12.387917119249359,-14.912001191057156
extmatch,2022-09-16,-1.244941313925052,-1.3219934684112977,-3.626946714418855,-0.8270973445905216
extmatch,2022-09-16,0.9945298555969595,5.094157551901857,3.0747118035045817,3.6365126802511805
extmatch,2022-09-16,1.1049678638341165,0.8572951523586614,2.933888611924629,4.591336591572892
post,2022-09-16,2.582454446051452,1.088989035752852,2.2401947014537127,2.302438643355176
post,2022-09-16,-0.3246949669300614,3.423851684976964,-0.531301960230568,-4.102726367669374
post,2022-09-16,0.08572404369442399,-3.1428533629162425,-3.199986005261446,-3.7142863771189583
xname,2022-09-16,-0.16439066717900408,-2.890013311761974,-1.8040942533367632,-2.4833591777062347
xname,2022-09-16,1.028276626589264,-1.1568142694189931,-4.884320105311135,4.49871330583409
xname,2022-09-16,-0.041716524653456766,-3.6856565369033922,-5.44666192309694,-8.692895953539349
extmatch,2022-09-16,-0.09503373347216071,-1.1761884192272198,-0.8791458072749614,2.982083211736053
extmatch,2022-09-16,0.6232146918167647,-2.776202381858539,-8.15863950235286,-8.15863950235286
extmatch,2022-09-16,0.2586938599502764,1.0532254654009643,0.2032546884596309,-1.1918048327336228
post,2022-06-17,-6.897239367887009,-5.366727666942284,6.281056969101417,11.449012451411145
post,2022-06-17,-0.5495564013865306,6.2535516551716075,11.38904352737975,10.384687312296759
post,2022-06-17,0.9820646519516307,11.03757077733416,12.297178272350973,17.31426256176791
xname,2022-06-17,3.7532468166863397,8.07780225057777,10.746291565231104,11.317613037297857
xname,2022-06-17,4.9017343453821915,2.798706198953127,8.546817231222237,-5.247969517608442
xname,2022-06-17,-0.37878152449185576,-2.9242358286985515,1.1964609526441627,-5.902920435313474
extmatch,2022-06-17,4.530057818824984,10.711256094006938,14.69093645242696,14.352240767144963
extmatch,2022-06-17,-1.5625055528664888,-4.7794188201127135,-0.8272171840694398,6.066155696334796
extmatch,2022-06-17,6.288351880871046,8.95838962058364,5.510396195882472,11.46257739200669
post,2022-06-17,-0.10980065878056777,-0.7411632158556336,-0.32939028422598327,1.866576122922492
post,2022-06-17,-0.8548952314005986,-0.16542039475353487,0.11036249174189994,0.6067881331482727
post,2022-06-17,0.13831685624012824,0.4149387860424847,0.6639067707391311,0.3596073304752423
xname,2022-06-17,0.8930508000308812,-5.918992003941459,-1.910700703891166,-7.601237648209002
xname,2022-06-17,8.793398424184783,10.2447420357066,10.358564180057183,0.9106422890789334
xname,2022-06-17,-0.2694559577067879,-10.277147235448469,-6.466529685033484,-15.85836507749725
extmatch,2022-06-17,1.3849306820119756,3.9322394199743815,4.927674232982793,5.545947372691629
extmatch,2022-06-17,-0.09477614902648757,0.0,-0.8056604761082387,1.2796423562536408
extmatch,2022-06-17,1.0079570336239074,0.1591514656094084,-2.192746030944037,-2.7409359115335596
post,2022-06-07,-1.742389362031993,2.015740853394976,0.909120104188843,3.0186054260941786
post,2022-06-07,0.5211691653490114,2.019549273615584,2.6710206028745853,7.198700927389989
post,2022-06-07,3.9067813517832395,4.523668243001211,2.090480344816492,7.333798719161377
xname,2022-06-07,-1.7685629091651611,-9.196565764042685,-12.268099740878657,-12.975526075344224
xname,2022-06-07,-0.3391439368003013,-7.274514818035893,-7.333505341274426,-7.795512456963316
xname,2022-06-07,-0.8741175493894415,-1.8707628845829216,-5.996245198673389,-8.136595389180757
extmatch,2022-06-07,0.0,1.7158080542578835,6.385401869878993,1.2597096960877074
extmatch,2022-06-07,1.4690614600841867,0.9168386856007738,-4.652021094840819,-5.157340094854979
extmatch,2022-06-07,-1.8068168923414007,-1.8415562396955631,1.73731594783757,5.837382178062156
post,2022-04-08,-6.779658628530971,-6.562365118912538,-18.166015921760415,-14.558888953268468
post,2022-04-08,-2.893888013026391,-7.516073130876855,-17.323149563199514,-27.049838300834427
post,2022-04-08,-3.967450115459592,-13.021360558552397,-15.462863844217544,-11.19023794513937
xname,2022-04-08,-0.488996323589308,3.74898632267775,1.124698383973577,3.0480893122937003
xname,2022-04-08,-0.7003092851304404,-0.35015071393769137,-0.4737374785801385,0.4531436131005817
xname,2022-04-08,-0.5149709937967262,1.8145892036619093,1.8881733444989557,1.0544199773004692
extmatch,2022-04-08,0.19896336482563282,0.6371000466241616,2.0150256678372447,1.9388237713744205
extmatch,2022-04-08,2.966989097912509,8.725490604024898,8.916899086749531,12.939364743238379
extmatch,2022-04-08,0.3862252892449236,-0.4184086740945059,-2.8323105641128166,1.7380138016021895
post,2022-04-01,0.5443886894213934,2.142130685008503,-1.9232099158641214,-1.9232099158641214
post,2022-04-01,-3.2438802826206703,-5.883434238061391,-7.153856301102335,-11.057655378715904
post,2022-04-01,-0.2604923131490078,0.4180652610114466,3.38082427952926,-1.7570347270032927
xname,2022-04-01,4.762250063075402,-3.779914581760213,-6.030724341973581,-9.324028463291366
xname,2022-04-01,-0.03074182052035246,-4.139073706495866,0.0,-6.83179126375415
xname,2022-04-01,1.1214972818200941,-6.635511719677489,-6.7601192277151,-5.295946842369337
extmatch,2022-04-01,-0.6116166248211097,-0.5210094662515319,0.8155010360791248,2.8089225902774517
extmatch,2022-04-01,-2.4094232041038888,2.2583771299150346,0.4529738633998637,-2.82959714130101
extmatch,2022-04-01,2.4595940497796676,4.224817794265423,1.8430528740952967,3.9327242558760966
post,2022-03-01,1.1925957119722996,1.471295952160867,6.222244947247724,9.592638753258509
post,2022-03-01,0.2393413383376286,-2.632727999569595,-4.068758214832502,-2.7874224924207103
post,2022-03-01,3.0275085678888924,-1.7668368391825062,0.6685362715392218,7.414366772873904
xname,2022-03-01,0.8470354370224253,3.7753890288891423,7.236193756400744,6.945786046709879
xname,2022-03-01,1.2028549360357799,-1.337814996832487,-4.307051950410257,-4.498851751969757
xname,2022-03-01,1.2693419192392863,-6.747601630685807,-16.485361174635393,-12.193064868391435
extmatch,2022-03-01,0.955575211120685,2.2967270914709514,6.303430538453281,7.8122264038473554
extmatch,2022-03-01,-0.5226153579963588,-0.2797860950161102,0.5754165859813476,-0.4751063354707319
extmatch,2022-03-01,-1.090337977440281,-2.0327049104544304,-1.565416356994831,-7.858252973146673
post,2022-02-18,4.214710300967384,5.522109991252133,3.3373544852326686,4.765189512940204
post,2022-02-18,0.28356077854445605,4.001254855152503,2.99307060645142,5.025206235053403
post,2022-02-18,0.9613955095159055,3.030794390325209,3.7314780706205974,7.462915705129625
xname,2022-02-18,-1.3178015747233318,-5.625970579276207,-7.856046179267507,-11.201221834021025
xname,2022-02-18,-0.6152074108591088,-2.4204021331540315,-2.9503004047715775,-14.36524907956489
xname,2022-02-18,-2.3594860492957115,-5.274120058919429,-3.1228248403337378,-8.570434750157085
extmatch,2022-02-18,0.17526314828602008,0.70116962248985,2.6294387475425784,-0.715439400722373
extmatch,2022-02-18,-1.4467142300895075,-0.8902658990059042,-0.5977536343845236,-1.4403175333137175
extmatch,2022-02-18,-1.636267692464899,-2.267403996031525,-8.204762724215831,-15.731660509036882
post,2022-02-14,-0.004652863421605868,1.8971395004877545,5.347323891741884,5.5937758024128925
post,2022-02-14,-3.890480665218765,-1.7663736289696752,-5.034218565904169,1.9960391310851033
post,2022-02-14,-1.4349564138845805,1.0463954561077182,-3.9074721788974087,-5.267335929288963
xname,2022-02-14,0.7802532497733328,-2.8468883069689865,-3.922394526011763,-10.438626652937055
xname,2022-02-14,-1.1387934663020571,-2.69375181089041,-3.728506723635483,0.9391303012500574
xname,2022-02-14,0.4944514549656498,1.8850252326876094,-2.781218900180671,-0.41616682111721426
extmatch,2022-02-14,-1.3905566689497606,-2.08583973099018,-5.178632008946826,-6.78495476854406
extmatch,2022-02-14,0.30384007682084935,1.316668982910607,1.5529919811237747,0.0
extmatch,2022-02-14,3.177312924908149,6.74110657270246,6.526397880685675,10.991836026295786
post,2022-01-21,-5.515041695755041,-5.212879163355078,-6.250537870321027,-11.5702986122301
post,2022-01-21,2.626058064368575,7.06692721878488,14.570972674529115,7.409670639112509
post,2022-01-21,1.245126401873109,-1.4322397785259011,-2.5004096265813236,5.601849776757506
xname,2022-01-21,0.7700889575062542,11.922401117482728,20.136854874283184,20.336531392442293
xname,2022-01-21,2.2656780453193193,-4.592041415007264,-1.9420126928839987,-0.5327097293761685
xname,2022-01-21,-0.8379026779120613,-4.077642127025316,-1.8852244357471237,-4.433747621273776
extmatch,2022-01-21,1.247957328704552,-1.7351512630063848,1.4596233638175526,10.760372995031876
extmatch,2022-01-21,1.5176450555671073,5.219449532049292,4.235047017312676,4.163275837951397
extmatch,2022-01-21,1.9278752227083862,2.3361047069045293,2.7273504198325194,0.39694678704293995
post,2022-01-07,-1.4840487362670518,-0.8240074854772628,-3.8846242361538885,-5.07440988983393
post,2022-01-07,-0.26411536583149653,-0.6691236489082653,-0.22448700353794315,3.9399794745771377
post,2022-01-07,0.918963023710706,0.1581521829475685,0.8291959194755893,-6.454102412075335
xname,2022-01-07,0.6059035922667322,0.05385878192452065,-4.699068293408015,-7.095727590231949
xname,2022-01-07,-1.8032116997583225,2.356766206980554,2.6167914899420275,-6.919402898901506
xname,2022-01-07,2.225953845618478,-0.8693588195551105,-3.22150281775867,-4.599148139320652
extmatch,2022-01-07,-0.15784325238813457,1.6272037144823281,4.043719949834124,6.326639487423336
extmatch,2022-01-07,-1.3198093758220564,-1.4345830554926775,-0.7364281213485646,-2.1327456366272535
extmatch,2022-01-07,-0.22822383260099333,-1.537703314041916,-3.1840988215056876,-2.510331899176965
post,2021-12-17,3.431737746982999,-3.7303133462846416,-5.354614905179666,2.0881065457554193
post,2021-12-17,-2.254113591427098,-9.32179183938182,-5.616427003155899,-10.354555536115285
post,2021-12-17,1.1348675022002874,-5.12119228614506,-1.2242186516956743,-9.468680890566771
xname,2021-12-17,-6.286465123443841,-2.009076482750094,-2.2683121579436527,-4.536624315887305
xname,2021-12-17,-0.2901430759554291,-0.9737026565742934,-1.1637879894952685,1.3287631126258415
xname,2021-12-17,-2.940570426154099,-1.4600368589233859,-0.8842375375159195,1.8712682850892115
extmatch,2021-12-17,-1.5983739922721618,-8.485907053535025,-14.443478811635558,-21.6216206228817
extmatch,2021-12-17,-12.517254351835872,-16.10676518053805,-19.972389526066426,-18.683845151726818
extmatch,2021-12-17,-4.02437569989047,-5.189712519851241,-4.607055071350463,-1.7479833069819373
post,2021-12-17,1.551291084573192,-7.653930710103552,-9.881778536818441,-14.480969163023161
post,2021-12-17,-7.653930710103552,-9.881778536818441,-11.152878507485442,-12.423978478152442
post,2021-12-17,-4.635524818263937,-5.980622176357087,-1.598200372134373,5.662425441261276
xname,2021-12-17,-1.542205696780652,-0.37878717139545603,0.9740304323815785,1.8398108491913812
xname,2021-12-17,-2.39657794864917,0.8447936753643859,3.574847513044399,-0.864795907148963
xname,2021-12-17,-2.1744537270329656,0.17820605381937416,2.8041570280000094,1.6753647959058426
extmatch,2021-12-17,2.4184926194083634,6.868027273137978,7.669689016945247,4.035277276402183
extmatch,2021-12-17,2.586477834808165,-3.532752169897335,4.32131277886274,3.480178253971644
extmatch,2021-12-17,-9.426847499424273,-4.223230844272175,2.8657625028786438,27.752641339781505
post,2021-12-17,0.5072854108473468,6.656165363738098,-3.743126918343753,-7.021248074106312
post,2021-12-17,1.7047966828963368,1.0540181965033701,-3.405596972781033,-4.699167251606207
post,2021-12-17,-1.0043469615223177,-13.250565405858216,-19.83425416961847,-22.834959781086507
xname,2021-12-17,-1.9198288606207425,3.8961057008568334,10.841326424686137,8.606767420705319
xname,2021-12-17,-1.9875563764979787,1.001105479178177,4.397835421787355,1.6880792005268708
xname,2021-12-17,-3.2519675326064146,-0.1466769300190185,0.5133548523829301,0.6096079870370197
extmatch,2021-12-17,1.0730509029875046,8.666943545785589,24.55633873441787,28.724726055768258
extmatch,2021-12-17,6.463961289460185,8.654050181723317,11.290668745729459,2.5303050654768455
extmatch,2021-12-17,6.861846118254111,8.600171709055516,8.234222443923578,10.155522667290938
post,2021-12-17,0.6700662343569919,-10.963399138411688,-11.284172518669811,-9.530600133699984
post,2021-12-17,-2.534266801191032,-10.882001741317149,-15.40528980743564,-18.569284149912647
post,2021-12-17,8.80168061668285,9.649336045377122,7.919191489663291,5.705225881591414
xname,2021-12-17,-0.49846003605769074,-1.5707726111778841,0.36153470552884315,-0.3723050631009639
xname,2021-12-17,-4.751896700952685,1.934394748487045,0.7989849504743018,-2.354925807910102
xname,2021-12-17,-0.16224900120297425,1.1061784643621397,1.607655896633453,2.9351018511330818
extmatch,2021-12-17,-0.5198913975160147,2.508562325220165,2.2949958880713828,-3.4406185365193243
extmatch,2021-12-17,5.888215289016596,3.8922092997137447,7.584822759350862,5.389220929971383
extmatch,2021-12-17,-5.19404449647679,-2.136417371242938,-7.781264572879898,6.252447271829786
post,2021-12-17,-5.789407495132748,-2.321975173324542,0.4407968210146329,-4.650155416878288
post,2021-12-17,-1.3022320080248506,-2.4156881287838106,-7.0934890718637895,-4.895369531865946
post,2021-12-17,0.2021893861776647,-1.8032783467976876,-11.983600970142172,-11.595627481247007
xname,2021-12-17,-0.03984381509971602,0.5380699356200225,2.032685846060134,3.786393613712691
xname,2021-12-17,-2.058736263518579,1.2789004026330542,4.600036855117096,4.42487332793462
xname,2021-12-17,-2.4769942921644694,0.989082869387059,5.349617616449809,4.31323925359961
extmatch,2021-12-17,1.2543209241004716,6.012107868481054,5.839093534245121,9.515565638983636
extmatch,2021-12-17,1.1583717499556334,1.4832055127658172,3.0399554693255837,4.032852220744809
extmatch,2021-12-17,2.6744809845860917,3.632726309575385,4.8841656808984,6.764876870621572
post,2021-12-17,0.3612527367439,-1.991390648819813,-3.2060871877375274,-6.416660454149403
post,2021-12-17,0.4356740374880541,2.1573932394562734,1.531108443480833,-5.864716935110992
post,2021-12-17,-3.0551557957489095,-4.256668270014041,-4.951219969278631,-9.140853527935045
xname,2021-12-17,-3.7772632756068236,4.088782027190718,6.074764203285343,10.78660601575374
xname,2021-12-17,-1.7086909129179095,0.16625221044759275,3.084884821616707,-6.61309403774154
xname,2021-12-17,-0.27709384228796763,-0.20013110590146876,0.8620586239052042,2.0931624993401954
extmatch,2021-12-17,-0.6650825015918405,0.6810009116076765,0.9717174995778288,-1.6447744361909988
extmatch,2021-12-17,0.663201724461393,1.5019489679830356,2.730817207349978,3.19895843388871
extmatch,2021-12-17,1.48267800141193,-2.707922215236014,-0.46443076855939847,5.839797074143038
post,2021-12-17,0.5515643629765643,-2.7400480994386855,-8.320976649374101,-15.698950907350884
post,2021-12-17,-2.087998953826997,-8.758989874244138,-6.806649606654613,-18.361443232739383
post,2021-12-17,3.9436638821645165,5.546166266260766,3.9123630672926346,-1.8904565085827496
xname,2021-12-17,-0.7564240886482665,3.6812904396519297,5.295021005203049,10.943020361500277
xname,2021-12-17,-5.549214545972192,-3.344730046839095,-1.102231254302355,-3.53477219315278
xname,2021-12-17,0.26768999313113717,-0.3178711435782189,0.3680895923383831,1.8069316975387384
extmatch,2021-12-17,-2.607692248177118,2.9940104758644948,8.808192646262913,12.333394369471517
extmatch,2021-12-17,3.0384227921589124,-13.8428214223411,-15.264188128350487,-2.6470283157496
extmatch,2021-12-17,-5.842958365554729,-4.570723992902803,-1.2911318560618001,5.409485246741141
post,2021-12-13,5.115518796513552,2.225977164928672,0.8098562735694426,-16.046332519721506
post,2021-12-13,-2.090108502785104,3.8014869315823763,9.534358160191925,0.9224765388301304
post,2021-12-13,-1.4886015960724808,-7.136783443045358,-2.8394016311692583,-17.30690414790902
xname,2021-12-13,-1.309760216821776,3.5941058650750257,4.104933000391053,7.823678267926248
xname,2021-12-13,-0.3019903748105013,-2.394520651526555,-1.4325014519917079,8.854715871350383
xname,2021-12-13,-0.811602688437707,-2.0356656920477723,-3.033536851516727,2.2751450254847816
extmatch,2021-12-13,3.3217160469640294,-4.073313299927561,-4.5261647889670575,-1.9797501044308219
extmatch,2021-12-13,3.0903051986549634,6.300625138773475,6.150612434561875,1.440142561855784
extmatch,2021-12-13,-2.5350412368773445,-5.577727945249389,-6.312055666495997,-3.3268360507109573
post,2021-09-17,-1.4944292043602925,-0.7065622325077014,-1.825799180274923,9.754263331562552
post,2021-09-17,1.2119155173867746,4.769080371337053,1.958722745487118,3.655412798572444
post,2021-09-17,0.7289351950495071,7.152635875175273,-0.8265333859042379,2.382043339554407
xname,2021-09-17,-0.46189076465262824,2.30945382326313,2.1939919563117583,0.19248695790723414
xname,2021-09-17,-0.49519319973430065,0.5956208674092967,6.2036156969521805,4.369966692824279
xname,2021-09-17,-1.5626093271599473,2.481110040833445,0.020934044419052,-20.685965348266567
extmatch,2021-09-17,0.17888814202411396,1.0017845139673298,0.2862251217256917,-3.094818085349582
extmatch,2021-09-17,1.2946262249962537,2.6035172928539074,0.1143366142854152,12.885785737702804
extmatch,2021-09-17,-12.593471692585002,-16.42729491039351,-12.902079384989795,-21.115726840186554
post,2021-09-17,0.8298927796533073,4.780088452258702,6.240671399412778,10.307068595773817
post,2021-09-17,1.4485549330049086,5.876524655100845,5.497927214804776,5.185171110034936
post,2021-09-17,1.1054409534398735,2.4659852168626983,4.812937013336183,9.812905414518003
xname,2021-09-17,-0.1913821456331677,-0.035861018723659654,-0.035861018723659654,-3.576541754133644
xname,2021-09-17,-1.4947849679826541,-0.8623913250953241,-0.8853601894226903,-10.319646241313961
xname,2021-09-17,0.13159267735485258,-0.45459640859149,-0.7297667538686992,-1.6150283449386849
extmatch,2021-09-17,0.4660392838698346,0.8155620800522012,-2.120470297095711,2.9593392302693866
extmatch,2021-09-17,0.9739829520934551,1.0854897470970348,1.5464458782401325,2.7732420519068324
extmatch,2021-09-17,0.6052074996547807,2.593757115754247,3.6528764752031595,5.889988558262038
post,2021-08-27,-1.0349230433749135,-0.25264229081665146,0.8477464130030032,-7.584924807979476
post,2021-08-27,0.2609759017962565,1.5279388630798252,-3.2846641203183813,-8.999281817368121
post,2021-08-27,1.0744991780911928,1.749263877889673,0.5580367210293424,4.770951075079943
xname,2021-08-27,-0.7267349726960193,-3.7564419964445817,-4.704142823169022,-5.563460305343626
xname,2021-08-27,0.6315213338938808,1.7742866888242004,2.786684858051669,2.7566294113447576
xname,2021-08-27,1.301164408181088,1.4095973607133994,0.6234739659574773,2.277040299500799
extmatch,2021-08-27,-0.13744658104708485,0.20618106611216547,-0.7559002230512424,-1.8325352558092645
extmatch,2021-08-27,-1.5682605983470377,-4.490916028964509,-3.683026421319857,-1.5920153368415568
extmatch,2021-08-27,-0.14555797208404275,-0.5094571706060536,1.091723205437356,-2.983993915777494
post,2021-08-25,1.9917489556867896,-0.7743613317829801,0.11171476640656763,-7.7050504432967015
post,2021-08-25,-1.3394925380278977,1.8364695725903823,-1.6384536654388993,-7.252676212474196
post,2021-08-25,-0.02639494827844091,-4.222754493498315,-2.1339982006791547,-2.024667425377602
xname,2021-08-25,-0.05127120177310651,0.8716495485572073,2.059480201029529,4.324051728887213
xname,2021-08-25,2.32412474518624,2.6305770781682725,2.9638777811409334,4.350746614053969
xname,2021-08-25,0.783490468940018,1.9807968600100478,-11.658576606923287,-4.596116518749982
extmatch,2021-08-25,0.9921898638477922,5.932023368409611,2.4065602573214884,-4.6231596408990105
extmatch,2021-08-25,-0.3568054418017441,-3.8710113504070054,-5.870463414601579,-7.6746966552802665
extmatch,2021-08-25,1.292330665226915,-3.654187501375905,-6.818184715830988,-4.144386288067603
post,2021-07-20,0.484187793987223,1.5834383124895934,1.3827579246838306,-0.4449432962710831
post,2021-07-20,-0.07761728005684088,-0.21127714244493223,-1.8151217314517298,-0.4570295454605855
post,2021-07-20,0.12630463228953115,-0.5923741866937005,1.999208641591932,-0.11293577735252969
xname,2021-07-20,1.8081071760313927,2.098461182168543,3.8273744943398746,6.0710126795769925
xname,2021-07-20,2.9648016571830915,2.8402402061755927,-2.4478311228929295,-2.9648016571830915
xname,2021-07-20,2.244575542213112,3.4834959904790574,2.5943746880740415,7.60822449129166
extmatch,2021-07-20,-0.4503031412956493,-1.6626215697803315,0.19792765092001563,2.140013687142761
extmatch,2021-07-20,-0.03369213780601843,0.2078046939062661,-0.6177622146486206,-0.8985592383140895
extmatch,2021-07-20,0.16113841427038977,-0.22276172973587638,-2.1801979375856373,1.5356078601048706
post,2021-07-20,-2.194299944720002,2.9088694058071907,3.1976629024655034,44.243310883327936
post,2021-07-20,8.418922461303291,7.0399189587814215,18.175467187149618,3.9714302859182204
post,2021-07-20,17.100937781893144,-6.862132496536599,-5.786522858641108,-7.430143610092577
xname,2021-07-20,0.4139168398822779,0.37224351699576275,0.6194947675186357,1.2417874558958042
xname,2021-07-20,2.576388215975034,5.608463052059154,5.301745075258535,4.916170260524422
xname,2021-07-20,0.5905327054655185,-1.2145962213586992,0.7784167987000323,8.227094332166773
extmatch,2021-07-20,2.8598482605808107,4.586543217647665,2.5495741586369025,18.801222856599175
extmatch,2021-07-20,-3.841435864296483,-5.664587214281602,-11.803076548229841,4.159236556914148
extmatch,2021-07-20,-4.827303934271021,-4.200562229114013,-5.067336352331331,0.6667555864027674
post,2021-05-13,-0.7582170501893692,-0.11838700861929174,0.8455944558098505,3.382377823239424
post,2021-05-13,-1.9327242615807205,-3.0601413377358333,-0.5591504229912281,2.7106642087158628
post,2021-05-13,2.3697273458406665,2.585431536278038,2.215648893727251,9.327906105433904
xname,2021-05-13,3.084475674914322,4.112646820398291,0.04468133935264795,0.6705316229748348
xname,2021-05-13,2.589102453875891,1.9500201571046372,3.187223558680752,2.9332253495288008
xname,2021-05-13,1.0093788207674814,-0.8096283835548612,-0.4801560996708476,-1.8470535965740331
extmatch,2021-05-13,-0.6228829979378459,0.7210578628376263,3.317541812130531,8.429246584619076
extmatch,2021-05-13,-1.9140761161892117,-6.015227318714366,-6.739718045783983,-11.960541372952548
extmatch,2021-05-13,0.9376816264871524,-0.7259578599433825,-2.9643058122437504,1.6787667335796286
post,2021-04-19,-0.19961190544025564,-0.11515846179223077,-0.8522077622660773,-1.9884808736204462
post,2021-04-19,0.814755963770164,0.04611649175942922,-3.6202970737139073,0.4611766461019018
post,2021-04-19,0.7000448995043485,0.9000677894477338,0.13077787657624906,-1.6539803557331978
xname,2021-04-19,-0.23317353389711304,1.5108997292272441,1.6787603847233878,7.162831879615106
xname,2021-04-19,-5.721271553271922,-10.782395312679249,-0.02445509989563721,-2.224938419223088
xname,2021-04-19,0.3861000306814244,0.7239456122096755,3.0405457962982885,-2.268336529584569
extmatch,2021-04-19,-2.627877697294456,-0.7708929653544638,-1.4392553289346965,-1.6025482734108865
extmatch,2021-04-19,-0.06262118781715786,-1.3358352753649494,-5.593825852728429,-1.648933143669984
extmatch,2021-04-19,0.04227901652300581,-1.8602000154738119,0.5073372394848841,4.241830275940162
post,2021-03-19,-2.2648946810149395,3.8513610477085347,3.2094455969304603,10.708722580792385
post,2021-03-19,1.8051595790594455,8.560482459888918,7.266076220532436,1.0719790660780104
post,2021-03-19,-1.1845302294231752,-3.920298674498124,-2.735801787469083,-0.500586034254813
xname,2021-03-19,-0.9566658212425749,-5.627470936645141,-6.302777881010801,3.1513780738718022
xname,2021-03-19,0.5613607050554359,0.1557062312738111,3.8188823054557286,4.304441437599227
xname,2021-03-19,1.338473471584689,-2.456278572466153,-0.9610632765184035,1.3260997795393248
extmatch,2021-03-19,-8.486500564334975,-13.369373583147148,-13.675681709039312,-9.387411042003556
extmatch,2021-03-19,-2.2805076839175764,-3.5251869125195734,2.405811774658617,-5.680390505696109
extmatch,2021-03-19,1.4434310672324369,-6.293284160594026,-12.124712024997674,-7.621232192745586
post,2021-03-19,4.507017635441923,-5.62175534438879,0.7495664016882841,2.5273927969598597
post,2021-03-19,1.944768641792649,3.889537283585298,-0.4570143991102338,-2.187864722016719
post,2021-03-19,0.7267706403333962,-1.080336355743483,-8.662345041504215,-11.33372711659314
xname,2021-03-19,2.883345935149273,2.277715451375495,6.534714012886722,14.153420808753324
xname,2021-03-19,0.06141726418511517,1.4781582190553921,4.779990206808393,5.440368406544915
xname,2021-03-19,0.6695232966748454,-5.0214247250613635,0.026776436776509982,12.131758866591547
extmatch,2021-03-19,-9.544067286562342,-10.191433388497629,-12.244518820008587,-7.1303054474358145
extmatch,2021-03-19,5.9803705708155075,1.083620488551107,2.3001431271922668,-0.32713115500158096
extmatch,2021-03-19,-7.308598252740284,-8.816698456242623,-11.020871248829433,-17.236993201312423
post,2021-03-19,4.819550255846705,6.815323661078332,10.06135730229214,8.35587033986316
post,2021-03-19,1.5838628303629365,-4.060540979962813,-1.6480612542543072,3.0973873294332765
post,2021-03-19,3.052718239821006,2.2942591801484946,2.6026716014702966,2.461056592987809
xname,2021-03-19,0.3100713061331417,-0.35436957273783376,1.1517300915723894,0.5536869323094384
xname,2021-03-19,-0.007267600873950286,-0.6408913822195883,2.918625912250117,1.8053598362814727
xname,2021-03-19,1.7055416654218503,0.6424446178895815,2.871896659894846,10.25621694998804
extmatch,2021-03-19,-8.008488920241819,-10.405733258243854,-7.950148634603438,-10.909576765465335
extmatch,2021-03-19,1.580695284088618,-3.535775162640342,-5.7404368367719005,-12.104832129524523
extmatch,2021-03-19,2.851265625859578,6.8488973403233455,6.584347851182204,12.022329613760219
post,2021-03-19,-5.815144989005239,-0.09139932842500142,3.0275352026003954,7.768768589730857
post,2021-03-19,-2.076196368715566,-3.176585829776035,-2.792486650341841,-0.6124820472026116
post,2021-03-19,0.6786247082156027,0.21853554943223052,2.3004370184460443,10.800551099566501
xname,2021-03-19,-1.6878271548301238,-2.1310946617650095,1.0570359857085432,-0.06819734353151752
xname,2021-03-19,1.3878171930141736,3.2896180724171886,4.767391513757602,9.342068109872748
xname,2021-03-19,-1.8264842833897732,-27.288546626937638,-23.89650201646433,-25.353336425015815
extmatch,2021-03-19,-0.28573233962568834,-0.28573233962568834,1.8367265031075108,-10.53060999510943
extmatch,2021-03-19,-2.997274449099341,19.164392486952163,10.263397737964253,30.608536017272513
extmatch,2021-03-19,-1.063414346537328,-0.5514033997096379,-2.2646795430020794,-1.9692891950927494
post,2021-01-20,-2.5432406641442973,4.702055943104555,5.618812961826292,7.99941428629285
post,2021-01-20,4.562900593903074,5.478439187237405,9.258707220976191,11.001176630169041
post,2021-01-20,-3.5785484602060658,-2.9000935988799825,-2.0486909046694035,0.532129221261779
xname,2021-01-20,1.7453462909243989,-2.663981441925356,-9.902623882318151,-1.1574672948290177
xname,2021-01-20,10.45977152697317,9.564833571536635,7.8420412699483855,7.025383075554892
xname,2021-01-20,-0.030214714774035034,-3.0142627946714518,-9.820941740043686,-4.623393271891918
extmatch,2021-01-20,1.2499968691545016,-0.937489484442855,-2.083335375189088,-1.9791626169860854
extmatch,2021-01-20,0.3799778073925397,2.4591211391047363,0.9463822692703516,2.6168720293080705
extmatch,2021-01-20,1.1794690719174161,2.6447082941502,5.466069269297291,3.6215317788248935
post,2021-01-06,2.5234421562378984,-1.183172287899914,4.123910744662451,-4.8848725165607565
post,2021-01-06,-1.2421448008581026,2.28492619185936,1.763531596448531,-3.0107852796797174
post,2021-01-06,1.9259675860648695,0.29589993821390603,3.8779011739357827,-1.7079418893870546
xname,2021-01-06,2.1095395922292592,-3.0529374218704275,-0.890985728373761,11.37316606378922
xname,2021-01-06,2.3014345940167935,2.2112101718890997,3.790621998821919,1.759919990334935
xname,2021-01-06,3.3859774582748914,7.152301737942479,27.790639930435866,21.34942247742977
extmatch,2021-01-06,11.109705370803624,5.510816643713534,5.686960810466668,-2.189236813881279
extmatch,2021-01-06,5.592779384142976,-5.015001936898022,-8.920722359065236,-17.263700081128796
extmatch,2021-01-06,0.07654144355984105,1.5272470742447641,-0.8602208188944416,-9.141607899797787
post,2020-12-18,-0.5051945227960153,-1.300847191292931,1.6291721398342007,4.306611965175788
post,2020-12-18,0.8701584058885103,3.2757677164575227,3.608455941656996,3.083830356829109
post,2020-12-18,-2.668118688512311,-4.020465332122026,-4.788006637553144,-1.352323805895872
xname,2020-12-18,-1.8348615626545772,-3.2765380120444276,-4.5871435600228105,3.407608913455884
xname,2020-12-18,-0.3060406280832262,1.8219219927807728,2.9545473995759686,3.3864362653908797
xname,2020-12-18,1.834877026800319,4.4560951062136755,4.587157189436475,6.4875534653267675
extmatch,2020-12-18,-6.643637056288254,-8.077892922279794,-4.564492887762217,-3.7123138106671894
extmatch,2020-12-18,-0.06695234045244192,2.042039247544758,0.6360400980435665,1.8244405729470392
extmatch,2020-12-18,-1.778087678474427,0.8385804746345427,2.3914770101429506,4.433563326495693
post,2020-12-18,-1.5694724794420356,-0.36057447066000226,0.7422965196125286,3.9660548325314293
post,2020-12-18,-0.1487947164381942,0.9564203835681795,-1.5728000543058451,6.780027368161368
post,2020-12-18,0.7961553451077741,2.1297740810167554,7.105872907421418,7.484057162486968
xname,2020-12-18,4.90967703126679,3.2633905266703067,3.7514314056682485,2.8773290702243104
xname,2020-12-18,-1.1591463756668419,-0.7264854897493955,0.0587704022278146,-2.596038401657008
xname,2020-12-18,-0.9564287553359363,-1.0261023092690058,4.864449226158674,9.253863794339212
extmatch,2020-12-18,0.4430884149073222,0.3222561229606402,-0.3424000779664538,-8.056395214494216
extmatch,2020-12-18,2.287234029294316,-1.4893374914345725,-1.3298005592049633,-1.968085384819207
extmatch,2020-12-18,-0.6626377193151178,0.963858932066719,-4.61847080644795,-3.4337365194300307
post,2020-12-18,-0.6999945833566779,0.4644797636389031,-2.492456466458448,-7.7587333496699
post,2020-12-18,-1.3150949644508358,-0.05259460262129201,-1.420305069595107,-0.11836659326273091
post,2020-12-18,0.24676928243447804,1.9610414280668342,1.3206963941727823,-2.521331407149918
xname,2020-12-18,-1.5912370719904811,-1.8289028869561408,-0.37200532019125987,-2.812908732535413
xname,2020-12-18,-0.2581872042851874,2.959288428246176,4.429003822273736,-0.9731834729277744
xname,2020-12-18,-3.7494400529070493,-1.6918123874932856,-2.103311676998898,-1.371741683258998
extmatch,2020-12-18,-1.3129892286159461,-3.619589279439339,2.484027055518645,13.839607303481149
extmatch,2020-12-18,0.7619908682208854,0.6858063733342412,1.6255999747851302,5.5880181532431905
extmatch,2020-12-18,-2.9087793949034713,-1.440266375969712,-2.8805435248772437,-0.4518493309843996
post,2020-12-18,-4.66255653807538,-5.471704192988913,-9.04572111119859,-8.49056917164377
post,2020-12-18,0.9129662597838761,2.1169767486424407,3.3010339513072973,5.25056734553464
post,2020-12-18,4.634573900290828,5.2060719439297465,7.041550474243308,9.394288711411436
xname,2020-12-18,-1.6768061421104874,-1.0162699309960832,-4.014234509654413,3.709367507682426
xname,2020-12-18,-2.8044149951648167,-4.555874896380385,-4.503752895423685,-3.283988309018482
xname,2020-12-18,-1.3908024057239343,-2.957878242159173,-1.4495512205828676,-1.5670938271915902
extmatch,2020-12-18,2.187430882238206,2.245411384896756,6.340922781938141,3.531518503654252
extmatch,2020-12-18,0.23439580544992733,1.9728530955193557,4.8637595337627015,6.426410655609316
extmatch,2020-12-18,-1.3766519939460542,1.1839215550353055,2.45043886874059,-11.23347480902882
post,2020-12-18,3.7631503393185106,6.400693119367462,-1.5652098794917468,-1.6051709550463311
post,2020-12-18,-4.1163194511138705,5.375121490228918,-0.6734688389567811,-1.0951695869140132
post,2020-12-18,-0.024571938733464194,-7.7783170500098535,-6.782989468378931,-2.3838718081675037
xname,2020-12-18,1.233555100469852,0.337128662606867,3.8465742020380445,-1.204823646046027
xname,2020-12-18,-0.5751848031024576,0.08628281562066409,1.265454606861094,-3.4512398368938935
xname,2020-12-18,1.3100143456876046,3.014311919341206,1.2432444076659444,0.7344984288056411
extmatch,2020-12-18,-2.111247889897616,7.229970161264787,8.5281303162297,-6.818816089724999
extmatch,2020-12-18,-1.1945340465529752,-3.0716667265199504,-2.8441410817400925,-10.864618064284159
extmatch,2020-12-18,-1.384178429444416,-7.608505105419249,-6.894089113478419,-1.428831983881662
post,2020-12-18,2.147832318604359,3.84140038990195,-1.2613568585442159,9.724789299978
post,2020-12-18,0.8998160942626843,0.3470723890851124,-4.460537939973297,0.8869620456427363
post,2020-12-18,-4.131680595463227,-3.2052608524740345,-4.230942558252582,-4.599030326299802
xname,2020-12-18,-0.7964969379266051,-0.7719121245592486,-1.1160845072387904,0.6637524497600022
xname,2020-12-18,-0.08832042345471303,-1.1892060130385906,0.3002623571772167,-1.8485936490751143
xname,2020-12-18,-0.38961104373005373,-0.9090951876769116,4.155840123893428,16.363630808980844
extmatch,2020-12-18,-0.9187680772716478,-1.1185038015414595,-0.49266993968715145,1.0519319994388265
extmatch,2020-12-18,0.5152120465422572,-2.276880781553192,-8.052184173497224,-21.82980957845291
extmatch,2020-12-18,0.6304992948356514,5.195448869121622,-0.706176446007778,2.4211477554289207
post,2020-10-16,-0.4861399338849104,-1.458350869536551,0.8680698233338724,3.333312143089606
post,2020-10-16,-1.066585410433618,2.2434459781937033,5.9212883785820125,6.84075911948292
post,2020-10-16,0.8605764415652084,0.4819106581407162,2.44402646355133,5.886385382281301
xname,2020-10-16,-3.389787880236639,-1.4711210374398154,-0.04508992267417966,-5.745623048699611
xname,2020-10-16,-1.8241232178910938,-1.9675934828491282,1.1273251422046826,-6.148766527790627
xname,2020-10-16,-0.3071914124468056,1.0899560470714054,-2.120533978780459,-10.394397064495543
extmatch,2020-10-16,0.5620197252701686,-0.4087081752741972,0.39595992124381585,2.567407808086286
extmatch,2020-10-16,-0.5313781200907308,-0.8379199493808165,3.8013443758393883,7.091767028529872
extmatch,2020-10-16,-0.5907867338792117,-0.7089486458287331,1.260337930894373,3.564396301813666
post,2020-10-06,1.7717412480038996,3.970561550043672,3.719542294135292,4.374552671302445
post,2020-10-06,0.5883075212745892,-0.930556427070306,2.545601314157997,1.0578500525605161
post,2020-10-06,-1.1281011678403008,-4.675919790563709,-0.7657012127416429,-7.26657586097017
xname,2020-10-06,4.309656611021961,5.347167522525331,-2.47405804109202,2.154832111074967
xname,2020-10-06,1.0939535616543816,5.0622020213097585,3.7537766814344398,0.7722198661946011
xname,2020-10-06,3.6586572512654625,6.701582263883066,3.248195538225085,2.929754773636284
extmatch,2020-10-06,-0.6168804379086068,-1.4700127453642797,-1.0893841770027501,1.7981297720013778
extmatch,2020-10-06,-6.49858285773981,-2.5211908057584442,3.412309425768245,8.302550856068347
extmatch,2020-10-06,-0.9384369008697102,-2.9868093623369396,0.3068238317320171,-8.27467612447592
post,2020-09-18,0.5284902762048738,-9.878719556083881,-6.6027477193491,-17.61637010985212
post,2020-09-18,-3.569335727435452,-0.8965225877704763,3.2509467385152924,12.744029559221715
post,2020-09-18,0.4840844908509112,2.249950973584003,0.6272572308111624,-6.016906701039781
xname,2020-09-18,-1.1854097530095253,-3.007793564018968,-0.6369268333418998,1.1605066166861855
xname,2020-09-18,-2.422976993898518,-6.057469680832172,-4.11906477478261,-3.46140902610117
xname,2020-09-18,-2.902903426113901,-2.742743177007867,-0.8258379904815039,-1.7267078126491864
extmatch,2020-09-18,-3.6114304316422374,-2.7209984696836,2.443928364334469,-1.9774143902059782
extmatch,2020-09-18,-2.504052299906545,0.7025819062120409,0.5584604263458637,-0.25220571767542443
extmatch,2020-09-18,-0.5698969857346414,4.529536967078074,7.901453131330927,8.975963579638613
post,2020-09-18,1.1802184378133296,5.025857399246769,5.370629619498768,9.123449269880734
post,2020-09-18,1.8610611489183304,4.665817261105709,6.55308449042773,8.099590876357698
post,2020-09-18,0.4140994481246718,-0.2991186902604026,5.912767907768424,-1.5989971581480855
xname,2020-09-18,-0.8044983404887129,-3.963328116363596,-1.3428151384761278,-0.33124712012121416
xname,2020-09-18,-5.22448802152854,-8.081621871272638,-4.163251706982063,-5.816312045970062
xname,2020-09-18,-1.8919151586454408,2.7748138341123774,-8.770739247398385,-7.2960091834016305
extmatch,2020-09-18,1.059385435164062,3.210285146286984,6.709485032687246,5.136433634640092
extmatch,2020-09-18,-1.2915716022722235,5.438191903105505,5.035558512749949,1.6785222383424392
extmatch,2020-09-18,-2.139632980831352,-1.2628540779644593,0.21287979465407503,-1.7246974146000515
post,2020-07-17,0.6155369413643141,-5.411645343726324,-7.655810417674602,-10.541165512750961
post,2020-07-17,-4.5472097181369575,1.0691766848132112,-4.985180025904368,-12.623980122492917
post,2020-07-17,-2.814287395527537,8.177347514911904,3.05322629292053,-2.084162560284164
xname,2020-07-17,-2.983492813082167,0.0702072671459053,-1.8603075799798585,-1.0529933825719429
xname,2020-07-17,-0.2637290722554697,-0.15071258444439017,0.703219400514099,6.128308281242623
xname,2020-07-17,0.8081605577996198,1.5976930999310524,-0.26108134598358257,1.4919863391798183
extmatch,2020-07-17,-1.788172142805844,-0.13754817153938115,15.54332380424228,-2.0632750448551618
extmatch,2020-07-17,0.5698008185434977,-8.190887758707778,-6.623933523423043,6.980058042867654
extmatch,2020-07-17,3.630120538720649,9.985436379308666,16.33034850001531,30.88204975025517
post,2020-06-19,-0.2555906570947175,-0.009606202017375942,1.9409219748850015,2.050460827925593
post,2020-06-19,-4.285268361563787,-4.256498968145417,-0.06419242677973003,3.4773543533415108
post,2020-06-19,-0.04854732655283911,5.058376025960021,7.608370036034096,8.174781381814533
xname,2020-06-19,-0.35440555381154315,-1.812986520721216,-2.5081708161273752,0.12270757650156838
xname,2020-06-19,0.1065653408033107,-2.824444781389601,-7.513987925920606,-0.3464219898409282
xname,2020-06-19,-0.532887635610213,-3.8819036917170813,-3.3124250056273508,-1.0814875338748586
extmatch,2020-06-19,-2.5476882431149206,-6.301532812979948,-7.556917490321025,-9.924931276918636
extmatch,2020-06-19,0.6900469077456339,2.6033272881061276,4.351920086675065,4.675466586971133
extmatch,2020-06-19,0.23493564338081807,-2.4000367197278494,-4.261098449474188,-4.836927335542407
post,2020-06-19,2.1243076155388563,1.2531379063173365,-0.6902320235674053,9.348297120232818
post,2020-06-19,-0.43817761576130376,3.208212356331974,-5.331697126111045,-6.021140961845594
post,2020-06-19,-1.8869753076387386,-2.3800881607769386,-4.382135173035939,6.1672012936186515
xname,2020-06-19,-0.649847998917974,-4.668646138790122,-7.2338493981918495,0.5130576471096493
xname,2020-06-19,-0.5499411574086066,-6.657027036924501,-7.49639160308313,-0.7236156476855271
xname,2020-06-19,0.25038779500650143,-1.2185635580520882,-2.420435162457879,1.6692632871262214
extmatch,2020-06-19,1.491525662426696,2.927785529451654,3.7702261608644427,-2.9277535222342443
extmatch,2020-06-19,3.1806241318131256,0.3679001935443127,-2.9551433418335993,-0.968423488815362
extmatch,2020-06-19,1.0394145832327562,4.86445898071266,2.045567138512072,4.182603267875296
post,2020-06-19,1.3987193977047063,0.6279920197127309,3.1314229822307693,0.2854532938721066
post,2020-06-19,-0.3779681208298413,-1.8736507979926653,-3.053455114730519,-1.7359591743347114
post,2020-06-19,4.103430748854042,3.389544118144028,0.39067304556692495,0.40753576637977407
xname,2020-06-19,-1.087828075513586,-5.761490091082189,-8.420618621267362,1.410142994952257
xname,2020-06-19,2.6729575605530576,0.7075542131361301,-1.5723089700069637,1.650933720314618
xname,2020-06-19,-2.397812571551705,-6.038018596433248,-5.056538580293724,-2.5888307922443343
extmatch,2020-06-19,-0.12091073860047707,0.8101662986071734,1.934725489211142,1.039914950450993
extmatch,2020-06-19,-1.8712995268740928,-6.244033844676622,-3.3416078588738296,-7.427915732264923
extmatch,2020-06-19,-1.827518157859398,0.3997685608608137,6.282124752769613,15.47686796750789
post,2020-06-19,3.9196328534005342,10.713661360514015,19.824631588554098,11.973749673820254
post,2020-06-19,-3.328079514117821,0.7771172815536964,7.365695290114194,7.005294691482988
post,2020-06-19,-1.0874670833753264,-7.527542430560907,-9.744843765500233,-6.557759531050477
xname,2020-06-19,2.6763377546861644,-1.2832989002395712,-3.372800230621653,1.90305316889392
xname,2020-06-19,1.1992601585565144,-0.04345380138841559,-1.474864760566641,5.977455701569401
xname,2020-06-19,2.777777777777768,-2.777777777777779,-1.305558946397567,6.500000423855257
extmatch,2020-06-19,-0.03191030664643213,-5.995255820204792,0.6838698026096823,9.097748775519365
extmatch,2020-06-19,2.6587870076658415,1.033975159953715,0.06565060779089027,-2.4618414450796933
extmatch,2020-06-19,-2.255637849223302,1.9786307516523438,4.986150399909195,-0.3957276599059312
post,2020-05-21,0.16552089983468132,0.43817108652026704,-0.788754753564902,3.5347305554645603
post,2020-05-21,-2.5964886605619464,-2.5586478855394668,0.3310572900242059,-1.7877401607935939
post,2020-05-21,-1.805209924076323,-3.087379425254011,-4.772263070503035,-7.0866423119810396
xname,2020-05-21,-0.01649619435171168,-1.1382513782563386,0.5856079154914262,-1.0310470669528948
xname,2020-05-21,-0.07513519761227494,10.234416404651302,25.052595282602287,28.539211205414162
xname,2020-05-21,1.076672239456733,8.554580764445753,5.949522940041541,11.130056042184556
extmatch,2020-05-21,-0.4246207759527332,1.0197267073903227,-5.318129947382822,-8.499988812180614
extmatch,2020-05-21,-1.758266361385219,4.088292364770929,5.766644075455818,3.9223102423172396
extmatch,2020-05-21,2.061854759952575,0.21039825665201128,6.753635559881688,13.738697163271297
post,2020-05-11,5.550553386397694,5.282439345196077,4.713442477032492,4.716183072896296
post,2020-05-11,-0.5857341616411271,1.1144579690322232,-2.444026726978543,-1.7929493313467826
post,2020-05-11,-3.208810953959773,-1.7602980944847801,3.0851863238117394,0.999712785842255
xname,2020-05-11,-2.375149294633694,-6.263435114546645,-4.567896871278155,-6.764195542450723
xname,2020-05-11,-2.0034550391157424,-2.2143365139572047,0.47447753067029197,2.4910938518639236
xname,2020-05-11,-2.0175398033647984,-4.072573796337675,2.8845213842547013,3.2858666314145024
extmatch,2020-05-11,3.2665447841361717,-0.7452401858436097,-4.127810141328137,1.8073135838203802
extmatch,2020-05-11,-1.861584550696882,-0.5520933064491196,1.5663178190257199,2.644737945122677
extmatch,2020-05-11,0.22872441378944952,2.314739489165496,2.7813562556072258,4.913067114899583
post,2020-05-11,-5.8042387611361494,-0.9114987056867085,-1.5820237328738829,-0.3378843123313713
post,2020-05-11,5.6952251075106375,10.337826088303181,5.179059021446375,16.546323488092305
post,2020-05-11,-0.7875920949882542,-4.253948498766491,-2.987578258229706,-9.343355218156512
xname,2020-05-11,-0.3563782007538818,-2.446117213123411,1.94396072847689,11.193917027840538
xname,2020-05-11,2.7955891568215874,2.3022592459015945,1.2662505344871011,-1.4635824988551094
xname,2020-05-11,-2.2781741416853407,-1.9609536198681554,-3.2840414648380056,-7.759199866320554
extmatch,2020-05-11,1.244506002425405,-6.28003797932446,-10.19427740574892,-7.364360226998534
extmatch,2020-05-11,3.705753200969175,2.9773779048292814,-6.985564108198639,-10.082207155167588
extmatch,2020-05-11,-14.313042901966721,-17.150146395235822,-18.233984914496126,-13.19732606388493
post,2020-04-29,-1.9660343242764,-6.5420537993194365,-6.798491546754127,19.871216791068225
post,2020-04-29,-0.5638558551334882,-5.847815863499517,4.3306382614116234,20.676630574096965
post,2020-04-29,4.121254254076878,3.436358101261794,2.4536924705679253,6.890591276927349
xname,2020-04-29,-3.680310536354592,-6.6007602877946825,-10.227112879907963,-13.161418788838164
xname,2020-04-29,-3.7115400490060124,-8.05938146190498,-11.9830155565115,-21.73911733806816
xname,2020-04-29,-2.7584406712140797,-8.14645417706239,-10.879114827889058,-14.092518545589549
extmatch,2020-04-29,-4.712049727317947,6.457234837216852,-0.11634937255554645,5.75916079325729
extmatch,2020-04-29,1.8737105239344798,4.1476450095013995,10.314666093566194,3.2926658220975513
extmatch,2020-04-29,2.9554352122397987,6.342089196548573,6.186366877199911,14.908979432295721
post,2020-04-17,-0.8763329340096715,1.6869579842470506,-1.5165483578080674,-12.456179267450329
post,2020-04-17,3.338909162181647,14.708795253902496,19.53135334560119,17.56829337043704
post,2020-04-17,0.7850996668256061,3.9195038754680223,2.7313158782285907,21.976897191086643
xname,2020-04-17,-6.867959191809336,-5.350435336224512,-1.8460521343566016,2.8629566387312178
xname,2020-04-17,1.8010999585416076,-2.176967257163853,-0.5951420323375478,-0.3132382390439781
xname,2020-04-17,-3.313033357669315,-5.255177393212684,-7.730428398131773,-4.226976802656656
extmatch,2020-04-17,-5.541810402832903,-12.215777654577076,-25.663588923492508,5.432403245472273
extmatch,2020-04-17,-7.150333482528726,-8.964071614585144,-6.226021280923666,-9.888383816190217
extmatch,2020-04-17,-2.0646972303932754,0.6194091691179793,5.815553655742778,5.540263608794604
post,2020-03-31,-5.303036192947886,-3.863669469418396,-0.9091034446136126,-18.63638957422711
post,2020-03-31,-9.020623830233054,-5.4983101125255285,-1.9759714420079177,2.6632217371580724
post,2020-03-31,0.31999152348543003,-3.1200141708982776,5.999976609033242,-6.799994144512955
xname,2020-03-31,-8.03857318198017,-9.753484578308058,8.145766607227767,-0.5358948747459236
xname,2020-03-31,-3.348235349232531,-6.130617954029061,-0.3772909339749275,0.7545484053392837
xname,2020-03-31,-21.197241154947875,-17.664366832693577,6.476960946785382,12.168820658442158
extmatch,2020-03-31,0.6711402952518153,-2.516780107505978,-2.684561181007228,31.54362587932851
extmatch,2020-03-31,6.504338868292048,4.936622964757831,25.61707946111229,33.62242156426256
extmatch,2020-03-31,-4.9049556874420475,-8.893921883054523,-17.512064407630447,-42.91342387963696
post,2020-02-28,2.2717498225002686,-8.529780893710514,-8.915568350264813,-16.41664847948889
post,2020-02-28,-1.5507074144236022,-3.604356090453842,-9.723362204547136,-6.077106403234267
post,2020-02-28,0.5584068790189578,2.018893040771852,2.1907168812019817,10.39518576794256
xname,2020-02-28,3.3839788764466583,-1.450277877422712,-7.04419224013485,-21.2016566237625
xname,2020-02-28,6.613840827060669,7.816916424091991,2.9108113779233724,-8.785890347329772
xname,2020-02-28,3.42801180441461,7.42409592981137,2.7228196090536727,-21.52790994713898
extmatch,2020-02-28,2.2731518108535465,6.717982380651066,4.859825126092132,2.9434266577393453
extmatch,2020-02-28,-1.0465103719115243,-0.24380501757781392,-3.2783196816159488,1.099024343270849
extmatch,2020-02-28,-0.6614287226081039,1.4714375638418709,3.8343558394378086,0.869920651224998
post,2020-01-27,1.5194435640054849,0.9641420805201584,7.120221099319823,0.7631135640193687
post,2020-01-27,4.41151180679491,-10.127698927941664,-7.877103474616776,-1.6415996246487152
post,2020-01-27,0.9700321326986616,1.3931396310834065,4.327354429383035,3.329784606290853
xname,2020-01-27,-0.4617947141563383,-0.6299371405375287,-2.154830202999669,2.030703850325266
xname,2020-01-27,2.5781577365757036,-0.9744205411929663,-2.5172511287469668,6.090134190460583
xname,2020-01-27,2.147213547836513,6.247102852021813,4.6522907377634315,7.733017859505864
extmatch,2020-01-27,2.046628332687961,2.724315613184336,0.12200120867067454,3.5917717502663926
extmatch,2020-01-27,0.3732003212299384,-1.2460352646329054,-1.8780720773944104,-1.5891371146476208
extmatch,2020-01-27,-0.6857364630169949,0.20587622603502886,1.4716963899653157,2.0464543174595784
post,2019-12-20,1.0999841193262583,0.521781269326338,2.2986844863032374,5.274288070257138
post,2019-12-20,0.24875663855374874,3.178555876668665,3.524050622234265,-0.48369053505925574
post,2019-12-20,-0.4018794984937957,-5.023442630071462,-5.465508034370603,-5.14401056770768
xname,2019-12-20,-0.9331685241318444,-0.8331868086574823,-2.232974673081889,-3.149463500447469
xname,2019-12-20,-0.20785313586816345,-0.17317969514560883,0.0,-1.8120036982919974
xname,2019-12-20,-0.16389394714575456,0.11700438785193779,0.4212993172905799,-1.6831841983363072
extmatch,2019-12-20,1.8471895033366659,4.366082824733719,6.381194278914903,0.5457643567622794
extmatch,2019-12-20,-1.2797519489066933,-11.18356797079686,-14.203621624072216,-15.255138507279241
extmatch,2019-12-20,-2.602423753586902,-4.500332354192615,-3.9751467878641367,-0.006404861270115081
post,2019-12-20,0.7654841109545618,-3.2845103707328738,-3.8195602369704096,-1.2927094151947371
post,2019-12-20,-0.9348377877805847,-0.28434968842306896,-0.5024767225170979,-3.5406891316511313
post,2019-12-20,2.4737649509806836,1.8644047862350188,2.647295188783172,-0.5972541199807613
xname,2019-12-20,0.9737291063263154,3.14311700429617,-4.003621474506247,-2.232793417767598
xname,2019-12-20,0.5095006645832623,0.0094495090163349,0.02829583461954055,-4.038119459885037
xname,2019-12-20,-1.236873589014642,0.02530771448205904,0.7620426746256959,-0.23473527717812193
extmatch,2019-12-20,0.056924244983114214,1.4993289403085752,1.4993289403085752,0.8920124467374446
extmatch,2019-12-20,-0.608703324897153,6.820667321086016,6.0402728489943325,4.042459606735105
extmatch,2019-12-20,0.11870376829159479,-1.9083261914586203,-2.7940119983495215,-2.3850804568764983
post,2019-12-20,0.6572109118323288,0.21242963322272157,0.2522521085925211,2.323570326265245
post,2019-12-20,0.3631089609733129,0.21784823414683352,0.6205562249439245,-0.349866428272505
post,2019-12-20,0.5498388490498884,0.3908543543118981,1.0731856581299049,0.5697078790272814
xname,2019-12-20,-1.4179023247946065,-0.5583784384569301,-0.7214968949670886,5.715540902965333
xname,2019-12-20,-1.0977822652738722,0.37279736506250494,-1.9055780007759093,-5.5923598552463645
xname,2019-12-20,1.6318075852229663,3.7467602918954013,4.32293532928778,6.781391838284301
extmatch,2019-12-20,0.364351829459153,2.0840929092717397,3.9495724970409096,7.396348809501974
extmatch,2019-12-20,0.43318480622347444,-1.332882995224105,-1.2329239390936553,1.1662867911342412
extmatch,2019-12-20,0.3319564721340651,0.5032941157055326,1.044063234799486,-4.272640575992515
post,2019-12-20,0.7281277244109541,-1.2321236924431989,-1.4911582490160225,1.2321703695414188
post,2019-12-20,0.3674504449924898,1.3521260153469772,-0.4556552103771261,0.05142726113975815
post,2019-12-20,-0.14902428070264762,1.0218672639466186,2.157285849009627,-3.0797306515350065
xname,2019-12-20,0.6568763987271575,-1.0611544468744794,-1.8191244950823915,6.973229100609268
xname,2019-12-20,-0.4718131859329677,0.636904256962767,-1.5931207717252316,-0.05101642019122998
xname,2019-12-20,0.22899182285653907,0.08584678595227047,0.15235146043959258,-0.08918064171742346
extmatch,2019-12-20,-0.3107243207574717,0.7908347256905257,1.6805442521729441,1.5534462316681985
extmatch,2019-12-20,0.19694615178751373,1.3223576078526422,1.7233015754441139,2.612675639037154
extmatch,2019-12-20,-1.4695726707627088,2.330906012572065,3.2745627167345193,6.860195435874128
post,2019-12-20,1.5238835313883259,2.8624368829053726,2.450573708928072,3.789127060445119
post,2019-12-20,0.020985038172183224,1.1018946503044802,2.014899937557302,5.247140258118366
post,2019-12-20,-0.09257930124288993,2.4997431622894917,3.1684002263782096,4.371978232719531
xname,2019-12-20,-0.384484802397167,0.3728434709176387,-0.4427716756879474,6.268210261096718
xname,2019-12-20,-0.19387037767838455,0.5305334996270616,0.061177441979709535,2.0201829401214955
xname,2019-12-20,-0.03318179343629879,-0.5306902872716623,-0.7296920669709217,-3.184085099409073
extmatch,2019-12-20,-1.1408732184977288,-0.6634829092759142,-0.2953331092819811,-3.920211722342193
extmatch,2019-12-20,0.9840592589376085,1.8645352804728565,-7.936256032795319,-7.976100484005233
extmatch,2019-12-20,-3.7572826474484344,-6.238211979190855,-5.785088264231797,-3.084344916387727
post,2019-12-20,0.20323826342083517,-0.5647470296557211,3.3968071873174077,4.90113002787671
post,2019-12-20,1.4189509931440858,1.518957806913046,4.638149821485804,2.7628909146587555
post,2019-12-20,-0.28567371826008214,3.6869989302609874,4.328504574208059,7.375667535364916
xname,2019-12-20,0.814581376568535,0.5139631159624347,-0.9115616915918001,-2.269204717765305
xname,2019-12-20,-1.5110746339794034,-1.1193246002421886,-2.9773744737694563,-5.283154187393602
xname,2019-12-20,2.9115897245827638,0.5853710127958323,-0.4877982579168494,2.829272949603312
extmatch,2019-12-20,-0.737003871318842,1.2844778146154479,1.1791915472841863,1.726681764831861
extmatch,2019-12-20,0.53393083364075,-1.4133102780870987,-1.8530038787049175,0.28268067191170587
extmatch,2019-12-20,-1.4274041934583814,-0.5709634305527067,0.5913527901821869,1.1215375014759443
post,2019-12-06,0.36017364991396406,-0.08604137720304994,0.7149816198473546,2.0267602017927544
post,2019-12-06,-1.1925151251019006,-1.6924380241564951,1.0362773018691707,8.831967116062355
post,2019-12-06,0.35321300319925975,0.3318036644166078,-0.45487417699360266,0.2568551760948168
xname,2019-12-06,0.8446555318145865,-0.04743698675027108,0.07594566033344297,-0.6498376546382523
xname,2019-12-06,0.5526076117140732,0.1408831204127825,2.0045914703641587,2.4379679136919075
xname,2019-12-06,0.2596415449063638,-0.1038493302902399,3.392775839763029,3.877433376555306
extmatch,2019-12-06,2.213808181223742,7.500839769028489,12.502539941565317,12.471609942300566
extmatch,2019-12-06,-3.7837747241500574,-4.309685112768447,-4.733357534763405,-2.7903155291162496
extmatch,2019-12-06,-0.13931033362959422,-1.4628068277720674,-3.984394098308852,-5.5586375950658855
post,2019-12-04,0.2764285033497904,-0.46548088054684245,-0.24728403248913677,0.3055156877812326
post,2019-12-04,0.43310444625426214,-0.7651329496133119,-1.2559382294101251,-0.24541329891938357
post,2019-12-04,-0.05744847848168089,-0.04307044613485189,-1.2356267414710964,-1.4798552663274123
xname,2019-12-04,0.38623695267081537,1.7058254304997522,1.4483695804935914,0.8690217482961504
xname,2019-12-04,1.5138515310577416,1.7423560022883144,2.170811295000852,3.770348866384987
xname,2019-12-04,2.3585200864759015,3.0037847635962844,1.3646787160888518,0.890007366272827
extmatch,2019-12-04,0.07973331933692762,0.6988722182590612,-1.1155156317807835,-0.16524232279822026
extmatch,2019-12-04,2.2027078516526633,3.676718872705975,2.7326812731863326,6.194112573802291
extmatch,2019-12-04,0.2020477026403844,-3.2323248837965113,-1.4141206630207126,9.545456645697726
post,2019-11-20,-1.1628192995379538,-2.012517971290262,0.5814096497689825,1.3416735706222704
post,2019-11-20,0.632611355441548,1.355610051453926,1.0393120682373302,1.6267643786622488
post,2019-11-20,-1.1036021144710029,0.3153006451133811,1.036019610661576,-1.306303604446224
xname,2019-11-20,-1.3777115354002611,2.1431258822431243,3.4060466961900016,-1.2960953410191323
xname,2019-11-20,-0.778512979906476,-0.07185718613609282,0.6347986076343126,1.1019270116120916
xname,2019-11-20,-0.4191286510588421,1.0896870255240332,0.8633590896567345,-0.8549895003187591
extmatch,2019-11-20,3.4007359972433315,5.167488598994252,5.974248411708771,9.303498414951704
extmatch,2019-11-20,-1.117738731034823,-3.1605360673182092,-3.7386757367702472,-1.0599278192309547
extmatch,2019-11-20,-3.6789335722477,-0.5508507266268614,-3.10838061976374,3.1674313251024877
post,2019-11-20,0.5985161536298911,-1.5215463339570356,-2.7582523171517326,1.6008661776445443
post,2019-11-20,0.47439891822513847,2.350257696514957,2.91880838164158,5.468241512854721
post,2019-11-20,0.3081059513280415,-0.09315339621415175,1.4044145498334215,-2.536544018567266
xname,2019-11-20,-0.13209569151988454,0.29032891282902984,0.7888706421821823,1.9280007487473494
xname,2019-11-20,-0.37103378081553284,-1.722551494536062,-1.7092841998306407,-0.503546286166412
xname,2019-11-20,-3.5627113245033093,-2.903852220599723,-3.8311364381692803,-3.3186935713600207
extmatch,2019-11-20,0.9894495365886824,1.533642042515515,2.3416940771285866,-1.5336420425155262
extmatch,2019-11-20,-2.446915249308168,-9.072018454777908,-7.998610489585123,-8.171761115093279
extmatch,2019-11-20,-0.15747962569796492,0.9223843428006084,-3.7570347693558603,3.4420669359639833
post,2019-10-02,0.8709628006015047,1.6935297616491374,2.790308252958207,0.7741846474411007
post,2019-10-02,1.9274855313588413,2.1561783815189806,2.98922582025154,4.671703845293229
post,2019-10-02,-0.10452299505890883,0.9754432677725688,3.152758556920965,8.935726428607538
xname,2019-10-02,0.819268565323994,1.742674196289351,1.114315778849595,3.5895205842822353
xname,2019-10-02,1.3644239116062495,2.9111709099514105,4.1352610799192835,4.794669391947615
xname,2019-10-02,1.0411481601368955,0.6445458564525719,0.04958588474457404,-0.7436681742829077
extmatch,2019-10-02,0.7831357864640953,2.334523009413436,5.289617752435594,6.294326689124885
extmatch,2019-10-02,-0.37353095884634646,2.958802259318727,3.6115203622185232,3.0275105158493076
extmatch,2019-10-02,-4.119158800635459,-3.6042621702127797,-2.3905808163315334,-2.9790412296161417
post,2019-09-20,0.02429321977253096,0.5189194375845085,0.5918736367675148,2.156797452959247
post,2019-09-20,2.4102635183132604,2.6377890588563213,2.073176383320785,3.6490927220985236
post,2019-09-20,-0.5698129396165541,3.402056643193374,3.267978890982448,3.167417075368273
xname,2019-09-20,-0.13100728684455332,-1.7357562442886443,-2.2316938003101194,-6.0541159641724684
xname,2019-09-20,0.7760384198872705,0.634954772582641,-2.2184056354375925,-3.002280026507287
xname,2019-09-20,-0.7438262286820763,-4.9786811279366905,-10.562333960603787,-11.008626671176359
extmatch,2019-09-20,0.39864373536340203,-0.8466573758707852,-5.3494858624335,-0.13288510727439418
extmatch,2019-09-20,-0.7123059476933591,0.8903963675239046,0.2849279522402215,1.6027162481244472
extmatch,2019-09-20,-0.41694810774395297,-0.11581940973190985,-0.27796835064748393,2.8723690782058053
post,2019-08-08,0.023381712848014047,-1.4495777783344876,0.2104354156320598,3.8344830160837784
post,2019-08-08,0.8114976113354544,2.740209084495815,3.04599451720986,0.24699042498246282
post,2019-08-08,-0.7169782135934888,0.5641753678849559,-0.9167479326920747,1.4927069977282992
xname,2019-08-08,-0.41732948817065907,-0.8207815305629196,1.3912070005607902,1.085153811364159
xname,2019-08-08,-1.3891655446722107,-1.2025480815386902,-5.204236713128985,3.255239011881428
xname,2019-08-08,-3.3835916308569303,-3.506420192787252,-6.3204952196797,-7.035179047527851
extmatch,2019-08-08,0.7389093721524187,1.5763409186253075,1.855484767449589,2.9392425554762847
extmatch,2019-08-08,-0.23637910668395934,-2.2335808644812105,-7.2989483882797686,-8.148005179552653
extmatch,2019-08-08,-5.8692418990645585,-8.841007258623513,-9.50965623583615,-10.475481749004679
post,2019-08-08,1.0541860529936997,4.706657816143811,3.081974354818562,6.300361006358135
post,2019-08-08,-0.4711544359651709,-0.41681289475298255,-2.9296667206327953,-2.59137956520733
post,2019-08-08,-0.3689370659101132,-1.4275340960664296,2.135239128878341,3.363200002900091
xname,2019-08-08,-0.13277585148319115,-1.9726812306753994,-3.5280427828950245,-1.9537157934945037
xname,2019-08-08,-0.5671369629227208,-1.1044594287846987,-6.208945933686438,-2.1791043605086546
xname,2019-08-08,0.5699409270568223,-0.6383601131820238,-5.205560988434055,-3.928885548794503
extmatch,2019-08-08,1.2794829918706396,3.3328143774580488,3.8844662852975276,0.49799223281943306
extmatch,2019-08-08,1.2399602664740383,-2.2761089028690007,-3.5670372459332356,-4.77726613439634
extmatch,2019-08-08,-2.547422075438688,-1.0298072769331479,0.6775135187504056,-0.40650811125023667
post,2019-07-12,0.6180936397243819,2.8972422552828725,6.077777859288824,-1.89286204705017
post,2019-07-12,-2.21960264703871,-5.36500405444712,-7.73887950967953,-7.988146575739874
post,2019-07-12,-1.216256056474918,-1.6090246813424969,2.1284735141685385,1.013553491152419
xname,2019-07-12,-0.5252625901117525,-1.72166261076786,-3.180668858382363,-1.9550895722515893
xname,2019-07-12,-10.676565896631974,-11.302263532444668,-12.905740481731144,-11.106730204419502
xname,2019-07-12,-0.9811642838594925,-3.0230569674378316,-3.2086904738580224,-6.046120833697821
extmatch,2019-07-12,-5.085368215788078,-5.614913287544976,-6.719622377064017,-15.913446298039503
extmatch,2019-07-12,-1.9398873802501049,-1.6592318130479677,-3.8137630109938314,-3.8302740738935026
extmatch,2019-07-12,0.24721501170579252,-1.817059571046964,-2.7688477398272737,-0.6304105396924164
post,2019-06-28,1.468246811629359,3.2598535160056175,5.331993613207997,-4.336017964102934
post,2019-06-28,0.4099584228892228,3.815535124258207,5.648587478974876,8.486133560433572
post,2019-06-28,-0.25230112959027107,1.00922409327997,1.356473366952593,7.985597949174905
xname,2019-06-28,1.5893808065514214,-0.23181988723380842,-1.821215191135972,0.8278059767358181
xname,2019-06-28,2.006904900756745,5.027639244769477,4.0538426702736,-0.8845173609733359
xname,2019-06-28,0.304501138038038,1.1571456315042417,1.6138879506158998,2.771002288968849
extmatch,2019-06-28,1.5656943667839318,-2.0422004467662402,-6.875420721973679,12.18516006115722
extmatch,2019-06-28,0.5524733662031878,6.721909881794641,-0.3683282589836745,10.405154427086716
extmatch,2019-06-28,-1.7846899654487047,0.44618094517454576,5.1292435742853915,1.2992607873745676
xname,2019-06-10,0.745882922473351,0.4475043508123555,1.7901504648628386,9.000481078215184
xname,2019-06-10,-0.12140645087319601,0.9964366995347973,1.6352320805194775,2.4975397393993237
xname,2019-06-10,-0.4957153743135434,0.3403918203048084,-0.7824011533654862,1.1227258551017583
post,2019-05-31,0.08041658563051612,-1.0717935267644974,0.5761378296080366,-3.389594666885909
post,2019-05-31,0.9990580878708855,-1.185578475282878,-3.9430152937593665,-4.169476405040651
post,2019-05-31,1.3487468131062608,1.4726202482759243,2.986525228944137,3.192939271909312
xname,2019-05-31,-1.233146997308887,1.8579432321361944,2.2525467588934367,5.212104570122755
xname,2019-05-31,1.351350633913051,2.451284881410576,4.61187972786905,6.607476141822599
xname,2019-05-31,-1.021633539679856,2.1507536181917697,6.635137869782581,8.861520039538107
extmatch,2019-05-31,0.6256675587035909,2.377545592444008,2.913824680190835,11.297796574930018
extmatch,2019-05-31,0.16120464111328836,0.9873592101679707,-1.6271199521028845,-6.619313764172185
extmatch,2019-05-31,-2.181148987480719,-5.273297818722944,-5.8164044146336025,0.6394536604912071
