date,sym,t,b-0.0020,b-0.0010,b+0.0000,b+0.0010,b+0.0020,b+0.0040,post
2026-02-02,NUE,09:41,2.605539962008452,2.605539962008452,2.266304962134047,2.266304962134047,,,0.8051167811033247
2026-02-02,CHRD,09:42,0.35332017042501995,0.35332017042501995,0.35332017042501995,-0.5970149253731516,-0.9640036919290496,,-0.6713274990493309
2026-02-02,GH,09:42,1.201637396012134,1.201637396012134,0.5246589716684014,0.5246589716684014,-0.03478260869566041,,-0.05056908076428446
2026-02-02,WPM,09:44,-2.156974023372371,-2.156974023372371,-2.163061884467188,-2.163061884467188,-2.169247875181002,,0.7834098969675685
2026-02-02,COHR,09:45,1.2197342071727624,1.2197342071727624,1.2197342071727624,1.2197342071727624,1.2197342071727624,1.2197342071727624,-0.501344358593403
2026-02-02,NVDA,09:50,-0.687257654766682,-0.687257654766682,-1.2204724371952302,-1.2204724371952302,-1.2204724371952302,,-1.2179260381595336
2026-02-02,IOVA,09:57,4.200000000000004,4.200000000000004,4.200000000000004,3.9920159680638667,3.5785288270377746,2.196939976461354,0.9038929622798989
2026-02-02,ILMN,10:08,-0.1238543472875775,-0.1238543472875775,-0.1273885350318471,-0.13092247266551782,-0.5742065029767152,,-0.3407877660876764
2026-02-02,IREN,10:28,4.222309505106048,4.222309505106048,4.222309505106048,3.611668075618746,3.611668075618746,2.594339622641506,-2.5115278980301636
2026-02-03,FTNT,09:44,-1.2370319908032612,-1.2370319908032612,-1.2376473530670618,-1.235956577994568,-1.2312164253386437,,0.27129096862589613
2026-02-03,WPM,10:04,-2.1947810082904806,-2.186980791467985,-2.186980791467985,-2.186980791467985,-2.1777724512933916,,0.23335871707258113
2026-02-03,DDS,10:15,2.2974375349245513,2.2974375349245513,0.7912412892671083,0.7912412892671083,0.7912412892671083,,1.0741761544600048
2026-02-03,DK,10:24,8.783068783068781,8.783068783068781,8.362614195361907,8.362614195361907,8.096740273396419,2.0516214427531487,4.304403080219281
2026-02-03,CHRD,14:44,0.371019272389983,0.371019272389983,0.046227335764559285,-0.07695070025137696,,,-0.1470702678209479
2026-02-04,AMZN,09:41,-1.2545174612702437,-1.2545174612702437,-1.2505834435570296,-1.2505834435570296,-1.252869798225098,,-0.1613105819191755
2026-02-04,IREN,09:42,-5.296895239215504,-5.296895239215504,-5.296895239215504,-5.249349622055455,-5.249349622055455,-5.249349622055455,-3.1929271211884678
2026-02-04,ADM,09:46,0.29806259314455463,0.20845741512804938,0.20845741512804938,0.20845741512804938,0.20845741512804938,-0.43274031882235553,0.33578742761869823
2026-02-04,WPM,09:52,-2.203654011640732,-2.203654011640732,-2.197412037208335,-2.185968815727646,-2.1836322139863307,,1.2087409920612413
2026-02-04,CHEF,10:18,0.8555133079847899,0.4021764845043796,0.4021764845043796,0.4021764845043796,0.47348484848483974,,-0.9407658378190686
2026-02-04,AMZN,11:12,-1.2530110436078212,-1.2530110436078212,-1.2505929245293812,-1.2505929245293812,-0.3080314526684558,,-0.555584921885884
2026-02-05,FLR,09:40,-1.776353744345105,-1.7726863835776818,-1.7726863835776818,-1.7750008473577883,-1.7750008473577883,,-0.3470914943030127
2026-02-05,FTNT,09:40,-1.3446728985896494,-1.3412000009300318,-1.3412000009300318,-1.3412000009300318,,,-1.3665302204120138
2026-02-05,MU,09:40,-2.9806720755388483,-2.9818439333541558,-2.9818439333541558,-2.9818439333541558,-2.9818439333541558,-2.965370081795149,-0.16968509400148898
2026-02-05,WPM,09:40,-2.252167063215116,-2.2413770498032837,-2.2413770498032837,-2.2413770498032837,-2.2413770498032837,,-1.81445878529376
2026-02-05,AAOI,09:56,-2.2671961060586554,-2.2671961060586554,-2.2671961060586554,-2.2671961060586554,-2.2671961060586554,-3.783102143757877,-0.7201369162828578
2026-02-05,LRCX,09:57,1.126094156612245,1.126094156612245,1.9120732405111474,1.785884369940005,1.785884369940005,,1.0596262881809853
2026-02-05,AXTI,10:03,10.677506775067759,10.677506775067759,10.677506775067759,10.677506775067759,10.677506775067759,10.677506775067759,0.5359193651876685
2026-02-05,SMTC,10:15,3.521214383476412,3.521214383476412,3.3283656234476044,2.8811673055521236,2.8811673055521236,2.7667984189723382,1.3682086219073224
2026-02-05,TSM,10:37,1.513802315227064,1.513802315227064,1.431266970408207,1.2278391867479144,0.8772598977801582,,-0.7295047122011011
2026-02-05,ASML,11:17,0.994753441652585,0.994753441652585,0.5349145178329406,0.5349145178329406,0.5349145178329406,,-0.288376236471007
2026-02-05,BBY,11:54,1.3682331945270798,1.3682331945270798,1.232734293776927,0.3090507726269287,,,1.2529584873589794
2026-02-05,FTNT,12:26,-1.3480848387963151,-1.3480848387963151,-1.3484224931078481,-1.3430402404223774,,,-1.3468623887762154
2026-02-06,FTNT,09:40,-1.3748375862930429,-1.3748375862930429,-1.3810997519053347,-1.3810997519053347,-1.3810997519053347,5.3582792414407665,2.7824840002368103
2026-02-06,MU,09:43,4.028164185598837,4.028164185598837,4.028164185598837,4.028164185598837,4.028164185598837,4.028164185598837,0.9085622371270899
2026-02-06,GOOGL,09:49,-1.4486380436163682,-1.4486380436163682,-1.4426555983459988,-1.4426555983459988,-1.4426555983459988,,-0.12518907105757057
2026-02-06,CF,09:56,1.0413259186566437,0.5261444998915232,0.5261444998915232,0.5261444998915232,0.07019438444926251,,-0.0249987994032382
2026-02-06,FTNT,10:15,5.46566441584917,4.771547905328433,4.771547905328433,4.771547905328433,4.771547905328433,2.526628684666843,1.4263792479372632
2026-02-06,WDC,11:07,4.664690626157841,4.664690626157841,4.309135218964633,4.309135218964633,3.8127262370688753,,3.058327749842242
2026-02-06,BE,11:33,-5.049616765335196,-5.049616765335196,-5.029888922840742,-5.029888922840742,-5.06231682875492,5.370638994135102,4.314815650042274
2026-02-06,GOOGL,12:52,-0.0742666171555939,-0.0742666171555939,-0.17620328294537524,-0.35486160397444344,,,0.19144465132726238
2026-02-09,ANET,09:40,2.3319615912208658,2.3319615912208658,2.3319615912208658,2.3319615912208658,2.3319615912208658,,1.182726577154621
2026-02-09,DELL,09:46,1.2731384538068546,0.9771170870218837,0.9771170870218837,0.9771170870218837,,,0.00880164017649602
2026-02-09,LRCX,09:52,1.0334266134896408,1.0334266134896408,0.6762691024064571,0.6762691024064571,0.6762691024064571,,-0.27771643315982103
2026-02-09,MU,10:03,0.6182968612573392,0.19870320016732723,0.19870320016732723,0.19870320016732723,0.19870320016732723,,-1.3083787797681972
2026-02-09,OKTA,10:50,0.9844322344322309,0.9844322344322309,0.857436835486447,-2.0591483911317265,0.86320242382667,0.86320242382667,0.827105737617669
2026-02-10,DDS,09:42,0.1088585627514238,-1.3816576783799328,-1.3816576783799328,-1.3816576783799328,-1.3816576783799328,-0.7957570463794861,-0.6250400378214708
2026-02-10,OKTA,09:56,0.6370151291093196,0.374404356705238,0.374404356705238,-0.6065617420084712,-0.19178700361011103,,0.5209417169445377
2026-02-10,LRCX,10:18,1.6437179713254535,1.6437179713254535,1.45102781136639,0.9761968440759494,0.8637962509461694,,1.1266137842835515
2026-02-10,MU,10:36,-0.7316164733425556,-0.7316164733425556,-0.7685761395670454,-0.7632978723404293,-0.7632978723404293,,-0.7402077051334999
2026-02-11,BBY,09:51,-1.531748392217458,-1.531748392217458,-1.5285934006783908,-1.5285934006783908,,,-0.27705732673163713
2026-02-11,WDC,10:54,0.003654169407285579,0.003654169407285579,-0.42932508641077005,-0.42932508641077005,-0.42932508641077005,,-0.6106376205610645
2026-02-11,MU,10:58,3.2351872046528563,3.2351872046528563,3.2351872046528563,3.2351872046528563,0.9948626449687747,,3.460149402879575
2026-02-11,NBIS,11:13,-2.6168224299065512,-2.6796339251082713,-2.6796339251082713,-4.056032574312329,-4.056032574312329,,-0.3659779079546843
2026-02-11,INTC,11:40,0.5002084201750856,0.5002084201750856,0.40603852160332465,-0.12427506213753547,,,0.7590868220398969
2026-02-11,IOVA,11:47,3.379721669980107,3.379721669980107,2.970297029702973,2.970297029702973,2.3622047244094446,0.0,2.308129717510702
2026-02-11,HNGE,13:51,5.814905814905802,5.814905814905802,5.641864268192975,5.641864268192975,4.53074433656957,2.1074815595363505,7.077513000755616
2026-02-11,COHR,15:01,-0.6396872640042739,-0.6705746513900102,-0.6705746513900102,-0.9542787556736432,,,-0.04269954185863364
2026-02-12,COHR,09:40,-4.812355812768199,-4.812355812768199,-4.7633269408207894,-4.7633269408207894,-4.7633269408207894,-4.739185240235999,-0.9937980555362177
2026-02-12,MRVL,10:01,-2.2912175688664216,-2.2912175688664216,-2.2769292893865756,-2.2769292893865756,-2.2769292893865756,,0.03473343717734778
2026-02-12,OKTA,10:17,-2.062058876164896,-2.062058876164896,-2.062058876164896,-2.0507395165955122,0.28649911310454357,,0.9127292073734491
2026-02-13,TXG,09:41,-3.069063060593147,-3.069063060593147,-3.069063060593147,-3.069063060593147,-3.069063060593147,-3.069063060593147,-0.14135739261872393
2026-02-13,HNGE,09:43,-1.6061717465536862,-1.6061717465536862,-2.1137393054856624,-2.1137393054856624,-2.1137393054856624,-2.1137393054856624,-2.219601892328645
2026-02-13,CF,09:46,1.5881532353256844,1.5881532353256844,1.089161772557401,1.089161772557401,,,-0.12483912249860267
2026-02-13,FLR,09:51,0.48597305058537543,0.48597305058537543,0.48597305058537543,0.48597305058537543,0.48597305058537543,0.48597305058537543,-0.44172799476525454
2026-02-13,FCX,09:52,2.65566268998203,2.2795733941219476,2.2795733941219476,2.2795733941219476,2.2795733941219476,,1.5199286998856125
2026-02-13,ASML,09:53,-0.3379670960336867,-0.3379670960336867,-0.29416768266750104,-1.1781815116132188,-1.2267569237683351,,-1.383159875193322
2026-02-13,SMTC,09:54,2.310134023042565,2.130031686421785,2.130031686421785,1.3273563486057016,1.3273563486057016,0.5953069009362988,-0.043219034318131566
2026-02-13,COHR,09:55,0.9574270310466648,-0.07820046920280488,-0.07820046920280488,-0.07820046920280488,-0.07820046920280488,-0.07820046920280488,-1.5720828041531372
2026-02-13,AAOI,10:06,2.252873563218394,1.332725822986669,1.332725822986669,1.332725822986669,1.332725822986669,1.332725822986669,-1.8153895467902839
2026-02-13,NVDA,10:28,-0.01641048082708929,-0.01641048082708929,-0.24014845540879515,-0.7062146892655385,,,-0.7428496573106846
2026-02-13,DDS,15:35,1.1109064761733345,1.1109064761733345,0.9230576676366731,,,,1.5309894998107791
2026-02-13,BE,15:45,0.19357613994839262,0.19357613994839262,-0.07507775910764458,-0.07507775910764458,,,-1.4965723715858914
2026-02-17,AAOI,09:40,2.209816236334028,2.209816236334028,2.209816236334028,2.209816236334028,2.209816236334028,2.209816236334028,3.554065554175549
2026-02-17,MU,09:45,-1.3016412835635482,-1.3016412835635482,-0.9227394295914237,-0.9227394295914237,0.2443609022556359,0.2443609022556359,-0.9243565778718358
2026-02-17,BE,09:46,8.569293985805015,7.8201513577682125,7.6444444444444315,7.6444444444444315,8.028545941123987,8.028545941123987,3.4313067296225963
2026-02-17,LRCX,09:46,1.2467755803955205,1.2467755803955205,1.574293724390774,2.111607336426302,2.33791065531026,1.164139353065008,0.7664767904547176
2026-02-17,HPE,09:48,-1.7596791996599026,-1.7596791996599026,-1.7581059504872099,-1.7502817139474325,,,-0.15021310678569413
2026-02-17,COHR,10:08,5.901039661147478,5.901039661147478,5.911235197843467,5.2349635298337915,5.2349635298337915,,-1.1668200896909897
2026-02-17,NBIS,10:16,2.807479589149331,2.807479589149331,2.6182965299684557,1.7675582668543743,1.7675582668543743,,2.1592937081396313
2026-02-17,ASML,10:17,2.0945532985799042,2.0945532985799042,2.0439257172425673,1.1735700899950796,0.3165253862177142,,0.7143030317107835
2026-02-17,SMTC,10:17,3.949240986717273,2.893701942830318,2.893701942830318,2.694786174575281,2.694786174575281,-1.2283074149199824,1.2706162599933402
2026-02-17,AXTI,10:18,-0.6423982869379063,-1.6115351993214566,-1.6115351993214566,-1.6115351993214566,-1.6115351993214566,0.34602076124565784,0.3158628078446986
2026-02-17,IOVA,10:29,4.991600671946239,4.991600671946239,4.208019055180623,4.208019055180623,4.208019055180623,3.34645669291338,3.0299689978073343
2026-02-17,WPM,11:01,2.5959042399769316,2.5959042399769316,2.3302646720368303,1.6213127633740498,,,1.842177809266543
2026-02-18,SNDK,09:41,3.2502084569031364,3.2502084569031364,3.2502084569031364,2.016341368122432,2.016341368122432,2.016341368122432,-1.150472364136897
2026-02-18,HALO,09:43,-1.6486592139029699,-1.6486592139029699,-1.6462386701957765,-1.6462386701957765,-1.6697734873750925,,0.23181573129053
2026-02-18,HPE,09:48,-0.6460544531610601,-0.6460544531610601,-0.8062658373646503,-0.8062658373646503,-1.0569852941176516,,-1.7494478706149137
2026-02-18,FCX,09:49,0.12812299807816174,-0.09587727708532112,-0.09587727708532112,-0.09587727708532112,-0.46170991880273293,,-0.03225818570489203
2026-02-18,CF,09:50,2.1371848851462927,2.1371848851462927,1.9036477719876599,1.4988612891266184,,,0.7409817181426415
2026-02-18,NET,09:52,2.065840330534452,2.065840330534452,1.8405234320974406,1.5703750862114507,1.5703750862114507,0.5937368642286556,0.040689087012805526
2026-02-18,FTNT,09:58,0.8815254767114977,0.8815254767114977,0.7366712448495516,0.5859618501433905,,,-0.37041599586133955
2026-02-18,ADM,09:59,-0.8518137758848576,-0.8518137758848576,-1.1711316059142107,-1.330020461853254,-1.5340966170005466,,-0.5226718601609059
2026-02-18,GH,10:15,-1.3412283117598567,-1.3412283117598567,-1.5039868023095981,-1.6392092257001778,-1.8816762530813547,,-1.6604788068453225
2026-02-18,HALO,10:47,-1.6502868210241939,-1.6502868210241939,-1.6463482830438747,-1.6463482830438747,-1.6463482830438747,,-0.5280110617417066
2026-02-18,ANET,12:47,-0.12169804567254694,-0.12169804567254694,-0.20028612303290005,-0.5098584518843374,-0.6550840216462461,,-0.17911342248314588
2026-02-19,ANET,09:42,-0.7953723788864941,-0.7953723788864941,-0.9672296809585701,-2.3649497901565897,-2.3649497901565897,,0.6505102080937242
2026-02-19,NUE,09:42,-1.5193868262327825,-1.5193868262327825,-1.5237407265863312,-1.5198417820006638,,,-0.803819362158161
2026-02-19,BBY,09:44,1.1983818029158266,1.1983818029158266,1.0441277341666,1.0441277341666,0.15108022359875406,,0.11615510817809538
2026-02-19,FCX,09:47,2.8435239973701565,2.8435239973701565,2.8435239973701565,2.8435239973701565,2.8435239973701565,0.9147973962466249,1.570585862461349
2026-02-19,TIGO,09:55,-0.6911547720742539,-0.6911547720742539,-0.9603469640644402,-0.9603469640644402,,,-1.2256744204071301
2026-02-19,AAPL,10:01,-1.2357463761942578,-1.2357463761942578,-1.2364022427977517,-1.2380449592118925,,,-1.2370121750500636
2026-02-19,MRVL,10:01,1.3620162932790114,1.3620162932790114,1.0084353396334178,1.0084353396334178,1.0084353396334178,,1.0585717794840743
2026-02-19,NVDA,10:01,0.6077481191935963,0.6077481191935963,0.7134472204503695,0.09322643368936401,,,0.2736949539437668
2026-02-19,RVMD,10:02,3.8107752956636043,3.8107752956636043,3.732134740669668,3.580433686333828,2.546180728906644,,0.271957214684256
2026-02-19,WPM,10:07,0.6334371754932677,0.6334371754932677,0.5151431337297785,0.3209109730848869,0.3209109730848869,,0.5005194333221885
2026-02-19,SMTC,10:24,-1.5762633286972694,-1.5762633286972694,-1.6731314768714145,-1.6161733186583982,-0.0941176470588223,,-0.8785680186262135
2026-02-19,TGTX,10:33,1.9357068786726606,1.9357068786726606,1.6896551724137954,1.27060439560438,,,1.4697922180533303
2026-02-19,GH,15:22,-1.1633317822242861,-1.1633317822242861,-1.415641680204216,-0.8958566629339249,-0.9882528435577131,,-1.4453187627107826
2026-02-20,GH,09:40,-2.840023699303529,-2.7842148181936643,-2.7842148181936643,-2.7842148181936643,-2.7842148181936643,-2.7842148181936643,-2.9717594378966226
2026-02-20,ANET,09:41,-2.3820971949700342,-2.379900174757743,-2.379900174757743,-2.379900174757743,-2.3545358835310393,,-2.3490484007802146
2026-02-20,DELL,09:55,3.609251885113962,3.5346907674723926,3.5346907674723926,3.372781065088759,1.5486817521278784,-2.1304744075072324,2.242821689397889
2026-02-20,DK,10:00,0.5264697279906416,0.5264697279906416,0.3210741389375382,0.3210741389375382,0.3210741389375382,,0.024807762693627538
2026-02-20,NVDA,10:00,1.2860192102454704,1.2860192102454704,1.1510791366906359,0.338320029603012,1.2185041994400736,,0.2853568164196574
2026-02-20,NUE,10:05,-1.5138031773683447,-1.5105250916427782,-1.5105250916427782,-1.5150677712456262,-1.5150677712456262,-1.5150677712456262,0.6961162757211999
2026-02-20,TXG,10:08,-3.252016359445342,-3.238763108871956,-3.238763108871956,-3.238763108871956,-3.238763108871956,-0.9963293130571649,-2.2622318619564172
2026-02-20,WT,10:08,-0.03051571559354871,-0.03051571559354871,-0.24360535931792215,-0.24360535931792215,,,-0.16809113992688104
2026-02-20,PARR,10:34,0.375586854460086,0.375586854460086,-0.081785255286837,-0.081785255286837,0.5419767455530744,,-0.3112127890390208
2026-02-20,TGTX,10:43,2.0852559649104707,2.0852559649104707,1.7395797450912909,1.4251373626373631,,,1.408044721088079
2026-02-20,MRVL,12:39,0.18908357494014094,0.06924771797294227,0.06924771797294227,-0.150753768844214,0.26491737101048685,,-0.4280871320403408
2026-02-23,TXG,09:44,1.3404825737265424,1.3404825737265424,1.2319228709158914,0.31847133757960666,0.31847133757960666,0.31847133757960666,1.5429513584228245
2026-02-23,MRVL,09:49,0.20605280103025425,0.20605280103025425,0.20605280103025425,-2.2028735286818923,-2.2028735286818923,-2.2028735286818923,0.6425716563407254
2026-02-23,HNGE,10:01,-3.5743979284040717,-3.5743979284040717,-3.5712885975355713,-3.545294762443718,,,-2.254069238502158
2026-02-23,NBIS,10:18,2.4866618571911747,2.185020110881619,2.185020110881619,2.185020110881619,1.5492879535162984,,2.9087736247259097
2026-02-23,WT,10:37,0.9047044632086942,0.9047044632086942,0.9047044632086942,1.3939393939393918,1.7850407018483283,,2.2778616593202536
2026-02-24,PARR,09:40,1.307746032216106,1.3955786093614808,0.996432525525881,0.996432525525881,0.996432525525881,,0.5106690076421061
2026-02-24,WDC,09:52,-2.697162584960622,-2.697162584960622,-2.697162584960622,-2.231295958373236,-3.2088430993775563,,-2.255631136601525
2026-02-24,HNGE,09:56,4.931327665140617,4.931327665140617,4.931327665140617,3.349652151507332,3.349652151507332,3.349652151507332,0.3924098831119512
2026-02-24,DELL,10:11,-1.0328017846814808,-1.2612315555189157,-1.2612315555189157,-1.0735885972816273,-1.0735885972816273,,-0.8126108721820846
2026-02-24,ADM,11:51,0.8600237247924136,0.8600237247924136,0.725603435510136,,,,0.33972159223079795
2026-02-25,TGTX,09:43,-1.296542553191482,-1.296542553191482,-1.296542553191482,-1.296542553191482,-1.8102837665690874,-1.7913526945003921,-1.48739986954984
2026-02-25,AMD,10:03,-0.6794082403213442,-0.6794082403213442,-0.7297208229367635,-1.1114758711250672,,,-0.5796902583852385
2026-02-25,IREN,10:24,-3.9485165794066357,-4.134851325194699,-4.134851325194699,-4.134851325194699,-3.7174721189590976,-0.6879440622532984,-1.5075287142984524
2026-02-25,CF,10:52,1.3922582006117512,1.3922582006117512,1.2480910000526535,1.0618166526492834,,,1.4174414791806589
2026-02-25,PTEN,10:56,2.0782396088019572,2.0782396088019572,1.9536019536019467,1.2121212121211977,,,0.6631475620367885
2026-02-25,INTC,11:12,2.0807940100992406,2.0807940100992406,2.0064161818280635,1.963171511185502,,,2.090340002917864
2026-02-25,TXG,11:15,1.4186226463760665,1.4186226463760665,1.1316872427983515,1.1316872427983515,-0.1523616048755727,-0.7070707070707116,0.5488975035311872
2026-02-26,CNH,09:43,-1.8137677156300214,-1.8137677156300214,-1.8064126154044402,-1.8064126154044402,,,0.08517541901639225
2026-02-26,CF,09:44,1.1770833333333286,1.1770833333333286,1.1770833333333286,1.0139878321460127,0.7781697447603264,,-0.4717704518804193
2026-02-26,CHRD,09:46,1.7786370227163006,1.7786370227163006,1.7786370227163006,1.7786370227163006,1.7786370227163006,-1.6740564572940264,0.2624895188879539
2026-02-26,PTEN,09:58,2.6267562614538775,2.6267562614538775,2.6267562614538775,1.5105740181268867,1.5105740181268867,,0.12106671854170321
2026-02-26,DELL,11:15,-0.7151906493931048,-0.7151906493931048,-0.7800694302634303,-0.22588196640519476,,,-0.35101461051227173
2026-02-26,INTC,11:28,0.08802816901407606,0.08802816901407606,0.08802816901407606,0.9903628369676287,,,1.3914302016875342
2026-02-26,SNDK,11:32,4.5255216976518575,4.5255216976518575,4.489501522679906,4.303931137101813,4.303931137101813,,4.403766852602701
2026-02-27,COHR,09:40,3.357285429141732,3.357285429141732,2.538613861386141,2.538613861386141,2.538613861386141,2.538613861386141,0.9033596102381377
2026-02-27,OSCR,09:41,3.0990173847316616,2.517850432168367,2.517850432168367,2.517850432168367,1.525865277260885,,0.19856556294842362
2026-02-27,NBIS,09:44,-4.367959820057954,-4.367959820057954,-4.367959820057954,-4.367959820057954,-4.367959820057954,-4.381569998142876,-2.888067926063749
2026-02-27,MU,09:45,1.4444608494512456,1.4444608494512456,0.93034643163179,0.93034643163179,0.93034643163179,,0.08881581585513294
2026-02-27,ASML,09:46,0.9624485023939311,0.9624485023939311,0.9420768829361492,0.7017519504678216,,,0.03003279267281833
2026-02-27,WDC,09:48,0.04740481024658738,0.04740481024658738,0.010729229998918122,-0.5317729916232472,-0.5317729916232472,,-1.409075364467934
2026-02-27,CRM,09:49,2.292180853857051,2.292180853857051,1.9869109947644015,1.7126595828003133,1.4425205051425527,,0.4255955246920203
2026-02-27,BE,09:53,-5.905586301224519,-5.905586301224519,-5.905586301224519,-5.905586301224519,-5.875098913699217,,-1.3929922752558703
2026-02-27,TGTX,09:53,-1.3285222240446148,-1.3285222240446148,-2.086188780097853,-2.086188780097853,-2.086188780097853,-2.086188780097853,-1.8064546116303923
2026-02-27,LRCX,10:00,-0.6331803501614774,-0.6331803501614774,-0.8774904620601931,-2.660292119295582,-2.660292119295582,,-0.8490679968674067
2026-02-27,PARR,10:04,2.795854422752453,2.8578319064270996,2.8578319064270996,2.8578319064270996,1.2102515424774474,,1.3035351446572123
2026-02-27,MRVL,10:06,3.4042014679827926,3.4042014679827926,3.214804522200443,3.214804522200443,2.39348370927317,,2.0588472597744842
2026-02-27,ZETA,10:11,-1.4248328002326338,-1.4248328002326338,-1.8245004344048743,-1.8245004344048743,-1.8245004344048743,,0.4162118977473169
2026-02-27,ADM,10:41,2.3047280272713966,2.3047280272713966,2.2441119834098577,0.8326637937331238,,,1.288856221181837
2026-02-27,RVMD,11:02,-1.8022925698248704,-1.8022925698248704,-1.8000960449749859,-1.801589098876455,-1.8027325182137344,-1.8027325182137344,-1.293365431990127
2026-02-27,ANF,11:13,-0.4782741426681558,-0.4782741426681558,-2.495987030534008,-2.4968742447326497,0.3024457182239759,,0.2436284587540046
2026-03-02,ANF,09:40,3.4832707859823397,3.0095759233926156,3.0095759233926156,3.0095759233926156,2.653104026845643,2.653104026845643,1.7027190740527869
2026-03-02,INTC,09:41,0.9430822145789497,0.9430822145789497,0.9430822145789497,0.9094942324756161,,,0.9359328600593594
2026-03-02,AAPL,09:42,0.9153318077803396,0.9153318077803396,0.8826276760012908,0.7194244604316724,,,0.18947252137512618
2026-03-02,MU,09:45,0.7250091541559867,0.7250091541559867,0.7250091541559867,0.7250091541559867,0.7250091541559867,0.7250091541559867,0.5588435607389789
2026-03-02,TGTX,09:46,-0.47377326565144484,-0.47377326565144484,-0.7759784075573539,-0.7759784075573539,-2.1063287467312786,,-0.5858447896918695
2026-03-02,WDC,09:48,-0.9131917702717596,-0.9131917702717596,-4.33281939569018,-4.313749371362552,-4.313749371362552,-4.30276081338159,-0.5978597790763559
2026-03-02,CNH,09:53,2.5801081980857177,2.5801081980857177,2.5801081980857177,1.9437551695616229,1.9437551695616229,,0.7795472712666488
2026-03-02,RVMD,09:55,2.1922767497988715,2.1922767497988715,2.3054464914930017,2.171727327568873,1.24539204941716,,0.031476533284961285
2026-03-02,LRCX,09:57,-0.19444324417751124,-0.19444324417751124,-0.18150388936906126,-0.14698253501642666,-0.14698253501642666,-0.37953937721039166,0.4115242789444344
2026-03-02,NBIS,09:58,1.819707906664414,2.0762837370863263,2.0762837370863263,1.2587646076794634,1.2587646076794634,1.2587646076794634,2.475302644860474
2026-03-02,BE,10:01,8.060945435603584,8.060945435603584,8.060945435603584,8.060945435603584,8.036324577677956,8.036324577677956,3.9629566445122655
2026-03-02,ANET,10:04,0.7716891417881344,0.7716891417881344,0.7716891417881344,0.7716891417881344,0.19375339068434805,,-0.4439609612777229
2026-03-02,OSCR,10:04,5.78887627695801,5.78887627695801,5.629013978088415,5.191873589164797,5.191873589164797,,4.82509043288557
2026-03-02,MRVL,10:07,0.21068286032965844,0.21068286032965844,0.02474022761009831,-0.030908079371949615,0.43472860514222056,,0.08900814277953047
2026-03-02,WDC,11:08,0.306287241744152,0.306287241744152,0.15940685820203804,0.15940685820203804,0.15940685820203804,,0.1972868015159094
2026-03-02,SNDK,11:13,0.38434717739974644,0.38434717739974644,-0.0294743472239567,-0.0294743472239567,-0.1290738948047654,,-0.32874790982917085
2026-03-03,RVMD,09:40,-1.849334617251408,-1.849334617251408,-1.849334617251408,-1.849334617251408,1.8768387947651455,,0.11198602800333024
2026-03-03,INTC,09:41,0.27906976744185297,0.27906976744185297,0.27906976744185297,1.2444235736088105,0.6183642515459109,,-0.2732053081854535
2026-03-03,SNDK,09:43,-2.070219490021219,-2.466282639439843,-2.466282639439843,-2.466282639439843,-2.466282639439843,-2.466282639439843,-1.334863469568533
2026-03-03,ANF,09:45,5.191777919050655,5.191777919050655,-2.467076869258056,-2.467076869258056,-2.467076869258056,,2.7542028840076505
2026-03-03,NBIS,09:45,-0.11506155793348238,-0.11506155793348238,-0.5498911673731288,-0.5498911673731288,-0.08632099902169399,2.709417889256982,0.5837325306879934
2026-03-03,AAPL,09:46,0.2753218108874078,0.2753218108874078,0.1177771331633437,0.1177771331633437,,,0.6726127921531821
2026-03-03,MRVL,09:46,-0.487804878048792,-0.487804878048792,-0.487804878048792,-0.487804878048792,-0.24449877750610804,-1.3238289205702691,-1.057945786179822
2026-03-03,WDC,09:47,1.5351276910302358,0.8711923061446303,0.8711923061446303,0.8711923061446303,0.8711923061446303,-0.1493726349332758,-1.1367516430972484
2026-03-03,LRCX,09:48,-1.1013015381814983,-1.1013015381814983,-0.8056233881826746,-1.2518459616039923,-1.2518459616039923,,-0.4309019092430792
2026-03-03,CLMT,09:51,5.433962264150938,5.433962264150938,5.235404896421847,5.19578313253013,4.899568237281771,-2.2276415765638213,-1.2815670992114003
2026-03-03,NET,09:51,2.506868131868134,2.045467494729647,2.045467494729647,2.045467494729647,2.045467494729647,,1.501266665350191
2026-03-03,FLR,09:56,0.8054104412095864,0.8054104412095864,0.5149330587023604,0.5149330587023604,2.1561649570860153,,0.13389445564551497
2026-03-03,BE,10:01,1.7232202262142282,1.7232202262142282,1.7232202262142282,1.131101997618722,0.6318699401039796,0.4797581493165115,-0.09954825501795235
2026-03-03,WPM,10:32,3.1390868036765607,3.1390868036765607,2.478429959754891,2.478429959754891,2.478429959754891,2.478429959754891,2.4577333887909316
2026-03-03,NUE,10:35,2.44493837138815,2.44493837138815,2.329738769390466,2.0414031052328863,,,0.5527896390099837
2026-03-03,OSCR,10:39,2.781954887218041,2.781954887218041,2.550637659414856,2.550637659414856,1.5601783060921193,,1.460546791692674
2026-03-03,CNH,10:51,2.5053078556263264,2.5053078556263264,2.5053078556263264,1.855680542780247,0.16597510373443924,,0.5356539717465192
2026-03-03,DINO,10:57,0.792097660982205,0.792097660982205,0.5765296633810646,0.5765296633810646,0.2781383274615301,-2.0822869831614743,-0.3003463269488342
2026-03-03,NBIS,11:04,2.5153519130845403,2.5153519130845403,2.0933788074797066,1.9698589266207156,0.22513421462795336,0.22513421462795336,1.5145073391516644
2026-03-03,PLTR,11:05,4.72905703313895,4.669509594882748,4.669509594882748,4.18818535550054,4.18818535550054,,2.7784078743226637
2026-03-03,UNH,11:11,0.9583326060013553,0.9583326060013553,0.8790902114002686,0.4097570867211964,,,0.17822423269902762
2026-03-03,HPE,11:43,2.2201228153046815,2.2201228153046815,2.1477460467311804,1.8352941176470683,1.2397660818713518,,1.102326749163085
2026-03-04,HPE,09:48,-0.7601935038009655,-0.7601935038009655,-1.1019283746556585,-1.1019283746556585,-1.1019283746556585,,-0.7907392197329055
2026-03-04,TGTX,10:16,3.3068081343943456,3.3068081343943456,3.3068081343943456,2.5272025272025322,0.8284432171211664,,1.871790587458455
2026-03-04,AAPL,10:19,-0.10657328816656708,-0.10657328816656708,-0.09893041716357853,-0.6548565372094806,,,-0.4240571946358629
2026-03-04,TER,10:21,-0.6736965436438203,-0.6736965436438203,-0.8511744257821419,-0.8511744257821419,,,0.4724718481928865
2026-03-04,WPM,10:27,0.9842519685039353,0.9842519685039353,0.7957559681697646,0.4241435562805984,-1.9899855974609415,,0.9020678293449436
2026-03-04,RVMD,10:30,-0.13816243955393492,-0.13816243955393492,-0.18741369106332062,-0.687015408774172,-0.687015408774172,,-0.22160176562170766
2026-03-04,ADM,10:46,-0.32626427406200476,-0.32626427406200476,-0.41487627796711335,,,,-0.1704251768540536
2026-03-05,INTC,09:43,1.283675830532749,1.283675830532749,1.283675830532749,0.43706293706293753,0.43706293706293753,,0.5998340196149347
2026-03-05,TSM,09:48,-1.9094898643148728,-1.9094898643148728,-1.9068517781121619,-1.8990077362321611,-1.8990077362321611,,0.7893217582968718
2026-03-05,BE,09:51,-5.892840667323895,-5.892840667323895,-5.892840667323895,-5.892840667323895,-5.892840667323895,-5.830009954254923,2.8442317851593866
2026-03-05,FCX,10:11,-2.174672418114776,-2.168517684855964,-2.168517684855964,-2.168517684855964,-2.1600270126364784,,0.28944478745290453
2026-03-05,ADM,10:14,-0.4490345756623215,-0.4490345756623215,-0.3819366434509086,0.39245283018869426,,,0.1693686150963917
2026-03-05,WPM,10:16,-1.940802855207835,-1.940802855207835,-1.938911806496313,-1.9344271955198944,-1.9344271955198944,,0.36484124779798677
2026-03-05,RVMD,10:33,-0.020068231988756846,-0.020068231988756846,-0.16032064128256307,-1.8511467390701197,,,0.5427981432388762
2026-03-05,TER,10:33,-2.7468106661240665,-2.7468106661240665,-2.738790649416334,-2.738790649416334,-2.7295673230507966,2.3762873649836758,-2.742855735672634
2026-03-06,COHR,09:40,-4.513645110807218,-4.433200306816221,-4.433200306816221,-4.433200306816221,-4.433200306816221,-4.433200306816221,-3.6216576714176667
2026-03-06,LITE,09:41,-4.694641716100778,-4.646138239896869,-4.646138239896869,-4.646138239896869,-4.646138239896869,-4.646138239896869,-4.787444722945799
2026-03-06,SMTC,09:41,-2.427993334920253,-2.427993334920253,-2.808872483359248,-2.808872483359248,-2.808872483359248,-2.808872483359248,-2.685575174933722
2026-03-06,SNDK,09:41,-3.7678672483981046,-3.949239188050502,-3.949239188050502,-3.949239188050502,-3.949239188050502,-3.934409127300631,-3.8995349590048023
2026-03-06,TER,09:41,-2.5958055442709904,-2.5958055442709904,-2.5958055442709904,-2.5958055442709904,-2.590243182964702,,-2.6398218862642486
2026-03-06,TSM,09:41,-1.1953004285589208,-1.8548517620075367,-1.8548517620075367,-1.8548517620075367,0.09450958386250097,,-1.611540138584829
2026-03-06,DE,09:43,0.5681818181818121,0.5681818181818121,-1.5249293469113079,-1.529265442004768,,,-0.6624305428594934
2026-03-06,RVMD,09:43,0.799344127895063,0.799344127895063,0.203748981255103,0.203748981255103,0.203748981255103,,-0.3281005740475111
2026-03-06,ANET,09:45,-2.2490972976387913,-2.2490972976387913,-2.2374205100893496,-2.2374205100893496,-2.2374205100893496,,-2.2347923052825145
2026-03-06,NBIS,09:48,-3.650973413147829,-3.1810545710724614,-3.1810545710724614,-3.2596924409790007,-3.2596924409790007,-0.7444444444444476,-4.263392477294677
2026-03-06,ILMN,09:50,-1.9109366067742828,-1.9072471038887429,-1.9072471038887429,-1.9011792713901188,-1.902300029459325,,-1.0742018010820087
2026-03-06,INTC,09:51,-2.239981990094564,-2.239981990094564,-2.6084643654874617,-2.6084643654874617,-2.5904268023979826,,-2.479397909446446
2026-03-06,WT,09:51,1.6493585827733526,1.6493585827733526,1.6493585827733526,0.9096422073984423,0.9096422073984423,,0.5351521294162683
2026-03-06,BE,09:53,-5.459890250220711,-5.459890250220711,-5.464619317663777,-5.450945648288197,-5.450945648288197,-5.305205131876811,-5.521721448411917
2026-03-06,ORCL,09:53,0.2490823282642829,0.2490823282642829,-0.14364063724210396,-0.6528305563675341,-1.2015503875969058,-1.4138163759811695,-2.409082489122024
2026-03-06,FCX,10:00,-2.11144630616108,-2.11144630616108,-2.106530249569327,-2.0891582369553574,-2.094512838472151,,-1.6671533299566461
2026-03-06,TXG,10:21,-1.2099644128113818,-1.092636579572448,-1.092636579572448,-1.9312293923692936,-1.9312293923692936,-2.1616541353383534,-1.6494826828553741
2026-03-06,CRM,10:25,1.3591453934500342,1.3591453934500342,1.2119391025640969,1.105608084446441,0.49976379323204423,,1.1834619899101655
2026-03-06,HPE,10:30,0.8355216042014835,0.8355216042014835,0.7874015748031704,0.3563791874554578,0.26109660574411553,,0.1903430880954904
2026-03-06,BBY,10:33,3.228303785708775,3.228303785708775,3.012978986402981,2.6584646654399524,,,1.050001471082614
2026-03-06,IBIT,10:44,-0.8504300937219211,-0.8504300937219211,-0.9394561313494032,-0.8631578947368546,,,-0.28263729495294765
2026-03-06,AMZN,10:55,-0.8306575457210696,-0.8306575457210696,-0.9574047823763143,-0.9574047823763143,,,-1.0338403510570582
2026-03-06,UNH,11:48,0.42945538046241793,0.42945538046241793,0.3256986761924763,0.425934690014218,,,0.5813834993549186
2026-03-09,ANET,09:46,5.08695319083734,5.08695319083734,4.938224381287526,4.938224381287526,4.88606820614772,4.88606820614772,4.275977337434381
2026-03-09,ORCL,09:55,2.563824935000958,2.0743534482758674,2.0743534482758674,1.7386050882728155,1.7386050882728155,,1.9816577157067379
2026-03-09,OSCR,09:59,2.798232695139924,2.4587155963302854,2.4587155963302854,2.8739867354458326,4.608467590858001,,1.4419680337239837
2026-03-09,ADM,10:00,1.3804939929856097,1.3804939929856097,1.071269156375565,1.071269156375565,,,1.2220379938073196
2026-03-09,MSFT,10:03,1.0600881144253504,1.0600881144253504,1.0193467654071364,0.6613236306421522,0.7232294408501705,,0.6213988804251761
2026-03-09,FTI,10:04,4.357119368628748,4.357119368628748,4.262833675564681,4.100377234705599,4.066240367273322,,2.6157842984769677
2026-03-09,DE,10:11,3.0823448512979024,3.0823448512979024,2.822504586998642,2.822504586998642,0.8900629269441573,,2.2955022423386984
2026-03-09,TIGO,10:12,2.908454598391552,2.5880976750986884,2.5880976750986884,2.5880976750986884,2.2740524781341254,,0.5149926982476405
2026-03-09,AMZN,10:17,2.327811473641317,2.327811473641317,2.212643678160897,2.065997130559527,1.0702784618298988,,1.5806868298727128
2026-03-09,ZETA,10:27,3.5278154681139595,3.5278154681139595,3.5559174809989047,2.996760259179254,2.141900937081642,,2.728323270090316
2026-03-09,WT,10:52,3.077401305564176,3.077401305564176,2.7898326100433968,2.7898326100433968,0.9129640900791047,,2.1149843411515454
2026-03-09,WPM,10:59,5.156474054987337,5.156474054987337,5.245948251350585,3.8580246913580307,-0.24927575288015147,,2.9349939474273405
2026-03-09,CRM,11:00,-0.49581809986476433,-0.49581809986476433,-0.5605605605605635,-0.1758528864995168,1.1454462149366185,,-0.5788511930719978
2026-03-09,TGTX,12:03,1.7788629229159358,1.7788629229159358,1.6016713091921986,1.6016713091921986,1.1438474870017368,,1.7712999367368292
2026-03-10,DINO,09:45,0.19809451938495037,0.19809451938495037,0.19809451938495037,-0.31588845740198046,-0.31588845740198046,,-1.5655962975377822
2026-03-10,AMZN,09:50,0.3393956416918309,0.3393956416918309,0.26664171773400636,0.26664171773400636,,,-0.09518401092097155
2026-03-10,ADM,09:51,2.329009433962259,2.329009433962259,2.1332941003383787,1.2987012987013102,1.2987012987013102,,1.0824599293711417
2026-03-10,OKTA,09:57,2.4318064848172893,2.011788826242933,2.011788826242933,2.011788826242933,2.011788826242933,1.4527845036319542,1.3028037034312694
2026-03-10,BBY,10:07,0.7148407148407365,0.7148407148407365,0.25524015778484177,0.25524015778484177,-0.6057817652020514,,-0.5190152971132308
2026-03-10,OSCR,10:21,-0.10890382665514897,-0.10890382665514897,-0.10890382665514897,-0.10890382665514897,-0.10890382665514897,-1.845018450184499,-1.4585956397803173
2026-03-10,TXG,10:37,-0.389673648319544,-0.389673648319544,-0.389673648319544,-0.776322173702082,-0.29254022428084614,,-0.3481352023719242
2026-03-10,PANW,10:38,1.8759995079345337,1.8759995079345337,1.7008473535551794,1.1110432818509208,,,0.8564796487845102
2026-03-10,WT,12:10,-1.116812556595248,-1.116812556595248,-1.2062726176115812,-1.2062726176115812,,,-1.676230392801174
2026-03-10,CRM,13:37,-0.548539354509503,-0.548539354509503,-0.2456750946872699,-0.6878980891719677,-0.5561508240216395,,-0.4103763098042575
2026-03-11,DINO,09:41,3.840840011052782,3.840840011052782,3.840840011052782,3.2417582417582302,3.2417582417582302,3.2417582417582302,1.0765522173732538
2026-03-11,COHR,09:45,0.9561304836895435,0.8164002166369144,0.8164002166369144,0.8164002166369144,0.8164002166369144,0.8164002166369144,-1.796381330212234
2026-03-11,LITE,09:45,2.5179444541911122,2.7491514020977936,2.7491514020977936,1.4370245139475823,1.4370245139475823,0.8236935679884816,0.41054017647884633
2026-03-11,FTI,09:48,1.3220018885741203,1.3220018885741203,1.0675039246467621,0.656660412757959,-0.21698698078115308,,0.1135571953549556
2026-03-11,GLW,09:52,1.2602781833551235,0.7492927593852894,0.7492927593852894,0.7492927593852894,0.41914342325866105,-0.1666792938858963,-0.43608409854295854
2026-03-11,WDC,09:52,0.8557594865443052,0.8557594865443052,0.8557594865443052,0.8557594865443052,0.8557594865443052,,-0.2111599279623677
2026-03-11,SMTC,09:53,-1.310796826491889,-1.310796826491889,-1.3051227505318286,-1.8917528719209042,-1.7176228100309165,,-1.3181941646032962
2026-03-11,WPM,09:59,1.5952177625960795,1.5952177625960795,1.4116202945990253,1.4116202945990253,,,-1.9378629485147087
2026-03-11,WT,10:09,-1.9824069800388422,-1.9824069800388422,-1.9775362012181108,-1.9775362012181108,,,-0.7629518659354942
2026-03-11,BBY,10:40,-1.0146197409608315,-1.0146197409608315,-1.0188087774294696,-1.0498276402381768,,,-0.832128146062594
2026-03-12,IBIT,09:40,0.22584692597238387,0.22584692597238387,0.17557060446451445,0.6933064414471168,0.6933064414471168,,0.41177837188945227
2026-03-12,LITE,09:43,-4.602043976463288,-4.602043976463288,-4.579987564367915,-4.579987564367915,-4.579987564367915,-4.579987564367915,-2.3476516378431214
2026-03-12,FTNT,09:47,0.8122312470138615,0.9267563527653344,0.9267563527653344,0.8001910904096521,0.07114062129476295,,-0.3103545817531213
2026-03-12,ZETA,09:49,-0.38610038610038533,-0.38610038610038533,-0.49586776859503745,-0.8237232289950658,-0.8237232289950658,-0.5780346820809301,0.34358720593005526
2026-03-12,RVMD,09:51,-1.856568730728081,-1.8495029990847067,-1.8495029990847067,-1.8423020652767907,-1.8423020652767907,,-0.9191345765059385
2026-03-12,AMZN,10:00,-0.21194008525230457,-0.21194008525230457,-0.2808052924658577,-0.5718353304069224,,,-0.11731243104179019
2026-03-12,COHR,10:00,0.4711474316210884,0.4711474316210884,0.13505370982151987,0.13505370982151987,-0.5324857591017862,-2.1044078813731493,-2.4137819176072197
2026-03-12,TXG,10:01,-3.505758197236708,-3.505758197236708,-3.505758197236708,-3.4814242452825495,-3.4814242452825495,,-1.8208821325901219
2026-03-12,SMTC,10:15,0.029970628783781983,0.029970628783781983,-2.703991919638926,-2.703991919638926,-2.703991919638926,0.584654330661194,0.42972481627716236
2026-03-12,WDC,10:25,-0.2292000916800263,-0.2292000916800263,-0.11282149345062109,0.0,0.7716644802839623,,-0.075289826199935
2026-03-12,TIGO,10:46,1.191070537051564,1.191070537051564,1.1766383798046176,0.7384265833569881,,,0.418460294017516
2026-03-12,HPE,11:27,0.23245002324498998,0.23245002324498998,0.13934045517880467,-0.023185717597973277,-0.4616805170821858,,0.3740014524328039
2026-03-12,CLMT,11:28,-1.135531009525259,-1.9781718963165162,-1.9781718963165162,-1.8777739842949837,-1.8777739842949837,-1.8777739842949837,-1.705498941415547
2026-03-12,ANET,11:39,-0.7258721576179461,-0.7258721576179461,-1.3397129186602852,-1.3397129186602852,-1.3397129186602852,,-1.3972598594793901
2026-03-13,CLMT,09:51,-0.10485844110451614,-0.10485844110451614,-0.3139169863969449,-0.4181184668989535,-2.624558216966344,,-0.1275422507801808
2026-03-13,IOVA,09:53,-5.340076512601244,-5.340076512601244,-5.300763065882707,-5.300763065882707,-5.300763065882707,-5.333483825548646,1.8081978760618271
2026-03-13,HNGE,10:13,0.6321361193816433,0.34548088710575353,0.34548088710575353,0.34548088710575353,0.10873649966312016,0.11118523460085239,1.0929820572533444
2026-03-16,OKTA,09:47,-1.1022814662906888,-1.1022814662906888,-1.1022814662906888,-1.1022814662906888,-1.1022814662906888,-1.1022814662906888,-1.1741062964944111
2026-03-16,FTI,10:04,0.8866371120962668,0.8866371120962668,0.5523118194729282,0.5523118194729282,,,0.3281357148338178
2026-03-16,NOW,10:46,-0.1824500434404852,-0.1824500434404852,-0.3166890807340228,-0.3166890807340228,0.07839721254354615,,-0.22893335355120095
2026-03-17,RVMD,09:42,1.302948239742463,0.7521089541620007,0.7521089541620007,0.7521089541620007,0.7521089541620007,,-0.5882734002169654
2026-03-17,AAOI,09:43,-4.263168113610504,-4.263168113610504,-4.263168113610504,-4.263168113610504,-4.263168113610504,-2.5588328289443907,-3.6174530009223846
2026-03-17,GLW,09:43,3.696606786427137,3.696606786427137,3.696275620676648,3.679968324444527,2.7491001147106564,,0.046907359668986924
2026-03-17,INTC,09:54,-1.509560550150968,-1.509560550150968,-1.553593383256957,-1.7622128039259444,-2.421672058931179,,-1.4209433627190737
2026-03-17,IREN,09:57,-1.8963351980819776,-1.8963351980819776,-2.242320819112631,-2.242320819112631,-2.242320819112631,,-0.2178277805700494
2026-03-17,COHR,11:37,1.6571842350263655,1.6571842350263655,1.6571842350263655,1.4158926728586207,1.2612315555189157,1.2612315555189157,0.3394984185614791
2026-03-17,LITE,11:37,5.209977897063456,5.209977897063456,4.966091270774031,4.966091270774031,4.606542135068881,2.1443169313001054,1.9422769798985382
2026-03-18,OSCR,09:58,1.4970059880239583,1.118568232662187,1.118568232662187,1.118568232662187,-1.274117218784121,,0.24862668966811144
2026-03-18,NOW,09:59,-2.0249892287806937,-2.0249892287806937,-2.21327868764446,-2.21327868764446,-1.1132370847103834,,-0.5036485443946156
2026-03-18,ZETA,10:07,-3.0757495900084364,-3.072289804192896,-3.072289804192896,-3.072289804192896,-3.082692591340286,,-2.4956292046710717
2026-03-18,ALAB,10:09,1.9720471804814954,1.9720471804814954,1.7829207321990115,1.7829207321990115,1.7829207321990115,0.8718932310397332,-0.6290991922414224
2026-03-18,FTNT,10:32,0.005995922772505935,0.005995922772505935,-0.19746290090952856,-0.19746290090952856,,,-0.12169222829910471
2026-03-18,IOVA,10:32,-1.182654402102501,-1.182654402102501,-1.182654402102501,-1.182654402102501,-2.2106631989596948,,-4.567809531069682
2026-03-18,TER,11:00,0.2153984872013126,0.2153984872013126,-0.05661759808166522,-0.226086378295709,,,-1.2253134547210147
2026-03-18,HNGE,11:16,2.032380296245262,2.032380296245262,2.090992647058809,1.7869415807560074,1.3573628379148994,,0.9070794310298261
2026-03-18,UNH,13:04,-0.7576815642457935,-0.7576815642457935,-0.8788142981691283,,,,-0.4550059395490543
2026-03-18,RVMD,13:54,-0.7790368271954784,-0.7790368271954784,-0.7639767265368191,-0.7639767265368191,,,0.5399960315938183
2026-03-19,PLTR,09:40,2.921541410536066,2.4515738498789297,2.4515738498789297,2.4515738498789297,2.4515738498789297,,1.2897606725333393
2026-03-19,BE,09:43,10.043552857331406,10.043552857331406,10.261835493255745,10.444400291410005,10.444400291410005,10.444400291410005,4.810755051224784
2026-03-19,AAOI,09:44,10.028065630397244,10.028065630397244,10.028065630397244,10.028065630397244,10.028065630397244,8.772903349731621,2.740800057130977
2026-03-19,ANET,09:44,1.3915480255584534,1.4745308310991856,1.6713923295030408,1.2709030100334306,0.05874577764721778,,1.2473058315509267
2026-03-19,BMNR,09:49,2.0043467761410527,2.0043467761410527,1.1010052656773572,1.1010052656773572,1.1010052656773572,0.8355216042014835,1.6055116729809822
2026-03-19,GOOGL,09:49,1.2730031000593556,1.2730031000593556,1.131255248727947,0.8737927862821016,0.42842659515323067,,0.5018655950999632
2026-03-19,TER,09:49,5.152094559360343,5.152094559360343,5.152094559360343,4.237098302748343,3.7401608560698296,,1.1012180656844321
2026-03-19,ILMN,09:54,3.050543721744803,3.050543721744803,2.8202210663198946,2.8202210663198946,-0.2208376054893879,,2.4773038147164472
2026-03-19,ADM,10:02,-0.2904865649963506,-0.2904865649963506,-0.435097897026826,-0.435097897026826,-1.5141065185220626,,-0.3857276581887466
2026-03-19,OSCR,10:07,-2.6532731982173874,-2.6532731982173874,-2.6532731982173874,-2.6532731982173874,-2.6532731982173874,,-0.5231981247072618
2026-03-19,HPE,10:31,1.961236732810323,1.961236732810323,1.8907078625778118,1.7968210089841063,0.43181818181816656,,1.4555862582351493
2026-03-19,IREN,10:51,3.7618335824613824,3.7618335824613824,3.5554450522128356,3.5554450522128356,2.8646508652732328,2.359302039813227,3.2067110143652706
2026-03-19,CRWD,11:05,-1.074399260628478,-1.4433037152985717,-1.4433037152985717,-1.4433037152985717,,,-0.5167628063205217
2026-03-19,IOVA,11:42,2.929427430093212,2.929427430093212,2.5198938992042397,2.5198938992042397,1.7105263157894735,,2.1146755186042476
2026-03-19,ORCL,14:58,1.019745388412563,1.019745388412563,0.9607270366764009,0.5040387722132555,-0.3459985903761065,,0.24719859613322828
2026-03-20,ANET,09:40,-2.035911064991114,-2.035945997298416,-2.035945997298416,-2.0248840945396918,-2.0248840945396918,,-1.1375464934606023
2026-03-20,NFLX,09:45,0.6022117595532617,0.6022117595532617,0.5031721723911531,0.911587040087869,,,0.5344877914531606
2026-03-20,ORCL,09:45,-0.8807947019867646,-0.8807947019867646,-0.9627791563275534,-2.2726783393823835,-0.6604055354594629,-0.6604055354594629,-1.062488860356925
2026-03-20,CRM,10:00,2.1277708071936408,2.1277708071936408,2.1277708071936408,1.2753382757011877,1.2753382757011877,1.2753382757011877,0.654039699358
2026-03-20,TGTX,10:04,0.8042895442359255,0.8042895442359255,0.7367716008037428,-0.3970211821893499,-0.3970211821893499,-0.3970211821893499,-0.20434324563597026
2026-03-20,ALAB,10:10,-3.259328469318701,-3.2432462564766618,-3.2432462564766618,-3.2432462564766618,-3.2432462564766618,-3.255964869247163,-1.1980676807931578
2026-03-20,ILMN,10:26,-1.9596912061553007,-1.9596912061553007,-1.9507119310621213,-1.9507119310621213,0.23375785910042524,,-1.5181407957113056
2026-03-20,HNGE,10:41,-2.19122524129135,-2.19122524129135,-2.182747583325495,-2.182747583325495,-2.191725978320891,,-2.198008729285709
2026-03-20,CRWD,10:47,-0.2215527619463753,-0.2215527619463753,-0.6757143897642481,-0.799699712515467,-0.7383719519592269,-0.7383719519592269,0.6948240693078459
2026-03-20,BBY,11:09,-0.21447295257764898,-0.21447295257764898,-0.15895724050229987,-0.5226480836236891,-0.5226480836236891,,0.025636220511204844
2026-03-20,PLTR,11:13,-0.6196031902972798,-0.8418283459388332,-0.8418283459388332,-0.8418283459388332,,,-0.9501943136934828
2026-03-20,NOW,12:52,-0.45073469755702034,-0.45073469755702034,-0.5448732381681309,-0.9640823281467092,,,-0.9838791762010154
2026-03-23,AAOI,09:40,8.02120938628159,8.02120938628159,7.8508673124577655,7.8508673124577655,7.294814774972247,5.150450252580718,4.213165864035388
2026-03-23,CRM,09:42,0.12828407224958482,-0.05122163601904983,-0.05122163601904983,-0.05122163601904983,-2.0249079135580383,,-0.16072022716670706
2026-03-23,MU,09:46,-2.6918101113991177,-2.6918101113991177,-2.6918101113991177,-2.6918101113991177,-2.6918101113991177,,-0.07269459577273762
2026-03-23,CF,09:47,3.327028885832184,3.327028885832184,3.193955525027903,3.193955525027903,3.193955525027903,1.3919352117428563,0.673522752487928
2026-03-23,CDW,09:53,-1.8897755711159703,-1.8897755711159703,-1.8882270824474023,-1.8825196727545235,,,-1.0656770324201055
2026-03-23,OKTA,12:08,0.4646264403419753,0.4646264403419753,0.2782587187731833,0.2782587187731833,0.32788913635239947,,0.5010612140944967
2026-03-23,CLMT,12:13,-0.03562522265764256,-0.03562522265764256,-0.1956251111506324,-0.1956251111506324,0.07132667617688604,,0.28006977352067847
2026-03-23,PANW,14:31,-0.36447576236180446,-0.36447576236180446,-0.49745207473913533,,,,-0.27595208140182015
2026-03-24,TER,09:42,5.048416215329055,5.048416215329055,5.048416215329055,5.048416215329055,5.048416215329055,,-0.04276600904959219
2026-03-24,TGTX,09:48,0.6995336442371825,0.6995336442371825,0.4485794982555191,0.9530933791067397,1.0023387905111925,,0.8349366334579426
2026-03-24,ASML,09:52,2.712243812040138,2.712243812040138,2.372261438864709,2.372261438864709,2.372261438864709,0.3197086780117875,0.2021149502784314
2026-03-24,MRVL,09:53,2.553852986897631,2.486712014114678,2.486712014114678,2.486712014114678,1.1111719305928025,,0.6771557751916882
2026-03-24,ILMN,09:56,2.5977198697068493,2.439222701032606,2.439222701032606,2.0409816149671967,1.925410565488228,,1.0471525592927966
2026-03-24,MU,09:57,0.5335908120744026,0.5335908120744026,0.040455120101134945,0.040455120101134945,-0.9029339153359461,,1.0954696614887387
2026-03-24,TXG,10:03,4.399367755532135,4.399367755532135,4.399367755532135,3.689167974882279,3.689167974882279,,1.3319761462872837
2026-03-24,SNDK,10:14,0.29972168700491686,0.2632311083527794,0.2632311083527794,0.2632311083527794,-0.30076468001192236,,0.8283195754285488
2026-03-24,AMZN,10:19,-0.07713073659852965,-0.07713073659852965,-0.06267778795622236,-0.6137322593018801,-0.6137322593018801,,-0.10085327901787251
2026-03-24,FTNT,10:21,-1.1832108606302238,-1.1832108606302238,-1.1832108606302238,-1.3797389683032901,-1.3797389683032901,,-1.2692011738232238
2026-03-24,NTRA,10:31,0.44371065937467424,0.44371065937467424,0.44371065937467424,0.12858098030139598,-0.6836037139067441,,-0.01816644784130202
2026-03-24,ALAB,10:35,1.3781904484323704,1.3781904484323704,1.281198003327777,0.803179597582182,0.6032559292620254,,-0.375172516313782
2026-03-24,CRWD,10:41,-0.38795070743952165,-0.38795070743952165,-0.5870891008932899,-0.5870891008932899,-1.1125934502982715,,-0.5574925210339384
2026-03-24,PANW,10:43,-0.38661427303842144,-0.38661427303842144,-0.47429378352195073,-1.0762839879154162,-1.0948971712901545,,-0.6460508904499637
2026-03-24,ANET,10:46,-2.0613313027694313,-2.0613313027694313,-2.048227978080941,-2.048227978080941,-2.048227978080941,,-0.23744716582483708
2026-03-24,NBIS,10:46,0.41526423919220345,-0.17382235355466458,-0.17382235355466458,-0.17382235355466458,-0.17382235355466458,0.06969855375500433,0.9029689080316242
2026-03-24,CDW,10:51,1.1700273836196207,1.1700273836196207,1.1700273836196207,1.1700273836196207,1.1700273836196207,,0.7029242343103462
2026-03-24,AMD,10:53,1.3371160725299092,1.3371160725299092,1.234720031545744,1.234720031545744,1.234720031545744,,1.3360758714923298
2026-03-25,NBIS,09:45,-1.1847527472527597,-1.1847527472527597,-1.1847527472527597,-1.1847527472527597,-0.45827247104772706,-1.3963848196693274,-0.6665428891190928
2026-03-25,SNDK,09:45,2.9744181807133785,2.9744181807133785,2.9744181807133785,2.9744181807133785,2.9744181807133785,2.9744181807133785,1.249811234539903
2026-03-25,WDC,09:45,3.292640390652246,3.292640390652246,2.715826714300573,2.715826714300573,2.715826714300573,2.715826714300573,-0.5521869270857368
2026-03-25,MU,09:56,2.0321512497329497,1.1288294845497315,1.1288294845497315,1.1288294845497315,1.1288294845497315,,0.3764365596942154
2026-03-25,COHR,10:05,1.23251614824742,0.5270435136234042,0.5270435136234042,0.5270435136234042,0.5270435136234042,-0.47013177159590525,-0.3761323601229753
2026-03-25,CDW,10:42,-1.7866967205948048,-1.7866967205948048,-1.7846356004491026,1.4976572958500745,,,-0.1285190488503174
2026-03-25,ASML,11:22,0.6593771666281389,0.6593771666281389,0.45008198050484616,0.45008198050484616,,,0.2727100976804027
2026-03-26,NBIS,09:43,-3.5869679057701775,-3.5869679057701775,-3.5869679057701775,-3.5869679057701775,-3.5869679057701775,-3.5869679057701775,-2.517304955893033
2026-03-26,CRCL,09:44,-2.635751089972249,-2.635751089972249,-4.638970832945111,-4.638970832945111,-4.638970832945111,-4.638970832945111,-0.8727332410124577
2026-03-26,IBIT,09:51,-1.4519919733758768,-1.4519919733758768,-1.4520361348349553,-1.4474540284314386,,,-1.199470353015027
2026-03-26,ANET,09:52,-2.0219788602119038,-2.0219788602119038,-2.0219788602119038,-2.0198323044550937,-2.021288398467258,,-2.106075020497959
2026-03-26,BE,09:58,-4.72088373649976,-4.72088373649976,-4.72088373649976,-4.7139891265527645,-4.718957631344112,-5.008804830497759,-0.6885632644282621
2026-03-26,ASML,10:15,-0.9349066583232868,-0.9349066583232868,-0.9894871642146641,-1.78086587881634,-1.7776326485146376,,-0.09827662667200032
2026-03-26,BMNR,10:26,-3.1694936921325634,-3.1694936921325634,-3.1640678041783166,-3.1640678041783166,-3.205617753043888,,-2.698501142627008
2026-03-26,NFLX,11:39,0.8316232854519878,0.8316232854519878,0.6414057025817987,0.6414057025817987,-1.3802440287558393,,0.7912285476782429
2026-03-27,TXG,09:43,-1.7137096774193505,-1.7137096774193505,-1.7137096774193505,-3.4612669132390472,-0.23023791250960102,0.05130836326321386,-0.11663503528548762
2026-03-27,AMD,09:45,0.1860165182668183,0.15124091934644035,0.15124091934644035,-2.1122299994444704,1.574129953731651,,0.7087117864836697
2026-03-27,PLTR,09:47,-2.1191664477274386,-2.1191664477274386,-2.1191664477274386,-2.1191664477274386,0.41758781626135555,,-1.104050664657689
2026-03-27,BBY,09:55,1.140379055573404,1.140379055573404,1.181007471679929,0.7036622421237704,0.7036622421237704,,0.717153577101759
2026-03-27,HTFL,10:00,-1.5746462029101016,-1.9849146486701108,-1.9849146486701108,-1.9849146486701108,-1.1684459548713222,-1.1684459548713222,-0.8812300393788145
2026-03-27,NET,10:00,0.25680280507678344,0.19247853124073622,0.19247853124073622,0.19247853124073622,-0.15001352580971128,-0.15001352580971128,-0.039608840186174575
2026-03-27,NFLX,10:20,-0.3997654709237297,-0.3997654709237297,-0.5630115263040247,-0.5630115263040247,,,-0.0212190980405443
2026-03-27,FTNT,10:34,1.0077519379845024,1.0077519379845024,0.8709115540932899,0.8709115540932899,0.8709115540932899,0.8709115540932899,-0.19668129056195083
2026-03-27,ANF,10:43,0.3266133573600616,0.3266133573600616,0.08988764044943753,-0.17929179740026058,-0.011224604332704669,,0.6072822173443848
2026-03-27,TXG,10:47,-0.8642602948652822,-0.8642602948652822,-1.4653865588681092,-1.4653865588681092,-1.4653865588681092,-1.4653865588681092,0.57516774661589
2026-03-27,DE,10:48,-1.3053522795050343,-1.3053522795050343,-1.3024972868815432,-1.2978746826313614,,,-0.2248869105018203
2026-03-27,PLTR,10:50,-0.07682100705355133,-0.07682100705355133,0.02097168822090545,-0.45916237651314473,-1.126390712459402,,-0.2892662694988594
2026-03-27,CDW,10:56,-1.0633844092774125,-1.0633844092774125,-1.2783022808923072,-1.4306569343065734,-1.7401332120189794,,-1.4047271636827137
2026-03-27,FLR,11:04,0.4834102395077977,0.4834102395077977,0.30708488703661274,0.30708488703661274,-2.0076682519618583,-2.0076682519618583,0.16165075666033277
2026-03-27,OKTA,11:05,-2.2698672905204664,-2.2698672905204664,-2.269253232008217,-2.2585607356269133,-2.2622153646489673,,-0.7833442254327324
2026-03-30,NFLX,09:47,-0.5349309939017832,-0.5349309939017832,-1.3373475408716806,-1.3373475408716806,-1.3373475408716806,,-0.5129193071603089
2026-03-30,TER,10:13,-2.8961138748852533,-2.891752868560138,-2.891752868560138,-2.862284052499242,-0.7329598506069068,,-1.7966256805917162
2026-03-30,ANF,10:21,-0.10882639326421639,-0.10882639326421639,-0.39977155910907447,-0.39977155910907447,-2.3544217607434192,,0.24853009117014416
2026-03-30,FLR,10:30,-2.023421167027617,-2.023421167027617,-2.0202764183221977,-2.0202764183221977,-0.15959872321021917,,-1.7263909602892369
2026-03-30,TXG,10:58,2.3231801755291714,2.3231801755291714,2.112313240597641,1.7976373908577425,0.6602336211274817,,1.8714949307017041
2026-03-31,AXTI,10:14,3.495308067214653,3.495308067214653,3.495308067214653,3.495308067214653,3.495308067214653,3.495308067214653,4.3908796485921275
2026-03-31,HTFL,10:15,-0.16420361247947435,-0.16420361247947435,-0.24610336341263084,-0.24610336341263084,-0.24610336341263084,-1.5583889900829706,0.20005234699114935
2026-04-01,DELL,09:44,0.9444924470398908,0.9444924470398908,0.9444924470398908,0.9444924470398908,0.9444924470398908,-1.0167114642982256,-0.059038730299872576
2026-04-01,FTNT,10:01,-0.0553846153846127,-0.0553846153846127,-0.14141662567633828,-0.14141662567633828,,,-0.7758884012261028
2026-04-01,PANW,10:17,0.8156095112616946,0.8156095112616946,0.6262132882459692,0.13085742771685727,-0.24211571889745098,-0.24211571889745098,0.13018738624649417
2026-04-01,NET,10:18,-0.1360577273500363,-0.1360577273500363,-0.6357878450901855,-0.6357878450901855,,,-1.4477787883825293
2026-04-01,CNH,10:45,0.0453514739228833,0.0453514739228833,0.0,-0.0914846785808221,,,-0.07547627003234118
2026-04-01,AXTI,10:53,-8.909127635747293,-8.85073447708602,-8.85073447708602,-8.793118146757362,-8.793118146757362,-8.793118146757362,-5.669540199315493
2026-04-02,COHR,09:41,9.086296562513208,9.086296562513208,9.086296562513208,7.737921242744394,7.737921242744394,7.737921242744394,-0.27817998776250946
2026-04-02,HALO,09:41,-1.3121747377912052,-1.3121747377912052,-1.3121747377912052,-1.308116360808942,-1.2928220154624914,,7.53753236493182e-05
2026-04-02,SNDK,09:41,8.117228308602598,8.117228308602598,8.117228308602598,8.117228308602598,8.117228308602598,6.87717053555108,1.449038272484371
2026-04-02,WDC,09:41,4.734525837592285,4.782871142989031,4.782871142989031,4.782871142989031,4.73080881570076,3.723975422584691,-0.2647144319882999
2026-04-02,GH,09:45,7.811602527283168,7.545980633701932,7.545980633701932,7.545980633701932,7.220381583457103,4.877912499301562,1.837632703370266
2026-04-02,NET,09:49,5.0181168412170685,4.432379072063197,4.432379072063197,4.432379072063197,4.432379072063197,,0.9037684056526052
2026-04-02,AMD,09:51,7.484808062842752,7.484808062842752,7.421122796622726,6.982375150348696,4.827984966753407,,2.1431365339480424
2026-04-02,OKTA,09:53,2.3484365028717313,2.3484365028717313,2.309262566981385,2.0099224017300577,2.0099224017300577,0.08736894658012417,0.21916582165239692
2026-04-02,HTFL,09:54,4.723745255166589,4.723745255166589,4.723745255166589,4.723745255166589,4.723745255166589,4.723745255166589,2.0936136952817597
2026-04-02,PANW,09:54,3.371960486322201,3.371960486322201,3.371960486322201,2.8736175441913314,0.3658161696895146,,1.6172861868521442
2026-04-02,FTNT,09:59,2.739384883576146,2.739384883576146,2.739384883576146,2.5478498632861113,0.7325112928824318,,1.2217067891592048
2026-04-02,AAPL,10:32,1.4530676974923162,1.4530676974923162,1.2603628737064776,1.0025656206828382,,,1.3346443956463523
2026-04-02,DDS,12:42,0.7419244378495726,0.7419244378495726,0.7419244378495726,0.7419244378495726,0.7419244378495726,,-0.1511551340234322
2026-04-06,NVDA,09:57,0.47227171177284255,0.3700878605531477,0.3700878605531477,0.6031431403086485,,,0.49218483687447634
2026-04-06,DE,10:21,0.7710100231303141,0.7710100231303141,0.67486542080617,0.020871017114232338,,,1.02590278518766
2026-04-06,DINO,10:23,2.849457846515935,2.849457846515935,2.5134048257372754,2.5134048257372754,,,2.1521797852034417
2026-04-06,LRCX,10:30,1.0996563573883122,1.0579829623522885,1.0579829623522885,1.0579829623522885,,,0.7804317482408063
2026-04-07,NVDA,09:42,-1.321546970130827,-1.321546970130827,-1.3217342429698076,1.7976564732780753,,,1.8301991859815736
2026-04-07,WDC,09:48,2.882300563928375,2.6217105263157903,2.6217105263157903,3.215880893300249,4.372734818579738,4.372734818579738,2.272412478114975
2026-04-07,LRCX,09:52,1.996634374857864,1.996634374857864,1.4865935060527136,1.4865935060527136,1.4865935060527136,,1.4903948724386347
2026-04-07,PANW,09:52,5.052254035000914,5.052254035000914,5.013355389352392,4.8641975308642005,4.683457018961712,,4.785717291960134
2026-04-07,DE,10:12,0.8154836903261797,0.8154836903261797,0.6516763631916556,0.305565470231306,0.28373979494142887,,0.5284310811989398
2026-04-07,GH,10:20,4.263284349332297,3.943850267379667,3.943850267379667,3.643634747833824,2.7872645147074993,,2.995210319851823
2026-04-07,SMTC,10:23,0.416691829216731,0.416691829216731,0.416691829216731,0.41062801932367776,1.5140415140415087,0.6598462376657288,1.6650805996362965
2026-04-07,GOOGL,10:37,1.8506168722907779,1.8506168722907779,1.6151299921821627,1.5526298291109741,0.9852550617433398,,0.9713822217282267
2026-04-07,BMNR,10:46,3.1202046035805564,3.1202046035805564,2.8309104820198883,1.99848216544396,3.6503856041131044,,3.0188754182028936
2026-04-07,PLTR,10:46,2.9070592761394343,2.9070592761394343,2.5175064047822326,2.0122365737593517,2.0122365737593517,,1.8097919761426828
2026-04-07,HTFL,10:54,6.078199052132716,6.078199052132716,5.910883280757107,5.185040140982977,4.1854150504266885,2.320000000000011,2.0126612281132847
2026-04-07,WPM,11:11,1.8200883828926706,1.4856289660321043,1.4856289660321043,1.4856289660321043,0.5994227780655725,,1.4668948102066686
2026-04-07,FCX,11:15,0.9133178346064419,0.7877933493656286,0.7877933493656286,0.34676354029061773,0.34676354029061773,,0.9541586262728016
2026-04-08,CLMT,09:40,5.277608297742509,5.277608297742509,4.607456805092447,4.607456805092447,4.607456805092447,,1.300663609210669
2026-04-08,OKTA,10:17,-2.1510962134653533,-2.1510962134653533,-2.147912123380702,-2.131209432843939,-2.1309635421555173,,-1.8133379493831907
2026-04-09,HTFL,09:43,1.0828976848394234,1.0828976848394234,-0.40470934510669077,0.44526901669759145,0.44526901669759145,1.480787253983129,0.2365964010995277
2026-04-09,CF,09:53,-2.8608833380599274,-2.86224307348677,-2.86224307348677,-2.8509512829175465,-2.8511784953429986,-2.9313232920696874,-1.7407195660236223
2026-04-09,RVMD,10:44,0.48612200094089175,0.48612200094089175,0.36545891197661273,-0.42989589268139783,,,0.0008281718934706935
2026-04-09,AAPL,11:33,1.0909232083236242,1.0909232083236242,0.8833443105652483,,,,1.0883748436734786
2026-04-10,HTFL,10:06,1.334837375446507,1.334837375446507,0.8041892650084259,0.8041892650084259,0.8041892650084259,-0.18518518518518823,0.7153726320276036
2026-04-10,ILMN,10:29,-2.0135358797166436,-2.0135358797166436,-2.0097905238546487,-2.0168040762427175,-2.0134135283840893,,-1.130861221931893
2026-04-10,FTNT,10:59,-0.19518542615483137,-0.19518542615483137,-0.31193137509747393,-0.6283604327265602,,,-0.7624304935529236
2026-04-13,IBIT,09:54,2.8310050686116917,2.8310050686116917,2.6406712734452054,1.7741343447938318,,,1.7334838962557164
2026-04-13,HTFL,10:47,3.818525519848781,3.818525519848781,3.7204910292728988,3.3107599699021995,2.50093318402389,,2.101207208250222
2026-04-14,PTEN,09:48,-2.3552122788425445,-2.3449125166901674,-2.3449125166901674,-2.3449125166901674,-2.3449125166901674,,-1.9560310818499074
2026-04-14,CLMT,10:07,-1.195219123505975,-1.421800947867291,-1.421800947867291,-1.3696283311459556,-1.7372752209692144,,-0.7729245376836946
2026-04-14,HPE,10:11,0.9072164948453532,0.9072164948453532,0.7617871113856145,0.4721823034284478,,,0.48039518366043515
2026-04-15,PANW,09:40,0.2810876871371937,0.2810876871371937,0.2810876871371937,0.2810876871371937,-0.07611045148719908,,-0.15683386138768407
2026-04-15,IOVA,09:51,6.5459610027855275,6.5459610027855275,6.5459610027855275,6.5459610027855275,6.5459610027855275,6.5459610027855275,3.8012638651218733
2026-04-15,CLMT,10:12,-0.218204488778051,-0.218204488778051,-0.218204488778051,-0.218204488778051,0.09380863039398779,,-0.11438188000872558
2026-04-15,LITE,10:26,-1.696897374701678,-1.8099682346701118,-1.9531296492460104,-1.9531296492460104,-4.903456785107152,-4.915427632782965,-2.361949965086637
2026-04-15,PARR,10:37,-0.3526206122776099,-0.3526206122776099,-0.7819980849026464,-0.9400892288081497,-1.7541087231352726,,-1.810446497420452
2026-04-16,AXTI,09:40,33.0621542466645,33.0621542466645,31.436837029893926,31.436837029893926,31.436837029893926,28.721520481643246,6.899871239967019
2026-04-16,CRCL,10:45,4.447144592952612,4.447144592952612,4.421768707482987,3.7362425178605996,1.5739471569693242,1.5739471569693242,1.8047483080765685
2026-04-16,FLR,11:15,-0.7671573709309487,-0.7671573709309487,-0.8082901554404165,-0.7053941908713779,,,-0.8617131162939939
2026-04-16,NTRA,13:23,-2.302624942141951,-2.302624942141951,-2.292530740940968,-2.292530740940968,-2.292530740940968,-0.4520290517547765,-1.7571576868719536
2026-04-16,CRWD,13:31,-0.002391143205560109,-0.002391143205560109,-0.09918416722566326,0.2733419651848701,,,0.04515801246706882
2026-04-17,CLMT,10:10,1.6747734678461912,1.6747734678461912,1.2749881945537611,0.9733238334081573,0.9733238334081573,0.9733238334081573,1.7558775819546346
2026-04-17,FTI,11:01,1.8438177874186445,1.8438177874186445,1.7270119342360335,1.1272257323377222,,,0.8967656348480735
2026-04-17,FLR,11:50,-0.715892820617714,-0.715892820617714,-0.7767784137367229,0.3410852713178203,,,-0.6101999126210714
2026-04-20,CRCL,09:54,5.489378598372041,5.489378598372041,5.003033399007584,5.003033399007584,5.003033399007584,,5.7244483796910535
2026-04-20,ANF,10:13,4.949320681475089,4.949320681475089,4.438614281038911,4.438614281038911,4.375335120643431,,4.054493980916033
2026-04-20,DDS,10:27,3.1346312861760373,3.1346312861760373,2.930879263779129,2.670702098646349,2.2185430463576017,,3.029761931639019
2026-04-21,ADBE,09:42,0.520663846404168,0.520663846404168,0.3166355443695812,0.08910490076954325,-0.49526877390778656,,-1.465807393322179
2026-04-21,IOVA,10:03,-1.1984021304926706,-1.1984021304926706,-1.3297872340425454,-1.3297872340425454,-1.3297872340425454,-1.3297872340425454,-2.702694228788142
2026-04-22,CF,10:29,1.2650901273358661,1.2650901273358661,1.2148760330578545,1.2148760330578545,1.1558545179424229,,1.2563946034989115
2026-04-22,ANF,10:40,-1.17559046703003,-1.17559046703003,-1.4704315396909862,-1.4704315396909862,-1.4704315396909862,,-0.4267275307669312
2026-04-22,HALO,10:47,-0.639163277164434,-0.639163277164434,-0.5018546803403856,0.0,,,-0.12394108597203468
2026-04-22,CHEF,10:53,0.8771929824561209,0.8771929824561209,0.5985267034990693,0.47901896915116815,0.3213957759412134,,0.047330732167460976
2026-04-23,NET,09:41,2.2237734343837356,2.2237734343837356,2.2135806162129734,2.2135806162129734,1.6712124969005648,,1.0867549131510927
2026-04-23,TSLA,09:44,-1.8970933923385336,-1.8970933923385336,-1.8970933923385336,-1.8970933923385336,-1.8970933923385336,,-0.8477234394314359
2026-04-23,TEAM,09:48,1.0461814377522138,1.0461814377522138,1.0461814377522138,1.0461814377522138,1.0461814377522138,1.0612855007473776,1.5486967616550107
2026-04-23,WPM,09:57,-1.8778038783007212,-1.8778038783007212,-1.8716015499355643,-1.8716015499355643,,,0.3639127261606238
2026-04-23,ANF,10:02,-2.270594462158748,-2.265303708833022,-2.265303708833022,-2.265303708833022,-2.2596710617732274,,-1.6293932203695238
2026-04-23,NTRA,10:10,-2.3850006255798806,-2.3850006255798806,-2.3730186933710873,-2.374858794914292,-2.374858794914292,,0.9933281103819894
2026-04-23,LITE,10:15,-1.7627303469197053,-1.7627303469197053,-2.2147806004618853,-2.2147806004618853,-2.2147806004618853,,-1.4536798567055662
2026-04-23,ILMN,10:24,-2.0093654004423422,-2.0093654004423422,-2.0093654004423422,-2.0093654004423422,-1.968302182716919,,0.3751595873981735
2026-04-23,GH,10:30,-3.0567209941271156,-3.0567209941271156,-3.042468495823847,-3.033040440115453,-3.033040440115453,,2.7476130592572
2026-04-23,HALO,10:54,-1.3121521880637976,-1.3121521880637976,-1.3073723826286243,-1.3073723826286243,-1.3073723826286243,-1.3318237586433468,-1.3192776018740953
2026-04-23,ADBE,10:55,1.2153807063606248,1.2153807063606248,1.1083379161554996,0.818323701860213,,,0.5872273939998932
2026-04-23,FLR,12:31,0.11565555672379269,0.11565555672379269,0.08408660920748989,0.47483380816715215,,,-0.14906844745397793
2026-04-24,CLMT,09:42,-2.3329021589104992,-2.3329021589104992,-2.3329021589104992,-2.3329021589104992,-2.3522994905803563,0.3279763857002349,-1.344595396188227
2026-04-24,ANF,09:52,-2.269236112433015,-2.269236112433015,-2.2665752180022203,-2.2613980824067847,-2.281480192176366,,-1.2171202535825525
2026-04-24,CF,09:52,-1.2293240759648771,-1.2293240759648771,-1.2293240759648771,-0.9501965923984224,-0.9501965923984224,,-1.1293850809723265
2026-04-24,HALO,09:54,-1.4136013629461153,-1.4136013629461153,-1.4136013629461153,-1.4136013629461153,-0.21380574221135928,,-0.12415562495395512
2026-04-24,WPM,10:05,-0.7190659262423571,-0.7190659262423571,-0.9236234458259385,-0.9236234458259385,-1.4592092711020022,,-0.6865384384326267
2026-04-24,DDS,10:08,0.7259865971705359,0.6561480053438817,0.6561480053438817,-0.5862340637082575,-0.5862340637082575,-0.5862340637082575,-1.0798863587236214
2026-04-24,FLR,10:23,0.9840871021775444,0.9840871021775444,0.8573818485989149,0.47916666666665275,-1.5748043272913126,,-1.3847965265801159
2026-04-24,ASML,10:54,0.09620009620010528,0.09620009620010528,0.06525845783960094,-0.7345926349933252,-0.7345926349933252,,0.10796531143281902
2026-04-24,AXTI,15:25,-0.2354172116139086,-0.2354172116139086,-0.2354172116139086,-0.2354172116139086,-0.2354172116139086,-0.2354172116139086,1.5288831353448569
2026-04-27,TEAM,09:40,-1.717530163236347,-1.717530163236347,-2.406709186370215,-2.406709186370215,-2.406709186370215,-2.406709186370215,-1.957517813594223
2026-04-27,TSLA,09:41,2.6732458518598845,2.6732458518598845,2.72476977119529,2.3098743752532735,,,1.5248256298238931
2026-04-27,CRCL,09:44,-2.5823237545409383,-2.452984464431729,-2.452984464431729,-2.452984464431729,-4.056087063600888,,-0.4630037031376137
2026-04-27,GH,09:53,0.011296882060563007,0.011296882060563007,-0.41619797525309643,-0.41619797525309643,-0.41619797525309643,-0.8789117169568317,-1.8672117442038008
2026-04-27,WPM,09:53,-0.021973192704904942,-0.021973192704904942,-0.6260920209668175,-0.6260920209668175,-1.3371882905673926,-1.3371882905673926,-0.26838736975607347
2026-04-27,ADBE,09:54,-1.7376413303630156,-1.7376413303630156,-1.7376413303630156,-1.1111570077243949,,,-0.42004629535946264
2026-04-27,AXTI,10:07,0.3001715265866345,0.4725085910652904,0.4725085910652904,0.185608223872058,0.185608223872058,0.185608223872058,0.7999809246368894
2026-04-27,NBIS,10:13,-4.081174105008911,-4.081174105008911,-4.062758862602644,-4.062758862602644,-4.062758862602644,0.7298762685944649,1.8419895667127648
2026-04-27,LITE,10:34,2.6468550679630276,2.6468550679630276,2.5036081060127113,2.5036081060127113,2.6813184712386473,,0.45564959015345813
2026-04-27,QBTS,10:35,3.4122179416620657,3.4122179416620657,3.1567389514136623,3.1567389514136623,3.1567389514136623,,2.3753970635996158
2026-04-27,ASML,15:19,0.21052631578948322,0.21052631578948322,0.05516875353532846,,,,0.5556630659214449
2026-04-28,IREN,09:40,-4.11002809162806,-4.11002809162806,-4.101074914530988,-4.101074914530988,-4.077062334118797,-4.077062334118797,0.6370831366212563
2026-04-28,LRCX,09:40,-2.0967138810033537,-2.093475875210382,-2.093475875210382,-2.093475875210382,-2.0852369726110265,,1.678248897092131
2026-04-28,NBIS,09:40,-4.098029712108198,-4.098029712108198,-4.098029712108198,-4.098029712108198,-4.068432087717011,-4.11368119115566,-0.15354028102651332
2026-04-28,PLTR,09:41,-0.6329978179770435,-1.0092560129023265,-1.0092560129023265,-1.0092560129023265,-1.7806303485702224,,-0.6839926154739606
2026-04-28,SMTC,09:41,-3.485742060439867,-3.4815930117729876,-3.4815930117729876,-3.452646741929155,-3.452646741929155,-3.480332217614557,-0.9081415050889811
2026-04-28,GH,09:42,-3.0583582005399346,-3.0583582005399346,-3.0615550906450295,-3.0615550906450295,-3.0615550906450295,,-0.7766217696069555
2026-04-28,TSLA,09:43,-0.12088364616957836,-0.12088364616957836,-0.2322094396454477,-0.8806159038177497,,,0.0862097766718306
2026-04-28,ASML,09:47,-0.155043231822094,-1.6745524150370006,-1.6745524150370006,-0.1492827935354213,0.4899078973153115,,0.5091909976782327
2026-04-28,COHR,09:47,-3.7643041054465143,-3.75019961658537,-3.75019961658537,-3.7712108591539617,-3.7712108591539617,-3.7712108591539617,0.0782833900120905
2026-04-28,LITE,09:47,-4.2454481934843695,-4.2454481934843695,-4.2428012611409605,-4.2428012611409605,-4.277053311839573,,-0.5214024081814409
2026-04-28,AAOI,09:54,-2.6728110599078425,-3.470098090918683,-3.470098090918683,-3.470098090918683,-3.470098090918683,-3.470098090918683,-0.9960751393434553
2026-04-28,NTRA,09:58,0.47184017668908673,-0.06490588646462792,-0.06490588646462792,-0.06490588646462792,-0.5168986083498917,-0.5168986083498917,-0.1721882174675319
2026-04-28,DK,10:05,0.9345794392523477,0.9345794392523477,0.9345794392523477,0.9345794392523477,0.7363770250368162,,0.46102185041650606
2026-04-28,AAPL,10:16,0.23693173404413237,0.23693173404413237,0.17203425886529455,0.06282567722384336,,,0.01242336918921468
2026-04-28,ILMN,10:20,0.7496132947289125,0.7496132947289125,0.7056771328893152,0.470671993038807,0.1656151419558327,,0.02246137604171213
2026-04-28,AXTI,10:28,3.31931510964254,2.779022859704172,2.779022859704172,2.779022859704172,2.779022859704172,4.322111010009122,1.7903110231309787
2026-04-28,TGTX,11:06,-1.8194039025895226,-1.8194039025895226,-1.8183730788486785,-1.8276927586377667,,,-1.0823075034710843
2026-04-28,CDW,12:24,0.33205041128971935,0.33205041128971935,0.23371531966225323,-0.04135182887862188,,,0.53629611989822
2026-04-28,NBIS,13:49,-0.3530709819786648,-0.3530709819786648,-0.46289493019837646,-0.9432582626498931,,,-1.2172335131960292
2026-04-29,COHR,09:40,0.22679463581383175,0.19715440475800428,0.19715440475800428,-0.40093742599806026,0.28282961160259745,-3.525740801486865,0.7969634791831659
2026-04-29,ADBE,09:41,1.3379944649062558,1.066699871331922,1.066699871331922,1.066699871331922,0.6572692323591367,,1.0645044197179043
2026-04-29,TEAM,09:41,1.3224090843754421,1.3224090843754421,1.373409074566756,0.6137596345989094,0.6137596345989094,,0.8001668338308251
2026-04-29,ZETA,09:41,1.163450624290574,1.163450624290574,0.7631430186545884,0.7631430186545884,0.7631430186545884,-0.056069526212509935,1.185030557879278
2026-04-29,TGTX,09:44,-0.6655820144949032,-0.6655820144949032,-1.8672851186669503,-1.8672851186669503,-1.8672851186669503,,0.0970699813737208
2026-04-29,CRM,09:45,1.4271323035594197,1.4271323035594197,1.1695090295028798,0.5743777574294562,0.5743777574294562,,0.9351834352515631
2026-04-29,ORCL,09:46,1.367320423188767,1.1545347903932912,1.1732740521180673,1.1732740521180673,0.1477399215028541,,0.21232348497631412
2026-04-29,TSLA,09:46,-0.15937968601318353,-0.15937968601318353,-0.47805452870368637,-0.47805452870368637,,,0.3975369895776737
2026-04-29,GLW,09:53,0.90673575129534,0.90673575129534,0.90673575129534,0.90673575129534,0.90673575129534,,1.158431712185563
2026-04-29,NET,10:03,2.1542168674698825,1.9674812391764496,1.6935329111494868,1.6935329111494868,1.6935329111494868,,1.4435644487296544
2026-04-29,HTFL,10:39,-0.47185709470846104,-0.47185709470846104,-2.877762595366218,-2.878728287512311,0.13563919972872096,1.1301369863013777,0.812446334370868
2026-04-29,NBIS,10:39,2.383712505433988,2.383712505433988,2.383712505433988,2.383712505433988,2.383712505433988,2.383712505433988,3.4967734051289283
2026-04-29,TGTX,10:53,0.05989290790495705,0.05989290790495705,-0.02977076510868315,-0.2670040600061152,-0.6802721088435493,,-0.1029770222428339
2026-04-29,QBTS,11:16,4.492131616595141,4.492131616595141,4.164289788933262,4.164289788933262,4.164289788933262,,3.0423852972762955
2026-04-29,PLTR,11:22,1.3139543419217636,1.3139543419217636,1.1654328226929689,0.9213220239836284,0.8070700799766461,,0.9812108457855739
2026-04-29,IREN,14:36,0.8107155445893577,0.7042253521126751,0.7042253521126751,-0.32527881040892437,,,0.29277440806491084
2026-04-30,FTI,09:40,-1.390801929569263,-1.390801929569263,-1.390801929569263,-1.390801929569263,-1.390801929569263,-1.38643263232342,-1.3812266418784673
2026-04-30,ADBE,09:41,2.8072520678419144,2.8072520678419144,2.413649604660839,2.413649604660839,2.413649604660839,,1.2873058635744543
2026-04-30,CRM,09:41,-1.8252279947099548,-1.8252279947099548,-1.8231604505383303,-1.8231604505383303,1.4569802862233416,,0.7928436223214227
2026-04-30,TEAM,09:42,1.9037290150051955,1.8432071269487649,1.8432071269487649,1.1672566371681459,1.1672566371681459,,1.1578819805291223
2026-04-30,ZETA,09:45,4.363842448285626,4.363842448285626,3.9808018068887563,3.9808018068887563,3.9808018068887563,3.9808018068887563,-0.10759519736588767
2026-04-30,AAPL,09:51,0.5976771712395301,0.5976771712395301,0.52448200452202,0.34223767944354666,-0.5445744251714402,,-0.6465093869180594
2026-04-30,LRCX,09:59,2.2403743209484794,2.2403743209484794,2.2403743209484794,2.2403743209484794,2.0582647245091845,,0.7217473131466404
2026-04-30,GLW,10:02,8.40153115100315,8.25506673257539,8.25506673257539,7.818038597873178,7.219792414648474,5.967741935483861,0.9053911550241267
2026-04-30,CLMT,10:11,0.6769230769230639,0.6769230769230639,0.800985828712264,0.800985828712264,0.800985828712264,,-0.32839013733956257
2026-04-30,SMTC,10:12,4.402703239912542,4.402703239912542,4.402703239912542,3.7530864197530933,3.7530864197530933,0.5263157894736858,0.8930256871664932
2026-04-30,CRM,10:28,0.854139290407363,0.854139290407363,0.7965511334437236,0.6356536115386779,-0.05378779300192482,,0.7220294744406367
2026-04-30,HTFL,10:42,1.432469304229178,1.432469304229178,1.1908812521265633,1.1908812521265633,0.16840687100032614,0.03363605785400292,0.024949753337418407
2026-04-30,NET,10:51,1.1501061256725231,0.8762429851334019,0.8762429851334019,0.6211485109621551,0.6211485109621551,,0.48556454523927356
2026-04-30,MSFT,11:00,-1.1585931556604367,-1.1585931556604367,-1.1577089946682273,-1.1597311441670533,,,0.5589627365141977
2026-04-30,LITE,11:01,2.9737442922374457,2.9737442922374457,2.8369804996779324,2.167831375791418,-1.0077880165266118,,3.057127999210326
2026-04-30,COHR,11:11,4.463993720975878,4.463993720975878,4.215876910227467,3.9202628408689044,3.9202628408689044,,4.8615674739036425
2026-05-01,IREN,09:40,0.3737906772207644,0.3737906772207644,-0.5013077593722826,-0.5013077593722826,-0.5013077593722826,-0.5013077593722826,-1.8068711080826307
2026-05-01,CNH,09:41,-0.6631927996210374,-0.6631927996210374,-0.6631927996210374,-1.224682053697601,-1.809497160404927,,-0.740900407916271
2026-05-01,TGTX,09:46,0.9248210023866221,0.9248210023866221,0.849605008197929,1.1057979677226548,0.7594936708860578,,0.13883772771386602
2026-05-01,GLW,09:48,-2.173173822992991,-2.2154930012668883,-2.0732763955935263,-2.0732763955935263,-2.0247678018575965,-1.1538197242577097,-0.9921281622954433
2026-05-01,HTFL,09:55,-2.8702770942355293,-2.8639730560153787,-2.8639730560153787,-2.8581784721893544,-2.8581784721893544,-2.8581784721893544,-0.4800100783987367
2026-05-01,NTRA,10:06,1.4459423091037982,1.4459423091037982,1.344283130468793,1.0898906208553605,0.8611043541717267,0.8611043541717267,0.9249349187812506
2026-05-01,CF,10:35,-0.2520325203252072,-0.2520325203252072,-0.48262156791174515,-0.5753646677471691,,,-0.02759397347027089
2026-05-01,GH,10:58,0.34368197960819025,0.1486393780013806,0.1486393780013806,0.11429877700308566,-1.2067462291295072,,0.32099135202265927
2026-05-01,LRCX,11:17,0.35968410352646973,0.35968410352646973,0.3420306850385968,-0.3261629261474108,,,0.003497413324715648
2026-05-01,NVDA,13:15,-0.7255804643715003,-0.7255804643715003,-0.8248350329934095,,,,-0.8393653955594216
2026-05-04,ASML,09:40,-1.5010948746813302,-1.499324690480619,-1.499324690480619,-1.4907887109046558,-1.4907887109046558,,0.13830266934377425
2026-05-04,NVDA,09:40,-1.4053465913987928,-1.4054167429782605,-1.4054167429782605,-1.4019177220576329,-1.4180877209672427,-0.14583857178777082,-0.3869510598386731
2026-05-04,CF,09:52,3.0568400376478344,3.0568400376478344,2.758283009629503,2.758283009629503,1.885265798203739,,0.6266373565350203
2026-05-04,DE,09:52,0.6383543853967222,0.6383543853967222,0.44792444313270785,0.07437644861107984,,,-0.02618614697399435
2026-05-04,TXG,10:25,-0.8014655369819157,-0.8014655369819157,-1.0054844606946944,-1.0054844606946944,-0.8241758241758212,-0.8241758241758212,-0.8538250151434316
2026-05-05,PLTR,09:40,-2.244310981603592,-2.244310981603592,-2.2427222013532644,-2.2704478314628074,-2.262098808733759,,-0.7293164967731025
2026-05-05,CRM,10:07,2.2594622671168185,2.2594622671168185,2.093397745571668,2.157526764256046,0.7867651021178146,,1.672328162492705
2026-05-05,ADBE,10:14,2.1541043881384336,1.984958206156362,1.984958206156362,1.913799290299445,,,1.17373099108052
2026-05-05,NTRA,10:22,-0.8004217791411028,-0.8004217791411028,-0.8954223328864197,-1.1415743217424557,-1.3206827500715224,,-0.7121962321212316
2026-05-05,DE,10:39,-1.2721140079759552,-1.2715931922923085,-1.2715931922923085,-1.207464324917662,,,-0.6987848829756523
2026-05-05,HTFL,11:04,3.916811091854422,3.916811091854422,4.024982650936848,4.024982650936848,3.916811091854422,,3.784948677581012
2026-05-05,GH,14:03,1.1177599638704017,1.1177599638704017,0.4429989345595242,0.4429989345595242,0.4429989345595242,0.4429989345595242,1.1622508169095935
2026-05-06,MSFT,09:41,1.7684531568979533,1.7684531568979533,1.634713403176069,1.634713403176069,,,0.4193330396098445
2026-05-06,OKTA,09:53,1.8609850726639232,1.8609850726639232,1.6404199475065662,1.2947946638765417,0.6760700325881164,,-0.4028383405155285
2026-05-06,HALO,10:17,0.5834659392286223,0.5834659392286223,0.6521079769487459,0.2189505473763731,-0.390214618039908,,0.34846492316001526
2026-05-06,HTFL,10:52,1.9885406134142247,1.9885406134142247,1.6459523009741517,1.3395847287341,1.543624161073831,1.3395847287341,1.7626430607237047
2026-05-06,ZETA,10:55,0.8189529102076598,0.8189529102076598,0.6129597197898518,0.2909514111143485,-0.05798782255727053,,0.7500696026557341
2026-05-06,TXG,11:11,0.33090668431501324,0.33090668431501324,0.198281559814939,0.198281559814939,-0.8718395815170088,,-0.2659113520554997
2026-05-06,PTEN,11:17,-1.1940298507462588,-1.1940298507462588,-1.946677951756226,-1.946677951756226,,,-0.7968064541829486
2026-05-06,GH,11:57,2.034948020349492,2.034948020349492,1.9560172394739839,1.3122494921210315,,,1.861099563867848
2026-05-07,BMNR,09:40,-2.5616688077213956,-2.5616688077213956,-2.560530288251295,-2.5616688077213956,-2.566233028314213,,-2.5782780275223733
2026-05-07,PARR,09:41,-2.8173469516255323,-2.8173469516255323,-2.832831357781418,-2.832831357781418,5.458238131505455,,2.293982073242421
2026-05-07,LITE,10:12,1.8122493682511287,1.8122493682511287,1.558508065663311,1.558508065663311,1.558508065663311,-3.9097239921540017,2.4043355586401325
2026-05-07,HTFL,10:21,-0.1997336884154377,-0.1997336884154377,-0.5473544534748687,-0.5473544534748687,-0.5473544534748687,,0.21791027308480185
2026-05-08,AAOI,09:40,-6.278321473766379,-6.278321473766379,-6.278321473766379,-6.278321473766379,-6.278321473766379,-6.278321473766379,-3.2441334561514688
2026-05-08,GH,09:40,2.57041876405697,2.57041876405697,2.57041876405697,-3.0976952985662054,-3.0976952985662054,-3.0993437102831978,3.6917101463016295
2026-05-08,TXG,09:40,-3.0966411642728064,-3.0966411642728064,-3.044243279939307,-3.044243279939307,-3.044243279939307,-3.044243279939307,3.8530383084689777
2026-05-08,MSFT,09:45,-0.23909360694932547,-0.23909360694932547,-0.3480473344374846,-0.3994482096803087,,,-0.19347945260243712
2026-05-08,DE,09:59,-0.32940360610262953,-0.5001817269250086,-0.5001817269250086,-1.299220981605298,,,-0.7029027665000168
2026-05-08,PTEN,10:03,0.3957783641160839,0.3957783641160839,0.48415492957745165,0.3516483516483371,-0.6959547629404095,,-1.4105665170094486
2026-05-08,HALO,10:14,-1.496520463421358,-1.496520463421358,-1.4939975936746008,-1.4921681155252942,-1.064486269669851,,-0.43469950344158237
2026-05-08,IOVA,10:14,4.934687953555894,4.329004329004338,4.329004329004338,4.329004329004338,4.329004329004338,3.433476394849788,4.231245842938924
2026-05-08,HTFL,10:21,0.2548853016142605,0.2548853016142605,0.2548853016142605,0.2548853016142605,0.2548853016142605,0.2548853016142605,0.42468461136249136
2026-05-08,BMNR,10:38,2.4705610713461112,2.4705610713461112,2.3996308260267663,1.99954033555505,0.31645569620253333,,2.273884597572732
2026-05-08,TIGO,10:44,1.2396954250833758,1.2396954250833758,1.080673536064336,0.48104488294906655,0.33678433329173973,,0.7620351879570478
2026-05-08,COHR,13:32,3.760678469728873,3.760678469728873,3.760678469728873,3.760678469728873,3.760678469728873,,2.881134208861743
2026-05-11,ADBE,09:45,-1.7358903832551564,-1.7358903832551564,-1.7284465406109728,-1.7284465406109728,-0.5314097512679195,,-1.7459690500092737
2026-05-11,HTFL,09:50,0.3580562659846631,0.3580562659846631,0.34094783498124226,0.34094783498124226,0.34094783498124226,0.3580562659846631,-0.4468521377579508
2026-05-11,PARR,09:50,-0.6855118231533619,-0.6855118231533619,-0.7619487416301141,-1.3616891064871517,-1.3616891064871517,-0.9829519275072918,-0.39340426417179647
2026-05-11,MSFT,09:56,1.0232307654647332,1.0232307654647332,0.9540350791359842,0.9540350791359842,,,0.6738663937053024
2026-05-11,ZETA,10:37,-0.9883198562443796,-0.9883198562443796,-1.1067903081064867,-1.1067903081064867,-1.4311270125223485,,-0.9363178227219252
2026-05-11,CLMT,11:42,-0.8594229588704816,-0.8594229588704816,-0.8594229588704816,-0.6153846153846287,-0.6153846153846287,,-0.3648783102557192
2026-05-12,HTFL,09:46,1.1015490533562877,1.2060647829083448,1.2060647829083448,0.8758371973209833,0.8758371973209833,-0.9276437847866359,-0.4312209462191648
2026-05-12,CRM,09:59,-1.7257211811057105,-1.7257211811057105,-1.7261167165586233,-1.722218731234082,-1.7182402998734525,,-0.9803113515283401
2026-05-12,PARR,10:06,-1.4694387994372282,-1.7841838722243764,-1.7918354627609934,-1.8928775443178614,-2.2487593052109234,,-1.8878335463712645
2026-05-12,IOVA,10:09,-0.696378830083566,-1.2465373961218829,-1.2465373961218829,-1.2465373961218829,-1.2465373961218829,,-0.22848372326687758
2026-05-12,BMNR,10:10,-0.5048187241854074,-0.5048187241854074,-2.5649504204478424,-2.5649504204478424,-0.41341295360587393,,-0.09249891774406604
2026-05-12,MSFT,10:15,-0.14200719829591257,-0.14200719829591257,-0.33843635075201384,-0.4029304029304015,,,-0.16044927970500314
2026-05-12,RVMD,10:25,1.6840173171766004,1.6840173171766004,1.489524604997583,2.9732365630201762,2.5170498488364057,,2.5856207595039926
2026-05-13,HTFL,09:40,6.625683060109289,5.508617776275759,5.508617776275759,5.508617776275759,5.508617776275759,5.508617776275759,3.52271371649997
2026-05-13,MSFT,09:54,0.7876805547054611,0.7876805547054611,0.6794145542249108,0.16034853862767484,,,0.29824724579972833
2026-05-13,FTI,09:58,-0.06872852233676952,-0.17849787175613363,-0.17849787175613363,-0.26066675812868034,,,-0.05018830464091906
2026-05-13,HOOD,10:04,0.9337190952130481,0.9337190952130481,0.8408881881487362,0.6821461366915971,0.4055468341182644,,-0.3844505485685712
2026-05-13,ADBE,10:12,-0.06776215483652592,-0.25574366453193775,-0.25574366453193775,-0.29578297980223933,,,0.5683252751498058
2026-05-13,TSM,10:21,1.3976967175688637,1.3976967175688637,1.1616136053044679,0.7638013612301542,0.7638013612301542,-0.8630738324942211,1.038591824238592
2026-05-13,CNH,10:31,0.3260363297624691,0.3260363297624691,0.09293680297397522,0.6071929005137644,0.09293680297397522,,0.7170798439481837
2026-05-13,TEAM,10:38,-1.2676056338028263,-1.4847855309788605,-1.4847855309788605,-1.2796963017389196,-1.043392868102877,,-0.35817546888263774
2026-05-14,CNH,09:55,-0.5034965034965033,-0.5034965034965033,-0.45708955223882075,-0.6886924150767748,,,-0.5789951769836618
2026-05-14,IOVA,09:57,-0.5657708628005631,-0.5657708628005631,-0.8462623413258097,-0.8462623413258097,-1.540616246498594,-1.540616246498594,-1.8601392246896535
2026-05-14,OKTA,10:01,3.3669174850146755,3.3669174850146755,3.446075303126994,3.446075303126994,2.36817177139248,,-0.46358113556275543
2026-05-14,TER,10:50,-0.729744032532087,-0.729744032532087,-0.8829623037668322,-1.180943318436034,,,-0.9045672428508659
2026-05-14,BMNR,15:56,0.5254740689970117,0.5254740689970117,0.5254740689970117,0.15934441156384427,,,1.492083745431616
2026-05-15,QBTS,09:40,-2.7724665391969494,-2.7724665391969494,-2.7724665391969494,-2.7724665391969494,-2.7724665391969494,-2.7724665391969494,-1.7584752202374432
2026-05-15,TER,09:40,0.2551853060740017,-0.23621814745917735,-0.23621814745917735,-0.23621814745917735,-0.23621814745917735,,-1.55061804668201
2026-05-15,TXG,09:40,-2.05685232262538,-2.05685232262538,-2.39520958083832,-2.39520958083832,-2.39520958083832,-0.11784115012961616,-0.7764223262537673
2026-05-15,FTI,09:46,-1.4383450430173306,-1.4383450430173306,-1.4363575550485397,-1.4322016569146112,,,-0.4443245601071122
2026-05-15,AMZN,09:48,1.0286413521471527,0.9977445621009995,0.9977445621009995,0.6227029497457792,,,0.4119428669281093
2026-05-15,ASML,09:55,0.6640186367673939,0.6640186367673939,0.4562605368085837,0.4562605368085837,-0.9926580884655922,,-0.3634026572712575
2026-05-15,HOOD,10:10,-0.34888228453288095,-0.34888228453288095,-0.4646360351058365,-0.4389362251484452,,,-0.6501725153229332
2026-05-15,CNH,10:16,-1.7852321542265903,-1.7852321542265903,-1.7810097508343836,-1.7810097508343836,-1.7810097508343836,,-0.17846649250984706
2026-05-15,TIGO,11:09,-1.9020964069115576,-1.9020964069115576,-1.8998803269672737,-1.8930316106911649,-0.9618988132417239,,-1.331891597404189
2026-05-18,ADBE,09:40,3.9733214038797815,3.9733214038797815,3.9521834593803318,3.244825845532562,3.244825845532562,3.244825845532562,1.7018351929759017
2026-05-18,CRCL,09:40,-0.628538314090854,-0.628538314090854,-0.628538314090854,-0.628538314090854,-0.628538314090854,-0.628538314090854,2.653732408148509
2026-05-18,DK,09:47,1.953739052324277,1.953739052324277,1.953739052324277,1.953739052324277,2.2522522522522515,1.475189986589176,-1.316040594979791
2026-05-18,TSLA,09:59,-1.9512719270259216,-1.9447441277056665,-1.9447441277056665,-1.9447441277056665,-1.9447441277056665,,-0.2709900452220711
2026-05-18,FCX,10:01,-1.7986551050698352,-1.7986551050698352,-1.812076827349507,-1.812076827349507,-1.812076827349507,-0.1980198019802093,-1.843423971344297
2026-05-18,HALO,10:44,-0.5310517775483081,-0.5310517775483081,-0.6702511600500838,-0.823504667605035,,,-0.27427918049155825
2026-05-19,BE,09:41,-4.054423755043334,-4.058339311952219,-4.058339311952219,-4.086902029018258,-4.09789732047543,-4.09789732047543,3.4949312417795273
2026-05-19,FCX,09:42,-0.7776838546069365,-0.9367879145919522,-0.9367879145919522,-0.35653650254668934,-0.35653650254668934,,-0.3758092318374355
2026-05-19,GH,09:44,3.6098796706776515,3.6098796706776515,2.6456133012652927,2.6456133012652927,2.6563480443421827,,2.873084551142798
2026-05-19,ILMN,09:46,0.6146303336056924,0.6146303336056924,0.7614032590905762,0.07774401017739407,0.7327310236892703,,1.0062104958072544
2026-05-19,TSM,09:47,0.6149982703173684,-1.7239434270950205,-1.7239434270950205,-1.7239434270950205,0.34244387370465645,,-1.0992464205762498
2026-05-19,LRCX,09:48,-2.216079683474015,-2.216079683474015,-2.216079683474015,-2.208666680628557,-2.210617153467176,,1.4243250023198002
2026-05-19,ALAB,09:49,10.805334513902153,11.477205311915295,11.477205311915295,10.689202048121803,10.689202048121803,12.30748011585674,7.821770956464424
2026-05-19,HOOD,09:52,-0.8415107905016317,-0.8415107905016317,-2.323919171158506,-2.323919171158506,-2.323919171158506,,-0.6674816602172432
2026-05-19,TGTX,09:53,1.65777193389538,1.65777193389538,1.65777193389538,1.794242932748169,1.6761217122228,,-0.31435198278468485
2026-05-19,IREN,09:54,-0.6037892983551951,-4.646723080557813,-4.646723080557813,-4.646723080557813,-0.11507479861909697,2.3255813953488413,-0.8124254016783664
2026-05-19,FTI,10:02,1.462309487848401,1.462309487848401,1.253768155659074,1.253768155659074,1.2676442373578123,,0.03133887446113981
2026-05-19,HALO,10:04,1.297169811320753,1.297169811320753,1.297169811320753,0.9845701689933817,,,-0.05120666521520508
2026-05-19,CLMT,10:16,-0.3863987635239541,-0.3863987635239541,-0.5094164865699247,0.3894080996884819,0.29567382508559614,,-0.11879900300705293
2026-05-19,SNDK,11:00,5.555576752118485,5.555576752118485,5.436903564133044,5.063324788759127,4.751447319099311,1.160579777976034,1.7797590539933574
2026-05-19,BE,11:14,5.010849473599599,5.010849473599599,4.867576243980731,4.594756854112458,3.904417319390885,,3.66686692397978
2026-05-19,WDC,11:14,3.0712016910260376,3.0712016910260376,2.93971551140213,2.6419172191767037,2.1440573540943086,2.509218454897022,1.6819476340935429
2026-05-19,GLW,11:15,1.556229247870644,1.556229247870644,1.3600937351773812,1.290099637159492,0.7389739597742917,0.9586681974741662,0.5156457559443495
2026-05-19,LRCX,11:17,1.8517862912437177,1.8517862912437177,1.7080597990250856,1.9471073147077522,,,0.4341553113545597
2026-05-19,TXG,12:18,2.29515721826945,2.29515721826945,2.0842876775080343,1.8277358921635845,-0.7349665924276105,,-0.16123756001371245
2026-05-20,PARR,09:40,-2.825484774999376,-2.8273251819526335,-2.8273251819526335,-2.8273251819526335,-2.8273251819526335,-2.826404678881844,1.0497940197446172
2026-05-20,CF,09:52,-2.0235068102121834,-2.0235068102121834,-2.0162828668199184,-2.0162828668199184,-2.052679040202321,-2.052679040202321,1.2304930768460176
2026-05-20,ORCL,09:52,4.130218137526298,4.130218137526298,3.9345711759504853,4.326603061903711,4.084117321527403,,1.7992271188392566
2026-05-20,TEAM,09:54,2.344074535635876,2.344074535635876,2.3197864135271473,2.6669841647815273,1.91466729700982,1.91466729700982,1.426890910595069
2026-05-20,ILMN,09:55,0.9100604337006768,0.9100604337006768,0.9603072983354721,0.9603072983354721,0.7953980541154815,,0.8670528858534773
2026-05-20,NET,09:58,3.2764723232720616,3.0737905995486203,3.0737905995486203,3.0737905995486203,2.4430086553699937,2.4430086553699937,1.1179785234690505
2026-05-20,CHEF,10:01,-0.3928134458110577,-0.3928134458110577,-0.680621548735072,-0.16136319628219375,-0.16136319628219375,,0.278605338438509
2026-05-20,CRM,10:13,2.5566564172645467,2.5566564172645467,2.3875845602865153,1.9962057932440436,1.9962057932440436,,1.329821947506038
2026-05-20,MSFT,10:15,1.8898971566848166,1.8898971566848166,1.7446356079644287,1.4932568425873427,,,0.41730880033433354
2026-05-20,CLMT,10:48,0.0,-0.07825950853028729,-0.07825950853028729,-0.12515644555693983,-2.1938778391156877,,0.21410121726805897
2026-05-20,ADM,11:01,-0.16735324407828323,-0.16735324407828323,-0.2636486399588467,-0.7169376520291926,,,-0.21002714473322323
2026-05-20,HALO,11:02,0.6639427987742641,0.6639427987742641,0.5465675557498884,0.5172665015299449,,,0.9710649021123693
2026-05-21,IOVA,09:40,5.120910384068278,5.120910384068278,4.822695035461,4.822695035461,4.231311706629048,0.4103372374249181,1.9383265365372788
2026-05-21,PLTR,09:45,0.30659172202349705,0.03640069889341291,0.03640069889341291,0.03640069889341291,0.03640069889341291,,-0.16864284470046176
2026-05-21,BBY,09:46,1.4937759336099532,1.4937759336099532,1.4600962336153822,1.074380165289246,,,0.12935699726985828
2026-05-21,ILMN,09:46,3.250873315748204,3.250873315748204,2.4547255234861343,2.4547255234861343,2.4547255234861343,2.4547255234861343,1.1496427333882675
2026-05-21,CRM,09:48,1.7311021350259637,1.7311021350259637,1.3451368130604768,1.3451368130604768,0.08577970115057898,,0.8836541361070335
2026-05-21,NTRA,09:48,0.8440802990173024,0.20414688737486753,0.20414688737486753,0.20414688737486753,-0.1764187003822526,-0.7648462999951366,-1.1787328708591227
2026-05-21,TGTX,09:52,0.31977487848555697,0.31977487848555697,0.18291717122171924,-0.2670396744659076,-0.2670396744659076,,-0.21627206931165155
2026-05-21,TEAM,09:59,-0.5880282243870161,-0.5880282243870161,-0.5880282243870161,-0.5880282243870161,-3.260386778287716,,-0.8462210744383506
2026-05-21,CHEF,10:02,3.6304506537466086,3.6304506537466086,3.6304506537466086,3.6304506537466086,2.454068241469809,,0.9678617768740275
2026-05-21,NET,10:07,2.0246605575013232,2.0246605575013232,1.7269422120168354,1.7269422120168354,1.0982219264048743,,1.0414697225803609
2026-05-21,ADBE,10:08,-0.053226334752698445,-0.053226334752698445,-0.14317270719136355,-0.47091920983425295,,,-0.009374466181766294
2026-05-21,AMZN,10:08,2.3681049440387403,2.3681049440387403,2.181070742058888,2.181070742058888,1.776235972095841,,1.0769030915176965
2026-05-21,IBIT,10:31,0.8044185726726827,0.8044185726726827,0.7674684994272596,0.6291466483642205,,,0.2627274896269534
2026-05-21,TSLA,13:10,-0.016750418760469454,-0.016750418760469454,-0.41589703867008776,-0.41589703867008776,,,-0.20487186881168093
2026-05-22,CF,09:41,-0.19688269073011577,-2.074253746372412,-2.074253746372412,-2.0651413397417495,0.3629764065335772,,0.2748342375265593
2026-05-22,PTEN,10:04,1.650165016501659,1.6921172100701654,1.5663643858202736,1.6510037211528328,1.81818181818183,,1.4827362554079127
2026-05-22,AAOI,10:27,6.89878637916812,6.89878637916812,6.89878637916812,6.89878637916812,6.38484990619137,1.1539748020961138,3.176362456360963
2026-05-22,HALO,10:37,-0.3210741389375382,-0.3210741389375382,-0.3210741389375382,-0.3210741389375382,-0.3210741389375382,,-0.03217590029990965
2026-05-22,CHRD,11:45,0.5305780508237934,0.3834088532589819,0.3834088532589819,1.1093947479286603,,,0.6443143840507481
2026-05-22,NOW,15:57,0.4525332021642736,0.4525332021642736,0.3538083538083603,,,,0.6467953384633018
2026-05-26,DK,09:40,-1.5086951514453606,-1.5086951514453606,-1.5086951514453606,-2.5508147445589047,-2.5508147445589047,-2.5508147445589047,-1.8139965323725857
2026-05-26,TEAM,09:40,2.662677184392659,2.662677184392659,2.042778178322524,2.042778178322524,2.042778178322524,,-0.3652936351569158
2026-05-26,CF,09:43,-0.8280970413216293,-0.8280970413216293,-0.9476309226932655,-1.6669417395609898,-1.6669417395609898,-1.6669417395609898,-1.3801276609293165
2026-05-26,TXG,09:44,5.592457681594176,5.825559621364396,5.825559621364396,5.389221556886237,5.389221556886237,4.940374787052804,-0.13034203072519088
2026-05-26,COHR,09:47,1.5106544394606791,1.5106544394606791,0.8916051538481851,0.8916051538481851,0.4001895634774266,,-0.37014577527501036
2026-05-26,NTRA,09:48,-0.37185780157668047,-0.37185780157668047,-0.6501693406837927,-0.6501693406837927,-0.6501693406837927,0.6839534009770887,-0.9995012879411439
2026-05-26,CRM,09:54,-0.27557411273486654,-0.43355010838752595,-0.43355010838752595,-1.38728323699423,-1.38728323699423,,-1.3944606332893
2026-05-26,PLTR,09:55,1.8791946308724938,1.6744052434284118,1.6744052434284118,1.292664029686419,1.292664029686419,,0.07712201020771599
2026-05-26,MSFT,09:58,0.06974003799629092,0.06974003799629092,-0.07444228321686897,-0.38541641730304166,,,0.36893447180612604
2026-05-26,DDS,10:30,1.3869601139100407,0.71947471360716,0.71947471360716,0.71947471360716,0.71947471360716,0.5789795931535391,1.3440777845556233
2026-05-26,LITE,10:37,-1.842681692979642,-1.842681692979642,-1.9388524060717005,-2.4680386320320435,-2.4680386320320435,,-0.5688208784672614
2026-05-26,DINO,11:01,-1.424050632911389,-1.424050632911389,-1.5373563218390673,-1.5373563218390673,,,-1.8663080725964232
2026-05-26,ADM,13:52,-0.59246989870676,-0.59246989870676,-0.6747294716740959,,,,-0.566925059741293
2026-05-27,ADM,09:40,2.472952086553315,2.130937098844665,2.130937098844665,2.130937098844665,2.2753567296567523,,1.2907157773952054
2026-05-27,DINO,09:40,1.8932874354561147,1.916167664670665,1.916167664670665,1.2417280095174288,1.2417280095174288,,-0.2963608374068209
2026-05-27,PLTR,09:42,0.2572055374839177,-0.10928961748634114,-0.10928961748634114,-0.10928961748634114,-0.10928961748634114,,-1.0620467792202086
2026-05-27,CLMT,09:43,2.127659574468077,2.127659574468077,2.066486972147352,2.066486972147352,2.066486972147352,,-0.24360565115821484
2026-05-27,NET,09:44,-0.2906838217774488,-0.2906838217774488,-0.8153204398938185,-0.8153204398938185,-0.8153204398938185,,-1.1568646551794608
2026-05-27,CHRD,09:50,-0.830737279335414,-0.830737279335414,-0.830737279335414,-0.8748517200474537,,,-1.2094517749793827
2026-05-27,TGTX,09:53,-0.6077632436352176,-0.6077632436352176,-1.5322783220296343,-1.5322783220296343,-1.5322783220296343,-1.5322783220296343,-1.7823526609455742
2026-05-27,ADBE,09:54,-0.9273506050650804,-0.9273506050650804,-0.9273506050650804,-0.9273506050650804,-1.1349725075215256,,-1.1345939537796612
2026-05-27,MSFT,09:55,0.2063908313908458,0.2063908313908458,0.1346646123236317,0.026661495952295944,,,-0.28084150849561434
2026-05-27,NOW,09:59,1.2688342585249757,1.0234857849196421,1.0234857849196421,1.0234857849196421,-2.117466704991866,,-1.153822575357899
2026-05-27,NTRA,10:00,2.81177303529887,2.81177303529887,2.27129813617728,2.27129813617728,2.27129813617728,,1.721578056490373
2026-05-27,HNGE,10:07,1.7261001517450802,1.3225014169658156,1.3225014169658156,1.3225014169658156,-0.44551698533505935,-1.6324284666177524,-1.1574438408497072
2026-05-27,FCX,10:12,0.5293095275715087,0.5134281200631863,0.5134281200631863,-0.039277297721918014,0.7681343047196698,,0.15076347306820134
2026-05-27,AAOI,10:29,1.4870622760235985,0.7563872702823993,0.7563872702823993,0.7563872702823993,0.7563872702823993,0.7563872702823993,-2.9814585384377197
2026-05-27,COHR,10:29,3.521500619359408,3.521500619359408,2.8675774381171415,2.8675774381171415,2.8675774381171415,1.7758922955448675,0.17348386014824912
2026-05-27,ILMN,10:32,3.422904053417253,3.1752577319587694,3.1752577319587694,3.6525581716495115,3.6525581716495115,1.8107833163784504,1.33372972530947
2026-05-27,PTEN,10:32,-0.39045553145335976,-0.39045553145335976,-0.5630142919012537,-1.2473118279569873,-1.2473118279569873,,-2.1737787921850735
2026-05-27,LITE,10:34,2.488636363636365,2.488636363636365,2.344423766510828,1.5081598199212065,1.5081598199212065,,1.3578608692551564
2026-05-27,HALO,10:57,-0.5215879455230388,-0.7157833851493045,-0.7157833851493045,-1.803845254425962,-1.8007472733726715,,-1.0401010961429313
2026-05-27,FLR,12:27,0.8421277049355025,0.8421277049355025,0.7669365146996121,0.5099872503187219,,,0.3181606910570715
2026-05-27,CHEF,15:34,-0.46644208344132077,-0.46644208344132077,-0.5308817816910616,,,,-0.16431757591097718
2026-05-28,ANF,09:41,4.876803268224195,3.6854726744919963,3.6854726744919963,3.6854726744919963,3.6854726744919963,3.6854726744919963,1.5588740703751158
2026-05-28,CRM,09:41,1.27608208311778,1.3081102837593006,1.3081102837593006,0.6339958875942298,0.6339958875942298,,-1.7312333764164005
2026-05-28,NTRA,09:41,6.015149264815078,6.015149264815078,5.518820578091765,5.518820578091765,4.813881207018911,,4.417305345180981
2026-05-28,WT,09:41,-0.21703743895821193,-0.21703743895821193,-0.3791982665222071,-0.6482982171799101,-1.9339605296305518,-0.3252032520325132,-0.23401583264509954
2026-05-28,HOOD,09:43,14.245321125622734,14.245321125622734,14.383930978700432,14.20687798640554,11.813928971469977,9.612294145915467,5.6640955700906135
2026-05-28,FLR,09:45,0.3846975849540524,-0.04256224728665936,-0.04256224728665936,-0.04256224728665936,-0.37119524870082854,-0.37119524870082854,-0.2455019856949551
2026-05-28,CNH,09:53,2.05078125,1.9015114578254444,1.9015114578254444,1.9015114578254444,1.6536964980544688,1.6536964980544688,-0.6163094107648148
2026-05-28,GOOGL,10:04,0.9495226514191213,0.9495226514191213,0.9051412020275151,0.9051412020275151,0.23634588706777926,,0.1381766133093635
2026-05-28,CHEF,10:13,2.580645161290307,2.580645161290307,2.1368641845830982,0.5880871995816994,0.5880871995816994,0.464216634429393,1.2313801584556379
2026-05-28,GLW,10:13,-2.867002920095574,-2.867002920095574,-3.3042540243781615,-3.3042540243781615,-3.3042540243781615,,-1.0767141192713343
2026-05-28,COHR,10:16,-0.87041127590195,-0.87041127590195,-0.87041127590195,-0.87041127590195,-0.87041127590195,-0.87041127590195,-1.16406587191407
2026-05-28,FCX,10:17,3.708661417322845,3.415515075376896,3.415515075376896,3.415515075376896,,,1.3717760152782772
2026-05-28,TGTX,10:20,0.07733952049497894,0.07733952049497894,-0.16715957310016183,-0.3976908274535007,,,-0.7063872265482404
2026-05-28,ANET,10:23,1.7065740771070148,1.7065740771070148,1.4838540985749882,1.4838540985749882,,,-0.07388770099589308
2026-05-28,PTEN,10:58,-0.9198423127463773,-0.9198423127463773,-1.2227074235807711,-1.2227074235807711,-1.2227074235807711,,-1.121689050101678
2026-05-28,AAOI,11:28,-2.9897853781705397,-2.9897853781705397,-3.1629983554035235,-3.5488104068009396,-0.7980752303268446,-1.6522194426668024,-0.6452521409887687
2026-05-28,DINO,11:47,-0.08783487044357052,-0.08783487044357052,-0.1463057790782707,,,,-0.13975590195115517
2026-05-29,BE,09:40,1.9204954269656849,1.631268963055521,1.631268963055521,2.779582701610006,2.779582701610006,2.779582701610006,4.120411474703715
2026-05-29,CNH,09:41,-1.017441860465118,-1.017441860465118,-1.2566457225713035,-1.7592440513471863,,,-1.7555886925679702
2026-05-29,UNH,09:41,-1.1490697151520513,-1.1490697151520513,-1.147862646146025,-1.1512277549400873,,,0.5662331186463568
2026-05-29,ANF,09:44,-2.3842757705429207,-2.3842757705429207,-2.3906508394481163,-2.4004310525473693,-2.4004310525473693,,-0.17334405224271135
2026-05-29,TGTX,10:15,-2.2256142273742507,-2.2256142273742507,-2.222745428421724,-2.2141832349378165,,,-1.7046560741756849
2026-05-29,OSCR,10:46,2.538071065989844,2.538071065989844,2.349147858129874,2.349147858129874,0.4747908659280986,,-0.7813618121821575
2026-05-29,GOOGL,11:11,-1.2034174352108629,-1.2034174352108629,-1.203323276004098,0.12898470609914447,,,-0.39581385407457076
2026-06-01,GLW,09:41,0.8505537161776378,0.8505537161776378,0.4377487208641062,0.4377487208641062,0.12473795677978572,,0.6338973020431368
2026-06-01,BE,09:42,0.7218355246197516,-0.14239813056812212,-0.14239813056812212,-0.14239813056812212,-0.14239813056812212,-0.5527071742845613,-2.080630636777381
2026-06-01,ADM,09:44,3.631460110386353,3.1655844155844104,3.1655844155844104,3.1655844155844104,2.246287128712865,,1.263359758643105
2026-06-01,CRCL,09:46,-1.1455239711497645,-1.1455239711497645,-1.1455239711497645,-1.1455239711497645,-1.51230509111403,,-0.8863331644121342
2026-06-01,GOOGL,09:47,0.3652943686006882,0.3652943686006882,0.16765128532654217,0.16765128532654217,-0.053105334430836315,,0.02520890672232934
2026-06-01,AMZN,09:48,-0.8520085770128527,-0.8520085770128527,-0.6257250993742636,-0.7785795670338103,-1.1547433070563273,,-0.6028153596560245
2026-06-01,AXTI,09:56,5.398902896737567,5.398902896737567,5.398902896737567,5.398902896737567,5.959752321981426,5.959752321981426,-0.6405220736681113
2026-06-01,AAOI,10:01,13.046188991163055,13.046188991163055,13.046188991163055,13.046188991163055,13.046188991163055,10.66277267850757,3.3711658843506913
2026-06-01,INTC,10:20,1.4055759150159997,1.1287934863064342,1.1287934863064342,0.6399337047097164,-1.1038726022439382,,-0.10240107268216041
2026-06-01,ANF,10:21,0.16544239295877006,-0.03962488442740275,-0.08581424516469482,1.021157311619847,,,0.47320085574614384
2026-06-01,IOVA,10:28,-2.1118012422360333,-2.1118012422360333,-2.1118012422360333,-2.1118012422360333,-2.1118012422360333,-3.194103194103204,-1.9896454272718689
2026-06-01,CHEF,11:01,0.8248232521602672,0.8248232521602672,0.5877742946708508,0.11700468018720489,,,0.04320888662744382
2026-06-01,HALO,11:10,1.8308175160663742,1.8308175160663742,1.120510537251418,1.120510537251418,1.120510537251418,1.120510537251418,1.2659638919329568
2026-06-01,DDS,11:53,0.7342169066936188,0.7342169066936188,0.5369724331349524,0.23528609425083058,,,0.5639693395213677
2026-06-02,HTFL,09:41,-3.5646723104683864,-3.52162764402415,-3.52162764402415,-3.52162764402415,-3.52162764402415,-3.5114511634345758,-2.294388724515968
2026-06-02,INTC,09:47,1.8891092849721458,1.8891092849721458,1.8891092849721458,1.8891092849721458,1.4865946811503328,,0.553912418850048
2026-06-02,QCOM,09:49,3.7979049014958743,3.7979049014958743,3.7979049014958743,3.7979049014958743,3.7979049014958743,2.5162856048026594,0.12839922239388976
2026-06-02,AMZN,09:53,0.5606523955147935,0.5606523955147935,0.35212645252162833,0.10537819061742226,,,-0.5404295984561455
2026-06-02,TIGO,09:53,4.5775476582725405,3.7352632193299984,3.7352632193299984,3.7352632193299984,3.7352632193299984,3.7352632193299984,0.9229346521155221
2026-06-02,TSLA,09:58,2.3378254359271544,2.3378254359271544,2.21069770246638,1.7541753214787459,1.3492989452727366,,0.6671735393219524
2026-06-02,HALO,10:05,0.31770045385779433,0.31770045385779433,-0.04522158577027202,-0.04522158577027202,-0.3756009615384581,,-0.12508453781272522
2026-06-02,UNH,10:25,0.11921161386032608,0.11921161386032608,0.03838161917493199,-0.2520553730023578,,,0.058564596640383236
2026-06-02,DE,10:34,3.6679933813335674,3.6679933813335674,3.332501248127806,3.332501248127806,3.332501248127806,,0.516224226304914
2026-06-02,OSCR,10:38,-3.3147506288386475,-3.3147506288386475,-3.307936385883059,-3.307936385883059,-3.2413038266329575,,-3.2915212938676315
2026-06-03,TSLA,09:40,0.9870906088170761,0.9870906088170761,0.6912201496970471,0.6912201496970471,-0.23331371394937905,,-0.43081886597571656
2026-06-03,WT,09:40,-1.787006763625243,-1.787006763625243,-1.7798549222553528,-1.7798549222553528,-1.7798549222553528,,0.7061684014408209
2026-06-03,IOVA,09:52,-3.9425673967329655,-3.9425673967329655,-3.923097928107122,-3.923097928107122,-3.923097928107122,,-2.6011962866165175
2026-06-03,NTRA,09:58,1.8656537000528939,1.8656537000528939,1.8656537000528939,2.1456123432979757,0.298267209544556,,0.06828642702791192
2026-06-03,ANF,10:00,2.7564878311146845,2.4808904385141606,2.4808904385141606,2.12481625016705,1.6223404255319096,,0.7066852015049937
2026-06-03,AXTI,10:00,-0.43908819133036125,-1.5064695009242235,-1.5064695009242235,-1.5064695009242235,-1.5064695009242235,-1.5064695009242235,-3.8730932849653086
2026-06-03,OSCR,12:15,-0.09746588693957392,-0.09746588693957392,-0.38872691933915515,-0.38872691933915515,-0.6782945736434121,,-0.6059398424669219
2026-06-03,WT,12:56,0.9214092140921393,0.9214092140921393,0.9214092140921393,0.37735849056603765,-0.10729613733905241,,0.8075139686928079
2026-06-03,TGTX,15:30,0.32524393294972587,0.40060090135203286,0.40060090135203286,0.04990019960080527,-0.7302884020299549,,-0.5415195904287037
2026-06-04,INTC,09:40,1.3370801794860165,2.3905477193625124,2.3905477193625124,2.3905477193625124,2.3905477193625124,,1.0340020497004259
2026-06-04,BE,09:43,4.695864621133183,4.695864621133183,4.695864621133183,4.695864621133183,4.7843362879591345,4.008280686725896,-0.0019080736847532087
2026-06-04,QBTS,09:44,2.450053745505776,2.427274411710223,2.427274411710223,2.2945965951147285,2.2945965951147285,1.431192660550451,0.2932582575345899
2026-06-04,TSLA,09:57,-0.8164861469912021,-0.8164861469912021,-1.0018451930355776,-1.0018451930355776,,,-0.5192816834142041
2026-06-04,CRM,10:02,-2.11749778479019,-2.11749778479019,-2.114217933563056,-2.1072976161843893,-2.1072976161843893,,-2.108113213842492
2026-06-04,CHRD,10:20,1.4562051727885272,1.075424034644512,1.075424034644512,-0.2350929685830394,,,-0.37109814526845586
2026-06-04,LITE,10:24,8.257301099102499,8.257301099102499,7.892093065735084,7.892093065735084,7.892093065735084,5.846315813052305,3.1904130704101252
2026-06-04,AAOI,10:28,16.161491743631196,15.175097276264605,15.175097276264605,15.175097276264605,15.175097276264605,15.175097276264605,16.09726084112115
2026-06-05,ANF,10:02,-2.3784043765670337,-2.3784043765670337,-2.3652589539201907,-2.3652589539201907,-2.3652589539201907,,-1.520060758910069
2026-06-05,LITE,10:03,-4.684320011417153,-4.684320011417153,-4.684320011417153,-4.684320011417153,-4.6962052053037056,-4.452215170687934,-2.959103188252469
2026-06-05,DRAM,10:14,-2.9239479381945155,-2.9239479381945155,-2.909968317956546,-2.909968317956546,-2.909968317956546,-0.2149767108563183,-2.57498757013237
2026-06-05,INTC,10:34,-3.7500863636742543,-3.7500863636742543,-3.735116670448535,-3.735116670448535,-3.7137620533097992,,-3.503396111723911
2026-06-05,AAOI,11:15,-7.5197548583311296,-7.5197548583311296,-7.5197548583311296,-7.4447127000755176,-7.4447127000755176,-7.583260758384802,-4.279239928708822
2026-06-08,TEAM,09:41,-0.010215548064163027,-0.12234706361945458,-0.12234706361945458,-0.12234706361945458,-0.961246585045028,-0.961246585045028,-0.629271789790431
2026-06-08,TER,09:42,0.4989136557495888,0.4989136557495888,0.3105673208213977,0.3105673208213977,0.11222444889780192,-1.2011338914892256,-0.5344548953142106
2026-06-08,ANET,09:44,1.2822173293614902,0.9162472577106895,0.9162472577106895,0.9162472577106895,0.4108885464817691,0.4108885464817691,-0.38370689631544624
2026-06-08,INTC,09:46,1.2217527099026348,1.2217527099026348,0.5402475777364302,0.5402475777364302,1.0731975784259884,,-0.4462985393216508
2026-06-08,QCOM,09:51,-1.11747070046333,-1.11747070046333,-1.11747070046333,-1.11747070046333,-0.21544808617923739,0.7078417765440603,-1.059220235236528
2026-06-08,LITE,09:53,2.803711487006355,2.7789258570411812,2.7789258570411812,2.7789258570411812,2.9917627298037264,2.5035495099386296,1.1532409202959542
2026-06-08,AAOI,10:00,6.052759346172509,6.052759346172509,6.052759346172509,6.052759346172509,6.052759346172509,6.052759346172509,2.194372139722382
2026-06-08,COHR,10:00,4.392315233834787,4.392315233834787,3.71421567995045,3.71421567995045,3.71421567995045,3.054775731005388,1.8132716418207389
2026-06-08,HOOD,10:06,0.6152389966871841,0.6152389966871841,0.6152389966871841,0.6152389966871841,0.8239966803011534,,0.4272811215760619
2026-06-08,GLW,10:11,-0.08258958305581432,-0.08258958305581432,-0.21285653469560462,-0.3613177470775608,-0.06927791100452829,-0.06927791100452829,-1.1120893100823575
2026-06-08,ORCL,10:45,-0.06958942240780086,-0.06958942240780086,-0.3012473523181902,-0.8472989420466259,-0.8472989420466259,-1.235661661848364,-0.17639647760284705
2026-06-08,MSFT,11:03,-0.3237812812055485,-0.3237812812055485,-0.4232164449818665,,,,0.12898960106209797
2026-06-08,IOVA,12:18,-3.1515151515151496,-3.1515151515151496,-3.1515151515151496,-3.5024154589371914,-3.5024154589371914,-3.5024154589371914,-2.718738786268119
2026-06-08,ADBE,14:16,-0.6629498226051633,-0.6629498226051633,-0.6810718774070579,,,,-0.36148776971525187
2026-06-09,CRM,09:40,-2.16152328305963,-2.16152328305963,-2.162123706193819,-2.165311525940339,-0.011400558627383539,,-1.2426285787067357
2026-06-09,NOW,09:40,-2.9756688011855714,-2.9756688011855714,-2.9756688011855714,-2.9756688011855714,-2.9756688011855714,,-1.7701704200060748
2026-06-09,TER,09:41,-2.894779875139808,-2.894779875139808,-2.894779875139808,-2.894779875139808,-2.894779875139808,-2.8368755746597474,0.048801089340252034
2026-06-09,ZETA,09:41,-3.360455128584239,-3.360455128584239,-3.348672326590607,-3.348672326590607,-3.2721836941879023,-3.3268974020331243,1.1582007330152244
2026-06-09,QCOM,09:49,-3.8377009660738204,-3.8377009660738204,-3.8204156469059947,-3.8204156469059947,-3.8204156469059947,-3.824542722190327,1.7384262746972985
2026-06-09,PANW,09:58,-2.5759805044888284,-2.5722203767406193,-2.5722203767406193,-2.5720984786496537,-2.5624081183963976,,1.0611261773908327
2026-06-09,ANET,10:05,-2.3418978721908346,-2.3418978721908346,-2.3345329455915054,-2.368083299839552,3.312741836942501,1.042358252556097,0.5545035549106051
2026-06-09,TEAM,10:20,-3.4448310254626358,-3.4366955789500886,-3.4366955789500886,-3.4293010495281773,-3.480474002328804,,1.1059436374367682
2026-06-09,ADM,10:22,0.8153815180189428,0.8153815180189428,0.6279829188646113,0.4010025062656686,,,0.949788318327142
2026-06-10,NET,09:40,-2.8585735347691155,-2.8585735347691155,-2.829958387707099,-2.829958387707099,-2.829958387707099,-2.829958387707099,-1.3172975522535786
2026-06-10,ORCL,09:40,1.1039170449753222,1.1039170449753222,1.1039170449753222,1.1039170449753222,1.1039170449753222,1.1039170449753222,-0.4777849427764269
2026-06-10,DRAM,09:42,-2.620883542318153,-2.620883542318153,-2.620883542318153,-2.620883542318153,-2.620883542318153,-2.620883542318153,-2.269914158393375
2026-06-10,TSM,09:42,-1.8730372808791196,-1.8698921130891222,-1.8698921130891222,-1.864480303251681,-1.864480303251681,,-1.2743214924398338
2026-06-10,AMD,09:51,-3.049794706980069,-3.054780359233422,-3.065323713972079,-3.065323713972079,-3.0509910726267186,,-1.1737978963217637
2026-06-10,DE,10:03,-1.4605236584539383,-1.4605236584539383,-1.4605236584539383,-1.4507617185996913,,,-1.360184955162854
2026-06-10,DDS,10:19,-2.0642060285658292,-2.060892968970207,-2.050278669799621,-2.050278669799621,-2.050278669799621,-2.050278669799621,-1.7931185071656326
2026-06-10,TEAM,10:25,-2.916843445057271,-3.4061073164035616,-3.4061073164035616,-3.4061073164035616,-3.3889011333697483,,-2.9149963316468277
2026-06-10,CNH,10:26,-1.772018797107866,-1.772018797107866,-1.7736873647134388,-1.7711856900100353,,,-1.7922595489301123
2026-06-10,ZETA,10:34,-3.5418870715014927,-3.5418870715014927,-3.5435809438455923,-3.5410407424521506,-3.5571904721944936,,-2.3850905499331962
2026-06-11,IOVA,09:44,6.157965194109782,6.157965194109782,6.157965194109782,5.5925432756325,4.894179894179906,,4.046892186075102
2026-06-11,CDW,09:45,1.0715682440359808,1.0715682440359808,0.8349590323839307,0.22687169145449992,0.22687169145449992,,1.218738751218525
2026-06-11,NBIS,09:45,7.931736643071852,7.421347230264419,7.421347230264419,7.421347230264419,7.421347230264419,6.6979798221860065,1.0713123388082761
2026-06-11,ZETA,09:45,3.4046943513025507,3.006166495375129,3.006166495375129,3.006166495375129,1.5193719929095906,2.322613578356303,2.499981393290396
2026-06-11,NTRA,09:58,1.8421725091179342,1.8421725091179342,1.8421725091179342,1.5708261897039,1.5708261897039,-0.6569242169141565,1.3353423996931364
2026-06-11,AAOI,10:00,0.587516723867143,0.587516723867143,0.587516723867143,0.587516723867143,0.587516723867143,0.587516723867143,3.896931387903828
2026-06-11,CHRD,10:19,-1.6733076168819916,-1.6733076168819916,-1.6666823257633911,-1.6703498565837638,,,-1.3559846378431588
2026-06-11,NOW,10:36,-0.2805456128470607,-0.2805456128470607,-0.4108006167806044,0.4188991719434876,-0.34802784222738303,,-0.16390788843806403
2026-06-11,HTFL,13:08,1.0217534607778411,1.0217534607778411,0.8389537752919951,0.7892140743176457,-0.16286644951140072,,-0.05359500373625833
2026-06-12,CLMT,09:42,-0.6785952414627205,-0.6785952414627205,-1.6997571775460796,-1.6997571775460796,-1.6997571775460796,,-1.9185680849448605
2026-06-12,ADM,09:49,2.1973122731036243,2.1973122731036243,2.2167126809623294,1.9829668234396802,,,1.0164332396362719
2026-06-12,LITE,09:55,4.355607915991722,4.355607915991722,4.355607915991722,4.355607915991722,2.5657583433072784,,0.3722865425217973
2026-06-12,TXG,10:11,-1.0808028821410187,-1.0808028821410187,-1.300924340979126,-0.8937779305603355,-0.8937779305603355,-0.6547208821502504,-0.7510012995883941
2026-06-12,FTI,10:13,0.14150275930380207,0.18403171007925767,0.18403171007925767,0.5541346973572114,,,0.6526457201280644
2026-06-12,TEAM,10:28,2.9292107404393697,2.6428654225107318,2.6428654225107318,2.6428654225107318,1.5714613443450265,,0.6057750625196275
2026-06-12,NBIS,10:52,0.33213993012120024,-0.9243088980704584,-0.9243088980704584,-0.9243088980704584,-0.9243088980704584,-0.9243088980704584,-1.8851439253282625
2026-06-12,NET,11:12,0.9964868865861121,0.9964868865861121,0.8160564622849753,0.867224220491214,-0.3053435114503733,,1.2655933761896554
2026-06-15,CLMT,09:40,-1.984255378204458,-1.984255378204458,-1.9861169896818631,-1.9861169896818631,0.059898173105699115,,1.4525250114839034
2026-06-15,CRWD,09:40,1.7312775330396324,1.5910490659002186,1.5910490659002186,0.5500725689404851,1.2288494695929186,,0.34813864533329203
2026-06-15,HALO,09:42,2.0327821916827693,2.0327821916827693,1.4735193621868037,1.4735193621868037,1.4735193621868037,,-0.11531958751302233
2026-06-15,FTI,09:46,-1.7065302234241186,-1.7065302234241186,-1.7040483985495958,-1.7040483985495958,-1.6917829418610641,,-0.2860812968075721
2026-06-15,TSLA,10:01,0.11198208286675726,0.11198208286675726,-0.3778828434793602,-0.3778828434793602,-0.3778828434793602,,0.3776084550716652
2026-06-15,ADM,12:34,1.2128175667049712,1.2128175667049712,0.9164969450101923,0.9164969450101923,,,1.2634339747484031
2026-06-16,DK,09:40,-0.0453926463912957,-0.0453926463912957,-0.6317689530685899,-0.6317689530685899,-0.20394289598912874,,-0.04027224692427408
2026-06-16,NET,09:43,-0.032434536294256855,-0.032434536294256855,-0.40499784575613873,-0.40499784575613873,-1.6549670282918538,,-0.823001583619957
2026-06-16,TSLA,10:04,-0.7736161343713577,-0.7736161343713577,-0.7967248480094113,-0.4220136077857095,,,-0.23345168525896
2026-06-16,DDS,10:59,-1.3002110383803611,-1.3002110383803611,-1.9475326371344859,-0.6999424211890037,,,-0.910957794100072
2026-06-16,IREN,12:01,-2.020202020202022,-2.020202020202022,-2.5366496458573584,-2.5366496458573584,-2.760887428101888,,-3.03245021314568
2026-06-16,CDW,12:30,0.08845813622553322,0.08845813622553322,0.05382545174932307,-0.898705255140908,-0.898705255140908,,0.1413078329212706
2026-06-17,CDW,09:40,-2.1060376372677103,-2.1060376372677103,-2.1006190849196082,-2.091703181033633,-2.0722893355453853,,-2.0949788782436842
2026-06-17,AAOI,09:50,-2.6747011213111738,-2.6747011213111738,-2.6747011213111738,-2.6747011213111738,-2.6747011213111738,-2.6747011213111738,-2.362760557508947
2026-06-17,GH,09:51,2.328528433391397,2.328528433391397,2.535613666124359,2.535613666124359,0.30355021776427016,,-0.21751810596355078
2026-06-17,SMTC,09:54,-4.317680731554563,-4.317680731554563,-4.317680731554563,-4.317680731554563,-4.317680731554563,-4.317680731554563,-3.142605900122508
2026-06-17,OKTA,10:04,-2.0531924109850164,-2.0531924109850164,-2.9790105863799377,-2.9790105863799377,-2.0616770616770586,-2.0616770616770586,-2.0828415151321167
2026-06-17,COHR,10:32,-1.973357935449438,-1.810411810411816,-1.810411810411816,-1.9635223931544266,-1.9635223931544266,-1.9635223931544266,-1.9522189329569877
2026-06-17,AMD,10:48,-1.1378222140727035,-1.401401401401392,-1.401401401401392,-2.1024464831804313,-1.9872365261153657,,-1.9226944018051064
2026-06-18,SMTC,09:45,1.6046213093709794,1.6046213093709794,0.2025572857323743,0.2025572857323743,0.2025572857323743,0.2025572857323743,0.7301246909793094
2026-06-18,QCOM,09:46,4.031107634255204,4.031107634255204,3.306143898370917,3.306143898370917,3.306143898370917,1.0459035444509102,0.7123634735711833
2026-06-18,IREN,10:17,1.0948290382348125,1.0948290382348125,1.1629866846452064,0.6493070927409139,0.6202849958088841,,0.17843882550574822
2026-06-18,OKTA,10:17,8.578273288491655,8.483314154200228,8.483314154200228,8.060522696011008,8.060522696011008,1.1415329156295506,2.552214075424097
2026-06-18,CDW,10:22,1.2541410317084667,1.2541410317084667,1.1902885070156133,1.358073430714568,0.4381503794695263,,0.8607923179464905
2026-06-18,FCX,10:34,-1.1015911872704787,-1.1015911872704787,-1.2082853855005626,-2.2488410962719696,,,-0.2824385440951242
2026-06-18,CRWD,10:37,1.0301822743709055,1.0301822743709055,0.6580646147928082,0.6587750900669098,0.2577734815530919,0.14483424525266742,1.344987219021306
2026-06-18,COHR,11:41,-0.9137933225728645,-0.9137933225728645,-1.3513513513513598,-1.4361567635903905,-1.4610717896865633,0.6064985676310419,0.45377560959817265
2026-06-22,HALO,09:42,-0.021739130434783593,-0.021739130434783593,-0.25303643724695624,-1.5314926081614555,,,-0.6774379822992412
2026-06-22,ANF,09:43,0.47858059997665237,0.47858059997665237,0.5724967870078146,0.5724967870078146,0.5724967870078146,1.267609776183054,0.9127851776949303
2026-06-22,QCOM,09:43,1.5835240274599593,1.5835240274599593,0.9850087581610323,0.9850087581610323,0.9850087581610323,-0.20080339342447573,-2.228685937310352
2026-06-22,CNH,09:45,-0.6229605458321075,-0.6229605458321075,-1.8959726388925513,-1.8959726388925513,-1.8959726388925513,,-1.345775956639154
2026-06-22,CDW,09:59,-2.1744381466235696,-2.1744381466235696,-2.1718689010781334,-2.1543894123446483,,,-1.636418554998139
2026-06-22,WPM,10:06,2.3203026481714906,2.3203026481714906,2.097139501719658,1.7770638266202399,,,1.902301114836084
2026-06-22,COHR,10:31,5.195351137487658,5.195351137487658,4.5978707186939305,4.5978707186939305,4.5978707186939305,,5.388927518401091
2026-06-23,AAPL,09:40,-1.1779100607483661,-1.1779100607483661,-1.1762943800253889,-1.1746635033271113,,,-1.17556649041403
2026-06-23,ASML,09:40,-1.9985262833944861,-1.9985262833944861,-1.995569061275826,-1.995569061275826,-1.9874100732909517,,-0.01843487881084312
2026-06-23,CDW,09:40,0.9743410581887213,0.9743410581887213,0.9743410581887213,0.9743410581887213,0.9743410581887213,,0.35669418925089086
2026-06-23,CRWD,09:40,1.600895144711667,1.600895144711667,1.600895144711667,1.600895144711667,1.600895144711667,,0.06420765558849961
2026-06-23,LITE,09:40,0.3985949074495343,0.15128662624528388,0.15128662624528388,-0.5361285746913746,-0.5361285746913746,-4.506258210758174,-0.20727953789688724
2026-06-23,WPM,09:41,-0.09956568760407514,-0.478837109876018,-0.478837109876018,-0.478837109876018,-0.8940735694822899,-0.8940735694822899,-0.9191316372521204
2026-06-23,QCOM,09:51,0.13239187996469948,0.13239187996469948,0.13239187996469948,0.13239187996469948,0.13239187996469948,,1.459424336228025
2026-06-23,TER,10:00,1.87485608328386,1.87485608328386,1.87485608328386,0.7744503320785467,0.7744503320785467,0.7744503320785467,-0.5374663864532262
2026-06-23,AAOI,10:06,-6.934815271603156,-6.934815271603156,-6.934815271603156,-6.934815271603156,-6.934815271603156,-6.934815271603156,-4.9497138437982935
2026-06-23,NUE,10:35,-0.014603108375932372,-0.014603108375932372,-0.17183741056644442,-0.683824443615566,,,-0.2786988106285415
2026-06-23,ANET,10:36,0.098710592880491,0.098710592880491,-0.0615953187557694,0.2440455963671262,0.3401360544217802,,-0.5620952408794085
2026-06-23,TSM,10:36,-1.4157014157014092,-1.4157014157014092,-1.4246043392861174,-1.2529401121765926,-0.9280479226702276,,-1.1671897330221892
2026-06-23,IREN,10:49,-1.449275362318836,-1.741159576377671,-1.741159576377671,-1.741159576377671,-1.794043774668097,,-1.2369697245647182
2026-06-23,AMD,11:20,0.223571359737873,0.223571359737873,-0.058618336968963014,0.43068484684616326,,,-0.7352775713707663
2026-06-23,NVDA,12:02,-1.0894345127710592,-1.0894345127710592,-1.1871649828323005,,,,-1.1584993918047644
2026-06-24,CDW,09:42,0.6725937379203684,0.6725937379203684,0.6725937379203684,-0.02687036965951517,-0.02687036965951517,-0.02687036965951517,-0.5131661470778223
2026-06-24,FCX,09:44,0.3569690085997168,0.3569690085997168,-0.08077544426493555,-0.08077544426493555,-0.08077544426493555,,-0.27137256744546034
2026-06-24,TER,09:49,1.851344102044461,1.851344102044461,1.851344102044461,1.851344102044461,1.0407057877433123,0.38538362119608927,0.5027866576652699
2026-06-24,ASML,09:50,1.3233621670055484,1.3233621670055484,1.5134425927630923,1.5134425927630923,-1.9947996718709504,,0.16300238385958585
2026-06-24,SNDK,09:50,-4.1101823671016895,-4.1101823671016895,-4.1101823671016895,-4.1101823671016895,-4.0807638839015725,,-0.7085385887223294
2026-06-24,SMTC,10:01,-1.4784445272704616,-1.4784445272704616,-1.4784445272704616,-1.4784445272704616,-2.0503952569169925,-0.9585662097605141,0.43454075347331145
2026-06-24,COHR,10:25,3.9358407665228468,3.9358407665228468,3.109539838099007,3.109539838099007,2.9069348445638354,,2.6209964001264296
2026-06-25,TIGO,09:40,0.8261637513532039,0.8261637513532039,0.6598407281001029,0.6598407281001029,1.6310590397426994,,1.087243226896491
2026-06-25,OKTA,09:58,1.3426240652617327,1.3426240652617327,0.548014501306815,0.548014501306815,0.548014501306815,0.548014501306815,-0.848732836211552
2026-06-25,CRWD,10:01,-0.39601880517212695,-0.39601880517212695,-0.39601880517212695,-0.39601880517212695,-1.0066920351659903,,0.20391780184203143
2026-06-25,HOOD,10:08,-1.1106409985191523,-1.1106409985191523,-1.1106409985191523,-1.1106409985191523,-1.6412414518674368,-2.4947331094470337,-1.5358798532963327
2026-06-25,IOVA,10:15,-1.4051522248243464,-1.4051522248243464,-1.4051522248243464,-0.9737968669144337,-1.1737089201877882,0.11890606420927874,0.010180897860856408
2026-06-25,HPE,10:19,-0.7330287899713128,-0.7330287899713128,-1.3513513513513487,-1.3513513513513487,-1.3513513513513487,,-0.34380675935297517
2026-06-25,TER,10:20,6.463801134633385,6.463801134633385,5.9416386083052775,5.9416386083052775,5.9416386083052775,5.084217440190586,4.021013848822141
2026-06-25,SMTC,10:33,1.418750000000002,1.418750000000002,1.418750000000002,1.418750000000002,1.418750000000002,,0.12185908828111398
2026-06-25,COHR,10:35,3.1124955680494226,3.1124955680494226,3.036821460204986,3.036821460204986,3.036821460204986,,4.469484494472686
2026-06-25,MRVL,10:51,3.159473973814375,3.159473973814375,2.6371384861950675,2.6371384861950675,2.2479081779094523,,1.6451610710958613
2026-06-25,TSM,11:04,-1.9145165795402819,-1.9145165795402819,-1.9092818774540499,-1.9092818774540499,,,-1.3276287688796777
2026-06-25,QCOM,11:54,-1.146484516424895,-1.146484516424895,-1.659183134439457,-1.659183134439457,-3.596717035641539,,-2.1507824030351936
2026-06-26,DELL,09:40,1.0631067338642497,1.0631067338642497,1.0631067338642497,1.0631067338642497,0.6025326797385766,0.6025326797385766,0.8353454365726579
2026-06-26,CRWD,09:41,2.000844606893737,1.566600835791121,1.566600835791121,1.566600835791121,1.566600835791121,1.0094455259932245,1.7388904368616027
2026-06-26,AMD,09:43,2.2043930544904056,2.2043930544904056,2.1230609016868573,1.718334116173481,1.3711454818513324,1.3711454818513324,0.01073369409917054
2026-06-26,NBIS,09:46,-1.0289759631215034,-1.0289759631215034,-1.0289759631215034,-1.0289759631215034,-1.0289759631215034,-1.0289759631215034,0.46414364430073335
2026-06-26,ANET,09:56,-0.24913972401522377,-0.24913972401522377,-0.28165448273679283,-2.345156133181747,-2.345156133181747,,-1.5621741123416115
2026-06-26,SMTC,09:56,-1.3970612405903804,-1.3970612405903804,-2.0698661443029787,-2.0698661443029787,-2.0698661443029787,-2.919282801475831,-2.1868139702920413
2026-06-26,TSM,09:56,2.7690550956323223,2.7690550956323223,2.744613042857824,2.3211747986736198,2.3211747986736198,,0.9221332281536987
2026-06-26,NUE,10:11,-1.5681004815186972,-1.5681004815186972,-1.5645927121087033,-1.5656102600794197,-0.4486540378863424,,-0.04696730461429451
2026-06-26,MRVL,10:18,-1.78746010957187,-1.78746010957187,-1.6186850955319798,-1.8182488751198655,-2.2795683136333733,,0.41596554633097266
2026-06-26,LITE,10:34,2.903772249190939,2.903772249190939,2.595107584269063,2.595107584269063,3.1476107809470744,-0.8308663182388654,1.7354470849945975
2026-06-26,TIGO,10:49,-2.079844086417304,-2.079844086417304,-2.077701389899711,-2.0756817819387985,0.7787810383747207,0.7787810383747207,1.161194444005657
2026-06-26,DDS,15:35,1.5349680508369934,1.5349680508369934,1.1716626032659105,0.8867667121418732,0.37413427069918903,,0.5571983378834799
2026-06-29,DELL,09:40,6.1633479408523595,5.802727690657394,5.802727690657394,5.365431816158606,5.365431816158606,2.539629341492411,2.1066361247022027
2026-06-29,HOOD,10:26,2.125965299368171,2.125965299368171,2.125965299368171,2.125965299368171,2.125965299368171,,0.516069600877489
2026-06-29,TER,10:27,10.048801339365232,10.048801339365232,9.537654233442062,9.537654233442062,8.910798011727517,6.734689177050468,1.495500156022304
2026-06-29,ALAB,10:30,14.598558477108913,14.598558477108913,13.645306701865367,13.645306701865367,13.645306701865367,12.671632758427842,6.564734602300018
2026-06-29,COHR,10:33,9.839013289129884,9.839013289129884,9.167318217357302,9.167318217357302,10.126760563380287,9.210011732499023,4.4553846472119725
2026-06-29,DELL,10:38,7.2406741049470424,7.2406741049470424,6.996926414753202,6.996926414753202,6.61965306017398,2.539629341492411,0.4539098118953107
2026-06-29,ASML,10:49,4.717149121342645,4.717149121342645,4.171152833772207,4.171152833772207,3.0885535073543524,,0.968411846137962
2026-06-29,INTC,10:54,7.924930339288649,7.528374295745888,7.528374295745888,7.528374295745888,7.528374295745888,,3.0172079769667035
2026-06-29,MRVL,10:59,6.945674354136977,6.945674354136977,6.875721431319737,6.26243305279266,6.26243305279266,4.279761234373236,3.963016487941255
2026-06-29,NBIS,11:26,6.151906969179466,6.151906969179466,5.653581545932829,5.653581545932829,5.653581545932829,,0.8978571813003026
2026-06-30,WDC,10:08,-1.8437819433876679,-1.8437819433876679,-1.8437819433876679,-2.3309524173689478,-2.3309524173689478,,-1.9713381140647062
2026-07-01,TIGO,09:40,1.4982432996351935,1.4982432996351935,0.6675567423231055,0.6675567423231055,0.6675567423231055,0.6675567423231055,-0.3903721621942709
2026-07-01,MRVL,09:45,-4.266554018375757,-4.266554018375757,-4.266554018375757,-4.7594032359739575,-4.7594032359739575,,-2.037882440251478
2026-07-01,COHR,09:46,-1.8521970705725699,-2.1323773484697495,-2.1323773484697495,-2.1323773484697495,-2.1323773484697495,-5.074116619149094,0.32211639728825237
2026-07-01,LITE,09:56,-4.608757310063694,-4.608757310063694,-4.617887543007415,-4.617887543007415,-4.617887543007415,-4.617887543007415,-1.6071742813159517
2026-07-01,FLR,09:59,-2.3884755201827534,-2.3884755201827534,-2.379473728021264,-2.379473728021264,-2.3826973231627746,,-1.5183631036167267
2026-07-01,WDC,10:04,-1.2476688726420493,-1.6889838166433857,-1.6889838166433857,-1.6889838166433857,-1.6889838166433857,,0.18896195559880238
2026-07-01,CBRS,10:09,1.5698154778297946,0.9857612267250904,0.9857612267250904,0.9857612267250904,0.9857612267250904,-0.7713004484304897,-1.2895804493627594
2026-07-01,SMTC,10:29,-3.9573247228639197,-3.9573247228639197,-3.938194376412585,-3.938194376412585,-3.938194376412585,1.1627906976744207,1.0027476303250553
2026-07-01,QBTS,10:50,-0.9477674810446368,-0.9477674810446368,-1.425277719555651,-1.425277719555651,-0.40237187632358173,,-2.3281680920287333
2026-07-01,ANET,14:20,-0.020993911765587736,-0.020993911765587736,-0.04197901049475261,-0.7502679528403,,,-0.19869418451144613
2026-07-02,ANET,09:40,-2.493232903702991,-2.489907182252582,-2.4823816210416405,-2.4823816210416405,-2.465096293708624,,-1.4518919921402087
2026-07-02,COHR,09:40,-4.906518986470887,-4.906518986470887,-4.906518986470887,-4.906518986470887,-4.906518986470887,-4.813338127118028,1.4788451141726815
2026-07-02,DRAM,09:42,-3.1897569540769277,-3.1897569540769277,-3.1897569540769277,-3.1897569540769277,-3.1434438086333616,,0.37242446400665247
2026-07-02,ASML,09:48,-2.1878920285674064,-2.1878920285674064,-2.1687673046356104,-2.1687673046356104,-2.1687673046356104,,-1.3068962376541613
2026-07-02,DELL,09:49,-3.7001889997629656,-3.6952115445146205,-3.693675487290027,-3.693675487290027,-3.6590941132008226,-3.6590941132008226,0.12776680409647043
2026-07-02,GLW,09:49,-4.146019747742791,-4.146019747742791,-4.120790225533922,-4.120790225533922,-4.080313159198534,-4.135414406174853,-1.453326034834353
2026-07-02,TER,09:49,-3.7785039771515927,-3.7672470840789285,-3.7672470840789285,-3.748427310399105,-3.748427310399105,-3.748427310399105,-1.5236591674737976
2026-07-02,NBIS,09:50,-5.5102124968650195,-5.5102124968650195,-5.484109095493461,-5.468423236325415,-5.39847121494862,,1.409113041447226
2026-07-02,LRCX,09:51,-3.225624513552161,-3.208521273370546,-3.208521273370546,-3.208521273370546,-3.208521273370546,,-3.3746135510376494
2026-07-02,SNDK,09:51,-4.473480182559053,-4.473480182559053,-4.473480182559053,-4.473480182559053,-4.473480182559053,-4.506184152034187,-3.081225304301434
2026-07-02,GOOGL,10:05,-1.5557635479989784,-1.5557635479989784,-1.55456125777641,-1.5559354555733318,,,-0.2703450244774623
2026-07-02,MRVL,10:07,-5.003420705933004,-5.007314685375574,-5.007314685375574,-5.022943937514823,-5.071754295816566,,1.017653592182229
2026-07-02,AMD,10:18,-3.177505976990891,-3.1764141519430744,-3.1764141519430744,-3.1679230120865487,-0.24061134530615202,,1.5347079647879773
2026-07-02,INTC,10:18,-3.8636687385814383,-3.858397087020149,-3.858397087020149,-3.866838649642168,-3.883071210178546,,-2.6286429004942935
2026-07-02,BE,10:21,-5.124633167067405,-5.124633167067405,-5.124633167067405,-5.124633167067405,-5.256502420696352,-5.425158254363927,1.2761584013826284
2026-07-02,NET,10:38,-0.7577309031333135,-0.7760191650115655,-0.7760191650115655,-1.2551960224957193,-1.3637288825564808,-0.882566499289239,-0.6697440922558565
2026-07-06,ZETA,09:43,5.055368319691866,5.055368319691866,5.055368319691866,5.055368319691866,3.412812382997066,3.412812382997066,0.7131078785843034
2026-07-06,MSFT,09:50,0.6294542995370245,0.6294542995370245,0.6032868733097496,0.579747822695964,,,0.4026088496350407
2026-07-06,AMZN,10:07,0.9756904250041387,0.9756904250041387,0.9861280519319449,0.5360219776420205,-0.15534298095004617,,0.006343512952222685
2026-07-06,CRM,10:08,0.7175433262389896,0.7297938332420983,0.7297938332420983,1.0616877173714068,,,-0.324973712078865
2026-07-06,NOW,10:17,1.7202375341691,1.442940402331283,1.442940402331283,1.442940402331283,1.442940402331283,-2.440450192242727,-0.647233201280221
2026-07-06,GOOGL,10:23,2.0654308435815727,2.0711171775979587,2.0711171775979587,,,,1.0045453316094004
2026-07-06,PLTR,10:25,1.6226031120915696,1.6226031120915696,1.3846389228886258,1.3846389228886258,,,-0.18776426087897166
2026-07-06,NFLX,10:54,-0.23612750885478873,-0.23612750885478873,-0.3015207131620401,-0.5036959508078809,,,0.0066866308532513115
2026-07-07,MU,09:43,1.395203179162663,1.395203179162663,1.248146650491977,-4.002149076168471,-4.002149076168471,,1.2875277501786557
2026-07-07,SNDK,09:44,-4.81753172917635,-4.81753172917635,-4.81753172917635,-4.81753172917635,-4.81753172917635,-4.81753172917635,2.912840360636681
2026-07-07,IBIT,09:52,0.9639564124056976,0.9639564124056976,1.2043131214115599,1.1476557032890078,0.4587155963302836,0.4587155963302836,0.5689342824634291
2026-07-07,DELL,09:58,2.245718066207636,2.245718066207636,2.245718066207636,2.245718066207636,-3.7471094939234395,,-0.7116400395754711
2026-07-07,AMD,10:02,0.3406652704402102,0.3406652704402102,0.1978469595577792,1.2485299882399215,1.2485299882399215,,0.23958054126042386
2026-07-07,SNDK,11:32,4.116406471026979,4.116406471026979,4.116406471026979,4.116406471026979,4.116406471026979,3.0352006923057395,2.6653654549151216
2026-07-07,ANF,11:37,-0.2297562342392756,-0.2297562342392756,-0.3804834377797661,-0.3804834377797661,,,-0.5482408697487839
2026-07-08,MSFT,09:40,-0.23700385456817408,-0.23700385456817408,-0.42761148442271857,-0.42761148442271857,,,-0.102820704798486
2026-07-08,CRM,09:44,-0.033012214519356764,-0.033012214519356764,-0.05700741096342776,0.3403922041148366,,,0.6532724577222204
2026-07-08,DE,09:46,-0.37903454724573793,-0.6370275379093959,-0.6370275379093959,0.3616666947028335,0.18975969369763312,,0.4430522860021731
2026-07-08,ADBE,10:05,1.0704972780090527,1.0704972780090527,0.6239752231736118,0.6239752231736118,0.7754413173379548,,0.5442781668947368
2026-07-08,TEAM,11:04,-0.15200233849752554,-0.15200233849752554,-0.18701420139093372,-0.5415793151642201,,,0.0908644912254027
2026-07-08,DELL,12:23,1.6917072422000912,1.6917072422000912,1.4014084507042224,1.4014084507042224,0.6242866127792457,,2.880087656161738
2026-07-09,PLTR,09:43,1.5660659479027395,1.5660659479027395,1.2473523181925295,1.2473523181925295,1.2314691348341178,,1.3153243515692692
2026-07-09,GLW,09:44,-2.8670940386653965,-2.8670940386653965,-3.422835633626098,-3.422835633626098,-3.060376312939217,,-3.099299425651477
2026-07-09,TSM,10:06,-1.625869795302537,-1.625869795302537,-1.6369449698279692,-1.0711535848543785,-0.9095858095540477,,-1.35306320482896
2026-07-09,AMZN,10:36,2.7133053279540853,2.7133053279540853,2.64499771395319,2.4028980074539907,1.5016851623510075,,1.9023775208739213
2026-07-09,NVDA,11:06,0.7860320616378758,0.7860320616378758,0.7334558823529402,0.2919381637178642,,,-0.22479662809633538
2026-07-09,GOOGL,12:26,1.2669300225733648,1.2669300225733648,1.249788410539976,,,,0.6960873595963498
2026-07-10,SNDK,09:41,5.8545977916456104,5.8545977916456104,5.8545977916456104,5.8545977916456104,5.8545977916456104,2.623008773715285,1.9319984534867238
2026-07-10,WDC,09:42,2.502243572823737,2.502243572823737,2.502243572823737,2.502243572823737,2.502243572823737,1.306086956521746,0.24337875317843963
2026-07-10,MU,09:45,1.4806980433633044,1.4806980433633044,0.9062789978348418,0.9062789978348418,0.5930600666036456,0.2776696243775634,-0.2949968991091641
2026-07-10,ALAB,09:46,0.3086194746178661,0.3086194746178661,0.3086194746178661,-0.9454789786907392,-0.9454789786907392,,-0.5747093620693958
2026-07-10,ASML,09:58,0.2887593114415665,0.3671645958397418,0.3671645958397418,0.6017099757916755,0.5805982260275844,,-0.4319338700685164
2026-07-10,LRCX,09:58,1.1401027535646424,1.251155802126691,1.251155802126691,1.4945691527878502,1.3390016773671354,1.6801114270791118,0.018943681675280082
2026-07-10,TSM,09:58,0.42301379995839383,0.27663554853356587,0.27663554853356587,0.27663554853356587,0.2099047355430983,,-0.1003612306302637
2026-07-10,IOVA,10:00,-0.47058823529411153,-0.47058823529411153,-0.47058823529411153,-0.47058823529411153,-0.8647964564437727,0.9546539379474916,-0.6253415671186868
2026-07-10,CF,10:45,2.280092116806065,2.0151792724417694,1.7843154321524946,1.7843154321524946,,,1.0920815007536537
2026-07-10,TSLA,11:24,-0.04486787514079715,-0.04486787514079715,0.023602438755099264,-0.24561704001859752,,,-0.45486870505112575
2026-07-13,CBRS,09:46,-0.9483259144571377,-0.9483259144571377,-1.2350443844075687,-2.078301006863892,-2.281622911694514,-1.6809144174430912,-1.063533941380057
2026-07-13,CRWD,09:46,2.5435292833360545,2.5435292833360545,2.5435292833360545,2.5435292833360545,2.3925755436148277,,1.5609079540213215
2026-07-13,HALO,09:53,0.901378579003187,0.901378579003187,0.7811465642791005,0.8746355685131268,,,0.9074175939836282
2026-07-13,IOVA,09:54,-1.1029411764705843,-1.1029411764705843,-1.1029411764705843,-1.1029411764705843,-0.24721878862793423,-2.0583523472013088,-2.537751866245419
2026-07-13,FTNT,09:57,2.1888521252227067,2.1888521252227067,2.0460033041047154,2.0460033041047154,0.14966325767022948,,0.609877123987416
2026-07-13,PANW,09:58,3.031694907109528,2.8773504073779765,2.8773504073779765,2.5617610095712617,2.5617610095712617,,0.5165945886642062
2026-07-13,SNDK,10:00,-4.659013580238924,-4.628562336883335,-4.628562336883335,-4.628562336883335,-4.628562336883335,,-1.737141909369692
2026-07-13,WDC,10:03,2.7616844053678813,2.7616844053678813,2.3770008113889407,2.3770008113889407,2.3770008113889407,,1.4701682711824111
2026-07-13,TSM,10:26,-1.9031930812671072,-1.9031930812671072,-1.9026759532609572,-1.8995149424973379,-1.8932990214313272,,-0.9755676309562903
2026-07-13,FLR,10:30,-1.7328448361223936,-1.7328448361223936,-1.8882847256549762,-1.8882847256549762,,,-1.1363189032529124
2026-07-13,OSCR,14:49,0.7008601465434916,0.7008601465434916,0.41296060991105055,0.41296060991105055,0.09499683343889842,,-0.15715205713922042
2026-07-14,HALO,09:42,0.41477120685042834,0.41477120685042834,-0.1463544438531139,-0.1463544438531139,-0.1463544438531139,,-0.48143874761412686
2026-07-14,TEAM,09:48,-0.31337437045327876,-0.31337437045327876,-0.646960401561647,-0.646960401561647,-0.646960401561647,-1.5257048092869097,-1.7414160759136414
2026-07-14,CBRS,09:49,4.127924798201699,4.127924798201699,3.7304697440073253,3.7304697440073253,5.219142016416289,7.579436292621122,5.142280229524854
2026-07-14,ADBE,09:50,0.17699918308069496,0.02265724125429802,0.02265724125429802,-0.09278747142825727,-0.7955056179775322,,-0.8726282304915381
2026-07-14,IOVA,09:54,-1.6545036489053255,-1.6545036489053255,-1.6545036489053255,-1.6545036489053255,-2.1144278606965106,,-1.148664257221151
2026-07-14,MSFT,10:06,0.3545544606079698,0.3545544606079698,0.3414748585877092,0.0571844458307158,,,-0.42218759575121484
2026-07-14,NVDA,10:20,3.3827980083959597,3.3827980083959597,3.3121951219512225,2.9931675055316465,,,1.096939208440036
2026-07-14,RVMD,10:20,-0.7086106935795589,-0.7086106935795589,-0.9664551709367308,-1.0009099181073733,-1.0009099181073733,0.02163097555700766,-0.4203509716234251
2026-07-14,LRCX,11:12,-0.001443730599870463,-0.001443730599870463,-0.20746887966806016,-0.20746887966806016,-0.06636848939547413,-0.06636848939547413,0.2438538007528098
2026-07-15,UNH,09:40,0.10283145207574673,0.03345680487512048,0.17949454336587678,-0.09785202863962228,-0.5157334347371423,,-0.2692948711316349
2026-07-15,OSCR,09:41,1.0232711668592076,1.0232711668592076,0.7240414678295171,0.7240414678295171,0.7240414678295171,,-2.39298019671698
2026-07-15,ASML,09:55,-1.8456211357446017,-1.8456211357446017,-1.8456211357446017,-1.8456211357446017,-1.8456211357446017,,1.3582627616691159
2026-07-15,RVMD,09:56,1.1310420375188368,1.0065645514222954,1.0065645514222954,1.0507880910682887,0.32601608346012334,,0.5125220654981074
2026-07-15,CDW,09:57,-1.974817744778401,-1.974817744778401,-1.9655386513578121,-1.9655386513578121,-1.9571149142805666,,-0.6251394185794198
2026-07-16,AMD,09:40,-2.94346697127269,-2.94346697127269,-2.9650563489836412,-2.9650563489836412,-2.980504816060836,-2.981823895877933,-0.6634820266013364
2026-07-16,RVMD,09:40,-1.9183077278194127,-1.9183077278194127,-1.9183077278194127,-1.9204074516896097,-1.9238820635601006,,0.7204660429545559
2026-07-16,ASML,09:41,-1.043017546193159,-1.4662303477123717,-1.4662303477123717,-1.104403212406535,-1.8931815308572575,,-0.6244183514812521
2026-07-16,PTEN,09:42,-1.981707317073178,-1.981707317073178,-2.2836804453688075,-2.275606827632648,-2.031488065007625,-2.031488065007625,-1.2783387101578076
2026-07-16,IBIT,10:05,-0.08237232289950436,-0.08237232289950436,-0.19226496910320634,-0.6416382252559694,,,-0.39666570751324776
2026-07-16,CDW,10:06,2.9328432498659796,2.9328432498659796,2.9328432498659796,2.4230417555623163,1.303790790564463,1.303790790564463,1.0106201615689425
2026-07-16,HPE,10:06,-2.7854407968368022,-2.7854407968368022,-2.7776993258888827,-2.7776993258888827,-2.7905259013842887,,-1.3553934777117824
2026-07-16,MSFT,10:24,1.5724703737465706,1.5724703737465706,1.5493278651173448,0.3527469228459923,,,-0.30863082421127563
2026-07-16,TEAM,10:43,2.9313419527418505,2.87401136237051,2.87401136237051,2.498362911907992,2.1457803340338533,2.1457803340338533,2.8289658070759525
2026-07-16,NUE,11:08,-0.49402525017946397,-0.49402525017946397,-0.793533856742934,,,,-0.3764924322883889
2026-07-16,FLR,11:35,-1.3941445927106222,-1.3941445927106222,-1.423593827775016,-0.8014425966740069,,,-0.571108210942417
2026-07-17,GH,09:40,2.0023557126030544,2.0023557126030544,1.8989364935862119,2.3506237688772025,2.2767534938652245,,0.814240690939716
2026-07-17,NUE,09:40,1.763820176382036,1.763820176382036,1.763820176382036,1.1762189905902387,1.1762189905902387,,0.5553984713438154
2026-07-17,TGTX,09:46,0.6238532110091732,0.6238532110091732,0.5039860716576694,0.8327342329339293,,,0.1493939361150387
2026-07-17,NTRA,09:49,2.257055653943252,2.257055653943252,2.257055653943252,2.2647624072050343,1.1253540020867314,,0.8034986529903235
2026-07-17,OSCR,09:49,2.213633169360496,2.213633169360496,2.213633169360496,2.3394898856640145,1.8200910045502283,,0.6595253261121684
2026-07-17,FTNT,10:05,0.2854837708682556,0.2854837708682556,0.0650215190265202,-0.22845146949864725,-1.131913852178168,,-0.25102544049993014
2026-07-17,ASML,10:16,0.486218999942456,0.486218999942456,0.3217004164871362,0.3217004164871362,0.3217004164871362,,-1.6621631615216719
2026-07-17,IBIT,10:33,1.693254967814184,1.693254967814184,1.7074877536738864,,,,1.4616928592137663
2026-07-17,NVDA,10:34,-0.3246433841613494,-0.24368031112315114,-0.24368031112315114,-0.7590969195357289,,,-0.9734873909562403
2026-07-17,BMNR,10:47,3.738008600727749,3.738008600727749,3.9098740888005246,3.395977579953846,4.3830217819673,-0.22271714922048602,0.10053358451352912
2026-07-17,HOOD,11:02,0.025013757566672012,-0.05998200539838461,-0.05998200539838461,-0.32901296111664813,-2.1053662358010206,,-0.8367655561046313
2026-07-17,HPE,11:07,1.5209395080877375,1.5209395080877375,1.149780552636459,1.149780552636459,,,1.9974005374472619
2026-07-17,ZETA,11:29,1.0491956166938765,1.0491956166938765,0.931532370749899,0.6502554575011699,0.41705282669139976,,-0.253986323136209
2026-07-17,AMZN,14:03,-0.04245426058828716,-0.1333064027469244,-0.1333064027469244,,,,-0.33914932732833636
2026-07-20,ZETA,09:40,-3.4051136512387115,-3.4051136512387115,-3.3971837172581787,-3.3971837172581787,-3.392443460908512,,1.412735125434698
2026-07-20,UNH,09:48,-0.06635700066356387,-0.06635700066356387,-0.3120567375886507,-0.3120567375886507,-0.3120567375886507,,-0.9601314191042672
2026-07-20,CNH,09:50,-1.8301754384833058,-1.8301754384833058,-1.8284398524819,-1.0986905753996856,,,-0.49784521291312833
2026-07-20,HPE,09:54,-2.0856201975850586,-2.0856201975850586,-2.4923480542195064,-2.4923480542195064,-2.4923480542195064,,-2.4123171809265265
2026-07-20,HOOD,10:23,-0.2511048613901168,-0.5308493589743613,-0.5308493589743613,-0.5308493589743613,-1.7509910476761426,,-1.859167498334972
2026-07-20,ZETA,11:07,1.6674606955693339,1.6674606955693339,1.6674606955693339,1.2814428096820096,0.5655042412818112,,-1.2251486488705
2026-07-20,DDS,11:15,1.9969193530641416,1.9969193530641416,1.6874043304212716,1.874447339868679,1.3409368338586525,,1.7826201266389896
2026-07-20,DELL,12:17,-2.064314288644975,-2.064314288644975,-2.171710664336335,-2.222279116208803,,,-1.3022782630796443
2026-07-21,RVMD,09:41,1.724902939545192,1.373497305513327,1.373497305513327,1.1693970985713564,0.3199781211541186,,0.3984412631109935
2026-07-21,CRWD,09:43,-2.759191231712066,-2.759191231712066,-2.7712028969070657,-2.7712028969070657,-2.803559851917803,,-0.378067507585426
2026-07-21,TGTX,10:26,-2.286294029824998,-2.286294029824998,-2.286294029824998,-0.7453759087144629,-0.25892361753282467,,-1.0122962632210315
2026-07-21,NOW,10:27,-1.0471204188481686,-1.0471204188481686,-1.4484356894553851,-1.4484356894553851,-2.477939379675176,,-1.3349358384125207
2026-07-21,AMZN,10:46,-0.07670569236980507,-0.07670569236980507,-0.20764035883480414,,,,-0.31273778774353705
2026-07-21,FTNT,12:07,-0.05056890012641313,-0.05056890012641313,-0.4250763563084403,-0.4250763563084403,-0.4250763563084403,,0.7907333733555936
2026-07-21,CRWD,12:20,-1.1101048001034952,-1.1101048001034952,-1.1893680835660225,-0.8423830832165358,,,-0.5425705322518811
2026-07-21,CRM,14:08,0.4516871844832071,0.4516871844832071,0.383526079773433,-0.18481034937956053,,,0.004369941956083867
2026-07-22,HOOD,09:41,-0.5891016200294641,-1.1821448836769388,-1.1821448836769388,-1.589505140910008,-1.8489851434926763,,-1.3031841300286857
2026-07-22,RVMD,09:46,1.037813966326251,0.5548840786726572,0.5548840786726572,0.5548840786726572,-0.09824791223186358,,-0.7700899014902859
2026-07-22,HNGE,09:50,-2.4867553740449466,-2.4867553740449466,-2.4884282158449955,-2.5113113735417802,-0.852006080208112,-0.025271670457416295,-0.6178396237799996
2026-07-22,TGTX,09:56,-0.6783493499152082,-1.329090228378882,-1.329090228378882,-1.329090228378882,-1.329090228378882,,-1.010520866298296
2026-07-22,FTNT,10:00,-0.3792504981680267,-0.5646092647247691,-0.5646092647247691,-1.0471204188481797,-1.0471204188481797,,-0.5378965168824301
2026-07-22,PANW,10:00,0.805772699939844,0.805772699939844,0.805772699939844,0.2271911993303899,0.2271911993303899,,0.232563217943856
2026-07-22,CRWD,10:08,-0.14839154168212465,-0.14839154168212465,-0.14839154168212465,-0.2118531857422834,-0.7846234860452883,,0.7778951575175904
2026-07-22,NVDA,10:12,2.5336524514070202,2.5733784334809107,2.5733784334809107,2.353017834302684,-0.3781269818899369,,-0.6268437403396517
2026-07-22,GH,10:13,1.0903479048545606,1.0903479048545606,0.8399986613567112,0.8399986613567112,1.3112769820455838,,1.0039401129131005
2026-07-22,NTRA,10:13,1.40466687135401,1.40466687135401,1.0942760942761032,1.0942760942761032,0.21239475081544779,,0.6381475418075396
2026-07-22,ZETA,10:32,-2.0408163265306034,-2.0408163265306034,-3.321029512514484,-3.321029512514484,,,-0.928873301824303
2026-07-22,MU,14:54,-0.7285597491436313,-0.7285597491436313,-0.8147818804090434,-1.5310548007780977,-1.7582633667138414,,-1.0639731941251933
2026-07-23,HOOD,09:40,-0.533659730722158,-0.533659730722158,-0.73292289651129,-0.73292289651129,-2.967331150246366,,-0.09131984361524514
2026-07-23,WT,09:41,-0.10141987829613841,-0.10141987829613841,0.5102040816326481,0.5615109749872449,0.356597045338769,,0.7014617313826724
2026-07-23,HALO,09:42,3.874076453581754,3.874076453581754,3.9141332990552113,3.9141332990552113,,,1.8736733629724018
2026-07-23,OKTA,09:45,0.3577091861193926,-0.5627009646302361,-0.5627009646302361,-0.5627009646302361,-0.5627009646302361,-0.5627009646302361,0.49582632312933733
2026-07-23,ZETA,09:45,-3.302286383549524,-3.302286383549524,-3.302286383549524,-3.302286383549524,-3.302286383549524,,-0.29150412367537165
2026-07-23,CRWD,09:50,-1.1452130096197943,-1.1452130096197943,-1.759365878477892,-1.759365878477892,-1.759365878477892,,0.5656169414534284
2026-07-23,FTNT,09:50,-1.4393754574286488,-1.4393754574286488,-1.4634146341463428,-2.1205899608117473,,,-0.60354539227091
2026-07-23,ASML,09:53,0.4953101538581528,0.558339976919342,0.558339976919342,0.2994428194890819,-0.8729892669308237,,0.3043171710087093
2026-07-23,HNGE,10:06,-1.2511285953824336,-1.2511285953824336,-1.5938303341902271,-0.21180227443057253,-0.21180227443057253,,-0.770584517184362
2026-07-23,TGTX,10:10,5.323085681753481,5.323085681753481,5.323085681753481,5.323085681753481,4.697226938313537,,2.244878171099692
2026-07-23,PLTR,10:11,-0.35598692424873013,-0.35598692424873013,-2.5060439912729326,-2.5060439912729326,,,1.1647663597631623
2026-07-23,TSM,10:37,-0.24969987995198117,-0.24969987995198117,-0.3214971209213102,-0.8425022076899324,-0.8425022076899324,,-0.6750767034971387
2026-07-23,SMTC,12:10,2.1503792620958917,2.1503792620958917,1.8578352180937063,1.4555295494441234,1.4555295494441234,,1.3411346463141571
2026-07-23,PANW,15:22,0.13223038838832135,0.13223038838832135,-0.06751780014729869,-0.06751780014729869,,,0.036106682667384295
2026-07-24,ANF,09:40,2.704478265630139,2.704478265630139,2.3235518708410563,2.3235518708410563,2.3235518708410563,,-0.6491458937736727
2026-07-24,NTRA,09:40,-0.7408810990052084,-0.7408810990052084,-0.7408810990052084,-0.9754253308128513,-0.9754253308128513,-1.4671582273719008,-1.3114275523736045
2026-07-24,WDC,09:43,-4.090141654407509,-4.090141654407509,-4.090141654407509,-4.090141654407509,-4.063104638412129,-4.063104638412129,-3.2354588159826503
2026-07-24,FCX,09:44,1.3760725271167118,0.8211238125905629,0.8211238125905629,0.8211238125905629,0.8211238125905629,,0.5855759352460707
2026-07-24,NVDA,09:44,-0.08207405976922155,-0.08207405976922155,-0.11583011583010672,-0.6862133499688006,-1.7034967296103432,-1.7034967296103432,-1.3260008627953512
2026-07-24,ANET,10:19,0.16689686924493685,-0.13770153192953494,-0.13770153192953494,-0.13770153192953494,-0.13770153192953494,,-0.2662477007049839
2026-07-24,MSFT,10:58,-0.39956020720565144,-0.39956020720565144,-0.3810020876826692,-0.8055295707306898,,,-0.4917361091323495
2026-07-24,AMD,11:00,-1.408902906570475,-1.7299800459320114,-1.7299800459320114,-1.7299800459320114,-1.7299800459320114,,-1.1778350365618362
2026-07-27,ANET,09:41,-2.9041232618223445,-2.8920248198824328,-2.8920248198824328,-2.8990561436343265,0.005858230814315135,,0.948751481186901
2026-07-27,CBRS,09:47,-5.761093793186511,-5.761093793186511,-5.761093793186511,-5.661909141444166,-5.661909141444166,-5.661909141444166,2.3250349219960795
2026-07-27,PANW,09:48,-2.7671205750215866,-2.7671205750215866,-2.7562461592189003,-2.7562461592189003,-1.5007138866472092,,-2.1916871666697055
2026-07-27,IOVA,10:18,-3.066271018793265,-3.4482758620689613,-3.4482758620689613,-3.4482758620689613,-3.4482758620689613,-3.4482758620689613,-1.909230736584037
2026-07-27,CHEF,12:02,1.4651236861662476,1.4651236861662476,1.2501324292827576,1.132275132275118,1.2340448069487753,1.2340448069487753,0.4249647993471273
2026-07-27,HPE,12:10,2.0965692503176703,2.0965692503176703,1.9454430112074483,1.516108654453574,,,2.600401134361389
2026-07-27,FCX,12:25,1.104482425024167,1.104482425024167,0.5129438166225908,0.5129438166225908,0.5129438166225908,,0.37282794956424353
2026-07-27,NET,12:38,0.8122675168906301,0.8122675168906301,0.5889147683160179,-0.020703544070299618,,,1.1568984135682154
2026-07-27,AMD,15:07,1.042857804678099,1.042857804678099,0.9131303248950395,0.3201491327605943,0.2044161994778415,,2.6734379004407227
2026-07-27,LITE,15:07,-0.34991462083251434,-0.34991462083251434,-0.27942937580099914,-0.4878048780487809,,,0.9821407679262428
2026-07-28,RVMD,09:40,-1.921633326184069,-1.9139171628119844,-1.9139171628119844,-1.9139171628119844,-1.9139171628119844,-1.9035220855698753,0.8204454427245933
2026-07-28,CLMT,09:55,0.6794467362290835,0.6794467362290835,0.26607120848529675,0.26607120848529675,-0.19244647582390417,,0.32706174749925765
2026-07-28,TIGO,09:57,-0.03657835606416526,-0.03657835606416526,-0.17741598831140237,-0.13051422605063756,0.06276807197405088,,0.05839074229525195
2026-07-28,FCX,10:00,2.1121510809243738,2.1121510809243738,1.7917595574271417,1.7917595574271417,1.2899515241147075,,-0.03851684708462052
2026-07-28,CBRS,10:10,8.3748276929136,8.3748276929136,8.512196495972058,8.110231801088851,10.175599153463356,8.95412636461339,1.4052049970993667
2026-07-28,ANET,10:11,5.099448540801799,5.099448540801799,4.619749583667443,4.619749583667443,4.975863349424436,1.4367515361729533,1.8586737487717924
2026-07-28,ZETA,10:35,6.8383368555656965,6.313744536182608,6.313744536182608,6.313744536182608,5.927897411081551,,4.09140631454142
2026-07-28,QBTS,10:41,0.08569855674549487,0.08569855674549487,0.08569855674549487,0.08569855674549487,-2.027233484630464,,0.39043323145928993
2026-07-28,HPE,10:47,3.659922709706742,3.659922709706742,2.679576671920758,2.679576671920758,2.679576671920758,,3.117844209972476
2026-07-28,FLR,10:48,0.9001636661211121,0.9001636661211121,0.7147232999795916,0.3650749075102988,-0.5945782525445975,,-1.1408184586818544
2026-07-28,AMD,10:53,0.4838068307338794,0.046190392398393065,0.046190392398393065,0.5482237991025096,0.19819350268079905,,-0.9476237923651857
2026-07-28,PLTR,10:53,2.3820373669166006,2.3820373669166006,1.921807984163637,1.921807984163637,1.9049975259772367,,-0.3331697448686888
2026-07-28,IOVA,11:12,-0.7815297760738082,-0.8421052631578996,-0.8421052631578996,-1.1542497376705096,-1.1542497376705096,,0.10915144876234573
2026-07-28,WPM,11:12,0.44904692082110564,-0.04559547692868371,-0.04559547692868371,-0.04559547692868371,,,-0.2538878069595629
2026-07-28,ILMN,11:18,1.3978664144201014,1.3978664144201014,1.3073611256956719,1.0765080279734773,1.0765080279734773,,-0.08002670525834403
2026-07-28,RVMD,11:26,-0.31948881789135575,-0.31948881789135575,-0.48653908530650325,-0.3896103896103842,0.1332716838469361,,0.35999537275529886
2026-07-29,ADM,09:55,-1.0863644254083704,-1.0863644254083704,-1.0832182028658544,-1.0815541729750078,,,-1.1027853760774826
2026-07-30,UNH,09:41,2.1715421342187513,2.1715421342187513,1.8181730355857573,1.8181730355857573,1.8181730355857573,,-0.13768064849799533
2026-07-30,OSCR,09:43,3.7209302325581284,3.583278035832782,3.583278035832782,2.934388394329046,2.934388394329046,,1.6712790787702863
2026-07-30,ZETA,09:50,0.04683840749413193,0.04683840749413193,0.04683840749413193,0.04683840749413193,0.04683840749413193,,1.1782671458198113
2026-07-30,RVMD,10:21,3.7767451912686267,3.3328850033624624,3.3328850033624624,3.3328850033624624,2.018377861581766,,2.2226069513255156
2026-07-30,CNH,10:22,-0.6259027443427989,-0.6259027443427989,-0.764459829799502,-0.9121459433509282,-1.7193627574694226,,-0.848979800210207
2026-07-30,NFLX,10:51,2.883263009845294,2.883263009845294,2.912211592571756,2.5515210991167825,2.5443330763300187,2.5443330763300187,2.66754287986497
2026-07-30,TGTX,12:51,-0.279746363297273,-0.279746363297273,-0.3540812523294745,-0.6318528154618197,-0.6318528154618197,,-0.4650384535655398
2026-07-30,DE,12:55,-0.1332755805817376,-0.1332755805817376,-0.1748513763301096,,,,0.014294157838083224
2026-07-31,NFLX,09:40,-0.7200720072007338,-0.7200720072007338,-1.5922937354960087,-1.5922937354960087,-1.5922937354960087,,0.3435070355817915
2026-07-31,TIGO,09:44,0.8290210159467737,0.8290210159467737,0.8290210159467737,0.26780088216760145,-0.17774060327252483,,-0.022611447126297257
2026-07-31,IOVA,09:47,-4.364514695306443,-4.359621741612152,-4.359621741612152,-4.424098513672403,-4.424098513672403,-4.424098513672403,-2.962343519779879
2026-07-31,ZETA,09:49,0.7692307692307665,0.7692307692307665,0.5115089514066362,0.4181184668989646,0.4181184668989646,,0.5864002979022342
2026-07-31,OSCR,10:08,2.026143790849666,2.026143790849666,2.026143790849666,2.026143790849666,1.9928128062724593,,1.4773070523192728
2026-07-31,ADM,10:12,-0.5708550279154401,-0.5708550279154401,-0.6269592476489061,-0.9251156394549209,-1.169261355998652,,-0.9759812669886014
2026-07-31,TGTX,10:35,-0.6312165263963276,-0.6312165263963276,-0.7451280091708035,-1.0099085365853577,,,-0.5485354548563545
2026-07-31,FCX,10:49,1.163166397415183,1.163166397415183,1.0978366160800723,0.45720702655007717,,,0.6514705952961405
2026-07-31,CNH,10:50,0.5888125613346507,0.4409603135717699,0.4409603135717699,0.4409603135717699,,,-0.3865429688230633
2026-07-31,DE,10:51,-0.20035693841129465,-0.3756397220098018,-0.3756397220098018,-0.6120053655264912,,,-0.321642400581242
2026-07-31,UNH,11:03,-1.0024493697353587,-1.0024493697353587,-1.1571588767208318,-1.438366818091552,,,-1.1517743410377257
2026-07-31,FLR,11:50,0.5209376878381189,0.5209376878381189,0.28985507246377384,0.19972039145197407,-0.4958349861166167,,-0.1881532651008803
2026-07-31,IBIT,12:23,0.1687051876845258,0.1687051876845258,0.0986234858766144,,,,0.21149908978869889
2026-07-31,WDC,12:31,-1.3407740252210476,-1.440776136692734,-1.440776136692734,-1.6046259486808823,,,0.002393584902789699
2026-07-31,HPE,13:32,-0.020876826722338038,-0.020876826722338038,-0.08345503859795711,-0.3537245110278864,,,0.5047726808010763
2026-08-03,ANET,09:41,5.928683946727786,5.928683946727786,5.364366702751999,5.226470922954363,5.226470922954363,4.21832732191163,1.8961079635345657
2026-08-03,BMNR,09:41,2.482645017060836,2.482645017060836,2.482645017060836,2.482645017060836,2.482645017060836,2.482645017060836,1.4233121507166417
2026-08-03,CBRS,09:41,15.539334103560542,15.539334103560542,15.333403229188502,15.333403229188502,15.333403229188502,13.994818652849727,4.65385329753083
2026-08-03,OSCR,09:41,0.7863695937090576,0.7863695937090576,0.2607561929595992,0.2607561929595992,0.2607561929595992,,0.24460177728047316
2026-08-03,NVDA,09:44,4.242118537200512,4.242118537200512,4.137062232300326,3.614941087991985,1.4206547536085745,,-0.12619335190537187
2026-08-03,RVMD,09:44,-0.6127284115356346,-0.6127284115356346,-0.44469273864931047,-0.44469273864931047,-0.44469273864931047,,-0.18932125947221565
2026-08-03,DELL,09:50,8.525916561314805,8.246746696257446,8.246746696257446,8.246746696257446,8.246746696257446,,3.116375060074746
2026-08-03,HPE,09:51,7.588568982125654,7.588568982125654,7.209897610921501,6.516901557698418,6.641205177169529,0.2593257530420834,2.464284710400174
2026-08-03,WDC,09:58,3.67553118304933,3.041609689392466,3.041609689392466,3.041609689392466,1.729990356798461,,-0.8192043152935055
2026-08-03,FTI,10:30,-0.15870725725003476,-0.15870725725003476,-0.2594407610262195,-0.6674800832555894,-0.8027522935779796,,-0.602525639861821
2026-08-03,TIGO,10:36,2.5880817746846585,2.5880817746846585,2.471191518157312,2.182507446520443,2.1548456957227957,,0.961040812119344
2026-08-03,FLR,13:55,-0.6141045958795499,-0.6141045958795499,-0.7124480506629727,-0.298092209856915,,,-0.24140569817411306
2026-08-04,BBY,09:40,3.5375944357836753,3.5375944357836753,3.2960459412574084,3.2960459412574084,-0.3059869522544889,,2.056420428811475
2026-08-04,PTEN,09:44,0.800800800800805,0.800800800800805,0.5491762356465202,0.5491762356465202,-0.9345794392523255,,-0.4282123693748252
2026-08-04,DE,09:49,2.5798199275723466,2.5798199275723466,2.361317165756338,2.361317165756338,,,-0.16459249093188819
2026-08-04,DINO,09:51,2.8801305970149294,2.236384704519123,2.236384704519123,2.236384704519123,2.236384704519123,2.236384704519123,0.6389707840634085
2026-08-04,GH,10:04,-0.01563428285544788,-0.01563428285544788,-0.01563428285544788,-0.01563428285544788,-0.01563428285544788,,0.4654605896768693
2026-08-04,TXG,10:04,1.452348139510229,1.452348139510229,1.452348139510229,1.452348139510229,1.452348139510229,1.452348139510229,2.647050517209615
2026-08-04,CLMT,10:17,-0.4852451481469955,-2.0241889971901683,-2.0241889971901683,-2.0241889971901683,-2.0241889971901683,,-1.1032478383139515
2026-08-04,FLR,10:26,1.9984170953700087,1.9984170953700087,2.008508954190158,1.6164005519416547,,,-0.16783606290372197
2026-08-04,ILMN,10:34,3.0798112537419486,3.0798112537419486,2.74616901835838,2.74616901835838,2.74616901835838,,2.8217194137366413
2026-08-04,NFLX,13:36,0.815459466867674,0.815459466867674,0.7602219026094259,0.5192675594424712,,,0.6851426584430534
2026-08-05,ADM,09:40,-1.1884144790869744,-1.1884144790869744,-1.1928945263141255,-1.1866391037980928,-1.2372611928468946,,-0.9138991661100363
2026-08-05,IBIT,09:47,1.3108872636953262,1.3108872636953262,1.1016248967226527,1.1016248967226527,,,0.255018155497407
2026-08-05,IREN,09:55,-4.182041820418192,-4.182041820418192,-4.182041820418192,-4.182041820418192,-4.182041820418192,,-3.118312694427694
2026-08-05,PTEN,09:55,-2.2157706620060225,-2.2157706620060225,-2.2157706620060225,-2.2157706620060225,-2.2235962899747608,,-1.9675962852252002
2026-08-05,GLW,10:05,-1.749764816556909,-1.9465481629842962,-1.9465481629842962,-1.9465481629842962,-1.6572504708098013,,-1.6029923747817643
2026-08-05,OSCR,10:12,-2.795808510186615,-2.795808510186615,-2.795808510186615,-2.795808510186615,-2.795808510186615,-2.795808510186615,-2.80340619120294
2026-08-05,PTEN,14:00,-2.209124732138157,-2.209124732138157,-2.206876259128343,-2.215897725696059,,,-2.212933433780969
2026-08-06,FTNT,09:40,-0.7901341678802742,-0.7901341678802742,-0.7901341678802742,-2.384607775405956,-2.384607775405956,,0.09235017328093065
2026-08-06,HNGE,09:40,1.5842839036755318,1.5842839036755318,0.8302931186312978,0.8302931186312978,0.2000250031254147,,0.3111780002124383
2026-08-06,INTC,09:40,2.3926884370507384,2.3926884370507384,1.5997554513959678,1.5997554513959678,1.5997554513959678,-1.0617185949593266,-1.5715047325451146
2026-08-06,TER,09:40,1.9618239660657677,1.7945053199936556,1.7945053199936556,1.7945053199936556,1.692226335272351,-2.5066884062048933,-0.6384305134244447
2026-08-06,BE,09:41,0.11809990377043,0.11809990377043,0.11809990377043,0.11809990377043,0.11809990377043,0.11809990377043,-4.930706074587714
2026-08-06,NTRA,09:44,-0.6067415730337089,-1.2906825367305252,-1.2906825367305252,-1.2906825367305252,-1.2906825367305252,,-0.1482007082792299
2026-08-06,CRM,09:47,1.430626815430136,1.430626815430136,1.136855781723689,1.136855781723689,0.8692835160088563,,0.884617231156759
2026-08-06,OKTA,09:52,0.3286011688103718,-0.0066908466430093405,-0.0066908466430093405,0.33919641920479027,0.14658662571549463,0.14658662571549463,0.29628134417103436
2026-08-06,FLR,09:57,-1.8016953590819784,-1.8016953590819784,-1.8008007735014986,-1.7961632120800486,-1.8258219683004562,,-1.6565113164253578
2026-08-06,CLMT,10:15,2.76107497852498,2.76107497852498,2.6477077715126196,2.6477077715126196,1.8858741939408619,,1.6359954979161984
2026-08-06,CHRD,10:16,1.638212161902941,1.638212161902941,1.8923076923077042,1.004632365556546,1.004632365556546,0.894999428723775,0.36461679517411083
2026-08-06,TXG,10:28,-1.2364425162689763,-1.2364425162689763,-1.386181503140571,-0.6112202575856873,-0.5243609351103351,1.0094287298946236,0.39566744774791235
2026-08-06,DINO,10:46,0.6068697657482636,0.6068697657482636,0.5946601941747565,-0.21668472372696757,-0.21668472372696757,,-0.20050059176514776
2026-08-06,NFLX,10:46,0.2585385766771253,0.1767505098572597,0.1767505098572597,-0.23019634394040311,,,-0.002099088773910296
2026-08-06,IREN,12:27,-3.480404753847677,-3.480404753847677,-3.57142857142857,-3.6081819336805876,-3.986332574031881,-2.7058220056424664,-4.232150703963936
2026-08-06,ALAB,12:39,0.4658220165389748,0.4658220165389748,0.4658220165389748,0.17550229968530395,-1.4379707642382833,-2.064670567987048,-1.0547714347057702
2026-08-07,CLMT,09:43,-2.10834216432072,-2.10834216432072,-2.10834216432072,-2.10834216432072,-2.10834216432072,-2.10834216432072,-1.4544402390256448
2026-08-07,DK,09:57,2.436886395511917,2.436886395511917,1.9364968597348264,1.9364968597348264,1.4233639993056713,1.4233639993056713,-1.0058933273493054
2026-08-07,CHRD,10:00,0.40529173357803927,0.40529173357803927,0.40529173357803927,-0.23554441151888428,,,-1.0978566490344528
2026-08-07,CBRS,10:18,8.924287496401506,8.924287496401506,8.145960365853666,7.465088757396465,7.465088757396465,3.954026146484435,1.2196130265980838
2026-08-07,CDW,10:23,-2.5390980406049923,-2.5390980406049923,-2.5315708909025014,-2.5247175964767554,,,-1.427307552496778
2026-08-07,DINO,10:24,0.3059219689443671,0.3059219689443671,0.08609027179928841,0.07378258730939002,,,-1.350091075632398
2026-08-07,MU,11:23,1.3032888129566933,1.3032888129566933,1.2191722187305576,0.43432730768571126,1.5206816170473703,,0.3031351502373658
2026-08-07,TER,11:23,-0.22096540839141587,-0.13953243470934407,-0.13953243470934407,-0.6573778220103743,-1.3087370557319011,-0.10534355165783271,0.25184840719069496
2026-08-07,INTC,11:24,1.876659479971976,1.876659479971976,1.813082239807673,1.5689017687618767,0.8933889219773672,,1.5023482048360643
2026-08-07,NBIS,11:28,1.506560829418424,1.309620048504434,1.309620048504434,1.309620048504434,0.4542296799016743,,1.7302088859792935
2026-08-10,MU,09:43,-0.07654303806275964,-1.0320646461861815,-1.0320646461861815,-1.0320646461861815,-1.0320646461861815,-1.0320646461861815,-1.8072495803548305
2026-08-10,BE,09:56,-1.395000468120966,-2.370744594563279,-2.370744594563279,-2.370744594563279,-2.370744594563279,-2.370744594563279,-1.95934871573444
2026-08-10,IREN,10:01,-3.031062124248496,-3.2854465958775725,-3.2854465958775725,-3.5384998754049435,-3.5384998754049435,,-2.01217629026366
2026-08-10,INTC,10:06,0.3497942386831321,0.33947124781401605,0.33947124781401605,-0.2301437119623495,-0.7832367002339469,,-0.8676733160493888
2026-08-10,GLW,10:10,-3.293631576688971,-3.4575607367970163,-3.4575607367970163,-3.4575607367970163,-3.5514375762035866,,-2.411631674222644
2026-08-10,IBIT,10:14,-0.8952452219899043,-0.8952452219899043,-0.8943902811230697,,,,-0.1597874698636074
2026-08-10,CNH,10:27,-2.0287534919598005,-2.0287534919598005,-2.02685123833396,-2.0297059583879506,-2.018335056660281,,-0.637103753981938
2026-08-10,CRCL,10:27,3.0544896392939336,2.7705495178325545,2.7705495178325545,2.7705495178325545,2.1606816798539263,,2.650654346177913
2026-08-10,TIGO,11:09,0.17244983277591164,0.17244983277591164,0.1933932678235495,-0.4983130028549221,-0.4983130028549221,,-0.6902028616763997
2026-08-11,LRCX,09:40,-0.39823433451684487,-0.39823433451684487,-0.42689946277821855,-0.744294275149826,-1.3699280985714712,,-1.152002335139024
2026-08-11,DELL,09:43,0.4434615077691273,0.4434615077691273,-0.03632855994359918,-0.555304740406315,-0.555304740406315,-1.074496154493898,0.4425084902236957
2026-08-11,FTNT,09:48,0.2289603960396125,0.2289603960396125,0.17936665017317388,-0.5403745778323588,0.12982195845698818,,-0.14541123030377504
2026-08-11,ILMN,09:53,1.0186179266280737,1.0186179266280737,1.0186179266280737,0.7153299916457634,0.5158936946326076,,0.8889230361091757
2026-08-11,CDW,09:59,0.03325819444957023,0.03325819444957023,0.03325819444957023,-0.2872405239726983,-0.2872405239726983,,0.1865556059752397
2026-08-11,BMNR,10:03,-0.11025358324144863,-0.11025358324144863,-0.3300330033003229,-0.3300330033003229,-3.3719957362137842,,-0.41927754190608235
2026-08-11,QBTS,10:23,-0.12339585389932184,-0.12339585389932184,-0.12339585389932184,0.12370113805046934,0.32226078334158803,,1.161910193359302
2026-08-11,HOOD,10:25,0.46833422032996896,0.3188436603252187,0.3188436603252187,0.6281396320713784,-0.2404417787407298,,0.8927859957703547
2026-08-11,MRVL,10:45,1.0275438846867324,0.9507058991301109,0.9507058991301109,0.46122188320443236,0.6325964887341051,,1.1833727669347132
2026-08-11,SMTC,10:47,-1.3155916403548296,-1.3155916403548296,-1.3155916403548296,-1.3155916403548296,-1.3155916403548296,,-0.2670584896445079
2026-08-11,CF,11:34,-1.6987878259926315,-1.6987878259926315,-1.6953185954772354,-1.6953185954772354,,,-0.8569365756263955
2026-08-11,CBRS,12:06,3.235307046463576,3.235307046463576,3.0721966205837115,2.585943301445859,2.7265287269040206,,2.7525264478498013
2026-08-12,ILMN,09:41,0.5341184440217805,0.19735133731497712,-2.065977786052575,0.7809439235249682,0.20775982963694428,,1.0980071289372024
2026-08-12,FTNT,09:48,-1.1132295959161098,-1.1132295959161098,-1.2468521589583004,-1.2680770057416524,-2.146254103205947,,-1.6064620293300358
2026-08-12,BMNR,10:09,-0.30649205906937427,-0.5834954153931649,-0.5834954153931649,-0.8864265927977844,-1.8111964873764985,-0.9961261759822926,-1.628571889092271
2026-08-12,ADM,10:10,-0.6107441106818046,-0.6107441106818046,-0.6355140186915964,0.22120557035845145,,,-0.03759255069511654
2026-08-12,PARR,10:12,2.883979362349498,2.883979362349498,2.8295649874388484,3.1227209441092585,3.908076691829776,,3.2961707701912277
2026-08-12,GOOGL,10:39,0.15743440233235706,0.15743440233235706,0.13699828023436833,-0.3509789702683008,,,0.06321865779745177
2026-08-12,COHR,10:40,3.726798566391798,3.726798566391798,3.9114951252262387,3.9114951252262387,1.4000256362781904,,0.06697892671863788
2026-08-12,AXTI,10:57,2.5468232294935556,2.5468232294935556,2.5468232294935556,2.5468232294935556,2.5468232294935556,,0.2703568600536295
2026-08-12,BBY,11:23,0.12058362474374196,0.12058362474374196,0.1024775453613902,-0.4257360436529356,,,0.19200047037492007
2026-08-12,NFLX,12:46,0.4943455001015895,0.4943455001015895,0.46033035472516914,0.020219720967862287,,,0.16676967612590335
2026-08-13,CBRS,09:40,0.3467273515388003,0.3467273515388003,0.3467273515388003,0.3467273515388003,0.3467273515388003,0.3467273515388003,1.584722230008991
2026-08-13,ALAB,09:45,1.3565708902496532,1.3565708902496532,1.3565708902496532,1.3565708902496532,1.3565708902496532,0.23757395071504206,-1.9748695123186295
2026-08-13,DE,10:23,-0.6054113713460318,-0.6054113713460318,-0.6827875898084645,,,,-0.26592126939595967
2026-08-13,FTNT,12:40,1.2730277250749822,1.2730277250749822,1.2420460107684717,1.2048929663608599,1.2048929663608599,,0.9361097726284276
2026-08-13,ILMN,12:53,0.8219034656056889,0.8219034656056889,0.663809324691611,,,,0.6902191724659593
2026-08-14,ILMN,09:40,-0.04189139655443874,-0.04189139655443874,0.12325929034118221,0.12325929034118221,0.12325929034118221,,-0.6142779634291587
2026-08-14,CBRS,09:42,-2.325892857142864,-2.4565314311190467,-2.4565314311190467,-3.4721609459101743,-3.4721609459101743,-3.4721609459101743,-0.5185470428492674
2026-08-14,GH,09:42,-1.0418241370622305,-1.0418241370622305,-1.0418241370622305,-1.141454820035237,-0.06297509621195907,,-0.3488879405087057
2026-08-14,QBTS,09:55,0.9298998569384764,0.9298998569384764,0.5463182897862184,0.5463182897862184,0.5463182897862184,,0.24713661117184982
2026-08-14,ANF,10:16,1.1316872427983515,1.1316872427983515,1.0560747663551417,0.5579838184692543,0.5579838184692543,,0.42452054292894853
2026-08-14,FTNT,11:52,-1.1247064639723137,-1.1247064639723137,-1.246759659301322,-0.10613722919396995,,,-1.0493393393432988
2026-08-14,GLW,12:00,0.771379980563669,0.771379980563669,0.6674352284448792,0.5088750227176364,0.6888180852677728,,0.5667751467537766
2026-08-14,DE,13:29,-0.4750030658545734,-0.4750030658545734,-0.46279640228945595,-0.4806984843282569,,,-0.22656072152919352
2026-08-14,CHRD,13:31,0.182282172803494,0.182282172803494,0.08012236870857947,0.2773317763830052,,,0.03537375368176665
2026-08-17,GH,09:41,2.3121753452425953,2.3121753452425953,1.8829837565052632,1.7578125,0.18920008684593093,,0.44288260540967056
2026-08-17,DE,09:43,-1.017933446620356,-1.017933446620356,-1.2830858565433645,-1.2820412475368803,-1.2820412475368803,,-0.6237828399769089
2026-08-17,HOOD,09:49,1.0234071586018745,1.0234071586018745,0.7010201412503303,0.40686453497469355,,,0.010928332710624655
2026-08-17,TSLA,09:53,-0.7294880046811114,-0.7294880046811114,-0.5724634750844171,-0.15107704078630713,-1.8861789944210616,,-0.2804528359732254
2026-08-17,QBTS,09:57,0.8695652173912993,-0.023940627244445345,-0.023940627244445345,-0.023940627244445345,-0.023940627244445345,,-0.6179923889646425
2026-08-17,OKTA,10:04,-2.2379919948022575,-2.2379919948022575,-2.2305443962115867,-2.2305443962115867,-1.1524394451728592,,-0.8360639069947365
2026-08-17,ANF,10:28,-1.774705772464047,-1.8113912231559226,-1.8113912231559226,-2.166106104582466,-2.162075764821403,,-1.6795735664197415
2026-08-18,ALAB,09:40,-1.1266321513464295,-1.1266321513464295,-1.1266321513464295,-4.6421150499418085,-4.6421150499418085,1.193054953844097,1.8964428484452196
2026-08-18,CRWD,09:40,-2.163870142534663,-2.163870142534663,-2.1604564646928726,-2.1604564646928726,,,0.7533628761258923
2026-08-18,ILMN,09:40,-1.575276261135361,-2.024030979112057,-2.024030979112057,-2.0168826407626406,-2.019504829436991,,-0.9653764296479092
2026-08-18,IREN,09:40,-4.855692385941113,-4.855692385941113,-4.855692385941113,-4.855692385941113,-4.812793620128986,-4.812793620128986,-0.7045679708451787
2026-08-18,WDC,09:40,-1.8935835698252745,-1.8935835698252745,-1.8935835698252745,-2.5306507387613975,-2.5306507387613975,-1.6699537170097423,-0.48320823374243077
2026-08-18,TSLA,09:45,0.06238303181533844,-0.03561253561253919,-0.03561253561253919,-0.3225520078122823,-0.4933384538122976,,-0.04013331108356777
2026-08-18,CF,09:56,-0.4822883751870899,-0.4822883751870899,-0.6392694063926951,-0.6392694063926951,-1.3517969007583175,,-0.6184506895452135
2026-08-18,HOOD,09:56,-1.622434726549904,-1.622434726549904,-1.5272101527210147,-1.7565997225235552,-2.2734550112071705,,-1.5694995640032368
2026-08-18,GLW,10:02,-3.262374538227897,-3.262374538227897,-3.2556426856880094,-3.2556426856880094,-3.2556426856880094,0.2382445141065892,-1.177165467483147
2026-08-18,QBTS,10:04,-2.9535864978902926,-2.9535864978902926,-3.42298603480925,-2.784684236698154,-1.610468042274793,,-0.7681510301446148
2026-08-18,AMZN,10:15,0.2937538651824223,0.2937538651824223,0.119612609484121,,,,-0.4323192663562477
2026-08-18,HNGE,10:15,1.5580980854366544,1.5580980854366544,1.0237346296825711,0.6037134069939443,0.6037134069939443,,-0.23343857966510542
2026-08-19,OSCR,09:41,4.447679120168213,4.447679120168213,4.447679120168213,4.447679120168213,4.532211071544179,3.2289002557544633,3.2627395113267474
2026-08-19,TGTX,09:45,1.1545988258316875,1.1545988258316875,0.9570312499999956,0.7405963749756328,0.7405963749756328,,1.089096062745824
2026-08-19,UBER,09:47,3.89402915529522,3.89402915529522,3.970157207567282,2.226879748493582,-0.23012017386856432,,-0.3541171125135227
2026-08-19,CHEF,09:56,0.807587566907686,0.05592319880696195,0.05592319880696195,0.05592319880696195,0.05592319880696195,-1.4142712829461002,-2.152915927371405
2026-08-19,AMZN,10:02,2.3126058180698683,2.3126058180698683,2.210348274006302,0.8917052439857187,,,0.712493600405469
2026-08-19,IREN,10:28,7.153576788394211,7.153576788394211,6.859299428038357,6.223654847508064,5.000000000000027,,2.539324457284923
2026-08-19,SKHY,10:31,-0.6170876009924275,-0.6170876009924275,-1.1547344110854452,-1.1547344110854452,-1.1547344110854452,-3.122383802052653,-1.1879125038325407
2026-08-19,NBIS,10:32,2.2327388839550766,2.2327388839550766,2.0252702641061937,1.6035250295266756,1.2127245576722734,-1.8689948668450973,-2.0661376447131694
2026-08-19,GH,10:35,0.05512679162071876,0.05512679162071876,-2.306900170026749,-2.306900170026749,-2.306900170026749,,0.5039157280350463
2026-08-19,TSM,10:36,0.2126392787275666,0.2126392787275666,0.01826363521044705,-0.3359435421500301,0.09952422565298047,0.09952422565298047,-0.26759960484578443
2026-08-19,ORCL,10:37,3.60769064592783,3.60769064592783,3.213847355701116,3.213847355701116,3.213847355701116,1.6855719283366932,-0.3336112821978358
2026-08-19,BE,10:39,0.6926829268292689,0.6926829268292689,0.6926829268292689,0.6853157086066819,1.2694246501416595,,1.7273584143270442
2026-08-19,SMTC,10:56,-0.9169960474308292,-0.9169960474308292,-0.9952606635071026,-1.320684157694807,-1.320684157694807,,-1.574943886825168
2026-08-19,SPCX,11:01,0.917663210376074,0.917663210376074,0.8411552346570428,0.6376999567661024,-0.11085681590616847,-0.11085681590616847,0.10695565996123128
2026-08-19,ANET,11:12,-0.575877146208803,-0.575877146208803,-0.8507923003296836,-0.3740115409275435,,,-1.4330956228475245
2026-08-19,HPE,11:12,0.4443183966723385,0.4443183966723385,-0.018819986826001944,-0.018819986826001944,-0.018819986826001944,,-0.4930438986188168
2026-08-19,MU,11:12,0.6864251109129693,0.2942592691669743,0.2942592691669743,0.2942592691669743,,,-0.09718800800539255
2026-08-19,PANW,11:17,0.36951823189010913,0.2772321366378394,0.2772321366378394,-0.23562023562023748,-0.23562023562023748,,1.3083837522151736
2026-08-19,NET,11:33,0.2196025190972284,0.2196025190972284,0.14746227709188098,-0.04107479034742845,0.31947784266572743,,0.5355688153612278
2026-08-19,NVDA,11:59,-0.6299931522483537,-0.6299931522483537,-0.7093169118485565,0.055159733394605226,,,-0.41640218792229344
2026-08-19,INTC,12:07,-0.45566634501983394,-0.45566634501983394,-0.5632375825873059,-0.6468734450157609,,,0.2523924594288481
2026-08-20,DE,09:40,4.001675041876052,4.001675041876052,-1.2446292740746379,-1.2446292740746379,2.2142104569998544,0.7169854169708056,1.1404430114130875
2026-08-20,AMZN,09:42,-0.880000000000003,-0.880000000000003,-1.2807337006113695,-1.2807337006113695,-0.8516719062589329,,-0.5571370442424136
2026-08-20,ANF,09:43,1.200000000000001,1.200000000000001,1.010149598345289,0.9567307692307736,0.9567307692307736,,1.507196855543998
2026-08-20,PANW,09:48,-1.0813565079544785,-1.0813565079544785,-1.099554234769684,-1.099554234769684,-2.0896016068153167,,-1.2047986908245305
2026-08-20,NET,09:49,-1.9149272890327085,-1.9898967713595561,-1.9898967713595561,-2.9209057660949167,-2.9209057660949167,,-1.2046550234363258
2026-08-20,TSLA,09:58,0.27024876477204085,0.27024876477204085,0.23805376531382816,0.052158794552292775,1.2284147878858898,,0.6452636468217587
2026-08-20,CRWD,10:06,-2.2064702698653904,-2.2064702698653904,-2.2031209588579292,-2.2102223893598283,,,-1.2665746246349123
2026-08-20,DDS,10:07,-2.011185112795544,-1.8588583648626367,-1.8588583648626367,-2.3142662078142306,-1.6793127242229922,,-1.0942902584354708
2026-08-20,HPE,10:07,-0.09437523593808228,-0.09437523593808228,-0.09437523593808228,-0.09437523593808228,-0.8615845663981991,,-0.6504293536720626
2026-08-20,AXTI,10:17,1.554907677356665,1.554907677356665,1.554907677356665,1.554907677356665,1.554907677356665,1.554907677356665,0.032487595583345165
2026-08-20,COHR,10:20,1.3986013986013957,1.3986013986013957,1.3986013986013957,1.3986013986013957,1.3986013986013957,,1.6248508157973518
2026-08-20,GLW,10:20,0.44756821271094704,0.44756821271094704,-0.22064877325866927,-0.22064877325866927,-0.22064877325866927,,-0.04326424847066838
2026-08-20,CHEF,10:24,1.7047312129279124,1.7047312129279124,1.420520702342687,1.1801877148963857,,,1.2252888140560803
2026-08-20,TSM,12:02,0.44410117783355574,0.44410117783355574,0.3690036900369176,0.3738453004027864,,,0.3371085020242415
2026-08-21,DE,09:44,5.004458134068246,4.870999862378267,4.870999862378267,4.390149561629708,3.189421698263506,,3.145853256694386
2026-08-21,FLR,09:45,-0.5221684230513612,-0.5221684230513612,-0.5976662555734702,-1.2627214474180248,,,-0.8422015131380745
2026-08-21,OSCR,10:08,3.087809585075574,3.087809585075574,3.088141164815572,3.1541680077244783,2.9553485383873923,,3.0389311329825177
2026-08-21,AMZN,10:09,-0.18909427700382064,-0.18909427700382064,-0.18139014318244717,-0.38898517234738916,-0.7678749423537412,,-0.15465439617314836
2026-08-21,NET,10:11,5.281120890964619,5.281120890964619,5.324635649720566,5.220638397185029,,,3.6457997029789873
2026-08-21,PANW,10:23,2.3861978198048694,2.3861978198048694,2.136343527464213,2.136343527464213,0.1119037627640429,0.1119037627640429,1.9587259586044163
2026-08-21,SPCX,10:23,3.9559605163249856,3.9559605163249856,3.884968510509146,3.884968510509146,3.1725697061040004,,1.5507302715511113
2026-08-21,HNGE,10:24,1.9989630739097874,1.9989630739097874,1.7937219730941756,1.7937219730941756,1.6651355075792518,,0.03614696577750228
2026-08-24,PARR,09:43,-3.3292551819323113,-3.3256596455564336,-3.3256596455564336,-3.3256596455564336,-3.3256596455564336,-3.297384380725077,-0.770750821906648
2026-08-24,ANET,09:46,0.7145342146813949,0.34127872873672693,0.34127872873672693,0.34127872873672693,0.34127872873672693,,-0.16034987301923134
2026-08-24,ADM,09:54,0.1280573697016285,-0.11497189575881972,-0.11497189575881972,-0.11497189575881972,-0.11497189575881972,,-0.19467489980661648
2026-08-24,NET,09:55,-1.4413780980840118,-1.4413780980840118,-2.00293624161072,-2.00293624161072,-2.5411944656886565,-2.5411944656886565,-1.5983586011329802
2026-08-24,CDW,09:56,-2.542309468093573,-2.542309468093573,-2.5309403190481805,-2.5309403190481805,-2.5309403190481805,,-2.549683498028943
2026-08-24,AAOI,10:07,5.044886807181892,4.631384555571749,4.631384555571749,4.631384555571749,4.631384555571749,3.8491221300405165,-2.7793211421219746
2026-08-24,SKHY,10:08,1.8856786803528758,1.8856786803528758,1.909875299156072,1.3042911177774785,1.3042911177774785,-0.7792539601430781,-0.06265586087815429
2026-08-24,DELL,10:21,0.3265778807180153,0.3265778807180153,0.178079974097467,0.2870902018892396,0.2870902018892396,,-0.35974430621443415
2026-08-24,IREN,10:30,-0.946752038526788,-0.946752038526788,-1.5331355093966326,-1.5331355093966326,-1.5331355093966326,,-1.3891293771678266
2026-08-24,LRCX,10:30,2.9422990756567513,2.9422990756567513,2.593278645144226,2.593278645144226,2.3596580970925096,-0.2733031092247762,1.4871878368343916
2026-08-24,HPE,10:36,0.24847094801223601,0.24847094801223601,0.0954198473282597,0.22739867382621792,,,1.019385576766818
2026-08-24,QBTS,10:36,-2.7925117004680144,-2.7925117004680144,-3.170163170163165,-3.170163170163165,,,-2.19960408392188
2026-08-24,SPCX,10:52,-0.24010047281325386,-0.24010047281325386,-0.1958610495195967,-0.2982156529623303,-1.1529170631725427,,0.08182890892934151
2026-08-24,AXTI,11:29,2.6043300909946776,2.4516331166288152,2.4516331166288152,2.4516331166288152,1.9326683291770674,,0.2918456649202354
2026-08-24,ASML,11:36,0.24252269689848394,0.24252269689848394,0.142975069254625,-0.6434852118305301,,,-0.3752947279816232
2026-08-24,MU,11:36,1.126303746570545,1.126303746570545,1.0511010477712635,-0.23668898410020844,,,0.6813219997922985
2026-08-24,SNDK,13:32,1.1490514905149185,1.0203805451051373,1.0203805451051373,0.8075624577987828,0.7014893157781144,,1.4077378496400896
2026-08-25,FTI,09:40,-0.8176722716782159,-0.8176722716782159,-0.8176722716782159,-0.46982530439386716,,,-0.5619355946873128
2026-08-25,TIGO,09:48,3.161884136437476,3.161884136437476,3.083748106470452,3.06144526179144,1.893048128342234,,0.30914031184811436
2026-08-25,BBY,09:49,-1.4543408073190767,-1.45417373772605,-1.45417373772605,-1.45417373772605,0.17618040873854657,,-0.6960870983648911
2026-08-26,CHRD,09:40,1.1480144404332204,1.1407118619594314,1.1407118619594314,-0.14256183619644203,-0.7580051005950605,,-1.2007871713554923
2026-08-26,QBTS,09:45,-3.308428296213939,-3.289816725300332,-3.289816725300332,-3.289816725300332,-3.337197237920153,-3.337197237920153,-0.8838741140545799
2026-08-26,TSLA,09:51,-0.5977698586044355,-0.5977698586044355,-0.5977698586044355,-0.5977698586044355,-0.5977698586044355,,0.2253762686659814
2026-08-26,AMZN,09:55,-0.06910850034554938,-0.06910850034554938,-0.059515810086985255,0.10384215991692258,0.10384215991692258,,0.4267374914355064
2026-08-26,SPCX,10:06,1.3138792102206809,1.3801118616982633,1.1010503440782138,2.640094131489934,0.5149256418566228,,2.099917454261672
2026-08-26,OSCR,10:15,-1.0155098936962426,-1.3265950726468745,-1.3265950726468745,-1.8690120936076693,0.08008970046451402,,0.19857242526699626
2026-08-26,SMTC,10:25,1.3673983447283211,1.3673983447283211,0.7726980038634812,0.7726980038634812,0.7726980038634812,-3.7105540030231254,1.014686769995891
2026-08-26,FTI,11:52,0.1322751322751392,0.1322751322751392,0.0066054561067563355,,,,-0.06998849988747076
2026-08-27,AMD,09:40,0.37667557500895565,0.11543708678769526,0.11543708678769526,0.11543708678769526,-0.3197500010971077,,0.3678739775198799
2026-08-27,OSCR,09:42,-2.4667315806556234,-2.4667315806556234,-2.5300032435938924,-2.5300032435938924,-2.966299187421506,-2.966299187421506,-2.9694230559561547
2026-08-27,TIGO,10:04,-0.7295383140742295,-0.7295383140742295,-0.9878903760356939,-0.9878903760356939,,,-0.13105666549389308
2026-08-27,ADM,10:19,-0.503081373412162,-0.503081373412162,-0.6779661016949268,-1.5837230505748146,-1.5800884051914044,,-0.4336027421231033
2026-08-27,LRCX,10:23,1.1468405809423654,1.1468405809423654,0.8445358216036647,1.203060026029279,1.203060026029279,,0.8753928983427306
2026-08-27,BE,10:33,-0.7041772065358498,-0.7041772065358498,-0.7041772065358498,-0.7041772065358498,-1.3494825670326338,-0.7132277543579812,-0.5455193681886664
2026-08-27,DDS,10:37,-0.9249797294082152,-0.9249797294082152,-0.9249797294082152,-0.9249797294082152,,,-0.03260187902392649
2026-08-27,QCOM,11:08,0.38045959519099615,0.38045959519099615,0.42630937880634434,0.24011428224066655,,,0.05986031739402634
2026-08-27,DE,11:20,0.15843781918785105,0.15843781918785105,0.13025230353609363,,,,0.016210994703295494
2026-08-27,SMTC,12:01,-1.3806706114398493,-1.3806706114398493,-1.48634635326651,-0.11075439162191447,-0.3984063745019917,,-0.007773978865891855
2026-08-28,IREN,09:40,-4.092090093722545,-4.092090093722545,-4.059276695314862,-4.059276695314862,-4.059276695314862,-4.009945654440205,0.269212949201858
2026-08-28,HPE,09:41,-2.6786937555223433,-2.680698015721017,-2.680698015721017,-2.680698015721017,-2.6786937555223433,,-1.7015833430450176
2026-08-28,NBIS,09:43,-1.7051860202931257,-1.4876889035356111,-1.4876889035356111,-1.0474546615279134,-0.5442144537655458,-0.07158551651648137,-0.3369824998220472
2026-08-28,MU,09:45,1.047670639219933,0.4929452265123757,0.4929452265123757,0.4929452265123757,0.4929452265123757,,-0.12261953164583266
2026-08-28,OSCR,09:45,2.4205748865355536,2.4205748865355536,2.1561263496747474,2.1561263496747474,2.1561263496747474,,-0.8083677133863968
2026-08-28,GH,09:54,-2.2725904669810393,-2.2725904669810393,-2.270830341637564,-2.264092641489024,-2.282184082509242,,-1.1260630531849631
2026-08-28,LRCX,09:55,-2.3710013001608465,-2.3631322249741293,-2.3631322249741293,-2.3631322249741293,-2.3631322249741293,,-1.9912327892284365
2026-08-28,FTI,09:57,-0.24990135472839903,-0.24990135472839903,-0.09221446449741988,-0.09221446449741988,,,0.1831030787997253
2026-08-28,BBY,10:02,0.9241691657996265,0.9241691657996265,0.6346881484193823,0.6346881484193823,-0.4166918292167421,,-0.6618940111437636
2026-08-28,SNDK,10:14,0.29505097562623206,0.29505097562623206,0.3079187796692473,0.3079187796692473,-0.5118169300092679,,-0.8774252532231963
2026-08-28,DRAM,10:16,-0.8697195598154073,-0.8697195598154073,-0.8169064109394442,-0.4456327985739805,-2.355575718675673,-1.516487391994359,-0.6874627740954006
2026-08-31,ORCL,09:57,0.15448683503493932,0.15448683503493932,0.05368046702007856,0.3989428855185384,,,-0.20144054032988543
2026-08-31,TGTX,10:01,2.0868584320360872,2.0868584320360872,1.9335460859770892,1.5143017386427315,1.6853932584269593,,1.8939983021877271
2026-08-31,GH,10:08,1.3256851497769118,1.3256851497769118,0.5075956001216353,0.5075956001216353,0.5075956001216353,0.5075956001216353,0.37740431212473685
2026-08-31,TXG,10:18,5.224132119986513,5.224132119986513,5.224132119986513,4.844261606917977,4.844261606917977,,3.7103984352856885
2026-08-31,ILMN,10:33,1.2694202349374795,1.0731338344442953,1.0731338344442953,-0.09579215438890731,0.3273072817071787,,0.36492901115606396
2026-08-31,HOOD,10:40,2.9163393558523154,2.9163393558523154,2.4535679374389163,2.4535679374389163,2.4535679374389163,,1.041433121473186
2026-08-31,UBER,12:15,-0.506478984410974,-0.506478984410974,-0.5914826498422787,,,,-0.43654603437757916
2026-08-31,PARR,13:37,2.8979907264296667,2.8979907264296667,2.673178254723041,3.1905233667312904,2.745804128351881,0.23688476459575725,3.389945797009323
2026-08-31,TIGO,13:40,0.49265939642260115,0.49265939642260115,0.4014344591339647,-0.3453222121872046,-0.3453222121872046,,0.394588814917977
2026-08-31,NVDA,15:23,0.9252701560393817,0.9252701560393817,0.8906956561457902,0.06795632673401997,,,0.5569843637571884
2026-09-01,TGTX,09:40,5.945639864099661,5.945639864099661,5.746043707611159,6.367254121660038,6.832889227255423,5.567049087831477,4.116216916444334
2026-09-01,HOOD,09:43,-2.542767175112448,-2.5249939843163483,-2.5249939843163483,-2.5249939843163483,-2.5249939843163483,-2.5249939843163483,-1.787325535121224
2026-09-01,SNDK,09:49,0.35847208619002036,0.35847208619002036,-0.38641508142637226,-0.38641508142637226,-0.38641508142637226,-0.3543053119864026,-1.0358626462761793
2026-09-01,NVDA,09:50,0.6174695312319178,0.6174695312319178,0.5453873174338986,-0.18811654049093463,,,-0.15624901333510058
2026-09-01,TIGO,09:50,-0.17233950883239757,-0.7602527037155915,-0.7602527037155915,-0.7602527037155915,-0.7602527037155915,,-0.7491308899733595
2026-09-01,DRAM,10:01,-0.916771526154958,-0.916771526154958,-1.0235230741605372,-0.952380952380949,-2.0576870323956165,,-1.2363575113832275
2026-09-01,MU,10:01,-0.6187103988072984,-0.6187103988072984,-0.6515074092999451,-1.0979228486646897,-2.4475342329826066,,-1.976321226957119
2026-09-01,SMTC,10:05,4.135027737341157,4.135027737341157,3.9632350053026455,3.6626584920897765,3.588900630112324,,1.3583924461181063
2026-09-01,FLR,10:14,5.175635276532131,5.175635276532131,4.9599104978556685,4.434137291280149,4.434137291280149,2.1968046477850445,0.8209234413689185
2026-09-01,AMZN,10:30,0.20668710214304387,0.20668710214304387,0.14291539550008725,,,,0.059717213634398934
2026-09-01,ANET,10:47,-0.656616063455373,-0.656616063455373,-0.7686858881863712,-1.0102067521591263,-1.0102067521591263,,-0.44736791487641386
2026-09-01,TSM,10:48,-0.3298264198184797,-0.3298264198184797,-0.3825886089655617,0.09550174683574664,0.09550174683574664,,0.0758509545239705
2026-09-02,RVMD,09:41,-1.9744463492248454,-1.9744463492248454,-1.9740019175149115,-1.9740019175149115,-1.97639016294342,,0.9520407042873417
2026-09-02,BE,09:47,4.166067404957086,3.7383623776557684,3.7383623776557684,3.7383623776557684,3.501167055685217,2.830099384760998,3.4934445816757758
2026-09-02,TSLA,10:15,1.518555381771658,1.518555381771658,1.407530501228571,0.9758728788462179,0.9829851632886966,,1.067489366197812
2026-09-02,TSM,10:17,0.6521304745354284,0.6521304745354284,0.6810269430830074,0.3574102248303568,,,0.5201628699871804
2026-09-02,SMTC,10:26,2.088096326779465,2.088096326779465,1.9560088286779909,1.9560088286779909,0.5743458838545212,,0.016200899715076062
2026-09-02,SPCX,11:14,0.5430122892254863,0.5430122892254863,0.4353722075512101,-0.11357183418512218,-0.39200474539511365,-0.39200474539511365,0.14028824652566607
2026-09-02,RVMD,11:52,0.596010574381145,0.596010574381145,0.29231359018593306,0.29231359018593306,,,0.7816282262880966
2026-09-02,ORCL,11:58,1.3137772834700412,1.3137772834700412,1.2996941896024516,1.025854300963469,,,0.5485671589202731
2026-09-02,HOOD,11:59,1.826831588962885,1.826831588962885,1.7300380228136847,1.344696969696968,1.3638946770221594,,1.613749311479884
2026-09-02,DELL,12:02,9.06291537439079,9.06291537439079,8.869969040247682,8.554292581281775,7.491266375545846,6.4869410684729845,6.060138616820154
2026-09-03,RVMD,09:41,0.7741565516582227,0.7741565516582227,0.33066108428287944,0.33066108428287944,,,0.3434594658185001
2026-09-03,UNH,09:42,0.9008102259574269,0.9008102259574269,0.9008102259574269,0.5113294565871396,0.5113294565871396,,-0.7061843718583094
2026-09-03,SNDK,09:45,1.722355957925581,2.1392727654878874,2.1392727654878874,1.8776328461271197,0.5320593217051695,0.5320593217051695,0.18312638467892586
2026-09-03,SMTC,09:48,5.195511202578351,5.195511202578351,5.195511202578351,5.195511202578351,4.5580856812041715,4.5580856812041715,2.6934596250839085
2026-09-03,CRWD,09:49,4.308797127468589,4.516725009723843,4.516725009723843,4.516725009723843,3.4155962861403655,3.4155962861403655,1.1324709351309137
2026-09-03,SKHY,09:49,2.575510715628515,2.575510715628515,2.626959247648908,2.4086586586586467,2.6527028721936574,0.7013226699476904,1.7020266079498618
2026-09-03,BE,09:57,7.113104044795482,7.19362186788155,7.2180939704233005,7.2180939704233005,8.082408874801894,4.000176803394617,2.4289732391155137
2026-09-03,MU,10:03,2.3178733696029408,2.3178733696029408,2.3178733696029408,2.069159457896186,1.39273054335749,,1.0839338374357244
2026-09-03,DRAM,10:05,2.103441995993438,2.103441995993438,2.103441995993438,2.103441995993438,1.9456314210382741,0.8544702284583483,1.1740069467956804
2026-09-03,TIGO,10:13,1.3262879788639381,1.3262879788639381,1.2941735777296515,0.9263157894736862,0.746033413890923,,0.8768683214823417
2026-09-03,GH,10:16,-0.6358417186246079,-0.6358417186246079,-0.8805960958186976,-0.14888337468981216,0.09327778123251473,,-0.11767664927281318
2026-09-03,TSM,10:17,1.9360043022317974,1.9360043022317974,1.8588177821201812,1.5487641543893815,,,1.5081012097034459
2026-09-03,TXG,10:30,3.60655737704918,3.60655737704918,3.60655737704918,3.0826945033436637,3.0826945033436637,,3.0396185571873215
2026-09-03,LITE,10:41,1.7503814317807898,1.2189875233041825,1.2189875233041825,1.2189875233041825,1.2189875233041825,-0.7523026084510942,0.24679558560236994
2026-09-03,QCOM,10:47,1.2949553826277604,1.2949553826277604,1.164256136350006,0.8978272580355551,-0.23082386363637575,,1.393546682604659
2026-09-03,FCX,11:04,-0.3295797857731375,-0.5753424657534256,-0.5753424657534256,-0.6025746370857288,,,-0.20608239310233958
2026-09-03,HNGE,11:11,0.827731792678188,0.827731792678188,0.7605618164658878,1.0635336043209431,,,1.2423579518293353
2026-09-03,WT,12:30,2.1774856203779835,2.1774856203779835,2.156500308071485,2.0098441345365092,0.9334415584415501,,2.487267538953275
2026-09-04,UNH,09:40,-0.33372644468421253,-0.9400899326785894,-0.9400899326785894,-0.9400899326785894,,,0.02313175961241587
2026-09-04,FTNT,09:58,-0.10227563283047303,-0.3475211222700336,-0.3475211222700336,-0.787201625190459,,,-0.2475460108182855
2026-09-04,DK,10:02,2.3219373219373063,2.3219373219373063,2.2636674259681078,0.8281864121280291,-0.8694452111509765,,-0.9525556813819428
2026-09-04,FCX,10:04,1.0280633509307968,1.0280633509307968,1.0070143759983274,0.8179675585747948,,,0.13430981533856987
2026-09-04,ANET,10:11,-0.39586653642484926,-0.39586653642484926,-1.9223063400610974,-1.9223063400610974,0.11368334022323623,,-0.5703409869863433
2026-09-04,TXG,10:22,1.5728879520025885,1.5728879520025885,1.515274288955526,1.2609117361784605,1.310043668122285,1.3592233009708687,0.9533888051364681
2026-09-04,ADBE,11:20,-0.13303104682318434,-0.13303104682318434,-0.2675747993188926,-0.5763957544442255,,,0.10227999130557608
2026-09-04,RVMD,11:36,0.985055980010574,0.985055980010574,0.931706848525593,0.4733472645920722,,,0.7843584558244077
2026-09-08,AMZN,09:40,0.13054321564958116,0.13054321564958116,0.038932471627939336,-0.048622996732539114,,,0.2398273611023812
2026-09-08,OSCR,09:41,4.179151553382754,4.179151553382754,4.179151553382754,3.3964626702144285,3.3964626702144285,3.3964626702144285,0.8444564494021126
2026-09-08,CHEF,09:53,-1.6629514193841288,-1.6629514193841288,-1.663024084947573,-1.6640420700461345,-1.6670304942630443,-0.9461426491994218,-1.705240907447573
2026-09-08,HNGE,09:55,1.7880649407635119,1.7880649407635119,1.7880649407635119,1.7880649407635119,1.14453891432309,,1.3959457469957155
2026-09-08,ALAB,09:56,-3.1507842650747464,-3.1507842650747464,-3.1507842650747464,-3.1507842650747464,-3.1507842650747464,-3.1507842650747464,-2.86840300847944
2026-09-08,TXG,09:56,5.890897353131042,5.890897353131042,6.14787251253841,5.87380990802,5.118961788031728,4.374801145402474,2.244465637482662
2026-09-08,FTNT,09:57,2.8207639569049814,2.8207639569049814,2.506184090613206,2.506184090613206,0.9358374463175556,,1.1324207041309913
2026-09-08,ADBE,10:07,-0.11648223645894795,-0.11648223645894795,-0.27137042062415073,-0.27137042062415073,,,-0.04745904686601262
2026-09-08,RVMD,10:14,-1.1692836348016988,-1.8763660844913654,-1.8763660844913654,-1.8763660844913654,-1.8763660844913654,,-1.3807589850860094
2026-09-08,PLTR,10:20,-1.395483497394323,-1.395483497394323,-1.5266292719597563,-1.4639509316051402,,,-0.6623970516611233
2026-09-08,CRWD,10:47,0.7872125954015097,0.7872125954015097,0.7195279896387907,0.8017282765242273,0.358474333237746,,0.7636130212306617
2026-09-09,CBRS,09:49,-1.6541353383458746,-2.142198059802003,-2.142198059802003,-2.1916156977970336,-2.1916156977970336,-3.0170975617351603,-1.375724875016319
2026-09-09,HNGE,09:53,-0.24056861673045216,-0.24056861673045216,-0.490837696335078,-0.490837696335078,-0.490837696335078,,-0.20549235355009263
2026-09-09,ASML,09:56,-0.5866215773218997,-0.5866215773218997,-0.7293527138238165,-0.21186440677966045,-1.1362504362273484,-1.1362504362273484,-0.41928642531608623
2026-09-09,CDW,10:27,-0.4404670348877815,-0.4404670348877815,-0.5100258506252953,-0.9115579987474809,-0.5100258506252953,,-0.285638166836899
2026-09-09,UNH,10:28,2.268602894976124,1.9848219497956787,1.9848219497956787,1.9848219497956787,,,0.3195244377462029
2026-09-09,ILMN,11:06,-0.776769509981845,-0.776769509981845,-0.8487486398258914,-0.776769509981845,-1.3235789575010815,,-0.40066800248435747
2026-09-09,RVMD,11:58,-1.123756011618482,-1.123756011618482,-1.2507133346014832,,,,-0.942582344443584
2026-09-10,ANET,09:40,-0.5786123823049882,-0.5786123823049882,-0.769181903566396,-0.769181903566396,-1.374938036473694,-1.7729409029058174,-1.3734146652264023
2026-09-10,CRWD,09:40,1.4478670683121253,1.4478670683121253,1.0159651669085834,1.0159651669085834,1.0159651669085834,-0.009577626664103445,-0.5439169924938758
2026-09-10,FTNT,09:40,1.7650639074862973,1.133324844008654,1.133324844008654,1.133324844008654,1.133324844008654,1.133324844008654,-1.6156829734903397
2026-09-10,RVMD,09:40,-0.14718869590815142,-0.14718869590815142,-0.606800561626264,-0.606800561626264,-0.606800561626264,,-0.6512165169923367
2026-09-10,TER,09:40,0.9462260034903913,-0.09445673881363081,-0.09445673881363081,-0.09445673881363081,-0.09445673881363081,-0.09445673881363081,-0.750833435315057
2026-09-10,TSLA,09:40,0.5002763957987932,0.5002763957987932,0.25504225429779925,0.25504225429779925,-0.9695781245744439,,-0.7786024933238397
2026-09-10,TSM,09:40,0.4268092490971265,0.4268092490971265,0.14264668054160268,-0.7094829584975648,,,-0.42270850874300453
2026-09-10,NUE,09:41,0.11757789535566943,0.11757789535566943,0.05679481404594622,-0.031307478573949776,-0.0899561952440675,,0.6536294223076222
2026-09-10,MSFT,09:42,0.9609421845931498,0.9609421845931498,0.8002783576896322,0.5471509360772453,,,0.02523007772913625
2026-09-10,CBRS,09:43,-1.0937863625785527,-1.0937863625785527,-0.597713097713104,-0.597713097713104,-0.9118698513030377,0.13089005235602524,-0.13011550884639198
2026-09-10,AXTI,09:45,-3.490453460620535,-4.148148148148145,-4.148148148148145,-4.148148148148145,-4.148148148148145,-2.8455589758990874,-1.0652069626928367
2026-09-10,WDC,09:45,-0.8700231612095322,-0.8700231612095322,-0.8700231612095322,-0.7639008435186834,-0.14723395041680298,,-0.8134984237038401
2026-09-10,DDS,09:59,1.2398793750021397,1.2398793750021397,1.0760169573800216,0.5909822866344561,1.0204411669577418,-0.027206964983050863,0.6464840764594563
2026-09-10,BBY,10:11,-0.06801949892301096,-0.06801949892301096,-0.06801949892301096,-0.06801949892301096,,,-0.9641854785415164
2026-09-10,PLTR,10:18,-0.685608215322886,-0.685608215322886,-0.7539492580181828,-1.073601336037211,-1.61931312651995,,-0.22218905950575815
2026-09-10,FLR,10:20,-0.5386329866270523,-0.5386329866270523,-0.7598220904373676,-1.7727372588717927,-1.7730634594898542,,-0.921611850771272
2026-09-10,WPM,10:24,-0.38293938993794185,-0.38293938993794185,-0.7172468250312591,-0.8640231282236566,-1.049317943336825,,-0.6821936444355544
2026-09-10,GH,11:10,-1.2725805450369387,-1.2725805450369387,-1.2725805450369387,-1.517121803207644,-2.3335668375018215,,-1.6913719390900175
2026-09-10,NVDA,11:37,-0.006867660188170088,-0.006867660188170088,-0.17975870376285563,-0.01602307322544627,,,0.07607760801180419
2026-09-10,CRCL,13:28,-0.8718539233426581,-0.8718539233426581,-0.9695973705834082,-0.8337904552934816,-0.8120267749369026,,-0.4990910391633352
2026-09-10,ZETA,14:22,0.32829940906105026,0.32829940906105026,0.29537249753857076,-0.3586566677535097,-0.16334531198954894,,-0.5402771559456158
2026-02-02,ALAB,09:40,1.9915792287642953,1.9915792287642953,2.7123435186431566,1.8418418418418625,1.8418418418418625,0.14436642824333656,-0.1915218210711093
2026-02-02,TEAM,09:40,-2.7929702060135675,-2.782600558805348,-2.782600558805348,-2.776976776623341,-2.776976776623341,,-2.808713033855207
2026-02-02,DINO,09:43,1.6859439325622505,1.6859439325622505,1.2097560975609767,1.2097560975609767,,,0.4878772564139637
2026-02-02,TSLA,09:43,1.3357185794043325,1.3357185794043325,1.2397388507512819,0.7175605329767576,,,-0.30774994046035936
2026-02-02,BMNR,09:44,-3.4947940807242284,-3.4947940807242284,-3.4947940807242284,-3.4947940807242284,-3.4947940807242284,-3.5021515419468074,-3.526759258819719
2026-02-02,TGTX,09:44,0.5860048259220818,0.5860048259220818,0.27491408934707806,-0.1368925393566034,-0.1368925393566034,0.27491408934707806,0.30968531640814073
2026-02-02,BBY,09:46,4.124525916561317,3.9438397223536814,3.9438397223536814,3.722943722943728,3.4704773869346672,,0.5647977609072763
2026-02-02,IBIT,09:46,-0.5600665781956504,-1.3745745230164697,-1.3745745230164697,-1.3745745230164697,-1.3745745230164697,-1.3684462371358785,-0.8479186619269274
2026-02-02,MRVL,09:46,0.7107639111225028,0.5557161014456913,0.5557161014456913,0.5557161014456913,0.5557161014456913,,0.06874317885883219
2026-02-02,PARR,09:59,2.319273023192725,1.9735063530683883,1.9735063530683883,1.9735063530683883,1.9735063530683883,,0.3506552350682239
2026-02-02,ORCL,10:00,-1.9734565967076567,-1.9734565967076567,-1.9598207561471903,-1.9598207561471903,-1.949116439502363,,-1.980667574645767
2026-02-02,OSCR,10:05,-1.2693935119887145,-1.4084507042253502,-1.4084507042253502,-1.4084507042253502,-1.6163035839775186,,-1.361084411161632
2026-02-02,CRCL,10:19,-1.7172390796932224,-1.7172390796932224,-2.015375025971322,-2.015375025971322,-2.893206469975995,-2.875881880335418,-1.909731266422103
2026-02-02,HOOD,10:24,-2.1786242407800582,-2.181861780242944,-2.181861780242944,-2.175276925221359,-2.1693250894841865,,-2.1786302585310042
2026-02-02,BE,10:33,2.6490501544731426,2.6490501544731426,2.2708369626294855,2.2708369626294855,1.7395270050166056,1.7395270050166056,3.4682989205714922
2026-02-02,DK,10:42,0.06922810661127432,0.06922810661127432,-0.24154589371980784,-0.24154589371980784,-0.24154589371980784,,-0.5648459340862111
2026-02-02,TXG,11:32,-0.9930486593843102,-0.9930486593843102,-0.9438648782911008,-1.042183622828774,-3.2662598848950064,,-0.9637948698280422
2026-02-02,UNH,12:34,-0.798583382521445,-0.798583382521445,-0.8364570317923148,-0.6886895780303548,,,-0.5305880186490549
2026-02-02,TIGO,12:37,-0.7232923718685447,-0.7232923718685447,-0.7934560327198303,-0.9959183673469374,-0.9959183673469374,,-0.9365704592619392
2026-02-02,NTRA,15:50,0.2430133657351119,0.2430133657351119,0.17780476169824144,,,,0.03664282050002132
2026-02-03,ADBE,09:40,-1.2438928607773958,-1.2438928607773958,-1.2423068808592896,-1.2392345797937465,-1.247453981580171,,-0.41244848806758494
2026-02-03,ADM,09:40,-1.4830856646973811,-1.4830856646973811,-1.4830856646973811,-1.4830856646973811,-1.4830856646973811,,1.2721985171150418
2026-02-03,NFLX,09:45,-1.2361676488210516,-1.2361676488210516,-1.236895826117701,-1.2336610298323891,,,-0.8422706503521319
2026-02-03,QCOM,09:47,-1.308419668416283,-1.308419668416283,-1.3066231609489054,-1.3020771684178367,,,-1.3242346698319511
2026-02-03,WT,09:49,2.748282323547757,2.748282323547757,2.748282323547757,2.3646546359676446,1.6059295861642786,,1.6291235508794226
2026-02-03,ZETA,09:52,-2.7621268723156067,-2.7621268723156067,-2.7621268723156067,-2.7621268723156067,-2.7621268723156067,-2.7909939848425602,-2.871683179777414
2026-02-03,GOOGL,09:53,-1.2364013854873623,-1.23528993288623,-1.23528993288623,-1.2318962792244537,,,-0.3556948017958102
2026-02-03,TER,10:01,5.358605794295079,5.358605794295079,5.358605794295079,5.358605794295079,5.358605794295079,-2.0081408844514925,1.203509188639451
2026-02-03,OKTA,10:03,-1.9420424983713436,-1.9420424983713436,-1.9325674793977954,-1.9325674793977954,-1.9325674793977954,,-0.6655544473315659
2026-02-03,BBY,10:06,-0.7493755203996755,-0.7493755203996755,-0.9293539856441213,-0.9293539856441213,-1.7121808515025871,,-0.49031255422095815
2026-02-03,BMNR,10:17,-3.3543846077633943,-3.3521252557599635,-3.3521252557599635,-3.3521252557599635,-3.3416217298914197,-3.2742030458672966,1.455824714094278
2026-02-03,QBTS,10:18,2.71438866202256,2.247728359636536,2.247728359636536,2.0525059665871037,1.615969581749055,-4.206682563108322,0.27323302527459575
2026-02-03,HOOD,10:21,-2.2567891423471487,-2.2567891423471487,-2.248864159370245,-2.248864159370245,-2.2411135798842574,,-2.2671346625898834
2026-02-03,DELL,10:23,-1.8605004610532938,-1.8605004610532938,-1.854256636494922,-1.854256636494922,-1.8505294874768374,,-0.7596354109422573
2026-02-03,IBIT,10:26,-1.3722051073835062,-1.372832401146884,-1.372832401146884,-1.3576269789822848,-1.3576269789822848,,0.4557790304961988
2026-02-03,COHR,10:49,0.6209272220637718,0.6209272220637718,0.23167373344405995,0.23167373344405995,0.23167373344405995,-0.8303779949831225,1.422813367676623
2026-02-03,GLW,10:50,-2.4229624106946845,-2.4229624106946845,-2.419119874340203,-2.4157033612722034,-2.39770047333131,,0.5401413330286542
2026-02-03,SNDK,10:50,3.921977813665678,2.7721148732494205,2.7721148732494205,2.7721148732494205,2.7721148732494205,2.7721148732494205,4.010668840727974
2026-02-03,SMTC,10:54,-2.995640889164175,-2.995640889164175,-2.9823647534053754,-2.9823647534053754,-2.9823647534053754,,2.993199036999276
2026-02-03,HTFL,11:11,-2.0549127957174895,-2.0549127957174895,-2.0549127957174895,-2.0549127957174895,0.5673758865248235,0.10589481115426125,0.29499191111425443
2026-02-04,MU,09:41,-2.852714091839015,-2.852714091839015,-2.852714091839015,-2.852714091839015,-2.852714091839015,-2.834704224693685,1.64601582351603
2026-02-04,OKTA,09:41,2.822630346357702,2.822630346357702,-1.9808943118078015,-1.9808943118078015,3.736865012746371,2.721339736485673,0.23641865125583564
2026-02-04,SNDK,09:41,-5.425683714836249,-5.425683714836249,-5.425683714836249,-5.425683714836249,-5.425683714836249,-5.425683714836249,-2.9050191379714057
2026-02-04,ADBE,09:42,5.13673526924161,5.13673526924161,5.13673526924161,5.13673526924161,5.047887323943656,0.028611279997137196,0.11493526947244925
2026-02-04,AMD,09:42,-2.2584325502387204,-2.2584325502387204,-2.2584325502387204,-2.2584325502387204,-2.2584325502387204,,-0.9514128060370738
2026-02-04,ANET,09:42,-2.146201827254135,-2.1341685017622014,-2.1341685017622014,-2.1341685017622014,-2.1341685017622014,-2.1330111435725274,-1.0547595103917229
2026-02-04,BMNR,09:42,-3.423077320899992,-3.423077320899992,-3.423077320899992,-3.4136711088892713,-3.4136711088892713,-3.4830611524578226,-0.6129338507646706
2026-02-04,CRWD,09:42,-1.781594190697433,-1.781594190697433,-1.781594190697433,-1.781594190697433,-1.781594190697433,-1.781594190697433,0.6584307829799574
2026-02-04,FTNT,09:42,3.78516624040921,3.78516624040921,3.4412439459597266,3.4412439459597266,3.4412439459597266,1.4246438390402405,1.1774727060917274
2026-02-04,IBIT,09:42,-1.4857317020755212,-1.4857317020755212,-1.4805076102960668,-1.4805076102960668,-1.4805076102960668,,1.171518214758353
2026-02-04,NBIS,09:42,-3.962850378647609,-3.962850378647609,-3.9360098124278653,-3.9360098124278653,-3.9360098124278653,-3.9360098124278653,1.1438688404212805
2026-02-04,ALAB,09:43,-3.826068907426272,-3.848377632394284,-3.848377632394284,-3.8329055334255013,-3.772241534278209,-3.772241534278209,-1.8847655842495852
2026-02-04,TXG,09:51,-1.0892116182572686,-1.0892116182572686,-1.0892116182572686,-1.0892116182572686,-1.0892116182572686,-1.5741935483870928,-1.2890425261928924
2026-02-04,NFLX,09:53,0.6773766251702895,0.6773766251702895,0.6773766251702895,0.6773766251702895,-0.9817238824401109,,-0.17450752604650419
2026-02-04,INTC,09:54,-3.1617451117854634,-3.1617451117854634,-3.1617451117854634,-3.1617451117854634,-3.1617451117854634,1.0399334442595665,0.8699512925096076
2026-02-04,MRVL,09:59,-2.0241453305326784,-2.0307912110738346,-2.0307912110738346,-2.0307912110738346,-2.017408509223584,-2.026581613779066,-0.986246430933028
2026-02-04,CF,10:01,4.008346145398622,4.008346145398622,3.125,3.125,3.125,,2.570318225426312
2026-02-04,NOW,10:05,4.85652255993958,4.85652255993958,4.334554334554319,4.334554334554319,4.334554334554319,-1.8060719872363462,2.9535246311265397
2026-02-04,CDW,10:11,3.9791996382545713,3.9791996382545713,3.8735177865612647,3.1975765735442696,3.1975765735442696,2.4200133620369657,1.6059875068313783
2026-02-04,IBIT,10:13,-1.4843512694212246,-1.480507610296078,-1.480507610296078,-1.480507610296078,-1.4794627919401893,,-1.4990722374806105
2026-02-04,UNH,10:15,-1.434334339944432,-1.434334339944432,-1.432896307807563,-1.4308981329584802,,,-0.557983722651445
2026-02-04,NET,10:21,-2.6969125441683395,-2.6969125441683395,-2.6901250788088693,-2.6713518955773563,-2.6713518955773563,-2.6546223884711173,-1.001604489450007
2026-02-04,CRCL,10:23,-3.0869478292932073,-3.065715596812968,-3.065715596812968,-3.065715596812968,-3.065715596812968,-3.0634888195499865,-0.7546048094625816
2026-02-04,HOOD,10:25,-2.304187207422481,-2.304187207422481,-2.296519835645261,-2.296519835645261,-2.2721572913578347,-2.2852541018427264,-0.5926346728051074
2026-02-04,NBIS,10:25,-3.9716486015688446,-3.9360098124278764,-3.9360098124278764,-3.9360098124278764,-3.9790725541528738,-4.039806688678693,0.9972290766599889
2026-02-04,QBTS,10:25,-4.146837535375192,-4.146837535375192,-4.131693794205049,-4.12766876371874,-4.201340590934343,-4.201340590934343,5.452609950564779
2026-02-04,TGTX,10:27,-0.7805044308111797,-0.7805044308111797,-0.8312042241526152,-0.8818522301668352,-0.9826564035932073,,0.4254784101340429
2026-02-04,ORCL,10:38,-2.096294766122031,-2.0799489106388624,-2.0799489106388624,-2.0799489106388624,-2.0799489106388624,-2.0799489106388624,0.9383711758619814
2026-02-04,OSCR,10:38,-2.509891377283313,-2.5084127962068603,-2.5084127962068603,-2.495549140841702,-2.495549140841702,,-0.4840412662424927
2026-02-04,HTFL,10:42,-1.5071854188573375,-1.5071854188573375,-1.5071854188573375,-1.5071854188573375,-2.2608695652173827,-2.2608695652173827,-0.48125482569866634
2026-02-04,CRWD,11:45,0.4703546911640766,0.6298144469744749,0.57621537865582,0.3357244644107915,,,0.7935373435290568
2026-02-04,TEAM,12:08,-0.8449374557469858,-0.6761549009409507,-0.6761549009409507,-0.4549331816889435,-0.7277882797731561,,-0.8121323153772231
2026-02-04,CRM,12:19,2.456446888329311,2.39330286066457,2.4274962110508946,2.778636972883808,,,2.723871872922075
2026-02-04,HNGE,12:28,-0.46386353434086924,-0.46386353434086924,-0.46386353434086924,-0.23995200959809893,-0.23995200959809893,,-0.5380469699716025
2026-02-04,PANW,12:31,1.9666717627274233,1.9666717627274233,1.7023482769137122,1.89501344414571,1.528953297205149,0.35872280237141396,1.6340830299028442
2026-02-04,ZETA,13:53,3.177903177903185,2.9333333333333433,2.9333333333333433,2.9333333333333433,2.5383707201888983,,2.1980209375185376
2026-02-04,DDS,14:25,0.2130300847522637,0.2130300847522637,0.2130300847522637,0.2130300847522637,,,0.5182380671113244
2026-02-05,ALAB,09:40,0.8972094666195529,1.140145882019672,1.140145882019672,1.140145882019672,0.9185980780101577,-3.822896466070236,0.8610959978270142
2026-02-05,AMD,09:40,-2.379842160256229,-2.3660760164205152,-2.3660760164205152,-2.3660760164205152,-2.3660760164205152,-2.3660760164205152,-0.7573354443911903
2026-02-05,ANET,09:40,1.3786040649125475,1.3786040649125475,1.3786040649125475,1.3786040649125475,1.3786040649125475,1.3786040649125475,0.25803089741856705
2026-02-05,BMNR,09:40,-3.4622777040661856,-3.4622777040661856,-3.4622777040661856,-3.4622777040661856,-3.4622777040661856,-3.679365855928851,-3.6809252960171563
2026-02-05,CDW,09:40,2.780007296607079,2.780007296607079,2.780007296607079,1.718659734257666,1.718659734257666,1.718659734257666,1.1699711329062963
2026-02-05,CRCL,09:40,-3.1674659096065705,-3.1674659096065705,-3.1674659096065705,-3.1674659096065705,-3.1674659096065705,-3.2339916836777727,-2.831364352863297
2026-02-05,HOOD,09:40,-2.3951490988462387,-2.3951490988462387,-2.3951490988462387,-2.3951490988462387,-2.38609371472962,-2.4743405157317655,-2.162817188387186
2026-02-05,IBIT,09:40,-1.519354961388375,-1.519354961388375,-1.520114259220151,-1.5248771187865828,-1.5248771187865828,-1.6786692233441092,-1.6000876563483555
2026-02-05,IOVA,09:40,-4.175413333952616,-4.175413333952616,-4.158123837745764,-4.158123837745764,-4.158123837745764,0.0,0.5512601109780505
2026-02-05,MRVL,09:40,-1.966900054597187,-1.966900054597187,-1.9597789600624749,-1.9597789600624749,-1.9597789600624749,,1.5695334495689235
2026-02-05,NUE,09:40,-0.4165554072096178,-0.4165554072096178,-0.6076435158040683,-0.6076435158040683,-0.6076435158040683,,-0.6750340717370981
2026-02-05,ORCL,09:40,-2.2093550631436476,-2.2093550631436476,-2.1897230632660913,-2.1897230632660913,-2.1897230632660913,-2.1897230632660913,-1.8978331969784303
2026-02-05,QCOM,09:40,-1.3252749348533377,-1.3191936835462381,-1.3191936835462381,-1.3191936835462381,-1.3191936835462381,,-0.34582453627874193
2026-02-05,SNDK,09:40,0.08799058747352984,-2.327180976843457,-2.327180976843457,-2.327180976843457,-2.327180976843457,-2.327180976843457,-2.894950852048561
2026-02-05,ZETA,09:40,-2.877083868777197,-2.8804736583133095,-2.8858969344375263,-2.8678029530714633,-2.8678029530714633,,-2.210120465327625
2026-02-05,FTI,09:41,-1.3547983789542917,-1.3547983789542917,-1.3547983789542917,-1.3547983789542917,-1.3547983789542917,,0.8111873609325082
2026-02-05,QBTS,09:42,-4.277158546437343,-4.277158546437343,-4.277158546437343,-4.246529278074107,-4.246529278074107,-4.539073121178172,-4.450733289658967
2026-02-05,PANW,09:43,-1.655239087628002,-1.655239087628002,-1.6542735386551266,-1.6724108899450085,-0.07103189978046043,,-1.657673013834815
2026-02-05,TSLA,09:43,-1.5979259334506835,-1.5979259334506835,-1.5902161335667797,-1.5902161335667797,0.036537274319337065,,-0.5153545891172931
2026-02-05,CRM,09:44,-1.6676482383599756,-1.6599086520542872,-1.6599086520542872,-1.6599086520542872,-1.6916996138318097,,-0.3704148893161692
2026-02-05,NOW,09:44,-1.9817151910547115,-1.9817151910547115,-1.9663453934463004,-1.9663453934463004,-1.9663453934463004,,-2.011676174659638
2026-02-05,CHRD,09:49,-1.5969294818263036,-1.5896970113470243,-1.5896970113470243,-1.5841168894538127,-1.5841168894538127,-1.5841168894538127,0.8297637314687023
2026-02-05,DINO,09:50,1.171002055957815,1.171002055957815,1.0355293697554169,0.7118704395800091,-1.6901471678180457,,0.70294298394226
2026-02-05,NBIS,09:50,-3.9782503173462658,-3.962016638482091,-3.962016638482091,-4.040394560459748,-4.105830244262998,-3.084394277464231,-3.451256048385868
2026-02-05,BE,09:53,-4.942650390112391,-4.942650390112391,-4.942650390112391,-4.942650390112391,-4.942650390112391,-4.942650390112391,-2.50911221406546
2026-02-05,WDC,09:55,-1.3042654028435963,-1.528276905617565,-1.528276905617565,-1.528276905617565,-1.528276905617565,-1.5841209829867697,0.8951812471474289
2026-02-05,HTFL,09:57,-2.5453179299333106,-2.7918306164511852,-2.7918306164511852,-3.571005741463684,-3.571005741463684,-3.5843453221191313,-3.075638911474799
2026-02-05,WT,09:57,-1.9789950447645643,-1.9789950447645643,-1.9691124228181756,-1.9691124228181756,-1.9642080332221146,,-1.9700797364331946
2026-02-05,GOOGL,10:08,4.242195367573021,4.242195367573021,3.7743681320833167,3.7743681320833167,3.7743681320833167,0.6594341629440503,3.096246976834179
2026-02-05,COHR,10:15,6.938692028429716,5.882948562170909,5.882948562170909,5.882948562170909,5.882948562170909,5.882948562170909,1.4634151689640957
2026-02-05,GLW,10:15,2.2208121827411276,2.2208121827411276,1.957416030016712,1.957416030016712,2.100497962879122,1.4118705035971235,1.1937751674543289
2026-02-05,LITE,10:16,6.886526206971544,4.932903360033292,4.932903360033292,4.932903360033292,4.932903360033292,7.0805290758158,2.7075629158077525
2026-02-05,UNH,10:17,-1.46990845663878,-1.46990845663878,-1.4661619669808723,-1.4626470127556357,,,-0.28197146076205754
2026-02-05,AAPL,10:20,0.3236128281579598,0.3236128281579598,0.09250693802036469,0.09250693802036469,,,0.2594628199052429
2026-02-05,MSFT,10:38,-1.1955237637961025,-1.1955237637961025,-1.1935613541161794,-1.1971043160543648,,,-1.197677414840163
2026-02-05,AMZN,11:18,0.02698812522490268,0.02698812522490268,-0.24581927797315828,-1.2025964380147136,,,-0.7827435022428811
2026-02-05,TSLA,11:20,1.2548459498061604,1.2548459498061604,1.1168702163697253,0.5139630858039812,0.036537274319337065,,-0.5198934616001479
2026-02-05,BE,11:22,-1.5484335613972,-1.5484335613972,-1.5484335613972,-1.5484335613972,-2.6006412540078405,,-1.659699174232739
2026-02-05,HOOD,11:24,-2.3948629735771387,-2.385937648687708,-2.385937648687708,-2.385937648687708,-2.3835991055140116,-2.3835991055140116,-2.414202530966958
2026-02-05,IREN,11:24,-5.465143507164472,-5.465143507164472,-5.465143507164472,-5.465143507164472,-5.465143507164472,-5.465143507164472,-5.471922280166919
2026-02-05,TER,11:24,-0.5208524373693346,-0.5208524373693346,-0.7756192148684726,-0.7756192148684726,-2.4561494560681463,,-0.6161607736095124
2026-02-05,NVDA,11:27,-0.5248933719914195,-0.779265758485348,-0.779265758485348,-0.779265758485348,-1.300076765131808,,-1.3009336050082587
2026-02-05,IBIT,11:52,-1.5251324369158215,-1.5251324369158215,-1.520302580572075,-1.520302580572075,-1.520302580572075,-1.6253981110590843,-1.5491470105705396
2026-02-05,HPE,11:59,1.4059361749609423,1.3154960981047958,1.3154960981047958,0.9777777777777663,,,0.7491332748518542
2026-02-05,CHRD,13:13,0.4281782036904991,0.4281782036904991,0.32589876769528736,-0.10140959334752342,,,-1.0120049749829163
2026-02-06,AMZN,09:40,3.9389146980330025,3.9389146980330025,3.9389146980330025,-1.2115465374442191,-1.2115465374442191,-1.1749027886698071,1.1338914814422618
2026-02-06,OSCR,09:40,0.49343590669874704,0.49343590669874704,0.49343590669874704,0.49343590669874704,0.49343590669874704,-2.5913676963594034,-0.13513400743269863
2026-02-06,PANW,09:40,-1.730210412557165,-1.730210412557165,-1.7287193279373336,-1.7287193279373336,-1.7338661377301556,0.4731562677433576,0.996040055210301
2026-02-06,NOW,09:47,-2.147323923478428,-2.147323923478428,-2.1615862820246856,-2.1615862820246856,0.8208208208208223,,-0.9271367325296764
2026-02-06,IREN,09:57,6.172212344424688,6.172212344424688,6.172212344424688,6.172212344424688,6.172212344424688,6.172212344424688,-3.532946832038112
2026-02-06,NTRA,10:21,2.428924910367125,2.428924910367125,2.428924910367125,2.428924910367125,2.844394868934752,,3.398960363075624
2026-02-06,NET,10:22,5.514638748554379,4.757634284360623,4.757634284360623,4.757634284360623,5.759258129461298,,2.439881059285861
2026-02-06,PANW,10:29,2.967608456714288,2.5730203200978963,2.5730203200978963,2.5730203200978963,2.5730203200978963,0.4731562677433576,1.2312783122754005
2026-02-06,TXG,10:29,4.141018466703961,4.141018466703961,3.6480089111668113,3.6480089111668113,3.850446428571419,,1.980641902391141
2026-02-06,NOW,10:42,-0.5381918728089685,-0.5381918728089685,-0.6216082881105089,-0.6216082881105089,-1.167696987538025,,0.5867805726217515
2026-02-06,HNGE,11:14,-1.8594390167034347,-1.8594390167034347,-1.9521410579345089,-1.9521410579345089,-0.35199999999999676,-0.35199999999999676,-1.179290800347325
2026-02-06,SNDK,11:18,2.8860053693123167,2.8860053693123167,2.4496405651566855,2.4496405651566855,1.7305336237408264,,-0.8417957467119005
2026-02-06,CRM,11:24,0.3409210112241823,0.3409210112241823,0.3040947936874261,1.0831660150058209,,,0.708919113046876
2026-02-06,TEAM,11:25,-3.21491764498113,-3.20350174942714,-3.20350174942714,-3.20350174942714,-3.187194630373147,-3.187194630373147,-0.8595234788409919
2026-02-09,CDW,09:44,1.3352172377251836,1.3423767132966002,1.3423767132966002,1.3423767132966002,,,0.6968029200002427
2026-02-09,IBIT,09:44,2.1910828025477613,2.321428571428563,2.321428571428563,2.1520438049153157,1.4672400708322764,,1.4986628497916765
2026-02-09,ZETA,09:45,3.5050289545870195,3.5050289545870195,3.285299788928153,3.285299788928153,3.00272975432212,,0.5859380052909017
2026-02-09,GOOGL,09:46,0.9405169729056251,0.7475560667050019,0.7475560667050019,0.6615112270567325,0.918516673412828,,-0.26045774074363964
2026-02-09,ILMN,09:48,-1.0338861459256443,-1.577975491018968,-1.577975491018968,-1.577975491018968,-1.577975491018968,,-0.2682338836644112
2026-02-09,NOW,09:48,3.4810756972111445,3.4810756972111445,3.347259524520041,3.0908910498114617,2.810350799069794,,1.5341786951968455
2026-02-09,OSCR,09:48,5.632040050062592,5.632040050062592,5.632040050062592,5.632040050062592,5.062240663900419,,2.031635238159198
2026-02-09,CRWD,09:56,3.852515331178896,3.852515331178896,3.405204084217983,3.405204084217983,3.405204084217983,,1.2623057204934989
2026-02-09,PANW,09:56,4.672131147540992,4.672131147540992,4.33786840519117,4.33786840519117,3.1374254473161,-0.22837910932147487,1.567141979135067
2026-02-09,TXG,09:57,2.374378796245158,2.148760330578514,2.148760330578514,2.148760330578514,2.148760330578514,0.5422993492407713,-0.5363089257660084
2026-02-09,NUE,10:00,1.4398318444561076,1.4398318444561076,1.10246942676826,,,,0.6510657913275578
2026-02-09,AMZN,10:01,1.7679908308337655,1.7679908308337655,1.4168023524265383,1.4168023524265383,,,0.39045351528553446
2026-02-09,SNDK,10:01,-0.44526331951482145,-0.44526331951482145,-0.44526331951482145,-0.44526331951482145,-0.44526331951482145,-0.44526331951482145,-1.4951837303309068
2026-02-09,CHRD,10:03,0.10762156344781282,0.10762156344781282,-0.3603077222709139,0.043999022243945696,,,-0.3976552085153869
2026-02-09,ADBE,10:10,0.5118644067796607,0.5118644067796607,0.1798183046775259,0.1798183046775259,,,0.027521586721864406
2026-02-09,HALO,10:13,-0.8744919325039957,-0.8744919325039957,-1.251533742331279,-1.251533742331279,-1.239415879248973,,-0.5093091321130894
2026-02-09,ANF,10:30,-1.2720208632710506,-1.2720208632710506,-2.558863619216889,-2.558863619216889,-2.558863619216889,,-0.8153025545849069
2026-02-09,BMNR,10:34,4.97427101200687,4.97427101200687,4.717672940601347,3.8042161376302452,3.4282955094157463,,1.5861139971886946
2026-02-09,TEAM,10:36,0.6066622545775502,0.6066622545775502,0.6066622545775502,0.6066622545775502,0.6066622545775502,-1.68147211541676,-1.2822883706212207
2026-02-09,RVMD,10:41,0.5298701298701358,0.24875699208142255,0.24875699208142255,0.24875699208142255,-0.45267489711934283,,-0.23188389653727715
2026-02-09,NFLX,10:48,1.2859835876888992,1.2859835876888992,1.15269334579311,0.07991639515585458,-0.11657156880789943,,0.7081855913263713
2026-02-09,FTNT,11:30,2.2002854424357787,2.2002854424357787,2.030396580384708,0.4441846873173727,,,1.4043268971786278
2026-02-09,DE,14:25,0.457991697828386,0.457991697828386,0.385670209118949,-0.13300820217245768,,,0.3098119529023465
2026-02-10,LITE,09:40,2.7226770701686887,2.7226770701686887,2.7226770701686887,2.7226770701686887,2.7226770701686887,2.7226770701686887,-0.14669927537233432
2026-02-10,COHR,09:51,0.7277699364855339,0.7277699364855339,0.046568946354597074,0.046568946354597074,0.046568946354597074,-0.3925068227447204,-2.2340817291360433
2026-02-10,NET,09:59,1.5196713007260776,1.5196713007260776,0.8780760626398099,0.8780760626398099,0.8780760626398099,0.8780760626398099,0.09336435162735635
2026-02-10,BMNR,10:01,-3.667472246025849,-3.9573831743672683,-3.9573831743672683,-3.952627847313228,-3.945989556782714,-2.532878714076958,-3.465151925558807
2026-02-10,IBIT,10:01,0.5286911669890371,0.5286911669890371,0.5675954592363253,0.5675954592363253,-0.9780261653753453,,-0.6831487785096013
2026-02-10,SNDK,10:01,-2.9290277491554995,-2.9290277491554995,-2.9290277491554995,-2.9290277491554995,-4.293345163933138,-4.2933620735348565,-2.5501961951498786
2026-02-10,GOOGL,10:02,0.2249665696531178,0.2249665696531178,0.16351172882209664,-0.297348899809069,,,0.07309477157541415
2026-02-10,TSM,10:06,0.6368009788381812,0.6368009788381812,0.2298723239261058,0.2298723239261058,,,-0.23318288814058544
2026-02-10,WDC,10:17,-2.837902837902828,-3.304796096842477,-3.304796096842477,-3.304796096842477,-4.103625588790704,,-0.4807452546922127
2026-02-10,CHRD,10:20,0.15952143569291088,0.15952143569291088,-0.08950770760816074,0.19948134849390176,,,-0.041132055522963284
2026-02-10,TER,10:20,0.23021014897885994,0.23021014897885994,0.14293459510079654,-0.2640905565536755,0.3688457105219811,,0.43611770683680273
2026-02-10,CHEF,10:21,-0.8952959028831642,-0.8952959028831642,-1.239981853924077,-1.2996826356354796,-0.18340210912426436,,-0.40003408168442683
2026-02-10,PARR,10:21,2.5594988244599826,2.5594988244599826,2.2991287512100778,2.1507974867085666,1.830884124307408,,2.01227767898969
2026-02-10,FTI,10:52,1.4834794335805812,1.4834794335805812,1.3297424675980496,1.3553329404832004,,,1.1435647496223538
2026-02-10,FCX,11:08,1.1027649033082954,1.022037687639732,1.022037687639732,-0.09475679090334976,,,0.2979817700323961
2026-02-10,PTEN,11:13,-2.0651796596417915,-2.0651796596417915,-2.0639569363382737,-2.0554382461529186,-2.0554382461529186,,-1.580623484291965
2026-02-10,NUE,11:27,0.6291616421118862,0.6291616421118862,0.579064587973277,0.19723083316192103,0.19723083316192103,,-0.05045241540319786
2026-02-10,ASML,12:46,-0.6442225572788729,-0.6442225572788729,-0.7213345039508323,-0.9078608834643176,,,-0.5505837234098254
2026-02-10,BE,13:26,-1.928783382789323,-1.8187219434908863,-2.0772978667368935,-2.3665725727040066,-2.3665725727040066,,-1.0550005893167975
2026-02-11,CHEF,09:40,-2.0525122078958513,-2.0525122078958513,-2.0270862282378066,-2.0270862282378066,-2.0270862282378066,-2.0270862282378066,-0.09464223678929222
2026-02-11,CRCL,09:41,-3.5296419636714926,-3.5296419636714926,-3.5059551037386005,-3.5059551037386005,-3.5059551037386005,-3.5059551037386005,1.6076645342086266
2026-02-11,NET,09:44,-2.92272914707693,-2.92272914707693,-2.92272914707693,-2.92272914707693,-2.9005069611301115,-2.9438799141305427,0.23324819988958337
2026-02-11,DELL,09:48,-1.9981283458310073,-1.9981283458310073,-1.9913032002960018,-1.9913032002960018,0.15727708997057555,,-0.6584262589989232
2026-02-11,ORCL,09:48,-2.4638819186714955,-2.451130612471808,-2.451130612471808,-2.451130612471808,-2.451130612471808,,0.3095101799570695
2026-02-11,PLTR,09:48,-2.607884761667434,-2.607884761667434,-2.592334547119979,-2.592334547119979,-2.592334547119979,,1.300307026782077
2026-02-11,UNH,09:49,2.4108995427921,2.309456112996422,2.309456112996422,1.9075461355746448,,,1.191224903568629
2026-02-11,HALO,09:54,0.7284474567682331,0.7284474567682331,0.4992732098843655,-0.08796179944708937,-0.08796179944708937,,-0.34992172427850504
2026-02-11,TIGO,10:29,1.033672670321062,0.4562654748742734,0.4562654748742734,0.4562654748742734,0.4562654748742734,,0.7758339992930555
2026-02-11,GLW,10:51,2.866426830683544,2.866426830683544,2.9899302865995514,1.996824106108619,1.4497176865557737,,2.6366588242964526
2026-02-11,ANET,10:52,0.8273935312869352,0.8273935312869352,0.8526798509601585,0.600385962404415,,,0.7133200363127553
2026-02-11,ASML,10:54,0.1423010923701451,0.1423010923701451,0.07228581406582002,-0.16967303172329418,,,0.06371867420612946
2026-02-11,TXG,10:55,2.1333333333333204,2.1333333333333204,1.7534537725823585,1.7534537725823585,2.0788912579957186,,1.8719967390406895
2026-02-11,ALAB,10:58,-3.981001608425394,-3.981001608425394,-3.981001608425394,-3.981001608425394,-3.981001608425394,-4.061861492144258,-2.2682909822420823
2026-02-11,HPE,10:58,-1.569665098710138,-1.569665098710138,-1.5643778057460644,1.4702748774770846,,,1.2070034921749073
2026-02-11,IBIT,11:10,1.296639322572113,1.296639322572113,0.9759957794777119,0.8429926238145313,-0.04934867581053437,,1.4626821587553944
2026-02-11,DK,11:11,2.4035608308605294,2.4035608308605294,2.2821576763485396,1.7994100294985271,1.7994100294985271,,1.2286017663387365
2026-02-11,AMD,11:14,0.38083595843716456,0.38083595843716456,-0.0842381130662706,-0.0842381130662706,,,1.1241854418633752
2026-02-11,BE,11:19,7.213582589769674,7.213582589769674,7.213582589769674,6.380363070114314,6.380363070114314,,7.4236180577244015
2026-02-11,TGTX,11:40,1.7290049400141116,1.7290049400141116,1.4069644741470322,1.2111637704054656,-0.32843560933449867,,1.8794449478573598
2026-02-11,ADBE,12:12,-0.296997072678995,-0.296997072678995,-0.5226305609284276,-0.6379443585780575,-0.6379443585780575,,-0.3303709321490082
2026-02-11,SMTC,12:25,0.16972165648336812,0.16972165648336812,-0.07900677200902706,-0.3937893789378921,-0.3937893789378921,,0.3695846780747081
2026-02-11,NOW,13:19,-0.2182756225816207,-0.2182756225816207,-0.37642397226350655,-0.37642397226350655,,,-0.3732613162819809
2026-02-12,NBIS,09:40,9.594313500288653,9.594313500288653,9.888489177686033,9.888489177686033,9.888489177686033,9.129744904186477,3.6920313897510937
2026-02-12,NUE,09:40,-1.3651198757662408,-1.3651198757662408,-1.360905892510289,-1.360905892510289,-0.2167821075450771,,-0.4994220185422578
2026-02-12,ORCL,09:40,0.8182462470201601,0.6302250803858378,0.6302250803858378,0.6302250803858378,-2.517814383691741,,0.8434019214866159
2026-02-12,ANET,09:43,-2.2647742764937084,-2.2647742764937084,-2.2647742764937084,-2.2647742764937084,-2.2845136775263564,,1.04400556216242
2026-02-12,SMTC,09:46,-3.3337579106101134,-3.3337579106101134,-3.3337579106101134,-3.3337579106101134,-3.3337579106101134,-3.3337579106101134,-0.5996152920508147
2026-02-12,PTEN,09:54,-2.0781377382706245,-2.075681310684019,-2.075681310684019,-2.075681310684019,-2.062031926771579,,-0.2188303005683808
2026-02-12,DELL,09:59,-2.0725125130900413,-2.0715365450415746,-2.0715365450415746,-2.059983914671193,-2.0467397917107832,-2.0467397917107832,-1.5858485829097433
2026-02-12,CHRD,10:05,-1.4979485774340717,-1.4979485774340717,-1.4945678688369046,-1.5147508468338677,-1.5185539430377037,,-0.29467364278851954
2026-02-12,RVMD,10:07,-0.17443053560434185,-0.17443053560434185,-0.2971920475507206,-0.2971920475507206,,,-0.43986299624281616
2026-02-12,CF,10:10,-1.6326494204324749,-1.6326494204324749,-1.6308690882157806,-1.6261404629211773,,,-0.921548976875212
2026-02-12,CRWD,10:12,0.2312898670691954,0.2312898670691954,0.1459534408523755,-2.188921298545843,1.3565414348318372,,1.1724587974810092
2026-02-12,ZETA,10:12,-3.1559681371275405,-3.140862992884752,-3.140862992884752,-3.140862992884752,-3.140862992884752,,0.012043550843010564
2026-02-12,ILMN,10:13,-2.0170227746863723,-2.0170227746863723,-2.013265912555806,-2.009526492982694,-0.07864383082838433,,-1.2020276553044014
2026-02-12,HALO,10:15,-1.5829993664551734,-1.5829993664551734,-1.5809781721670468,-1.5766500343047496,,,0.6940119349109652
2026-02-12,MSFT,10:16,0.114593194160717,0.114593194160717,-0.06465410056198939,0.7697901256237261,0.114593194160717,,-0.29761769554533063
2026-02-12,PANW,10:22,-1.9341775371260472,-1.9341775371260472,-1.9263117108966221,-1.9263117108966221,-1.9263117108966221,,0.577166249637732
2026-02-12,QCOM,10:23,-1.2745163826938022,-1.2724273093755345,-1.2724273093755345,-1.2724273093755345,-1.2724273093755345,,0.11767872937052577
2026-02-12,HPE,10:25,-1.6371301299419438,-1.6280912047545448,-1.6280912047545448,-1.6280912047545448,-1.6280912047545448,,-1.0689080181796595
2026-02-13,PLTR,09:44,3.3417203962887276,3.3417203962887276,3.3417203962887276,3.3417203962887276,3.3417203962887276,0.7435229189023396,-0.4167118061984554
2026-02-13,QCOM,09:44,2.5646630236794143,2.5646630236794143,2.516112587845476,2.3335271881360864,1.9407632703309474,,1.1204773715618936
2026-02-13,ADM,09:46,1.4894859813084027,1.032126762610841,1.032126762610841,1.032126762610841,1.032126762610841,,-0.09325705603126695
2026-02-13,RVMD,09:46,-1.24000819840131,-1.24000819840131,-1.7714137824654919,-1.7640155992036943,-1.7640155992036943,,-1.0164885004065944
2026-02-13,ADBE,09:50,0.9216061185468583,0.7790124871119408,0.7790124871119408,0.7790124871119408,0.7790124871119408,-0.3285746657602395,-0.16795170836209442
2026-02-13,AMZN,09:51,-0.16574585635358297,-0.16574585635358297,-0.15320858972748264,0.21174691202421325,,,-0.8686247106914865
2026-02-13,ANET,09:51,-2.262935123253129,-2.262935123253129,-2.2527373536593953,-2.2527373536593953,-2.2527373536593953,-2.249683498728239,-2.2485969835877806
2026-02-13,FTNT,09:51,1.0390837170858314,1.0211911929637996,1.0211911929637996,0.5641085909037447,0.5641085909037447,,-0.12826941539445894
2026-02-13,TER,09:52,1.7732906190337516,1.7732906190337516,1.7732906190337516,1.7732906190337516,0.7915651839507598,0.7915651839507598,-0.00904738436936873
2026-02-13,ALAB,09:53,2.0276134122287903,2.0276134122287903,1.3516161240922475,1.3516161240922475,1.8268518321667981,1.8268518321667981,-1.515216711241485
2026-02-13,AXTI,09:53,-0.5334427574887224,-0.5334427574887224,-1.6233766233766267,-1.6233766233766267,-1.6233766233766267,-3.7713378324732094,-2.1558107853853037
2026-02-13,GOOGL,09:53,0.11460755100036746,0.11460755100036746,0.0,0.0,,,-0.34831937021412296
2026-02-13,WT,09:53,1.0194624652456241,1.0194624652456241,0.5535055350553542,0.2759889604415866,0.18382352941177516,,-0.07124679650778824
2026-02-13,TIGO,09:54,0.8291110087517373,0.8291110087517373,0.5358236374770398,0.09144947416552807,0.09144947416552807,,-0.45214085678795257
2026-02-13,GLW,09:55,5.7587887915659275,5.7587887915659275,4.413836281108141,4.413836281108141,4.413836281108141,4.413836281108141,1.9713196438451892
2026-02-13,LITE,09:55,1.188571017567841,1.188571017567841,1.188571017567841,1.188571017567841,1.188571017567841,1.188571017567841,-2.4262207499833544
2026-02-13,MU,09:55,3.659227370567586,2.8783449516528004,2.8783449516528004,2.8783449516528004,2.8783449516528004,,0.8265844371018775
2026-02-13,ORCL,09:55,0.9425932347656207,0.9425932347656207,0.9425932347656207,0.9425932347656207,1.249011857707516,,-0.2180511520364914
2026-02-13,OSCR,09:55,-1.8268176835951722,-1.8268176835951722,-1.8268176835951722,-2.991809434163517,-2.991809434163517,-2.991809434163517,-2.2075506426339633
2026-02-13,TSLA,09:55,0.8028492092237327,0.42938236922169803,0.42938236922169803,0.6885823163378602,0.7778342113801129,,0.07721119197531638
2026-02-13,CNH,09:56,2.5723472668810254,2.5723472668810254,2.120848339335746,2.120848339335746,1.6733067729083562,,-0.7392523273129411
2026-02-13,WDC,09:58,3.9307595777662963,3.9307595777662963,3.9307595777662963,3.9307595777662963,3.9307595777662963,3.9307595777662963,-1.7332189685697645
2026-02-13,NUE,10:02,2.11769950958538,2.11769950958538,1.7039462729644406,1.7039462729644406,1.7039462729644406,-0.5643585847623145,-0.651686585752916
2026-02-13,TSM,10:06,0.37555854053017423,0.37555854053017423,0.09567808425139379,0.09567808425139379,-0.35378000326564685,,0.057382270807763515
2026-02-13,SNDK,10:08,5.917354813080555,5.917354813080555,5.2528137073744485,5.2528137073744485,5.2528137073744485,3.881225545460598,-2.5296390315795225
2026-02-13,BBY,10:09,1.810584958217265,1.810584958217265,1.6564170709848947,1.6564170709848947,0.8894341358687496,,-0.2900477406860502
2026-02-13,AAPL,10:13,-1.2218450016409865,-1.2218450016409865,-1.2209513587496446,-1.2222687629132367,,,-1.2229493811704166
2026-02-13,ANF,10:15,1.571645350097528,1.571645350097528,1.308108108108108,1.308108108108108,1.308108108108108,,-0.46314408789562095
2026-02-17,OSCR,09:43,0.7518796992481258,0.3369524522650602,0.3369524522650602,-0.6133786259428731,-0.6133786259428731,-0.6133786259428731,-1.0289773746535242
2026-02-17,TSM,09:43,0.562007208053128,0.562007208053128,0.4801456993846376,0.4801456993846376,1.8573946124367025,,0.24104434895736807
2026-02-17,CF,09:48,0.3368443565203494,0.3368443565203494,0.07465870307166167,0.07465870307166167,0.24572649572649485,,0.3121430438634813
2026-02-17,WDC,09:49,2.5920207249022775,1.7017088664221136,1.7017088664221136,1.1316725978647746,1.1316725978647746,1.1316725978647746,0.10400729622010256
2026-02-17,TER,09:52,-0.37183208845689153,-0.37183208845689153,-0.37183208845689153,-0.37183208845689153,-0.06543432030099439,,-1.7009022509757
2026-02-17,LITE,09:57,9.414391833386503,8.656770456191175,8.656770456191175,8.656770456191175,8.656770456191175,8.656770456191175,6.276972205984369
2026-02-17,GH,09:58,1.6031113640675443,1.6031113640675443,1.6031113640675443,1.6031113640675443,1.6706217370669352,,-0.18781177206167085
2026-02-17,PLTR,10:01,3.1992864621708694,3.1992864621708694,2.900087309633692,2.900087309633692,2.900087309633692,,1.0618944588481005
2026-02-17,CLMT,10:03,2.5147137506688066,2.5147137506688066,1.9148936170212627,1.9148936170212627,1.9148936170212627,,1.2346570096305982
2026-02-17,ILMN,10:13,0.8679841555012002,0.8679841555012002,0.9838339184327971,0.6392536281962569,0.8658008658008587,,-0.02262747682613882
2026-02-17,DE,10:16,0.3423513694054803,0.3423513694054803,0.263654112503553,-0.06985214629035008,-0.06985214629035008,,-0.35573594235829287
2026-02-17,MSFT,10:16,0.05170174398809735,0.05170174398809735,-0.13342060215487672,-0.22133353454563132,,,-0.1423268878547342
2026-02-17,SNDK,10:16,-2.0149377593360995,-2.0149377593360995,-2.7733860342556094,-2.7733860342556094,-2.7733860342556094,-2.174057135282037,-2.332893300538426
2026-02-17,MRVL,10:18,2.8697859048610885,2.9032678036714055,2.9032678036714055,2.3502751699579383,1.2554445298488481,-0.3718409277115864,0.35723999549714575
2026-02-17,GLW,10:26,0.20338462719216022,-0.1223990208078285,-0.1223990208078285,-0.1223990208078285,-0.5484460694698323,,-1.706402837567093
2026-02-17,CRCL,10:31,6.697819314641751,6.697819314641751,6.183258697898708,6.183258697898708,6.183258697898708,,2.8606655328600703
2026-02-17,HOOD,10:44,2.131979695431485,1.918141294069975,1.918141294069975,1.918141294069975,0.909455664036396,,-0.6654943316570905
2026-02-17,NFLX,10:47,1.1223418220005055,1.1223418220005055,1.029508196721296,0.8113590263691517,0.8113590263691517,0.8113590263691517,1.1092152802219573
2026-02-17,BMNR,10:51,1.0257693269952517,1.0257693269952517,0.4477611940298498,0.4477611940298498,0.4477611940298498,,0.16507562663407768
2026-02-17,NVDA,10:51,2.333886400088492,2.333886400088492,2.405078913884595,1.9869918699186861,1.9869918699186861,,-0.09593737085518139
2026-02-17,AMD,10:55,2.693202508598014,2.693202508598014,2.305134277220744,2.305134277220744,2.305134277220744,,-0.13222850319934606
2026-02-17,ALAB,10:58,2.817720887706754,2.058495936636273,2.058495936636273,2.058495936636273,2.058495936636273,-0.9250730847783384,2.0204335601031445
2026-02-17,NUE,11:00,1.9594782126006072,1.9594782126006072,1.8664610999115316,0.27021863143816827,,,1.1069094760342457
2026-02-17,FTI,11:05,1.7436067751577689,1.7436067751577689,1.6339056149954567,1.3816497062960176,,,1.1978047277733772
2026-02-17,PANW,11:06,1.2205150400346199,1.2205150400346199,0.8966177763040983,0.8966177763040983,,,0.4470636020363313
2026-02-17,UNH,11:18,-0.5568732597710624,-0.5568732597710624,-0.6746665293299592,-0.7547428728258199,-0.7547428728258199,,-0.8475036021684609
2026-02-17,AMZN,12:43,0.738386063275942,0.738386063275942,0.7484730149194041,0.7232594223935296,,,0.16303928254337943
2026-02-17,BBY,13:01,0.9926695174098832,0.9926695174098832,0.9926695174098832,0.6391721199208611,,,1.4603836754750004
2026-02-17,ANF,13:21,0.7707954180494525,0.7707954180494525,0.6307462048321444,-0.7381630285774543,,,-0.29204196339901084
2026-02-17,CHRD,14:13,0.7293354943273878,0.7293354943273878,0.4951995957554356,0.39374053508329787,0.34318904459034183,,-0.29108495454334876
2026-02-18,OKTA,09:40,2.1385894672004913,2.1385894672004913,1.7999877217754312,1.7999877217754312,1.82499232422475,1.110975609756104,0.020917864836426475
2026-02-18,OSCR,09:41,2.660172349194445,2.660172349194445,2.208296031035517,2.208296031035517,0.8094186902133815,-1.6511127063890907,0.17100202683698976
2026-02-18,CRWD,09:43,2.685631815456291,2.685631815456291,2.4037040685646716,2.4037040685646716,1.8194284594852617,,-0.3873932915675911
2026-02-18,PANW,09:43,2.385683880588796,2.385683880588796,1.5192909975344948,1.5192909975344948,1.5192909975344948,1.3504523682809966,-0.3444235058378875
2026-02-18,TGTX,09:43,1.3522884882108288,1.3522884882108288,1.3522884882108288,1.3522884882108288,1.3522884882108288,1.1593701332410555,0.6091031838747633
2026-02-18,AMD,09:50,1.7026335142475757,1.7026335142475757,1.5632137237984178,1.5632137237984178,,,-0.9326598931486315
2026-02-18,DELL,09:50,2.169728783902025,2.110499334157012,2.0001746877456705,1.8667131891137556,1.3671281628401477,,0.10897490199820077
2026-02-18,CNH,10:01,0.9159697331740269,0.9159697331740269,0.8757961783439461,0.7955449482895727,0.010261510652243011,,-0.2507369289246923
2026-02-18,DE,10:13,-0.8372466117415045,-1.3079589859483987,-1.3079589859483987,-0.6706547052293121,-0.5647255969836618,,-0.3913300739225319
2026-02-18,UNH,10:16,0.19119794201485352,0.19119794201485352,0.16856373273088643,,,,-0.08658801567823875
2026-02-18,DINO,10:38,2.9241516966067804,2.9241516966067804,2.667994026879028,2.667994026879028,1.9474100434954567,1.575888899832556,0.3455154277717476
2026-02-18,CRM,11:25,1.1474438398965559,1.1474438398965559,1.1528930072190358,,,,0.5390658662675222
2026-02-18,CDW,12:14,0.01609917089269164,0.01609917089269164,-0.056306306306297405,-0.3928170594837188,-1.1928429423459286,,-0.24033996628327614
2026-02-18,INTC,12:53,-1.2063906097163346,-1.2063906097163346,-1.2063906097163346,0.3865267807841022,,,-1.664391183667117
2026-02-18,ORCL,15:02,0.7808466701084038,0.6574282951981925,0.6574282951981925,0.48256337665679716,,,0.409669453559669
2026-02-19,PLTR,09:40,1.558031010085803,1.558031010085803,1.558031010085803,0.6489631508279858,0.6489631508279858,,0.32633890597117593
2026-02-19,CRCL,09:42,0.5190592051905973,0.5190592051905973,0.5190592051905973,0.5190592051905973,0.5190592051905973,0.43760129659642377,1.8995790875838396
2026-02-19,HOOD,09:42,2.3268398268398327,2.3268398268398327,1.8014441162022221,1.8014441162022221,1.8014441162022221,1.0824535614058606,0.7506946348847002
2026-02-19,CDW,09:44,-1.7644049864505185,-1.7644049864505185,-1.761201378300492,-1.7830725065277497,-1.7830725065277497,1.099169516365417,1.7855215662551698
2026-02-19,LITE,09:44,8.24266571316683,8.24266571316683,8.325665405718574,8.325665405718574,7.9320882852292,8.414338824652967,2.2450710804269005
2026-02-19,GOOGL,09:46,0.7015793848711649,0.7015793848711649,0.3745070095781067,0.3745070095781067,0.3745070095781067,,-0.03413657184722455
2026-02-19,IREN,09:46,5.61935010994381,5.61935010994381,5.61935010994381,5.61935010994381,5.61935010994381,5.61935010994381,3.8924663004392976
2026-02-19,ANF,09:47,1.653944020356235,1.653944020356235,1.2460401267159416,1.2567324955116588,-0.5136186770428042,,-0.718402922339445
2026-02-19,BMNR,09:47,1.3204672422549413,1.3204672422549413,1.3204672422549413,1.3204672422549413,1.3204672422549413,1.3204672422549413,1.175861650622978
2026-02-19,QCOM,09:48,-0.27176790315179833,-0.27176790315179833,-1.3432912604316893,0.1524120086485059,,,0.44650391304551135
2026-02-19,PANW,09:49,0.6130472446191915,0.6130472446191915,0.6130472446191915,0.6130472446191915,0.6130472446191915,,-0.24590546791652215
2026-02-19,OKTA,09:53,0.38055487355757034,0.28821978291531103,0.28821978291531103,-0.1831054687500111,-0.1831054687500111,,-0.5769085654895793
2026-02-19,CRM,09:55,0.23801795953695137,0.23801795953695137,-0.09165902841429263,-0.20465316673847767,,,-0.11857379842938887
2026-02-19,DINO,09:55,-1.8064692079056366,-1.7994126875622518,-1.7994126875622518,-1.7994126875622518,,,-0.44247481118992643
2026-02-19,DK,09:55,-2.85143612342057,-2.8472539055804047,-2.8472539055804047,-2.8257026387550566,-2.8257026387550566,-2.8008335201626378,3.3523537842718407
2026-02-19,PARR,09:56,0.5945303210463715,0.11834319526626835,0.11834319526626835,-0.37682524729157896,-2.448407045754153,,1.1805458656924432
2026-02-19,NTRA,09:57,1.298640522264094,1.298640522264094,1.301010857356788,1.026789881452439,1.026789881452439,-0.1982571810595135,-0.11146953674668152
2026-02-19,NOW,10:01,-0.5003706449221657,-0.7670270769799425,-0.7670270769799425,-0.033421495327967676,-0.232277246120971,,0.5105766044130747
2026-02-19,OSCR,10:01,3.039399624765493,3.039399624765493,3.039399624765493,2.854916884537295,2.386278896346017,2.0817843866171026,2.007410387020229
2026-02-19,LRCX,10:03,1.4440308279796588,1.4440308279796588,0.952380952380949,0.952380952380949,0.952380952380949,,1.6536979975224853
2026-02-19,CRWD,10:07,0.78186403950673,0.78186403950673,0.41629992625544787,0.41629992625544787,,,0.5017084226959531
2026-02-19,WDC,10:32,-0.31864976538972245,-0.31864976538972245,-0.31864976538972245,-0.31864976538972245,-1.5092095307061015,-0.3814389697648246,-0.28748808258775754
2026-02-19,DDS,10:34,2.2890879102245965,1.3652489717670413,1.3652489717670413,0.4442628037750973,0.4442628037750973,,0.9423310908140673
2026-02-19,INTC,10:55,-0.044802867383519906,-0.044802867383519906,-0.06316044095844298,-0.3016422746061953,-0.3016422746061953,,-0.49648636469527735
2026-02-19,CLMT,11:14,1.1351909184726505,1.1351909184726505,0.08510638297871687,0.08510638297871687,0.0680735194009463,,1.2886670503957716
2026-02-19,ASML,11:53,0.9024515852524839,0.8198646221853956,0.8198646221853956,0.5815756289492491,0.7217725519421014,,0.8189441652259285
2026-02-19,FTI,12:25,2.779164586453642,2.779164586453642,2.6254569624459823,2.3533311236327403,2.3533311236327403,,-0.5517081698076187
2026-02-19,TSLA,14:01,0.21424050632909974,0.21424050632909974,0.1435452090783107,,,,0.680396716615809
2026-02-20,AAPL,09:40,1.9378948990599332,1.9378948990599332,1.8411779535923545,1.8411779535923545,1.2164798592249504,,0.7134707222809548
2026-02-20,CDW,09:40,1.7469387755101984,1.7469387755101984,1.7469387755101984,1.7469387755101984,-0.07215585665036883,-0.07215585665036883,0.4218406331438625
2026-02-20,ILMN,09:40,0.22998296422487297,0.034004930714948145,0.034004930714948145,0.2427908165438586,-0.15273652948663008,,0.43990720680069373
2026-02-20,MSFT,09:40,0.12856062515753663,0.12856062515753663,-0.0050348664501820295,-0.07798349768565194,,,0.04286783539285318
2026-02-20,NOW,09:40,-2.405532305952829,-2.40440485361596,-2.40440485361596,-2.3979985021619243,-2.387952425487605,,-0.9878744351086229
2026-02-20,ORCL,09:40,-2.4836671416867073,-2.4836671416867073,-2.4816602206784166,-2.457747440502034,-2.457747440502034,,-1.3132556217300955
2026-02-20,PLTR,09:40,2.152730568774097,2.152730568774097,2.0525203742831177,2.0525203742831177,1.2957830874091858,0.7770653933167004,0.7958404424110924
2026-02-20,TEAM,09:41,-3.444152546800283,-3.444152546800283,-3.436600532495482,-3.4334420116036823,-3.4334420116036823,-0.8858905658458038,-2.2510135392467414
2026-02-20,CHRD,09:45,1.5110683349374376,1.0829978915085192,1.0829978915085192,0.9282296650717781,1.2771269444977973,,0.01917204455837614
2026-02-20,INTC,09:45,0.8803018177660826,0.8803018177660826,0.9726513331044684,0.8226691042047429,0.6501653929508411,,0.872361755982809
2026-02-20,WDC,09:58,-0.8218511632755887,-0.8218511632755887,-0.8218511632755887,-0.8218511632755887,-0.8218511632755887,-2.427383785509818,-2.2569457184328234
2026-02-20,NFLX,10:07,2.0890099909173676,2.102125483875583,1.6865912762520363,1.6865912762520363,1.6865912762520363,,1.3584615023592612
2026-02-20,OKTA,10:08,-2.1583722865350485,-2.1526215065539644,-2.1526215065539644,-2.140007462325866,-2.140007462325866,-2.26192361664751,-2.2059522660629716
2026-02-20,OSCR,10:08,0.37907505686125553,0.37907505686125553,0.37907505686125553,-0.3762227238525151,-0.3762227238525151,-0.3762227238525151,0.69023735958329
2026-02-20,UNH,10:08,1.3928939687865682,1.3928939687865682,1.1612903225806326,1.1612903225806326,0.9395225833391363,,0.782636389877959
2026-02-20,CHEF,10:09,0.5029458255496388,0.3515316737212171,0.3515316737212171,0.3515316737212171,-0.5333143710445798,,-0.15269329870406154
2026-02-20,PTEN,10:15,0.8403361344537785,0.8403361344537785,0.7194244604316502,0.11918951132299238,0.11918951132299238,0.11918951132299238,0.55370025318493
2026-02-20,DE,10:21,0.7799078705322593,0.7799078705322593,0.7241992433757449,0.46374878758486116,0.46374878758486116,,0.6747885872746329
2026-02-20,NTRA,11:04,-0.7532868572497908,-0.7532868572497908,-0.9433081161856594,-0.9433081161856594,-0.720771318917901,-1.3418292597846548,-1.08799548292778
2026-02-20,ADBE,11:48,0.38623527356713705,0.38623527356713705,0.27724461505653775,0.7597599937660737,,,-0.2757888499608008
2026-02-20,CNH,12:52,1.0831721470019318,1.0831721470019318,0.8880308880308885,-0.15284677111196965,,,0.2867392254936929
2026-02-23,GH,09:40,-3.0647896904802407,-3.0647896904802407,-3.052455927493425,-3.052455927493425,-3.052455927493425,-3.0319217109586627,-2.374826337010605
2026-02-23,OSCR,09:40,-2.77831431250789,-2.771942031974617,-2.771942031974617,-2.771942031974617,-2.7730020480480344,,-1.5414851265777572
2026-02-23,QBTS,09:41,1.5748031496062964,1.5748031496062964,1.5748031496062964,1.5748031496062964,1.5748031496062964,1.5748031496062964,0.4161489163360195
2026-02-23,AMD,09:43,0.13247434678329562,0.13247434678329562,0.13247434678329562,0.030528136766050373,,,-0.0798861243198427
2026-02-23,HALO,09:47,-0.11313816999010129,-0.40188958612424885,-0.40188958612424885,0.13468490820160994,,,0.22503691047847849
2026-02-23,QCOM,09:50,-1.374206658773125,-1.3686852580163555,-1.3686852580163555,-1.3686852580163555,,,-0.03288301900497004
2026-02-23,CRCL,09:56,-3.56539962671244,-3.56539962671244,-3.557963368867534,-3.557963368867534,-3.557963368867534,,0.3335741826547167
2026-02-23,HOOD,10:01,-1.8186790646793405,-1.8455228981544836,-1.8455228981544836,-1.5494309611956747,-1.5494309611956747,,-0.5692066432475884
2026-02-23,PANW,10:01,-1.0092687950566392,-1.0092687950566392,-1.070399341292716,-2.238368831119808,-2.2276734498738127,,-0.9101653803598805
2026-02-23,OKTA,10:03,-2.448713504744149,-2.448713504744149,-2.433501980913455,-2.433501980913455,-2.424195722468858,,-1.5130182042346247
2026-02-23,AXTI,10:06,-0.24570024570023108,-1.3023094287202608,-1.3023094287202608,-1.3023094287202608,-1.3023094287202608,-7.426047523727486,3.2929337220168886
2026-02-23,BMNR,10:06,-0.8758371973209722,-0.8758371973209722,-0.8758371973209722,-1.1813045711350778,-1.3080276994101192,1.0493587252234704,1.0258459173928758
2026-02-23,IBIT,10:10,-2.1481059826953475,-2.1481059826953475,-2.1481059826953475,-2.1397811031686698,0.09586414680911037,,-0.6967193084590225
2026-02-23,NOW,10:10,0.8822063365916399,0.8822063365916399,0.9506124243671588,0.6189477887591055,0.6189477887591055,,0.8627005301912183
2026-02-23,NFLX,10:18,0.5818005795521941,0.5818005795521941,0.5752826820075496,0.13166556945358732,,,0.3594941127112783
2026-02-23,PLTR,10:43,0.9625048318515628,0.9625048318515628,0.9468964984153949,1.7015808737637306,,,0.5446625152160619
2026-02-23,ALAB,10:58,1.4351229540602528,1.4351229540602528,1.3669945873335587,1.403051142202183,1.0914105594956647,,1.117660504520231
2026-02-23,CHEF,11:52,3.505454545454545,3.505454545454545,3.505454545454545,2.6247476204211084,2.6247476204211084,,2.3098844649277104
2026-02-24,HOOD,09:40,5.220134805679044,5.220134805679044,5.220134805679044,5.220134805679044,4.9792531120331995,3.6006777746399488,1.6815798814929412
2026-02-24,ANET,09:44,2.483878672080242,2.483878672080242,2.255937723409307,2.255937723409307,1.5702237416945986,1.5702237416945986,-0.5496382077255705
2026-02-24,GOOGL,09:44,1.133425481746464,1.1005445826221205,1.1005445826221205,0.57896949898113,,,0.34279657344350084
2026-02-24,WPM,09:44,2.7612220571186175,2.7612220571186175,2.70923097010054,2.4417241828363023,2.4417241828363023,,0.8063955393612968
2026-02-24,HTFL,09:49,6.005586592178758,6.005586592178758,5.441074322759909,5.441074322759909,5.441074322759909,5.076142131979688,0.13553402846379825
2026-02-24,FTI,09:56,3.991095563682623,3.991095563682623,4.007633587786263,3.6121673003802313,3.6121673003802313,,1.3170631232738206
2026-02-24,IBIT,09:59,1.55577163494931,1.55577163494931,1.5416666666666634,0.8970466464256255,,,0.2153594257650271
2026-02-24,HPE,10:01,0.4216269841269993,0.4216269841269993,0.24758603614756236,0.24758603614756236,-0.1971900419028838,,0.14891150301583242
2026-02-24,BMNR,10:03,1.4878621769772948,1.4878621769772948,1.593937810295265,1.593937810295265,1.3027618551328723,,1.0763520153218946
2026-02-24,ADBE,10:08,1.0735224211693817,0.8537886872998834,0.8537886872998834,0.8537886872998834,-0.22290004692632204,,0.3611071797495831
2026-02-24,PANW,10:08,-2.2703727382659133,-2.2703727382659133,-2.2640177658490357,-2.2640177658490357,-2.2640177658490357,,-2.285575019019363
2026-02-24,PTEN,10:08,-2.203774148565174,-2.203774148565174,-2.1958847423053984,-2.1958847423053984,-2.181566584531025,-0.4778972520907865,-0.9697579385707774
2026-02-24,MSFT,10:09,0.8216053702407855,0.8216053702407855,0.7511007511007417,0.40005161956382373,,,0.5035065745667922
2026-02-24,CRCL,10:16,0.7136412107292323,0.7136412107292323,0.7053805774278166,0.6558452205279508,0.6558452205279508,,-0.7758717832584158
2026-02-24,FTNT,10:16,-0.27836691410391134,-0.27836691410391134,-0.4630854723471689,-1.1692065160273213,-1.1692065160273213,,-0.8334240707713084
2026-02-24,PLTR,10:17,0.3507131166705646,0.3507131166705646,0.2179327521793395,0.08550330353671587,,,-0.061716696115602744
2026-02-24,SNDK,11:18,-4.891406815827237,-4.891406815827237,-4.8827599926301595,-4.8827599926301595,-4.882236925172567,2.320774819953697,-2.5796283147990944
2026-02-24,DDS,11:19,1.07455749773131,1.07455749773131,0.8393691193393504,0.8393691193393504,0.8393691193393504,0.8940060954961027,-0.18967060390861676
2026-02-24,NUE,11:21,-0.8575067213810739,-0.8575067213810739,-0.9163932571557898,,,,-0.765180585663309
2026-02-24,NBIS,14:21,1.7550818046603966,1.7550818046603966,1.3430772269405589,1.3430772269405589,,,1.8632642132778487
2026-02-25,IOVA,09:41,-3.8643994031809847,-3.883135885135802,-3.883135885135802,-3.855098802932655,-3.855098802932655,-3.8643994031809847,-1.8867521800979208
2026-02-25,PARR,09:41,1.9177357492395242,1.9177357492395242,1.9177357492395242,1.9177357492395242,1.3147515119642295,0.8506739955503217,1.5857769980566945
2026-02-25,ANF,09:44,1.9293117193728282,1.9293117193728282,1.8697545947094607,1.4762685856394508,1.0538518284329168,,0.49438308242667856
2026-02-25,ILMN,09:59,0.4118616144975329,0.4118616144975329,-0.041000410004099486,-0.041000410004099486,-0.041000410004099486,,-1.0440671447624765
2026-02-25,ALAB,10:04,3.385794995964475,3.385794995964475,2.969760596009996,2.5211092880867536,2.5211092880867536,,3.1744466765349473
2026-02-25,BBY,10:05,0.9392712550607252,0.875070602839001,0.875070602839001,0.6458905215565913,,,-0.03687811432355378
2026-02-25,GH,10:19,-0.5786373351404972,-0.8834840453175286,-0.8834840453175286,-0.8834840453175286,-0.27190964233424486,,-0.8640203535334567
2026-02-25,CHRD,10:50,1.0826099678143075,1.0826099678143075,0.8563643441027669,0.8563643441027669,0.8563643441027669,,0.3590024464862118
2026-02-25,NOW,11:19,1.5047479912344786,1.5047479912344786,1.400952129838351,0.9883720930232487,0.43365134431916363,,1.1392995323109407
2026-02-25,HOOD,13:05,1.1480756686236049,1.1480756686236049,1.16127348643007,0.7144712912444673,-0.3214193880174854,,0.09031729616374069
2026-02-26,CRM,09:40,2.518762208286218,2.518762208286218,2.518762208286218,2.339901477832518,1.5522565895163432,,0.5851546812320733
2026-02-26,QBTS,09:40,-1.7146206829172894,-1.7146206829172894,-1.7146206829172894,-1.7146206829172894,-1.7146206829172894,-2.1876519202722378,-2.5519551111514756
2026-02-26,WPM,09:41,3.0357314225392784,3.0357314225392784,2.756332546417428,3.098393188656301,3.098393188656301,,1.6152544487789837
2026-02-26,GLW,09:43,-3.0697137945286945,-3.0697137945286945,-3.0621707781201324,-3.0621707781201324,-1.5521645163403042,-3.1029680346388644,0.021903324929935703
2026-02-26,ADBE,09:44,-1.8223219730059248,-1.8223219730059248,-1.8222524028000398,-0.6788631918076327,,,0.44530874251802466
2026-02-26,AMD,09:46,-0.8638520501277558,-2.5548505220476248,-2.5548505220476248,-2.5548505220476248,-2.5548505220476248,-2.5548505220476248,0.31602402462429513
2026-02-26,MU,09:46,-3.3152153799921202,-3.2800610596003588,-3.2800610596003588,-3.2800610596003588,-3.2800610596003588,-3.2800610596003588,0.015717060070696842
2026-02-26,TSLA,09:50,-1.757935786407494,-1.757935786407494,-1.7573813496710167,-1.7491424965298097,,,-0.20365634343041025
2026-02-26,TGTX,09:52,5.677154582763344,4.959239130434767,4.959239130434767,4.959239130434767,4.128053917438912,-1.77597052669638,2.9341290096561274
2026-02-26,RVMD,09:59,1.900344156815792,-1.660960426002811,-1.660960426002811,-1.660960426002811,-1.660960426002811,,1.8986498453645566
2026-02-26,ILMN,10:02,-1.876329888939332,-1.876329888939332,-1.865298175712693,-1.865298175712693,-1.865298175712693,6.68312894990164,3.523781977870973
2026-02-26,ALAB,10:04,1.2082387285111906,1.2082387285111906,1.1139466115769325,0.7669949943484689,0.8239760885370373,2.547038041245586,1.8337995112500598
2026-02-26,HALO,10:26,-1.7785262447395866,-1.7785262447395866,-1.7778880481539971,-1.7720380588682194,-1.7720380588682194,,0.22859997468670512
2026-02-26,FTI,10:31,3.92277992277994,3.84018888451656,3.84018888451656,3.308513088201437,3.308513088201437,,2.0893622686908606
2026-02-26,AMZN,11:14,-1.5151792502569816,-1.5151792502569816,-1.5139471025767848,,,,-0.3673970338629447
2026-02-26,LITE,11:19,-0.6685922906616959,-0.6685922906616959,-0.6685922906616959,-0.6685922906616959,-0.6685922906616959,-2.987126430197762,-2.1377223313947646
2026-02-26,GOOGL,11:22,0.659790438768848,0.659790438768848,0.6647346791754716,0.27890135699373264,,,0.2694739336917107
2026-02-26,COHR,11:23,-1.6632823016724196,-1.6632823016724196,-2.0646425073457486,-2.0646425073457486,-2.0646425073457486,-0.24939646056543197,0.08447672901232457
2026-02-26,WDC,11:24,2.268115942028981,2.268115942028981,1.8437669132238987,1.3464507558076821,,,2.612320573218674
2026-02-26,MU,11:26,0.5344489855142687,0.5344489855142687,0.4057578977876508,0.4057578977876508,-0.019672834509132375,,1.4075708173717134
2026-02-26,GH,12:27,2.8406708595387853,2.684598880108857,2.684598880108857,2.1872721591500888,2.1872721591500888,,-0.11020842845385441
2026-02-26,ORCL,13:34,1.9884628435697271,1.9884628435697271,1.8847457627118702,1.3829859002900902,1.1101392720177738,,1.2662132414918759
2026-02-26,ASML,13:36,0.4290079320171447,0.4290079320171447,0.29933557092951535,,,,0.41717952197288427
2026-02-26,LRCX,13:36,1.6449885233358774,1.6449885233358774,1.5845369583687319,1.321977882293135,0.25574375314438846,,1.7653417308322779
2026-02-26,TSM,14:45,0.4438580357975841,0.4438580357975841,0.3916773231031456,,,,0.4123516837750918
2026-02-26,SMTC,15:33,0.8467966573816321,0.8467966573816321,0.7345575959933237,0.1438371321088816,-0.5821616871704793,-0.5821616871704793,0.3067769646595793
2026-02-27,ORCL,09:40,1.0638297872340496,1.0638297872340496,0.7765374748665455,0.7765374748665455,0.7765374748665455,0.40757115225200646,1.121665366075586
2026-02-27,DK,09:41,4.5566840516058305,4.5566840516058305,4.5566840516058305,4.5566840516058305,4.5566840516058305,4.5566840516058305,0.16497348926204358
2026-02-27,SMTC,09:42,0.7427263081476676,0.7427263081476676,1.3426212010561267,1.473731578355264,1.473731578355264,,2.4810522413882894
2026-02-27,QBTS,09:44,-4.619214271908245,-4.619214271908245,-4.619214271908245,-4.619214271908245,1.92620727075421,,1.6855291121432652
2026-02-27,TSM,09:44,1.2159533073929918,1.1175898931000905,1.1175898931000905,0.04807692307693401,,,0.5816254815052065
2026-02-27,CHEF,09:45,-0.3141580564088309,-0.3141580564088309,-0.4219115031904974,-0.44968104019242894,-0.44968104019242894,,0.011786550351566838
2026-02-27,AMD,09:46,0.388627018353227,0.388627018353227,0.21776131357629236,-0.31315993763690875,,,-0.03724511216787185
2026-02-27,GH,09:46,0.09583643914385931,0.09583643914385931,-0.43427603008155957,-0.43427603008155957,-0.43427603008155957,-1.0526315789473717,-0.9060114201718114
2026-02-27,MSFT,09:46,0.41803131770252744,0.41803131770252744,0.21946053538164367,0.21946053538164367,,,-0.28904043850055033
2026-02-27,NVDA,09:48,-1.7693548585576924,-1.7693548585576924,-1.7706623727452464,-1.7645998464336454,,,-1.0920967232272611
2026-02-27,SNDK,09:48,-0.5774647887324069,-0.5774647887324069,-0.32242121861101314,-0.32242121861101314,-1.4855093869511782,,-1.8783082068830133
2026-02-27,TER,09:48,-3.108827266565606,-3.108827266565606,-3.0959423861667723,-3.0959423861667723,0.5988212180746411,0.4677591511270007,1.2482954455140731
2026-02-27,TSLA,09:48,-0.16129108289308913,-0.16129108289308913,-0.38740021040906125,-0.38740021040906125,,,-0.1903239017915855
2026-02-27,NOW,09:50,3.1660379160498575,3.1660379160498575,3.2005350148084366,3.2005350148084366,2.1658942589614982,,0.6557414418926507
2026-02-27,AMZN,09:51,1.976399747487001,1.8181818181818077,1.8181818181818077,1.734820922492597,1.3611352447147285,,0.5707687978227775
2026-02-27,CLMT,09:51,-2.295272859848674,-2.267330407641821,-2.267330407641821,-2.267330407641821,-2.267330407641821,-2.267330407641821,-2.299844742937936
2026-02-27,NFLX,09:53,4.429864989426879,4.429864989426879,4.509197460524184,5.499561787905338,4.469516164026888,,2.6423201162980137
2026-02-27,AAPL,09:59,-1.2651709325462224,-1.2651709325462224,-1.262345482982019,-1.262345482982019,,,-1.2747765157239448
2026-02-27,OKTA,10:01,0.47813734321946466,0.47813734321946466,0.47813734321946466,0.3043718871057033,0.3043718871057033,,-0.09606211898397869
2026-02-27,PANW,10:01,2.5976710535382086,2.5976710535382086,2.203308394536352,1.9513865114686668,,,1.0685048517465285
2026-02-27,WT,10:04,0.4697592483851931,0.4697592483851931,0.4697592483851931,0.17564402810306134,0.17564402810306134,,1.3957465377536356
2026-02-27,TXG,10:11,6.7561314206386,6.460544531610513,6.929316338354585,6.36237897648686,6.36237897648686,,5.117564376985459
2026-02-27,IBIT,10:15,-0.6808169803764419,-0.6808169803764419,-0.8925003330224945,-0.7073268383824938,,,0.03782549746992325
2026-02-27,ADBE,10:19,2.761132651862286,2.672666797104273,2.5242263207252202,2.017963373381537,,,1.3395203293741886
2026-02-27,HOOD,10:19,-0.7328883653971996,-0.7328883653971996,-1.0372496575119072,-1.0372496575119072,,,0.8465314279934096
2026-02-27,CRCL,10:20,0.21611237843677245,0.21611237843677245,0.4452466907340691,0.22814601344860463,0.22814601344860463,,-1.119866854063097
2026-02-27,DDS,10:20,0.11431152006096124,0.11431152006096124,-0.2068714418111961,-0.41946724357173615,-1.2236673983553437,,-0.17642539268310684
2026-02-27,BMNR,10:23,-2.9862174578866862,-2.9862174578866862,-3.974066055441472,-3.9670073235490433,,,-1.5385789802009775
2026-02-27,CRWD,10:24,1.230099333242629,1.230099333242629,1.1200217479951036,1.4786522984586048,,,1.7577350367269595
2026-02-27,NET,10:27,1.6765053128689589,1.6765053128689589,1.271479178609769,1.271479178609769,2.0076991412496303,,1.896734863000682
2026-02-27,NUE,10:31,1.6816626900853837,1.6816626900853837,1.503673094582192,0.6430319239743021,,,1.0437516568745586
2026-02-27,NTRA,10:38,-2.0602630024442403,-2.0602630024442403,-2.0546592011913667,-2.0546592011913667,-2.053745116524497,-2.0547608163843045,4.354875300008451
2026-02-27,ALAB,10:43,-2.4478396582881423,-2.4077574163858917,-2.4077574163858917,-2.43453600540241,-2.1746293245469506,-1.635813972750233,-0.666666139631289
2026-02-27,BBY,10:49,0.39705048213274363,0.39705048213274363,0.3401360544217802,0.11312217194570096,,,0.7653468131660457
2026-02-27,FLR,11:13,2.069100136638702,2.069100136638702,1.76121436216794,1.76121436216794,1.76121436216794,,1.4966361136503108
2026-02-27,DINO,11:14,4.382303839732882,4.382303839732882,4.251771571488128,3.959264262703943,3.304419661296998,,2.9493137428654372
2026-02-27,QCOM,11:54,0.10551491277435154,0.10551491277435154,-0.03090886100848289,-0.2243567271962399,,,-0.018620467263175122
2026-02-27,DE,12:53,0.9061556087907485,0.9061556087907485,0.8439426695491914,0.433811802232853,,,0.780562638854391
2026-03-02,BBY,09:40,1.5001648532805945,1.5001648532805945,1.3164390324173159,1.1499917857729525,1.1499917857729525,,-0.4606599694945812
2026-03-02,FCX,09:40,1.8504700790926698,1.691127169783213,1.691127169783213,1.691127169783213,0.5856813150859397,,1.1218861035315442
2026-03-02,IREN,09:40,4.510423246999351,4.6558704453441235,4.6558704453441235,4.6558704453441235,4.418076243372893,-0.7201152184349469,-0.06979858923270947
2026-03-02,ORCL,09:40,4.408985933235354,4.408985933235354,4.408985933235354,4.408985933235354,2.472697300638771,,0.5830079524914952
2026-03-02,DE,09:41,1.0851445790857284,0.6415268978503974,0.6415268978503974,0.6415268978503974,0.6415268978503974,,-0.0986749172620538
2026-03-02,AMD,09:43,3.088342157168067,3.088342157168067,3.088342157168067,3.088342157168067,3.088342157168067,,1.039430899959289
2026-03-02,QCOM,09:43,2.512902522352256,2.512902522352256,2.423560171399508,2.2416355529778498,0.13988496769152814,0.13988496769152814,0.9252722249994775
2026-03-02,HTFL,09:44,5.92250110083663,5.92250110083663,5.92250110083663,5.92250110083663,5.92250110083663,0.31276063386154185,1.0513237836362006
2026-03-02,CDW,09:45,3.5915726609157206,3.5915726609157206,3.5915726609157206,3.5915726609157206,2.9596891670974124,2.9596891670974124,2.2917580603176946
2026-03-02,ILMN,09:45,0.742761861452168,0.742761861452168,0.7007841206106091,0.8957036587217138,0.8957036587217138,,0.8302595516713603
2026-03-02,TER,09:45,3.6755019569160385,3.6755019569160385,3.3663272104311526,2.841045388548724,2.841045388548724,,1.6672479437258285
2026-03-02,WPM,09:45,-2.1646223119035635,-2.1593288661325705,-2.1617077093659676,-2.1495385243788134,1.9066363244971907,,2.103512897481541
2026-03-02,ALAB,09:46,6.063801740047459,6.063801740047459,5.456769627331903,5.456769627331903,5.456769627331903,5.757097791798094,2.8104239035652956
2026-03-02,ASML,09:48,-0.2738286994887651,-0.2738286994887651,-0.47526191824096564,-0.5108357316165879,-0.5108357316165879,,-0.183842733810217
2026-03-02,NTRA,09:48,0.2054108216432926,0.2054108216432926,-0.5914512922465143,-0.5914512922465143,-0.5914512922465143,,-0.7777567077489556
2026-03-02,IOVA,09:51,0.8037774889248395,0.8037774889248395,0.6622516556291425,0.5370796624070584,0.5370796624070584,-0.3931847968545288,-0.29231034214501905
2026-03-02,ADBE,09:55,0.5141635694891233,0.5141635694891233,0.19964677877601922,0.11508362743593015,0.11508362743593015,,-0.07607106442254115
2026-03-02,HPE,09:56,4.309938765897314,4.33451118963486,4.33451118963486,3.96713615023474,2.8564793311658176,,2.5487717064787585
2026-03-02,CRM,09:57,-0.16039737155275624,-0.16039737155275624,-0.469386702429464,-0.5719585716494002,0.11933793389717895,,0.18607744087401437
2026-03-02,TEAM,09:58,0.3809005577472435,0.3809005577472435,0.10853344186678715,-0.44522396114409224,-0.44522396114409224,,0.8120447122338318
2026-03-02,WT,09:59,2.63311878291399,2.63311878291399,2.393461762988913,1.6222479721900163,0.11415525114155667,-0.4540295119182858,0.3821103421107752
2026-03-02,PTEN,10:00,1.7321016166281789,1.7321016166281789,1.6264851770677158,1.0900745840505044,1.0900745840505044,,0.3227791469884463
2026-03-02,GOOGL,10:01,0.759993419970395,0.40323902566961056,0.40323902566961056,0.40323902566961056,,,0.08855374674983467
2026-03-02,HALO,10:01,0.917431192660545,0.917431192660545,0.4819103790548729,0.4819103790548729,0.4530092759042148,,0.36110122841302256
2026-03-02,QBTS,10:03,3.8113517959967202,3.8113517959967202,3.8113517959967202,3.8113517959967202,3.8113517959967202,3.3296943231440945,1.6684215962854483
2026-03-02,TXG,10:03,3.4875922199866016,3.4875922199866016,3.4875922199866016,2.502214348981413,2.502214348981413,2.502214348981413,2.654219683040885
2026-03-02,CHRD,10:04,2.401372212692987,2.401372212692987,2.097209720972115,2.097209720972115,1.2767857142857109,,-0.7906760326334342
2026-03-02,OKTA,10:05,1.2594113620807645,1.2594113620807645,0.8109028960817666,0.8109028960817666,0.6942553770759696,,0.23415641305417992
2026-03-02,ADM,10:06,1.4799154334038,1.4799154334038,1.2363636363636354,1.2363636363636354,,,1.0208689152324313
2026-03-02,CHEF,10:14,-1.8252306997818213,-1.8252306997818213,-1.8109483555145856,-1.8109483555145856,-1.8109483555145856,-1.8135763461625487,-0.49119305545304676
2026-03-02,DDS,10:16,3.0793753073440344,3.0793753073440344,3.0793753073440344,2.969374618876608,2.969374618876608,2.1828560267108665,1.763289652991329
2026-03-02,UNH,10:16,1.3575282675189815,1.3575282675189815,1.228804832841357,1.3923746003369208,0.9844373298635523,0.39829787234042513,1.200100569714957
2026-03-02,GH,10:17,0.6876978495797381,0.6876978495797381,0.4027430064221127,-0.3349540788762817,-0.3349540788762817,,-0.43381862099122576
2026-03-02,FLR,10:27,-1.1072261072261114,-1.1072261072261114,-1.2702414428391373,-1.5661252900232014,,,-0.1394826530427958
2026-03-02,SMTC,10:34,7.298863383106768,7.1317311971517805,7.1317311971517805,6.6925207756232785,6.174881464329052,,2.478084448669445
2026-03-02,TSM,11:05,0.3435959420368562,0.3435959420368562,0.22517634291914224,-0.09194904940909021,,,-0.7352750711118405
2026-03-02,AAOI,11:11,3.0513245865379846,3.0513245865379846,1.4650564244704123,1.4650564244704123,1.4650564244704123,1.4650564244704123,0.9327515408690812
2026-03-02,AMZN,11:35,0.715944272445812,0.715944272445812,0.6696806324492766,-0.5825613599465207,,,0.03250314823797599
2026-03-03,AAOI,09:40,-6.529392344664863,-6.529392344664863,-6.529392344664863,-6.529392344664863,-6.529392344664863,-6.529392344664863,-1.4090381782383379
2026-03-03,AMZN,09:40,2.5092069727473465,2.5092069727473465,2.210580430365483,2.210580430365483,2.210580430365483,,2.6592855575160743
2026-03-03,BBY,09:40,-1.846260172545533,-1.846260172545533,-1.846260172545533,-1.846260172545533,-1.846260172545533,-1.846260172545533,-1.0469550410057555
2026-03-03,MSFT,09:40,2.1477902299577467,2.1477902299577467,2.1503744181339712,1.9080308919287026,,,1.6015290415994994
2026-03-03,MU,09:40,-1.6379104941468992,-1.6302675541971956,-1.6302675541971956,-1.6302675541971956,-1.1309158119435558,,-1.1529782299417073
2026-03-03,NTRA,09:40,-2.2335829733943546,-2.2333015877492923,-2.2333015877492923,-2.2333015877492923,-2.2333015877492923,5.574255405956752,4.835507115383156
2026-03-03,TEAM,09:40,7.709220832760755,7.709220832760755,7.4729192376250975,6.364499932148182,6.364499932148182,,1.6306702065285394
2026-03-03,TSM,09:40,-2.00692030883588,-2.00692030883588,-2.007090382007759,0.8475543633354121,0.8475543633354121,,-0.3566646134182931
2026-03-03,CRCL,09:41,7.555431792155209,7.555431792155209,7.555431792155209,7.555431792155209,7.764913517710648,6.1687619859364995,-0.38066738226175306
2026-03-03,HTFL,09:41,1.1207443434129827,1.1207443434129827,1.1207443434129827,1.1207443434129827,1.1207443434129827,1.1207443434129827,2.199971222242114
2026-03-03,GH,09:44,3.857500695797378,3.857500695797378,3.857500695797378,3.857500695797378,3.857500695797378,3.6325261053099522,1.8048091559915862
2026-03-03,ANET,09:45,-0.13626162231484829,-2.3150412940217135,-2.3150412940217135,-2.3150412940217135,-2.3150412940217135,-2.3150412940217135,-0.041924880679973985
2026-03-03,NVDA,09:46,0.8994368012553045,0.8994368012553045,0.6881803652176499,0.6881803652176499,0.39029829941457095,,0.31487087240006745
2026-03-03,QBTS,09:46,0.38503850385038785,0.38503850385038785,0.38503850385038785,0.38503850385038785,0.38503850385038785,,1.503833833096054
2026-03-03,COHR,09:47,0.4579606440071382,0.5424954792043302,0.5424954792043302,0.5424954792043302,-0.411435057104359,-0.411435057104359,-2.5255391956479745
2026-03-03,HALO,09:51,0.9160971353788128,0.9160971353788128,0.7622504537205144,0.7622504537205144,0.7110724132927126,,0.7885642427941986
2026-03-03,HOOD,09:51,1.8885614787034433,1.8885614787034433,-3.353876861427074,-3.3516639388017966,2.141658274588787,,-1.0517967407653317
2026-03-03,TER,09:51,0.7350993377483572,0.16132749481447828,0.16132749481447828,0.16132749481447828,0.16132749481447828,-1.013551987245176,-0.06716667162899685
2026-03-03,CRWD,09:53,3.3017748358342702,3.3017748358342702,3.1711749677351353,3.1711749677351353,2.9244836827999388,,0.08202426123063988
2026-03-03,ZETA,09:53,6.017023774581731,6.017023774581731,5.706760316066717,5.552308591466981,5.552308591466981,5.552308591466981,1.1931802399536395
2026-03-03,CF,09:54,0.28312570781428015,0.28312570781428015,0.28312570781428015,0.25001179300909726,0.32099697885197287,,-1.8120798480695033
2026-03-03,SMTC,09:55,-0.8904034297021024,-1.5398056131920912,-1.5398056131920912,-1.5398056131920912,-1.5398056131920912,-1.5398056131920912,-1.3435131288238145
2026-03-03,DK,09:59,0.5398773006134894,0.5398773006134894,0.5398773006134894,0.5398773006134894,0.5398773006134894,0.1466634074798412,-0.3418695506174907
2026-03-03,CRM,10:00,2.5135612051499834,2.5135612051499834,2.130430253151361,2.130430253151361,,,1.6295356454130383
2026-03-03,CHRD,10:02,-1.7589484813429146,-1.7589484813429146,-1.7541561274211581,-1.7541561274211581,-1.7464813106228605,,-1.752271154605652
2026-03-03,PARR,10:02,-2.498317857902599,-2.498317857902599,-2.498317857902599,-2.494541519097737,-2.494541519097737,-0.6948968512486386,-1.7543017858462537
2026-03-03,ASML,10:06,0.9582001778595917,0.9582001778595917,0.9740861914194321,-1.647053530573095,-1.647053530573095,,-0.2970368375956693
2026-03-03,LITE,10:06,-1.4392316225603552,-1.4392316225603552,-2.5607565807936217,-2.5607565807936217,-2.5607565807936217,-2.5607565807936217,-1.9748065659237366
2026-03-03,TXG,10:09,4.069901126695785,4.069901126695785,3.380539058931009,3.380539058931009,3.380539058931009,3.380539058931009,1.1669219513339362
2026-03-03,OKTA,10:11,1.7674288118950665,1.7674288118950665,1.582189862783534,1.1784394393696385,2.5876696832579205,,-0.7309882736739456
2026-03-03,IBIT,10:14,2.303807509254363,2.303807509254363,2.060933790556585,2.060933790556585,-0.9566107769102716,,1.0165307427442076
2026-03-03,NTRA,10:23,5.957925986589552,5.957925986589552,5.957925986589552,5.957925986589552,5.800879075948062,3.6137944842084213,3.4434429841519196
2026-03-03,TGTX,10:31,0.9973753280839937,0.6978367062107527,0.6978367062107527,0.4524886877828038,-0.31088082901554737,,0.6691329118831894
2026-03-03,HNGE,10:36,1.92108593120901,1.92108593120901,1.5589179275561582,1.5589179275561582,1.7922794117646967,,0.528297136075954
2026-03-03,CDW,10:39,4.582637729549255,4.582637729549255,4.273646539885978,3.940600630496105,2.3109586803854443,,2.5112882408769264
2026-03-03,DDS,10:41,4.1211688267510205,4.1211688267510205,3.5890754027345206,3.5890754027345206,1.466883246038564,0.8866495635474481,2.1813870766189383
2026-03-03,FTI,10:46,1.2008225818297635,1.2008225818297635,1.0233694822055828,1.0233694822055828,0.3033060357901185,,0.7576347467188086
2026-03-03,IOVA,10:51,0.2677376171352108,0.5369127516778427,0.13368983957218195,0.13368983957218195,-0.6631299734747964,-1.9607843137254943,-0.44068316701669774
2026-03-03,DE,10:58,0.7482473120028699,0.7482473120028699,0.7097503272331052,0.3564658035873469,,,0.13085626078766696
2026-03-03,GLW,10:58,2.093932786488084,1.4164890325242485,1.4164890325242485,1.4164890325242485,1.4164890325242485,-0.5361297501432993,0.5287810422030378
2026-03-03,GOOGL,11:03,1.6016468343626133,1.6016468343626133,1.3980057122814138,1.3980057122814138,1.0217326188970643,,0.606911916902475
2026-03-03,TSM,11:04,1.8503040608698118,1.8503040608698118,1.7535272099049815,1.5255113766950101,,,0.6264965759919453
2026-03-03,ASML,11:05,1.5716417910447644,1.5716417910447644,1.378719600759748,0.7901421070949821,0.8229934442016251,,0.7722966123228462
2026-03-03,QBTS,11:05,2.470522178551393,1.671309192200554,1.671309192200554,1.671309192200554,1.671309192200554,,0.7326512030245036
2026-03-03,QCOM,11:06,0.9426379247351013,0.9426379247351013,0.8542016499963445,0.06519377037303986,-0.07233796296297612,,0.29943064856292984
2026-03-03,NFLX,11:08,1.416783434532154,1.416783434532154,1.0601437658374957,1.0601437658374957,,,0.06908068418513731
2026-03-03,IREN,11:15,0.7128045619491985,0.7128045619491985,0.43944681401058006,0.43944681401058006,0.43944681401058006,-0.6774028629856876,-1.4668615693611589
2026-03-04,ANF,09:41,-2.5691411247692697,-2.5691411247692697,-2.5566067352333466,-2.550790116735202,-2.550790116735202,-2.550790116735202,1.8144457470235038
2026-03-04,PTEN,09:47,1.7287005533216382,1.6599885518031154,1.6599885518031154,1.6599885518031154,1.6018306636155666,-1.4975041597337757,-0.0936645737566318
2026-03-04,CRM,09:48,-0.8372714197657616,-1.1723149380567177,-1.1723149380567177,-1.1723149380567177,-0.7633587786259444,,-1.1907789910264162
2026-03-04,CHRD,09:51,2.3689877961234673,2.3689877961234673,2.4057450628366173,1.993741618238709,1.993741618238709,,-0.6262965439809346
2026-03-04,CHEF,09:52,0.7903225806451752,0.7903225806451752,0.8879560865353575,0.8879560865353575,0.8879560865353575,0.337186897880537,0.7184881248180804
2026-03-04,CRWD,09:52,5.908465401692897,5.908465401692897,5.8702823449959585,5.462119643966035,5.462119643966035,4.401892599681134,2.60777748448641
2026-03-04,TEAM,09:53,1.81601272534464,1.81601272534464,1.5065415620457268,1.5065415620457268,1.5065415620457268,1.5065415620457268,-1.058019756475248
2026-03-04,BE,09:55,6.933523945675502,6.933523945675502,6.933523945675502,6.933523945675502,6.394327532377009,2.4147373661936644,1.406027856691372
2026-03-04,NTRA,10:05,0.04433715946599026,0.04433715946599026,-0.5679592636114394,-0.5679592636114394,-0.5679592636114394,,-0.037274065362339716
2026-03-04,NUE,10:08,-0.28050888278129404,-0.28050888278129404,-0.5819209039548023,-0.769729607804448,,,-0.537390143566859
2026-03-04,GLW,10:15,-2.990011084116273,-2.990011084116273,-2.9849915919659353,-2.973411022579042,-2.973411022579042,-2.9370660579819408,-0.324258262702178
2026-03-04,COHR,10:19,0.8110984695562706,0.8110984695562706,0.5859088911674304,0.5859088911674304,0.5859088911674304,-4.491981603344241,2.320854490172245
2026-03-04,AAOI,10:21,5.39055068174612,5.39055068174612,4.858555053107572,4.858555053107572,4.858555053107572,3.240836612135012,5.088891459094783
2026-03-04,AXTI,10:24,-0.8362899138367963,-2.1505376344086002,-2.1505376344086002,-2.1505376344086002,-2.1505376344086002,-2.1505376344086002,-0.2027193509855881
2026-03-04,FTI,10:52,-1.7827362837730343,-1.7827362837730343,-1.7834094717058768,-1.778172049311566,,,-1.3572771270861317
2026-03-04,ANF,10:53,4.120176345724724,4.120176345724724,3.8206881580375773,3.41658557681912,3.41658557681912,3.41658557681912,0.5837650333300082
2026-03-04,CF,10:55,-1.8853025739242635,-1.8853025739242635,-1.8841409029857425,-1.9060032974296703,2.3560465343630765,0.5676742644728172,-1.8900879760599139
2026-03-04,CDW,11:00,2.120170268500332,1.5920843682560415,1.5920843682560415,1.5920843682560415,,,1.4460648121817243
2026-03-05,AXTI,09:41,-0.3342761635381941,-0.3342761635381941,-0.3342761635381941,-0.3342761635381941,-0.3342761635381941,-0.3342761635381941,0.2455303237948884
2026-03-05,HALO,09:41,-1.6201215039404193,-1.6202389125572703,-1.6202389125572703,-1.6202389125572703,-0.10382675763869198,,-1.1435395173334733
2026-03-05,LITE,09:41,-4.831655157060033,-4.831655157060033,-4.831655157060033,-4.831655157060033,-4.831655157060033,-4.753699604736394,-0.38019394022633285
2026-03-05,COHR,09:42,-1.8260600433302465,-1.8260600433302465,-1.8260600433302465,-1.8260600433302465,-4.677602576497264,-4.677602576497264,-1.4491859198619765
2026-03-05,NTRA,09:42,-2.330483106357284,-2.3233187889934337,-2.3233187889934337,-2.3207871885299602,-2.3207871885299602,,0.7782554909567511
2026-03-05,AMD,09:47,-2.3658624139515916,-2.3658624139515916,-2.3500270333410733,-2.3500270333410733,-2.3321321261317363,,0.03530682910720673
2026-03-05,TIGO,09:48,0.0281571167112471,0.0281571167112471,-0.23169276135646122,-0.23169276135646122,-0.23169276135646122,-0.9894091415830641,-0.12402876953706936
2026-03-05,TXG,09:49,-3.631390180225935,-3.631390180225935,-3.631390180225935,-3.631390180225935,-3.631390180225935,-3.537570772281018,-1.4665258034486708
2026-03-05,FTI,09:50,0.1320593490250932,0.1320593490250932,-1.8127447304932098,-1.8127447304932098,-1.8022793425487071,0.2722676001555735,-0.23960819099041833
2026-03-05,IREN,09:51,-5.423043349082346,-5.423043349082346,-5.423043349082346,-5.423043349082346,-5.423043349082346,,0.440035228171524
2026-03-05,UNH,09:52,-0.13148788927335175,-0.13148788927335175,-0.34872078168697307,-0.34872078168697307,-0.7086830879317496,,-0.279476251530586
2026-03-05,GOOGL,09:57,0.19319165944973182,0.19319165944973182,0.09983361064891394,-0.0664451827242507,,,0.5930550006608618
2026-03-05,QBTS,09:59,-4.371402522914569,-4.371402522914569,-4.371402522914569,-4.371402522914569,-4.371402522914569,1.3720742534301777,7.065916212786694
2026-03-05,FLR,10:06,-2.3047134541497205,-2.3047134541497205,-2.301853644263885,-2.313384993792811,-2.3138782528533186,,-0.5132236453058048
2026-03-05,QCOM,10:10,-1.3593276700542,-1.3581052530847182,-1.3581052530847182,-1.3555696551685759,,,-0.9278593942813754
2026-03-05,GH,10:17,-3.271467702014097,-3.2922565245221302,-3.2922565245221302,-3.2769856741026726,-3.2769856741026726,,0.47860443836549305
2026-03-05,SMTC,10:39,0.2302025782688899,0.2302025782688899,-0.011482374555060737,-3.0849688511966233,-3.0723828495371586,,-0.2988206700525316
2026-03-05,TSLA,10:41,0.11020977639490948,0.11020977639490948,-0.05391745969134387,-1.6807191032037094,,,0.3916700936413979
2026-03-05,HTFL,13:43,1.4078759436849664,1.4078759436849664,1.2219959266802416,1.0162601626016343,0.8522727272727293,,1.0653642327082657
2026-03-06,CRCL,09:40,-4.3054749415573745,-4.295438391979056,-4.295438391979056,-4.295438391979056,-4.285245135234916,-1.5166151468315237,-0.8396381169938905
2026-03-06,GH,09:40,1.203416149068337,1.0185441461389555,1.0185441461389555,0.4568975008257148,0.4568975008257148,,-0.6022686183082845
2026-03-06,NVDA,09:40,-1.6906764934484397,-1.6906764934484397,-1.690488816976632,-1.6845329028615352,,,-1.6916638155356267
2026-03-06,ZETA,09:40,1.589867960118574,1.589867960118574,1.4258810868980287,1.4258810868980287,1.4258810868980287,,0.9737701021503472
2026-03-06,GOOGL,09:41,0.684769775678884,0.684769775678884,0.353024240997879,0.353024240997879,,,-0.4500208048246246
2026-03-06,WDC,09:41,-1.9103438618951474,-1.9103438618951474,-1.9103438618951474,-1.9103438618951474,-1.9103438618951474,-3.4794571900625404,-3.218726845586861
2026-03-06,DELL,09:42,2.0772340722152505,2.0772340722152505,2.0772340722152505,2.0772340722152505,1.3145150131451455,,-1.1360562223218091
2026-03-06,ALAB,09:43,1.6017721734685075,1.6017721734685075,1.1879507848960635,0.9716136406934694,0.9716136406934694,0.10913364674278725,-3.7537063489101943
2026-03-06,GLW,09:43,-3.037335926919482,-3.037335926919482,-3.025904078987185,-3.025904078987185,-3.025904078987185,-2.9721625094770054,-2.434423187960514
2026-03-06,HOOD,09:43,-0.22009321595028997,-0.22009321595028997,-0.6189555125725388,-0.6189555125725388,-0.8363355635615077,,-1.1097441404885926
2026-03-06,AMD,09:51,-2.229930089287724,-2.229930089287724,-2.2256644594231267,-2.2176587726398522,-0.08825667116603153,,-2.2099700572851932
2026-03-06,QCOM,09:51,1.3027735264474316,1.3027735264474316,1.3134384970159951,0.31219574222081103,-0.5132341080724356,,-0.5087265135949518
2026-03-06,AXTI,09:53,-7.730507316781132,-7.730507316781132,-7.730507316781132,-7.730507316781132,-7.730507316781132,-7.620500097525518,-7.112046149369573
2026-03-06,HALO,09:53,0.6932611074240702,0.6932611074240702,0.6932611074240702,-0.08157816671612306,-0.6415929203539839,,0.570651086452408
2026-03-06,NTRA,09:54,1.4309484193011812,1.4309484193011812,0.9888877561423204,0.9888877561423204,1.3816395455941155,,1.445009641911854
2026-03-06,LRCX,09:59,-2.176230430769366,-2.176230430769366,-2.167956387694525,-2.167956387694525,-2.1430486109281888,-2.1421314281093062,-2.1651567561711533
2026-03-06,AAPL,10:00,0.8224328346518428,0.8224328346518428,0.7652112648492082,0.4502390102311571,,,0.2843226055518677
2026-03-06,CDW,10:00,1.4801414357371812,1.4801414357371812,1.1474469305794432,1.1474469305794432,0.7346339074361108,,0.023118531599249554
2026-03-06,TEAM,10:00,3.6695962439917684,3.6695962439917684,3.374953640746692,3.374953640746692,2.9359266326091094,,2.0986957046599697
2026-03-06,TSLA,10:00,0.37740242843655736,0.37740242843655736,0.12877161974498286,0.12877161974498286,,,-0.3003775382702319
2026-03-06,TGTX,10:07,2.3776223776223793,2.3776223776223793,2.198952879581162,2.5030631892175803,2.5569176882662026,,2.0451414387384403
2026-03-06,BMNR,10:10,-1.6785946649316763,-1.6785946649316763,-2.0482240082966063,-2.452878905241407,-2.670005461609015,,-1.3074736161519884
2026-03-06,IREN,10:10,-5.107728557552138,-5.107728557552138,-5.079667700522017,-5.079667700522017,-5.053197647685037,-5.053197647685037,-4.696500024597728
2026-03-06,FLR,10:11,0.827740492170026,0.827740492170026,0.43454038997214894,0.43454038997214894,0.7488543645914891,,0.18708706635155817
2026-03-06,MU,10:11,-2.7907678127853885,-2.7907678127853885,-2.7688991412046393,-2.7688991412046393,-2.7688991412046393,-0.31889878321100795,-2.7545879223743817
2026-03-06,PARR,10:11,-1.412429378531077,-1.3726281792490913,-1.3726281792490913,-1.3726281792490913,-2.6054339857694564,,-0.6427152953590568
2026-03-06,TIGO,10:11,-0.8936869950668447,-0.8936869950668447,-1.2537398489813278,-1.2537398489813278,-1.2537398489813278,,-0.8122192280906751
2026-03-06,NUE,10:13,0.5691638357470774,0.5691638357470774,0.39564493098525055,-1.3802043968837774,-1.3802043968837774,,0.5601840704304065
2026-03-06,CHRD,10:14,1.2300379435433495,1.2300379435433495,0.8515764549495319,0.8515764549495319,0.25602907168813527,,0.06747806934063183
2026-03-06,WPM,10:14,0.4652117397550892,0.4652117397550892,0.3416467372736598,-0.4676023231681703,-1.3038510652597646,,-0.8799798749714038
2026-03-06,DDS,10:15,-2.3114241622615883,-2.3114241622615883,-2.2950046294503146,-2.2950046294503146,-2.2950046294503146,-2.2950046294503146,0.6003780383860476
2026-03-06,HTFL,10:15,-2.628232301822808,-2.628232301822808,-4.457920826538587,-4.457920826538587,-4.457920826538587,-4.457920826538587,-0.31840575984778036
2026-03-06,DK,10:16,-3.2263021246399903,-3.2263021246399903,-3.2244648227466866,-3.2244648227466866,-3.2244648227466866,,-1.366446499823959
2026-03-06,CHEF,10:23,0.6158029430582079,0.6158029430582079,0.6158029430582079,0.5032752835916199,0.5032752835916199,,0.40194775960136947
2026-03-06,CNH,10:37,1.0898465503316856,1.0898465503316856,0.9515178975985528,0.3603603603603789,,,0.6483201686915038
2026-03-06,HNGE,10:42,2.442815900510764,2.442815900510764,2.147918511957503,2.147918511957503,1.8547140649149974,,2.7458507659067135
2026-03-06,PTEN,10:42,1.8140589569161092,1.6987542468856143,1.6987542468856143,1.6987542468856143,1.6987542468856143,,1.0416315419615445
2026-03-06,DINO,10:50,0.5452757665147079,0.5452757665147079,0.9060733829729939,1.0601976639712518,1.342463284980644,,1.7305689108598237
2026-03-06,OSCR,11:36,-1.7057569296375252,-1.7057569296375252,-1.7057569296375252,-1.7057569296375252,-1.9496632399858216,,-1.607738255303855
2026-03-06,IOVA,13:37,4.063228290606946,3.9473684210526105,3.9473684210526105,3.9473684210526105,3.114520371895013,3.114520371895013,3.8484831769989736
2026-03-06,NFLX,13:52,0.5431747804456988,0.5431747804456988,0.44119884375475316,-0.4123089300080429,,,0.7665511416680593
2026-03-09,NBIS,09:40,7.777967160956756,7.777967160956756,7.290311633957347,6.945540647198101,4.311008468052324,5.576580587711466,1.809421236276106
2026-03-09,TXG,09:40,1.5294974508375914,1.5294974508375914,1.40590976765389,1.40590976765389,0.1916626736943039,0.23969319271333056,0.5945156689689757
2026-03-09,INTC,09:43,6.492293320878106,6.492293320878106,6.492293320878106,6.492293320878106,6.492293320878106,,4.09257903435641
2026-03-09,ASML,09:44,6.004887608429188,5.6880191183453555,5.6880191183453555,5.6880191183453555,3.1686930091185506,,4.30460681724026
2026-03-09,CF,09:44,-2.0896351211610042,-2.0875681330401186,-2.0875681330401186,-2.0875681330401186,-2.0743647106602037,-2.029610922464764,-2.060253042803769
2026-03-09,AMD,09:46,6.565045992115648,6.565045992115648,6.230023578726751,6.230023578726751,5.114711600777722,,2.8573566118603217
2026-03-09,WDC,09:46,7.286504198238775,7.286504198238775,7.286504198238775,6.872845223280777,5.742486325010598,6.27662595853451,2.7769428304191153
2026-03-09,AAPL,09:47,1.9516309358021289,1.9516309358021289,1.8820882123494087,1.638639030113409,0.4677593938456681,,1.1870007148689095
2026-03-09,ALAB,09:47,7.100332691297506,7.100332691297506,7.100332691297506,7.100332691297506,7.100332691297506,4.341521664960757,5.965903991048993
2026-03-09,CLMT,09:47,-2.4924648163887175,-2.4924648163887175,-2.4924648163887175,-2.4924648163887175,-2.481319312903707,,-2.0332185232830384
2026-03-09,LRCX,09:47,7.1747513700020304,7.1747513700020304,7.1747513700020304,7.1747513700020304,8.195881569511322,,4.143838428087439
2026-03-09,QBTS,09:48,5.951056729699666,5.56940980881131,5.56940980881131,5.56940980881131,5.56940980881131,6.5436241610738355,6.445014645359804
2026-03-09,ADBE,09:52,0.6772169945822526,0.6772169945822526,0.7418503459590609,0.5034780906971958,1.3127690100430245,,0.6121691015100369
2026-03-09,IREN,09:54,6.202185792349724,5.481682496607854,5.481682496607854,5.481682496607854,5.310214034137095,,3.758959128142903
2026-03-09,GOOGL,09:55,3.8194326769918963,3.8194326769918963,3.608753001657239,3.608753001657239,0.7299750098645141,,2.0526952106849627
2026-03-09,HOOD,09:57,3.3732742901797286,3.3732742901797286,3.211963589076716,3.211963589076716,2.837522674267934,,2.5598024713721226
2026-03-09,HPE,09:57,5.665859564164655,5.436095675283892,5.436095675283892,5.130787131837478,4.60210930009588,2.9245283018867863,3.7295480519521877
2026-03-09,TSM,09:57,4.387745237273588,4.387745237273588,4.094911207282492,4.13842524857424,4.051433515319669,,2.822156886039366
2026-03-09,GLW,09:59,4.671532846715332,3.8963129930768003,3.8963129930768003,3.4797947402180895,3.4797947402180895,2.534360848494477,3.168875337589864
2026-03-09,DK,10:04,-3.204226760192852,-3.204226760192852,-3.206946487041573,-3.206946487041573,-3.1735600351620152,,-1.6336163748021086
2026-03-09,MRVL,10:04,8.570089625680977,8.570089625680977,8.366953166111202,8.366953166111202,7.2985474692154995,0.09721322099804919,5.675890669469623
2026-03-09,MU,10:07,6.889955594994945,6.889955594994945,6.889955594994945,7.224303183871328,6.0327922431637315,6.0327922431637315,2.635110939907137
2026-03-09,NVDA,10:07,3.0176546900558376,3.0176546900558376,3.0176546900558376,2.9652109056078846,1.289410198818719,,1.577392190113695
2026-03-09,PARR,10:07,-2.6874294497570617,-2.6813090100164194,-2.6813090100164194,-2.6813090100164194,-2.668051610708544,,-1.1397284562842651
2026-03-09,QCOM,10:10,3.3803660316628514,3.3803660316628514,3.310767849796159,3.075602656914689,0.8845872899926777,,1.5684779105916629
2026-03-09,ANF,10:15,4.758436513716924,4.758436513716924,4.758436513716924,4.5237085932295695,3.303806559731859,,2.5083511240687453
2026-03-09,SMTC,10:28,7.23012973926187,7.23012973926187,7.23012973926187,7.23012973926187,7.209873433662861,6.866683404468987,5.8419841729442075
2026-03-09,DDS,10:32,3.7567776917118545,3.475337306986659,3.475337306986659,2.2661021654636126,0.491048593350385,,3.0040000350509612
2026-03-09,UNH,10:32,1.9710953709665802,1.9710953709665802,1.9601530922488175,1.3709347605754152,,,-0.4460628990666793
2026-03-09,FCX,10:36,7.28224232747916,7.28224232747916,7.0353982300884965,6.780259556811163,5.173913043478273,,5.2543109548775755
2026-03-09,NUE,10:41,3.0148310235837528,2.684035140866392,2.684035140866392,2.188724751281268,0.6413301662707704,,1.7103990013089303
2026-03-09,TSLA,10:46,3.499817348681744,3.499817348681744,3.3897865497834356,2.9253053109911997,0.6666666666666599,,2.346615611466385
2026-03-09,DELL,10:49,2.5971298564928302,2.5971298564928302,2.367814486275077,2.367814486275077,1.3518886954886122,,2.711937796533078
2026-03-09,FLR,10:57,4.586946599726138,4.586946599726138,4.563084645220172,4.2064574806730315,0.35033939128530367,,4.525099766097725
2026-03-09,GH,12:15,2.2543741588156196,2.2543741588156196,2.0969232061367915,2.019806411906244,1.2662445851382875,1.2662445851382875,2.2710193316895833
2026-03-10,HPE,09:40,-1.9233231260630368,-1.9233231260630368,-1.9233231260630368,-1.9153314787248243,-1.9087223293848488,-1.9140059898122175,-1.9085256839822726
2026-03-10,CF,09:42,0.9541284403669748,0.9541284403669748,0.9541284403669748,0.9541284403669748,-2.289662599706044,1.613685158251954,-1.204214785230003
2026-03-10,CHRD,09:44,-1.8427258294195004,-1.8427258294195004,-1.8386982625524406,-1.8386982625524406,-1.8386982625524406,,-1.4016732985374905
2026-03-10,IOVA,09:58,-0.3274544723387174,-0.3274544723387174,-1.1208206686930122,-1.1208206686930122,-1.1208206686930122,-1.1208206686930122,0.6447916426044328
2026-03-10,QBTS,09:58,-1.623886851754841,-1.623886851754841,-1.974089423849834,-1.974089423849834,-2.5933609958506243,-1.5723270440251458,-2.566745874559336
2026-03-10,TEAM,10:04,0.2827763496143998,0.012818869375719188,0.012818869375719188,0.012818869375719188,-0.5639636769157352,,-1.3725963220599342
2026-03-10,QCOM,10:05,1.566314840551386,1.566314840551386,1.5319915890657843,0.6476587508374765,-0.35377358490567,,-0.18970851970169975
2026-03-10,WPM,10:14,0.1759336099584896,0.1759336099584896,-0.40921391327305434,-0.40921391327305434,,,-0.6212282438003905
2026-03-10,CRWD,10:38,0.4200976483003549,0.4200976483003549,0.20215014242397356,0.06652749420750226,,,0.37715911565886495
2026-03-10,ORCL,10:58,0.011774749050674771,0.011774749050674771,-0.09690246265912084,-0.4196642685851293,-1.2615587846763532,,-0.6889747159802062
2026-03-10,NFLX,11:01,-0.3443844769982052,-0.3443844769982052,-0.42627497303683315,,,,-0.11638401628300359
2026-03-10,ADBE,11:04,0.998714888929686,0.998714888929686,0.89868681681462,0.2990338373869861,,,-0.10007728286523705
2026-03-10,HTFL,11:57,0.1771479185119773,0.1771479185119773,-0.13245033112582183,-0.13245033112582183,-0.13245033112582183,0.22153300841825097,-0.2273482372494695
2026-03-10,UNH,12:09,-0.17707098641159824,-0.18910273403673905,-0.18910273403673905,-0.6735960885699832,,,-0.11454204989712242
2026-03-10,HOOD,12:10,-0.7383940908246345,-0.7383940908246345,-0.7708833565019613,-1.2202792804126283,-1.3567839195979925,,-1.301305015255368
2026-03-10,NOW,13:41,-0.36231884057971175,-0.36231884057971175,-0.5967604433077645,-0.7575112775555337,,,0.022280434407828675
2026-03-10,DK,14:16,-1.263362487852271,-1.263362487852271,-1.5503875968992276,-1.6218833212297334,,,-1.3308362591706795
2026-03-10,ILMN,14:24,-0.26501406613120837,-0.26501406613120837,-0.3665689149560114,-0.5933029908972709,,,0.5404279122274555
2026-03-10,CDW,14:31,-0.7775919732441405,-0.7775919732441405,-0.8149107777174147,-1.149521032902956,,,-0.5115188103923122
2026-03-10,FTNT,15:03,0.6515631538047684,0.6515631538047684,0.6214891836978653,,,,-0.1004136391879203
2026-03-11,FCX,09:48,1.501402408843422,1.501402408843422,1.3843111404087116,1.791780214470906,1.367605865875765,-2.2169480608353664,0.2572997035542886
2026-03-11,DE,09:50,1.1369245170623987,1.1369245170623987,0.8759570169928788,0.07410027113963213,0.07410027113963213,,-0.3577211550888563
2026-03-11,ANF,10:00,1.388001626110702,1.388001626110702,1.5118036981044414,1.2057971014492797,0.40257648953301306,0.40257648953301306,0.28019559289248114
2026-03-11,CNH,10:06,0.31978072179077444,0.31978072179077444,0.0,0.0,-0.5425773784182741,,0.18307906403352373
2026-03-11,GH,10:12,-0.8340847610459834,-0.8340847610459834,-0.8396731473654495,-0.8843575733678777,-1.6873393675270854,,-1.0196120432424127
2026-03-11,IOVA,10:12,-4.849111509534298,-4.797224129568467,-4.797224129568467,-4.797224129568467,-4.797224129568467,-4.797224129568467,-4.672891152471951
2026-03-11,HALO,10:21,-1.0125074449076732,-1.0125074449076732,-1.174371933997309,-1.174371933997309,,,-0.6739903309095167
2026-03-11,FLR,10:24,-0.4907428061565855,-0.47964305633018123,-0.40187541862022336,-0.4463289444320506,-1.1631771352608844,,-0.08829170334756127
2026-03-11,NTRA,10:28,-0.24114735372509077,-0.24114735372509077,-0.06992562456296092,-0.7776206826903609,-0.7776206826903609,,-0.9267229668229163
2026-03-12,GLW,09:40,-0.1693089118054436,-0.1693089118054436,-0.4069097888675599,-0.4069097888675599,-0.4069097888675599,,0.13286457191186893
2026-03-12,MRVL,09:40,-2.4311375075989905,-2.4311375075989905,-2.426676208719447,-2.426676208719447,-1.5264191384291914,,-1.3460622100305333
2026-03-12,QBTS,09:40,-3.8317730162074515,-3.8317730162074515,-3.826614463412348,-3.81941577992837,-3.7969666356167386,-2.35305064614475,-2.013054520356631
2026-03-12,CNH,09:41,-0.278035217794248,-0.278035217794248,-0.3242241778601218,-0.5545286506469571,-0.5545286506469571,,-0.12367152252724667
2026-03-12,NTRA,09:41,-2.1529253932862202,-2.1529253932862202,-2.1535374466117863,-2.1535374466117863,-2.1535374466117863,,-0.8201519758036624
2026-03-12,GH,09:46,-2.9017359797849807,-2.9017359797849807,-2.8997169126530387,-2.8997169126530387,-2.8997169126530387,,-1.8461708683403983
2026-03-12,HALO,09:46,-1.6704104756010696,-1.6704104756010696,-1.6705386237004682,-1.6663200918224375,,,-1.2093343244435746
2026-03-12,WT,09:49,-2.0730130426960036,-2.0730130426960036,-2.0722056898298313,-1.433224755700313,-1.6894087069525665,,-1.5505691898062022
2026-03-12,ILMN,09:56,-1.7743309276408326,-1.7743309276408326,-1.7709640757857303,-1.7626025834543535,-1.787480686368459,,-1.7966665388158054
2026-03-12,HOOD,10:00,-0.6461297480746753,-0.6461297480746753,-0.7238815703665136,-1.437358368404018,-1.437358368404018,-0.5424009638038019,0.4318920718534273
2026-03-12,HTFL,10:00,-4.2538619030018765,-4.2538619030018765,-4.228366188507171,-4.220582725665922,-4.220582725665922,-4.149921385914956,-3.712479632019972
2026-03-12,CHEF,10:09,0.11738007668831152,0.11738007668831152,0.11738007668831152,0.11738007668831152,0.10954616588418897,,0.7270506808123134
2026-03-12,BMNR,10:11,-1.2013455069677992,-1.2013455069677992,-3.186531544201643,-3.164524062710372,-3.164524062710372,-1.0348977135980708,0.19021391758014353
2026-03-12,LRCX,10:15,-0.8468562236835897,-0.8468562236835897,-0.9873860254169142,-1.020119013884957,-0.0691381571104932,,-0.8602516995266559
2026-03-12,NBIS,10:20,0.21327893175073775,-0.16628175519630695,-0.16628175519630695,-0.16628175519630695,-0.6252873563218464,,-0.16328139248478943
2026-03-12,PTEN,10:27,-0.05065856129684576,-0.05065856129684576,-0.05065856129684576,-0.05065856129684576,0.2540650406504197,,0.41268504613092283
2026-03-12,BBY,12:21,-1.9091875877467412,-1.9091875877467412,-1.9070941803040364,-1.4022372774539216,-1.4022372774539216,,-1.6343039903240524
2026-03-12,TSLA,12:21,-1.0446676854473091,-1.0446676854473091,-1.0521042084168264,-1.099176243771749,,,-1.0035226671876323
2026-03-13,ADBE,09:40,-0.5822764616734477,-1.094240191653717,-1.094240191653717,-1.094240191653717,-1.094240191653717,-1.6646942800788933,-1.7879934321774111
2026-03-13,FCX,09:44,-2.26927102121538,-2.26927102121538,-2.267720443134602,-2.263853252747272,-1.1054570977364508,,0.18109130076076804
2026-03-13,DK,09:47,-0.227245544791288,-0.227245544791288,-0.19143335726249378,-0.19143335726249378,-0.19143335726249378,-0.19143335726249378,-1.0106614872059476
2026-03-13,AAOI,10:00,-2.5491183879093215,-2.5491183879093215,-2.5491183879093215,-2.5491183879093215,-2.5491183879093215,-2.5491183879093215,-0.42577430928664173
2026-03-13,AMZN,10:00,-1.3029040553993454,-1.3029040553993454,-1.3038383940153553,-1.2976964069099317,,,-0.46945162392538764
2026-03-13,DINO,10:10,-1.5980928836305863,-1.5980928836305863,-1.2580845220164782,-1.2493354598617779,-1.2493354598617779,,-0.8441348914612309
2026-03-13,GOOGL,10:21,-1.192738950947514,-1.192738950947514,-1.1907535830667615,,,,-0.8785477298168106
2026-03-13,MSFT,10:30,-1.0169600983483962,-1.0169600983483962,-1.01458189531215,-0.1917352035925135,,,-0.7620333424979623
2026-03-13,CF,10:50,1.71527259881461,1.71527259881461,1.179134780571589,1.179134780571589,1.179134780571589,0.4963933917629726,0.9104025679569842
2026-03-13,CNH,11:10,0.5660377358490676,0.5660377358490676,0.37664783427495685,0.1409112259276757,,,0.7941698159176039
2026-03-13,ADM,11:26,-1.5251467325815615,-1.5251467325815615,-1.5236834613194916,-1.5212856016129983,,,-1.522040624456511
2026-03-13,NUE,11:47,-0.39609993906155605,-0.39609993906155605,-0.44160194913964723,-1.453517521016734,,,-0.4997745328841933
2026-03-13,DE,11:51,-0.11410788381742698,-0.11410788381742698,-0.31403133411552764,0.1351913477537492,,,0.126590712566473
2026-03-13,CHRD,12:32,0.981675392670156,0.981675392670156,0.9321340964840497,-0.395304119506279,,,0.438825996848576
2026-03-13,DDS,13:26,0.6465861201813583,0.6465861201813583,0.6465861201813583,0.18978917085319402,,,0.9524944134559584
2026-03-13,HALO,15:36,-0.1176747469992967,-0.1176747469992967,-0.21943573667712046,-0.3124045756700222,,,0.1673914586451275
2026-03-16,DK,09:40,-0.363196125907983,-0.363196125907983,-0.8433734939759074,-1.3898873711957749,-1.3898873711957749,,-0.6971790980185929
2026-03-16,CHEF,10:02,-0.4971259903681968,-0.40429171201991077,-0.40429171201991077,-0.759219088937102,-1.2183837137569542,,-0.44515451427922237
2026-03-16,ADM,10:15,-1.552474811653226,-1.552474811653226,-1.549441788018957,-1.549441788018957,-0.6878158338012308,,-1.5464592035985305
2026-03-16,NET,10:29,-0.6606347838575277,-0.6606347838575277,-1.0254698082609925,-1.0254698082609925,-1.0254698082609925,,-0.7291425696755042
2026-03-16,ADBE,10:33,2.3089576183416893,2.3089576183416893,2.2196972771172385,1.6586625771823016,0.782172077857135,,-0.8418752385939107
2026-03-16,QCOM,10:36,-0.37730037730038246,-0.37730037730038246,-0.40797475175121667,-0.7365352155900062,,,-0.3759677105685699
2026-03-16,UNH,10:48,0.3832764865150162,0.3832764865150162,0.193029866984884,,,,-0.06281133539913775
2026-03-16,AXTI,10:51,-0.21651716671821086,-0.21651716671821086,-0.4730563554092848,-0.7761157304407629,-1.4460285132382955,-1.4460285132382955,-1.713895498473635
2026-03-16,NFLX,10:51,-0.11542497376705319,-0.11542497376705319,-0.22012578616352751,-0.2096655833944916,-0.021006196828055046,,0.0193991017487997
2026-03-16,BBY,10:56,0.6562099871959104,0.6562099871959104,0.5114272015342758,-0.3722772277227726,,,-0.5218619060475346
2026-03-16,PTEN,11:26,-1.5549076773566428,-1.5549076773566428,-2.3692433449454486,-2.362359344911713,0.34670629024269317,,-1.1976790720929498
2026-03-16,ILMN,13:20,-0.255027384087958,-0.255027384087958,-0.27587359973249015,-0.7322959141216612,-0.7322959141216612,,0.3402750804270734
2026-03-17,AXTI,09:42,-0.07511283843071315,-0.2701485817199534,-0.2701485817199534,-1.4460511679644128,-1.4460511679644128,-1.4460511679644128,-2.187330235804837
2026-03-17,SMTC,09:42,-2.6155638269007575,-2.6155638269007575,-2.6155638269007575,-2.6155638269007575,-2.6155638269007575,-2.6155638269007575,-2.3798070652042167
2026-03-17,DELL,09:43,-0.19897576409956264,-0.19897576409956264,-0.5848713283077789,-0.5848713283077789,-0.7139148494288872,,-0.895284892811569
2026-03-17,CNH,12:17,0.7112375533428139,0.7112375533428139,0.6158218853623776,0.42553191489360653,,,1.0149244794111982
2026-03-17,SMTC,14:01,-2.6396985817011442,-2.6396985817011442,-2.6346742889503116,-2.6155638269007575,-2.6155638269007575,-2.6155638269007575,-2.6368106074477073
2026-03-18,QBTS,09:40,-3.5672230850531506,-3.575517502366299,-3.575517502366299,-3.5630592532291394,-3.5496604188953285,-3.5723947796568067,-2.6889667921877414
2026-03-18,MSFT,09:41,-1.0246952511040686,-1.0246952511040686,-1.0241534528747653,,,,-0.5142133584512579
2026-03-18,WPM,09:44,-1.542583732057401,-1.542583732057401,-1.9695874313246708,-1.9695874313246708,-1.9695874313246708,,-1.9661685884745264
2026-03-18,FCX,09:45,-0.520272694653745,-0.7428622572272392,-0.7428622572272392,-0.7428622572272392,-1.299219115733563,,-1.635811671774053
2026-03-18,TEAM,09:45,-0.05441436539247446,-0.05441436539247446,-0.5280259951259136,-0.5280259951259136,1.4235464971810607,,0.2938947551885211
2026-03-18,NVDA,09:46,-0.7593682936224089,-0.7593682936224089,-0.9229247926166084,-0.9229247926166084,,,-1.2582140274317144
2026-03-18,NTRA,09:50,-0.04546602677442113,-0.04546602677442113,-0.4077112800120686,-0.4077112800120686,0.5028699141565562,,0.03477118281713931
2026-03-18,ANF,09:59,-0.8878127522195411,-0.8878127522195411,-1.1954022988505786,-1.2294611053659699,-1.782449725776969,-1.782449725776969,-1.9110682522488116
2026-03-18,BMNR,09:59,-3.162994066775904,-3.162994066775904,-3.162979851072234,-3.15733212888214,-3.1361988273777675,-3.1361988273777675,-2.2272459587739566
2026-03-18,CHEF,09:59,-1.7189895892179785,-1.7189895892179785,-1.7586318167150616,-1.5839663811217042,-1.5839663811217042,,-1.6809798143048653
2026-03-18,AAPL,10:07,-1.0334984281224813,-1.0334984281224813,-1.0328051881730693,-0.08799420781425704,,,-0.5411327416156575
2026-03-18,TGTX,10:11,-2.2739901795282513,-2.268842077569422,-2.268842077569422,-2.2622572408399377,-2.246320750510622,0.31714238023703434,-1.3951571500023203
2026-03-18,IREN,10:12,-0.6035791182803174,-0.44779637049257026,-0.44779637049257026,-0.34915542134565936,0.13393862529187395,,-0.49838707457295534
2026-03-18,CF,10:20,3.1230554617884376,3.1230554617884376,3.1570382424735532,2.8223844282238453,2.8223844282238453,,1.8575647568691271
2026-03-18,WDC,10:27,-0.9003884347218327,-1.3860137145814577,-1.3860137145814577,-1.3860137145814577,-1.3860137145814577,-3.185337775180741,-1.8292979870536428
2026-03-18,TIGO,10:44,-0.764087870105068,-1.101441392439495,-1.101441392439495,-1.101441392439495,,,-0.49429783991079557
2026-03-18,ASML,10:58,-0.8089015775410768,-0.8089015775410768,-1.008182349503206,-1.008182349503206,,,-0.950333590675978
2026-03-18,ILMN,10:58,1.9910403185664505,1.9910403185664505,1.8389662027832987,0.9359605911330116,0.6014483859089204,,0.02929331248483121
2026-03-18,NFLX,11:11,0.4505937234944968,0.4505937234944968,0.36546610169492233,-0.5510653930933085,,,-0.2403436626446783
2026-03-18,PANW,11:37,-0.07984622209078474,-0.07984622209078474,-0.10643330179754829,-0.7403055229142086,-0.7403055229142086,,-0.9125370537566532
2026-03-19,AAPL,09:40,-0.06544344963262949,-0.1055504274190211,-0.4132991918060269,-0.4132991918060269,,,-0.3330567857383171
2026-03-19,HOOD,09:40,2.2608216156603245,2.2608216156603245,2.362422034553191,1.5428545615574718,1.5428545615574718,,1.4706785803459521
2026-03-19,LITE,09:40,11.062188839966613,11.127748103142942,11.127748103142942,10.7276065874792,10.7276065874792,10.7276065874792,3.4134566870135834
2026-03-19,SMTC,09:40,10.229351343745607,10.229351343745607,9.635434889091044,8.399209075977687,8.399209075977687,8.399209075977687,3.6493524691759327
2026-03-19,AMD,09:41,5.826844737791981,5.826844737791981,5.590650110771644,5.590650110771644,3.484267849939493,,3.5764803699155876
2026-03-19,MRVL,09:41,4.556607080266373,4.556607080266373,4.441415240113722,4.441415240113722,4.441415240113722,,2.6348873551991225
2026-03-19,WT,09:45,-1.1490971379630288,-1.1490971379630288,-1.282965074839626,-1.282965074839626,-0.28797696184306165,,-0.3547619763688485
2026-03-19,AMZN,09:47,0.7745952076446017,0.614354205314771,0.614354205314771,0.014369192451391122,,,0.6911829747295725
2026-03-19,MSFT,09:47,-0.44595770825867076,-0.44595770825867076,-0.44595770825867076,-0.3924079813529491,,,0.2827265018061853
2026-03-19,AXTI,09:49,21.823899371069167,21.823899371069167,21.823899371069167,21.72182656053623,21.72182656053623,21.138211382113823,9.58663466914959
2026-03-19,QBTS,09:49,2.5853814235557104,2.5853814235557104,2.552648372686672,2.552648372686672,1.870047543581621,1.870047543581621,-0.01601188397662619
2026-03-19,TSLA,09:49,-0.4789698222838701,-0.4789698222838701,-0.7128495704624482,-0.7128495704624482,,,-0.339973266647194
2026-03-19,DE,09:50,0.9424735485018099,0.9424735485018099,0.8814800334109307,0.6819733773201886,,,0.6049775246569133
2026-03-19,GLW,09:50,6.757027709828778,6.757027709828778,6.46244901223707,6.46244901223707,5.894988066825779,4.596888260254595,0.9961606613223687
2026-03-19,NUE,09:50,3.7556880087162625,3.7556880087162625,3.3516343207354415,3.3516343207354415,3.3516343207354415,,1.034284864073139
2026-03-19,NVDA,09:50,1.1560366078259054,1.1560366078259054,1.0500990659496168,0.8645288882610513,,,0.06458638949649043
2026-03-19,TXG,09:50,5.994236311239187,5.994236311239187,5.994236311239187,5.994236311239187,5.994236311239187,5.994236311239187,4.848303521082172
2026-03-19,WPM,09:56,1.4432127170048048,1.4432127170048048,1.4432127170048048,1.4432127170048048,1.4432127170048048,-1.9675898156451765,0.19928298395402258
2026-03-19,CHEF,09:57,-1.9258867840248994,-1.9258867840248994,-1.91216874323481,-1.91216874323481,-1.91216874323481,,-0.6268132331811338
2026-03-19,ZETA,10:07,-0.46216060080876975,-0.46216060080876975,-0.46216060080876975,-0.46216060080876975,0.4957713619130999,,0.691686832790476
2026-03-19,DDS,10:11,4.022849647935933,4.022849647935933,3.690005160846388,3.690005160846388,3.4692896625124536,,1.837405344337754
2026-03-19,GH,10:16,3.20039389463318,3.20039389463318,2.8875028875028796,2.8875028875028796,1.9105365518819362,,1.7169637324276232
2026-03-19,FCX,10:24,3.7554859055543455,3.7554859055543455,3.6854323853743542,3.6854323853743542,3.385416666666652,,1.8885062559613013
2026-03-19,HALO,10:24,-1.4012386400823473,-1.3968011106023859,-1.3968011106023859,-1.4005227027785838,-0.2758729408055549,,-0.6810238881546082
2026-03-19,ALAB,10:35,3.1505728314238812,2.721864558715681,2.721864558715681,2.721864558715681,3.3027372561875046,-0.3465930472675738,2.916788305114304
2026-03-19,ASML,11:40,2.270073648284554,2.270073648284554,1.9986787445834153,1.9724174987686416,-0.29661248837080656,,1.39582306117693
2026-03-19,QCOM,11:52,0.35931348190054724,0.35931348190054724,0.24053145998779168,0.24053145998779168,,,0.1031231063697069
2026-03-19,MU,12:34,0.9452826758771238,0.9452826758771238,0.8086430749086881,0.3399324652444413,-1.6043121870315424,,0.7429561359373634
2026-03-19,TIGO,13:50,0.711354309165535,0.711354309165535,0.6218820474270359,0.1360174102285283,,,0.8841012434149956
2026-03-19,CRCL,14:54,2.453644501278762,2.453644501278762,2.3064644852354377,1.8148604106270616,1.3479859271850358,,2.8338600992249865
2026-03-20,TEAM,09:41,2.81572344577643,2.81572344577643,2.81572344577643,2.601196272082351,2.0593122895960825,,-0.8608847834796577
2026-03-20,AMD,09:44,-1.968242345027016,-1.9601224144445761,-1.9601224144445761,-1.9601224144445761,-1.9804758955140667,,0.3724782597217831
2026-03-20,ADBE,09:45,2.275444165052143,2.275444165052143,2.073476776237304,2.073476776237304,0.20597738287562173,,0.5677395939729454
2026-03-20,ZETA,09:45,0.2956830277942135,0.05899705014749124,0.05899705014749124,0.05899705014749124,-0.7025761124121677,,-1.4328641080693576
2026-03-20,MU,09:47,-2.5709942988694556,-2.5709942988694556,-2.5709942988694556,-2.5709942988694556,-2.5709942988694556,-2.5709942988694556,-1.5234580331192813
2026-03-20,AAPL,09:52,0.1937749788058607,0.1937749788058607,0.07661290322580339,-1.0510572378460425,,,0.07530005184699373
2026-03-20,WDC,09:52,-3.3141448696428877,-3.3141448696428877,-3.2984101207300998,-3.2984101207300998,-3.3308993528390562,,-2.498251416848518
2026-03-20,NET,09:53,-2.833275346751807,-2.833275346751807,-2.821278595283583,-2.821278595283583,-2.821278595283583,,-1.7740646643986189
2026-03-20,UNH,10:05,-1.349162739164933,-1.3482008721709127,-1.3482008721709127,-1.3482008721709127,-1.3463291708319391,-1.3463291708319391,-1.3435819253213799
2026-03-20,HALO,10:28,0.35615354174911573,0.35615354174911573,0.18963337547408532,0.0,,,0.14485745903610367
2026-03-20,CF,10:29,-0.951550233922771,-0.951550233922771,-0.9672560057083945,-1.092723097632442,-1.3154256369741324,-2.1081504702194387,-2.502699232438251
2026-03-20,AMZN,10:32,-0.6001936108421924,-0.6001936108421924,-0.6771135616173263,-1.2642781469247244,,,-0.4272380741904909
2026-03-20,HOOD,10:43,-2.457291726174471,-2.457291726174471,-2.454912934571196,-2.4542341255197497,-2.4491549986043526,,-0.8459474499751929
2026-03-20,TSLA,11:11,-1.4329892678817013,-1.4329892678817013,-1.4330660379056948,-1.4217550646335342,,,-1.4315472500527597
2026-03-20,MSFT,12:13,-1.017199691665327,-1.017199691665327,-1.0171203592919342,,,,-0.3258240333677683
2026-03-20,OKTA,12:49,-1.2590944742610022,-1.3272944580738466,-1.3272944580738466,-1.7414181909295778,,,-1.6219784416811602
2026-03-20,FTI,13:56,-0.6692015209125435,-0.6692015209125435,-0.7145028884159355,-0.8802549704052143,,,-1.1302197943638033
2026-03-23,BBY,09:40,0.827097282394651,0.827097282394651,0.5182974713365818,-0.03904724716908836,-0.03904724716908836,,-0.21211140924641084
2026-03-23,WDC,09:41,-3.3106906029600203,-3.3106906029600203,-3.3106906029600203,-3.3106906029600203,-3.3106906029600203,,0.8690594503576232
2026-03-23,QCOM,09:45,-1.3578672030299943,-1.3578672030299943,-1.3572505979275729,-1.3500268863657738,-1.3500268863657738,,-0.5163103979995828
2026-03-23,CHEF,09:50,-1.0717931269139225,-1.9701777408896115,-1.9701777408896115,-1.9701777408896115,-1.9701777408896115,-1.949966576408424,-1.5859009878328296
2026-03-23,CNH,09:58,2.8009828009827986,2.8009828009827986,2.599313388916147,2.398433675966727,2.04878048780488,,1.147417985258244
2026-03-23,HNGE,10:16,1.4101482463541037,1.20279047389944,1.20279047389944,2.136440883709634,1.4223722275795714,,-1.3092574917828337
2026-03-23,DK,10:23,-3.0876740414934822,-3.0876740414934822,-3.077754941773214,-3.0686012437080024,-3.07070879950726,,-1.0527785521661632
2026-03-23,PARR,10:34,-3.128122275726508,-3.128122275726508,-3.1222623736432364,-3.1185500669388855,-3.113249220246739,-3.10665502974381,-2.750197605837986
2026-03-23,CHRD,11:05,0.210849147019343,0.210849147019343,0.751589901715155,0.27620070584624123,0.27620070584624123,,-0.5212998433258065
2026-03-23,AAPL,11:12,-0.5458428921762515,-0.5458428921762515,-1.0217687708083623,-0.4868009656864625,,,-0.21721637851100187
2026-03-23,BE,11:27,-4.876504685938077,-4.876504685938077,-4.8701472063918505,-4.854010414062982,-4.9699445746348765,-2.5791122895217122,-3.9103145430114323
2026-03-23,DINO,11:50,-0.5203961725700923,-0.5203961725700923,-0.503693754197454,-0.5871498070793568,-1.6104931097459696,,-0.9081492413639461
2026-03-23,PTEN,13:06,0.9420631182289085,0.9420631182289085,0.8470588235294008,0.610328638497637,0.610328638497637,-0.7870370370370416,-1.2448834035318674
2026-03-24,UNH,09:42,1.566638069305104,1.566638069305104,1.4833588013864585,1.4833588013864585,1.114040625348145,,-0.015231821698291625
2026-03-24,HALO,09:43,-1.387621135011785,-1.3877322780742607,-1.3877322780742607,-1.3815355626949355,0.04836369498630866,,-0.04472959119074712
2026-03-24,INTC,09:45,1.4502762430939287,1.4502762430939287,0.9621993127147732,0.9621993127147732,0.9621993127147732,,1.0756144941891588
2026-03-24,DE,09:51,3.738683456948211,3.738683456948211,3.439714110897296,3.005845681083663,,,0.8228399374177334
2026-03-24,NET,09:51,-1.4169806523196438,-1.8774157923798884,-1.8774157923798884,-1.8774157923798884,-2.529035360929399,,-1.5446274358216587
2026-03-24,HTFL,10:04,5.974962063732936,6.035300816094136,6.035300816094136,7.503915705538944,6.86687069625096,6.095708317508541,4.7960894993300585
2026-03-24,ANF,10:08,3.2546786004882033,3.1407837445573294,3.1407837445573294,2.1797894979007193,1.4736120630568728,,1.183992883557361
2026-03-24,DDS,10:12,1.4479925253365389,1.4479925253365389,1.4479925253365389,1.4479925253365389,0.007051191651408217,,0.2887358122773742
2026-03-24,SMTC,10:15,2.600908671890423,2.600908671890423,2.499671095908429,2.351550183920126,2.6076649545633934,,-0.6388322115646994
2026-03-24,WDC,10:17,4.94307185325964,4.94307185325964,4.493019273257204,4.493019273257204,5.337953726066713,,3.1449854212720543
2026-03-24,RVMD,10:19,-0.7896103896103956,-0.7896103896103956,-0.8720024914356972,-1.312525837122791,-1.1899834437086199,,-1.2017976473921295
2026-03-24,BBY,10:21,0.40676863000326247,0.40676863000326247,0.2843909969935776,0.948797644364463,0.948797644364463,,0.4724335136285192
2026-03-24,TEAM,10:33,-0.46722149218862974,-0.7136615205359687,-0.7136615205359687,-0.7136615205359687,-0.7136615205359687,-2.1108558299827718,-0.6952620491030848
2026-03-24,IOVA,10:40,3.290414878397696,3.290414878397696,3.290414878397696,2.9957203994293913,2.5306029708313194,1.5471167369901506,2.8025920044430683
2026-03-24,GH,10:51,0.27098321342926557,-0.2730904537594614,-0.2730904537594614,-0.2730904537594614,-0.2730904537594614,,-0.817555431952055
2026-03-24,OKTA,10:51,-2.2514886878404194,-2.2514886878404194,-2.2514886878404194,-2.2514886878404194,-2.2514886878404194,,0.41565651258492764
2026-03-24,NOW,11:15,-1.5012471175114062,-1.5012471175114062,-1.6216216216216162,-1.7693715680292765,,,-1.2950959323204188
2026-03-24,AAPL,13:59,-0.4705066535515723,-0.4705066535515723,-0.5137324639399421,,,,-0.8005480291383593
2026-03-25,RVMD,09:40,-1.8478988526322793,-1.8478988526322793,-1.8384854995000421,-1.8384854995000421,-1.8384854995000421,0.9093826896330315,-1.8468415602224637
2026-03-25,LRCX,09:49,1.2445793581960185,1.2445793581960185,0.737832240248526,0.737832240248526,0.737832240248526,-0.3584994238402084,0.5097612981401989
2026-03-25,IREN,10:00,-0.8733102045699326,-0.8733102045699326,-1.5446768060836447,-1.5446768060836447,-1.5446768060836447,,0.5032417433353142
2026-03-25,TER,10:01,1.9098644815631838,1.9098644815631838,1.062632829103638,1.062632829103638,0.47852836989621395,,0.21849612643384622
2026-03-25,DDS,10:23,1.2837222589226593,0.48891093318217393,0.48891093318217393,0.48891093318217393,0.48891093318217393,,1.261998381013263
2026-03-25,HNGE,10:25,-2.138591592348882,-2.138591592348882,-2.12904011313807,-2.12904011313807,-2.12904011313807,-2.0931836019416727,0.26145754368717505
2026-03-25,AAPL,10:45,-0.25271470878578395,-0.25271470878578395,-0.31176006314127536,-0.730930954532949,,,-0.6143321939225325
2026-03-25,PTEN,12:32,0.13729977116703207,0.13729977116703207,0.04572473708275293,0.04572473708275293,,,-0.12166844572789233
2026-03-26,ORCL,09:40,-1.4933609242972823,-1.4933609242972823,-1.4933609242972823,-2.158984130451491,,,-0.6316153884209327
2026-03-26,ZETA,09:40,-0.7716049382716084,-0.7716049382716084,-0.7716049382716084,-1.5012254901960898,-2.6077106288956875,,-2.477503918887188
2026-03-26,NTRA,09:41,0.1276617474339936,0.1276617474339936,0.1276617474339936,0.1276617474339936,-0.5025110328649163,,-0.17552085167028922
2026-03-26,FCX,09:42,1.4537524986371064,1.4537524986371064,1.0223468741518138,0.830774787791233,0.35049878673496515,,-0.09288969216308951
2026-03-26,WDC,09:44,-3.552729395337584,-3.552729395337584,-3.552729395337584,-3.552729395337584,-3.530537972208414,,-0.8700754131255631
2026-03-26,AAPL,09:45,0.49476424185825874,0.49476424185825874,0.40498689748271754,-0.35071127398825785,,,-0.3415616359915867
2026-03-26,HTFL,09:48,-3.894608289476209,-3.894608289476209,-3.894608289476209,-3.8725928159215495,-3.8403795664581852,-3.811431981786395,-3.84577021432713
2026-03-26,PLTR,09:50,-2.1112576763552937,-2.1112576763552937,-2.1110473498284654,-2.1015730337276883,-2.1086665746561706,,-1.3172186278777882
2026-03-26,AAOI,09:51,-7.167482064703212,-7.167482064703212,-7.167482064703212,-7.167482064703212,-7.167482064703212,-7.167482064703212,-7.311165301770951
2026-03-26,AXTI,09:52,-8.072318828181146,-8.072318828181146,-8.072318828181146,-8.033100092509427,-8.0422577533536,-8.127498273320011,-2.098898513339457
2026-03-26,SMTC,09:52,-3.3369800938674032,-3.3369800938674032,-3.3369800938674032,-3.3369800938674032,-3.3116869508126534,,-3.33208999945294
2026-03-26,GLW,09:56,-3.2164596505104726,-3.215655650454996,-3.215655650454996,-3.215655650454996,-3.231348530046707,,-1.5719099037874937
2026-03-26,QBTS,09:56,-3.364852459202572,-3.3497779201853373,-3.3497779201853373,-3.3497779201853373,-3.3497779201853373,,-3.4193579899298645
2026-03-26,GOOGL,09:59,-1.140766033669982,-1.1379197911670191,-1.1379197911670191,-1.1379197911670191,-1.1379197911670191,,-1.1455301051691087
2026-03-26,TIGO,10:03,-1.8701166092550126,-1.8701166092550126,-1.865902087277127,-1.8703677484353531,-1.8601039121960095,-1.8601039121960095,-1.61318601870446
2026-03-26,ALAB,10:04,-3.380936318821448,-3.373112382374477,-3.373112382374477,-3.373112382374477,-3.373112382374477,,-2.9101366700648
2026-03-26,CNH,10:05,-0.454545454545463,-0.454545454545463,-0.6802721088435493,-0.6802721088435493,-0.7252946509519465,,-0.6940019655301111
2026-03-26,WT,10:07,-0.375939849624074,-0.375939849624074,-0.5798090040927795,-0.375939849624074,,,-0.20437015538208314
2026-03-26,TSLA,10:13,-1.495907148306752,-1.495907148306752,-1.4952871960709824,-1.4911035617559576,,,-1.4976156475746238
2026-03-26,TER,10:15,-2.8934381043971946,-2.881616519221619,-2.881616519221619,-2.875301665102792,-2.579577118505172,,-1.6656762178895557
2026-03-26,HOOD,10:34,-2.39176864468138,-2.39176864468138,-2.3901154984614648,-0.6425646095184256,,,-1.7344607311895206
2026-03-26,WPM,10:56,-2.252645201644332,-2.2520904540162756,-2.2520904540162756,-2.246465990651081,,,-1.484693311146416
2026-03-26,DDS,10:59,-1.9139436845194924,-1.9139436845194924,-2.155741063672856,-1.554968400756962,,,-1.849017865762385
2026-03-26,TER,11:50,-2.887511488374084,-2.887511488374084,-2.8752549251501835,-2.8752549251501835,-2.0368216102391923,,-1.9364649541675754
2026-03-26,CRM,12:47,0.3868733598463292,0.3868733598463292,0.29732944102065506,,,,-0.025489451872184876
2026-03-26,NOW,13:09,-0.6899856252994718,-0.6899856252994718,-0.8135528330781128,-0.9368129241946299,-0.3749278984810589,,-0.4353891367537018
2026-03-26,QCOM,13:35,-0.4005646053484968,-0.4005646053484968,-0.5257944067667442,-0.6922784328642018,,,-0.5097788338700523
2026-03-26,HALO,14:51,-0.3071107961256758,-0.3071107961256758,-0.5498821681068411,,,,-0.4386544840847069
2026-03-27,ALAB,09:40,-0.7060277115876756,-0.7060277115876756,-0.7060277115876756,-0.7060277115876756,-0.7060277115876756,-0.4424387222369708,-0.40700440208065736
2026-03-27,ORCL,09:42,-0.30696744717304547,-0.30696744717304547,-0.3034800617668587,-0.3034800617668587,-0.8026708339252675,-0.8026708339252675,-0.18297701422265167
2026-03-27,NVDA,09:43,-1.4218641754366712,-1.4218641754366712,-1.4188223037561842,-1.4188223037561842,,,-0.6078219168626756
2026-03-27,NBIS,09:44,-3.6264084635460603,-3.6264084635460603,-3.608114188982192,-3.608114188982192,-3.608114188982192,-2.304192080549916,-1.0099401757233044
2026-03-27,CNH,09:45,-1.826879507450263,-1.826879507450263,-1.8210133805914852,-1.8210133805914852,,,-1.0424540839213698
2026-03-27,DELL,09:45,-0.37126595251669725,-0.37126595251669725,-1.4373834457036216,-1.4373834457036216,-1.4373834457036216,-1.4373834457036216,-0.3737558648174229
2026-03-27,WT,09:46,-2.0369874785844067,-2.0369874785844067,-2.0284526148473203,-2.0284526148473203,-2.0284526148473203,,0.6282985193323561
2026-03-27,GOOGL,10:00,-0.9069885090698837,-0.9069885090698837,-1.1334681915254996,-1.1334681915254996,-1.1282824159255522,,-0.8078660306000573
2026-03-27,WDC,10:00,-0.09433962264152607,-0.11246145474334002,-0.11246145474334002,-0.4195298372513645,-1.272903295205996,-1.272903295205996,-0.5278450369274471
2026-03-27,LRCX,10:02,-1.2262057690061945,-1.2262057690061945,-1.2930632060498604,-2.4536796240530734,-2.4536796240530734,,-1.0689719575032879
2026-03-27,INTC,10:12,-0.9414466130883925,-0.9414466130883925,-1.1910215300045768,-1.3040494166094763,-0.41551246537395725,,-0.4143635612250655
2026-03-27,ASML,10:16,-1.69281761445359,-1.69281761445359,-1.69281761445359,-1.69281761445359,-1.6907072679885116,,-1.446981760338998
2026-03-27,ANET,10:17,-0.4082305884293369,-0.9514435695538004,-0.9514435695538004,-0.9514435695538004,-0.9514435695538004,,-1.0093143188680005
2026-03-27,CRWD,10:32,1.1136040275801617,1.1136040275801617,0.8252638563460479,0.8252638563460479,0.5332027530672967,,0.01904790702496791
2026-03-27,MSFT,10:33,-0.6754846821907967,-0.6754846821907967,-0.7347824876840603,-0.9908384139600157,,,-0.7576035402521867
2026-03-27,TEAM,10:39,0.18455859735466706,0.18455859735466706,-0.07669888019634641,-0.07669888019634641,-0.9879920960632393,,-0.1877069694433242
2026-03-27,CRM,10:43,-0.8627841380454582,-0.8627841380454582,-0.9476970684939134,-0.9476970684939134,-0.9613790817172285,,-0.37422604349223915
2026-03-27,TSLA,10:47,-0.6972275597035504,-0.6972275597035504,-0.6645065626887825,-1.4914633707622915,-1.487172121410263,,-0.6080304352578855
2026-03-27,ADBE,10:49,-0.45571122745290404,-0.45571122745290404,-0.5821461080886547,-0.4599309043894828,,,0.13397614172449002
2026-03-27,NOW,10:49,0.10091650720112089,0.10091650720112089,-0.10031158910442928,-0.10031158910442928,-0.04002816051494884,-0.45052083333334547,-0.24047582245143953
2026-03-27,ZETA,10:49,-2.682932387279313,-2.682932387279313,-2.6760265124085802,-2.6760265124085802,-2.710916036690314,-2.763152956998627,-2.7792486448255125
2026-03-27,QBTS,11:23,-0.6788138620935968,-0.6788138620935968,-3.317596474208373,-3.317596474208373,-3.317596474208373,-3.317596474208373,-1.0088574704250026
2026-03-27,CHEF,11:36,0.042013276195285165,0.042013276195285165,0.033607797008916585,-0.15095605501509457,0.18512285425782427,,0.11888576142299694
2026-03-27,PANW,12:37,0.023811953600705316,0.10553910053450188,0.10553910053450188,0.6435519191894334,-0.00680133306127928,,-0.43255201760525513
2026-03-30,HNGE,09:40,1.8567271719551082,1.8567271719551082,1.225557697603974,1.225557697603974,1.2813447230642039,,0.12856642916158809
2026-03-30,IOVA,09:44,-1.3353115727002929,-1.4814814814814725,-1.4814814814814725,-1.6243084114914597,-1.6243084114914597,,-0.1326963308094712
2026-03-30,DELL,10:00,-2.4507451169801353,-2.4507451169801353,-2.4507451169801353,-2.4507451169801353,-2.4667993072414407,-2.4667993072414407,-1.8994157049367615
2026-03-30,NUE,10:00,0.09106920348165293,0.09106920348165293,-0.615310369789468,-0.615310369789468,,,-0.8940741740258829
2026-03-30,PARR,10:05,-0.9768956427352982,-0.9768956427352982,-1.3288009888751562,-1.3288009888751562,-1.964998464844947,,-0.6114061496183173
2026-03-30,FTI,10:07,-1.8308908215622144,-1.8308908215622144,-1.827671890544147,-1.827671890544147,-1.8473148742118584,,-1.280127574140999
2026-03-30,DDS,10:09,-0.03328146222555395,-0.03328146222555395,-0.03328146222555395,-0.03328146222555395,0.036004896665930985,-1.2229806598407222,-0.6959277498124306
2026-03-30,LRCX,10:13,-2.506795162021125,-2.506795162021125,-2.506795162021125,-2.4898073444751145,-2.4898073444751145,-2.4898073444751145,-0.840398396894874
2026-03-30,ORCL,10:22,-0.29454022988505413,-0.29454022988505413,-0.5766682187757444,-0.1546706952987309,,,-0.1637663024997016
2026-03-30,DE,10:42,-1.3098559421142908,-1.3098559421142908,-1.307872032617463,-1.3089038431598143,-1.304647997477859,,-1.2811105977066695
2026-03-30,CDW,10:56,0.31743344478774027,0.31743344478774027,0.17751479289942473,-0.07588532883641141,,,-0.12979469299658022
2026-03-30,NVDA,10:57,-1.3923223455599487,-1.3923223455599487,-1.3911165090328081,-1.3878023191291167,,,-1.3890046651027703
2026-03-30,CNH,11:04,-1.2345679012345623,-1.2345679012345623,-1.4684983420179987,-1.8261440333410484,,,-1.288719944086077
2026-03-30,NET,11:51,-2.5492908369190714,-2.5492908369190714,-2.543258499715617,-2.543258499715617,-2.5720410143948214,,0.5327872749527581
2026-03-31,DELL,09:49,-2.4968470326382053,-2.4968470326382053,-2.4876936851220055,-2.4876936851220055,-2.4867665943076767,,-0.6642308997744687
2026-03-31,MRVL,09:54,4.7150861613278305,4.7150861613278305,4.7150861613278305,4.243077386145622,4.243077386145622,,4.994063445802932
2026-03-31,MU,09:55,6.181595169203691,6.181595169203691,6.298605207644603,6.298605207644603,6.298605207644603,3.8719502815124818,3.104933807295166
2026-03-31,CDW,10:20,2.0490766506450653,2.0490766506450653,1.697478991596646,1.697478991596646,0.44820717131472954,-0.2965892239248591,0.060427139863154324
2026-03-31,DE,10:29,-1.3246872081711047,-1.3246872081711047,-1.322884719041928,1.320238866105461,-1.3128130963864115,,0.5922785522948781
2026-03-31,PARR,11:21,-3.10831351412193,-3.10831351412193,-3.10831351412193,-3.0897037156799922,-3.180017380935296,-3.1630253031493694,-1.549765333812366
2026-03-31,IREN,12:38,6.0334158415841666,6.0334158415841666,6.0334158415841666,4.961715160796332,4.961715160796332,2.267979707549994,0.9526521532054688
2026-03-31,QCOM,12:40,1.5055967207945775,1.5055967207945775,1.3258842506983726,1.130919657582674,0.34286604846878177,,1.316814140287829
2026-04-01,HALO,09:40,-1.334486067135554,-1.334486067135554,-1.3299190374738923,-1.3299190374738923,-1.3299190374738923,,0.012803048312755768
2026-04-01,HTFL,09:43,-0.7095073991485901,-0.7095073991485901,-0.7095073991485901,-0.7095073991485901,-0.7095073991485901,-0.5280259951259247,-0.9904426690897009
2026-04-01,CHRD,09:48,-1.902646326297941,0.6247243863001684,0.6136321881315521,0.0,0.0,0.19026710574459038,0.38708701364481196
2026-04-01,CLMT,09:59,-2.751493983326203,-2.751493983326203,-2.7483404085602126,-2.7483404085602126,-2.7483404085602126,-2.7152747419321055,-0.6698473607285408
2026-04-01,CRWD,10:08,0.5740219278012937,0.5740219278012937,0.28557586883908304,0.1412584734715061,,,0.036103880347149175
2026-04-01,NOW,10:08,0.5703238279362033,0.5703238279362033,0.41017227235440323,-0.14396775122371697,,,0.0291990884124053
2026-04-01,MSFT,10:15,-0.25782589327897343,-0.25782589327897343,-0.3506405933917711,-0.5544938225081397,,,-0.4711755354066723
2026-04-01,CRM,10:16,0.5534706660547117,0.5534706660547117,0.4368696402567318,0.11289715606688233,-0.21166572890711777,,0.19608815221003884
2026-04-01,TSLA,10:21,1.32617535280517,1.0897520880286393,1.0897520880286393,0.03673383711166878,,,0.5625067928911301
2026-04-01,HOOD,10:22,0.18562419887939718,0.18562419887939718,0.03567097096384142,0.03567097096384142,-2.3372029559076024,,-0.1571017730001789
2026-04-01,HNGE,10:29,0.41742760240022214,0.41742760240022214,-0.07476868438268669,0.4960835509138617,-0.33661315380630885,,0.04949317372380616
2026-04-01,ZETA,10:30,-0.6005056890012628,-0.6005056890012628,-0.6632975363234372,-0.8511979823455196,-0.6005056890012628,,-0.29155421765580575
2026-04-01,PTEN,10:35,0.8256898599832585,0.8256898599832585,0.778588807785896,0.43646944713870983,0.43646944713870983,,0.5900033496417656
2026-04-01,CHRD,10:36,0.09504313496124794,0.09504313496124794,-0.05110235070813207,-0.062046060075193754,-0.062046060075193754,0.19026710574459038,0.36477623659736763
2026-04-01,DK,10:36,3.2107957189390524,3.2107957189390524,2.8518432645490366,2.542764678687015,2.1225654956489537,,1.2848464931413561
2026-04-01,PARR,10:48,1.7995707445930265,1.7995707445930265,1.4979423868312747,2.087444866819421,1.3144922773578704,1.3144922773578704,1.7939316159526042
2026-04-01,IOVA,11:09,-0.7204610951008772,-1.5995429877177947,-1.5995429877177947,-1.5995429877177947,-1.5995429877177947,,-1.0963756072204494
2026-04-01,DINO,11:35,0.5780346820809301,0.5780346820809301,0.4536082474226877,0.09861932938854956,,,0.996837312121753
2026-04-01,CRCL,11:41,-4.179663773893216,-4.179663773893216,-4.173929142857791,-4.1695285849844606,,,-2.7547445778831094
2026-04-01,NFLX,12:25,0.20023273123734864,0.20023273123734864,0.15728822937044473,,,,0.2857173130135597
2026-04-01,CHEF,13:16,-0.4253147329023488,-0.4253147329023488,-0.4930295817749064,-0.9644670050761417,,,-0.8373009050784197
2026-04-01,ADM,14:10,-0.034542314335073154,-0.034542314335073154,-0.13802622498275685,-0.3855156271513116,,,-0.12289630875179647
2026-04-01,AMZN,15:27,-0.307736009847559,-0.307736009847559,-0.40675400841886367,,,,-0.18418608806626638
2026-04-02,FTI,09:40,2.1720368239355636,1.8205275229357776,1.8205275229357776,1.8205275229357776,1.8205275229357776,,0.8163393008571754
2026-04-02,INTC,09:40,6.548444096454387,6.425702811244971,6.425702811244971,6.481971026752675,5.899673993059196,,1.0977666327894875
2026-04-02,NUE,09:40,0.5422108208955168,0.3608217424198257,0.3608217424198257,-1.3068725972431583,-1.2995884139452962,-1.2995884139452962,0.16910104013247995
2026-04-02,TIGO,09:40,4.6242774566473965,4.6242774566473965,4.391139074583816,4.391139074583816,4.391139074583816,,3.7126967911084456
2026-04-02,TSLA,09:40,-1.5018855571100609,-1.502274874893672,-1.502274874893672,-1.4960089330074644,,,-0.9221800922335377
2026-04-02,WT,09:40,2.192362093352185,2.192362093352185,1.9760056457304165,2.4096385542168752,2.4096385542168752,0.7670850767085069,0.8984208190079279
2026-04-02,AAOI,09:41,20.80692982966108,18.51936348599783,18.51936348599783,18.51936348599783,18.51936348599783,18.51936348599783,2.8587306479948666
2026-04-02,BE,09:41,7.274298281948055,7.274298281948055,7.274298281948055,6.226962591169305,6.226962591169305,6.226962591169305,1.2129969529614943
2026-04-02,LITE,09:41,13.768032155049003,13.768032155049003,11.97545081356437,11.97545081356437,11.97545081356437,11.97545081356437,2.218612276207832
2026-04-02,LRCX,09:41,4.536319265001443,4.536319265001443,3.4375000000000044,3.4375000000000044,3.4375000000000044,3.4375000000000044,0.7743322736519046
2026-04-02,TSM,09:41,2.97604131070357,2.8456147802081055,2.8456147802081055,2.8456147802081055,2.3704553690059083,,0.2560073661328821
2026-04-02,SMTC,09:42,8.034255082695951,7.822796372414675,7.822796372414675,7.465210040317327,5.807029899481386,5.807029899481386,1.3950229454180156
2026-04-02,TXG,09:43,4.465747018938493,4.465747018938493,4.1006523765144465,4.1006523765144465,4.1006523765144465,-1.6292382210480016,1.0257803864575088
2026-04-02,BBY,09:44,0.9147056524118735,0.9147056524118735,0.851629033518253,1.2154002979691159,1.2154002979691159,-0.27812113720641074,-0.0876722301257793
2026-04-02,AMZN,09:45,1.9388697215608097,1.9388697215608097,1.7213790428162845,1.7213790428162845,-1.0822188963350299,-1.0829362083579763,0.4067683144315419
2026-04-02,FCX,09:45,2.60913196186654,2.557673019057183,2.557673019057183,1.8764530056459616,1.8764530056459616,-2.0786461654670796,1.2460767033301827
2026-04-02,MU,09:45,6.72166030256216,6.31261070298208,6.31261070298208,6.31261070298208,6.012479550620364,5.281591522492635,0.6560940047955673
2026-04-02,NOW,09:45,1.931775584155937,1.931775584155937,1.452591781912238,1.452591781912238,-0.6866325785244709,,0.2168482063551691
2026-04-02,ANET,09:46,4.7764773996112675,4.7764773996112675,4.989225924084217,4.164782304814385,4.164782304814385,0.26911508627514014,0.5628960444132192
2026-04-02,DE,09:46,3.26422268455413,3.0387630194351978,3.0387630194351978,3.0387630194351978,2.4174182186883053,,0.4239051084892198
2026-04-02,CRM,09:58,2.1781853914182747,2.1781853914182747,2.1670305676855905,2.0027793672852123,0.5155469631061615,,0.5669588726640029
2026-04-02,HNGE,10:00,4.814416352877893,4.814416352877893,4.017082610436384,4.017082610436384,4.017082610436384,4.017082610436384,0.952084130544654
2026-04-02,TGTX,10:02,0.6298740251949431,0.6298740251949431,0.6298740251949431,0.6298740251949431,0.6298740251949431,-0.37119524870081744,0.010410432941968898
2026-04-02,BMNR,10:06,5.843979342212546,5.843979342212546,5.78647106764465,5.442729488220954,5.442729488220954,2.6362816883589213,3.257644823142799
2026-04-02,CRCL,10:06,4.979670658856783,4.979670658856783,5.5438596491228065,5.07685142058687,4.359893604718401,2.9725566269184656,0.8946309984798914
2026-04-02,FLR,10:06,1.875945537065049,1.875945537065049,1.612416469066602,0.4860370923044144,-0.6575342465753531,,0.720613958096609
2026-04-02,MSFT,10:06,2.23180096029465,2.23180096029465,2.2055604203152335,1.2677584605348402,0.1904557525684636,,1.172168906921356
2026-04-02,DELL,10:07,3.7120761451516993,3.4842998753487286,3.4842998753487286,3.1109533948426638,2.1383795184252152,0.623340644118664,0.7087900258999117
2026-04-02,QCOM,10:11,1.7653667148130214,1.7653667148130214,1.7245528194433257,1.3924877456761076,0.6907502977371971,,0.7974822350138355
2026-04-02,CDW,10:15,1.2693935119887145,1.2693935119887145,1.1644772284613136,0.9970625956724932,0.20523766521631792,,0.26471145654849426
2026-04-02,ILMN,10:22,1.0201246377962159,1.0201246377962159,0.9035726604842642,0.03144406886250728,0.03144406886250728,-1.9125478073446778,0.7989958628487207
2026-04-02,ADBE,10:25,1.1998000333277803,1.1998000333277803,1.1492338441039252,0.8678320807208317,-0.2996100964498316,0.049423393739700394,0.8251887390479921
2026-04-02,CHEF,10:28,1.1954992967651235,1.1954992967651235,1.017901017901024,-0.10413051023948627,-0.10413051023948627,-1.7522256475886344,1.3173695800241303
2026-04-02,ANF,10:40,-0.4528790166055674,-0.4528790166055674,-0.4528790166055674,-0.4528790166055674,,,-0.20960540866700925
2026-04-02,IOVA,11:01,0.29239766081872176,0.0,0.14598540145986938,-0.5768283138641639,-0.29069767441859407,,-0.33879589783024633
2026-04-02,ASML,11:04,-1.2382426925686585,-1.2382426925686585,-1.8117363654772678,-1.8117363654772678,-0.8095001430744486,,-0.33129276313940875
2026-04-02,UNH,11:58,0.39651644909561856,0.39651644909561856,0.32567396417586547,-0.24287127822254506,,,-0.03394263668364076
2026-04-02,QBTS,12:26,4.149981798325442,4.149981798325442,4.074208803201174,3.9985459832788006,0.6331340133661545,,2.5947131156020062
2026-04-02,IBIT,13:52,0.3699788583509278,0.3699788583509278,0.3434610303830743,,,,1.176903239750482
2026-04-02,CHRD,14:45,0.13042405442560412,0.13042405442560412,0.18339564082667792,-0.15465729349736224,,,-0.3218017120466099
2026-04-02,RVMD,15:02,-0.030263290628473882,-0.31183985514535717,-0.31183985514535717,-0.31183985514535717,-0.31183985514535717,,0.10876580466022319
2026-04-06,WT,09:40,2.9300241296104756,2.9300241296104756,2.9300241296104756,2.9300241296104756,2.9300241296104756,,1.5653846544555483
2026-04-06,RVMD,09:42,-1.6767050138381645,-1.6767050138381645,-1.6767050138381645,-1.672515175209055,-1.665296540604977,,-1.6773640186534895
2026-04-06,PARR,09:45,1.8137589218647499,1.6214893610347003,1.6214893610347003,1.6214893610347003,1.6214893610347003,,0.8115731080007516
2026-04-06,DK,09:46,1.891040072039618,1.891040072039618,1.891040072039618,1.891040072039618,1.9369369369369283,,2.595360192600945
2026-04-06,CRM,09:48,-0.5482986615062191,-0.5482986615062191,-0.8308319039451173,-0.905195500803424,-0.7723250201126297,,0.0333587426191421
2026-04-06,MSFT,09:51,0.29346101084004594,0.29346101084004594,0.1992639461248169,,,,0.17255161496299762
2026-04-06,ORCL,10:00,-0.631550199706421,-0.631550199706421,-0.7365980084572454,0.1479442628591121,0.7476117956527695,,0.5562834868880687
2026-04-06,ANET,10:53,-0.11075073174590111,-0.11075073174590111,-0.22125642038719473,-0.2527845801406192,0.341703750794653,,0.17285377208834385
2026-04-06,NUE,10:57,0.3313609467455736,0.3313609467455736,0.17724211272598378,,,,0.5340220224067771
2026-04-06,HALO,11:08,-1.2820158031313533,-1.2820158031313533,-1.2797118209878833,-1.2777150791857483,-1.2777150791857483,,-0.6711695225987321
2026-04-06,CNH,11:29,1.945894636924539,1.945894636924539,1.656412683388564,1.5602836879432758,,,1.1304955648834418
2026-04-06,ASML,11:46,0.34705923092905877,0.34705923092905877,0.24369056679198753,0.13284495534719998,,,0.2209908748728099
2026-04-06,NOW,12:22,0.05861092116832278,0.05861092116832278,0.05861092116832278,-0.1462273347631049,-0.22404052211181247,-0.22404052211181247,0.13793468935792141
2026-04-06,DDS,12:24,0.6562475291885139,0.6562475291885139,0.6535947712418277,0.4999736855954895,,,0.5541597770939211
2026-04-06,NTRA,12:53,-0.09259710512208308,-0.2942535444176886,-0.2942535444176886,-0.2942535444176886,,,0.05112248267001481
2026-04-07,GLW,09:42,3.1877213695395534,3.1877213695395534,3.1877213695395534,3.1877213695395534,2.560916683923531,,1.4174440373090496
2026-04-07,WT,09:42,1.8880647336479983,1.8880647336479983,1.682368775235532,1.682368775235532,1.2056262558606923,,0.992600704174588
2026-04-07,DDS,09:43,1.1082499143105773,1.1082499143105773,1.1082499143105773,1.1082499143105773,-0.4809688581314808,,0.860320530369707
2026-04-07,IOVA,09:58,2.9503105590062084,2.9503105590062084,3.1104199066874116,2.9503105590062084,2.9503105590062084,1.2213740458015376,0.018548736357878088
2026-04-07,RVMD,09:58,1.878008781674878,1.878008781674878,1.7004647232784054,1.7112073518538162,0.046755675619514214,,1.2595527175540244
2026-04-07,CNH,10:02,0.9429514380009385,0.9429514380009385,0.8003766478342778,-0.09332711152589823,0.1412548293248772,,1.0241935617787041
2026-04-07,HALO,10:06,1.1285964075663735,0.9040444091990452,0.9040444091990452,0.9040444091990452,,,0.08397169985615201
2026-04-07,TXG,10:15,1.1355735805330225,1.1355735805330225,1.0185185185185075,1.0185185185185075,-0.31978072179077444,-0.04580852038478245,0.5310513210677955
2026-04-07,HPE,10:31,1.5235742227712512,1.3774671052631637,1.3774671052631637,1.356628982528263,1.1279737489745756,0.6943026342658865,1.086785078132409
2026-04-07,QBTS,10:33,0.9544787077826689,0.9544787077826689,0.9544787077826689,0.9544787077826689,1.5509601181683985,-0.47050307636626876,0.9692223492520524
2026-04-07,TGTX,10:33,0.3002101471029528,0.3002101471029528,0.09017402688442644,-0.1345090419967221,,,0.04079371217129054
2026-04-07,UNH,10:36,1.173762945914869,1.173762945914869,0.8951113151250967,0.8951113151250967,,,0.17277188204420924
2026-04-07,IREN,10:45,5.550634780041341,5.550634780041341,5.11614231108497,5.11614231108497,4.608632040965621,1.9389791844881765,3.827377587066979
2026-04-07,MRVL,10:45,1.9955240581872369,1.9955240581872369,1.9385852176935892,1.6448285475327618,2.272089761570828,,1.815756618429624
2026-04-07,CRCL,10:46,5.696167012739206,5.696167012739206,5.500784225857047,5.500784225857047,4.822596354528996,-0.010617965597792267,1.9903121959336634
2026-04-07,HOOD,10:46,3.515944399018789,3.515944399018789,3.354608876354437,3.2779590625926947,2.957267484843995,0.21588946459412117,1.6502173146177264
2026-04-07,ANF,11:15,2.164502164502169,2.164502164502169,2.0314616105844285,2.0314616105844285,0.3946491722617962,,0.4244983557337119
2026-04-07,ASML,11:29,1.6604699149325386,1.6604699149325386,1.5359489831628936,0.5467847516364976,0.8014082549682611,,0.9276789232482985
2026-04-07,MU,11:32,2.11696001297752,2.11696001297752,2.0824605737915336,1.1542890811216067,0.43877143996808865,,1.3897140807471953
2026-04-07,ALAB,11:36,2.027519396459354,1.9270298047276535,1.9270298047276535,1.8419870354919432,1.8419870354919432,1.7527359781121854,1.55134521620219
2026-04-07,SNDK,11:55,0.2397743300423194,0.2397743300423194,0.2440159668251063,0.21909442381635724,-4.180171356652895,,-0.07274171939872047
2026-04-07,AMD,12:03,2.041474654377873,2.041474654377873,2.0320707768869184,1.4523497423486909,0.5106556818955443,,1.75479221242613
2026-04-08,DINO,09:40,-0.4702864471996526,-0.4702864471996526,-0.4702864471996526,-0.06868131868131844,-1.9607684234204559,,0.35580476856207355
2026-04-08,MRVL,09:42,2.1174832912454145,2.1174832912454145,2.1174832912454145,2.1174832912454145,2.1174832912454145,,0.526681665147292
2026-04-08,CHRD,09:44,3.039327987781615,2.620070730501567,2.620070730501567,3.37483240758476,3.37483240758476,,1.3644888769202075
2026-04-08,DK,09:48,3.0885543229866697,3.0885543229866697,3.0885543229866697,3.0142271521581776,1.9083969465648831,,0.2503509078960094
2026-04-08,PARR,09:50,4.80794130340958,5.004081858560139,5.004081858560139,4.258973037952951,4.258973037952951,4.258973037952951,0.1933762756754128
2026-04-08,PTEN,09:53,5.623721881390598,5.623721881390598,5.623721881390598,5.623721881390598,5.623721881390598,4.5546558704453455,3.140926666938148
2026-04-08,FTI,09:59,1.7417162276975207,1.5260703688003474,1.5260703688003474,1.5260703688003474,0.7332426710782602,,0.988209391036976
2026-04-08,TIGO,09:59,0.3553615960099732,0.3553615960099732,-0.20458772473652687,-0.20458772473652687,-0.20458772473652687,,0.27273874111146307
2026-04-08,TEAM,11:07,-2.8950826424163134,-2.8948632016035813,-2.8948632016035813,-2.875898359846085,-2.875898359846085,,-1.506539976906059
2026-04-08,GOOGL,11:38,0.07255062772064669,0.07255062772064669,0.031530821377900864,,,,-0.14148081723815617
2026-04-08,AMZN,12:13,-0.2097287057709285,-0.2097287057709285,-0.2569651068433876,-0.5796710703693697,-0.5796710703693697,,0.19371758664228356
2026-04-08,NFLX,15:12,0.5305978068623984,0.5305978068623984,0.5204385831943714,,,,0.38064587885444645
2026-04-09,CDW,09:40,0.8232252932988793,0.8232252932988793,0.47558655675332684,0.1896933291179348,,,0.10530933347443112
2026-04-09,ORCL,09:41,-2.0110561887256018,-2.0110561887256018,-2.0029090527798,-2.0029090527798,,,-0.6950405267011331
2026-04-09,BBY,09:51,0.6551240056153596,0.6551240056153596,0.48271566490190043,0.17075442409189012,0.7022471910112404,,0.08037247785113537
2026-04-09,ADBE,10:19,-0.28837189132933094,-0.28837189132933094,-0.44810044377097125,0.4082880286456536,,,0.24693863141058334
2026-04-09,TSLA,10:42,1.6680395387149716,1.6680395387149716,1.623195224512597,0.8915262094925991,1.1384255194615056,,0.643914816570564
2026-04-09,MSFT,11:15,1.38896439249796,1.38896439249796,1.3810831775512789,1.236243231873635,,,0.5358090381957522
2026-04-09,WT,11:25,0.5710659898477077,0.5710659898477077,0.3799873337555493,0.3799873337555493,-1.1845386533665847,,-0.5816407950835933
2026-04-09,ILMN,11:26,-0.7186734652908755,-0.7186734652908755,-0.8023106546854897,-1.9866567478873165,-0.5869582696791831,-0.5869582696791831,-0.5228431117628126
2026-04-09,ZETA,11:32,3.796610169491532,3.7262872628726296,3.7262872628726296,2.958977807666452,2.958977807666452,,2.6482750039930356
2026-04-09,TXG,12:52,0.8322382829610175,0.6999125109361293,0.6999125109361293,1.9034971226206343,1.9034971226206343,,-0.12059099796641881
2026-04-09,CRM,14:20,0.8858965272856123,0.8858965272856123,0.8263487191594976,,,,1.244552728393522
2026-04-10,GH,09:40,-2.592397596320395,-2.592397596320395,-2.5882155871772894,-2.5677998254721945,-2.641635772470663,-2.765383684003453,-2.7103029389976254
2026-04-10,IOVA,09:41,0.037852160276874436,-0.13495276653171517,-0.13495276653171517,-0.13495276653171517,-0.13495276653171517,-0.13495276653171517,-2.1724326309044266
2026-04-10,AAOI,09:57,10.192434330869983,10.192434330869983,9.011943539630817,9.011943539630817,10.180341661484427,10.180341661484427,2.6752309615106804
2026-04-10,SMTC,09:57,-3.581400944305757,-3.574502709992,-3.574502709992,-3.564809143320835,-3.532082503178391,-3.5239945175525644,-1.073167414090433
2026-04-10,LITE,10:02,0.04346130272467885,0.04346130272467885,-0.7978253182461148,-0.7978253182461148,-0.27050295775821187,,-2.0124297709957086
2026-04-10,MSFT,10:13,-0.3747330530670334,-0.3747330530670334,-0.5150352745513564,-1.0015530056188937,,,-0.1360312141451899
2026-04-10,ORCL,10:13,1.8961192267965332,1.8961192267965332,1.899878260227994,1.420965669175689,0.014483307987545047,0.5679017200162395,-0.17923952355902717
2026-04-10,TEAM,10:14,1.2577502214348835,0.7047216349541863,0.7047216349541863,0.7047216349541863,0.7047216349541863,0.7047216349541863,0.26460671067471964
2026-04-10,HOOD,10:24,0.31159420289854634,0.31159420289854634,0.3697795823666139,0.1954255935147753,,,0.37165332982040944
2026-04-10,ANF,10:29,-1.1848579174616014,-1.2443552433517358,-1.2443552433517358,-1.5604681404421394,-0.2837166886209386,-0.2837166886209386,-0.8820369333651193
2026-04-10,PLTR,10:32,2.9952156957343323,0.6838547398207773,0.6838547398207773,0.6838547398207773,0.6838547398207773,0.6838547398207773,1.5437444836735592
2026-04-10,ZETA,10:32,-1.748486886348355,-2.74598370872009,-2.74598370872009,-2.74598370872009,-2.7368243234341727,,-1.4712076241324645
2026-04-10,SNDK,10:57,-0.3788587464920501,-0.3788587464920501,-0.4707998925221002,-0.5103172842245374,0.6337150585581153,,-0.734698059906976
2026-04-10,HNGE,10:59,0.28328611898016387,0.28328611898016387,0.28328611898016387,0.28328611898016387,-0.5338578252318205,,-0.0987681787544344
2026-04-10,NET,11:49,-2.9408235331391697,-2.9408235331391697,-2.1160609613130044,-1.8716027618627895,-2.2249546226359773,,-1.3356676592600423
2026-04-10,AXTI,12:17,2.027183922487974,1.938662005402847,1.938662005402847,1.938662005402847,1.938662005402847,1.1032308904649346,0.20899712899564346
2026-04-13,OSCR,09:40,9.819213045019492,9.819213045019492,9.819213045019492,9.54738330975955,8.09490579204466,,3.752495355206712
2026-04-13,RVMD,09:40,-1.7126923566608943,-1.7126923566608943,-1.672002041491849,-1.672002041491849,-1.672002041491849,-1.672002041491849,1.4641980724783805
2026-04-13,TER,09:40,1.384244284852798,1.506668862176852,1.506668862176852,1.2482549067915016,0.7257526449803375,0.9415424922220472,1.194253368023775
2026-04-13,ANET,09:42,4.050121537882179,4.050121537882179,3.9682539682539764,3.5079354267420593,3.606736210540684,,2.5501940579893154
2026-04-13,FCX,09:43,1.084695393759283,1.084695393759283,1.054664289958418,1.092205958837944,0.10300176574455921,0.10300176574455921,0.2038534940997927
2026-04-13,HOOD,09:45,4.87233886897358,4.903036955726292,4.903036955726292,4.175599291300713,3.4420551306104663,,1.9523865399409646
2026-04-13,BMNR,09:46,3.1700288184438152,3.1700288184438152,3.2692307692307576,3.2692307692307576,2.115521749465188,2.115521749465188,0.8502944931972234
2026-04-13,NVDA,09:48,1.720337616257206,1.720337616257206,1.6493508377301236,1.301050059455,,,0.7611822817046606
2026-04-13,QBTS,09:48,4.991023339317757,4.991023339317757,4.428571428571426,4.428571428571426,4.428571428571426,0.4120879120879106,0.5624649140718141
2026-04-13,MSFT,09:53,3.1395068022647354,3.1395068022647354,3.0482573726541506,2.1309950843629633,,,1.5086718235720016
2026-04-13,QCOM,09:57,3.120823834604214,3.1127181260808046,3.1127181260808046,3.072208690186229,,,1.984321499836798
2026-04-13,HPE,09:58,3.225135247607147,3.225135247607147,2.9466694334924215,2.7973476999585634,2.2254275705748894,-2.1544150315793154,1.1352431060758599
2026-04-13,TSM,09:59,0.3954945229194484,0.3954945229194484,0.34056987788331217,0.34056987788331217,,,-0.09095804160601517
2026-04-13,TIGO,10:41,1.2918951858622796,1.2918951858622796,1.205552849488556,0.8004851425106096,,,1.1579647214315925
2026-04-13,LITE,10:44,0.47980992145419954,0.47980992145419954,0.060874758798123985,0.060874758798123985,0.2739442212732701,,1.1525549827337667
2026-04-13,MU,10:52,3.368961923459124,3.368961923459124,3.106566096122232,3.106566096122232,,,2.2721596085719
2026-04-13,BBY,11:16,0.9457441513190723,0.9457441513190723,0.5204460966542923,0.5204460966542923,,,0.31816298283931693
2026-04-13,ASML,11:35,1.758730891103899,1.758730891103899,1.6673276320829267,1.8070857856614442,,,1.2337485069200997
2026-04-13,AAPL,12:31,0.6875779550877592,0.6875779550877592,0.6328131066076548,0.24945371570010977,,,0.5554113154852361
2026-04-13,CHEF,12:47,2.569796954314718,2.569796954314718,2.4235704102645306,2.2050106694064597,1.5150325771253526,,2.2576649699230713
2026-04-14,ADM,09:40,-0.5346820809248642,-0.7927356586912571,-0.7927356586912571,-0.7927356586912571,-0.7927356586912571,,-0.7900221049855105
2026-04-14,DE,09:46,-0.5919922624109897,-0.5919922624109897,-0.5919922624109897,-0.5505321811083985,,,-0.5486335300229498
2026-04-14,WDC,09:55,5.541786743515864,5.541786743515864,5.144842238236058,5.144842238236058,3.1444946699900056,2.1106340266547674,2.988847979035654
2026-04-14,DK,09:56,-2.8068717280069766,-2.8068717280069766,-2.8239464287732496,-2.834150072734676,,,-1.0411456118787243
2026-04-14,INTC,09:59,0.03135287662643371,0.03135287662643371,0.03135287662643371,0.03135287662643371,,,1.5262834751371912
2026-04-14,COHR,10:10,2.701108945273467,2.701108945273467,2.497956514631361,2.497956514631361,1.657046501070103,,0.6708040833039997
2026-04-14,GLW,10:11,2.9478349974978,2.9478349974978,2.91993627064131,2.576279235426804,1.9709665997875714,,0.7451663614434686
2026-04-14,CF,10:12,0.3797147920006738,0.4051316677920136,0.4051316677920136,0.19793640766476717,,,0.4162906701034437
2026-04-14,LRCX,10:14,1.3279273917571999,1.3279273917571999,1.2337879519863426,0.9374536831184388,,,0.9886913635178537
2026-04-14,AXTI,10:30,5.320813771517985,5.320813771517985,4.519335300512495,4.519335300512495,3.8660390462226912,3.8660390462226912,3.917887600583684
2026-04-14,ALAB,10:33,5.7576696622249735,5.7576696622249735,5.515706158792977,5.213182476801181,4.4308445532435625,1.716738197424883,3.8969440846766084
2026-04-14,TIGO,10:54,-1.6244740374489641,-1.6244740374489641,-1.6174000921325815,-1.6174000921325815,-1.6174000921325815,-1.6174000921325815,-0.0017639913530431706
2026-04-14,ASML,11:34,0.40935904557839464,0.40935904557839464,0.21583588552116506,,,,0.21764342776664872
2026-04-14,DELL,11:35,0.9308492461624684,0.7999563163786361,0.7999563163786361,,,,0.5521406815460169
2026-04-14,AAOI,12:11,-0.40816326530611624,-0.8281257938322351,-0.8281257938322351,-0.8281257938322351,-2.3934278241401596,,-0.3667064916858272
2026-04-14,LITE,12:17,-0.6468531468531435,-0.6468531468531435,-0.8848219891635312,-1.5237281086825871,,,-1.3041792350300045
2026-04-15,WDC,10:04,2.5886056381573264,2.5886056381573264,2.5886056381573264,2.28243964635495,,,2.4352354973527093
2026-04-15,NBIS,10:05,4.623588456712668,4.623588456712668,4.283391695847949,5.939457540682547,5.939457540682547,1.881605473761394,3.245791218208634
2026-04-15,TIGO,10:06,-1.6605161300876525,-1.6605161300876525,-1.6605161300876525,-1.6871249349192707,-1.7042476057644196,,0.9291436878905287
2026-04-15,DINO,10:07,3.397498447618208,3.397498447618208,3.342494902030313,1.4800626850078435,-0.2054794520547909,,0.2590114598331916
2026-04-15,PTEN,10:08,0.7610350076103334,0.7610350076103334,0.7099391480730244,0.3030303030302939,-0.9476309226932766,,-0.6576072194529196
2026-04-15,ASML,10:11,-1.688912909703788,-1.688912909703788,-1.6876335800105169,-1.6826805661896982,-1.6826805661896982,1.5458725340386614,1.8994290345273743
2026-04-15,FTI,10:14,0.8321027916383894,0.8321027916383894,0.6145251396648233,0.6145251396648233,,,0.9121696696489175
2026-04-15,IBIT,10:20,1.1773100249732327,1.1773100249732327,1.0691375623663513,,,,1.0171619718329101
2026-04-15,AAOI,10:22,4.531788516535906,3.3495251214384236,3.3495251214384236,3.3495251214384236,3.3495251214384236,3.3495251214384236,2.0059417374111654
2026-04-15,ANET,10:29,0.7049608355091497,0.7049608355091497,0.6721044045677083,-2.0813937808194294,,,1.1274678756512408
2026-04-15,CDW,10:29,0.2863998761513997,0.2863998761513997,0.19333384889026473,0.19333384889026473,,,0.007115998849612411
2026-04-15,DELL,10:29,-0.9497206703910521,-0.9497206703910521,-1.143016448285461,-1.3630041724617459,-1.4452473596442417,,-1.2033920200447357
2026-04-15,LRCX,10:29,-2.464534692052267,-2.464534692052267,-2.4598670127112587,-2.450862876710791,0.4584375236796223,,-2.463714799344293
2026-04-15,GLW,10:35,0.136896613296833,0.11901928112354465,0.11901928112354465,-0.40255742363247693,-0.40255742363247693,,0.2711208061296692
2026-04-15,TER,10:35,-2.5698889330485364,-2.5698889330485364,-2.5618052914623157,-2.5618052914623157,-2.5618052914623157,,0.17956230380181312
2026-04-15,SNDK,10:41,-0.39822391019017633,-0.39822391019017633,-0.4288107202680136,-1.2558030183613567,-1.2558030183613567,,0.8963037232042318
2026-04-15,NUE,10:43,0.20613107822411436,0.20613107822411436,0.08182226093382816,,,,-0.10444670722377462
2026-04-15,WPM,11:42,0.07117920211505702,0.07117920211505702,0.06439586510760265,,,,-0.42587759012144843
2026-04-15,QBTS,12:57,4.678068410462766,4.678068410462766,4.678068410462766,4.678068410462766,4.678068410462766,4.678068410462766,1.6930145285770155
2026-04-15,CHRD,15:32,-0.09998461775113654,-0.09998461775113654,-0.15757715515585247,,,,0.3743695428549465
2026-04-16,GLW,09:40,2.405032067094237,2.405032067094237,1.7555684916817471,1.877300613496935,0.9483896342794118,0.511454771055897,2.0779644717239254
2026-04-16,NVDA,09:40,0.6677669163386968,0.6677669163386968,0.41790137527544235,0.41790137527544235,,,0.2514062113442665
2026-04-16,TSM,09:40,-1.6043010055180495,-1.6043010055180495,-1.5990457117885604,-1.5990457117885604,,,-0.6629720781239801
2026-04-16,MRVL,09:49,2.450453218620363,2.1953181870426386,2.1953181870426386,3.572260619709544,3.0958914698720585,,-0.055106937674117194
2026-04-16,ILMN,10:00,2.4075931784860005,2.4075931784860005,2.5183468520664443,2.249788119269591,0.6369909759611714,,1.1956964753899662
2026-04-16,TXG,10:04,2.599512591389108,2.060606060606074,2.060606060606074,2.060606060606074,2.060606060606074,2.745576571079922,0.438526977578535
2026-04-16,QBTS,10:26,4.493639517594561,4.493639517594561,4.09002904162632,4.09002904162632,3.7886100386100408,2.526817640047674,0.37046069898024614
2026-04-16,TSLA,10:30,0.7906880282055218,0.7906880282055218,0.5638757404102357,0.11843017062029837,,,0.04457231231681883
2026-04-16,PLTR,10:34,0.7126225922528873,0.7126225922528873,0.6345177664974555,0.34446397188050426,,,0.6587521895875784
2026-04-16,IBIT,10:45,1.8940902381503033,1.8940902381503033,1.7865650309671244,1.2079583135954586,1.2079583135954586,,0.9533750556976361
2026-04-16,ALAB,10:46,4.952685264839629,4.991394148020656,4.991394148020656,4.5990512596591815,4.5990512596591815,,1.9125178468183623
2026-04-16,ASML,11:05,-1.1422506646490693,-1.1422506646490693,-1.2843651626442742,-1.76653467680834,,,-1.0732458968286673
2026-04-16,HOOD,11:05,1.1947083163354355,1.1947083163354355,0.9300162752848173,0.9300162752848173,,,0.409380339393343
2026-04-16,AMZN,11:08,1.3371750908021118,1.3371750908021118,1.3433441558441617,1.0296765318714263,,,0.3517510281072944
2026-04-16,MSFT,11:15,1.3096487102492782,1.3096487102492782,1.2059078643022358,0.2230917897449336,,,0.20399152876461693
2026-04-16,ZETA,11:21,-0.5419281232173501,-0.5419281232173501,-0.7118451025056927,-0.7118451025056927,-0.4851598173515992,,-0.1145092891474057
2026-04-16,CRM,12:04,0.20040080160321772,0.20040080160321772,0.13812154696133394,0.38214443952149235,,,0.3830908618964142
2026-04-16,TEAM,12:11,0.04366812227074579,0.04366812227074579,-0.18878884693580567,-0.18878884693580567,-0.10174418604650404,,-0.5492756735717178
2026-04-16,GH,13:54,0.4571026722925531,0.4571026722925531,0.34537259263593967,0.0583703011907577,0.7878645343367685,0.7878645343367685,0.28300911116345695
2026-04-16,QCOM,14:44,0.21239333755636025,0.21239333755636025,0.16387337057728324,,,,0.3996367290874418
2026-04-17,AMD,09:40,0.4800496839687973,0.4800496839687973,0.3461704889658135,0.3461704889658135,0.5746503306949924,,0.02048204197371284
2026-04-17,NFLX,09:42,1.906450967472284,1.705405608852395,1.705405608852395,1.5926061302282024,0.9338036937123873,,-0.3573811363907479
2026-04-17,CF,09:43,1.1497350220066371,1.1497350220066371,1.1497350220066371,1.1497350220066371,1.1497350220066371,-2.505510588373816,-0.3804788807404684
2026-04-17,DINO,09:43,1.1508498583569615,-1.9740978886163996,-1.9740978886163996,-1.9740978886163996,-1.9740978886163996,1.4742451154529324,1.0457369935347627
2026-04-17,PTEN,09:47,-2.386090365455884,-2.386090365455884,-2.386090365455884,-2.386090365455884,-2.373803597353641,,0.007675098622321001
2026-04-17,PARR,09:48,-3.048537706248089,-3.048537706248089,-3.048537706248089,-2.981115104766363,-2.981115104766363,-2.981115104766363,3.352041711284093
2026-04-17,FCX,09:49,2.6008182349503306,2.6008182349503306,2.272065249053301,2.272065249053301,2.272065249053301,-0.1280045512729422,0.4213920107937197
2026-04-17,NBIS,09:51,-0.42485732403296783,-0.42485732403296783,-0.9899117276166436,-0.9899117276166436,-0.9899117276166436,0.2521786318511188,-0.42714008928354713
2026-04-17,ILMN,09:56,1.4865680651977131,1.1811616009629988,1.1811616009629988,1.1811616009629988,,,0.9284811077220049
2026-04-17,ADM,10:05,0.23177570093457778,0.14940983116689122,0.14940983116689122,-0.09687756166628647,0.8121522033388562,0.4947526236881439,0.338115839116937
2026-04-17,NET,10:29,2.8862391893966555,2.7862985685071617,2.7862985685071617,2.022175424352368,,,2.765474317850399
2026-04-17,TIGO,10:49,3.477210603267422,3.477210603267422,3.4049040782619944,2.830069488313325,2.300150829562586,,0.3523959997144055
2026-04-17,GH,11:14,1.722585003377608,1.722585003377608,1.6653538877011265,1.7569546120058455,1.6539153915391624,,-0.5256577706969264
2026-04-17,PARR,11:24,3.1311858916681645,3.1311858916681645,3.255307802072682,2.4673699266940963,2.4673699266940963,2.5774118489350295,3.107012027967763
2026-04-17,QCOM,14:47,-0.007341065922761292,-0.007341065922761292,-0.03669455452809389,0.11392451582081797,,,0.11910397461172655
2026-04-20,PANW,09:40,1.214671561166325,1.1995703031749683,1.1995703031749683,0.8324909317952045,0.7007542015559087,,0.37637043339415016
2026-04-20,CRWD,09:41,1.8457559369856602,1.8457559369856602,1.8457559369856602,1.4426567366917276,1.4426567366917276,0.533828478588827,0.5467050215968309
2026-04-20,NVDA,09:41,1.2777471563862441,1.2726726124862253,1.2726726124862253,1.1409127301841515,,,1.108079514129397
2026-04-20,QBTS,09:42,4.635441815548047,4.308062575210614,4.308062575210614,4.308062575210614,3.362747436203195,3.7835249042145636,3.7762757286925983
2026-04-20,AXTI,09:44,4.712529079428385,5.005665533559944,5.005665533559944,5.005665533559944,4.74734042553191,3.5765943458251126,3.4119655036647973
2026-04-20,BMNR,09:44,2.1537066424847096,1.784504178902191,1.784504178902191,1.784504178902191,-3.005170215566244,,0.4559730913578419
2026-04-20,IBIT,09:45,1.4899108399812455,1.4899108399812455,1.3712242119152007,1.3234949636917515,,,0.7137715253004625
2026-04-20,WPM,09:45,-2.056443736822944,-0.9821487822682218,-0.9821487822682218,-0.9821487822682218,-0.34729179189205706,,0.021163865789138498
2026-04-20,ZETA,09:45,1.5376013419066137,1.5376013419066137,1.1135857461024523,1.1135857461024523,1.1135857461024523,,0.8597051667381894
2026-04-20,TXG,09:53,-2.604667527022575,-2.604667527022575,-2.6005817740390125,-2.6005817740390125,-2.6005817740390125,-2.5838626626921823,-1.83287864802556
2026-04-20,GOOGL,09:55,-0.4867256637168027,-0.4867256637168027,-0.6274301873453458,,,,-0.3279518019643694
2026-04-20,LITE,09:56,2.5287766566286063,2.5287766566286063,2.756253515629492,2.6513761467889863,0.7110711071107056,,1.4074127447878986
2026-04-20,HOOD,10:04,-2.6638602932626543,-2.6638602932626543,-2.66883859764927,-2.6644553085914846,1.490047814967177,,1.8818774929714472
2026-04-20,IOVA,10:04,1.749663526244949,1.749663526244949,1.8867924528301883,1.4765100671140896,1.4765100671140896,0.2652519893899141,-0.2628354522231646
2026-04-20,GLW,10:16,0.33970371332137095,0.33970371332137095,0.102899340233642,0.102899340233642,0.102899340233642,,-0.4362843975056115
2026-04-20,TSM,10:19,-0.5025262128537933,-0.5025262128537933,-0.6239995659133357,-0.22611129164542554,,,-0.2889769020932113
2026-04-20,MSFT,10:26,-0.359875116184849,-0.359875116184849,-0.40734653040807034,0.27245865152154547,0.07899461400358021,,0.08543102625559278
2026-04-20,RVMD,10:28,-2.075119643050083,-2.075119643050083,-2.0709103354474623,-2.0709103354474623,-2.069533949474145,,-2.07802795603342
2026-04-20,AAOI,11:18,6.3238020884161195,5.708279430789154,5.708279430789154,5.708279430789154,4.092356687898091,,4.037511784565921
2026-04-21,AXTI,09:40,1.2302284710017597,1.2302284710017597,0.9232428061190179,0.9232428061190179,0.9232428061190179,-0.650257860875858,-0.19958837324413428
2026-04-21,QBTS,09:40,-4.10047153653168,-4.10047153653168,-4.10047153653168,-4.10047153653168,-4.10047153653168,-4.10047153653168,-1.901759484889931
2026-04-21,TXG,09:40,-2.711289852480636,-2.711289852480636,-2.691887860078912,-2.691887860078912,-2.691887860078912,-2.691887860078912,-2.5401473379133934
2026-04-21,HOOD,09:41,-2.6761649843002666,-2.6761649843002666,-2.6761649843002666,-2.6761649843002666,-2.657105664551951,-1.149293841843435,-1.202017447161774
2026-04-21,NFLX,09:41,-1.5158698086007227,-1.5158698086007227,-1.5161112404028954,-1.512738177997086,,,-0.6026364092711659
2026-04-21,IREN,09:42,-4.131031951567898,-4.131031951567898,-4.113849402938719,-4.113849402938719,-4.088329245352251,-4.088329245352251,-3.4282227882671656
2026-04-21,AMZN,09:59,-1.2558158476870807,-1.2558158476870807,-1.2565161222977794,-1.255482160689536,,,-1.2549334213923864
2026-04-21,LRCX,10:04,-1.50972169271828,-1.50972169271828,-2.159959029590608,-2.159959029590608,-0.9717297556301019,,-0.48020116163426757
2026-04-21,DINO,10:05,2.5570383125268936,2.5570383125268936,2.2313765877102654,2.2313765877102654,2.2313765877102654,,1.7961403833056444
2026-04-21,RVMD,10:12,2.6576126296921743,2.6576126296921743,2.6788484744009633,2.6187030528564526,1.9861653311417093,1.4166042361914988,1.114853773614355
2026-04-21,CHEF,10:15,-0.25186994352007774,-0.25186994352007774,-1.70542935180108,0.5694497883801608,,,0.7314136635563647
2026-04-21,UNH,12:12,-1.3318773765913616,-1.3318773765913616,-1.3307814036947585,-1.337348570960617,,,-1.3306263772606315
2026-04-22,ILMN,10:01,-1.9950837637356944,-1.9950837637356944,-1.9936481255175886,-1.9874758402992687,,,-0.046470485901291735
2026-04-22,TXG,10:14,-2.7666052237698135,-2.7666052237698135,-2.760046461385879,-2.755295951125314,0.6616674018526725,,2.1639698157788287
2026-04-22,LRCX,10:15,2.2243602078121816,2.2243602078121816,2.031958208496598,1.5793499043976977,0.6631802334394532,,1.3528787474016868
2026-04-22,BBY,10:19,-0.33741368487130163,-0.33741368487130163,-0.0550834120239152,-0.4935756816045078,-0.4935756816045078,,0.24982657371288575
2026-04-22,TER,10:36,1.3311585815005689,1.3311585815005689,1.2698830024976848,0.9037801587509442,,,0.7911259146094881
2026-04-22,OSCR,10:40,1.4823965410747375,1.4823965410747375,1.5137472968798305,1.0703740157480324,1.0703740157480324,,1.4302484062447867
2026-04-22,SNDK,11:11,6.453366974073438,6.523454291202135,6.523454291202135,6.513601741022845,3.6905997754284936,,3.752695880332387
2026-04-22,RVMD,11:26,-2.1261310982874315,-2.1262047815692964,-2.1262047815692964,-2.1190812024102668,-1.4570552147239235,,-1.2251283688765786
2026-04-22,NBIS,11:31,-2.2278290543509494,-2.2278290543509494,-2.303960412759043,-2.5102931254965544,,,-1.768207890205457
2026-04-22,WDC,12:27,-0.24868606588899222,-0.24868606588899222,-0.22310552634953185,-0.08281919093996448,,,0.3953481771100294
2026-04-22,GLW,12:55,0.8003822721299736,0.8003822721299736,0.6927248969265998,0.39268316043019613,,,0.7213165963014431
2026-04-22,COHR,13:00,0.7544295793875389,0.7544295793875389,0.4527638192394656,0.4527638192394656,,,1.0309200353137167
2026-04-22,AAOI,13:23,3.0838220075888323,2.764786795048124,2.764786795048124,2.419631229008168,2.3424657534246496,,3.8823216204243445
2026-04-23,LRCX,09:40,-2.0892456751539834,-2.0892456751539834,-2.072490272504046,-2.072490272504046,-2.072490272504046,,-0.41041244720671316
2026-04-23,SNDK,09:40,-2.0674006219009944,-2.0674006219009944,-1.9860586880868003,-2.5067715250834066,-2.5067715250834066,,-1.7975163300245736
2026-04-23,ORCL,09:41,-2.2150908852175633,-2.2150908852175633,-2.212995828744402,-2.212995828744402,-2.216325125416607,,-2.216302160710056
2026-04-23,PLTR,09:41,-2.415810898643289,-2.415810898643289,-2.416054977473181,-2.4135352054269643,-2.4135352054269643,,-1.2972611037717408
2026-04-23,NOW,09:42,-2.6573175219423817,-2.6573175219423817,-2.6573175219423817,-2.6573175219423817,-2.6573175219423817,-2.6345182295888447,0.30617661988007194
2026-04-23,HOOD,09:45,-2.6763618879035778,-2.6763618879035778,-2.67209145013253,-2.6699246413515287,-2.702117316099051,,-1.7230420242247895
2026-04-23,BMNR,09:46,-2.9721545121008996,-2.9721545121008996,-2.97016870083755,-2.97016870083755,-2.9873791007436035,,-2.3390166532268295
2026-04-23,MSFT,09:48,-1.1713613878024387,-1.1713613878024387,-1.1716456190090652,-1.1763495283487302,,,-0.25437826278257675
2026-04-23,FCX,09:51,-1.6698999098938239,-1.6698999098938239,-0.710594315245483,-0.710594315245483,-0.710594315245483,-1.6580717290756275,-1.6587614347789066
2026-04-23,OKTA,10:01,1.0765550239234534,1.0765550239234534,0.9156050955414052,0.9156050955414052,0.9156050955414052,,0.7851163497706315
2026-04-23,TXG,10:14,-2.7942393905305063,-2.7942393905305063,-2.787104610285418,-2.787104610285418,-2.787104610285418,-2.752601251973774,0.8111141627955712
2026-04-23,IBIT,10:30,-0.00022685973943836757,-0.00022685973943836757,-0.15855039637598933,-0.16985618842714212,-0.16985618842714212,,-0.7884135568768547
2026-04-23,RVMD,10:30,-2.2314718857574967,-2.224624926210794,-2.224624926210794,-2.224624926210794,-2.2263724713217248,-2.2263724713217248,-1.5673507631750165
2026-04-23,CRWD,10:35,-2.3254249971652152,-2.3254249971652152,-2.3230652763131077,-2.300785862132393,0.7899323238496292,,-1.638218402904083
2026-04-23,HNGE,10:37,1.0526315789473717,0.746268656716409,0.746268656716409,0.07181079015035063,0.32512772875057383,,-0.0479019711758825
2026-04-23,WT,10:37,-1.2273524254821755,-1.515151515151525,-1.515151515151525,-1.515151515151525,-2.4116058931737183,,-1.605289579343235
2026-04-23,QBTS,10:55,-4.150430907093905,-4.150430907093905,-4.137222681440966,-4.178134648624566,-4.190566489880087,,-4.1736158113229065
2026-04-23,PLTR,11:09,-2.4192345226133227,-2.4192345226133227,-2.4187408857974546,-1.0192382976343617,,,-1.7090069860691208
2026-04-23,NUE,11:17,0.19996706424825206,0.19996706424825206,-1.192539113020441,-1.192539113020441,-1.187967434326298,-1.187967434326298,-0.6687732325081575
2026-04-23,NOW,11:19,-2.667831904574447,-2.667831904574447,-2.6642482727923356,-2.6642482727923356,-0.6668226485727735,,-1.391021740714223
2026-04-23,ZETA,11:32,-2.9013488584404112,-2.9013488584404112,-2.9005132164880987,-2.924094624752227,2.242822966507174,,-1.6987927415781663
2026-04-23,ORCL,11:49,-2.211713175700991,-2.211713175700991,-2.2121939963138937,-2.222289965106572,0.005673115107507343,,-2.2128930863116145
2026-04-23,PANW,11:55,0.2895193977996424,0.2895193977996424,0.17061392093924432,1.5359362176105007,1.5359362176105007,,0.23744355783779092
2026-04-23,CDW,12:19,-1.3043701542726382,-1.3043701542726382,-1.3015735179218058,-1.3015735179218058,-1.3012897858658778,,-0.4877264108803699
2026-04-23,HPE,12:25,0.2331002331002141,0.2331002331002141,0.17921146953405742,0.1476236885856741,1.17647058823529,,0.2870620636914826
2026-04-23,MU,13:09,-0.5508902964904028,-0.5508902964904028,-0.2937404327499893,-0.14088008618546866,,,-0.3964372861085567
2026-04-24,HOOD,09:40,0.9535160905840279,0.9535160905840279,0.6296780325531603,0.6296780325531603,0.24855012427507095,,1.1600237322697697
2026-04-24,NFLX,09:40,0.054159445407298,0.054159445407298,-0.08653326122227689,-0.41507196377552624,,,-0.24876577885390252
2026-04-24,AAPL,09:41,0.04429024876355658,0.04429024876355658,-0.26495685298518756,-0.26495685298518756,,,0.07985982707500172
2026-04-24,FTI,09:43,2.5933040614709135,2.5933040614709135,2.480811403508776,3.0173601543124873,,,1.1368275291222085
2026-04-24,DELL,09:48,1.6681739772011817,1.1303533816990452,1.1303533816990452,2.0570591847338227,0.15528670096880415,,-0.12381867468009104
2026-04-24,RVMD,09:50,1.6115097103790221,1.6115097103790221,1.166878599745691,0.8613296543495297,0.8613296543495297,,-0.8423415540060097
2026-04-24,CHEF,09:51,2.0748829953198378,0.972222222222241,0.972222222222241,0.972222222222241,0.972222222222241,0.972222222222241,0.27917594080491365
2026-04-24,FCX,10:04,1.2102122015914984,1.2102122015914984,0.8690767298922708,0.5683222139856614,-0.4240743761213639,,-1.189846136403383
2026-04-24,SMTC,10:09,2.054094246677196,2.054094246677196,1.8505635174620672,1.6384337683976735,1.949860724233976,,-0.2724855913161073
2026-04-24,NUE,10:14,1.1235955056179803,1.1235955056179803,1.025822426600631,0.282072589800908,,,0.5002725824446349
2026-04-24,TGTX,10:25,0.027337342810285215,0.027337342810285215,0.027337342810285215,-0.31330881351313566,-0.31330881351313566,,-0.38988293878153835
2026-04-24,HTFL,10:41,-1.9680581675542985,-1.9993550467591104,-1.9993550467591104,-1.6345687004369558,-1.1880840437776818,,-1.3782948014416523
2026-04-24,GOOGL,11:20,2.0602359637161394,2.0602359637161394,2.0118518518518647,0.3497624530006904,,,1.3503491756541308
2026-04-24,QBTS,11:44,0.5167255915148106,0.5167255915148106,0.3802281368821214,0.0546835662347922,-0.805152979066015,-0.805152979066015,-1.5516836041344944
2026-04-24,IREN,11:49,-2.8598952606298633,-4.198810128927233,-4.198810128927233,-4.198810128927233,-1.550453933703122,,-1.04226467127931
2026-04-24,QCOM,11:52,1.553980370774255,1.553980370774255,1.4709888313811037,0.9621899986447913,0.48895633114145465,,-0.6276886871497115
2026-04-24,MRVL,12:27,1.4816873571737332,1.4816873571737332,1.5161718822402914,1.2783924553887882,0.9858332565071626,,1.4122441357924769
2026-04-27,OKTA,09:44,0.47505938242280443,0.42205222896334327,0.42205222896334327,0.032845037114892506,0.032845037114892506,,-0.24858822818160467
2026-04-27,IREN,09:48,-1.6266775111834053,-1.8047786446704905,-1.8047786446704905,-1.8047786446704905,-1.8047786446704905,-1.3055895552835595,0.24513437442776898
2026-04-27,MSFT,09:50,1.3133118817781009,1.3133118817781009,1.2530017277279093,0.6549224083772787,,,0.13370027085763958
2026-04-27,GLW,09:54,-0.7917282127031022,-1.2526464361326761,-1.2526464361326761,-1.2526464361326761,-1.2526464361326761,-1.2526464361326761,-1.0908492228423272
2026-04-27,AAOI,10:02,-1.1216156687336887,-1.1216156687336887,-0.9302641406939705,-0.9302641406939705,-1.124966115478443,,-0.38200912556467886
2026-04-27,CRWD,10:03,0.8743120894727507,0.9235824341725429,0.9235824341725429,0.6197706848465989,,,-0.07940980536486435
2026-04-27,NFLX,10:03,-0.7439587292967675,-0.7439587292967675,-0.7668068823686536,-1.3984029121652752,,,-0.9918975613099845
2026-04-27,AMD,10:06,0.055340343110121815,0.055340343110121815,-0.44941813744456827,-0.44941813744456827,-0.6150646263556658,,-0.09384553791403905
2026-04-27,ANF,10:07,-0.005771339527915753,-0.005771339527915753,-0.37937026146535047,-0.37937026146535047,0.4289357755622447,,-0.387573044912648
2026-04-27,MRVL,10:19,2.3891226934283027,2.1736616277619802,2.1736616277619802,2.1736616277619802,1.0802173218280586,,1.572667612187521
2026-04-27,ORCL,10:21,1.965811965811981,1.965811965811981,1.9027421872698902,1.8397503826680817,0.46461654615674863,,0.7377526789921355
2026-04-27,BE,10:25,1.4679494108744917,1.2709030100334529,1.2709030100334529,1.2709030100334529,0.1686052715825337,0.1686052715825337,-0.11315801360415693
2026-04-27,AMZN,10:32,-0.37205930052852665,-0.37205930052852665,-0.42525601174698835,,,,-0.18213570084491723
2026-04-27,COHR,10:35,1.0850762698537464,1.0850762698537464,0.6857533105061986,0.6857533105061986,0.2839402165434102,,0.08661877689788433
2026-04-27,ANET,10:36,0.9422919349174608,0.9422919349174608,0.6477591036414543,0.6477591036414543,0.6477591036414543,,0.5403698711346827
2026-04-27,WDC,10:36,-0.41492744981117546,-0.41987577639751583,-0.41987577639751583,-1.3014196185621607,,,-0.7184395471086994
2026-04-27,CDW,10:46,-0.36301036637849116,-0.36301036637849116,-0.5862365109592593,-0.922893718368567,,,-0.6507875764717156
2026-04-27,AAPL,11:05,0.159047957637104,0.159047957637104,0.07478312892610361,,,,0.26070264544080235
2026-04-27,TIGO,11:47,-0.7549430796884526,-0.7549430796884526,-0.9744724098762592,-1.086826704884758,,,-0.8747320204994061
2026-04-27,FCX,13:23,0.31469979296065986,0.31469979296065986,0.12398743593982076,0.12398743593982076,,,-0.04599606868915437
2026-04-27,TER,15:44,0.7421894589037636,0.7421894589037636,0.6790788583456386,0.4625809516665358,,,1.3017925149600096
2026-04-28,HOOD,09:40,-0.07309051041539671,-0.07309051041539671,-0.10959571358987175,-0.6419573643410836,-0.6419573643410836,,-0.2050305621262738
2026-04-28,ORCL,09:40,0.4082867079993946,0.520770255540759,0.520770255540759,0.520770255540759,0.018075555823338085,-1.037319661380709,-0.29521636005682694
2026-04-28,QCOM,09:40,3.22025734535194,2.7958610292605934,2.7958610292605934,2.7958610292605934,2.7958610292605934,,1.147971425781143
2026-04-28,ANET,09:41,-2.020804707451296,0.009077979846883188,0.009077979846883188,-2.0173946832357514,-2.0173946832357514,,0.6433954093918004
2026-04-28,DELL,09:41,-2.38189600279477,-2.38189600279477,-2.3656057660603858,-2.3656057660603858,-2.3656057660603858,-2.3656057660603858,0.728034789604115
2026-04-28,AMZN,09:42,0.8032596041909201,0.8032596041909201,0.8071714075051251,0.38644355991808155,,,0.01444228274105249
2026-04-28,GOOGL,09:42,0.41621218209999533,0.41621218209999533,0.34420445744771655,0.3240607972469167,,,-0.19559308955241125
2026-04-28,QBTS,09:42,-0.6586169045005308,-0.7403345215245327,-0.7403345215245327,-0.9846827133479175,-0.9846827133479175,-0.9846827133479175,0.2149396956388309
2026-04-28,IBIT,09:45,0.09254974548820183,0.09254974548820183,0.03468609087755592,0.41782729805013297,,,0.35622603188292246
2026-04-28,TXG,09:45,-2.9070742098453395,-2.898439993549262,-2.898439993549262,-2.898439993549262,-2.898439993549262,,0.13150316871732848
2026-04-28,ALAB,09:47,-1.4092082616178891,-1.4092082616178891,-1.3300260320782353,-0.47509162481336187,-0.4561746497230179,,-0.24746319627222033
2026-04-28,WPM,09:48,-1.757726932289383,-1.757726932289383,-1.7607839642711398,-1.0247782196390331,,,-0.42418888384025966
2026-04-28,BE,09:52,-4.083451463504684,-4.08124809894913,-4.103745538445924,-4.103745538445924,-4.069128188519722,-4.069128188519722,-0.46015146373716104
2026-04-28,FCX,09:52,-1.8135456545468664,-1.8135456545468664,-1.8135456545468664,-1.8135456545468664,,,-0.906225135978563
2026-04-28,BMNR,09:53,1.6319772942289479,1.6319772942289479,1.6079451406951994,1.9454329774614587,3.2436328688130844,,1.7368159109803532
2026-04-28,SNDK,09:54,-3.6626870862879524,-3.650786051584276,-3.650786051584276,-3.650786051584276,-3.650786051584276,-0.7619469274381507,-1.341869011845409
2026-04-28,TSM,09:54,-1.537585408773745,-1.537585408773745,-1.5388573048715104,-1.531839282756009,-0.2442250941284141,,0.4248612855820196
2026-04-28,INTC,09:57,2.4044576343044133,2.4044576343044133,2.5784141236425473,1.549549549549556,1.549549549549556,,1.846003823597231
2026-04-28,MU,09:57,-3.016440716447133,-3.016086743353086,-3.016086743353086,-3.0230338679273383,0.4562207391174411,,1.047673962789486
2026-04-28,NVDA,09:57,-1.3618070078947109,-1.3618070078947109,1.03571682506578,-1.3578220151164389,,,0.441189862797912
2026-04-28,CRCL,09:58,1.3318655353882436,1.3318655353882436,1.2558502423805962,1.2558502423805962,1.2558502423805962,,0.3298963089220619
2026-04-28,FLR,10:07,0.3653983636507929,0.3653983636507929,0.1783944499504475,0.44718274868329466,,,0.7545365306040811
2026-04-28,GLW,10:17,-2.7602930193871056,-2.7602930193871056,-2.7602930193871056,-2.7602930193871056,-2.7602930193871056,-2.7602930193871056,-0.7574119588971251
2026-04-28,WDC,10:27,1.1091289847203756,1.1091289847203756,1.1091289847203756,1.1091289847203756,2.1856995414342384,,0.12003113163958264
2026-04-28,NUE,10:50,3.5515480517090747,3.5515480517090747,3.4587364695608303,2.7128157156220745,1.7723922774336653,,0.4563834316141306
2026-04-28,MRVL,10:59,1.335978835978846,1.335978835978846,1.1319758423814497,0.7529179681078579,0.7529179681078579,,0.9256067475583866
2026-04-28,ANF,11:08,0.5247950940503454,0.5247950940503454,0.578171091445423,0.4833195803371382,,,0.7452963370078244
2026-04-28,AMD,11:12,1.069786355531921,1.069786355531921,1.0050172712921634,1.0050172712921634,1.0476607455591758,,-0.8100546157929064
2026-04-28,IOVA,11:38,0.0,0.0,-0.2945508100147376,-0.2945508100147376,-0.4411764705882337,,-0.34026095301284237
2026-04-28,BE,12:52,1.2187500000000018,1.230047996428163,1.230047996428163,0.6123807410694404,0.6123807410694404,-0.48281613483739383,0.5006615969558315
2026-04-28,NFLX,13:14,1.7527421043928904,1.7527421043928904,1.6518914156709474,1.3950678310540088,,,1.9532291741751455
2026-04-28,MU,13:33,0.7714137255685705,0.7714137255685705,0.6025298272215762,-0.05351727418683172,,,0.799451665131227
2026-04-28,SNDK,13:34,-0.7183055295814089,-0.7183055295814089,-0.7531372471398567,-1.0039486673247722,,,0.18388822589664455
2026-04-28,ANET,14:54,0.523146176774758,0.523146176774758,0.45653772971263606,-0.03024803387779995,,,0.06985344390514718
2026-04-29,ANF,09:40,-0.5207100591715919,-1.1058823529411788,-1.1058823529411788,-1.1058823529411788,-0.8317112015572392,,-0.610507872020923
2026-04-29,CNH,09:40,0.8508508508508372,0.8508508508508372,0.6996501749125361,0.6996501749125361,0.298656047784962,,0.8176549567687171
2026-04-29,FTNT,09:40,1.2460326789702547,1.2460326789702547,1.2460326789702547,0.41972717733473885,0.41972717733473885,,0.9713366115994715
2026-04-29,NFLX,09:40,0.748756626769409,0.748756626769409,0.6223805921185432,0.6223805921185432,0.17933807945220703,,0.04074399257142369
2026-04-29,PANW,09:40,1.6340235030777972,1.1697860962566864,1.1697860962566864,1.1697860962566864,,,0.6773702448656568
2026-04-29,CRWD,09:41,1.0689777509287124,1.0689777509287124,0.48198658433653563,0.48198658433653563,0.48198658433653563,,0.7267218242487994
2026-04-29,HNGE,09:42,-2.2539359384748603,-2.2539359384748603,-0.6212583305094332,-2.2511492356173557,-2.2511492356173557,,-1.5623265384454725
2026-04-29,MSFT,09:42,0.28441154111473743,0.28441154111473743,0.10254476019848635,-0.09763442378045717,,,0.3813965972176055
2026-04-29,TER,09:44,-2.154749045626936,-2.154749045626936,-2.154749045626936,-2.154749045626936,-2.154749045626936,-2.154749045626936,-2.1853329798167676
2026-04-29,WPM,09:44,-1.7108411005378188,-1.7056968188781219,-1.7056968188781219,-1.7056968188781219,,,-0.29995177916336546
2026-04-29,ALAB,09:46,6.297895304910939,6.297895304910939,6.297895304910939,6.103210514975221,6.103210514975221,4.233476213155529,2.2146627072380687
2026-04-29,GH,09:46,-3.1258700958239904,-3.1258700958239904,-3.114597574742761,-3.1108581131330304,-3.1108581131330304,-3.094141058548494,3.784556928654137
2026-04-29,HOOD,09:46,-2.5675251700296053,-2.5675251700296053,-2.5675251700296053,-2.555818501993279,-2.555818501993279,-2.555818501993279,-1.3952081042996536
2026-04-29,OKTA,09:46,1.492139621636035,1.492139621636035,1.0612894667020534,1.0612894667020534,1.074698155764886,,1.139734009248124
2026-04-29,AMD,09:50,5.288476556398969,4.4580460215386974,4.4580460215386974,4.4580460215386974,4.4580460215386974,,1.7877495237651326
2026-04-29,NTRA,09:50,-2.372513909533547,-2.372513909533547,-2.3659702856433817,-2.3659702856433817,0.5213172292763524,,0.15247029248716495
2026-04-29,NOW,09:53,0.8264594034566919,0.8264594034566919,0.4179374223427068,0.4179374223427068,0.4179374223427068,,1.443077057922933
2026-04-29,RVMD,09:59,-0.31192400396994335,-0.867113147691212,-0.867113147691212,-0.867113147691212,-0.867113147691212,,-0.9042886819558079
2026-04-29,DE,10:03,0.04017821269453048,0.04017821269453048,-0.24394586894587178,-0.28123386910163806,,,-0.2925685713126162
2026-04-29,TXG,10:04,-2.9276338954339898,-2.9276338954339898,-2.916560102921706,-2.920702943976994,-2.9929765248323137,,-1.7677452288690738
2026-04-29,NVDA,10:33,-1.3618665337646663,-1.3618665337646663,-1.3609002640935675,-1.3584568806758734,,,0.24291145427107383
2026-04-29,FCX,10:38,-0.7928901280822465,-0.7928901280822465,-0.7496513249651282,-1.0085202573465457,,,0.12469107660082097
2026-04-29,MRVL,10:55,1.412100012955042,1.412100012955042,1.2612379535605678,1.8044672757421054,1.7085688299876445,,1.7904388054537534
2026-04-29,BBY,11:00,-0.3056027164685893,-0.3056027164685893,-0.4070556309362261,-0.5756857433118934,,,-0.2265032232226035
2026-04-29,CRCL,11:15,4.469945355191252,4.469945355191252,4.492785308264091,4.3786853024677885,3.890881425931969,1.1642514173472396,3.5115808946097893
2026-04-29,AAPL,11:42,0.4143826070798218,0.4143826070798218,0.40505388331475434,,,,0.08134550799628881
2026-04-29,IOVA,12:45,0.302571860816947,0.302571860816947,0.15105740181269312,0.15105740181269312,0.7813212537622016,,0.3749133091133672
2026-04-29,GOOGL,14:58,-0.0556848522923592,-0.0556848522923592,-0.11985959304814386,-0.327504698980452,,,0.3920946471760593
2026-04-30,PTEN,09:40,0.907965332232763,0.907965332232763,0.907965332232763,0.907965332232763,0.907965332232763,-0.6501422186103167,0.2226060995020466
2026-04-30,NOW,09:41,0.3409090909090917,0.3409090909090917,0.4664922061667909,0.4664922061667909,2.291064997109671,,0.7117452384709363
2026-04-30,OKTA,09:42,-0.7215591071548899,-0.7215591071548899,-0.7215591071548899,-2.3371575836875658,-2.3371575836875658,,-0.3180512623289629
2026-04-30,CRWD,09:43,-2.2592374250703595,-2.2592374250703595,-2.2529510122159424,-2.2529510122159424,-2.2529510122159424,,0.3419107342517602
2026-04-30,FTNT,09:43,-1.689543085966061,-1.689543085966061,-1.6868516196069216,-1.6868516196069216,,,0.8597378345277518
2026-04-30,PANW,09:46,-2.081313742933355,-2.081313742933355,-2.0759449128230023,-2.0759449128230023,2.0426742532005715,,-0.2958821038350101
2026-04-30,TSLA,09:48,2.940859054608258,2.8146431506756997,2.8146431506756997,3.1607408408814486,,,0.8893119313736042
2026-04-30,AMD,09:53,5.158134865345065,5.158134865345065,4.668507879307038,4.668507879307038,3.743065009588231,,2.413813517891731
2026-04-30,CDW,09:53,1.7761593341260262,1.7761593341260262,1.6402713672787117,1.6402713672787117,,,0.9125927688020082
2026-04-30,ORCL,09:58,-0.6311382038730384,-0.8174051994345843,-0.8174051994345843,-0.8174051994345843,,,-0.3890097414744849
2026-04-30,INTC,10:02,2.074323069013051,2.074323069013051,1.4874080438167958,1.4874080438167958,1.4874080438167958,,0.8744454346469125
2026-04-30,NUE,10:07,1.6193784112950471,1.4454901607601212,1.4454901607601212,1.4454901607601212,,,1.0100710323994362
2026-04-30,OSCR,10:10,4.76730987514189,4.76730987514189,4.470854555744186,4.470854555744186,1.6519823788546217,,1.2712014396412563
2026-04-30,DK,10:27,1.2052117263843698,1.2052117263843698,1.1722565939433327,0.8111615833874097,-2.5198394270606994,,-0.4245596940564256
2026-04-30,CRWD,10:43,1.42701078792844,1.1920980926430458,1.1920980926430458,1.1920980926430458,0.5641430666817104,,0.9388608320547295
2026-04-30,BE,10:49,4.086021505376358,3.990450830961345,3.990450830961345,3.4188411932358775,3.4188411932358775,3.43391539416964,0.021140157284856482
2026-04-30,RVMD,11:03,2.840017125731431,2.840017125731431,2.5108471441781077,2.5108471441781077,,,1.8756619275695459
2026-04-30,DELL,11:07,2.45805122166618,2.45805122166618,2.3767304844204418,1.3983976693372258,1.1675225268869438,1.1675225268869438,2.8025528844049483
2026-04-30,ANF,11:20,1.7274243507267029,1.7274243507267029,1.5822031881989052,0.8146399055489972,0.12311660901682675,,1.5865398888844788
2026-04-30,GOOGL,11:48,3.169260007699526,3.169260007699526,2.9128808123997985,2.9128808123997985,2.1513048894161058,2.1513048894161058,1.0646741802799713
2026-04-30,PANW,13:03,1.1163734776725276,1.1163734776725276,1.1163734776725276,0.8321151467446164,0.10052472679433766,,1.0786600300596232
2026-04-30,FTNT,13:30,0.40495474035255885,0.40495474035255885,0.327283546563506,0.8252601363473167,,,-0.12195612424855302
2026-04-30,UNH,14:40,0.5686985083540375,0.5686985083540375,0.5264014760948621,,,,0.40579558389724674
2026-04-30,DINO,15:33,1.9225224951822995,1.9225224951822995,1.7187854925418522,1.7187854925418522,0.9695603156707921,,0.9698786650914467
2026-04-30,PARR,15:41,1.4293440469751895,0.906994619523438,0.906994619523438,0.906994619523438,0.906994619523438,,-0.12130696648657475
2026-05-01,ASML,09:40,0.5014304871087338,0.5014304871087338,-0.04479220615611901,-0.04479220615611901,,,-0.4786894004640829
2026-05-01,FCX,09:40,-1.041119860017492,-1.110333974471056,-1.110333974471056,-1.213973799126633,-1.6178133426111185,,-0.9253750806514693
2026-05-01,CHRD,09:42,-1.7192993318758898,-1.7192993318758898,-1.7181066991539984,-1.7079768420510955,1.582633053221283,,1.4021048877627562
2026-05-01,ILMN,09:43,3.376860699737305,3.376860699737305,3.376860699737305,3.376860699737305,3.376860699737305,2.8755446107217475,1.722065141873948
2026-05-01,DE,09:49,-1.318652851877733,-1.318652851877733,-1.3167021819785019,-1.3133079290163496,,,-0.564779467561749
2026-05-01,DINO,09:50,-1.8209438580887638,-1.8209438580887638,-1.8209438580887638,-1.8209438580887638,-1.8209438580887638,-1.8136297814818958,0.2347419338798229
2026-05-01,FTI,09:50,1.6360466675606977,1.6360466675606977,1.2423189954581915,1.2423189954581915,1.1274934952298477,,1.040099500142433
2026-05-01,HALO,09:50,2.0505864517673444,2.0505864517673444,1.3631320336027875,1.3631320336027875,,,0.09790375646652194
2026-05-01,GOOGL,09:53,1.1659169300580974,1.1659169300580974,0.968611743762926,0.968611743762926,,,0.3651864915277618
2026-05-01,WT,09:53,1.931922723091084,1.931922723091084,1.931922723091084,1.931922723091084,1.931922723091084,0.48367593712213,0.4344547575805084
2026-05-01,DELL,10:03,0.41095235819754716,0.41095235819754716,0.41095235819754716,0.41095235819754716,,,0.21317124614399496
2026-05-01,ZETA,10:14,-0.984828320468456,-1.846965699208436,-1.846965699208436,-1.846965699208436,-1.846965699208436,-1.846965699208436,-0.8604414806369568
2026-05-01,RVMD,10:24,-1.5945812460311792,-1.5945812460311792,-1.4659648874915998,-1.0780906447265814,-2.3992920242540294,-2.3992920242540294,-0.9901252088745593
2026-05-01,WDC,10:32,1.8983682763665355,1.5306122448979664,1.5306122448979664,1.5306122448979664,1.185650350305778,,-0.5740208649989734
2026-05-01,MRVL,10:38,1.3019713811950995,0.8868501529051942,0.8868501529051942,0.8868501529051942,0.8868501529051942,,-0.36380130541117844
2026-05-01,NFLX,10:50,-1.3620313304277931,-1.3620313304277931,-1.3615972168563473,-1.359647125361807,,,-1.1215716414040733
2026-05-01,CHRD,10:59,2.007664990682456,2.007664990682456,1.9897349363706684,1.582633053221283,1.582633053221283,,0.04913207283654778
2026-05-01,PLTR,10:59,0.2573933616310642,0.2573933616310642,0.20161346407956415,0.47062515254001624,,,0.05786097456907576
2026-05-01,PARR,11:01,1.3335400837339195,1.3335400837339195,0.9422304603027509,0.9422304603027509,0.9422304603027509,,1.2838691878476045
2026-05-01,PTEN,11:02,1.0975094976783284,1.0975094976783284,0.9270965023177258,0.6725514922236275,0.6725514922236275,,1.0977618468069734
2026-05-01,UNH,11:08,-0.10563952543474198,-0.10563952543474198,-0.18945032341876056,,,,-0.3645460687704549
2026-05-01,CRM,11:13,1.8681745107822056,1.8681745107822056,1.50243040212108,1.50243040212108,1.50243040212108,,0.8529752388045653
2026-05-01,SNDK,11:19,8.723720632306176,8.723720632306176,8.63475112460228,8.175825776612422,7.838083136685436,,7.2529143300742005
2026-05-01,DDS,11:25,0.34428906083621147,0.34428906083621147,-0.1289410933498214,-0.859166783560128,-0.25579056926633426,,0.04919887878274132
2026-05-01,CRWD,11:26,0.6216078959570659,0.6216078959570659,0.4154069895553336,,,,0.3183825585719724
2026-05-01,QCOM,11:41,2.264325323475047,2.264325323475047,2.1522127978766292,1.3394390383514532,,,1.3446742158589877
2026-05-01,WPM,13:28,0.007947230390215054,0.007947230390215054,-0.05559526646016222,-0.26155187445510153,,,0.03598763901734303
2026-05-04,WPM,09:42,-0.4675343835417678,-0.4675343835417678,-0.6999440044796468,-0.9929813367363094,-0.9929813367363094,,-0.1456393271564919
2026-05-04,GLW,09:45,-0.2522185894441864,-0.2522185894441864,-0.5155279503105681,-0.5155279503105681,-0.5155279503105681,,-0.11863421655724515
2026-05-04,INTC,09:46,-2.3005509079779607,-2.3005509079779607,-2.160809154066201,-2.160809154066201,-1.9954991511018316,,-1.63043410460136
2026-05-04,FCX,09:51,-1.0149572649572502,-1.0149572649572502,-0.944404846756941,-1.1030065824586321,-1.3662171753016206,,-1.3585434548293012
2026-05-04,ANF,09:52,-2.183171238149051,-2.183171238149051,-2.175396792648665,-2.175396792648665,-2.192811665530414,,-0.8741531543262108
2026-05-04,TIGO,09:52,0.698879383058193,0.698879383058193,0.6261288380493557,0.4205719778899164,0.46886270738155655,,0.22795986822204592
2026-05-04,ZETA,09:54,1.849806736609616,0.8474576271186418,0.8474576271186418,0.8474576271186418,0.8474576271186418,-0.10831302464121562,0.6325393774723261
2026-05-04,UNH,09:58,1.0465771957312686,1.0465771957312686,0.987375216201114,0.05667251383079108,0.05667251383079108,,0.764316711017902
2026-05-04,AMD,10:00,-2.2475816739827237,-2.246165915040166,-2.246165915040166,-2.246165915040166,-1.3006156247290401,,-0.15713397336472776
2026-05-04,BBY,10:30,-1.4964961585748338,-1.4964961585748338,-1.4944685577163996,-0.9702902284046022,,,-0.9663383408881954
2026-05-04,FTI,10:30,0.5797492247539227,0.5797492247539227,0.40376850605652326,0.2216699133472,,,0.26883169179745536
2026-05-04,NFLX,11:00,-0.8602853098116037,-0.8602853098116037,-0.9573542210617902,,,,-0.8560552978417476
2026-05-04,NUE,11:05,0.3509395406690041,0.28589693504279534,0.28589693504279534,1.164352888490816,,,0.2935491941908304
2026-05-04,QCOM,11:37,-1.016989007113056,-1.016989007113056,-1.9258514363924562,-1.9258514363924562,,,-0.22582280792378118
2026-05-04,CHEF,12:23,0.10268258246695083,0.10268258246695083,-2.0997857631972705,-2.0997857631972705,1.4306151645207432,,0.4207978124269059
2026-05-04,DELL,12:30,1.0983238622797487,1.0983238622797487,1.07177810135346,0.5700919529200377,0.3935887708649499,,0.9289534281320622
2026-05-04,AAPL,13:21,-0.11545677586954906,-0.11545677586954906,-0.12266397286962993,-0.24862177061939494,,,0.05905403872977407
2026-05-04,HPE,13:21,-0.3641408011097691,-0.3641408011097691,-0.3641408011097691,,,,-0.02861146488289575
2026-05-05,NBIS,09:40,2.0728096150496533,2.0728096150496533,2.0728096150496533,2.0728096150496533,2.0728096150496533,2.0728096150496533,-0.7604104503279382
2026-05-05,ZETA,09:48,-0.1677852348993203,-0.1677852348993203,-0.1677852348993203,-0.6401335930976804,-0.6401335930976804,,-0.052394475480580883
2026-05-05,CHRD,09:49,0.6409391445149071,0.6409391445149071,0.4444145175409142,0.4444145175409142,,,-0.46111224742774554
2026-05-05,ANF,09:52,0.1083699878880573,0.1083699878880573,-0.2857324274557205,-0.2857324274557205,-0.2857324274557205,,-0.4624187109781926
2026-05-05,NOW,10:04,2.5638167428380543,2.170895563822106,2.170895563822106,2.170895563822106,2.170895563822106,,0.5150633496204593
2026-05-05,QBTS,10:20,3.286948176583482,3.286948176583482,2.500488097562359,2.500488097562359,1.0563380281690016,,1.3342679904100911
2026-05-05,FLR,10:28,0.616932422171601,0.616932422171601,0.5310573731626356,0.7125213756412618,-0.25404591644712093,,0.5026600376324778
2026-05-05,ANET,10:29,-1.5750989855784492,-1.5750989855784492,-1.874228355174068,-1.8693617710979327,,,-1.3729482668542348
2026-05-05,PANW,10:29,0.678633975481624,0.678633975481624,0.5713036109668446,0.288938559668539,,,0.18977810778099866
2026-05-05,TEAM,10:44,1.8730718378139999,1.8730718378139999,1.5485996705107086,1.5485996705107086,1.3593510195132552,,1.682350000093713
2026-05-05,CRCL,10:48,-1.7693400490765843,-2.2365038560411277,-2.2365038560411277,-2.2365038560411277,-3.900562290472076,0.21960646521432814,-1.7729601009484952
2026-05-05,TXG,11:43,0.022722108611694658,0.022722108611694658,-0.18140589569161092,-0.497287522603973,-0.5871725383920445,,0.9479605364275464
2026-05-05,HALO,15:18,-0.6634499396863669,-0.6634499396863669,-0.7457627118644172,,,,-0.914355831867634
2026-05-06,MU,09:40,-2.7774125609681843,-2.7774125609681843,-2.7774125609681843,-2.7774125609681843,-2.7774125609681843,-2.7774125609681843,1.4974379967267397
2026-05-06,PLTR,09:42,0.654676800361198,0.654676800361198,0.4166510266131018,-0.2684163435729303,-0.2684163435729303,,0.023788886952140025
2026-05-06,HPE,09:43,2.2046449007068203,2.065168433577802,2.065168433577802,1.9130726631985118,1.9130726631985118,,1.1061147342463034
2026-05-06,AAPL,09:44,1.8254572495971955,1.8254572495971955,1.6149551205032031,1.6149551205032031,0.38225899355921467,0.38225899355921467,0.6613445096465886
2026-05-06,CF,09:46,-1.5222578787130736,-1.5263092936191103,-1.5263092936191103,-2.2748766644335228,-2.280639375493576,,-1.7958009535382218
2026-05-06,SMTC,09:51,5.877652490455487,5.507631055076301,5.507631055076301,5.507631055076301,4.779896318425436,5.934085457937299,1.9192480325560164
2026-05-06,WDC,09:51,-2.7405242725211054,-2.716809569226697,-2.716809569226697,-2.716809569226697,-2.716809569226697,2.8950478603903207,2.556058970032319
2026-05-06,PANW,09:52,1.9992225245737627,1.9992225245737627,1.4387098555767253,1.4387098555767253,1.020712353600528,,0.2727993886588657
2026-05-06,NET,09:53,4.292187631115207,4.292187631115207,4.239704772288855,3.9215686274509887,3.2160282362711623,1.29176854115729,2.0006455155118377
2026-05-06,FTI,09:58,0.7081574288437809,0.7081574288437809,-1.4392686412666889,-1.4344915523672785,0.13540961408260443,,0.30992859917879184
2026-05-06,NFLX,10:01,1.0192395785616037,1.0192395785616037,0.9787648102569824,0.3640914779838411,,,0.25971614246176333
2026-05-06,CRM,10:05,-0.7881408060189998,-0.951495597965768,-0.951495597965768,-1.8986698898069365,,,-0.27144191796263745
2026-05-06,NOW,10:08,0.078682627999771,0.078682627999771,-0.09537701974866586,-0.09537701974866586,-1.9222295659837019,,-0.4119554429219778
2026-05-06,PARR,10:18,2.671063478977742,2.671063478977742,2.671063478977742,2.1321961620469176,2.1321961620469176,2.1321961620469176,-0.9727944130936547
2026-05-06,CHRD,10:24,0.7808582276667364,0.47853724733948333,0.47853724733948333,-0.10651139671945531,-0.2375633797822796,,-0.1276747919901585
2026-05-06,MU,10:42,3.9938220565063354,3.9938220565063354,4.070942913124598,3.238158486114995,3.238158486114995,,1.578022196175277
2026-05-06,SNDK,10:45,2.269026345529679,2.1704465560605124,2.1704465560605124,2.1704465560605124,0.9246796019187986,,2.492484501562031
2026-05-06,ADBE,10:50,-0.5467088129460618,-0.5467088129460618,-0.6947752898205484,-1.0522568139562427,,,-0.38640193034162146
2026-05-06,INTC,10:53,2.736363636363648,2.736363636363648,2.736363636363648,2.373403387988038,2.373403387988038,,1.7346766900911008
2026-05-06,GLW,11:01,-0.6565628932538203,-0.9654194392931248,-0.9654194392931248,-2.6383957899796084,-2.6383957899796084,-1.073335512694784,-1.6645661382074426
2026-05-06,CRWD,11:05,-0.11953296761937349,-0.11850961353742084,-0.29192414233966124,-0.15047952010432963,,,0.019815974724797975
2026-05-06,FTNT,11:23,1.248453492295587,1.248453492295587,1.0495594095526695,1.2256831215562647,0.17805475183618746,,1.3277204495384314
2026-05-06,HOOD,11:51,2.4627349319507275,2.4627349319507275,2.3831109959849828,0.9900990099009688,0.15203344735841284,,1.8942534089804914
2026-05-06,DK,12:03,-1.1648351648351651,-1.2949956101843796,-1.2949956101843796,-1.7693315858453573,-1.7693315858453573,,-1.1599609881019342
2026-05-06,MRVL,12:06,1.521495547561491,1.521495547561491,1.3481690804191704,1.3481690804191704,,,1.7671810139657944
2026-05-06,WDC,12:20,3.744498121309725,3.744498121309725,3.8225182638590427,3.5621664487643923,3.5621664487643923,,2.8779822903392875
2026-05-06,ALAB,14:30,2.0261250953470533,1.6674584323040254,1.6674584323040254,1.6674584323040254,1.7061115863511,,3.5247596765295133
2026-05-06,DINO,14:57,-0.1545595054095794,-0.1545595054095794,-0.2876587385111873,-0.46224961479198745,-0.5597537083683046,,-0.56889965135453
2026-05-07,CRCL,09:41,-3.872186918887166,-3.872186918887166,-3.872186918887166,-3.872186918887166,-3.872186918887166,-0.7406108944300827,-2.5597358657731974
2026-05-07,CF,09:42,3.133284081526222,3.133284081526222,3.133284081526222,3.133284081526222,2.7003635104725587,-1.9808648500783566,1.5336782714340025
2026-05-07,HNGE,09:42,1.114093466191135,1.114093466191135,1.114093466191135,1.114093466191135,1.114093466191135,,0.28393811323642976
2026-05-07,QCOM,09:42,6.810394813135834,6.810394813135834,6.990865410000535,6.990865410000535,7.036078389942424,0.6432065959718791,-1.1825199953603354
2026-05-07,NBIS,09:43,-4.174436610821974,-4.174436610821974,-4.174436610821974,-4.166200373707884,-4.198213627519831,-4.1602106287616625,-2.438074209863435
2026-05-07,DINO,09:45,1.5335877312981694,1.5335877312981694,1.5847860538827474,1.0823596874776076,1.0823596874776076,1.8268467037331204,0.3380206006282453
2026-05-07,DK,09:45,1.8928164196123198,1.8928164196123198,1.9160583941605802,1.7999544315333793,1.7999544315333793,,1.9157647265042248
2026-05-07,COHR,09:46,-3.407664039045444,-3.407664039045444,-3.407664039045444,-3.407664039045444,-3.407664039045444,-3.407664039045444,-2.167236077148423
2026-05-07,CLMT,09:50,2.0353982300885143,2.0353982300885143,2.0353982300885143,2.885187388459265,0.8381313315356076,,0.9442014626774112
2026-05-07,AMD,09:52,-2.4433537188014887,-2.4433537188014887,-2.4433537188014887,-2.4433537188014887,-2.425144283932057,,-0.49197215976882386
2026-05-07,AAOI,10:08,-6.149077830301575,-6.127862562682951,-6.127862562682951,-6.127862562682951,-6.084405156444806,0.10797078437601026,-1.206122401794844
2026-05-07,SNDK,10:08,-3.3849407551873822,-3.3849407551873822,-3.380037606474273,-3.380037606474273,-3.356869287597253,,1.1250906041584703
2026-05-07,BE,10:09,-3.9625433513374775,-3.9552395928079243,-3.9552395928079243,-3.938150018360187,-3.8964122641177545,-2.735402419779054,-1.2536950894551757
2026-05-07,WDC,10:11,-2.7953438477350323,-2.7953438477350323,-2.7878277045405797,-2.7878277045405797,0.539544962080174,,1.4772521401503609
2026-05-07,DELL,10:15,-0.5398635225015158,-0.5398635225015158,-0.6364205121567101,-0.8652604390874008,-2.248917920043003,-2.248917920043003,0.010354732296202762
2026-05-07,SMTC,10:15,2.0486985726280604,1.7028576210200486,1.7028576210200486,0.7961519323270938,0.7961519323270938,0.3136348629910968,1.4512499032315107
2026-05-07,TER,10:15,-2.3272073384514758,-2.3272073384514758,-2.3272073384514758,-2.3272073384514758,-2.3272073384514758,,-2.3793413210716783
2026-05-07,MRVL,10:16,-2.571815087903828,-2.563605420343096,-2.563605420343096,-2.5579040679025944,-2.5454727604680816,,-2.1683541477156525
2026-05-07,ASML,10:22,-1.5187372491229145,-1.5187372491229145,-1.5165693356198218,-1.5126552104869462,,,0.04975245897426891
2026-05-07,LRCX,10:22,-1.9758433637945383,-1.9758433637945383,-1.978230966257355,-1.9645299906287383,0.7454381862234571,,-0.14975590277442885
2026-05-07,ALAB,10:28,-1.85250263567448,-1.85250263567448,-2.0050125313283207,-3.8425031676571075,-3.8128107516597565,,0.21564808725809867
2026-05-07,FLR,10:51,-1.5384241117348374,-1.5384241117348374,-1.5323076962962867,-1.5323076962962867,0.5116096025186812,,-0.667640102011724
2026-05-07,GLW,10:51,0.4652699391570092,0.4652699391570092,-0.0657246138679013,-0.0657246138679013,-0.0657246138679013,-0.0657246138679013,0.14973151425196063
2026-05-07,MU,10:54,-2.8101447734933616,-2.8075164137199793,-2.8075164137199793,-2.8075164137199793,-0.8946390306810437,-0.8946390306810437,0.3670625548114333
2026-05-07,HPE,10:57,-0.4526404023470154,-0.4526404023470154,-0.4693261816962724,-1.751472243560681,,,0.6783850043141859
2026-05-07,CHEF,11:01,2.52390057361378,2.52390057361378,2.52390057361378,1.7907992153388674,1.7907992153388674,,0.7374047613109372
2026-05-07,INTC,11:09,-2.0903122068873015,-2.0903122068873015,-2.307348808355547,-2.530013339261894,-0.33190870237337355,,-1.6239352000565772
2026-05-07,FCX,11:27,-1.57299102333196,-1.5712150657249735,-1.5712150657249735,-1.5850200793190439,,,-0.7522904339096007
2026-05-07,PTEN,11:28,2.7902790279027867,2.7902790279027867,2.5594970812752527,2.5594970812752527,1.2411347517730542,,2.1416367876921174
2026-05-08,NTRA,09:41,-2.522576516907238,-2.522576516907238,-2.5035254634360293,-2.5035254634360293,-2.5035254634360293,-2.4897207881610983,-1.8054475436145025
2026-05-08,DK,09:43,4.342896019956899,3.8366057323403258,3.8366057323403258,3.8366057323403258,3.8366057323403258,2.8846153846153744,0.040604918541960654
2026-05-08,LITE,09:45,-3.9198271562808973,-3.885892222848608,-3.885892222848608,-3.885892222848608,-3.885892222848608,-3.8503519353866755,-1.5187010730839539
2026-05-08,CNH,09:47,2.189101071262245,2.189101071262245,2.0939972080037395,1.8097447795823784,,,0.6300638585845952
2026-05-08,FLR,09:49,-1.687200582274051,-1.687200582274051,-1.6888947477588734,-1.6733985876810409,-1.6733985876810409,-1.6733985876810409,-0.44088729960810963
2026-05-08,CRM,09:50,2.130313492921898,2.130313492921898,1.9575947947049643,2.083567336852754,2.083567336852754,,1.5197777206943746
2026-05-08,CRWD,09:50,6.428373801228848,6.428373801228848,5.996081181718926,5.996081181718926,5.44866031289335,,1.2333235469003039
2026-05-08,CLMT,09:57,0.7616804083235174,0.7616804083235174,0.7221350078492783,0.3126954346466482,0.3126954346466482,,-1.0792905673977948
2026-05-08,OKTA,10:01,6.619669810661466,6.619669810661466,6.322858590978209,5.593657585100353,2.5794621026894893,2.5794621026894893,0.8111272047656085
2026-05-08,PLTR,10:01,2.7667984189723382,2.7667984189723382,2.736074900413854,2.499408657257751,,,1.5633067118608606
2026-05-08,IREN,10:06,-4.215172618114604,-4.215172618114604,-4.215172618114604,-4.215172618114604,-4.215172618114604,-4.13581869837345,-2.467308713613218
2026-05-08,HOOD,10:13,2.9350788137857187,2.9350788137857187,2.9213303058634787,2.3743855453699947,,,1.279191234486617
2026-05-08,DDS,10:15,1.2060960386525599,1.2060960386525599,1.2060960386525599,1.2060960386525599,1.2060960386525599,,0.524586931939286
2026-05-08,OSCR,10:15,5.003697313285671,4.1564792176039145,4.1564792176039145,4.1564792176039145,4.1564792176039145,,2.77631093133958
2026-05-08,ILMN,10:17,4.468821320768601,4.468821320768601,4.158255954784007,3.7356531910227364,2.632720960509194,,1.7595199277645597
2026-05-08,ADBE,10:18,1.8121115826310819,1.8121115826310819,1.571058809366166,1.571058809366166,1.571058809366166,,1.2609218216928546
2026-05-08,TER,10:23,-0.14848531105591256,-0.14848531105591256,-0.29514875219975867,0.048665860203822575,0.048665860203822575,,-0.1791666300612708
2026-05-08,QBTS,10:26,1.668169522091989,1.668169522091989,1.668169522091989,3.015075376884413,2.569934045940414,,0.268770028744673
2026-05-08,ORCL,10:34,0.8232993722342208,0.6963537785543483,0.6963537785543483,-0.1782567518756606,,,-0.21987367531542215
2026-05-08,CDW,10:38,-1.9936779420580586,-1.9936779420580586,-1.9896027850641707,-1.9896027850641707,,,-1.3954020136865566
2026-05-08,LRCX,10:43,0.705503613137437,0.705503613137437,0.591817186644783,0.20104954678663578,0.20104954678663578,,0.10328551900960307
2026-05-08,NFLX,10:45,-0.25094102885822034,-0.25094102885822034,-0.29074739182486375,-0.2054091064703778,,,-0.17278653087401766
2026-05-08,NOW,10:55,1.6716664250426394,1.6716664250426394,1.361943409861599,1.361943409861599,0.5958291956305928,0.49603174603174427,-0.18124338499089232
2026-05-08,TEAM,11:14,6.610800744878942,6.610800744878942,6.350864971554615,6.350864971554615,5.517919039187924,,5.242576597202983
2026-05-08,CRCL,11:31,0.9281570727353916,0.6676161652127366,0.6676161652127366,0.6676161652127366,0.6765779399982241,-0.4138781261007418,1.1310416492399389
2026-05-08,BE,11:48,2.030857679220932,2.030857679220932,1.6333709922474515,1.6333709922474515,1.2900683335921759,0.9412652350551332,1.7173109536637974
2026-05-08,WT,11:57,1.1111111111111072,1.1111111111111072,1.164637374272104,0.8443271767810012,0.6849315068493178,,0.9518346116979733
2026-05-08,NET,13:34,-1.2770999294141494,-1.2770999294141494,-1.2322824716267444,-1.8510786220945485,-1.1724625246050557,,-0.78773948988858
2026-05-11,CHEF,09:41,-0.5055487053020946,-0.5055487053020946,-0.5055487053020946,-1.344907690426711,-0.5791030064071001,,0.2532093399232882
2026-05-11,ORCL,09:44,1.121661101836402,1.121661101836402,1.018892508143332,0.5550944179290473,0.06711409395974144,-0.2059414096689416,0.29137318364974946
2026-05-11,DELL,09:45,-0.32894073012733616,-0.48558360701981274,-0.48558360701981274,-0.48558360701981274,-2.495030224122907,,-0.4752167988441802
2026-05-11,NFLX,09:45,-1.2466556373591287,-1.2466556373591287,-1.2450733132362446,-1.242421170887953,,,-0.8370524884737588
2026-05-11,NTRA,09:47,3.2368325651250807,3.2368325651250807,2.636185768715893,2.636185768715893,2.636185768715893,2.1680077904771666,0.7328837078513654
2026-05-11,TSM,09:48,1.1327265453090485,1.1327265453090485,0.5194353315438827,0.5194353315438827,0.5194353315438827,,0.2999010933039707
2026-05-11,CDW,09:51,-0.4900771507593715,-0.17037433675703983,-0.4272674305690449,-1.0518189713403348,-1.0518189713403348,,-1.0549985692842785
2026-05-11,TSLA,09:52,5.639954424610716,5.639954424610716,5.472212347434535,6.164147462821434,2.8996122998609097,1.1201745018290854,5.870296664275987
2026-05-11,MRVL,09:57,2.896892315104793,2.896892315104793,2.7174893284434454,2.7174893284434454,2.7174893284434454,,0.4962160330661806
2026-05-11,PLTR,09:57,2.17959244607,2.17959244607,2.0957637231503456,2.0957637231503456,1.6371533578349418,,1.2785985351564537
2026-05-11,HALO,10:07,3.2965324210853852,3.2965324210853852,2.9922480620155234,2.6738794435857915,2.1135961878410603,-0.04513993379474668,1.701000683716732
2026-05-11,CRCL,10:30,16.376491383119763,16.376491383119763,15.823731198874146,15.823731198874146,15.823731198874146,12.778348749571776,10.435029357067142
2026-05-11,IREN,10:33,-0.676150175564949,-0.676150175564949,-0.676150175564949,-0.676150175564949,-0.676150175564949,-4.023074829391282,-3.3642987909735083
2026-05-11,TGTX,10:34,4.24992936505828,4.24992936505828,4.24992936505828,3.166447604253797,3.166447604253797,3.166447604253797,3.552710226353484
2026-05-11,MU,10:37,3.1448742633759297,3.1448742633759297,2.682224775082931,2.1797210162612046,1.3866408370824423,0.7573998762048451,-0.565885611386315
2026-05-11,FLR,10:38,-1.8490632900828752,-1.8452811151713489,-1.8452811151713489,-1.8440238261989372,0.22941041523283356,,0.45994314871061387
2026-05-11,CNH,10:42,1.3394919168591368,1.2459621596677461,1.2459621596677461,1.0594196222938779,,,1.0131628598435045
2026-05-11,GOOGL,10:55,-1.1356257545737214,-1.1356257545737214,-1.1351075589293824,,,,-1.1367534320693113
2026-05-11,SNDK,11:03,0.6404504609942796,0.34814517070134166,0.34814517070134166,0.34814517070134166,-0.5009248709118119,,-1.139447580698616
2026-05-11,AMZN,11:07,-1.0793417302565,-1.0793417302565,-1.2961879109624097,-1.2965213538853715,,,-1.1610427181481382
2026-05-11,HNGE,11:10,0.0914076782449591,0.0914076782449591,-0.09124087591240171,-0.8331823944937478,0.5879110784493768,,-0.47335903142945074
2026-05-11,DELL,11:54,1.3024305199466735,1.3024305199466735,1.2297601967616423,0.7547939616483035,-2.4682693337604977,,0.11642072508982748
2026-05-11,INTC,12:07,1.6096105527638072,1.6096105527638072,1.5418415787202377,1.2122634131080945,0.6297817808850859,,2.245645400287074
2026-05-12,ALAB,09:40,-3.7532882433531034,-3.7532882433531034,-3.7311690457532576,-3.7311690457532576,-3.7311690457532576,-3.7311690457532576,3.792154660447119
2026-05-12,COHR,09:40,-3.5895813841575364,-3.5895813841575364,-3.5895813841575364,-3.5895813841575364,-3.5895813841575364,-3.5679316024794905,2.467913162139538
2026-05-12,DINO,09:40,-1.525610934695576,-1.8166246177476753,-1.8166246177476753,-1.8128753924771424,-1.225592023265465,,-1.3489789540550134
2026-05-12,DRAM,09:40,-2.1352674621072487,-2.126019431713133,-2.126019431713133,-2.120036806192682,-2.1150269911431874,,-0.7848211909168475
2026-05-12,MRVL,09:40,-2.801559765754724,-2.801559765754724,-2.801559765754724,-2.784603935851515,-2.784603935851515,-2.7590357166708213,0.7552233476303442
2026-05-12,QBTS,09:40,-4.494825240721134,-4.494825240721134,-4.494825240721134,-4.494825240721134,-4.494825240721134,-4.385381052136972,-0.20422501940129786
2026-05-12,WDC,09:40,-2.827647679768863,-2.8359091046032847,-2.8359091046032847,-2.8366395456074,-2.8686670836810757,,0.5731990100575716
2026-05-12,HALO,09:41,1.7068273092369468,1.7068273092369468,1.7068273092369468,1.6048144433299827,1.6048144433299827,-0.8529082774049179,-1.041171493573656
2026-05-12,TER,09:41,-2.5649163196103553,-2.5624841558698264,-2.5624841558698264,-2.5615415729566493,-2.5615415729566493,1.8811093430325165,3.722458122808329
2026-05-12,ASML,09:42,-1.591750439182149,-1.591750439182149,-1.5922495443746576,-1.6119138359876994,2.0212187707607576,,1.640208738653855
2026-05-12,GLW,09:42,-3.0484660603912195,-3.0484660603912195,-3.0484660603912195,-3.0484660603912195,-3.034419579166503,-3.0235753735924686,2.080969382916161
2026-05-12,MU,09:43,-3.088607796955911,-3.0747253392169327,-3.0747253392169327,-3.0747253392169327,-3.0747253392169327,,-3.1591303053414137
2026-05-12,TIGO,09:43,8.980896050037401,8.980896050037401,8.106285405988679,8.106285405988679,8.106285405988679,8.106285405988679,-0.940826428247025
2026-05-12,WPM,09:45,-1.7498747476547338,-1.7498747476547338,-1.74537334316609,-1.74537334316609,2.972154090318857,,1.3792753055695162
2026-05-12,NET,09:49,-2.2477208425023654,-2.7195818976504915,-2.7195818976504915,-2.7195818976504915,-2.7195818976504915,,-0.395859389098067
2026-05-12,TEAM,09:50,-3.391665771056418,-3.391665771056418,-3.3934293040126517,-3.3934293040126517,-3.3983376430892775,0.7108162539983587,-2.0666734760616907
2026-05-12,GOOGL,09:52,0.16285381930980503,0.16285381930980503,-1.1422366901016834,0.11756346489246727,,,-0.7007905677132201
2026-05-12,LRCX,09:53,-1.9896438475582978,-1.9896438475582978,-1.9830647955040748,-1.9830647955040748,-1.9830647955040748,,2.112899028583574
2026-05-12,SNDK,09:53,-3.499964665808264,-3.499964665808264,-3.499964665808264,-3.491444104158359,-3.491444104158359,-3.5366431075368965,1.0198293129649223
2026-05-12,LITE,09:56,-4.099786154465724,-4.090502254441796,-4.090502254441796,-4.090502254441796,-4.090502254441796,-4.024887155537105,-1.954810621133496
2026-05-12,FCX,10:00,3.893958464443026,3.893958464443026,3.8122936645181627,-1.6525578485590553,-1.646109597237999,,0.09183870777715135
2026-05-12,CDW,10:07,-2.017099086019347,-2.017099086019347,-2.0085119055298306,-2.0085119055298306,1.1302311373587282,,-1.0921509266314817
2026-05-12,HNGE,10:07,2.2781996666049187,2.2781996666049187,1.6194331983805599,1.6194331983805599,1.256074080865499,0.5005005005005003,0.8341008426373605
2026-05-12,HPE,10:08,1.256071009881099,1.256071009881099,0.850708924103416,0.850708924103416,1.1036789297658833,,0.6101774526329503
2026-05-12,SMTC,10:08,2.889408099688473,-3.2634532900573388,-3.2634532900573388,-3.2542280697129278,-3.2542280697129278,-3.2089959398299506,1.9936056457198943
2026-05-12,IBIT,10:14,-1.0037969695983473,-1.0037969695983473,-1.0030287856268583,0.44961070292794947,,,0.03572596534013502
2026-05-12,AMD,10:19,-2.672794204726392,-2.6665858700883893,-2.6665858700883893,-2.6665858700883893,-2.6665858700883893,,1.790815275495054
2026-05-12,AMZN,10:19,0.23187859364688368,0.23187859364688368,0.1959897482285422,-0.242039889674861,,,0.5919649219503867
2026-05-12,NUE,10:20,-0.03914405010437827,-0.3684758106467845,-0.3684758106467845,-0.24306610529969408,,,-0.6298531318748246
2026-05-12,CHEF,10:30,0.37645877776382175,0.37645877776382175,-0.3115653040877353,-0.3115653040877353,0.20042590504822932,-0.8552305404065597,-0.0658340054038901
2026-05-12,ADBE,10:33,-1.0882063074901471,-1.3918620345773292,-1.3918620345773292,-1.3918620345773292,-1.3918620345773292,,-0.6738551147283093
2026-05-12,NOW,10:43,-1.5756302521008347,-1.5756302521008347,-1.8503061423636447,-1.9118457300275504,-1.9118457300275504,,-0.7873431078968466
2026-05-12,ANF,11:01,2.3822869955157033,2.06775924526299,2.06775924526299,2.06775924526299,1.3525698827772992,,0.2313725820342727
2026-05-12,BBY,12:23,-0.47855216218568586,-0.47855216218568586,-0.5666259243096383,-0.1571229050279399,,,-0.5495704406913308
2026-05-12,DDS,12:56,0.23097279757617883,0.23097279757617883,0.011196745479313819,0.24315882011858303,,,0.33948018055832324
2026-05-13,NFLX,09:40,1.2018952964289786,1.3072651550208203,1.3072651550208203,0.863856254319284,,,0.5245547981560073
2026-05-13,OSCR,09:40,1.3304721030042765,1.04857693130751,2.741514360313313,2.252057167605015,1.8770226537216717,,0.11091021999001249
2026-05-13,GH,09:47,2.104935711323108,2.104935711323108,1.7094458503331023,1.7094458503331023,1.7094458503331023,,1.4038786528636438
2026-05-13,FTNT,09:49,3.060554314987529,3.060554314987529,3.060554314987529,2.71426077849537,2.8399161132471207,,2.0605794472080183
2026-05-13,TGTX,09:51,0.8752217622708613,0.8752217622708613,0.6728045325779197,0.6728045325779197,0.6252949504483185,,0.19066886965380206
2026-05-13,NBIS,09:52,3.6584755517741874,3.6584755517741874,3.6584755517741874,3.6584755517741874,3.6584755517741874,3.6584755517741874,-1.556244307426961
2026-05-13,CRCL,10:02,5.441213232230657,5.36211043954169,5.36211043954169,5.117129091211181,1.912777352716133,-0.33081285444233055,1.5501475629492296
2026-05-13,DE,10:03,-1.0278000306806145,-1.325641020051982,-1.325641020051982,-1.325641020051982,-1.325641020051982,,-0.3586014577325695
2026-05-13,WPM,10:03,1.1522867913791979,1.1522867913791979,0.9583984097685683,0.7438367809577962,0.7438367809577962,,-0.19192523077881107
2026-05-13,CF,10:04,-2.0764050579395787,-2.0764050579395787,-1.7615282235966534,-2.0696837280457014,,,-1.0072245380599292
2026-05-13,BMNR,10:05,-0.16556525676765244,-0.4702562896778839,-0.4702562896778839,-0.7735583684950753,-0.9592887225082003,,-1.435333391379608
2026-05-13,ORCL,10:05,1.5844976179005377,1.5844976179005377,1.5844976179005377,1.2862937660119478,0.5212783369944463,,0.5153868820802154
2026-05-13,BBY,10:08,-1.4800669566756963,-1.4800669566756963,-1.476899344141347,-1.476899344141347,-1.476899344141347,,-0.12421139474882252
2026-05-13,BE,10:10,5.364221551441983,5.364221551441983,4.614717989456207,4.614717989456207,4.614717989456207,-1.0519125683060015,-1.477901410145055
2026-05-13,CRM,10:20,-1.7202333820390936,-1.7202333820390936,-1.7180703183245605,-1.7146076988329817,,,-0.29428386700975545
2026-05-13,DRAM,10:21,2.1344317543531277,2.1344317543531277,1.9816788184707335,1.6491195378738333,,,0.6238617644164742
2026-05-13,GLW,10:22,3.9397217540063867,3.9397217540063867,3.8691673370876867,3.4426639959939997,2.651063406877352,-0.234231623683967,0.5513257097236934
2026-05-13,QCOM,10:23,1.3357417882778,1.3357417882778,1.1050509841119327,0.4698774171352227,0.4698774171352227,,0.6614201672552888
2026-05-13,DELL,10:24,1.6378412169201884,1.6378412169201884,1.4349290853886698,0.8977700550246048,0.8977700550246048,,0.6632205911335806
2026-05-13,IBIT,10:26,-0.9599680988018555,-0.9599680988018555,-0.9592250894374654,0.8609453631687192,0.42292710072344697,,0.08646417503630488
2026-05-13,IREN,10:26,-0.04529806124297098,-0.04529806124297098,1.5182186234817818,2.081791265729094,1.2943420963237307,1.2943420963237307,0.35175075861446264
2026-05-13,COHR,10:30,4.454792394256879,4.284828761816195,4.284828761816195,4.284828761816195,2.0703776732898582,-0.7692307692307665,-0.9406165672302421
2026-05-13,LITE,10:32,0.2744311878394079,0.2744311878394079,0.2744311878394079,0.2744311878394079,0.2744311878394079,,-1.212580342690624
2026-05-13,INTC,10:34,0.7118331798007027,0.7118331798007027,0.2668836642351735,0.2668836642351735,0.6023088505939356,,-0.7562692198882578
2026-05-13,SNDK,10:53,0.5998887807590725,0.6698664440734525,0.6698664440734525,0.504875135420435,,,-0.05853816080892971
2026-05-13,AXTI,10:54,1.820214687709898,0.8154127045760573,0.8154127045760573,0.8154127045760573,0.8154127045760573,0.2917608382987602,-1.39150155690367
2026-05-13,PANW,11:00,4.952319528262783,4.952319528262783,4.667830561426078,4.667830561426078,1.442693026983699,,3.380661825275522
2026-05-13,MU,11:14,0.575385520820948,0.5590159316410492,0.5590159316410492,0.2058537315667408,1.863160257654095,,1.0433459153553981
2026-05-13,NOW,11:17,-0.13759889920879065,-0.13759889920879065,-0.2519757187034677,0.47300415320719047,0.23017608470479178,,0.1035450028937938
2026-05-13,WDC,12:02,1.4308589259319993,1.4204487140012656,1.4204487140012656,1.1961085509472502,0.1824854518542418,0.1824854518542418,-0.13854166006318872
2026-05-13,CHEF,13:47,0.23661270236612353,0.23661270236612353,0.13062138458665995,-0.0496709300881748,-0.16125031009676105,,-0.059162991052985614
2026-05-14,CLMT,09:40,0.690985055439497,0.690985055439497,0.19187719859290464,-0.8230452674897193,-0.8230452674897193,-0.8230452674897193,-0.437825197163851
2026-05-14,LITE,09:40,-0.9848859033883106,-0.9848859033883106,-0.9848859033883106,-2.0205182815755895,-2.0205182815755895,,-0.22430118778133204
2026-05-14,ORCL,09:45,5.2328708185436,4.664348756351955,4.664348756351955,4.664348756351955,4.664348756351955,,1.1499597630234375
2026-05-14,PARR,09:45,0.48430193720774284,0.5094796625741305,0.5094796625741305,-0.18231616177198928,-0.18231616177198928,,-1.02311036776593
2026-05-14,UNH,09:45,0.45305814246161535,0.33184172155464875,0.33184172155464875,0.06268020559108134,,,0.12824521693838298
2026-05-14,SNDK,09:52,-2.6500323861556097,-2.6500323861556097,-2.751022446345741,-2.751022446345741,-2.751022446345741,,-2.8400246737268184
2026-05-14,DINO,09:54,0.036392750564084864,0.036392750564084864,-0.14530659691949221,-0.14530659691949221,-0.6362058993637953,,-0.31400148380100007
2026-05-14,INTC,09:54,-0.8425644754287642,-0.9950036298415621,-0.9950036298415621,-0.9950036298415621,-0.6172839506172867,-0.6172839506172867,-0.2221045722943423
2026-05-14,DRAM,09:56,-1.295924472618759,-1.295924472618759,-1.295924472618759,-1.295924472618759,-1.0849733308810006,,-0.3944812768003551
2026-05-14,AXTI,10:00,0.6756951990354532,0.6756951990354532,-0.7509710832973582,-0.7509710832973582,-0.7509710832973582,-0.7509710832973582,-0.19457771702627857
2026-05-14,MU,10:00,-3.0740539104200937,-2.8721143037401142,-2.8721143037401142,-3.0659212395499846,-3.0659212395499846,,-2.543323428240481
2026-05-14,ALAB,10:01,4.39269406392695,4.6172150276849955,4.6172150276849955,4.440383736866149,4.440383736866149,4.440383736866149,1.4923644194410501
2026-05-14,CRM,10:01,1.2963466594143824,1.2963466594143824,0.9866092274322558,0.9866092274322558,0.36827449923650946,,-0.14148207163290719
2026-05-14,FTNT,10:01,4.488553545399987,4.488553545399987,4.44377785395953,3.953766100827427,3.953766100827427,,1.5224368443391774
2026-05-14,TEAM,10:01,2.2314937733105777,2.2314937733105777,2.2121097206421414,1.6723249088394398,1.6723249088394398,1.0055586784085913,-0.11760783404821673
2026-05-14,MSFT,10:02,1.6329164185030942,1.6329164185030942,1.6343036248509524,1.1372195537555418,,,0.6779790925882508
2026-05-14,HOOD,10:08,6.703146374829005,6.293614219881505,6.293614219881505,6.293614219881505,6.293614219881505,,5.3543655076559125
2026-05-14,CRCL,10:23,3.2944120100083296,3.2944120100083296,3.0726210489522066,3.0726210489522066,2.3469134782249323,-4.241434290399804,-1.9020016846281482
2026-05-14,ADBE,10:24,1.1220136518771406,1.1220136518771406,0.7823461881882654,0.6967160881940604,,,0.39257139818557424
2026-05-14,QBTS,10:24,6.41518500720808,6.41518500720808,6.569329015057801,6.3130100816130685,5.779794602340593,0.43129447299079526,2.532439279143387
2026-05-14,CF,10:30,-0.036580904767713474,-0.036580904767713474,-0.07313505607021709,-0.36662683060220136,-0.36662683060220136,,-0.3649837567341496
2026-05-14,WPM,11:09,-0.12191623637405336,-0.12191623637405336,-0.12191623637405336,-0.12191623637405336,-0.12191623637405336,,-0.030884906050647015
2026-05-14,TGTX,11:10,-1.970680124969959,-2.193981536985967,-2.193981536985967,-2.1000840033601365,,,-1.638100069520443
2026-05-14,ILMN,11:58,-2.120729737012894,-2.120729737012894,-2.1181267274482107,-2.122758727398888,,,-0.7901534772562169
2026-05-14,HNGE,12:08,-0.3055272659938879,-0.3055272659938879,-0.5265588914549646,-0.5265588914549646,-0.3885291396854673,,-0.22293555396749967
2026-05-14,QCOM,12:21,-1.883784218938378,-1.883784218938378,-1.9330782062604301,-2.1690398391476573,-0.8605510502690872,,-1.4849047774305142
2026-05-14,DELL,14:33,-0.04639622375083308,-0.04639622375083308,-0.14710920339359168,0.21843776546255356,,,0.24328404851978366
2026-05-15,BE,09:40,-2.4470338983050843,-2.4470338983050843,-2.4470338983050843,-2.4470338983050843,-2.4470338983050843,-2.4470338983050843,-2.3851869205695895
2026-05-15,FCX,09:40,1.7194058766548448,1.7194058766548448,1.5554480980012997,1.4573268921095117,1.6865719819238345,,0.6284939573264703
2026-05-15,GLW,09:40,-2.0791346718028625,-2.0791346718028625,-3.016827530446209,-3.016827530446209,-3.016827530446209,-3.016827530446209,-1.9094666067316135
2026-05-15,OSCR,09:40,3.234381922906504,3.234381922906504,3.234381922906504,3.234381922906504,3.0061892130857526,0.6479481641468832,2.066494816084785
2026-05-15,SMTC,09:40,2.2554155984096935,2.2554155984096935,2.396189909212687,2.396189909212687,2.686567164179099,0.9982384028185409,1.3785739971267825
2026-05-15,TSM,09:40,0.491901023551633,0.29132833323002316,0.29132833323002316,0.027201463933335113,0.027201463933335113,,-0.2967258110394037
2026-05-15,UNH,09:40,-1.191314829309753,-1.191314829309753,-1.1910742507754923,-1.1920522060120287,,,0.15039253081700066
2026-05-15,WDC,09:40,1.2677772409301902,1.2677772409301902,1.2677772409301902,1.2677772409301902,1.2677772409301902,1.2677772409301902,0.7304965127675311
2026-05-15,MRVL,09:43,0.45993981034579967,0.45993981034579967,0.45993981034579967,0.45993981034579967,-1.2613014845407,,-1.5171325131956401
2026-05-15,CRWD,09:45,4.500363409164954,3.9845608070500083,3.9845608070500083,3.9845608070500083,3.5360752875566615,3.5360752875566615,0.7596193216961922
2026-05-15,AMD,09:48,-0.8256730521834621,-1.4125443236644775,-1.4125443236644775,-1.4125443236644775,-1.4125443236644775,,-2.327641504930629
2026-05-15,CLMT,09:48,1.1605415860735047,1.1605415860735047,0.5769230769230749,0.5769230769230749,0.5769230769230749,0.5769230769230749,1.3896409218580708
2026-05-15,GOOGL,09:48,0.542183937167473,0.542183937167473,0.29823585907091665,0.29823585907091665,,,0.042440470129963735
2026-05-15,NET,09:48,1.4381099126861807,1.4381099126861807,1.4381099126861807,0.7001592847076576,0.7001592847076576,0.7001592847076576,-0.7104274769378324
2026-05-15,ORCL,09:48,1.4936362680130433,1.2247895302787803,1.2247895302787803,1.2247895302787803,1.2247895302787803,-1.2435392252187705,-0.7750826668770694
2026-05-15,COHR,09:49,2.1488441620842513,2.1488441620842513,1.5726817874158971,1.5726817874158971,1.6171862552445848,2.529271494788743,-1.3825061564023446
2026-05-15,AXTI,09:52,8.438596491228068,8.438596491228068,8.438596491228068,8.438596491228068,8.438596491228068,8.516842846333073,-0.018834071615962216
2026-05-15,DELL,09:53,1.6158818097876448,1.6158818097876448,1.0391453134129147,1.0391453134129147,1.0391453134129147,,-0.21632849465327655
2026-05-15,HTFL,09:53,-0.7708479327259932,-0.7708479327259932,-0.7708479327259932,-0.7708479327259932,-0.7708479327259932,-2.6839830331703562,-2.722192830291466
2026-05-15,ANET,09:54,-0.5603418085031953,-0.5603418085031953,-0.8374717990626501,-0.8374717990626501,-1.4849767538685832,-2.2319396600706143,-2.103900106053558
2026-05-15,DRAM,09:54,1.439777579187762,1.439777579187762,1.439777579187762,1.439777579187762,0.4918355301986921,,0.5429774061964247
2026-05-15,INTC,09:54,0.8724707629478523,0.8724707629478523,0.8724707629478523,0.8724707629478523,0.47148007765553945,,0.02216209796680098
2026-05-15,PANW,09:54,4.4742729306487705,4.4742729306487705,3.906550853622015,3.906550853622015,3.1167728237792014,,1.3663951383911705
2026-05-15,FLR,09:55,-0.022537750732476436,-0.2473577692826634,-0.2473577692826634,-0.5826983415508691,-1.3125695216907762,-1.3125695216907762,-0.037244983872915714
2026-05-15,FTNT,09:55,2.0440382218529285,1.7692148332297597,1.7692148332297597,1.512646718465871,,,0.7965682477511393
2026-05-15,ALAB,09:59,6.7492054373914145,6.475676170426992,6.475676170426992,5.8555894262705355,5.8555894262705355,2.389649254059756,-1.1503784122462075
2026-05-15,WT,09:59,-0.15432098765432167,-0.38491147036181506,-0.38491147036181506,-0.38491147036181506,-0.30816640986132127,0.18064516129032704,0.34794935098286794
2026-05-15,GH,10:00,-2.8730924181258333,-2.858615017369559,-2.858615017369559,-2.858615017369559,-2.8420792833573016,,0.10973245937000813
2026-05-15,AAOI,10:01,-0.08404244143291884,-0.08404244143291884,-0.7202505219206623,-0.7202505219206623,-0.7202505219206623,-0.9218714109440196,-1.009013932533979
2026-05-15,ILMN,10:02,2.2002436751952903,2.2002436751952903,1.7372382549138532,1.3179864293580534,1.296394956490854,,1.116104934751679
2026-05-15,SNDK,10:02,3.384237756481867,3.384237756481867,3.018186744583695,3.018186744583695,3.018186744583695,0.26013455727236234,1.1135605761571095
2026-05-15,IOVA,10:08,0.14513788098695635,0.14513788098695635,0.14513788098695635,0.14513788098695635,-0.2861354374403935,,0.05076959136981104
2026-05-15,RVMD,10:10,-2.298504904808263,-2.298504904808263,-2.298504904808263,-2.2912980868939337,2.259807705803918,,0.6928954719251923
2026-05-15,CHEF,10:12,-1.010474430067787,-1.1566383659406876,-1.1566383659406876,-1.9514614601635727,,,-0.7354792654153582
2026-05-15,NVDA,10:13,-0.5473647038050644,-0.5473647038050644,-0.6742950101287448,-0.6372797636110983,-1.6304539501638682,,-1.511890599797187
2026-05-15,NUE,10:14,-0.5911377069321322,-0.8861919937137142,-0.8861919937137142,0.02643404705260366,,,-0.14658782432790027
2026-05-15,TSLA,10:14,-1.5529181337001985,-1.5529181337001985,-1.6102492566762772,-1.0267469936004137,,,-0.8856851475294322
2026-05-15,CRCL,10:18,0.6680262330905018,0.6852040139693205,0.6852040139693205,-0.04388659703327136,-0.04388659703327136,1.3636201801545234,0.6973868841711139
2026-05-15,DDS,10:20,2.35296355474397,2.35296355474397,1.497689333207597,1.5589906196327163,1.5589906196327163,,1.3949730978724133
2026-05-15,TGTX,10:21,-1.249687578105474,-1.249687578105474,-1.4467448241456848,-1.8628912071535053,-0.8656379375235224,-1.1261261261261368,-1.0765281351011773
2026-05-15,MU,10:30,-1.7729726796711698,-1.7729726796711698,-2.0427212835324227,-1.8608370378401795,-1.7036353270165283,-2.36894617624851,-2.0348937922737287
2026-05-15,HPE,10:40,0.04532406707962178,0.04532406707962178,-0.16583747927031434,0.16638935108153063,0.8068199117065022,,0.016402044486540923
2026-05-15,IBIT,10:57,-0.0441749327336316,-0.0441749327336316,-0.15088132971694534,-0.1626740947075267,,,0.004629599369040023
2026-05-15,INTC,11:09,0.564448968261333,0.564448968261333,0.43434063395251243,-0.0008281123914044564,0.05984440454818163,,-0.2893144184081449
2026-05-15,LITE,15:55,-0.044277859011054854,-0.044277859011054854,-0.044277859011054854,-0.044277859011054854,,,1.0053121478608225
2026-05-18,MSFT,09:40,1.0699333229958086,1.0699333229958086,0.9868185826996889,0.8104429596634599,0.9074453389225079,0.9074453389225079,0.7567063187530051
2026-05-18,HPE,09:45,-1.8804315853356623,-1.8804315853356623,-1.8818437448320124,-1.8694890559671107,-1.8694890559671107,,0.5742332979003617
2026-05-18,PANW,09:47,3.395706290201339,3.395706290201339,3.395706290201339,3.395706290201339,3.395706290201339,,0.7493482989604727
2026-05-18,CF,09:52,1.933488012374318,1.933488012374318,1.6108744167173894,1.6108744167173894,-0.07980209081478451,,0.676701669327436
2026-05-18,NUE,09:55,0.3011914780528757,0.3011914780528757,0.5729259193462344,0.5729259193462344,,,0.8412325004899301
2026-05-18,ADM,09:56,1.4738162433364899,1.4738162433364899,1.3593935976946803,1.1248735939080046,,,0.1924148409817731
2026-05-18,DINO,09:58,1.7071759259259078,1.7071759259259078,1.5015882183078144,1.5015882183078144,-1.727395183823699,,-0.7133278788949057
2026-05-18,FLR,10:01,-0.18009905447996521,-0.18009905447996521,-0.2025658338960068,-0.3931259126137232,-0.3931259126137232,-0.7165248544558689,-0.35870668910316833
2026-05-18,CHRD,10:03,2.446289480441677,2.16470909587545,2.16470909587545,1.8853661941617528,,,-0.43020167435466883
2026-05-18,BMNR,10:06,-2.557142934947565,-2.5464183512099114,-2.5464183512099114,-2.5464183512099114,-2.529840106735881,-2.529840106735881,-0.5995025105587063
2026-05-18,ORCL,10:06,0.08583230513383722,0.08583230513383722,-2.2664948752873393,-2.2664948752873393,-2.2664948752873393,,-0.11895632831555962
2026-05-18,UNH,10:06,0.9941384563741051,0.7677642087906555,0.7677642087906555,0.7677642087906555,1.0645994832041428,,1.096739944201423
2026-05-18,DDS,10:08,1.1274075344750445,1.1274075344750445,0.48674242424242564,0.48674242424242564,0.00942471537361822,-1.9854363231725625,-0.11032791956974893
2026-05-18,GH,10:16,-2.814917297491737,-2.814917297491737,-2.814917297491737,-2.814917297491737,-0.20874647740319885,0.23063214173393298,1.232817178953464
2026-05-18,ANF,10:39,-0.7175382917069095,-0.7175382917069095,-0.6078187594971696,-0.4496713939813213,0.506373319364406,0.506373319364406,0.23718578956127093
2026-05-18,DELL,12:45,0.35423607304010396,-2.5461991020021446,-2.5461991020021446,-0.08502241022788626,-2.5449210007225664,0.9695143942126228,0.7540933499546321
2026-05-18,PLTR,12:54,1.2665817282470293,1.2665817282470293,1.1604402186119689,0.6855439642325045,0.6855439642325045,,1.0485172806748027
2026-05-19,AAOI,09:41,-0.24442763196182993,0.09050830632681972,0.09050830632681972,0.09050830632681972,0.09050830632681972,0.09050830632681972,2.3831799698122733
2026-05-19,SMTC,09:41,-3.376647586463777,-3.377894780370516,-3.377894780370516,-3.377894780370516,-3.377894780370516,-3.377894780370516,5.880194235950721
2026-05-19,QCOM,09:42,-1.4756244963738951,-1.4756244963738951,-1.4756244963738951,-0.9041866119595787,1.249902957844884,-2.1752175217521708,0.6209163878553969
2026-05-19,MU,09:43,-3.273683315551279,-3.273683315551279,-3.273683315551279,-3.273683315551279,-3.273683315551279,2.4411700021992555,0.8075391904945254
2026-05-19,IOVA,09:45,4.518072289156638,4.518072289156638,3.8922155688622784,3.8922155688622784,3.8922155688622784,4.2073335535601775,2.122848197441396
2026-05-19,NOW,09:45,-2.4520342064963896,-2.4520342064963896,-2.441786083593789,-2.441786083593789,-2.441786083593789,-2.372807830510315,-1.4101842430897218
2026-05-19,WT,09:45,-2.2397801414461793,-2.2351260528405748,-2.2351260528405748,-2.2351260528405748,-2.2115742234480096,,-2.228376829062939
2026-05-19,UNH,09:46,0.10541742730052484,0.10541742730052484,0.02954589247863293,-0.6367476106014069,-0.6126512482769297,,-0.7864933042910213
2026-05-19,FTNT,09:47,1.7218015145476162,1.7218015145476162,1.2215435868961677,1.2215435868961677,1.2215435868961677,,1.2939485305616838
2026-05-19,MRVL,09:47,4.135404974301404,4.135404974301404,4.135404974301404,4.135404974301404,4.135404974301404,1.7196606844018802,0.9324315565195159
2026-05-19,TER,09:47,1.0882556457193049,1.0882556457193049,1.0882556457193049,1.0882556457193049,1.0882556457193049,2.9517753895927035,1.6672777817403468
2026-05-19,NVDA,09:48,-0.34103484879282053,-0.34103484879282053,-0.34103484879282053,-0.34103484879282053,-0.34103484879282053,,-1.7555498579721605
2026-05-19,DDS,09:53,1.5135859165709808,1.2597583554427416,1.2597583554427416,1.3816694695000908,0.23617881570494603,,0.5802768378237603
2026-05-19,DRAM,09:54,-2.5097265524831824,-2.5097265524831824,-2.4988619353728647,-2.4988619353728647,-2.4988619353728647,,-1.0609065286031745
2026-05-19,DE,09:55,0.17944944909018545,0.17944944909018545,-0.0769657591866757,-0.406750633317865,-0.406750633317865,,-0.09561249636988271
2026-05-19,OSCR,09:55,-0.5328452638456604,-0.809388911371911,-0.809388911371911,-1.1693548387096686,-0.41766885522979136,0.24539877300613355,-0.16103887236589287
2026-05-19,DINO,09:59,3.0568312284730226,2.7177800028608257,2.7177800028608257,2.4832310546596403,,,0.4455921138470857
2026-05-19,WPM,09:59,-1.8372136439795406,-1.8319831425020139,-1.8319831425020139,-1.8319831425020139,-1.8280797693290718,,-0.8725656728793885
2026-05-19,ANF,10:04,1.714043873880211,1.714043873880211,1.5922220656615416,0.7264599050013976,0.7264599050013976,0.7264599050013976,-0.006667067864611169
2026-05-19,NUE,10:04,0.49392785934385675,0.49392785934385675,0.0270623787830937,0.0270623787830937,0.0270623787830937,,-0.27020896484781787
2026-05-19,ZETA,10:04,-2.595962861945811,-2.585182329823521,-2.585182329823521,-2.585182329823521,-2.6176864005395206,,-1.9867126222786489
2026-05-19,CF,10:14,2.20658778381837,2.20658778381837,1.460317460317473,1.460317460317473,,,-0.06088767324582781
2026-05-19,DK,10:15,1.1106175033318566,1.1106175033318566,1.043285238623759,0.6411673667919615,1.9484882418813187,,-0.6934434769176545
2026-05-19,CHEF,10:16,-1.9611236685962985,-1.9559243759513678,-1.9559243759513678,-1.9559243759513678,,,-1.7635376775809395
2026-05-19,HTFL,10:16,4.64018875344081,4.64018875344081,4.743160795119072,4.271568462258868,4.271568462258868,3.179526948429623,3.8304703048687085
2026-05-19,ADM,10:30,0.20828073718759388,0.20828073718759388,0.18298838970218778,-1.4978170004502633,,,0.35508922696572504
2026-05-19,CNH,10:30,-0.09756097560975618,-0.2921129503407949,-0.2921129503407949,-0.437530384054452,-0.437530384054452,,-0.7266147353720295
2026-05-19,ADBE,10:36,-1.6426763068184136,-1.6426763068184136,-1.6415839773215368,-1.6606406123840456,0.3878563553315395,,-0.5290079668575901
2026-05-19,DRAM,10:52,5.3138624338624485,5.414256964304642,5.414256964304642,5.269303998307584,5.269303998307584,,-0.20132063562173785
2026-05-19,HPE,11:00,1.1786600496277666,1.1786600496277666,1.0689388071262629,0.647948164146861,0.647948164146861,,0.043782287895222094
2026-05-19,ANET,11:03,2.2147614663995174,2.172344110854496,2.172344110854496,1.8489208633093446,1.9956772334293715,1.9956772334293715,1.7233530695041226
2026-05-19,DELL,11:13,2.0044639954926557,2.0044639954926557,1.8676015494817122,1.2170472627187845,0.839803273266182,,0.706884559853275
2026-05-19,NBIS,11:13,4.872746553552498,4.872746553552498,4.872746553552498,3.5603958322425244,3.2738634470882655,2.164256198347103,-0.22245582836213362
2026-05-19,AMD,11:14,2.158575093743842,2.158575093743842,2.0025617025469122,2.0025617025469122,1.629567820943878,,1.034387243143331
2026-05-19,COHR,11:15,2.988572676322865,2.988572676322865,2.819439600046514,2.024688509460071,2.024688509460071,-0.22001579600585686,0.23627661204372874
2026-05-19,INTC,11:15,5.450045218715793,5.450045218715793,5.2446555819477325,5.135075365628405,4.806509603557574,,2.1986402249020336
2026-05-19,PTEN,11:16,0.43821555467824513,0.43821555467824513,0.3194006309148234,-0.4266144814090045,,,-0.5137452166272594
2026-05-19,QBTS,12:34,0.4693539480949749,0.4693539480949749,0.16515276630884035,-0.32867707477403085,-0.32867707477403085,,-0.9349931694542087
2026-05-20,OKTA,09:40,6.1944792225600676,6.1944792225600676,5.885150398287964,5.80967090412261,5.234550395840731,3.558139534883731,2.111829317272873
2026-05-20,DK,09:41,-2.3573781707879604,-2.348308341615979,-2.348308341615979,-2.348308341615979,-2.348308341615979,-2.348308341615979,-0.2835902090557914
2026-05-20,NOW,09:41,4.72568704999492,4.72568704999492,4.624892356010335,4.624892356010335,4.624892356010335,,2.2453043180775603
2026-05-20,CHRD,09:45,-1.5783049527620663,-1.5783049527620663,-1.5812786785327049,-1.5687171189368798,0.635842145276122,,0.9597525898940548
2026-05-20,ADBE,09:46,2.26832418469487,2.26832418469487,1.9760936934036355,1.9760936934036355,1.2871762072273807,,1.0470591734002814
2026-05-20,ANF,09:46,5.804077010192521,5.804077010192521,5.475585661868476,5.08260105448155,4.912970241437398,4.203555245730217,1.6555631161816835
2026-05-20,NFLX,09:46,0.4789326643480196,0.4789326643480196,0.10793001590547746,0.10793001590547746,0.10793001590547746,,0.04488731070742361
2026-05-20,ZETA,09:46,3.919088325552633,3.095104108047275,3.095104108047275,3.095104108047275,3.095104108047275,,-0.49738124686894053
2026-05-20,CNH,09:50,2.4987751102400813,2.4987751102400813,2.2982885085574667,2.2982885085574667,1.7509727626459304,,0.5179364500133269
2026-05-20,NVDA,09:52,0.7871351887771327,0.8940868347971254,0.8940868347971254,0.6237333933798661,0.6237333933798661,,-0.24549842087703277
2026-05-20,PLTR,09:52,2.0461309523809534,2.0461309523809534,2.0461309523809534,2.0461309523809534,1.7055988134964783,,0.8877791389446443
2026-05-20,OSCR,10:01,-3.025831448829863,-3.025831448829863,-3.025831448829863,-3.0220648536653405,-3.0077126976392643,-3.000278598283612,-2.265716587932746
2026-05-20,PANW,10:01,2.127666620853419,2.127666620853419,1.9295128703053388,1.9295128703053388,,,0.46891470438666555
2026-05-20,DDS,10:08,2.659584594589459,2.659584594589459,1.9993568766905723,0.9538608430295303,0.5041609587445484,,0.04169226890347044
2026-05-20,NBIS,10:16,-2.3710186221634233,-2.127008416220355,-2.127008416220355,-3.1593822549712325,-3.1593822549712325,-3.1593822549712325,-2.4257153803585285
2026-05-20,MU,10:57,2.4714602683539644,2.4714602683539644,2.349675967030418,2.349675967030418,1.769825380936485,,1.4396403132250546
2026-05-20,SNDK,11:10,-0.84087462352882,-0.84087462352882,-1.0177683013503858,-1.2728030348894026,-1.4261038353985511,,-0.43211497923900666
2026-05-20,GOOGL,11:52,0.5182552504038762,0.5182552504038762,0.4754030591153313,,,,0.917491876140919
2026-05-20,DRAM,12:27,1.4097117411042026,1.4097117411042026,1.3875663977965802,1.2479346798925706,,,1.082889398477042
2026-05-20,NTRA,13:55,1.1975604335909384,1.1975604335909384,1.0503476502786047,1.0503476502786047,,,1.2139169063012527
2026-05-21,GOOGL,09:40,0.6386458630805558,0.6386458630805558,0.3988500686332719,0.5811992423652601,,,-0.43779856370956827
2026-05-21,NVDA,09:40,-1.8269177152801852,-1.8269177152801852,-1.8178348536455946,-1.8178348536455946,-1.8178348536455946,,-0.024281985556762198
2026-05-21,WPM,09:40,1.160941475826971,1.160941475826971,1.4068789605834686,1.1770319707332666,-0.05891826073294304,,0.927269773175432
2026-05-21,UNH,09:42,0.07586062571938168,0.07586062571938168,-0.005227528163298523,-0.3723958333333388,,,-0.4180612375281038
2026-05-21,FTNT,09:45,0.8373904576436164,0.8099057705786006,0.8099057705786006,0.4734554486184317,0.4734554486184317,,0.6324276358409339
2026-05-21,INTC,09:45,2.766215747485279,2.415417188782776,2.415417188782776,2.415417188782776,2.415417188782776,,2.986380809346308
2026-05-21,GH,09:48,4.185611244029697,4.185611244029697,3.7541761913135296,3.612976864656048,2.805122397421367,0.21229619565217295,1.5524215025030947
2026-05-21,TXG,09:50,5.738758029978586,5.332764505119458,5.332764505119458,5.287846481876346,4.463719060715032,4.463719060715032,1.134001000559448
2026-05-21,ANF,09:51,4.252419244922989,4.252419244922989,4.252419244922989,2.01387036543077,2.01387036543077,2.01387036543077,2.58338477504394
2026-05-21,HALO,09:55,1.1514614703277193,1.1514614703277193,1.0023584905660243,0.6940719524686223,0.4250329766964489,,0.48921579075578886
2026-05-21,HNGE,09:56,-0.03631082062454105,-0.03631082062454105,-0.03631082062454105,0.2640444323044777,0.2640444323044777,,0.6493341774290359
2026-05-21,ZETA,09:59,1.007273195558822,0.838457238680812,0.838457238680812,0.6696428571428381,-0.6055129780329405,,1.3675179328058433
2026-05-21,CNH,10:03,2.110552763819107,2.110552763819107,2.110552763819107,1.9057171514543558,1.54922538730633,,-0.45471950082177637
2026-05-21,NOW,10:03,0.4507482905431459,0.4507482905431459,0.2464416838505068,-0.2651988991743792,-0.7568213503286292,-0.5289949096716207,-0.5452912796824952
2026-05-21,DE,10:15,-1.3014705967810292,-1.3014705967810292,-1.2957792147625935,-1.2957792147625935,-1.2957792147625935,-1.301122736219451,-0.1583346729546964
2026-05-21,PANW,10:44,1.69280257338158,1.69280257338158,1.6641878039956426,1.273375245264896,1.1538846115388468,,0.8448681894168031
2026-05-21,AMD,11:39,2.8423478233617017,2.8423478233617017,2.5655065420987277,2.5655065420987277,0.9929233515470814,,2.8543671135674575
2026-05-21,DE,12:22,2.1059201997407184,2.1059201997407184,1.9610099440944495,1.5917907167835699,0.5275597995650916,-1.2638926788796412,1.5845019596370784
2026-05-21,WT,13:16,0.9212950776520179,0.9212950776520179,0.8947368421052815,0.3664921465968529,,,0.6050498091556037
2026-05-21,NVDA,13:18,-0.7500492858525276,-0.7500492858525276,-0.8933594487232632,-0.8933594487232632,,,-0.08794966228916623
2026-05-22,TIGO,09:45,0.7494302405546716,0.7494302405546716,0.7156264664476719,0.2569193039822393,,,0.7571333463983901
2026-05-22,DE,09:50,0.34132928794916584,0.34132928794916584,0.19986953092674398,-1.3846423810284114,-1.3846423810284114,,0.378633689506976
2026-05-22,FTI,10:07,0.2189110938492833,0.2189110938492833,0.03524353281172399,0.03524353281172399,0.34646114685707996,,0.49401241932587325
2026-05-22,SNDK,12:01,-1.6099869136534162,-1.6099869136534162,-1.7039254823685845,-2.551654766419864,,,-1.8258975972170004
2026-05-22,HOOD,13:08,-1.379587463166354,-1.379587463166354,-1.5246756720609933,-1.5444273584274915,-2.165961923019899,,-0.9011280669448415
2026-05-22,DRAM,15:04,-1.8242740134028268,-1.805995159188234,-1.805995159188234,,,,-1.8050052990705723
2026-05-22,ANET,15:42,1.1790981049035976,1.1790981049035976,1.142556963687702,0.801675337848895,,,0.7312549059142212
2026-05-26,ORCL,09:41,0.5709220782606383,0.5709220782606383,0.2130091438071524,0.2130091438071524,-0.21210553543715704,,-0.012771622402718563
2026-05-26,NOW,09:44,0.6186189206859982,0.41660392511169153,0.41660392511169153,0.41660392511169153,0.2153984872013348,,-1.451345683670698
2026-05-26,SMTC,09:44,3.6367074246817177,3.6367074246817177,3.6367074246817177,3.6367074246817177,3.6367074246817177,3.6367074246817177,0.2001334345239414
2026-05-26,PANW,09:52,0.796984806250256,0.796984806250256,0.46173110032869946,0.46173110032869946,1.252144420562784,,-0.4933964981683081
2026-05-26,ADBE,09:58,0.3283229663375131,0.3283229663375131,0.11864865427446691,-0.0415644873020482,,,-0.7065840440047396
2026-05-26,NFLX,10:05,-0.3749573912055437,-0.3749573912055437,-0.4202157864849454,-0.7695789950203591,,,-0.15696231264785698
2026-05-26,GH,10:06,1.4781246029393014,1.4781246029393014,0.9267059814658696,0.9267059814658696,0.9267059814658696,,0.6665315899032853
2026-05-26,INTC,10:14,1.5874321434446559,1.2876015151726428,1.2876015151726428,1.2876015151726428,1.2876015151726428,,1.7513102115929307
2026-05-26,NVDA,10:38,-1.7752675792046424,-1.7752675792046424,-1.775596120199563,-1.7685758470406765,,,0.4635124988389805
2026-05-26,OSCR,11:08,1.0156971375807844,1.0156971375807844,1.0156971375807844,1.0156971375807844,,,-0.27614851464989504
2026-05-26,ANF,11:12,-2.105098457402821,-2.105098457402821,-2.102606233499016,-2.102606233499016,-2.1009480266902525,-0.19350103422965947,-2.0930838295628216
2026-05-26,GLW,11:39,-0.16284987277352947,-0.16284987277352947,-0.2998424556588941,-0.7588021044111715,,,-0.5684178086440802
2026-05-26,TIGO,12:32,1.765571358509077,1.765571358509077,1.4483896595978818,1.4483896595978818,,,1.0006013581917956
2026-05-27,PANW,09:42,0.5972506225578433,0.5972506225578433,0.5972506225578433,0.03221130616846146,0.03221130616846146,,-0.10763224647016105
2026-05-27,SMTC,09:42,-3.613322427118515,-3.613322427118515,-3.547840676363412,-3.547840676363412,-3.547840676363412,-3.547840676363412,-1.0445465290197482
2026-05-27,GH,09:46,4.879052163896658,4.879052163896658,-3.0731380791149454,-3.0731380791149454,-3.0731380791149454,-3.0731380791149454,2.9828977337378255
2026-05-27,NFLX,09:49,-0.38781795368997285,-0.44459644322845104,-0.44459644322845104,-0.051502145922743825,,,-0.3481441611936346
2026-05-27,PARR,09:49,1.092211280214861,0.3733333333333366,0.3733333333333366,0.3733333333333366,0.3733333333333366,,-0.3245521149633279
2026-05-27,DELL,09:50,0.9949833634146144,0.9949833634146144,0.47437248830621837,0.47437248830621837,0.47437248830621837,,0.5756731793093476
2026-05-27,CRWD,09:51,0.022442124736055113,-0.20276146517735905,-0.20276146517735905,-0.20276146517735905,-0.20276146517735905,,-0.6011507498023446
2026-05-27,ORCL,09:51,0.9653786135576325,0.9653786135576325,0.722955145118731,0.722955145118731,,,0.6765833791017065
2026-05-27,ANET,09:52,-0.4611564384533362,-0.4611564384533362,-0.6565819118120264,-0.6565819118120264,-1.1971830985915366,,-0.554191697526126
2026-05-27,DK,09:55,2.4279933349202754,2.4279933349202754,2.4279933349202754,-2.610232616808883,3.8870111057460077,-0.6465019625952473,-0.08459544143342528
2026-05-27,HPE,09:56,-0.5481283422459793,-0.5481283422459793,-1.9695728008634172,-1.9695728008634172,-1.9677360023547585,,0.25163912541656214
2026-05-27,NBIS,09:56,3.131957844738009,3.131957844738009,2.5484601003640694,2.5484601003640694,2.5484601003640694,0.2537124992484818,0.7726909248484256
2026-05-27,TSM,09:56,-1.5975348730089434,-1.5975348730089434,-1.5975348730089434,-1.5975348730089434,-1.5975348730089434,,0.6431765361785949
2026-05-27,BMNR,09:57,-0.44961650357049354,-0.44961650357049354,-0.8429926238145424,-0.8429926238145424,-0.8429926238145424,,-0.28181061747011665
2026-05-27,GLW,09:57,0.946008611422644,0.946008611422644,0.946008611422644,0.946008611422644,0.3732912723449111,,0.5910722057240747
2026-05-27,ALAB,09:59,2.708846372419016,2.708846372419016,2.708846372419016,2.708846372419016,2.708846372419016,2.708846372419016,1.5423704476858073
2026-05-27,AMD,09:59,-0.7549663569368814,-2.91819879191344,-2.91819879191344,-2.921489832750934,1.0710978957372275,,-0.10292274034330677
2026-05-27,MU,09:59,0.7377591650302051,-3.6113829834603983,-3.6113829834603983,-3.6113829834603983,-3.6144729742281,,1.9420689245548999
2026-05-27,OKTA,10:01,-0.3231197771587868,-0.6000000000000116,-0.6000000000000116,-0.9082853345148467,-2.169625161999378,,-0.30078062451084353
2026-05-27,INTC,10:02,1.8604456708056327,1.8604456708056327,1.288766941049313,1.288766941049313,1.288766941049313,,2.448470303839493
2026-05-27,DRAM,10:05,-2.7762803180920836,-2.7762803180920836,-2.7762803180920836,-2.7762803180920836,1.013289036544851,,0.8512421157789829
2026-05-27,BE,10:11,-0.14625850340136415,-0.24635145007561032,-0.24635145007561032,-0.24635145007561032,-1.1465611583466706,-1.1465611583466706,-0.6573185500162023
2026-05-27,AXTI,10:17,-0.07728918358216319,-1.2105368992559873,-1.2105368992559873,-1.2105368992559873,-1.2105368992559873,-1.2105368992559873,1.589658590035022
2026-05-27,IBIT,10:19,0.09717256148757958,0.09717256148757958,0.03535651149086938,0.05894141223623528,,,-0.0037184496242015364
2026-05-27,CF,10:43,1.4435867242356792,1.4435867242356792,1.1832260309726728,1.1832260309726728,,,-0.1586284603575868
2026-05-27,WPM,10:43,-0.6215064691396655,-0.6215064691396655,-0.8965463475481439,-1.027717222049196,,,-1.1293447435313537
2026-05-27,QBTS,10:46,4.209328782707611,4.209328782707611,4.209328782707611,4.209328782707611,4.209328782707611,,3.9643598372187747
2026-05-27,FTI,11:43,0.837821663674454,0.837821663674454,0.8076577924020389,0.5219985085757051,,,0.8599319140230488
2026-05-27,TXG,12:09,5.804311774461013,5.804311774461013,5.345717234262115,5.345717234262115,4.5473166734944614,3.8876450234072824,4.5129743099499615
2026-05-27,DRAM,14:31,1.097424933374791,1.097424933374791,1.0804521276595924,-0.08215576733485719,,,1.0218222124961374
2026-05-27,LRCX,14:35,-0.2533229085222799,-0.2533229085222799,-0.2720365216847487,,,,0.3572129882731108
2026-05-28,NFLX,09:41,0.10435992578849973,-0.052098408104195304,-0.052098408104195304,-0.052098408104195304,-1.2769570331653823,,-0.030576049096061226
2026-05-28,BMNR,09:50,6.921105731549382,6.921105731549382,7.009735744089007,6.506090808416398,6.506090808416398,4.937261320240061,2.4747135077275737
2026-05-28,DE,09:50,2.5758584609531177,2.5758584609531177,2.5192987793284383,1.781972628598405,1.781972628598405,,0.5154123173707262
2026-05-28,LRCX,10:07,2.412596701093994,2.412596701093994,2.457960182977903,2.1880221051278737,1.7499520122848722,,0.4915349669388447
2026-05-28,HPE,10:12,3.831521739130439,3.831521739130439,3.662506782419972,3.662506782419972,3.1448238628694725,,3.2151205004030015
2026-05-28,IBIT,10:12,1.1197663096397248,1.1197663096397248,0.6786233640329709,0.6786233640329709,0.6786233640329709,,-0.15250107045402897
2026-05-28,NUE,10:12,2.514029642115645,2.514029642115645,2.1131086449076575,2.1131086449076575,0.1707341568745635,,0.3671337112072903
2026-05-28,TSM,10:13,1.9263986181748516,1.9263986181748516,1.7725824610151486,1.7725824610151486,1.358621100972135,0.34481944214825866,0.6576879575491246
2026-05-28,DK,10:15,0.21437436533904286,0.21437436533904286,0.21437436533904286,0.21437436533904286,-0.2918724741805212,-1.1573558869352407,-0.05938887135302403
2026-05-28,FTNT,10:20,1.5659254619480034,1.5659254619480034,1.2053832650672724,1.2053832650672724,,,0.299250682084895
2026-05-28,ADBE,10:21,-0.18188582530692665,-0.18188582530692665,-0.1013590385371188,-0.375443518442109,0.07459903021260761,0.07459903021260761,-0.4457738925999803
2026-05-28,ASML,10:23,0.3573304321728754,0.3573304321728754,0.30715678432156057,-0.1713489610219887,-1.0074564730697344,-1.0074564730697344,-0.9212694721353961
2026-05-28,SMTC,10:29,2.3000600860639153,2.3000600860639153,1.9865113427345316,1.9865113427345316,1.8959233054611113,0.337797080468083,0.8707576935572522
2026-05-28,AMZN,10:40,1.783325902808719,1.783325902808719,1.5607043558850675,1.242470839574139,-0.023246164474111097,,1.0988278463200423
2026-05-28,NBIS,10:40,1.5120922510880819,1.5120922510880819,1.5120922510880819,0.8492214095978889,-0.025364851739351213,-2.631748832605274,-0.5643741180964853
2026-05-28,FTI,10:44,0.39314590905719093,0.39314590905719093,0.19247853124073622,-0.2652910832719124,,,0.27914403733891496
2026-05-28,INTC,10:52,2.329126789192859,2.329126789192859,2.12154509339868,1.4015946286193737,0.376682568087805,,1.0773337244010712
2026-05-28,IREN,10:56,-1.1728395061728292,-1.5526518063028294,-1.5526518063028294,-1.5526518063028294,-2.1916762122947464,-2.1916762122947464,-1.219188475591389
2026-05-28,RVMD,11:11,3.2309692907872334,3.0763084298841337,3.0763084298841337,2.686567164179121,2.686567164179121,,2.5040590923231187
2026-05-28,CHRD,11:24,-0.5496546089281851,-0.5496546089281851,-0.6419056806797552,0.23957475481020118,,,-0.5575299675900647
2026-05-28,CF,12:06,-0.4273139047944574,-0.4273139047944574,-0.4017780817233696,-0.6056986862310154,-0.36770993671967345,-0.36770993671967345,-0.3889757809666679
2026-05-29,BMNR,09:41,1.8508725542041304,-2.5586885957110783,-2.5586885957110783,-2.560716618376113,2.91210259150414,2.91210259150414,0.2790233960199358
2026-05-29,CHRD,09:47,-1.7173489620912252,-1.7173489620912252,-1.708318064225589,-1.708318064225589,-1.708318064225589,,-0.1434670395532467
2026-05-29,IOVA,09:57,3.792213052503657,3.2745591939546514,3.2745591939546514,3.2745591939546514,1.3597033374536327,1.3597033374536327,3.1924990656062504
2026-05-29,QBTS,10:00,7.224199288256217,7.224199288256217,6.673747565940857,6.673747565940857,6.673747565940857,,4.400104448536646
2026-05-29,PARR,10:02,-0.062283121274142594,-0.062283121274142594,-0.3902092940759272,-0.3902092940759272,-0.3902092940759272,,-0.34367771923531726
2026-05-29,WDC,10:12,-0.0827752276318594,-0.4050405040504024,-0.4050405040504024,-0.4050405040504024,-0.4050405040504024,,0.6414543923227045
2026-05-29,CF,10:33,-2.080335202313388,-2.080335202313388,-2.06704347333988,-2.060815830956575,-2.060815830956575,,-0.4489029150446762
2026-05-29,PTEN,10:37,0.44822949350067365,0.44822949350067365,0.04464285714287364,0.04464285714287364,0.04464285714287364,,0.6913271876155388
2026-05-29,HPE,10:40,-2.0202821318780484,-2.0202821318780484,-0.1507246376811544,-2.0144546190942747,-2.0144546190942747,-2.0144546190942747,-2.006695688086594
2026-05-29,IBIT,10:56,0.848587707600923,0.848587707600923,0.7752877044215678,-0.8755026924561982,-0.8755026924561982,-0.8755026924561982,-0.5162698217736442
2026-05-29,DELL,11:12,1.8647342995169236,1.8647342995169236,-2.9065461805541704,-2.9065461805541704,2.7432636554110212,3.7505381634787005,2.707208423456516
2026-05-29,NBIS,11:26,4.567149998868958,4.567149998868958,4.119647723945308,4.119647723945308,4.119647723945308,,4.088277115788053
2026-06-01,CNH,09:40,-1.656721560449903,-1.656721560449903,-1.650963342513878,-1.6517834932056386,0.20366598778003286,,-0.13101193542904843
2026-06-01,IREN,09:40,6.974459724950899,6.974459724950899,6.469132261906907,6.469132261906907,6.469132261906907,6.469132261906907,-0.5812499748786282
2026-06-01,NOW,09:40,-2.647631486598212,-2.647631486598212,-2.647631486598212,-2.647631486598212,-2.6379177018567956,-2.615199880669561,0.6657587237156148
2026-06-01,ALAB,09:42,-3.2657010674004283,-3.2657010674004283,-3.2657010674004283,-3.2657010674004283,-3.2657010674004283,-3.2657010674004283,-1.3079190292145955
2026-06-01,QCOM,09:42,-2.90788860158534,-2.8989156727636245,-2.8989156727636245,-2.8989156727636245,-2.8989156727636245,,-1.8273054852434356
2026-06-01,MSFT,09:43,-0.2901500552151215,-0.2901500552151215,-0.2901500552151215,-0.363502607265731,-0.3095774160027709,,0.14244993008999396
2026-06-01,TGTX,09:44,0.41599570585078016,-0.16010673782522744,-0.16010673782522744,-0.16010673782522744,0.79471982758621,,-1.0995793587574372
2026-06-01,HOOD,09:45,4.313319530710835,3.8831615120275,3.8831615120275,3.8831615120275,3.8831615120275,,1.2724575250592969
2026-06-01,ORCL,09:45,7.899028112973716,7.899028112973716,7.899028112973716,7.899028112973716,7.899028112973716,1.192879427417859,4.934277910202334
2026-06-01,QBTS,09:46,4.010695187165769,4.010695187165769,3.0918727915194344,3.0918727915194344,3.0918727915194344,2.5843881856540074,-0.8915209624645907
2026-06-01,TSLA,09:46,-1.8021345040312609,-1.8021345040312609,-1.8018318910274056,-1.4296319004295843,,,-1.1424885230986281
2026-06-01,AAPL,09:48,-0.9370799467213864,-0.9370799467213864,-0.9362945913845455,-0.9375487664742721,,,-0.3051798673240347
2026-06-01,FLR,09:50,2.172958735733088,2.172958735733088,2.0721412125863425,1.8153980752405818,1.107732406602957,,1.200849811958656
2026-06-01,RVMD,09:50,4.955128205128201,4.955128205128201,3.9555555555555566,3.9555555555555566,3.9555555555555566,-1.9150854781809667,2.27544819695397
2026-06-01,LRCX,09:56,1.2994891443167234,1.2994891443167234,1.2509972873783193,1.2509972873783193,,,0.6874725247231354
2026-06-01,IBIT,10:01,-0.9348859915822016,-0.9348859915822016,-0.9320083567891047,-0.9335025124973639,,,-0.1585438002146685
2026-06-01,BBY,10:02,-0.9785896369087665,-1.0556948660419563,-1.0556948660419563,-1.1665677938171526,,,-1.5293071982446154
2026-06-01,GH,10:07,2.158956109134058,2.158956109134058,2.114540927236086,1.9332439043636018,3.1212580825417113,,0.9411726564861334
2026-06-01,MRVL,10:16,8.12703422428247,8.12703422428247,7.588508059569676,7.588508059569676,7.050092764378468,2.9679238433719,1.8587987554815462
2026-06-01,TXG,10:16,6.938923021322729,6.938923021322729,6.9002890173410325,7.7959927140255125,7.7959927140255125,,3.745330803052793
2026-06-01,FCX,10:23,3.361603700848126,3.361603700848126,3.1310100776982708,3.1310100776982708,1.8228771077016592,,1.2581790985899104
2026-06-01,SMTC,10:25,1.5717825983637246,1.5717825983637246,1.08791134536117,0.605245460659054,0.605245460659054,-0.7068662263963077,0.020545199193962766
2026-06-01,LITE,10:30,7.21992593848233,6.610601697260954,6.610601697260954,6.610601697260954,6.610601697260954,6.610601697260954,3.5708811730043664
2026-06-01,ASML,10:31,1.730376258412858,1.730376258412858,1.5843697153875569,0.5621378534982346,,,0.16363227791804288
2026-06-01,ALAB,10:40,-1.0684520588189805,-1.0684520588189805,-1.2105116882314637,-1.5661538461538393,-2.524413839333317,-2.6519589197413374,-1.703653966551159
2026-06-01,NTRA,10:41,-0.13023510864349497,-0.13023510864349497,-0.47814207650273,-0.47814207650273,-0.6455425739873566,,-1.2812839240736618
2026-06-01,ADBE,10:42,2.437200956937824,2.437200956937824,2.20034310434849,2.20034310434849,0.5540674421164793,0.5540674421164793,0.5496111445404775
2026-06-01,NUE,11:00,1.6471967339019455,1.6471967339019455,1.5917584082415948,,,,0.18679877800137357
2026-06-01,PLTR,11:01,1.3630340127468887,1.3630340127468887,1.2256987112833517,1.2256987112833517,-1.7102646473917793,,-0.08632506948646294
2026-06-01,BMNR,15:44,-0.554907313055375,-0.6330783434449927,-0.6330783434449927,,,,-1.0173190442225495
2026-06-02,PARR,09:40,0.5979599015125014,0.5979599015125014,-0.02621690116227926,-0.02621690116227926,-0.02621690116227926,-0.268507863444567,-0.3297692785074524
2026-06-02,ORCL,09:43,0.943026351086429,0.943026351086429,0.943026351086429,0.9034653465346487,0.9034653465346487,0.3652031185884308,1.1421990320840052
2026-06-02,CRWD,09:44,0.793650793650813,0.793650793650813,0.5673709109452307,0.5673709109452307,-2.4777343042628797,,1.8910802360079841
2026-06-02,NET,09:44,2.8021174234997837,2.8021174234997837,2.8021174234997837,2.8021174234997837,2.8021174234997837,,0.2747600277659412
2026-06-02,HOOD,09:47,0.8064054904203477,0.8064054904203477,0.4101629258288719,0.3187250996016022,0.3187250996016022,,0.25318836764954833
2026-06-02,CRCL,09:48,-0.6994384789675956,-0.6994384789675956,-0.6994384789675956,-1.191001323334806,-1.191001323334806,-1.4470082127493233,-0.8977315488163348
2026-06-02,OKTA,09:48,3.511321909424736,3.511321909424736,3.511321909424736,3.511321909424736,3.511321909424736,2.7410782080486085,2.1367991394160826
2026-06-02,TEAM,09:56,3.338858631304742,3.338858631304742,2.6920180722891596,2.6920180722891596,2.6920180722891596,2.6920180722891596,2.2328646382783424
2026-06-02,GH,10:00,2.480119675616077,2.480119675616077,1.15013988187751,1.15013988187751,1.15013988187751,1.15013988187751,0.9986884799015513
2026-06-02,HNGE,10:01,-1.58302458740317,-2.094153124476461,-2.094153124476461,-2.841959937365912,-2.841959937365912,-2.841959937365912,-2.071788454389486
2026-06-02,PANW,10:09,2.4410426148117503,2.4410426148117503,2.4410426148117503,2.085096338686676,0.20234722784298054,0.20234722784298054,1.010947400380598
2026-06-02,CDW,10:13,1.0594062985862518,1.0594062985862518,0.7860954853598834,0.7860954853598834,1.4998002687293344,,0.9659175628188743
2026-06-02,ILMN,10:14,0.43541364296082463,0.43541364296082463,0.09540516418922174,0.19716574245225438,-2.017331538576783,,-0.10699155828651034
2026-06-02,MSFT,10:15,-1.2323044001683936,-1.2323044001683936,-1.230898761188981,-0.8047294715310072,,,-0.41577972090346416
2026-06-02,TGTX,10:17,-0.31271244051666036,-0.31271244051666036,-0.407497962510206,-0.19057990743261977,,,-0.6240730858666573
2026-06-02,NTRA,10:35,-0.28145229383619297,-0.28145229383619297,-0.3562388675353856,-0.9920357691770243,-1.1301799916282884,,-0.10317494595202999
2026-06-02,WDC,10:35,0.7100570549623653,0.4603033006244539,0.4603033006244539,-0.08694572102844189,-0.09049131460813209,-0.09049131460813209,-0.0158501169431724
2026-06-02,FTNT,10:41,3.4322239977766955,3.4322239977766955,3.4465985685497857,3.124134109171517,0.11432414256893342,,2.4099821426466126
2026-06-02,BBY,11:01,-1.8920079502425802,-1.8920079502425802,-1.8911162147421945,-1.4554562686163064,,,-1.5882605642577967
2026-06-02,GOOGL,11:41,-1.0946229263658735,-1.0946229263658735,-1.0945038291048204,-1.0938789934269222,,,-1.0900442742181087
2026-06-02,NFLX,12:22,-0.9806835066864861,-0.9806835066864861,-0.9924526059309491,-0.46005855290673914,-0.5788625648982526,,-0.9413441653854567
2026-06-02,NOW,15:15,0.741910023677983,0.741910023677983,0.7021696252465404,-0.11738007668832262,,,0.89236337618915
2026-06-03,QCOM,09:40,3.1559283600176125,3.1559283600176125,3.1559283600176125,3.1559283600176125,4.720838705271158,4.720838705271158,-0.009616129510200041
2026-06-03,BE,09:56,-0.9994830260210197,-0.9994830260210197,-0.9994830260210197,-1.142581821936195,-1.142581821936195,-2.622167228842154,0.06434862016738707
2026-06-03,FTNT,09:56,1.3455086299332342,1.1216566005176842,1.1216566005176842,1.1216566005176842,-1.2037630239066677,,-0.1078939235316508
2026-06-03,AMZN,09:57,-1.113350574761507,-1.113350574761507,-1.1125434195913053,-1.1168105655329774,,,0.44119282930573284
2026-06-03,NUE,09:58,-0.12784751278474005,-0.12784751278474005,-0.2843051929213636,-0.2843051929213636,,,-0.620655949347082
2026-06-03,PANW,09:58,0.14284693950432636,0.14284693950432636,-0.22060916595502134,-0.22060916595502134,-0.5197154868119891,,-0.6830432243888166
2026-06-03,QBTS,10:01,-3.1610813855251996,-3.184937532993126,-3.184937532993126,-3.422854133754605,-3.422854133754605,-5.174856576539799,-3.321894213760934
2026-06-03,CHRD,10:02,1.1943305273760751,1.1943305273760751,1.056186233654266,0.744932311438995,,,-0.2391663503986896
2026-06-03,PARR,10:02,-0.3137528324908434,-0.3137528324908434,-0.5391304347826087,-1.0639218060721434,-1.6678129298486888,,-1.9136567568182787
2026-06-03,SMTC,10:02,0.7083897991869037,0.7083897991869037,0.036712965795748786,0.036712965795748786,0.036712965795748786,-0.6864293524480591,0.2523830751424779
2026-06-03,TEAM,10:02,0.36097512733028747,0.34112819498690605,0.34112819498690605,0.34112819498690605,0.34112819498690605,-1.4349624213509715,-0.6490570448424863
2026-06-03,MRVL,10:03,1.5161857621784014,1.1390284757118785,1.1390284757118785,1.1390284757118785,1.1390284757118785,-0.12571126108243957,-3.062250654792683
2026-06-03,HNGE,10:05,2.4950226923352137,1.9260801665799132,1.9260801665799132,1.4946004319654538,0.7028973084176382,,0.7830907583784278
2026-06-03,NBIS,10:05,-1.4104372355430272,-1.4104372355430272,-1.779859484777524,-1.9826276633038709,-4.610554736491057,-4.601488251983666,-1.2130511053569695
2026-06-03,AAOI,10:06,-4.272415227792803,-4.272415227792803,-4.937378954163973,-4.937378954163973,-4.937378954163973,-4.937378954163973,-2.07708252424453
2026-06-03,FTI,10:07,-1.588276925513199,-1.5880461048584316,-1.5880461048584316,-1.5880461048584316,-1.5994357797908143,,-0.634508887483994
2026-06-03,ALAB,10:08,3.8749106504646136,3.8749106504646136,3.8749106504646136,3.8749106504646136,3.8749106504646136,1.745456073038909,1.2873463663736133
2026-06-03,ORCL,10:11,-0.9326113116726931,-1.236101887358354,-1.236101887358354,-2.4809545561469193,-2.4809545561469193,,0.09408889798036742
2026-06-03,FCX,10:12,0.8562865705723066,0.8562865705723066,0.5978647686832872,0.5978647686832872,-0.6257470294593115,-0.7861855959567676,0.28659748255064343
2026-06-03,DRAM,10:15,2.2370544227666045,2.2370544227666045,2.0574022550885696,1.655484247374539,1.5222141296431069,,1.3977168634489094
2026-06-03,MU,10:15,2.739895505200951,2.739895505200951,2.699334560519784,1.9737121752395614,1.6147326113864269,,1.6264827637447299
2026-06-03,NOW,10:19,-2.715065231950331,-2.715065231950331,-2.715065231950331,-2.701403986004769,-2.714841614900332,,-2.483553156344613
2026-06-03,PLTR,10:20,-2.224493410905637,-2.224493410905637,-2.220086065895299,-2.2176634083903357,,,-1.503035084178957
2026-06-03,HPE,10:21,2.2997032640949433,2.2807342851844936,2.2807342851844936,2.2807342851844936,1.3784230839919198,,0.47456792233924183
2026-06-03,ANET,10:22,2.035206737236095,2.035206737236095,1.8921917888220507,1.8921917888220507,-0.1545152798443472,,0.6720635838274388
2026-06-03,COHR,10:26,-1.3233405288019418,-1.3233405288019418,-1.8713560278352581,-1.8713560278352581,-2.476407655158086,,0.23215617393764396
2026-06-03,NET,10:26,0.7592149717192465,0.7592149717192465,0.7592149717192465,0.29093931837074205,1.452432824981842,,0.24693724980954604
2026-06-03,DELL,10:29,1.3302222649860473,0.9683372881762242,0.9683372881762242,0.9683372881762242,0.9683372881762242,,1.3079364875646797
2026-06-03,CDW,10:35,1.4022140221402246,1.3722886232846454,1.3722886232846454,1.103752759381904,1.103752759381904,,-0.9033143610519878
2026-06-03,CRWD,10:40,-0.490052467573987,-0.490052467573987,-0.49137758838805334,-0.7662377328924497,-0.9280619415055869,,-0.31866172099875856
2026-06-03,ADBE,10:45,0.7034504440776468,0.7034504440776468,0.6876227897838927,0.5690737833594861,0.5690737833594861,,-0.0477010378440316
2026-06-03,TSM,11:16,-0.967442281985631,-0.967442281985631,-0.98314606741573,-1.1153089156844431,-0.696329785421379,,-0.34398412503231873
2026-06-04,ADM,09:40,0.28267276117159845,0.28267276117159845,0.048001920076812254,0.048001920076812254,,,-1.2665707411299687
2026-06-04,AXTI,09:40,-0.9254931289146451,-0.9254931289146451,-0.9254931289146451,-0.9254931289146451,-0.9254931289146451,-0.9254931289146451,-2.610539269124608
2026-06-04,FTI,09:40,2.564293147019492,2.564293147019492,2.564293147019492,2.564293147019492,2.1089240787331764,,0.6311660959640605
2026-06-04,HPE,09:40,0.46773979379051145,0.46773979379051145,0.46773979379051145,0.46773979379051145,1.5309015309015406,0.5992509363295984,1.3135419733326437
2026-06-04,ILMN,09:40,-0.9256529685749748,-0.9256529685749748,-0.9256529685749748,-2.053368813057088,-2.053368813057088,,-1.2904831456874082
2026-06-04,MRVL,09:40,11.076971697450677,10.741341205161259,10.741341205161259,10.741341205161259,10.741341205161259,11.098428308016484,4.223316301144979
2026-06-04,NET,09:40,4.342084822122105,4.342084822122105,3.954496208017355,3.954496208017355,3.954496208017355,,-2.219953411380175
2026-06-04,ORCL,09:40,3.6851803106080494,3.499785196561578,3.499785196561578,4.30522761877441,4.30522761877441,,0.5860687294350667
2026-06-04,QCOM,09:40,-0.08033452118566542,-0.08033452118566542,-0.08033452118566542,-0.08033452118566542,-0.08033452118566542,-0.1810848629516859,0.8817476286097822
2026-06-04,SMTC,09:40,7.303014948061826,7.106278055257009,7.106278055257009,7.945711736969541,7.945711736969541,7.945711736969541,0.7665721599882361
2026-06-04,TER,09:40,3.3299466598933236,3.3299466598933236,3.9026383674303444,3.365390723260453,3.365390723260453,,-0.10370969770009027
2026-06-04,DELL,09:41,4.089485237895563,4.089485237895563,4.110028370543972,4.14021580203956,3.7414882371739733,,1.5002570058888647
2026-06-04,DK,09:42,3.7746111171543584,2.868233771835249,2.868233771835249,2.868233771835249,3.9895356442119168,,1.5670068646019313
2026-06-04,OKTA,09:46,0.5047215890589207,0.25579601283041153,0.25579601283041153,0.12570455374882883,-0.11326860841424091,,0.16917871371253668
2026-06-04,SNDK,09:47,-0.2963374280404385,-0.5802522147893674,-0.5802522147893674,-1.1563080155147953,-1.1563080155147953,,-1.5728269510946227
2026-06-04,ASML,09:48,4.4475491216075635,4.4475491216075635,4.160219127403364,3.69972494067925,3.69972494067925,3.7156418248795564,-0.10289319285959515
2026-06-04,LRCX,09:48,2.745373480730473,2.5762195121951104,2.5762195121951104,2.125621343875439,2.125621343875439,0.07138395645578388,-0.817526397020274
2026-06-04,NBIS,09:48,8.16811062979006,8.16811062979006,8.16811062979006,8.16811062979006,8.16811062979006,4.992532588559784,5.289604732772187
2026-06-04,PARR,09:50,-0.3766140602582513,-0.3766140602582513,-0.3766140602582513,-0.9097395647520656,-0.9097395647520656,,-1.3846164756619963
2026-06-04,TEAM,09:50,-1.513975155279501,-1.533087521831944,-1.533087521831944,-1.7428350116188929,-3.5792682463480108,-3.5792682463480108,-2.890209808160371
2026-06-04,WDC,09:51,-0.2634269770021236,-0.2634269770021236,-0.6276710554716125,1.344533375597634,-0.34201206999558975,,-1.3514418589588015
2026-06-04,ZETA,09:51,0.02421160946675105,0.02421160946675105,0.02421160946675105,0.02421160946675105,0.02421160946675105,,-0.16490700014489823
2026-06-04,ANF,09:53,0.9816030683221788,0.9816030683221788,0.8570315543435791,0.17411491584446992,0.17411491584446992,,1.2756785331799285
2026-06-04,CRWD,09:56,4.766174214818064,4.766174214818064,4.626409263174569,4.626409263174569,4.626409263174569,-2.4852203111680904,2.1614198574578283
2026-06-04,MSFT,09:57,-0.45339347578413625,-0.47884704788470067,-0.47884704788470067,-0.8361320208454037,,,0.024692376460936732
2026-06-04,DINO,10:00,1.4274771951813925,1.3075532062873707,1.3075532062873707,1.0335021155580382,,,-0.1094672776848012
2026-06-04,TSM,10:13,3.16035985902432,3.16035985902432,2.928860613071138,2.928860613071138,1.8800091596061552,,-0.14144917860091644
2026-06-04,ANET,10:14,3.60874582826487,3.5990518962075946,3.5990518962075946,3.5990518962075946,3.1935383659521754,0.7433377106654371,1.957562120646091
2026-06-04,RVMD,10:25,-0.7719790736251175,-0.7719790736251175,-0.9426151200560451,-2.0131627977061917,-2.0186461701202973,,-2.017071467597372
2026-06-04,CNH,10:49,-1.653857816677895,-1.6508466963926383,-1.6508466963926383,-1.6478465206609005,-1.6396519855219838,,-1.281383736506403
2026-06-04,IBIT,10:50,-1.031006423843328,-1.031006423843328,-1.0293218100847157,-1.023098924725585,0.3204681621847616,,-0.6359726322382908
2026-06-04,MU,10:51,0.5617184348527537,0.5617184348527537,0.3189134808853078,0.2221194821902417,0.2313169566999118,,-1.3844377493397804
2026-06-04,IREN,10:55,2.1952065542359733,2.1952065542359733,1.4927821522309648,1.4927821522309648,1.1898433986179846,-0.16136840406648645,1.8683433258466293
2026-06-04,PANW,11:00,2.559770832568198,2.559770832568198,2.2949138262605473,2.150852293510863,2.150852293510863,,1.8844550265726105
2026-06-04,CLMT,11:09,1.657158380874768,1.657158380874768,1.2994044396318571,1.2856949519556071,0.7946127946127923,,0.9071177879860374
2026-06-05,CRWD,09:44,-2.5976746987429578,-2.5976746987429578,-2.5932015740880776,-2.6183952730239546,-2.6095476824637087,,-2.5205787144436553
2026-06-05,AXTI,09:46,-7.819406454608857,-7.819406454608857,-7.741367691084699,-7.741367691084699,-7.741367691084699,-7.741367691084699,-6.491184707784755
2026-06-05,RVMD,09:51,-1.9999554485904292,-1.9999554485904292,-1.9949487326290094,-1.9949487326290094,-1.9949487326290094,,-0.7552286048686926
2026-06-05,ASML,09:57,-1.822787092659628,-1.8235798807875292,-1.8235798807875292,-1.820402105383434,-1.815752435410256,-1.3849533190500862,-1.7151703255512298
2026-06-05,DE,09:58,-1.3792596286856584,-1.3792596286856584,-1.3792596286856584,-1.3792596286856584,-1.3768312724746656,,-1.3769734373312563
2026-06-05,PARR,09:58,0.41501263081920037,0.41501263081920037,0.3697357741906382,0.3697357741906382,0.5601734730755314,,-0.7659600982675189
2026-06-05,COHR,10:02,-3.4913484181427257,-3.4913484181427257,-3.434498655397611,-4.224291229499755,-4.224291229499755,-4.193425414056351,-3.2150797838882497
2026-06-05,DINO,10:03,-0.1363684044896618,-0.1363684044896618,-0.1363684044896618,-0.1363684044896618,,,-0.1733008459873009
2026-06-05,SMTC,10:05,-4.178150651427703,-4.178150651427703,-4.178150651427703,-4.15965803624575,-4.15965803624575,-4.15965803624575,-4.207570535712265
2026-06-05,LRCX,10:08,-2.24598438486453,-2.24598438486453,-2.2359254811223583,-2.2359254811223583,-2.2185202812149307,,-2.246469228291888
2026-06-05,NUE,10:10,-1.2428556614632158,-1.2428556614632158,-1.2414150034575688,-1.2534746295445376,,,-0.9658436815506969
2026-06-05,DELL,10:13,-3.3339622995011253,-3.3339622995011253,-3.3200145454254537,-3.3200145454254537,-3.3200145454254537,,-2.2696375633882124
2026-06-05,TSM,10:14,-1.7112273417309254,-1.7112273417309254,-1.7072708158150762,-1.7072708158150762,-0.8480649784997629,,-1.1832073153247487
2026-06-05,BE,10:15,-4.373481603656748,-4.3794112049515554,-4.3794112049515554,-4.3794112049515554,-4.3794112049515554,0.37506663620441305,-4.41311681039989
2026-06-05,NBIS,10:15,-4.77506651452776,-4.77506651452776,-4.745246356566247,-4.745246356566247,-4.745246356566247,-4.707576180096529,-1.4411323339241482
2026-06-05,TER,10:15,-2.8991194103880735,-2.8991194103880735,-2.891758652539733,-2.891758652539733,-2.891758652539733,-0.596592485709524,-2.097116857928764
2026-06-05,DDS,10:16,-0.23858264479794666,-0.23858264479794666,-0.47668257795711044,-1.3617298000325073,-1.3617298000325073,,-0.41497087717377035
2026-06-05,FTNT,10:16,-1.0393873085339234,-1.0393873085339234,-1.2857678796766803,-1.2857678796766803,,,-0.7335672049534262
2026-06-05,AMD,10:19,-2.8365320837664743,-2.8365320837664743,-2.8389358754284055,-2.8389358754284055,-2.8048001443622628,-1.3399124198768764,-1.6515679909348175
2026-06-05,ANET,10:19,-2.368215474930657,-2.368215474930657,-2.361035438119341,-2.361035438119341,0.46248045857215647,,-1.4962455227588247
2026-06-05,QCOM,10:19,-4.18503752347783,-4.18503752347783,-4.180907073400308,-4.180907073400308,-4.180907073400308,,-2.0616131166905785
2026-06-05,GH,10:23,-2.945920469763752,-2.945920469763752,-2.952097362881989,-2.9460346217562217,-2.934323252939519,,-1.6643102409906814
2026-06-05,ALAB,10:27,-4.853940007866219,-4.857008914665684,-4.850376384578404,-4.850376384578404,-4.811659285895942,-2.8004416906938223,-2.653972236030592
2026-06-05,PANW,10:28,-1.4771369610079188,-1.4771369610079188,-2.684945166828767,-2.684945166828767,0.016538949225441968,,-1.0361468970527699
2026-06-05,MRVL,10:29,-4.28139751173795,-4.28139751173795,-4.28139751173795,-4.28139751173795,-4.28139751173795,-4.386756453651042,-4.369647312958103
2026-06-05,MU,10:30,-3.469921762984385,-3.4671112005166482,-3.4671112005166482,-3.4489777907678376,-3.4489777907678376,-1.3906721677252265,-3.473568697296832
2026-06-05,ADM,10:32,-1.4376137889010598,-1.4376137889010598,-1.436571158327704,-1.4364843407076888,,,-1.264134241906556
2026-06-05,TXG,10:35,-0.7352941176470562,-0.7352941176470562,-0.8937120970315959,-3.75794764219054,-3.75794764219054,1.140065146579805,-0.998969130772461
2026-06-05,BMNR,10:36,-3.0119434595174965,-3.0119434595174965,-3.000777774774155,-2.9796066432343338,-2.9796066432343338,-2.9796066432343338,-1.6384965297385978
2026-06-05,ILMN,10:36,-0.47233468286100866,-0.47233468286100866,-0.6216886656662424,-0.4601226993865004,-0.4112447827154364,,-0.03876442678682294
2026-06-05,HOOD,10:37,-2.999995938155353,-2.992372285573308,-2.992372285573308,-2.985491240812854,-3.075433153801388,,1.5866654627845127
2026-06-05,IOVA,10:47,-2.9885057471264354,-2.9885057471264354,-4.361496336698778,-4.361496336698778,-4.361496336698778,-2.3125535313317402,-2.695753172453326
2026-06-05,NET,10:51,-2.9023640761932756,-2.9023640761932756,-2.891424611873883,-2.891424611873883,-0.8635031292085871,,-2.916283104183248
2026-06-05,FTI,10:55,-1.6309570216931246,-1.6309570216931246,-1.62951921062493,-1.6252209477598534,-1.6252209477598534,,-1.4580194111073845
2026-06-05,GOOGL,10:56,0.08412939643942519,0.08412939643942519,-1.2126340178461925,-1.2087189132847453,-1.2117143977738887,,-0.7511041895218229
2026-06-05,GLW,11:12,-3.263065275551924,-3.262109134066471,-3.262109134066471,-3.2688667492921986,-3.2688667492921986,,-1.623091055311095
2026-06-05,CLMT,11:14,-2.0029330277596014,-2.0029330277596014,-2.0004784529706887,-2.043894512884903,-2.043894512884903,,-1.0673110397038628
2026-06-05,SNDK,11:16,-3.966355307495084,-3.94836123957929,-3.94836123957929,-3.94836123957929,-3.94836123957929,-4.118641942638135,-1.2218555875284902
2026-06-05,WDC,11:23,-2.846793078790588,-2.846793078790588,-2.846320686554493,-2.846320686554493,-2.9053523115960544,,-2.709806823148034
2026-06-05,NTRA,11:54,-1.5237485128580475,-1.5237485128580475,-1.6677327972219658,-1.6812097400520698,,,-1.2539056816714633
2026-06-08,WDC,09:42,-0.4253468940224603,-0.8414909638554291,-0.8414909638554291,-0.8414909638554291,-0.8414909638554291,-2.9178623054578967,-0.00027982854152730496
2026-06-08,GOOGL,09:43,-0.14017535662259606,-0.14017535662259606,-0.25121144316170296,0.4784424348018623,,,0.055329539876066335
2026-06-08,NET,09:44,-0.6814446626848825,-0.6814446626848825,-1.1963153487259293,-1.1963153487259293,-1.1963153487259293,-1.1963153487259293,-0.5632030780589603
2026-06-08,UNH,09:44,2.3221878380758287,2.3221878380758287,2.221887095963404,1.7742298741272755,,,0.9117059605841638
2026-06-08,OKTA,09:52,-0.5569491093065815,-0.7215619694397213,-0.7215619694397213,-0.7173479349717682,,,-0.7407373063118672
2026-06-08,ILMN,09:53,-0.48169253533985046,-0.6537180212458304,-0.6537180212458304,-1.0579691999499152,,,-0.21670751468236085
2026-06-08,ZETA,09:53,0.046019328117807845,0.046019328117807845,-0.5034324942791879,-0.5034324942791879,-0.7759014148790544,,-0.3328736747950793
2026-06-08,CRM,09:54,-0.41998472782808216,-0.41998472782808216,-0.5989002014482492,-0.5989002014482492,,,-0.06704198152269007
2026-06-08,DELL,10:00,1.4231090628244347,1.4231090628244347,1.4231090628244347,1.4231090628244347,1.4231090628244347,-0.25031435607996144,-0.19104625825994148
2026-06-08,FTNT,10:02,-1.2564722126337524,-1.4605580434033816,-1.4605580434033816,-2.085487838091238,,,-2.0800719813653017
2026-06-08,PANW,10:07,-1.4198707862048687,-1.4198707862048687,-1.4891688402982162,-1.4891688402982162,-1.4837014837014828,,-0.9615943483422466
2026-06-08,NUE,10:33,-0.13008001892071963,-0.13008001892071963,-0.16746458616544446,,,,-0.5531060441624472
2026-06-08,WDC,10:46,-0.11946298543689116,-0.11946298543689116,-0.3726120673349764,-0.3726120673349764,-0.7022273331385387,,0.4981503695598466
2026-06-08,NVDA,11:40,0.6891978694273604,0.6891978694273604,0.5833293159137831,0.22577700917518762,,,0.3776433360231331
2026-06-08,RVMD,12:05,-0.9223187826723822,-0.9223187826723822,-0.9843004412381173,-0.5547757502840756,-0.231148830475425,,0.19362744739814808
2026-06-09,ADBE,09:41,-1.8350129678622595,-1.8350129678622595,-1.8263272740712155,-1.8263272740712155,0.5112604047830427,0.5112604047830427,-1.1841716202557806
2026-06-09,DK,09:41,-2.5637615008554326,-2.5637615008554326,-2.5629637325220056,-2.554484993822459,-2.5521104467304934,-2.5521104467304934,-0.32353577480514667
2026-06-09,MSFT,09:42,-1.3273629500481499,-1.3273629500481499,-1.3260317395751509,-1.3184688822220458,,,-0.33776612139693923
2026-06-09,PLTR,09:43,-2.271382780403397,-2.266267997664839,-2.266267997664839,-2.266267997664839,,,-1.3819915052899665
2026-06-09,IBIT,09:47,-1.15804762841617,-1.15804762841617,-1.157591870676411,-1.1569007221627903,0.11392765593847276,,0.16456874503016175
2026-06-09,CF,09:49,-2.004071680928965,-2.002324772549946,-2.002324772549946,-1.989818230476481,-1.9804280364493665,1.1128183638310585,0.9216382620132246
2026-06-09,NET,09:54,-2.7371889528754467,-2.7448795643970847,-2.7720834125288363,-2.7720834125288363,-2.7720834125288363,1.2610448657459195,-1.3288189590811756
2026-06-09,WPM,09:56,-1.9127364011843895,-1.9127364011843895,-1.9056954504199974,-1.9056954504199974,-1.9036360840270716,,-0.6224917324724929
2026-06-09,RVMD,10:09,0.5771812080537009,0.5771812080537009,0.5030517759048836,0.5030517759048836,,,0.9459565155128727
2026-06-09,CDW,10:39,-2.17580962591154,-2.17580962591154,-2.1754041149480097,-2.182726516412048,-0.2580307393141634,,-0.3507487861462784
2026-06-10,BE,09:40,-4.41560999975017,-4.41560999975017,-4.41560999975017,-4.41560999975017,-4.3726039112022335,-4.3726039112022335,-1.7041256686982604
2026-06-10,MSFT,09:40,-0.18588761335375237,-0.18588761335375237,-0.273566910952705,-1.3572325453144019,,,-1.285766910927355
2026-06-10,ALAB,09:42,-3.498606103951074,-3.498606103951074,-3.498606103951074,-3.498606103951074,-3.498606103951074,-4.357134590903833,-3.432406704747315
2026-06-10,MU,09:42,-1.3358997435508058,-2.3548847365953196,-2.3548847365953196,-2.3548847365953196,-2.3548847365953196,-2.3548847365953196,-1.6984665345113743
2026-06-10,PANW,09:42,1.3035023201185991,1.3035023201185991,1.3035023201185991,1.3035023201185991,1.3035023201185991,-0.31451307313375976,-0.1731842262791735
2026-06-10,NVDA,09:43,-1.8504256579829126,-1.8451261524336182,-1.8451261524336182,-1.8414612860325974,-1.840302293211571,,-0.9679741152769298
2026-06-10,WDC,09:43,-1.2046249533774867,-1.2046249533774867,-1.2046249533774867,-1.2046249533774867,-1.2046249533774867,-3.0885847558464574,-0.35349222965722626
2026-06-10,HPE,09:45,-3.1837460075382795,-3.1837460075382795,-3.1837460075382795,-3.1837460075382795,-3.1837460075382795,-0.0768639508070601,-1.0939711536634162
2026-06-10,OKTA,09:51,-2.9876938373535222,-2.9876938373535222,-2.991912496186444,-2.991912496186444,-3.0073217044156997,,-1.5978151593926053
2026-06-10,ILMN,09:52,-1.2613598370870172,-1.276362973317935,-1.276362973317935,-1.2493540444417417,-2.0877149689471186,,-1.533745719830763
2026-06-10,NFLX,09:55,0.5028207014961872,0.5028207014961872,0.3682823980119876,0.15888535810315574,-0.40712158959712585,-0.07316180953542695,-0.17256876163532406
2026-06-10,AAPL,09:56,1.0276762040102083,1.0276762040102083,0.9070137783009136,0.3062734436835468,,,-0.3429431042888324
2026-06-10,WT,10:10,-1.2367491166077826,-1.2367491166077826,-1.2948793407886905,-1.814988290398123,-1.814988290398123,-1.814988290398123,-0.8177999647026183
2026-06-10,CRM,10:16,-1.0646299832205108,-1.1704187498193686,-1.1704187498193686,-1.4125922509225064,,,-1.7003766740498267
2026-06-10,ADBE,10:17,-0.7187818986049699,-0.7187818986049699,-0.7082243348433548,-0.900021226915726,,,-1.064995624335811
2026-06-10,MRVL,10:22,-4.293130233791831,-4.293130233791831,-4.293130233791831,-4.629210089110392,-4.9217143936539305,-4.9217143936539305,-2.7404969016067375
2026-06-10,PLTR,11:23,-0.4586104104563393,-0.4586104104563393,-0.6939149001067513,-0.9921313718782132,-0.29094250057424276,,-1.1236382392305178
2026-06-10,CDW,13:02,-1.889369451399936,-1.889369451399936,-2.1911268772520476,-1.6655258955053598,,,-1.818536759739357
2026-06-11,OSCR,09:41,4.10367170626349,3.9166367229608534,3.9166367229608534,3.9166367229608534,3.285714285714292,3.4704830053667424,3.5980331657844347
2026-06-11,FTNT,09:43,2.898293660647777,2.898293660647777,2.898293660647777,2.898293660647777,2.898293660647777,,0.46556341581948474
2026-06-11,NFLX,09:43,0.3334156581872083,0.3334156581872083,0.2838805233275732,-1.1743100383382887,,,0.3918836680461964
2026-06-11,PLTR,09:44,2.319768804186517,2.319768804186517,2.3397523534236964,2.024922118380057,1.060752169720347,,0.8814953654264249
2026-06-11,TEAM,09:45,0.49005801836310425,0.49005801836310425,0.49005801836310425,0.49005801836310425,0.49005801836310425,,-0.5733227097247514
2026-06-11,ORCL,09:46,4.228564177888705,4.228564177888705,4.228564177888705,4.228564177888705,4.228564177888705,3.2779524023349715,2.1934224951444183
2026-06-11,GOOGL,09:51,2.383099317274273,2.383099317274273,2.1695970748289772,2.1695970748289772,1.9322845417236723,,2.39263496265257
2026-06-11,HNGE,09:51,3.274237342277586,3.274237342277586,2.4560291554428737,2.4560291554428737,2.4560291554428737,1.9391455147406589,-2.032049692064571
2026-06-11,CRM,09:59,-2.2149074714943984,-2.2149074714943984,-2.2155672592428344,-2.2036203156192813,-0.2695740729647289,,0.577565985571323
2026-06-11,AMZN,10:00,1.66870338375964,1.66870338375964,1.4592094196804073,1.4592094196804073,1.229336242342871,,1.078461023719135
2026-06-11,TSLA,10:17,3.2755697627767866,3.2755697627767866,3.483154809762179,3.0981111599183597,3.2876003106393936,,2.848201945516345
2026-06-11,UNH,11:06,-0.43111389513246223,-0.43111389513246223,-0.4720658559493218,,,,-0.3596004285584968
2026-06-11,WT,11:37,5.430140329469202,5.430140329469202,5.237515225334954,5.237515225334954,4.7272727272727355,4.2848521424260655,5.017173574229216
2026-06-12,DELL,09:40,2.012817041249204,2.012817041249204,2.2699656144160807,1.990460229470159,1.2749942394838731,-2.1780390847660924,-1.4503502886094068
2026-06-12,CRM,09:45,2.5633106856084,2.5633106856084,1.6684524720649074,1.6684524720649074,1.6684524720649074,1.6684524720649074,0.8901269394567294
2026-06-12,DRAM,09:46,2.8969447522558145,2.8969447522558145,2.120974076983506,2.120974076983506,2.120974076983506,,-0.9991138077852494
2026-06-12,ASML,09:50,0.6229605618584433,0.6229605618584433,0.4715205066377459,0.27341210609692634,-0.4271004854265126,-0.4271004854265126,-0.7434677186829072
2026-06-12,DDS,09:56,-0.3737070676888776,-0.3737070676888776,-0.3737070676888776,-0.3737070676888776,-0.3737070676888776,,-0.5124999525958499
2026-06-12,NOW,09:56,2.941769091275437,2.6315789473684292,2.6315789473684292,2.6315789473684292,1.520119225037253,1.520119225037253,0.8777115106945788
2026-06-12,ADBE,09:57,2.3785628261742353,2.163244867300973,2.163244867300973,1.5934667861766894,-1.9037817111822397,,0.4381063671638226
2026-06-12,GH,09:57,1.2223717086296437,1.2223717086296437,0.7768848067355449,0.20930055559784666,0.20930055559784666,-0.9739771359807525,-0.02720723284574215
2026-06-12,PLTR,10:01,0.2663741773738737,0.2663741773738737,0.11734334663224821,-0.35814388041107703,-0.7369109308067001,,-0.12615795582508285
2026-06-12,AMZN,10:10,1.8618156973268407,1.4502615574363054,1.4502615574363054,1.4502615574363054,1.0848376981100083,,0.8314786816652949
2026-06-12,BMNR,10:15,-0.3712871287128605,-0.3712871287128605,-0.6172839506172756,-0.6172839506172756,-1.589242053789719,,-1.6108455303653162
2026-06-12,PTEN,10:16,-1.076194575979339,-1.076194575979339,-1.076194575979339,-1.076194575979339,-1.4157014157014092,,-1.2744468914449987
2026-06-12,CRWD,10:26,-1.3505705618951147,-1.3505705618951147,-1.3847575591301453,-1.5510804226549935,,,-0.9873681429683109
2026-06-12,CRCL,10:27,-2.145058816128831,-2.145058816128831,-2.610655481124391,-2.610655481124391,-2.610655481124391,-3.6649033245427343,-2.341764780871602
2026-06-12,ORCL,10:35,1.371145374449334,1.371145374449334,1.5696984744406839,1.1817082554688385,1.217869415807571,1.217869415807571,1.393636415251572
2026-06-12,MSFT,10:37,1.629791495948285,1.629791495948285,1.578263130525226,1.481952904809547,,,0.8714832235263111
2026-06-12,GOOGL,10:50,-0.17250878851089446,-0.17250878851089446,-0.40292989573670335,-0.5365192621477388,,,-0.6718716154656504
2026-06-12,OKTA,10:52,-0.042988565041701676,-0.042988565041701676,-0.28304314263658537,-0.13314435424988114,-0.13314435424988114,-0.13314435424988114,-0.9490576813718491
2026-06-12,NFLX,11:00,0.500437883147753,0.500437883147753,0.4878658994245777,,,,-0.13384757540627623
2026-06-12,PANW,12:13,0.42741182386323295,0.42741182386323295,0.39495888837026705,0.008941824489872019,-0.2461648234034941,,-0.3576922634937696
2026-06-12,HNGE,12:39,-0.13005890903527995,-0.13005890903527995,-0.41955908154703847,-0.41955908154703847,-0.6696088875361439,,0.3333503261224576
2026-06-12,DK,15:05,-1.1508683825067978,-1.1508683825067978,-1.3778705636743105,-1.3778705636743105,,,-1.2439317388485582
2026-06-15,PTEN,09:40,-2.0239190432382648,-2.0239190432382648,-2.461495503179434,-2.461495503179434,-2.4357850596857356,,-1.393737010509699
2026-06-15,OKTA,09:43,1.3795618871891735,1.3795618871891735,1.3795618871891735,1.3795618871891735,-0.6141679286555624,,-0.5289821330142367
2026-06-15,NTRA,09:46,2.640295258824632,2.640295258824632,2.1665410700828946,2.1665410700828946,2.1665410700828946,1.3408082223779427,1.07213976090809
2026-06-15,TGTX,09:47,3.9578381729874934,3.20065654493229,3.20065654493229,3.20065654493229,3.20065654493229,2.0490971799553614,0.5815656635913028
2026-06-15,CHRD,09:48,0.15689966266572153,-0.522050802555718,-0.522050802555718,-0.522050802555718,-0.522050802555718,,-0.7375590168836488
2026-06-15,DK,09:55,0.4491354143274062,0.4491354143274062,-0.02235136343318178,0.2240645305847888,0.2240645305847888,,-0.32497509852323914
2026-06-15,DELL,10:03,0.6469068995203608,0.6469068995203608,0.4609596061895038,0.4609596061895038,-0.38465283864056454,-0.38465283864056454,-0.629563696176679
2026-06-15,PARR,10:03,0.46957175056348,0.19668446192750988,0.19668446192750988,0.3094233473980301,0.018698578908016295,,-0.6571840122431097
2026-06-15,OSCR,10:09,5.726872246696035,5.726872246696035,5.537459283387625,5.118961788031728,5.118961788031728,,2.7096520520600333
2026-06-15,DINO,10:24,-0.3851851851851884,-0.3851851851851884,-0.4736530491415203,-0.6941367597105286,-0.6941367597105286,,-0.6354092022389901
2026-06-15,NUE,13:53,-0.7464780483547373,-0.7464780483547373,-0.8157293270472099,-1.1475409836065542,,,-1.1454502998689404
2026-06-16,CRCL,09:40,-3.547090641671957,-3.547090641671957,-3.5479552585255036,-3.5479552585255036,-3.5479552585255036,,-2.4387433023008387
2026-06-16,NOW,09:40,-1.5540015540015495,-1.5540015540015495,-1.5540015540015495,-1.5540015540015495,-1.5540015540015495,,-0.28781915864054913
2026-06-16,ZETA,09:40,0.8944543828264706,0.8944543828264706,0.45801526717557106,0.45801526717557106,-0.5506491412795467,,1.2055685664616271
2026-06-16,INTC,09:41,-3.75271778170847,-3.75271778170847,-3.7622078219340604,-3.720748556369957,-3.720748556369957,-3.720748556369957,-2.6191039293530687
2026-06-16,OKTA,09:41,-0.1503583784651763,-0.1503583784651763,-0.03438789546078569,-0.03438789546078569,-0.03438789546078569,,0.026378848893160445
2026-06-16,MSFT,09:44,0.0812904864727626,0.0812904864727626,0.011677379392982523,-0.35283851630770746,,,0.34012804618794856
2026-06-16,PANW,09:45,1.2430564351240347,0.8489086747291763,0.8489086747291763,0.8489086747291763,0.21133319005659512,,0.5390247968664497
2026-06-16,RVMD,09:46,-0.27069201617782035,-0.27069201617782035,-0.280219080371924,-0.280219080371924,0.29464514476045256,,0.2166602141535486
2026-06-16,DINO,09:48,0.27859347940666357,0.27859347940666357,-0.1798830760005865,-0.1798830760005865,,,-0.1323433534110019
2026-06-16,PLTR,09:56,0.36710852306636177,0.36710852306636177,-2.334365552526807,1.8971068718582673,1.8971068718582673,,1.6991945694434667
2026-06-16,CRWD,10:05,-1.2412069065751985,-1.2412069065751985,-1.2563046287324298,-0.8593647412422079,-0.5837685993942854,,-0.28196902894266723
2026-06-16,ADBE,10:09,-0.05783689994215413,-0.05783689994215413,-0.21174205967275928,-0.21174205967275928,-1.1394517282479089,,-0.5232996042851915
2026-06-16,FTNT,10:10,-0.09514101257221963,-0.09514101257221963,-0.15959794899658153,-0.15959794899658153,,,0.6090947335526361
2026-06-16,FTI,10:36,-1.6981224236729542,-1.695393476200313,-1.6936551205047778,-1.692291768413623,,,-1.693136877596946
2026-06-16,AMZN,10:51,-0.3280547567939718,-0.3280547567939718,-0.39663266958070986,-0.5093790426908273,,,-0.7479890728897765
2026-06-16,CHRD,10:54,0.4757751169613744,0.4757751169613744,0.4517992295867801,0.3365403650473109,,,0.02151505752590414
2026-06-16,BBY,11:12,-1.383089770354906,-1.383089770354906,-1.5372589890568111,-1.7101241953312973,,,-1.7165141234383359
2026-06-16,IBIT,11:35,-0.20128824476649543,-0.20128824476649543,-0.2682043717312399,,,,-0.24580214604966363
2026-06-16,TIGO,11:35,1.6055846422338593,1.6055846422338593,1.4403531188291296,1.4403531188291296,0.24680020662344315,,0.6766424141083638
2026-06-16,TGTX,12:01,1.770980076474138,1.770980076474138,1.2007204322593612,1.2007204322593612,1.2007204322593612,,1.1303507957400427
2026-06-16,PARR,12:57,0.13340956737182275,0.13340956737182275,0.038080731150036407,-0.22787694644891276,-0.22787694644891276,,-0.4192275484207049
2026-06-17,TSLA,09:44,-1.1513178410607616,-1.9018138011125063,-1.9018138011125063,-1.9018138011125063,-1.898599680959523,,-1.5497301426818304
2026-06-17,NFLX,09:46,-1.2009099868626638,-1.2009099868626638,-1.19891154474423,-1.202915102432811,,,-1.2012277516437482
2026-06-17,LITE,09:49,-0.1985402130003644,-0.1985402130003644,-0.5022768357703433,-0.5022768357703433,0.6469607888523798,-1.2832955893454012,-1.3825489799152102
2026-06-17,DELL,09:54,4.549676180740381,4.549676180740381,3.820347124216994,3.820347124216994,3.820347124216994,3.6279161724001696,-0.2526080440603984
2026-06-17,ORCL,09:58,-2.383485848052791,-2.383485848052791,-2.383485848052791,-2.383485848052791,-2.8596285287328493,,-2.0536770872256764
2026-06-17,DINO,10:03,-0.25718608169438273,-0.25718608169438273,-0.19679079624582707,-0.6779150346489682,-0.6779150346489682,,0.04104121502228238
2026-06-17,FTNT,10:08,-2.0468725216614247,-2.0468725216614247,-2.0580853158594703,-2.0436710209475017,-2.075713659554712,-2.075713659554712,0.17424535426270316
2026-06-17,ADBE,10:12,-1.9461065016799006,-1.945533274433453,-1.945533274433453,-1.9399809480088681,-1.9536856199265262,,-1.9512693007712631
2026-06-17,CRM,10:12,-2.1758580069616507,-2.1758580069616507,-2.173135802524062,-2.1659547938867596,,,-2.195205018642673
2026-06-17,MU,10:16,1.3473600210205605,1.0194975264332218,1.0194975264332218,1.0194975264332218,1.0194975264332218,,-2.1435132014008076
2026-06-17,ADM,10:28,0.40018369087448935,0.40018369087448935,0.2949079231928664,-0.0652997257411525,,,0.11273335597575447
2026-06-17,NUE,10:29,-0.2034688475366475,-0.2034688475366475,-0.23894154818324687,-0.4159274590971873,-0.5609794504369825,,-0.5218431790984764
2026-06-17,AXTI,10:34,-3.5094243563541183,-4.12199437909857,-4.12199437909857,-4.12199437909857,-4.12199437909857,-3.0421052631578904,-3.9867711815996465
2026-06-17,ZETA,10:39,-3.4206188082691047,-3.4206188082691047,-3.4206188082691047,-3.419729180490627,-3.419729180490627,,-3.328610083765112
2026-06-17,HNGE,10:42,-0.9440920489747762,-0.9440920489747762,-0.8563413553816623,-1.5973036342321056,-1.683748169838939,,-1.591081981898009
2026-06-17,NOW,10:42,-2.9531754729253845,-2.949098391823579,-2.949098391823579,-2.943853028895238,-2.9973722533056524,,-2.9552308076902825
2026-06-17,CHEF,10:52,1.2223866688592766,1.2223866688592766,1.2057437246519642,0.40234884732492926,1.0783294104767638,,0.3283397513428247
2026-06-17,TEAM,11:20,-2.75504322766571,-2.75504322766571,-3.362674751640138,-3.362674751640138,-2.631578947368418,-3.3449724125951152,-2.6337770884828546
2026-06-17,UNH,11:21,-1.1292645456118189,-1.1292645456118189,-1.1290429745632102,-1.1239295677787475,,,-1.1293545415952955
2026-06-17,PARR,12:37,-1.7001545595053957,-1.7001545595053957,-1.908617698091375,-1.6621569385388502,,,-0.8689119655973668
2026-06-18,DK,09:41,-0.2645502645502673,-0.2645502645502673,-0.7657334290500084,-0.527704485488123,-0.527704485488123,,-0.7638570705508144
2026-06-18,PARR,09:41,2.0661985957873608,2.0661985957873608,2.0661985957873608,2.0661985957873608,2.0661985957873608,1.8414731785428406,1.0192587531513715
2026-06-18,HNGE,09:43,3.2440476190476186,3.2440476190476186,2.8031566999860535,2.089464390818141,2.089464390818141,1.7152910130479482,2.8116763926564707
2026-06-18,NOW,09:45,2.0815450643776767,2.1418218906006814,2.1418218906006814,1.132075471698113,1.132075471698113,,-0.2012614581705726
2026-06-18,TEAM,09:45,0.559270516717314,0.06654164902304416,0.06654164902304416,-1.5357142857142958,-1.5357142857142958,-1.5357142857142958,-1.3501192373323256
2026-06-18,CRM,09:51,0.649781196127841,0.5631003643590704,0.5631003643590704,0.1980198019801982,0.3968253968254176,,-0.07363644955183564
2026-06-18,NET,09:51,1.8068592468010625,1.8068592468010625,1.5802838914269701,1.5802838914269701,1.5802838914269701,,-0.06897482819346508
2026-06-18,ADBE,09:52,1.5850706644803703,1.5850706644803703,1.3792566040676357,1.0093167701863415,0.49436119264638645,,0.03137265200909104
2026-06-18,FTNT,10:00,1.0905277874868835,1.0905277874868835,1.0622685023411904,1.5163215163215282,1.5163215163215282,,-0.8571609298627658
2026-06-18,ORCL,10:00,2.7194204513792286,2.7194204513792286,2.2918978912319865,2.2918978912319865,2.2918978912319865,,-0.046072047539809834
2026-06-18,HOOD,10:02,3.7207518220176317,3.5172512800880407,3.5172512800880407,3.1962598988646063,3.1962598988646063,3.1962598988646063,1.4294453076948432
2026-06-18,ZETA,10:04,4.565578306585505,4.565578306585505,4.421110804089534,4.047356828193838,4.047356828193838,,1.3714980666073313
2026-06-18,AMZN,10:06,2.289660946002514,2.289660946002514,2.3089321973582377,1.835896559699468,1.1821211933006337,,0.7090685051524437
2026-06-18,BMNR,10:07,3.653846153846163,3.653846153846163,3.653846153846163,3.653846153846163,3.653846153846163,,3.556899609525543
2026-06-18,MSFT,10:07,0.5571030640668662,0.5571030640668662,0.42921866306335765,0.10167298271559488,,,0.3521174114151167
2026-06-18,NFLX,10:10,0.5657064828662461,0.5657064828662461,0.39988574692944034,0.33735565070716067,0.35688793718771095,,0.07118024210116906
2026-06-18,QBTS,10:14,5.831903945111483,5.831903945111483,5.831903945111483,5.831903945111483,3.350083752093802,3.3068229384679793,3.5550463964083128
2026-06-18,CHEF,10:18,1.0336602173336873,1.0336602173336873,0.9694337023891331,0.9694337023891331,0.5009227524386928,0.5009227524386928,0.3525619836961054
2026-06-18,AAOI,10:20,-0.7791411042944896,-0.7791411042944896,-1.9104803493449785,-1.9104803493449785,-1.9104803493449785,-1.9104803493449785,-2.5165571389350494
2026-06-18,CRCL,10:31,-3.564492353981874,-3.5629314252062727,-3.5629314252062727,-3.558256830683637,1.8029456576942549,,2.6970504142590506
2026-06-18,LITE,10:36,-1.0360281706536245,-1.216564802119402,-1.216564802119402,-1.5483138780804206,-2.4520378189829217,,1.2431109916696714
2026-06-18,AXTI,10:37,-3.357011915673702,-3.357011915673702,-7.738539792150134,-7.738539792150134,-7.738539792150134,-7.738539792150134,1.116225522207559
2026-06-18,PANW,10:45,1.7676097457402173,1.7676097457402173,1.4821088291340212,1.4821088291340212,0.41201117318436786,0.41201117318436786,0.6467213195253377
2026-06-18,GOOGL,10:49,1.3606941192673139,1.3606941192673139,1.3327825967231366,1.0933765555891428,,,0.500916649168944
2026-06-18,HPE,10:57,-1.4447562623427945,-1.4447562623427945,-1.4447562623427945,-0.4827875734676801,0.34924330616996624,,-0.8040681234733449
2026-06-18,AAPL,11:01,-0.31789586400748915,-0.31789586400748915,-0.3545743435357074,0.13782439155571868,0.19845274133871715,,0.15141176672478127
2026-06-18,TSLA,11:55,2.998662689023779,2.998662689023779,2.816214412240403,2.816214412240403,-0.42762667197057125,,1.8694176047780935
2026-06-18,PLTR,11:57,1.7017571632103934,1.7017571632103934,1.653481012658231,1.4127861089187066,,,0.5996237425969183
2026-06-18,NBIS,12:13,0.5464672294811956,0.5464672294811956,0.3776884070641584,0.40577885052646145,0.27599217439908674,-0.5147046080793083,0.9970361091451588
2026-06-18,FTI,15:50,1.0937863625785305,1.0937863625785305,0.9371853458291168,0.9371853458291168,0.44704794203791476,,-0.6491421280723664
2026-06-22,TEAM,09:40,-3.229467285480081,-3.229467285480081,-3.229467285480081,-3.229467285480081,-3.229467285480081,-3.229467285480081,0.30363346419177706
2026-06-22,CRM,09:50,-2.1464147927072297,-2.1486753664752167,-2.1486753664752167,-2.1395212799037555,-2.1365804534292154,,0.13723203569712497
2026-06-22,PLTR,09:52,-2.4304336763744994,-2.4304336763744994,-2.4234749129734667,-2.4234749129734667,-2.4234749129734667,,-2.063537151708443
2026-06-22,AXTI,09:54,4.727623150615057,4.260722347629797,4.7691958716116645,4.7691958716116645,4.7691958716116645,4.7691958716116645,6.437531155941797
2026-06-22,AAOI,09:57,5.104985289721586,5.104985289721586,5.104985289721586,5.104985289721586,5.104985289721586,5.104985289721586,3.547948585784548
2026-06-22,WDC,10:06,-3.321505343625142,-3.321505343625142,-3.3148142268697223,-3.3148142268697223,-3.2909822291602,-3.2909822291602,-2.409747872141784
2026-06-22,ANET,10:07,2.4116887689238364,2.153936201346207,2.153936201346207,2.153936201346207,1.3648507376001762,,0.18354970125533665
2026-06-22,MRVL,10:31,0.3945737950824979,0.3945737950824979,0.30299081253666316,0.30299081253666316,0.30299081253666316,,-0.00485321633070986
2026-06-22,DINO,10:32,2.3946509096563373,2.3946509096563373,2.445148673813713,2.0297489928726264,2.0297489928726264,,1.8292676027432824
2026-06-22,PTEN,10:32,3.082364830722595,3.082364830722595,2.978293791014641,2.667337695017613,2.6156941649899457,,2.4047206578245106
2026-06-22,CLMT,11:15,2.527743526510484,2.527743526510484,2.3384615384615337,2.0871700429711426,,,0.7981488205092738
2026-06-22,LITE,11:24,6.647971360381866,6.0745611432234,6.0745611432234,6.0745611432234,6.0745611432234,0.8724801914264502,4.477178609272806
2026-06-22,DK,11:46,3.0623273688002772,3.0623273688002772,2.692353715448137,2.692353715448137,2.692353715448137,,2.9504825204836442
2026-06-23,AXTI,09:40,-7.70076160973,-7.70076160973,-7.70076160973,-7.70076160973,-7.70076160973,-7.70076160973,-2.454210165789076
2026-06-23,BMNR,09:40,-0.7814039004530815,-0.7814039004530815,-0.7814039004530815,-0.7814039004530815,-0.8204791598293348,,-1.0757156194389956
2026-06-23,DINO,09:40,0.9072735660464515,0.9072735660464515,0.6133088009812937,0.6133088009812937,0.6441717791411117,,0.6250038174100118
2026-06-23,DRAM,09:40,-0.1294219154443499,-0.1294219154443499,-0.48004585512645415,-0.48004585512645415,-1.1176763721791105,,-1.7215940793275673
2026-06-23,FTNT,09:40,2.174663444943059,2.174663444943059,2.0197146205280347,2.0197146205280347,1.6762846935971298,,0.9646523261033287
2026-06-23,HOOD,09:40,0.5702032262780987,0.5702032262780987,0.2721088435374108,0.2721088435374108,0.2721088435374108,,-1.0284443233577762
2026-06-23,MU,09:40,-1.483251346919645,-1.483251346919645,-2.0686828795767664,-2.0686828795767664,-2.2325862429527055,-3.480884430997566,-2.537881724229344
2026-06-23,ORCL,09:40,-2.9805997298689046,-2.9805997298689046,-2.965062662637863,-2.965062662637863,-2.958427115405027,,-1.649894332806945
2026-06-23,PANW,09:40,2.3517616224868476,2.3517616224868476,2.148725510848948,1.743281285516951,1.743281285516951,,0.1096252171356819
2026-06-23,SMTC,09:40,0.6035597708936358,0.6035597708936358,-0.08563214875528802,-0.08563214875528802,-0.08563214875528802,,-0.28840106742719085
2026-06-23,TGTX,09:40,0.2602714259156036,0.2602714259156036,-0.36027713625865765,-0.406278855032316,-1.5875912408759074,-0.018539117537996752,-2.132771497788681
2026-06-23,WDC,09:40,-0.5670152760586245,-0.5670152760586245,-0.5670152760586245,-0.5670152760586245,1.0462252284145324,1.1338278752789366,-0.0797108214334948
2026-06-23,DELL,09:44,8.001211539917708,8.001211539917708,8.001211539917708,7.528962380318149,6.411181020118861,3.842933588962638,1.8172865480612774
2026-06-23,FTI,09:44,0.015126304643775512,0.015126304643775512,-0.4891263450974348,-0.4891263450974348,-0.4891263450974348,,-0.1934542163286553
2026-06-23,CBRS,09:45,6.00766444678118,5.649697251979524,5.649697251979524,3.8360723277637954,3.8360723277637954,3.8360723277637954,0.8984672132510122
2026-06-23,CF,09:45,-0.22460937500000666,-0.22460937500000666,-0.48699717541638154,-0.48699717541638154,,,-0.7415164348706704
2026-06-23,DE,09:45,0.8318418136878947,0.39374756029257885,0.39374756029257885,-0.5347143986144665,,,-1.3792491113587084
2026-06-23,ANF,09:46,-1.0343206393982118,-1.0343206393982118,-1.121484352063884,-1.4511955187213377,-1.4511955187213377,,-0.15008442478044634
2026-06-23,DK,09:46,2.1401693320790116,2.1401693320790116,1.3180916831914136,1.3535589264877412,1.3535589264877412,,2.111793827282179
2026-06-23,BE,09:47,5.365151068774754,5.048105165594041,5.048105165594041,5.048105165594041,4.42498776928657,2.965356194619484,-0.21062038375896375
2026-06-23,CRCL,09:47,-0.35559067562229707,-0.35559067562229707,-0.35559067562229707,-0.35559067562229707,-1.1625096832262316,-1.1625096832262316,-0.872909500162152
2026-06-23,FCX,09:48,0.08549665785793081,-0.3636645001547478,-0.3636645001547478,-0.3636645001547478,-1.0717166673068657,-1.4766641162968441,-0.7756013855504654
2026-06-23,MRVL,09:50,-1.2947044465669189,-1.2947044465669189,-1.2947044465669189,-1.2947044465669189,-1.9399051133368594,-2.324360275842774,-0.7585756396146115
2026-06-23,CHEF,09:52,1.938278289117501,1.938278289117501,1.6191709844559643,1.6191709844559643,0.7329730886523,,0.16759057331852123
2026-06-23,BBY,09:54,2.195934461894078,2.195934461894078,1.870425589590674,1.870425589590674,2.1612070137284167,,1.6782953894687684
2026-06-23,LRCX,09:58,0.21589529078396286,0.21589529078396286,-0.026921523758238752,-0.026921523758238752,-1.1209926509745394,,0.3638099579467628
2026-06-23,GLW,09:59,2.30633385170933,2.30633385170933,2.30633385170933,2.30633385170933,2.30633385170933,,1.1930606642680457
2026-06-23,COHR,10:06,-3.246192893401023,-3.246192893401023,-3.246192893401023,-3.246192893401023,-3.246192893401023,,-2.1622174656061977
2026-06-23,SNDK,10:07,-1.436185852250027,-1.436185852250027,-1.9964866919627622,-3.9369750496589084,-3.9369750496589084,-3.89061471990082,-0.6636703196074123
2026-06-23,UNH,10:10,0.49960718845134533,0.49960718845134533,0.5218181371706487,1.3480725904285507,,,0.6146292800541057
2026-06-23,OSCR,10:11,3.031346882535302,3.031346882535302,2.960413080895008,2.929587352496843,1.85595096202964,,2.770426457658163
2026-06-23,ALAB,10:36,-2.562026061989253,-2.7815423761557323,-2.7815423761557323,-3.0000244301663592,-4.575891388644438,,-2.99106106555053
2026-06-23,PARR,10:42,0.5056012689600431,0.5056012689600431,0.25712025316455556,0.3166435780724175,-0.27542789691127334,,-0.28174790761825347
2026-06-23,TXG,10:45,-2.0590043023970495,-2.0590043023970495,-1.4837712519319979,-1.5750463248919155,0.5362776025236604,0.5362776025236604,-2.318431283123638
2026-06-23,HPE,10:49,4.854785124852645,4.7089041095890405,4.7089041095890405,4.184857842615286,4.184857842615286,,2.2041130946144016
2026-06-23,GOOGL,11:46,0.26070331962226856,0.26070331962226856,0.2258643655528081,-0.5745145352177405,,,-0.2051328546486153
2026-06-23,IBIT,11:59,-0.09906594961788251,-0.09906594961788251,-0.15558698727015097,,,,0.02421165986202789
2026-06-23,NBIS,12:03,-0.6923659442501284,-0.6923659442501284,-1.0669636442017683,-1.5278047447871979,-1.5278047447871979,-1.5278047447871979,-1.818675022380874
2026-06-23,WT,12:08,-2.021741355162543,-2.021741355162543,-2.0174213950019393,-2.0120473369438674,-1.1859838274932755,,-1.6869202388565856
2026-06-23,HTFL,12:17,0.7899356348741948,0.7899356348741948,0.6721215663354929,0.4226789097799166,0.4226789097799166,,0.048445351615666876
2026-06-23,CLMT,12:59,0.9535527529990873,0.9225092250922495,0.9225092250922495,0.1984429858036929,0.1831501831501825,,0.23489548833461513
2026-06-23,FLR,15:33,0.3384731101917948,0.3384731101917948,0.1783535154416649,,,,-0.1509248426517673
2026-06-24,AAPL,09:41,-0.6744390971327952,-0.7534838043312675,-0.7534838043312675,-0.7400382720021637,,,-1.1810865260479069
2026-06-24,ORCL,09:43,-3.0374610646138556,-3.0374610646138556,-3.027622262829166,-3.027622262829166,-3.027622262829166,,-1.8336952872170447
2026-06-24,CF,09:44,1.796998420221163,1.796998420221163,1.796998420221163,1.796998420221163,1.1825899209971125,,0.6083601930029584
2026-06-24,CHRD,09:45,-1.5839882274721329,-1.5839882274721329,-1.5768102302313847,-1.5768102302313847,-1.5768102302313847,,1.4473473247231805
2026-06-24,HPE,09:45,0.9166718397583207,0.9166718397583207,0.39110745162618255,0.39110745162618255,0.39110745162618255,,0.32267420856192014
2026-06-24,ADBE,09:49,-1.434496221037096,-1.434496221037096,-1.434496221037096,-1.7254553673943795,-1.9981640537340972,,-0.9726815847709255
2026-06-24,AMD,09:49,0.9139915497061946,0.9139915497061946,0.9139915497061946,0.9139915497061946,-2.969886536935318,,1.1628453556122187
2026-06-24,LRCX,09:49,2.3400595254348344,2.3400595254348344,2.3400595254348344,1.205665141020984,1.205665141020984,,1.7943216225820846
2026-06-24,BMNR,09:50,-3.2603792472464033,-3.2527000229090053,-3.2527000229090053,-3.2527000229090053,-3.2527000229090053,,-2.3800882273325663
2026-06-24,DRAM,09:50,-3.1510789885473733,-3.1510789885473733,-3.1305837996432273,-3.1305837996432273,-3.1305837996432273,,-3.126957302287936
2026-06-24,MU,09:50,-3.6994423604462368,-3.7077767240570325,-3.7077767240570325,-3.7077767240570325,-3.7077767240570325,-3.6387797771459174,-3.7138527026202905
2026-06-24,WDC,09:50,-3.4296163208376695,-3.4296163208376695,-3.4296163208376695,-3.4296163208376695,-3.393213984846477,-3.4076870497177003,-0.7002257346203967
2026-06-24,CRM,09:51,-0.9497261028815984,-0.9497261028815984,-1.4289861617367228,-1.4289861617367228,,,-1.0239101233742647
2026-06-24,IREN,09:51,-4.5753545324646705,-4.600890575852167,-4.600890575852167,-4.571006608475359,-4.571006608475359,,-1.872802138035075
2026-06-24,PLTR,09:51,-2.5950889439458558,-2.5950889439458558,-2.583066397362721,-2.583066397362721,-2.5743424332144715,,-1.1110371014151983
2026-06-24,NOW,09:52,-1.1748590695959016,-1.5286731201310189,-1.5286731201310189,-1.5286731201310189,-2.149191444966081,,-0.9881347049370789
2026-06-24,ADM,09:53,3.4506508712721207,3.4506508712721207,-1.4086451794892874,-1.4020522700986193,-1.4020522700986193,,2.570002702181736
2026-06-24,FTI,09:59,0.23382696804363778,0.23382696804363778,0.04667807686322689,0.04667807686322689,,,0.12842987841476713
2026-06-24,DINO,10:07,0.5812174977057438,0.5812174977057438,0.5812174977057438,1.044867854947773,,,0.9396796177174741
2026-06-24,LITE,10:09,2.16856370534686,2.121524201853764,2.121524201853764,1.879585645042381,2.8392244902939234,,1.6245778440968934
2026-06-24,NBIS,10:09,-5.308345816720439,-5.305929270825116,-5.305929270825116,-5.297887977275395,-0.47140684990679693,,2.5812284391159013
2026-06-24,CLMT,10:13,1.174289245982707,1.174289245982707,1.174289245982707,1.771837115324848,1.7086051568810268,,1.7834329193150718
2026-06-24,WPM,10:30,-0.5037016646241677,-0.5037016646241677,-0.647548566142464,-0.35345056110277495,-0.35345056110277495,,0.21681976561962468
2026-06-24,DK,10:34,3.5914179104477695,3.5914179104477695,3.555192912926919,2.943221320973355,3.555192912926919,,3.3362064818746706
2026-06-24,PARR,10:35,1.1646269245953578,1.0648787221455347,1.0648787221455347,1.8785409005068976,0.0,,0.33380221193499704
2026-06-24,UNH,11:24,0.19630356679876115,0.19630356679876115,0.059180352123089364,0.059180352123089364,0.46794919408750246,,0.3982601997058466
2026-06-24,OSCR,11:35,0.44773549164800475,0.44773549164800475,0.10296893770378457,0.10296893770378457,-0.5116834385127111,,1.1797772347041047
2026-06-25,NFLX,09:40,-0.9914816366429213,-1.2672329759086387,-1.2672329759086387,-1.2672329759086387,-1.325589556451412,,-1.3218249783849185
2026-06-25,CHRD,09:44,0.8519611978068387,0.8519611978068387,0.6651511324408554,0.6059412705665457,0.6059412705665457,,0.06157785990251371
2026-06-25,NET,09:44,2.8747759399178507,2.8747759399178507,2.8327776643759295,2.351095409551096,2.351095409551096,,1.0917308041529978
2026-06-25,NOW,09:44,-0.9514326806062567,-0.9514326806062567,-0.8658871467800422,-1.2681958535509574,-1.2681958535509574,,-1.1244307227715706
2026-06-25,GOOGL,09:46,1.8559146160687767,1.8559146160687767,1.7925394803117056,0.613532865740285,0.30802470036934704,,0.845809425708192
2026-06-25,ADBE,09:48,-0.6214689265536588,-0.6214689265536588,-0.8023378021583594,-0.8023378021583594,-1.7667665126668952,-1.9086968644647762,-0.6889187196737775
2026-06-25,CRM,09:49,0.003328562393889456,0.003328562393889456,-0.16614607562969175,-0.16614607562969175,-1.5015408825650778,,-0.07512708733314517
2026-06-25,HTFL,09:49,-0.3132118451025012,-1.045788581119289,-1.045788581119289,-1.262074314319972,-1.262074314319972,-2.206703910614527,-0.38383805837599594
2026-06-25,CF,09:51,3.365832149331238,3.365832149331238,3.214128467296118,3.214128467296118,2.7666829030686735,,1.89063755804398
2026-06-25,DELL,09:51,2.495119875869678,2.495119875869678,2.495119875869678,2.4899899899899935,1.6473800142710937,1.6473800142710937,1.5861565570041443
2026-06-25,AMZN,10:02,-0.1845504877405868,-0.1845504877405868,-0.20866738418959807,-0.6929113204660275,,,-0.905760002905176
2026-06-25,TEAM,10:03,-3.3314842721924642,-3.3314842721924642,-3.3273785317000426,-3.311697535391833,-3.311697535391833,-3.2770023523201464,-3.1177599000498213
2026-06-25,WT,10:06,-2.1521051967881344,-2.1521051967881344,-2.1443702320222413,-2.1443702320222413,-2.1378685582206347,-2.1378685582206347,-2.161328406240537
2026-06-25,PTEN,10:07,3.110173958882445,3.110173958882445,2.6771653543306906,2.6771653543306906,2.6771653543306906,,-0.014932082305500286
2026-06-25,CRCL,10:17,-0.7326804916068297,-0.7326804916068297,-0.7326804916068297,-1.3582583800343495,-1.3582583800343495,-1.3582583800343495,-0.4197392111532139
2026-06-25,OSCR,10:17,0.7373595505618002,0.5608131791097204,0.45518207282913004,0.3146853146853035,0.3146853146853035,0.7727432384966759,0.3463523116612355
2026-06-25,TSLA,10:17,-0.07991050023973267,-0.07991050023973267,-0.4115007831789086,-0.4115007831789086,,,-0.11803222726210298
2026-06-25,MSFT,10:19,-1.4204235825452938,-1.4204235825452938,-1.419631355443285,-1.4150144756182148,,,-0.1235804308448496
2026-06-25,BMNR,10:20,-0.2615844544095691,-0.2615844544095691,-0.7806691449814052,-0.7806691449814052,-0.7806691449814052,-0.7806691449814052,-0.3830480950785679
2026-06-25,FCX,10:20,0.14351778025831763,0.047793531941997536,0.047793531941997536,0.047793531941997536,0.23942537909018569,,-0.0391824433921976
2026-06-25,ORCL,10:20,-0.006485003592948679,-0.006485003592948679,-0.5343063790968827,-0.5343063790968827,-0.5343063790968827,,-0.20058645401154207
2026-06-25,ASML,10:21,2.0944351506154257,2.0944351506154257,1.6568948114482396,1.6568948114482396,1.6568948114482396,,0.4762023459966125
2026-06-25,AXTI,10:21,3.1427716252619087,2.224859092257492,2.224859092257492,2.224859092257492,2.224859092257492,2.224859092257492,0.34575528530237376
2026-06-25,PLTR,10:21,0.09793862512825768,0.09793862512825768,-0.05113164862778907,-0.7905141993952203,-0.7905141993952203,,-0.275989977482675
2026-06-25,WPM,10:21,-0.0995647245803033,-0.0995647245803033,-0.23820026466695454,-0.39637100325905505,-1.0500525026251317,,-0.3772190890990938
2026-06-25,HNGE,10:24,5.920496193966729,5.920496193966729,5.289707839977598,5.289707839977598,4.100858963701848,,3.203307334083124
2026-06-25,IBIT,10:32,0.14945449110748132,-0.5638818815847935,-0.5638818815847935,-0.5638818815847935,-0.5638818815847935,,-0.06183046964784259
2026-06-25,IREN,10:32,-1.4554087530966098,-1.4554087530966098,-1.4554087530966098,-1.4554087530966098,-3.0958181079983715,,-1.6496868154409834
2026-06-25,ALAB,10:33,-0.7335691677527456,-4.596468515922492,-4.596468515922492,-4.596468515922492,-4.574470445960421,-0.7052221201360731,-1.935725420473992
2026-06-25,ZETA,10:44,-2.37899917965545,-2.6186579378068564,-2.6186579378068564,-2.6186579378068564,-2.6186579378068564,,-1.7041319711394258
2026-06-25,LITE,10:51,2.5549225078205895,2.5549225078205895,2.5549225078205895,1.5768856949312182,0.7025268776388538,,1.3860267910750752
2026-06-25,NVDA,10:51,0.3717472118959009,0.3717472118959009,-0.022983222247752177,-0.022983222247752177,0.2723103969707763,0.5754508554693505,0.26841210146514677
2026-06-25,AAOI,10:52,-0.5919282511210655,-0.5919282511210655,-1.0180389355241903,-1.0180389355241903,-1.485993661827123,1.3162705667276065,0.9169814514623361
2026-06-25,LRCX,10:52,4.669514037189448,4.669514037189448,4.669514037189448,4.669514037189448,4.669514037189448,,4.39525989918268
2026-06-25,SNDK,10:54,6.286590481432519,6.286590481432519,5.612117977502695,5.612117977502695,5.612117977502695,,3.300274524994521
2026-06-25,DRAM,11:02,0.91647028017805,0.91647028017805,0.91647028017805,0.91647028017805,0.91647028017805,,0.06959545802079914
2026-06-25,MU,11:04,2.4235780242020555,2.4235780242020555,2.4235780242020555,2.4235780242020555,2.4235780242020555,,0.70242404527641
2026-06-25,CBRS,11:27,-1.2072198781059362,-2.12494194147701,-2.12494194147701,-2.12494194147701,-2.12494194147701,-2.12494194147701,-1.5846321729722554
2026-06-25,AMD,12:06,2.1868825413877246,2.1868825413877246,1.967803066556928,1.2622374299021244,1.0260203307540738,,2.1588266538999554
2026-06-25,INTC,12:13,1.337193797858971,1.337193797858971,1.3101767215112803,2.6551404754553865,2.3037575477866223,,2.763843275229975
2026-06-26,BMNR,09:40,3.7519142419601748,3.7519142419601748,3.3562166285278527,3.3562166285278527,2.3027557568894075,-1.0948905109488982,-0.2656588769587594
2026-06-26,DE,09:40,-1.5532841141123965,-1.5532841141123965,-1.5532841141123965,-1.3348576581218574,-1.0895883777239712,-1.0895883777239712,-1.5531244596593015
2026-06-26,FLR,09:40,2.504301280825838,2.504301280825838,2.4064171122994527,2.4064171122994527,2.4064171122994527,,-0.49768862391285085
2026-06-26,ILMN,09:40,0.24420717855520024,-2.1645954747544827,-2.1645954747544827,-2.1645954747544827,-2.155307877248458,-2.155307877248458,0.527417677487881
2026-06-26,QBTS,09:40,7.001879699248104,7.001879699248104,6.451612903225801,6.451612903225801,4.979253112033177,5.003458611943734,2.3145657460991176
2026-06-26,NVDA,09:42,-0.2808696556745982,-0.2808696556745982,-0.4724082437834176,-0.8430307732092079,,,-1.4976648632931393
2026-06-26,DRAM,09:43,-0.18063081839654327,-0.6637168141592764,-0.6637168141592764,-0.4158580537843015,-0.4158580537843015,-1.27799917548439,-2.8922487329363427
2026-06-26,MU,09:43,-1.5759488123411325,-1.5759488123411325,-2.1590922853613526,-1.9275277513340683,-1.9275277513340683,-3.5289287153729143,-2.980674211759545
2026-06-26,PARR,09:43,2.1423893722518628,1.8185209363051458,1.8185209363051458,1.8185209363051458,0.03665017408833737,,0.9838435603533405
2026-06-26,ALAB,09:44,3.837261832000216,3.837261832000216,3.2200972104818204,2.4488083689467866,2.4488083689467866,2.537524929148738,2.6068038157977202
2026-06-26,TSLA,09:46,1.9519802113300955,1.9519802113300955,1.9519802113300955,1.9519802113300955,,,-1.1427863135414589
2026-06-26,ASML,09:47,1.0891345461095048,1.023742961767149,1.023742961767149,0.7454984013014032,-0.0973444435791615,,0.0009409759229324818
2026-06-26,NTRA,09:47,0.309365512470694,0.309365512470694,-0.505069756804144,-0.505069756804144,-1.6077352231604336,-1.7003728392272044,-1.9336083117342027
2026-06-26,CBRS,09:50,11.20326889065073,11.26094517497027,11.26094517497027,10.758128883732532,10.175226586102726,9.198706431908032,5.39494230983227
2026-06-26,FCX,09:50,0.6215190895148881,0.5971594577146577,0.5971594577146577,0.28155417906845503,0.28155417906845503,,-0.20969769460974508
2026-06-26,INTC,09:50,0.60658578856152,0.3930508607813854,0.3930508607813854,0.3930508607813854,0.3930508607813854,-0.42881646655231753,-0.8128023262310399
2026-06-26,SNDK,09:53,-4.158718015516616,-4.158718015516616,-4.158718015516616,-4.158718015516616,-4.158718015516616,-4.0164142124543005,-3.2384780687809553
2026-06-26,CNH,09:56,2.1749190189726875,2.0804438280166426,2.0804438280166426,1.704283740211876,1.704283740211876,,0.1939307779866765
2026-06-26,FTNT,09:56,0.887317366068463,0.887317366068463,0.4050195870128004,-0.023139730917987045,0.05293105729786696,,0.2804434302549878
2026-06-26,IREN,09:56,2.5763617989981613,2.5763617989981613,2.5763617989981613,2.5763617989981613,2.5763617989981613,2.5763617989981613,-1.4090044554069443
2026-06-26,LRCX,09:56,0.15208622627784774,0.013206550449007537,0.013206550449007537,-0.14240881879796774,-0.7548554504232974,-0.7548554504232974,-0.6724905402217263
2026-06-26,TER,09:56,0.9529550882236837,0.9529550882236837,1.0208816705336465,1.0208816705336465,0.0666498126910442,0.0666498126910442,0.00041121180782329364
2026-06-26,GLW,09:58,3.5042933395219356,3.5042933395219356,-3.5728210449741393,-3.5728210449741393,-3.5728210449741393,-3.5566570328057656,1.3603845929087404
2026-06-26,FTI,10:06,-1.6208893029957094,-1.6208893029957094,-1.618317046110429,-1.619173557476128,-1.6272940327643814,,-1.6211126213220037
2026-06-26,WDC,10:06,-3.5916804167446026,-3.5779545415751013,-3.5765563457657246,-3.6007354609914555,-3.6007354609914555,-3.5836728186251054,-1.7752839031672316
2026-06-26,GOOGL,10:11,-1.4594247629317492,-1.4570333581888972,-1.4570333581888972,-1.454692656110157,-1.4371126487634611,-1.4583034886243684,-1.450670121962764
2026-06-26,DINO,10:25,1.1555555555555541,1.043285238623759,0.908889381511857,0.908889381511857,,,0.5995252239256196
2026-06-26,COHR,10:26,0.7681795868547114,0.7681795868547114,-0.2075942714492185,-0.2075942714492185,-0.2075942714492185,-0.2075942714492185,-0.7573799551167659
2026-06-26,AAOI,10:37,3.7779137350871794,4.260305020936572,4.400677027234967,4.400677027234967,2.95902883156296,-0.8004678533572118,2.09292235305506
2026-06-26,ORCL,11:38,-1.2102738655967782,-1.2102738655967782,-1.3279557290542643,-1.573108130485179,-2.371723277051452,,-1.30896855143805
2026-06-29,TIGO,09:42,3.5632119409685137,3.342852343356295,3.342852343356295,3.342852343356295,3.342852343356295,,1.7968599870889241
2026-06-29,CF,09:44,-0.2603057409247822,-0.2603057409247822,-0.17053529133111978,-0.6646240867310804,-1.7649391982024087,,0.4801087177320899
2026-06-29,WPM,09:44,-0.8447682474411078,-0.8447682474411078,-1.0614574971010593,-0.03604902667627696,,,-0.11684462537483453
2026-06-29,MSFT,09:45,-1.538178572516491,-1.535898703794325,-1.535898703794325,-1.5308743952608284,-1.5308743952608284,,-0.5882792922263569
2026-06-29,CRM,09:46,-0.4474977940249647,-0.4474977940249647,-0.4474977940249647,-0.9283070940224625,-0.9283070940224625,,-0.1851853160982094
2026-06-29,DE,09:51,2.363432557387668,2.19248198741564,2.19248198741564,2.2291435653251535,2.2291435653251535,,1.9457023223511394
2026-06-29,BBY,10:16,1.6893661602933596,1.6893661602933596,1.6228242376652435,1.5231744786559531,,,-0.23735342251691716
2026-06-29,PTEN,10:19,0.6335797254487741,0.6335797254487741,0.36861506055818616,0.36861506055818616,0.10504201680672232,,-0.3978582372454446
2026-06-29,GLW,10:26,17.30354603422175,17.30354603422175,16.954811562385675,16.954811562385675,16.954811562385675,15.413432027441786,4.577108812264949
2026-06-29,ANF,10:27,1.2231030577576352,1.2231030577576352,0.5851901868107134,0.5851901868107134,0.5851901868107134,,0.26442705864080746
2026-06-29,LITE,10:29,10.121646004307072,9.845308286779586,9.845308286779586,9.845308286779586,9.183241641980544,9.183241641980544,2.2049951589456254
2026-06-29,NVDA,10:33,1.9459120154835974,1.9459120154835974,2.041991727315562,1.8074491981403096,,,-0.29225008040086137
2026-06-29,CRCL,10:49,3.2130969363494355,3.2130969363494355,2.7176852352623015,2.7176852352623015,2.7176852352623015,,3.5865084289756397
2026-06-29,IBIT,10:54,1.8482635266060532,1.8482635266060532,1.7118189937481265,2.1069934249850597,,,0.8725698024687997
2026-06-29,AMD,10:59,5.332239540607042,4.813270750123899,4.813270750123899,4.813270750123899,4.542018028496653,,1.0070256797915178
2026-06-29,DRAM,11:01,5.483870967741922,5.083413794060454,5.083413794060454,5.083413794060454,5.083413794060454,0.2648083623693287,-0.0062707572001071315
2026-06-29,MU,11:01,7.813412176795165,7.3902298338499595,7.3902298338499595,7.3902298338499595,6.589095870328832,,6.26165041690867
2026-06-29,QCOM,11:08,-0.14817166746043942,-0.14817166746043942,-0.5953531791417221,-0.5953531791417221,-0.14817166746043942,,-0.44683877290317603
2026-06-29,BMNR,11:36,3.7984204588191073,3.603603603603611,3.603603603603611,3.603603603603611,3.603603603603611,0.8035062089116307,1.475297325571919
2026-06-29,FCX,11:45,0.5055859088314518,0.5055859088314518,0.46462341049884337,,,,0.3676717929430325
2026-06-29,IREN,12:04,0.0436109899694781,0.0436109899694781,-0.10886131069017813,-0.3042155584528472,-1.4816405411208877,,1.0599447233634374
2026-06-29,ORCL,13:14,-0.5719284080204501,-0.5719284080204501,-0.6153949625046229,-0.7855512286826793,-0.8255699157248886,-0.8255699157248886,-0.4992240190900203
2026-06-30,OSCR,09:40,-3.4604476011881657,-3.4604476011881657,-3.4426286125105787,-3.4426286125105787,-3.4426286125105787,-0.2969951083158673,1.0082298979433284
2026-06-30,CRM,09:41,0.7589400565989335,0.7589400565989335,0.7589400565989335,0.16624040920716343,,,1.1746867543787805
2026-06-30,NFLX,09:41,-1.4976563100723594,-1.4976563100723594,-1.4963255149916477,-1.4963255149916477,,,-1.503809889297784
2026-06-30,TEAM,09:41,-0.0513940639855992,-0.0513940639855992,-3.058010819736723,-3.058010819736723,-3.058010819736723,-3.058010819736723,0.31096898203460954
2026-06-30,BMNR,09:44,1.277573599348658,1.2167300380228063,1.2167300380228063,1.3323182337266815,1.953274607430111,0.7570022710068125,1.311095634173472
2026-06-30,ADBE,09:46,0.5790274301977538,0.5790274301977538,0.42134143354073395,0.42134143354073395,-0.13641900121802442,,0.4394632644592796
2026-06-30,NOW,09:46,1.4925373134328401,1.4925373134328401,1.2854519485819171,1.2854519485819171,1.2028542303771816,,1.5455947417153615
2026-06-30,CBRS,09:51,7.107373930743699,7.107373930743699,7.107373930743699,7.107373930743699,6.080271565495221,6.080271565495221,4.637279081148504
2026-06-30,ZETA,09:51,1.3917525773196049,1.3917525773196049,1.3917525773196049,0.4596527068437384,0.4596527068437384,,0.2848802439171035
2026-06-30,WPM,10:09,2.5893958076448786,2.5893958076448786,2.6409576898473786,1.8590731840028907,1.8590731840028907,,1.352971434211477
2026-06-30,GOOGL,10:10,1.3942130221199944,1.3942130221199944,1.3942130221199944,0.9156680985756394,0.22172949002217113,,-0.0009078440843302005
2026-06-30,ANF,10:11,2.567203825646014,2.567203825646014,2.008624602814346,1.7776268115942129,1.7776268115942129,,-0.04555173746276786
2026-06-30,CLMT,10:13,0.7973143096936752,0.7973143096936752,0.7973143096936752,0.3062360801781683,0.08333333333334636,0.08333333333334636,0.5036568416431889
2026-06-30,AMZN,10:22,-0.263741784234095,-0.263741784234095,-0.33884124660112924,-0.5198655448149125,,,-0.3821030691686822
2026-06-30,CRCL,10:24,-3.586594488521122,-3.579922744546715,-3.579922744546715,-3.579922744546715,-3.5626634917919175,-3.772042933440889,-3.6232920297795492
2026-06-30,CHEF,10:43,0.7760067114093827,0.7760067114093827,0.5650899958141498,0.23990820903305732,0.23990820903305732,,-0.5012904174745314
2026-06-30,IBIT,10:44,0.25621703089675485,0.25621703089675485,0.1656377051648894,-0.12371926537182443,0.27132951462163213,,0.7064017060316674
2026-06-30,UNH,10:46,-0.3334772803608277,-0.3334772803608277,-0.4767380575918745,,,,-0.3716245219298327
2026-06-30,TGTX,11:46,-0.8753722588214052,-0.8753722588214052,-0.9290159646432761,-1.3649425287356243,-2.2601886456664833,,-1.4819188343405045
2026-06-30,FTNT,12:03,1.4464038042401484,1.4464038042401484,1.275838196024126,0.9928331908738208,,,0.8246225544866462
2026-07-01,AAOI,09:40,-2.2709695563523757,-2.9397388450527306,-2.9397388450527306,-2.9397388450527306,-3.7729318103149834,-3.7729318103149834,-1.9476256370786464
2026-07-01,CRCL,09:40,-2.801941142480413,-2.801941142480413,-2.801941142480413,-2.6812438362435853,-3.4005135787098184,-3.573093055771326,-3.7573722406186096
2026-07-01,MU,09:40,-3.6815391714090095,-3.6815391714090095,-3.9201485535835023,-3.9201485535835023,-3.9201485535835023,,-2.320048524197549
2026-07-01,NBIS,09:40,-3.4137306136210355,-4.836925514660628,-4.836925514660628,-4.836925514660628,-4.836925514660628,-4.836925514660628,-3.412658497914134
2026-07-01,INTC,09:41,-3.822920840446875,-3.822920840446875,-3.8139144173486184,-3.8139144173486184,-3.798654754338626,,-1.521469088864454
2026-07-01,IREN,09:44,-0.1382488479262589,-0.27611596870684707,-0.27611596870684707,-0.27611596870684707,-0.27611596870684707,-0.27611596870684707,-0.8289305123867088
2026-07-01,SNDK,09:45,-1.9772460166079031,-2.1600961538461583,-2.1600961538461583,-4.4067791778445,-4.4067791778445,,-0.22180291749624992
2026-07-01,NVDA,09:46,1.6096682951915797,1.6096682951915797,1.5783250218497802,1.2815255279885251,,,0.08372958878809882
2026-07-01,ALAB,09:47,-5.094322631439951,-5.094322631439951,-5.094322631439951,-5.094322631439951,-5.098921104126353,-5.0578865344789286,-2.3855896240219074
2026-07-01,AXTI,09:48,-3.780984091749917,-4.340150066205684,-3.38781575037147,-3.9444526517949496,-3.9444526517949496,-3.9444526517949496,-0.2777498984147105
2026-07-01,CNH,09:49,-2.113141073100855,-2.113141073100855,-2.110470798254438,-2.110470798254438,-0.1371742112482921,,0.10708268263402616
2026-07-01,DELL,09:50,1.686977299880521,1.691837124832718,1.691837124832718,1.691837124832718,0.2827787727401221,0.2827787727401221,-1.3839072252955666
2026-07-01,GH,09:50,7.900719969685488,7.900719969685488,7.900719969685488,7.900719969685488,7.900719969685488,7.900719969685488,2.5505725023568036
2026-07-01,FCX,09:51,-2.0639851811734555,-2.0639851811734555,-2.0616646067648015,-2.0616646067648015,-1.167061127887059,,-0.5249796974226636
2026-07-01,HPE,09:51,0.9996552912788781,0.9996552912788781,0.8027522935779796,0.8027522935779796,0.22805017103764147,,-0.09842036065306943
2026-07-01,PTEN,09:51,-2.4278651797170037,-2.422543831377899,-2.422543831377899,-2.422543831377899,-2.414605402656844,,-2.192523971851353
2026-07-01,NUE,09:54,-1.7112691926033485,-1.7112691926033485,-1.7089672117013066,1.1196527922062938,,,-0.47752604553253547
2026-07-01,AMD,09:55,-3.1790964347865325,-3.1790964347865325,-3.164869695403094,-3.164869695403094,-3.184133134293843,,-1.439007155446518
2026-07-01,TER,09:55,-3.7033833564063645,-3.7033833564063645,-3.6976289316572264,-3.6976289316572264,-3.7033833564063645,-3.681285820357094,-1.7531675495837968
2026-07-01,DE,09:58,0.5318340677708422,0.5318340677708422,0.3563855606366406,-0.16043715152573856,-0.16043715152573856,,-0.3893449124638256
2026-07-01,LRCX,09:58,-3.099502918492225,-3.099502918492225,-3.0966338584743736,-3.0747752665321926,-3.0747752665321926,-3.0747752665321926,-0.4731947234963137
2026-07-01,DRAM,09:59,-2.9316440777843233,-3.191591095052171,-3.191591095052171,-3.191591095052171,-3.191591095052171,-0.8800300864986732,-1.9156000953320376
2026-07-01,TSM,09:59,-2.0175036559493043,-2.0175036559493043,-2.010003318145659,-2.010003318145659,-1.117243835128634,,-1.008807133594125
2026-07-01,ORCL,10:00,-1.978021978021971,-1.978021978021971,-1.9813880017856444,-2.0856201975850697,-2.460360852925092,,-2.1404445724137653
2026-07-01,TGTX,10:00,-1.5632183908045993,-1.5632183908045993,-1.9868156015381833,-1.9868156015381833,-1.9868156015381833,,-2.185769007104295
2026-07-01,BE,10:02,-5.0627993003440235,-5.0627993003440235,-5.016424748676029,-5.016424748676029,-5.016424748676029,-5.0094211547879635,-3.4601435554637128
2026-07-01,ASML,10:04,-2.127637945690042,-2.127150980845305,-2.127150980845305,-2.125067299762906,,,-1.119880464435452
2026-07-01,MSFT,10:05,1.8462313289419718,1.8462313289419718,1.7720176483941419,1.1824190872462115,-0.5242786314385905,-0.9486981180716558,-0.329969440312361
2026-07-01,UNH,10:09,2.0558512228667114,2.0558512228667114,1.9863275647767464,1.2842425105635602,,,1.533402125048
2026-07-01,RVMD,10:18,1.1604998245756004,1.045963067798894,1.305405405405402,1.0977451720789677,0.49331081262231624,0.2112073575018636,1.156613494398447
2026-07-01,AAPL,14:07,0.30680074995736994,0.30680074995736994,0.2265102099902938,0.16680283224401737,,,-0.10737286885003823
2026-07-01,FTI,15:44,0.4939796233405236,0.4939796233405236,0.4629629629629539,0.1461426044150338,,,0.0392569844692936
2026-07-02,ALAB,09:40,-5.029513604621549,-5.029513604621549,-5.029513604621549,-5.029513604621549,-4.945821866780098,-4.80627796590295,0.7940006480741705
2026-07-02,LITE,09:40,-4.529897949394934,-4.529897949394934,-4.529897949394934,-4.529897949394934,-4.435635295058605,,0.16958310019877057
2026-07-02,WDC,09:42,-3.8945453300350374,-3.884520452859741,-3.884520452859741,-3.858330058756154,-3.816837856121724,,-2.631294585353269
2026-07-02,AAOI,09:43,-6.530708039984445,-6.530708039984445,-6.485881421952222,-6.451597341313464,-6.451597341313464,-6.311204207557508,1.314386526400213
2026-07-02,IOVA,10:21,6.27306273062731,6.27306273062731,7.0631970260223165,6.798516687268252,7.865168539325862,7.865168539325862,9.0919525986604
2026-07-02,CRWD,10:35,-1.3448117772910217,-1.7601704372527172,-1.7601704372527172,-1.7601704372527172,-1.7601704372527172,,-0.6821964123252903
2026-07-02,BBY,11:31,1.325191633103806,1.325191633103806,1.338357588357586,0.9709994821336165,,,0.8363379069065369
2026-07-02,ANF,12:05,1.6499835001650087,1.6499835001650087,1.4157155399473043,1.4157155399473043,0.8457467125006835,,1.0794084675105342
2026-07-06,OSCR,09:47,-0.7732365472621017,-3.4104257603488786,-3.4104257603488786,-3.4104257603488786,-3.4104257603488786,-3.4104257603488786,0.7352607663365762
2026-07-06,DDS,09:50,-1.9763707380239803,-1.9763707380239803,-1.9763707380239803,-1.9763707380239803,-1.9763707380239803,-1.99910892632309,-2.004455210023988
2026-07-06,NBIS,09:53,-1.7531069835901358,-1.7531069835901358,-1.7531069835901358,-1.7531069835901358,-1.7531069835901358,-1.7531069835901358,-2.7831562289559706
2026-07-06,GH,09:59,0.9391075487498401,0.6201180609385126,0.6201180609385126,0.6201180609385126,-0.2630101362333326,-0.2630101362333326,-0.7781906510926621
2026-07-06,TEAM,10:12,0.7305290444208579,0.7305290444208579,0.7305290444208579,0.7305290444208579,,,0.1375360613827222
2026-07-06,BBY,10:14,0.7621754295310756,0.7621754295310756,0.6191950464396356,0.012950394858823877,,,-0.12952251654095118
2026-07-06,HTFL,10:17,-3.7062620996553997,-3.7062620996553997,-3.6933347815540585,-3.6933347815540585,-3.6933347815540585,,-3.6762680840618476
2026-07-06,HALO,10:19,2.57777777777779,2.57777777777779,2.486678507992912,2.2661096341309195,2.2661096341309195,,1.2155275304486457
2026-07-06,CRCL,10:20,5.307562509587371,5.307562509587371,5.372217958557179,5.00956022944552,4.315453578483508,,3.7249081182629666
2026-07-06,CDW,10:27,0.13803909864198438,0.13803909864198438,-0.06329585226001466,-1.1454036535061718,,,-0.4681627932516215
2026-07-06,ANF,10:41,-0.59256797917705,-0.8506407423773732,-0.8506407423773732,-1.4601465306834926,-1.4601465306834926,,-1.6040637815207852
2026-07-06,WPM,11:02,0.42660630332578275,0.42660630332578275,0.2172024326672517,0.2172024326672517,,,0.3204617767609423
2026-07-06,CBRS,11:17,-2.3511450381679455,-2.3511450381679455,-2.3511450381679455,-2.504954016564198,-2.47274390708786,,-2.8005255734210643
2026-07-06,PANW,15:57,0.24827121877324387,0.24827121877324387,0.08402184567988247,,,,-0.36681980274920384
2026-07-07,LRCX,09:40,1.2936590517308444,1.2936590517308444,0.9034653465346487,-3.4597151937607484,-3.4597151937607484,,1.1210416162218924
2026-07-07,MRVL,09:40,-0.6627931999139247,-1.2324018999529285,-1.2324018999529285,-4.850812976588681,-4.807349298685137,-4.807349298685137,0.4746587291026468
2026-07-07,NVDA,09:40,2.4183482421468616,2.4183482421468616,2.200425553998664,2.200425553998664,,,1.066394877028476
2026-07-07,WDC,09:40,-4.18851204530254,-4.2161049674410815,-4.2161049674410815,-4.176158830053723,-4.176158830053723,-4.176158830053723,1.2102010786733193
2026-07-07,ALAB,09:41,-5.353603974446375,-5.353603974446375,-5.353603974446375,-5.353603974446375,-5.353603974446375,-5.274727944695002,-1.9114117283708005
2026-07-07,QBTS,09:44,-4.7334302865755244,-4.7334302865755244,-4.702975048664615,-4.702975048664615,-4.702975048664615,1.690004828585212,-2.192802705668114
2026-07-07,FCX,09:47,-2.000359036426669,-1.9953768221391832,-1.9953768221391832,-1.9953768221391832,0.3300888700804139,-0.7285821957959904,0.24225011669746963
2026-07-07,SMTC,09:47,-4.0824756972042024,-4.0824756972042024,-4.0824756972042024,-1.7887696375797235,-1.7887696375797235,-4.117158453359016,-0.48001786469839364
2026-07-07,NBIS,09:48,-4.127108596820417,-4.127108596820417,-3.7250838760607863,-3.7250838760607863,-2.763174286782122,-0.4438775510204107,-3.55180445412809
2026-07-07,WPM,09:50,-2.073974964957148,-2.073974964957148,-2.068848042717475,-2.068848042717475,,,-0.4208676438868464
2026-07-07,COHR,09:51,-4.873787220119564,-4.873787220119564,-4.9402617836399205,-4.925503720059221,-4.907788278178815,-0.3332910106653153,0.10803615382245131
2026-07-07,HTFL,09:51,-0.3105022831050297,-0.3105022831050297,-0.3105022831050297,-0.3105022831050297,0.09169264624977469,-0.0732332478945441,1.777725671569752
2026-07-07,LITE,09:51,-4.376400236824263,-4.376400236824263,-4.376400236824263,-4.376400236824263,0.7773403135320711,,-0.8093582744009731
2026-07-07,NFLX,09:53,-0.9107468123861651,-0.9107468123861651,-1.0137769690668041,-1.3599274705349051,,,-0.9616568396163464
2026-07-07,ANET,09:59,0.3650185525958527,0.23499638467099349,0.23499638467099349,-2.613958140085859,-2.613958140085859,,0.12980625458896
2026-07-07,QCOM,09:59,0.6270282162697205,0.32903756512201454,0.32903756512201454,0.161506665571709,0.8767093074547816,,0.658863767008581
2026-07-07,DRAM,10:02,1.17705985474581,1.17705985474581,1.17705985474581,-3.3000241355139126,-3.3000241355139126,,0.010103938789636965
2026-07-07,RVMD,10:06,1.0077971675595432,1.0077971675595432,0.4033427358764108,0.4033427358764108,1.3861736156365767,,0.2685829035809384
2026-07-07,DINO,10:13,-1.7115586161205343,-1.7115586161205343,-1.706946493738104,-1.706946493738104,-1.7007594142199212,,1.404081319440098
2026-07-07,OKTA,10:19,1.7761623919901215,1.283013717327508,1.283013717327508,1.283013717327508,1.283013717327508,,-0.2824903222730731
2026-07-07,ADM,10:23,-1.3133638605111742,-1.3133638605111742,-1.3118494114727874,-1.3131954157426073,,,1.1271713347281276
2026-07-07,ILMN,10:23,0.1331627457636042,0.1331627457636042,0.041738404549485075,-0.14581055043483282,0.15146766948710422,,0.26632006309699935
2026-07-07,DDS,10:26,-0.5606475191825777,-0.5606475191825777,-0.5482781387249003,-0.3690532107629485,-1.227810088569592,,-1.0245569030259378
2026-07-07,CRWD,10:27,0.03345772744820508,0.03345772744820508,-0.42016806722688926,-0.42016806722688926,-0.42016806722688926,,-1.3958529517634581
2026-07-07,AAPL,10:36,-0.26006549797726874,-0.26006549797726874,-0.21200732388937382,-0.5426691639053183,-0.5426691639053183,,-0.7911154682802198
2026-07-07,FTNT,10:55,-0.1580305987533892,-0.1580305987533892,-0.19573289697273344,-0.40884255479494147,,,-1.5312120588130622
2026-07-07,TXG,11:11,0.42474117334747596,0.42474117334747596,-0.05284015852048407,-0.05284015852048407,-0.5520504731861275,,-1.1561921313242445
2026-07-07,TIGO,11:29,-1.5735099337748304,-1.5735099337748304,-1.6672841793256787,-2.075929924562958,-1.589151393156052,,-1.4908012504841233
2026-07-07,AXTI,12:01,-4.704918032786876,-4.860883797054005,-4.860883797054005,-5.602468333874633,-6.39140726903814,-3.1005167527921262,-3.8768473795324443
2026-07-07,CBRS,12:12,0.7040045603534217,0.22125148919269755,0.22125148919269755,0.22125148919269755,0.22125148919269755,,-1.245234272750284
2026-07-07,ZETA,12:20,0.8759797141539849,0.8759797141539849,0.6439742410303539,0.29796011918403753,-1.6629213483146166,,-2.1820842885240186
2026-07-07,WPM,12:27,-0.7892869811990111,-2.068848042717464,-2.068848042717464,0.7837837837837869,,,-0.5185962279784073
2026-07-07,PANW,14:19,-2.3730136141292824,-2.3730136141292824,-2.369620589430077,-2.3830456226786034,,,-2.389488130348827
2026-07-07,PARR,14:54,3.2518275775144767,3.2518275775144767,3.1391640087292227,2.9835735836406307,1.1524530786960696,,0.8080406293231109
2026-07-07,CF,15:10,1.0724331926863506,1.0724331926863506,0.7800858970987923,0.7800858970987923,,,-0.8545515631226297
2026-07-08,GH,09:40,-1.9157088122605415,-1.9157088122605415,-1.9157088122605415,-1.9157088122605415,-1.9157088122605415,,-0.8223188336899501
2026-07-08,HTFL,09:40,-3.726637040909131,-3.726637040909131,-3.726637040909131,-3.7739398289559856,-3.7739398289559856,-3.7739398289559856,-1.3574857358240378
2026-07-08,ILMN,09:40,-1.98187807584288,-1.98187807584288,-1.98187807584288,-1.98187807584288,-0.1913265306122347,,0.8622430235267764
2026-07-08,NOW,09:40,0.998078815425707,0.998078815425707,0.48484848484848797,0.48484848484848797,0.48484848484848797,,0.8688755700409612
2026-07-08,NTRA,09:40,-0.7185910547179097,-0.7185910547179097,-0.7185910547179097,-2.5637126388522224,-2.549736441983075,,0.3550118800113837
2026-07-08,ZETA,09:40,1.6901408450704203,1.2627455013814792,1.2627455013814792,1.2627455013814792,1.2627455013814792,1.2627455013814792,1.5006153547409529
2026-07-08,HNGE,09:41,-0.9296594982078799,-0.9296594982078799,-0.9019102571284465,-0.9019102571284465,-0.7128023797496663,0.022616759018423416,-0.5692263203082396
2026-07-08,TXG,09:48,2.8967600219659495,2.8967600219659495,-3.63900482912477,-3.63900482912477,-3.63900482912477,-3.63900482912477,3.624988724613624
2026-07-08,BMNR,09:53,2.4137931034482696,2.4137931034482696,2.307957285566653,2.1320495185694677,2.9819694868238544,,2.714982412899758
2026-07-08,BE,09:56,-5.57423495567072,-5.57423495567072,-5.57423495567072,-5.567485579294962,-5.567485579294962,-5.42515794578502,0.6471394751710656
2026-07-08,HOOD,09:56,2.3067219318796184,2.4636765634870494,2.4636765634870494,2.4636765634870494,1.774829688060242,,1.456723962140775
2026-07-08,QBTS,09:56,-2.136752136752129,-2.136752136752129,-2.0167156345380355,-2.0167156345380355,-4.5522943401215095,-4.534174695124548,-0.039450074030607706
2026-07-08,FLR,09:57,2.5170913610938372,2.5170913610938372,2.389819987585362,2.559585492227967,2.751245847176076,1.7581739666872265,2.3492716994806337
2026-07-08,FCX,09:58,-1.8983361659014375,-1.8983361659014375,-1.893926747759711,-1.893926747759711,1.3935438348915197,,-0.11066439648040882
2026-07-08,INTC,09:58,1.8189272216738495,1.8189272216738495,-3.9381179095525742,-3.9381179095525742,-3.9381179095525742,,4.34427022375176
2026-07-08,BBY,10:01,0.5086273499871341,0.5086273499871341,-1.5572603199688784,-1.5572603199688784,-1.5572603199688784,,0.9141946039565974
2026-07-08,PLTR,10:05,3.3286183182244633,3.277851071956661,3.277851071956661,3.277851071956661,2.8583764440468507,,2.1001414985722944
2026-07-08,AAPL,10:08,1.2934100756644806,1.2934100756644806,1.1119539079773366,1.1119539079773366,-0.32772280377996177,,0.6932314691814249
2026-07-08,MU,10:13,1.1986675549633619,1.1986675549633619,0.6317507764386665,0.3132908215827346,-0.06000378971303677,,0.9829614538404844
2026-07-08,SMTC,10:16,0.974826762713854,0.5929021785508359,0.5929021785508359,0.5929021785508359,-3.9101300064655176,0.4752629528632646,0.41499168779323875
2026-07-08,DRAM,10:17,3.207531450470702,3.207531450470702,2.9673343861690515,2.63463131731565,-3.1441532934255556,,1.878002133379549
2026-07-08,AMZN,10:20,0.43398367653948444,0.43398367653948444,0.40400709073669105,-0.14759542454183538,,,0.519550929811167
2026-07-08,IBIT,10:20,0.5994005994006013,0.5994005994006013,0.5706948209444951,0.6999999999999895,,,0.5853471976370835
2026-07-08,NET,10:21,5.275714780467156,5.275714780467156,4.425825906063308,4.425825906063308,4.425825906063308,4.425825906063308,2.9691399036520107
2026-07-08,NFLX,10:27,0.15900357758049655,0.15900357758049655,0.05294506949040656,-0.42811038661660916,,,-0.11346233189582315
2026-07-08,HALO,10:29,0.695358015410652,0.695358015410652,0.695358015410652,-1.5511555953698464,0.8090310442145032,,1.0258195456440022
2026-07-08,CF,10:36,1.1583679114799406,1.1583679114799406,1.114663440767294,0.6450503139244779,-0.20467337540509556,-0.20467337540509556,-0.04131041695506118
2026-07-09,BMNR,09:40,-0.1969573485465892,-0.1969573485465892,-0.1969573485465892,-0.6759040216289258,-0.6759040216289258,-0.6759040216289258,-0.40549296676406127
2026-07-09,CRCL,09:42,0.6712482020137411,0.6712482020137411,0.6712482020137411,0.6712482020137411,0.3824701195219049,,0.21403319516948663
2026-07-09,AAPL,09:43,1.7277992277992205,1.7277992277992205,1.6297010607521756,1.2521616601550045,1.2521616601550045,,0.4501065764039562
2026-07-09,ADM,09:48,-0.6664989939637822,-0.9467678224340248,-0.9467678224340248,-1.2699596744761954,,,-1.2682001326679626
2026-07-09,QCOM,10:05,0.22562703326685085,0.22562703326685085,0.13105472845460486,-0.13593349715063097,1.5092735292554726,,-0.14448325203700504
2026-07-09,MSFT,10:10,1.908480441224225,1.908480441224225,2.0146520146520075,1.810620008212016,,,1.177399368844941
2026-07-09,OSCR,10:15,1.3974650633734154,1.3974650633734154,1.3645224171539905,1.4634146341463428,0.8892481810832686,,1.4143861159976456
2026-07-09,PTEN,10:46,0.15982951518380695,0.15982951518380695,0.05321979776478081,-0.5817028027498616,,,-0.5747311009305182
2026-07-09,ANET,11:23,0.1300904885361609,0.1300904885361609,0.06231880131140066,0.14100547752047277,,,-0.1314243784903968
2026-07-09,IREN,12:01,-3.559047839149543,-3.870076019350377,-3.870076019350377,-3.870076019350377,-2.53097146701049,,-2.912770900597994
2026-07-09,NBIS,13:14,-0.8754239618663506,-0.8754239618663506,-1.1542290194400784,-1.1542290194400784,-2.368843260168274,,-0.5066000038082996
2026-07-09,NFLX,13:34,1.1733154542406865,1.1733154542406865,1.0852090032154482,0.6536819637140034,,,1.0944147535616306
2026-07-09,UNH,14:56,0.12760428750406838,0.12760428750406838,0.11715170565924637,0.3254527279912489,,,-0.10664048519667402
2026-07-09,ZETA,15:40,0.034242666362294116,0.034242666362294116,0.04566210045662267,,,,-0.5417040365810033
2026-07-10,SMTC,09:42,0.8214920071047738,0.8214920071047738,0.8214920071047738,0.8214920071047738,0.3757736516357246,1.3616071428571352,1.1910429216109037
2026-07-10,COHR,09:46,1.2039925140361785,1.2039925140361785,1.1598179210575488,0.7592813999347747,0.1389155084458693,,0.8701948193579279
2026-07-10,TER,09:57,2.875125160921188,2.371395223047812,2.371395223047812,2.371395223047812,2.371395223047812,,1.5140404650660022
2026-07-10,CBRS,09:58,5.914216772541492,4.955471513968535,4.955471513968535,4.955471513968535,4.955471513968535,4.955471513968535,3.6848784105455223
2026-07-10,DRAM,09:58,1.6367007981939796,1.6367007981939796,1.1717495987158877,1.1717495987158877,1.1717495987158877,0.6226053639846851,-0.11536078361904141
2026-07-10,INTC,09:58,0.9745334191413102,0.9745334191413102,0.8632564973826806,0.8632564973826806,0.7152682255845866,0.7152682255845866,-0.3364482784813531
2026-07-10,MRVL,09:58,0.06369156299095291,-0.46044331132278904,-0.46044331132278904,-0.46044331132278904,-0.5405569661282472,0.22753854332802081,-0.8394425534508051
2026-07-10,QCOM,09:58,0.4673393520977065,0.4673393520977065,0.5955546102307752,0.5527798447964472,0.8852389078498168,0.922912776740481,0.6782022073444508
2026-07-10,GLW,10:01,0.9357157961514151,0.9357157961514151,0.8877146631439903,0.362699747687123,0.7126316733393478,0.989103988151907,0.6209867141712788
2026-07-10,IREN,10:13,0.5378973105134355,0.32938880078077215,0.32938880078077215,0.32938880078077215,0.32938880078077215,1.3307047806801364,-0.5688359898798864
2026-07-10,NBIS,10:22,3.291997409705316,3.291997409705316,3.037553069218668,3.037553069218668,3.144004320364413,3.001313074470069,0.1963336415525744
2026-07-10,UNH,11:03,-0.8348220019381847,-0.8348220019381847,-0.8792861142537411,-0.2595328408864006,,,-0.46061115990366036
2026-07-10,ILMN,11:17,-0.09977943493330033,-0.09977943493330033,-0.2778360243237632,-0.42743498183166473,,,-0.15241004629314991
2026-07-10,TXG,11:32,0.49365303244006675,0.49365303244006675,-0.09347978499649745,-0.09347978499649745,-0.09347978499649745,-0.09347978499649745,0.18472125148240406
2026-07-10,HOOD,11:33,-0.29469110851934044,-0.29469110851934044,-0.5329070077271569,-0.329298682805268,-0.329298682805268,,0.016773707286739842
2026-07-10,ORCL,12:17,-0.18448875328178627,-0.18448875328178627,-0.20608610213500578,-0.9296429326009048,-0.9296429326009048,,-0.45329285815948195
2026-07-10,RVMD,12:53,-0.32533333333334413,-0.32533333333334413,-0.418276275476237,-0.6855138696992391,,,0.021549447307452525
2026-07-13,SMTC,09:40,0.8700961685238706,0.31119544592030923,0.31119544592030923,0.31119544592030923,0.31119544592030923,1.7241379310344973,-1.9255182028921105
2026-07-13,OKTA,09:44,2.828937674966858,2.828937674966858,2.828937674966858,2.828937674966858,2.2601560496721573,,-0.6798858160030748
2026-07-13,FCX,09:46,-1.836618485157382,-1.836618485157382,-1.836468176745476,-1.8228923356338744,-1.8206738054079463,,-0.0441460370327181
2026-07-13,NET,09:46,1.9371192917407631,0.7723524021468808,0.7723524021468808,0.7723524021468808,0.7723524021468808,0.7723524021468808,-0.5135225902537566
2026-07-13,TER,09:46,-0.026391413993309687,-0.026391413993309687,-0.9541439736815094,-0.9541439736815094,-0.9541439736815094,-0.9541439736815094,-0.5798853163466955
2026-07-13,IREN,09:47,-4.341204445322466,-4.341204445322466,-4.341204445322466,-4.341204445322466,-4.341204445322466,-4.363472470078644,-2.3606983728316338
2026-07-13,NTRA,09:47,2.660862982588963,1.8264411615640297,1.8264411615640297,1.502535411560002,1.4190364013685564,1.4190364013685564,1.2917939603949085
2026-07-13,TGTX,09:47,-0.21774632553075435,-0.5605786618444797,-0.5605786618444797,-0.5605786618444797,-0.5605786618444797,-0.6144948490872881,-0.41560936358279177
2026-07-13,QCOM,09:52,-1.4345968890202343,-1.4345968890202343,-1.3259103867462763,-1.9482601956277823,-1.9482601956277823,,-0.7618001737181856
2026-07-13,WT,09:54,-2.174534082246604,-2.174534082246604,-2.1733985553107127,-2.150934487555556,-2.150934487555556,,0.3818096480640354
2026-07-13,GLW,09:57,1.3937282229965264,1.3937282229965264,1.3937282229965264,0.7462686567164312,-0.13074031704526368,-2.380191693290734,-0.9131708828894691
2026-07-13,INTC,09:57,-1.4821189519984679,-1.4821189519984679,-2.0720463834236202,-2.0720463834236202,-2.2243648569522434,,-0.9312135155854273
2026-07-13,AMD,09:58,0.6270123707845965,0.6270123707845965,0.23254806396562078,-0.26314316107721725,-0.26314316107721725,-1.7935242015509556,-1.075520335067474
2026-07-13,LRCX,10:03,-0.6447725218439282,-0.8836789900811493,-0.8836789900811493,-0.7285206815581979,-1.5406664278036608,,-1.058207479291699
2026-07-13,CRCL,10:05,-0.7168176447420183,-0.7168176447420183,-1.1450980392156862,-1.2844611528822103,-0.8105768474069297,-3.693737160999644,-0.27895271142051037
2026-07-13,DRAM,10:07,-0.1657796003839085,-0.1657796003839085,-0.1309243257397119,-0.7287870900572702,0.3244191144235131,,0.14689955079096872
2026-07-13,NBIS,10:07,-0.23012502668975365,0.019026780193120985,0.019026780193120985,-0.009510675733503948,-1.4898102600140462,,-1.3144343532576395
2026-07-13,DELL,10:08,-0.10062480986591238,-0.10062480986591238,-0.3347854711510223,-0.3347854711510223,-1.1199686474559822,,0.7115484197339872
2026-07-13,GH,10:08,-0.10090817356205317,-0.10090817356205317,-0.21104356317133144,-0.3648257642470676,-0.3648257642470676,,-0.37198175941633993
2026-07-13,ILMN,10:08,1.5169319517145619,1.300501012685218,1.300501012685218,0.9588058750099604,,,0.5053969570922264
2026-07-13,HPE,10:10,0.6928160306970854,0.6928160306970854,1.037433155080203,0.8432963279248362,0.35054174633524227,,-0.4132328507346461
2026-07-13,BE,10:11,-1.457233368532207,-1.9953791220331807,-1.9953791220331807,-1.9953791220331807,-2.339989116329677,,-1.3594268419206745
2026-07-13,HOOD,10:13,-0.5207389965586007,-0.5207389965586007,-0.9236125517502636,-0.9236125517502636,-1.7222868390444623,,-1.7395481528413008
2026-07-13,AAOI,10:24,0.017882689556514286,0.017882689556514286,-0.49813200498132204,-0.49813200498132204,-1.1400795404330588,,0.9669146955595694
2026-07-13,LITE,10:24,-0.4133677158518201,-0.2932094761151083,-0.2932094761151083,-1.0907406096564376,-1.0907406096564376,-1.948225927863334,-1.3975212035443645
2026-07-13,MRVL,10:24,-1.0478359908883905,-1.0478359908883905,-1.4787262995554884,-1.4787262995554884,-1.4787262995554884,,-0.7057989006592047
2026-07-13,NVDA,10:24,-1.5121486863091116,-1.5121486863091116,-1.5087816781968022,-1.5087816781968022,,,-1.2298218622582218
2026-07-13,WPM,10:56,0.18120150536635737,0.18120150536635737,0.15793385358602308,1.030831224814932,,,0.3185564405441303
2026-07-13,RVMD,12:09,0.7557916643846863,0.7557916643846863,0.6290340225358237,1.1657959857025002,1.2103207349947631,,0.16640526527962698
2026-07-13,MU,12:46,1.2557139306439646,0.8861277402127499,0.8861277402127499,0.5688587405682011,0.05766458433444921,,0.7768884496592484
2026-07-14,AAPL,09:40,0.0349417108732375,0.18451358401732065,0.06831794855499673,0.21320604614161187,0.21320604614161187,,0.034523679697047914
2026-07-14,NOW,09:41,1.6382318728189293,1.6382318728189293,0.7252990057159181,0.7252990057159181,0.7252990057159181,0.7252990057159181,-1.3213912474224987
2026-07-14,BBY,09:43,3.6278381046396913,3.6278381046396913,3.25833025943687,3.560748527915658,,,1.8642496296816136
2026-07-14,ANET,09:45,0.8508287292817718,0.778446419698553,0.778446419698553,0.778446419698553,-0.4634931021320621,,-0.9082425825101992
2026-07-14,NTRA,09:45,-0.2087912087912036,-0.9345454545454546,-0.9345454545454546,-0.9345454545454546,-0.8749622955179892,-0.8749622955179892,-0.8285313780804918
2026-07-14,HOOD,09:49,2.911300562307262,2.604213762546337,2.604213762546337,2.604213762546337,2.604213762546337,,2.3581630075589333
2026-07-14,GH,09:50,-0.5529324055666085,-0.8209671922922102,-0.8209671922922102,-0.5807273066053886,-1.108948815370847,,-0.19847514113239262
2026-07-14,AMZN,09:59,1.287088193165542,1.287088193165542,1.361756153499627,0.9895132003101104,,,0.7006155161796886
2026-07-14,ILMN,10:04,0.4992380051500378,0.4992380051500378,0.4992380051500378,0.33051781123760726,0.2884262415438821,,0.28917997772359705
2026-07-14,CRCL,10:13,5.007889710156954,5.007889710156954,5.007889710156954,5.007889710156954,3.7243642329778393,1.5011640041743712,3.421822381358885
2026-07-14,CHEF,10:21,0.4833129833129668,0.4833129833129668,0.23853024766544717,0.28433612592029256,,,1.111510330296328
2026-07-14,HNGE,10:22,0.39396668167490656,0.2754511214795752,0.2754511214795752,-0.04482797265494831,-0.8173477898248516,0.13753613832205858,-1.7032683553636445
2026-07-14,CDW,10:34,-1.532485875706202,-1.9816802534336264,-1.9816802534336264,-0.7968694414799082,-0.9131933340439824,,-0.6869474958720182
2026-07-14,NUE,10:34,-0.3572795712645127,-0.3572795712645127,-0.3572795712645127,0.044840176798421894,,,-0.42561718917653035
2026-07-14,DRAM,11:07,1.358496813177723,1.358496813177723,1.1826144438935815,0.8160711345298832,0.6834402236474135,,0.6191264472197829
2026-07-14,ASML,11:08,0.6671335372820719,0.6671335372820719,0.39870378853430477,0.25582380347310973,-0.932482882158947,,0.21211406683842768
2026-07-14,MRVL,11:09,-0.7206121857082359,-0.7206121857082359,-1.0341376626264775,-1.0341376626264775,,,0.1695456534376083
2026-07-14,MU,11:09,1.5979445397961145,1.5979445397961145,1.36736883368751,1.0047694426741804,0.49758133253858805,,-0.0926533622098565
2026-07-14,IREN,11:15,-0.1810188776829591,-0.1810188776829591,-0.21972340700530113,-4.268004579984874,-4.267158183333364,1.2060828526481382,0.6534121927243971
2026-07-14,HTFL,11:25,-1.3157894736842146,-1.3157894736842146,-1.658310836868493,-1.658310836868493,-1.7719568567026278,0.03923107100824996,-1.7019882599553373
2026-07-14,FLR,11:26,1.7917579135974693,1.7917579135974693,1.6096979332273387,1.5088346237840167,0.9476801579467065,0.9476801579467065,1.7748948304130652
2026-07-14,ORCL,12:24,-1.1891891891891992,-1.1891891891891992,-1.2501929310078874,-1.4023732470334505,,,-1.2904373428769451
2026-07-15,CHEF,09:40,0.11768919817836121,0.11768919817836121,0.11768919817836121,-0.16328196754770152,-0.7003654080389721,,-1.728741039021268
2026-07-15,NTRA,10:05,1.3442431326709636,1.3442431326709636,1.0563123770670924,0.8872727272727365,0.8872727272727365,0.9680471650047373,0.6831858197324939
2026-07-15,HPE,10:07,-2.6048456043502033,-2.6005901898444317,-2.6005901898444317,-2.5850177934980567,-2.5850177934980567,,0.70832212869086
2026-07-15,DE,10:57,1.6536193399317112,1.6536193399317112,1.6536193399317112,1.1712616160836076,,,1.2475047473172296
2026-07-15,HNGE,12:00,-2.438635092638175,-2.438635092638175,-2.4351844543477164,-2.4277643008359884,-0.8266373778831215,,-2.0981818061980775
2026-07-15,ALAB,13:18,1.485664639443951,1.485664639443951,1.1663154248101826,1.1663154248101826,0.811253991542249,,-0.5730468357266094
2026-07-16,AAOI,09:40,-5.674160162375507,-5.674160162375507,-5.676853933816062,-5.676853933816062,-0.9186999901215076,-0.9186999901215076,-0.7689307644437279
2026-07-16,COHR,09:40,-4.142471310078976,-4.142471310078976,-4.142471310078976,-2.6204713330988394,-2.6204713330988394,,-0.7469472910284695
2026-07-16,QBTS,09:40,-4.02044385977729,-3.995723411226393,-3.995723411226393,-4.0136716354205575,-4.0136716354205575,,-1.6628827556616728
2026-07-16,TSM,09:40,-0.17155580430471273,-0.17155580430471273,-0.17155580430471273,0.6921604241323376,-1.9757514376470775,,0.6354082846619277
2026-07-16,NET,09:43,1.0342910101946323,1.0342910101946323,1.0342910101946323,1.0342910101946323,1.0342910101946323,0.1285866490319254,-0.8292360584171451
2026-07-16,HNGE,09:49,0.6202457577530796,0.6202457577530796,0.6202457577530796,0.6202457577530796,0.6202457577530796,0.6202457577530796,-0.7039894006519942
2026-07-16,TXG,09:55,-3.5592102912469503,-3.5528828062847295,-3.5528828062847295,-3.5528828062847295,-3.5528828062847295,1.8772893772893706,4.603965071565827
2026-07-16,PLTR,09:58,3.798347873079577,3.798347873079577,3.23503034472592,3.23503034472592,3.23503034472592,,1.774621376006665
2026-07-16,FCX,09:59,-1.800299191382615,-1.800299191382615,-1.7969748181905332,-1.791561337566694,,,0.8536056617919785
2026-07-16,DRAM,10:00,-2.844609963397815,-2.844609963397815,-2.844609963397815,-2.818812094027745,-2.8017001000794517,,-1.3430987777835506
2026-07-16,GH,10:00,-2.5155616694776173,-2.505920523189198,-2.505920523189198,-2.494356159465405,-2.494356159465405,-2.5213506843905775,-2.307838251716151
2026-07-16,HOOD,10:00,-3.3175330277658177,-3.3013875127402947,-3.3013875127402947,-3.3013875127402947,-3.298883560401733,,-2.655811790545966
2026-07-16,SNDK,10:00,-4.8335639553572785,-4.8335639553572785,-4.8335639553572785,-4.805112121279809,-4.75685003214611,-4.755592238436035,-3.088930937366855
2026-07-16,WDC,10:00,-4.040442491961271,-4.040442491961271,-4.025569078882285,-4.025569078882285,-3.9715501163365974,-3.9204698618629297,-2.1234454499767943
2026-07-16,CRWD,10:01,0.9737122469710924,0.9737122469710924,0.6478367901751714,0.6478367901751714,0.6478367901751714,,-0.5175325042474902
2026-07-16,PANW,10:01,0.5824360030684206,0.5824360030684206,-0.2591987378148475,-0.2591987378148475,-0.2591987378148475,-0.2591987378148475,-0.7293308948791396
2026-07-16,TGTX,10:02,-2.3440591815037215,-2.3392390329856627,-2.3392390329856627,-2.3240707571455466,-2.3240707571455466,,-0.7402884010654994
2026-07-16,CRCL,10:05,-3.1299904183966776,-3.1299904183966776,-3.822021662127184,-3.822021662127184,-3.7913610377426354,,-3.0470713456900556
2026-07-16,GLW,10:06,-4.257746348818658,-4.257746348818658,-4.256956072320084,-4.238729770331718,-4.235207497039861,1.4148527528809351,1.0391698605917858
2026-07-16,MRVL,10:06,-3.936716746460578,-3.936716746460578,-3.9365126563305153,-3.9288493632495425,-3.9288493632495425,,-0.08014174757693393
2026-07-16,QCOM,10:07,-0.34446520317609197,-0.34446520317609197,-0.6171761280931554,-0.6171761280931554,0.48863770163662945,,-0.9894950580083864
2026-07-16,ALAB,10:08,-2.773762609740882,-2.773762609740882,-3.0672613088195133,-3.0672613088195133,-5.00215401512123,0.34705318864931556,1.1140872803934831
2026-07-16,IREN,10:11,-4.331945663301839,-4.331945663301839,-4.331945663301839,-4.330160520858173,-4.369776627647282,-1.8356820744081181,-1.978883377577482
2026-07-16,AXTI,10:13,-5.2686272472202145,-5.2686272472202145,-5.2686272472202145,-5.2686272472202145,-5.6314699792960665,-5.031774143139911,-1.560877834481511
2026-07-16,NVDA,10:15,-0.30275361622374986,-0.30275361622374986,-0.4080457011185201,-0.8317399617590704,-0.8317399617590704,,-0.11834359099911114
2026-07-16,LRCX,10:18,-3.1645281945104964,-3.1645281945104964,-3.1673896040540273,-3.169443466086719,-3.169443466086719,,-0.09181059190124981
2026-07-16,CBRS,10:21,1.7536934701702922,1.7536934701702922,2.0154337563953906,2.0154337563953906,1.834085778781036,1.7193358057135288,0.9986114975999364
2026-07-16,BE,10:22,-5.620876825082421,-5.620000148141713,-5.620000148141713,-5.620000148141713,-5.621380411775279,-5.713121443586133,-0.7478175467395117
2026-07-16,INTC,10:23,-3.5389500375184735,-3.5396617942418107,-3.5396617942418107,-3.5396617942418107,-3.531181861334931,,-1.9611626921662335
2026-07-16,TER,10:23,-3.7775769101906276,-3.7822652907965826,-3.7822652907965826,-3.7822652907965826,-3.7550980910460163,-3.7550980910460163,-1.5251018197670716
2026-07-16,SMTC,10:27,-2.3288718929254326,-2.2915072685539384,-2.2915072685539384,-3.6674927748795882,-3.6674927748795882,,-2.876545864134228
2026-07-16,ZETA,10:27,-1.3270054831129308,-1.3270054831129308,-1.4722797331492954,-1.4722797331492954,0.4460621297473155,,-1.4170104271456523
2026-07-16,FTNT,10:35,-1.1039699867769537,-1.1039699867769537,-2.191900791964785,-2.1849304616576526,-2.1849304616576526,,0.09906124034672799
2026-07-16,BMNR,10:56,0.3242542153047978,0.3242542153047978,-0.1935483870967647,-0.1935483870967647,-0.1935483870967647,-0.1935483870967647,-0.9125047177912552
2026-07-16,NFLX,11:05,1.4835987477882284,1.4835987477882284,1.414581066376508,1.0661009712159553,0.6955229927746664,,1.1033877524314766
2026-07-16,WT,12:28,0.1988071570576455,0.1988071570576455,0.17391304347826875,-0.1238543472875775,,,-0.29525648391307185
2026-07-16,TSLA,14:24,0.19595035924233617,0.19595035924233617,0.1459293394777239,,,,0.7026818902997389
2026-07-17,HNGE,09:40,2.845672452473713,2.845672452473713,2.845672452473713,2.845672452473713,1.728568091567384,1.728568091567384,1.4626287831356999
2026-07-17,IOVA,09:40,8.951965065502176,8.00865800865802,8.00865800865802,8.00865800865802,8.00865800865802,6.283280085197007,2.6205217570588837
2026-07-17,MSFT,09:40,-1.5364856565332041,-1.5364856565332041,-1.5374140466580033,0.04064421074021496,,,0.05489577123605205
2026-07-17,CRWD,09:41,0.7222861201336972,0.5495865722632054,0.5495865722632054,-0.6409315524242731,-0.6409315524242731,-0.6409315524242731,-2.6618824080216283
2026-07-17,NET,09:41,3.885656558097761,3.885656558097761,3.885656558097761,3.885656558097761,2.7192008879023177,2.7192008879023177,0.9047684042310452
2026-07-17,NBIS,09:44,6.919107057129148,6.919107057129148,6.919107057129148,6.919107057129148,5.729460285434529,3.4128504266063064,-3.353816944091866
2026-07-17,ANF,09:45,-2.2586665579594323,-2.253920730619896,-2.253920730619896,-2.2508063058641725,-2.238662079638909,,-0.4753022752308415
2026-07-17,QCOM,09:45,3.9181870442649203,3.458039640942223,3.458039640942223,3.458039640942223,3.458039640942223,0.6092916984006047,2.56635275723344
2026-07-17,SMTC,09:45,7.217025658628673,7.217025658628673,7.051666523862576,7.051666523862576,7.051666523862576,6.873102091441763,2.3847282076272958
2026-07-17,TXG,09:45,0.8302583025830312,0.9000692360950913,0.9000692360950913,0.9000692360950913,1.0166358595194103,-0.850436557432821,0.7935739959837059
2026-07-17,ILMN,09:46,-1.941285511065216,-1.9366665797482363,-1.93441642581349,-0.26981540352095656,,,0.743159968083836
2026-07-17,SNDK,09:48,0.6694771843363201,0.25463912572667446,0.25463912572667446,0.25463912572667446,-0.2595836366711457,-3.805673758865258,-4.51233035434592
2026-07-17,WPM,09:49,2.087825916486974,2.087825916486974,1.9130094427320499,1.6469440039038608,,,0.7540124611793986
2026-07-17,ORCL,09:50,3.0545246931201753,3.0545246931201753,2.536011361330903,2.536011361330903,2.536011361330903,1.557401030765404,0.3659997073613197
2026-07-17,CBRS,09:51,1.1225416923122067,1.1225416923122067,0.8181871310852573,0.8181871310852573,-5.493221646580904,-5.493221646580904,0.5263982483121987
2026-07-17,HTFL,09:51,-1.9708316909735957,-1.9708316909735957,-1.9708316909735957,-1.9708316909735957,-1.9321766561514186,-3.75061123902789,-1.039352585559768
2026-07-17,TER,09:51,6.540970059203022,5.976777079701323,5.976777079701323,5.976777079701323,5.976777079701323,5.976777079701323,0.23295016586707037
2026-07-17,AXTI,09:53,6.549001393404552,6.549001393404552,5.108820160366556,5.108820160366556,5.108820160366556,0.48182216381955634,0.04054587239413395
2026-07-17,FTI,09:53,0.8115293129984602,0.7128878948839734,0.42511673287335405,0.42511673287335405,,,0.8634932423198313
2026-07-17,NFLX,09:53,5.01738599969499,4.66621067031463,4.66621067031463,4.66621067031463,4.66621067031463,,0.9540392981827036
2026-07-17,QBTS,09:53,3.625658506352636,3.1144002466851672,3.1144002466851672,3.1144002466851672,3.1144002466851672,0.6622516556291425,-2.7810103237468202
2026-07-17,CRCL,09:56,1.3139174826345412,1.3139174826345412,1.0686258139923188,1.0686258139923188,0.6987190151389155,,-0.1344901568616256
2026-07-17,CHEF,09:59,-1.8811188211016794,-1.8811188211016794,-1.8811188211016794,-1.8803710843149912,-1.912586468030697,,-1.7824099451245707
2026-07-17,ALAB,10:16,-0.46229508196722335,-0.46229508196722335,-0.46229508196722335,0.2675209723231431,0.2675209723231431,-0.6495950257710881,-0.7915192515192867
2026-07-17,GOOGL,10:23,0.5183676132615167,0.5183676132615167,0.4084470322412548,0.2980410312798387,,,0.3140104517645015
2026-07-17,BE,10:33,3.086153107751377,3.086153107751377,3.086153107751377,3.086153107751377,3.086153107751377,1.5220268481754617,-1.7517632405699703
2026-07-17,IREN,10:33,0.0,-0.044305811197764555,-0.044305811197764555,-0.7968127490039723,-0.7968127490039723,-1.103265666372466,-1.3421103224672162
2026-07-17,MRVL,10:33,1.4959104606112827,1.4959104606112827,1.4959104606112827,1.4959104606112827,1.4959104606112827,-0.7785376117832699,-0.39322494630119237
2026-07-17,TSLA,10:38,0.03677436301550152,0.03677436301550152,-0.08395424493652381,0.01838380124483674,,,0.007460332834089793
2026-07-17,OKTA,10:47,-0.33377837116155273,-0.33377837116155273,-0.33377837116155273,-0.33377837116155273,0.06031767307821401,,0.5383966183734712
2026-07-17,GLW,10:55,1.0723159408918548,1.0723159408918548,0.9996733093760257,1.5704054142847923,-0.03556762699258309,,0.4151254839611762
2026-07-17,INTC,10:59,1.8651516775645804,1.9415340682964244,1.990877381271794,2.320323014804848,1.6907437132156256,,-1.2202942777517027
2026-07-17,MU,11:02,-0.19275295887545285,-0.19275295887545285,-0.07413334588500797,-0.07413334588500797,-0.07413334588500797,-1.686811151245704,-2.89236112752328
2026-07-17,TSM,11:07,0.4361967676054457,0.4361967676054457,0.4868696551550089,0.6137758581495678,,,0.23599626337884963
2026-07-17,PLTR,11:29,0.7920792079207928,0.7920792079207928,0.5241169768325005,0.5241169768325005,,,0.2605710348857593
2026-07-17,LRCX,11:33,1.025971930956615,1.025971930956615,1.0749196497481073,0.7172724348665227,0.7172724348665227,-1.5593071143387038,-0.6999469668338495
2026-07-17,FLR,11:40,1.3214949411521903,1.0710607621009283,1.0710607621009283,0.21443888491778917,0.21443888491778917,,0.11320098149119422
2026-07-17,PANW,12:11,-0.25859911575786265,-0.25859911575786265,-0.3569593177493613,-0.3569593177493613,-0.16699137211244608,,-1.9938776804796312
2026-07-20,TEAM,09:40,6.2868477602071815,6.2868477602071815,5.652316792638845,5.652316792638845,4.882557633753826,4.854052291134425,2.598949478528323
2026-07-20,ADM,09:43,1.1213408876298514,1.1213408876298514,0.7645259938837912,0.7645259938837912,,,0.13086740160566102
2026-07-20,MSFT,09:43,2.767662258447734,2.767662258447734,2.792568473472512,2.5869099806300255,1.8393887258374653,,1.3370651669972238
2026-07-20,CHRD,09:46,1.285832251975938,1.285832251975938,0.8891151932944208,0.8891151932944208,,,-0.5648188044108419
2026-07-20,HTFL,10:31,1.2376237623762387,1.2376237623762387,0.8631319358816336,0.8631319358816336,0.49140049140048436,0.2450980392156854,0.711479702635387
2026-07-20,CRM,10:34,2.6642249527410122,2.6642249527410122,2.5793885019478324,2.244447712898956,,,0.18393122508705653
2026-07-20,CDW,10:47,0.591715976331364,0.591715976331364,0.5100857871551234,-0.7100320659642501,-0.936928702010964,,0.3336390383833339
2026-07-20,NFLX,10:52,0.23556916358111746,0.23556916358111746,0.19276393831553218,-0.3539300988054994,,,-0.012258309699656836
2026-07-20,CBRS,11:35,3.7828947368421018,3.7828947368421018,3.3356572353676173,3.3356572353676173,3.3356572353676173,1.9150899861559711,0.5255401109370764
2026-07-21,PANW,09:42,-2.678282538394061,-2.678282538394061,-2.6660049345736625,-2.6660049345736625,-2.6660049345736625,-0.42491268917347336,0.9305783121273318
2026-07-21,PLTR,09:42,-0.5847514806207155,-1.0033295011720345,-1.0033295011720345,-1.1700700551497967,-1.1700700551497967,,-0.7989829425596192
2026-07-21,TEAM,09:43,-3.033762755022018,-3.033762755022018,-3.0251090553351956,-3.0251090553351956,-3.042304479736002,-3.042304479736002,0.7792944635819884
2026-07-21,FTI,09:44,4.464660601819448,4.464660601819448,4.085901547901272,4.085901547901272,4.085901547901272,,1.931555947817894
2026-07-21,DE,09:57,0.31918030055078095,0.31918030055078095,0.355628504992489,0.18690312614682014,,,0.13473258727109508
2026-07-21,FLR,09:57,2.4108388125124502,2.4108388125124502,2.4108388125124502,2.014488439019546,1.1611887423735423,,1.5077982513235073
2026-07-21,QCOM,10:00,0.7195915925682694,0.7195915925682694,0.411093740953028,0.411093740953028,-0.05187020920984775,,0.44148958708440195
2026-07-21,GOOGL,10:06,-0.8030406950159996,-0.8030406950159996,-0.8200468598205668,-0.6497223653328721,,,-0.5082433031018296
2026-07-21,WDC,10:06,3.781696736898854,2.792642015105784,2.792642015105784,2.792642015105784,2.792642015105784,,-0.44955940687154694
2026-07-21,CNH,10:23,0.7797270955165692,0.7797270955165692,0.4371053909664857,0.4371053909664857,0.4371053909664857,,-0.2700185079231421
2026-07-21,NET,10:25,0.21906006663843236,0.21906006663843236,-0.07822390979326244,-0.07822390979326244,,,-0.24040047867238679
2026-07-21,TIGO,11:03,0.9626216077828875,0.643119640669676,0.643119640669676,0.1829082410324201,0.1829082410324201,0.1829082410324201,0.0009144187759768663
2026-07-21,ADBE,11:20,-0.3771598982545421,-0.3771598982545421,-0.4928050463236744,-0.4928050463236744,,,-0.5110150671874406
2026-07-21,TSM,11:45,1.3332537598472305,1.3332537598472305,1.2800629891200677,0.23613587258108915,,,1.2861230396607286
2026-07-21,AAPL,15:52,-0.05796570870706397,-0.05796570870706397,-0.03661774129566364,,,,-0.17617913205129807
2026-07-22,SNDK,09:40,3.641356797264117,3.641356797264117,3.641356797264117,3.641356797264117,3.641356797264117,1.7648181124395812,0.08905135622028955
2026-07-22,TER,09:40,0.5456153479828529,0.5456153479828529,0.5456153479828529,0.5456153479828529,0.5456153479828529,,-0.3332960968309151
2026-07-22,ALAB,09:41,5.160275257060221,5.160275257060221,4.313144370526856,4.313144370526856,4.313144370526856,4.313144370526856,-0.06130347886357986
2026-07-22,CRCL,09:41,-3.9362554662462856,-3.9362554662462856,-3.922463199483761,-3.922463199483761,-3.922463199483761,-3.883343453763688,-2.8975508362049425
2026-07-22,GLW,09:43,-3.241918763547258,-3.241918763547258,-3.4632984391650523,-3.4632984391650523,-3.4814489847079466,,-1.4560610464611285
2026-07-22,AAOI,09:54,-3.784254023488476,-3.784254023488476,-3.859527121001405,-4.432731357469977,-4.432731357469977,-3.913817818513543,-0.593036219125472
2026-07-22,OKTA,10:00,-1.9727403156384549,-1.9727403156384549,-2.938383782511378,-2.928312201423089,-2.928312201423089,,-1.0796074753368228
2026-07-22,CRM,10:07,-1.7959669619354246,-1.7959669619354246,-1.7950008111489724,-1.8121146253030518,,,-1.0803825903565545
2026-07-22,AXTI,10:16,-4.040028912991101,-4.040028912991101,-4.040028912991101,-4.265317187782392,-4.265317187782392,-5.343102215868479,-1.5202172151052757
2026-07-22,COHR,10:20,-0.25561555420647863,-0.25561555420647863,-0.5828025477707,-0.5828025477707,-0.5828025477707,,-1.0699941829169595
2026-07-22,NET,10:20,0.10242848629320456,0.10242848629320456,-0.15788691581841707,-0.15788691581841707,-0.617546454654716,,-0.32622438757542077
2026-07-22,ILMN,10:45,-0.641584570736975,-0.641584570736975,-0.8338745291596283,-1.0395333765392034,,,-1.7642069955416322
2026-07-22,LRCX,10:58,0.8939126696632327,0.867449319787017,0.867449319787017,0.27961043041155875,,,-0.24638799295976974
2026-07-22,IREN,11:05,-2.538071065989833,-2.538071065989833,-3.0303030303030276,-3.0303030303030276,-3.5964502568893053,,-1.9112270619749847
2026-07-22,NBIS,11:05,-0.9140319570636546,-0.9140319570636546,-0.9733850656864829,-1.3204304965180325,-2.0094748422730624,-2.798409817262615,-1.955246098496018
2026-07-22,SMTC,14:29,-0.7425114998732107,-0.7425114998732107,-0.8681811604688061,-0.5660377358490565,-0.3961763529967577,,-0.8177682296559574
2026-07-23,CBRS,09:40,7.492668621700882,7.492668621700882,7.492668621700882,5.8933988155424055,5.8933988155424055,4.35587188612101,2.106588381512512
2026-07-23,CRCL,09:40,-3.9763545544129753,-3.9648944267830277,-3.9648944267830277,-3.9648944267830277,-3.9648944267830277,,-0.8030130325713017
2026-07-23,GOOGL,09:40,-1.449081563094623,-1.449081563094623,-1.4467887836537408,-1.445040371328432,-1.445040371328432,,-0.7859027823925113
2026-07-23,INTC,09:40,-1.9082101966924392,-1.9082101966924392,-1.973248006509043,-1.973248006509043,-3.419363830771882,,-1.553337957596775
2026-07-23,QBTS,09:40,-0.954584900202482,-0.8972503617944882,-0.8972503617944882,-1.9753793300887446,-1.9753793300887446,-2.2831050228310446,-0.5991760184519856
2026-07-23,UNH,09:40,-1.4362794341506113,-1.4362794341506113,-1.4364805018965088,-1.4351847538110363,,,0.12306925873722581
2026-07-23,ORCL,09:41,-2.418121858672495,-2.418121858672495,-2.418121858672495,-2.40238137433727,-2.40238137433727,,-0.17276847811084442
2026-07-23,NOW,09:45,-2.5295105629670633,-2.5295105629670633,-2.5295105629670633,-2.5295105629670633,-2.5295105629670633,-2.5155368231466246,-1.8251518371471136
2026-07-23,OSCR,09:45,0.41681139284475144,0.22534234702722422,0.22534234702722422,0.38194444444443754,-0.10366275051831852,,-0.10037995043142105
2026-07-23,DDS,09:47,-1.8981908157898797,-1.8712813865381817,-1.8712813865381817,-1.8712813865381817,-1.8712813865381817,-0.8620666764735496,-0.4678512930277064
2026-07-23,AMZN,09:49,-1.4566370212850233,-1.4566370212850233,-1.4556533886210365,-0.5153321976149927,,,0.02994366879810843
2026-07-23,TIGO,10:02,-1.027538018906704,-1.0377067707798227,-1.7546892398940916,-1.7498479758968344,-1.7498479758968344,,0.01038960702951508
2026-07-23,SNDK,10:04,-0.09886966251041462,-0.09886966251041462,-1.2191555795847853,-1.2191555795847853,-1.2191555795847853,-2.206310679611645,-1.9446406145055775
2026-07-23,PARR,10:14,-2.3436270272540694,-2.3436270272540694,-2.3436270272540694,-2.3517889124236135,-2.3781138040354532,,-0.9075693929986232
2026-07-23,AAPL,10:20,0.1853698049722574,0.1853698049722574,0.2587725451682843,0.06067583545958932,,,0.44575035038804484
2026-07-23,CF,10:30,-1.6293369233663202,-1.6293369233663202,-1.6258658178627705,-1.622033303182746,,,-1.1399567885435096
2026-07-23,NFLX,10:30,0.8641523251555983,0.8641523251555983,0.7240017551557454,0.1818446319464595,,,-0.020999559893608577
2026-07-23,DINO,10:32,-1.7156980013052436,-1.7156980013052436,-1.7133448934474105,-1.7133448934474105,0.11801067715651037,,-1.3636505548862274
2026-07-23,IBIT,10:37,-0.3938611978812845,-0.3938611978812845,-0.42090970807875383,,,,-0.28546110123907803
2026-07-23,CHRD,11:13,-0.8742818399172236,-0.8742818399172236,-1.5532133234753998,-1.5532133234753998,-1.5532133234753998,,-0.46086601236861036
2026-07-23,WPM,11:54,0.6863103953147931,0.6863103953147931,0.539108187134496,0.018180165439507512,,,0.022842847486381768
2026-07-23,IOVA,14:06,-0.871248789932233,-0.9632867809199586,-0.9632867809199586,-0.19493177387913674,-0.4859086491739495,,-0.33395251329461456
2026-07-23,UNH,14:44,-0.07667535654040103,-0.07667535654040103,-0.11909113419565909,,,,0.3113424569863336
2026-07-24,BBY,09:40,1.5329768270944566,1.2142391755019633,1.3402917803344794,1.3402917803344794,,,0.1820250779769624
2026-07-24,CF,09:40,-1.6501103593066668,-1.6501103593066668,-1.6521986109675812,-1.6521986109675812,0.2241972936183778,,-0.021241269490135384
2026-07-24,NFLX,09:41,1.9489491673332804,1.9489491673332804,1.8970780636720308,2.238914819136517,1.763937282229966,,0.5954284038963772
2026-07-24,LRCX,09:42,-3.306439680429263,-3.306439680429263,-3.306439680429263,-3.2899575543089976,-3.2899575543089976,,-1.7989972683608173
2026-07-24,ILMN,09:46,-1.9208110317617044,-1.9146060411468158,-0.49988464200568794,0.20136307311027224,-0.835441097570333,,0.14552938607980867
2026-07-24,PARR,09:51,3.1445702864756786,2.360330578512393,2.360330578512393,2.360330578512393,2.360330578512393,,1.0850360008818338
2026-07-24,IOVA,09:58,0.3003971694119034,-0.10040160642571516,-0.10040160642571516,-0.7936507936508019,-2.6418786692759433,-2.6418786692759433,-2.199818100758566
2026-07-24,CLMT,09:59,-2.1312039375783742,-2.1312039375783742,-2.12768797922962,-2.1236782021191725,-2.1236782021191725,,-0.9171396760968231
2026-07-24,IREN,10:11,-3.84665279457016,-3.84665279457016,-4.08902691511387,-4.08902691511387,-3.1617454925529143,-4.361454051631563,-3.905509435451389
2026-07-24,WPM,10:26,0.38213371798820894,0.38213371798820894,0.436936936936938,0.4460766249901882,0.25178723978238615,,-0.1629380415283562
2026-07-24,PLTR,10:51,0.10993485342019049,0.10993485342019049,0.004067355405501516,-0.3445201037613477,,,-0.6398017988429205
2026-07-24,DK,11:13,-1.4813659753625363,-1.4813659753625363,-1.4352574102964089,-1.373712144864192,-1.373712144864192,,0.3866550203693346
2026-07-24,QBTS,11:14,-1.3381995133820102,-1.3381995133820102,-1.6075219896875992,-1.993957703927507,-1.993957703927507,,-1.5747917708680264
2026-07-27,ADM,09:40,-0.3055172826933572,-0.3055172826933572,-0.27564717162033014,-1.0496510113538027,-1.0496510113538027,,-0.11143373400829641
2026-07-27,CLMT,09:40,0.6339917093391989,0.6339917093391989,-2.0647685999726217,-2.0647685999726217,-2.0647685999726217,,1.8833567914782634
2026-07-27,FTI,09:40,-1.3598324033157416,-1.3567190302460785,-1.350886720209199,-1.350886720209199,,,0.07872066713083455
2026-07-27,OKTA,09:45,-2.3381422784450434,-2.3381422784450434,-2.8672829872824046,-2.8669785724838803,,,-0.6355348921282681
2026-07-27,CF,09:46,-0.8280887711162643,-0.8280887711162643,-0.8280887711162643,-0.8280887711162643,,,-1.122604619387139
2026-07-27,DELL,09:46,-3.610260787546704,-3.610260787546704,-3.610260787546704,-3.610260787546704,-3.5810394733088446,-3.610140952409302,1.4356023008315806
2026-07-27,FTNT,09:48,-2.0627492763831135,-2.0627492763831135,-2.0616182372365954,-2.0590945115418924,,,-1.0173712340016072
2026-07-27,ILMN,09:53,-1.9131213268450908,-1.909303018338948,-1.909303018338948,-1.909204044567847,,,-0.9421966227499134
2026-07-27,NOW,10:02,3.277886497064575,2.990681563155584,2.990681563155584,2.990681563155584,2.990681563155584,,0.40935633965625645
2026-07-27,OSCR,10:09,-0.8570928808815825,-0.8570928808815825,-1.0820244328097695,-1.0820244328097695,-1.5117289313640314,,-1.9684028091664179
2026-07-27,NFLX,10:20,0.11376564277589818,0.0,0.0,-0.19846895378509144,,,-0.6692338679635923
2026-07-27,CHRD,10:44,-1.5444600080023463,-1.5392995348324945,-1.5392995348324945,,,,-1.5380032515865392
2026-07-27,PARR,10:52,3.2910727189121802,3.2910727189121802,3.1217208814270814,3.1217208814270814,1.6353176911641176,,0.79807807354307
2026-07-27,AXTI,12:03,2.1113243761996303,2.1113243761996303,1.645260588047992,1.645260588047992,2.056911435574982,1.4191908493963235,3.0316421466101366
2026-07-27,TSM,12:10,0.9506953223767267,0.9506953223767267,1.0171035320311717,0.5895394537942078,0.5895394537942078,0.5895394537942078,1.350429045742511
2026-07-27,DRAM,12:25,2.3500285064940174,2.3500285064940174,2.167303344507676,2.167303344507676,2.167303344507676,1.2164510523267058,0.8091176882494758
2026-07-27,INTC,12:25,1.8441457453899135,1.8441457453899135,1.0247922591820835,1.0247922591820835,1.0247922591820835,,0.5701104736631916
2026-07-27,QCOM,12:25,1.84320766008379,1.84320766008379,1.6789149787895141,1.6789149787895141,,,1.1825484896991423
2026-07-27,TER,12:25,1.3663354338342204,0.39005070659183794,0.39005070659183794,0.39005070659183794,0.39005070659183794,,2.0423734556652695
2026-07-27,WDC,12:25,1.6308452227869363,1.6308452227869363,1.5800479420615021,1.2032520325203189,1.2032520325203189,,-0.18187789590879966
2026-07-27,WPM,12:25,0.26857654431513556,0.26857654431513556,-0.2582598628551147,-0.2582598628551147,,,0.6320666827016375
2026-07-27,MRVL,12:30,0.41112967825787106,0.41112967825787106,0.06872852233676952,0.5631707576240652,0.5631707576240652,0.5631707576240652,0.7716180225488589
2026-07-27,SMTC,12:30,1.997482165337816,1.997482165337816,2.006043310391137,1.5288220551378462,1.5288220551378462,,2.1559026201672937
2026-07-27,GLW,12:31,1.8892090938200434,1.8892090938200434,1.6036330092953799,1.6036330092953799,2.0271473867968126,,2.8344375731758444
2026-07-27,MU,14:03,1.969723034577675,1.969723034577675,1.979071754792039,1.864351208040782,,,0.8171329427388518
2026-07-27,COHR,15:03,3.662310866574958,3.662310866574958,3.244158611766501,3.244158611766501,3.244158611766501,,-0.7557812806825362
2026-07-28,NVDA,09:40,1.322886586059635,1.322886586059635,1.3793103448275668,1.3793103448275668,1.295896328293722,,-0.2383740045744931
2026-07-28,TSLA,09:41,1.2113232389730166,1.2113232389730166,1.2113232389730166,0.8726461518273165,0.8726461518273165,,0.5265402336792846
2026-07-28,PTEN,09:50,-0.7049891540130249,-0.7049891540130249,-0.8662696264212233,-1.1872638963842497,-1.1872638963842497,,-0.30765470541008383
2026-07-28,WT,09:52,0.46559751681325423,0.46559751681325423,0.46559751681325423,0.46559751681325423,0.38769707934869224,,-0.6384103678676515
2026-07-28,FTI,09:53,-0.1792361781331797,-0.1792361781331797,-0.22050716648290836,-0.5494505494505364,-0.5494505494505364,,-0.8301923233595613
2026-07-28,QCOM,09:53,-1.0031004924311526,-1.4882032667876688,-1.4882032667876688,-1.4882032667876688,-1.5626416805198828,,-1.0048183049217914
2026-07-28,TSM,09:56,1.8720465285350985,1.8006797955424148,1.8006797955424148,1.4400951445266097,1.4400951445266097,-0.2669039145907326,0.7351858481465431
2026-07-28,BMNR,10:00,6.773997569866341,6.418407508325763,6.418407508325763,6.418407508325763,6.418407508325763,4.800238521168754,1.77340662635177
2026-07-28,ALAB,10:03,2.6148298488640087,2.0377772552707896,2.0377772552707896,2.0377772552707896,2.0377772552707896,-0.030714889042460225,1.0894439737972883
2026-07-28,TER,10:03,5.2700619814383565,5.2700619814383565,4.860838886711094,4.860838886711094,4.0181464679196255,5.273514364423448,2.823469570905631
2026-07-28,TGTX,10:07,-0.9926006136076415,-0.9926006136076415,-1.1707821487698666,-1.5875863306126115,-2.2403413749686574,,-1.128355789867456
2026-07-28,GOOGL,10:09,2.079955953873913,2.079955953873913,1.9489842676034819,1.9489842676034819,,,0.2662131130081143
2026-07-28,HOOD,10:11,4.212063349432782,3.50290049085229,3.50290049085229,3.50290049085229,3.50290049085229,,1.9766799955780492
2026-07-28,SMTC,10:11,-0.09876986621172312,-0.09876986621172312,-0.3403797921891716,1.1362603399690974,1.1362603399690974,1.1362603399690974,0.6864697847361286
2026-07-28,HTFL,10:15,1.0667720268668468,0.8277493102089029,0.8277493102089029,0.8277493102089029,2.7721976697468786,-2.0861244019138803,0.4436967593568264
2026-07-28,SPCX,10:15,7.877917747313834,7.877917747313834,7.877917747313834,7.877917747313834,7.877917747313834,7.877917747313834,0.6430789646831636
2026-07-28,CRCL,10:20,3.880355699272431,3.712671509281673,3.712671509281673,3.5538721895398417,2.8246779227014462,,0.009577797140876884
2026-07-28,IBIT,10:24,1.345668629100083,1.345668629100083,1.2038073908174685,0.19429100413248523,,,0.17114566561751884
2026-07-28,OSCR,10:25,12.681614349775794,12.681614349775794,12.459720730397429,12.459720730397429,11.739594450373536,8.422506040731804,3.023987357583883
2026-07-28,DELL,10:35,5.199613650998058,5.199613650998058,5.199613650998058,5.199613650998058,5.199613650998058,5.199613650998058,2.860687409488157
2026-07-28,CRWD,10:41,2.990654205607468,2.990654205607468,2.856657992985645,2.6244497121571397,2.6244497121571397,,0.5310296268677295
2026-07-28,FTNT,10:42,1.2215698184517843,1.2215698184517843,1.2318180284161873,1.0000336711673663,-0.09325872635226329,,-1.2227794040888955
2026-07-28,PANW,10:42,2.1302205127958995,2.1302205127958995,2.0291338204960097,1.9297124600639037,-0.04855965788936878,,0.5141820064976951
2026-07-28,AXTI,10:47,4.258943781942071,3.215485213972169,3.215485213972169,3.215485213972169,3.215485213972169,3.215485213972169,1.5685753284975974
2026-07-28,INTC,10:48,1.906167010917681,1.5585484914426795,1.5585484914426795,1.5585484914426795,-0.011580775911979035,-0.8725602755453421,-0.42339943591504686
2026-07-28,MU,10:48,1.3542818660916778,1.3542818660916778,0.8905854764641452,0.8905854764641452,0.5202205882352873,,-0.14978913080145131
2026-07-28,COHR,10:50,4.640061924830152,4.640061924830152,3.9383195933535564,3.9383195933535564,3.22621699013681,1.9439440278185227,0.9090008807442892
2026-07-28,WDC,10:50,7.970778465404127,7.970778465404127,7.346410066617315,7.346410066617315,5.643196976940046,1.5492341356673878,5.963965356085737
2026-07-28,LRCX,10:51,1.693253384621185,1.693253384621185,1.2160869243724504,1.2160869243724504,1.1212359845502062,-1.465268388935581,0.3780178058103563
2026-07-28,AAPL,11:09,0.9852026655980506,0.9852026655980506,1.0076897954336195,0.7802826080516745,0.24870344177274628,,0.19958614335717773
2026-07-28,TXG,11:12,2.5724874645737916,2.5724874645737916,2.494281668663545,2.494281668663545,1.9943637546065318,1.9943637546065318,1.1885082237872509
2026-07-28,GH,11:16,0.15356694122574677,0.15356694122574677,0.09766987581971698,-0.29879785977346973,-0.29879785977346973,,0.746180098877495
2026-07-28,NBIS,11:18,2.472900751834284,2.472900751834284,2.472900751834284,2.472900751834284,2.472900751834284,0.7391136572768575,1.42336484460374
2026-07-28,BE,11:20,1.8478990059157097,1.8478990059157097,1.6000486706819972,1.6000486706819972,1.1371571253549595,0.3093371775234832,3.8863383342102824
2026-07-28,LITE,11:20,4.477564102564102,4.477564102564102,4.233684008569694,3.6997989915698026,2.8442523386600804,,2.827955642202847
2026-07-28,SNDK,11:25,-0.06292520108706068,-0.06292520108706068,-0.6860488300012846,-0.6860488300012846,-0.6860488300012846,-0.6860488300012846,1.0166742359761116
2026-07-28,DRAM,13:48,0.4311251314405906,0.4311251314405906,0.16780283167279197,0.04189797842255594,,,0.34395023241807765
2026-07-28,MRVL,13:55,-0.14264518669805382,-0.14264518669805382,-0.17167381974249052,-0.3085890622321341,,,0.06289153580194921
2026-07-29,HTFL,09:45,-1.727522575579099,-1.727522575579099,-1.727522575579099,-3.783778496048684,-3.783778496048684,-2.1501172791243084,-0.8580893690650256
2026-07-29,DDS,09:50,1.807218537341715,1.807218537341715,1.4036653167684987,1.6076617548444805,-1.82372204862572,2.0110825320651227,1.0577780646827166
2026-07-29,QCOM,09:53,-2.1753174080875626,-2.1753174080875626,-2.1753174080875626,-2.1677787129422588,-2.1612250877612316,,-2.2005853125081667
2026-07-29,MSFT,09:57,0.474977275345978,0.474977275345978,0.1326936817392932,0.1326936817392932,0.1326936817392932,,-1.2608764311309233
2026-07-29,ANF,10:07,0.6679764243614938,0.6679764243614938,0.9555708797162721,1.2848389009685768,1.1349057534787432,,0.8613119726605278
2026-07-29,SPCX,10:15,-0.9065305403978208,-0.8890845070422482,-0.8890845070422482,-0.8585391625941075,-0.41570847337696337,-3.2098954344799258,-1.9434221080330067
2026-07-29,ILMN,10:18,-1.910147237044335,-1.910147237044335,-1.9090704911384426,-1.9088748495632135,0.956478913398473,,1.3048167724961424
2026-07-29,WDC,10:32,-1.0039751845621447,-1.0039751845621447,-1.096171961976533,-1.096171961976533,-1.7127295163932743,-3.9106952601498435,-1.524392462296931
2026-07-29,GH,10:49,1.0308555399719532,0.5233044934412456,0.5233044934412456,0.5233044934412456,0.5233044934412456,,-0.5817540683641745
2026-07-29,WPM,11:02,2.2657198916191668,2.2657198916191668,1.9323896442540622,2.7457054350886967,-1.5970865464703388,,2.4028783172041157
2026-07-29,PANW,11:50,-0.5207591370277154,-0.5207591370277154,-0.5412248773540074,0.5149857659213719,-0.07790514650937164,-0.07790514650937164,0.38528809896873534
2026-07-30,HALO,09:41,1.5665955501371398,1.5665955501371398,1.777533443283863,1.4367466212102942,1.8335166850018236,,0.7151095352564418
2026-07-30,PLTR,09:41,0.7663782447466128,0.7663782447466128,0.7663782447466128,1.112167693388999,0.08184645604845109,0.6999917648027543,0.5400346516151991
2026-07-30,DINO,09:45,2.812361049355272,2.812361049355272,2.4252491694352063,2.4252491694352063,2.0635621275656435,,1.0398715712005642
2026-07-30,WPM,09:45,2.329360780065004,2.1725412422248125,2.1725412422248125,1.8923899851665427,,,1.656862191754101
2026-07-30,PTEN,09:47,6.25,6.192784060312317,6.192784060312317,6.192784060312317,5.173333333333319,2.9227557411273475,5.117454916821303
2026-07-30,QCOM,09:47,3.3018707193239516,3.3018707193239516,3.3018707193239516,2.7417223031823035,1.8067029350527397,1.2490815576781777,0.19819016523037192
2026-07-30,TEAM,09:49,0.9465020576131744,0.9465020576131744,0.9465020576131744,0.4298874104401218,0.8013149784261264,,1.3296933962278008
2026-07-30,LRCX,09:51,-1.8620945472530348,-3.417269236478626,-3.417269236478626,-3.417269236478626,-3.417269236478626,-3.417269236478626,-0.9191611558557559
2026-07-30,AAPL,09:52,0.39694472845370754,0.39694472845370754,0.2371873780286471,0.8823351664954515,0.10944691824466002,,0.3423894379793735
2026-07-30,HOOD,09:55,-2.359009047095628,-2.359009047095628,-2.359009047095628,-2.359009047095628,-2.359009047095628,-2.9759523583237635,-1.5913620983292815
2026-07-30,GOOGL,10:02,0.572685896856262,0.572685896856262,0.5257211719514876,-0.037448134333950556,0.1831501831501825,,-0.15795635489873616
2026-07-30,BBY,10:19,-0.7911392405063333,-0.7911392405063333,-0.8695652173912993,-0.768709021026448,,,-0.5624445023808211
2026-07-30,FLR,10:21,3.4696406443618377,3.4696406443618377,3.107635315908608,3.107635315908608,,,2.1142769578737473
2026-07-30,ADM,10:35,1.2559658377292227,1.2559658377292227,1.2496075353218172,0.9390259171153215,,,-0.4542811124843486
2026-07-30,HNGE,10:40,2.9108803821856766,2.6768642447418944,2.6768642447418944,2.084323443546765,3.2479571516857986,,1.1416941885720622
2026-07-30,NET,10:57,1.9238376065302765,1.9238376065302765,1.9238376065302765,1.9238376065302765,-0.021128755248245312,,1.3900501039566378
2026-07-30,CDW,11:19,1.5416811998604896,1.5416811998604896,1.311988863754987,1.311988863754987,0.27210415733820437,,1.7480043063245059
2026-07-30,NUE,11:49,0.21053452376309512,0.21053452376309512,0.058393023980052305,-0.7452888476984887,,,-0.32619968336167204
2026-07-30,WT,11:51,2.368635992376822,2.368635992376822,2.368635992376822,2.0906869399945682,,,1.99950756115513
2026-07-30,CF,11:53,-0.027823045431052407,-0.027823045431052407,-0.023849272597187277,,,,0.2884179031631999
2026-07-30,PARR,13:54,1.512466028595072,1.512466028595072,1.2254035583834089,1.2254035583834089,,,0.8706513439105076
2026-07-31,BBY,09:42,-0.41560840452551373,-0.6072338022975798,-0.6072338022975798,-0.6072338022975798,,,-0.2657748306836072
2026-07-31,ILMN,09:46,-1.9418600514665152,-1.9418600514665152,-1.9418600514665152,-1.9240118048565735,-1.9240118048565735,-1.9355010094260439,5.133655248481246
2026-07-31,ADBE,09:49,3.1002964426877444,3.1002964426877444,2.782908508804338,2.782908508804338,2.782908508804338,0.983989998790169,1.4601336422488915
2026-07-31,FTI,09:59,2.5391602889635934,2.166476624857494,2.166476624857494,1.8326466827674581,1.8326466827674581,1.8326466827674581,1.2030362425955528
2026-07-31,WT,10:18,1.5191199580932402,1.0954616588419341,1.0954616588419341,1.0427528675703845,-1.939271694052913,,-0.33259790027811614
2026-07-31,AAPL,10:23,2.1282924088700916,2.1282924088700916,2.050723201902116,1.8188887003536935,0.2725591355981605,,0.9527688330090989
2026-07-31,NBIS,10:28,0.3427185489824014,0.5866807610993785,0.5866807610993785,-0.5850702606696956,-0.5850702606696956,-0.5850702606696956,1.1783979148885515
2026-07-31,ASML,10:35,-1.445943493254287,-1.6096397185395572,-1.6096397185395572,-1.5418462263751764,-1.2212425870453791,,-1.370108216274309
2026-07-31,QCOM,10:35,-0.5390835579514919,-0.7664380798709236,-0.7664380798709236,-1.2709030100334529,-1.2709030100334529,,-1.3426090644528823
2026-07-31,HALO,10:46,0.8613843240271146,0.8613843240271146,0.640048765620227,0.640048765620227,,,-0.056367137455563356
2026-07-31,TSLA,10:46,1.8346671903896938,1.8346671903896938,1.8613407546860916,1.0294213158407617,0.6763316290207877,,0.6046461855818771
2026-07-31,SPCX,10:51,-1.4360129394773158,-1.4360129394773158,-1.6590277991899938,-1.5032471956037963,-1.5032471956037963,,-0.06882619422052076
2026-07-31,NOW,11:37,1.2009998171066405,1.2009998171066405,1.0729802897692098,0.41077957838666634,,,0.738639342388725
2026-07-31,BMNR,12:28,2.247310682713821,2.247310682713821,2.0673360897814685,2.0673360897814685,1.497797356828201,,1.3468122427700457
2026-07-31,TER,12:29,-1.3977196512407697,-1.3977196512407697,-1.6536444396874628,-1.6536444396874628,-2.5635587603721977,,-1.4964587457344969
2026-07-31,HOOD,12:31,0.6159925615992323,0.6159925615992323,0.45265775430232136,0.21937821614832487,,,1.4728825137045358
2026-07-31,AXTI,12:46,1.2758099714621496,1.2758099714621496,1.02143335565974,0.7851653859004326,0.7851653859004326,,1.669198022955339
2026-07-31,AAOI,12:57,-1.322875816993463,-1.322875816993463,-1.4311083254988088,-1.97351539637044,-1.97351539637044,,-0.947809067466295
2026-07-31,LITE,13:01,-0.8765228020947591,-0.9246917694101908,-0.9246917694101908,-1.3639552282646572,-1.3639552282646572,,-0.5917039301898463
2026-07-31,SMTC,13:24,-1.3396968935778353,-1.3396968935778353,-1.2321877619446808,-1.6361966775189973,,,0.3200421285969794
2026-07-31,TSM,13:26,-0.6695413948574314,-0.6695413948574314,-0.6951608941292209,-0.8291426468784446,,,-0.6399778128464743
2026-07-31,ALAB,13:27,-1.6186140617096667,-1.6186140617096667,-1.7816282409380046,-2.0829400289472,-2.0336208524837973,,-0.5047152139607639
2026-07-31,MRVL,13:27,-2.5181778020321732,-2.5181778020321732,-2.4750935940099805,-2.5713469430159397,-3.174900624645094,,-3.057187100332374
2026-07-31,ORCL,13:29,0.9815927070577324,0.9815927070577324,0.8933426551697377,0.4058598430675353,,,1.20133903495158
2026-07-31,LRCX,13:31,-3.305007837637153,-3.305007837637153,-3.3951988702637492,-3.3738503134243647,,,-3.1861219522876234
2026-07-31,SNDK,13:32,-3.1849966111122896,-3.1849966111122896,-3.4549348549086423,-3.6085214424564582,-4.103090342187321,,-2.3026444934015102
2026-07-31,GLW,14:01,-2.2483031674208176,-2.2483031674208176,-2.262123568499941,-1.9571691958587545,,,-1.7794668617086822
2026-07-31,COHR,14:45,-1.0083527729701114,-1.0083527729701114,-1.3572285542891471,-1.3498312710910954,-1.0753496766430892,,1.0395387501960747
2026-08-03,IREN,09:40,7.999456743175348,7.999456743175348,7.8520993997065025,7.8520993997065025,7.8520993997065025,7.8520993997065025,0.8127306504036517
2026-08-03,PARR,09:40,-0.24081878386514877,-0.6535163978655834,-0.6535163978655834,-0.9622855776701966,-1.6091681016566772,-1.6091681016566772,-2.0085169110876913
2026-08-03,AAOI,09:41,17.496671105193062,17.496671105193062,17.496671105193062,17.496671105193062,17.496671105193062,15.849297184431443,3.0979105869567873
2026-08-03,BE,09:41,10.316959212021736,10.316959212021736,9.721175584024122,9.721175584024122,9.545066960926917,9.545066960926917,1.5464917557563702
2026-08-03,COHR,09:41,11.459561880087389,11.459561880087389,11.924824292315472,11.366973185997997,11.366973185997997,10.55538508745013,0.6266966193325526
2026-08-03,DINO,09:41,-1.901432982453377,-1.901432982453377,-1.8957204320443122,-1.8957204320443122,-1.8957204320443122,-1.8777515179965065,-1.438443456407575
2026-08-03,LITE,09:41,14.435999765244457,14.435999765244457,14.147933497248566,14.147933497248566,14.147933497248566,12.17379423418501,2.0563225887476833
2026-08-03,SMTC,09:41,3.7856676105423537,4.116773009352337,4.116773009352337,2.5482093663911964,2.5482093663911964,2.5482093663911964,1.8033447603061397
2026-08-03,SNDK,09:41,9.47306566084032,9.47306566084032,9.47306566084032,9.47306566084032,7.853678929765895,7.853678929765895,1.9088080075873186
2026-08-03,ASML,09:43,2.2986787269431375,2.2986787269431375,2.095793491911513,1.7234643375685144,,,-0.14980009177747444
2026-08-03,AMD,09:44,5.660788868169364,5.869755244755237,5.869755244755237,5.471012126357966,5.471012126357966,,1.5579913840027995
2026-08-03,DRAM,09:44,6.548488008342024,6.548488008342024,6.260399334442601,6.260399334442601,5.4924633491637564,2.180000000000004,0.21329680546064989
2026-08-03,INTC,09:44,5.592944998839622,5.592944998839622,5.527311859878292,5.527311859878292,4.560443979731343,1.727011651655408,1.6718098788689832
2026-08-03,MU,09:44,6.688629651316158,6.688629651316158,6.4960756355415095,5.391352986791764,5.391352986791764,,1.0408110495360907
2026-08-03,TER,09:44,2.830957802704459,2.830957802704459,2.41061679312371,2.41061679312371,1.9283285961098962,2.519114778358267,1.3984421685466837
2026-08-03,TSM,09:45,1.751309097286602,1.751309097286602,1.5376153211490884,1.6901620051581245,0.9671083708326034,-0.18678725914273997,0.8517825722939317
2026-08-03,WPM,09:45,3.339396453213439,3.339396453213439,3.2060153150659687,2.628440366972473,2.6096129150614544,,0.961709905624771
2026-08-03,MRVL,09:47,7.6239657948803385,7.245815465486238,7.245815465486238,7.245815465486238,5.693096302759293,3.741369159128616,3.922100413979978
2026-08-03,CLMT,09:49,-1.9706760299066706,-1.961571497543968,-1.961571497543968,-1.961571497543968,-1.937625330945314,,-1.9193900445556835
2026-08-03,CRCL,09:49,2.97232661428084,2.97232661428084,2.377717391304346,2.377717391304346,0.887029288702923,-3.474025800297109,1.1019856450860344
2026-08-03,PLTR,09:49,0.16310617814376815,0.16310617814376815,0.1591216485002711,-0.051605732205939336,,,0.3269949605650302
2026-08-03,DK,09:53,-0.13609556933311673,-0.13609556933311673,-0.8408408408408174,-0.8408408408408174,-0.8408408408408174,-2.2056525409547167,-2.192495241730874
2026-08-03,AAPL,09:54,-1.1511267724446217,-1.1511267724446217,-1.1476169550097004,-1.1476169550097004,-1.1540178715355176,,-0.551458607460605
2026-08-03,ALAB,09:55,8.489228067805765,8.489228067805765,8.489228067805765,8.489228067805765,8.489228067805765,6.502245868761691,1.159673967393789
2026-08-03,LRCX,09:55,5.67235935706083,5.67235935706083,5.181772730519252,5.181772730519252,5.181772730519252,3.307611364433516,1.0367594696792715
2026-08-03,ADM,10:02,0.5280103026400473,0.23756019261638173,0.23756019261638173,0.23756019261638173,,,-0.3191909316622647
2026-08-03,PTEN,10:03,1.2839506172839688,1.2839506172839688,0.8853910477127469,0.8853910477127469,0.6872852233676952,,0.4871216616011494
2026-08-03,QCOM,10:08,5.263157894736836,4.786590634180055,4.786590634180055,4.786590634180055,4.786590634180055,,1.1928916797839362
2026-08-03,BBY,10:35,1.651168335717701,1.651168335717701,1.5301262205286825,1.5301262205286825,,,1.6795275617992915
2026-08-03,HTFL,10:35,2.9253271747498033,2.7671022290545633,2.7671022290545633,2.3736600306278666,0.9247027741083214,,0.28449691386859266
2026-08-03,CF,10:56,-1.5737985981801539,-1.5737985981801539,-1.5736685590478916,-1.5811808830118013,,,-1.1126343493618445
2026-08-03,UNH,10:58,-0.03850226200790008,-0.14423076923077982,-0.14423076923077982,,,,-0.23321745614411546
2026-08-03,NFLX,11:38,0.3627404010676738,0.3627404010676738,0.24610336341261974,,,,0.9755807660415469
2026-08-03,SPCX,13:16,4.275808376262402,4.275808376262402,4.26518734085124,3.7838327147641904,3.7838327147641904,,3.8117029168138306
2026-08-03,TXG,13:34,-0.44482101249735395,-0.44482101249735395,-0.8208656017219207,-0.8208656017219207,-0.8208656017219207,,-0.6250669030966124
2026-08-03,GH,14:09,-1.6166997026759056,-1.6166997026759056,-1.6958593798353516,-1.9688927292926817,,,-1.7382601282739347
2026-08-03,CHRD,15:50,0.20156936145705462,0.20156936145705462,0.0071849403649792976,0.0071849403649792976,,,0.6759127725500061
2026-08-04,CHEF,09:40,0.0955196725039853,-0.31708642870084125,-0.31708642870084125,-0.3261164960594254,0.5942585481806706,,0.15008981368196025
2026-08-04,PARR,09:40,2.6406712734452054,2.6406712734452054,2.6628405689777646,1.6621852847714669,1.6621852847714669,,-0.17378357266625288
2026-08-04,HPE,09:41,1.4913809800503497,1.4913809800503497,-2.834039487473594,-2.834039487473594,-2.834039487473594,1.256038647342983,0.4968408736232462
2026-08-04,AAPL,09:43,2.048355708018601,2.048355708018601,2.1325762577578233,1.9424353757187207,,,1.197519136180203
2026-08-04,GOOGL,09:45,1.8261474817215406,1.8261474817215406,1.5485119767723265,1.5485119767723265,0.4493134248341413,0.4493134248341413,0.20511688582485568
2026-08-04,TSM,09:45,0.6758387641805585,0.6758387641805585,0.3005891547432915,0.2282830710080619,0.21383436246127374,,0.4654041895201096
2026-08-04,DK,09:49,2.5302701024526364,2.5302701024526364,2.5302701024526364,2.5302701024526364,2.5302701024526364,0.33251760945813835,1.1120762209469486
2026-08-04,NTRA,09:57,2.5660602223422257,2.5660602223422257,2.009482535096474,2.009482535096474,2.009482535096474,2.009482535096474,0.775534272405524
2026-08-04,AMZN,10:01,0.2710712736735621,0.2710712736735621,0.2596929508505985,0.07755713074690807,,,-0.48772753315724876
2026-08-04,DDS,10:07,2.677349750475577,2.677349750475577,2.838528775651916,1.7520503591210268,1.7520503591210268,1.2279834572719084,1.716659342387435
2026-08-04,CF,10:29,1.2263099219621099,1.2263099219621099,1.2697323266986915,0.8457923964118041,-0.15225850109963357,,0.12731960853352708
2026-08-04,HALO,10:51,1.068220441854839,1.068220441854839,1.062086544880736,0.6893215624622195,,,0.40041197074269413
2026-08-04,AXTI,11:35,-0.07656967840734552,-0.25985937022318106,-0.7378109074313577,-0.7378109074313577,-0.07656967840734552,-0.07656967840734552,-0.42503148911487615
2026-08-04,CHRD,11:43,0.2670959716073451,0.2670959716073451,0.13154048523824624,0.13154048523824624,,,0.03923219206547849
2026-08-04,UNH,11:49,-0.34193879295606466,-0.34193879295606466,-0.4392065002562062,-0.16393442622951726,,,-0.22080203439986215
2026-08-05,AMD,09:40,-2.005777289556121,-2.005777289556121,-2.522334753179467,-2.522334753179467,-2.522334753179467,,-0.8852102288064545
2026-08-05,CDW,09:40,13.315019794780646,13.250968992248069,13.250968992248069,13.250968992248069,13.250968992248069,11.753878516960302,0.4686111421541554
2026-08-05,CRCL,09:40,5.520859355483387,5.520859355483387,5.520859355483387,4.540309727066649,4.540309727066649,4.540309727066649,1.4499683426735317
2026-08-05,HOOD,09:40,-0.4184549356223144,-0.4184549356223144,-1.023781593260098,-1.023781593260098,-2.176548089591568,-1.6010373186627125,-1.2897871135204648
2026-08-05,TSLA,09:40,-0.4397918731417261,-0.4397918731417261,-0.6858625803262575,-0.6858625803262575,-0.6858625803262575,,-0.36040388547762997
2026-08-05,QCOM,09:42,-1.6328951887352172,-1.7034818420067377,-1.7034818420067377,-2.1464525877561536,-2.140352118634925,,-1.049152469402137
2026-08-05,SPCX,09:45,-3.2458893989762427,-3.2458893989762427,-3.2451740832336373,-3.2451740832336373,-3.2451740832336373,-3.2319630555042056,-3.2042773548540424
2026-08-05,NBIS,09:48,-1.378068002702093,-1.378068002702093,-1.378068002702093,-1.378068002702093,-1.378068002702093,-1.378068002702093,-2.487625075865685
2026-08-05,PARR,09:48,-2.403008601283785,-2.403008601283785,-2.403008601283785,-2.403008601283785,-2.403008601283785,-2.403008601283785,-2.61649144465305
2026-08-05,TIGO,09:49,-0.8752971687918776,-0.7519610494995832,-0.7519610494995832,-0.7519610494995832,-1.4238890978453655,,-1.1189129089914023
2026-08-05,CBRS,09:51,-3.4085778781038467,-4.1270837067574835,-4.1270837067574835,-4.1270837067574835,-4.1270837067574835,-3.369314845761262,-2.983295871357494
2026-08-05,DK,09:51,-2.2904368669922626,-2.2904368669922626,-2.2775006060553715,-2.2775006060553715,-2.2775006060553715,-2.2775006060553715,-2.3618020686628474
2026-08-05,ALAB,09:53,-4.602776883123139,-4.602776883123139,-4.602776883123139,-4.602776883123139,-4.602776883123139,-4.602776883123139,-3.8239822021075383
2026-08-05,BBY,09:56,0.3801829630509568,0.3801829630509568,0.0592136428233081,0.0592136428233081,0.0592136428233081,,0.05729027119856974
2026-08-05,AAPL,09:58,1.0005197505197572,1.0005197505197572,0.9644422795908492,0.6148469354734454,0.6148469354734454,,0.846818770372256
2026-08-05,NFLX,11:00,-1.5069818942786695,-1.5069818942786695,-1.5064750390740733,0.8495310588555016,,,1.0458044668544646
2026-08-05,DRAM,11:02,-1.4354066985646008,-1.4354066985646008,-1.4807320886599862,-1.7790174600816666,,,-2.0777239024128535
2026-08-05,ILMN,11:07,-0.3216396140324651,-0.3216396140324651,-0.4953082609453152,0.9647439135266112,0.8501299159960451,,-0.697488380240463
2026-08-05,MSFT,11:22,-0.5366251785349885,-0.5366251785349885,-0.6471073790622506,0.030780595912349717,,,-0.21764390645402365
2026-08-05,ANET,12:29,-0.4329026178570672,-0.4329026178570672,-0.5394776646163169,-0.7446540880503116,-2.3464184941339394,,-1.9755962181247941
2026-08-06,AAOI,09:40,0.14877960513088873,0.14877960513088873,0.14877960513088873,0.14877960513088873,0.14877960513088873,-1.0056043562939654,-3.6229295891329536
2026-08-06,ADBE,09:40,2.8006004108073856,2.8006004108073856,2.630333622525427,2.509059398140856,2.739726027397249,,1.5251749522471842
2026-08-06,ANET,09:40,0.07805995004164235,0.07805995004164235,0.07805995004164235,0.07805995004164235,0.07805995004164235,-0.8148950435814095,-0.2813354679527998
2026-08-06,COHR,09:40,5.93979360525021,5.93979360525021,5.11881272838921,5.11881272838921,5.11881272838921,4.926835395340068,-1.331913475774038
2026-08-06,CRWD,09:40,0.9341701941322444,0.9341701941322444,0.9341701941322444,0.9341701941322444,0.5428197547617808,,0.6666962841952376
2026-08-06,HPE,09:40,4.796163069544357,4.796163069544357,4.796163069544357,4.796163069544357,4.796163069544357,3.4319526627218933,-0.6351713823498603
2026-08-06,OSCR,09:40,-2.817177011511185,-2.817177011511185,-2.817177011511185,-2.817177011511185,-2.817177011511185,-2.800112613313699,-0.8108881033968673
2026-08-06,TEAM,09:40,0.5516298153635857,0.5516298153635857,0.6571741511500528,0.0453597024403507,-0.13583265417006496,,0.9610233653748098
2026-08-06,AMD,09:41,1.8827135879502466,1.8827135879502466,1.8827135879502466,1.8827135879502466,1.1232704012565708,0.040012733740724116,-0.6872836071655675
2026-08-06,BMNR,09:41,1.07556536127964,1.07556536127964,1.07556536127964,1.07556536127964,1.07556536127964,,0.3896172826409379
2026-08-06,NBIS,09:41,-5.95595642833926,-5.95595642833926,-5.95595642833926,-5.95595642833926,-5.95595642833926,-5.95595642833926,-4.568067827281955
2026-08-06,NOW,09:41,3.465302883343635,3.661822518662494,3.661822518662494,3.2831616935129038,3.011149152839976,,1.1943215917517087
2026-08-06,GH,09:42,-1.224975719790733,-1.224975719790733,-1.6446015901330324,-1.6446015901330324,-1.184730144800361,,-1.3875847031638724
2026-08-06,CBRS,09:43,0.4946257015124189,0.4946257015124189,0.4946257015124189,0.4946257015124189,-0.047303689687794304,-2.0398701900788074,-1.159235901327016
2026-08-06,TSLA,09:43,0.2698716540621815,0.2698716540621815,0.4053544494720951,0.17399482718079007,,,0.31401856946586076
2026-08-06,DELL,09:44,0.6810077073507559,0.6810077073507559,0.6810077073507559,0.6810077073507559,0.6810077073507559,-1.9053596646567028,-2.3208245102388543
2026-08-06,CF,09:46,5.150272608480155,4.989427273136271,4.989427273136271,4.406961657196562,4.406961657196562,3.439716312056751,1.6686261523093455
2026-08-06,ZETA,09:46,-3.4017130934849593,-3.3786332458849877,-3.3786332458849877,-3.3786332458849877,-3.3786332458849877,-3.3396102836560693,-0.11770173696248702
2026-08-06,IOVA,09:47,5.28109028960817,5.28109028960817,5.28109028960817,5.28109028960817,5.28109028960817,5.28109028960817,-1.7806022178548355
2026-08-06,SPCX,09:47,4.983783289936494,4.983783289936494,4.983783289936494,4.983783289936494,4.983783289936494,3.392118049307169,4.545100371966819
2026-08-06,NET,09:53,-0.20000000000000018,-0.20000000000000018,-0.20000000000000018,-0.20000000000000018,-0.20000000000000018,,0.2071809322135613
2026-08-06,HOOD,09:54,-0.9825327510916915,-1.2627912040060973,-1.2627912040060973,-1.2627912040060973,-1.4665942422596334,,-0.9367508617573036
2026-08-06,PLTR,10:06,1.0101664226354057,0.9056799068443366,0.9056799068443366,0.4831540295046066,-0.9147503493838083,,0.04395892776706637
2026-08-06,PANW,10:19,2.0892471897354437,1.9517795637198576,1.9517795637198576,1.475691995146855,1.475691995146855,0.22852683796890094,1.876142863703234
2026-08-06,FCX,10:30,-1.28158714068497,-1.28158714068497,-1.4605292828604677,-1.9932366196114937,,,-1.2463958077794473
2026-08-06,NUE,11:15,-0.4209678600190503,-0.4209678600190503,-0.5374771480804452,-0.5374771480804452,,,-0.47377575056121907
2026-08-06,DDS,11:18,0.012946240735334236,0.012946240735334236,-0.04528546013261581,0.05180508337379042,,,-0.20076989347863247
2026-08-06,ASML,12:36,-0.576146093146046,-0.576146093146046,-0.752466482626879,-0.8313038114275972,-0.8313038114275972,,-0.9983721642873015
2026-08-06,QCOM,12:48,0.4352591200876832,0.4352591200876832,0.31162468928227494,-0.14321295143212565,,,0.1578280673537454
2026-08-06,MRVL,12:58,-1.598429613011787,-1.598429613011787,-1.7430871543577253,-1.7430871543577253,-1.782003070536986,-1.5201833575003487,-1.4862941759963242
2026-08-06,ORCL,13:28,-0.626307115627478,-0.626307115627478,-0.6785293914006951,-0.3473428273706114,,,-0.9790109159238688
2026-08-06,LRCX,14:17,-0.7598882899266024,-0.7598882899266024,-0.8082053945275613,-1.314302321826455,-1.314302321826455,-1.314302321826455,-1.2324241949514352
2026-08-06,CRCL,15:52,-0.5735386549340027,-0.5735386549340027,-0.9314246616951016,-0.9314246616951016,,,-2.4827512707839894
2026-08-07,ANF,09:40,2.362991911296919,2.362991911296919,2.251475261007707,2.251475261007707,2.251475261007707,2.251475261007707,1.0665125813469938
2026-08-07,ILMN,09:40,-2.0346888296033483,-2.0346888296033483,-2.0346888296033483,-2.0346888296033483,,,-1.544059585074405
2026-08-07,OSCR,09:40,7.018216682646217,7.018216682646217,7.741312741312756,7.741312741312756,8.369352890690852,8.369352890690852,3.513907752499416
2026-08-07,AAOI,09:42,-3.1475785106230836,-3.1475785106230836,-3.1475785106230836,-3.1475785106230836,-3.1475785106230836,-3.1475785106230836,-3.555170479621646
2026-08-07,BBY,09:43,2.104345660565299,2.104345660565299,2.104345660565299,2.104345660565299,1.5731450514059109,,0.7125664956462829
2026-08-07,TGTX,10:01,-0.020084354288008033,-0.020084354288008033,-0.020084354288008033,0.12067578439260984,,,-0.31013929490272635
2026-08-07,CF,10:02,0.828254139065554,0.828254139065554,0.598433512276686,0.8780832193443056,-0.32263690268573564,,-0.519067767163565
2026-08-07,HPE,10:06,2.939669192939842,2.939669192939842,2.444187836797518,2.444187836797518,2.444187836797518,4.352087825916495,1.571155024168151
2026-08-07,TXG,10:06,13.718647764449287,13.718647764449287,12.516184721622793,12.516184721622793,12.516184721622793,12.516184721622793,1.986390871704805
2026-08-07,FTI,10:08,1.9553277187843277,1.9553277187843277,1.4428759004312175,1.4428759004312175,1.4428759004312175,,0.6529121220571662
2026-08-07,PARR,10:17,1.0060975609756273,1.0060975609756273,0.6379100850546715,0.6379100850546715,0.6379100850546715,0.20415879017015026,-0.5689052853416513
2026-08-07,ADM,10:19,0.4920291281243827,0.4920291281243827,0.28807123215921493,0.28807123215921493,,,-0.8017475493619012
2026-08-07,NUE,10:45,1.1710558060983978,1.180444708415318,1.180444708415318,0.32020610967979923,,,0.6585063639797717
2026-08-07,DELL,10:50,7.01179245283019,6.890784018092733,6.890784018092733,6.890784018092733,6.511889950468319,,2.919437964177773
2026-08-07,DDS,10:54,1.0792139752425323,1.0792139752425323,0.8675000824619916,0.29846830004265357,0.29846830004265357,,0.14034014841603307
2026-08-07,IREN,11:07,7.089067774604008,7.089067774604008,6.673564407656518,6.673564407656518,5.4461774482229774,,5.311667055615529
2026-08-07,TIGO,11:14,-1.8126430264167381,-1.803135843794268,-1.803135843794268,-1.803135843794268,-1.803135843794268,,-0.9215545694451747
2026-08-07,DRAM,11:22,1.5675241157556252,1.5675241157556252,1.333333333333342,1.333333333333342,0.6572395937064268,-0.07908264136021748,1.7480862989401806
2026-08-07,MRVL,11:22,2.4446213646794446,2.4446213646794446,2.367916140203108,1.6212951779243756,0.1373311970702673,,0.8501467896236662
2026-08-07,SNDK,11:24,-0.5931348052267249,-0.5931348052267249,-0.8273501127227467,-1.4477414953278478,-1.8205290029209231,-1.8205290029209231,-1.4283677969246675
2026-08-07,NTRA,11:30,2.3080136406449236,2.3080136406449236,2.236401441201208,2.019418090818381,2.042044896471973,,1.9694264418684455
2026-08-07,TSM,11:49,0.6398427951784136,0.6398427951784136,0.5579101118214691,0.36805124038046255,,,0.4771030461635517
2026-08-07,ANET,11:55,-1.478076933120942,-1.478076933120942,-1.5911521506638548,-1.9058762350494085,-1.3570046540814729,,-1.3542251599741537
2026-08-07,BMNR,12:09,1.346982758620685,1.346982758620685,1.3000441605721447,0.9661835748792313,0.50761421319796,,1.2133489783607103
2026-08-07,UNH,12:43,-0.1324828263002953,-0.1324828263002953,-0.1079754601227001,-0.2597275311183034,,,-0.3524873967258128
2026-08-07,CRWD,12:45,0.7519503712754894,0.7519503712754894,0.6927972569925611,0.7424812030075056,,,1.364398603532672
2026-08-07,ASML,15:00,0.33770155481023245,0.33770155481023245,0.22766979532744536,0.33481049495478477,,,0.5830791272399974
2026-08-10,AAPL,09:41,0.933202357563867,0.956342318147585,0.956342318147585,0.5479988257168111,,,0.582546312740965
2026-08-10,TGTX,09:44,0.377743746809589,0.377743746809589,0.26514378951660866,-0.4656813120064829,-0.4656813120064829,,-0.26209767957603436
2026-08-10,AMD,09:54,-1.444164567590256,-1.444164567590256,-1.1278525610585843,-1.4234726013017118,-1.5371710181398823,,-1.5249398472629256
2026-08-10,ANET,09:56,0.7259719080435545,0.7259719080435545,0.10979818048730827,0.10979818048730827,0.10979818048730827,,0.1382028519105812
2026-08-10,NET,09:57,5.097654266662155,4.7342767030409405,4.7342767030409405,4.280193278899902,4.280193278899902,4.280193278899902,2.2420676219285784
2026-08-10,ALAB,10:00,-3.899645486773917,-4.211654913094032,-4.211654913094032,-4.57048292462765,-4.57048292462765,,-2.9492819906942818
2026-08-10,SMTC,10:10,-3.789225350127212,-3.7858052247119023,-3.7858052247119023,-3.750330225825116,-3.750330225825116,,-2.788159448728074
2026-08-10,LITE,10:12,-4.687772442707838,-4.687772442707838,-4.684733316637068,-4.656320770253341,-4.656320770253341,,-3.546745272528026
2026-08-10,NTRA,11:58,1.0105817587612753,1.0105817587612753,0.3522652943818816,0.3522652943818816,0.3522652943818816,,-0.5149083863156193
2026-08-10,WPM,13:10,1.1028993746446725,1.1028993746446725,0.984251968503913,-0.7441583568983501,,,2.092477745895168
2026-08-11,AAOI,09:40,0.2687369363989056,0.2687369363989056,0.2687369363989056,0.2687369363989056,0.2687369363989056,0.2687369363989056,2.342406136851897
2026-08-11,AXTI,09:40,0.20372130924894982,0.20372130924894982,0.20372130924894982,0.20372130924894982,0.20372130924894982,0.20372130924894982,0.4646271759313129
2026-08-11,LITE,09:40,1.0098646535055877,1.0098646535055877,1.4107668339969015,1.7583365125447115,1.7583365125447115,-0.22626360926949474,1.6780906011396368
2026-08-11,HALO,09:41,0.2833968533177078,0.2833968533177078,-0.06816632583502846,-0.06816632583502846,-1.6638863356605804,,-1.0228363953313908
2026-08-11,GH,09:43,0.4398045989255861,0.4398045989255861,-0.003030211205723443,-0.003030211205723443,-0.003030211205723443,-0.6876626991889512,-0.4513950373771854
2026-08-11,NET,09:51,2.2151160854068985,1.9502309046812272,1.9502309046812272,1.9502309046812272,1.9502309046812272,-1.7607888333973643,-0.9565072186436097
2026-08-11,PANW,09:52,1.0156023890335986,1.0156023890335986,0.6316837911511941,0.3738562091503361,0.05399731264339458,,-0.5419422944874482
2026-08-11,INTC,09:58,1.0340192327577213,1.0340192327577213,1.1072019867549576,0.908809253330567,-0.14460687879083167,,0.23002005047212024
2026-08-11,SPCX,10:07,-3.876465422835851,-3.875560411453083,-3.875560411453083,-3.863929758776341,-3.842833833035042,-3.854196938225274,-0.21758002201717566
2026-08-11,AMD,10:20,1.4715947980834976,1.4715947980834976,1.3718534980127206,1.4976465554129126,,,1.27825850468876
2026-08-11,ANF,10:29,0.40167477958947817,0.40167477958947817,-0.22832980972515848,-0.22832980972515848,-0.06776215483652592,,0.21848507124676933
2026-08-11,CRWD,10:37,-0.22928561794722802,-0.22928561794722802,-0.2517080186983156,-0.4262574595055524,,,0.2365963205631242
2026-08-11,MSFT,11:07,0.19590683983372603,0.19590683983372603,0.16502798516735417,0.16502798516735417,,,0.2555871028184405
2026-08-11,OKTA,12:02,0.290203142199541,0.21999999999999797,0.21999999999999797,0.5282867460211449,0.5282867460211449,,-0.11067729967291957
2026-08-11,COHR,12:06,1.1122563573988886,1.1122563573988886,0.8191189102957575,0.7480302890953139,,,0.3653629962716824
2026-08-11,OSCR,12:43,0.938289426199912,0.938289426199912,0.938289426199912,-0.26742734890355946,-0.26742734890355946,,1.1697350677143763
2026-08-11,HPE,14:31,0.6103596478082451,0.6103596478082451,0.5082709546252673,-0.018385732671444277,-0.018385732671444277,,0.07499274466528094
2026-08-12,HALO,09:41,0.019650225977585478,-0.10793837699931697,0.3252192766334927,0.02947823523631321,,,-0.4641586521725749
2026-08-12,TXG,09:42,-0.8008080225092029,-0.8008080225092029,-0.8008080225092029,-0.8008080225092029,-0.8008080225092029,-0.8008080225092029,0.9771870855737866
2026-08-12,CF,09:48,4.856319329199055,4.856319329199055,4.860898807704062,4.047495233142651,4.047495233142651,4.047495233142651,3.501633494626251
2026-08-12,CRCL,09:48,1.6673792218897088,1.6673792218897088,1.0338478968984655,1.0338478968984655,1.0338478968984655,,1.642240243497084
2026-08-12,WPM,09:51,-0.7863945718391552,-0.9185773074661951,-0.9185773074661951,-1.2089683470105306,,,-0.5326586802618253
2026-08-12,CHEF,09:53,2.4912345451190365,2.4912345451190365,1.9456681350954463,1.9456681350954463,1.9456681350954463,,1.4649451044036255
2026-08-12,ALAB,09:58,-0.6451009723260959,-1.411673753382292,-1.411673753382292,-1.411673753382292,-1.411673753382292,-3.088427516186898,-3.3891038025160434
2026-08-12,CRWD,09:58,0.28483588027850004,0.28483588027850004,-0.08108473354655477,-0.2338865650159727,-0.6539167823711223,0.37105751391466324,0.317723324347378
2026-08-12,AAPL,10:00,-0.28375346443182403,-0.28375346443182403,-0.3166435780724286,-0.554187799971162,,,0.08176994566052957
2026-08-12,NUE,10:00,0.47319778188539274,0.47319778188539274,0.1966106868765527,0.34336348532395533,,,0.3128789257415961
2026-08-12,HNGE,10:05,-1.6400911161731146,-1.6400911161731146,-2.3573972525298137,-2.3573972525298137,-2.3573972525298137,-2.9766808235625164,-0.885051215401896
2026-08-12,CDW,10:16,2.3052330472825178,2.3052330472825178,2.3052330472825178,2.1886905206543794,,,1.05321373316134
2026-08-12,LITE,10:21,7.813096656985152,7.813096656985152,7.533744597113468,7.533744597113468,7.533744597113468,6.624934196974208,0.6490149115122171
2026-08-12,NOW,10:32,1.7095408661673694,1.655750376306897,1.655750376306897,1.0596133624524828,0.6403802005719106,,0.5907204114580086
2026-08-12,PTEN,10:32,0.8241758241758212,0.5479452054794498,0.5479452054794498,0.5479452054794498,,,0.4409351586501131
2026-08-12,AAOI,10:45,4.888888888888898,4.888888888888898,4.654335961188605,4.654335961188605,4.0470269048157315,2.815089972512652,1.4712298265009895
2026-08-12,ORCL,11:47,2.2787175124278525,2.2787175124278525,2.16963839360107,1.9352264414444376,1.362186640532581,,2.2584887147619823
2026-08-12,CRM,12:18,0.046579029086024626,0.046579029086024626,-0.043951498229022334,0.6246421321117968,,,0.44025123136048155
2026-08-12,ZETA,15:00,-0.557880055788007,-0.557880055788007,-0.7827448251869984,-0.7827448251869984,,,0.3414000814986329
2026-08-13,COHR,09:42,-4.707888178035868,-4.707888178035868,-4.707888178035868,-4.707888178035868,-4.707888178035868,-4.707888178035868,-2.303818103989941
2026-08-13,SMTC,10:05,-3.6177648348192037,-3.6177648348192037,-3.6177648348192037,-3.6177648348192037,-3.5698251102692757,-3.5698251102692757,-3.604864168896197
2026-08-13,NTRA,10:12,-1.1938068290201498,-1.1938068290201498,-1.1938068290201498,-1.1938068290201498,-1.1938068290201498,,-0.04389657276481218
2026-08-13,TXG,13:33,-0.29999142881632634,-0.29999142881632634,-0.29999142881632634,-0.34270047978067764,-0.6236651003844518,,-0.5229407316901394
2026-08-14,HTFL,09:40,8.085215605749486,8.085215605749486,8.085215605749486,8.085215605749486,8.085215605749486,8.085215605749486,-2.016611069234179
2026-08-14,NTRA,09:40,0.19043930150737243,0.19043930150737243,0.08706026505014286,-0.0032215456976403267,-0.0032215456976403267,,0.24683571250549985
2026-08-14,TGTX,09:42,2.704409133957686,2.704409133957686,1.81514708950552,1.81514708950552,1.81514708950552,,0.6438675708727063
2026-08-14,RVMD,09:43,1.727840199750319,1.4769981817728928,1.4769981817728928,1.4769981817728928,1.4769981817728928,,0.9438447331722314
2026-08-14,TSM,09:51,-0.14405003103517,-0.14405003103517,-0.11873668663729964,-0.2713577243379839,,,-0.060221332366013534
2026-08-14,DK,09:56,-2.637849267618464,-2.627895855910234,-2.627895855910234,-2.614355983253547,-2.614355983253547,,-2.1519148571623106
2026-08-14,WDC,09:56,-4.1960037018734075,-4.1960037018734075,-4.1960037018734075,1.1677398232020186,2.701212089837224,3.3151634278303588,2.639582288087324
2026-08-14,HPE,10:06,-1.2117132278694043,-1.2117132278694043,-1.3611157788606887,-1.7242620530086183,-1.7242620530086183,,-1.0144859167828184
2026-08-14,TXG,10:19,-1.3457647990148702,-1.3457647990148702,-1.527655838454789,-1.7002629272567904,-2.2284520783427575,,-0.7855152234256998
2026-08-14,COHR,10:20,-3.059691502179107,-3.059691502179107,-3.059691502179107,-3.059691502179107,-3.059691502179107,-3.059691502179107,-0.9031692617424129
2026-08-14,NOW,10:30,0.18983762824138495,0.18983762824138495,-0.2091966045781768,-0.2091966045781768,0.3763353836192973,,-0.46430662520461724
2026-08-14,TIGO,10:30,0.5569240655456831,0.5569240655456831,0.4815924657534332,-0.06386375731772809,0.6054111974283405,,0.2815991585648048
2026-08-14,IOVA,10:46,8.294573643410864,7.959814528593512,7.959814528593512,7.710100231303008,7.214121258633921,2.49449743213499,6.403431327391503
2026-08-17,INTC,09:49,0.901955048510561,0.901955048510561,0.8921171939745509,0.5783155950818797,-1.2783819881701852,,-0.1332818007353002
2026-08-17,QCOM,09:51,-0.8377667706231273,-0.8377667706231273,-1.2002680801803445,-1.2002680801803445,-1.2002680801803445,,0.028897791890469815
2026-08-17,CRWD,09:55,-0.11907263430692705,-0.11907263430692705,-0.9630521344568876,-0.9630521344568876,-0.9630521344568876,-0.7562752285064755,-0.2933627527157941
2026-08-17,OSCR,09:58,0.7662064317903949,0.7662064317903949,0.7826225842517243,0.22236340533672294,-1.097178683385569,,-0.2760411576370525
2026-08-17,HPE,09:59,-0.1559521746664405,-0.1559521746664405,-0.3803596127247677,-0.3803596127247677,,,-0.38944370967896785
2026-08-17,UNH,10:01,-1.3061345921885237,-1.3061345921885237,-0.23455233291298505,0.16727887459755397,,,0.4482196104692952
2026-08-17,UBER,10:13,-1.64167810625363,-1.64167810625363,-1.6428645236485906,,,,-1.3968404193796378
2026-08-17,ZETA,10:21,0.6457242582897038,0.6457242582897038,0.40041782729804964,0.40041782729804964,-0.22491349480967537,,0.5536882149877576
2026-08-17,TEAM,11:02,0.4246149946131039,0.4246149946131039,0.08210699172614966,0.08210699172614966,,,0.020399159450664357
2026-08-17,ORCL,11:20,-0.3533088734882561,-0.3533088734882561,-0.5425200054252066,-1.3917837692462798,,,-0.2586521270927548
2026-08-17,CRM,15:43,-0.20896458050359001,-0.20896458050359001,-0.30271398747389044,,,,0.12773476459075894
2026-08-18,AAOI,09:40,-6.259002301839766,-6.259002301839766,-6.259002301839766,-6.259002301839766,-6.259002301839766,-6.259002301839766,-3.524291924283903
2026-08-18,ANET,09:40,-2.5186675529319302,-2.5186675529319302,-2.5157793122491556,-2.5157793122491556,-2.5187957881314116,,0.8222628737905394
2026-08-18,AXTI,09:40,-7.968471813514599,-7.867170909226962,-7.867170909226962,-7.867170909226962,-7.867170909226962,-7.867170909226962,-4.5140917412832655
2026-08-18,DRAM,09:40,-3.032163586578951,-3.032163586578951,-3.032163586578951,-3.014772896275031,-3.014772896275031,,-0.3064505320689692
2026-08-18,MRVL,09:40,-3.417903635985098,-3.417903635985098,-3.4179806418122016,-3.4179806418122016,-3.403029851656225,-3.467748715068908,0.8554275085047728
2026-08-18,SNDK,09:40,-4.039771821354554,-4.039771821354554,-4.039771821354554,-4.039771821354554,-5.493706386556918,-5.493706386556918,-0.21545874096075743
2026-08-18,WPM,09:40,-0.8967269466447436,-0.8967269466447436,-1.567241357112814,-1.567241357112814,-1.567241357112814,-1.567241357112814,-0.6365643824467767
2026-08-18,NVDA,09:41,-0.5002150245580594,-0.5002150245580594,-0.5933194911716511,,,,0.030707506683543457
2026-08-18,GOOGL,09:44,0.5465279401449363,0.5465279401449363,0.5465279401449363,0.5112773168166385,,,0.13124257038655088
2026-08-18,SPCX,09:44,1.193165772380711,1.193165772380711,1.1681665784365691,1.2074565739302434,1.415199473006079,,-0.0009321129468905139
2026-08-18,CNH,09:53,-1.5537430189531132,-1.5537430189531132,-1.6184404119666596,-1.6666666666666607,-2.0263872905064373,,-1.3278319183341214
2026-08-18,MSFT,09:54,0.3644466658336398,0.3644466658336398,0.05917221189881694,0.05917221189881694,,,0.05094400185150505
2026-08-18,CRCL,10:00,-0.5133897599555848,-0.5133897599555848,-0.6099251455503163,-1.062508624258307,-0.8161571448333182,-0.8161571448333182,-0.10130595639724997
2026-08-18,DE,10:01,-0.9908151936210974,-0.9908151936210974,-0.9953951933387883,-1.0565600020172927,,,-1.098115712529139
2026-08-18,ORCL,10:02,-0.7789136935809182,-0.7789136935809182,-1.5287987024191652,-1.5287987024191652,-1.5287987024191652,,-0.8124083349207148
2026-08-18,PANW,10:02,0.4133340490632964,0.4133340490632964,0.20355688879365452,0.7445705591684559,,,0.22949583961824338
2026-08-18,PARR,10:02,-0.3898997400668569,-0.0434728605142376,-0.0434728605142376,-0.0434728605142376,-0.0434728605142376,-0.9538461538461607,-0.12407386227544596
2026-08-18,DELL,10:03,-3.48286565842324,-3.48286565842324,-3.4702613200198296,-3.4702613200198296,-3.4702613200198296,,0.7849543010265414
2026-08-18,WT,10:16,0.7488986784141005,0.7488986784141005,0.6602112676056482,0.3950834064969211,0.0,,0.17790998348613898
2026-08-18,DK,10:25,1.8756346693745929,1.8756346693745929,1.6237151795024607,1.6237151795024607,0.7978723404255206,,1.2387963722684099
2026-08-18,CHRD,10:30,0.4884175272118485,0.4884175272118485,0.4779014197509257,-0.5867329329743876,,,-0.1120705107764075
2026-08-18,ZETA,11:26,-1.6376306620209058,-1.6376306620209058,-1.6376306620209058,-1.6376306620209058,,,-1.9002995829764096
2026-08-18,FLR,11:43,0.07492039707810427,0.07492039707810427,0.07492039707810427,-0.41006523765144687,,,-0.056139248924906106
2026-08-18,GH,11:52,-0.4104988182609737,-0.4104988182609737,-0.6514860085623742,-0.9464893287967846,,,-0.5193930999026986
2026-08-19,UNH,09:51,-1.208504245516473,-1.208504245516473,-1.2080135353613186,-1.2107296862063577,,,-1.0101491406693734
2026-08-19,NUE,09:52,-1.5057028900998692,-1.5057028900998692,-1.5046551983850853,-1.505532895042283,-1.526560152356904,1.6105955933450433,-1.5577598941791635
2026-08-19,FCX,10:07,1.6328331862312417,1.6328331862312417,1.4611939202584745,1.4611939202584745,1.6104125303331163,,0.8434757363907234
2026-08-19,PARR,10:16,-2.329703722461385,-2.5764081838848263,-2.5764081838848263,-3.1113604410121343,-3.0895536594480966,,-2.646125232237321
2026-08-19,DK,10:28,-0.11297732921594639,-0.11297732921594639,-0.28571428571427804,-0.9855159026429638,-0.9855159026429638,,-0.6999406541163711
2026-08-19,TER,10:37,-1.493195646251444,-1.493195646251444,-1.9460478570229367,-1.9460478570229367,-1.9460478570229367,,-0.7820401663894824
2026-08-19,QBTS,10:38,0.4416731618602121,0.4416731618602121,0.12950012950012635,-0.18073844564936437,-0.514668039114774,,0.4550057291781151
2026-08-19,MRVL,10:39,1.2628525107726496,1.2628525107726496,0.55925094267677,0.55925094267677,0.55925094267677,3.0075514278274484,1.4219802550087035
2026-08-19,PLTR,10:48,1.324465008675535,1.324465008675535,1.1080971893576486,0.9172356546198523,0.5423398088897802,,0.8776660162593597
2026-08-19,NUE,11:07,-1.507073924121527,-1.507073924121527,-1.502479534555079,-1.502479534555079,-1.5236558465940075,1.6105955933450433,-1.5058545365885099
2026-08-19,CLMT,11:36,-2.5298565254995853,-2.5298565254995853,-2.5263670682230344,0.030509508796905394,0.030509508796905394,,-1.1864642479720449
2026-08-19,NTRA,12:15,2.3842873105553775,1.9686520376175354,1.9686520376175354,1.9686520376175354,1.9686520376175354,,0.9495412645797785
2026-08-19,QCOM,12:18,-0.1726583215144628,-0.1726583215144628,-0.24647236428615438,-0.39377345720791324,,,-0.1185093009772505
2026-08-19,ALAB,12:19,1.282633767867769,1.282633767867769,1.282633767867769,1.1871508379888374,1.381843624278467,,1.2987336993558325
2026-08-20,CRCL,09:40,4.314214463840393,4.314214463840393,4.314214463840393,4.314214463840393,4.314214463840393,3.3732855554182484,0.9523572201368161
2026-08-20,HALO,09:46,0.40681173131502657,0.40681173131502657,0.10375400867761453,0.10375400867761453,0.10375400867761453,,-0.3928690161972022
2026-08-20,FTNT,09:48,-0.442361019411075,-0.442361019411075,-0.48506847054942126,-1.1115847460406059,-1.1115847460406059,,-1.1675563826407627
2026-08-20,OKTA,09:49,-2.219850845242677,-2.219850845242677,-2.2211482923120363,-2.1992163810055754,-2.1992163810055754,,-0.025983768845997773
2026-08-20,IBIT,09:51,1.5538290788013276,1.5538290788013276,1.362828459875809,0.5003661215523536,0.24345709068775978,0.24345709068775978,1.1156086325459909
2026-08-20,FCX,09:53,4.128607964925113,3.825136612021862,3.825136612021862,3.825136612021862,3.757099169943201,,3.1951622065180025
2026-08-20,ZETA,09:54,-1.4682469485229,-1.4682469485229,-2.976875992354644,-2.976875992354644,,,0.12643076158152708
2026-08-20,WPM,09:59,2.1353281196871743,2.1353281196871743,2.1353281196871743,1.4934450601432614,,,0.8036329173985927
2026-08-20,WDC,10:05,1.2516724934179324,1.2516724934179324,1.1033056070335778,0.6251809593257107,0.2949978623343341,,-0.47461902096652686
2026-08-20,NUE,10:09,-0.20952183383465828,-0.20952183383465828,-0.3892984345233108,-0.3892984345233108,-1.2339595524073488,-1.2339595524073488,-1.154196863665491
2026-08-20,NBIS,10:11,1.3955416359616724,1.0048178586978596,1.0048178586978596,1.0048178586978596,0.9052366219777674,0.9052366219777674,1.4975365719383478
2026-08-20,RVMD,10:11,0.2556818181818299,0.2556818181818299,0.030707452462497287,0.030707452462497287,1.1754587155963447,,1.0749899649605525
2026-08-20,BMNR,10:16,1.2676056338028152,1.2438394743018,1.2438394743018,1.0777881911902654,1.0777881911902654,0.8415147265077083,0.9156187558203466
2026-08-20,ANET,10:17,-1.1032181681196795,-1.1032181681196795,-1.1723581607959055,-1.4109442060085797,-1.4109442060085797,,-1.2103785911354155
2026-08-20,QCOM,10:20,-1.079634585217304,-1.079634585217304,-1.3859928860542103,-1.3859928860542103,,,-1.598253394561037
2026-08-20,BE,10:23,0.7719892419563834,0.7719892419563834,0.07666625448250475,0.07666625448250475,0.07666625448250475,,1.2038613487769985
2026-08-20,INTC,10:23,2.145113907211349,2.145113907211349,1.4869479017512788,1.4869479017512788,1.0527516420798078,,0.9607899227902653
2026-08-20,BBY,10:31,-1.5207105336456195,-1.5207105336456195,-1.521233473994188,-1.5175804262007153,,,-0.8868565044655904
2026-08-20,CBRS,12:56,1.4754970731943207,1.4754970731943207,1.3835353254630922,0.9577898637916915,0.8655510675129818,,0.7337716212461709
2026-08-21,IBIT,09:59,-0.28561636010511204,-0.17156582408784926,-0.17156582408784926,0.10322284665673642,,,-0.5580153855896497
2026-08-21,ILMN,10:01,4.339658534265478,4.339658534265478,4.257846841067314,4.102016607354697,0.9861796757229646,,1.3145804811723745
2026-08-21,CDW,10:04,2.709049396878993,2.709049396878993,2.2879713817260283,2.2879713817260283,2.033230494740379,,0.1434109187148147
2026-08-21,TXG,10:09,4.243394715772597,4.243394715772597,3.1847800071959753,3.1847800071959753,3.1847800071959753,,2.754514515018092
2026-08-21,UBER,10:15,0.11435105774728616,0.11435105774728616,-0.006345177664968116,-1.7684955055845109,,,-0.5366667703316322
2026-08-21,OKTA,10:19,1.7649493847138098,1.7649493847138098,1.7572906867356686,1.7572906867356686,1.288486028916025,,0.06721973607484166
2026-08-21,CRWD,10:25,1.324957770270263,1.324957770270263,1.244791391951039,1.3463569165786504,,,0.8449420769400362
2026-08-21,FTNT,10:26,2.183028286189681,2.183028286189681,2.17282800385985,1.9962106012813674,,,1.000411182937322
2026-08-21,ANF,10:32,2.0982281192337915,2.0982281192337915,1.8871449925261574,1.0189894581228653,,,1.263506903816906
2026-08-21,NFLX,10:36,-0.14423679919730592,-0.14423679919730592,-0.2068187515668174,,,,-0.8838504638176629
2026-08-21,TEAM,10:54,0.7102189352585553,0.6806712827133188,0.6806712827133188,-0.11642798928861442,-0.17744422142710325,,0.42243162919629224
2026-08-24,CHRD,09:40,-1.7470845874076657,-1.7470845874076657,-1.7420352099874026,-1.7420352099874026,-1.7417983112031576,,0.31458230014054234
2026-08-24,CLMT,09:40,-2.495603079354025,-2.495603079354025,-2.5051756808402437,-2.5377992666860916,-2.5376820034975323,-2.5376820034975323,-0.6739273344821236
2026-08-24,ILMN,09:40,4.127798507462677,4.127798507462677,4.127798507462677,4.127798507462677,3.2799777942265074,,2.0540346766267925
2026-08-24,TGTX,09:40,7.030951471150182,7.030951471150182,7.030951471150182,6.939009258375495,6.168861934994796,,3.129033303897259
2026-08-24,TXG,09:40,2.7218553712353044,2.7218553712353044,1.9338341058015018,1.9338341058015018,1.9338341058015018,1.9338341058015018,2.0345466137024224
2026-08-24,BE,09:46,9.12010276172126,9.12010276172126,9.12010276172126,8.01017164653528,8.01017164653528,8.01017164653528,0.24841795339798725
2026-08-24,IOVA,09:46,1.0037641154328814,1.0037641154328814,1.0037641154328814,1.0037641154328814,0.32027715813218727,,-0.9942120511112096
2026-08-24,PLTR,09:47,1.879633920296575,1.879633920296575,1.4038627846641782,1.4038627846641782,1.4038627846641782,,-0.789797300241942
2026-08-24,NFLX,09:50,0.5277044854881341,0.4519774011299438,0.4519774011299438,-0.24934546814610048,,,-0.48582073420494104
2026-08-24,MRVL,09:55,2.9304568582601,2.9304568582601,2.714324106423005,2.714324106423005,2.714324106423005,0.0,0.7269521155753597
2026-08-24,OKTA,09:55,-0.0381621126545606,-0.546738552661552,-0.546738552661552,-1.0987351330942086,-0.3159414575929831,-0.3159414575929831,0.43360306378462293
2026-08-24,ORCL,09:57,0.3946997462644486,0.3946997462644486,0.11949110845574928,0.11949110845574928,0.11949110845574928,,-0.3929999330973488
2026-08-24,GH,09:59,-0.70598259387743,-0.70598259387743,-0.70598259387743,-0.7361888537357086,-1.5448675396777523,,-1.5245529556145
2026-08-24,IBIT,10:00,0.7453149695190842,0.7453149695190842,0.7566896240261967,0.7566896240261967,-1.0436550720504423,,-0.3088211525007674
2026-08-24,TIGO,10:03,-0.24678111587983498,-0.2521323963306732,-0.2521323963306732,-0.3002680965147442,,,-0.16635175971163227
2026-08-24,CRCL,10:09,-1.7160161507402405,-1.7160161507402405,-1.914036265950314,-1.914036265950314,-1.914036265950314,-2.2859054415700353,-1.8301560019726975
2026-08-24,COHR,10:10,2.848290279229504,2.848290279229504,2.848290279229504,2.848290279229504,2.848290279229504,0.01452063745597254,-0.37104061861120696
2026-08-24,TSLA,10:31,-1.5489659453206572,-1.5489659453206572,-1.7618432762661729,-1.7510287810926894,,,-1.5229247337991285
2026-08-24,TER,10:32,3.5632216516780613,3.5632216516780613,3.2074751558502257,3.2074751558502257,1.9422220360518772,,2.5746552722443563
2026-08-24,SMTC,10:34,3.9549479838362878,3.9549479838362878,3.8567256485140033,3.4745400085579803,1.7418377650622707,,3.1465580424084205
2026-08-24,DRAM,10:36,0.9389234916798328,0.602242194014635,0.602242194014635,0.602242194014635,0.602242194014635,,0.24631008674575275
2026-08-24,WDC,10:38,1.5416190498402482,1.1476628566118308,1.1476628566118308,1.1476628566118308,1.1970576661454846,0.004593899301719162,0.2046602977028041
2026-08-24,NBIS,10:46,3.074141048824597,2.856724825341095,2.856724825341095,2.860487233886899,2.5603618061127875,-0.4860095314490609,1.5863333818497398
2026-08-24,NTRA,11:01,0.4537709352780972,0.4537709352780972,0.06421934221785275,0.06421934221785275,0.06421934221785275,,0.08969613671955257
2026-08-24,RVMD,11:02,2.212560386473439,2.212560386473439,2.198637673515025,1.5502759779217667,,,1.4465516533618272
2026-08-24,GLW,11:15,1.1111882769636816,1.1111882769636816,1.1041666666666616,1.0795987086472003,,,0.5028141676035084
2026-08-24,AMD,11:23,0.07012008063809194,0.07012008063809194,-0.006568719756516739,-1.0186830811912073,,,-0.030535597587592427
2026-08-24,QCOM,11:40,0.80752845425065,0.80752845425065,0.6699050703241394,0.19591733552424273,,,0.6557472456049577
2026-08-24,HOOD,12:02,-2.73126050223792,-2.73126050223792,-2.716889190118832,-2.716889190118832,-2.716889190118832,,-2.7118625282594344
2026-08-24,INTC,13:58,0.42009552857225074,0.42009552857225074,0.34502587694076325,-0.17733539271208576,-0.17733539271208576,,-0.11783517592311259
2026-08-25,CRM,09:40,-0.47414001644975334,-0.47414001644975334,-0.6423879443585689,-0.6423879443585689,,,-0.40725056207613725
2026-08-25,ZETA,09:40,-0.7653969384122439,-0.7653969384122439,-1.1524822695035408,-1.2225372076541396,0.19769949676491372,,-0.45599763372925484
2026-08-25,PTEN,09:41,-0.08673026886383273,-0.2165439584235651,-0.08673026886383273,-0.08673026886383273,-0.08673026886383273,,-0.12968912744543148
2026-08-25,DINO,09:50,-0.8980763099160405,-0.8980763099160405,-1.0453146556298365,-1.0453146556298365,-2.0949683278063014,,-1.5114795536545635
2026-08-25,DK,09:50,-1.024290313140186,-1.3418903150525074,-1.3418903150525074,-1.7146178436500903,-1.2698876076485233,,-0.746062444550255
2026-08-25,MSFT,09:52,0.6883271192690721,0.6759524784924142,0.6759524784924142,0.7833005249343827,,,0.523592930696933
2026-08-25,ANF,09:54,-2.1223336467465437,-2.1223336467465437,-2.1223336467465437,-2.1223336467465437,-2.1042865919272735,-2.147635299411821,-1.528510844343271
2026-08-25,OKTA,09:54,-0.46458492003047525,-0.46458492003047525,-0.6877160986359709,-0.5100487210718763,,,-0.41379192338634924
2026-08-25,QBTS,09:56,2.870050491629006,2.870050491629006,2.842720510095642,2.3261961406291443,3.3093141179610486,,1.4074670295158558
2026-08-25,ILMN,09:57,1.8837167179858616,2.1102791014295574,2.1102791014295574,2.1102791014295574,,,-0.4057298748443479
2026-08-25,CF,10:00,0.537294563843238,0.17320107069753732,0.17320107069753732,0.17320107069753732,0.5889560852207598,,-0.3630748044202603
2026-08-25,NUE,10:01,1.1483449121373113,1.1483449121373113,1.1752202260510547,0.6997843687700955,,,0.8332847579454997
2026-08-25,CRCL,10:04,5.628227194492252,5.628227194492252,5.628227194492252,5.628227194492252,3.923007450891869,3.923007450891869,1.066473220243025
2026-08-25,GH,10:17,-0.2901003263628743,-0.14223890082620816,-0.14223890082620816,-0.5785223574786169,-0.5785223574786169,,-0.49034511351405685
2026-08-25,UNH,10:23,-0.06425196850393666,-0.06425196850393666,-0.1133301432996725,,,,-0.01784841303001568
2026-08-25,DDS,10:34,-0.015696615809634995,-0.015696615809634995,-0.015696615809634995,0.04476240586150926,-0.08938908154482172,,-2.2431022621723513
2026-08-25,ADM,10:45,3.3420365535248076,3.3420365535248076,3.140065146579807,3.140065146579807,2.1287575796671288,,0.7780775905837108
2026-08-25,ADBE,10:51,0.7856485740570296,0.7856485740570296,0.6338183421516597,0.6338183421516597,,,0.6884646873230501
2026-08-25,CHRD,10:55,-1.2558759559390897,-1.2558759559390897,-1.3389414651244325,-1.4770738536926786,-1.4770738536926786,,-1.0963347604503904
2026-08-25,NOW,11:23,-0.14939455889291242,-0.14939455889291242,-0.1650943396226512,-0.4234297812279464,,,-0.25520644428028705
2026-08-26,AXTI,09:40,-0.9338698656138678,-0.9338698656138678,-0.9338698656138678,-2.416843415230996,-2.416843415230996,-2.416843415230996,0.4508968216977179
2026-08-26,CF,09:40,-0.26184241847179157,-0.26184241847179157,-0.4514136374435651,-1.8287872515945658,-1.800936761622196,-0.08743343136475845,-0.8435914964121327
2026-08-26,INTC,09:40,1.7171833583035756,1.7171833583035756,1.7101502719646167,1.3318025258323818,1.012875536480684,,1.5391350912047057
2026-08-26,PLTR,09:41,3.396644138895377,3.396644138895377,3.396644138895377,2.855102794248654,2.855102794248654,,0.933152873195627
2026-08-26,CBRS,09:44,0.7632034304061452,0.7632034304061452,0.7632034304061452,0.4271502190867249,0.4271502190867249,2.021276595744692,0.1590588764387224
2026-08-26,TGTX,09:46,0.41986126323474426,0.41986126323474426,0.14563990533404958,0.14563990533404958,0.14563990533404958,,-0.304395721456822
2026-08-26,IBIT,09:58,0.21418103934169874,0.21418103934169874,0.1577287066246047,0.7708002720471674,0.7708002720471674,,-0.11247511587893684
2026-08-26,DINO,10:01,4.283476475989856,3.873883568277181,3.873883568277181,3.1083101901303145,-0.3715553720714193,,-1.091128685551294
2026-08-26,DK,10:03,5.700084208329925,5.019991115059974,5.019991115059974,5.019991115059974,5.019991115059974,2.3967658099913303,-0.1803509868957128
2026-08-26,HOOD,10:16,-1.2559155442300685,-1.2559155442300685,-1.564980721251974,-1.564980721251974,,,-0.6953660359885983
2026-08-26,NOW,10:34,1.328823387291611,1.328823387291611,1.1577424023154759,1.1577424023154759,,,0.5832448750984875
2026-08-26,MSFT,10:48,0.4553641901600791,0.4553641901600791,0.3649745731010734,0.41370381234637765,,,0.31733394601630344
2026-08-26,RVMD,11:11,1.9784385736287158,1.9784385736287158,1.9784385736287158,1.9784385736287158,1.9784385736287158,1.9784385736287158,-0.6964578164854555
2026-08-26,ADBE,11:44,1.0796420912519533,1.0796420912519533,1.0161475076672977,1.1357330472420601,,,0.9247526064175634
2026-08-26,ZETA,12:19,1.092406876790819,1.092406876790819,0.9477825464949907,0.4805980776076968,,,0.31709363360472215
2026-08-26,CRM,13:21,1.237964236588729,1.237964236588729,1.2131034821472486,0.8071222423323476,,,1.201568496787564
2026-08-26,OKTA,13:39,4.372388175205089,4.372388175205089,4.186944766319045,4.186944766319045,-0.2809611829944547,-0.2809611829944547,3.615128117657052
2026-08-26,DDS,14:27,-0.5976252260753379,-0.5976252260753379,-0.8479029892306311,-0.7973255065685247,,,-0.39889813229796084
2026-08-26,NET,15:25,0.14064203087091887,-0.2801022373166262,-0.2801022373166262,-0.21372013173569515,,,-0.17648520061570583
2026-08-27,ANF,09:40,-0.4709897610921443,-0.4709897610921443,-0.4709897610921443,-0.4709897610921443,-1.3597618725476823,,-2.071631598825774
2026-08-27,BMNR,09:40,0.92592592592593,0.92592592592593,0.6720641408583639,0.37186374661541954,0.37186374661541954,-1.1957569913211286,-2.225448963021592
2026-08-27,OKTA,09:42,9.608928984648157,9.608928984648157,8.824825328885243,8.824825328885243,8.824825328885243,8.824825328885243,-0.0026597530033386128
2026-08-27,ANET,09:43,-0.9702043831568585,-1.141824707169281,-1.141824707169281,-1.141824707169281,-2.299458111233399,,-0.17159115925701926
2026-08-27,GOOGL,09:43,0.37423385195662906,0.37423385195662906,0.07638746070453006,,,,-0.10210376652227311
2026-08-27,MSFT,09:43,2.486653269187822,2.486653269187822,2.1879490760418507,1.88378452007385,,,1.1490392466206052
2026-08-27,AAPL,09:44,1.447990067239635,1.447990067239635,1.4758064516128933,,,,0.006078170637295137
2026-08-27,HALO,09:47,0.33859113056404766,0.33859113056404766,0.20618556701030855,0.0,,,0.010603197175806933
2026-08-27,CHEF,09:48,-0.14363946494299062,-0.14363946494299062,-0.8114856429463191,-0.8114856429463191,-0.8114856429463191,,-0.7247597941763328
2026-08-27,CF,09:50,1.3380622279542065,1.3380622279542065,1.1912427559562122,1.048908893622147,,,1.5163340655188204
2026-08-27,HOOD,10:15,-0.49864007252946596,-0.49864007252946596,-0.3812290097122695,-0.7326338639652707,,,-1.0138795299565146
2026-08-27,FCX,10:17,-0.3494726140551463,-0.3494726140551463,-0.3241388076776319,-0.545373834739038,,,-0.9115851340328515
2026-08-27,TGTX,10:18,2.172916475657849,2.172916475657849,1.939260885473848,1.753104455807164,,,1.6246157010353663
2026-08-27,UBER,10:36,0.5685531303097457,0.5685531303097457,0.42417123466456097,0.14316392269149159,,,0.24766978074379775
2026-08-27,CNH,10:45,-0.13117621337997987,-0.30554343081623525,-0.30554343081623525,-0.05338654484031702,,,-0.13081938882154587
2026-08-27,UNH,10:51,-0.49884107628741514,-0.49884107628741514,-0.572737686139746,-0.25886126299040635,,,-0.3026059538723776
2026-08-27,MRVL,12:48,-1.3280483818241207,-1.3280483818241207,-1.3280483818241207,-1.9274562913737858,,,-1.3198724742875534
2026-08-27,NFLX,13:40,-0.006262917266852686,-0.006262917266852686,-0.037565740045075735,-0.3743916136278558,,,0.048155666674602284
2026-08-27,WDC,15:26,2.178480592723653,2.058849518423611,2.058849518423611,1.861957204749154,1.4271814308345787,,1.91252458231909
2026-08-27,GLW,15:50,0.7118845165117627,0.7118845165117627,0.615718942412169,0.0,0.0,,0.6985055013373284
2026-08-28,ILMN,09:40,-2.2013351729857855,-2.2019741386956726,-2.2019741386956726,-2.2172718141499903,-2.2223683015540674,,-1.6514894847816948
2026-08-28,MRVL,09:40,-3.2862141731291428,-3.2862141731291428,-3.2421978440084986,-3.2421978440084986,-3.2421978440084986,-3.2421978440084986,-1.141300673785887
2026-08-28,HNGE,09:44,-2.8878739855800473,-2.8968971077188432,-2.8968971077188432,-2.867814952035752,-2.860519292888486,-2.860519292888486,-2.569552138451884
2026-08-28,OKTA,09:44,-2.4990016344780153,-2.4827559019039436,-2.4827559019039436,-2.4827559019039436,-2.4827559019039436,,-1.7640648101389174
2026-08-28,SKHY,09:44,0.5215001717515433,0.5215001717515433,0.5246393104740399,0.3397649699198757,0.3397649699198757,,-0.5383227365929185
2026-08-28,GLW,09:45,-1.0105039223507362,-1.0105039223507362,-1.0105039223507362,-1.0631229235880335,-1.0631229235880335,,-1.0485461593597016
2026-08-28,HTFL,09:45,-0.10455876202425385,-0.10455876202425385,-0.10455876202425385,-0.6860706860706833,-0.6860706860706833,-1.0544935593248317,-0.6923882736847705
2026-08-28,TXG,09:45,-3.524193169597123,-3.5001852762641783,-3.4819182242693536,-3.4819182242693536,-3.491164180191342,,-1.1166272602169403
2026-08-28,COHR,09:47,-1.6317755691830582,-1.5467644932009361,-1.5467644932009361,-1.5467644932009361,-2.3117442206394334,-2.688097064360917,-1.4653243235210445
2026-08-28,NTRA,09:47,-1.8147925045844393,-1.8117626193169145,-1.8083654632998658,-1.8100354862193857,-1.8139532534642622,,-1.1589228939429856
2026-08-28,BMNR,09:53,-3.0190973701901047,-3.0190973701901047,-3.0053850401122295,-3.0053850401122295,-2.987099085991829,-3.053625570451113,-1.5220403676477812
2026-08-28,FCX,09:55,-1.7100314209005596,-1.7100314209005596,-1.707621383023572,-1.7067466890125504,-0.5332986472424528,,-0.8100636176237316
2026-08-28,AAOI,09:57,-2.159896840747899,-2.159896840747899,-2.751075711800799,-2.8399367419159827,-2.8399367419159827,-1.0295350787291602,-1.2849685235503894
2026-08-28,ALAB,10:15,-1.744738628649034,-1.744738628649034,-1.7013617686012283,-1.7897433287529574,-1.7347319822113683,,-1.2690441330829343
2026-08-28,UNH,10:18,-0.41182508204822277,-0.41182508204822277,-0.4742517396617574,-0.7488792069205052,,,-0.3979296892108815
2026-08-28,ASML,10:29,-1.3082267926459834,-1.3082267926459834,-1.308945627678637,-1.3068292193716302,,,-0.8803869800837028
2026-08-28,CRCL,10:32,-3.6180836933807248,-3.6036847341255895,-3.6036847341255895,-3.6036847341255895,-3.61215240863747,,-0.8841362303957823
2026-08-28,IBIT,10:32,-1.0956587639003645,-1.0956587639003645,-1.0944303091813379,-1.0911271995962868,0.09117848187827349,,-0.3931568187860594
2026-08-28,FCX,10:34,-0.3842897153650826,-0.3842897153650826,-0.6108656095658915,-0.6108656095658915,-0.6108656095658915,,-0.9285300535880947
2026-08-28,INTC,10:34,-2.567656042338029,-2.567656042338029,-2.56551284522899,-2.574732472306096,-0.0055881531153878505,,-2.5640736317148174
2026-08-28,HOOD,10:36,-2.6428705722368773,-2.6428705722368773,-2.6341287507387956,-2.6341287507387956,-2.6234337553496134,,-2.1523652467670886
2026-08-28,QBTS,10:37,-0.13448516845881997,-0.13448516845881997,-0.23467292461133438,-0.23467292461133438,,,-0.3835099758778419
2026-08-28,ORCL,10:44,-0.9203260583749762,-0.9203260583749762,-1.2319790301441702,-1.2319790301441702,-0.07292978850361731,,-0.8350465264944354
2026-08-28,NVDA,10:48,-1.31931929931155,-1.31931929931155,-1.3180815953898306,-1.3144683462576912,,,-1.1943580177791884
2026-08-28,PANW,10:48,2.2130385768099226,2.2130385768099226,2.0516931354920276,1.1175910562250202,,,0.892070406065093
2026-08-28,CRWD,11:11,1.642624476500698,1.642624476500698,1.3490470832511647,1.3490470832511647,1.008092485549139,,0.7888052871954191
2026-08-28,NET,11:49,-1.4305445935280048,-1.4429582172463706,-1.4429582172463706,-1.4429582172463706,,,-0.9435791454318276
2026-08-28,NUE,12:52,0.047925236630863566,0.047925236630863566,-0.0598420170749292,,,,0.03376267467666283
2026-08-28,CF,15:55,0.019881506222896306,0.019881506222896306,-0.0992890901147736,,,,-0.7820732983897183
2026-08-31,ADBE,09:40,1.1313584938250187,1.1313584938250187,0.7814651611126378,0.7814651611126378,0.7814651611126378,,0.5715563055001427
2026-08-31,WT,09:40,-1.0489510489510412,-1.1506061228683029,-1.1506061228683029,-1.373513735137355,-1.373513735137355,,-1.4538915152366603
2026-08-31,NTRA,09:42,0.337273384703618,0.337273384703618,0.35228831525127013,0.4807242078975982,1.2997230614300026,,1.1802057244396054
2026-08-31,NBIS,09:46,0.9342594404226245,0.6609917315056446,0.6609917315056446,0.16990291262135582,0.16990291262135582,0.9243861880074311,0.7855352214196865
2026-08-31,RVMD,09:46,1.4110217573634731,1.4110217573634731,1.5763984977268164,1.1440521589371366,1.1440521589371366,,0.9115989204685407
2026-08-31,WDC,09:47,-0.5483653856762971,-1.2445232322324862,-1.2445232322324862,-1.2445232322324862,-1.2445232322324862,-1.2445232322324862,0.7826869306963117
2026-08-31,MSFT,09:49,-0.37409789385831616,-0.37409789385831616,-0.4444793312205042,-0.3094940999616824,-0.3094940999616824,,-0.6578058415415255
2026-08-31,HALO,09:55,2.403152936652897,2.403152936652897,2.38346948582413,1.9425837320574235,,,0.4474891114714774
2026-08-31,BE,10:27,0.42238262753642175,0.42238262753642175,0.2973177214783629,0.2503220161858666,,,1.0353928962776093
2026-08-31,QBTS,10:37,0.9093575828688527,0.9093575828688527,0.673105062920687,0.673105062920687,0.320793234179062,,0.12805218369301707
2026-08-31,IOVA,11:00,5.490956072351416,5.490956072351416,5.1513200257566005,5.1513200257566005,5.1513200257566005,,2.2130628665247176
2026-08-31,LRCX,11:00,0.23255041360752404,0.23255041360752404,0.18595384359954004,0.4444444444444473,,,0.17721301874245773
2026-08-31,CNH,11:18,-2.203233340309374,-2.203233340309374,-2.203233340309374,-2.1977503871605353,-2.18326171546932,,-1.7428014438351809
2026-09-01,FCX,09:40,-1.6667146083153783,-1.6667146083153783,-1.6646789954133712,-1.6646789954133712,-1.66062265022352,,-1.3138690488075737
2026-09-01,MSFT,09:40,0.18892254175788548,0.18892254175788548,-0.14147371776990214,-0.14147371776990214,,,-0.029819316498080894
2026-09-01,NFLX,09:40,0.2523679658943401,0.2523679658943401,0.22326966013395122,0.14861161550370205,,,-0.3033784719175296
2026-09-01,NUE,09:40,2.1732960304910343,2.1401645656843993,2.1401645656843993,2.1401645656843993,1.5106348694811533,,0.3119911447671135
2026-09-01,WDC,09:40,1.714466303231399,1.714466303231399,1.714466303231399,1.714466303231399,0.9959280209850263,,-0.06564264695866351
2026-09-01,WPM,09:40,0.4158580537843015,0.28032531579857967,0.28032531579857967,0.11747633197427554,0.11747633197427554,,-1.4226365131218
2026-09-01,ANF,09:41,-0.5724786203971988,-0.5724786203971988,-2.6212009312570173,-2.6212009312570173,-2.6212009312570173,,-0.17446102051592952
2026-09-01,GOOGL,09:42,0.11953858107702775,0.11953858107702775,-0.13726580233427432,-0.33764186164120247,-0.324268937035177,-0.324268937035177,0.030438890619359043
2026-09-01,NOW,09:42,-1.5843493834814204,-1.5843493834814204,-1.6385542168674716,-1.6385542168674716,-2.305867593288047,,-0.7872415189212815
2026-09-01,PLTR,09:42,-1.6349162693879982,-1.6349162693879982,-2.175095160413265,-2.175095160413265,-2.2957863908806164,,-1.6112242711648534
2026-09-01,UBER,09:42,0.5209724819663419,0.5209724819663419,0.21307764016513797,0.21307764016513797,,,-0.01987105670245848
2026-09-01,BBY,09:51,3.532064128256507,3.532064128256507,3.7334504611909347,3.8703191756722877,3.2282235404308413,,2.116988810036028
2026-09-01,GLW,09:55,0.5316210991438863,0.22714757709252353,0.22714757709252353,0.22714757709252353,0.22714757709252353,0.13065603080733013,0.9349912156319936
2026-09-01,CLMT,10:00,2.5697211155378374,2.0210025757876116,2.0210025757876116,2.0210025757876116,0.7533509441346453,0.2140910860256806,1.225870380070811
2026-09-01,BMNR,10:01,-3.093657331857347,-3.093657331857347,-3.0885076733773498,-3.0885076733773498,-3.068713640324905,,-1.190534431543418
2026-09-01,IOVA,10:03,2.9850746268656803,2.9850746268656803,2.5386996904024794,2.5386996904024794,2.5386996904024794,0.30284675953966556,1.7634256188660953
2026-09-01,AMD,10:05,0.531356599317756,0.531356599317756,0.42140951686981953,1.001779476702036,,,0.23938526089475332
2026-09-01,IREN,10:15,3.7323943661971892,3.7323943661971892,3.6739864864864913,3.238015138772088,3.2669657879977665,2.5908900961136627,1.565301232579282
2026-09-01,TXG,10:24,-2.565768106528088,-2.565768106528088,-2.7552674230145957,-2.7552674230145957,-3.439398065536081,,-1.977891861744759
2026-09-01,TEAM,10:30,-1.6201146704539537,-1.6201146704539537,-2.734181870306829,-2.7268977647155968,-0.8561053831270371,,-0.6255569255749808
2026-09-01,BE,10:31,6.769622910263129,6.769622910263129,6.612436370895303,6.056694633371396,5.569282466890679,,4.504116207838845
2026-09-01,INTC,10:31,2.992894566855653,2.992894566855653,2.9328397061375577,2.713473624907059,0.7832022709920672,,0.42746731778036856
2026-09-01,NBIS,10:31,1.6655630825650691,1.6655630825650691,1.6526189809274117,1.1144883485308954,0.8641164283187619,,-0.07400040650031858
2026-09-01,CRCL,10:32,-0.6495669553631012,-0.6495669553631012,-1.0560654650005663,-1.0560654650005663,-1.0560654650005663,,-0.3954077290506193
2026-09-01,TSLA,11:01,-0.4361440393647942,-0.4361440393647942,-0.5361140321109792,-0.5928919953997913,,,-0.8890370866766953
2026-09-01,AXTI,11:21,-0.36395916555704844,-0.36395916555704844,-0.35511363636364646,-0.5493531809321328,-0.7603890362511079,,-0.1082045988731517
2026-09-01,ALAB,11:26,0.08226037195993019,0.08226037195993019,-0.0678522962645478,-0.0678522962645478,-0.8257726112843922,,0.20059715928956537
2026-09-01,QBTS,11:38,0.060459492140285676,0.060459492140285676,0.03022061045632185,-0.09055236945366696,-0.2711660138595806,,0.15145721537863643
2026-09-01,AAOI,12:07,0.5538820328442329,0.5538820328442329,0.3345130169195798,0.17424975798645548,0.3199224430441072,,0.5897594366233568
2026-09-01,COHR,12:31,0.7074074074074232,0.5361236412039005,0.5361236412039005,0.5361236412039005,-0.36094468568494964,,0.5237924391425267
2026-09-01,CBRS,13:58,-1.2368300503893703,-1.2368300503893703,-1.3102935286376516,-1.5637484305444649,-1.2820512820512886,,-2.314854772784347
2026-09-01,QCOM,14:46,1.0062435594350383,1.0062435594350383,0.9297677095005952,0.1261867563994823,,,1.0518019530549056
2026-09-02,ALAB,09:40,-0.2280621987814868,-0.2280621987814868,-0.2280621987814868,-0.2280621987814868,-0.2280621987814868,-0.577041574540571,0.6359057943039925
2026-09-02,CF,09:40,4.911117806568255,4.911117806568255,4.911117806568255,4.501800720288118,5.347553135163752,,1.2663156450053965
2026-09-02,GLW,09:40,-0.8535016953115981,-0.8535016953115981,-2.374940879401788,-2.374940879401788,-2.374940879401788,-0.17173563791479385,-0.0065688723146236265
2026-09-02,HPE,09:40,1.8272914824638997,1.8272914824638997,1.6076855210273466,-2.4524865951099595,-2.4524865951099595,,2.6164823845152174
2026-09-02,GOOGL,09:43,0.7891904818845052,0.7891904818845052,0.7067032264616468,-0.056321327997632675,-1.0367510613898845,,-0.19368938748115147
2026-09-02,PLTR,09:43,-2.0366853882954783,-2.0366853882954783,-2.0366853882954783,-2.0366853882954783,-2.0366853882954783,,-0.8227120633237642
2026-09-02,ADBE,09:49,-1.4615763893780276,-1.4615763893780276,-1.7540511583590157,-1.7466265382596213,-0.7344071524870488,,-0.5732383836431413
2026-09-02,BMNR,09:50,-0.7318123116659581,-0.7318123116659581,-0.7318123116659581,-0.603448275862073,-0.43177892918826455,,-0.537108436951006
2026-09-02,IBIT,09:50,0.34376074252320254,0.34376074252320254,0.3092783505154628,0.19450800915330468,,,-0.032964044419699544
2026-09-02,NET,09:56,-2.7797763873295023,-2.7797763873295023,-2.779677568403538,-2.7714017863185503,-2.799081081052146,-2.799081081052146,-0.5118996041094522
2026-09-02,MSFT,09:58,-0.08346322087586788,-0.08346322087586788,-0.170799340915484,0.15652165498467596,,,0.06718560035700039
2026-09-02,ANF,10:04,-0.9427121102248082,-1.3290956370991092,-1.3290956370991092,-1.3290956370991092,-1.3290956370991092,,-0.8656131767536065
2026-09-02,LRCX,10:10,0.22237665045170552,0.22237665045170552,0.11453958557494648,-0.4624197667195684,-0.7398740493478662,,0.143614745214334
2026-09-02,DDS,10:12,0.8419206279664637,0.8419206279664637,0.8419206279664637,0.42131097281477015,0.42131097281477015,-2.147505812543238,0.6582238416686111
2026-09-02,ANET,10:21,-0.3880429255760376,-0.3880429255760376,-0.6194264965023732,-0.6194264965023732,,,0.6782874743022379
2026-09-02,PANW,10:23,-2.263362956291548,-2.263362956291548,-2.2598495298526866,-2.24587059063468,-2.229673846549718,,-1.023421031014952
2026-09-02,MRVL,10:25,-0.03392294645020444,0.02666989938173714,0.02666989938173714,-0.1997649653181166,,,0.23756102602460563
2026-09-02,COHR,10:28,-0.26764804282367605,-0.26764804282367605,-0.20643865424315733,-0.27876895628903275,,,0.42004108651683875
2026-09-02,CRCL,10:48,0.6356413166855868,0.7042253521126751,0.7042253521126751,0.44182621502208974,-0.03427653951273424,,0.5484631730473236
2026-09-02,ASML,10:51,0.9430509979423185,0.9430509979423185,0.8813213825354493,,,,0.5152424377827073
2026-09-02,QBTS,11:02,0.48659874178598184,0.48659874178598184,0.5178190679256733,0.3039513677811634,,,0.29558193530065946
2026-09-02,SKHY,11:03,3.0296405034825113,3.0296405034825113,3.068270582721455,2.5938481634684374,,,1.478208429179717
2026-09-02,HALO,11:10,1.6123054114158597,1.6123054114158597,1.6311399443929453,1.358720769017463,,,0.7782686474958537
2026-09-02,WDC,11:33,1.1628431063235078,1.1628431063235078,0.9376475614417679,0.9376475614417679,0.3375131317195246,,1.271406064832048
2026-09-02,FTI,12:53,0.8483160293745184,0.8483160293745184,0.759013282732468,0.6062902614626831,,,0.4546186949387021
2026-09-02,HPE,14:12,2.6847632256786325,2.7560226033508384,2.7560226033508384,2.7560226033508384,-0.8507797060247069,,1.9459264736212623
2026-09-02,NTRA,14:20,1.3216229788276745,1.3216229788276745,1.1545403622331696,0.964450449610954,,,0.6086550497230947
2026-09-03,LRCX,09:40,4.815955313663722,4.5781755175678285,4.5781755175678285,4.5781755175678285,3.6285754743698773,2.406856743047059,2.4782817718482266
2026-09-03,DK,09:42,3.561212814645298,3.561212814645298,3.3764008851452587,3.3764008851452587,3.3764008851452587,,2.974883340337057
2026-09-03,ALAB,09:45,5.61239731142642,5.61239731142642,4.961775402657165,4.961775402657165,4.961775402657165,,2.243650909941919
2026-09-03,WDC,09:46,3.0464904709696983,3.0464904709696983,2.560828380386315,2.560828380386315,2.560828380386315,,-0.6723386700550763
2026-09-03,GLW,09:47,3.055535953708266,3.055535953708266,3.055535953708266,3.055535953708266,2.6318563547559792,,0.6255310332127006
2026-09-03,TER,09:48,2.389480843346181,2.389480843346181,2.188702013726518,2.188702013726518,2.9449307075127606,,1.6608014348471627
2026-09-03,COHR,09:49,1.6842914824072297,1.6842914824072297,1.2366003062787234,1.2366003062787234,1.2366003062787234,-0.6070401623785471,-0.024490061703145532
2026-09-03,CHEF,09:52,-0.4183371099877875,-0.4183371099877875,-0.4226763693407132,-0.06996676578624461,0.08759635599160376,,0.22755925491166154
2026-09-03,ASML,09:58,0.8124904331853644,0.8124904331853644,0.6258097636101301,1.169285218342364,,,0.5046007600115457
2026-09-03,PANW,09:58,2.0281482391985683,2.0281482391985683,1.5973072215422102,1.5973072215422102,0.7128340461673766,0.7128340461673766,0.5629473380178274
2026-09-03,CF,10:04,1.311921211230338,1.1854951185495288,1.1854951185495288,1.1854951185495288,0.8671154690472749,,-0.06905853897091196
2026-09-03,HPE,10:04,12.840708881749396,12.607301685799976,12.607301685799976,12.607301685799976,12.607301685799976,11.901336073997948,8.230117630979569
2026-09-03,MRVL,10:05,1.982518677669809,1.982518677669809,1.982518677669809,1.982518677669809,0.5486485029156052,,-0.3909988520625407
2026-09-03,AMD,10:15,2.1995967741935463,2.1995967741935463,2.0955343455930864,1.8607455038681886,,,-0.2726395384832066
2026-09-03,INTC,10:17,3.093015408840394,3.093015408840394,3.1220115880069566,2.34479678427868,0.6699615595826547,,0.8022700767061538
2026-09-03,WPM,10:29,2.101045636665688,2.101045636665688,1.9118220834958954,1.660612350804369,0.584044669790118,,1.0035578214158125
2026-09-03,AAOI,10:41,1.4171474845632082,1.4171474845632082,0.8556472719951635,0.8556472719951635,0.8556472719951635,,-0.6387204673924729
2026-09-03,CHRD,11:01,-0.020275750202758402,-0.020275750202758402,-0.020275750202758402,-0.30327537403962435,,,-0.23377712006243204
2026-09-03,CNH,11:23,1.0952902519167695,1.0952902519167695,0.9846827133479286,1.0952902519167695,0.14466546112117395,,1.1581216901087081
2026-09-03,PARR,11:44,0.255099234457834,0.255099234457834,0.1220703125,-0.16432353478181838,-0.16432353478181838,,0.41071843482856085
2026-09-03,NTRA,11:48,1.4646230066573729,1.4646230066573729,1.3359722909450644,,,,1.5775029452274714
2026-09-03,AXTI,12:09,1.1512862025544024,0.8542930783069114,0.8542930783069114,0.8542930783069114,-0.601025278416123,,0.1128068747310973
2026-09-03,DE,12:26,0.23097801962872477,0.23097801962872477,0.23747482694653765,0.055478302219857945,,,0.20642073657554474
2026-09-04,LRCX,09:40,1.3624157756873867,1.3624157756873867,1.2006973913615493,1.2006973913615493,-1.9790991014154269,,1.1023473105954789
2026-09-04,NTRA,09:40,0.9015384615384647,0.7651179941003061,0.7651179941003061,0.6908621960206363,0.2660062373876393,,0.7019281247389264
2026-09-04,IBIT,09:43,0.7014809041309356,0.7014809041309356,0.6230529595015577,-1.2162552833776652,,,0.3318142485269959
2026-09-04,ADM,09:44,1.2625216922984794,1.2625216922984794,1.1475194261804988,0.6423226386613967,,,-0.263116192506363
2026-09-04,HOOD,09:46,1.3491635186184459,1.5356360387876578,1.5356360387876578,1.0345969210395545,1.0345969210395545,,0.2053510332524877
2026-09-04,BMNR,09:47,0.16032064128255197,0.16032064128255197,0.3046467662889629,0.583618434292621,0.060060060060052045,,0.3896015753150313
2026-09-04,DINO,09:47,1.6200578592092452,1.50260065497978,1.50260065497978,1.50260065497978,1.50260065497978,1.2295869356388156,-1.0562743382526014
2026-09-04,HPE,09:50,-2.7553028375991384,-2.7553028375991384,-2.7506547165984996,-2.7317094030255062,-2.7317094030255062,-2.7317094030255062,-1.3826274371422993
2026-09-04,ILMN,09:50,0.7785247302885434,0.7785247302885434,0.3265719148153323,0.3265719148153323,,,0.5806223004737321
2026-09-04,PARR,09:51,2.946383409205855,2.4285415917000286,2.4285415917000286,2.3896365237076944,1.5467132343769396,-0.085910652920973,0.6791858874710973
2026-09-04,CF,09:52,0.368920343321788,0.368920343321788,0.10512878275890092,0.10512878275890092,0.10512878275890092,,-0.7763083586459126
2026-09-04,HNGE,09:55,2.216816850019354,1.974409883079642,1.974409883079642,1.6604354519463405,0.42909130411166174,0.42909130411166174,0.05770998992417805
2026-09-04,QBTS,09:56,-0.36057692307693845,-0.0952048108557757,-0.0952048108557757,-0.2706766917293324,-0.569715142428795,-0.7482789583956873,-0.012726814829163343
2026-09-04,TEAM,09:58,0.620755517826832,0.620755517826832,0.35187977881843135,0.35187977881843135,-0.553210455939801,,-0.6029218576421506
2026-09-04,CRCL,09:59,3.800946420393836,3.800946420393836,3.3434650455927084,3.3434650455927084,3.3434650455927084,,1.6568427226173392
2026-09-04,WPM,10:00,1.3284530792986748,1.0757595514408802,1.0757595514408802,0.9178492383804082,-0.14813860620893626,,0.2196354952944161
2026-09-04,FTI,10:01,0.9354063961572345,0.9354063961572345,0.7634551075777596,0.8716523496715478,,,0.6811922495045956
2026-09-04,PTEN,10:01,0.8861068205836986,0.8861068205836986,0.8943089430894169,0.28282828282828465,0.28282828282828465,,0.5109551840865109
2026-09-04,CHRD,10:04,1.0985973882401634,0.6188969880346562,0.6188969880346562,-0.6382592953003474,,,-0.5222882296492223
2026-09-04,NOW,11:45,0.36234458259325475,0.36234458259325475,0.24838549428713996,-0.01769473050925452,-0.008494252222668308,-0.008494252222668308,-0.10010402467008535
2026-09-08,GOOGL,09:40,0.8673104434907097,0.8673104434907097,0.6782686300758733,1.1506963954809102,,,0.7883026197475163
2026-09-08,TGTX,09:40,2.4627825767322253,2.3499173857169042,2.3499173857169042,2.3499173857169042,2.3499173857169042,1.4005092761004034,0.44484459875541543
2026-09-08,UNH,09:41,1.6791376030437455,1.6791376030437455,1.6791376030437455,2.046686862001379,,,1.514420913157218
2026-09-08,HOOD,09:44,-2.760377470101283,-2.760377470101283,-2.747314326068495,-2.747314326068495,-2.747314326068495,,-2.7751860285845233
2026-09-08,PANW,09:45,2.2205700499950742,2.0757575757575752,2.0757575757575752,2.280318212181953,1.952179176755453,0.4083700965780368,0.6141484226768487
2026-09-08,OKTA,09:47,-0.3182250773257178,-0.3182250773257178,-0.7197867298578187,-0.7197867298578187,0.014920028646447925,,0.45533291846048635
2026-09-08,HTFL,09:49,0.10484378276369721,-0.052339579189775165,-0.052339579189775165,-0.4068008761865083,-0.9954375777685542,-2.9813287675624744,-2.9795107334809683
2026-09-08,DE,09:51,-1.0050178168860446,-1.0050178168860446,-0.7842336958106211,-1.117196693446465,,,-0.5225181491214315
2026-09-08,IOVA,09:52,1.044083526682149,1.044083526682149,0.6936416184971206,0.5773672055427337,0.5773672055427337,-1.8591549295774557,-0.4291849408557387
2026-09-08,NTRA,09:55,0.2673920771572913,0.2673920771572913,-0.058542597442612365,-1.6214909299317015,-1.6214909299317015,,-0.5179132527912614
2026-09-08,MU,09:57,-2.2547739072544704,-2.2547739072544704,-1.9863654853681356,-2.253880167138256,-2.253880167138256,,-1.8870624850390965
2026-09-08,CRCL,10:00,-2.1867371847030026,-2.1867371847030026,-2.1867371847030026,-2.1867371847030026,-2.1867371847030026,-3.1520644511580986,-0.7723873751937985
2026-09-08,IBIT,10:04,0.6889482540445524,0.6889482540445524,0.5662514156285381,-0.5817312213668657,,,-0.13098663396360713
2026-09-08,ZETA,10:05,0.6866110838646522,0.6866110838646522,0.3911980440097773,0.3911980440097773,0.11378413524056885,-0.9807073954983925,-0.8949442847789757
2026-09-08,NFLX,10:07,0.7479333420810974,0.7479333420810974,0.668677068309953,0.1761367342944853,,,0.4493016019913772
2026-09-08,SPCX,10:10,4.146730462519943,4.146730462519943,4.2068450359907805,3.945674998306581,1.8753887835167182,,2.2149573147997557
2026-09-08,WDC,10:24,1.553191489361705,1.553191489361705,0.953911884769143,0.953911884769143,0.953911884769143,,-1.1485350012880313
2026-09-08,QCOM,10:25,-1.4875495925458448,-1.4875495925458448,-1.4852063358037237,-1.4865444348730938,-1.4885561104545308,-1.488146628889886,-1.0095472395212506
2026-09-08,HALO,10:54,0.7863756921502096,0.7863756921502096,0.7629326386304314,0.3986279781218016,,,0.26932409596752693
2026-09-08,CRM,11:03,0.4110417086439666,0.4110417086439666,0.17287127120686474,0.17287127120686474,,,0.1778075760376289
2026-09-08,NOW,11:10,-0.14134801368843597,-0.14134801368843597,-0.12648809523810867,-0.6512476139794443,,,0.2353197592728303
2026-09-08,BMNR,15:57,0.48651935941617097,0.48651935941617097,0.20214271275520446,0.20214271275520446,-0.0403307118370666,,-1.0174220960440332
2026-09-09,GOOGL,09:41,0.2334111370456915,0.2334111370456915,0.14840839567495934,0.22730434745708017,,,0.25256949789482047
2026-09-09,QBTS,09:45,-1.040161802947126,-1.040161802947126,-2.5605541373936447,-2.5605541373936447,-2.5605541373936447,,-1.4671565840930285
2026-09-09,UBER,09:46,-1.6291060933574575,-1.6291060933574575,-1.6278930365871025,-1.6335138260235582,-0.4898530440867854,-0.4898530440867854,-0.6080061551555827
2026-09-09,ZETA,09:47,-0.7338551859099818,-0.7338551859099818,-0.7338551859099818,-0.7338551859099818,-0.7338551859099818,,-0.7003612885374618
2026-09-09,AMZN,09:53,0.15073383577945965,0.15073383577945965,0.13881727680165046,-0.10907765878277464,,,0.27458163237186195
2026-09-09,DDS,09:54,-2.077244564348091,-2.077244564348091,-2.077244564348091,-2.077244564348091,-2.0795607634534807,-1.8259444812049108,-1.472487435858727
2026-09-09,IREN,09:54,-2.794595382350229,-2.794595382350229,-3.0230083386786455,-3.0230083386786455,-3.0230083386786455,,-1.408005997877097
2026-09-09,TSM,09:54,-1.0061053915255247,-1.0061053915255247,-1.0055990244269397,-1.0029947075504086,0.32718140135019613,,-0.04888751782776701
2026-09-09,WT,09:55,-1.8561298885717559,-1.8561298885717559,-1.8512064671166617,-1.8512064671166617,,,-1.2524460113269613
2026-09-09,TXG,09:57,3.6512093668156,3.6512093668156,3.3804548248309807,4.358616410733673,4.358616410733673,4.148606811145528,1.6959587831075613
2026-09-09,HALO,10:00,-1.314835634599243,-1.314835634599243,-1.315139390001585,-1.315139390001585,,,-0.09193276669167878
2026-09-09,HTFL,10:02,0.7986186056550881,0.7986186056550881,0.7564283464295052,0.6031882809133915,0.6031882809133915,,-1.9985639121433028
2026-09-09,DDS,10:41,-1.872323003275378,-1.872323003275378,-2.0772429363637213,-2.0772429363637213,-2.0772429363637213,,-1.794590534313456
2026-09-09,DINO,10:53,0.9618976466193585,0.9618976466193585,0.9336196433572974,0.43197547494078226,0.43197547494078226,,0.34444772816448016
2026-09-09,PARR,10:56,1.4584731799597073,1.3656871113278735,1.3656871113278735,1.1559990265271214,,,1.7048292410061228
2026-09-09,NTRA,10:59,1.8404907975460016,1.8404907975460016,1.661845263741002,1.661845263741002,,,0.5989989508277338
2026-09-09,HOOD,11:00,-2.2841886680510126,-2.2841886680510126,-2.3421286688407927,-2.8192325910556315,-1.6129032258064502,,-1.9695966215985496
2026-09-10,AAOI,09:40,-1.8378686422567347,-1.8378686422567347,-2.1306818181818232,-2.1306818181818232,-4.241720409006611,-4.241720409006611,-1.6339593231715597
2026-09-10,AMD,09:40,-1.1019878997406973,-1.1019878997406973,-1.2910372410818383,-1.2910372410818383,,,-0.5791328911914103
2026-09-10,ASML,09:40,0.09609566857673446,0.09609566857673446,-0.38783714381851464,-0.38783714381851464,-1.110415980274182,,-0.470986385340381
2026-09-10,DELL,09:40,-3.046941685558757,-3.045476942294456,-3.045476942294456,-3.0250283224953267,-2.2939054270445514,,-1.7482098811723727
2026-09-10,DRAM,09:40,-1.0825439783491264,-1.0825439783491264,-1.0323235742088488,-1.8680952448296484,-1.8680952448296484,,-0.4668060719388227
2026-09-10,GLW,09:40,-1.1576459179344134,-1.1576459179344134,-1.7590361445783076,-1.7590361445783076,-1.7590361445783076,,-1.1504170311558815
2026-09-10,HPE,09:40,-2.8750936273566063,-2.8750936273566063,-2.861529870041768,-2.861529870041768,-2.861529870041768,,-0.9248901215248276
2026-09-10,IBIT,09:40,0.252554241763292,0.252554241763292,0.14931226906484962,0.17205781142461962,,,-0.0645256868844905
2026-09-10,LRCX,09:40,-1.99551038334832,-1.99551038334832,-1.9968263358564609,-1.988564691464334,-1.988564691464334,-1.9905909711026126,-1.2633872319822086
2026-09-10,MRVL,09:40,-1.3139575356770017,-1.5922599678944938,-1.5922599678944938,-1.5922599678944938,-1.5922599678944938,-2.4723739089306473,-1.7063794464151811
2026-09-10,MU,09:40,-0.7836070220908375,-1.0131006131127274,-1.0131006131127274,-1.438792484406215,-1.5302995287521548,,-0.034028817210818296
2026-09-10,NBIS,09:40,-2.33544737744259,-2.33544737744259,-2.33544737744259,-2.33544737744259,-2.33544737744259,-1.4656290531776972,-0.26739181819999125
2026-09-10,NTRA,09:40,0.7314814814814774,0.7314814814814774,0.5050349521140696,0.5050349521140696,-0.0413469931547783,,0.17082259515056597
2026-09-10,ORCL,09:40,-2.018328456221552,-2.018328456221552,-2.0151264883054743,-2.0151264883054743,-2.004378638260551,,-1.9019841114140348
2026-09-10,QBTS,09:40,-1.3177367604749968,-1.9988242210464469,-1.9988242210464469,-1.9988242210464469,-1.9988242210464469,,-0.8327849556766909
2026-09-10,TXG,09:40,2.3581997533908883,2.3581997533908883,2.410288833716301,1.6531455686514596,0.9117155447500247,0.9117155447500247,-0.3760146456126286
2026-09-10,DE,09:41,0.027299624445720205,0.027299624445720205,0.027299624445720205,0.027299624445720205,0.027299624445720205,,0.06483971249218919
2026-09-10,CRM,09:42,-0.6579485083776038,-0.6579485083776038,-0.8200734394124831,-0.8200734394124831,-1.9983310897739304,,-0.34093561422463187
2026-09-10,HALO,09:43,0.13567251461987784,0.13567251461987784,-0.23305677262981384,-0.28882884561632904,,,-0.17368876609608805
2026-09-10,ADBE,09:44,-1.1640632772858428,-1.1640632772858428,-1.1640632772858428,-1.1640632772858428,-1.7180612752320745,,-0.38613354945205014
2026-09-10,LITE,09:45,-3.785817633749544,-3.785817633749544,-3.7829299039517816,-3.7829299039517816,-3.7829299039517816,-3.7504718287900696,-2.2596354764175506
2026-09-10,COHR,09:46,-3.1670024107526062,-3.1670024107526062,-3.1670024107526062,-3.2585326135921133,-3.2585326135921133,-3.2585326135921133,-2.394227995466599
2026-09-10,HOOD,09:51,-0.5375046620302304,-0.25521429200034973,-0.8919202518362979,-0.8919202518362979,-0.8919202518362979,-2.4402840542285253,-0.7360206563976623
2026-09-10,UBER,09:51,4.312353474706709,4.312353474706709,4.327199539965476,4.0133352634875274,4.0133352634875274,,1.989885854480337
2026-09-10,ALAB,10:02,1.061676667968614,0.750442477876101,0.750442477876101,0.750442477876101,0.08263445681031545,,-0.970919874417168
2026-09-10,QCOM,10:02,2.5657379758211807,2.5657379758211807,2.408383025531169,2.408383025531169,1.9245174301353973,,0.08579244852238894
2026-09-10,ILMN,10:03,-0.6363143096729584,-0.6363143096729584,-0.6412153497089901,-1.0511838098045012,-0.9587978962594557,,-0.922380597687474
2026-09-10,IREN,10:08,-0.95367847411445,-0.95367847411445,-1.2787144958696484,-1.2787144958696484,-0.97616345062429,,-2.5432488693886
2026-09-10,GOOGL,10:13,1.2324265108636157,1.2324265108636157,1.126567040770432,0.7907653153972127,,,0.4811115217379018
2026-09-10,PANW,10:13,-0.1534511759671786,-0.1534511759671786,0.32319278894621384,0.07986275437767976,-0.3211171341032215,,-1.2342928261693549
2026-09-10,SMTC,10:20,1.5511298353121372,1.615993868165555,1.615993868165555,1.4345830145371163,0.8047142314028699,-1.149496706847264,-0.06003598659463464
2026-09-10,SNDK,10:28,-0.611044022305196,-0.611044022305196,-0.611044022305196,-0.2542415324017888,,,-0.5207473300865869
2026-09-10,SKHY,10:30,-0.6000658228730749,-0.6000658228730749,-0.8588439854576135,-1.4120667522464658,-1.7543859649122862,,-1.315440810986183
2026-09-10,IOVA,10:34,-1.6898008449004243,-1.867469879518091,-1.867469879518091,-1.2128562765312267,0.2461538461538515,,-2.263157698417658
2026-09-10,INTC,10:35,-0.32799920485041545,-0.32799920485041545,-0.506002579621001,-0.9399248257706327,,,-0.5979262122825549
2026-09-10,NFLX,11:11,0.3828382838283906,0.3828382838283906,0.36296442948591245,-0.09853511134466642,,,-0.02335036390341827
2026-09-10,BE,11:19,-2.5725108836998856,-2.5725108836998856,-2.6073850791258346,-3.22725570947211,,,-1.8171549292779199
2026-09-10,HNGE,11:21,-1.6272889844624827,-1.7471622523925978,-1.7471622523925978,-2.3963794164142738,-1.4785471182279575,,-1.9253421009125713
2026-09-10,SPCX,11:54,-1.2193496801705894,-1.2193496801705894,-2.4778266367516455,-2.4778266367516455,-2.4778266367516455,,-2.1880324629162784
2026-09-10,BMNR,11:58,0.248447204968949,0.248447204968949,0.20695364238410008,-0.11552108259756944,0.5607476635514086,,-0.5414848073798365
2026-09-10,TIGO,13:01,0.8468374281233482,0.8468374281233482,0.6941907197661523,0.6679190148194625,0.17655000519263275,,0.7888484340629128
