entry,day,gap,POS,fly,straddle,ratio,WKND,half
2010-03-30,2010-03-31,1,0,60.354552780015695,98.79081015719406,0.01176470588235896,0,2010-2017
2010-06-10,2010-06-11,1,0,32.69067195917229,53.6679536679539,0.4505119453924892,0,2010-2017
2010-06-24,2010-06-25,1,0,60.913140311804014,91.96787148594382,0.07719298245613997,0,2010-2017
2010-06-29,2010-06-30,1,0,31.99914839259077,49.986107252014136,0.4851752021563373,0,2010-2017
2010-07-01,2010-07-02,1,0,35.78441612701064,56.697459584295615,0.423728813559322,0,2010-2017
2010-07-08,2010-07-09,1,0,-6.574394463667979,2.07557211282579,0.9435897435897453,0,2010-2017
2010-07-22,2010-07-23,1,0,-13.867822318526363,-11.286503551696642,1.0763358778625929,0,2010-2017
2010-07-29,2010-07-30,1,0,50.47725996631145,75.88545591559961,0.2352941176470538,0,2010-2017
2010-08-05,2010-08-06,1,0,27.568721643981903,50.98433105664931,0.47843137254901913,0,2010-2017
2010-08-12,2010-08-13,1,0,23.69172216936225,40.778341793569986,0.5691056910569129,0,2010-2017
2010-08-26,2010-08-27,1,0,-36.348408710217726,-36.563876651982326,1.3191489361702124,0,2010-2017
2010-09-02,2010-09-03,1,0,17.846067098957054,35.32338308457736,0.6232876712328744,0,2010-2017
2010-09-09,2010-09-10,1,0,16.673236105636896,36.546674801708846,0.6081871345029193,0,2010-2017
2010-09-23,2010-09-24,1,0,-83.38717120442945,-65.1542649727761,1.6106194690265425,0,2010-2017
2010-09-29,2010-09-30,1,0,-10.09399264405441,3.6918138041727464,0.9424083769633568,0,2010-2017
2010-09-30,2010-10-01,1,0,27.02828001854469,43.345323741007604,0.5384615384615347,0,2010-2017
2010-10-07,2010-10-08,1,0,38.2927992370055,51.3058875608679,0.47210300429184304,0,2010-2017
2010-10-21,2010-10-22,1,0,30.53988718775219,54.59976105137451,0.436781609195397,0,2010-2017
2010-10-28,2010-10-29,1,0,44.54416627302797,55.951265229615856,0.4272727272727262,0,2010-2017
2010-11-04,2010-11-05,1,1,15.490375802016956,30.320150659134192,0.6788990825688027,0,2010-2017
2010-11-11,2010-11-12,1,0,-85.08575689783721,-131.66023166023126,2.2222222222222188,0,2010-2017
2010-12-02,2010-12-03,1,1,52.334152334152286,85.92257415786821,0.13793103448275917,0,2010-2017
2010-12-09,2010-12-10,1,1,-1.2096774193558695,26.300578034681337,0.7083333333333405,0,2010-2017
2010-12-16,2010-12-17,1,1,24.8253376804847,41.69611307420526,0.573913043478258,0,2010-2017
2010-12-22,2010-12-23,1,1,-4.220779220778683,19.528949950932947,0.7663551401869094,0,2010-2017
2010-12-30,2010-12-31,1,0,4.257167680278264,13.700107874865457,0.8421052631578918,0,2010-2017
2011-01-06,2011-01-07,1,1,75.94759007955034,88.80597014925331,0.10909090909091322,0,2010-2017
2011-01-13,2011-01-14,1,1,-36.75889328063251,-36.24268227780746,1.3264248704663224,0,2010-2017
2011-01-27,2011-01-28,1,0,-100.0,-270.0159489633164,3.5151515151515054,0,2010-2017
2011-02-03,2011-02-04,1,0,51.82601559294169,83.77501352082145,0.15873015873016474,0,2010-2017
2011-02-10,2011-02-11,1,0,-26.79355783308931,-39.27227101631287,1.3214285714285876,0,2010-2017
2011-02-24,2011-02-25,1,0,-37.09528214616033,-17.38550466874105,1.142857142857137,0,2010-2017
2011-03-03,2011-03-04,1,0,40.69369809477261,49.640287769783974,0.4912280701754405,0,2010-2017
2011-03-10,2011-03-11,1,0,25.87412587412566,41.94885970974406,0.5675675675675699,0,2010-2017
2011-03-24,2011-03-25,1,0,31.952435749904005,65.19577377252938,0.33532934131736664,0,2010-2017
2011-03-30,2011-03-31,1,1,15.781710914453766,43.19682959048787,0.544303797468363,0,2010-2017
2011-03-31,2011-04-01,1,0,52.25486139842809,83.4966477565759,0.1592039800994991,0,2010-2017
2011-04-07,2011-04-08,1,0,56.316011829319336,83.18385650224151,0.1648351648351711,0,2010-2017
2011-04-20,2011-04-21,1,0,-5.9089198343997,0.9247027741083231,0.9493670886075949,0,2010-2017
2011-04-28,2011-04-29,1,1,2.6615969581733876,30.513595166161934,0.6666666666666783,0,2010-2017
2011-05-05,2011-05-06,1,0,72.07334273624939,85.33850797757762,0.14225941422593094,0,2010-2017
2011-05-12,2011-05-13,1,0,-16.497770571544297,-14.86086441681456,1.1213872832369929,0,2010-2017
2011-05-26,2011-05-27,1,0,8.544187752107781,33.503836317134244,0.6419753086419879,0,2010-2017
2011-06-02,2011-06-03,1,0,-57.884427032320595,-31.711409395972563,1.2868852459016338,0,2010-2017
2011-06-09,2011-06-10,1,0,-52.93072824156295,-51.23456790123445,1.4554455445544543,0,2010-2017
2011-06-23,2011-06-24,1,0,-26.840420667581444,-13.260972156677935,1.0859728506787356,0,2010-2017
2011-06-29,2011-06-30,1,0,-20.524691358024604,-19.827053736874472,1.147928994082839,0,2010-2017
2011-06-30,2011-07-01,1,0,-92.7331449333869,-116.553287981859,2.0760869565217352,0,2010-2017
2011-07-07,2011-07-08,1,1,-64.22338568935459,-57.89473684210559,1.5436893203883528,0,2010-2017
2011-07-21,2011-07-22,1,0,35.50600343053282,57.97898949474863,0.40579710144926323,0,2010-2017
2011-07-28,2011-07-29,1,0,34.22042233150089,52.43091990206319,0.4641638225256019,0,2010-2017
2011-08-11,2011-08-12,1,0,46.50896604349498,56.423741547708616,0.4249084249084237,0,2010-2017
2011-08-25,2011-08-26,1,0,13.653413353338362,24.794808169498037,0.728280961182994,0,2010-2017
2011-09-01,2011-09-02,1,0,-66.23430100885349,-77.95187465025218,1.7377049180327906,0,2010-2017
2011-09-08,2011-09-09,1,0,-100.0,-83.26458456098992,1.78735632183908,0,2010-2017
2011-09-22,2011-09-23,1,0,55.97742432016428,80.44009779951111,0.1884368308351168,0,2010-2017
2011-09-29,2011-09-30,1,0,-44.605009633911095,-35.10310500118484,1.3225058004640344,0,2010-2017
2011-10-06,2011-10-07,1,0,58.55234812580815,82.90598290598327,0.16666666666666313,0,2010-2017
2011-10-13,2011-10-14,1,0,-76.58210203512675,-95.15885022692872,1.8832116788321154,0,2010-2017
2011-10-27,2011-10-28,1,1,44.31849599115365,71.52245345016529,0.2775800711743675,0,2010-2017
2011-11-03,2011-11-04,1,0,55.737704918032705,67.47468548634544,0.3145400593471817,0,2010-2017
2011-11-10,2011-11-11,1,0,-79.43444730077165,-60.52710392333073,1.5718475073313822,0,2010-2017
2011-12-01,2011-12-02,1,0,69.10666268299957,88.60589812332428,0.11111111111111224,0,2010-2017
2011-12-08,2011-12-09,1,0,-9.36277892799638,-0.7694216927277826,0.9926650366748172,0,2010-2017
2011-12-22,2011-12-23,1,1,-47.166595654026025,-49.67462039045505,1.4226804123711294,0,2010-2017
2011-12-29,2011-12-30,1,0,32.389675270608116,55.28898582333734,0.43157894736841745,0,2010-2017
2012-01-05,2012-01-06,1,0,64.0696608615954,80.13245033112642,0.19444444444443865,0,2010-2017
2012-01-12,2012-01-13,1,1,-23.75601926163815,-25.0744490768328,1.2138728323699552,0,2010-2017
2012-01-26,2012-01-27,1,0,29.939209726444382,62.43523316062279,0.36249999999999005,0,2010-2017
2012-02-02,2012-02-03,1,0,-62.84062758051292,-74.74633596392464,1.6847826086956648,0,2010-2017
2012-02-09,2012-02-10,1,1,9.51239008793003,22.888616891065432,0.7499999999999946,0,2010-2017
2012-02-23,2012-02-24,1,0,79.93795243019741,81.80545836249189,0.1744966442952959,0,2010-2017
2012-03-01,2012-03-02,1,0,0.8788689338932504,13.869537682076396,0.8242424242424325,0,2010-2017
2012-03-08,2012-03-09,1,0,37.33905579399122,51.17698343504776,0.4745762711864425,0,2010-2017
2012-03-22,2012-03-23,1,0,22.615803814713374,33.97663788725183,0.6467661691542346,0,2010-2017
2012-03-29,2012-03-30,1,0,9.07541542394556,19.508105086640708,0.7783783783783771,0,2010-2017
2012-04-04,2012-04-05,1,0,33.97841458876155,73.13633310947097,0.26143790849671716,0,2010-2017
2012-04-12,2012-04-13,1,0,-90.25121859767563,-110.82299887260483,2.032608695652179,0,2010-2017
2012-04-26,2012-04-27,1,0,25.750901081296995,48.00483675937039,0.5058823529411846,0,2010-2017
2012-05-03,2012-05-04,1,0,-100.0,-68.49199663016002,1.6393442622950818,0,2010-2017
2012-05-10,2012-05-11,1,0,51.54440154440088,60.62271062271001,0.3839285714285775,0,2010-2017
2012-05-24,2012-05-25,1,0,-2.0197679415568217,10.834629341626384,0.8730964467005213,0,2010-2017
2012-05-31,2012-06-01,1,0,-86.69488962806176,-85.08655126498007,1.805194805194806,0,2010-2017
2012-06-07,2012-06-08,1,0,-14.833879270005,-2.155576382380809,0.990909090909094,0,2010-2017
2012-06-21,2012-06-22,1,0,-18.23732413060834,-20.21407986825921,1.1450980392156926,0,2010-2017
2012-06-28,2012-06-29,1,0,-100.0,-162.42868785656063,2.535433070866141,0,2010-2017
2012-07-05,2012-07-06,1,0,-51.33364529714457,-28.75163114397473,1.2489451476793163,0,2010-2017
2012-07-12,2012-07-13,1,0,-100.0,-130.86789226164925,2.2222222222222126,0,2010-2017
2012-07-26,2012-07-27,1,0,-100.0,-181.39656070870126,2.7135678391959686,0,2010-2017
2012-08-02,2012-08-03,1,0,-100.0,-96.73503557973999,1.9183673469387708,0,2010-2017
2012-08-09,2012-08-10,1,1,40.35087719298272,79.13950456323381,0.19999999999999574,0,2010-2017
2012-08-23,2012-08-24,1,0,-8.745247148290924,27.727588603195258,0.6979865771812217,0,2010-2017
2012-08-30,2012-08-31,1,0,-15.176290240162214,3.265812319141194,0.9397590361445682,0,2010-2017
2012-09-06,2012-09-07,1,1,39.340842720065694,64.11092985317973,0.34920634920636245,0,2010-2017
2012-09-13,2012-09-14,1,1,-31.536157466836862,-19.165839126116037,1.1538461538461429,0,2010-2017
2012-09-27,2012-09-28,1,0,7.334525939177763,23.76111817026755,0.7317073170731638,0,2010-2017
2012-10-04,2012-10-05,1,1,73.5459662288925,86.13678373382572,0.13513513513514028,0,2010-2017
2012-10-11,2012-10-12,1,0,6.141920095406837,23.70231394621468,0.7393939393939559,0,2010-2017
2012-10-25,2012-10-26,1,0,50.720838794234034,82.05473306415534,0.1716738197424795,0,2010-2017
2012-11-01,2012-11-02,1,0,-53.2871972318346,-52.56008359456719,1.4747474747474827,0,2010-2017
2012-11-08,2012-11-09,1,0,53.74331550802213,82.48686514886265,0.17094017094016123,0,2010-2017
2012-11-29,2012-11-30,1,1,58.88615888615869,93.19727891156437,0.06593406593406843,0,2010-2017
2012-12-06,2012-12-07,1,0,32.12221304706806,56.379498364230564,0.4255319148936231,0,2010-2017
2012-12-13,2012-12-14,1,0,32.6740832303266,57.11929631665901,0.4171122994652261,0,2010-2017
2012-12-27,2012-12-28,1,0,-4.824417459797272,4.718693284935456,0.929203539823019,0,2010-2017
2012-12-28,2012-12-31,3,0,-53.97489539748979,-83.11722677957172,1.3757455268389693,1,2010-2017
2013-01-03,2013-01-04,1,1,-10.292350820984824,-0.3420752565559237,0.967032967032962,0,2010-2017
2013-01-10,2013-01-11,1,1,48.504273504272035,83.32069749810256,0.15827338129498364,0,2010-2017
2013-01-24,2013-01-25,1,1,-14.301017675413895,-4.947526236879867,1.014492753623172,0,2010-2017
2013-01-31,2013-02-01,1,0,-27.509293680297286,-13.015284854099002,1.1040723981900442,0,2010-2017
2013-02-07,2013-02-08,1,1,-14.89361702127674,-1.3645224171541488,0.9811320754716997,0,2010-2017
2013-02-21,2013-02-22,1,0,-45.15995014540952,-45.731375747689334,1.4031413612565482,0,2010-2017
2013-02-28,2013-03-01,1,0,26.442085832949182,41.90871369294648,0.5650224215246596,0,2010-2017
2013-03-07,2013-03-08,1,1,29.621936019942023,51.35433941404116,0.4705882352941152,0,2010-2017
2013-03-21,2013-03-22,1,0,-8.22297505389536,1.4153245485611579,0.9573459715639725,0,2010-2017
2013-03-27,2013-03-28,1,1,-2.2556390977447323,14.119359534206191,0.8194444444444492,0,2010-2017
2013-04-04,2013-04-05,1,0,2.277610657498732,12.385073012438909,0.8571428571428595,0,2010-2017
2013-04-11,2013-04-12,1,1,37.29977116704892,74.09326424870613,0.2499999999999858,0,2010-2017
2013-04-25,2013-04-26,1,1,38.811328280814436,69.83758700696161,0.29213483146066394,0,2010-2017
2013-05-02,2013-05-03,1,1,-55.66678584197322,-58.38247683235007,1.5537190082644592,0,2010-2017
2013-05-09,2013-05-10,1,1,18.683001531394442,45.750452079567374,0.526315789473671,0,2010-2017
2013-05-23,2013-05-24,1,0,66.43804298125222,83.4024896265554,0.16143497757848144,0,2010-2017
2013-05-30,2013-05-31,1,0,-100.0,-165.42249870399192,2.598984771573606,0,2010-2017
2013-06-06,2013-06-07,1,0,-26.873857404022633,-17.11125569290901,1.1464968152866315,0,2010-2017
2013-06-13,2013-06-14,1,0,10.435189518016536,25.250683682771815,0.7321428571428511,0,2010-2017
2013-06-27,2013-06-28,1,0,17.160578911095026,31.594698589139696,0.6694560669456162,0,2010-2017
2013-07-02,2013-07-05,3,0,-18.300653594771248,-9.170305676855904,1.0752688172043012,1,2010-2017
2013-07-11,2013-07-12,1,1,43.66021236727119,80.43052837573498,0.19047619047617964,0,2010-2017
2013-07-25,2013-07-26,1,0,51.601134981759586,84.96240601503811,0.1468926553672265,0,2010-2017
2013-08-01,2013-08-02,1,1,43.899895724712756,63.23215049166253,0.3598326359832693,0,2010-2017
2013-08-08,2013-08-09,1,0,-10.213243546575605,5.020352781548352,0.9210526315789324,0,2010-2017
2013-08-22,2013-08-23,1,0,14.774114774114484,31.949250288350235,0.6555555555555594,0,2010-2017
2013-08-29,2013-08-30,1,0,-9.398814563929456,0.7470651013866727,0.9687500000000071,0,2010-2017
2013-09-05,2013-09-06,1,0,67.17222783956788,98.20547330641452,0.01746724890830588,0,2010-2017
2013-09-12,2013-09-13,1,1,34.337000579038396,54.93704440026461,0.4387096774193593,0,2010-2017
2013-09-26,2013-09-27,1,0,11.111111111110846,26.509186351705736,0.7088607594936738,0,2010-2017
2013-09-27,2013-09-30,3,0,5.318312811107731,18.81918819188119,0.7888446215139514,1,2010-2017
2013-10-03,2013-10-04,1,0,-22.501699524134175,-18.82918304936772,1.15744680851065,0,2010-2017
2013-10-10,2013-10-11,1,0,-11.330049261084387,-2.0996294771518285,0.995983935742979,0,2010-2017
2013-10-24,2013-10-25,1,1,23.914302258250505,43.56955380577338,0.544303797468363,0,2010-2017
2013-10-31,2013-11-01,1,0,57.71028037383111,81.0006333122222,0.1840490797546082,0,2010-2017
2013-11-07,2013-11-08,1,0,-100.0,-110.47663992449166,2.036529680365287,0,2010-2017
2013-11-21,2013-11-22,1,1,-14.795624640183172,-1.7402945113776314,0.9870129870129751,0,2010-2017
2013-12-05,2013-12-06,1,0,-35.58097531607506,-30.891827738216815,1.2823920265780777,0,2010-2017
2013-12-12,2013-12-13,1,0,63.14199395770274,88.53569567482921,0.11167512690356715,0,2010-2017
2013-12-26,2013-12-27,1,1,44.80130647795455,74.60791635549104,0.24460431654674458,0,2010-2017
2013-12-30,2013-12-31,1,1,-13.043478260870014,15.407854984893907,0.8115942028985541,0,2010-2017
2014-01-02,2014-01-03,1,1,47.11892112791264,77.19498289623846,0.2222222222222096,0,2010-2017
2014-01-09,2014-01-10,1,1,33.47164591977918,50.52083333333394,0.4830508474576213,0,2010-2017
2014-01-23,2014-01-24,1,0,-100.0,-413.71571072319256,4.963855421686752,0,2010-2017
2014-01-30,2014-01-31,1,0,45.73213046495449,66.5131854332352,0.3265306122449026,0,2010-2017
2014-02-06,2014-02-07,1,0,-57.83446121811545,-53.53881278538798,1.5027932960893842,0,2010-2017
2014-02-13,2014-02-14,1,1,-39.39393939393827,-21.760096443639647,1.1812865497075917,0,2010-2017
2014-02-27,2014-02-28,1,1,35.38710985001925,61.716937354986946,0.37078651685394665,0,2010-2017
2014-03-06,2014-03-07,1,1,73.68221463784543,83.96334478808645,0.15730337078652282,0,2010-2017
2014-03-13,2014-03-14,1,0,56.18060695781004,70.0460829493098,0.29323308270675663,0,2010-2017
2014-03-27,2014-03-28,1,0,2.8068988840047555,14.185639229422955,0.8376068376068289,0,2010-2017
2014-03-28,2014-03-31,3,0,4.292862786409781,20.281359906212572,0.7756653992395516,1,2010-2017
2014-04-03,2014-04-04,1,1,-100.0,-102.01238390092983,1.977272727272738,0,2010-2017
2014-04-10,2014-04-11,1,0,-41.874258600237866,-36.53261236904428,1.3421926910299071,0,2010-2017
2014-04-24,2014-04-25,1,0,-100.0,-104.32692307692173,1.9767441860464985,0,2010-2017
2014-05-01,2014-05-02,1,0,48.54682454251835,65.44797107271941,0.33725490196078967,0,2010-2017
2014-05-08,2014-05-09,1,0,71.65149544863368,97.95814190913626,0.019900497512447993,0,2010-2017
2014-05-22,2014-05-23,1,0,-25.969447708578674,-13.428943937419104,1.1012658227848158,0,2010-2017
2014-05-29,2014-05-30,1,1,46.978769733260116,77.84342688330787,0.2142857142857224,0,2010-2017
2014-06-05,2014-06-06,1,1,0.3584229390685186,13.043478260870014,0.8461538461538417,0,2010-2017
2014-06-12,2014-06-13,1,0,12.769485903815397,28.04946599213195,0.6994535519125533,0,2010-2017
2014-06-26,2014-06-27,1,0,32.81682346430422,57.416607523064386,0.41379310344829157,0,2010-2017
2014-06-27,2014-06-30,3,1,32.71245634458736,64.93349455864667,0.3372093023255721,1,2010-2017
2014-07-10,2014-07-11,1,0,49.686520376175295,89.40553266627388,0.10285714285714675,0,2010-2017
2014-07-24,2014-07-25,1,0,-24.54835281615219,-20.243531202434113,1.1617647058823413,0,2010-2017
2014-07-31,2014-08-01,1,0,25.6940938919742,41.0046728971968,0.5804597701149373,0,2010-2017
2014-08-07,2014-08-08,1,0,-81.07025846377934,-76.10062893081829,1.7099236641221442,0,2010-2017
2014-08-21,2014-08-22,1,1,14.601311701760197,60.21064950263272,0.38857142857143245,0,2010-2017
2014-08-28,2014-08-29,1,0,-5.931539064540821,-5.342362678704086,1.0071942446043003,0,2010-2017
2014-09-04,2014-09-05,1,0,15.27135044173367,33.649289099526555,0.6461538461538414,0,2010-2017
2014-09-11,2014-09-12,1,0,-85.84648884050131,-96.5566714490681,1.9027777777777841,0,2010-2017
2014-09-25,2014-09-26,1,0,-29.221435793730276,-27.248793330407057,1.2340425531914796,0,2010-2017
2014-09-29,2014-09-30,1,0,92.12295869356389,100.0,0.0,0,2010-2017
2014-10-02,2014-10-03,1,0,-43.39072074700911,-43.76770538243635,1.409722222222223,0,2010-2017
2014-10-09,2014-10-10,1,0,-50.26816187225693,-49.894227863402214,1.4376811594202838,0,2010-2017
2014-10-23,2014-10-24,1,0,-6.005221932114632,6.250000000000306,0.9199999999999969,0,2010-2017
2014-10-30,2014-10-31,1,1,-100.0,-117.19457013574628,2.128078817733987,0,2010-2017
2014-11-06,2014-11-07,1,1,59.73003374578142,72.06493016232506,0.27509293680297736,0,2010-2017
2014-11-13,2014-11-14,1,1,48.80952380952379,74.2798353909465,0.25252525252525254,0,2010-2017
2014-12-04,2014-12-05,1,1,70.06802721088434,100.0,0.0,0,2010-2017
2014-12-11,2014-12-12,1,0,-80.93766099948458,-71.31910235358487,1.6918918918918895,0,2010-2017
2014-12-23,2014-12-26,3,1,38.475021910605825,59.88538681948544,0.3925233644859696,1,2010-2017
2014-12-30,2014-12-31,1,1,-100.0,-150.63163213744212,2.4195121951219414,0,2010-2017
2014-12-31,2015-01-02,2,0,62.69083969465632,94.4255187364507,0.05471124620060998,0,2010-2017
2015-01-08,2015-01-09,1,1,-27.762473217018265,-15.592251508414936,1.1410658307209989,0,2010-2017
2015-01-22,2015-01-23,1,1,12.327188940091498,24.023154848045493,0.7500000000000082,0,2010-2017
2015-01-29,2015-01-30,1,0,-53.28251782640824,-57.94363580055815,1.5596330275229426,0,2010-2017
2015-02-05,2015-02-06,1,1,49.094149094148534,66.3114472327254,0.3322033898305146,0,2010-2017
2015-02-12,2015-02-13,1,1,3.1370863773088655,17.90661877885979,0.8040201005025239,0,2010-2017
2015-02-19,2015-02-20,1,1,-37.25827245380407,-24.266144814090993,1.2095238095238192,0,2010-2017
2015-02-26,2015-02-27,1,1,7.352277852954223,21.321029626031855,0.7677725118483433,0,2010-2017
2015-03-05,2015-03-06,1,0,-100.0,-146.63127807268353,2.425702811244988,0,2010-2017
2015-03-12,2015-03-13,1,0,-23.53208921256227,-11.861137897781719,1.094339622641506,0,2010-2017
2015-03-19,2015-03-20,1,1,16.624614522008,32.82219788243977,0.6456140350877105,0,2010-2017
2015-03-26,2015-03-27,1,0,61.533991865194714,84.3638948116561,0.15384615384615302,0,2010-2017
2015-03-30,2015-03-31,1,0,-58.23445657332723,-46.547674964772405,1.437788018433182,0,2010-2017
2015-04-01,2015-04-02,1,0,16.462976276060715,28.8601455133391,0.6984126984126948,0,2010-2017
2015-04-09,2015-04-10,1,0,-21.53657539844643,-16.26607043040715,1.1366120218579148,0,2010-2017
2015-04-16,2015-04-17,1,1,-100.0,-155.84868093578828,2.507317073170725,0,2010-2017
2015-04-23,2015-04-24,1,1,22.338015405527347,37.76926759214881,0.610328638497658,0,2010-2017
2015-04-30,2015-05-01,1,0,-51.45340125861539,-46.04868289429794,1.4360655737704904,0,2010-2017
2015-05-07,2015-05-08,1,0,-53.6247334754795,-49.26220204313255,1.477528089887638,0,2010-2017
2015-05-14,2015-05-15,1,1,46.27151051625248,56.95970695970707,0.4234234234234224,0,2010-2017
2015-05-21,2015-05-22,1,1,17.789921068609456,36.488915518274275,0.6198830409356738,0,2010-2017
2015-05-28,2015-05-29,1,0,-48.76174210076906,-46.290491118077924,1.4285714285714344,0,2010-2017
2015-06-04,2015-06-05,1,0,67.99645390070889,88.84165781083911,0.11052631578947786,0,2010-2017
2015-06-11,2015-06-12,1,0,-58.540630182421225,-62.68980477223428,1.595744680851064,0,2010-2017
2015-06-18,2015-06-19,1,1,-67.79838991949542,-52.295632698767555,1.4945054945054885,0,2010-2017
2015-06-25,2015-06-26,1,0,57.85907859078676,85.24305555555665,0.14529914529913462,0,2010-2017
2015-06-29,2015-06-30,1,0,64.2389698121168,93.98742825908644,0.05929919137467042,0,2010-2017
2015-06-30,2015-07-02,2,0,48.52889046437427,65.77946768060828,0.3389121338912144,0,2010-2017
2015-07-09,2015-07-10,1,0,-19.09640136590534,-10.453648915187827,1.091922005571035,0,2010-2017
2015-07-16,2015-07-17,1,1,76.61388550547976,94.07933688572986,0.05780346820810563,0,2010-2017
2015-07-23,2015-07-24,1,0,-100.0,-100.0985707244949,1.9613526570048319,0,2010-2017
2015-07-30,2015-07-31,1,0,14.997036158861746,34.12057178371644,0.6424242424242438,0,2010-2017
2015-08-06,2015-08-07,1,0,54.04201145766948,62.9865985960426,0.3647798742138444,0,2010-2017
2015-08-13,2015-08-14,1,0,50.69967707212015,68.61514319340873,0.30888030888031326,0,2010-2017
2015-08-20,2015-08-21,1,0,-100.0,-247.0099222311611,3.4323607427055696,0,2010-2017
2015-08-27,2015-08-28,1,0,46.42469365596398,69.8783548947673,0.2971428571428576,0,2010-2017
2015-09-03,2015-09-04,1,0,-42.615412911532005,-34.9284173367326,1.3359223300970864,0,2010-2017
2015-09-10,2015-09-11,1,0,28.864762803870175,39.21990906915481,0.6004728132387754,0,2010-2017
2015-09-17,2015-09-18,1,0,-51.79904955872411,-52.37284528623165,1.5010482180293554,0,2010-2017
2015-09-24,2015-09-25,1,0,73.89550131127712,91.40076940484283,0.08501118568232562,0,2010-2017
2015-09-29,2015-09-30,1,0,-83.69162342475846,-65.72589749379031,1.6420581655480926,0,2010-2017
2015-10-01,2015-10-02,1,0,-81.04610898487297,-87.09542702025433,1.847422680412367,0,2010-2017
2015-10-08,2015-10-09,1,1,46.585230427539486,73.66495976590976,0.25899280575540545,0,2010-2017
2015-10-15,2015-10-16,1,1,29.752354377398927,48.15714864317648,0.509960159362539,0,2010-2017
2015-10-22,2015-10-23,1,1,-100.0,-102.09339774557094,1.9920634920634848,0,2010-2017
2015-10-29,2015-10-30,1,1,-7.280219780220168,5.115511551154661,0.9349593495935006,0,2010-2017
2015-11-05,2015-11-06,1,1,86.9962385814073,98.89928453494716,0.010869565217396864,0,2010-2017
2015-11-12,2015-11-13,1,0,-66.48044692737479,-57.99614643545329,1.5569620253164607,0,2010-2017
2015-11-19,2015-11-20,1,1,19.262739428984858,33.307179285994955,0.6563706563706521,0,2010-2017
2015-12-03,2015-12-04,1,0,-68.77243359655404,-74.85182049110907,1.7280334728033455,0,2010-2017
2015-12-10,2015-12-11,1,0,-84.22357448726643,-87.22749422928985,1.8481012658227878,0,2010-2017
2015-12-30,2015-12-31,1,0,-49.466591802357904,-54.75313190862154,1.5217391304347787,0,2010-2017
2016-01-07,2016-01-08,1,0,-22.865902856221183,-16.939274299680907,1.1582867783985153,0,2010-2017
2016-01-14,2016-01-15,1,0,-88.78205128205123,-89.91899189918983,1.8839285714285707,0,2010-2017
2016-01-21,2016-01-22,1,0,-32.28903486609428,-27.511874314943697,1.2644927536231918,0,2010-2017
2016-01-28,2016-01-29,1,0,-71.23579545454537,-77.57999576181388,1.756813417190775,0,2010-2017
2016-02-04,2016-02-05,1,0,-60.2260833158891,-53.05022634188451,1.5138592750533095,0,2010-2017
2016-02-11,2016-02-12,1,0,-23.525599481529042,-20.67640276710169,1.1939163498098806,0,2010-2017
2016-02-18,2016-02-19,1,0,72.19198416625382,98.8144635447534,0.011695906432754522,0,2010-2017
2016-02-25,2016-02-26,1,1,48.99061700312793,72.45378760420476,0.27046263345195404,0,2010-2017
2016-03-03,2016-03-04,1,1,61.37973514012963,76.01767118965002,0.23676012461058907,0,2010-2017
2016-03-10,2016-03-11,1,0,-100.0,-152.9671074940651,2.4949832775919667,0,2010-2017
2016-03-17,2016-03-18,1,1,56.04283528811843,73.44598672299351,0.26190476190476053,0,2010-2017
2016-03-23,2016-03-24,1,0,55.67157095396167,67.332123411977,0.32142857142858355,0,2010-2017
2016-03-30,2016-03-31,1,1,36.74459638288588,55.20159283225598,0.4390243902438914,0,2010-2017
2016-03-31,2016-04-01,1,1,-20.487106017191007,-14.686468646863544,1.130081300812997,0,2010-2017
2016-04-07,2016-04-08,1,0,39.247613700167875,61.680176860721424,0.376811594202906,0,2010-2017
2016-04-14,2016-04-15,1,1,55.09160630592187,81.52898922524302,0.1809045226130722,0,2010-2017
2016-04-21,2016-04-22,1,1,67.56393001345955,99.10873440285286,0.008771929824553425,0,2010-2017
2016-04-28,2016-04-29,1,0,43.5170927009555,57.174816235219716,0.4227129337539353,0,2010-2017
2016-05-05,2016-05-06,1,0,18.343195266272748,27.029492246884246,0.7207207207207139,0,2010-2017
2016-05-12,2016-05-13,1,0,-47.25884802220743,-46.58803706824002,1.4380165289256275,0,2010-2017
2016-05-19,2016-05-20,1,0,10.789283128168076,24.040720438527895,0.7461538461538453,0,2010-2017
2016-05-26,2016-05-27,1,1,7.794361525705755,22.394678492240722,0.760869565217379,0,2010-2017
2016-06-02,2016-06-03,1,1,62.42937853107423,83.07952622673531,0.1666666666666572,0,2010-2017
2016-06-09,2016-06-10,1,1,-95.05562422744109,-121.84105202973103,2.167597765363126,0,2010-2017
2016-06-16,2016-06-17,1,0,-6.564163217030594,6.3941990771267525,0.9161290322580563,0,2010-2017
2016-06-23,2016-06-24,1,1,-100.0,-125.24752475247527,2.2262996941896027,0,2010-2017
2016-06-29,2016-06-30,1,0,-69.80676328502415,-60.05121638924458,1.5822784810126584,0,2010-2017
2016-06-30,2016-07-01,1,1,18.98824367652209,33.838182542844756,0.6509803921568726,0,2010-2017
2016-07-07,2016-07-08,1,1,-100.0,-132.12969786293337,2.2826086956521783,0,2010-2017
2016-07-14,2016-07-15,1,1,67.87790697674434,85.294117647059,0.14503816793892957,0,2010-2017
2016-07-21,2016-07-22,1,1,3.618421052630834,19.739696312363435,0.7872340425532012,0,2010-2017
2016-07-28,2016-07-29,1,1,64.03785488959066,90.10250972075035,0.09756097560974658,0,2010-2017
2016-08-04,2016-08-05,1,1,-44.14535666217951,-48.8413547237065,1.4649122807017432,0,2010-2017
2016-08-11,2016-08-12,1,1,77.69607843137113,93.91727493917136,0.05952380952382305,0,2010-2017
2016-08-18,2016-08-19,1,1,14.930182599354794,40.02789400278844,0.5733333333333425,0,2010-2017
2016-08-25,2016-08-26,1,0,62.14622641509432,83.0163043478261,0.16778523489932887,0,2010-2017
2016-09-01,2016-09-02,1,0,28.817659510129758,42.173479561315744,0.5704918032786915,0,2010-2017
2016-09-06,2016-09-07,1,1,62.98811544991486,91.94089993284052,0.07741935483871261,0,2010-2017
2016-09-08,2016-09-09,1,1,-100.0,-603.5040431266845,6.868421052631577,0,2010-2017
2016-09-13,2016-09-14,1,0,70.90989594863906,92.66823775857625,0.07235142118862344,0,2010-2017
2016-09-15,2016-09-16,1,0,-9.292580724673233,-2.5007718431612487,1.0091185410334325,0,2010-2017
2016-09-20,2016-09-21,1,0,6.650924832743321,17.014371812703196,0.8211009174311891,0,2010-2017
2016-09-22,2016-09-23,1,1,-100.0,-80.52256532066629,1.767441860465128,0,2010-2017
2016-09-27,2016-09-28,1,0,-24.49355432780911,-12.167300380228781,1.1028037383177633,0,2010-2017
2016-09-29,2016-09-30,1,0,2.4359775140528517,15.763394239701853,0.831804281345574,0,2010-2017
2016-10-04,2016-10-05,1,0,-5.1998585072512755,1.234567901234848,0.970711297071127,0,2010-2017
2016-10-06,2016-10-07,1,0,7.192254495159833,21.617161716172568,0.7723577235772265,0,2010-2017
2016-10-11,2016-10-12,1,0,68.45216106390848,83.26359832635993,0.16479400749063586,0,2010-2017
2016-10-13,2016-10-14,1,0,83.82913806254739,93.21778447626198,0.06666666666666919,0,2010-2017
2016-10-18,2016-10-19,1,0,52.70506108202444,75.0499001996008,0.24509803921568626,0,2010-2017
2016-10-20,2016-10-21,1,0,70.77464788732372,94.01197604790397,0.05882352941176693,0,2010-2017
2016-10-25,2016-10-26,1,0,57.323688969259436,74.5596868884549,0.24999999999999126,0,2010-2017
2016-10-27,2016-10-28,1,0,42.655367231639126,60.39603960396125,0.3902439024390161,0,2010-2017
2016-11-01,2016-11-02,1,0,-7.763259031515105,3.489235337786847,0.9489051094890594,0,2010-2017
2016-11-03,2016-11-04,1,0,75.44744139147919,98.79117558174613,0.011940298507468795,0,2010-2017
2016-11-08,2016-11-09,1,0,23.738908472104125,45.730927688592224,0.5372714486638528,0,2010-2017
2016-11-10,2016-11-11,1,1,37.93103448275918,58.997722095672586,0.4029850746268598,0,2010-2017
2016-11-15,2016-11-16,1,1,63.42082980525036,92.83520982599866,0.06999999999999318,0,2010-2017
2016-11-17,2016-11-18,1,1,19.158878504674078,40.886699507390425,0.5783132530120358,0,2010-2017
2016-11-22,2016-11-23,1,1,34.24947145877487,64.17445482866202,0.348484848484833,0,2010-2017
2016-11-29,2016-11-30,1,1,63.97849462365702,83.52713178294695,0.16190476190474998,0,2010-2017
2016-12-01,2016-12-02,1,0,68.26703246456361,85.38145271813646,0.14349775784753058,0,2010-2017
2016-12-06,2016-12-07,1,1,-100.0,-350.1466275659814,4.385714285714276,0,2010-2017
2016-12-08,2016-12-09,1,1,-58.401305057097,-63.37719298245715,1.6021505376344185,0,2010-2017
2016-12-13,2016-12-14,1,1,-47.83101786220656,-49.15740408748744,1.469964664310963,0,2010-2017
2016-12-15,2016-12-16,1,1,-0.3807106598989142,9.608091024019789,0.8827160493827203,0,2010-2017
2016-12-20,2016-12-21,1,1,61.03257529194863,77.231875374476,0.22222222222221957,0,2010-2017
2016-12-22,2016-12-23,1,1,43.40448823207469,73.03051809794214,0.2620689655172382,0,2010-2017
2016-12-27,2016-12-28,1,1,-100.0,-145.11545293072746,2.393063583815021,0,2010-2017
2016-12-29,2016-12-30,1,0,42.07149404216417,56.605593056895984,0.4245283018867817,0,2010-2017
2017-01-03,2017-01-04,1,1,-59.43029779887796,-56.202143950995534,1.5223880597014938,0,2010-2017
2017-01-05,2017-01-06,1,1,-9.89922940130517,9.146715776548902,0.8862275449101906,0,2010-2017
2017-01-10,2017-01-11,1,1,9.813084112149255,27.461139896372767,0.7088607594936738,0,2010-2017
2017-01-12,2017-01-13,1,1,18.872549019607696,34.729064039408726,0.6385542168674713,0,2010-2017
2017-01-17,2017-01-18,1,0,-11.21495327102911,8.86699507389051,0.8915662650602518,0,2010-2017
2017-01-19,2017-01-20,1,0,28.022759601707765,46.23655913978582,0.5303030303030217,0,2010-2017
2017-01-24,2017-01-25,1,1,-100.0,-164.6276595744693,2.5844155844155963,0,2010-2017
2017-01-26,2017-01-27,1,1,15.992970123023923,34.151065203358186,0.6415094339622527,0,2010-2017
2017-01-31,2017-02-01,1,0,49.2776886035324,83.75870069605726,0.1590909090908936,0,2010-2017
2017-02-02,2017-02-03,1,0,-89.038785834739,-102.81995661605256,1.9893617021276646,0,2010-2017
2017-02-07,2017-02-08,1,1,28.364389233955396,58.86075949367232,0.399999999999986,0,2010-2017
2017-02-09,2017-02-10,1,1,-41.30925507900562,-35.73407202215925,1.3243243243243106,0,2010-2017
2017-02-14,2017-02-15,1,1,-85.80786026200923,-97.97687861271743,1.929577464788739,0,2010-2017
2017-02-16,2017-02-17,1,1,14.649681528662239,35.034802784222464,0.636363636363639,0,2010-2017
2017-02-21,2017-02-22,1,1,50.115473441109856,73.04582210242741,0.26315789473682716,0,2010-2017
2017-02-23,2017-02-24,1,1,37.697516930022445,61.218836565096794,0.3783783783783799,0,2010-2017
2017-03-02,2017-03-03,1,1,62.828947368420216,97.73242630385371,0.02222222222223359,0,2010-2017
2017-03-07,2017-03-08,1,0,30.773845230954215,49.03666873834722,0.49696969696969284,0,2010-2017
2017-03-09,2017-03-10,1,0,17.64705882353058,36.75889328063376,0.6213592233009576,0,2010-2017
2017-03-14,2017-03-15,1,0,-59.34959349593535,-54.22077922077966,1.5200000000000045,0,2010-2017
2017-03-16,2017-03-17,1,1,11.385266126190528,23.935510541547142,0.7449392712550506,0,2010-2017
2017-03-21,2017-03-22,1,0,61.47719044170816,79.65335342878596,0.20000000000000756,0,2010-2017
2017-03-23,2017-03-24,1,0,62.991371045062586,93.79652605459093,0.06097560975609409,0,2010-2017
2017-03-28,2017-03-29,1,0,71.74177831912262,88.98408812729457,0.10714285714286119,0,2010-2017
2017-03-30,2017-03-31,1,0,33.229450720686245,64.82716798059526,0.34319526627217994,0,2010-2017
2017-04-04,2017-04-05,1,0,53.91342369916842,74.58973001588045,0.24870466321244467,0,2010-2017
2017-04-06,2017-04-07,1,0,50.994575045206844,68.92655367231522,0.3055555555555671,0,2010-2017
2017-04-11,2017-04-12,1,0,29.95049504950459,60.474308300394696,0.3883495145631123,0,2010-2017
2017-04-12,2017-04-13,1,0,-54.4688026981457,-51.7671517671526,1.489795918367355,0,2010-2017
2017-04-18,2017-04-19,1,0,20.60301507537788,35.866983372922554,0.6279069767441768,0,2010-2017
2017-04-20,2017-04-21,1,0,2.251407129456235,17.422867513611948,0.8124999999999969,0,2010-2017
2017-04-25,2017-04-26,1,1,54.76665337056226,93.05957200694016,0.06779661016949409,0,2010-2017
2017-04-27,2017-04-28,1,1,30.02364066193785,50.73891625615693,0.4819277108433804,0,2010-2017
2017-05-02,2017-05-03,1,1,75.45939537640658,97.51398384089369,0.024242424242436646,0,2010-2017
2017-05-04,2017-05-05,1,1,-32.246998284734815,-31.236442516269854,1.2872340425532,0,2010-2017
2017-05-09,2017-05-10,1,1,-20.098340503994375,-4.358502148556685,1.0179640718562806,0,2010-2017
2017-05-11,2017-05-12,1,1,12.445414847161706,32.08092485549149,0.661971830985914,0,2010-2017
2017-05-16,2017-05-17,1,1,-100.0,-517.5595238095248,6.014492753623197,0,2010-2017
2017-05-18,2017-05-19,1,0,-17.012448132780868,-6.382978723405168,1.0483870967742028,0,2010-2017
2017-05-23,2017-05-24,1,1,2.7088036117377627,21.54255319148891,0.7662337662337706,0,2010-2017
2017-05-25,2017-05-26,1,1,31.078224101480885,61.30952380952516,0.3768115942028854,0,2010-2017
2017-05-30,2017-05-31,1,1,-5.737704918034066,8.227848101263845,0.8923076923077116,0,2010-2017
2017-06-01,2017-06-02,1,1,-61.29707112970664,-70.6948640483377,1.6617647058823464,0,2010-2017
2017-06-06,2017-06-07,1,1,65.44117647058752,81.5270935960584,0.18072289156627191,0,2010-2017
2017-06-08,2017-06-09,1,1,57.76699029126122,94.3310657596359,0.05555555555556819,0,2010-2017
2017-06-13,2017-06-14,1,1,65.71969696969697,76.89463955637709,0.22727272727272727,0,2010-2017
2017-06-15,2017-06-16,1,1,23.585726718885706,40.18563080096222,0.5819397993311067,0,2010-2017
2017-06-20,2017-06-21,1,0,60.361842105262234,94.39461883407945,0.054945054945067434,0,2010-2017
2017-06-22,2017-06-23,1,0,55.63298490127798,78.86393659181023,0.20512820512820074,0,2010-2017
2017-06-27,2017-06-28,1,0,-52.879581151833165,-45.7085828343321,1.4313725490196156,0,2010-2017
2017-06-29,2017-06-30,1,0,44.00831817000313,81.36897529364198,0.18326693227090818,0,2010-2017
2017-07-06,2017-07-07,1,0,-16.217833632555017,-9.252304540798525,1.0774410774410736,0,2010-2017
2017-07-11,2017-07-12,1,0,-98.33818030743579,-126.41509433962146,2.2122905027932847,0,2010-2017
2017-07-13,2017-07-14,1,1,-50.323974082072574,-54.761904761903594,1.5072463768115827,0,2010-2017
2017-07-18,2017-07-19,1,1,-98.8452655889156,-103.55191256830724,1.9866666666666788,0,2010-2017
2017-07-20,2017-07-21,1,1,58.67579908675643,85.1752021563324,0.1447368421052811,0,2010-2017
2017-07-25,2017-07-26,1,1,61.830357142855874,93.16939890710228,0.06666666666668182,0,2010-2017
2017-07-27,2017-07-28,1,1,50.37593984962451,88.56489422527223,0.11173184357541265,0,2010-2017
2017-07-31,2017-08-02,2,1,32.09144792548706,54.49844881075515,0.44444444444444214,0,2010-2017
2017-08-03,2017-08-04,1,1,26.632370399682966,53.730480046268866,0.45197740112994994,0,2010-2017
2017-08-08,2017-08-09,1,1,40.41095890410842,66.74876847290516,0.3253012048192894,0,2010-2017
2017-08-10,2017-08-11,1,0,64.28398352313963,93.22868574946054,0.0668693009118624,0,2010-2017
2017-08-15,2017-08-16,1,0,65.88785046728825,90.26763990267487,0.09523809523811012,0,2010-2017
2017-08-17,2017-08-18,1,0,33.86308068459643,48.47328244274795,0.5094339622641524,0,2010-2017
2017-08-22,2017-08-23,1,0,-36.91588785046822,-22.762148337596923,1.20000000000001,0,2010-2017
2017-08-24,2017-08-25,1,0,33.51623228166508,48.30062230732484,0.5070422535211193,0,2010-2017
2017-08-29,2017-08-30,1,0,-23.566878980891087,-17.913832199545595,1.1555555555555468,0,2010-2017
2017-08-31,2017-09-01,1,1,23.620309050773123,48.78706199460978,0.499999999999994,0,2010-2017
2017-09-05,2017-09-06,1,0,-0.999091734786256,13.085004775549509,0.8504672897196232,0,2010-2017
2017-09-07,2017-09-08,1,0,21.598147075855376,43.36060415355713,0.5521472392637897,0,2010-2017
2017-09-12,2017-09-13,1,1,39.931740614333286,68.53146853146734,0.3050847457627234,0,2010-2017
2017-09-14,2017-09-15,1,1,30.548302872062678,45.82881906825569,0.5338078291814946,0,2010-2017
2017-09-19,2017-09-20,1,1,62.81755196304809,88.6363636363632,0.11111111111111531,0,2010-2017
2017-09-21,2017-09-22,1,1,46.51639344262365,88.92405063291248,0.10769230769229719,0,2010-2017
2017-09-26,2017-09-27,1,0,-50.3171247357295,-53.27380952380971,1.4927536231884075,0,2010-2017
2017-09-28,2017-09-29,1,1,-40.893978574066395,-59.04572564612174,1.5483870967741789,0,2010-2017
2017-10-03,2017-10-04,1,1,-14.154317833418142,-8.285479901558087,1.039370078740152,0,2010-2017
2017-10-05,2017-10-06,1,1,43.44262295082026,84.17721518987432,0.15384615384614508,0,2010-2017
2017-10-10,2017-10-11,1,1,-4.397705544933082,11.032028469750898,0.8620689655172413,0,2010-2017
2017-10-12,2017-10-13,1,1,11.68032786885281,34.08360128617417,0.6406249999999948,0,2010-2017
2017-10-17,2017-10-18,1,1,-1.2066365007539648,8.244680851064132,0.8961038961038932,0,2010-2017
2017-10-19,2017-10-20,1,1,-100.0,-136.60714285713914,2.30434782608692,0,2010-2017
2017-10-24,2017-10-25,1,1,-66.5226781857449,-71.96531791907483,1.676056338028166,0,2010-2017
2017-10-26,2017-10-27,1,0,-100.0,-108.1280788177337,2.03614457831325,0,2010-2017
2017-10-31,2017-11-01,1,1,19.854721549637897,37.95620437956315,0.6071428571428463,0,2010-2017
2017-11-02,2017-11-03,1,1,-13.651315789472749,-6.502242152465092,1.0439560439560314,0,2010-2017
2017-11-07,2017-11-08,1,1,0.4566210045656908,14.12742382271405,0.837837837837844,0,2010-2017
2017-11-09,2017-11-10,1,1,66.08996539792527,91.76954732510451,0.08080808080806473,0,2010-2017
2017-11-14,2017-11-15,1,1,-100.0,-87.57467144563836,1.8255813953488291,0,2010-2017
2017-11-16,2017-11-17,1,1,7.843137254901396,27.230046948356275,0.7126436781609248,0,2010-2017
2017-11-21,2017-11-22,1,1,31.96229648671496,56.9691300280602,0.41441441441444726,0,2010-2017
2017-11-28,2017-11-29,1,1,38.646288209604975,68.14404432132713,0.29113924050635215,0,2010-2017
2017-11-30,2017-12-01,1,1,34.39556633183219,55.002008838890944,0.4426877470355749,0,2010-2017
2017-12-05,2017-12-06,1,1,43.51272423863389,70.19691325173255,0.2901554404144795,0,2010-2017
2017-12-07,2017-12-08,1,1,-98.85844748858551,-88.13131313131427,1.8395061728395172,0,2010-2017
2017-12-12,2017-12-13,1,1,47.021546261090755,73.59065515490188,0.25870646766168254,0,2010-2017
2017-12-14,2017-12-15,1,1,24.40795705715359,34.995266645631254,0.6377708978328005,0,2010-2017
2017-12-19,2017-12-20,1,1,29.870129870130825,52.85489785227988,0.46153846153844985,0,2010-2017
2017-12-21,2017-12-22,1,1,68.17155756207778,98.63387978142201,0.013333333333321207,0,2010-2017
2017-12-26,2017-12-27,1,1,21.43514259430081,40.81810269800261,0.5714285714285294,0,2010-2017
2017-12-28,2017-12-29,1,1,-100.0,-85.27708850289572,1.7920000000000074,0,2010-2017
2018-01-02,2018-01-03,1,1,-100.0,-164.60711887172965,2.575163398692846,0,2018-2026
2018-01-04,2018-01-05,1,1,-100.0,-132.044198895026,2.2634730538921994,0,2018-2026
2018-01-09,2018-01-10,1,1,30.40901007706256,51.923076923079655,0.4705882352940909,0,2018-2026
2018-01-11,2018-01-12,1,1,-100.0,-153.98936170213096,2.4805194805195128,0,2018-2026
2018-01-16,2018-01-17,1,1,-77.22095671981907,-90.89574155653615,1.8840579710145093,0,2018-2026
2018-01-18,2018-01-19,1,1,-19.191919191918856,-6.81114551083554,1.0534351145038132,0,2018-2026
2018-01-23,2018-01-24,1,1,45.96585202544402,71.79374173644838,0.2770562770562711,0,2018-2026
2018-01-25,2018-01-26,1,1,-71.64729231641621,-122.62640960349233,2.193548387096776,0,2018-2026
2018-01-30,2018-01-31,1,1,79.64071856287319,95.16207063376766,0.04784688995216399,0,2018-2026
2018-02-01,2018-02-02,1,1,-100.0,-248.35708054667106,3.4326647564469965,0,2018-2026
2018-02-06,2018-02-07,1,0,42.82860567319172,67.60259179265606,0.3183962264150997,0,2018-2026
2018-02-08,2018-02-09,1,0,29.826112584733316,47.91364120437608,0.5168107588856864,0,2018-2026
2018-02-13,2018-02-14,1,0,-20.589903573454013,-13.776137761377255,1.1280487804878012,0,2018-2026
2018-02-15,2018-02-16,1,1,49.16885389326446,70.38152610441894,0.2920792079207796,0,2018-2026
2018-02-20,2018-02-21,1,0,-9.950472760017995,0.34877927254609453,0.9803921568627451,0,2018-2026
2018-02-22,2018-02-23,1,0,-88.33928907278532,-99.57132650631092,1.962529274004683,0,2018-2026
2018-02-23,2018-02-26,3,1,-54.24567188788072,-64.95433789954255,1.6235955056179696,1,2018-2026
2018-02-27,2018-02-28,1,0,-65.76319543509373,-58.81970058581143,1.5741935483871075,0,2018-2026
2018-03-01,2018-03-02,1,0,39.587001760845666,57.33532934131787,0.4222222222222171,0,2018-2026
2018-03-02,2018-03-05,3,0,-0.12529085376692198,12.022292993631403,0.8666666666666586,1,2018-2026
2018-03-06,2018-03-07,1,0,60.62513566312083,84.08065799946876,0.1574803149606359,0,2018-2026
2018-03-08,2018-03-09,1,1,-100.0,-167.91120080726546,2.655000000000001,0,2018-2026
2018-03-09,2018-03-12,3,1,58.750398469876274,70.16671541386424,0.29394812680114746,1,2018-2026
2018-03-13,2018-03-14,1,1,14.300100704933627,28.983833718243762,0.7028571428571533,0,2018-2026
2018-03-15,2018-03-16,1,0,35.093644458089564,49.66970745517387,0.49535603715170984,0,2018-2026
2018-03-16,2018-03-19,3,0,-73.66341848828021,-248.19697557192777,3.414448669201528,1,2018-2026
2018-03-20,2018-03-21,1,0,57.76796467282246,75.3992231333624,0.2435897435897407,0,2018-2026
2018-03-22,2018-03-23,1,0,-85.49488054607535,-81.13093438161503,1.7934131736526975,0,2018-2026
2018-03-23,2018-03-26,3,0,-44.95765973825994,-44.23302795395788,1.4245939675173984,1,2018-2026
2018-03-27,2018-03-28,1,0,42.83606315478753,60.23311621528882,0.390572390572399,0,2018-2026
2018-03-28,2018-03-29,1,0,-25.37535305485385,-21.09646079111759,1.1993127147766354,0,2018-2026
2018-03-29,2018-04-02,4,0,-100.0,-127.9061562885863,2.2469565217391234,1,2018-2026
2018-04-03,2018-04-04,1,0,-20.38169077083594,-16.65790856542243,1.1502590673575073,0,2018-2026
2018-04-05,2018-04-06,1,0,-100.0,-140.27858386535027,2.3838771593090127,0,2018-2026
2018-04-06,2018-04-09,3,0,52.22511466468295,74.17029584021584,0.2555720653789045,1,2018-2026
2018-04-10,2018-04-11,1,0,42.57900254605333,56.63577548522437,0.4298093587521696,0,2018-2026
2018-04-12,2018-04-13,1,0,2.574027482097053,16.45969744863298,0.8277404921700325,0,2018-2026
2018-04-13,2018-04-16,3,0,-10.417094719539477,-0.34602076124538694,0.9914529914529886,1,2018-2026
2018-04-17,2018-04-18,1,1,41.83123877917442,60.302457466919,0.39130434782608414,0,2018-2026
2018-04-19,2018-04-20,1,0,-45.7478005865096,-47.348951911219885,1.4484848484848403,0,2018-2026
2018-04-20,2018-04-23,3,0,71.75053429182108,96.28684149454703,0.036781609195394985,1,2018-2026
2018-04-24,2018-04-25,1,0,23.670452496845414,35.77418695029688,0.6369168356997943,0,2018-2026
2018-04-26,2018-04-27,1,0,69.2573402417969,95.70354457572589,0.042553191489353236,0,2018-2026
2018-04-27,2018-04-30,3,0,-27.67453540934215,-22.11025489033801,1.2046783625731008,1,2018-2026
2018-04-30,2018-05-02,2,0,-1.0328349005709903,7.362459546924738,0.9160000000000081,0,2018-2026
2018-05-03,2018-05-04,1,0,-78.20769401823398,-78.21782178217775,1.759398496240597,0,2018-2026
2018-05-04,2018-05-07,3,0,48.254423720708864,75.41487400123066,0.24242424242422866,1,2018-2026
2018-05-08,2018-05-09,1,0,-68.36020687557154,-59.536828562239805,1.5746031746031859,0,2018-2026
2018-05-10,2018-05-11,1,1,38.187221396732056,52.66272189349215,0.46715328467152284,0,2018-2026
2018-05-11,2018-05-14,3,1,41.48615300246692,68.99224806201434,0.305454545454557,1,2018-2026
2018-05-15,2018-05-16,1,0,-11.539411910055824,-3.3544877606515233,1.0208955223880474,0,2018-2026
2018-05-17,2018-05-18,1,1,33.72093023255631,49.30875576036674,0.500000000000019,0,2018-2026
2018-05-18,2018-05-21,3,1,-53.82395382395481,-43.96284829721465,1.4198473282442852,1,2018-2026
2018-05-22,2018-05-23,1,1,12.060129825759212,26.148561614425624,0.725738396624484,0,2018-2026
2018-05-24,2018-05-25,1,1,10.453648915187832,25.925925925926556,0.7256637168141532,0,2018-2026
2018-05-25,2018-05-29,4,1,-94.21463696846845,-101.458839874955,1.979522184300326,1,2018-2026
2018-05-29,2018-05-30,1,0,-78.6643908683593,-93.04394715556667,1.909333333333325,0,2018-2026
2018-05-31,2018-06-01,1,0,-79.02307461791894,-72.13380967846554,1.6932907348242667,0,2018-2026
2018-06-01,2018-06-04,3,1,-19.477693144721524,-4.550582925910961,1.025830258302573,1,2018-2026
2018-06-05,2018-06-06,1,1,-100.0,-129.32846048423855,2.2511210762331757,0,2018-2026
2018-06-07,2018-06-08,1,1,20.586275816122726,38.77551020408184,0.5999999999999981,0,2018-2026
2018-06-08,2018-06-11,3,1,38.47251962883638,56.14722004698495,0.4307692307692325,1,2018-2026
2018-06-12,2018-06-13,1,1,42.80456385719531,57.23558610156532,0.4194756554307133,0,2018-2026
2018-06-14,2018-06-15,1,1,3.359173126614439,13.304434811603114,0.8524590163934501,0,2018-2026
2018-06-15,2018-06-18,3,0,39.53488372092975,64.81178396071957,0.34400000000000547,1,2018-2026
2018-06-19,2018-06-20,1,0,22.299969577121445,34.63189171343618,0.6449511400651524,0,2018-2026
2018-06-21,2018-06-22,1,0,36.69769720725234,57.15147857574052,0.42261904761903546,0,2018-2026
2018-06-22,2018-06-25,3,0,-100.0,-172.69612881123794,2.680134680134693,1,2018-2026
2018-06-26,2018-06-27,1,0,-84.22808613891472,-79.14351095129183,1.7620578778135105,0,2018-2026
2018-06-28,2018-06-29,1,0,73.10313493866434,90.38947900859901,0.09499999999999886,0,2018-2026
2018-06-29,2018-07-02,3,0,68.37704294944915,96.6737942504161,0.03278688524589845,1,2018-2026
2018-07-05,2018-07-06,1,0,-62.18487394958011,-53.696498054475015,1.5095541401273915,0,2018-2026
2018-07-06,2018-07-09,3,1,-67.39711384286406,-58.33057303742868,1.5570032573289811,1,2018-2026
2018-07-10,2018-07-11,1,1,-73.87328543435811,-89.70189701897225,1.858407079646038,0,2018-2026
2018-07-12,2018-07-13,1,1,28.772635814890396,49.87035436473777,0.4915254237288,0,2018-2026
2018-07-13,2018-07-16,3,1,20.760534429600348,46.808510638299744,0.5199999999999818,1,2018-2026
2018-07-17,2018-07-18,1,1,64.41821247891976,94.9596774193537,0.04950495049506076,0,2018-2026
2018-07-19,2018-07-20,1,1,50.57393652937326,76.2532981530359,0.2327586206896395,0,2018-2026
2018-07-20,2018-07-23,3,1,50.56628914057233,79.07585004359119,0.20512820512821292,1,2018-2026
2018-07-24,2018-07-25,1,1,-100.0,-169.6436238729057,2.627615062761495,0,2018-2026
2018-07-26,2018-07-27,1,1,-66.86640817765053,-59.90547459629559,1.5675675675675467,0,2018-2026
2018-07-27,2018-07-30,3,1,-20.27334851936348,-9.439124487005646,1.07382550335572,1,2018-2026
2018-08-02,2018-08-03,1,1,-26.31122670134176,-12.24987798926084,1.1004784688994997,0,2018-2026
2018-08-03,2018-08-06,3,1,-27.175843694494382,-11.111111111111747,1.082568807339456,1,2018-2026
2018-08-07,2018-08-08,1,1,70.51509769094278,91.93548387096935,0.07920792079206344,0,2018-2026
2018-08-09,2018-08-10,1,1,-100.0,-164.2343836373672,2.583783783783769,0,2018-2026
2018-08-10,2018-08-13,3,0,22.13285671730779,40.23277760302054,0.58823529411764,1,2018-2026
2018-08-14,2018-08-15,1,1,-82.70701696042629,-94.02338674751056,1.9063829787234123,0,2018-2026
2018-08-16,2018-08-17,1,1,8.284883720930903,24.174174174174873,0.7481481481481413,0,2018-2026
2018-08-17,2018-08-20,3,1,26.860382707301234,44.40093970242916,0.5461538461538304,1,2018-2026
2018-08-21,2018-08-22,1,1,53.14907113729025,71.4153988012907,0.2805429864253414,0,2018-2026
2018-08-23,2018-08-24,1,1,-65.4564681001051,-63.481089873931715,1.5889328063241033,0,2018-2026
2018-08-24,2018-08-27,3,1,-81.71129980405144,-96.98314108252238,1.9304347826087196,1,2018-2026
2018-08-28,2018-08-29,1,1,-52.25464190981253,-40.79074252651681,1.3773584905660183,0,2018-2026
2018-08-30,2018-08-31,1,1,61.73851086569162,81.66600239138955,0.1803921568627594,0,2018-2026
2018-08-31,2018-09-04,4,1,72.23837209302357,90.16641452344967,0.09629629629629292,1,2018-2026
2018-09-04,2018-09-05,1,1,2.0608439646713825,17.50767880649429,0.8068669527896976,0,2018-2026
2018-09-06,2018-09-07,1,0,11.63125675189136,28.544565626176116,0.7011070110701023,0,2018-2026
2018-09-07,2018-09-10,3,0,41.92785334121687,60.7072691552048,0.38709677419356303,1,2018-2026
2018-09-11,2018-09-12,1,1,54.20251489079975,84.64317976512955,0.15044247787612025,0,2018-2026
2018-09-13,2018-09-14,1,1,37.812230835488606,61.05160662122909,0.3809523809523593,0,2018-2026
2018-09-14,2018-09-17,3,1,-70.96498719043767,-61.63583252191091,1.580952380952405,1,2018-2026
2018-09-18,2018-09-19,1,1,58.94641235240692,76.56982193064667,0.2293577981651376,0,2018-2026
2018-09-20,2018-09-21,1,1,-7.0949849780452645,-1.0512037978982145,0.9900332225913683,0,2018-2026
2018-09-21,2018-09-24,3,0,6.73011556764059,22.305764411027017,0.7622950819672186,1,2018-2026
2018-09-25,2018-09-26,1,1,-3.9829302987181645,7.407407407409254,0.9055118110236041,0,2018-2026
2018-09-27,2018-09-28,1,0,49.984311264511234,62.44998461064859,0.3708206686930174,0,2018-2026
2018-10-02,2018-10-03,1,1,53.43443354148325,72.99903567984835,0.26415094339620065,0,2018-2026
2018-10-04,2018-10-05,1,0,28.244952296427183,44.89947877885265,0.5454545454545521,0,2018-2026
2018-10-05,2018-10-08,3,0,66.00946372239665,87.16530205797652,0.12691466083151878,1,2018-2026
2018-10-09,2018-10-10,1,0,-100.0,-410.85141903171996,5.043956043956048,0,2018-2026
2018-10-11,2018-10-12,1,0,43.14458177637302,57.637729549249315,0.42028985507245814,0,2018-2026
2018-10-12,2018-10-15,3,0,36.89356901090585,56.76586187535035,0.4265927977839392,1,2018-2026
2018-10-16,2018-10-17,1,0,61.627267729522615,95.5212739487447,0.044226044226031935,0,2018-2026
2018-10-18,2018-10-19,1,0,75.46819638940401,89.40677966101654,0.10489510489510888,0,2018-2026
2018-10-19,2018-10-22,3,0,32.9621745537908,48.424068767908395,0.5106382978723396,1,2018-2026
2018-10-23,2018-10-24,1,0,-100.0,-218.24764663287544,3.1505376344086096,0,2018-2026
2018-10-25,2018-10-26,1,0,-78.99555675239066,-80.75525359456557,1.7902973395931228,0,2018-2026
2018-10-26,2018-10-29,3,0,49.70275626013337,66.41494435612087,0.33333333333333287,1,2018-2026
2018-10-30,2018-10-31,1,0,-7.714666343708309,-0.9023789991795925,0.9999999999999994,0,2018-2026
2018-11-01,2018-11-02,1,0,33.87352474898755,51.9423307969568,0.47619047619047167,0,2018-2026
2018-11-02,2018-11-05,3,0,37.609153869316295,50.93498027105826,0.4855687606112078,1,2018-2026
2018-11-06,2018-11-07,1,0,-73.93507903945978,-72.37213048731415,1.7142857142857184,0,2018-2026
2018-11-08,2018-11-09,1,1,1.2548680225000115,12.49341064839089,0.8645833333333462,0,2018-2026
2018-11-09,2018-11-12,3,0,-100.0,-179.59990695510538,2.7632183908045933,1,2018-2026
2018-11-13,2018-11-14,1,0,23.54521038495934,35.57325943886341,0.6391752577319634,0,2018-2026
2018-11-15,2018-11-16,1,0,42.76272306675455,57.88722341184843,0.4169611307420519,0,2018-2026
2018-11-16,2018-11-19,3,0,-95.75746862294487,-105.95062249419686,2.0375782881002067,1,2018-2026
2018-11-20,2018-11-21,1,0,75.8422350041089,97.44163735209517,0.025316455696197494,0,2018-2026
2018-11-27,2018-11-28,1,0,-100.0,-199.26335174953954,2.954545454545454,0,2018-2026
2018-11-29,2018-11-30,1,1,41.55052264808361,60.927324824172956,0.3856041131105399,0,2018-2026
2018-11-30,2018-12-03,3,1,21.731766698422792,30.73316283034955,0.6885593220338982,1,2018-2026
2018-12-06,2018-12-07,1,0,-95.40722596448325,-93.2606541129839,1.9117647058823604,0,2018-2026
2018-12-07,2018-12-10,3,0,38.940748747174844,54.87491232172067,0.4477958236658949,1,2018-2026
2018-12-11,2018-12-12,1,0,66.01029990911904,82.86373372878624,0.16965742251222896,0,2018-2026
2018-12-13,2018-12-14,1,0,-100.0,-93.28703703703668,1.9122137404580117,0,2018-2026
2018-12-14,2018-12-17,3,0,-40.83300895289993,-35.55427914991382,1.3447293447293445,1,2018-2026
2018-12-18,2018-12-19,1,0,-10.576096302665379,-4.509973980919191,1.0387931034482742,0,2018-2026
2018-12-20,2018-12-21,1,0,-41.38639558775801,-39.13729615991561,1.374025974025972,0,2018-2026
2018-12-27,2018-12-28,1,0,55.054369714055376,70.60153776571661,0.29147982062780525,0,2018-2026
2018-12-28,2018-12-31,3,0,24.17685794920035,33.507170795306344,0.656652360515022,1,2018-2026
2018-12-31,2019-01-02,2,0,49.82772035122839,66.52941957763339,0.3320158102766774,0,2018-2026
2019-01-03,2019-01-04,1,0,-98.51521900519667,-98.16220535357564,1.9656538969616901,0,2018-2026
2019-01-04,2019-01-07,3,0,23.958680439853367,36.07469922786853,0.632326820603908,1,2018-2026
2019-01-08,2019-01-09,1,0,33.29030175891546,47.49952098103067,0.5199240986717285,0,2018-2026
2019-01-10,2019-01-11,1,1,80.19257221458078,96.58036150464127,0.03381642512076965,0,2018-2026
2019-01-11,2019-01-14,3,0,7.174103237094864,17.531258313380622,0.8136482939632605,1,2018-2026
2019-01-15,2019-01-16,1,0,56.330087134803264,74.81813094571972,0.24861878453038044,0,2018-2026
2019-01-17,2019-01-18,1,1,-100.0,-112.55776026094185,2.096514745308325,0,2018-2026
2019-01-18,2019-01-22,4,1,-60.96096096095989,-64.84395838890237,1.622047244094475,1,2018-2026
2019-01-22,2019-01-23,1,0,22.881355932203306,37.67840152235954,0.6150234741784049,0,2018-2026
2019-01-24,2019-01-25,1,0,-40.955716787590354,-34.92294271590537,1.329512893982804,0,2018-2026
2019-01-25,2019-01-28,3,1,-33.106872223675325,-26.53177543459829,1.2436974789916118,1,2018-2026
2019-01-29,2019-01-30,1,0,-83.01222291278123,-75.95181759518069,1.7441364605543606,0,2018-2026
2019-01-31,2019-02-01,1,1,80.56195301704359,96.12965650701577,0.038277511961714875,0,2018-2026
2019-02-01,2019-02-04,3,1,-36.447410231966934,-23.114804555247765,1.21580547112462,1,2018-2026
2019-02-05,2019-02-06,1,1,67.58074344911638,83.94348105330765,0.1582278481012658,0,2018-2026
2019-02-07,2019-02-08,1,0,50.54835493519351,71.29186602870705,0.28402366863906403,0,2018-2026
2019-02-08,2019-02-11,3,1,25.60128273650576,36.708860759494925,0.6249999999999876,1,2018-2026
2019-02-12,2019-02-13,1,1,17.033603707994295,31.08298171589184,0.6805555555555682,0,2018-2026
2019-02-14,2019-02-15,1,1,-46.5317919075138,-46.4460784313717,1.4484848484848403,0,2018-2026
2019-02-15,2019-02-19,4,1,54.33610975012135,78.35497835497695,0.2134146341463553,1,2018-2026
2019-02-19,2019-02-20,1,1,80.60695780903018,95.44419134396338,0.04477611940298678,0,2018-2026
2019-02-21,2019-02-22,1,1,-49.95635728833206,-47.63711624698075,1.4508474576271093,0,2018-2026
2019-02-22,2019-02-25,3,1,38.57998289136052,59.12513445679504,0.40282685512367006,1,2018-2026
2019-02-26,2019-02-27,1,1,65.10432416087198,81.93375710940236,0.1782178217821662,0,2018-2026
2019-02-28,2019-03-01,1,0,-61.367013372958255,-46.44970414201315,1.4452554744525679,0,2018-2026
2019-03-01,2019-03-04,3,1,5.780128447297101,16.949792374479234,0.8178438661710205,1,2018-2026
2019-03-05,2019-03-06,1,1,-78.35497835497753,-71.60686427457009,1.6923076923076839,0,2018-2026
2019-03-07,2019-03-08,1,0,58.84476534295946,75.15527950310464,0.2461538461538555,0,2018-2026
2019-03-08,2019-03-11,3,0,-100.0,-137.84355179704016,2.356020942408377,1,2018-2026
2019-03-12,2019-03-13,1,1,-32.21320973348692,-30.52781740370784,1.2887323943661861,0,2018-2026
2019-03-14,2019-03-15,1,1,65.26348612410209,77.77072086376484,0.2194357366771302,0,2018-2026
2019-03-15,2019-03-18,3,1,18.295371050699018,31.90512624330633,0.6691729323308168,1,2018-2026
2019-03-19,2019-03-20,1,1,50.14887282007541,74.13318657126983,0.25543478260871044,0,2018-2026
2019-03-21,2019-03-22,1,1,-100.0,-274.7148908439232,3.6977491961414795,0,2018-2026
2019-03-22,2019-03-25,3,0,48.69613464028047,61.7859231819061,0.379110251450684,1,2018-2026
2019-03-26,2019-03-27,1,0,64.52896948253107,85.1616322204572,0.14659685863872915,0,2018-2026
2019-03-28,2019-03-29,1,1,3.8511466897437083,13.373037357876418,0.8556149732620442,0,2018-2026
2019-03-29,2019-04-01,3,1,-94.44724886420931,-103.35932813437229,2.0059171597633054,1,2018-2026
2019-04-02,2019-04-03,1,1,44.15726246814838,58.54922279792891,0.40784313725488774,0,2018-2026
2019-04-04,2019-04-05,1,1,-13.580246913578648,-2.2044088176334404,1.006578947368403,0,2018-2026
2019-04-05,2019-04-08,3,1,60.91109478324744,76.09868928296049,0.2348484848484866,1,2018-2026
2019-04-09,2019-04-10,1,1,24.72647702406853,38.616938616937034,0.6030534351145194,0,2018-2026
2019-04-11,2019-04-12,1,1,-67.2346002621232,-90.8931698774086,1.8793103448275918,0,2018-2026
2019-04-12,2019-04-15,3,1,69.66406515100098,100.0,0.0,1,2018-2026
2019-04-16,2019-04-17,1,1,39.83050847457756,57.09570957095861,0.4227642276422616,0,2018-2026
2019-04-17,2019-04-18,1,1,39.551192145863176,58.93719806763358,0.40476190476189755,0,2018-2026
2019-04-18,2019-04-22,4,1,57.15823466092559,75.86609575710376,0.23754789272030824,1,2018-2026
2019-04-23,2019-04-24,1,1,58.47187831623691,78.76684360963733,0.20883534136545454,0,2018-2026
2019-04-25,2019-04-26,1,1,14.621601763409425,28.07957153787318,0.7067669172932314,0,2018-2026
2019-04-26,2019-04-29,3,1,19.550315327666944,39.01078467831959,0.6007326007325957,1,2018-2026
2019-05-02,2019-05-03,1,0,-76.18444388142755,-74.69011242432822,1.726495726495711,0,2018-2026
2019-05-03,2019-05-06,3,1,-3.4267912772578555,8.212560386474529,0.9047619047618939,1,2018-2026
2019-05-07,2019-05-08,1,0,72.50673854447433,81.88874514877095,0.1794871794871802,0,2018-2026
2019-05-09,2019-05-10,1,0,57.14736509940101,74.89029741589536,0.24939467312348007,0,2018-2026
2019-05-10,2019-05-13,3,0,-100.0,-116.05550049554081,2.144262295081974,1,2018-2026
2019-05-14,2019-05-15,1,0,23.25331422429229,35.189031990028994,0.6419753086419763,0,2018-2026
2019-05-16,2019-05-17,1,0,8.917631041523814,21.741257031057835,0.7748184019370571,0,2018-2026
2019-05-17,2019-05-20,3,0,13.480578827114197,23.83107088989511,0.7565543071160981,1,2018-2026
2019-05-21,2019-05-22,1,0,37.8221988427146,50.75545607162869,0.4861878453038649,0,2018-2026
2019-05-23,2019-05-24,1,0,30.920702501330428,46.07944021403571,0.5336048879837076,0,2018-2026
2019-05-24,2019-05-28,4,0,-20.101688759760712,-14.076186596048522,1.131313131313136,1,2018-2026
2019-05-28,2019-05-29,1,0,1.8468710776394122,8.358082308017615,0.9075630252100946,0,2018-2026
2019-05-30,2019-05-31,1,0,-65.62623468984572,-66.74322462103788,1.6499999999999977,0,2018-2026
2019-05-31,2019-06-03,3,0,55.167126648267484,68.07607403633902,0.31703204047217465,1,2018-2026
2019-06-04,2019-06-05,1,0,-48.426780222381126,-38.93530675579016,1.375886524822707,0,2018-2026
2019-06-06,2019-06-07,1,1,-40.71830376460388,-38.63995782814947,1.3697916666666643,0,2018-2026
2019-06-07,2019-06-10,3,1,46.16670647241474,56.37038756091911,0.432183908045976,1,2018-2026
2019-06-11,2019-06-12,1,1,45.148968678381586,61.865649750661355,0.37681159420288535,0,2018-2026
2019-06-13,2019-06-14,1,1,63.57795898196205,88.30409356725161,0.11550151975683752,0,2018-2026
2019-06-14,2019-06-17,3,1,74.63617463617453,95.95823509599177,0.039867109634553005,1,2018-2026
2019-06-18,2019-06-19,1,1,63.777203983769745,77.48291113791707,0.22310756972111645,0,2018-2026
2019-06-20,2019-06-21,1,1,-3.8417299286876103,7.929621595563992,0.9073634204275653,0,2018-2026
2019-06-21,2019-06-24,3,1,-3.3018867924536317,9.454061251663552,0.8947368421052722,1,2018-2026
2019-06-25,2019-06-26,1,0,53.17559153175463,65.8659924146637,0.3375000000000128,0,2018-2026
2019-06-27,2019-06-28,1,1,9.447004608293621,24.760601915183134,0.7432432432432586,0,2018-2026
2019-07-02,2019-07-05,3,1,-40.963231486277245,-29.173508483854043,1.275675675675683,1,2018-2026
2019-07-05,2019-07-08,3,1,2.690829214717428,14.84551620195966,0.8370370370370336,1,2018-2026
2019-07-09,2019-07-10,1,1,-13.449564134496498,-4.409857328146133,1.0320512820512908,0,2018-2026
2019-07-11,2019-07-12,1,1,-45.09541345831985,-45.51754006063289,1.429787234042559,0,2018-2026
2019-07-12,2019-07-15,3,1,23.389086920756792,41.61152199299339,0.5747126436781609,1,2018-2026
2019-07-16,2019-07-17,1,1,-100.0,-116.08527131783121,2.123809523809541,0,2018-2026
2019-07-18,2019-07-19,1,1,-37.89853063487638,-37.77940637596156,1.3574007220216573,0,2018-2026
2019-07-19,2019-07-22,3,0,76.13465584610799,95.49694435509855,0.044444444444440116,1,2018-2026
2019-07-23,2019-07-24,1,1,-43.171402383134335,-25.797629899726086,1.232142857142853,0,2018-2026
2019-07-25,2019-07-26,1,1,-41.3131900058111,-40.43754410726952,1.3819444444444509,0,2018-2026
2019-07-26,2019-07-29,3,1,37.88300835654723,56.73876871880352,0.42622950819670635,1,2018-2026
2019-07-30,2019-07-31,1,1,-29.74588938714517,-26.21359223300989,1.2530120481927731,0,2018-2026
2019-08-01,2019-08-02,1,0,-20.598388952819583,-14.507863580138158,1.1348511383537685,0,2018-2026
2019-08-02,2019-08-05,3,0,-85.9392575928009,-223.23232323232253,3.199999999999993,1,2018-2026
2019-08-06,2019-08-07,1,0,52.16006116987454,68.83038281131873,0.3097744360902173,0,2018-2026
2019-08-08,2019-08-09,1,0,23.058542413380113,36.40054127198806,0.6294642857142968,0,2018-2026
2019-08-09,2019-08-12,3,0,-96.61131819722051,-107.89138735680852,2.058823529411755,1,2018-2026
2019-08-13,2019-08-14,1,0,-100.0,-228.37645141576698,3.2565656565656576,0,2018-2026
2019-08-15,2019-08-16,1,0,-27.492447129909742,-24.23559703894475,1.2332268370607073,0,2018-2026
2019-08-16,2019-08-19,3,0,-30.608365019011472,-26.722817764165473,1.2585551330798488,1,2018-2026
2019-08-20,2019-08-21,1,0,18.106617647058503,30.984555984555655,0.6842105263157928,0,2018-2026
2019-08-22,2019-08-23,1,0,-100.0,-211.71463315768122,3.0883534136546174,0,2018-2026
2019-08-23,2019-08-26,3,0,21.181672025722925,30.80149114631811,0.6875000000000062,1,2018-2026
2019-08-27,2019-08-28,1,0,35.34566699123711,49.75443898753366,0.4981273408239641,0,2018-2026
2019-08-29,2019-08-30,1,1,78.90219110006684,98.08107459822402,0.019002375296921833,0,2018-2026
2019-08-30,2019-09-03,4,1,46.96892511462003,63.52313167259733,0.362831858407085,1,2018-2026
2019-09-03,2019-09-04,1,0,-49.53454189123113,-33.96481732070485,1.3258928571428692,0,2018-2026
2019-09-05,2019-09-06,1,1,68.2363013698633,96.26068376068413,0.03703703703703343,0,2018-2026
2019-09-06,2019-09-09,3,1,42.30856110232561,76.7364572947808,0.22950819672132639,1,2018-2026
2019-09-10,2019-09-11,1,1,-72.76688453159042,-104.84581497797505,2.021739130434798,0,2018-2026
2019-09-12,2019-09-13,1,1,11.808017452959447,29.8634182355121,0.6909090909090826,0,2018-2026
2019-09-13,2019-09-16,3,1,23.711340206187,41.74757281553572,0.5753424657534075,1,2018-2026
2019-09-17,2019-09-18,1,1,72.14397496087548,95.39594843462143,0.04566210045663139,0,2018-2026
2019-09-19,2019-09-20,1,1,-52.240067624683206,-51.69133192389032,1.4947916666666692,0,2018-2026
2019-09-20,2019-09-23,3,0,74.07493600186217,87.90416375901414,0.1195402298850533,1,2018-2026
2019-09-24,2019-09-25,1,0,11.713487760800982,28.395614231370658,0.7095343680709636,0,2018-2026
2019-09-26,2019-09-27,1,0,0.2155172413800523,10.966340933768409,0.8817204301075194,0,2018-2026
2019-09-27,2019-09-30,3,0,14.913544668587821,27.945859872611372,0.7154150197628468,1,2018-2026
2019-09-30,2019-10-02,2,0,-100.0,-277.7403035413145,3.7489539748953895,0,2018-2026
2019-10-03,2019-10-04,1,0,-79.65116279069781,-86.4471669218991,1.8517110266159713,0,2018-2026
2019-10-04,2019-10-07,3,1,39.194139194139716,57.70966975528694,0.41882352941175827,1,2018-2026
2019-10-08,2019-10-09,1,0,9.33491217682977,16.930527100017958,0.8243992606284725,0,2018-2026
2019-10-10,2019-10-11,1,0,-3.446495417580763,3.1059592807254908,0.9630723781388453,0,2018-2026
2019-10-11,2019-10-14,3,1,32.998374464312114,48.35599931141333,0.5110732538330494,1,2018-2026
2019-10-15,2019-10-16,1,1,39.831737742966325,60.52191368350787,0.38943894389437295,0,2018-2026
2019-10-17,2019-10-18,1,1,10.244988864143549,23.99403874813847,0.7499999999999867,0,2018-2026
2019-10-18,2019-10-21,3,1,-0.3067484662582479,11.02181400688798,0.8806818181818247,1,2018-2026
2019-10-22,2019-10-23,1,1,24.708624708623915,40.36061026352195,0.5890410958904203,0,2018-2026
2019-10-24,2019-10-25,1,1,-5.292479108634159,7.46753246753359,0.911999999999989,0,2018-2026
2019-10-25,2019-10-28,3,1,-53.43839541547442,-44.30577223089101,1.4230769230769404,1,2018-2026
2019-10-29,2019-10-30,1,1,19.433198380567493,32.62411347517812,0.6666666666666587,0,2018-2026
2019-10-31,2019-11-01,1,1,-100.0,-114.32731508444999,2.1149425287356363,0,2018-2026
2019-11-01,2019-11-04,3,1,-11.983032873805678,-7.028753993608207,1.0551181102362008,1,2018-2026
2019-11-05,2019-11-06,1,1,59.48855989232871,89.00169204737772,0.10833333333332955,0,2018-2026
2019-11-07,2019-11-08,1,1,5.769230769232162,20.79207920792249,0.7804878048780322,0,2018-2026
2019-11-08,2019-11-11,3,1,66.43454038997118,90.84858569051467,0.0901639344262407,1,2018-2026
2019-11-12,2019-11-13,1,1,33.471645919779135,51.365187713311165,0.47899159663864976,0,2018-2026
2019-11-14,2019-11-15,1,1,-87.28813559321985,-82.38993710691767,1.7984496124030955,0,2018-2026
2019-11-15,2019-11-18,3,1,43.523501973448155,61.37504828118965,0.3802281368821293,1,2018-2026
2019-11-19,2019-11-20,1,1,-13.77005347593446,-7.843137254900105,1.0614035087719118,0,2018-2026
2019-11-21,2019-11-22,1,0,18.29836829836671,32.732316227459975,0.6643835616438544,0,2018-2026
2019-11-22,2019-11-25,3,0,-89.83739837398528,-95.5074875208005,1.9262295081967395,1,2018-2026
2019-11-26,2019-11-27,1,1,-55.76619273301719,-63.26530612244874,1.5999999999999976,0,2018-2026
2019-12-03,2019-12-04,1,0,-32.03020879609184,-26.86183872624689,1.2538071065989984,0,2018-2026
2019-12-05,2019-12-06,1,1,-89.73429951690726,-84.72584856396762,1.8258064516128931,0,2018-2026
2019-12-06,2019-12-09,3,1,8.974358974359241,22.708618331053675,0.7635135135135105,1,2018-2026
2019-12-10,2019-12-11,1,1,27.210216110018415,44.5797807551751,0.5481927710843524,0,2018-2026
2019-12-12,2019-12-13,1,1,61.733161733160955,88.24731732243136,0.11616161616162535,0,2018-2026
2019-12-13,2019-12-16,3,1,-40.483323347313394,-43.88076812840302,1.422096317280448,1,2018-2026
2019-12-17,2019-12-18,1,1,63.8018200202229,93.98883641047718,0.05907172995780015,0,2018-2026
2019-12-19,2019-12-20,1,1,60.97431824199207,74.4373437065863,0.25205479452053675,0,2018-2026
2019-12-20,2019-12-23,3,1,57.70609318996334,78.02197802197719,0.2162162162162244,1,2018-2026
2019-12-26,2019-12-27,1,1,32.38770685579249,52.61845386533723,0.4634146341463359,0,2018-2026
2019-12-27,2019-12-30,3,1,-40.11329916374354,-40.572703607287934,1.3846153846153746,1,2018-2026
2019-12-30,2019-12-31,1,1,28.32680008252584,48.68838281925705,0.5071225071224994,0,2018-2026
2020-01-02,2020-01-03,1,1,-33.9655778011944,-28.44792095512574,1.2631578947368438,0,2018-2026
2020-01-03,2020-01-06,3,1,43.31826985151642,65.36572757818475,0.34271099744246336,1,2018-2026
2020-01-07,2020-01-08,1,1,-8.9347079037815,-2.0260492040538995,1.007142857142875,0,2018-2026
2020-01-09,2020-01-10,1,1,25.28473804100163,44.521497919555394,0.5479452054794599,0,2018-2026
2020-01-10,2020-01-13,3,1,-67.87626412849373,-60.05204944697328,1.5769230769230638,1,2018-2026
2020-01-14,2020-01-15,1,1,30.35467526485417,54.942837928714475,0.4437086092715337,0,2018-2026
2020-01-16,2020-01-17,1,1,-30.453108535299677,-21.333869023703553,1.193675889328056,0,2018-2026
2020-01-17,2020-01-21,4,1,29.356007805965618,49.796973052786505,0.4945454545454595,1,2018-2026
2020-01-21,2020-01-22,1,1,49.484536082475,72.3796033994344,0.27272727272726316,0,2018-2026
2020-01-23,2020-01-24,1,1,-100.0,-136.15160349854287,2.3309352517985675,0,2018-2026
2020-01-24,2020-01-27,3,0,-56.58383319051751,-62.495466086326346,1.6115107913669129,1,2018-2026
2020-01-28,2020-01-29,1,0,44.89185862493423,64.14748421267079,0.3555555555555537,0,2018-2026
2020-01-30,2020-01-31,1,0,-100.0,-147.99244213509678,2.453271028037383,0,2018-2026
2020-01-31,2020-02-03,3,0,30.56867173065107,47.86210257034995,0.5175332527206739,1,2018-2026
2020-02-04,2020-02-05,1,1,-57.64536970567096,-59.69899665551809,1.5850622406638974,0,2018-2026
2020-02-06,2020-02-07,1,1,-17.515769044153885,-7.3345259391777775,1.0588235294117714,0,2018-2026
2020-02-07,2020-02-10,3,1,2.5072110051032714,19.31248507997148,0.7990543735224575,1,2018-2026
2020-02-11,2020-02-12,1,1,-29.75480450629667,-28.56761803147639,1.2717678100263985,0,2018-2026
2020-02-13,2020-02-14,1,1,45.54794520547847,68.45425867507767,0.3125000000000119,0,2018-2026
2020-02-14,2020-02-18,4,1,69.9106938401639,85.95301525793072,0.1390887290167964,1,2018-2026
2020-02-18,2020-02-19,1,1,2.6731470230861376,18.227215980024845,0.8086419753086433,0,2018-2026
2020-02-20,2020-02-21,1,1,-77.19141323792527,-75.20080321285187,1.7363184079602036,0,2018-2026
2020-02-21,2020-02-24,3,0,-100.0,-284.46178979851055,3.8162162162162065,1,2018-2026
2020-02-25,2020-02-26,1,0,36.471385032170716,52.61675890863196,0.47058823529411714,0,2018-2026
2020-02-27,2020-02-28,1,0,11.3317259963129,21.42802654664769,0.7808946171341892,0,2018-2026
2020-02-28,2020-03-02,3,0,-57.709754616565945,-55.634405970879584,1.5455650060753328,1,2018-2026
2020-03-03,2020-03-04,1,0,-29.53523238380794,-26.640630001920563,1.2590706556333529,0,2018-2026
2020-03-05,2020-03-06,1,0,31.505811015664786,43.288962839711935,0.5625859697386486,0,2018-2026
2020-03-06,2020-03-09,3,0,-100.0,-147.33279798095683,2.4527872582480095,1,2018-2026
2020-03-10,2020-03-11,1,0,-32.70553380594632,-28.130331883978048,1.274220032840721,0,2018-2026
2020-03-12,2020-03-13,1,0,-36.56093489148585,-33.2441754064898,1.3256302521008407,0,2018-2026
2020-03-13,2020-03-16,3,0,-46.39244774106546,-45.69618680909212,1.4410319410319417,1,2018-2026
2020-03-17,2020-03-18,1,0,8.543949090646063,16.311300639658775,0.8306878306878314,0,2018-2026
2020-03-19,2020-03-20,1,0,-34.31266171438105,-28.25633112462552,1.2695417789757408,0,2018-2026
2020-03-20,2020-03-23,3,0,24.46489042233718,34.13815766716241,0.651831564532695,1,2018-2026
2020-03-24,2020-03-25,1,0,49.240818445299986,57.378078872986684,0.42353990191707536,0,2018-2026
2020-03-26,2020-03-27,1,0,53.86154461784709,62.2798791288944,0.3747412008281578,0,2018-2026
2020-03-27,2020-03-30,3,0,39.0073496052989,46.714198602185775,0.5305931807566564,1,2018-2026
2020-03-30,2020-03-31,1,0,40.71928554187815,54.054611733957294,0.45659603554340056,0,2018-2026
2020-03-31,2020-04-01,1,0,-71.98658512527132,-67.66720813616787,1.6659649122807023,0,2018-2026
2020-04-02,2020-04-03,1,0,48.84940285464609,58.113605544673774,0.415545590433483,0,2018-2026
2020-04-03,2020-04-06,3,0,-100.0,-160.64268058225787,2.5928961748633905,1,2018-2026
2020-04-07,2020-04-08,1,0,-4.8473967684023265,1.721087341161121,0.976038338658149,0,2018-2026
2020-04-08,2020-04-09,1,1,3.9778835816308047,11.7597435464819,0.8789915966386584,0,2018-2026
2020-04-09,2020-04-13,4,1,46.88340544965506,57.19795943760113,0.42574257425742545,1,2018-2026
2020-04-14,2020-04-15,1,1,-31.0090389227078,-26.79765039497649,1.2595573440643844,0,2018-2026
2020-04-16,2020-04-17,1,0,-58.360322013509766,-53.93782898003775,1.5301085883514316,0,2018-2026
2020-04-17,2020-04-20,3,1,14.938519229091737,22.692611096502315,0.7689625108979992,1,2018-2026
2020-04-21,2020-04-22,1,0,-2.488062327218003,3.887188050839484,0.9548387096774205,0,2018-2026
2020-04-23,2020-04-24,1,0,21.36021176949664,30.86195133045212,0.6877828054298689,0,2018-2026
2020-04-24,2020-04-27,3,0,24.039170264293723,33.254641055906994,0.6624068157614512,1,2018-2026
2020-04-28,2020-04-29,1,0,-58.77932133910265,-58.02910390605046,1.571065989847715,0,2018-2026
2020-04-30,2020-05-01,1,0,-83.12528895053124,-80.30753968253919,1.7906403940886653,0,2018-2026
2020-05-01,2020-05-04,3,0,70.83264360205251,87.03403565640183,0.12890995260663635,1,2018-2026
2020-05-05,2020-05-06,1,0,38.97481219620019,54.30251202565528,0.4535809018567585,0,2018-2026
2020-05-07,2020-05-08,1,0,-20.999776835527314,-16.23664321084128,1.1554404145077668,0,2018-2026
2020-05-08,2020-05-11,3,1,64.49885233358808,83.5673737675527,0.16320474777448407,1,2018-2026
2020-05-12,2020-05-13,1,0,-82.13809650759755,-77.958954174866,1.768156424581001,0,2018-2026
2020-05-14,2020-05-15,1,0,33.30236878773825,44.087085601187766,0.5566502463054164,0,2018-2026
2020-05-15,2020-05-18,3,0,-100.0,-122.37046920168997,2.2123893805309733,1,2018-2026
2020-05-19,2020-05-20,1,0,5.662351248856292,15.777493242282556,0.8373408769448316,0,2018-2026
2020-05-21,2020-05-22,1,0,66.43480460351547,87.29005901043982,0.126315789473689,0,2018-2026
2020-05-22,2020-05-26,4,0,-14.780292942743554,-9.129066107031077,1.086161879895568,1,2018-2026
2020-05-26,2020-05-27,1,1,-48.492036597764084,-40.28903771589773,1.391608391608398,0,2018-2026
2020-05-28,2020-05-29,1,1,77.13775965337044,98.57326294763843,0.014184397163123792,0,2018-2026
2020-05-29,2020-06-01,3,0,44.39946018893423,60.02024291498016,0.39698492462311163,1,2018-2026
2020-06-02,2020-06-03,1,1,-76.56481756155382,-77.39189649301937,1.7601351351351282,0,2018-2026
2020-06-04,2020-06-05,1,1,-100.0,-197.24535554131876,2.955414012738845,0,2018-2026
2020-06-05,2020-06-08,3,1,-30.3091738469336,-22.056289488799532,1.2142857142857142,1,2018-2026
2020-06-09,2020-06-10,1,1,24.001350286935764,35.567343770215835,0.6409266409266433,0,2018-2026
2020-06-11,2020-06-12,1,0,50.101419878296426,65.39370378839878,0.34420015163001993,0,2018-2026
2020-06-12,2020-06-15,3,0,27.912473829945693,39.891117905884514,0.5983667409057123,1,2018-2026
2020-06-16,2020-06-17,1,1,80.94608005292754,98.89032735343069,0.011029411764706301,0,2018-2026
2020-06-18,2020-06-19,1,0,31.360051852651722,50.88886046809014,0.48792884371029627,0,2018-2026
2020-06-19,2020-06-22,3,0,73.17141003059193,87.14577855682101,0.12803103782735692,1,2018-2026
2020-06-23,2020-06-24,1,1,-100.0,-137.73231715469947,2.361221779548469,0,2018-2026
2020-06-25,2020-06-26,1,0,-76.58513967775609,-70.71681523995625,1.698663426488459,0,2018-2026
2020-06-26,2020-06-29,3,0,21.027908261950717,31.255636837358324,0.683948155533401,1,2018-2026
2020-06-29,2020-06-30,1,0,-66.14652208410546,-61.263039188046974,1.6022408963585508,0,2018-2026
2020-06-30,2020-07-02,2,1,24.452932282963225,39.24921195911726,0.6051379638439595,0,2018-2026
2020-07-02,2020-07-06,4,1,-20.86236361246244,-9.180462443562977,1.0857142857142883,1,2018-2026
2020-07-07,2020-07-08,1,0,21.871871871872,34.501845018450325,0.6513761467889895,0,2018-2026
2020-07-09,2020-07-10,1,0,-13.702324386798148,-7.2322875239353674,1.0658857979502157,0,2018-2026
2020-07-10,2020-07-13,3,1,21.105083890501113,33.01872431115883,0.6656580937972734,1,2018-2026
2020-07-14,2020-07-15,1,1,-8.140569395017893,-1.7885323513941214,1.0104438642297662,0,2018-2026
2020-07-16,2020-07-17,1,1,65.86276645402161,79.02645171388274,0.20839813374806096,0,2018-2026
2020-07-17,2020-07-20,3,1,18.16913908964181,30.24295722164332,0.6933333333333259,1,2018-2026
2020-07-21,2020-07-22,1,1,22.905027932961104,36.07305936073084,0.6341463414634122,0,2018-2026
2020-07-23,2020-07-24,1,1,16.631323841260908,30.577978689054667,0.6891025641025568,0,2018-2026
2020-07-24,2020-07-27,3,0,-1.128843908135389,6.024451318309104,0.9341142020497797,1,2018-2026
2020-07-28,2020-07-29,1,1,-11.104322590498686,-2.1656472144147725,1.0147783251231446,0,2018-2026
2020-07-30,2020-07-31,1,1,11.65230423379613,24.353416056212517,0.751857355126292,0,2018-2026
2020-07-31,2020-08-03,3,1,-31.88383761593403,-25.354225704283735,1.2429752066115674,1,2018-2026
2020-08-04,2020-08-05,1,1,-32.53689388615544,-29.84822934232646,1.2887029288702863,0,2018-2026
2020-08-06,2020-08-07,1,1,63.84388807069179,79.18243754731222,0.20676691729323735,0,2018-2026
2020-08-07,2020-08-10,3,1,27.470638785448,44.384642985288444,0.5516014234875485,1,2018-2026
2020-08-11,2020-08-12,1,1,-36.15441722345993,-33.65588146356261,1.327327327327332,0,2018-2026
2020-08-13,2020-08-14,1,1,66.80967908014465,94.10402189934781,0.058455114822541274,0,2018-2026
2020-08-14,2020-08-17,3,1,11.348274635360923,25.11013215859012,0.7420634920634939,1,2018-2026
2020-08-18,2020-08-19,1,1,-5.672402804332808,6.043811031935991,0.9295039164490719,0,2018-2026
2020-08-20,2020-08-21,1,1,51.74765558397281,77.687626774848,0.22110552763818977,0,2018-2026
2020-08-21,2020-08-24,3,1,-97.22991689750683,-78.92824704813792,1.7747747747747735,1,2018-2026
2020-08-25,2020-08-26,1,1,-59.77473853580049,-105.54272517321026,2.0342857142857156,0,2018-2026
2020-08-27,2020-08-28,1,1,29.518072289156557,42.477876106194614,0.5714285714285723,0,2018-2026
2020-08-28,2020-08-31,3,1,24.485596707818775,42.48530646515514,0.5708333333333353,1,2018-2026
2020-09-01,2020-09-02,1,1,-100.0,-167.3545966228887,2.651162790697669,0,2018-2026
2020-09-03,2020-09-04,1,0,38.526044186421146,54.822382603804954,0.449207828518178,0,2018-2026
2020-09-04,2020-09-08,4,0,-96.00543261164816,-93.53677198667746,1.9213583556747096,1,2018-2026
2020-09-08,2020-09-09,1,0,1.5733268117717203,10.916051918947018,0.8857938718662919,0,2018-2026
2020-09-10,2020-09-11,1,0,58.53871700751605,80.2840788636844,0.19578947368421196,0,2018-2026
2020-09-11,2020-09-14,3,0,-8.509788254095392,-0.4089050431625575,0.9977426636568886,1,2018-2026
2020-09-15,2020-09-16,1,1,51.95501503857728,65.9464873372443,0.33854907539118007,0,2018-2026
2020-09-17,2020-09-18,1,0,3.4100974313555334,16.791604197901442,0.8263027295285321,0,2018-2026
2020-09-18,2020-09-21,3,0,-8.048612703508555,1.1642308645031387,0.9827586206896572,1,2018-2026
2020-09-22,2020-09-23,1,0,-100.0,-157.64596848934121,2.5582822085889494,0,2018-2026
2020-09-24,2020-09-25,1,0,-25.371441533400922,-19.93888464476646,1.192405063291134,0,2018-2026
2020-09-25,2020-09-28,3,1,-58.97204688908941,-58.78725590955823,1.580562659846549,1,2018-2026
2020-09-29,2020-09-30,1,1,41.32068925638981,52.56619400175715,0.47191011235954716,0,2018-2026
2020-10-01,2020-10-02,1,1,38.0004023335348,50.74231787317329,0.49026345933562115,0,2018-2026
2020-10-02,2020-10-05,3,1,-13.885247554704424,-7.025681638194794,1.0641169853768322,1,2018-2026
2020-10-06,2020-10-07,1,1,-46.18940381652289,-37.42654994603713,1.3659117997616252,0,2018-2026
2020-10-08,2020-10-09,1,1,-20.02948221853635,-7.014558517677587,1.0619136960600315,0,2018-2026
2020-10-09,2020-10-12,3,1,-82.97745259071246,-81.63572503763197,1.8009950248756244,1,2018-2026
2020-10-13,2020-10-14,1,1,-8.432249113611,-0.1818482393775013,0.9950738916256068,0,2018-2026
2020-10-15,2020-10-16,1,1,60.07303712720608,75.59366754617383,0.24262295081967514,0,2018-2026
2020-10-16,2020-10-19,3,1,-73.5151435689002,-72.398906317456,1.7138769670958538,1,2018-2026
2020-10-20,2020-10-21,1,1,31.21962508678585,42.28387416398356,0.5738916256157596,0,2018-2026
2020-10-22,2020-10-23,1,1,63.297247945741276,78.82386607526087,0.21052631578947625,0,2018-2026
2020-10-23,2020-10-26,3,1,-62.269164341702776,-57.872400622435535,1.5696202531645527,1,2018-2026
2020-10-27,2020-10-28,1,0,-100.0,-264.20210401541027,3.6200294550810073,0,2018-2026
2020-10-29,2020-10-30,1,0,-23.920700412599906,-16.336082014709742,1.1574279379157486,0,2018-2026
2020-10-30,2020-11-02,3,0,5.355575065847398,17.61723700887216,0.8188976377952738,1,2018-2026
2020-11-03,2020-11-04,1,1,14.835675616558216,24.633312076062392,0.7510109763142692,0,2018-2026
2020-11-05,2020-11-06,1,1,80.2238375447099,95.42664580575286,0.04550898203592759,0,2018-2026
2020-11-06,2020-11-09,3,1,7.830551989730041,18.14082552896242,0.8147295742232497,1,2018-2026
2020-11-10,2020-11-11,1,1,23.7042156185212,34.52825491660455,0.6509900990098999,0,2018-2026
2020-11-12,2020-11-13,1,1,-56.46319569120293,-56.91351631279136,1.5618556701030935,0,2018-2026
2020-11-13,2020-11-16,3,1,-7.85557137310722,6.1263473870924425,0.9335142469470822,1,2018-2026
2020-11-17,2020-11-18,1,1,-30.84786530366772,-25.338753387533476,1.245791245791242,0,2018-2026
2020-11-19,2020-11-20,1,1,-0.104680723793172,11.759827500413845,0.8764415156507496,0,2018-2026
2020-11-20,2020-11-23,3,1,60.00980151923483,85.48038307074367,0.14417177914111268,1,2018-2026
2020-11-24,2020-11-25,1,1,67.20604099244795,86.09455701231535,0.13779527559056012,0,2018-2026
2020-11-30,2020-12-02,2,1,-27.187184944550236,-20.11632317612845,1.1949685534591195,0,2018-2026
2020-12-03,2020-12-04,1,1,-38.3913291500278,-37.53581661891027,1.3665480427046175,0,2018-2026
2020-12-04,2020-12-07,3,1,75.4322766570607,94.92583918813445,0.05038759689922304,1,2018-2026
2020-12-08,2020-12-09,1,1,-61.07916850950927,-57.02063412179187,1.5522388059701513,0,2018-2026
2020-12-10,2020-12-11,1,1,53.625269203157686,71.33757961783331,0.2845849802371649,0,2018-2026
2020-12-11,2020-12-14,3,1,35.448802703100164,55.08159638067583,0.44622792937399236,1,2018-2026
2020-12-15,2020-12-16,1,1,37.549631310267245,59.39265536723245,0.40350877192981655,0,2018-2026
2020-12-17,2020-12-18,1,1,-5.690124695427252,9.65160860143425,0.8929159802306359,0,2018-2026
2020-12-18,2020-12-21,3,0,70.86834733893572,98.14544972844104,0.018445322793147083,1,2018-2026
2020-12-22,2020-12-23,1,0,66.57350475125871,80.25703110448976,0.19593345656191227,0,2018-2026
2020-12-29,2020-12-30,1,1,74.97773820124699,96.66983824928673,0.03301886792452508,0,2018-2026
2020-12-30,2020-12-31,1,1,-3.005464480874512,13.506012950971128,0.8577981651376168,0,2018-2026
2020-12-31,2021-01-04,4,1,-31.752873563217836,-26.833740831295138,1.2613981762917863,1,2018-2026
2021-01-05,2021-01-06,1,1,28.852099331803732,42.068650929409955,0.5766174801362135,0,2018-2026
2021-01-07,2021-01-08,1,1,33.52272727272696,51.41065830720968,0.4824902723735444,0,2018-2026
2021-01-08,2021-01-11,3,1,7.363284053394841,21.650199341307314,0.7779690189328712,1,2018-2026
2021-01-12,2021-01-13,1,1,55.19444951615849,70.7830151928321,0.2895752895752896,0,2018-2026
2021-01-14,2021-01-15,1,1,-25.679423183582728,-21.522693997071485,1.2072727272727248,0,2018-2026
2021-01-15,2021-01-19,4,0,17.518088138566405,32.77310924369782,0.6683544303797434,1,2018-2026
2021-01-19,2021-01-20,1,1,-67.73737087873252,-76.43855509166863,1.7513513513513561,0,2018-2026
2021-01-21,2021-01-22,1,1,-16.42195617799762,-3.1422403454054697,1.0213776722090153,0,2018-2026
2021-01-22,2021-01-25,3,1,61.20553705975201,83.83511820569905,0.16032064128255602,1,2018-2026
2021-01-26,2021-01-27,1,1,-100.0,-240.82798001427594,3.3865248226950397,0,2018-2026
2021-01-28,2021-01-29,1,0,-89.76144158902426,-111.65025507177641,2.106257378984656,0,2018-2026
2021-01-29,2021-02-01,3,0,7.312375318153854,18.456954680884614,0.8112324492979701,1,2018-2026
2021-02-02,2021-02-03,1,1,74.95536852843698,96.01933466022217,0.0395480225988662,0,2018-2026
2021-02-04,2021-02-05,1,1,-18.97579796562599,-10.836423568191067,1.0979591836734683,0,2018-2026
2021-02-05,2021-02-08,3,1,-14.562435143547988,-2.5537089582477575,1.0160642570281013,1,2018-2026
2021-02-09,2021-02-10,1,1,40.072529465094064,57.713754646838986,0.419354838709689,0,2018-2026
2021-02-11,2021-02-12,1,1,-16.394038531442696,-5.592491200625273,1.0465116279069724,0,2018-2026
2021-02-12,2021-02-16,4,1,65.12784090909014,86.28526645767937,0.1361867704280244,1,2018-2026
2021-02-16,2021-02-17,1,1,55.05500261917228,77.18476268079029,0.22626262626262722,0,2018-2026
2021-02-18,2021-02-19,1,1,48.33853497338062,63.6982416335799,0.36022514071293793,0,2018-2026
2021-02-19,2021-02-22,3,1,-7.834101382487807,0.49751243781172094,0.9880749574105545,1,2018-2026
2021-02-23,2021-02-24,1,1,-30.02186816619777,-19.100411783338323,1.1823899371069153,0,2018-2026
2021-02-25,2021-02-26,1,0,37.717536813922656,49.90505470657416,0.4977538185085323,0,2018-2026
2021-03-02,2021-03-03,1,1,-87.92084297095792,-87.80557952257612,1.8657142857142779,0,2018-2026
2021-03-04,2021-03-05,1,0,-32.96259617582117,-29.870129870130253,1.292517006802725,0,2018-2026
2021-03-05,2021-03-08,3,1,41.40860509728708,54.200020265477946,0.4542713567839178,1,2018-2026
2021-03-09,2021-03-10,1,1,42.560373928849884,57.065680978106606,0.4265536723163816,0,2018-2026
2021-03-11,2021-03-12,1,1,68.68845440274085,96.7561722832952,0.03220035778174418,0,2018-2026
2021-03-12,2021-03-15,3,1,1.4116969173143814,13.19565978298852,0.8611111111111175,1,2018-2026
2021-03-16,2021-03-17,1,1,48.13669398484679,61.149462192969025,0.38596491228069524,0,2018-2026
2021-03-18,2021-03-19,1,1,44.829583856329066,65.88583124857857,0.33860045146726864,0,2018-2026
2021-03-19,2021-03-22,3,1,39.303482587065254,51.77664974619347,0.47949526813879556,1,2018-2026
2021-03-23,2021-03-24,1,0,39.28959205832198,51.97964700270342,0.477093206951024,0,2018-2026
2021-03-25,2021-03-26,1,0,-98.56569133677536,-113.87491013659196,2.124999999999996,0,2018-2026
2021-03-26,2021-03-29,3,1,20.935539075870206,39.35217091660955,0.6027397260273941,1,2018-2026
2021-03-30,2021-03-31,1,1,40.38717304566279,56.66493326399723,0.43029259896729777,0,2018-2026
2021-03-31,2021-04-01,1,1,-30.24569330697465,-29.44627796112843,1.2836363636363537,0,2018-2026
2021-04-01,2021-04-05,4,1,-100.0,-134.68057366362493,2.3290203327171946,1,2018-2026
2021-04-06,2021-04-07,1,1,48.64637632419761,74.6115123659451,0.2516268980477155,0,2018-2026
2021-04-08,2021-04-09,1,1,-74.95527728085857,-70.12858555885248,1.6862745098039205,0,2018-2026
2021-04-09,2021-04-12,3,1,50.0341763499654,74.17442845046513,0.25630252100840906,1,2018-2026
2021-04-13,2021-04-14,1,1,12.548218742909823,26.016062302264224,0.7325301204819189,0,2018-2026
2021-04-15,2021-04-16,1,1,20.304114490160913,36.77606177606168,0.6267942583732068,0,2018-2026
2021-04-16,2021-04-19,3,1,11.796982167352228,23.75109553023624,0.7565217391304387,1,2018-2026
2021-04-20,2021-04-21,1,0,-65.58818028801137,-57.255733281941936,1.5602294455066859,0,2018-2026
2021-04-22,2021-04-23,1,0,-33.73667530970869,-30.88079235939118,1.298245614035084,0,2018-2026
2021-04-23,2021-04-26,3,1,51.074151074151565,72.31833910034662,0.27467811158797695,1,2018-2026
2021-04-27,2021-04-28,1,1,47.2828847130531,71.29609185250708,0.2844638949671673,0,2018-2026
2021-04-29,2021-04-30,1,1,-38.8523047977417,-24.309392265192837,1.232876712328762,0,2018-2026
2021-04-30,2021-05-03,3,0,39.555041895405495,58.75925273175834,0.40909090909091467,1,2018-2026
2021-05-04,2021-05-05,1,0,26.48104265402792,40.79397672826769,0.5884353741496661,0,2018-2026
2021-05-06,2021-05-07,1,1,-84.73011363636338,-88.68703550784446,1.8729508196721283,0,2018-2026
2021-05-07,2021-05-10,3,1,-67.4961909598788,-76.84394834756051,1.7527114967462127,1,2018-2026
2021-05-11,2021-05-12,1,0,-100.0,-132.9568648795755,2.3166441136671185,0,2018-2026
2021-05-13,2021-05-14,1,0,-36.421435059037535,-26.58227848101297,1.2586445366528387,0,2018-2026
2021-05-14,2021-05-17,3,1,35.08274936633289,52.952472395582426,0.4674085850556525,1,2018-2026
2021-05-18,2021-05-19,1,0,-13.587604290823071,-5.729877216917542,1.0508474576271263,0,2018-2026
2021-05-20,2021-05-21,1,1,43.43668501883481,62.989072964398616,0.3671328671328711,0,2018-2026
2021-05-21,2021-05-24,3,0,-45.25761124121767,-40.85948158253736,1.3999999999999986,1,2018-2026
2021-05-25,2021-05-26,1,1,41.63090128755292,57.06028075970189,0.4262295081967297,0,2018-2026
2021-05-27,2021-05-28,1,1,36.94852941176554,51.008645533142094,0.48571428571427705,0,2018-2026
2021-05-28,2021-06-01,4,1,18.816354190196314,35.81635043335656,0.6357308584686795,1,2018-2026
2021-06-01,2021-06-02,1,0,65.00453309156782,82.54122211445133,0.17307692307692962,0,2018-2026
2021-06-03,2021-06-04,1,0,-49.04458598726122,-46.38157894736849,1.4530612244897967,0,2018-2026
2021-06-04,2021-06-07,3,1,37.990143561175366,58.828186856691865,0.4073107049608213,1,2018-2026
2021-06-08,2021-06-09,1,1,7.996702390766874,22.121896162528465,0.7709497206703886,0,2018-2026
2021-06-10,2021-06-11,1,1,12.794612794613085,27.94759825327549,0.7135135135135098,0,2018-2026
2021-06-11,2021-06-14,3,1,0.9743135518145443,22.030825022664224,0.7701492537313555,1,2018-2026
2021-06-15,2021-06-16,1,1,-23.819742489270556,-11.154144074361144,1.1038461538461557,0,2018-2026
2021-06-17,2021-06-18,1,1,-100.0,-187.23840787853916,2.845528455284553,0,2018-2026
2021-06-18,2021-06-21,3,0,-19.509390571100617,-8.313405542270988,1.0769230769230833,1,2018-2026
2021-06-22,2021-06-23,1,1,54.109589041096875,79.29606625258917,0.20512820512819344,0,2018-2026
2021-06-24,2021-06-25,1,1,-3.0327214684753865,9.353348729792552,0.8971428571428532,0,2018-2026
2021-06-25,2021-06-28,3,1,11.209179170343415,24.94929006085102,0.7437185929648332,1,2018-2026
2021-06-29,2021-06-30,1,1,70.74592074592113,95.46044098573326,0.0448717948717905,0,2018-2026
2021-07-01,2021-07-02,1,1,-89.56594323873122,-106.95364238410599,2.0491803278688527,0,2018-2026
2021-07-02,2021-07-06,4,1,16.18589743589654,37.21461187214483,0.6214689265536851,1,2018-2026
2021-07-06,2021-07-07,1,1,7.262103505842791,20.643729189788747,0.7857142857142895,0,2018-2026
2021-07-08,2021-07-09,1,0,-100.0,-102.0648967551629,2.007326007326014,0,2018-2026
2021-07-09,2021-07-12,3,1,-11.357340720220861,2.8944911297860063,0.9629629629629556,1,2018-2026
2021-07-13,2021-07-14,1,1,63.14713896457835,90.87749782797655,0.09051724137930153,0,2018-2026
2021-07-15,2021-07-16,1,1,-15.94865482679843,-8.546475358702997,1.0762886597938202,0,2018-2026
2021-07-16,2021-07-19,3,0,-100.0,-87.15083798882597,1.8611111111111027,1,2018-2026
2021-07-20,2021-07-21,1,1,-10.53019145802625,3.092006033182766,0.9625468164793982,0,2018-2026
2021-07-22,2021-07-23,1,0,-100.0,-139.96082272281967,2.3786407766990187,0,2018-2026
2021-07-23,2021-07-26,3,1,37.06739526411615,53.99628252788062,0.4562211981566862,1,2018-2026
2021-07-27,2021-07-28,1,1,58.47665847665924,72.29551451187419,0.27540983606556557,0,2018-2026
2021-07-29,2021-07-30,1,1,-30.52930056710646,-15.419708029195828,1.1447963800904855,0,2018-2026
2021-07-30,2021-08-02,3,1,71.15097159940152,84.16289592760121,0.15730337078652282,1,2018-2026
2021-08-03,2021-08-04,1,1,-13.955479452055187,-4.0794979079502465,1.031088082901559,0,2018-2026
2021-08-05,2021-08-06,1,1,17.32973701955558,32.50444049733652,0.6696035242290669,0,2018-2026
2021-08-06,2021-08-09,3,1,72.62969588551046,93.00699300699368,0.06930693069306255,1,2018-2026
2021-08-10,2021-08-11,1,1,1.5274034141954596,13.946587537091549,0.8529411764705926,0,2018-2026
2021-08-12,2021-08-13,1,1,18.912797281994493,40.0798934753677,0.5921052631578798,0,2018-2026
2021-08-13,2021-08-16,3,1,16.060961313013962,37.114673242911124,0.621951219512184,1,2018-2026
2021-08-17,2021-08-18,1,0,-56.56855707107036,-47.93130366900937,1.4689922480620234,0,2018-2026
2021-08-19,2021-08-20,1,0,-8.807773763547402,3.3145172962809353,0.9611510791366835,0,2018-2026
2021-08-20,2021-08-23,3,1,-66.4204163868368,-49.45964589560815,1.480637813211845,1,2018-2026
2021-08-24,2021-08-25,1,1,29.584352078239878,45.409429280397305,0.5398773006134941,0,2018-2026
2021-08-26,2021-08-27,1,1,-44.74969474969467,-37.73833004602227,1.3692810457516331,0,2018-2026
2021-08-27,2021-08-30,3,1,11.489873671544903,32.76384678974773,0.6648501362397969,1,2018-2026
2021-08-31,2021-09-01,1,1,72.81672816728178,88.90186915887864,0.1098265895953744,0,2018-2026
2021-09-02,2021-09-03,1,1,31.728518890003283,53.85285154549404,0.45689655172413884,0,2018-2026
2021-09-03,2021-09-07,4,1,6.508875739644207,22.59414225941329,0.7668393782383514,1,2018-2026
2021-09-07,2021-09-08,1,1,22.102649006622034,42.371020856201355,0.5706521739130497,0,2018-2026
2021-09-09,2021-09-10,1,1,-100.0,-108.60314523589223,2.068807339449537,0,2018-2026
2021-09-10,2021-09-13,3,0,59.069072275007784,86.02109543779358,0.13906447534766406,1,2018-2026
2021-09-14,2021-09-15,1,0,-35.935637663886254,-27.39907346128466,1.2664473684210602,0,2018-2026
2021-09-16,2021-09-17,1,0,-100.0,-120.20162087369017,2.1800391389432456,0,2018-2026
2021-09-17,2021-09-20,3,0,-100.0,-128.35777969513939,2.268571428571428,1,2018-2026
2021-09-21,2021-09-22,1,0,26.5381460213293,37.27836879432659,0.624724061810151,0,2018-2026
2021-09-23,2021-09-24,1,1,76.5972720746596,96.96048632218906,0.03018867924527701,0,2018-2026
2021-09-24,2021-09-27,3,1,-4.405207775994038,13.898682501391981,0.8545119705340675,1,2018-2026
2021-09-28,2021-09-29,1,0,72.69238537669182,90.01553139560708,0.09933774834436834,0,2018-2026
2021-09-29,2021-09-30,1,0,-54.22330661089746,-47.63128901946315,1.4689403166869603,0,2018-2026
2021-09-30,2021-10-01,1,0,13.439952319459211,24.619085805933764,0.7502850627138017,0,2018-2026
2021-10-01,2021-10-04,3,0,-38.24609733700647,-30.402750491159193,1.2982885085574578,1,2018-2026
2021-10-05,2021-10-06,1,0,56.37016149705265,73.50603473653291,0.2631578947368355,0,2018-2026
2021-10-07,2021-10-08,1,1,41.98733560642924,63.79950495049456,0.36000000000000487,0,2018-2026
2021-10-08,2021-10-11,3,1,-6.5206316861941875,1.5375517445303382,0.9794117647058777,1,2018-2026
2021-10-12,2021-10-13,1,0,33.662686976808146,42.81111558598482,0.5687583444592778,0,2018-2026
2021-10-14,2021-10-15,1,1,-58.41478585391804,-47.05317719331863,1.459047619047613,0,2018-2026
2021-10-15,2021-10-18,3,1,31.768004205361542,51.458211000195384,0.4815533980582559,1,2018-2026
2021-10-19,2021-10-20,1,1,-30.483592400690267,-23.706004140786046,1.2256410256410186,0,2018-2026
2021-10-21,2021-10-22,1,1,64.26146010186777,93.09245483528186,0.06842105263157655,0,2018-2026
2021-10-22,2021-10-25,3,1,-14.799728445349913,-9.114811568799674,1.0826086956521777,1,2018-2026
2021-10-26,2021-10-27,1,1,-57.546069512478425,-44.08953135929002,1.427251732101605,0,2018-2026
2021-10-28,2021-10-29,1,1,-6.8758344459272065,1.4272970562007536,0.9778761061946811,0,2018-2026
2021-10-29,2021-11-01,3,1,32.49532869033388,52.05927217258564,0.47516198704104645,1,2018-2026
2021-11-02,2021-11-03,1,1,-8.042744656918387,0.07320644216625241,0.9927272727272793,0,2018-2026
2021-11-04,2021-11-05,1,1,-29.307116104869348,-14.640883977900963,1.1369863013698671,0,2018-2026
2021-11-05,2021-11-08,3,1,73.06350314026449,98.38839645447138,0.016000000000008185,1,2018-2026
2021-11-09,2021-11-10,1,1,-38.8857834917091,-28.51405622490012,1.2751423149905177,0,2018-2026
2021-11-11,2021-11-12,1,1,-39.91712707182289,-39.794168096054484,1.3872340425531875,0,2018-2026
2021-11-12,2021-11-15,3,1,60.71428571428486,82.78757346767318,0.17083333333334372,1,2018-2026
2021-11-16,2021-11-17,1,1,-9.051909051908863,0.8961518186612845,0.9791666666666643,0,2018-2026
2021-11-18,2021-11-19,1,1,31.912964641886905,48.3901515151527,0.5117370892018662,0,2018-2026
2021-11-19,2021-11-22,3,1,24.11847672778498,41.08280254776997,0.5826771653543379,1,2018-2026
2021-11-23,2021-11-24,1,0,38.374178123131976,54.515272244355764,0.4521452145214537,0,2018-2026
2021-12-02,2021-12-03,1,0,1.2870733072189509,10.339415342358391,0.8925781249999987,0,2018-2026
2021-12-03,2021-12-06,3,0,-12.336085478387243,-1.939203354297329,1.015665796344644,1,2018-2026
2021-12-07,2021-12-08,1,1,11.89162067235273,26.419466975665696,0.7319884726224842,0,2018-2026
2021-12-09,2021-12-10,1,1,-19.281407653501347,-14.303272392073332,1.135877862595428,0,2018-2026
2021-12-10,2021-12-13,3,1,-21.25292740046845,-12.508497620666285,1.118243243243244,1,2018-2026
2021-12-14,2021-12-15,1,0,-70.48430679692339,-65.97328662141415,1.651416122004354,0,2018-2026
2021-12-16,2021-12-17,1,1,-42.06397103198561,-31.768758746905046,1.3090909090909102,0,2018-2026
2021-12-17,2021-12-20,3,0,-18.213789155148444,-14.898506319417859,1.1428571428571428,1,2018-2026
2021-12-21,2021-12-22,1,1,-51.01781170483455,-56.23283909939586,1.5546448087431688,0,2018-2026
2021-12-22,2021-12-23,1,1,-46.361590397599144,-32.12435233160596,1.3124999999999976,0,2018-2026
2021-12-23,2021-12-27,4,1,-77.6997097907433,-71.96932615434758,1.7082658022690378,1,2018-2026
2021-12-28,2021-12-29,1,1,57.20063302268431,78.40700753717773,0.2141414141414031,0,2018-2026
2021-12-30,2021-12-31,1,1,-3.8589487691288635,6.719717064544048,0.9254385964912342,0,2018-2026
2021-12-31,2022-01-03,3,1,58.14994405072773,71.50356205474351,0.2825278810408888,1,2018-2026
2022-01-04,2022-01-05,1,1,-100.0,-287.59065269943613,3.8480000000000016,0,2018-2026
2022-01-06,2022-01-07,1,0,36.406021047022925,47.84297406020265,0.5186206896551712,0,2018-2026
2022-01-07,2022-01-10,3,0,73.38524965643596,88.95169578622799,0.10997442455243141,1,2018-2026
2022-01-11,2022-01-12,1,0,27.604503688365657,41.434432027161044,0.5822784810126563,0,2018-2026
2022-01-13,2022-01-14,1,0,75.63092383236261,92.30673780866107,0.07644882860665901,0,2018-2026
2022-01-14,2022-01-18,4,0,-89.50237206015986,-90.79761502981255,1.899216125419937,1,2018-2026
2022-01-18,2022-01-19,1,0,7.053711750023488,15.11241052525498,0.8428428428428387,0,2018-2026
2022-01-20,2022-01-21,1,0,-98.2275217531419,-107.7451354444866,2.066413662239087,0,2018-2026
2022-01-21,2022-01-24,3,0,83.6445430455411,98.69186997187491,0.013029315960915014,1,2018-2026
2022-01-25,2022-01-26,1,0,62.358133669608996,71.70439414114502,0.2820796460177004,0,2018-2026
2022-01-27,2022-01-28,1,0,-24.41101510536478,-19.498961752294402,1.1901267511674471,0,2018-2026
2022-01-28,2022-01-31,3,0,-71.69079627714584,-73.88103651354537,1.7316715542521997,1,2018-2026
2022-02-01,2022-02-02,1,0,8.500345542501252,19.303409369634032,0.802439024390249,0,2018-2026
2022-02-03,2022-02-04,1,0,54.563223575401786,70.53280794928855,0.2935153583617794,0,2018-2026
2022-02-04,2022-02-07,3,0,15.831551547829662,25.33914248935573,0.7428571428571393,1,2018-2026
2022-02-08,2022-02-09,1,0,-88.37479655893978,-83.5086860778077,1.8248175182481754,0,2018-2026
2022-02-10,2022-02-11,1,0,-41.52243320450314,-37.051211955530924,1.3647912885662399,0,2018-2026
2022-02-11,2022-02-14,3,0,58.50963056520367,76.44058534215802,0.23444108761329277,1,2018-2026
2022-02-15,2022-02-16,1,0,50.963790308052516,67.05308114704079,0.3279352226720657,0,2018-2026
2022-02-17,2022-02-18,1,0,2.2327635560644596,11.78382393908441,0.8788159111933395,0,2018-2026
2022-02-18,2022-02-22,4,0,20.950053268157898,29.785418990747132,0.6998037933289761,1,2018-2026
2022-02-22,2022-02-23,1,0,-38.24375826398028,-34.29216489673003,1.3372189841798454,0,2018-2026
2022-02-24,2022-02-25,1,0,-67.64026055894092,-69.15895244876965,1.684791174152876,0,2018-2026
2022-02-25,2022-02-28,3,0,76.70682730923734,94.45079157826058,0.05528455284552439,1,2018-2026
2022-02-28,2022-03-02,2,0,50.462225055786035,66.41835166134594,0.33490566037735553,0,2018-2026
2022-03-03,2022-03-04,1,0,57.182954835417355,69.01135663350662,0.3085013146362824,0,2018-2026
2022-03-04,2022-03-07,3,0,-58.26800144735279,-58.80005504334691,1.5829903978052153,1,2018-2026
2022-03-08,2022-03-09,1,0,-48.11013948110176,-41.51439957891609,1.4097378277153596,0,2018-2026
2022-03-10,2022-03-11,1,0,-1.1561634912881609,7.278540530374161,0.9232209737827727,0,2018-2026
2022-03-11,2022-03-14,3,0,31.830690604114835,43.77051519908666,0.5604551920341391,1,2018-2026
2022-03-15,2022-03-16,1,0,-50.87923266967017,-44.94500527346699,1.444444444444445,0,2018-2026
2022-03-17,2022-03-18,1,1,-2.3447791341002384,7.778585522899617,0.9183040330920368,0,2018-2026
2022-03-18,2022-03-21,3,1,70.45555852723551,90.94557053194777,0.09007164790173956,1,2018-2026
2022-03-22,2022-03-23,1,1,-59.92115637319352,-63.1411951348497,1.62368421052632,0,2018-2026
2022-03-24,2022-03-25,1,1,-11.780243000528912,-2.751263335205635,1.0223463687150907,0,2018-2026
2022-03-25,2022-03-28,3,1,-28.595870879434344,-24.72787808938416,1.2407643312101924,1,2018-2026
2022-03-29,2022-03-30,1,1,-16.896657467035283,-6.231837261866969,1.054487179487186,0,2018-2026
2022-03-30,2022-03-31,1,0,-82.83492020919978,-71.91512366536057,1.7073825503355744,0,2018-2026
2022-03-31,2022-04-01,1,0,34.98338489744442,46.91156120266666,0.5281602002503163,0,2018-2026
2022-04-01,2022-04-04,3,0,-66.85683238250401,-58.053048947223715,1.570652173913036,1,2018-2026
2022-04-05,2022-04-06,1,0,-29.43129929431268,-19.479124714726492,1.1882510013351104,0,2018-2026
2022-04-07,2022-04-08,1,0,25.835949228879862,34.95713702544601,0.6468200270635958,0,2018-2026
2022-04-08,2022-04-11,3,0,-100.0,-134.3345416882447,2.3324742268041265,1,2018-2026
2022-04-12,2022-04-13,1,0,-39.68362353476779,-34.9476604868211,1.3425345043914738,0,2018-2026
2022-04-13,2022-04-14,1,0,-77.81217750257963,-78.38466008134765,1.7745664739884355,0,2018-2026
2022-04-14,2022-04-18,4,0,64.04599859188008,75.52701720378022,0.2433734939759014,1,2018-2026
2022-04-19,2022-04-20,1,0,72.82989490074026,90.1577652337538,0.09784172661869783,0,2018-2026
2022-04-21,2022-04-22,1,0,-100.0,-164.3308570794992,2.6284454244762987,0,2018-2026
2022-04-22,2022-04-25,3,0,72.86175565067195,91.60887062248464,0.08354646206308765,1,2018-2026
2022-04-26,2022-04-27,1,0,73.91921629871517,88.36216929164405,0.11583011583011582,0,2018-2026
2022-04-28,2022-04-29,1,0,-100.0,-161.06882723627118,2.5998370008149942,0,2018-2026
2022-04-29,2022-05-02,3,0,75.00904595344339,93.37569284845195,0.06603773584905782,1,2018-2026
2022-05-03,2022-05-04,1,0,-99.86433319766665,-97.1255460053545,1.9648876404494395,0,2018-2026
2022-05-05,2022-05-06,1,0,82.47612267900575,92.30721508778454,0.07668521954236296,0,2018-2026
2022-05-06,2022-05-09,3,0,-83.050847457627,-79.16315641673673,1.7846153846153832,1,2018-2026
2022-05-10,2022-05-11,1,0,13.34530914990989,20.455272076219362,0.7928616953473584,0,2018-2026
2022-05-12,2022-05-13,1,0,-69.02007711740481,-67.26386699154386,1.6647646219686185,0,2018-2026
2022-05-13,2022-05-16,3,0,60.49206122157095,72.72866554312895,0.2717557251908355,1,2018-2026
2022-05-17,2022-05-18,1,0,-84.2047069973148,-199.980107419932,2.986138613861383,0,2018-2026
2022-05-19,2022-05-20,1,0,64.85974875236593,75.07460066701745,0.24825174825175106,0,2018-2026
2022-05-20,2022-05-23,3,0,-42.70430069683969,-39.86999765056007,1.3920498830865173,1,2018-2026
2022-05-24,2022-05-25,1,0,47.370233278815604,56.50236206435515,0.43300798580301647,0,2018-2026
2022-05-26,2022-05-27,1,0,-100.0,-108.97192079650912,2.077864293659616,0,2018-2026
2022-05-27,2022-05-31,4,1,62.58799865906786,76.15553925165057,0.2376599634369308,1,2018-2026
2022-05-31,2022-06-01,1,0,4.232119756052242,10.965897488257843,0.8861788617886207,0,2018-2026
2022-06-02,2022-06-03,1,0,-24.317487087594063,-16.231603824256645,1.1572192513369037,0,2018-2026
2022-06-03,2022-06-06,3,0,56.58295281582987,65.30772246178005,0.34570312499999645,1,2018-2026
2022-06-07,2022-06-08,1,0,-25.274223034735332,-19.989852866565652,1.194444444444449,0,2018-2026
2022-06-09,2022-06-10,1,0,-100.0,-110.80389963241164,2.1003184713375793,0,2018-2026
2022-06-10,2022-06-13,3,0,-100.0,-189.58581898755767,2.884550084889645,1,2018-2026
2022-06-14,2022-06-15,1,0,26.510972890505503,34.56186536291805,0.6525000000000034,0,2018-2026
2022-06-16,2022-06-17,1,0,70.66528336143206,88.10956189397729,0.11839323467230091,0,2018-2026
2022-06-17,2022-06-21,4,0,-29.29510670403082,-21.148511882449732,1.2068707991038066,1,2018-2026
2022-06-21,2022-06-22,1,0,52.93474298213613,66.61136457901257,0.3326446280991764,0,2018-2026
2022-06-23,2022-06-24,1,0,-100.0,-148.3443708609271,2.474226804123711,0,2018-2026
2022-06-24,2022-06-27,3,0,77.54089321815886,93.19591755053082,0.06772908366533367,1,2018-2026
2022-06-28,2022-06-29,1,0,70.8762651591138,86.96866273658091,0.12976313079299595,0,2018-2026
2022-06-29,2022-06-30,1,0,35.954406541670416,48.267812120646525,0.5153488372092989,0,2018-2026
2022-06-30,2022-07-01,1,0,9.723798713583273,17.517674783975096,0.8203124999999978,0,2018-2026
2022-07-01,2022-07-05,4,0,66.70813635232669,81.93744652533532,0.1797540208136213,1,2018-2026
2022-07-05,2022-07-06,1,0,42.84189174762458,50.79348173394392,0.4899257688229061,0,2018-2026
2022-07-07,2022-07-08,1,0,70.05813953488368,92.46108949416337,0.07506053268765187,0,2018-2026
2022-07-08,2022-07-11,3,0,-24.787892685164575,-18.981598185027142,1.182957393483716,1,2018-2026
2022-07-12,2022-07-13,1,0,68.08543569106969,80.73347980395494,0.19191919191918963,0,2018-2026
2022-07-14,2022-07-15,1,0,-48.15410744614324,-49.018784762305025,1.4838035527690747,0,2018-2026
2022-07-15,2022-07-18,3,0,39.75734951003289,49.649298597194615,0.5012468827930152,1,2018-2026
2022-07-19,2022-07-20,1,1,43.81813964277403,56.17238860482077,0.43583535108959115,0,2018-2026
2022-07-21,2022-07-22,1,1,19.528423018559703,33.60301297252071,0.6601941747572803,0,2018-2026
2022-07-22,2022-07-25,3,0,43.205497672356,58.79047364195824,0.40957446808511183,1,2018-2026
2022-07-26,2022-07-27,1,0,-82.9413285086584,-81.19286813286254,1.8052299368800706,0,2018-2026
2022-07-28,2022-07-29,1,1,-56.507193041151126,-52.99026425591124,1.5220125786163547,0,2018-2026
2022-08-02,2022-08-03,1,0,-42.35924932975906,-41.81057038199935,1.4114583333333375,0,2018-2026
2022-08-04,2022-08-05,1,0,69.94846042024598,84.09820058585595,0.15811373092926304,0,2018-2026
2022-08-05,2022-08-08,3,0,86.45652464271451,99.43733295822248,0.0055944055944005065,1,2018-2026
2022-08-09,2022-08-10,1,0,-80.0607671857195,-77.86168521462616,1.77227722772277,0,2018-2026
2022-08-11,2022-08-12,1,1,-100.0,-131.43102953828486,2.299145299145297,0,2018-2026
2022-08-12,2022-08-15,3,1,6.811145510835577,15.931804820693312,0.8362573099415245,1,2018-2026
2022-08-16,2022-08-17,1,1,-18.803418803418033,-11.631016042779912,1.1096345514950083,0,2018-2026
2022-08-18,2022-08-19,1,1,-70.83808799290028,-73.35901615054145,1.7231222385861626,0,2018-2026
2022-08-19,2022-08-22,3,0,-100.0,-130.06465517241435,2.2895442359249385,1,2018-2026
2022-08-23,2022-08-24,1,0,72.54476397178551,82.42723778143915,0.17486338797813836,0,2018-2026
2022-08-25,2022-08-26,1,0,-100.0,-164.18371285218063,2.6326923076923077,0,2018-2026
2022-08-26,2022-08-29,3,0,23.613312202852548,34.493148022159495,0.6524685382381422,1,2018-2026
2022-08-30,2022-08-31,1,0,23.624047417443172,31.589537223340347,0.6808009422850382,0,2018-2026
2022-09-01,2022-09-02,1,0,57.33765614570425,65.91683708248125,0.3394762366634335,0,2018-2026
2022-09-02,2022-09-06,4,0,78.6128124482705,96.0354917878048,0.03947368421052247,1,2018-2026
2022-09-06,2022-09-07,1,0,-54.46584938704069,-52.088699742412814,1.513935340022301,0,2018-2026
2022-09-08,2022-09-09,1,0,-89.86992057096815,-87.84942228848311,1.8689740420271947,0,2018-2026
2022-09-09,2022-09-12,3,1,-7.237746220796801,0.8036162732298235,0.9874999999999972,1,2018-2026
2022-09-13,2022-09-14,1,0,57.062808396754804,70.77774752699857,0.2908762420957568,0,2018-2026
2022-09-15,2022-09-16,1,0,-3.662089055347578,5.247181266261829,0.9418103448275873,0,2018-2026
2022-09-16,2022-09-19,3,0,22.209610291335228,30.34238488783903,0.6941176470588276,1,2018-2026
2022-09-20,2022-09-21,1,0,-7.017654080543101,-3.127756292828866,1.0277214334009497,0,2018-2026
2022-09-22,2022-09-23,1,0,-100.0,-95.39487841618212,1.944325481798712,0,2018-2026
2022-09-23,2022-09-26,3,0,30.4347826086957,39.379004435682646,0.6039279869067099,1,2018-2026
2022-09-27,2022-09-28,1,0,-39.906751856328476,-36.80189194105843,1.3623188405797069,0,2018-2026
2022-09-29,2022-09-30,1,0,-0.336484537733909,6.275336468299464,0.9337641357027419,0,2018-2026
2022-09-30,2022-10-03,3,0,-19.27839779850218,-15.523465703971585,1.150684931506854,1,2018-2026
2022-10-04,2022-10-05,1,0,82.81346829167578,96.6938505620459,0.03289473684210027,0,2018-2026
2022-10-06,2022-10-07,1,0,-87.57474567057525,-88.56806128461973,1.8776194467728398,0,2018-2026
2022-10-07,2022-10-10,3,0,54.422405720609405,64.80991886224803,0.3505903723887387,1,2018-2026
2022-10-11,2022-10-12,1,0,59.410832478792045,71.08385681523605,0.28798411122144757,0,2018-2026
2022-10-13,2022-10-14,1,0,-41.962520755910234,-34.04135489580793,1.33600641539695,0,2018-2026
2022-10-14,2022-10-17,3,0,-51.91653436153312,-51.95107244379349,1.5141630901287542,1,2018-2026
2022-10-18,2022-10-19,1,0,38.94504686638493,50.577273647964404,0.4919354838709673,0,2018-2026
2022-10-20,2022-10-21,1,0,-100.0,-102.53164556961967,2.01739130434782,0,2018-2026
2022-10-21,2022-10-24,3,0,18.339272395789944,27.64082856875033,0.720821661998135,1,2018-2026
2022-10-25,2022-10-26,1,0,30.667236954662393,38.536792854104924,0.6122881355932175,0,2018-2026
2022-10-27,2022-10-28,1,0,-62.10842243481556,-57.48963883955036,1.5677799607072724,0,2018-2026
2022-10-28,2022-10-31,3,1,32.09098383118697,42.703485365601786,0.5705458290422207,1,2018-2026
2022-11-01,2022-11-02,1,0,-70.22612054397646,-63.32770134363148,1.6279069767441825,0,2018-2026
2022-11-03,2022-11-04,1,0,14.192495921696183,20.973748751021482,0.7873303167420855,0,2018-2026
2022-11-04,2022-11-07,3,0,3.6216271673337728,10.522142938045324,0.8906426155580583,1,2018-2026
2022-11-08,2022-11-09,1,0,-78.269157453298,-74.3408107044473,1.7372549019607868,0,2018-2026
2022-11-10,2022-11-11,1,1,-4.792196776929394,3.4674657534248463,0.9616204690831538,0,2018-2026
2022-11-11,2022-11-14,3,1,9.048723897912177,18.804324782701215,0.8080168776371274,1,2018-2026
2022-11-14,2022-11-15,1,1,47.370822402189546,60.759332399031194,0.39036755386565797,0,2018-2026
2022-11-15,2022-11-16,1,1,16.89827092394168,25.018799011708914,0.7465240641711248,0,2018-2026
2022-11-16,2022-11-17,1,0,36.49722433873915,56.02999110433301,0.437420986093557,0,2018-2026
2022-11-17,2022-11-18,1,0,14.060507708357841,24.221921515561956,0.7539779681762507,0,2018-2026
2022-11-18,2022-11-21,3,0,53.39851024208511,64.5015105740175,0.3533834586466228,1,2018-2026
2022-11-21,2022-11-22,1,0,-95.50345270595835,-86.35713149944388,1.8515007898894198,0,2018-2026
2022-11-22,2022-11-23,1,1,12.994350282486591,24.098671726755935,0.7547169811320684,0,2018-2026
2022-11-28,2022-11-29,1,0,56.85105114059913,74.43427189497291,0.25385934819897393,0,2018-2026
2022-11-29,2022-11-30,1,0,-100.0,-158.0711920529807,2.5711340206185627,0,2018-2026
2022-11-30,2022-12-01,1,1,50.022593764120806,64.96651210716091,0.3487179487179522,0,2018-2026
2022-12-01,2022-12-02,1,1,69.75841242450397,75.8650149508758,0.24042553191489263,0,2018-2026
2022-12-02,2022-12-05,3,1,-100.0,-112.1513944223103,2.1089108910891046,1,2018-2026
2022-12-05,2022-12-06,1,0,-72.48880358285305,-62.555344718532126,1.6163522012578573,0,2018-2026
2022-12-06,2022-12-07,1,0,58.66873065015423,74.86694263749195,0.25000000000000666,0,2018-2026
2022-12-07,2022-12-08,1,0,1.7176596886747435,10.134378499440675,0.8941504178272923,0,2018-2026
2022-12-08,2022-12-09,1,0,23.19178721418507,33.03791235844345,0.6666666666666733,0,2018-2026
2022-12-09,2022-12-12,3,0,-45.33804106185497,-38.524474538017344,1.3772791023842987,1,2018-2026
2022-12-12,2022-12-13,1,0,50.79961899032457,57.71263815473352,0.42194992008524024,0,2018-2026
2022-12-13,2022-12-14,1,1,46.97696452892788,54.35183419162088,0.4552948636651839,0,2018-2026
2022-12-14,2022-12-15,1,0,-88.12460034712748,-92.20886010895306,1.9101123595505662,0,2018-2026
2022-12-15,2022-12-16,1,0,-7.2092615330640095,0.359636132854258,0.9915789473684168,0,2018-2026
2022-12-16,2022-12-19,3,0,-1.2076816471983887,5.357564314373595,0.9413145539906083,1,2018-2026
2022-12-19,2022-12-20,1,0,43.70001311131553,56.50307626269905,0.4324324324324273,0,2018-2026
2022-12-20,2022-12-21,1,0,-53.09394461375428,-49.66375733295229,1.4879089615931773,0,2018-2026
2022-12-21,2022-12-22,1,0,-76.75514370975313,-69.43147044612628,1.6831999999999971,0,2018-2026
2022-12-22,2022-12-23,1,0,-6.748746010032485,1.5609264853971543,0.9799498746867231,0,2018-2026
2022-12-23,2022-12-27,4,0,69.67604885820464,82.9704075935228,0.16944444444444826,1,2018-2026
2022-12-27,2022-12-28,1,0,-78.97049591964796,-69.6371737746653,1.6867088607594884,0,2018-2026
2022-12-28,2022-12-29,1,0,-83.00584174190159,-77.55443886097189,1.7666666666666704,0,2018-2026
2022-12-29,2022-12-30,1,0,40.0347716137192,51.00639725386197,0.4868217054263545,0,2018-2026
2022-12-30,2023-01-03,4,0,86.03544665159973,95.56048834628173,0.04417177914110597,1,2018-2026
2023-01-03,2023-01-04,1,0,28.348757915245542,34.875954198472854,0.6484560570071303,0,2018-2026
2023-01-04,2023-01-05,1,0,13.810575548915043,22.929842623915142,0.7649635036496364,0,2018-2026
2023-01-05,2023-01-06,1,0,-49.36708860759528,-48.28476576908928,1.477941176470592,0,2018-2026
2023-01-06,2023-01-09,3,1,50.02560163850522,66.39150943396267,0.33431085043987874,1,2018-2026
2023-01-09,2023-01-10,1,0,43.33288930331679,54.55183055126933,0.4518828451882858,0,2018-2026
2023-01-10,2023-01-11,1,0,-84.5230574857862,-78.78001297858505,1.777419354838707,0,2018-2026
2023-01-11,2023-01-12,1,1,72.72280874048602,76.26660108214452,0.23680981595092107,0,2018-2026
2023-01-12,2023-01-13,1,0,16.916709777547393,27.315357561546953,0.7230320699708508,0,2018-2026
2023-01-13,2023-01-17,4,1,47.40420271940612,59.96093749999941,0.3980582524271904,1,2018-2026
2023-01-17,2023-01-18,1,0,-86.06811145510783,-93.29742669060379,1.9226190476190415,0,2018-2026
2023-01-18,2023-01-19,1,0,-13.947536788227824,-4.35056746532163,1.0376175548589348,0,2018-2026
2023-01-19,2023-01-20,1,0,-95.23960647413591,-82.98404754457374,1.8167701863354109,0,2018-2026
2023-01-20,2023-01-23,3,0,-87.1423979427844,-75.16421645292533,1.739130434782616,1,2018-2026
2023-01-23,2023-01-24,1,1,78.42702491195969,95.34138884844883,0.04630969609262663,0,2018-2026
2023-01-24,2023-01-25,1,0,44.393241167434375,59.54788816180804,0.4023668639053295,0,2018-2026
2023-01-25,2023-01-26,1,0,-39.845691120700636,-34.11328292195717,1.3333333333333304,0,2018-2026
2023-01-26,2023-01-27,1,1,37.448132780083284,50.32144944476947,0.4941860465116246,0,2018-2026
2023-01-27,2023-01-30,3,1,-100.0,-99.24812030075229,1.9813084112149575,1,2018-2026
2023-01-30,2023-01-31,1,0,-59.37334041423333,-57.54608294930954,1.5673352435530166,0,2018-2026
2023-01-31,2023-02-01,1,1,-10.265242852222192,-6.394707828004782,1.0604395604395642,0,2018-2026
2023-02-01,2023-02-02,1,1,-12.165848336060355,-1.8318965517233978,1.013404825737258,0,2018-2026
2023-02-02,2023-02-03,1,1,45.87332053742826,53.24951301576083,0.4656084656084632,0,2018-2026
2023-02-03,2023-02-06,3,0,33.02814056819706,43.320951987893736,0.5636114911080717,1,2018-2026
2023-02-06,2023-02-07,1,0,-22.882810134248636,-21.753437536725976,1.21169590643275,0,2018-2026
2023-02-07,2023-02-08,1,1,-31.937845126493457,-30.84674387125952,1.3004484304932804,0,2018-2026
2023-02-08,2023-02-09,1,0,-16.83273548558534,-10.42944785276086,1.0978723404255333,0,2018-2026
2023-02-09,2023-02-10,1,0,62.24309241867376,71.46384963643791,0.283765347885408,0,2018-2026
2023-02-10,2023-02-13,3,0,-30.79281646955705,-29.689174705251197,1.29066666666666,1,2018-2026
2023-02-13,2023-02-14,1,0,83.40377004092059,95.17155607579217,0.048140043763673826,0,2018-2026
2023-02-14,2023-02-15,1,1,79.52998587389261,99.70365980145233,0.002945508100144597,0,2018-2026
2023-02-15,2023-02-16,1,0,-40.99848714069655,-43.2964329643304,1.425076452599396,0,2018-2026
2023-02-16,2023-02-17,1,0,38.16734829225157,55.294418188785286,0.4447268106734435,0,2018-2026
2023-02-17,2023-02-21,4,0,-96.85816876122114,-107.82654680063493,2.0684210526315825,1,2018-2026
2023-02-21,2023-02-22,1,0,54.80239240061038,64.95180873701396,0.3486924034869184,0,2018-2026
2023-02-22,2023-02-23,1,0,-8.096280087526972,-0.2202643171802379,0.997260273972599,0,2018-2026
2023-02-23,2023-02-24,1,0,-35.02098280763565,-26.21758814652277,1.2551159618008247,0,2018-2026
2023-02-24,2023-02-27,3,0,40.84191670398612,54.54545454545509,0.452380952380947,1,2018-2026
2023-02-27,2023-02-28,1,0,36.21586475942775,43.823711980136494,0.5586419753086427,0,2018-2026
2023-02-28,2023-03-02,2,0,69.91297140488996,81.99009455200334,0.17937219730941958,0,2018-2026
2023-03-02,2023-03-03,1,0,-77.23745473357488,-80.42452830188694,1.794721407624635,0,2018-2026
2023-03-03,2023-03-06,3,0,78.36445589182294,85.63397876327359,0.14285714285713652,1,2018-2026
2023-03-06,2023-03-07,1,0,-69.46194861851694,-63.117134559535536,1.6240963855421706,0,2018-2026
2023-03-07,2023-03-08,1,0,89.37939859245095,97.47793190416192,0.025078369905951123,0,2018-2026
2023-03-08,2023-03-09,1,0,-100.0,-147.78761061946952,2.461028192371481,0,2018-2026
2023-03-09,2023-03-10,1,0,-14.151108009073168,-7.098819799189424,1.0666666666666638,0,2018-2026
2023-03-10,2023-03-13,3,0,73.27293318233265,94.50445328785257,0.05471698113207933,1,2018-2026
2023-03-13,2023-03-14,1,0,31.65784269949598,38.17293084087447,0.6161948650427922,0,2018-2026
2023-03-14,2023-03-15,1,0,72.90349331398312,85.34798534798479,0.14585635359116575,0,2018-2026
2023-03-15,2023-03-16,1,0,-51.042011247105854,-51.927437641723714,1.5112781954887256,0,2018-2026
2023-03-16,2023-03-17,1,0,-27.836243783971206,-19.476068062186197,1.188794153471375,0,2018-2026
2023-03-17,2023-03-20,3,0,21.137002148404957,31.61915408980779,0.6808905380333982,1,2018-2026
2023-03-20,2023-03-21,1,0,-69.19691969196907,-60.13071895424823,1.5934959349593485,0,2018-2026
2023-03-21,2023-03-22,1,0,-18.874041274610654,-15.569013373706872,1.1517183570829848,0,2018-2026
2023-03-22,2023-03-23,1,0,27.193373118375096,39.719675413636544,0.6002098635886702,0,2018-2026
2023-03-23,2023-03-24,1,0,47.627774384035824,61.257471773300864,0.38461538461538464,0,2018-2026
2023-03-24,2023-03-27,3,0,56.85052456632413,67.59414459716194,0.32258064516128776,1,2018-2026
2023-03-27,2023-03-28,1,0,50.82754938601114,61.11751152073667,0.38681948424069423,0,2018-2026
2023-03-28,2023-03-29,1,0,-100.0,-101.61673799334328,2.003149606299217,0,2018-2026
2023-03-29,2023-03-30,1,1,2.6038437693739227,11.571334648257807,0.8790849673202606,0,2018-2026
2023-03-30,2023-03-31,1,1,-100.0,-125.37207654146043,2.239436619718315,0,2018-2026
2023-03-31,2023-04-03,3,1,3.4044715447152756,12.064825930371951,0.8746268656716438,1,2018-2026
2023-04-03,2023-04-04,1,1,3.211009174311488,11.944869831546276,0.8745247148289017,0,2018-2026
2023-04-04,2023-04-05,1,0,80.5124223602476,87.09439528023515,0.12820512820513655,0,2018-2026
2023-04-05,2023-04-06,1,0,25.28560548362607,34.02777777777857,0.6551724137930957,0,2018-2026
2023-04-06,2023-04-10,4,0,71.28817128817113,82.84777399419833,0.17063989962359016,1,2018-2026
2023-04-10,2023-04-11,1,0,60.91522880720257,72.60802469135882,0.27203065134098836,0,2018-2026
2023-04-11,2023-04-12,1,1,37.84489610537059,49.00251023913313,0.5072273324572949,0,2018-2026
2023-04-12,2023-04-13,1,0,-82.80098280098272,-84.28184281842809,1.8316498316498309,0,2018-2026
2023-04-13,2023-04-14,1,1,28.71853546910757,45.29540481400438,0.5434782608695653,0,2018-2026
2023-04-14,2023-04-17,3,1,49.80580728685082,62.36878589819812,0.3732809430255358,1,2018-2026
2023-04-17,2023-04-18,1,1,31.32363132363203,46.97633654688959,0.5260869565217303,0,2018-2026
2023-04-18,2023-04-19,1,1,67.27780687969341,90.92676604018234,0.08993576017129745,0,2018-2026
2023-04-19,2023-04-20,1,1,-0.20790020790035427,9.479077711357622,0.8983050847457646,0,2018-2026
2023-04-20,2023-04-21,1,0,42.75037369207749,55.33686601059779,0.4436090225563935,0,2018-2026
2023-04-21,2023-04-24,3,0,62.09198813056401,75.60030983733557,0.24230769230769056,1,2018-2026
2023-04-24,2023-04-25,1,0,-100.0,-165.82278481012636,2.6367713004484283,0,2018-2026
2023-04-25,2023-04-26,1,0,8.587079104237317,18.436966971623658,0.8104776579352836,0,2018-2026
2023-04-26,2023-04-27,1,0,-100.0,-182.97442799461723,2.8127090301003426,0,2018-2026
2023-04-27,2023-04-28,1,1,-37.83622235505128,-32.343011478731114,1.3154362416107437,0,2018-2026
2023-04-28,2023-05-02,4,1,-26.642893530310857,-20.75029308323576,1.2011661807580187,1,2018-2026
2023-05-02,2023-05-03,1,0,18.358633776091317,25.715695952616223,0.7395577395577373,0,2018-2026
2023-05-03,2023-05-04,1,0,-6.940415085917954,-0.6041502495398923,0.9999999999999958,0,2018-2026
2023-05-04,2023-05-05,1,0,-90.79320113314479,-87.34613490891219,1.865196078431376,0,2018-2026
2023-05-05,2023-05-08,3,1,83.103975535169,92.14071856287501,0.07806691449813366,1,2018-2026
2023-05-08,2023-05-09,1,0,0.9064477509830295,9.47228968867251,0.8971553610503331,0,2018-2026
2023-05-09,2023-05-10,1,0,41.95842450765859,49.1858506457046,0.5055865921787716,0,2018-2026
2023-05-10,2023-05-11,1,0,13.885396084067391,26.045665791069556,0.7334669338677291,0,2018-2026
2023-05-11,2023-05-12,1,0,67.78645360450354,84.8273108404873,0.15049504950494869,0,2018-2026
2023-05-12,2023-05-15,3,0,16.459627329192564,26.253687315634224,0.7326007326007326,1,2018-2026
2023-05-15,2023-05-16,1,0,-41.75209692451072,-27.788104089219324,1.2672811059907834,0,2018-2026
2023-05-16,2023-05-17,1,0,-71.8903724525646,-77.81541066892413,1.7647058823529362,0,2018-2026
2023-05-17,2023-05-18,1,1,-72.91518175338592,-74.34210526315825,1.7306122448979628,0,2018-2026
2023-05-18,2023-05-19,1,1,73.56927710843428,85.1823708206692,0.14716981132074958,0,2018-2026
2023-05-19,2023-05-22,3,1,67.3664398436361,92.07064335916283,0.07871198568873963,1,2018-2026
2023-05-22,2023-05-23,1,0,-96.76956209619615,-100.2446982055475,1.9878542510121557,0,2018-2026
2023-05-23,2023-05-24,1,0,-60.08869179600945,-53.00546448087492,1.5193798449612463,0,2018-2026
2023-05-24,2023-05-25,1,0,4.463732176069592,14.108425865447577,0.8538961038961024,0,2018-2026
2023-05-25,2023-05-26,1,0,-35.99493029150881,-24.29731417863892,1.2360248447205027,0,2018-2026
2023-05-26,2023-05-30,4,1,72.93481857284604,95.85974899728231,0.04118404118404762,1,2018-2026
2023-05-30,2023-05-31,1,1,7.359635811835524,19.090231170767503,0.8037037037037096,0,2018-2026
2023-05-31,2023-06-01,1,0,-18.017514440097326,-7.506239201382649,1.066666666666671,0,2018-2026
2023-06-01,2023-06-02,1,1,-100.0,-137.63736263736314,2.361774744027309,0,2018-2026
2023-06-02,2023-06-05,3,1,42.21140472878912,61.144321093081764,0.3855932203389937,1,2018-2026
2023-06-05,2023-06-06,1,1,37.21413721413652,54.22535211267516,0.45414847161572947,0,2018-2026
2023-06-06,2023-06-07,1,1,20.830417541403097,32.35787958742984,0.6698337292161639,0,2018-2026
2023-06-07,2023-06-08,1,0,-14.815662926493536,-4.161596495497002,1.0313253012048127,0,2018-2026
2023-06-08,2023-06-09,1,1,44.920782851817975,57.85984848484913,0.41784037558684806,0,2018-2026
2023-06-09,2023-06-12,3,1,-59.7471723220233,-69.80286738351344,1.6844444444444535,1,2018-2026
2023-06-12,2023-06-13,1,1,-14.617051102331516,-7.844585610872425,1.071953010278995,0,2018-2026
2023-06-13,2023-06-14,1,1,58.05223068552782,67.68060836501908,0.321621621621621,0,2018-2026
2023-06-14,2023-06-15,1,1,-87.80124962808613,-89.68442483881829,1.882154882154874,0,2018-2026
2023-06-15,2023-06-16,1,1,-14.819858858487125,-6.602784848031221,1.0486008836524308,0,2018-2026
2023-06-16,2023-06-20,4,0,-17.144442389494763,-8.04462712859622,1.0718446601941711,1,2018-2026
2023-06-20,2023-06-21,1,0,-31.70559094125948,-31.084543125533436,1.3008474576271158,0,2018-2026
2023-06-21,2023-06-22,1,0,52.214811014194964,75.3859923920335,0.2439024390243953,0,2018-2026
2023-06-22,2023-06-23,1,0,-42.748091603053986,-31.332082551595274,1.3023255813953543,0,2018-2026
2023-06-23,2023-06-26,3,0,-30.51137753853604,-16.504854368931312,1.1543624161073756,1,2018-2026
2023-06-26,2023-06-27,1,0,-100.0,-91.73019173019064,1.8993135011441542,0,2018-2026
2023-06-27,2023-06-28,1,1,61.15997147611056,71.55514105852117,0.2817551963048562,0,2018-2026
2023-06-28,2023-06-29,1,0,-8.644400785853948,3.2549728752266645,0.959641255605375,0,2018-2026
2023-06-29,2023-06-30,1,1,-100.0,-141.67312161115447,2.4000000000000035,0,2018-2026
2023-07-05,2023-07-06,1,1,-100.0,-117.96165489404603,2.1599999999999966,0,2018-2026
2023-07-06,2023-07-07,1,0,32.61124121779781,46.96969696969599,0.5268817204301173,0,2018-2026
2023-07-07,2023-07-10,3,1,61.68289290681423,84.66257668711557,0.15217391304348812,1,2018-2026
2023-07-10,2023-07-11,1,0,-74.70817120622655,-58.03814713896538,1.5675675675675755,0,2018-2026
2023-07-11,2023-07-12,1,1,-21.90775681341671,-16.117850953205707,1.1551724137930983,0,2018-2026
2023-07-12,2023-07-13,1,1,-49.931880108990896,-57.4487065120416,1.5619469026548554,0,2018-2026
2023-07-13,2023-07-14,1,1,48.64864864864935,69.55403087478648,0.30212765957445936,0,2018-2026
2023-07-14,2023-07-17,3,1,3.5818005808318745,14.364640883977279,0.849315068493157,1,2018-2026
2023-07-17,2023-07-18,1,1,-61.9002822201316,-53.957528957528844,1.5263157894736832,0,2018-2026
2023-07-18,2023-07-19,1,1,66.21253405994536,94.64763603925047,0.05309734513274538,0,2018-2026
2023-07-19,2023-07-20,1,1,-58.2448690728943,-59.69899665551809,1.5850622406638974,0,2018-2026
2023-07-20,2023-07-21,1,0,67.59388038942956,92.41146711635722,0.0753138075313836,0,2018-2026
2023-07-21,2023-07-24,3,0,30.65843621399183,47.15808170515107,0.5242290748898669,1,2018-2026
2023-07-24,2023-07-25,1,1,33.65599404318596,44.31279620852982,0.552941176470598,0,2018-2026
2023-07-25,2023-07-26,1,1,70.60964513193812,86.88352570828961,0.13054830287206265,0,2018-2026
2023-07-26,2023-07-27,1,1,-13.211524947293492,-8.027327070878423,1.0720338983050732,0,2018-2026
2023-07-27,2023-07-28,1,0,-48.6185167232185,-50.99009900990084,1.5015384615384602,0,2018-2026
2023-07-28,2023-07-31,3,1,43.88243335611688,65.07515473032623,0.34649122807018445,1,2018-2026
2023-07-31,2023-08-02,2,0,-100.0,-132.83480625424957,2.314189189189197,0,2018-2026
2023-08-02,2023-08-03,1,0,51.439299123904114,62.48382923673916,0.37299035369775724,0,2018-2026
2023-08-03,2023-08-04,1,0,30.932896890344015,39.091915836102196,0.606060606060603,0,2018-2026
2023-08-04,2023-08-07,3,0,-29.233621755252763,-19.987063389391313,1.1929260450160706,1,2018-2026
2023-08-07,2023-08-08,1,0,27.724795640326978,44.24620874219447,0.5530973451327434,0,2018-2026
2023-08-08,2023-08-09,1,0,-36.73174258857555,-34.742951907130994,1.337448559670782,0,2018-2026
2023-08-09,2023-08-10,1,0,56.702898550725,71.5938979484486,0.2827225130890011,0,2018-2026
2023-08-10,2023-08-11,1,0,62.54596170914225,82.25297037148519,0.17638266068758596,0,2018-2026
2023-08-11,2023-08-14,3,0,18.00211256979101,28.042692373903428,0.714529914529906,1,2018-2026
2023-08-14,2023-08-15,1,0,-100.0,-104.6925566343043,2.032128514056226,0,2018-2026
2023-08-15,2023-08-16,1,0,-17.451349654739627,-9.34458144062311,1.0870967741935498,0,2018-2026
2023-08-16,2023-08-17,1,0,-61.77184466019445,-58.95372233400432,1.580000000000003,0,2018-2026
2023-08-17,2023-08-18,1,0,64.07425990968441,86.02673147023148,0.13897280966766754,0,2018-2026
2023-08-18,2023-08-21,3,0,16.709183673470182,25.996204933587126,0.7358490566037658,1,2018-2026
2023-08-21,2023-08-22,1,0,19.414483821264355,29.420505200595205,0.7011070110701023,0,2018-2026
2023-08-22,2023-08-23,1,0,-48.67886178861835,-53.1365313653142,1.5229357798165193,0,2018-2026
2023-08-23,2023-08-24,1,0,-100.0,-89.60149439601416,1.885448916408661,0,2018-2026
2023-08-24,2023-08-25,1,0,35.996409335727165,48.839662447257446,0.5091863517060362,0,2018-2026
2023-08-25,2023-08-28,3,0,31.854590264940626,43.27176781002549,0.5639344262295172,1,2018-2026
2023-08-28,2023-08-29,1,0,-100.0,-146.78972712680488,2.450199203187242,0,2018-2026
2023-08-29,2023-08-30,1,1,14.678899082568803,24.86851990984222,0.746268656716418,0,2018-2026
2023-08-30,2023-08-31,1,1,58.16703621581573,71.45122918318687,0.2834645669291446,0,2018-2026
2023-08-31,2023-09-01,1,1,50.31736872475419,71.08345534406953,0.28727272727273473,0,2018-2026
2023-09-01,2023-09-05,4,1,14.195361911454688,24.95711835334478,0.7446808510638298,1,2018-2026
2023-09-05,2023-09-06,1,0,-90.41227229146746,-79.07634307257355,1.7757009345794446,0,2018-2026
2023-09-06,2023-09-07,1,0,35.4019746121289,50.257289879930326,0.4936170212766064,0,2018-2026
2023-09-07,2023-09-08,1,0,58.32157968970414,78.03617571059472,0.21794871794871407,0,2018-2026
2023-09-08,2023-09-11,3,0,-46.59170765987414,-51.17289313640392,1.500000000000008,1,2018-2026
2023-09-11,2023-09-12,1,1,-7.337723424269652,1.0721247563366145,0.9806763285024024,0,2018-2026
2023-09-12,2023-09-13,1,0,65.5609167671897,82.36514522821608,0.17525773195875977,0,2018-2026
2023-09-13,2023-09-14,1,0,-79.26914968376757,-89.10806174957223,1.8765957446808617,0,2018-2026
2023-09-14,2023-09-15,1,1,-100.0,-176.3456382759327,2.7402862985685026,0,2018-2026
2023-09-15,2023-09-18,3,0,54.28167020523759,72.78911564625908,0.2700421940928212,1,2018-2026
2023-09-18,2023-09-19,1,0,80.63583815028899,88.2186616399623,0.11682242990654207,0,2018-2026
2023-09-19,2023-09-20,1,0,-49.61977186311866,-43.55468750000081,1.4271844660194257,0,2018-2026
2023-09-20,2023-09-21,1,0,-100.0,-178.8390889052158,2.7700729927007206,0,2018-2026
2023-09-21,2023-09-22,1,0,39.22441195168456,49.564134495641206,0.5015479876161005,0,2018-2026
2023-09-22,2023-09-25,3,0,45.830705184810725,63.630943508718815,0.36148148148148956,1,2018-2026
2023-09-25,2023-09-26,1,0,-74.04202719406751,-68.51730894840054,1.6753246753246833,0,2018-2026
2023-09-26,2023-09-27,1,0,80.2897051215734,99.12075029308404,0.00874635568512324,0,2018-2026
2023-09-27,2023-09-28,1,0,-6.11471861471787,3.3406352683468623,0.9618528610354149,0,2018-2026
2023-09-28,2023-09-29,1,0,63.359788359788915,84.48185165702327,0.15445026178009816,0,2018-2026
2023-09-29,2023-10-02,3,0,74.58866544789733,90.7264296754247,0.0923076923076958,1,2018-2026
2023-10-02,2023-10-03,1,0,-46.257197696736824,-37.055837563451554,1.362776025236591,0,2018-2026
2023-10-03,2023-10-04,1,0,-14.419087136929154,-7.808857808857465,1.0724637681159386,0,2018-2026
2023-10-04,2023-10-05,1,0,62.577073109348945,83.30499304374646,0.16589861751152704,0,2018-2026
2023-10-05,2023-10-06,1,0,-19.182535996283832,-13.796576032225122,1.1328320802004967,0,2018-2026
2023-10-06,2023-10-09,3,1,44.590495449950154,60.639606396064806,0.3914373088684932,1,2018-2026
2023-10-09,2023-10-10,1,0,7.553240386088289,17.943648047453976,0.8150572831423926,0,2018-2026
2023-10-10,2023-10-11,1,0,43.1623931623931,56.36242504996661,0.43377483443708686,0,2018-2026
2023-10-11,2023-10-12,1,0,24.077976817702325,33.66164542294264,0.6599423631123978,0,2018-2026
2023-10-12,2023-10-13,1,0,4.920939855179892,15.356711003627971,0.8404802744425347,0,2018-2026
2023-10-13,2023-10-16,3,0,-21.167593328037576,-16.922361692235523,1.1643518518518454,1,2018-2026
2023-10-16,2023-10-17,1,1,80.9552969993884,96.98189134808936,0.029999999999991662,0,2018-2026
2023-10-17,2023-10-18,1,0,-44.444444444443754,-47.896039603959544,1.4707692307692224,0,2018-2026
2023-10-18,2023-10-19,1,0,2.700822997565953,10.177380802616861,0.893617021276594,0,2018-2026
2023-10-19,2023-10-20,1,0,-23.680456490727998,-14.81303930968408,1.1431980906921289,0,2018-2026
2023-10-20,2023-10-23,3,0,55.81283164495853,63.17551410808178,0.3666666666666715,1,2018-2026
2023-10-23,2023-10-24,1,0,21.280432822362396,30.540827147401796,0.6912928759894471,0,2018-2026
2023-10-24,2023-10-25,1,0,-83.88800845219193,-85.64787914003446,1.846820809248551,0,2018-2026
2023-10-25,2023-10-26,1,0,-41.31641554322023,-41.8272381701409,1.4106910039113494,0,2018-2026
2023-10-26,2023-10-27,1,0,31.17001828153586,42.08098411071269,0.5765306122448957,0,2018-2026
2023-10-27,2023-10-30,3,0,-42.11600816620572,-34.552894451798664,1.3389221556886168,1,2018-2026
2023-10-30,2023-10-31,1,0,18.23149528067539,30.693069306930415,0.689230769230772,0,2018-2026
2023-10-31,2023-11-01,1,0,-35.320584926883804,-26.27619559376647,1.2566844919786064,0,2018-2026
2023-11-01,2023-11-02,1,0,-100.0,-136.85819070904643,2.3556231003039514,0,2018-2026
2023-11-02,2023-11-03,1,1,-23.203510696653552,-17.75938892425171,1.1708860759493636,0,2018-2026
2023-11-03,2023-11-06,3,1,48.776418242492284,76.20790629575485,0.2363636363636281,1,2018-2026
2023-11-06,2023-11-07,1,0,2.242585001205893,14.719891131776116,0.8449438202247171,0,2018-2026
2023-11-07,2023-11-08,1,1,48.19944598337854,61.87258687258589,0.37799043062201937,0,2018-2026
2023-11-08,2023-11-09,1,1,-70.09735744088964,-80.62827225130829,1.7922077922077864,0,2018-2026
2023-11-09,2023-11-10,1,0,-100.0,-149.95273208546087,2.480300187617266,0,2018-2026
2023-11-10,2023-11-13,3,1,52.7576197387511,68.17082997582511,0.31600000000000816,1,2018-2026
2023-11-13,2023-11-14,1,1,-100.0,-134.1005451241677,2.3283132530120536,0,2018-2026
2023-11-14,2023-11-15,1,1,70.21276595744631,85.83792289535745,0.14062500000000533,0,2018-2026
2023-11-15,2023-11-16,1,1,67.07444949318327,90.74463609591807,0.09166666666667804,0,2018-2026
2023-11-16,2023-11-17,1,1,46.22314622314716,66.55231560892055,0.3319148936170097,0,2018-2026
2023-11-17,2023-11-20,3,1,-100.0,-90.8190819081912,1.8928571428571468,1,2018-2026
2023-11-20,2023-11-21,1,1,8.782435129739913,22.491039426522487,0.768888888888897,0,2018-2026
2023-11-21,2023-11-22,1,1,13.96776669224971,22.281776416540097,0.771863117870712,0,2018-2026
2023-11-27,2023-11-28,1,1,65.81415174765499,93.86160714285639,0.06077348066299096,0,2018-2026
2023-11-28,2023-11-29,1,1,53.000845308537784,78.43359818388221,0.2134831460674132,0,2018-2026
2023-11-29,2023-11-30,1,1,30.83657587548628,40.23722627737216,0.5927601809954761,0,2018-2026
2023-11-30,2023-12-01,1,1,-62.73291925465917,-52.91445874337698,1.5187969924812106,0,2018-2026
2023-12-01,2023-12-04,3,1,-8.093278463648584,-1.6652059596841673,1.0086956521739099,1,2018-2026
2023-12-04,2023-12-05,1,0,53.153153153153745,74.24511545293144,0.25550660792950836,0,2018-2026
2023-12-05,2023-12-06,1,1,29.91371045062221,38.62987630827687,0.6084905660377454,0,2018-2026
2023-12-06,2023-12-07,1,0,-62.12847555129336,-52.7117031398658,1.5141509433962166,0,2018-2026
2023-12-07,2023-12-08,1,1,27.561136814276733,33.58162631905691,0.6604938271604897,0,2018-2026
2023-12-08,2023-12-11,3,1,39.157458563534995,57.11759504862833,0.42543859649124,1,2018-2026
2023-12-11,2023-12-12,1,1,19.342839429634946,27.658142664872916,0.719063545150494,0,2018-2026
2023-12-12,2023-12-13,1,1,-100.0,-134.86506199854114,2.3333333333333326,0,2018-2026
2023-12-13,2023-12-14,1,1,15.240564678766939,28.749554684716788,0.7067137809187279,0,2018-2026
2023-12-14,2023-12-15,1,1,35.67215150574369,48.039528211667346,0.5158227848101252,0,2018-2026
2023-12-15,2023-12-18,3,1,-53.68620037807098,-41.651031894933475,1.4046511627906892,1,2018-2026
2023-12-18,2023-12-19,1,1,-46.750902527075496,-41.56626506024062,1.4029850746268624,0,2018-2026
2023-12-19,2023-12-20,1,1,-100.0,-216.09346285114106,3.1272727272727177,0,2018-2026
2023-12-20,2023-12-21,1,1,-3.3760186263098473,6.0308555399717205,0.9337979094076678,0,2018-2026
2023-12-21,2023-12-22,1,1,29.356172474896514,42.79661016949137,0.5684210526315805,0,2018-2026
2023-12-22,2023-12-26,4,1,22.507634273397716,35.48387096774295,0.6398390342052214,1,2018-2026
2023-12-26,2023-12-27,1,1,52.00348432055788,73.0443974630026,0.26701570680627795,0,2018-2026
2023-12-27,2023-12-28,1,1,48.263579697238846,65.85117227318982,0.33838383838384645,0,2018-2026
2023-12-28,2023-12-29,1,1,16.481223922114843,28.633217993080578,0.7081545064377585,0,2018-2026
2023-12-29,2024-01-02,4,1,-41.30594277329336,-37.54045307443271,1.365461847389549,1,2018-2026
2024-01-02,2024-01-03,1,0,-5.076495132127319,0.5258545135853733,0.9869565217391226,0,2018-2026
2024-01-03,2024-01-04,1,0,18.690066944091647,29.057537636624996,0.703476482617598,0,2018-2026
2024-01-04,2024-01-05,1,0,88.25015792798419,98.68073878627901,0.013114754098367366,0,2018-2026
2024-01-05,2024-01-08,3,0,-100.0,-169.7368421052632,2.677551020408164,1,2018-2026
2024-01-08,2024-01-09,1,1,66.8960770819003,93.368700265253,0.06578947368420056,0,2018-2026
2024-01-09,2024-01-10,1,1,-77.14007782101035,-63.27474560591919,1.6192660550458593,0,2018-2026
2024-01-10,2024-01-11,1,1,70.76292882744538,89.91442542787334,0.10030395136777631,0,2018-2026
2024-01-11,2024-01-12,1,1,54.312188168210426,72.4506578947362,0.27346938775510854,0,2018-2026
2024-01-12,2024-01-16,4,1,5.602291032754207,16.81882734834608,0.8249496981891393,1,2018-2026
2024-01-16,2024-01-17,1,0,16.892373485387495,26.870748299318574,0.725738396624484,0,2018-2026
2024-01-17,2024-01-18,1,0,-80.97631012203973,-82.30016313213815,1.8097165991902946,0,2018-2026
2024-01-18,2024-01-19,1,1,-71.8785151856018,-134.99267935578388,2.3345454545454603,0,2018-2026
2024-01-19,2024-01-22,3,1,24.82117310443524,38.165438165438545,0.6138211382113784,1,2018-2026
2024-01-22,2024-01-23,1,1,51.016456921587825,60.3960396039606,0.39285714285714085,0,2018-2026
2024-01-23,2024-01-24,1,1,79.10447761194153,84.50672134882775,0.15349887133181717,0,2018-2026
2024-01-24,2024-01-25,1,1,7.708933717579586,16.31973355537091,0.8305785123966904,0,2018-2026
2024-01-25,2024-01-26,1,1,70.93373493975983,82.04527712724514,0.17829457364340293,0,2018-2026
2024-01-26,2024-01-29,3,1,-73.608098336948,-77.03150912106058,1.7572016460905273,1,2018-2026
2024-01-29,2024-01-30,1,1,76.7053701015967,94.82484076433138,0.05138339920948437,0,2018-2026
2024-01-30,2024-01-31,1,1,-100.0,-117.08758731864548,2.1604278074866268,0,2018-2026
2024-01-31,2024-02-01,1,0,-51.94787566173525,-45.500069550702946,1.4467496542185387,0,2018-2026
2024-02-01,2024-02-02,1,1,-53.31894225580092,-45.90254706533726,1.4517906336088104,0,2018-2026
2024-02-02,2024-02-05,3,1,-2.494331065760219,10.436713545521261,0.889705882352947,1,2018-2026
2024-02-05,2024-02-06,1,1,37.26158038147048,56.735057983941694,0.4292035398230209,0,2018-2026
2024-02-06,2024-02-07,1,1,-100.0,-118.42560553633268,2.1673819742489324,0,2018-2026
2024-02-07,2024-02-08,1,1,59.52835096237295,83.22499475781183,0.16632016632015684,0,2018-2026
2024-02-08,2024-02-09,1,1,-36.49685973482229,-36.36363636363664,1.353191489361705,0,2018-2026
2024-02-09,2024-02-12,3,1,68.02443991853326,97.80893952673044,0.02173913043478755,1,2018-2026
2024-02-12,2024-02-13,1,1,-96.41577060931934,-107.75287704421604,2.0662650602409682,0,2018-2026
2024-02-13,2024-02-14,1,0,-89.10482921083614,-92.67624914442146,1.9149659863945563,0,2018-2026
2024-02-14,2024-02-15,1,1,-25.277929651904092,-15.482481894695171,1.1456310679611605,0,2018-2026
2024-02-15,2024-02-16,1,1,32.701421800948424,47.441217150761354,0.5223367697594439,0,2018-2026
2024-02-16,2024-02-20,4,1,-15.783002919932096,-7.43120777722824,1.0671031096562982,1,2018-2026
2024-02-20,2024-02-21,1,0,58.43201306655759,67.3537142066674,0.32462173314993314,0,2018-2026
2024-02-21,2024-02-22,1,0,-100.0,-163.1218621633951,2.6204545454545394,0,2018-2026
2024-02-22,2024-02-23,1,1,74.46043165467606,93.92302498311929,0.060402684563760675,0,2018-2026
2024-02-23,2024-02-26,3,1,6.700810926163049,19.093851132686098,0.8032128514056224,1,2018-2026
2024-02-26,2024-02-27,1,0,70.37552155771827,95.6559513466541,0.04310344827587187,0,2018-2026
2024-02-27,2024-02-28,1,1,42.56619144602814,64.31757359500396,0.35398230088496074,0,2018-2026
2024-02-28,2024-02-29,1,0,13.784907902554485,24.965421853388108,0.7457044673539575,0,2018-2026
2024-02-29,2024-03-01,1,1,-56.207159177457065,-44.62809917355455,1.436567164179113,0,2018-2026
2024-03-01,2024-03-04,3,1,45.93301435406637,68.28844483058131,0.314655172413801,1,2018-2026
2024-03-04,2024-03-05,1,1,-100.0,-185.57504873294405,2.8309178743961416,0,2018-2026
2024-03-05,2024-03-06,1,0,-17.440660474716484,-12.692763938315865,1.1209439528023633,0,2018-2026
2024-03-06,2024-03-07,1,1,-64.87985212569359,-62.43315508021436,1.6146179401993401,0,2018-2026
2024-03-07,2024-03-08,1,1,7.062528115159486,13.646055437099966,0.8594164456233447,0,2018-2026
2024-03-08,2024-03-11,3,0,60.37879945012982,75.12025211477858,0.2471169686985173,1,2018-2026
2024-03-11,2024-03-12,1,1,-9.766340045223306,-1.809715313788666,1.0136986301369748,0,2018-2026
2024-03-12,2024-03-13,1,1,51.365705614567915,62.05860255447067,0.37686567164178764,0,2018-2026
2024-03-13,2024-03-14,1,0,44.167758846659275,62.42619431025391,0.3730017761989181,0,2018-2026
2024-03-14,2024-03-15,1,0,-7.333994053518111,4.174015285126667,0.9504373177842539,0,2018-2026
2024-03-15,2024-03-18,3,0,6.006160164270933,13.345410628019195,0.8618618618618632,1,2018-2026
2024-03-18,2024-03-19,1,1,33.469179826795965,45.87945879458823,0.5382262996941868,0,2018-2026
2024-03-19,2024-03-20,1,1,-39.768880588303,-37.059046655707654,1.3635220125786063,0,2018-2026
2024-03-20,2024-03-21,1,1,16.994150292484697,29.16174734356476,0.7035175879397061,0,2018-2026
2024-03-21,2024-03-22,1,1,14.950634696755696,26.644182124788834,0.7280334728033511,0,2018-2026
2024-03-22,2024-03-25,3,1,-12.813102119463124,0.994575045205498,0.9820627802690828,1,2018-2026
2024-03-25,2024-03-26,1,0,-23.604757548034815,-15.805168986085533,1.1477832512315473,0,2018-2026
2024-03-26,2024-03-27,1,0,-36.369958275381045,-37.7063423110321,1.36637931034481,0,2018-2026
2024-03-27,2024-03-28,1,1,36.942675159235826,51.75064047822394,0.478813559322032,0,2018-2026
2024-03-28,2024-04-01,4,1,22.154779969652015,32.37082066869405,0.6716981132075369,1,2018-2026
2024-04-01,2024-04-02,1,1,-58.0454096742338,-43.05177111716515,1.4189189189189086,0,2018-2026
2024-04-02,2024-04-03,1,0,75.43193468767817,85.40986753695545,0.14476190476190304,0,2018-2026
2024-04-03,2024-04-04,1,1,-100.0,-187.54654530409783,2.8483606557377237,0,2018-2026
2024-04-04,2024-04-05,1,0,8.312135882498106,16.894890924544757,0.8278457196613317,0,2018-2026
2024-04-05,2024-04-08,3,0,63.945426079177835,82.26105374636063,0.17631578947367346,1,2018-2026
2024-04-08,2024-04-09,1,0,75.14440096888565,88.34725189357333,0.11560693641616744,0,2018-2026
2024-04-09,2024-04-10,1,0,16.755117513267027,22.922521075872506,0.7680000000000063,0,2018-2026
2024-04-10,2024-04-11,1,0,20.335480734169085,27.802106758197308,0.7184923439340293,0,2018-2026
2024-04-11,2024-04-12,1,1,-100.0,-143.12676474959153,2.416543574593798,0,2018-2026
2024-04-12,2024-04-15,3,0,-37.84407742852069,-36.06866234038099,1.3541666666666667,1,2018-2026
2024-04-15,2024-04-16,1,0,56.22128285241684,69.67859308671922,0.3018108651911469,0,2018-2026
2024-04-16,2024-04-17,1,0,-10.376419040031864,-5.460510897586118,1.048951048951049,0,2018-2026
2024-04-17,2024-04-18,1,0,54.26604960246827,63.894572150679984,0.3592814371257485,0,2018-2026
2024-04-18,2024-04-19,1,0,-28.29883196484277,-22.66866942045254,1.2204234122042283,0,2018-2026
2024-04-19,2024-04-22,3,0,-30.799421607105504,-25.639315098954356,1.2499999999999951,1,2018-2026
2024-04-22,2024-04-23,1,0,-65.24849878625236,-68.63507250710079,1.67607726597325,0,2018-2026
2024-04-23,2024-04-24,1,1,74.24605074198115,83.1486971446397,0.16744186046512263,0,2018-2026
2024-04-24,2024-04-25,1,0,20.211181805875132,29.174159634804198,0.7042640990371396,0,2018-2026
2024-04-25,2024-04-26,1,0,-14.249684741488172,-9.922383050136537,1.0939457202505238,0,2018-2026
2024-04-26,2024-04-29,3,1,42.81592613964192,61.845930232557734,0.37906137184115934,1,2018-2026
2024-04-29,2024-04-30,1,0,-100.0,-153.27034883721032,2.5162454873646314,0,2018-2026
2024-04-30,2024-05-02,2,0,94.29590017825329,99.83731901740701,0.001620745542948283,0,2018-2026
2024-05-02,2024-05-03,1,0,-47.59234190678824,-44.15661459363298,1.4350393700787443,0,2018-2026
2024-05-03,2024-05-06,3,1,-84.23683198769825,-69.5603989656458,1.6813186813186929,1,2018-2026
2024-05-06,2024-05-07,1,1,28.66091078381429,46.5359768322546,0.5298013245033314,0,2018-2026
2024-05-07,2024-05-08,1,1,65.51961459050055,91.56305506216455,0.0837004405286584,0,2018-2026
2024-05-08,2024-05-09,1,1,-8.602150537634198,4.140414041404344,0.9508928571428552,0,2018-2026
2024-05-09,2024-05-10,1,1,53.69649805447316,62.19621962196077,0.37500000000001416,0,2018-2026
2024-05-10,2024-05-13,3,1,82.19944082012901,95.65637065636912,0.043062200956953026,1,2018-2026
2024-05-13,2024-05-14,1,1,21.79908076165583,27.347715736041767,0.7223974763406825,0,2018-2026
2024-05-14,2024-05-15,1,1,-33.621043978626815,-33.194829178208266,1.3264367816091913,0,2018-2026
2024-05-15,2024-05-16,1,1,25.980508676015102,39.31220498988435,0.601336302895333,0,2018-2026
2024-05-16,2024-05-17,1,1,64.62536023054936,82.39148239148444,0.17479674796745934,0,2018-2026
2024-05-17,2024-05-20,3,1,35.2459016393455,47.233606557378444,0.5228426395938949,1,2018-2026
2024-05-20,2024-05-21,1,1,20.39532794249551,32.721712538223755,0.6666666666666919,0,2018-2026
2024-05-21,2024-05-22,1,1,53.698979591838366,62.324393358877714,0.3746031746031587,0,2018-2026
2024-05-22,2024-05-23,1,0,20.542949756889094,28.93755824790415,0.7076566125289917,0,2018-2026
2024-05-23,2024-05-24,1,0,-23.52579852579823,-15.00655307994726,1.1433224755700295,0,2018-2026
2024-05-24,2024-05-28,4,1,45.978614597860826,58.792525155725286,0.407582938388632,1,2018-2026
2024-05-28,2024-05-29,1,0,-48.275862068964884,-38.14531548757105,1.3696682464454912,0,2018-2026
2024-05-29,2024-05-30,1,0,-76.47951441578131,-67.68759571209783,1.6653992395437245,0,2018-2026
2024-05-30,2024-05-31,1,0,-29.95903264173444,-26.655990682778345,1.2590448625180963,0,2018-2026
2024-05-31,2024-06-03,3,0,-51.498422712933035,-38.5011021307855,1.3759124087591172,1,2018-2026
2024-06-03,2024-06-04,1,0,9.085475194261138,17.60168302945223,0.8188153310104609,0,2018-2026
2024-06-04,2024-06-05,1,1,-100.0,-127.58384668035514,2.2619047619047543,0,2018-2026
2024-06-05,2024-06-06,1,1,59.941305942773795,75.1166407465013,0.24710424710424186,0,2018-2026
2024-06-06,2024-06-07,1,1,91.44267690619911,99.43693693693744,0.005602240896353448,0,2018-2026
2024-06-07,2024-06-10,3,1,24.348473566643055,34.17922283901792,0.6535433070866016,1,2018-2026
2024-06-10,2024-06-11,1,1,-0.6417874970272343,10.09649329254093,0.8904428904428756,0,2018-2026
2024-06-11,2024-06-12,1,1,-7.4662430500403385,-4.664837318699167,1.0429687500000062,0,2018-2026
2024-06-12,2024-06-13,1,1,47.33840304182439,57.70676691729252,0.4205607476635585,0,2018-2026
2024-06-13,2024-06-14,1,1,64.46453407510495,88.42195540308826,0.11489361702126885,0,2018-2026
2024-06-14,2024-06-17,3,1,-100.0,-106.79770679770493,2.0528455284552662,1,2018-2026
2024-06-17,2024-06-18,1,1,65.44387380777665,80.799373040752,0.1906614785992253,0,2018-2026
2024-06-18,2024-06-20,2,1,38.29229963331716,57.10455764075218,0.425357873210619,0,2018-2026
2024-06-20,2024-06-21,1,1,3.288733274978004,12.21899372992798,0.8710166919575127,0,2018-2026
2024-06-21,2024-06-24,3,0,-3.846153846154648,4.159869494289463,0.9514170040485921,1,2018-2026
2024-06-24,2024-06-25,1,0,50.57224606580961,66.55376799322762,0.3319327731092284,0,2018-2026
2024-06-25,2024-06-26,1,1,58.17409766454449,77.27272727272843,0.22553191489360544,0,2018-2026
2024-06-26,2024-06-27,1,1,31.48414985590699,43.56187290969805,0.5601659751037439,0,2018-2026
2024-06-27,2024-06-28,1,1,24.847374847375843,34.40934065934176,0.6518771331057911,0,2018-2026
2024-06-28,2024-07-02,4,0,-9.305727467087356,-4.350111709818027,1.0379084967320333,1,2018-2026
2024-07-02,2024-07-05,3,1,-67.01344836336071,-70.81210668265047,1.696428571428585,1,2018-2026
2024-07-05,2024-07-08,3,1,63.68515205724366,83.1849653808095,0.16666666666668226,1,2018-2026
2024-07-08,2024-07-09,1,1,47.22483537158966,58.0115830115828,0.4162679425837342,0,2018-2026
2024-07-09,2024-07-10,1,1,-100.0,-151.43403441682557,2.4928909952606593,0,2018-2026
2024-07-10,2024-07-11,1,1,-22.903516681696132,-21.420996818664918,1.2084432717678208,0,2018-2026
2024-07-11,2024-07-12,1,0,-10.525553786013257,-5.263157894735675,1.0448833034111196,0,2018-2026
2024-07-12,2024-07-15,3,1,62.24970553592435,82.63642806520166,0.17253521126760885,1,2018-2026
2024-07-15,2024-07-16,1,1,-35.30916202798323,-32.552935100706584,1.316239316239324,0,2018-2026
2024-07-16,2024-07-17,1,1,-100.0,-156.17732558139366,2.5451263537905975,0,2018-2026
2024-07-17,2024-07-18,1,0,-56.038135593221185,-52.92096219931361,1.5213675213675304,0,2018-2026
2024-07-18,2024-07-19,1,0,-14.428076256498143,-7.086197778951732,1.0657894736841986,0,2018-2026
2024-07-19,2024-07-22,3,0,-46.994473891958435,-46.5819172395895,1.4580645161290267,1,2018-2026
2024-07-22,2024-07-23,1,1,49.993444342468266,62.40270230577257,0.3737226277372183,0,2018-2026
2024-07-23,2024-07-24,1,0,-100.0,-258.8161032402851,3.5676429567642858,0,2018-2026
2024-07-24,2024-07-25,1,0,3.4683200930058478,15.99724581133881,0.8356164383561572,0,2018-2026
2024-07-25,2024-07-26,1,0,19.90581416410079,29.539295392954017,0.7012448132780075,0,2018-2026
2024-07-26,2024-07-29,3,0,63.37860612669791,82.09447520320435,0.17819460726846212,1,2018-2026
2024-07-29,2024-07-30,1,0,-7.20303785451601,-1.3756351468591475,1.008631319358824,0,2018-2026
2024-07-30,2024-07-31,1,0,-33.29457927626752,-32.29510775522995,1.3181818181818132,0,2018-2026
2024-07-31,2024-08-01,1,1,-80.61792362310514,-73.98877491774742,1.7321772639691735,0,2018-2026
2024-08-01,2024-08-02,1,0,-34.309457855163984,-32.316268153146275,1.318713450292395,0,2018-2026
2024-08-02,2024-08-05,3,0,-100.0,-105.16119808420935,2.0427046263345225,1,2018-2026
2024-08-05,2024-08-06,1,0,20.55335968379396,33.14973810680864,0.6659494351802103,0,2018-2026
2024-08-06,2024-08-07,1,0,-19.151376146789175,-13.940707485099674,1.1349267540478047,0,2018-2026
2024-08-07,2024-08-08,1,0,-32.036382011116785,-26.048218029350156,1.2558746736292434,0,2018-2026
2024-08-08,2024-08-09,1,0,42.84591812681752,52.09482261914613,0.47744052502050344,0,2018-2026
2024-08-09,2024-08-12,3,0,72.05440734852517,94.67976263556392,0.05295315682280874,1,2018-2026
2024-08-12,2024-08-13,1,0,-83.56669740923923,-87.13231861051419,1.8641860465116245,0,2018-2026
2024-08-13,2024-08-14,1,1,44.692835768351145,50.85734488244702,0.489436619718305,0,2018-2026
2024-08-14,2024-08-15,1,0,-100.0,-126.07178464606304,2.250620347394553,0,2018-2026
2024-08-15,2024-08-16,1,1,44.394394394393935,63.950762016412135,0.35860058309038434,0,2018-2026
2024-08-16,2024-08-19,3,1,-86.77089597113485,-86.45204560697334,1.853333333333315,1,2018-2026
2024-08-19,2024-08-20,1,1,40.343158820941404,76.79640718562858,0.23048327137546637,0,2018-2026
2024-08-20,2024-08-21,1,1,33.29200247984982,45.01940491591057,0.5466237942122332,0,2018-2026
2024-08-21,2024-08-22,1,1,-16.209866875488476,-11.898435193385389,1.1114369501466168,0,2018-2026
2024-08-22,2024-08-23,1,0,-25.28900353491988,-21.206090158225336,1.207135777998024,0,2018-2026
2024-08-23,2024-08-26,3,1,80.55774381597664,91.24655535743291,0.08695652173912458,1,2018-2026
2024-08-26,2024-08-27,1,1,34.80096501809492,46.91186675919595,0.5275862068965423,0,2018-2026
2024-08-27,2024-08-28,1,1,11.658112496072956,17.795945794602776,0.8182831661092439,0,2018-2026
2024-08-28,2024-08-29,1,1,82.68454207720798,88.73837114411532,0.11219512195122838,0,2018-2026
2024-08-29,2024-08-30,1,1,-22.765142985815135,-20.67599683126618,1.199475065616811,0,2018-2026
2024-08-30,2024-09-03,4,1,-100.0,-220.3772971214839,3.18255250403878,1,2018-2026
2024-09-03,2024-09-04,1,0,83.26941017933102,96.50234998360546,0.034820457018491444,0,2018-2026
2024-09-04,2024-09-05,1,0,58.583848329319146,68.39429771245553,0.31463146314630364,0,2018-2026
2024-09-05,2024-09-06,1,0,-43.59693246474877,-38.2867273752928,1.3783132530120548,0,2018-2026
2024-09-06,2024-09-09,3,0,-5.519810362342682,0.22091310751178986,0.9944954128440293,1,2018-2026
2024-09-09,2024-09-10,1,0,17.367168913559556,26.838759891035167,0.7277419354838838,0,2018-2026
2024-09-10,2024-09-11,1,0,-20.765027322404592,-17.952522255193124,1.1756007393715366,0,2018-2026
2024-09-11,2024-09-12,1,0,-53.091684434967576,-43.09484193011605,1.4231678486997594,0,2018-2026
2024-09-12,2024-09-13,1,1,4.298438105071994,14.807886026765404,0.8469241773962908,0,2018-2026
2024-09-13,2024-09-16,3,1,51.00836202656141,73.39108910891046,0.2646153846153888,1,2018-2026
2024-09-16,2024-09-17,1,1,88.13775510204012,96.88667496886603,0.030959752321988464,0,2018-2026
2024-09-17,2024-09-18,1,1,80.47266650752023,89.24117695003719,0.1072298943947958,0,2018-2026
2024-09-18,2024-09-19,1,1,-79.95731650737606,-76.30200612708681,1.7541789577187723,0,2018-2026
2024-09-19,2024-09-20,1,1,7.583311466807223,21.76962503372062,0.777479892761388,0,2018-2026
2024-09-20,2024-09-23,3,1,64.2246642246641,79.61867192636409,0.2026143790849688,1,2018-2026
2024-09-23,2024-09-24,1,1,2.3651145602358574,12.617554858933474,0.867704280155649,0,2018-2026
2024-09-24,2024-09-25,1,1,36.35588886995059,56.97999569799958,0.42643923240938164,0,2018-2026
2024-09-25,2024-09-26,1,0,3.593272171255244,14.615958240120683,0.8481481481481347,0,2018-2026
2024-09-26,2024-09-27,1,1,56.539351851850924,78.86819484240574,0.20996441281139921,0,2018-2026
2024-09-27,2024-09-30,3,1,22.78106508875786,39.00966183574935,0.6066066066066012,1,2018-2026
2024-09-30,2024-10-02,2,1,23.71788093475782,31.514295032069196,0.6810810810810761,0,2018-2026
2024-10-02,2024-10-03,1,0,59.30451127819485,69.66683242168008,0.30198019801980874,0,2018-2026
2024-10-03,2024-10-04,1,0,-5.6047197640111746,-2.2982547088294307,1.018932874354554,0,2018-2026
2024-10-04,2024-10-07,3,1,-15.069103878735051,-9.916054564534491,1.0939947780678996,1,2018-2026
2024-10-07,2024-10-08,1,0,-56.29699248120269,-47.880539499036274,1.4724220623501167,0,2018-2026
2024-10-08,2024-10-09,1,1,-40.0510204081634,-30.29728020240367,1.2955974842767308,0,2018-2026
2024-10-09,2024-10-10,1,1,72.32186136694166,78.81960970966239,0.21090047393364608,0,2018-2026
2024-10-10,2024-10-11,1,0,-13.229376257544128,-7.51059963658251,1.0692771084337214,0,2018-2026
2024-10-11,2024-10-14,3,1,-50.377248984328595,-49.37325905292351,1.484429065743932,1,2018-2026
2024-10-14,2024-10-15,1,1,-100.0,-101.00308641975448,1.9961685823754929,0,2018-2026
2024-10-15,2024-10-16,1,0,-13.498098859315006,-4.406130268198649,1.0380952380952324,0,2018-2026
2024-10-16,2024-10-17,1,1,72.19541616405421,90.04120879121004,0.09897610921500465,0,2018-2026
2024-10-17,2024-10-18,1,1,30.83284111045337,46.45293315143077,0.5322033898305254,0,2018-2026
2024-10-18,2024-10-21,3,1,70.79388201019864,87.75671406003374,0.121568627450959,1,2018-2026
2024-10-21,2024-10-22,1,0,67.38197424892526,86.78777869529108,0.13114754098362705,0,2018-2026
2024-10-22,2024-10-23,1,1,-100.0,-153.12239800166697,2.512396694214893,0,2018-2026
2024-10-23,2024-10-24,1,0,48.62104187947015,64.90184414039412,0.34911242603548814,0,2018-2026
2024-10-24,2024-10-25,1,1,53.0471971895522,67.79964221824657,0.3198707592891791,0,2018-2026
2024-10-25,2024-10-28,3,1,38.69000265181698,51.59967186218262,0.4809782608695603,1,2018-2026
2024-10-28,2024-10-29,1,1,55.46218487394871,78.03217821782066,0.21846153846154964,0,2018-2026
2024-10-29,2024-10-30,1,1,6.97925087577545,18.262746155921963,0.812332439678277,0,2018-2026
2024-10-30,2024-10-31,1,0,-100.0,-210.9832374280698,3.0920398009950127,0,2018-2026
2024-10-31,2024-11-01,1,0,71.25277730302486,81.975354055545,0.1794871794871828,0,2018-2026
2024-11-01,2024-11-04,3,0,25.352418130556792,40.91030077189175,0.5873015873015944,1,2018-2026
2024-11-04,2024-11-05,1,0,-70.60143626571038,-72.3338485316861,1.7153846153846295,0,2018-2026
2024-11-05,2024-11-06,1,1,-78.33895120738204,-76.95158538737527,1.764222873900289,0,2018-2026
2024-11-06,2024-11-07,1,1,-10.791949023971519,-3.9755351681964326,1.0349492671927918,0,2018-2026
2024-11-07,2024-11-08,1,1,18.574582150740795,30.152790770189924,0.6934984520123867,0,2018-2026
2024-11-08,2024-11-11,3,1,54.178674351584064,71.7868338557983,0.2801556420233569,1,2018-2026
2024-11-11,2024-11-12,1,1,41.81286549707587,56.45412130637618,0.43243243243243423,0,2018-2026
2024-11-12,2024-11-13,1,1,84.42014310787204,95.230747650443,0.04741980474196906,0,2018-2026
2024-11-13,2024-11-14,1,1,-85.89670287783478,-72.47159620040958,1.7116451016635843,0,2018-2026
2024-11-14,2024-11-15,1,0,-100.0,-111.64174771374549,2.1038961038960933,0,2018-2026
2024-11-15,2024-11-18,3,0,-0.09082652134362902,10.625620655412765,0.8885754583920952,1,2018-2026
2024-11-18,2024-11-19,1,1,10.189573459716451,20.056100981768147,0.7944250871080044,0,2018-2026
2024-11-19,2024-11-20,1,1,72.4068071312802,88.79231473010043,0.11161731207289499,0,2018-2026
2024-11-20,2024-11-21,1,1,25.722052327556526,33.969185619955574,0.6581352833638067,0,2018-2026
2024-11-21,2024-11-22,1,1,42.26398601398583,60.181721004810015,0.39627659574468327,0,2018-2026
2024-11-22,2024-11-25,3,1,2.1227768215704437,13.536498936922236,0.8591549295774841,1,2018-2026
2024-11-25,2024-11-26,1,1,-52.69382391590046,-41.96242171190011,1.4086629001883273,0,2018-2026
2024-11-26,2024-11-27,1,1,2.450709415882564,13.433417820236807,0.8588007736944013,0,2018-2026
2024-12-02,2024-12-03,1,1,87.25680933852252,93.1880108991836,0.06756756756755732,0,2018-2026
2024-12-03,2024-12-04,1,1,-52.34806629834269,-57.25456125108618,1.5603448275862086,0,2018-2026
2024-12-04,2024-12-05,1,0,25.11984659635731,37.44374437443806,0.6205357142857083,0,2018-2026
2024-12-05,2024-12-06,1,1,74.29968875055567,95.8253609323359,0.041450777202074116,0,2018-2026
2024-12-06,2024-12-09,3,1,-71.44152311876721,-65.03428011753203,1.6359223300970895,1,2018-2026
2024-12-09,2024-12-10,1,0,37.19566376399551,52.19123505976153,0.4740124740124684,0,2018-2026
2024-12-10,2024-12-11,1,0,-55.17035265989241,-55.06547208821502,1.5410958904109588,0,2018-2026
2024-12-11,2024-12-12,1,1,-82.43114909781555,-68.6802973977693,1.672811059907832,0,2018-2026
2024-12-12,2024-12-13,1,1,13.846691112274865,27.333472541239974,0.7204968944099417,0,2018-2026
2024-12-13,2024-12-16,3,1,1.0879419764287503,14.161008729389838,0.8509615384615297,1,2018-2026
2024-12-16,2024-12-17,1,1,-41.398865784498625,-27.07182320441946,1.2602739726027357,0,2018-2026
2024-12-17,2024-12-18,1,0,-100.0,-358.46313603322864,4.5633074935400435,0,2018-2026
2024-12-18,2024-12-19,1,0,66.08022519352532,88.79925328355182,0.111184645929852,0,2018-2026
2024-12-19,2024-12-20,1,0,15.40017803674026,31.224453527634545,0.68374558303887,0,2018-2026
2024-12-20,2024-12-23,3,0,26.867947544983462,39.599518546887175,0.6006528835690947,1,2018-2026
2024-12-23,2024-12-26,3,0,-33.81320224719133,-30.280217482225392,1.2952182952182991,1,2018-2026
2024-12-26,2024-12-27,1,1,-100.0,-176.8562401263819,2.7490196078431333,0,2018-2026
2024-12-27,2024-12-30,3,0,-22.70763322131476,-13.755354593050281,1.130023640661932,1,2018-2026
2024-12-30,2024-12-31,1,0,14.155684080780913,20.78813812319597,0.7888999008919758,0,2018-2026
2024-12-31,2025-01-02,2,0,59.46144945829472,69.16060375719493,0.30636461704421986,0,2018-2026
2025-01-02,2025-01-03,1,0,-60.777126099707004,-63.68179925031263,1.630705394190874,0,2018-2026
2025-01-03,2025-01-06,3,1,-7.300115874854575,1.0045130295537361,0.9840810419681555,1,2018-2026
2025-01-06,2025-01-07,1,1,-62.301587301586494,-68.54233654876644,1.6773333333333236,0,2018-2026
2025-01-07,2025-01-08,1,0,58.9625601338637,69.27803379416333,0.30567685589519156,0,2018-2026
2025-01-08,2025-01-10,2,0,-56.75952828576357,-54.64670440021959,1.540000000000005,0,2018-2026
2025-01-10,2025-01-13,3,0,51.04074008183612,68.05584937592573,0.31789473684210334,1,2018-2026
2025-01-13,2025-01-14,1,0,48.00794927604905,56.26441970107433,0.4355644355644256,0,2018-2026
2025-01-14,2025-01-15,1,0,-96.39693739678712,-90.53307451097493,1.8988095238095226,0,2018-2026
2025-01-15,2025-01-16,1,1,29.14920131415081,40.790320504570616,0.5889884763124084,0,2018-2026
2025-01-16,2025-01-17,1,0,-22.139471902504052,-17.056856187289814,1.1636828644501165,0,2018-2026
2025-01-17,2025-01-21,4,1,-27.225624116815066,-17.407938785269458,1.1690476190476116,1,2018-2026
2025-01-21,2025-01-22,1,1,-48.22208359326361,-39.90973565441752,1.3910256410256512,0,2018-2026
2025-01-22,2025-01-23,1,1,-6.160867084998168,1.5261627906963604,0.9783393501805185,0,2018-2026
2025-01-23,2025-01-24,1,1,80.19005847953035,97.29938271604746,0.026819923371666676,0,2018-2026
2025-01-24,2025-01-27,3,0,-100.0,-179.31730592769358,2.772313296903466,1,2018-2026
2025-01-27,2025-01-28,1,0,-49.93543260156984,-50.8906741180584,1.5017381228273505,0,2018-2026
2025-01-28,2025-01-29,1,1,22.466216216215262,30.765902206835893,0.6896551724138028,0,2018-2026
2025-01-29,2025-01-30,1,0,34.765461105982595,44.7904080304856,0.5494912118408931,0,2018-2026
2025-01-30,2025-01-31,1,0,57.39581470219917,74.61392003384715,0.252100840336144,0,2018-2026
2025-01-31,2025-02-03,3,0,9.870108380904881,20.066000550004325,0.7963470319634729,1,2018-2026
2025-02-03,2025-02-04,1,0,24.74484009979587,34.83360848031975,0.6493506493506493,0,2018-2026
2025-02-04,2025-02-05,1,0,42.2342192691035,52.76801405975446,0.4694323144104754,0,2018-2026
2025-02-05,2025-02-06,1,1,-0.16366612111379591,9.77849810912934,0.8978494623656,0,2018-2026
2025-02-06,2025-02-07,1,1,2.005975245411284,9.674657534246004,0.899786780383801,0,2018-2026
2025-02-07,2025-02-10,3,0,10.03809692566735,19.949308269089382,0.7970557308096663,1,2018-2026
2025-02-10,2025-02-11,1,1,71.38523761375059,93.4562760261741,0.06508875739645778,0,2018-2026
2025-02-11,2025-02-12,1,0,51.21255349500748,60.40560115886079,0.39423076923076594,0,2018-2026
2025-02-12,2025-02-13,1,0,-92.11770888071585,-89.15866741953825,1.882022471910125,0,2018-2026
2025-02-13,2025-02-14,1,1,56.19189289698661,78.55720631030647,0.21308980213091186,0,2018-2026
2025-02-14,2025-02-18,4,1,34.84452194129577,53.69424582907683,0.4594594594594641,1,2018-2026
2025-02-18,2025-02-19,1,1,-23.26051037268102,-10.457392294551816,1.096045197740101,0,2018-2026
2025-02-19,2025-02-20,1,1,24.016828242179884,37.21973094170351,0.6228239845261174,0,2018-2026
2025-02-20,2025-02-21,1,0,-100.0,-233.7774816788801,3.317880794701981,0,2018-2026
2025-02-21,2025-02-24,3,0,26.89728203318133,41.84602649006735,0.5793814432989579,1,2018-2026
2025-02-24,2025-02-25,1,0,-25.104993000465782,-15.088899567514746,1.1459330143540583,0,2018-2026
2025-02-25,2025-02-26,1,0,82.76130370882767,92.3548759889777,0.07617360496013287,0,2018-2026
2025-02-26,2025-02-27,1,0,-67.31293062009351,-62.03025866276288,1.6142625607779635,0,2018-2026
2025-02-27,2025-02-28,1,0,-24.83037279865899,-20.453190220632926,1.199321458863452,0,2018-2026
2025-02-28,2025-03-03,3,0,-16.722632639354643,-9.6288229421901,1.0912375790424504,1,2018-2026
2025-03-03,2025-03-04,1,0,33.540582550516945,42.694206829403925,0.5710325710325717,0,2018-2026
2025-03-04,2025-03-05,1,0,48.17107136225818,58.94030760891697,0.4091829844699491,0,2018-2026
2025-03-05,2025-03-06,1,0,-50.05556645093744,-50.602855240771504,1.5003684598378704,0,2018-2026
2025-03-06,2025-03-07,1,0,51.6502228677316,59.08633207907135,0.4078182778658229,0,2018-2026
2025-03-07,2025-03-10,3,0,-90.42180880456839,-95.20900542247274,1.9439507860560528,1,2018-2026
2025-03-10,2025-03-11,1,0,39.82508532423225,53.14382076608063,0.4669867947178855,0,2018-2026
2025-03-11,2025-03-12,1,0,92.79854147675432,99.08067111008917,0.009163802978240656,0,2018-2026
2025-03-12,2025-03-13,1,0,-33.392408802245,-26.96276357110825,1.26527570789866,0,2018-2026
2025-03-13,2025-03-14,1,0,-82.42328194784574,-79.3817572712041,1.7875569044006028,0,2018-2026
2025-03-14,2025-03-17,3,0,-1.1733597752434488,7.669670774324415,0.919413919413916,1,2018-2026
2025-03-17,2025-03-18,1,0,-78.9945956969517,-81.77671342228366,1.8093076049943306,0,2018-2026
2025-03-18,2025-03-19,1,0,-1.0420358687173952,3.7493005036376745,0.9593625498007938,0,2018-2026
2025-03-19,2025-03-20,1,0,23.408965135584843,34.02431732110933,0.6567460317460209,0,2018-2026
2025-03-20,2025-03-21,1,0,67.13183385322526,84.43136510347351,0.15500945179585066,0,2018-2026
2025-03-21,2025-03-24,3,0,-100.0,-136.08732876712273,2.351812366737734,1,2018-2026
2025-03-24,2025-03-25,1,1,54.118930714674796,63.335143943508356,0.364864864864871,0,2018-2026
2025-03-25,2025-03-26,1,0,-81.23494357803958,-88.29899232967337,1.871449925261582,0,2018-2026
2025-03-26,2025-03-27,1,0,66.43576244573734,79.93717701894803,0.19979818365287771,0,2018-2026
2025-03-27,2025-03-28,1,0,-100.0,-178.82377829490054,2.7747368421052525,0,2018-2026
2025-03-28,2025-03-31,3,0,46.18615363771795,55.02311895754467,0.44832402234637386,1,2018-2026
2025-03-31,2025-04-01,1,0,65.3828726778439,82.13374170495229,0.17796610169490754,0,2018-2026
2025-04-01,2025-04-02,1,0,22.075545680303648,31.641484523984627,0.6812865497075977,0,2018-2026
2025-04-02,2025-04-03,1,0,-100.0,-225.34633450264593,3.243627741553054,0,2018-2026
2025-04-03,2025-04-04,1,0,-100.0,-291.83339183339194,3.9032634032634044,0,2018-2026
2025-04-04,2025-04-07,3,0,33.45795451326933,46.715489756621125,0.5316535433070865,1,2018-2026
2025-04-07,2025-04-08,1,0,50.044546931502495,63.53123032003203,0.363584474885845,0,2018-2026
2025-04-08,2025-04-09,1,0,-100.0,-168.8191737094116,2.6790091264667537,0,2018-2026
2025-04-09,2025-04-10,1,0,-34.72008561300253,-28.278581792477475,1.2784575454208387,0,2018-2026
2025-04-10,2025-04-11,1,0,-0.29962986898520494,9.612163381007779,0.900513478818997,0,2018-2026
2025-04-11,2025-04-14,3,0,53.214869423096815,68.99527509859794,0.3093104791585529,1,2018-2026
2025-04-14,2025-04-15,1,0,26.24506394766355,40.70080862533744,0.5905024088093549,0,2018-2026
2025-04-15,2025-04-16,1,0,-89.59891714753839,-84.0407979601017,1.8340807174887863,0,2018-2026
2025-04-16,2025-04-17,1,0,50.99990339097666,64.08015348539752,0.35774946921443784,0,2018-2026
2025-04-17,2025-04-21,4,0,-68.0969851650981,-68.43118383060637,1.6786570743405276,1,2018-2026
2025-04-21,2025-04-22,1,0,-99.00074943792103,-94.4734098018764,1.9376623376623323,0,2018-2026
2025-04-22,2025-04-23,1,0,-19.00196656833785,-11.508883585255468,1.1109643328929943,0,2018-2026
2025-04-23,2025-04-24,1,0,-40.64321174185193,-36.22364368633025,1.357733175914994,0,2018-2026
2025-04-24,2025-04-25,1,1,37.613471911591056,50.53793488892045,0.4930362116991593,0,2018-2026
2025-04-25,2025-04-28,3,1,64.3630421461163,85.2427800698199,0.14691943127961296,1,2018-2026
2025-04-28,2025-04-29,1,0,33.14135682222433,43.97359264876462,0.5582222222222198,0,2018-2026
2025-04-29,2025-04-30,1,1,75.30487804878021,94.39282281320052,0.05591054313099405,0,2018-2026
2025-04-30,2025-05-01,1,0,-1.0938625794202672,6.311278959981897,0.9341057204924035,0,2018-2026
2025-05-01,2025-05-02,1,1,25.64379729128246,35.42525683136481,0.6439024390243908,0,2018-2026
2025-05-02,2025-05-05,3,1,21.43202709240402,35.82393194007717,0.6390423572744065,1,2018-2026
2025-05-05,2025-05-06,1,0,-20.56025922441822,-12.201963534362854,1.117078410311503,0,2018-2026
2025-05-06,2025-05-07,1,0,81.90240889437884,96.34065202927434,0.036484245439473845,0,2018-2026
2025-05-07,2025-05-08,1,0,54.37576499388055,68.11086067284468,0.3170124481327748,0,2018-2026
2025-05-08,2025-05-09,1,1,32.67104630668119,48.136142625607256,0.5166191832858552,0,2018-2026
2025-05-09,2025-05-12,3,0,-100.0,-157.08239470271064,2.5636487406398967,1,2018-2026
2025-05-12,2025-05-13,1,1,-23.168607316401296,-14.494038821557709,1.1403336604514123,0,2018-2026
2025-05-13,2025-05-14,1,1,70.2943498364713,88.76264202771769,0.11180124223603613,0,2018-2026
2025-05-14,2025-05-15,1,1,12.653389660028639,24.056287692651843,0.7555555555555505,0,2018-2026
2025-05-15,2025-05-16,1,1,-26.23604465709638,-20.12692656391556,1.1963882618510056,0,2018-2026
2025-05-16,2025-05-19,3,1,36.37898053336213,51.31133140920934,0.4843945068664305,1,2018-2026
2025-05-19,2025-05-20,1,1,53.01893133191534,70.41345302819676,0.29433962264149915,0,2018-2026
2025-05-20,2025-05-21,1,1,-100.0,-131.12362426414052,2.2977099236641148,0,2018-2026
2025-05-21,2025-05-22,1,0,67.96874999999952,80.95051060486985,0.18982387475538698,0,2018-2026
2025-05-22,2025-05-23,1,0,-33.521480087802864,-24.239513288505716,1.2369819341126567,0,2018-2026
2025-05-23,2025-05-27,4,0,-85.63001058841256,-87.78145976718423,1.8712955122777233,1,2018-2026
2025-05-27,2025-05-28,1,1,37.61279737489824,50.02182453077339,0.49782608695651387,0,2018-2026
2025-05-28,2025-05-29,1,1,71.08186634763275,82.46856738091006,0.1746031746031762,0,2018-2026
2025-05-29,2025-05-30,1,1,74.33145183677172,88.57030249285563,0.11383709519137213,0,2018-2026
2025-05-30,2025-06-02,3,1,37.12976599574531,50.44448647626244,0.4934086629001892,1,2018-2026
2025-06-02,2025-06-03,1,1,-14.991258741259026,-9.250398724083283,1.0873015873015908,0,2018-2026
2025-06-03,2025-06-04,1,1,75.05081300812975,96.76660787771858,0.03216374269006247,0,2018-2026
2025-06-04,2025-06-05,1,0,-21.177088807146603,-11.669458403126736,1.1111111111111112,0,2018-2026
2025-06-05,2025-06-06,1,1,-1.6258149707017115,5.96137699412326,0.9359331476323053,0,2018-2026
2025-06-06,2025-06-09,3,1,76.77885175265011,90.29470943306976,0.09658421672555198,1,2018-2026
2025-06-09,2025-06-10,1,1,8.662925961407625,17.98619569630606,0.8156123822341784,0,2018-2026
2025-06-10,2025-06-11,1,1,74.11083540115716,87.3140857392817,0.1263616557734294,0,2018-2026
2025-06-11,2025-06-12,1,1,24.63025044370046,37.77571395402949,0.6189376443417898,0,2018-2026
2025-06-12,2025-06-13,1,1,-75.28895974491962,-63.85477122418811,1.629530201342295,0,2018-2026
2025-06-13,2025-06-16,3,0,-11.746165160748689,-2.1419315496614924,1.0174639331814799,1,2018-2026
2025-06-16,2025-06-17,1,1,-32.65199161425446,-22.9872293170447,1.2237569060773343,0,2018-2026
2025-06-17,2025-06-18,1,0,72.82461167244816,90.76449461262249,0.09199318568994269,0,2018-2026
2025-06-18,2025-06-20,2,0,20.029882958413197,34.142719888200155,0.6562228024368985,0,2018-2026
2025-06-20,2025-06-23,3,0,-29.46736956916933,-19.601328903654576,1.1906614785992227,1,2018-2026
2025-06-23,2025-06-24,1,1,-94.47330606830994,-97.98186230680803,1.969504447268107,0,2018-2026
2025-06-24,2025-06-25,1,1,45.68108302384189,71.5566548152741,0.28264208909368943,0,2018-2026
2025-06-25,2025-06-26,1,1,-66.22436670687561,-58.854166666666515,1.5792880258899662,0,2018-2026
2025-06-26,2025-06-27,1,1,-6.417112299465895,6.002638522426705,0.9344262295082041,0,2018-2026
2025-06-27,2025-06-30,3,1,-30.488341399032816,-27.974616604971757,1.2736842105263242,1,2018-2026
2025-06-30,2025-07-02,2,1,31.979695431472006,45.57354460902504,0.5417142857142867,0,2018-2026
2025-07-07,2025-07-08,1,0,75.89062705403063,91.2786608524421,0.08671328671327146,0,2018-2026
2025-07-08,2025-07-09,1,1,-37.69373837569772,-29.04269081500674,1.282958199356916,0,2018-2026
2025-07-09,2025-07-10,1,1,19.62134251290761,34.45558739254868,0.651245551601438,0,2018-2026
2025-07-10,2025-07-11,1,1,-39.83557548579918,-24.540778839088382,1.2372262773722578,0,2018-2026
2025-07-11,2025-07-14,3,1,57.80230807827306,78.75523638539687,0.21130952380953463,1,2018-2026
2025-07-14,2025-07-15,1,1,38.247603618199136,48.27349016370903,0.5143638850889181,0,2018-2026
2025-07-15,2025-07-16,1,1,67.4235915060771,94.43499768125058,0.055299539170491546,0,2018-2026
2025-07-16,2025-07-17,1,1,-36.36219724552822,-23.932287622301864,1.22958397534669,0,2018-2026
2025-07-17,2025-07-18,1,1,67.26618705036095,86.19329388560293,0.13725490196077095,0,2018-2026
2025-07-18,2025-07-21,3,1,27.99760191846469,42.37175216522258,0.5728476821192113,1,2018-2026
2025-07-21,2025-07-22,1,1,64.99221734823946,93.85060589618523,0.06104129263912354,0,2018-2026
2025-07-22,2025-07-23,1,1,-74.36670687575322,-72.70288397048883,1.716666666666659,0,2018-2026
2025-07-23,2025-07-24,1,1,42.812303829251576,54.71580262335899,0.4503105590062253,0,2018-2026
2025-07-24,2025-07-25,1,1,13.481228668942252,28.520625889047274,0.7102473498233183,0,2018-2026
2025-07-25,2025-07-28,3,1,65.75207541860101,95.99198396793538,0.0397830018083232,1,2018-2026
2025-07-28,2025-07-29,1,1,55.949741315596015,69.7908597986068,0.2999999999999895,0,2018-2026
2025-07-29,2025-07-30,1,0,66.22281402574366,87.02950152594123,0.12911392405063063,0,2018-2026
2025-07-30,2025-07-31,1,0,61.96608325020312,78.31593879825616,0.21594349142281533,0,2018-2026
2025-07-31,2025-08-01,1,0,-100.0,-141.9529481248147,2.4074436826640477,0,2018-2026
2025-08-01,2025-08-04,3,0,-67.65001676165018,-58.78851540616332,1.5801393728223083,1,2018-2026
2025-08-04,2025-08-05,1,1,24.99999999999956,40.75403949730646,0.5892857142857197,0,2018-2026
2025-08-05,2025-08-06,1,0,-16.457601605618645,-8.195754716979929,1.0762463343108386,0,2018-2026
2025-08-06,2025-08-07,1,1,60.619401852131915,77.12997262038859,0.22720000000001164,0,2018-2026
2025-08-07,2025-08-08,1,0,-50.57184172472735,-40.10124504036132,1.3931972789115659,0,2018-2026
2025-08-08,2025-08-11,3,1,82.10262828535828,94.3960149439617,0.055727554179551074,1,2018-2026
2025-08-11,2025-08-12,1,0,-52.17917675544784,-47.59572573463926,1.4700665188470057,0,2018-2026
2025-08-12,2025-08-13,1,1,-20.480120030007328,-5.804555473916071,1.0510948905109474,0,2018-2026
2025-08-13,2025-08-14,1,1,46.518025191832805,67.06953932387268,0.3269565217391494,0,2018-2026
2025-08-14,2025-08-15,1,1,3.717026378897991,19.416243654823504,0.8012618296529853,0,2018-2026
2025-08-15,2025-08-18,3,1,62.98128962424562,77.29040286203086,0.22565687789799635,1,2018-2026
2025-08-18,2025-08-19,1,0,-73.831123517097,-77.67558528428091,1.7634854771784232,0,2018-2026
2025-08-19,2025-08-20,1,0,56.83833826046255,69.27508401344099,0.30524642289349324,0,2018-2026
2025-08-20,2025-08-21,1,0,-18.961201501876342,-6.82957393483609,1.0623052959501458,0,2018-2026
2025-08-21,2025-08-22,1,0,-58.48116554691628,-59.634135818448556,1.590713671539123,0,2018-2026
2025-08-22,2025-08-25,3,1,1.8680677174550318,13.507925568573715,0.8595890410958873,1,2018-2026
2025-08-25,2025-08-26,1,0,32.71604938271625,52.159187129551434,0.4747899159663846,0,2018-2026
2025-08-26,2025-08-27,1,1,16.912448518665528,27.667269439420718,0.7192254495159122,0,2018-2026
2025-08-27,2025-08-28,1,1,49.6013428451531,59.974315068493055,0.39872068230277286,0,2018-2026
2025-08-28,2025-08-29,1,1,-100.0,-85.56318426424197,1.841620626151013,0,2018-2026
2025-08-29,2025-09-02,4,0,-41.949888365169144,-39.64638897212968,1.3869047619047523,1,2018-2026
2025-09-02,2025-09-03,1,0,-11.016949152542006,-0.775193798449232,1.0027548209366355,0,2018-2026
2025-09-03,2025-09-04,1,0,-69.78672985782043,-64.24802110818003,1.6327868852459078,0,2018-2026
2025-09-04,2025-09-05,1,1,39.20645595158117,54.73511189783883,0.44806007509385826,0,2018-2026
2025-09-05,2025-09-08,3,1,16.897305171159392,33.75277572168899,0.6580882352941042,1,2018-2026
2025-09-09,2025-09-10,1,1,65.85535465924833,90.91627172195821,0.0898437500000071,0,2018-2026
2025-09-10,2025-09-11,1,1,-47.7902946273837,-47.41561181434682,1.4671916010498771,0,2018-2026
2025-09-11,2025-09-12,1,1,48.26072272880738,74.86608982282597,0.24897959183674023,0,2018-2026
2025-09-12,2025-09-15,3,0,-28.357214261913448,-15.995115995116926,1.1491935483871059,1,2018-2026
2025-09-15,2025-09-16,1,1,70.82467082466913,97.14518760195556,0.028340080971680167,0,2018-2026
2025-09-16,2025-09-17,1,0,67.24596197096609,82.42982644096743,0.17484008528785713,0,2018-2026
2025-09-17,2025-09-18,1,1,25.548726953468563,42.70637014700407,0.5692883895131018,0,2018-2026
2025-09-18,2025-09-19,1,1,55.2478134110784,82.9585137589045,0.16920943134535746,0,2018-2026
2025-09-19,2025-09-22,3,0,-37.56070487026501,-35.15948819607135,1.341681574239714,1,2018-2026
2025-09-22,2025-09-23,1,1,-57.20643615200274,-49.581172716394065,1.4822134387351777,0,2018-2026
2025-09-23,2025-09-24,1,0,-13.905409232513058,-3.6051802590142166,1.0277777777777906,0,2018-2026
2025-09-24,2025-09-25,1,0,-8.48456646502107,-0.18065363770584064,0.9951060358890553,0,2018-2026
2025-09-25,2025-09-26,1,0,-12.120397742542819,-0.3497444175415269,0.997326203208561,0,2018-2026
2025-09-26,2025-09-29,3,0,32.8903654485043,47.31643068817837,0.5228758169934715,1,2018-2026
2025-09-29,2025-09-30,1,0,-7.767734027884441,2.431065426659851,0.9692058346839576,0,2018-2026
2025-09-30,2025-10-02,2,1,-8.706677937446909,3.372622242969149,0.9616724738675927,0,2018-2026
2025-10-02,2025-10-03,1,0,72.14211386948013,93.0567035873686,0.06896551724139126,0,2018-2026
2025-10-03,2025-10-06,3,1,-1.3271783035210938,14.626075446722664,0.8459016393442758,1,2018-2026
2025-10-06,2025-10-07,1,1,-28.367243988565804,-22.0238095238097,1.210970464135023,0,2018-2026
2025-10-07,2025-10-08,1,0,-15.513058370200186,-1.8596079745338736,1.0116472545756952,0,2018-2026
2025-10-08,2025-10-09,1,1,10.62944338477735,27.730085845480325,0.7168316831682953,0,2018-2026
2025-10-09,2025-10-10,1,0,-100.0,-510.1637107776257,6.064406779661012,0,2018-2026
2025-10-10,2025-10-13,3,0,-57.949646031830035,-54.319292657476545,1.5330060010911024,1,2018-2026
2025-10-13,2025-10-14,1,0,61.76140193215108,80.3777287221007,0.19512195121950107,0,2018-2026
2025-10-14,2025-10-15,1,0,22.673284878566903,38.115330520392995,0.6147704590818446,0,2018-2026
2025-10-15,2025-10-16,1,1,2.978568833998526,13.564227966862145,0.8599801390268205,0,2018-2026
2025-10-16,2025-10-17,1,0,21.756612426965578,36.14341803096607,0.6352247605010973,0,2018-2026
2025-10-17,2025-10-20,3,0,-23.52988626280536,-17.514548526374902,1.1700934579439237,1,2018-2026
2025-10-20,2025-10-21,1,1,52.75156091186266,75.85250448686543,0.23987034035656696,0,2018-2026
2025-10-21,2025-10-22,1,0,-7.378145131884144,3.171953255424059,0.9622926093514493,0,2018-2026
2025-10-22,2025-10-23,1,0,-4.169395328531195,6.886768119679807,0.9256410256410292,0,2018-2026
2025-10-23,2025-10-24,1,1,-35.070770613345616,-25.95513926546742,1.2524509803921602,0,2018-2026
2025-10-24,2025-10-27,3,1,-100.0,-103.00285395210203,2.0172626387176202,1,2018-2026
2025-10-27,2025-10-28,1,1,34.62826523777569,60.03262642740547,0.3967611336032462,0,2018-2026
2025-10-28,2025-10-29,1,1,75.8264043804494,92.78609684118393,0.0718171926006618,0,2018-2026
2025-10-29,2025-10-30,1,1,-19.29853048631928,-15.362540654294477,1.14421252371916,0,2018-2026
2025-10-30,2025-10-31,1,0,34.918333816565564,53.90232770424505,0.4549549549549508,0,2018-2026
2025-10-31,2025-11-03,3,0,48.99433704354608,68.33834065172164,0.3149425287356333,1,2018-2026
2025-11-03,2025-11-04,1,1,-100.0,-137.37217229624937,2.356923076923067,0,2018-2026
2025-11-04,2025-11-05,1,0,53.53079840114806,68.00508528445829,0.3182297154899875,0,2018-2026
2025-11-05,2025-11-06,1,1,-94.8203302039493,-100.8021736317762,1.992297817715017,0,2018-2026
2025-11-06,2025-11-07,1,0,58.6538461538456,77.70733203804005,0.2217700915564663,0,2018-2026
2025-11-07,2025-11-10,3,1,-72.51983315613069,-75.1221345358897,1.7420560747663647,1,2018-2026
2025-11-10,2025-11-11,1,1,54.272052346797416,74.37030490499325,0.25475841874085053,0,2018-2026
2025-11-11,2025-11-12,1,0,67.8129298486942,91.31606527923451,0.08618127786031608,0,2018-2026
2025-11-12,2025-11-13,1,0,-100.0,-180.80523143992937,2.789808917197464,0,2018-2026
2025-11-13,2025-11-14,1,0,87.86994938663545,99.10706313063747,0.008888888888880805,0,2018-2026
2025-11-14,2025-11-17,3,0,-30.554527282149184,-27.30755834204015,1.2668977469670617,1,2018-2026
2025-11-17,2025-11-18,1,0,-6.701109253912993,1.5870350155342317,0.9791144527986657,0,2018-2026
2025-11-18,2025-11-19,1,0,39.41776194570721,50.23518985615956,0.49558723693142936,0,2018-2026
2025-11-19,2025-11-20,1,0,-61.361646234676314,-55.73154517602206,1.549166187464063,0,2018-2026
2025-11-20,2025-11-21,1,0,10.58419937443282,19.469229009380427,0.8027366020524472,0,2018-2026
2025-11-21,2025-11-24,3,0,-32.76228505184482,-27.95103468376527,1.272463768115938,1,2018-2026
2025-11-24,2025-11-25,1,1,-42.649588988721085,-41.94464158977998,1.411764705882353,0,2018-2026
2025-11-25,2025-11-26,1,1,-40.42981022998605,-34.22235106537166,1.3323741007194232,0,2018-2026
2025-12-02,2025-12-03,1,1,30.205720020071624,45.678271308525055,0.5402985074626703,0,2018-2026
2025-12-03,2025-12-04,1,1,71.72646427476307,87.084275104941,0.12820512820512092,0,2018-2026
2025-12-04,2025-12-05,1,1,35.323131402555276,50.21873585759611,0.4947526236881491,0,2018-2026
2025-12-05,2025-12-08,3,1,6.870229007633183,20.525340966492216,0.7879799666110229,1,2018-2026
2025-12-08,2025-12-09,1,1,23.156454310474537,37.48998236896793,0.6200317965023991,0,2018-2026
2025-12-09,2025-12-10,1,1,-5.583861911199666,1.9672491482572336,0.9748633879781502,0,2018-2026
2025-12-10,2025-12-11,1,1,55.873665076119394,71.46075854299696,0.28322981366459293,0,2018-2026
2025-12-11,2025-12-12,1,1,-100.0,-150.1888502794976,2.4679582712369514,0,2018-2026
2025-12-12,2025-12-15,3,0,52.065365410804475,66.91691054841698,0.32869785082173314,1,2018-2026
2025-12-15,2025-12-16,1,1,38.58342201726411,48.30293513709418,0.5138055222088803,0,2018-2026
2025-12-16,2025-12-17,1,0,-70.32640949555,-72.36943658348459,1.7091836734693995,0,2018-2026
2025-12-17,2025-12-18,1,0,9.699671910490158,17.259211376858104,0.8227731864095533,0,2018-2026
2025-12-18,2025-12-19,1,1,-5.610907184059115,4.653331951497102,0.9435897435897482,0,2018-2026
2025-12-19,2025-12-22,3,0,-34.14779499403944,-24.180865006551887,1.234527687296405,1,2018-2026
2025-12-22,2025-12-23,1,1,-28.996093086460604,-26.2746799739626,1.251612903225793,0,2018-2026
2025-12-23,2025-12-26,3,1,7.496058477855808,21.314915194964147,0.7798960138648181,1,2018-2026
2025-12-26,2025-12-29,3,0,-14.458391445837673,-0.13908205841298746,0.99082568807338,1,2018-2026
2025-12-29,2025-12-30,1,1,43.378329076977394,58.95665515918489,0.40684410646389735,0,2018-2026
2025-12-30,2025-12-31,1,0,-75.22854615157677,-76.89406924922753,1.7551020408163154,0,2018-2026
2025-12-31,2026-01-02,2,0,57.52499324507,67.10711273545236,0.32681564245808914,0,2018-2026
2026-01-02,2026-01-05,3,0,-41.58517756047396,-42.81400966183629,1.4204204204204258,1,2018-2026
2026-01-05,2026-01-06,1,1,-55.898566703416186,-44.651693947466875,1.4339622641509262,0,2018-2026
2026-01-06,2026-01-07,1,1,-7.697790449036629,2.1121039805049557,0.9717741935483742,0,2018-2026
2026-01-07,2026-01-08,1,1,56.164776804939144,80.31288451397626,0.19478260869563319,0,2018-2026
2026-01-08,2026-01-09,1,0,-0.26873693639911206,8.580593424217907,0.909920182440139,0,2018-2026
2026-01-09,2026-01-12,3,1,36.242682277808505,54.27670476941394,0.45312499999998757,1,2018-2026
2026-01-12,2026-01-13,1,0,47.46972989754734,59.768265207595746,0.3993610223642173,0,2018-2026
2026-01-13,2026-01-14,1,0,-11.191428940233509,-2.7565305238835283,1.0215208034433128,0,2018-2026
2026-01-14,2026-01-15,1,0,29.815185927411285,43.445400052125116,0.5621761658030983,0,2018-2026
2026-01-15,2026-01-16,1,0,68.78286520456692,87.7533168100318,0.12156295224311406,0,2018-2026
2026-01-16,2026-01-20,4,1,-100.0,-282.96167712645297,3.8087649402390524,1,2018-2026
2026-01-20,2026-01-21,1,0,-37.05097502565942,-31.37114142139355,1.307142857142866,0,2018-2026
2026-01-21,2026-01-22,1,0,16.124599175447766,26.55721268329489,0.7297633872976215,0,2018-2026
2026-01-22,2026-01-23,1,1,73.60315642102712,94.73607252522444,0.05224963715528301,0,2018-2026
2026-01-23,2026-01-26,3,0,-23.417132216015744,-12.89549376797787,1.124105011933183,1,2018-2026
2026-01-26,2026-01-27,1,1,-27.078701645174547,-22.30091552945114,1.2102564102563977,0,2018-2026
2026-01-27,2026-01-28,1,1,62.238985459712694,84.83461890443088,0.15084525357608347,0,2018-2026
2026-01-28,2026-01-29,1,0,17.705144662783383,31.98344333818182,0.6733111849390839,0,2018-2026
2026-01-29,2026-01-30,1,0,34.88463813843487,50.53812686054574,0.4920273348519289,0,2018-2026
2026-01-30,2026-02-02,3,0,7.947511760336125,17.20809355856625,0.8243992606284725,1,2018-2026
2026-02-02,2026-02-03,1,1,-100.0,-125.90101741679443,2.2393162393162234,0,2018-2026
2026-02-03,2026-02-04,1,0,32.0647312352607,44.927813366478716,0.5480494766888669,0,2018-2026
2026-02-04,2026-02-05,1,0,-77.12853450301502,-73.01378857517994,1.7166123778501567,0,2018-2026
2026-02-05,2026-02-06,1,0,-100.0,-105.12504619933442,2.0379436964504256,0,2018-2026
2026-02-06,2026-02-09,3,1,8.989871829345557,18.832177244021974,0.8074150360453056,1,2018-2026
2026-02-09,2026-02-10,1,1,29.31910569105772,44.02110199296693,0.5552325581395257,0,2018-2026
2026-02-10,2026-02-11,1,1,55.60145568997679,75.08286661332652,0.24800910125142928,0,2018-2026
2026-02-11,2026-02-12,1,0,-100.0,-169.28366045755672,2.675776397515523,0,2018-2026
2026-02-12,2026-02-13,1,0,83.15498289291756,93.74021909233238,0.06236080178173111,0,2018-2026
2026-02-13,2026-02-17,4,0,72.95392246443022,89.20008639930882,0.10752688172043011,1,2018-2026
2026-02-17,2026-02-18,1,0,28.53851217906427,39.77723239569465,0.5996240601503863,0,2018-2026
2026-02-18,2026-02-19,1,0,57.49187375484935,68.42885898929953,0.31401475237091864,0,2018-2026
2026-02-19,2026-02-20,1,0,-3.7232682968394446,3.24622479428478,0.9630963096309673,0,2018-2026
2026-02-20,2026-02-23,3,0,-38.5142445005415,-30.766941164798737,1.3010858835143204,1,2018-2026
