time,open,high,low,close,volume,wap
2026-05-04 09:30:00-04:00,14.64,14.7,14.64,14.65,23851.0,14.641
2026-05-04 09:31:00-04:00,14.69,14.85,14.69,14.81,25153.0,14.794
2026-05-04 09:32:00-04:00,14.77,14.81,14.65,14.8,40278.0,14.762
2026-05-04 09:33:00-04:00,14.77,14.8,14.74,14.78,3914.0,14.76
2026-05-04 09:34:00-04:00,14.78,14.83,14.76,14.79,17300.0,14.788
2026-05-04 09:35:00-04:00,14.83,14.84,14.75,14.78,9969.0,14.804
2026-05-04 09:36:00-04:00,14.78,14.78,14.72,14.72,7820.0,14.749
2026-05-04 09:37:00-04:00,14.72,14.73,14.7,14.73,6564.0,14.716
2026-05-04 09:38:00-04:00,14.74,14.75,14.66,14.71,17116.0,14.709
2026-05-04 09:39:00-04:00,14.71,14.73,14.69,14.69,11321.0,14.716
2026-05-04 09:40:00-04:00,14.69,14.71,14.64,14.66,13052.0,14.686
2026-05-04 09:41:00-04:00,14.65,14.66,14.6,14.6,26886.0,14.631
2026-05-04 09:42:00-04:00,14.61,14.65,14.6,14.63,14599.0,14.637
2026-05-04 09:43:00-04:00,14.62,14.64,14.6,14.62,21315.0,14.605
2026-05-04 09:44:00-04:00,14.61,14.62,14.58,14.58,2111.0,14.601
2026-05-04 09:45:00-04:00,14.58,14.65,14.58,14.63,17554.0,14.618
2026-05-04 09:46:00-04:00,14.64,14.66,14.63,14.66,9600.0,14.637
2026-05-04 09:47:00-04:00,14.64,14.72,14.63,14.71,6923.0,14.651
2026-05-04 09:48:00-04:00,14.71,14.71,14.68,14.69,10270.0,14.701
2026-05-04 09:49:00-04:00,14.68,14.73,14.67,14.71,24985.0,14.702
2026-05-04 09:50:00-04:00,14.71,14.74,14.7,14.72,10536.0,14.72
2026-05-04 09:51:00-04:00,14.74,14.78,14.74,14.74,4772.0,14.76
2026-05-04 09:52:00-04:00,14.76,14.78,14.74,14.77,4081.0,14.76
2026-05-04 09:53:00-04:00,14.75,14.76,14.72,14.74,4895.0,14.746
2026-05-04 09:54:00-04:00,14.74,14.81,14.74,14.81,1064.0,14.763
2026-05-04 09:55:00-04:00,14.82,14.84,14.76,14.84,16814.0,14.809
2026-05-04 09:56:00-04:00,14.84,14.86,14.83,14.85,4349.0,14.845
2026-05-04 09:57:00-04:00,14.84,14.89,14.83,14.86,11582.0,14.854
2026-05-04 09:58:00-04:00,14.88,14.88,14.83,14.83,17046.0,14.865
2026-05-04 09:59:00-04:00,14.83,14.85,14.77,14.77,28198.0,14.818
2026-05-04 10:00:00-04:00,14.74,14.77,14.74,14.74,7345.0,14.756
2026-05-04 10:01:00-04:00,14.74,14.76,14.73,14.74,7642.0,14.743
2026-05-04 10:02:00-04:00,14.73,14.73,14.69,14.71,4742.0,14.704
2026-05-04 10:03:00-04:00,14.74,14.74,14.72,14.73,1745.0,14.735
2026-05-04 10:04:00-04:00,14.73,14.75,14.71,14.74,4393.0,14.732
2026-05-04 10:05:00-04:00,14.75,14.78,14.75,14.77,8988.0,14.754
2026-05-04 10:06:00-04:00,14.75,14.75,14.72,14.72,9016.0,14.747
2026-05-04 10:07:00-04:00,14.72,14.73,14.71,14.73,2700.0,14.716
2026-05-04 10:08:00-04:00,14.73,14.77,14.7,14.76,7600.0,14.733
2026-05-04 10:09:00-04:00,14.75,14.76,14.7,14.71,4944.0,14.732
2026-05-04 10:10:00-04:00,14.71,14.73,14.71,14.71,9630.0,14.717
2026-05-04 10:11:00-04:00,14.71,14.75,14.7,14.74,13933.0,14.714
2026-05-04 10:12:00-04:00,14.75,14.8,14.74,14.8,8459.0,14.763
2026-05-04 10:13:00-04:00,14.81,14.82,14.79,14.82,1488.0,14.809
2026-05-04 10:14:00-04:00,14.82,14.83,14.81,14.81,1440.0,14.825
2026-05-04 10:15:00-04:00,14.81,14.82,14.78,14.79,6950.0,14.8
2026-05-04 10:16:00-04:00,14.8,14.81,14.78,14.79,3607.0,14.792
2026-05-04 10:17:00-04:00,14.8,14.81,14.78,14.81,1909.0,14.795
2026-05-04 10:18:00-04:00,14.8,14.89,14.8,14.89,4178.0,14.836
2026-05-04 10:19:00-04:00,14.92,14.92,14.86,14.88,12972.0,14.885
2026-05-04 10:20:00-04:00,14.87,14.89,14.86,14.88,3783.0,14.88
2026-05-04 10:21:00-04:00,14.87,14.9,14.86,14.9,16515.0,14.891
2026-05-04 10:22:00-04:00,14.9,14.9,14.88,14.89,1756.0,14.889
2026-05-04 10:23:00-04:00,14.88,14.9,14.88,14.89,1107.0,14.893
2026-05-04 10:24:00-04:00,14.9,14.91,14.9,14.9,3135.0,14.903
2026-05-04 10:25:00-04:00,14.91,14.92,14.89,14.92,1513.0,14.906
2026-05-04 10:26:00-04:00,14.93,14.94,14.88,14.88,14419.0,14.912
2026-05-04 10:27:00-04:00,14.89,14.9,14.85,14.86,11562.0,14.886
2026-05-04 10:28:00-04:00,14.88,14.89,14.85,14.88,12810.0,14.876
2026-05-04 10:29:00-04:00,14.88,14.9,14.86,14.89,37462.0,14.881
2026-05-04 10:30:00-04:00,14.88,14.89,14.87,14.89,4412.0,14.882
2026-05-04 10:31:00-04:00,14.89,14.91,14.89,14.91,12168.0,14.898
2026-05-04 10:32:00-04:00,14.92,14.93,14.9,14.9,4503.0,14.914
2026-05-04 10:33:00-04:00,14.9,14.93,14.9,14.92,19929.0,14.902
2026-05-04 10:34:00-04:00,14.92,14.93,14.9,14.92,8690.0,14.912
2026-05-04 10:35:00-04:00,14.92,14.95,14.92,14.94,13004.0,14.938
2026-05-04 10:36:00-04:00,14.93,14.94,14.89,14.9,3562.0,14.919
2026-05-04 10:37:00-04:00,14.91,14.91,14.88,14.9,7375.0,14.893
2026-05-04 10:38:00-04:00,14.9,14.91,14.89,14.9,1501.0,14.903
2026-05-04 10:39:00-04:00,14.9,14.9,14.87,14.89,10914.0,14.883
2026-05-04 10:40:00-04:00,14.9,14.91,14.87,14.87,2963.0,14.893
2026-05-04 10:41:00-04:00,14.87,14.88,14.85,14.86,2630.0,14.869
2026-05-04 10:42:00-04:00,14.85,14.86,14.82,14.85,17935.0,14.839
2026-05-04 10:43:00-04:00,14.86,14.86,14.83,14.83,3200.0,14.846
2026-05-04 10:44:00-04:00,14.83,14.83,14.81,14.82,5695.0,14.813
2026-05-04 10:45:00-04:00,14.82,14.85,14.82,14.84,5130.0,14.833
2026-05-04 10:46:00-04:00,14.84,14.87,14.84,14.87,2436.0,14.859
2026-05-04 10:47:00-04:00,14.87,14.87,14.84,14.85,3433.0,14.853
2026-05-04 10:48:00-04:00,14.85,14.85,14.84,14.84,13004.0,14.846
2026-05-04 10:49:00-04:00,14.84,14.84,14.84,14.84,323.0,14.84
2026-05-04 10:50:00-04:00,14.85,14.85,14.82,14.83,6939.0,14.831
2026-05-04 10:51:00-04:00,14.84,14.86,14.84,14.85,5932.0,14.851
2026-05-04 10:52:00-04:00,14.84,14.89,14.84,14.89,3684.0,14.859
2026-05-04 10:53:00-04:00,14.89,14.9,14.88,14.9,3321.0,14.898
2026-05-04 10:54:00-04:00,14.91,14.91,14.88,14.88,1500.0,14.899
2026-05-04 10:55:00-04:00,14.88,14.89,14.88,14.88,6435.0,14.881
2026-05-04 10:56:00-04:00,14.88,14.88,14.85,14.85,5754.0,14.863
2026-05-04 10:57:00-04:00,14.84,14.84,14.81,14.81,7391.0,14.829
2026-05-04 10:58:00-04:00,14.81,14.82,14.8,14.8,9821.0,14.812
2026-05-04 10:59:00-04:00,14.81,14.81,14.75,14.76,4387.0,14.785
2026-05-04 11:00:00-04:00,14.75,14.79,14.74,14.79,4660.0,14.762
2026-05-04 11:01:00-04:00,14.79,14.79,14.79,14.79,1050.0,14.79
2026-05-04 11:02:00-04:00,14.78,14.82,14.78,14.82,2428.0,14.803
2026-05-04 11:03:00-04:00,14.82,14.84,14.81,14.84,1793.0,14.821
2026-05-04 11:04:00-04:00,14.82,14.84,14.82,14.84,1781.0,14.823
2026-05-04 11:05:00-04:00,14.84,14.85,14.82,14.85,5878.0,14.832
2026-05-04 11:06:00-04:00,14.84,14.85,14.82,14.82,1763.0,14.831
2026-05-04 11:07:00-04:00,14.83,14.83,14.83,14.83,2640.0,14.83
2026-05-04 11:08:00-04:00,14.83,14.83,14.82,14.82,2922.0,14.822
2026-05-04 11:09:00-04:00,14.81,14.82,14.8,14.82,3940.0,14.811
2026-05-04 11:10:00-04:00,14.82,14.83,14.81,14.81,650.0,14.818
2026-05-04 11:11:00-04:00,14.82,14.82,14.78,14.78,9101.0,14.809
2026-05-04 11:12:00-04:00,14.79,14.81,14.78,14.81,6765.0,14.797
2026-05-04 11:13:00-04:00,14.82,14.86,14.81,14.86,9141.0,14.822
2026-05-04 11:14:00-04:00,14.86,14.88,14.84,14.88,1925.0,14.859
2026-05-04 11:15:00-04:00,14.87,14.92,14.87,14.91,19025.0,14.887
2026-05-04 11:16:00-04:00,14.91,14.91,14.86,14.87,7157.0,14.888
2026-05-04 11:17:00-04:00,14.86,14.87,14.86,14.86,1347.0,14.861
2026-05-04 11:18:00-04:00,14.86,14.86,14.82,14.82,7254.0,14.849
2026-05-04 11:19:00-04:00,14.82,14.82,14.76,14.76,3482.0,14.793
2026-05-04 11:20:00-04:00,14.76,14.77,14.75,14.76,2344.0,14.76
2026-05-04 11:21:00-04:00,14.75,14.75,14.71,14.71,12273.0,14.725
2026-05-04 11:22:00-04:00,14.71,14.71,14.7,14.71,3129.0,14.706
2026-05-04 11:23:00-04:00,14.72,14.72,14.68,14.69,5548.0,14.695
2026-05-04 11:24:00-04:00,14.67,14.67,14.66,14.67,700.0,14.669
2026-05-04 11:25:00-04:00,14.66,14.67,14.65,14.66,1996.0,14.664
2026-05-04 11:26:00-04:00,14.66,14.7,14.66,14.69,9439.0,14.684
2026-05-04 11:27:00-04:00,14.69,14.69,14.68,14.68,600.0,14.686
2026-05-04 11:28:00-04:00,14.68,14.69,14.68,14.68,785.0,14.685
2026-05-04 11:29:00-04:00,14.68,14.68,14.65,14.65,6956.0,14.659
2026-05-04 11:30:00-04:00,14.65,14.67,14.65,14.67,4972.0,14.665
2026-05-04 11:31:00-04:00,14.66,14.67,14.65,14.66,9548.0,14.66
2026-05-04 11:32:00-04:00,14.66,14.67,14.62,14.63,6970.0,14.65
2026-05-04 11:33:00-04:00,14.63,14.64,14.62,14.64,2800.0,14.631
2026-05-04 11:34:00-04:00,14.63,14.64,14.63,14.63,4395.0,14.637
2026-05-04 11:35:00-04:00,14.62,14.62,14.58,14.59,3738.0,14.596
2026-05-04 11:36:00-04:00,14.58,14.59,14.57,14.58,4587.0,14.583
2026-05-04 11:37:00-04:00,14.58,14.6,14.58,14.6,2034.0,14.592
2026-05-04 11:38:00-04:00,14.59,14.6,14.55,14.55,8756.0,14.582
2026-05-04 11:39:00-04:00,14.56,14.56,14.51,14.51,4077.0,14.536
2026-05-04 11:40:00-04:00,14.51,14.51,14.43,14.43,13356.0,14.489
2026-05-04 11:41:00-04:00,14.43,14.48,14.43,14.47,17677.0,14.439
2026-05-04 11:42:00-04:00,14.47,14.52,14.47,14.52,6597.0,14.494
2026-05-04 11:43:00-04:00,14.52,14.54,14.51,14.53,12713.0,14.521
2026-05-04 11:44:00-04:00,14.54,14.55,14.54,14.55,2200.0,14.545
2026-05-04 11:45:00-04:00,14.55,14.55,14.52,14.52,2945.0,14.526
2026-05-04 11:46:00-04:00,14.52,14.53,14.51,14.51,1368.0,14.522
2026-05-04 11:47:00-04:00,14.52,14.52,14.5,14.5,2840.0,14.509
2026-05-04 11:48:00-04:00,14.49,14.51,14.49,14.5,2285.0,14.499
2026-05-04 11:49:00-04:00,14.49,14.5,14.47,14.48,4007.0,14.485
2026-05-04 11:50:00-04:00,14.48,14.5,14.47,14.47,5642.0,14.485
2026-05-04 11:51:00-04:00,14.46,14.46,14.45,14.46,944.0,14.455
2026-05-04 11:52:00-04:00,14.46,14.5,14.45,14.48,8396.0,14.469
2026-05-04 11:53:00-04:00,14.48,14.53,14.48,14.51,5687.0,14.501
2026-05-04 11:54:00-04:00,14.51,14.53,14.51,14.52,920.0,14.517
2026-05-04 11:55:00-04:00,14.53,14.54,14.53,14.53,2100.0,14.535
2026-05-04 11:56:00-04:00,14.52,14.52,14.51,14.52,3310.0,14.518
2026-05-04 11:57:00-04:00,14.53,14.53,14.52,14.53,2130.0,14.527
2026-05-04 11:58:00-04:00,14.53,14.54,14.51,14.54,52221.0,14.529
2026-05-04 11:59:00-04:00,14.53,14.54,14.52,14.52,15801.0,14.529
2026-05-04 12:00:00-04:00,14.51,14.56,14.51,14.56,2591.0,14.534
2026-05-04 12:01:00-04:00,14.55,14.56,14.51,14.52,2547.0,14.537
2026-05-04 12:02:00-04:00,14.51,14.53,14.51,14.53,1000.0,14.522
2026-05-04 12:03:00-04:00,14.52,14.53,14.52,14.52,626.0,14.525
2026-05-04 12:04:00-04:00,14.52,14.53,14.51,14.52,510.0,14.515
2026-05-04 12:05:00-04:00,14.51,14.52,14.51,14.51,2537.0,14.511
2026-05-04 12:06:00-04:00,14.52,14.53,14.51,14.52,1023.0,14.521
2026-05-04 12:07:00-04:00,14.52,14.52,14.47,14.47,2635.0,14.496
2026-05-04 12:08:00-04:00,14.45,14.46,14.43,14.46,10359.0,14.449
2026-05-04 12:09:00-04:00,14.46,14.47,14.46,14.47,319.0,14.463
2026-05-04 12:10:00-04:00,14.46,14.48,14.45,14.47,7472.0,14.468
2026-05-04 12:11:00-04:00,14.48,14.53,14.47,14.53,5451.0,14.487
2026-05-04 12:12:00-04:00,14.54,14.56,14.53,14.56,6642.0,14.548
2026-05-04 12:13:00-04:00,14.56,14.6,14.55,14.6,25409.0,14.56
2026-05-04 12:14:00-04:00,14.61,14.61,14.6,14.61,4560.0,14.605
2026-05-04 12:15:00-04:00,14.61,14.61,14.59,14.61,1075.0,14.602
2026-05-04 12:16:00-04:00,14.6,14.6,14.53,14.55,3503.0,14.557
2026-05-04 12:17:00-04:00,14.56,14.6,14.56,14.57,5878.0,14.576
2026-05-04 12:18:00-04:00,14.59,14.59,14.58,14.59,3035.0,14.586
2026-05-04 12:19:00-04:00,14.59,14.62,14.59,14.62,3980.0,14.61
2026-05-04 12:20:00-04:00,14.62,14.63,14.62,14.63,500.0,14.622
2026-05-04 12:21:00-04:00,14.64,14.65,14.64,14.64,1900.0,14.643
2026-05-04 12:22:00-04:00,14.64,14.67,14.64,14.67,1700.0,14.652
2026-05-04 12:23:00-04:00,14.68,14.68,14.66,14.67,3600.0,14.667
2026-05-04 12:24:00-04:00,14.66,14.66,14.66,14.66,1740.0,14.66
2026-05-04 12:25:00-04:00,14.65,14.71,14.65,14.69,4483.0,14.684
2026-05-04 12:26:00-04:00,14.7,14.72,14.7,14.71,1146.0,14.71
2026-05-04 12:27:00-04:00,14.71,14.71,14.68,14.68,1614.0,14.691
2026-05-04 12:28:00-04:00,14.68,14.69,14.68,14.69,4324.0,14.687
2026-05-04 12:29:00-04:00,14.7,14.71,14.69,14.71,2174.0,14.699
2026-05-04 12:30:00-04:00,14.71,14.73,14.7,14.73,2841.0,14.704
2026-05-04 12:31:00-04:00,14.74,14.75,14.71,14.73,4216.0,14.732
2026-05-04 12:32:00-04:00,14.73,14.73,14.72,14.73,872.0,14.729
2026-05-04 12:33:00-04:00,14.74,14.76,14.74,14.76,2601.0,14.749
2026-05-04 12:34:00-04:00,14.76,14.76,14.76,14.76,410.0,14.76
2026-05-04 12:35:00-04:00,14.76,14.77,14.75,14.75,1362.0,14.762
2026-05-04 12:36:00-04:00,14.75,14.75,14.75,14.75,8810.0,14.75
2026-05-04 12:37:00-04:00,14.74,14.77,14.74,14.77,2437.0,14.749
2026-05-04 12:38:00-04:00,14.77,14.77,14.73,14.75,48787.0,14.742
2026-05-04 12:39:00-04:00,14.74,14.75,14.73,14.73,1790.0,14.741
2026-05-04 12:40:00-04:00,14.75,14.77,14.75,14.76,1666.0,14.753
2026-05-04 12:41:00-04:00,14.75,14.76,14.74,14.74,1351.0,14.751
2026-05-04 12:42:00-04:00,14.75,14.75,14.74,14.74,3432.0,14.741
2026-05-04 12:43:00-04:00,14.74,14.77,14.74,14.77,1795.0,14.751
2026-05-04 12:44:00-04:00,14.77,14.78,14.76,14.77,2300.0,14.773
2026-05-04 12:45:00-04:00,14.76,14.77,14.76,14.76,1051.0,14.764
2026-05-04 12:46:00-04:00,14.77,14.77,14.76,14.77,618.0,14.768
2026-05-04 12:47:00-04:00,14.77,14.77,14.75,14.75,1480.0,14.76
2026-05-04 12:48:00-04:00,14.75,14.75,14.74,14.74,500.0,14.745
2026-05-04 12:49:00-04:00,14.74,14.75,14.74,14.74,100.0,14.745
2026-05-04 12:50:00-04:00,14.75,14.76,14.74,14.75,2873.0,14.75
2026-05-04 12:51:00-04:00,14.74,14.74,14.72,14.74,2011.0,14.73
2026-05-04 12:52:00-04:00,14.74,14.74,14.74,14.74,1515.0,14.74
2026-05-04 12:53:00-04:00,14.75,14.75,14.74,14.74,1745.0,14.746
2026-05-04 12:54:00-04:00,14.74,14.75,14.74,14.74,521.0,14.745
2026-05-04 12:55:00-04:00,14.75,14.75,14.75,14.75,754.0,14.75
2026-05-04 12:56:00-04:00,14.74,14.79,14.74,14.74,18253.0,14.759
2026-05-04 12:57:00-04:00,14.75,14.78,14.75,14.78,3702.0,14.76
2026-05-04 12:58:00-04:00,14.77,14.78,14.77,14.78,625.0,14.778
2026-05-04 12:59:00-04:00,14.78,14.78,14.76,14.76,1600.0,14.772
2026-05-04 13:00:00-04:00,14.76,14.77,14.76,14.76,2450.0,14.762
2026-05-04 13:01:00-04:00,14.76,14.77,14.74,14.77,13389.0,14.758
2026-05-04 13:02:00-04:00,14.76,14.78,14.76,14.76,8950.0,14.769
2026-05-04 13:03:00-04:00,14.77,14.77,14.74,14.75,20023.0,14.76
2026-05-04 13:04:00-04:00,14.74,14.76,14.74,14.75,2040.0,14.75
2026-05-04 13:05:00-04:00,14.75,14.78,14.75,14.78,1400.0,14.769
2026-05-04 13:06:00-04:00,14.78,14.79,14.78,14.78,1100.0,14.785
2026-05-04 13:07:00-04:00,14.78,14.78,14.78,14.78,588.0,14.78
2026-05-04 13:08:00-04:00,14.78,14.78,14.76,14.76,1000.0,14.771
2026-05-04 13:09:00-04:00,14.75,14.78,14.75,14.78,3207.0,14.758
2026-05-04 13:10:00-04:00,14.78,14.78,14.77,14.78,675.0,14.776
2026-05-04 13:11:00-04:00,14.78,14.79,14.77,14.79,1067.0,14.778
2026-05-04 13:12:00-04:00,14.79,14.79,14.78,14.79,1696.0,14.782
2026-05-04 13:13:00-04:00,14.79,14.79,14.78,14.79,721.0,14.788
2026-05-04 13:14:00-04:00,14.79,14.8,14.78,14.8,11197.0,14.79
2026-05-04 13:15:00-04:00,14.8,14.81,14.8,14.8,8509.0,14.803
2026-05-04 13:16:00-04:00,14.8,14.8,14.8,14.8,0.0,14.8
2026-05-04 13:17:00-04:00,14.81,14.87,14.81,14.87,26260.0,14.861
2026-05-04 13:18:00-04:00,14.87,14.89,14.87,14.89,2328.0,14.883
2026-05-04 13:19:00-04:00,14.88,14.88,14.87,14.87,730.0,14.878
2026-05-04 13:20:00-04:00,14.88,14.89,14.88,14.88,1033.0,14.88
2026-05-04 13:21:00-04:00,14.88,14.9,14.88,14.89,2761.0,14.897
2026-05-04 13:22:00-04:00,14.9,14.91,14.89,14.89,1834.0,14.902
2026-05-04 13:23:00-04:00,14.89,14.9,14.89,14.9,480.0,14.892
2026-05-04 13:24:00-04:00,14.91,14.91,14.88,14.88,5166.0,14.893
2026-05-04 13:25:00-04:00,14.89,14.89,14.89,14.89,736.0,14.89
2026-05-04 13:26:00-04:00,14.88,14.88,14.87,14.87,4740.0,14.878
2026-05-04 13:27:00-04:00,14.88,14.9,14.88,14.9,2235.0,14.887
2026-05-04 13:28:00-04:00,14.88,14.89,14.87,14.87,3172.0,14.876
2026-05-04 13:29:00-04:00,14.88,14.88,14.87,14.88,838.0,14.876
2026-05-04 13:30:00-04:00,14.89,14.89,14.87,14.88,700.0,14.881
2026-05-04 13:31:00-04:00,14.88,14.88,14.87,14.88,600.0,14.875
2026-05-04 13:32:00-04:00,14.88,14.88,14.86,14.86,1209.0,14.867
2026-05-04 13:33:00-04:00,14.87,14.87,14.86,14.87,4000.0,14.865
2026-05-04 13:34:00-04:00,14.87,14.87,14.86,14.87,200.0,14.865
2026-05-04 13:35:00-04:00,14.87,14.87,14.86,14.87,500.0,14.865
2026-05-04 13:36:00-04:00,14.87,14.87,14.86,14.86,2845.0,14.861
2026-05-04 13:37:00-04:00,14.85,14.86,14.85,14.85,100.0,14.853
2026-05-04 13:38:00-04:00,14.85,14.87,14.85,14.87,6363.0,14.858
2026-05-04 13:39:00-04:00,14.88,14.89,14.88,14.89,1358.0,14.882
2026-05-04 13:40:00-04:00,14.89,14.9,14.89,14.89,400.0,14.891
2026-05-04 13:41:00-04:00,14.88,14.89,14.88,14.89,600.0,14.887
2026-05-04 13:42:00-04:00,14.89,14.93,14.89,14.93,9683.0,14.911
2026-05-04 13:43:00-04:00,14.93,15.0,14.92,15.0,44459.0,14.97
2026-05-04 13:44:00-04:00,15.0,15.04,14.97,15.02,188577.0,15.012
2026-05-04 13:45:00-04:00,15.02,15.05,15.0,15.0,8064.0,15.024
2026-05-04 13:46:00-04:00,15.0,15.0,14.98,14.98,6946.0,14.985
2026-05-04 13:47:00-04:00,14.98,14.98,14.94,14.95,31173.0,14.968
2026-05-04 13:48:00-04:00,14.95,14.95,14.93,14.94,16492.0,14.939
2026-05-04 13:49:00-04:00,14.93,14.94,14.92,14.92,400.0,14.931
2026-05-04 13:50:00-04:00,14.93,14.98,14.93,14.97,10686.0,14.961
2026-05-04 13:51:00-04:00,14.97,14.98,14.96,14.98,2120.0,14.977
2026-05-04 13:52:00-04:00,14.99,15.1,14.98,15.08,116487.0,15.065
2026-05-04 13:53:00-04:00,15.08,15.08,15.05,15.06,2612.0,15.061
2026-05-04 13:54:00-04:00,15.05,15.06,15.04,15.04,10262.0,15.056
2026-05-04 13:55:00-04:00,15.03,15.04,15.02,15.03,6778.0,15.027
2026-05-04 13:56:00-04:00,15.03,15.04,15.03,15.04,2816.0,15.033
2026-05-04 13:57:00-04:00,15.04,15.04,15.03,15.03,4602.0,15.04
2026-05-04 13:58:00-04:00,15.04,15.06,15.02,15.03,17305.0,15.035
2026-05-04 13:59:00-04:00,15.02,15.02,15.0,15.0,6659.0,15.008
2026-05-04 14:00:00-04:00,14.99,15.0,14.98,14.99,1200.0,14.994
2026-05-04 14:01:00-04:00,14.99,14.99,14.97,14.97,565.0,14.981
2026-05-04 14:02:00-04:00,14.97,14.98,14.97,14.97,1255.0,14.97
2026-05-04 14:03:00-04:00,14.97,14.98,14.97,14.98,4417.0,14.976
2026-05-04 14:04:00-04:00,14.97,14.98,14.96,14.97,1905.0,14.968
2026-05-04 14:05:00-04:00,14.97,14.97,14.97,14.97,643.0,14.97
2026-05-04 14:06:00-04:00,14.96,14.97,14.95,14.96,2620.0,14.959
2026-05-04 14:07:00-04:00,14.96,14.96,14.96,14.96,0.0,14.96
2026-05-04 14:08:00-04:00,14.96,14.97,14.96,14.96,3593.0,14.968
2026-05-04 14:09:00-04:00,14.96,14.96,14.95,14.96,300.0,14.958
2026-05-04 14:10:00-04:00,14.94,14.94,14.91,14.93,7884.0,14.92
2026-05-04 14:11:00-04:00,14.92,14.95,14.92,14.95,14073.0,14.944
2026-05-04 14:12:00-04:00,14.95,14.97,14.95,14.96,4279.0,14.956
2026-05-04 14:13:00-04:00,14.96,14.98,14.94,14.95,18709.0,14.957
2026-05-04 14:14:00-04:00,14.95,14.98,14.95,14.95,63268.0,14.961
2026-05-04 14:15:00-04:00,14.96,14.97,14.95,14.96,5626.0,14.964
2026-05-04 14:16:00-04:00,14.97,14.97,14.94,14.94,6234.0,14.958
2026-05-04 14:17:00-04:00,14.95,14.95,14.94,14.95,2150.0,14.949
2026-05-04 14:18:00-04:00,14.94,14.96,14.94,14.96,3560.0,14.942
2026-05-04 14:19:00-04:00,14.96,14.97,14.95,14.95,2892.0,14.958
2026-05-04 14:20:00-04:00,14.96,14.97,14.96,14.97,2829.0,14.966
2026-05-04 14:21:00-04:00,14.98,14.99,14.98,14.98,1211.0,14.983
2026-05-04 14:22:00-04:00,14.99,14.99,14.98,14.98,6387.0,14.981
2026-05-04 14:23:00-04:00,14.98,14.99,14.97,14.97,2844.0,14.978
2026-05-04 14:24:00-04:00,14.98,14.99,14.97,14.98,3000.0,14.98
2026-05-04 14:25:00-04:00,14.97,14.98,14.97,14.97,1716.0,14.975
2026-05-04 14:26:00-04:00,14.97,14.98,14.97,14.97,1016.0,14.972
2026-05-04 14:27:00-04:00,14.96,14.97,14.96,14.96,750.0,14.965
2026-05-04 14:28:00-04:00,14.96,14.99,14.96,14.99,10020.0,14.975
2026-05-04 14:29:00-04:00,14.99,15.01,14.99,15.01,1662.0,15.0
2026-05-04 14:30:00-04:00,15.02,15.02,14.99,15.0,1948.0,15.012
2026-05-04 14:31:00-04:00,14.99,14.99,14.98,14.98,900.0,14.989
2026-05-04 14:32:00-04:00,14.98,14.99,14.98,14.99,1680.0,14.985
2026-05-04 14:33:00-04:00,14.98,15.0,14.98,15.0,5905.0,14.996
2026-05-04 14:34:00-04:00,14.99,15.01,14.99,15.0,6939.0,15.008
2026-05-04 14:35:00-04:00,15.0,15.01,14.99,15.0,9776.0,15.001
2026-05-04 14:36:00-04:00,15.0,15.01,15.0,15.0,1000.0,15.007
2026-05-04 14:37:00-04:00,15.0,15.01,14.99,14.99,720.0,15.0
2026-05-04 14:38:00-04:00,14.99,15.0,14.99,14.99,2094.0,14.994
2026-05-04 14:39:00-04:00,14.99,15.0,14.98,14.98,2570.0,14.991
2026-05-04 14:40:00-04:00,14.98,14.99,14.98,14.98,500.0,14.985
2026-05-04 14:41:00-04:00,14.98,14.99,14.98,14.98,229.0,14.985
2026-05-04 14:42:00-04:00,14.98,14.98,14.98,14.98,100.0,14.98
2026-05-04 14:43:00-04:00,14.99,14.99,14.98,14.98,700.0,14.988
2026-05-04 14:44:00-04:00,14.98,14.99,14.96,14.96,4213.0,14.974
2026-05-04 14:45:00-04:00,14.96,14.97,14.96,14.96,2818.0,14.963
2026-05-04 14:46:00-04:00,14.96,14.98,14.96,14.97,3558.0,14.969
2026-05-04 14:47:00-04:00,14.97,14.98,14.97,14.98,1302.0,14.979
2026-05-04 14:48:00-04:00,14.97,14.98,14.96,14.96,1328.0,14.97
2026-05-04 14:49:00-04:00,14.96,14.97,14.96,14.97,800.0,14.965
2026-05-04 14:50:00-04:00,14.97,14.97,14.95,14.96,3484.0,14.961
2026-05-04 14:51:00-04:00,14.95,14.96,14.94,14.96,2914.0,14.951
2026-05-04 14:52:00-04:00,14.96,14.97,14.96,14.96,2251.0,14.962
2026-05-04 14:53:00-04:00,14.96,14.96,14.94,14.94,3400.0,14.954
2026-05-04 14:54:00-04:00,14.94,14.95,14.94,14.94,1000.0,14.945
2026-05-04 14:55:00-04:00,14.94,14.96,14.93,14.95,2763.0,14.941
2026-05-04 14:56:00-04:00,14.96,14.98,14.95,14.98,800.0,14.964
2026-05-04 14:57:00-04:00,14.98,15.0,14.98,14.99,975.0,14.989
2026-05-04 14:58:00-04:00,15.0,15.0,14.99,14.99,720.0,14.996
2026-05-04 14:59:00-04:00,14.99,14.99,14.97,14.97,2246.0,14.984
2026-05-04 15:00:00-04:00,14.98,14.99,14.98,14.99,1722.0,14.984
2026-05-04 15:01:00-04:00,14.98,15.0,14.98,14.99,2225.0,14.989
2026-05-04 15:02:00-04:00,14.99,15.0,14.99,15.0,1265.0,14.991
2026-05-04 15:03:00-04:00,14.99,14.99,14.98,14.99,2813.0,14.987
2026-05-04 15:04:00-04:00,14.99,14.99,14.97,14.97,1400.0,14.982
2026-05-04 15:05:00-04:00,14.97,14.98,14.96,14.98,1800.0,14.973
2026-05-04 15:06:00-04:00,14.99,15.0,14.98,14.98,1533.0,14.989
2026-05-04 15:07:00-04:00,14.97,14.98,14.96,14.96,2533.0,14.971
2026-05-04 15:08:00-04:00,14.97,14.99,14.97,14.99,2091.0,14.979
2026-05-04 15:09:00-04:00,14.98,14.99,14.98,14.99,2110.0,14.99
2026-05-04 15:10:00-04:00,14.98,14.99,14.97,14.97,2367.0,14.982
2026-05-04 15:11:00-04:00,14.97,14.98,14.97,14.97,2095.0,14.975
2026-05-04 15:12:00-04:00,14.98,14.99,14.97,14.98,1510.0,14.98
2026-05-04 15:13:00-04:00,14.98,14.98,14.97,14.97,1820.0,14.979
2026-05-04 15:14:00-04:00,14.98,14.99,14.97,14.97,9554.0,14.978
2026-05-04 15:15:00-04:00,14.97,14.98,14.97,14.97,100.0,14.975
2026-05-04 15:16:00-04:00,14.98,14.98,14.96,14.96,3629.0,14.965
2026-05-04 15:17:00-04:00,14.95,14.95,14.94,14.95,3938.0,14.948
2026-05-04 15:18:00-04:00,14.95,14.95,14.91,14.91,24569.0,14.938
2026-05-04 15:19:00-04:00,14.91,14.92,14.9,14.91,6132.0,14.91
2026-05-04 15:20:00-04:00,14.92,14.92,14.91,14.91,1006.0,14.914
2026-05-04 15:21:00-04:00,14.91,14.91,14.91,14.91,600.0,14.91
2026-05-04 15:22:00-04:00,14.91,14.92,14.91,14.91,100.0,14.915
2026-05-04 15:23:00-04:00,14.92,14.92,14.91,14.91,1739.0,14.912
2026-05-04 15:24:00-04:00,14.91,14.94,14.91,14.93,3950.0,14.922
2026-05-04 15:25:00-04:00,14.93,14.94,14.91,14.91,2475.0,14.919
2026-05-04 15:26:00-04:00,14.91,14.92,14.91,14.92,7434.0,14.913
2026-05-04 15:27:00-04:00,14.91,14.94,14.91,14.93,11856.0,14.926
2026-05-04 15:28:00-04:00,14.92,14.92,14.91,14.92,2000.0,14.92
2026-05-04 15:29:00-04:00,14.92,14.93,14.92,14.92,1050.0,14.921
2026-05-04 15:30:00-04:00,14.92,14.93,14.92,14.92,1611.0,14.921
2026-05-04 15:31:00-04:00,14.92,14.93,14.91,14.92,1912.0,14.92
2026-05-04 15:32:00-04:00,14.92,14.93,14.91,14.91,1624.0,14.92
2026-05-04 15:33:00-04:00,14.91,14.92,14.91,14.92,2418.0,14.913
2026-05-04 15:34:00-04:00,14.91,14.91,14.91,14.91,200.0,14.91
2026-05-04 15:35:00-04:00,14.91,14.92,14.91,14.91,707.0,14.913
2026-05-04 15:36:00-04:00,14.91,14.92,14.9,14.91,2316.0,14.909
2026-05-04 15:37:00-04:00,14.9,14.91,14.9,14.91,4529.0,14.903
2026-05-04 15:38:00-04:00,14.9,14.91,14.89,14.89,5845.0,14.9
2026-05-04 15:39:00-04:00,14.89,14.92,14.89,14.92,4490.0,14.898
2026-05-04 15:40:00-04:00,14.92,14.93,14.92,14.92,3195.0,14.925
2026-05-04 15:41:00-04:00,14.92,14.93,14.9,14.9,4810.0,14.917
2026-05-04 15:42:00-04:00,14.9,14.92,14.89,14.9,29444.0,14.907
2026-05-04 15:43:00-04:00,14.89,14.91,14.89,14.91,4032.0,14.9
2026-05-04 15:44:00-04:00,14.91,14.93,14.9,14.92,2971.0,14.913
2026-05-04 15:45:00-04:00,14.92,14.93,14.92,14.92,2152.0,14.923
2026-05-04 15:46:00-04:00,14.92,14.93,14.91,14.91,3029.0,14.919
2026-05-04 15:47:00-04:00,14.92,14.94,14.92,14.94,6603.0,14.925
2026-05-04 15:48:00-04:00,14.94,14.95,14.94,14.94,4608.0,14.94
2026-05-04 15:49:00-04:00,14.95,14.96,14.94,14.96,7619.0,14.952
2026-05-04 15:50:00-04:00,14.96,14.96,14.91,14.91,13461.0,14.927
2026-05-04 15:51:00-04:00,14.91,14.93,14.91,14.92,17459.0,14.917
2026-05-04 15:52:00-04:00,14.92,14.92,14.91,14.91,691.0,14.918
2026-05-04 15:53:00-04:00,14.91,14.93,14.91,14.91,12724.0,14.919
2026-05-04 15:54:00-04:00,14.92,14.92,14.89,14.9,11530.0,14.907
2026-05-04 15:55:00-04:00,14.91,14.93,14.91,14.92,14056.0,14.915
2026-05-04 15:56:00-04:00,14.92,14.93,14.91,14.92,25563.0,14.919
2026-05-04 15:57:00-04:00,14.92,14.92,14.89,14.89,29915.0,14.901
2026-05-04 15:58:00-04:00,14.89,14.91,14.88,14.91,33411.0,14.896
2026-05-04 15:59:00-04:00,14.9,14.91,14.87,14.9,34993.0,14.892
2026-05-05 09:30:00-04:00,14.79,14.85,14.65,14.65,40989.0,14.72
2026-05-05 09:31:00-04:00,14.6,14.75,14.53,14.74,16508.0,14.625
2026-05-05 09:32:00-04:00,14.72,14.77,14.58,14.62,27026.0,14.678
2026-05-05 09:33:00-04:00,14.61,14.74,14.57,14.57,16033.0,14.614
2026-05-05 09:34:00-04:00,14.58,14.6,14.56,14.59,5121.0,14.58
2026-05-05 09:35:00-04:00,14.63,14.71,14.61,14.67,28125.0,14.701
2026-05-05 09:36:00-04:00,14.69,14.7,14.6,14.61,11059.0,14.679
2026-05-05 09:37:00-04:00,14.6,14.6,14.55,14.55,1450.0,14.58
2026-05-05 09:38:00-04:00,14.53,14.56,14.53,14.55,9288.0,14.54
2026-05-05 09:39:00-04:00,14.57,14.58,14.52,14.54,2134.0,14.548
2026-05-05 09:40:00-04:00,14.54,14.63,14.52,14.62,2903.0,14.557
2026-05-05 09:41:00-04:00,14.59,14.62,14.58,14.62,5166.0,14.601
2026-05-05 09:42:00-04:00,14.6,14.62,14.54,14.54,8504.0,14.609
2026-05-05 09:43:00-04:00,14.53,14.55,14.49,14.51,25583.0,14.507
2026-05-05 09:44:00-04:00,14.51,14.54,14.5,14.51,3653.0,14.521
2026-05-05 09:45:00-04:00,14.54,14.62,14.54,14.62,3109.0,14.587
2026-05-05 09:46:00-04:00,14.61,14.64,14.6,14.64,1802.0,14.616
2026-05-05 09:47:00-04:00,14.63,14.64,14.61,14.61,7018.0,14.628
2026-05-05 09:48:00-04:00,14.6,14.65,14.59,14.62,6685.0,14.617
2026-05-05 09:49:00-04:00,14.63,14.64,14.59,14.59,2106.0,14.611
2026-05-05 09:50:00-04:00,14.59,14.63,14.58,14.61,3213.0,14.616
2026-05-05 09:51:00-04:00,14.62,14.64,14.58,14.59,13686.0,14.629
2026-05-05 09:52:00-04:00,14.56,14.59,14.55,14.59,5703.0,14.571
2026-05-05 09:53:00-04:00,14.59,14.59,14.54,14.57,11089.0,14.566
2026-05-05 09:54:00-04:00,14.56,14.56,14.52,14.54,5103.0,14.539
2026-05-05 09:55:00-04:00,14.54,14.59,14.54,14.58,2203.0,14.56
2026-05-05 09:56:00-04:00,14.55,14.6,14.54,14.6,2816.0,14.585
2026-05-05 09:57:00-04:00,14.6,14.61,14.57,14.57,5589.0,14.588
2026-05-05 09:58:00-04:00,14.59,14.59,14.51,14.54,3838.0,14.537
2026-05-05 09:59:00-04:00,14.53,14.54,14.48,14.48,8542.0,14.508
2026-05-05 10:00:00-04:00,14.47,14.49,14.46,14.49,5873.0,14.476
2026-05-05 10:01:00-04:00,14.48,14.51,14.48,14.5,1514.0,14.491
2026-05-05 10:02:00-04:00,14.5,14.52,14.47,14.47,7054.0,14.485
2026-05-05 10:03:00-04:00,14.48,14.49,14.46,14.47,2566.0,14.474
2026-05-05 10:04:00-04:00,14.48,14.52,14.47,14.51,2200.0,14.495
2026-05-05 10:05:00-04:00,14.5,14.54,14.48,14.52,25576.0,14.535
2026-05-05 10:06:00-04:00,14.51,14.54,14.51,14.53,821.0,14.527
2026-05-05 10:07:00-04:00,14.56,14.57,14.55,14.57,1148.0,14.563
2026-05-05 10:08:00-04:00,14.56,14.57,14.54,14.56,4185.0,14.552
2026-05-05 10:09:00-04:00,14.56,14.57,14.51,14.52,25134.0,14.535
2026-05-05 10:10:00-04:00,14.51,14.56,14.51,14.55,2171.0,14.534
2026-05-05 10:11:00-04:00,14.54,14.55,14.52,14.54,26600.0,14.533
2026-05-05 10:12:00-04:00,14.53,14.57,14.53,14.57,2800.0,14.559
2026-05-05 10:13:00-04:00,14.56,14.56,14.53,14.54,2221.0,14.544
2026-05-05 10:14:00-04:00,14.53,14.54,14.52,14.52,1000.0,14.53
2026-05-05 10:15:00-04:00,14.51,14.52,14.48,14.49,3323.0,14.499
2026-05-05 10:16:00-04:00,14.49,14.5,14.49,14.5,621.0,14.498
2026-05-05 10:17:00-04:00,14.5,14.53,14.5,14.52,1444.0,14.514
2026-05-05 10:18:00-04:00,14.52,14.56,14.51,14.55,1509.0,14.537
2026-05-05 10:19:00-04:00,14.55,14.57,14.55,14.55,1300.0,14.559
2026-05-05 10:20:00-04:00,14.55,14.56,14.54,14.54,465.0,14.548
2026-05-05 10:21:00-04:00,14.54,14.58,14.54,14.57,1200.0,14.567
2026-05-05 10:22:00-04:00,14.58,14.65,14.58,14.62,7181.0,14.631
2026-05-05 10:23:00-04:00,14.64,14.67,14.63,14.66,1817.0,14.647
2026-05-05 10:24:00-04:00,14.66,14.68,14.66,14.67,1880.0,14.671
2026-05-05 10:25:00-04:00,14.67,14.68,14.62,14.66,43131.0,14.647
2026-05-05 10:26:00-04:00,14.68,14.69,14.64,14.66,1535.0,14.679
2026-05-05 10:27:00-04:00,14.67,14.72,14.67,14.71,21716.0,14.701
2026-05-05 10:28:00-04:00,14.73,14.79,14.65,14.66,29248.0,14.715
2026-05-05 10:29:00-04:00,14.67,14.68,14.65,14.65,6865.0,14.663
2026-05-05 10:30:00-04:00,14.65,14.66,14.65,14.65,3380.0,14.658
2026-05-05 10:31:00-04:00,14.65,14.65,14.61,14.63,4100.0,14.63
2026-05-05 10:32:00-04:00,14.63,14.63,14.58,14.59,6844.0,14.598
2026-05-05 10:33:00-04:00,14.59,14.59,14.56,14.57,1599.0,14.571
2026-05-05 10:34:00-04:00,14.57,14.6,14.56,14.59,2662.0,14.584
2026-05-05 10:35:00-04:00,14.59,14.59,14.57,14.58,951.0,14.584
2026-05-05 10:36:00-04:00,14.58,14.59,14.56,14.57,1878.0,14.575
2026-05-05 10:37:00-04:00,14.56,14.56,14.54,14.54,1690.0,14.55
2026-05-05 10:38:00-04:00,14.54,14.54,14.53,14.54,2412.0,14.532
2026-05-05 10:39:00-04:00,14.54,14.54,14.51,14.52,1740.0,14.524
2026-05-05 10:40:00-04:00,14.53,14.53,14.52,14.53,1393.0,14.526
2026-05-05 10:41:00-04:00,14.52,14.54,14.52,14.54,2392.0,14.525
2026-05-05 10:42:00-04:00,14.54,14.55,14.54,14.55,800.0,14.545
2026-05-05 10:43:00-04:00,14.55,14.57,14.55,14.57,8024.0,14.558
2026-05-05 10:44:00-04:00,14.55,14.58,14.55,14.56,3095.0,14.565
2026-05-05 10:45:00-04:00,14.56,14.58,14.54,14.57,8341.0,14.563
2026-05-05 10:46:00-04:00,14.57,14.58,14.56,14.56,1755.0,14.568
2026-05-05 10:47:00-04:00,14.57,14.59,14.57,14.58,2458.0,14.582
2026-05-05 10:48:00-04:00,14.58,14.61,14.56,14.6,2578.0,14.591
2026-05-05 10:49:00-04:00,14.61,14.61,14.59,14.6,3181.0,14.601
2026-05-05 10:50:00-04:00,14.6,14.61,14.59,14.59,4367.0,14.6
2026-05-05 10:51:00-04:00,14.6,14.63,14.59,14.61,12445.0,14.615
2026-05-05 10:52:00-04:00,14.61,14.63,14.61,14.63,1376.0,14.618
2026-05-05 10:53:00-04:00,14.63,14.65,14.63,14.64,5686.0,14.644
2026-05-05 10:54:00-04:00,14.64,14.66,14.64,14.66,2047.0,14.651
2026-05-05 10:55:00-04:00,14.66,14.67,14.66,14.66,1027.0,14.663
2026-05-05 10:56:00-04:00,14.67,14.68,14.66,14.67,1324.0,14.666
2026-05-05 10:57:00-04:00,14.67,14.68,14.66,14.68,4377.0,14.67
2026-05-05 10:58:00-04:00,14.66,14.68,14.65,14.68,6731.0,14.666
2026-05-05 10:59:00-04:00,14.68,14.68,14.67,14.67,1359.0,14.674
2026-05-05 11:00:00-04:00,14.66,14.67,14.61,14.62,38864.0,14.623
2026-05-05 11:01:00-04:00,14.61,14.62,14.6,14.61,4570.0,14.609
2026-05-05 11:02:00-04:00,14.62,14.63,14.61,14.63,3008.0,14.621
2026-05-05 11:03:00-04:00,14.61,14.62,14.61,14.62,348.0,14.613
2026-05-05 11:04:00-04:00,14.61,14.62,14.56,14.57,90212.0,14.603
2026-05-05 11:05:00-04:00,14.58,14.58,14.52,14.53,40543.0,14.537
2026-05-05 11:06:00-04:00,14.52,14.52,14.51,14.52,11595.0,14.514
2026-05-05 11:07:00-04:00,14.52,14.57,14.52,14.57,5191.0,14.547
2026-05-05 11:08:00-04:00,14.54,14.55,14.52,14.53,4635.0,14.542
2026-05-05 11:09:00-04:00,14.52,14.53,14.51,14.53,1789.0,14.527
2026-05-05 11:10:00-04:00,14.53,14.58,14.52,14.55,13262.0,14.566
2026-05-05 11:11:00-04:00,14.55,14.56,14.54,14.55,5395.0,14.545
2026-05-05 11:12:00-04:00,14.55,14.58,14.55,14.58,3112.0,14.562
2026-05-05 11:13:00-04:00,14.56,14.57,14.47,14.48,43034.0,14.51
2026-05-05 11:14:00-04:00,14.47,14.49,14.47,14.48,7062.0,14.485
2026-05-05 11:15:00-04:00,14.49,14.5,14.47,14.48,2172.0,14.487
2026-05-05 11:16:00-04:00,14.48,14.49,14.46,14.47,3396.0,14.472
2026-05-05 11:17:00-04:00,14.47,14.49,14.47,14.49,814.0,14.479
2026-05-05 11:18:00-04:00,14.49,14.5,14.43,14.45,47393.0,14.443
2026-05-05 11:19:00-04:00,14.46,14.46,14.42,14.42,56167.0,14.423
2026-05-05 11:20:00-04:00,14.42,14.45,14.41,14.42,59782.0,14.418
2026-05-05 11:21:00-04:00,14.42,14.43,14.4,14.42,38305.0,14.414
2026-05-05 11:22:00-04:00,14.42,14.43,14.41,14.42,1315.0,14.42
2026-05-05 11:23:00-04:00,14.42,14.43,14.41,14.41,9350.0,14.42
2026-05-05 11:24:00-04:00,14.41,14.43,14.41,14.42,4349.0,14.415
2026-05-05 11:25:00-04:00,14.42,14.44,14.41,14.44,2300.0,14.419
2026-05-05 11:26:00-04:00,14.44,14.47,14.43,14.44,9735.0,14.451
2026-05-05 11:27:00-04:00,14.44,14.46,14.43,14.46,14693.0,14.445
2026-05-05 11:28:00-04:00,14.46,14.46,14.46,14.46,1908.0,14.46
2026-05-05 11:29:00-04:00,14.46,14.48,14.46,14.48,1735.0,14.47
2026-05-05 11:30:00-04:00,14.47,14.49,14.46,14.46,2687.0,14.48
2026-05-05 11:31:00-04:00,14.47,14.48,14.45,14.46,3140.0,14.467
2026-05-05 11:32:00-04:00,14.46,14.47,14.45,14.46,1761.0,14.462
2026-05-05 11:33:00-04:00,14.46,14.47,14.46,14.46,1930.0,14.46
2026-05-05 11:34:00-04:00,14.47,14.47,14.45,14.45,2056.0,14.464
2026-05-05 11:35:00-04:00,14.46,14.48,14.46,14.48,2838.0,14.475
2026-05-05 11:36:00-04:00,14.48,14.48,14.46,14.47,1081.0,14.472
2026-05-05 11:37:00-04:00,14.47,14.48,14.47,14.47,2363.0,14.471
2026-05-05 11:38:00-04:00,14.47,14.47,14.46,14.46,3690.0,14.466
2026-05-05 11:39:00-04:00,14.45,14.45,14.43,14.44,9983.0,14.437
2026-05-05 11:40:00-04:00,14.44,14.46,14.44,14.45,9453.0,14.45
2026-05-05 11:41:00-04:00,14.46,14.47,14.45,14.45,2664.0,14.463
2026-05-05 11:42:00-04:00,14.46,14.47,14.45,14.45,1012.0,14.459
2026-05-05 11:43:00-04:00,14.46,14.46,14.45,14.46,600.0,14.457
2026-05-05 11:44:00-04:00,14.48,14.48,14.47,14.47,5740.0,14.479
2026-05-05 11:45:00-04:00,14.48,14.49,14.48,14.48,1821.0,14.482
2026-05-05 11:46:00-04:00,14.48,14.48,14.45,14.45,2159.0,14.471
2026-05-05 11:47:00-04:00,14.46,14.47,14.46,14.46,481.0,14.467
2026-05-05 11:48:00-04:00,14.47,14.47,14.47,14.47,711.0,14.47
2026-05-05 11:49:00-04:00,14.47,14.47,14.46,14.46,914.0,14.461
2026-05-05 11:50:00-04:00,14.45,14.45,14.44,14.44,1389.0,14.445
2026-05-05 11:51:00-04:00,14.44,14.45,14.42,14.43,3512.0,14.43
2026-05-05 11:52:00-04:00,14.44,14.44,14.42,14.42,2271.0,14.433
2026-05-05 11:53:00-04:00,14.43,14.43,14.42,14.43,167.0,14.429
2026-05-05 11:54:00-04:00,14.42,14.42,14.4,14.4,2008.0,14.407
2026-05-05 11:55:00-04:00,14.4,14.41,14.39,14.4,5815.0,14.4
2026-05-05 11:56:00-04:00,14.39,14.4,14.39,14.4,1795.0,14.398
2026-05-05 11:57:00-04:00,14.4,14.4,14.38,14.39,1300.0,14.392
2026-05-05 11:58:00-04:00,14.38,14.4,14.38,14.4,5258.0,14.395
2026-05-05 11:59:00-04:00,14.39,14.39,14.38,14.38,1852.0,14.386
2026-05-05 12:00:00-04:00,14.38,14.39,14.37,14.38,1881.0,14.382
2026-05-05 12:01:00-04:00,14.38,14.39,14.37,14.39,1310.0,14.38
2026-05-05 12:02:00-04:00,14.39,14.39,14.38,14.38,564.0,14.386
2026-05-05 12:03:00-04:00,14.37,14.38,14.36,14.37,1866.0,14.368
2026-05-05 12:04:00-04:00,14.37,14.38,14.36,14.38,2432.0,14.371
2026-05-05 12:05:00-04:00,14.38,14.38,14.36,14.37,3200.0,14.368
2026-05-05 12:06:00-04:00,14.36,14.39,14.36,14.38,5212.0,14.374
2026-05-05 12:07:00-04:00,14.38,14.38,14.37,14.38,708.0,14.378
2026-05-05 12:08:00-04:00,14.38,14.39,14.37,14.38,1014.0,14.379
2026-05-05 12:09:00-04:00,14.38,14.38,14.37,14.37,600.0,14.374
2026-05-05 12:10:00-04:00,14.38,14.4,14.37,14.4,3086.0,14.388
2026-05-05 12:11:00-04:00,14.39,14.4,14.38,14.4,2487.0,14.394
2026-05-05 12:12:00-04:00,14.39,14.4,14.39,14.39,478.0,14.393
2026-05-05 12:13:00-04:00,14.39,14.4,14.38,14.38,2517.0,14.387
2026-05-05 12:14:00-04:00,14.38,14.39,14.38,14.38,1768.0,14.384
2026-05-05 12:15:00-04:00,14.37,14.37,14.35,14.36,3882.0,14.362
2026-05-05 12:16:00-04:00,14.36,14.36,14.34,14.35,7121.0,14.352
2026-05-05 12:17:00-04:00,14.34,14.35,14.34,14.35,2118.0,14.345
2026-05-05 12:18:00-04:00,14.34,14.36,14.34,14.36,1198.0,14.35
2026-05-05 12:19:00-04:00,14.35,14.36,14.35,14.35,1843.0,14.354
2026-05-05 12:20:00-04:00,14.35,14.36,14.35,14.36,818.0,14.352
2026-05-05 12:21:00-04:00,14.39,14.39,14.37,14.37,315.0,14.376
2026-05-05 12:22:00-04:00,14.39,14.4,14.39,14.39,1086.0,14.394
2026-05-05 12:23:00-04:00,14.4,14.4,14.38,14.38,3999.0,14.393
2026-05-05 12:24:00-04:00,14.38,14.39,14.37,14.39,3753.0,14.379
2026-05-05 12:25:00-04:00,14.39,14.39,14.38,14.38,2795.0,14.384
2026-05-05 12:26:00-04:00,14.37,14.38,14.35,14.35,6987.0,14.36
2026-05-05 12:27:00-04:00,14.35,14.36,14.33,14.33,2339.0,14.346
2026-05-05 12:28:00-04:00,14.33,14.34,14.32,14.34,2904.0,14.332
2026-05-05 12:29:00-04:00,14.35,14.36,14.34,14.34,6853.0,14.356
2026-05-05 12:30:00-04:00,14.33,14.34,14.32,14.33,1761.0,14.331
2026-05-05 12:31:00-04:00,14.33,14.34,14.32,14.32,1733.0,14.329
2026-05-05 12:32:00-04:00,14.32,14.34,14.32,14.33,739.0,14.33
2026-05-05 12:33:00-04:00,14.34,14.34,14.33,14.33,900.0,14.336
2026-05-05 12:34:00-04:00,14.33,14.34,14.32,14.32,2557.0,14.326
2026-05-05 12:35:00-04:00,14.32,14.33,14.32,14.32,1381.0,14.324
2026-05-05 12:36:00-04:00,14.32,14.35,14.32,14.35,1620.0,14.335
2026-05-05 12:37:00-04:00,14.34,14.34,14.32,14.32,426.0,14.329
2026-05-05 12:38:00-04:00,14.33,14.35,14.33,14.34,5007.0,14.339
2026-05-05 12:39:00-04:00,14.33,14.34,14.32,14.32,932.0,14.331
2026-05-05 12:40:00-04:00,14.33,14.33,14.32,14.33,1743.0,14.328
2026-05-05 12:41:00-04:00,14.33,14.37,14.32,14.37,1592.0,14.342
2026-05-05 12:42:00-04:00,14.36,14.37,14.36,14.37,1461.0,14.361
2026-05-05 12:43:00-04:00,14.36,14.37,14.35,14.35,5800.0,14.359
2026-05-05 12:44:00-04:00,14.35,14.36,14.34,14.34,1731.0,14.35
2026-05-05 12:45:00-04:00,14.34,14.35,14.33,14.34,1328.0,14.34
2026-05-05 12:46:00-04:00,14.34,14.34,14.33,14.34,978.0,14.333
2026-05-05 12:47:00-04:00,14.34,14.35,14.33,14.35,1769.0,14.341
2026-05-05 12:48:00-04:00,14.34,14.36,14.34,14.35,1179.0,14.348
2026-05-05 12:49:00-04:00,14.35,14.37,14.35,14.37,3547.0,14.353
2026-05-05 12:50:00-04:00,14.36,14.37,14.35,14.35,1141.0,14.361
2026-05-05 12:51:00-04:00,14.35,14.36,14.35,14.35,300.0,14.355
2026-05-05 12:52:00-04:00,14.35,14.37,14.35,14.35,1800.0,14.356
2026-05-05 12:53:00-04:00,14.35,14.35,14.31,14.31,28924.0,14.323
2026-05-05 12:54:00-04:00,14.31,14.31,14.29,14.3,7346.0,14.295
2026-05-05 12:55:00-04:00,14.3,14.31,14.28,14.29,4314.0,14.296
2026-05-05 12:56:00-04:00,14.29,14.3,14.29,14.3,1581.0,14.297
2026-05-05 12:57:00-04:00,14.3,14.3,14.3,14.3,554.0,14.3
2026-05-05 12:58:00-04:00,14.31,14.31,14.29,14.3,2610.0,14.302
2026-05-05 12:59:00-04:00,14.3,14.31,14.3,14.31,1561.0,14.301
2026-05-05 13:00:00-04:00,14.3,14.32,14.3,14.32,1182.0,14.312
2026-05-05 13:01:00-04:00,14.32,14.32,14.3,14.31,2317.0,14.305
2026-05-05 13:02:00-04:00,14.3,14.3,14.3,14.3,200.0,14.3
2026-05-05 13:03:00-04:00,14.3,14.31,14.3,14.3,1151.0,14.302
2026-05-05 13:04:00-04:00,14.3,14.31,14.29,14.29,2433.0,14.295
2026-05-05 13:05:00-04:00,14.29,14.3,14.29,14.29,3577.0,14.293
2026-05-05 13:06:00-04:00,14.29,14.3,14.28,14.29,3213.0,14.293
2026-05-05 13:07:00-04:00,14.29,14.31,14.28,14.29,9236.0,14.295
2026-05-05 13:08:00-04:00,14.29,14.29,14.27,14.27,3418.0,14.286
2026-05-05 13:09:00-04:00,14.28,14.3,14.28,14.29,3987.0,14.288
2026-05-05 13:10:00-04:00,14.29,14.31,14.29,14.31,1020.0,14.299
2026-05-05 13:11:00-04:00,14.32,14.32,14.31,14.32,1152.0,14.317
2026-05-05 13:12:00-04:00,14.32,14.32,14.31,14.31,2614.0,14.318
2026-05-05 13:13:00-04:00,14.31,14.32,14.31,14.32,6078.0,14.32
2026-05-05 13:14:00-04:00,14.33,14.33,14.31,14.31,1200.0,14.317
2026-05-05 13:15:00-04:00,14.3,14.3,14.28,14.29,800.0,14.29
2026-05-05 13:16:00-04:00,14.29,14.29,14.27,14.28,4613.0,14.28
2026-05-05 13:17:00-04:00,14.27,14.27,14.26,14.27,5729.0,14.266
2026-05-05 13:18:00-04:00,14.27,14.29,14.26,14.29,1843.0,14.271
2026-05-05 13:19:00-04:00,14.29,14.29,14.27,14.27,6098.0,14.284
2026-05-05 13:20:00-04:00,14.28,14.28,14.27,14.28,750.0,14.278
2026-05-05 13:21:00-04:00,14.29,14.29,14.28,14.29,913.0,14.286
2026-05-05 13:22:00-04:00,14.29,14.29,14.28,14.28,800.0,14.284
2026-05-05 13:23:00-04:00,14.29,14.29,14.26,14.26,1646.0,14.273
2026-05-05 13:24:00-04:00,14.25,14.25,14.25,14.25,1043.0,14.25
2026-05-05 13:25:00-04:00,14.25,14.26,14.24,14.26,1998.0,14.25
2026-05-05 13:26:00-04:00,14.26,14.26,14.25,14.25,849.0,14.258
2026-05-05 13:27:00-04:00,14.26,14.27,14.26,14.26,31588.0,14.269
2026-05-05 13:28:00-04:00,14.27,14.28,14.26,14.26,2753.0,14.267
2026-05-05 13:29:00-04:00,14.26,14.27,14.26,14.26,1730.0,14.262
2026-05-05 13:30:00-04:00,14.26,14.26,14.23,14.23,2597.0,14.244
2026-05-05 13:31:00-04:00,14.23,14.24,14.23,14.23,1119.0,14.236
2026-05-05 13:32:00-04:00,14.23,14.24,14.23,14.23,2754.0,14.23
2026-05-05 13:33:00-04:00,14.23,14.23,14.22,14.23,2731.0,14.23
2026-05-05 13:34:00-04:00,14.22,14.22,14.21,14.21,1100.0,14.218
2026-05-05 13:35:00-04:00,14.21,14.22,14.21,14.21,2322.0,14.211
2026-05-05 13:36:00-04:00,14.21,14.23,14.21,14.22,7050.0,14.221
2026-05-05 13:37:00-04:00,14.22,14.23,14.19,14.19,7443.0,14.203
2026-05-05 13:38:00-04:00,14.19,14.2,14.19,14.19,1719.0,14.196
2026-05-05 13:39:00-04:00,14.2,14.2,14.18,14.18,1577.0,14.191
2026-05-05 13:40:00-04:00,14.18,14.21,14.17,14.18,9261.0,14.196
2026-05-05 13:41:00-04:00,14.19,14.2,14.19,14.2,2919.0,14.194
2026-05-05 13:42:00-04:00,14.2,14.2,14.19,14.19,3376.0,14.196
2026-05-05 13:43:00-04:00,14.19,14.21,14.19,14.2,1638.0,14.2
2026-05-05 13:44:00-04:00,14.2,14.22,14.2,14.22,1762.0,14.211
2026-05-05 13:45:00-04:00,14.21,14.21,14.2,14.2,1590.0,14.203
2026-05-05 13:46:00-04:00,14.2,14.2,14.19,14.19,1731.0,14.198
2026-05-05 13:47:00-04:00,14.19,14.21,14.19,14.21,2769.0,14.199
2026-05-05 13:48:00-04:00,14.21,14.21,14.2,14.21,806.0,14.206
2026-05-05 13:49:00-04:00,14.21,14.22,14.19,14.19,2470.0,14.206
2026-05-05 13:50:00-04:00,14.19,14.21,14.19,14.21,4833.0,14.198
2026-05-05 13:51:00-04:00,14.21,14.22,14.2,14.22,1850.0,14.209
2026-05-05 13:52:00-04:00,14.22,14.23,14.22,14.22,3970.0,14.222
2026-05-05 13:53:00-04:00,14.22,14.23,14.22,14.23,873.0,14.227
2026-05-05 13:54:00-04:00,14.22,14.22,14.21,14.22,950.0,14.215
2026-05-05 13:55:00-04:00,14.22,14.22,14.21,14.21,4127.0,14.218
2026-05-05 13:56:00-04:00,14.22,14.22,14.21,14.22,1059.0,14.217
2026-05-05 13:57:00-04:00,14.22,14.23,14.21,14.21,900.0,14.222
2026-05-05 13:58:00-04:00,14.22,14.22,14.21,14.21,2759.0,14.217
2026-05-05 13:59:00-04:00,14.21,14.21,14.19,14.2,14028.0,14.201
2026-05-05 14:00:00-04:00,14.2,14.22,14.2,14.21,2234.0,14.205
2026-05-05 14:01:00-04:00,14.22,14.23,14.21,14.21,1379.0,14.218
2026-05-05 14:02:00-04:00,14.21,14.22,14.21,14.21,653.0,14.211
2026-05-05 14:03:00-04:00,14.22,14.22,14.21,14.22,4625.0,14.219
2026-05-05 14:04:00-04:00,14.22,14.23,14.21,14.23,3081.0,14.222
2026-05-05 14:05:00-04:00,14.22,14.23,14.22,14.23,1274.0,14.223
2026-05-05 14:06:00-04:00,14.23,14.23,14.22,14.22,800.0,14.227
2026-05-05 14:07:00-04:00,14.22,14.22,14.22,14.22,0.0,14.22
2026-05-05 14:08:00-04:00,14.24,14.24,14.22,14.24,6339.0,14.239
2026-05-05 14:09:00-04:00,14.23,14.24,14.23,14.24,6714.0,14.24
2026-05-05 14:10:00-04:00,14.24,14.25,14.24,14.24,2713.0,14.246
2026-05-05 14:11:00-04:00,14.24,14.25,14.24,14.24,2500.0,14.249
2026-05-05 14:12:00-04:00,14.25,14.27,14.24,14.27,2000.0,14.258
2026-05-05 14:13:00-04:00,14.27,14.28,14.26,14.27,14142.0,14.278
2026-05-05 14:14:00-04:00,14.28,14.3,14.28,14.3,1407.0,14.289
2026-05-05 14:15:00-04:00,14.3,14.3,14.29,14.29,2240.0,14.3
2026-05-05 14:16:00-04:00,14.29,14.29,14.28,14.29,660.0,14.288
2026-05-05 14:17:00-04:00,14.28,14.29,14.28,14.29,701.0,14.289
2026-05-05 14:18:00-04:00,14.29,14.3,14.29,14.3,524.0,14.294
2026-05-05 14:19:00-04:00,14.29,14.29,14.26,14.26,2218.0,14.282
2026-05-05 14:20:00-04:00,14.27,14.28,14.26,14.28,2624.0,14.27
2026-05-05 14:21:00-04:00,14.27,14.27,14.27,14.27,600.0,14.27
2026-05-05 14:22:00-04:00,14.28,14.28,14.27,14.28,1108.0,14.275
2026-05-05 14:23:00-04:00,14.27,14.28,14.27,14.28,2457.0,14.279
2026-05-05 14:24:00-04:00,14.27,14.28,14.25,14.26,3675.0,14.265
2026-05-05 14:25:00-04:00,14.25,14.27,14.25,14.25,1759.0,14.253
2026-05-05 14:26:00-04:00,14.25,14.26,14.25,14.25,3623.0,14.259
2026-05-05 14:27:00-04:00,14.26,14.26,14.25,14.26,1400.0,14.258
2026-05-05 14:28:00-04:00,14.26,14.26,14.26,14.26,835.0,14.26
2026-05-05 14:29:00-04:00,14.27,14.28,14.27,14.27,1232.0,14.271
2026-05-05 14:30:00-04:00,14.27,14.27,14.26,14.26,600.0,14.263
2026-05-05 14:31:00-04:00,14.27,14.28,14.26,14.28,1968.0,14.272
2026-05-05 14:32:00-04:00,14.26,14.26,14.24,14.24,1893.0,14.259
2026-05-05 14:33:00-04:00,14.26,14.26,14.24,14.26,1045.0,14.254
2026-05-05 14:34:00-04:00,14.25,14.26,14.25,14.26,861.0,14.252
2026-05-05 14:35:00-04:00,14.26,14.26,14.24,14.24,2721.0,14.25
2026-05-05 14:36:00-04:00,14.24,14.26,14.24,14.25,2619.0,14.25
2026-05-05 14:37:00-04:00,14.25,14.27,14.25,14.26,2211.0,14.262
2026-05-05 14:38:00-04:00,14.27,14.28,14.26,14.26,1715.0,14.271
2026-05-05 14:39:00-04:00,14.26,14.26,14.25,14.25,1411.0,14.253
2026-05-05 14:40:00-04:00,14.25,14.27,14.25,14.26,7377.0,14.26
2026-05-05 14:41:00-04:00,14.26,14.28,14.25,14.25,14962.0,14.278
2026-05-05 14:42:00-04:00,14.25,14.27,14.25,14.26,700.0,14.261
2026-05-05 14:43:00-04:00,14.26,14.29,14.26,14.29,2815.0,14.278
2026-05-05 14:44:00-04:00,14.28,14.28,14.27,14.27,445.0,14.275
2026-05-05 14:45:00-04:00,14.27,14.28,14.26,14.26,1834.0,14.271
2026-05-05 14:46:00-04:00,14.27,14.28,14.27,14.27,800.0,14.271
2026-05-05 14:47:00-04:00,14.27,14.29,14.27,14.29,3082.0,14.281
2026-05-05 14:48:00-04:00,14.29,14.32,14.29,14.31,4242.0,14.31
2026-05-05 14:49:00-04:00,14.31,14.32,14.31,14.31,1579.0,14.316
2026-05-05 14:50:00-04:00,14.31,14.33,14.31,14.32,2122.0,14.321
2026-05-05 14:51:00-04:00,14.32,14.33,14.31,14.32,1342.0,14.321
2026-05-05 14:52:00-04:00,14.31,14.32,14.28,14.31,17170.0,14.307
2026-05-05 14:53:00-04:00,14.31,14.32,14.3,14.32,2282.0,14.314
2026-05-05 14:54:00-04:00,14.33,14.33,14.32,14.32,5169.0,14.325
2026-05-05 14:55:00-04:00,14.33,14.35,14.33,14.34,2471.0,14.342
2026-05-05 14:56:00-04:00,14.35,14.36,14.34,14.35,1424.0,14.35
2026-05-05 14:57:00-04:00,14.35,14.36,14.35,14.35,1993.0,14.352
2026-05-05 14:58:00-04:00,14.35,14.36,14.35,14.35,1062.0,14.352
2026-05-05 14:59:00-04:00,14.35,14.36,14.34,14.34,3584.0,14.35
2026-05-05 15:00:00-04:00,14.34,14.35,14.34,14.34,1520.0,14.345
2026-05-05 15:01:00-04:00,14.35,14.35,14.33,14.33,6789.0,14.337
2026-05-05 15:02:00-04:00,14.32,14.32,14.31,14.31,1075.0,14.317
2026-05-05 15:03:00-04:00,14.31,14.32,14.31,14.31,2495.0,14.315
2026-05-05 15:04:00-04:00,14.31,14.34,14.31,14.34,2762.0,14.323
2026-05-05 15:05:00-04:00,14.34,14.37,14.34,14.36,2603.0,14.351
2026-05-05 15:06:00-04:00,14.36,14.36,14.33,14.34,2971.0,14.344
2026-05-05 15:07:00-04:00,14.34,14.35,14.34,14.34,700.0,14.345
2026-05-05 15:08:00-04:00,14.34,14.34,14.33,14.33,3202.0,14.338
2026-05-05 15:09:00-04:00,14.33,14.33,14.33,14.33,700.0,14.33
2026-05-05 15:10:00-04:00,14.32,14.34,14.32,14.34,8635.0,14.336
2026-05-05 15:11:00-04:00,14.35,14.35,14.35,14.35,1550.0,14.35
2026-05-05 15:12:00-04:00,14.35,14.35,14.33,14.33,2261.0,14.339
2026-05-05 15:13:00-04:00,14.33,14.34,14.32,14.33,2746.0,14.33
2026-05-05 15:14:00-04:00,14.33,14.33,14.32,14.32,1346.0,14.322
2026-05-05 15:15:00-04:00,14.31,14.33,14.31,14.32,2317.0,14.317
2026-05-05 15:16:00-04:00,14.32,14.33,14.32,14.32,1452.0,14.323
2026-05-05 15:17:00-04:00,14.32,14.34,14.32,14.33,13562.0,14.33
2026-05-05 15:18:00-04:00,14.33,14.34,14.33,14.34,3000.0,14.335
2026-05-05 15:19:00-04:00,14.33,14.35,14.33,14.33,7264.0,14.341
2026-05-05 15:20:00-04:00,14.33,14.36,14.33,14.36,1559.0,14.342
2026-05-05 15:21:00-04:00,14.35,14.35,14.35,14.35,608.0,14.35
2026-05-05 15:22:00-04:00,14.35,14.37,14.35,14.36,1502.0,14.36
2026-05-05 15:23:00-04:00,14.37,14.37,14.36,14.37,2333.0,14.364
2026-05-05 15:24:00-04:00,14.37,14.38,14.36,14.38,1728.0,14.371
2026-05-05 15:25:00-04:00,14.37,14.38,14.37,14.37,1448.0,14.371
2026-05-05 15:26:00-04:00,14.37,14.38,14.34,14.34,5526.0,14.364
2026-05-05 15:27:00-04:00,14.35,14.37,14.35,14.37,2450.0,14.358
2026-05-05 15:28:00-04:00,14.37,14.37,14.36,14.37,939.0,14.365
2026-05-05 15:29:00-04:00,14.37,14.37,14.32,14.34,8227.0,14.346
2026-05-05 15:30:00-04:00,14.33,14.34,14.32,14.32,6674.0,14.33
2026-05-05 15:31:00-04:00,14.33,14.33,14.31,14.32,5125.0,14.321
2026-05-05 15:32:00-04:00,14.32,14.34,14.32,14.33,4687.0,14.327
2026-05-05 15:33:00-04:00,14.33,14.33,14.32,14.32,2365.0,14.327
2026-05-05 15:34:00-04:00,14.32,14.33,14.3,14.3,5644.0,14.312
2026-05-05 15:35:00-04:00,14.3,14.32,14.3,14.31,6472.0,14.312
2026-05-05 15:36:00-04:00,14.32,14.33,14.31,14.32,1799.0,14.319
2026-05-05 15:37:00-04:00,14.33,14.33,14.31,14.31,4989.0,14.321
2026-05-05 15:38:00-04:00,14.31,14.32,14.3,14.3,3011.0,14.311
2026-05-05 15:39:00-04:00,14.3,14.31,14.28,14.28,8720.0,14.29
2026-05-05 15:40:00-04:00,14.28,14.32,14.28,14.31,7927.0,14.305
2026-05-05 15:41:00-04:00,14.32,14.32,14.32,14.32,4214.0,14.32
2026-05-05 15:42:00-04:00,14.32,14.33,14.31,14.32,13225.0,14.322
2026-05-05 15:43:00-04:00,14.31,14.32,14.3,14.3,19348.0,14.309
2026-05-05 15:44:00-04:00,14.3,14.32,14.3,14.31,8887.0,14.31
2026-05-05 15:45:00-04:00,14.32,14.33,14.31,14.32,1809.0,14.323
2026-05-05 15:46:00-04:00,14.32,14.33,14.32,14.32,2508.0,14.322
2026-05-05 15:47:00-04:00,14.32,14.33,14.3,14.32,10308.0,14.319
2026-05-05 15:48:00-04:00,14.32,14.35,14.32,14.35,16255.0,14.342
2026-05-05 15:49:00-04:00,14.34,14.35,14.33,14.35,11535.0,14.339
2026-05-05 15:50:00-04:00,14.35,14.36,14.34,14.35,5462.0,14.35
2026-05-05 15:51:00-04:00,14.35,14.39,14.35,14.38,11936.0,14.373
2026-05-05 15:52:00-04:00,14.38,14.39,14.37,14.38,9193.0,14.379
2026-05-05 15:53:00-04:00,14.37,14.38,14.36,14.37,29261.0,14.369
2026-05-05 15:54:00-04:00,14.38,14.38,14.35,14.36,13049.0,14.37
2026-05-05 15:55:00-04:00,14.34,14.37,14.33,14.37,26005.0,14.354
2026-05-05 15:56:00-04:00,14.37,14.39,14.36,14.38,18130.0,14.381
2026-05-05 15:57:00-04:00,14.38,14.39,14.38,14.38,23679.0,14.384
2026-05-05 15:58:00-04:00,14.38,14.39,14.35,14.35,65512.0,14.381
2026-05-05 15:59:00-04:00,14.35,14.37,14.31,14.31,60531.0,14.352
2026-05-06 09:30:00-04:00,14.44,14.48,14.36,14.39,26188.0,14.466
2026-05-06 09:31:00-04:00,14.37,14.51,14.36,14.42,6675.0,14.463
2026-05-06 09:32:00-04:00,14.46,14.47,14.38,14.39,6491.0,14.441
2026-05-06 09:33:00-04:00,14.43,14.44,14.35,14.43,6300.0,14.399
2026-05-06 09:34:00-04:00,14.43,14.48,14.41,14.43,3444.0,14.45
2026-05-06 09:35:00-04:00,14.41,14.45,14.41,14.45,8039.0,14.426
2026-05-06 09:36:00-04:00,14.44,14.44,14.4,14.4,5283.0,14.412
2026-05-06 09:37:00-04:00,14.39,14.4,14.37,14.38,1976.0,14.384
2026-05-06 09:38:00-04:00,14.37,14.4,14.35,14.37,3888.0,14.382
2026-05-06 09:39:00-04:00,14.35,14.4,14.34,14.34,6495.0,14.367
2026-05-06 09:40:00-04:00,14.36,14.42,14.36,14.38,6964.0,14.399
2026-05-06 09:41:00-04:00,14.37,14.39,14.34,14.36,22160.0,14.36
2026-05-06 09:42:00-04:00,14.35,14.38,14.33,14.36,8448.0,14.354
2026-05-06 09:43:00-04:00,14.35,14.35,14.33,14.33,10210.0,14.336
2026-05-06 09:44:00-04:00,14.34,14.36,14.33,14.36,6616.0,14.343
2026-05-06 09:45:00-04:00,14.41,14.41,14.27,14.27,17422.0,14.343
2026-05-06 09:46:00-04:00,14.29,14.29,14.23,14.24,5157.0,14.256
2026-05-06 09:47:00-04:00,14.24,14.28,14.23,14.28,6859.0,14.244
2026-05-06 09:48:00-04:00,14.28,14.3,14.24,14.25,14520.0,14.26
2026-05-06 09:49:00-04:00,14.25,14.29,14.25,14.29,4765.0,14.269
2026-05-06 09:50:00-04:00,14.28,14.3,14.27,14.27,4262.0,14.287
2026-05-06 09:51:00-04:00,14.25,14.25,14.23,14.24,3837.0,14.244
2026-05-06 09:52:00-04:00,14.24,14.25,14.23,14.23,19851.0,14.244
2026-05-06 09:53:00-04:00,14.23,14.27,14.23,14.27,5800.0,14.248
2026-05-06 09:54:00-04:00,14.27,14.29,14.24,14.29,5921.0,14.27
2026-05-06 09:55:00-04:00,14.29,14.32,14.29,14.32,12869.0,14.302
2026-05-06 09:56:00-04:00,14.3,14.31,14.29,14.31,2618.0,14.297
2026-05-06 09:57:00-04:00,14.3,14.31,14.28,14.28,5221.0,14.293
2026-05-06 09:58:00-04:00,14.27,14.31,14.26,14.29,8018.0,14.288
2026-05-06 09:59:00-04:00,14.3,14.31,14.27,14.29,7119.0,14.291
2026-05-06 10:00:00-04:00,14.29,14.32,14.28,14.29,4612.0,14.301
2026-05-06 10:01:00-04:00,14.29,14.31,14.28,14.3,4750.0,14.296
2026-05-06 10:02:00-04:00,14.3,14.31,14.29,14.29,3501.0,14.293
2026-05-06 10:03:00-04:00,14.29,14.3,14.28,14.28,2089.0,14.292
2026-05-06 10:04:00-04:00,14.29,14.3,14.27,14.27,9123.0,14.281
2026-05-06 10:05:00-04:00,14.28,14.32,14.28,14.31,1340.0,14.3
2026-05-06 10:06:00-04:00,14.31,14.32,14.3,14.32,1924.0,14.315
2026-05-06 10:07:00-04:00,14.32,14.37,14.32,14.36,6226.0,14.348
2026-05-06 10:08:00-04:00,14.37,14.38,14.37,14.38,1639.0,14.375
2026-05-06 10:09:00-04:00,14.39,14.43,14.38,14.43,1674.0,14.395
2026-05-06 10:10:00-04:00,14.43,14.44,14.42,14.43,3227.0,14.431
2026-05-06 10:11:00-04:00,14.42,14.43,14.42,14.43,3682.0,14.424
2026-05-06 10:12:00-04:00,14.44,14.49,14.43,14.48,5032.0,14.472
2026-05-06 10:13:00-04:00,14.47,14.48,14.46,14.46,3186.0,14.471
2026-05-06 10:14:00-04:00,14.46,14.47,14.45,14.46,1483.0,14.461
2026-05-06 10:15:00-04:00,14.45,14.45,14.43,14.44,7756.0,14.445
2026-05-06 10:16:00-04:00,14.44,14.45,14.44,14.44,2911.0,14.444
2026-05-06 10:17:00-04:00,14.46,14.47,14.45,14.47,2600.0,14.457
2026-05-06 10:18:00-04:00,14.48,14.48,14.45,14.45,1864.0,14.469
2026-05-06 10:19:00-04:00,14.45,14.49,14.45,14.48,2122.0,14.473
2026-05-06 10:20:00-04:00,14.5,14.5,14.47,14.49,13203.0,14.484
2026-05-06 10:21:00-04:00,14.49,14.49,14.48,14.48,3079.0,14.487
2026-05-06 10:22:00-04:00,14.49,14.5,14.48,14.5,3281.0,14.492
2026-05-06 10:23:00-04:00,14.49,14.51,14.49,14.5,1749.0,14.496
2026-05-06 10:24:00-04:00,14.5,14.53,14.49,14.53,8637.0,14.499
2026-05-06 10:25:00-04:00,14.54,14.54,14.53,14.54,4762.0,14.532
2026-05-06 10:26:00-04:00,14.55,14.55,14.53,14.53,3180.0,14.536
2026-05-06 10:27:00-04:00,14.52,14.53,14.51,14.51,1773.0,14.516
2026-05-06 10:28:00-04:00,14.52,14.52,14.51,14.51,2093.0,14.517
2026-05-06 10:29:00-04:00,14.51,14.53,14.47,14.48,6966.0,14.496
2026-05-06 10:30:00-04:00,14.49,14.51,14.47,14.47,3171.0,14.495
2026-05-06 10:31:00-04:00,14.46,14.47,14.45,14.45,3129.0,14.457
2026-05-06 10:32:00-04:00,14.45,14.47,14.45,14.46,2088.0,14.458
2026-05-06 10:33:00-04:00,14.46,14.48,14.46,14.48,606.0,14.472
2026-05-06 10:34:00-04:00,14.49,14.5,14.47,14.47,3577.0,14.492
2026-05-06 10:35:00-04:00,14.46,14.5,14.46,14.49,2466.0,14.478
2026-05-06 10:36:00-04:00,14.49,14.49,14.49,14.49,444.0,14.49
2026-05-06 10:37:00-04:00,14.48,14.49,14.45,14.46,54383.0,14.48
2026-05-06 10:38:00-04:00,14.46,14.48,14.45,14.47,1306.0,14.473
2026-05-06 10:39:00-04:00,14.48,14.48,14.47,14.47,1814.0,14.477
2026-05-06 10:40:00-04:00,14.47,14.48,14.41,14.41,6605.0,14.463
2026-05-06 10:41:00-04:00,14.42,14.42,14.37,14.37,38998.0,14.4
2026-05-06 10:42:00-04:00,14.37,14.37,14.34,14.35,2035.0,14.355
2026-05-06 10:43:00-04:00,14.35,14.35,14.34,14.34,4259.0,14.346
2026-05-06 10:44:00-04:00,14.34,14.38,14.34,14.35,14236.0,14.346
2026-05-06 10:45:00-04:00,14.35,14.42,14.34,14.4,19863.0,14.381
2026-05-06 10:46:00-04:00,14.39,14.4,14.38,14.38,1484.0,14.384
2026-05-06 10:47:00-04:00,14.37,14.39,14.36,14.36,4257.0,14.373
2026-05-06 10:48:00-04:00,14.36,14.37,14.35,14.36,11026.0,14.357
2026-05-06 10:49:00-04:00,14.37,14.38,14.34,14.34,2284.0,14.366
2026-05-06 10:50:00-04:00,14.35,14.35,14.34,14.34,1042.0,14.345
2026-05-06 10:51:00-04:00,14.35,14.35,14.34,14.35,806.0,14.349
2026-05-06 10:52:00-04:00,14.35,14.37,14.35,14.37,2201.0,14.359
2026-05-06 10:53:00-04:00,14.37,14.4,14.36,14.36,8986.0,14.378
2026-05-06 10:54:00-04:00,14.38,14.38,14.36,14.38,5084.0,14.376
2026-05-06 10:55:00-04:00,14.38,14.38,14.36,14.36,425.0,14.375
2026-05-06 10:56:00-04:00,14.37,14.38,14.36,14.37,7203.0,14.371
2026-05-06 10:57:00-04:00,14.37,14.37,14.36,14.37,899.0,14.366
2026-05-06 10:58:00-04:00,14.36,14.36,14.34,14.34,2250.0,14.35
2026-05-06 10:59:00-04:00,14.34,14.35,14.31,14.32,5377.0,14.337
2026-05-06 11:00:00-04:00,14.33,14.34,14.32,14.32,2450.0,14.33
2026-05-06 11:01:00-04:00,14.33,14.34,14.32,14.33,1411.0,14.329
2026-05-06 11:02:00-04:00,14.33,14.33,14.32,14.32,1579.0,14.327
2026-05-06 11:03:00-04:00,14.32,14.32,14.3,14.3,7074.0,14.316
2026-05-06 11:04:00-04:00,14.3,14.3,14.29,14.3,4009.0,14.297
2026-05-06 11:05:00-04:00,14.29,14.3,14.28,14.29,7979.0,14.291
2026-05-06 11:06:00-04:00,14.29,14.3,14.28,14.3,5470.0,14.294
2026-05-06 11:07:00-04:00,14.31,14.32,14.3,14.3,1581.0,14.305
2026-05-06 11:08:00-04:00,14.3,14.31,14.29,14.3,2681.0,14.3
2026-05-06 11:09:00-04:00,14.3,14.31,14.29,14.3,1667.0,14.299
2026-05-06 11:10:00-04:00,14.3,14.32,14.3,14.31,2409.0,14.31
2026-05-06 11:11:00-04:00,14.3,14.31,14.3,14.3,2950.0,14.301
2026-05-06 11:12:00-04:00,14.3,14.31,14.3,14.3,776.0,14.304
2026-05-06 11:13:00-04:00,14.3,14.3,14.29,14.3,1612.0,14.3
2026-05-06 11:14:00-04:00,14.3,14.3,14.29,14.29,1250.0,14.292
2026-05-06 11:15:00-04:00,14.29,14.29,14.28,14.29,2239.0,14.286
2026-05-06 11:16:00-04:00,14.29,14.31,14.29,14.31,1944.0,14.303
2026-05-06 11:17:00-04:00,14.3,14.33,14.3,14.32,2250.0,14.322
2026-05-06 11:18:00-04:00,14.32,14.32,14.3,14.3,750.0,14.313
2026-05-06 11:19:00-04:00,14.3,14.31,14.29,14.29,800.0,14.298
2026-05-06 11:20:00-04:00,14.29,14.31,14.27,14.28,5427.0,14.288
2026-05-06 11:21:00-04:00,14.27,14.29,14.26,14.29,10965.0,14.273
2026-05-06 11:22:00-04:00,14.27,14.27,14.26,14.26,3525.0,14.267
2026-05-06 11:23:00-04:00,14.27,14.28,14.26,14.28,3146.0,14.277
2026-05-06 11:24:00-04:00,14.27,14.29,14.27,14.28,3832.0,14.278
2026-05-06 11:25:00-04:00,14.27,14.28,14.27,14.28,8819.0,14.278
2026-05-06 11:26:00-04:00,14.28,14.28,14.22,14.24,19328.0,14.244
2026-05-06 11:27:00-04:00,14.24,14.26,14.23,14.24,10547.0,14.243
2026-05-06 11:28:00-04:00,14.25,14.26,14.25,14.26,2613.0,14.25
2026-05-06 11:29:00-04:00,14.25,14.25,14.23,14.23,3588.0,14.237
2026-05-06 11:30:00-04:00,14.23,14.25,14.23,14.24,2020.0,14.242
2026-05-06 11:31:00-04:00,14.25,14.26,14.23,14.24,11985.0,14.248
2026-05-06 11:32:00-04:00,14.24,14.25,14.23,14.23,1316.0,14.243
2026-05-06 11:33:00-04:00,14.23,14.25,14.23,14.23,2850.0,14.239
2026-05-06 11:34:00-04:00,14.24,14.24,14.23,14.23,1256.0,14.237
2026-05-06 11:35:00-04:00,14.23,14.25,14.23,14.25,7109.0,14.236
2026-05-06 11:36:00-04:00,14.25,14.26,14.25,14.25,1378.0,14.251
2026-05-06 11:37:00-04:00,14.25,14.25,14.22,14.23,2794.0,14.232
2026-05-06 11:38:00-04:00,14.23,14.24,14.21,14.21,2981.0,14.224
2026-05-06 11:39:00-04:00,14.21,14.22,14.21,14.22,3070.0,14.214
2026-05-06 11:40:00-04:00,14.22,14.22,14.21,14.22,907.0,14.218
2026-05-06 11:41:00-04:00,14.22,14.23,14.21,14.21,500.0,14.22
2026-05-06 11:42:00-04:00,14.22,14.23,14.22,14.23,589.0,14.225
2026-05-06 11:43:00-04:00,14.22,14.23,14.2,14.21,10099.0,14.22
2026-05-06 11:44:00-04:00,14.21,14.22,14.19,14.21,2014.0,14.201
2026-05-06 11:45:00-04:00,14.22,14.23,14.19,14.19,8260.0,14.198
2026-05-06 11:46:00-04:00,14.19,14.19,14.17,14.18,14560.0,14.181
2026-05-06 11:47:00-04:00,14.18,14.21,14.16,14.16,32237.0,14.18
2026-05-06 11:48:00-04:00,14.16,14.18,14.16,14.17,21318.0,14.172
2026-05-06 11:49:00-04:00,14.17,14.17,14.15,14.15,3899.0,14.165
2026-05-06 11:50:00-04:00,14.15,14.16,14.12,14.15,33220.0,14.136
2026-05-06 11:51:00-04:00,14.15,14.16,14.13,14.15,23328.0,14.144
2026-05-06 11:52:00-04:00,14.15,14.16,14.15,14.16,684.0,14.156
2026-05-06 11:53:00-04:00,14.15,14.16,14.1,14.12,27558.0,14.122
2026-05-06 11:54:00-04:00,14.13,14.15,14.12,14.13,6262.0,14.136
2026-05-06 11:55:00-04:00,14.14,14.14,14.13,14.13,849.0,14.136
2026-05-06 11:56:00-04:00,14.14,14.16,14.14,14.14,3437.0,14.149
2026-05-06 11:57:00-04:00,14.15,14.15,14.13,14.14,4279.0,14.141
2026-05-06 11:58:00-04:00,14.15,14.17,14.15,14.16,3333.0,14.157
2026-05-06 11:59:00-04:00,14.16,14.17,14.15,14.15,5671.0,14.164
2026-05-06 12:00:00-04:00,14.16,14.17,14.15,14.15,1000.0,14.161
2026-05-06 12:01:00-04:00,14.16,14.16,14.14,14.15,4794.0,14.149
2026-05-06 12:02:00-04:00,14.14,14.15,14.14,14.15,1849.0,14.149
2026-05-06 12:03:00-04:00,14.15,14.15,14.14,14.14,2035.0,14.147
2026-05-06 12:04:00-04:00,14.15,14.17,14.15,14.15,3901.0,14.155
2026-05-06 12:05:00-04:00,14.16,14.17,14.15,14.16,3032.0,14.153
2026-05-06 12:06:00-04:00,14.16,14.17,14.16,14.17,1085.0,14.164
2026-05-06 12:07:00-04:00,14.17,14.17,14.16,14.16,1700.0,14.165
2026-05-06 12:08:00-04:00,14.16,14.16,14.14,14.14,2287.0,14.151
2026-05-06 12:09:00-04:00,14.14,14.15,14.13,14.13,1715.0,14.14
2026-05-06 12:10:00-04:00,14.13,14.16,14.13,14.14,6351.0,14.14
2026-05-06 12:11:00-04:00,14.15,14.15,14.14,14.14,5886.0,14.142
2026-05-06 12:12:00-04:00,14.14,14.16,14.14,14.14,4295.0,14.149
2026-05-06 12:13:00-04:00,14.14,14.15,14.13,14.14,1632.0,14.142
2026-05-06 12:14:00-04:00,14.15,14.15,14.13,14.13,1282.0,14.144
2026-05-06 12:15:00-04:00,14.13,14.14,14.13,14.13,1007.0,14.131
2026-05-06 12:16:00-04:00,14.13,14.14,14.13,14.14,1448.0,14.132
2026-05-06 12:17:00-04:00,14.14,14.15,14.13,14.15,1459.0,14.142
2026-05-06 12:18:00-04:00,14.15,14.15,14.14,14.14,2322.0,14.144
2026-05-06 12:19:00-04:00,14.15,14.16,14.15,14.16,2203.0,14.158
2026-05-06 12:20:00-04:00,14.15,14.15,14.14,14.15,2887.0,14.146
2026-05-06 12:21:00-04:00,14.16,14.19,14.16,14.18,4337.0,14.173
2026-05-06 12:22:00-04:00,14.19,14.19,14.17,14.17,2332.0,14.173
2026-05-06 12:23:00-04:00,14.17,14.18,14.17,14.17,800.0,14.172
2026-05-06 12:24:00-04:00,14.17,14.18,14.16,14.17,1900.0,14.169
2026-05-06 12:25:00-04:00,14.16,14.18,14.16,14.18,4089.0,14.165
2026-05-06 12:26:00-04:00,14.18,14.18,14.16,14.17,2320.0,14.17
2026-05-06 12:27:00-04:00,14.17,14.17,14.16,14.17,3160.0,14.167
2026-05-06 12:28:00-04:00,14.18,14.19,14.18,14.18,932.0,14.182
2026-05-06 12:29:00-04:00,14.18,14.19,14.18,14.19,3700.0,14.186
2026-05-06 12:30:00-04:00,14.18,14.19,14.18,14.18,1010.0,14.184
2026-05-06 12:31:00-04:00,14.17,14.17,14.16,14.16,723.0,14.169
2026-05-06 12:32:00-04:00,14.16,14.17,14.16,14.17,641.0,14.167
2026-05-06 12:33:00-04:00,14.16,14.17,14.16,14.17,1800.0,14.168
2026-05-06 12:34:00-04:00,14.15,14.16,14.15,14.15,1550.0,14.154
2026-05-06 12:35:00-04:00,14.15,14.15,14.13,14.13,1737.0,14.141
2026-05-06 12:36:00-04:00,14.13,14.14,14.12,14.13,702.0,14.129
2026-05-06 12:37:00-04:00,14.13,14.13,14.13,14.13,0.0,14.13
2026-05-06 12:38:00-04:00,14.14,14.15,14.14,14.15,2894.0,14.143
2026-05-06 12:39:00-04:00,14.15,14.15,14.15,14.15,0.0,14.15
2026-05-06 12:40:00-04:00,14.15,14.16,14.15,14.15,1168.0,14.152
2026-05-06 12:41:00-04:00,14.15,14.17,14.15,14.17,900.0,14.156
2026-05-06 12:42:00-04:00,14.16,14.16,14.15,14.16,1600.0,14.153
2026-05-06 12:43:00-04:00,14.15,14.16,14.15,14.15,1851.0,14.153
2026-05-06 12:44:00-04:00,14.15,14.15,14.11,14.12,6233.0,14.133
2026-05-06 12:45:00-04:00,14.11,14.11,14.08,14.08,36351.0,14.093
2026-05-06 12:46:00-04:00,14.09,14.1,14.08,14.08,4046.0,14.084
2026-05-06 12:47:00-04:00,14.08,14.08,14.06,14.07,2900.0,14.072
2026-05-06 12:48:00-04:00,14.07,14.1,14.07,14.09,3241.0,14.079
2026-05-06 12:49:00-04:00,14.09,14.1,14.08,14.08,3972.0,14.089
2026-05-06 12:50:00-04:00,14.09,14.1,14.09,14.09,1383.0,14.096
2026-05-06 12:51:00-04:00,14.09,14.12,14.09,14.12,2398.0,14.104
2026-05-06 12:52:00-04:00,14.1,14.11,14.1,14.1,1005.0,14.108
2026-05-06 12:53:00-04:00,14.1,14.11,14.1,14.11,1200.0,14.107
2026-05-06 12:54:00-04:00,14.11,14.11,14.08,14.08,2494.0,14.096
2026-05-06 12:55:00-04:00,14.08,14.12,14.08,14.12,16071.0,14.11
2026-05-06 12:56:00-04:00,14.12,14.14,14.12,14.14,800.0,14.123
2026-05-06 12:57:00-04:00,14.13,14.14,14.12,14.13,2241.0,14.136
2026-05-06 12:58:00-04:00,14.13,14.15,14.12,14.14,3104.0,14.136
2026-05-06 12:59:00-04:00,14.15,14.16,14.14,14.16,1368.0,14.152
2026-05-06 13:00:00-04:00,14.17,14.17,14.16,14.16,985.0,14.162
2026-05-06 13:01:00-04:00,14.17,14.17,14.16,14.17,1100.0,14.169
2026-05-06 13:02:00-04:00,14.17,14.18,14.17,14.17,3351.0,14.177
2026-05-06 13:03:00-04:00,14.17,14.18,14.17,14.17,3797.0,14.178
2026-05-06 13:04:00-04:00,14.17,14.17,14.16,14.16,1000.0,14.167
2026-05-06 13:05:00-04:00,14.16,14.18,14.16,14.17,2993.0,14.168
2026-05-06 13:06:00-04:00,14.17,14.17,14.16,14.16,500.0,14.169
2026-05-06 13:07:00-04:00,14.16,14.17,14.16,14.16,1405.0,14.169
2026-05-06 13:08:00-04:00,14.16,14.16,14.15,14.15,3000.0,14.154
2026-05-06 13:09:00-04:00,14.15,14.16,14.15,14.15,1166.0,14.153
2026-05-06 13:10:00-04:00,14.15,14.16,14.15,14.15,1589.0,14.152
2026-05-06 13:11:00-04:00,14.15,14.16,14.15,14.15,736.0,14.156
2026-05-06 13:12:00-04:00,14.15,14.17,14.15,14.16,1715.0,14.16
2026-05-06 13:13:00-04:00,14.17,14.18,14.17,14.18,400.0,14.173
2026-05-06 13:14:00-04:00,14.17,14.19,14.17,14.17,5167.0,14.181
2026-05-06 13:15:00-04:00,14.17,14.18,14.16,14.16,1900.0,14.173
2026-05-06 13:16:00-04:00,14.15,14.17,14.15,14.16,2077.0,14.158
2026-05-06 13:17:00-04:00,14.15,14.16,14.13,14.14,3900.0,14.147
2026-05-06 13:18:00-04:00,14.14,14.15,14.13,14.14,700.0,14.143
2026-05-06 13:19:00-04:00,14.14,14.17,14.14,14.17,2874.0,14.158
2026-05-06 13:20:00-04:00,14.18,14.18,14.18,14.18,380.0,14.18
2026-05-06 13:21:00-04:00,14.16,14.17,14.16,14.17,2798.0,14.163
2026-05-06 13:22:00-04:00,14.18,14.18,14.16,14.17,2510.0,14.168
2026-05-06 13:23:00-04:00,14.18,14.19,14.17,14.19,5744.0,14.184
2026-05-06 13:24:00-04:00,14.19,14.19,14.18,14.19,2500.0,14.189
2026-05-06 13:25:00-04:00,14.18,14.2,14.18,14.19,2571.0,14.183
2026-05-06 13:26:00-04:00,14.19,14.2,14.18,14.18,1234.0,14.19
2026-05-06 13:27:00-04:00,14.18,14.19,14.18,14.19,1981.0,14.188
2026-05-06 13:28:00-04:00,14.18,14.2,14.18,14.19,3726.0,14.188
2026-05-06 13:29:00-04:00,14.19,14.19,14.17,14.18,1834.0,14.181
2026-05-06 13:30:00-04:00,14.18,14.19,14.18,14.18,700.0,14.185
2026-05-06 13:31:00-04:00,14.18,14.18,14.16,14.16,1300.0,14.171
2026-05-06 13:32:00-04:00,14.16,14.17,14.16,14.16,5009.0,14.165
2026-05-06 13:33:00-04:00,14.16,14.16,14.16,14.16,0.0,14.16
2026-05-06 13:34:00-04:00,14.16,14.17,14.16,14.17,315.0,14.166
2026-05-06 13:35:00-04:00,14.17,14.17,14.17,14.17,410.0,14.17
2026-05-06 13:36:00-04:00,14.17,14.17,14.17,14.17,328.0,14.17
2026-05-06 13:37:00-04:00,14.18,14.18,14.17,14.18,500.0,14.177
2026-05-06 13:38:00-04:00,14.18,14.19,14.18,14.18,840.0,14.181
2026-05-06 13:39:00-04:00,14.18,14.18,14.15,14.15,5670.0,14.167
2026-05-06 13:40:00-04:00,14.15,14.16,14.15,14.15,300.0,14.153
2026-05-06 13:41:00-04:00,14.15,14.17,14.15,14.16,1177.0,14.16
2026-05-06 13:42:00-04:00,14.16,14.17,14.16,14.16,241.0,14.165
2026-05-06 13:43:00-04:00,14.17,14.18,14.17,14.18,400.0,14.175
2026-05-06 13:44:00-04:00,14.18,14.18,14.17,14.18,1000.0,14.179
2026-05-06 13:45:00-04:00,14.18,14.18,14.18,14.18,1450.0,14.18
2026-05-06 13:46:00-04:00,14.18,14.2,14.18,14.19,9791.0,14.191
2026-05-06 13:47:00-04:00,14.19,14.19,14.18,14.19,2050.0,14.188
2026-05-06 13:48:00-04:00,14.19,14.2,14.19,14.19,3707.0,14.191
2026-05-06 13:49:00-04:00,14.18,14.2,14.18,14.19,1906.0,14.193
2026-05-06 13:50:00-04:00,14.19,14.2,14.19,14.19,186.0,14.195
2026-05-06 13:51:00-04:00,14.19,14.2,14.19,14.19,1500.0,14.191
2026-05-06 13:52:00-04:00,14.19,14.2,14.19,14.19,290.0,14.195
2026-05-06 13:53:00-04:00,14.19,14.2,14.19,14.19,300.0,14.194
2026-05-06 13:54:00-04:00,14.19,14.2,14.19,14.19,500.0,14.194
2026-05-06 13:55:00-04:00,14.19,14.2,14.18,14.19,11175.0,14.191
2026-05-06 13:56:00-04:00,14.18,14.19,14.18,14.18,650.0,14.187
2026-05-06 13:57:00-04:00,14.18,14.19,14.18,14.18,1800.0,14.184
2026-05-06 13:58:00-04:00,14.19,14.19,14.16,14.16,5626.0,14.177
2026-05-06 13:59:00-04:00,14.16,14.17,14.13,14.13,5791.0,14.146
2026-05-06 14:00:00-04:00,14.13,14.14,14.11,14.12,10434.0,14.13
2026-05-06 14:01:00-04:00,14.12,14.13,14.09,14.09,7383.0,14.106
2026-05-06 14:02:00-04:00,14.09,14.1,14.08,14.09,2600.0,14.091
2026-05-06 14:03:00-04:00,14.08,14.09,14.08,14.08,2297.0,14.088
2026-05-06 14:04:00-04:00,14.09,14.1,14.08,14.09,10121.0,14.091
2026-05-06 14:05:00-04:00,14.1,14.12,14.1,14.12,903.0,14.108
2026-05-06 14:06:00-04:00,14.11,14.12,14.1,14.12,2977.0,14.112
2026-05-06 14:07:00-04:00,14.12,14.13,14.11,14.12,4916.0,14.12
2026-05-06 14:08:00-04:00,14.12,14.12,14.09,14.1,16200.0,14.1
2026-05-06 14:09:00-04:00,14.09,14.1,14.09,14.1,3878.0,14.097
2026-05-06 14:10:00-04:00,14.1,14.12,14.1,14.12,2014.0,14.11
2026-05-06 14:11:00-04:00,14.12,14.12,14.11,14.12,1300.0,14.116
2026-05-06 14:12:00-04:00,14.11,14.12,14.1,14.1,1914.0,14.11
2026-05-06 14:13:00-04:00,14.1,14.11,14.09,14.11,4650.0,14.103
2026-05-06 14:14:00-04:00,14.12,14.12,14.11,14.12,1068.0,14.12
2026-05-06 14:15:00-04:00,14.12,14.12,14.11,14.12,2100.0,14.115
2026-05-06 14:16:00-04:00,14.12,14.12,14.11,14.11,329.0,14.115
2026-05-06 14:17:00-04:00,14.12,14.12,14.11,14.12,2589.0,14.118
2026-05-06 14:18:00-04:00,14.12,14.12,14.11,14.12,4433.0,14.118
2026-05-06 14:19:00-04:00,14.12,14.13,14.12,14.13,1860.0,14.121
2026-05-06 14:20:00-04:00,14.13,14.13,14.12,14.13,1636.0,14.126
2026-05-06 14:21:00-04:00,14.13,14.14,14.12,14.13,1380.0,14.132
2026-05-06 14:22:00-04:00,14.13,14.14,14.13,14.14,1041.0,14.137
2026-05-06 14:23:00-04:00,14.14,14.14,14.13,14.13,2844.0,14.139
2026-05-06 14:24:00-04:00,14.13,14.13,14.12,14.13,2220.0,14.13
2026-05-06 14:25:00-04:00,14.13,14.13,14.13,14.13,0.0,14.13
2026-05-06 14:26:00-04:00,14.13,14.14,14.13,14.13,1678.0,14.137
2026-05-06 14:27:00-04:00,14.13,14.14,14.13,14.13,6100.0,14.135
2026-05-06 14:28:00-04:00,14.13,14.15,14.13,14.14,1917.0,14.139
2026-05-06 14:29:00-04:00,14.15,14.15,14.14,14.15,1000.0,14.149
2026-05-06 14:30:00-04:00,14.14,14.15,14.13,14.14,5647.0,14.137
2026-05-06 14:31:00-04:00,14.13,14.14,14.13,14.13,1364.0,14.136
2026-05-06 14:32:00-04:00,14.13,14.13,14.13,14.13,0.0,14.13
2026-05-06 14:33:00-04:00,14.14,14.14,14.13,14.13,5143.0,14.135
2026-05-06 14:34:00-04:00,14.13,14.13,14.12,14.13,11582.0,14.129
2026-05-06 14:35:00-04:00,14.13,14.15,14.12,14.14,10600.0,14.131
2026-05-06 14:36:00-04:00,14.14,14.15,14.14,14.14,100.0,14.145
2026-05-06 14:37:00-04:00,14.15,14.17,14.15,14.16,3473.0,14.157
2026-05-06 14:38:00-04:00,14.16,14.16,14.15,14.15,1900.0,14.159
2026-05-06 14:39:00-04:00,14.15,14.16,14.13,14.13,3244.0,14.144
2026-05-06 14:40:00-04:00,14.13,14.13,14.13,14.13,0.0,14.13
2026-05-06 14:41:00-04:00,14.13,14.13,14.13,14.13,0.0,14.13
2026-05-06 14:42:00-04:00,14.13,14.15,14.13,14.14,2472.0,14.142
2026-05-06 14:43:00-04:00,14.14,14.16,14.14,14.15,2857.0,14.149
2026-05-06 14:44:00-04:00,14.16,14.16,14.13,14.13,5123.0,14.144
2026-05-06 14:45:00-04:00,14.13,14.14,14.12,14.13,2050.0,14.13
2026-05-06 14:46:00-04:00,14.14,14.16,14.14,14.16,1117.0,14.148
2026-05-06 14:47:00-04:00,14.15,14.15,14.15,14.15,145.0,14.15
2026-05-06 14:48:00-04:00,14.15,14.16,14.14,14.14,1925.0,14.151
2026-05-06 14:49:00-04:00,14.14,14.15,14.14,14.14,3300.0,14.143
2026-05-06 14:50:00-04:00,14.13,14.14,14.13,14.13,1610.0,14.134
2026-05-06 14:51:00-04:00,14.14,14.15,14.14,14.14,2200.0,14.145
2026-05-06 14:52:00-04:00,14.14,14.16,14.14,14.16,3800.0,14.146
2026-05-06 14:53:00-04:00,14.15,14.15,14.15,14.15,1436.0,14.15
2026-05-06 14:54:00-04:00,14.15,14.16,14.15,14.15,11720.0,14.157
2026-05-06 14:55:00-04:00,14.15,14.16,14.15,14.15,1400.0,14.155
2026-05-06 14:56:00-04:00,14.16,14.17,14.16,14.17,4128.0,14.164
2026-05-06 14:57:00-04:00,14.17,14.18,14.17,14.17,4105.0,14.176
2026-05-06 14:58:00-04:00,14.17,14.18,14.16,14.17,13699.0,14.169
2026-05-06 14:59:00-04:00,14.18,14.19,14.17,14.19,6547.0,14.178
2026-05-06 15:00:00-04:00,14.18,14.22,14.18,14.22,15645.0,14.201
2026-05-06 15:01:00-04:00,14.21,14.22,14.21,14.22,1506.0,14.216
2026-05-06 15:02:00-04:00,14.21,14.22,14.2,14.21,4000.0,14.208
2026-05-06 15:03:00-04:00,14.21,14.22,14.2,14.22,5876.0,14.208
2026-05-06 15:04:00-04:00,14.21,14.22,14.21,14.21,2032.0,14.215
2026-05-06 15:05:00-04:00,14.22,14.24,14.21,14.23,3950.0,14.227
2026-05-06 15:06:00-04:00,14.24,14.26,14.23,14.25,4233.0,14.249
2026-05-06 15:07:00-04:00,14.25,14.26,14.25,14.25,30191.0,14.26
2026-05-06 15:08:00-04:00,14.25,14.26,14.25,14.26,1639.0,14.253
2026-05-06 15:09:00-04:00,14.26,14.27,14.25,14.27,8013.0,14.261
2026-05-06 15:10:00-04:00,14.26,14.29,14.26,14.27,5315.0,14.273
2026-05-06 15:11:00-04:00,14.27,14.28,14.26,14.27,10532.0,14.271
2026-05-06 15:12:00-04:00,14.27,14.27,14.26,14.26,600.0,14.266
2026-05-06 15:13:00-04:00,14.26,14.26,14.25,14.25,3077.0,14.259
2026-05-06 15:14:00-04:00,14.25,14.27,14.25,14.26,4154.0,14.259
2026-05-06 15:15:00-04:00,14.26,14.27,14.26,14.26,750.0,14.265
2026-05-06 15:16:00-04:00,14.27,14.28,14.26,14.27,1220.0,14.271
2026-05-06 15:17:00-04:00,14.27,14.29,14.27,14.28,3602.0,14.281
2026-05-06 15:18:00-04:00,14.29,14.31,14.28,14.31,4184.0,14.299
2026-05-06 15:19:00-04:00,14.3,14.32,14.29,14.31,10429.0,14.305
2026-05-06 15:20:00-04:00,14.31,14.33,14.31,14.32,3637.0,14.321
2026-05-06 15:21:00-04:00,14.32,14.34,14.32,14.33,5389.0,14.333
2026-05-06 15:22:00-04:00,14.32,14.33,14.32,14.32,646.0,14.324
2026-05-06 15:23:00-04:00,14.33,14.35,14.32,14.33,4603.0,14.334
2026-05-06 15:24:00-04:00,14.33,14.35,14.33,14.33,2584.0,14.338
2026-05-06 15:25:00-04:00,14.34,14.35,14.33,14.34,7472.0,14.34
2026-05-06 15:26:00-04:00,14.33,14.34,14.32,14.32,2028.0,14.329
2026-05-06 15:27:00-04:00,14.32,14.34,14.31,14.33,9044.0,14.323
2026-05-06 15:28:00-04:00,14.33,14.34,14.32,14.32,7494.0,14.33
2026-05-06 15:29:00-04:00,14.32,14.33,14.31,14.31,1601.0,14.318
2026-05-06 15:30:00-04:00,14.32,14.34,14.32,14.33,5634.0,14.33
2026-05-06 15:31:00-04:00,14.33,14.34,14.32,14.32,4826.0,14.33
2026-05-06 15:32:00-04:00,14.33,14.35,14.33,14.34,5707.0,14.334
2026-05-06 15:33:00-04:00,14.34,14.36,14.34,14.34,4517.0,14.349
2026-05-06 15:34:00-04:00,14.34,14.35,14.34,14.35,3116.0,14.349
2026-05-06 15:35:00-04:00,14.34,14.35,14.34,14.35,2335.0,14.346
2026-05-06 15:36:00-04:00,14.34,14.36,14.34,14.36,2904.0,14.35
2026-05-06 15:37:00-04:00,14.36,14.36,14.34,14.34,7368.0,14.351
2026-05-06 15:38:00-04:00,14.34,14.36,14.34,14.35,3765.0,14.353
2026-05-06 15:39:00-04:00,14.35,14.36,14.35,14.36,2621.0,14.358
2026-05-06 15:40:00-04:00,14.37,14.39,14.36,14.38,3531.0,14.37
2026-05-06 15:41:00-04:00,14.38,14.39,14.36,14.37,14346.0,14.368
2026-05-06 15:42:00-04:00,14.36,14.37,14.36,14.37,7082.0,14.367
2026-05-06 15:43:00-04:00,14.37,14.37,14.35,14.35,12597.0,14.359
2026-05-06 15:44:00-04:00,14.35,14.38,14.35,14.37,17974.0,14.363
2026-05-06 15:45:00-04:00,14.36,14.36,14.34,14.35,5470.0,14.35
2026-05-06 15:46:00-04:00,14.34,14.35,14.32,14.34,23820.0,14.333
2026-05-06 15:47:00-04:00,14.33,14.35,14.33,14.34,13046.0,14.346
2026-05-06 15:48:00-04:00,14.35,14.35,14.34,14.35,2528.0,14.343
2026-05-06 15:49:00-04:00,14.34,14.34,14.31,14.31,11992.0,14.328
2026-05-06 15:50:00-04:00,14.31,14.34,14.31,14.34,14851.0,14.328
2026-05-06 15:51:00-04:00,14.34,14.35,14.34,14.35,7415.0,14.348
2026-05-06 15:52:00-04:00,14.35,14.36,14.34,14.34,12835.0,14.345
2026-05-06 15:53:00-04:00,14.34,14.35,14.34,14.34,15334.0,14.348
2026-05-06 15:54:00-04:00,14.34,14.35,14.31,14.31,21547.0,14.334
2026-05-06 15:55:00-04:00,14.31,14.32,14.28,14.29,19721.0,14.306
2026-05-06 15:56:00-04:00,14.28,14.3,14.26,14.29,43385.0,14.281
2026-05-06 15:57:00-04:00,14.29,14.29,14.28,14.29,28544.0,14.284
2026-05-06 15:58:00-04:00,14.29,14.29,14.26,14.26,80239.0,14.278
2026-05-06 15:59:00-04:00,14.26,14.3,14.26,14.3,66450.0,14.276
2026-05-07 09:30:00-04:00,14.49,14.66,14.49,14.58,37391.0,14.553
2026-05-07 09:31:00-04:00,14.57,14.64,14.5,14.56,10725.0,14.581
2026-05-07 09:32:00-04:00,14.51,14.55,14.46,14.46,4542.0,14.507
2026-05-07 09:33:00-04:00,14.5,14.58,14.5,14.54,12982.0,14.556
2026-05-07 09:34:00-04:00,14.54,14.6,14.51,14.51,2657.0,14.565
2026-05-07 09:35:00-04:00,14.53,14.58,14.51,14.56,7506.0,14.551
2026-05-07 09:36:00-04:00,14.58,14.63,14.55,14.63,11097.0,14.585
2026-05-07 09:37:00-04:00,14.63,14.65,14.61,14.63,23624.0,14.638
2026-05-07 09:38:00-04:00,14.62,14.64,14.6,14.63,7825.0,14.627
2026-05-07 09:39:00-04:00,14.63,14.66,14.61,14.64,10794.0,14.643
2026-05-07 09:40:00-04:00,14.64,14.72,14.64,14.7,10102.0,14.686
2026-05-07 09:41:00-04:00,14.71,14.71,14.64,14.7,11960.0,14.673
2026-05-07 09:42:00-04:00,14.7,14.72,14.69,14.72,7496.0,14.707
2026-05-07 09:43:00-04:00,14.72,14.75,14.71,14.74,21106.0,14.735
2026-05-07 09:44:00-04:00,14.73,14.77,14.72,14.75,7722.0,14.743
2026-05-07 09:45:00-04:00,14.74,14.77,14.69,14.69,9194.0,14.729
2026-05-07 09:46:00-04:00,14.7,14.73,14.69,14.7,7221.0,14.704
2026-05-07 09:47:00-04:00,14.69,14.69,14.65,14.67,4841.0,14.664
2026-05-07 09:48:00-04:00,14.67,14.88,14.67,14.88,89191.0,14.815
2026-05-07 09:49:00-04:00,14.86,14.89,14.85,14.86,7957.0,14.869
2026-05-07 09:50:00-04:00,14.84,14.85,14.8,14.8,22029.0,14.804
2026-05-07 09:51:00-04:00,14.8,14.83,14.8,14.82,9805.0,14.81
2026-05-07 09:52:00-04:00,14.83,14.84,14.83,14.84,2659.0,14.836
2026-05-07 09:53:00-04:00,14.83,14.83,14.81,14.81,2365.0,14.821
2026-05-07 09:54:00-04:00,14.8,14.83,14.8,14.8,13679.0,14.818
2026-05-07 09:55:00-04:00,14.8,14.83,14.8,14.82,35307.0,14.803
2026-05-07 09:56:00-04:00,14.82,14.84,14.8,14.81,4925.0,14.823
2026-05-07 09:57:00-04:00,14.81,14.81,14.79,14.79,7896.0,14.805
2026-05-07 09:58:00-04:00,14.79,14.8,14.75,14.77,8337.0,14.775
2026-05-07 09:59:00-04:00,14.76,14.76,14.71,14.71,6362.0,14.727
2026-05-07 10:00:00-04:00,14.71,14.74,14.7,14.71,4950.0,14.725
2026-05-07 10:01:00-04:00,14.71,14.71,14.66,14.67,4387.0,14.679
2026-05-07 10:02:00-04:00,14.68,14.7,14.68,14.69,3005.0,14.69
2026-05-07 10:03:00-04:00,14.69,14.7,14.67,14.69,9220.0,14.684
2026-05-07 10:04:00-04:00,14.69,14.7,14.68,14.69,5700.0,14.687
2026-05-07 10:05:00-04:00,14.7,14.71,14.69,14.7,5981.0,14.702
2026-05-07 10:06:00-04:00,14.7,14.72,14.7,14.72,860.0,14.711
2026-05-07 10:07:00-04:00,14.72,14.74,14.72,14.72,3099.0,14.724
2026-05-07 10:08:00-04:00,14.72,14.74,14.72,14.74,3050.0,14.733
2026-05-07 10:09:00-04:00,14.75,14.76,14.74,14.75,3280.0,14.749
2026-05-07 10:10:00-04:00,14.75,14.8,14.74,14.79,12127.0,14.755
2026-05-07 10:11:00-04:00,14.79,14.79,14.78,14.78,1569.0,14.781
2026-05-07 10:12:00-04:00,14.78,14.82,14.77,14.77,23001.0,14.8
2026-05-07 10:13:00-04:00,14.77,14.77,14.76,14.76,2136.0,14.764
2026-05-07 10:14:00-04:00,14.77,14.77,14.73,14.73,8403.0,14.749
2026-05-07 10:15:00-04:00,14.74,14.75,14.71,14.71,6621.0,14.735
2026-05-07 10:16:00-04:00,14.71,14.71,14.66,14.66,2250.0,14.683
2026-05-07 10:17:00-04:00,14.67,14.72,14.67,14.67,12639.0,14.692
2026-05-07 10:18:00-04:00,14.67,14.71,14.67,14.7,4299.0,14.686
2026-05-07 10:19:00-04:00,14.71,14.73,14.69,14.69,3447.0,14.704
2026-05-07 10:20:00-04:00,14.7,14.74,14.7,14.73,12311.0,14.714
2026-05-07 10:21:00-04:00,14.74,14.74,14.72,14.72,3050.0,14.723
2026-05-07 10:22:00-04:00,14.71,14.72,14.7,14.71,2360.0,14.709
2026-05-07 10:23:00-04:00,14.71,14.71,14.66,14.66,17589.0,14.679
2026-05-07 10:24:00-04:00,14.66,14.68,14.66,14.67,2464.0,14.676
2026-05-07 10:25:00-04:00,14.67,14.68,14.64,14.67,5204.0,14.662
2026-05-07 10:26:00-04:00,14.66,14.68,14.62,14.62,35104.0,14.645
2026-05-07 10:27:00-04:00,14.63,14.65,14.62,14.65,5592.0,14.636
2026-05-07 10:28:00-04:00,14.64,14.69,14.64,14.69,4047.0,14.66
2026-05-07 10:29:00-04:00,14.68,14.68,14.67,14.67,1958.0,14.675
2026-05-07 10:30:00-04:00,14.67,14.67,14.65,14.67,2908.0,14.664
2026-05-07 10:31:00-04:00,14.67,14.7,14.67,14.69,5002.0,14.686
2026-05-07 10:32:00-04:00,14.69,14.69,14.68,14.69,2795.0,14.688
2026-05-07 10:33:00-04:00,14.68,14.7,14.68,14.68,3000.0,14.69
2026-05-07 10:34:00-04:00,14.68,14.7,14.67,14.69,5057.0,14.683
2026-05-07 10:35:00-04:00,14.69,14.7,14.68,14.69,2848.0,14.692
2026-05-07 10:36:00-04:00,14.69,14.7,14.67,14.68,2420.0,14.684
2026-05-07 10:37:00-04:00,14.69,14.7,14.67,14.67,5315.0,14.68
2026-05-07 10:38:00-04:00,14.67,14.68,14.66,14.67,4816.0,14.669
2026-05-07 10:39:00-04:00,14.67,14.68,14.66,14.67,8151.0,14.676
2026-05-07 10:40:00-04:00,14.67,14.71,14.67,14.69,9270.0,14.683
2026-05-07 10:41:00-04:00,14.69,14.69,14.67,14.67,8969.0,14.684
2026-05-07 10:42:00-04:00,14.66,14.67,14.64,14.64,8668.0,14.652
2026-05-07 10:43:00-04:00,14.64,14.65,14.63,14.64,2854.0,14.639
2026-05-07 10:44:00-04:00,14.65,14.66,14.64,14.64,3414.0,14.652
2026-05-07 10:45:00-04:00,14.64,14.67,14.64,14.67,5468.0,14.653
2026-05-07 10:46:00-04:00,14.68,14.69,14.67,14.69,2500.0,14.681
2026-05-07 10:47:00-04:00,14.69,14.69,14.68,14.68,2066.0,14.683
2026-05-07 10:48:00-04:00,14.68,14.75,14.68,14.74,26082.0,14.705
2026-05-07 10:49:00-04:00,14.75,14.75,14.69,14.74,55121.0,14.721
2026-05-07 10:50:00-04:00,14.74,14.79,14.74,14.77,58964.0,14.757
2026-05-07 10:51:00-04:00,14.78,14.85,14.78,14.85,10959.0,14.815
2026-05-07 10:52:00-04:00,14.87,14.88,14.86,14.88,2611.0,14.865
2026-05-07 10:53:00-04:00,14.88,14.9,14.87,14.88,5414.0,14.885
2026-05-07 10:54:00-04:00,14.89,14.97,14.88,14.95,44044.0,14.921
2026-05-07 10:55:00-04:00,14.94,15.04,14.94,15.01,63044.0,14.995
2026-05-07 10:56:00-04:00,15.01,15.03,15.0,15.03,14197.0,15.008
2026-05-07 10:57:00-04:00,15.04,15.04,14.99,15.0,9047.0,15.018
2026-05-07 10:58:00-04:00,15.0,15.0,14.93,14.94,29304.0,14.99
2026-05-07 10:59:00-04:00,14.93,14.94,14.9,14.9,6752.0,14.923
2026-05-07 11:00:00-04:00,14.9,14.91,14.87,14.88,6544.0,14.891
2026-05-07 11:01:00-04:00,14.88,14.88,14.85,14.85,5375.0,14.857
2026-05-07 11:02:00-04:00,14.85,14.89,14.85,14.88,14072.0,14.88
2026-05-07 11:03:00-04:00,14.88,14.91,14.88,14.9,9753.0,14.895
2026-05-07 11:04:00-04:00,14.89,14.89,14.86,14.86,15559.0,14.872
2026-05-07 11:05:00-04:00,14.87,14.88,14.86,14.86,3123.0,14.87
2026-05-07 11:06:00-04:00,14.87,14.88,14.86,14.88,1300.0,14.865
2026-05-07 11:07:00-04:00,14.87,14.95,14.86,14.95,14547.0,14.913
2026-05-07 11:08:00-04:00,14.97,15.0,14.96,14.96,10273.0,14.98
2026-05-07 11:09:00-04:00,14.98,14.98,14.97,14.97,3705.0,14.977
2026-05-07 11:10:00-04:00,14.96,14.99,14.96,14.99,3979.0,14.975
2026-05-07 11:11:00-04:00,14.98,15.01,14.98,14.99,17281.0,14.998
2026-05-07 11:12:00-04:00,14.99,15.0,14.95,14.96,27852.0,14.972
2026-05-07 11:13:00-04:00,14.96,14.99,14.91,14.91,14854.0,14.962
2026-05-07 11:14:00-04:00,14.91,14.93,14.91,14.93,4179.0,14.923
2026-05-07 11:15:00-04:00,14.93,14.94,14.91,14.93,8678.0,14.928
2026-05-07 11:16:00-04:00,14.93,14.99,14.93,14.99,4994.0,14.973
2026-05-07 11:17:00-04:00,14.97,15.0,14.95,14.96,8396.0,14.979
2026-05-07 11:18:00-04:00,14.95,14.96,14.93,14.94,12849.0,14.949
2026-05-07 11:19:00-04:00,14.93,14.96,14.93,14.94,6315.0,14.953
2026-05-07 11:20:00-04:00,14.94,14.95,14.93,14.93,1073.0,14.94
2026-05-07 11:21:00-04:00,14.93,14.94,14.9,14.9,8359.0,14.92
2026-05-07 11:22:00-04:00,14.91,14.91,14.9,14.91,4737.0,14.903
2026-05-07 11:23:00-04:00,14.9,14.99,14.9,14.97,9957.0,14.942
2026-05-07 11:24:00-04:00,14.97,14.98,14.94,14.94,5366.0,14.957
2026-05-07 11:25:00-04:00,14.93,14.94,14.93,14.94,1877.0,14.938
2026-05-07 11:26:00-04:00,14.94,14.94,14.9,14.9,2376.0,14.919
2026-05-07 11:27:00-04:00,14.91,14.93,14.9,14.92,3398.0,14.914
2026-05-07 11:28:00-04:00,14.92,14.92,14.88,14.89,5657.0,14.893
2026-05-07 11:29:00-04:00,14.91,14.92,14.91,14.91,226.0,14.912
2026-05-07 11:30:00-04:00,14.92,14.93,14.9,14.93,15203.0,14.919
2026-05-07 11:31:00-04:00,14.93,14.93,14.92,14.92,1450.0,14.921
2026-05-07 11:32:00-04:00,14.93,14.99,14.92,14.98,16499.0,14.98
2026-05-07 11:33:00-04:00,14.97,14.98,14.96,14.97,2885.0,14.97
2026-05-07 11:34:00-04:00,14.97,14.98,14.97,14.97,3373.0,14.974
2026-05-07 11:35:00-04:00,14.96,14.98,14.96,14.97,4203.0,14.97
2026-05-07 11:36:00-04:00,14.97,14.97,14.95,14.96,4280.0,14.963
2026-05-07 11:37:00-04:00,14.96,14.98,14.95,14.97,7165.0,14.961
2026-05-07 11:38:00-04:00,14.97,14.98,14.96,14.96,2041.0,14.967
2026-05-07 11:39:00-04:00,14.97,14.97,14.96,14.96,1429.0,14.961
2026-05-07 11:40:00-04:00,14.96,15.0,14.95,14.99,15775.0,14.985
2026-05-07 11:41:00-04:00,14.98,14.99,14.96,14.96,12040.0,14.972
2026-05-07 11:42:00-04:00,14.96,14.98,14.95,14.98,4270.0,14.964
2026-05-07 11:43:00-04:00,14.97,14.99,14.97,14.99,2046.0,14.98
2026-05-07 11:44:00-04:00,14.98,14.99,14.98,14.98,1224.0,14.987
2026-05-07 11:45:00-04:00,14.99,14.99,14.97,14.97,6261.0,14.979
2026-05-07 11:46:00-04:00,14.97,14.99,14.95,14.98,13621.0,14.977
2026-05-07 11:47:00-04:00,14.98,14.99,14.98,14.98,3597.0,14.989
2026-05-07 11:48:00-04:00,14.98,14.98,14.97,14.97,1711.0,14.973
2026-05-07 11:49:00-04:00,14.97,14.97,14.96,14.96,2546.0,14.965
2026-05-07 11:50:00-04:00,14.95,14.96,14.95,14.96,2037.0,14.959
2026-05-07 11:51:00-04:00,14.96,14.97,14.95,14.95,7002.0,14.952
2026-05-07 11:52:00-04:00,14.95,14.96,14.94,14.94,7727.0,14.949
2026-05-07 11:53:00-04:00,14.94,14.97,14.94,14.97,5515.0,14.954
2026-05-07 11:54:00-04:00,14.96,14.99,14.96,14.99,5140.0,14.982
2026-05-07 11:55:00-04:00,14.98,14.98,14.94,14.96,6369.0,14.96
2026-05-07 11:56:00-04:00,14.96,14.97,14.94,14.96,16028.0,14.961
2026-05-07 11:57:00-04:00,14.97,14.97,14.94,14.94,3183.0,14.959
2026-05-07 11:58:00-04:00,14.94,14.95,14.93,14.93,1314.0,14.936
2026-05-07 11:59:00-04:00,14.93,14.94,14.9,14.9,6248.0,14.914
2026-05-07 12:00:00-04:00,14.91,14.91,14.89,14.9,15552.0,14.899
2026-05-07 12:01:00-04:00,14.9,14.92,14.89,14.9,3920.0,14.903
2026-05-07 12:02:00-04:00,14.9,14.9,14.88,14.9,4565.0,14.893
2026-05-07 12:03:00-04:00,14.89,14.95,14.89,14.95,3855.0,14.916
2026-05-07 12:04:00-04:00,14.95,14.95,14.93,14.93,2181.0,14.945
2026-05-07 12:05:00-04:00,14.92,14.93,14.9,14.92,3064.0,14.917
2026-05-07 12:06:00-04:00,14.92,14.92,14.86,14.88,5378.0,14.886
2026-05-07 12:07:00-04:00,14.88,14.88,14.87,14.88,4702.0,14.876
2026-05-07 12:08:00-04:00,14.87,14.88,14.86,14.86,2953.0,14.872
2026-05-07 12:09:00-04:00,14.86,14.86,14.85,14.86,5262.0,14.853
2026-05-07 12:10:00-04:00,14.87,14.87,14.86,14.86,500.0,14.866
2026-05-07 12:11:00-04:00,14.85,14.86,14.83,14.84,4283.0,14.841
2026-05-07 12:12:00-04:00,14.83,14.83,14.83,14.83,500.0,14.83
2026-05-07 12:13:00-04:00,14.83,14.84,14.83,14.83,2192.0,14.836
2026-05-07 12:14:00-04:00,14.84,14.85,14.83,14.85,1636.0,14.842
2026-05-07 12:15:00-04:00,14.85,14.85,14.78,14.79,19205.0,14.794
2026-05-07 12:16:00-04:00,14.78,14.78,14.75,14.77,3274.0,14.768
2026-05-07 12:17:00-04:00,14.77,14.78,14.74,14.78,5969.0,14.749
2026-05-07 12:18:00-04:00,14.77,14.77,14.77,14.77,249.0,14.77
2026-05-07 12:19:00-04:00,14.76,14.78,14.76,14.76,3218.0,14.767
2026-05-07 12:20:00-04:00,14.76,14.77,14.76,14.77,310.0,14.766
2026-05-07 12:21:00-04:00,14.78,14.78,14.76,14.76,3605.0,14.773
2026-05-07 12:22:00-04:00,14.75,14.81,14.74,14.81,13488.0,14.772
2026-05-07 12:23:00-04:00,14.81,14.81,14.78,14.79,2121.0,14.791
2026-05-07 12:24:00-04:00,14.79,14.79,14.76,14.77,2714.0,14.769
2026-05-07 12:25:00-04:00,14.77,14.79,14.76,14.78,9008.0,14.769
2026-05-07 12:26:00-04:00,14.78,14.8,14.78,14.79,12072.0,14.794
2026-05-07 12:27:00-04:00,14.79,14.82,14.79,14.82,3586.0,14.802
2026-05-07 12:28:00-04:00,14.82,14.83,14.82,14.82,1218.0,14.822
2026-05-07 12:29:00-04:00,14.82,14.83,14.82,14.83,1492.0,14.826
2026-05-07 12:30:00-04:00,14.83,14.84,14.82,14.82,1694.0,14.827
2026-05-07 12:31:00-04:00,14.82,14.83,14.82,14.82,1002.0,14.825
2026-05-07 12:32:00-04:00,14.83,14.83,14.82,14.82,6480.0,14.825
2026-05-07 12:33:00-04:00,14.81,14.84,14.81,14.84,10154.0,14.823
2026-05-07 12:34:00-04:00,14.84,14.85,14.84,14.85,1008.0,14.848
2026-05-07 12:35:00-04:00,14.85,14.86,14.82,14.82,2710.0,14.834
2026-05-07 12:36:00-04:00,14.82,14.83,14.82,14.83,3051.0,14.825
2026-05-07 12:37:00-04:00,14.83,14.84,14.83,14.84,800.0,14.833
2026-05-07 12:38:00-04:00,14.83,14.84,14.78,14.78,11203.0,14.811
2026-05-07 12:39:00-04:00,14.78,14.78,14.76,14.77,1533.0,14.777
2026-05-07 12:40:00-04:00,14.76,14.77,14.76,14.77,1088.0,14.77
2026-05-07 12:41:00-04:00,14.77,14.78,14.76,14.78,3234.0,14.77
2026-05-07 12:42:00-04:00,14.78,14.79,14.77,14.77,700.0,14.775
2026-05-07 12:43:00-04:00,14.76,14.77,14.74,14.74,1300.0,14.75
2026-05-07 12:44:00-04:00,14.73,14.74,14.73,14.73,6984.0,14.735
2026-05-07 12:45:00-04:00,14.74,14.74,14.73,14.73,925.0,14.732
2026-05-07 12:46:00-04:00,14.73,14.73,14.72,14.72,610.0,14.723
2026-05-07 12:47:00-04:00,14.71,14.72,14.71,14.71,710.0,14.716
2026-05-07 12:48:00-04:00,14.71,14.72,14.7,14.7,311.0,14.707
2026-05-07 12:49:00-04:00,14.7,14.7,14.69,14.69,650.0,14.694
2026-05-07 12:50:00-04:00,14.68,14.69,14.68,14.69,1539.0,14.69
2026-05-07 12:51:00-04:00,14.69,14.69,14.66,14.67,15322.0,14.675
2026-05-07 12:52:00-04:00,14.68,14.68,14.67,14.68,3822.0,14.675
2026-05-07 12:53:00-04:00,14.68,14.69,14.68,14.68,1567.0,14.682
2026-05-07 12:54:00-04:00,14.69,14.71,14.68,14.71,6740.0,14.696
2026-05-07 12:55:00-04:00,14.71,14.71,14.68,14.68,17403.0,14.692
2026-05-07 12:56:00-04:00,14.67,14.67,14.64,14.65,9869.0,14.653
2026-05-07 12:57:00-04:00,14.64,14.65,14.62,14.63,7638.0,14.635
2026-05-07 12:58:00-04:00,14.63,14.64,14.63,14.64,8170.0,14.638
2026-05-07 12:59:00-04:00,14.65,14.66,14.63,14.65,13443.0,14.647
2026-05-07 13:00:00-04:00,14.64,14.66,14.63,14.66,7820.0,14.651
2026-05-07 13:01:00-04:00,14.65,14.67,14.6,14.6,13152.0,14.627
2026-05-07 13:02:00-04:00,14.63,14.65,14.62,14.64,3950.0,14.635
2026-05-07 13:03:00-04:00,14.64,14.65,14.63,14.63,1408.0,14.637
2026-05-07 13:04:00-04:00,14.62,14.64,14.61,14.61,2293.0,14.628
2026-05-07 13:05:00-04:00,14.61,14.62,14.58,14.59,6427.0,14.601
2026-05-07 13:06:00-04:00,14.6,14.61,14.6,14.61,4298.0,14.604
2026-05-07 13:07:00-04:00,14.61,14.62,14.6,14.61,9531.0,14.618
2026-05-07 13:08:00-04:00,14.6,14.61,14.6,14.6,1647.0,14.603
2026-05-07 13:09:00-04:00,14.6,14.6,14.57,14.57,2030.0,14.579
2026-05-07 13:10:00-04:00,14.57,14.57,14.55,14.56,5599.0,14.567
2026-05-07 13:11:00-04:00,14.56,14.56,14.53,14.54,3118.0,14.542
2026-05-07 13:12:00-04:00,14.54,14.54,14.52,14.53,2076.0,14.531
2026-05-07 13:13:00-04:00,14.53,14.55,14.53,14.54,4271.0,14.535
2026-05-07 13:14:00-04:00,14.54,14.56,14.54,14.56,2210.0,14.549
2026-05-07 13:15:00-04:00,14.55,14.58,14.54,14.57,8466.0,14.567
2026-05-07 13:16:00-04:00,14.56,14.65,14.55,14.59,66473.0,14.62
2026-05-07 13:17:00-04:00,14.58,14.58,14.56,14.56,3612.0,14.572
2026-05-07 13:18:00-04:00,14.56,14.56,14.54,14.54,5464.0,14.549
2026-05-07 13:19:00-04:00,14.54,14.55,14.53,14.54,3102.0,14.539
2026-05-07 13:20:00-04:00,14.53,14.54,14.5,14.5,9196.0,14.521
2026-05-07 13:21:00-04:00,14.5,14.51,14.46,14.48,20302.0,14.472
2026-05-07 13:22:00-04:00,14.49,14.52,14.49,14.52,4482.0,14.499
2026-05-07 13:23:00-04:00,14.52,14.55,14.52,14.52,2298.0,14.533
2026-05-07 13:24:00-04:00,14.52,14.53,14.51,14.52,7790.0,14.518
2026-05-07 13:25:00-04:00,14.53,14.54,14.49,14.49,9520.0,14.52
2026-05-07 13:26:00-04:00,14.49,14.49,14.45,14.45,6914.0,14.472
2026-05-07 13:27:00-04:00,14.44,14.48,14.43,14.46,14113.0,14.466
2026-05-07 13:28:00-04:00,14.45,14.48,14.45,14.48,9359.0,14.463
2026-05-07 13:29:00-04:00,14.48,14.49,14.46,14.46,3630.0,14.474
2026-05-07 13:30:00-04:00,14.46,14.47,14.43,14.46,10514.0,14.444
2026-05-07 13:31:00-04:00,14.46,14.46,14.44,14.45,826.0,14.454
2026-05-07 13:32:00-04:00,14.45,14.51,14.45,14.5,13425.0,14.464
2026-05-07 13:33:00-04:00,14.51,14.51,14.47,14.47,2710.0,14.494
2026-05-07 13:34:00-04:00,14.48,14.51,14.47,14.51,6665.0,14.49
2026-05-07 13:35:00-04:00,14.49,14.49,14.49,14.49,1070.0,14.49
2026-05-07 13:36:00-04:00,14.49,14.52,14.49,14.51,3502.0,14.509
2026-05-07 13:37:00-04:00,14.51,14.52,14.5,14.51,1672.0,14.513
2026-05-07 13:38:00-04:00,14.51,14.53,14.51,14.51,2854.0,14.52
2026-05-07 13:39:00-04:00,14.52,14.53,14.52,14.52,2428.0,14.525
2026-05-07 13:40:00-04:00,14.53,14.56,14.53,14.56,2026.0,14.542
2026-05-07 13:41:00-04:00,14.58,14.6,14.58,14.6,3481.0,14.597
2026-05-07 13:42:00-04:00,14.58,14.59,14.56,14.56,1400.0,14.579
2026-05-07 13:43:00-04:00,14.56,14.56,14.54,14.54,1044.0,14.552
2026-05-07 13:44:00-04:00,14.54,14.54,14.51,14.52,12806.0,14.521
2026-05-07 13:45:00-04:00,14.52,14.53,14.52,14.52,3595.0,14.528
2026-05-07 13:46:00-04:00,14.52,14.53,14.52,14.53,678.0,14.529
2026-05-07 13:47:00-04:00,14.53,14.55,14.53,14.54,1385.0,14.54
2026-05-07 13:48:00-04:00,14.53,14.53,14.52,14.52,2057.0,14.524
2026-05-07 13:49:00-04:00,14.52,14.53,14.52,14.53,1303.0,14.528
2026-05-07 13:50:00-04:00,14.52,14.53,14.51,14.53,1541.0,14.525
2026-05-07 13:51:00-04:00,14.56,14.56,14.55,14.55,774.0,14.557
2026-05-07 13:52:00-04:00,14.55,14.55,14.53,14.53,2491.0,14.54
2026-05-07 13:53:00-04:00,14.54,14.54,14.52,14.52,940.0,14.53
2026-05-07 13:54:00-04:00,14.52,14.55,14.52,14.54,3519.0,14.537
2026-05-07 13:55:00-04:00,14.53,14.56,14.53,14.55,2487.0,14.548
2026-05-07 13:56:00-04:00,14.54,14.6,14.54,14.59,3351.0,14.575
2026-05-07 13:57:00-04:00,14.6,14.62,14.6,14.62,2268.0,14.61
2026-05-07 13:58:00-04:00,14.61,14.61,14.6,14.61,1208.0,14.608
2026-05-07 13:59:00-04:00,14.61,14.63,14.61,14.63,1456.0,14.626
2026-05-07 14:00:00-04:00,14.63,14.64,14.62,14.62,1000.0,14.623
2026-05-07 14:01:00-04:00,14.62,14.63,14.62,14.63,504.0,14.626
2026-05-07 14:02:00-04:00,14.62,14.64,14.61,14.64,2488.0,14.626
2026-05-07 14:03:00-04:00,14.64,14.69,14.63,14.65,27523.0,14.658
2026-05-07 14:04:00-04:00,14.65,14.67,14.65,14.66,3853.0,14.66
2026-05-07 14:05:00-04:00,14.66,14.68,14.66,14.66,2382.0,14.664
2026-05-07 14:06:00-04:00,14.66,14.66,14.66,14.66,936.0,14.66
2026-05-07 14:07:00-04:00,14.66,14.67,14.66,14.66,1378.0,14.666
2026-05-07 14:08:00-04:00,14.65,14.65,14.64,14.64,1235.0,14.649
2026-05-07 14:09:00-04:00,14.64,14.65,14.63,14.63,3907.0,14.645
2026-05-07 14:10:00-04:00,14.63,14.65,14.63,14.65,2539.0,14.642
2026-05-07 14:11:00-04:00,14.68,14.68,14.67,14.68,342.0,14.68
2026-05-07 14:12:00-04:00,14.68,14.68,14.67,14.67,1197.0,14.675
2026-05-07 14:13:00-04:00,14.67,14.67,14.66,14.66,870.0,14.663
2026-05-07 14:14:00-04:00,14.66,14.69,14.65,14.69,2797.0,14.673
2026-05-07 14:15:00-04:00,14.68,14.68,14.66,14.67,4876.0,14.667
2026-05-07 14:16:00-04:00,14.67,14.68,14.67,14.67,520.0,14.672
2026-05-07 14:17:00-04:00,14.68,14.69,14.68,14.68,1183.0,14.683
2026-05-07 14:18:00-04:00,14.69,14.71,14.69,14.69,3711.0,14.698
2026-05-07 14:19:00-04:00,14.69,14.7,14.68,14.68,1257.0,14.69
2026-05-07 14:20:00-04:00,14.67,14.68,14.67,14.67,881.0,14.675
2026-05-07 14:21:00-04:00,14.67,14.67,14.67,14.67,300.0,14.67
2026-05-07 14:22:00-04:00,14.67,14.69,14.67,14.68,3225.0,14.68
2026-05-07 14:23:00-04:00,14.67,14.68,14.65,14.65,3422.0,14.669
2026-05-07 14:24:00-04:00,14.64,14.65,14.64,14.65,1197.0,14.65
2026-05-07 14:25:00-04:00,14.65,14.65,14.64,14.65,2163.0,14.646
2026-05-07 14:26:00-04:00,14.65,14.7,14.65,14.67,15301.0,14.692
2026-05-07 14:27:00-04:00,14.67,14.67,14.65,14.65,1734.0,14.658
2026-05-07 14:28:00-04:00,14.66,14.68,14.66,14.66,3980.0,14.665
2026-05-07 14:29:00-04:00,14.67,14.69,14.65,14.66,3347.0,14.663
2026-05-07 14:30:00-04:00,14.66,14.7,14.66,14.7,5720.0,14.696
2026-05-07 14:31:00-04:00,14.69,14.71,14.69,14.7,4155.0,14.698
2026-05-07 14:32:00-04:00,14.71,14.71,14.7,14.7,778.0,14.704
2026-05-07 14:33:00-04:00,14.71,14.71,14.69,14.69,1733.0,14.706
2026-05-07 14:34:00-04:00,14.69,14.7,14.67,14.67,1416.0,14.687
2026-05-07 14:35:00-04:00,14.68,14.69,14.67,14.69,1410.0,14.678
2026-05-07 14:36:00-04:00,14.68,14.68,14.67,14.67,1192.0,14.678
2026-05-07 14:37:00-04:00,14.67,14.67,14.64,14.64,2003.0,14.656
2026-05-07 14:38:00-04:00,14.65,14.65,14.64,14.65,2048.0,14.649
2026-05-07 14:39:00-04:00,14.66,14.72,14.64,14.72,7145.0,14.667
2026-05-07 14:40:00-04:00,14.71,14.71,14.7,14.7,300.0,14.703
2026-05-07 14:41:00-04:00,14.7,14.7,14.68,14.68,2583.0,14.691
2026-05-07 14:42:00-04:00,14.68,14.71,14.68,14.71,3337.0,14.696
2026-05-07 14:43:00-04:00,14.7,14.73,14.7,14.71,12341.0,14.714
2026-05-07 14:44:00-04:00,14.71,14.71,14.66,14.67,2424.0,14.676
2026-05-07 14:45:00-04:00,14.66,14.68,14.65,14.68,3871.0,14.66
2026-05-07 14:46:00-04:00,14.66,14.67,14.66,14.66,850.0,14.661
2026-05-07 14:47:00-04:00,14.67,14.69,14.65,14.65,2486.0,14.665
2026-05-07 14:48:00-04:00,14.66,14.66,14.65,14.65,3268.0,14.657
2026-05-07 14:49:00-04:00,14.64,14.65,14.64,14.64,1640.0,14.64
2026-05-07 14:50:00-04:00,14.63,14.65,14.63,14.64,10677.0,14.636
2026-05-07 14:51:00-04:00,14.64,14.66,14.63,14.65,2508.0,14.644
2026-05-07 14:52:00-04:00,14.65,14.66,14.65,14.65,1661.0,14.655
2026-05-07 14:53:00-04:00,14.65,14.66,14.65,14.65,212.0,14.655
2026-05-07 14:54:00-04:00,14.65,14.69,14.65,14.68,2406.0,14.665
2026-05-07 14:55:00-04:00,14.67,14.71,14.67,14.71,18813.0,14.68
2026-05-07 14:56:00-04:00,14.7,14.71,14.69,14.71,760.0,14.7
2026-05-07 14:57:00-04:00,14.71,14.72,14.68,14.69,23821.0,14.715
2026-05-07 14:58:00-04:00,14.69,14.71,14.68,14.69,2891.0,14.693
2026-05-07 14:59:00-04:00,14.69,14.7,14.69,14.7,1024.0,14.697
2026-05-07 15:00:00-04:00,14.69,14.69,14.66,14.69,6041.0,14.675
2026-05-07 15:01:00-04:00,14.71,14.71,14.69,14.69,4243.0,14.699
2026-05-07 15:02:00-04:00,14.69,14.7,14.69,14.69,556.0,14.692
2026-05-07 15:03:00-04:00,14.69,14.71,14.68,14.69,35593.0,14.695
2026-05-07 15:04:00-04:00,14.69,14.71,14.69,14.7,4726.0,14.702
2026-05-07 15:05:00-04:00,14.69,14.72,14.69,14.69,15314.0,14.713
2026-05-07 15:06:00-04:00,14.67,14.7,14.67,14.7,2816.0,14.681
2026-05-07 15:07:00-04:00,14.71,14.72,14.7,14.72,3854.0,14.715
2026-05-07 15:08:00-04:00,14.72,14.73,14.72,14.73,1897.0,14.725
2026-05-07 15:09:00-04:00,14.71,14.72,14.7,14.7,7269.0,14.715
2026-05-07 15:10:00-04:00,14.71,14.71,14.7,14.7,13589.0,14.706
2026-05-07 15:11:00-04:00,14.7,14.7,14.69,14.69,2612.0,14.7
2026-05-07 15:12:00-04:00,14.69,14.7,14.69,14.69,1000.0,14.691
2026-05-07 15:13:00-04:00,14.68,14.69,14.67,14.68,2726.0,14.679
2026-05-07 15:14:00-04:00,14.69,14.69,14.66,14.68,4955.0,14.673
2026-05-07 15:15:00-04:00,14.68,14.68,14.67,14.68,1984.0,14.678
2026-05-07 15:16:00-04:00,14.68,14.69,14.68,14.68,4064.0,14.687
2026-05-07 15:17:00-04:00,14.68,14.69,14.67,14.68,5922.0,14.682
2026-05-07 15:18:00-04:00,14.68,14.68,14.67,14.67,400.0,14.676
2026-05-07 15:19:00-04:00,14.67,14.67,14.64,14.65,15832.0,14.651
2026-05-07 15:20:00-04:00,14.66,14.67,14.65,14.65,22724.0,14.663
2026-05-07 15:21:00-04:00,14.65,14.65,14.65,14.65,2478.0,14.65
2026-05-07 15:22:00-04:00,14.66,14.67,14.66,14.66,1374.0,14.664
2026-05-07 15:23:00-04:00,14.66,14.68,14.66,14.66,3731.0,14.668
2026-05-07 15:24:00-04:00,14.66,14.67,14.66,14.66,483.0,14.666
2026-05-07 15:25:00-04:00,14.66,14.66,14.65,14.65,2818.0,14.654
2026-05-07 15:26:00-04:00,14.65,14.66,14.64,14.65,2472.0,14.651
2026-05-07 15:27:00-04:00,14.65,14.66,14.65,14.66,1966.0,14.656
2026-05-07 15:28:00-04:00,14.65,14.66,14.64,14.64,1453.0,14.65
2026-05-07 15:29:00-04:00,14.64,14.65,14.63,14.63,5239.0,14.639
2026-05-07 15:30:00-04:00,14.64,14.67,14.64,14.65,12582.0,14.653
2026-05-07 15:31:00-04:00,14.65,14.67,14.65,14.66,2212.0,14.656
2026-05-07 15:32:00-04:00,14.66,14.67,14.63,14.63,5436.0,14.654
2026-05-07 15:33:00-04:00,14.63,14.68,14.63,14.68,4148.0,14.656
2026-05-07 15:34:00-04:00,14.68,14.69,14.64,14.68,21656.0,14.666
2026-05-07 15:35:00-04:00,14.68,14.69,14.67,14.68,1527.0,14.683
2026-05-07 15:36:00-04:00,14.67,14.69,14.67,14.68,2676.0,14.681
2026-05-07 15:37:00-04:00,14.68,14.68,14.67,14.68,18615.0,14.678
2026-05-07 15:38:00-04:00,14.69,14.71,14.68,14.71,17939.0,14.702
2026-05-07 15:39:00-04:00,14.7,14.72,14.7,14.71,10679.0,14.71
2026-05-07 15:40:00-04:00,14.7,14.73,14.7,14.72,7202.0,14.711
2026-05-07 15:41:00-04:00,14.72,14.72,14.71,14.71,2105.0,14.717
2026-05-07 15:42:00-04:00,14.72,14.72,14.67,14.68,12710.0,14.698
2026-05-07 15:43:00-04:00,14.68,14.69,14.67,14.68,7005.0,14.679
2026-05-07 15:44:00-04:00,14.67,14.67,14.66,14.67,2311.0,14.669
2026-05-07 15:45:00-04:00,14.66,14.67,14.65,14.65,2890.0,14.662
2026-05-07 15:46:00-04:00,14.65,14.67,14.65,14.66,12975.0,14.66
2026-05-07 15:47:00-04:00,14.66,14.67,14.65,14.65,1537.0,14.657
2026-05-07 15:48:00-04:00,14.65,14.66,14.64,14.64,21842.0,14.642
2026-05-07 15:49:00-04:00,14.64,14.68,14.63,14.67,13477.0,14.649
2026-05-07 15:50:00-04:00,14.67,14.68,14.65,14.67,15990.0,14.668
2026-05-07 15:51:00-04:00,14.67,14.69,14.67,14.67,4381.0,14.68
2026-05-07 15:52:00-04:00,14.67,14.68,14.66,14.67,9145.0,14.671
2026-05-07 15:53:00-04:00,14.67,14.67,14.66,14.67,1954.0,14.667
2026-05-07 15:54:00-04:00,14.66,14.67,14.65,14.66,10969.0,14.66
2026-05-07 15:55:00-04:00,14.65,14.67,14.64,14.67,19822.0,14.655
2026-05-07 15:56:00-04:00,14.67,14.72,14.67,14.71,24648.0,14.7
2026-05-07 15:57:00-04:00,14.71,14.75,14.7,14.71,41899.0,14.726
2026-05-07 15:58:00-04:00,14.71,14.72,14.69,14.71,58599.0,14.708
2026-05-07 15:59:00-04:00,14.71,14.74,14.69,14.72,85335.0,14.708
2026-05-08 09:30:00-04:00,14.65,14.7,14.5,14.7,99469.0,14.601
2026-05-08 09:31:00-04:00,14.75,14.85,14.65,14.76,8819.0,14.747
2026-05-08 09:32:00-04:00,14.76,14.79,14.71,14.79,5792.0,14.761
2026-05-08 09:33:00-04:00,14.74,14.82,14.73,14.79,6275.0,14.784
2026-05-08 09:34:00-04:00,14.77,14.78,14.7,14.73,11509.0,14.734
2026-05-08 09:35:00-04:00,14.73,14.73,14.7,14.73,2595.0,14.724
2026-05-08 09:36:00-04:00,14.73,14.73,14.67,14.67,8763.0,14.714
2026-05-08 09:37:00-04:00,14.67,14.69,14.6,14.6,4521.0,14.655
2026-05-08 09:38:00-04:00,14.59,14.63,14.51,14.51,7785.0,14.567
2026-05-08 09:39:00-04:00,14.51,14.53,14.44,14.45,14965.0,14.498
2026-05-08 09:40:00-04:00,14.47,14.51,14.44,14.51,41233.0,14.45
2026-05-08 09:41:00-04:00,14.51,14.51,14.42,14.45,7545.0,14.464
2026-05-08 09:42:00-04:00,14.43,14.5,14.42,14.46,33764.0,14.454
2026-05-08 09:43:00-04:00,14.48,14.48,14.41,14.43,24575.0,14.43
2026-05-08 09:44:00-04:00,14.43,14.45,14.39,14.41,6630.0,14.415
2026-05-08 09:45:00-04:00,14.41,14.45,14.4,14.44,5733.0,14.425
2026-05-08 09:46:00-04:00,14.43,14.44,14.38,14.38,13203.0,14.417
2026-05-08 09:47:00-04:00,14.37,14.39,14.34,14.37,4560.0,14.368
2026-05-08 09:48:00-04:00,14.39,14.43,14.37,14.43,4819.0,14.396
2026-05-08 09:49:00-04:00,14.41,14.42,14.4,14.4,9245.0,14.411
2026-05-08 09:50:00-04:00,14.41,14.51,14.41,14.5,10274.0,14.463
2026-05-08 09:51:00-04:00,14.5,14.51,14.44,14.45,3035.0,14.47
2026-05-08 09:52:00-04:00,14.44,14.44,14.41,14.42,1155.0,14.423
2026-05-08 09:53:00-04:00,14.41,14.42,14.39,14.39,2859.0,14.4
2026-05-08 09:54:00-04:00,14.38,14.38,14.33,14.34,5430.0,14.347
2026-05-08 09:55:00-04:00,14.33,14.38,14.32,14.37,9665.0,14.35
2026-05-08 09:56:00-04:00,14.35,14.35,14.32,14.33,14276.0,14.333
2026-05-08 09:57:00-04:00,14.32,14.35,14.31,14.32,2533.0,14.325
2026-05-08 09:58:00-04:00,14.32,14.35,14.3,14.3,35781.0,14.32
2026-05-08 09:59:00-04:00,14.32,14.35,14.3,14.32,17096.0,14.318
2026-05-08 10:00:00-04:00,14.33,14.35,14.31,14.34,6111.0,14.331
2026-05-08 10:01:00-04:00,14.35,14.37,14.35,14.36,3527.0,14.353
2026-05-08 10:02:00-04:00,14.37,14.38,14.36,14.38,1797.0,14.37
2026-05-08 10:03:00-04:00,14.4,14.42,14.37,14.4,5820.0,14.399
2026-05-08 10:04:00-04:00,14.4,14.42,14.35,14.36,1919.0,14.378
2026-05-08 10:05:00-04:00,14.36,14.39,14.36,14.38,1586.0,14.377
2026-05-08 10:06:00-04:00,14.39,14.4,14.38,14.38,706.0,14.392
2026-05-08 10:07:00-04:00,14.39,14.44,14.39,14.44,1345.0,14.419
2026-05-08 10:08:00-04:00,14.43,14.48,14.43,14.43,27586.0,14.463
2026-05-08 10:09:00-04:00,14.46,14.48,14.45,14.47,4445.0,14.462
2026-05-08 10:10:00-04:00,14.48,14.49,14.48,14.48,800.0,14.481
2026-05-08 10:11:00-04:00,14.48,14.49,14.47,14.48,2668.0,14.475
2026-05-08 10:12:00-04:00,14.48,14.51,14.48,14.49,19915.0,14.493
2026-05-08 10:13:00-04:00,14.48,14.55,14.48,14.52,8434.0,14.502
2026-05-08 10:14:00-04:00,14.52,14.54,14.52,14.52,3867.0,14.534
2026-05-08 10:15:00-04:00,14.52,14.54,14.52,14.54,2162.0,14.528
2026-05-08 10:16:00-04:00,14.55,14.59,14.55,14.58,12800.0,14.581
2026-05-08 10:17:00-04:00,14.57,14.57,14.55,14.57,15095.0,14.559
2026-05-08 10:18:00-04:00,14.56,14.59,14.56,14.59,10276.0,14.571
2026-05-08 10:19:00-04:00,14.58,14.59,14.58,14.59,2030.0,14.587
2026-05-08 10:20:00-04:00,14.59,14.59,14.57,14.58,2335.0,14.581
2026-05-08 10:21:00-04:00,14.59,14.6,14.57,14.58,5245.0,14.583
2026-05-08 10:22:00-04:00,14.59,14.6,14.59,14.59,854.0,14.594
2026-05-08 10:23:00-04:00,14.59,14.6,14.56,14.56,25352.0,14.579
2026-05-08 10:24:00-04:00,14.56,14.58,14.56,14.58,2175.0,14.573
2026-05-08 10:25:00-04:00,14.58,14.58,14.53,14.54,3964.0,14.544
2026-05-08 10:26:00-04:00,14.53,14.54,14.53,14.53,3581.0,14.532
2026-05-08 10:27:00-04:00,14.53,14.53,14.53,14.53,337.0,14.53
2026-05-08 10:28:00-04:00,14.52,14.52,14.5,14.5,1000.0,14.516
2026-05-08 10:29:00-04:00,14.5,14.51,14.48,14.48,8967.0,14.504
2026-05-08 10:30:00-04:00,14.47,14.47,14.42,14.42,6860.0,14.444
2026-05-08 10:31:00-04:00,14.44,14.47,14.44,14.46,3813.0,14.455
2026-05-08 10:32:00-04:00,14.48,14.5,14.47,14.47,1143.0,14.478
2026-05-08 10:33:00-04:00,14.47,14.47,14.44,14.46,1816.0,14.453
2026-05-08 10:34:00-04:00,14.44,14.46,14.44,14.46,1016.0,14.444
2026-05-08 10:35:00-04:00,14.44,14.44,14.43,14.44,400.0,14.435
2026-05-08 10:36:00-04:00,14.44,14.45,14.44,14.44,2233.0,14.445
2026-05-08 10:37:00-04:00,14.45,14.46,14.44,14.46,2452.0,14.452
2026-05-08 10:38:00-04:00,14.47,14.5,14.47,14.49,3674.0,14.483
2026-05-08 10:39:00-04:00,14.49,14.49,14.46,14.48,1368.0,14.476
2026-05-08 10:40:00-04:00,14.47,14.48,14.45,14.46,1800.0,14.467
2026-05-08 10:41:00-04:00,14.46,14.46,14.42,14.42,3595.0,14.443
2026-05-08 10:42:00-04:00,14.42,14.42,14.41,14.41,800.0,14.411
2026-05-08 10:43:00-04:00,14.42,14.42,14.4,14.41,1000.0,14.412
2026-05-08 10:44:00-04:00,14.42,14.47,14.42,14.46,3224.0,14.445
2026-05-08 10:45:00-04:00,14.45,14.45,14.43,14.43,1643.0,14.439
2026-05-08 10:46:00-04:00,14.44,14.44,14.43,14.44,1092.0,14.437
2026-05-08 10:47:00-04:00,14.45,14.46,14.42,14.42,6700.0,14.445
2026-05-08 10:48:00-04:00,14.42,14.43,14.41,14.42,5492.0,14.419
2026-05-08 10:49:00-04:00,14.42,14.43,14.41,14.42,7700.0,14.418
2026-05-08 10:50:00-04:00,14.41,14.44,14.4,14.44,10611.0,14.428
2026-05-08 10:51:00-04:00,14.44,14.44,14.42,14.42,2558.0,14.432
2026-05-08 10:52:00-04:00,14.42,14.43,14.42,14.42,7299.0,14.424
2026-05-08 10:53:00-04:00,14.43,14.44,14.42,14.42,2808.0,14.43
2026-05-08 10:54:00-04:00,14.43,14.48,14.42,14.46,18351.0,14.469
2026-05-08 10:55:00-04:00,14.46,14.51,14.46,14.5,3665.0,14.488
2026-05-08 10:56:00-04:00,14.52,14.52,14.46,14.48,7806.0,14.492
2026-05-08 10:57:00-04:00,14.46,14.47,14.45,14.45,3775.0,14.456
2026-05-08 10:58:00-04:00,14.46,14.46,14.43,14.43,3499.0,14.443
2026-05-08 10:59:00-04:00,14.42,14.5,14.39,14.48,205338.0,14.453
2026-05-08 11:00:00-04:00,14.48,14.49,14.43,14.47,378943.0,14.451
2026-05-08 11:01:00-04:00,14.46,14.48,14.46,14.46,12353.0,14.464
2026-05-08 11:02:00-04:00,14.46,14.47,14.46,14.46,7155.0,14.46
2026-05-08 11:03:00-04:00,14.47,14.49,14.46,14.46,18097.0,14.47
2026-05-08 11:04:00-04:00,14.47,14.47,14.46,14.46,1666.0,14.464
2026-05-08 11:05:00-04:00,14.46,14.47,14.46,14.46,2510.0,14.465
2026-05-08 11:06:00-04:00,14.47,14.48,14.44,14.47,70477.0,14.451
2026-05-08 11:07:00-04:00,14.47,14.48,14.46,14.47,2075.0,14.471
2026-05-08 11:08:00-04:00,14.48,14.49,14.47,14.48,9077.0,14.483
2026-05-08 11:09:00-04:00,14.47,14.48,14.46,14.46,2338.0,14.469
2026-05-08 11:10:00-04:00,14.46,14.47,14.46,14.46,7000.0,14.469
2026-05-08 11:11:00-04:00,14.47,14.48,14.47,14.47,2859.0,14.474
2026-05-08 11:12:00-04:00,14.47,14.48,14.45,14.47,4015.0,14.462
2026-05-08 11:13:00-04:00,14.47,14.48,14.45,14.47,4567.0,14.463
2026-05-08 11:14:00-04:00,14.46,14.5,14.46,14.48,7677.0,14.482
2026-05-08 11:15:00-04:00,14.48,14.5,14.48,14.48,10289.0,14.487
2026-05-08 11:16:00-04:00,14.49,14.51,14.48,14.51,2062.0,14.493
2026-05-08 11:17:00-04:00,14.51,14.56,14.51,14.55,4438.0,14.532
2026-05-08 11:18:00-04:00,14.55,14.55,14.53,14.55,4373.0,14.546
2026-05-08 11:19:00-04:00,14.55,14.56,14.54,14.55,4075.0,14.553
2026-05-08 11:20:00-04:00,14.55,14.58,14.55,14.57,5368.0,14.572
2026-05-08 11:21:00-04:00,14.57,14.6,14.57,14.6,1400.0,14.592
2026-05-08 11:22:00-04:00,14.58,14.59,14.56,14.56,3847.0,14.579
2026-05-08 11:23:00-04:00,14.57,14.57,14.55,14.55,2861.0,14.563
2026-05-08 11:24:00-04:00,14.55,14.56,14.53,14.54,1500.0,14.549
2026-05-08 11:25:00-04:00,14.54,14.56,14.54,14.55,3146.0,14.548
2026-05-08 11:26:00-04:00,14.54,14.54,14.54,14.54,816.0,14.54
2026-05-08 11:27:00-04:00,14.54,14.54,14.53,14.54,8576.0,14.538
2026-05-08 11:28:00-04:00,14.53,14.53,14.52,14.52,1580.0,14.526
2026-05-08 11:29:00-04:00,14.52,14.52,14.5,14.5,2448.0,14.512
2026-05-08 11:30:00-04:00,14.5,14.52,14.49,14.49,6264.0,14.506
2026-05-08 11:31:00-04:00,14.49,14.5,14.49,14.5,2174.0,14.499
2026-05-08 11:32:00-04:00,14.5,14.51,14.5,14.51,1965.0,14.506
2026-05-08 11:33:00-04:00,14.51,14.51,14.49,14.49,1519.0,14.506
2026-05-08 11:34:00-04:00,14.49,14.5,14.49,14.5,3866.0,14.494
2026-05-08 11:35:00-04:00,14.5,14.5,14.49,14.49,1998.0,14.496
2026-05-08 11:36:00-04:00,14.5,14.51,14.5,14.51,4555.0,14.502
2026-05-08 11:37:00-04:00,14.5,14.5,14.49,14.49,1343.0,14.494
2026-05-08 11:38:00-04:00,14.48,14.49,14.48,14.49,2000.0,14.489
2026-05-08 11:39:00-04:00,14.48,14.49,14.47,14.47,2271.0,14.476
2026-05-08 11:40:00-04:00,14.47,14.51,14.47,14.51,13121.0,14.505
2026-05-08 11:41:00-04:00,14.5,14.51,14.5,14.5,4743.0,14.501
2026-05-08 11:42:00-04:00,14.49,14.49,14.46,14.46,2703.0,14.478
2026-05-08 11:43:00-04:00,14.46,14.47,14.45,14.46,8321.0,14.463
2026-05-08 11:44:00-04:00,14.46,14.47,14.46,14.46,1897.0,14.462
2026-05-08 11:45:00-04:00,14.47,14.51,14.47,14.5,6804.0,14.487
2026-05-08 11:46:00-04:00,14.5,14.51,14.48,14.48,107472.0,14.5
2026-05-08 11:47:00-04:00,14.48,14.5,14.48,14.49,2568.0,14.488
2026-05-08 11:48:00-04:00,14.49,14.52,14.49,14.5,10237.0,14.511
2026-05-08 11:49:00-04:00,14.5,14.51,14.49,14.49,2269.0,14.5
2026-05-08 11:50:00-04:00,14.5,14.5,14.48,14.49,3479.0,14.493
2026-05-08 11:51:00-04:00,14.48,14.49,14.48,14.49,2368.0,14.482
2026-05-08 11:52:00-04:00,14.47,14.48,14.47,14.47,2166.0,14.473
2026-05-08 11:53:00-04:00,14.47,14.48,14.46,14.47,4926.0,14.465
2026-05-08 11:54:00-04:00,14.47,14.48,14.47,14.47,809.0,14.475
2026-05-08 11:55:00-04:00,14.48,14.51,14.48,14.49,23279.0,14.497
2026-05-08 11:56:00-04:00,14.49,14.51,14.49,14.49,8644.0,14.497
2026-05-08 11:57:00-04:00,14.49,14.5,14.48,14.48,2230.0,14.491
2026-05-08 11:58:00-04:00,14.48,14.48,14.47,14.47,2710.0,14.476
2026-05-08 11:59:00-04:00,14.47,14.47,14.46,14.46,5110.0,14.466
2026-05-08 12:00:00-04:00,14.47,14.48,14.46,14.47,3185.0,14.469
2026-05-08 12:01:00-04:00,14.47,14.49,14.47,14.48,2504.0,14.477
2026-05-08 12:02:00-04:00,14.48,14.49,14.48,14.48,4011.0,14.482
2026-05-08 12:03:00-04:00,14.48,14.49,14.47,14.47,1780.0,14.479
2026-05-08 12:04:00-04:00,14.47,14.48,14.47,14.48,5306.0,14.477
2026-05-08 12:05:00-04:00,14.47,14.5,14.47,14.5,4550.0,14.481
2026-05-08 12:06:00-04:00,14.49,14.49,14.49,14.49,100.0,14.49
2026-05-08 12:07:00-04:00,14.49,14.5,14.49,14.49,520.0,14.494
2026-05-08 12:08:00-04:00,14.48,14.51,14.48,14.49,10366.0,14.506
2026-05-08 12:09:00-04:00,14.5,14.5,14.49,14.49,653.0,14.496
2026-05-08 12:10:00-04:00,14.49,14.52,14.49,14.52,1732.0,14.509
2026-05-08 12:11:00-04:00,14.51,14.55,14.51,14.55,2885.0,14.519
2026-05-08 12:12:00-04:00,14.55,14.56,14.55,14.56,600.0,14.556
2026-05-08 12:13:00-04:00,14.56,14.57,14.51,14.56,108647.0,14.521
2026-05-08 12:14:00-04:00,14.56,14.58,14.56,14.57,1866.0,14.57
2026-05-08 12:15:00-04:00,14.56,14.58,14.56,14.57,3955.0,14.57
2026-05-08 12:16:00-04:00,14.57,14.58,14.55,14.57,2162.0,14.565
2026-05-08 12:17:00-04:00,14.56,14.57,14.56,14.56,2478.0,14.561
2026-05-08 12:18:00-04:00,14.56,14.57,14.53,14.53,11750.0,14.537
2026-05-08 12:19:00-04:00,14.53,14.55,14.52,14.52,15020.0,14.543
2026-05-08 12:20:00-04:00,14.54,14.54,14.53,14.54,13254.0,14.538
2026-05-08 12:21:00-04:00,14.53,14.56,14.53,14.55,2752.0,14.546
2026-05-08 12:22:00-04:00,14.55,14.57,14.55,14.57,574.0,14.562
2026-05-08 12:23:00-04:00,14.56,14.58,14.56,14.57,1298.0,14.569
2026-05-08 12:24:00-04:00,14.56,14.58,14.56,14.57,2638.0,14.564
2026-05-08 12:25:00-04:00,14.56,14.59,14.56,14.57,26345.0,14.577
2026-05-08 12:26:00-04:00,14.57,14.6,14.56,14.59,3467.0,14.573
2026-05-08 12:27:00-04:00,14.58,14.61,14.58,14.6,5772.0,14.597
2026-05-08 12:28:00-04:00,14.6,14.63,14.6,14.61,14512.0,14.623
2026-05-08 12:29:00-04:00,14.62,14.64,14.61,14.63,8934.0,14.626
2026-05-08 12:30:00-04:00,14.63,14.63,14.59,14.59,7867.0,14.618
2026-05-08 12:31:00-04:00,14.6,14.6,14.58,14.58,12892.0,14.593
2026-05-08 12:32:00-04:00,14.59,14.59,14.58,14.58,712.0,14.585
2026-05-08 12:33:00-04:00,14.58,14.6,14.58,14.6,1590.0,14.593
2026-05-08 12:34:00-04:00,14.6,14.61,14.6,14.6,3721.0,14.604
2026-05-08 12:35:00-04:00,14.6,14.6,14.59,14.6,4706.0,14.598
2026-05-08 12:36:00-04:00,14.6,14.62,14.6,14.62,5376.0,14.61
2026-05-08 12:37:00-04:00,14.62,14.62,14.61,14.62,1168.0,14.619
2026-05-08 12:38:00-04:00,14.62,14.62,14.58,14.58,5309.0,14.613
2026-05-08 12:39:00-04:00,14.59,14.59,14.58,14.59,1426.0,14.587
2026-05-08 12:40:00-04:00,14.58,14.6,14.58,14.59,1338.0,14.588
2026-05-08 12:41:00-04:00,14.58,14.59,14.58,14.58,1000.0,14.585
2026-05-08 12:42:00-04:00,14.58,14.58,14.57,14.57,616.0,14.577
2026-05-08 12:43:00-04:00,14.57,14.58,14.53,14.53,15250.0,14.564
2026-05-08 12:44:00-04:00,14.53,14.53,14.51,14.52,2013.0,14.522
2026-05-08 12:45:00-04:00,14.52,14.55,14.52,14.55,2212.0,14.532
2026-05-08 12:46:00-04:00,14.55,14.56,14.55,14.55,521.0,14.556
2026-05-08 12:47:00-04:00,14.56,14.56,14.54,14.54,797.0,14.547
2026-05-08 12:48:00-04:00,14.54,14.58,14.53,14.58,2842.0,14.56
2026-05-08 12:49:00-04:00,14.57,14.59,14.57,14.58,630.0,14.581
2026-05-08 12:50:00-04:00,14.57,14.57,14.57,14.57,300.0,14.57
2026-05-08 12:51:00-04:00,14.57,14.58,14.56,14.57,2405.0,14.572
2026-05-08 12:52:00-04:00,14.58,14.59,14.58,14.58,1428.0,14.581
2026-05-08 12:53:00-04:00,14.59,14.59,14.57,14.59,17462.0,14.583
2026-05-08 12:54:00-04:00,14.59,14.6,14.58,14.58,823.0,14.59
2026-05-08 12:55:00-04:00,14.58,14.59,14.57,14.57,820.0,14.578
2026-05-08 12:56:00-04:00,14.56,14.57,14.56,14.56,300.0,14.562
2026-05-08 12:57:00-04:00,14.56,14.57,14.56,14.57,306.0,14.567
2026-05-08 12:58:00-04:00,14.56,14.56,14.55,14.55,1023.0,14.555
2026-05-08 12:59:00-04:00,14.56,14.56,14.55,14.56,1383.0,14.56
2026-05-08 13:00:00-04:00,14.55,14.56,14.54,14.54,2169.0,14.547
2026-05-08 13:01:00-04:00,14.54,14.54,14.54,14.54,319.0,14.54
2026-05-08 13:02:00-04:00,14.54,14.54,14.53,14.53,1145.0,14.536
2026-05-08 13:03:00-04:00,14.53,14.54,14.51,14.51,18135.0,14.521
2026-05-08 13:04:00-04:00,14.51,14.52,14.51,14.51,1154.0,14.514
2026-05-08 13:05:00-04:00,14.52,14.53,14.51,14.51,804.0,14.519
2026-05-08 13:06:00-04:00,14.51,14.52,14.51,14.52,300.0,14.513
2026-05-08 13:07:00-04:00,14.52,14.53,14.51,14.53,2298.0,14.522
2026-05-08 13:08:00-04:00,14.53,14.53,14.52,14.52,300.0,14.523
2026-05-08 13:09:00-04:00,14.53,14.55,14.53,14.54,2145.0,14.542
2026-05-08 13:10:00-04:00,14.53,14.55,14.53,14.54,1764.0,14.541
2026-05-08 13:11:00-04:00,14.54,14.55,14.54,14.54,2109.0,14.546
2026-05-08 13:12:00-04:00,14.54,14.55,14.54,14.54,2953.0,14.541
2026-05-08 13:13:00-04:00,14.54,14.55,14.52,14.53,2801.0,14.533
2026-05-08 13:14:00-04:00,14.53,14.53,14.5,14.5,2564.0,14.519
2026-05-08 13:15:00-04:00,14.5,14.54,14.5,14.54,1719.0,14.517
2026-05-08 13:16:00-04:00,14.53,14.53,14.53,14.53,1128.0,14.53
2026-05-08 13:17:00-04:00,14.53,14.54,14.53,14.53,998.0,14.531
2026-05-08 13:18:00-04:00,14.54,14.55,14.53,14.55,2108.0,14.544
2026-05-08 13:19:00-04:00,14.55,14.56,14.55,14.55,1070.0,14.551
2026-05-08 13:20:00-04:00,14.55,14.55,14.54,14.54,2063.0,14.546
2026-05-08 13:21:00-04:00,14.55,14.58,14.54,14.57,1432.0,14.559
2026-05-08 13:22:00-04:00,14.56,14.57,14.56,14.57,212.0,14.565
2026-05-08 13:23:00-04:00,14.56,14.57,14.55,14.55,319.0,14.56
2026-05-08 13:24:00-04:00,14.56,14.57,14.56,14.57,1813.0,14.564
2026-05-08 13:25:00-04:00,14.57,14.58,14.57,14.57,806.0,14.571
2026-05-08 13:26:00-04:00,14.58,14.59,14.58,14.58,642.0,14.583
2026-05-08 13:27:00-04:00,14.59,14.6,14.58,14.58,2442.0,14.591
2026-05-08 13:28:00-04:00,14.58,14.59,14.58,14.58,7263.0,14.587
2026-05-08 13:29:00-04:00,14.58,14.59,14.58,14.59,320.0,14.583
2026-05-08 13:30:00-04:00,14.57,14.58,14.57,14.57,1818.0,14.576
2026-05-08 13:31:00-04:00,14.58,14.58,14.54,14.56,6085.0,14.557
2026-05-08 13:32:00-04:00,14.56,14.57,14.56,14.56,410.0,14.564
2026-05-08 13:33:00-04:00,14.56,14.56,14.55,14.55,922.0,14.557
2026-05-08 13:34:00-04:00,14.55,14.56,14.55,14.56,1550.0,14.558
2026-05-08 13:35:00-04:00,14.56,14.58,14.56,14.57,1162.0,14.567
2026-05-08 13:36:00-04:00,14.57,14.57,14.55,14.55,1604.0,14.559
2026-05-08 13:37:00-04:00,14.55,14.56,14.55,14.55,100.0,14.55
2026-05-08 13:38:00-04:00,14.55,14.55,14.53,14.54,2665.0,14.541
2026-05-08 13:39:00-04:00,14.54,14.54,14.53,14.53,2340.0,14.536
2026-05-08 13:40:00-04:00,14.54,14.55,14.54,14.55,3421.0,14.549
2026-05-08 13:41:00-04:00,14.54,14.54,14.53,14.53,1480.0,14.539
2026-05-08 13:42:00-04:00,14.54,14.55,14.53,14.54,1149.0,14.539
2026-05-08 13:43:00-04:00,14.54,14.55,14.53,14.54,1658.0,14.54
2026-05-08 13:44:00-04:00,14.55,14.57,14.55,14.57,1332.0,14.562
2026-05-08 13:45:00-04:00,14.56,14.57,14.56,14.57,7895.0,14.569
2026-05-08 13:46:00-04:00,14.57,14.58,14.57,14.58,1534.0,14.573
2026-05-08 13:47:00-04:00,14.58,14.59,14.58,14.58,926.0,14.581
2026-05-08 13:48:00-04:00,14.58,14.6,14.58,14.6,4176.0,14.587
2026-05-08 13:49:00-04:00,14.6,14.6,14.59,14.59,2196.0,14.594
2026-05-08 13:50:00-04:00,14.59,14.59,14.58,14.58,1705.0,14.586
2026-05-08 13:51:00-04:00,14.59,14.59,14.56,14.56,11385.0,14.578
2026-05-08 13:52:00-04:00,14.56,14.57,14.56,14.57,1922.0,14.567
2026-05-08 13:53:00-04:00,14.56,14.57,14.55,14.56,3732.0,14.567
2026-05-08 13:54:00-04:00,14.56,14.59,14.56,14.58,3079.0,14.574
2026-05-08 13:55:00-04:00,14.58,14.59,14.56,14.58,15487.0,14.57
2026-05-08 13:56:00-04:00,14.58,14.59,14.57,14.57,2449.0,14.582
2026-05-08 13:57:00-04:00,14.57,14.57,14.56,14.56,1290.0,14.563
2026-05-08 13:58:00-04:00,14.55,14.55,14.54,14.54,2243.0,14.548
2026-05-08 13:59:00-04:00,14.53,14.54,14.51,14.52,15171.0,14.529
2026-05-08 14:00:00-04:00,14.52,14.6,14.52,14.59,20225.0,14.547
2026-05-08 14:01:00-04:00,14.59,14.59,14.57,14.57,6342.0,14.576
2026-05-08 14:02:00-04:00,14.57,14.57,14.55,14.55,2116.0,14.56
2026-05-08 14:03:00-04:00,14.55,14.57,14.55,14.57,3154.0,14.555
2026-05-08 14:04:00-04:00,14.56,14.56,14.55,14.55,5792.0,14.558
2026-05-08 14:05:00-04:00,14.56,14.58,14.55,14.57,2879.0,14.57
2026-05-08 14:06:00-04:00,14.57,14.6,14.57,14.6,4632.0,14.578
2026-05-08 14:07:00-04:00,14.59,14.6,14.59,14.59,1758.0,14.593
2026-05-08 14:08:00-04:00,14.59,14.6,14.58,14.59,2112.0,14.591
2026-05-08 14:09:00-04:00,14.59,14.59,14.55,14.55,13504.0,14.565
2026-05-08 14:10:00-04:00,14.55,14.57,14.55,14.55,14528.0,14.563
2026-05-08 14:11:00-04:00,14.54,14.54,14.51,14.52,32353.0,14.516
2026-05-08 14:12:00-04:00,14.53,14.56,14.51,14.55,16536.0,14.524
2026-05-08 14:13:00-04:00,14.55,14.56,14.53,14.54,3240.0,14.542
2026-05-08 14:14:00-04:00,14.53,14.53,14.52,14.53,6663.0,14.526
2026-05-08 14:15:00-04:00,14.53,14.54,14.53,14.54,3093.0,14.536
2026-05-08 14:16:00-04:00,14.54,14.54,14.53,14.54,738.0,14.535
2026-05-08 14:17:00-04:00,14.54,14.56,14.54,14.55,2701.0,14.546
2026-05-08 14:18:00-04:00,14.55,14.55,14.54,14.54,2009.0,14.547
2026-05-08 14:19:00-04:00,14.54,14.56,14.54,14.55,1694.0,14.545
2026-05-08 14:20:00-04:00,14.55,14.56,14.55,14.55,1605.0,14.553
2026-05-08 14:21:00-04:00,14.54,14.56,14.54,14.55,1500.0,14.558
2026-05-08 14:22:00-04:00,14.55,14.56,14.55,14.56,1086.0,14.556
2026-05-08 14:23:00-04:00,14.56,14.57,14.55,14.56,2703.0,14.557
2026-05-08 14:24:00-04:00,14.55,14.57,14.55,14.57,2714.0,14.559
2026-05-08 14:25:00-04:00,14.56,14.58,14.56,14.57,2576.0,14.57
2026-05-08 14:26:00-04:00,14.57,14.57,14.57,14.57,588.0,14.57
2026-05-08 14:27:00-04:00,14.58,14.58,14.57,14.57,1315.0,14.577
2026-05-08 14:28:00-04:00,14.57,14.61,14.57,14.6,9658.0,14.595
2026-05-08 14:29:00-04:00,14.6,14.61,14.6,14.6,615.0,14.601
2026-05-08 14:30:00-04:00,14.6,14.6,14.58,14.58,2248.0,14.589
2026-05-08 14:31:00-04:00,14.59,14.59,14.56,14.57,3416.0,14.578
2026-05-08 14:32:00-04:00,14.57,14.58,14.57,14.58,2160.0,14.572
2026-05-08 14:33:00-04:00,14.57,14.58,14.57,14.57,554.0,14.571
2026-05-08 14:34:00-04:00,14.57,14.58,14.56,14.58,4881.0,14.571
2026-05-08 14:35:00-04:00,14.57,14.58,14.57,14.58,1760.0,14.577
2026-05-08 14:36:00-04:00,14.58,14.58,14.56,14.57,3456.0,14.574
2026-05-08 14:37:00-04:00,14.57,14.58,14.56,14.57,1500.0,14.569
2026-05-08 14:38:00-04:00,14.56,14.57,14.56,14.56,864.0,14.563
2026-05-08 14:39:00-04:00,14.56,14.57,14.56,14.57,1686.0,14.565
2026-05-08 14:40:00-04:00,14.56,14.56,14.55,14.55,1385.0,14.555
2026-05-08 14:41:00-04:00,14.55,14.56,14.55,14.55,769.0,14.551
2026-05-08 14:42:00-04:00,14.56,14.57,14.56,14.56,900.0,14.561
2026-05-08 14:43:00-04:00,14.57,14.57,14.56,14.57,412.0,14.57
2026-05-08 14:44:00-04:00,14.56,14.57,14.53,14.54,4073.0,14.551
2026-05-08 14:45:00-04:00,14.53,14.55,14.53,14.54,1859.0,14.536
2026-05-08 14:46:00-04:00,14.53,14.54,14.53,14.54,3878.0,14.536
2026-05-08 14:47:00-04:00,14.53,14.54,14.53,14.54,812.0,14.531
2026-05-08 14:48:00-04:00,14.53,14.53,14.52,14.53,1240.0,14.529
2026-05-08 14:49:00-04:00,14.54,14.54,14.52,14.52,2288.0,14.531
2026-05-08 14:50:00-04:00,14.52,14.53,14.52,14.53,4087.0,14.526
2026-05-08 14:51:00-04:00,14.54,14.55,14.53,14.54,4335.0,14.542
2026-05-08 14:52:00-04:00,14.54,14.55,14.54,14.54,1480.0,14.544
2026-05-08 14:53:00-04:00,14.54,14.55,14.53,14.53,2375.0,14.535
2026-05-08 14:54:00-04:00,14.52,14.52,14.51,14.51,1441.0,14.519
2026-05-08 14:55:00-04:00,14.51,14.52,14.5,14.52,4770.0,14.509
2026-05-08 14:56:00-04:00,14.52,14.54,14.52,14.54,2513.0,14.534
2026-05-08 14:57:00-04:00,14.54,14.55,14.54,14.54,1043.0,14.543
2026-05-08 14:58:00-04:00,14.54,14.55,14.53,14.54,3064.0,14.536
2026-05-08 14:59:00-04:00,14.54,14.54,14.5,14.51,10811.0,14.511
2026-05-08 15:00:00-04:00,14.51,14.52,14.51,14.52,12657.0,14.52
2026-05-08 15:01:00-04:00,14.52,14.52,14.51,14.52,1782.0,14.518
2026-05-08 15:02:00-04:00,14.51,14.52,14.51,14.52,2234.0,14.518
2026-05-08 15:03:00-04:00,14.52,14.57,14.52,14.56,21110.0,14.526
2026-05-08 15:04:00-04:00,14.55,14.56,14.55,14.55,18462.0,14.55
2026-05-08 15:05:00-04:00,14.54,14.58,14.54,14.56,3671.0,14.562
2026-05-08 15:06:00-04:00,14.57,14.59,14.57,14.58,11786.0,14.584
2026-05-08 15:07:00-04:00,14.58,14.58,14.56,14.56,7132.0,14.572
2026-05-08 15:08:00-04:00,14.56,14.58,14.56,14.58,1431.0,14.573
2026-05-08 15:09:00-04:00,14.58,14.58,14.58,14.58,855.0,14.58
2026-05-08 15:10:00-04:00,14.58,14.61,14.58,14.6,3106.0,14.592
2026-05-08 15:11:00-04:00,14.6,14.61,14.6,14.6,7770.0,14.604
2026-05-08 15:12:00-04:00,14.61,14.62,14.61,14.62,400.0,14.615
2026-05-08 15:13:00-04:00,14.61,14.61,14.61,14.61,568.0,14.61
2026-05-08 15:14:00-04:00,14.61,14.62,14.58,14.58,4047.0,14.595
2026-05-08 15:15:00-04:00,14.59,14.62,14.59,14.62,1649.0,14.598
2026-05-08 15:16:00-04:00,14.61,14.63,14.61,14.62,891.0,14.616
2026-05-08 15:17:00-04:00,14.62,14.62,14.61,14.62,2488.0,14.62
2026-05-08 15:18:00-04:00,14.62,14.63,14.61,14.63,1965.0,14.625
2026-05-08 15:19:00-04:00,14.62,14.63,14.62,14.63,1992.0,14.622
2026-05-08 15:20:00-04:00,14.62,14.66,14.62,14.64,11426.0,14.645
2026-05-08 15:21:00-04:00,14.63,14.64,14.63,14.63,3100.0,14.632
2026-05-08 15:22:00-04:00,14.63,14.64,14.62,14.62,4300.0,14.632
2026-05-08 15:23:00-04:00,14.62,14.63,14.61,14.62,3020.0,14.62
2026-05-08 15:24:00-04:00,14.62,14.62,14.61,14.61,2950.0,14.613
2026-05-08 15:25:00-04:00,14.62,14.63,14.61,14.63,4441.0,14.62
2026-05-08 15:26:00-04:00,14.63,14.64,14.63,14.63,2127.0,14.632
2026-05-08 15:27:00-04:00,14.64,14.65,14.64,14.65,2953.0,14.643
2026-05-08 15:28:00-04:00,14.64,14.65,14.64,14.64,3422.0,14.645
2026-05-08 15:29:00-04:00,14.64,14.64,14.61,14.62,4416.0,14.63
2026-05-08 15:30:00-04:00,14.62,14.63,14.61,14.62,5381.0,14.617
2026-05-08 15:31:00-04:00,14.62,14.63,14.61,14.62,3194.0,14.621
2026-05-08 15:32:00-04:00,14.61,14.62,14.6,14.6,5857.0,14.617
2026-05-08 15:33:00-04:00,14.6,14.62,14.6,14.62,4624.0,14.606
2026-05-08 15:34:00-04:00,14.61,14.62,14.61,14.61,2707.0,14.614
2026-05-08 15:35:00-04:00,14.62,14.62,14.57,14.58,10049.0,14.589
2026-05-08 15:36:00-04:00,14.58,14.59,14.53,14.54,9174.0,14.559
2026-05-08 15:37:00-04:00,14.54,14.54,14.52,14.54,7237.0,14.534
2026-05-08 15:38:00-04:00,14.53,14.53,14.52,14.52,1800.0,14.523
2026-05-08 15:39:00-04:00,14.52,14.53,14.52,14.52,2852.0,14.522
2026-05-08 15:40:00-04:00,14.52,14.53,14.51,14.52,6319.0,14.519
2026-05-08 15:41:00-04:00,14.52,14.53,14.51,14.52,24907.0,14.524
2026-05-08 15:42:00-04:00,14.51,14.52,14.51,14.51,1285.0,14.512
2026-05-08 15:43:00-04:00,14.51,14.52,14.49,14.5,11817.0,14.502
2026-05-08 15:44:00-04:00,14.5,14.51,14.46,14.47,37885.0,14.489
2026-05-08 15:45:00-04:00,14.47,14.5,14.47,14.49,8928.0,14.483
2026-05-08 15:46:00-04:00,14.49,14.49,14.47,14.47,2807.0,14.483
2026-05-08 15:47:00-04:00,14.47,14.5,14.47,14.49,12781.0,14.486
2026-05-08 15:48:00-04:00,14.5,14.52,14.49,14.5,14819.0,14.503
2026-05-08 15:49:00-04:00,14.5,14.51,14.49,14.49,10553.0,14.501
2026-05-08 15:50:00-04:00,14.5,14.53,14.5,14.52,11230.0,14.514
2026-05-08 15:51:00-04:00,14.52,14.53,14.51,14.52,19945.0,14.522
2026-05-08 15:52:00-04:00,14.52,14.55,14.52,14.54,9274.0,14.53
2026-05-08 15:53:00-04:00,14.54,14.55,14.52,14.52,7543.0,14.535
2026-05-08 15:54:00-04:00,14.52,14.53,14.51,14.51,28475.0,14.517
2026-05-08 15:55:00-04:00,14.51,14.53,14.51,14.52,123374.0,14.516
2026-05-08 15:56:00-04:00,14.52,14.55,14.52,14.52,77845.0,14.525
2026-05-08 15:57:00-04:00,14.52,14.53,14.46,14.5,264162.0,14.496
2026-05-08 15:58:00-04:00,14.5,14.54,14.49,14.49,105180.0,14.509
2026-05-08 15:59:00-04:00,14.5,14.5,14.49,14.5,90050.0,14.496
2026-05-11 09:30:00-04:00,14.43,14.43,14.3,14.3,98081.0,14.42
2026-05-11 09:31:00-04:00,14.33,14.34,14.28,14.32,24659.0,14.308
2026-05-11 09:32:00-04:00,14.31,14.36,14.28,14.32,17212.0,14.33
2026-05-11 09:33:00-04:00,14.32,14.43,14.32,14.36,12441.0,14.388
2026-05-11 09:34:00-04:00,14.34,14.37,14.31,14.34,26020.0,14.347
2026-05-11 09:35:00-04:00,14.35,14.38,14.33,14.35,28176.0,14.356
2026-05-11 09:36:00-04:00,14.34,14.34,14.15,14.15,28353.0,14.264
2026-05-11 09:37:00-04:00,14.15,14.15,14.11,14.14,25670.0,14.136
2026-05-11 09:38:00-04:00,14.16,14.21,14.14,14.14,10997.0,14.174
2026-05-11 09:39:00-04:00,14.14,14.14,14.1,14.13,19687.0,14.122
2026-05-11 09:40:00-04:00,14.14,14.16,14.1,14.13,12395.0,14.133
2026-05-11 09:41:00-04:00,14.11,14.15,14.09,14.09,13397.0,14.117
2026-05-11 09:42:00-04:00,14.08,14.09,13.95,13.96,49111.0,14.028
2026-05-11 09:43:00-04:00,13.96,13.99,13.94,13.97,21538.0,13.961
2026-05-11 09:44:00-04:00,13.98,13.99,13.95,13.98,18892.0,13.969
2026-05-11 09:45:00-04:00,13.99,14.02,13.9,13.92,37817.0,13.956
2026-05-11 09:46:00-04:00,13.92,13.95,13.86,13.88,39615.0,13.916
2026-05-11 09:47:00-04:00,13.87,13.91,13.86,13.89,28976.0,13.885
2026-05-11 09:48:00-04:00,13.87,13.9,13.86,13.89,17535.0,13.872
2026-05-11 09:49:00-04:00,13.88,13.95,13.87,13.94,15793.0,13.907
2026-05-11 09:50:00-04:00,13.93,13.95,13.86,13.88,29032.0,13.89
2026-05-11 09:51:00-04:00,13.89,13.98,13.89,13.94,13852.0,13.934
2026-05-11 09:52:00-04:00,13.94,13.94,13.9,13.91,14906.0,13.917
2026-05-11 09:53:00-04:00,13.9,13.93,13.9,13.91,33225.0,13.906
2026-05-11 09:54:00-04:00,13.9,13.94,13.88,13.93,229687.0,13.9
2026-05-11 09:55:00-04:00,13.93,13.96,13.93,13.94,31709.0,13.944
2026-05-11 09:56:00-04:00,13.94,13.96,13.92,13.92,13286.0,13.943
2026-05-11 09:57:00-04:00,13.92,13.94,13.91,13.91,15607.0,13.93
2026-05-11 09:58:00-04:00,13.91,13.93,13.87,13.88,53552.0,13.915
2026-05-11 09:59:00-04:00,13.89,13.97,13.87,13.97,31119.0,13.929
2026-05-11 10:00:00-04:00,13.96,13.98,13.95,13.97,46791.0,13.969
2026-05-11 10:01:00-04:00,13.96,13.98,13.95,13.97,16693.0,13.968
2026-05-11 10:02:00-04:00,13.97,13.97,13.94,13.94,16216.0,13.955
2026-05-11 10:03:00-04:00,13.95,13.96,13.92,13.93,12145.0,13.938
2026-05-11 10:04:00-04:00,13.93,13.94,13.92,13.93,17706.0,13.925
2026-05-11 10:05:00-04:00,13.93,13.98,13.93,13.97,12976.0,13.958
2026-05-11 10:06:00-04:00,13.98,14.0,13.97,13.99,8662.0,13.988
2026-05-11 10:07:00-04:00,13.99,14.01,13.98,14.0,14039.0,13.994
2026-05-11 10:08:00-04:00,13.99,14.0,13.98,13.98,13941.0,13.996
2026-05-11 10:09:00-04:00,13.98,14.06,13.98,14.05,29456.0,14.011
2026-05-11 10:10:00-04:00,14.04,14.07,14.03,14.06,13673.0,14.046
2026-05-11 10:11:00-04:00,14.06,14.15,14.06,14.15,7226.0,14.115
2026-05-11 10:12:00-04:00,14.15,14.15,14.08,14.08,11466.0,14.122
2026-05-11 10:13:00-04:00,14.08,14.1,14.07,14.09,18462.0,14.084
2026-05-11 10:14:00-04:00,14.08,14.11,14.08,14.11,10925.0,14.104
2026-05-11 10:15:00-04:00,14.11,14.15,14.1,14.14,23436.0,14.121
2026-05-11 10:16:00-04:00,14.14,14.15,14.14,14.14,3849.0,14.143
2026-05-11 10:17:00-04:00,14.14,14.14,14.12,14.13,8268.0,14.134
2026-05-11 10:18:00-04:00,14.13,14.16,14.13,14.13,26559.0,14.141
2026-05-11 10:19:00-04:00,14.13,14.14,14.1,14.11,2571.0,14.12
2026-05-11 10:20:00-04:00,14.11,14.11,14.09,14.09,9464.0,14.098
2026-05-11 10:21:00-04:00,14.1,14.12,14.09,14.11,14911.0,14.103
2026-05-11 10:22:00-04:00,14.1,14.15,14.1,14.15,13900.0,14.133
2026-05-11 10:23:00-04:00,14.15,14.16,14.12,14.13,14577.0,14.147
2026-05-11 10:24:00-04:00,14.13,14.15,14.12,14.14,7096.0,14.134
2026-05-11 10:25:00-04:00,14.14,14.23,14.14,14.18,24473.0,14.183
2026-05-11 10:26:00-04:00,14.18,14.2,14.18,14.19,6002.0,14.19
2026-05-11 10:27:00-04:00,14.2,14.21,14.17,14.18,9455.0,14.192
2026-05-11 10:28:00-04:00,14.17,14.17,14.14,14.14,14529.0,14.149
2026-05-11 10:29:00-04:00,14.14,14.15,14.12,14.13,13623.0,14.134
2026-05-11 10:30:00-04:00,14.13,14.15,14.11,14.13,7057.0,14.136
2026-05-11 10:31:00-04:00,14.14,14.14,14.1,14.1,9492.0,14.117
2026-05-11 10:32:00-04:00,14.1,14.11,14.09,14.09,6108.0,14.098
2026-05-11 10:33:00-04:00,14.09,14.11,14.09,14.1,4021.0,14.102
2026-05-11 10:34:00-04:00,14.11,14.12,14.07,14.07,15757.0,14.098
2026-05-11 10:35:00-04:00,14.07,14.08,14.06,14.07,8871.0,14.068
2026-05-11 10:36:00-04:00,14.07,14.11,14.07,14.1,16277.0,14.085
2026-05-11 10:37:00-04:00,14.11,14.13,14.1,14.13,7506.0,14.114
2026-05-11 10:38:00-04:00,14.12,14.12,14.1,14.1,9234.0,14.107
2026-05-11 10:39:00-04:00,14.1,14.12,14.1,14.12,4330.0,14.113
2026-05-11 10:40:00-04:00,14.13,14.17,14.12,14.16,32699.0,14.161
2026-05-11 10:41:00-04:00,14.16,14.16,14.15,14.15,3893.0,14.155
2026-05-11 10:42:00-04:00,14.14,14.14,14.1,14.1,4047.0,14.133
2026-05-11 10:43:00-04:00,14.1,14.12,14.07,14.07,31744.0,14.1
2026-05-11 10:44:00-04:00,14.07,14.07,14.06,14.07,2359.0,14.069
2026-05-11 10:45:00-04:00,14.07,14.1,14.07,14.09,7000.0,14.083
2026-05-11 10:46:00-04:00,14.09,14.1,14.08,14.09,4663.0,14.092
2026-05-11 10:47:00-04:00,14.09,14.1,14.08,14.09,5627.0,14.09
2026-05-11 10:48:00-04:00,14.09,14.1,14.08,14.08,7981.0,14.083
2026-05-11 10:49:00-04:00,14.08,14.1,14.08,14.08,7155.0,14.085
2026-05-11 10:50:00-04:00,14.07,14.07,14.05,14.05,4738.0,14.065
2026-05-11 10:51:00-04:00,14.05,14.06,14.03,14.04,7646.0,14.049
2026-05-11 10:52:00-04:00,14.03,14.04,14.02,14.02,4970.0,14.035
2026-05-11 10:53:00-04:00,14.02,14.03,14.02,14.02,2575.0,14.027
2026-05-11 10:54:00-04:00,14.02,14.04,14.02,14.03,5044.0,14.034
2026-05-11 10:55:00-04:00,14.04,14.06,14.03,14.05,7660.0,14.046
2026-05-11 10:56:00-04:00,14.05,14.06,14.03,14.05,16321.0,14.048
2026-05-11 10:57:00-04:00,14.06,14.06,14.04,14.05,7850.0,14.05
2026-05-11 10:58:00-04:00,14.05,14.12,14.05,14.12,14930.0,14.082
2026-05-11 10:59:00-04:00,14.13,14.15,14.13,14.15,9540.0,14.14
2026-05-11 11:00:00-04:00,14.15,14.15,14.14,14.15,4284.0,14.148
2026-05-11 11:01:00-04:00,14.14,14.18,14.13,14.16,29762.0,14.158
2026-05-11 11:02:00-04:00,14.15,14.16,14.13,14.13,6483.0,14.143
2026-05-11 11:03:00-04:00,14.12,14.13,14.05,14.05,32129.0,14.094
2026-05-11 11:04:00-04:00,14.05,14.07,14.04,14.04,46328.0,14.057
2026-05-11 11:05:00-04:00,14.04,14.05,14.04,14.04,5306.0,14.047
2026-05-11 11:06:00-04:00,14.04,14.06,14.03,14.04,18257.0,14.048
2026-05-11 11:07:00-04:00,14.04,14.06,14.01,14.01,37459.0,14.031
2026-05-11 11:08:00-04:00,14.02,14.04,14.02,14.04,9183.0,14.029
2026-05-11 11:09:00-04:00,14.04,14.05,14.03,14.04,31975.0,14.042
2026-05-11 11:10:00-04:00,14.04,14.05,14.04,14.04,19491.0,14.045
2026-05-11 11:11:00-04:00,14.04,14.05,14.01,14.01,12332.0,14.026
2026-05-11 11:12:00-04:00,14.02,14.02,13.99,13.99,37320.0,14.005
2026-05-11 11:13:00-04:00,13.99,14.05,13.99,14.04,19705.0,14.016
2026-05-11 11:14:00-04:00,14.04,14.05,14.03,14.04,17117.0,14.043
2026-05-11 11:15:00-04:00,14.04,14.04,14.03,14.04,2971.0,14.035
2026-05-11 11:16:00-04:00,14.04,14.11,14.04,14.11,12430.0,14.073
2026-05-11 11:17:00-04:00,14.11,14.11,14.09,14.09,1262.0,14.102
2026-05-11 11:18:00-04:00,14.09,14.09,14.07,14.07,6542.0,14.08
2026-05-11 11:19:00-04:00,14.07,14.1,14.07,14.07,37472.0,14.087
2026-05-11 11:20:00-04:00,14.07,14.14,14.07,14.13,14792.0,14.104
2026-05-11 11:21:00-04:00,14.12,14.13,14.11,14.12,794.0,14.119
2026-05-11 11:22:00-04:00,14.11,14.13,14.11,14.12,10850.0,14.122
2026-05-11 11:23:00-04:00,14.11,14.11,14.09,14.1,3900.0,14.099
2026-05-11 11:24:00-04:00,14.11,14.11,14.1,14.1,2074.0,14.108
2026-05-11 11:25:00-04:00,14.1,14.12,14.09,14.11,4492.0,14.102
2026-05-11 11:26:00-04:00,14.1,14.11,14.1,14.11,1550.0,14.11
2026-05-11 11:27:00-04:00,14.11,14.15,14.11,14.14,5078.0,14.126
2026-05-11 11:28:00-04:00,14.14,14.17,14.14,14.17,3705.0,14.161
2026-05-11 11:29:00-04:00,14.17,14.17,14.15,14.16,5668.0,14.162
2026-05-11 11:30:00-04:00,14.16,14.18,14.16,14.17,4628.0,14.173
2026-05-11 11:31:00-04:00,14.18,14.18,14.15,14.15,3478.0,14.169
2026-05-11 11:32:00-04:00,14.15,14.15,14.13,14.13,2740.0,14.146
2026-05-11 11:33:00-04:00,14.13,14.15,14.12,14.15,7490.0,14.141
2026-05-11 11:34:00-04:00,14.14,14.15,14.13,14.14,3813.0,14.141
2026-05-11 11:35:00-04:00,14.15,14.15,14.13,14.13,11114.0,14.144
2026-05-11 11:36:00-04:00,14.13,14.19,14.13,14.15,12566.0,14.158
2026-05-11 11:37:00-04:00,14.16,14.17,14.16,14.16,5419.0,14.16
2026-05-11 11:38:00-04:00,14.16,14.16,14.15,14.16,2557.0,14.158
2026-05-11 11:39:00-04:00,14.16,14.23,14.16,14.22,50259.0,14.21
2026-05-11 11:40:00-04:00,14.22,14.24,14.21,14.22,28924.0,14.234
2026-05-11 11:41:00-04:00,14.21,14.22,14.19,14.2,10064.0,14.202
2026-05-11 11:42:00-04:00,14.2,14.21,14.16,14.17,13616.0,14.193
2026-05-11 11:43:00-04:00,14.17,14.19,14.16,14.18,11565.0,14.176
2026-05-11 11:44:00-04:00,14.19,14.22,14.19,14.21,6476.0,14.202
2026-05-11 11:45:00-04:00,14.21,14.22,14.21,14.21,1375.0,14.215
2026-05-11 11:46:00-04:00,14.21,14.22,14.21,14.21,5593.0,14.215
2026-05-11 11:47:00-04:00,14.22,14.25,14.22,14.23,17370.0,14.236
2026-05-11 11:48:00-04:00,14.24,14.25,14.24,14.25,8759.0,14.243
2026-05-11 11:49:00-04:00,14.25,14.28,14.25,14.26,5973.0,14.267
2026-05-11 11:50:00-04:00,14.25,14.26,14.24,14.24,1881.0,14.249
2026-05-11 11:51:00-04:00,14.24,14.26,14.24,14.25,6201.0,14.251
2026-05-11 11:52:00-04:00,14.25,14.26,14.24,14.26,6187.0,14.255
2026-05-11 11:53:00-04:00,14.26,14.26,14.25,14.25,3500.0,14.252
2026-05-11 11:54:00-04:00,14.25,14.27,14.24,14.26,8191.0,14.253
2026-05-11 11:55:00-04:00,14.26,14.29,14.26,14.29,16546.0,14.272
2026-05-11 11:56:00-04:00,14.28,14.28,14.27,14.27,1618.0,14.278
2026-05-11 11:57:00-04:00,14.27,14.31,14.25,14.28,65281.0,14.291
2026-05-11 11:58:00-04:00,14.28,14.28,14.27,14.28,1060.0,14.276
2026-05-11 11:59:00-04:00,14.27,14.28,14.25,14.25,4202.0,14.261
2026-05-11 12:00:00-04:00,14.25,14.28,14.24,14.27,24022.0,14.264
2026-05-11 12:01:00-04:00,14.28,14.29,14.27,14.27,3450.0,14.278
2026-05-11 12:02:00-04:00,14.27,14.28,14.27,14.27,4718.0,14.276
2026-05-11 12:03:00-04:00,14.27,14.28,14.27,14.27,5457.0,14.271
2026-05-11 12:04:00-04:00,14.28,14.33,14.27,14.32,36587.0,14.284
2026-05-11 12:05:00-04:00,14.32,14.33,14.31,14.32,3185.0,14.312
2026-05-11 12:06:00-04:00,14.33,14.35,14.32,14.34,3622.0,14.334
2026-05-11 12:07:00-04:00,14.34,14.34,14.33,14.33,1980.0,14.336
2026-05-11 12:08:00-04:00,14.33,14.36,14.33,14.33,4828.0,14.344
2026-05-11 12:09:00-04:00,14.33,14.34,14.32,14.33,5033.0,14.33
2026-05-11 12:10:00-04:00,14.33,14.34,14.33,14.33,6476.0,14.333
2026-05-11 12:11:00-04:00,14.33,14.34,14.32,14.33,4750.0,14.332
2026-05-11 12:12:00-04:00,14.33,14.38,14.33,14.38,7790.0,14.35
2026-05-11 12:13:00-04:00,14.38,14.38,14.36,14.37,5999.0,14.371
2026-05-11 12:14:00-04:00,14.36,14.37,14.36,14.37,1340.0,14.365
2026-05-11 12:15:00-04:00,14.37,14.37,14.33,14.33,5424.0,14.348
2026-05-11 12:16:00-04:00,14.34,14.35,14.33,14.34,38547.0,14.334
2026-05-11 12:17:00-04:00,14.33,14.34,14.33,14.33,3722.0,14.333
2026-05-11 12:18:00-04:00,14.33,14.35,14.33,14.35,3293.0,14.343
2026-05-11 12:19:00-04:00,14.35,14.36,14.35,14.36,3243.0,14.357
2026-05-11 12:20:00-04:00,14.36,14.36,14.34,14.34,5073.0,14.349
2026-05-11 12:21:00-04:00,14.34,14.37,14.34,14.37,2200.0,14.351
2026-05-11 12:22:00-04:00,14.36,14.37,14.34,14.35,7250.0,14.35
2026-05-11 12:23:00-04:00,14.35,14.35,14.32,14.32,17701.0,14.33
2026-05-11 12:24:00-04:00,14.33,14.33,14.32,14.32,1920.0,14.325
2026-05-11 12:25:00-04:00,14.31,14.32,14.28,14.29,7919.0,14.295
2026-05-11 12:26:00-04:00,14.29,14.31,14.29,14.31,2713.0,14.303
2026-05-11 12:27:00-04:00,14.31,14.32,14.31,14.32,3730.0,14.314
2026-05-11 12:28:00-04:00,14.32,14.34,14.32,14.33,3924.0,14.332
2026-05-11 12:29:00-04:00,14.33,14.36,14.33,14.35,10739.0,14.339
2026-05-11 12:30:00-04:00,14.35,14.36,14.34,14.34,6305.0,14.352
2026-05-11 12:31:00-04:00,14.34,14.35,14.34,14.34,6420.0,14.345
2026-05-11 12:32:00-04:00,14.35,14.35,14.33,14.33,3300.0,14.336
2026-05-11 12:33:00-04:00,14.33,14.34,14.33,14.33,3796.0,14.331
2026-05-11 12:34:00-04:00,14.33,14.38,14.32,14.38,29533.0,14.33
2026-05-11 12:35:00-04:00,14.38,14.38,14.37,14.38,2600.0,14.379
2026-05-11 12:36:00-04:00,14.38,14.38,14.31,14.31,10133.0,14.348
2026-05-11 12:37:00-04:00,14.31,14.33,14.31,14.33,2912.0,14.319
2026-05-11 12:38:00-04:00,14.32,14.33,14.32,14.33,4752.0,14.324
2026-05-11 12:39:00-04:00,14.33,14.34,14.32,14.32,2640.0,14.322
2026-05-11 12:40:00-04:00,14.31,14.32,14.31,14.32,1400.0,14.319
2026-05-11 12:41:00-04:00,14.33,14.34,14.31,14.32,15226.0,14.32
2026-05-11 12:42:00-04:00,14.31,14.31,14.25,14.26,5500.0,14.272
2026-05-11 12:43:00-04:00,14.25,14.29,14.25,14.28,4207.0,14.27
2026-05-11 12:44:00-04:00,14.27,14.28,14.26,14.26,12270.0,14.264
2026-05-11 12:45:00-04:00,14.26,14.29,14.25,14.29,16939.0,14.259
2026-05-11 12:46:00-04:00,14.29,14.3,14.28,14.29,3010.0,14.292
2026-05-11 12:47:00-04:00,14.3,14.32,14.29,14.32,4769.0,14.3
2026-05-11 12:48:00-04:00,14.32,14.33,14.31,14.31,845.0,14.321
2026-05-11 12:49:00-04:00,14.31,14.32,14.31,14.31,4202.0,14.312
2026-05-11 12:50:00-04:00,14.3,14.32,14.3,14.31,2765.0,14.309
2026-05-11 12:51:00-04:00,14.32,14.32,14.3,14.3,6100.0,14.313
2026-05-11 12:52:00-04:00,14.29,14.32,14.29,14.31,3725.0,14.3
2026-05-11 12:53:00-04:00,14.32,14.32,14.31,14.31,3000.0,14.314
2026-05-11 12:54:00-04:00,14.32,14.33,14.32,14.32,5403.0,14.32
2026-05-11 12:55:00-04:00,14.31,14.31,14.3,14.3,2283.0,14.307
2026-05-11 12:56:00-04:00,14.3,14.32,14.3,14.31,4434.0,14.311
2026-05-11 12:57:00-04:00,14.32,14.34,14.32,14.32,5007.0,14.325
2026-05-11 12:58:00-04:00,14.32,14.35,14.32,14.34,4184.0,14.339
2026-05-11 12:59:00-04:00,14.34,14.36,14.34,14.35,10496.0,14.348
2026-05-11 13:00:00-04:00,14.36,14.37,14.36,14.37,1787.0,14.365
2026-05-11 13:01:00-04:00,14.36,14.37,14.35,14.35,9380.0,14.359
2026-05-11 13:02:00-04:00,14.35,14.36,14.34,14.34,4639.0,14.345
2026-05-11 13:03:00-04:00,14.34,14.35,14.34,14.35,2903.0,14.345
2026-05-11 13:04:00-04:00,14.34,14.37,14.33,14.36,21381.0,14.344
2026-05-11 13:05:00-04:00,14.35,14.36,14.34,14.36,29815.0,14.343
2026-05-11 13:06:00-04:00,14.34,14.34,14.27,14.29,14345.0,14.316
2026-05-11 13:07:00-04:00,14.29,14.3,14.29,14.29,1392.0,14.297
2026-05-11 13:08:00-04:00,14.29,14.3,14.29,14.3,2001.0,14.298
2026-05-11 13:09:00-04:00,14.3,14.31,14.3,14.3,2594.0,14.305
2026-05-11 13:10:00-04:00,14.3,14.32,14.3,14.32,4938.0,14.31
2026-05-11 13:11:00-04:00,14.33,14.34,14.33,14.33,1200.0,14.331
2026-05-11 13:12:00-04:00,14.33,14.34,14.32,14.32,6669.0,14.331
2026-05-11 13:13:00-04:00,14.32,14.35,14.32,14.35,7311.0,14.331
2026-05-11 13:14:00-04:00,14.34,14.37,14.34,14.37,2865.0,14.353
2026-05-11 13:15:00-04:00,14.37,14.37,14.35,14.35,4844.0,14.36
2026-05-11 13:16:00-04:00,14.35,14.38,14.35,14.38,8759.0,14.361
2026-05-11 13:17:00-04:00,14.38,14.4,14.38,14.39,4544.0,14.389
2026-05-11 13:18:00-04:00,14.39,14.4,14.38,14.38,1526.0,14.39
2026-05-11 13:19:00-04:00,14.38,14.39,14.38,14.38,1066.0,14.385
2026-05-11 13:20:00-04:00,14.39,14.41,14.37,14.38,21795.0,14.394
2026-05-11 13:21:00-04:00,14.37,14.38,14.35,14.35,9781.0,14.37
2026-05-11 13:22:00-04:00,14.35,14.35,14.34,14.34,3699.0,14.344
2026-05-11 13:23:00-04:00,14.34,14.35,14.33,14.33,4003.0,14.338
2026-05-11 13:24:00-04:00,14.33,14.35,14.33,14.33,4719.0,14.342
2026-05-11 13:25:00-04:00,14.33,14.34,14.33,14.33,2358.0,14.332
2026-05-11 13:26:00-04:00,14.33,14.34,14.33,14.33,6576.0,14.338
2026-05-11 13:27:00-04:00,14.33,14.33,14.31,14.31,4352.0,14.321
2026-05-11 13:28:00-04:00,14.31,14.31,14.3,14.3,3262.0,14.305
2026-05-11 13:29:00-04:00,14.3,14.33,14.3,14.32,3345.0,14.314
2026-05-11 13:30:00-04:00,14.32,14.33,14.32,14.33,1670.0,14.329
2026-05-11 13:31:00-04:00,14.33,14.34,14.33,14.33,1308.0,14.335
2026-05-11 13:32:00-04:00,14.33,14.37,14.3,14.31,125312.0,14.333
2026-05-11 13:33:00-04:00,14.3,14.31,14.3,14.3,1100.0,14.302
2026-05-11 13:34:00-04:00,14.3,14.33,14.3,14.3,9209.0,14.309
2026-05-11 13:35:00-04:00,14.3,14.31,14.26,14.26,6225.0,14.291
2026-05-11 13:36:00-04:00,14.26,14.29,14.26,14.29,3940.0,14.271
2026-05-11 13:37:00-04:00,14.29,14.29,14.28,14.28,4112.0,14.282
2026-05-11 13:38:00-04:00,14.27,14.28,14.27,14.27,800.0,14.274
2026-05-11 13:39:00-04:00,14.27,14.27,14.26,14.26,4285.0,14.263
2026-05-11 13:40:00-04:00,14.26,14.27,14.26,14.26,2570.0,14.264
2026-05-11 13:41:00-04:00,14.26,14.28,14.26,14.28,7580.0,14.277
2026-05-11 13:42:00-04:00,14.29,14.29,14.29,14.29,2050.0,14.29
2026-05-11 13:43:00-04:00,14.29,14.3,14.28,14.29,3599.0,14.288
2026-05-11 13:44:00-04:00,14.3,14.32,14.29,14.31,3738.0,14.307
2026-05-11 13:45:00-04:00,14.31,14.32,14.31,14.31,1670.0,14.314
2026-05-11 13:46:00-04:00,14.31,14.33,14.31,14.33,5321.0,14.326
2026-05-11 13:47:00-04:00,14.33,14.34,14.33,14.33,1844.0,14.331
2026-05-11 13:48:00-04:00,14.33,14.37,14.33,14.35,11510.0,14.365
2026-05-11 13:49:00-04:00,14.35,14.37,14.34,14.37,7440.0,14.352
2026-05-11 13:50:00-04:00,14.37,14.38,14.37,14.38,2248.0,14.378
2026-05-11 13:51:00-04:00,14.38,14.39,14.38,14.38,300.0,14.385
2026-05-11 13:52:00-04:00,14.38,14.39,14.37,14.38,3395.0,14.379
2026-05-11 13:53:00-04:00,14.37,14.39,14.37,14.39,2422.0,14.381
2026-05-11 13:54:00-04:00,14.4,14.4,14.37,14.38,1655.0,14.385
2026-05-11 13:55:00-04:00,14.38,14.38,14.37,14.38,550.0,14.375
2026-05-11 13:56:00-04:00,14.38,14.41,14.37,14.41,5392.0,14.388
2026-05-11 13:57:00-04:00,14.41,14.43,14.41,14.42,2874.0,14.42
2026-05-11 13:58:00-04:00,14.42,14.44,14.42,14.42,5639.0,14.427
2026-05-11 13:59:00-04:00,14.42,14.43,14.36,14.37,21103.0,14.397
2026-05-11 14:00:00-04:00,14.36,14.41,14.36,14.41,11890.0,14.375
2026-05-11 14:01:00-04:00,14.41,14.42,14.41,14.41,4638.0,14.413
2026-05-11 14:02:00-04:00,14.41,14.42,14.41,14.41,755.0,14.415
2026-05-11 14:03:00-04:00,14.41,14.45,14.41,14.44,5522.0,14.429
2026-05-11 14:04:00-04:00,14.45,14.45,14.42,14.42,7533.0,14.436
2026-05-11 14:05:00-04:00,14.42,14.44,14.42,14.43,3153.0,14.428
2026-05-11 14:06:00-04:00,14.43,14.45,14.43,14.44,3055.0,14.438
2026-05-11 14:07:00-04:00,14.45,14.46,14.42,14.44,12364.0,14.444
2026-05-11 14:08:00-04:00,14.43,14.46,14.43,14.46,2650.0,14.443
2026-05-11 14:09:00-04:00,14.45,14.47,14.43,14.43,16226.0,14.45
2026-05-11 14:10:00-04:00,14.43,14.49,14.43,14.48,12433.0,14.454
2026-05-11 14:11:00-04:00,14.48,14.53,14.47,14.53,18139.0,14.493
2026-05-11 14:12:00-04:00,14.53,14.53,14.5,14.51,8531.0,14.517
2026-05-11 14:13:00-04:00,14.52,14.52,14.5,14.52,10806.0,14.511
2026-05-11 14:14:00-04:00,14.52,14.54,14.52,14.54,9776.0,14.526
2026-05-11 14:15:00-04:00,14.54,14.55,14.53,14.54,23118.0,14.547
2026-05-11 14:16:00-04:00,14.54,14.54,14.53,14.54,6290.0,14.537
2026-05-11 14:17:00-04:00,14.54,14.54,14.53,14.54,3213.0,14.535
2026-05-11 14:18:00-04:00,14.54,14.54,14.53,14.53,2285.0,14.535
2026-05-11 14:19:00-04:00,14.54,14.56,14.53,14.54,117724.0,14.531
2026-05-11 14:20:00-04:00,14.54,14.54,14.47,14.47,6282.0,14.505
2026-05-11 14:21:00-04:00,14.47,14.5,14.47,14.49,33180.0,14.476
2026-05-11 14:22:00-04:00,14.49,14.55,14.49,14.54,6294.0,14.524
2026-05-11 14:23:00-04:00,14.55,14.56,14.55,14.56,2693.0,14.554
2026-05-11 14:24:00-04:00,14.55,14.57,14.55,14.56,4800.0,14.56
2026-05-11 14:25:00-04:00,14.56,14.57,14.55,14.55,5612.0,14.557
2026-05-11 14:26:00-04:00,14.55,14.58,14.55,14.57,3460.0,14.567
2026-05-11 14:27:00-04:00,14.57,14.58,14.56,14.57,10172.0,14.569
2026-05-11 14:28:00-04:00,14.57,14.58,14.57,14.57,1350.0,14.574
2026-05-11 14:29:00-04:00,14.58,14.58,14.51,14.52,18014.0,14.543
2026-05-11 14:30:00-04:00,14.51,14.52,14.49,14.5,11733.0,14.504
2026-05-11 14:31:00-04:00,14.51,14.52,14.5,14.52,10908.0,14.513
2026-05-11 14:32:00-04:00,14.52,14.53,14.51,14.51,6950.0,14.522
2026-05-11 14:33:00-04:00,14.51,14.52,14.51,14.51,1600.0,14.517
2026-05-11 14:34:00-04:00,14.51,14.53,14.51,14.52,4485.0,14.522
2026-05-11 14:35:00-04:00,14.51,14.52,14.51,14.51,1001.0,14.515
2026-05-11 14:36:00-04:00,14.51,14.53,14.51,14.52,3368.0,14.519
2026-05-11 14:37:00-04:00,14.52,14.53,14.52,14.52,4292.0,14.522
2026-05-11 14:38:00-04:00,14.52,14.53,14.52,14.52,6087.0,14.524
2026-05-11 14:39:00-04:00,14.52,14.53,14.5,14.5,9357.0,14.509
2026-05-11 14:40:00-04:00,14.5,14.51,14.5,14.5,5709.0,14.505
2026-05-11 14:41:00-04:00,14.5,14.51,14.5,14.5,2285.0,14.504
2026-05-11 14:42:00-04:00,14.5,14.51,14.5,14.5,3559.0,14.504
2026-05-11 14:43:00-04:00,14.5,14.51,14.5,14.5,2851.0,14.504
2026-05-11 14:44:00-04:00,14.5,14.51,14.48,14.49,21561.0,14.494
2026-05-11 14:45:00-04:00,14.49,14.5,14.47,14.49,4852.0,14.483
2026-05-11 14:46:00-04:00,14.5,14.51,14.49,14.5,6385.0,14.502
2026-05-11 14:47:00-04:00,14.5,14.51,14.5,14.5,14196.0,14.505
2026-05-11 14:48:00-04:00,14.5,14.52,14.5,14.51,43093.0,14.51
2026-05-11 14:49:00-04:00,14.51,14.52,14.49,14.49,5362.0,14.504
2026-05-11 14:50:00-04:00,14.49,14.5,14.47,14.47,4764.0,14.486
2026-05-11 14:51:00-04:00,14.47,14.49,14.47,14.48,2917.0,14.478
2026-05-11 14:52:00-04:00,14.48,14.49,14.47,14.47,35018.0,14.476
2026-05-11 14:53:00-04:00,14.47,14.47,14.46,14.46,3372.0,14.465
2026-05-11 14:54:00-04:00,14.45,14.45,14.41,14.42,4672.0,14.425
2026-05-11 14:55:00-04:00,14.42,14.44,14.42,14.43,6782.0,14.423
2026-05-11 14:56:00-04:00,14.44,14.44,14.43,14.43,1500.0,14.44
2026-05-11 14:57:00-04:00,14.43,14.44,14.39,14.4,12014.0,14.409
2026-05-11 14:58:00-04:00,14.39,14.4,14.36,14.37,5934.0,14.367
2026-05-11 14:59:00-04:00,14.36,14.37,14.33,14.33,3864.0,14.351
2026-05-11 15:00:00-04:00,14.33,14.36,14.33,14.34,5919.0,14.343
2026-05-11 15:01:00-04:00,14.34,14.36,14.34,14.36,1058.0,14.349
2026-05-11 15:02:00-04:00,14.36,14.37,14.36,14.37,5802.0,14.363
2026-05-11 15:03:00-04:00,14.37,14.37,14.35,14.35,2575.0,14.36
2026-05-11 15:04:00-04:00,14.35,14.36,14.35,14.35,2635.0,14.357
2026-05-11 15:05:00-04:00,14.35,14.37,14.35,14.37,5466.0,14.363
2026-05-11 15:06:00-04:00,14.38,14.4,14.38,14.39,9383.0,14.391
2026-05-11 15:07:00-04:00,14.4,14.42,14.39,14.41,7100.0,14.404
2026-05-11 15:08:00-04:00,14.41,14.42,14.39,14.39,8539.0,14.405
2026-05-11 15:09:00-04:00,14.4,14.4,14.39,14.39,2743.0,14.395
2026-05-11 15:10:00-04:00,14.39,14.4,14.39,14.39,4003.0,14.396
2026-05-11 15:11:00-04:00,14.39,14.4,14.39,14.39,3500.0,14.395
2026-05-11 15:12:00-04:00,14.39,14.4,14.39,14.39,2109.0,14.394
2026-05-11 15:13:00-04:00,14.4,14.41,14.39,14.4,8550.0,14.402
2026-05-11 15:14:00-04:00,14.41,14.41,14.4,14.4,4329.0,14.406
2026-05-11 15:15:00-04:00,14.4,14.41,14.4,14.41,2827.0,14.405
2026-05-11 15:16:00-04:00,14.4,14.42,14.4,14.41,6287.0,14.411
2026-05-11 15:17:00-04:00,14.41,14.43,14.41,14.42,13669.0,14.42
2026-05-11 15:18:00-04:00,14.42,14.43,14.41,14.42,6752.0,14.42
2026-05-11 15:19:00-04:00,14.42,14.43,14.42,14.42,9535.0,14.422
2026-05-11 15:20:00-04:00,14.42,14.46,14.42,14.46,12949.0,14.441
2026-05-11 15:21:00-04:00,14.46,14.48,14.46,14.47,7404.0,14.469
2026-05-11 15:22:00-04:00,14.46,14.47,14.46,14.47,2035.0,14.466
2026-05-11 15:23:00-04:00,14.47,14.48,14.47,14.48,4733.0,14.476
2026-05-11 15:24:00-04:00,14.48,14.48,14.45,14.46,10936.0,14.469
2026-05-11 15:25:00-04:00,14.46,14.47,14.45,14.46,7996.0,14.457
2026-05-11 15:26:00-04:00,14.46,14.48,14.46,14.46,6593.0,14.469
2026-05-11 15:27:00-04:00,14.47,14.48,14.46,14.47,5400.0,14.47
2026-05-11 15:28:00-04:00,14.46,14.47,14.45,14.46,11881.0,14.46
2026-05-11 15:29:00-04:00,14.45,14.46,14.4,14.4,22640.0,14.429
2026-05-11 15:30:00-04:00,14.4,14.43,14.4,14.42,9293.0,14.416
2026-05-11 15:31:00-04:00,14.43,14.43,14.4,14.4,11396.0,14.424
2026-05-11 15:32:00-04:00,14.4,14.43,14.4,14.43,11453.0,14.417
2026-05-11 15:33:00-04:00,14.43,14.48,14.42,14.46,19653.0,14.454
2026-05-11 15:34:00-04:00,14.46,14.46,14.45,14.45,5818.0,14.453
2026-05-11 15:35:00-04:00,14.44,14.45,14.44,14.44,7463.0,14.443
2026-05-11 15:36:00-04:00,14.43,14.44,14.42,14.42,7055.0,14.429
2026-05-11 15:37:00-04:00,14.42,14.43,14.42,14.42,6833.0,14.424
2026-05-11 15:38:00-04:00,14.42,14.43,14.42,14.43,2170.0,14.425
2026-05-11 15:39:00-04:00,14.42,14.44,14.42,14.42,20449.0,14.428
2026-05-11 15:40:00-04:00,14.42,14.46,14.42,14.46,8482.0,14.444
2026-05-11 15:41:00-04:00,14.46,14.46,14.45,14.46,2410.0,14.457
2026-05-11 15:42:00-04:00,14.46,14.46,14.43,14.45,24495.0,14.447
2026-05-11 15:43:00-04:00,14.46,14.48,14.45,14.47,12536.0,14.47
2026-05-11 15:44:00-04:00,14.48,14.49,14.46,14.46,19064.0,14.478
2026-05-11 15:45:00-04:00,14.46,14.47,14.45,14.46,9068.0,14.46
2026-05-11 15:46:00-04:00,14.47,14.47,14.45,14.46,5288.0,14.46
2026-05-11 15:47:00-04:00,14.46,14.48,14.45,14.46,17437.0,14.463
2026-05-11 15:48:00-04:00,14.46,14.46,14.44,14.44,11020.0,14.448
2026-05-11 15:49:00-04:00,14.44,14.44,14.42,14.42,15592.0,14.434
2026-05-11 15:50:00-04:00,14.42,14.44,14.42,14.42,25774.0,14.43
2026-05-11 15:51:00-04:00,14.41,14.42,14.4,14.41,15874.0,14.412
2026-05-11 15:52:00-04:00,14.41,14.42,14.4,14.4,14868.0,14.415
2026-05-11 15:53:00-04:00,14.4,14.42,14.4,14.42,13189.0,14.411
2026-05-11 15:54:00-04:00,14.41,14.42,14.41,14.41,8681.0,14.417
2026-05-11 15:55:00-04:00,14.41,14.46,14.41,14.46,39401.0,14.432
2026-05-11 15:56:00-04:00,14.46,14.47,14.43,14.43,56565.0,14.45
2026-05-11 15:57:00-04:00,14.43,14.44,14.41,14.42,32392.0,14.426
2026-05-11 15:58:00-04:00,14.41,14.42,14.39,14.4,76673.0,14.404
2026-05-11 15:59:00-04:00,14.4,14.43,14.39,14.39,59004.0,14.41
2026-05-12 09:30:00-04:00,14.5,14.86,14.5,14.79,180900.0,14.637
2026-05-12 09:31:00-04:00,14.76,14.97,14.68,14.81,73721.0,14.813
2026-05-12 09:32:00-04:00,14.83,14.89,14.78,14.89,46878.0,14.828
2026-05-12 09:33:00-04:00,14.87,14.89,14.78,14.79,90461.0,14.829
2026-05-12 09:34:00-04:00,14.79,14.85,14.74,14.74,55893.0,14.795
2026-05-12 09:35:00-04:00,14.74,14.78,14.73,14.75,25968.0,14.749
2026-05-12 09:36:00-04:00,14.75,14.77,14.69,14.73,43013.0,14.736
2026-05-12 09:37:00-04:00,14.75,14.78,14.73,14.78,15841.0,14.753
2026-05-12 09:38:00-04:00,14.77,14.81,14.74,14.77,43102.0,14.785
2026-05-12 09:39:00-04:00,14.77,14.81,14.75,14.79,17965.0,14.781
2026-05-12 09:40:00-04:00,14.81,14.84,14.77,14.79,22698.0,14.813
2026-05-12 09:41:00-04:00,14.8,14.83,14.77,14.81,59469.0,14.792
2026-05-12 09:42:00-04:00,14.78,14.79,14.69,14.78,68324.0,14.736
2026-05-12 09:43:00-04:00,14.77,14.79,14.75,14.76,15876.0,14.772
2026-05-12 09:44:00-04:00,14.76,14.76,14.72,14.75,31163.0,14.742
2026-05-12 09:45:00-04:00,14.74,14.85,14.74,14.82,45727.0,14.81
2026-05-12 09:46:00-04:00,14.81,14.82,14.76,14.78,20863.0,14.786
2026-05-12 09:47:00-04:00,14.79,14.79,14.71,14.71,23067.0,14.746
2026-05-12 09:48:00-04:00,14.71,14.77,14.71,14.74,29848.0,14.741
2026-05-12 09:49:00-04:00,14.74,14.76,14.7,14.7,14695.0,14.746
2026-05-12 09:50:00-04:00,14.71,14.71,14.57,14.61,104759.0,14.619
2026-05-12 09:51:00-04:00,14.63,14.63,14.6,14.61,11845.0,14.622
2026-05-12 09:52:00-04:00,14.59,14.6,14.57,14.59,3980.0,14.585
2026-05-12 09:53:00-04:00,14.6,14.6,14.59,14.6,13106.0,14.596
2026-05-12 09:54:00-04:00,14.59,14.62,14.59,14.59,11453.0,14.599
2026-05-12 09:55:00-04:00,14.58,14.59,14.51,14.52,17263.0,14.547
2026-05-12 09:56:00-04:00,14.52,14.54,14.5,14.5,27085.0,14.513
2026-05-12 09:57:00-04:00,14.5,14.5,14.46,14.47,7342.0,14.479
2026-05-12 09:58:00-04:00,14.47,14.49,14.44,14.44,5303.0,14.465
2026-05-12 09:59:00-04:00,14.43,14.44,14.41,14.43,22473.0,14.414
2026-05-12 10:00:00-04:00,14.45,14.45,14.4,14.41,7468.0,14.423
2026-05-12 10:01:00-04:00,14.42,14.43,14.38,14.39,13007.0,14.405
2026-05-12 10:02:00-04:00,14.39,14.42,14.39,14.39,21770.0,14.402
2026-05-12 10:03:00-04:00,14.39,14.41,14.38,14.39,11482.0,14.389
2026-05-12 10:04:00-04:00,14.39,14.42,14.38,14.41,14179.0,14.388
2026-05-12 10:05:00-04:00,14.42,14.46,14.41,14.45,13281.0,14.43
2026-05-12 10:06:00-04:00,14.44,14.46,14.44,14.44,6796.0,14.449
2026-05-12 10:07:00-04:00,14.45,14.49,14.45,14.48,9234.0,14.471
2026-05-12 10:08:00-04:00,14.48,14.49,14.44,14.47,18775.0,14.462
2026-05-12 10:09:00-04:00,14.47,14.54,14.47,14.53,15030.0,14.512
2026-05-12 10:10:00-04:00,14.53,14.57,14.53,14.55,17250.0,14.552
2026-05-12 10:11:00-04:00,14.55,14.55,14.52,14.52,4524.0,14.536
2026-05-12 10:12:00-04:00,14.52,14.52,14.48,14.48,5083.0,14.51
2026-05-12 10:13:00-04:00,14.48,14.53,14.48,14.49,8713.0,14.51
2026-05-12 10:14:00-04:00,14.51,14.56,14.51,14.51,7374.0,14.53
2026-05-12 10:15:00-04:00,14.51,14.53,14.47,14.47,18413.0,14.485
2026-05-12 10:16:00-04:00,14.47,14.64,14.44,14.49,70985.0,14.558
2026-05-12 10:17:00-04:00,14.48,14.48,14.42,14.42,6369.0,14.459
2026-05-12 10:18:00-04:00,14.42,14.42,14.36,14.38,8667.0,14.393
2026-05-12 10:19:00-04:00,14.38,14.42,14.37,14.4,28961.0,14.402
2026-05-12 10:20:00-04:00,14.41,14.41,14.36,14.37,7725.0,14.391
2026-05-12 10:21:00-04:00,14.36,14.4,14.36,14.39,16826.0,14.385
2026-05-12 10:22:00-04:00,14.39,14.41,14.39,14.41,11012.0,14.4
2026-05-12 10:23:00-04:00,14.41,14.42,14.39,14.4,8164.0,14.4
2026-05-12 10:24:00-04:00,14.4,14.43,14.4,14.41,4892.0,14.415
2026-05-12 10:25:00-04:00,14.42,14.43,14.39,14.42,13235.0,14.421
2026-05-12 10:26:00-04:00,14.42,14.42,14.4,14.4,6396.0,14.406
2026-05-12 10:27:00-04:00,14.41,14.42,14.37,14.38,11580.0,14.396
2026-05-12 10:28:00-04:00,14.38,14.38,14.34,14.37,11391.0,14.354
2026-05-12 10:29:00-04:00,14.37,14.39,14.36,14.37,5476.0,14.368
2026-05-12 10:30:00-04:00,14.38,14.38,14.27,14.27,20568.0,14.323
2026-05-12 10:31:00-04:00,14.27,14.27,14.25,14.25,9460.0,14.258
2026-05-12 10:32:00-04:00,14.24,14.28,14.24,14.27,14671.0,14.268
2026-05-12 10:33:00-04:00,14.27,14.29,14.24,14.24,13688.0,14.268
2026-05-12 10:34:00-04:00,14.24,14.28,14.23,14.27,7051.0,14.251
2026-05-12 10:35:00-04:00,14.26,14.27,14.22,14.24,10446.0,14.236
2026-05-12 10:36:00-04:00,14.23,14.27,14.22,14.23,12258.0,14.24
2026-05-12 10:37:00-04:00,14.24,14.29,14.24,14.26,6382.0,14.271
2026-05-12 10:38:00-04:00,14.26,14.27,14.25,14.26,10432.0,14.262
2026-05-12 10:39:00-04:00,14.26,14.32,14.26,14.3,14221.0,14.293
2026-05-12 10:40:00-04:00,14.31,14.35,14.31,14.33,8699.0,14.33
2026-05-12 10:41:00-04:00,14.34,14.34,14.31,14.32,5319.0,14.326
2026-05-12 10:42:00-04:00,14.32,14.33,14.31,14.32,11965.0,14.319
2026-05-12 10:43:00-04:00,14.32,14.37,14.31,14.35,8851.0,14.342
2026-05-12 10:44:00-04:00,14.36,14.37,14.31,14.31,5867.0,14.347
2026-05-12 10:45:00-04:00,14.32,14.32,14.26,14.26,15766.0,14.296
2026-05-12 10:46:00-04:00,14.26,14.26,14.24,14.24,2926.0,14.25
2026-05-12 10:47:00-04:00,14.24,14.24,14.21,14.22,5163.0,14.225
2026-05-12 10:48:00-04:00,14.24,14.25,14.23,14.25,4708.0,14.243
2026-05-12 10:49:00-04:00,14.25,14.25,14.22,14.24,3686.0,14.238
2026-05-12 10:50:00-04:00,14.24,14.26,14.24,14.26,3501.0,14.254
2026-05-12 10:51:00-04:00,14.26,14.27,14.25,14.26,8706.0,14.26
2026-05-12 10:52:00-04:00,14.26,14.3,14.25,14.29,25809.0,14.278
2026-05-12 10:53:00-04:00,14.29,14.32,14.29,14.31,15679.0,14.309
2026-05-12 10:54:00-04:00,14.3,14.3,14.27,14.27,16053.0,14.278
2026-05-12 10:55:00-04:00,14.27,14.36,14.27,14.33,16740.0,14.32
2026-05-12 10:56:00-04:00,14.32,14.43,14.31,14.39,15235.0,14.343
2026-05-12 10:57:00-04:00,14.4,14.41,14.37,14.4,16980.0,14.398
2026-05-12 10:58:00-04:00,14.43,14.45,14.41,14.41,5375.0,14.435
2026-05-12 10:59:00-04:00,14.4,14.41,14.39,14.41,9920.0,14.402
2026-05-12 11:00:00-04:00,14.41,14.44,14.4,14.44,9431.0,14.412
2026-05-12 11:01:00-04:00,14.43,14.43,14.4,14.41,5481.0,14.419
2026-05-12 11:02:00-04:00,14.4,14.41,14.39,14.39,12736.0,14.402
2026-05-12 11:03:00-04:00,14.4,14.43,14.39,14.42,5601.0,14.41
2026-05-12 11:04:00-04:00,14.43,14.47,14.43,14.45,6586.0,14.453
2026-05-12 11:05:00-04:00,14.45,14.45,14.41,14.45,7438.0,14.435
2026-05-12 11:06:00-04:00,14.45,14.49,14.44,14.44,8559.0,14.473
2026-05-12 11:07:00-04:00,14.44,14.45,14.4,14.41,6675.0,14.416
2026-05-12 11:08:00-04:00,14.41,14.41,14.39,14.39,7281.0,14.4
2026-05-12 11:09:00-04:00,14.4,14.41,14.37,14.37,16671.0,14.393
2026-05-12 11:10:00-04:00,14.37,14.38,14.36,14.38,6423.0,14.373
2026-05-12 11:11:00-04:00,14.37,14.38,14.35,14.35,4794.0,14.375
2026-05-12 11:12:00-04:00,14.35,14.37,14.35,14.37,4129.0,14.356
2026-05-12 11:13:00-04:00,14.37,14.37,14.35,14.35,1925.0,14.355
2026-05-12 11:14:00-04:00,14.34,14.35,14.32,14.32,9709.0,14.338
2026-05-12 11:15:00-04:00,14.32,14.33,14.26,14.26,12713.0,14.299
2026-05-12 11:16:00-04:00,14.24,14.25,14.23,14.25,2229.0,14.24
2026-05-12 11:17:00-04:00,14.24,14.27,14.22,14.27,8717.0,14.23
2026-05-12 11:18:00-04:00,14.26,14.27,14.22,14.22,8201.0,14.254
2026-05-12 11:19:00-04:00,14.22,14.24,14.22,14.24,4993.0,14.234
2026-05-12 11:20:00-04:00,14.24,14.26,14.23,14.24,4278.0,14.246
2026-05-12 11:21:00-04:00,14.25,14.26,14.22,14.22,5062.0,14.236
2026-05-12 11:22:00-04:00,14.22,14.27,14.22,14.25,21933.0,14.257
2026-05-12 11:23:00-04:00,14.25,14.27,14.24,14.26,9074.0,14.253
2026-05-12 11:24:00-04:00,14.26,14.26,14.23,14.24,4200.0,14.248
2026-05-12 11:25:00-04:00,14.23,14.24,14.22,14.23,6523.0,14.232
2026-05-12 11:26:00-04:00,14.25,14.28,14.25,14.27,6699.0,14.267
2026-05-12 11:27:00-04:00,14.26,14.27,14.24,14.27,8234.0,14.252
2026-05-12 11:28:00-04:00,14.27,14.28,14.24,14.25,9136.0,14.266
2026-05-12 11:29:00-04:00,14.25,14.28,14.25,14.27,7232.0,14.26
2026-05-12 11:30:00-04:00,14.28,14.3,14.23,14.24,19650.0,14.271
2026-05-12 11:31:00-04:00,14.24,14.25,14.21,14.22,5911.0,14.235
2026-05-12 11:32:00-04:00,14.21,14.25,14.21,14.25,10536.0,14.239
2026-05-12 11:33:00-04:00,14.25,14.26,14.24,14.25,3086.0,14.25
2026-05-12 11:34:00-04:00,14.24,14.24,14.22,14.22,5266.0,14.226
2026-05-12 11:35:00-04:00,14.23,14.23,14.21,14.22,5168.0,14.218
2026-05-12 11:36:00-04:00,14.21,14.23,14.21,14.22,2111.0,14.217
2026-05-12 11:37:00-04:00,14.22,14.23,14.21,14.21,12300.0,14.221
2026-05-12 11:38:00-04:00,14.21,14.22,14.2,14.22,27998.0,14.208
2026-05-12 11:39:00-04:00,14.23,14.25,14.23,14.24,1800.0,14.237
2026-05-12 11:40:00-04:00,14.24,14.25,14.24,14.24,3288.0,14.245
2026-05-12 11:41:00-04:00,14.24,14.26,14.2,14.21,31789.0,14.211
2026-05-12 11:42:00-04:00,14.22,14.24,14.21,14.24,5568.0,14.22
2026-05-12 11:43:00-04:00,14.24,14.25,14.23,14.24,7511.0,14.236
2026-05-12 11:44:00-04:00,14.24,14.25,14.24,14.24,2488.0,14.243
2026-05-12 11:45:00-04:00,14.24,14.25,14.23,14.23,3821.0,14.244
2026-05-12 11:46:00-04:00,14.23,14.25,14.23,14.24,5338.0,14.238
2026-05-12 11:47:00-04:00,14.24,14.25,14.23,14.23,7689.0,14.246
2026-05-12 11:48:00-04:00,14.23,14.24,14.22,14.22,4934.0,14.228
2026-05-12 11:49:00-04:00,14.22,14.22,14.2,14.2,12958.0,14.203
2026-05-12 11:50:00-04:00,14.2,14.22,14.2,14.21,3839.0,14.208
2026-05-12 11:51:00-04:00,14.21,14.23,14.19,14.22,42369.0,14.201
2026-05-12 11:52:00-04:00,14.22,14.22,14.16,14.17,30902.0,14.183
2026-05-12 11:53:00-04:00,14.18,14.2,14.18,14.19,2243.0,14.189
2026-05-12 11:54:00-04:00,14.19,14.2,14.17,14.17,2343.0,14.191
2026-05-12 11:55:00-04:00,14.16,14.16,14.12,14.13,27833.0,14.136
2026-05-12 11:56:00-04:00,14.13,14.19,14.12,14.18,18575.0,14.146
2026-05-12 11:57:00-04:00,14.19,14.2,14.18,14.2,3252.0,14.195
2026-05-12 11:58:00-04:00,14.21,14.21,14.19,14.21,4184.0,14.204
2026-05-12 11:59:00-04:00,14.2,14.21,14.18,14.18,3320.0,14.195
2026-05-12 12:00:00-04:00,14.18,14.18,14.15,14.16,5475.0,14.165
2026-05-12 12:01:00-04:00,14.16,14.18,14.16,14.18,5094.0,14.176
2026-05-12 12:02:00-04:00,14.18,14.19,14.17,14.18,12222.0,14.18
2026-05-12 12:03:00-04:00,14.18,14.2,14.18,14.19,1858.0,14.191
2026-05-12 12:04:00-04:00,14.2,14.27,14.19,14.27,13180.0,14.234
2026-05-12 12:05:00-04:00,14.28,14.29,14.25,14.26,15340.0,14.266
2026-05-12 12:06:00-04:00,14.26,14.28,14.26,14.27,10839.0,14.267
2026-05-12 12:07:00-04:00,14.28,14.28,14.28,14.28,765.0,14.28
2026-05-12 12:08:00-04:00,14.28,14.28,14.25,14.25,4618.0,14.272
2026-05-12 12:09:00-04:00,14.26,14.29,14.24,14.28,28657.0,14.255
2026-05-12 12:10:00-04:00,14.28,14.3,14.27,14.27,3101.0,14.287
2026-05-12 12:11:00-04:00,14.28,14.3,14.28,14.29,3975.0,14.292
2026-05-12 12:12:00-04:00,14.29,14.3,14.28,14.29,1860.0,14.29
2026-05-12 12:13:00-04:00,14.3,14.35,14.3,14.34,9945.0,14.32
2026-05-12 12:14:00-04:00,14.35,14.42,14.35,14.41,19093.0,14.396
2026-05-12 12:15:00-04:00,14.4,14.41,14.34,14.34,5635.0,14.367
2026-05-12 12:16:00-04:00,14.34,14.35,14.34,14.34,1919.0,14.341
2026-05-12 12:17:00-04:00,14.35,14.36,14.35,14.36,926.0,14.357
2026-05-12 12:18:00-04:00,14.36,14.38,14.36,14.36,5787.0,14.369
2026-05-12 12:19:00-04:00,14.35,14.36,14.35,14.35,2500.0,14.358
2026-05-12 12:20:00-04:00,14.35,14.37,14.35,14.36,4812.0,14.359
2026-05-12 12:21:00-04:00,14.37,14.38,14.37,14.37,4282.0,14.372
2026-05-12 12:22:00-04:00,14.36,14.36,14.36,14.36,950.0,14.36
2026-05-12 12:23:00-04:00,14.37,14.37,14.35,14.36,7499.0,14.367
2026-05-12 12:24:00-04:00,14.35,14.36,14.34,14.36,3308.0,14.35
2026-05-12 12:25:00-04:00,14.36,14.38,14.36,14.38,9249.0,14.364
2026-05-12 12:26:00-04:00,14.38,14.38,14.38,14.38,1000.0,14.38
2026-05-12 12:27:00-04:00,14.38,14.4,14.37,14.38,7450.0,14.385
2026-05-12 12:28:00-04:00,14.38,14.38,14.37,14.38,2598.0,14.378
2026-05-12 12:29:00-04:00,14.38,14.39,14.35,14.35,12559.0,14.369
2026-05-12 12:30:00-04:00,14.34,14.35,14.34,14.34,11502.0,14.349
2026-05-12 12:31:00-04:00,14.34,14.34,14.33,14.33,6515.0,14.335
2026-05-12 12:32:00-04:00,14.31,14.32,14.31,14.31,632.0,14.312
2026-05-12 12:33:00-04:00,14.31,14.34,14.31,14.33,6862.0,14.32
2026-05-12 12:34:00-04:00,14.33,14.35,14.33,14.33,2200.0,14.34
2026-05-12 12:35:00-04:00,14.34,14.34,14.33,14.34,1104.0,14.338
2026-05-12 12:36:00-04:00,14.34,14.35,14.34,14.35,2029.0,14.342
2026-05-12 12:37:00-04:00,14.34,14.35,14.33,14.33,3622.0,14.34
2026-05-12 12:38:00-04:00,14.33,14.33,14.32,14.32,5229.0,14.325
2026-05-12 12:39:00-04:00,14.32,14.32,14.32,14.32,0.0,14.32
2026-05-12 12:40:00-04:00,14.32,14.34,14.32,14.33,5931.0,14.325
2026-05-12 12:41:00-04:00,14.33,14.33,14.31,14.32,12789.0,14.319
2026-05-12 12:42:00-04:00,14.32,14.33,14.31,14.32,2583.0,14.321
2026-05-12 12:43:00-04:00,14.32,14.32,14.3,14.31,7399.0,14.318
2026-05-12 12:44:00-04:00,14.31,14.32,14.29,14.31,10570.0,14.305
2026-05-12 12:45:00-04:00,14.31,14.31,14.25,14.26,12737.0,14.296
2026-05-12 12:46:00-04:00,14.25,14.26,14.24,14.24,2756.0,14.25
2026-05-12 12:47:00-04:00,14.24,14.25,14.24,14.25,1837.0,14.243
2026-05-12 12:48:00-04:00,14.24,14.26,14.23,14.25,5970.0,14.245
2026-05-12 12:49:00-04:00,14.25,14.26,14.24,14.24,5786.0,14.242
2026-05-12 12:50:00-04:00,14.22,14.27,14.22,14.24,8116.0,14.241
2026-05-12 12:51:00-04:00,14.25,14.26,14.24,14.26,3359.0,14.249
2026-05-12 12:52:00-04:00,14.27,14.27,14.25,14.25,1644.0,14.263
2026-05-12 12:53:00-04:00,14.25,14.27,14.25,14.25,12885.0,14.253
2026-05-12 12:54:00-04:00,14.24,14.25,14.23,14.24,2582.0,14.236
2026-05-12 12:55:00-04:00,14.24,14.26,14.24,14.26,1700.0,14.252
2026-05-12 12:56:00-04:00,14.26,14.29,14.26,14.28,3290.0,14.278
2026-05-12 12:57:00-04:00,14.28,14.28,14.27,14.28,1278.0,14.279
2026-05-12 12:58:00-04:00,14.27,14.28,14.27,14.28,770.0,14.276
2026-05-12 12:59:00-04:00,14.27,14.29,14.27,14.29,5234.0,14.284
2026-05-12 13:00:00-04:00,14.29,14.31,14.29,14.31,2100.0,14.301
2026-05-12 13:01:00-04:00,14.31,14.31,14.29,14.29,2809.0,14.302
2026-05-12 13:02:00-04:00,14.3,14.32,14.29,14.3,2598.0,14.306
2026-05-12 13:03:00-04:00,14.29,14.3,14.29,14.29,424.0,14.291
2026-05-12 13:04:00-04:00,14.29,14.3,14.28,14.28,2620.0,14.293
2026-05-12 13:05:00-04:00,14.29,14.29,14.27,14.28,1400.0,14.283
2026-05-12 13:06:00-04:00,14.29,14.3,14.28,14.29,1720.0,14.287
2026-05-12 13:07:00-04:00,14.3,14.31,14.3,14.31,2517.0,14.305
2026-05-12 13:08:00-04:00,14.31,14.32,14.29,14.29,1950.0,14.301
2026-05-12 13:09:00-04:00,14.29,14.29,14.27,14.27,2255.0,14.287
2026-05-12 13:10:00-04:00,14.27,14.29,14.27,14.27,3212.0,14.275
2026-05-12 13:11:00-04:00,14.27,14.31,14.25,14.27,20975.0,14.28
2026-05-12 13:12:00-04:00,14.27,14.27,14.25,14.25,3203.0,14.257
2026-05-12 13:13:00-04:00,14.25,14.28,14.25,14.27,8882.0,14.271
2026-05-12 13:14:00-04:00,14.27,14.27,14.25,14.25,4267.0,14.254
2026-05-12 13:15:00-04:00,14.23,14.25,14.23,14.24,3619.0,14.237
2026-05-12 13:16:00-04:00,14.25,14.27,14.25,14.26,6051.0,14.257
2026-05-12 13:17:00-04:00,14.25,14.26,14.23,14.23,3479.0,14.244
2026-05-12 13:18:00-04:00,14.23,14.24,14.23,14.23,3468.0,14.233
2026-05-12 13:19:00-04:00,14.23,14.23,14.2,14.21,9029.0,14.221
2026-05-12 13:20:00-04:00,14.21,14.22,14.21,14.21,2521.0,14.214
2026-05-12 13:21:00-04:00,14.21,14.22,14.2,14.21,3983.0,14.205
2026-05-12 13:22:00-04:00,14.21,14.22,14.2,14.21,4217.0,14.208
2026-05-12 13:23:00-04:00,14.21,14.22,14.2,14.21,4400.0,14.211
2026-05-12 13:24:00-04:00,14.21,14.21,14.18,14.18,2100.0,14.201
2026-05-12 13:25:00-04:00,14.18,14.21,14.18,14.21,2665.0,14.198
2026-05-12 13:26:00-04:00,14.21,14.21,14.2,14.21,2334.0,14.204
2026-05-12 13:27:00-04:00,14.21,14.21,14.2,14.21,1795.0,14.205
2026-05-12 13:28:00-04:00,14.21,14.21,14.2,14.2,1900.0,14.204
2026-05-12 13:29:00-04:00,14.21,14.22,14.2,14.21,7469.0,14.211
2026-05-12 13:30:00-04:00,14.21,14.21,14.2,14.21,3500.0,14.206
2026-05-12 13:31:00-04:00,14.21,14.22,14.2,14.21,4026.0,14.21
2026-05-12 13:32:00-04:00,14.21,14.29,14.2,14.27,33738.0,14.258
2026-05-12 13:33:00-04:00,14.27,14.27,14.26,14.26,2600.0,14.262
2026-05-12 13:34:00-04:00,14.26,14.27,14.24,14.24,4847.0,14.259
2026-05-12 13:35:00-04:00,14.24,14.26,14.23,14.24,14904.0,14.242
2026-05-12 13:36:00-04:00,14.24,14.25,14.23,14.24,6517.0,14.24
2026-05-12 13:37:00-04:00,14.24,14.25,14.24,14.24,4267.0,14.245
2026-05-12 13:38:00-04:00,14.25,14.25,14.24,14.24,1848.0,14.245
2026-05-12 13:39:00-04:00,14.24,14.25,14.23,14.24,4955.0,14.239
2026-05-12 13:40:00-04:00,14.23,14.25,14.22,14.24,10926.0,14.236
2026-05-12 13:41:00-04:00,14.25,14.26,14.24,14.24,7185.0,14.246
2026-05-12 13:42:00-04:00,14.25,14.25,14.24,14.24,4861.0,14.246
2026-05-12 13:43:00-04:00,14.24,14.26,14.24,14.25,4636.0,14.249
2026-05-12 13:44:00-04:00,14.25,14.27,14.25,14.26,3262.0,14.264
2026-05-12 13:45:00-04:00,14.26,14.26,14.23,14.23,2511.0,14.248
2026-05-12 13:46:00-04:00,14.23,14.23,14.21,14.21,19686.0,14.226
2026-05-12 13:47:00-04:00,14.21,14.23,14.2,14.22,6287.0,14.215
2026-05-12 13:48:00-04:00,14.22,14.22,14.2,14.21,9096.0,14.219
2026-05-12 13:49:00-04:00,14.21,14.21,14.15,14.15,17218.0,14.185
2026-05-12 13:50:00-04:00,14.16,14.17,14.16,14.16,2825.0,14.163
2026-05-12 13:51:00-04:00,14.16,14.17,14.15,14.16,4199.0,14.161
2026-05-12 13:52:00-04:00,14.17,14.18,14.17,14.17,2950.0,14.171
2026-05-12 13:53:00-04:00,14.17,14.19,14.16,14.16,4263.0,14.177
2026-05-12 13:54:00-04:00,14.16,14.16,14.15,14.16,720.0,14.158
2026-05-12 13:55:00-04:00,14.15,14.16,14.15,14.16,2042.0,14.157
2026-05-12 13:56:00-04:00,14.15,14.16,14.15,14.15,4652.0,14.154
2026-05-12 13:57:00-04:00,14.15,14.15,14.14,14.15,5015.0,14.147
2026-05-12 13:58:00-04:00,14.15,14.16,14.14,14.14,11454.0,14.15
2026-05-12 13:59:00-04:00,14.14,14.15,14.14,14.15,3329.0,14.147
2026-05-12 14:00:00-04:00,14.15,14.16,14.15,14.16,1202.0,14.152
2026-05-12 14:01:00-04:00,14.15,14.16,14.14,14.14,2897.0,14.151
2026-05-12 14:02:00-04:00,14.14,14.16,14.13,14.13,6907.0,14.146
2026-05-12 14:03:00-04:00,14.13,14.14,14.12,14.14,6496.0,14.126
2026-05-12 14:04:00-04:00,14.14,14.17,14.14,14.16,6900.0,14.157
2026-05-12 14:05:00-04:00,14.17,14.17,14.16,14.16,3810.0,14.161
2026-05-12 14:06:00-04:00,14.16,14.21,14.16,14.21,12244.0,14.181
2026-05-12 14:07:00-04:00,14.21,14.21,14.18,14.19,5663.0,14.199
2026-05-12 14:08:00-04:00,14.19,14.2,14.19,14.19,1662.0,14.195
2026-05-12 14:09:00-04:00,14.19,14.2,14.18,14.18,7174.0,14.186
2026-05-12 14:10:00-04:00,14.18,14.19,14.14,14.18,64376.0,14.175
2026-05-12 14:11:00-04:00,14.18,14.19,14.16,14.16,4202.0,14.18
2026-05-12 14:12:00-04:00,14.16,14.19,14.16,14.19,17378.0,14.185
2026-05-12 14:13:00-04:00,14.17,14.19,14.16,14.19,11520.0,14.181
2026-05-12 14:14:00-04:00,14.17,14.18,14.17,14.17,1800.0,14.173
2026-05-12 14:15:00-04:00,14.17,14.18,14.16,14.17,3753.0,14.17
2026-05-12 14:16:00-04:00,14.17,14.17,14.14,14.14,23039.0,14.156
2026-05-12 14:17:00-04:00,14.15,14.15,14.13,14.15,3708.0,14.141
2026-05-12 14:18:00-04:00,14.15,14.17,14.15,14.16,9840.0,14.164
2026-05-12 14:19:00-04:00,14.15,14.18,14.15,14.18,3135.0,14.168
2026-05-12 14:20:00-04:00,14.17,14.18,14.15,14.16,11487.0,14.17
2026-05-12 14:21:00-04:00,14.15,14.18,14.15,14.17,3865.0,14.165
2026-05-12 14:22:00-04:00,14.18,14.18,14.17,14.18,2239.0,14.177
2026-05-12 14:23:00-04:00,14.18,14.2,14.18,14.19,3824.0,14.188
2026-05-12 14:24:00-04:00,14.19,14.2,14.19,14.19,3901.0,14.196
2026-05-12 14:25:00-04:00,14.2,14.23,14.2,14.22,3528.0,14.213
2026-05-12 14:26:00-04:00,14.22,14.23,14.2,14.2,11230.0,14.215
2026-05-12 14:27:00-04:00,14.2,14.21,14.19,14.2,3200.0,14.2
2026-05-12 14:28:00-04:00,14.21,14.21,14.18,14.18,11384.0,14.201
2026-05-12 14:29:00-04:00,14.18,14.19,14.15,14.17,4745.0,14.169
2026-05-12 14:30:00-04:00,14.17,14.19,14.17,14.19,5386.0,14.182
2026-05-12 14:31:00-04:00,14.19,14.19,14.17,14.17,977.0,14.183
2026-05-12 14:32:00-04:00,14.17,14.18,14.16,14.16,3529.0,14.176
2026-05-12 14:33:00-04:00,14.16,14.18,14.16,14.18,4496.0,14.168
2026-05-12 14:34:00-04:00,14.18,14.2,14.18,14.18,6310.0,14.189
2026-05-12 14:35:00-04:00,14.18,14.18,14.17,14.17,3425.0,14.179
2026-05-12 14:36:00-04:00,14.17,14.19,14.17,14.19,6251.0,14.183
2026-05-12 14:37:00-04:00,14.21,14.21,14.2,14.2,2545.0,14.202
2026-05-12 14:38:00-04:00,14.19,14.2,14.19,14.19,1786.0,14.194
2026-05-12 14:39:00-04:00,14.19,14.19,14.18,14.18,7165.0,14.188
2026-05-12 14:40:00-04:00,14.18,14.19,14.18,14.18,2358.0,14.185
2026-05-12 14:41:00-04:00,14.18,14.19,14.18,14.18,2250.0,14.185
2026-05-12 14:42:00-04:00,14.18,14.21,14.18,14.19,5374.0,14.194
2026-05-12 14:43:00-04:00,14.19,14.2,14.19,14.19,1789.0,14.196
2026-05-12 14:44:00-04:00,14.19,14.2,14.18,14.18,1424.0,14.193
2026-05-12 14:45:00-04:00,14.18,14.18,14.16,14.17,3297.0,14.172
2026-05-12 14:46:00-04:00,14.17,14.23,14.17,14.22,12154.0,14.194
2026-05-12 14:47:00-04:00,14.22,14.24,14.22,14.24,1625.0,14.234
2026-05-12 14:48:00-04:00,14.24,14.25,14.24,14.25,3026.0,14.249
2026-05-12 14:49:00-04:00,14.24,14.28,14.24,14.27,6139.0,14.259
2026-05-12 14:50:00-04:00,14.26,14.28,14.26,14.27,2338.0,14.266
2026-05-12 14:51:00-04:00,14.27,14.29,14.27,14.29,3985.0,14.274
2026-05-12 14:52:00-04:00,14.29,14.29,14.28,14.29,1422.0,14.285
2026-05-12 14:53:00-04:00,14.29,14.29,14.28,14.29,2127.0,14.286
2026-05-12 14:54:00-04:00,14.29,14.29,14.26,14.26,4430.0,14.278
2026-05-12 14:55:00-04:00,14.26,14.27,14.26,14.26,2100.0,14.264
2026-05-12 14:56:00-04:00,14.26,14.27,14.26,14.27,1469.0,14.267
2026-05-12 14:57:00-04:00,14.26,14.27,14.23,14.23,3199.0,14.252
2026-05-12 14:58:00-04:00,14.23,14.25,14.23,14.23,5152.0,14.239
2026-05-12 14:59:00-04:00,14.23,14.23,14.2,14.21,6552.0,14.211
2026-05-12 15:00:00-04:00,14.21,14.24,14.2,14.24,4798.0,14.225
2026-05-12 15:01:00-04:00,14.23,14.24,14.23,14.23,1100.0,14.235
2026-05-12 15:02:00-04:00,14.23,14.24,14.22,14.22,2220.0,14.232
2026-05-12 15:03:00-04:00,14.22,14.23,14.22,14.23,3170.0,14.223
2026-05-12 15:04:00-04:00,14.24,14.24,14.22,14.23,2871.0,14.231
2026-05-12 15:05:00-04:00,14.21,14.22,14.21,14.21,300.0,14.215
2026-05-12 15:06:00-04:00,14.21,14.23,14.21,14.22,5311.0,14.217
2026-05-12 15:07:00-04:00,14.23,14.23,14.22,14.22,3022.0,14.227
2026-05-12 15:08:00-04:00,14.22,14.24,14.22,14.22,4963.0,14.229
2026-05-12 15:09:00-04:00,14.22,14.23,14.21,14.21,2553.0,14.214
2026-05-12 15:10:00-04:00,14.22,14.22,14.21,14.21,4855.0,14.217
2026-05-12 15:11:00-04:00,14.21,14.25,14.21,14.25,7482.0,14.231
2026-05-12 15:12:00-04:00,14.25,14.27,14.25,14.26,2200.0,14.258
2026-05-12 15:13:00-04:00,14.26,14.27,14.26,14.26,2975.0,14.265
2026-05-12 15:14:00-04:00,14.26,14.28,14.25,14.26,11810.0,14.262
2026-05-12 15:15:00-04:00,14.26,14.27,14.26,14.26,5938.0,14.265
2026-05-12 15:16:00-04:00,14.26,14.27,14.22,14.25,15648.0,14.241
2026-05-12 15:17:00-04:00,14.24,14.25,14.24,14.24,1598.0,14.241
2026-05-12 15:18:00-04:00,14.24,14.25,14.23,14.23,8576.0,14.242
2026-05-12 15:19:00-04:00,14.23,14.24,14.21,14.21,14200.0,14.228
2026-05-12 15:20:00-04:00,14.21,14.21,14.2,14.21,869.0,14.207
2026-05-12 15:21:00-04:00,14.21,14.23,14.2,14.22,8875.0,14.212
2026-05-12 15:22:00-04:00,14.22,14.23,14.14,14.15,93529.0,14.213
2026-05-12 15:23:00-04:00,14.15,14.16,14.15,14.15,8717.0,14.158
2026-05-12 15:24:00-04:00,14.16,14.19,14.16,14.17,10574.0,14.173
2026-05-12 15:25:00-04:00,14.17,14.24,14.17,14.23,6187.0,14.208
2026-05-12 15:26:00-04:00,14.23,14.23,14.14,14.15,10298.0,14.194
2026-05-12 15:27:00-04:00,14.14,14.15,14.12,14.14,21584.0,14.133
2026-05-12 15:28:00-04:00,14.14,14.16,14.13,14.15,9659.0,14.141
2026-05-12 15:29:00-04:00,14.15,14.16,14.12,14.13,14585.0,14.136
2026-05-12 15:30:00-04:00,14.13,14.14,14.12,14.14,10775.0,14.136
2026-05-12 15:31:00-04:00,14.14,14.15,14.13,14.13,11248.0,14.142
2026-05-12 15:32:00-04:00,14.13,14.14,14.13,14.13,11291.0,14.138
2026-05-12 15:33:00-04:00,14.13,14.14,14.12,14.13,11861.0,14.131
2026-05-12 15:34:00-04:00,14.14,14.16,14.14,14.16,9800.0,14.146
2026-05-12 15:35:00-04:00,14.16,14.17,14.15,14.15,9888.0,14.158
2026-05-12 15:36:00-04:00,14.14,14.15,14.13,14.13,10070.0,14.136
2026-05-12 15:37:00-04:00,14.13,14.17,14.13,14.16,17700.0,14.149
2026-05-12 15:38:00-04:00,14.17,14.18,14.17,14.17,4996.0,14.173
2026-05-12 15:39:00-04:00,14.16,14.17,14.15,14.15,2621.0,14.161
2026-05-12 15:40:00-04:00,14.15,14.16,14.15,14.15,6719.0,14.155
2026-05-12 15:41:00-04:00,14.15,14.16,14.15,14.15,6204.0,14.153
2026-05-12 15:42:00-04:00,14.15,14.16,14.15,14.15,10874.0,14.154
2026-05-12 15:43:00-04:00,14.15,14.16,14.15,14.15,7996.0,14.153
2026-05-12 15:44:00-04:00,14.15,14.2,14.15,14.19,34432.0,14.168
2026-05-12 15:45:00-04:00,14.19,14.2,14.15,14.15,15676.0,14.171
2026-05-12 15:46:00-04:00,14.15,14.17,14.15,14.16,19260.0,14.16
2026-05-12 15:47:00-04:00,14.16,14.17,14.16,14.16,4883.0,14.165
2026-05-12 15:48:00-04:00,14.16,14.17,14.16,14.16,8881.0,14.163
2026-05-12 15:49:00-04:00,14.16,14.18,14.16,14.17,20918.0,14.17
2026-05-12 15:50:00-04:00,14.18,14.2,14.16,14.18,44933.0,14.178
2026-05-12 15:51:00-04:00,14.17,14.21,14.17,14.2,63883.0,14.188
2026-05-12 15:52:00-04:00,14.21,14.22,14.2,14.21,15657.0,14.215
2026-05-12 15:53:00-04:00,14.21,14.24,14.21,14.23,27680.0,14.223
2026-05-12 15:54:00-04:00,14.23,14.24,14.19,14.2,38894.0,14.217
2026-05-12 15:55:00-04:00,14.21,14.21,14.14,14.15,61032.0,14.17
2026-05-12 15:56:00-04:00,14.15,14.16,14.14,14.15,60294.0,14.149
2026-05-12 15:57:00-04:00,14.15,14.16,14.11,14.13,76356.0,14.13
2026-05-12 15:58:00-04:00,14.13,14.14,14.1,14.1,100211.0,14.125
2026-05-12 15:59:00-04:00,14.1,14.14,14.09,14.12,183008.0,14.105
2026-05-13 09:30:00-04:00,14.1,14.19,13.97,14.1,136011.0,14.061
2026-05-13 09:31:00-04:00,14.08,14.1,14.04,14.09,3061.0,14.085
2026-05-13 09:32:00-04:00,14.04,14.05,13.96,14.0,12876.0,14.007
2026-05-13 09:33:00-04:00,13.98,13.99,13.91,13.96,37891.0,13.955
2026-05-13 09:34:00-04:00,13.96,13.96,13.83,13.83,26667.0,13.893
2026-05-13 09:35:00-04:00,13.83,13.88,13.83,13.83,23958.0,13.851
2026-05-13 09:36:00-04:00,13.83,13.83,13.72,13.76,86665.0,13.763
2026-05-13 09:37:00-04:00,13.75,13.76,13.72,13.73,19663.0,13.738
2026-05-13 09:38:00-04:00,13.73,13.8,13.71,13.76,47788.0,13.756
2026-05-13 09:39:00-04:00,13.76,13.78,13.72,13.75,41173.0,13.753
2026-05-13 09:40:00-04:00,13.75,13.79,13.71,13.78,71921.0,13.745
2026-05-13 09:41:00-04:00,13.78,13.79,13.76,13.79,13716.0,13.782
2026-05-13 09:42:00-04:00,13.79,13.8,13.73,13.75,18829.0,13.773
2026-05-13 09:43:00-04:00,13.75,13.75,13.73,13.74,21832.0,13.74
2026-05-13 09:44:00-04:00,13.74,13.74,13.67,13.71,72318.0,13.709
2026-05-13 09:45:00-04:00,13.71,13.73,13.66,13.69,13988.0,13.697
2026-05-13 09:46:00-04:00,13.68,13.72,13.67,13.68,88890.0,13.698
2026-05-13 09:47:00-04:00,13.69,13.72,13.66,13.66,44665.0,13.681
2026-05-13 09:48:00-04:00,13.66,13.67,13.55,13.55,37344.0,13.624
2026-05-13 09:49:00-04:00,13.55,13.63,13.55,13.59,10248.0,13.593
2026-05-13 09:50:00-04:00,13.58,13.58,13.46,13.48,81175.0,13.49
2026-05-13 09:51:00-04:00,13.48,13.5,13.42,13.42,22746.0,13.462
2026-05-13 09:52:00-04:00,13.42,13.42,13.38,13.39,29551.0,13.396
2026-05-13 09:53:00-04:00,13.4,13.42,13.38,13.41,23654.0,13.405
2026-05-13 09:54:00-04:00,13.41,13.41,13.36,13.38,16327.0,13.384
2026-05-13 09:55:00-04:00,13.39,13.41,13.37,13.4,27831.0,13.396
2026-05-13 09:56:00-04:00,13.39,13.4,13.36,13.36,10575.0,13.38
2026-05-13 09:57:00-04:00,13.35,13.4,13.32,13.34,28055.0,13.354
2026-05-13 09:58:00-04:00,13.33,13.34,13.28,13.31,32764.0,13.308
2026-05-13 09:59:00-04:00,13.31,13.34,13.31,13.33,22536.0,13.33
2026-05-13 10:00:00-04:00,13.34,13.37,13.32,13.35,29800.0,13.341
2026-05-13 10:01:00-04:00,13.35,13.37,13.34,13.37,31486.0,13.353
2026-05-13 10:02:00-04:00,13.37,13.41,13.36,13.37,12827.0,13.387
2026-05-13 10:03:00-04:00,13.37,13.39,13.36,13.37,22834.0,13.384
2026-05-13 10:04:00-04:00,13.36,13.38,13.35,13.38,14220.0,13.366
2026-05-13 10:05:00-04:00,13.38,13.48,13.38,13.45,74030.0,13.454
2026-05-13 10:06:00-04:00,13.44,13.47,13.44,13.47,11802.0,13.458
2026-05-13 10:07:00-04:00,13.47,13.5,13.46,13.47,12708.0,13.482
2026-05-13 10:08:00-04:00,13.46,13.49,13.45,13.48,17331.0,13.473
2026-05-13 10:09:00-04:00,13.49,13.52,13.48,13.51,15266.0,13.5
2026-05-13 10:10:00-04:00,13.51,13.55,13.51,13.54,18231.0,13.536
2026-05-13 10:11:00-04:00,13.54,13.58,13.51,13.55,17259.0,13.537
2026-05-13 10:12:00-04:00,13.55,13.56,13.52,13.53,11612.0,13.54
2026-05-13 10:13:00-04:00,13.54,13.59,13.53,13.58,21379.0,13.563
2026-05-13 10:14:00-04:00,13.58,13.6,13.57,13.58,4523.0,13.585
2026-05-13 10:15:00-04:00,13.58,13.6,13.56,13.58,20948.0,13.581
2026-05-13 10:16:00-04:00,13.58,13.64,13.58,13.63,11048.0,13.608
2026-05-13 10:17:00-04:00,13.63,13.65,13.62,13.65,16211.0,13.639
2026-05-13 10:18:00-04:00,13.64,13.66,13.64,13.65,20379.0,13.647
2026-05-13 10:19:00-04:00,13.65,13.66,13.62,13.65,43799.0,13.642
2026-05-13 10:20:00-04:00,13.65,13.69,13.63,13.65,23172.0,13.651
2026-05-13 10:21:00-04:00,13.66,13.71,13.66,13.69,28535.0,13.692
2026-05-13 10:22:00-04:00,13.68,13.69,13.64,13.65,26065.0,13.654
2026-05-13 10:23:00-04:00,13.65,13.67,13.62,13.63,26401.0,13.652
2026-05-13 10:24:00-04:00,13.63,13.65,13.62,13.63,15589.0,13.634
2026-05-13 10:25:00-04:00,13.63,13.64,13.6,13.63,16858.0,13.629
2026-05-13 10:26:00-04:00,13.63,13.65,13.62,13.62,10200.0,13.637
2026-05-13 10:27:00-04:00,13.61,13.62,13.58,13.59,21668.0,13.604
2026-05-13 10:28:00-04:00,13.58,13.61,13.58,13.59,14668.0,13.594
2026-05-13 10:29:00-04:00,13.59,13.6,13.55,13.59,37670.0,13.574
2026-05-13 10:30:00-04:00,13.6,13.63,13.6,13.61,28324.0,13.612
2026-05-13 10:31:00-04:00,13.62,13.62,13.58,13.58,11954.0,13.597
2026-05-13 10:32:00-04:00,13.58,13.59,13.56,13.56,40681.0,13.574
2026-05-13 10:33:00-04:00,13.57,13.62,13.56,13.61,40824.0,13.582
2026-05-13 10:34:00-04:00,13.61,13.61,13.53,13.53,22626.0,13.555
2026-05-13 10:35:00-04:00,13.53,13.56,13.51,13.54,22013.0,13.539
2026-05-13 10:36:00-04:00,13.53,13.59,13.53,13.57,30715.0,13.556
2026-05-13 10:37:00-04:00,13.57,13.62,13.57,13.62,21651.0,13.584
2026-05-13 10:38:00-04:00,13.61,13.62,13.58,13.62,8467.0,13.596
2026-05-13 10:39:00-04:00,13.61,13.62,13.59,13.61,9950.0,13.606
2026-05-13 10:40:00-04:00,13.62,13.63,13.6,13.61,3487.0,13.612
2026-05-13 10:41:00-04:00,13.62,13.62,13.6,13.62,4785.0,13.614
2026-05-13 10:42:00-04:00,13.62,13.62,13.59,13.6,7256.0,13.602
2026-05-13 10:43:00-04:00,13.6,13.61,13.59,13.6,7791.0,13.598
2026-05-13 10:44:00-04:00,13.6,13.61,13.58,13.58,12193.0,13.594
2026-05-13 10:45:00-04:00,13.58,13.59,13.57,13.57,4118.0,13.578
2026-05-13 10:46:00-04:00,13.57,13.59,13.57,13.58,6453.0,13.576
2026-05-13 10:47:00-04:00,13.58,13.59,13.55,13.57,12335.0,13.567
2026-05-13 10:48:00-04:00,13.57,13.59,13.57,13.58,5107.0,13.585
2026-05-13 10:49:00-04:00,13.59,13.59,13.57,13.57,10381.0,13.577
2026-05-13 10:50:00-04:00,13.56,13.6,13.55,13.55,13559.0,13.58
2026-05-13 10:51:00-04:00,13.55,13.57,13.53,13.53,10632.0,13.553
2026-05-13 10:52:00-04:00,13.54,13.56,13.53,13.55,3700.0,13.545
2026-05-13 10:53:00-04:00,13.56,13.58,13.55,13.57,8548.0,13.568
2026-05-13 10:54:00-04:00,13.57,13.61,13.57,13.6,9939.0,13.595
2026-05-13 10:55:00-04:00,13.6,13.6,13.57,13.57,9831.0,13.588
2026-05-13 10:56:00-04:00,13.57,13.58,13.55,13.55,4012.0,13.562
2026-05-13 10:57:00-04:00,13.54,13.56,13.54,13.54,2941.0,13.553
2026-05-13 10:58:00-04:00,13.54,13.59,13.51,13.58,68415.0,13.552
2026-05-13 10:59:00-04:00,13.58,13.58,13.51,13.51,11554.0,13.545
2026-05-13 11:00:00-04:00,13.51,13.53,13.51,13.53,3899.0,13.525
2026-05-13 11:01:00-04:00,13.54,13.55,13.51,13.51,11158.0,13.534
2026-05-13 11:02:00-04:00,13.51,13.57,13.51,13.57,12140.0,13.532
2026-05-13 11:03:00-04:00,13.56,13.57,13.56,13.56,7159.0,13.563
2026-05-13 11:04:00-04:00,13.56,13.58,13.55,13.55,5593.0,13.567
2026-05-13 11:05:00-04:00,13.55,13.57,13.54,13.57,12435.0,13.55
2026-05-13 11:06:00-04:00,13.56,13.57,13.54,13.55,7302.0,13.56
2026-05-13 11:07:00-04:00,13.55,13.57,13.54,13.55,7049.0,13.555
2026-05-13 11:08:00-04:00,13.55,13.57,13.55,13.55,3556.0,13.553
2026-05-13 11:09:00-04:00,13.55,13.59,13.52,13.52,21264.0,13.565
2026-05-13 11:10:00-04:00,13.52,13.54,13.52,13.54,5877.0,13.53
2026-05-13 11:11:00-04:00,13.54,13.57,13.53,13.55,15687.0,13.553
2026-05-13 11:12:00-04:00,13.54,13.56,13.54,13.55,3952.0,13.547
2026-05-13 11:13:00-04:00,13.55,13.59,13.54,13.59,4727.0,13.563
2026-05-13 11:14:00-04:00,13.6,13.6,13.57,13.58,15804.0,13.584
2026-05-13 11:15:00-04:00,13.57,13.61,13.57,13.6,4712.0,13.599
2026-05-13 11:16:00-04:00,13.61,13.63,13.6,13.62,9552.0,13.612
2026-05-13 11:17:00-04:00,13.62,13.64,13.62,13.63,2677.0,13.629
2026-05-13 11:18:00-04:00,13.62,13.63,13.61,13.62,6651.0,13.618
2026-05-13 11:19:00-04:00,13.61,13.61,13.58,13.59,19699.0,13.592
2026-05-13 11:20:00-04:00,13.59,13.65,13.59,13.64,8165.0,13.625
2026-05-13 11:21:00-04:00,13.63,13.63,13.61,13.62,2794.0,13.627
2026-05-13 11:22:00-04:00,13.61,13.61,13.59,13.6,3225.0,13.601
2026-05-13 11:23:00-04:00,13.6,13.61,13.59,13.59,4214.0,13.597
2026-05-13 11:24:00-04:00,13.6,13.61,13.56,13.58,6614.0,13.58
2026-05-13 11:25:00-04:00,13.56,13.57,13.56,13.56,1001.0,13.564
2026-05-13 11:26:00-04:00,13.56,13.58,13.56,13.57,695.0,13.569
2026-05-13 11:27:00-04:00,13.58,13.58,13.56,13.57,3225.0,13.572
2026-05-13 11:28:00-04:00,13.57,13.58,13.57,13.57,1623.0,13.577
2026-05-13 11:29:00-04:00,13.57,13.58,13.57,13.57,3850.0,13.579
2026-05-13 11:30:00-04:00,13.57,13.59,13.57,13.58,3189.0,13.582
2026-05-13 11:31:00-04:00,13.57,13.61,13.57,13.6,6315.0,13.591
2026-05-13 11:32:00-04:00,13.6,13.63,13.6,13.62,5817.0,13.617
2026-05-13 11:33:00-04:00,13.63,13.63,13.62,13.63,2871.0,13.628
2026-05-13 11:34:00-04:00,13.63,13.63,13.62,13.63,2255.0,13.623
2026-05-13 11:35:00-04:00,13.63,13.64,13.62,13.62,5422.0,13.626
2026-05-13 11:36:00-04:00,13.63,13.66,13.62,13.65,6603.0,13.642
2026-05-13 11:37:00-04:00,13.66,13.67,13.62,13.62,5624.0,13.646
2026-05-13 11:38:00-04:00,13.61,13.63,13.61,13.62,4413.0,13.623
2026-05-13 11:39:00-04:00,13.61,13.62,13.6,13.62,2690.0,13.614
2026-05-13 11:40:00-04:00,13.61,13.62,13.59,13.59,8409.0,13.602
2026-05-13 11:41:00-04:00,13.59,13.6,13.58,13.59,5482.0,13.593
2026-05-13 11:42:00-04:00,13.59,13.61,13.59,13.59,12013.0,13.597
2026-05-13 11:43:00-04:00,13.59,13.6,13.58,13.59,4332.0,13.595
2026-05-13 11:44:00-04:00,13.6,13.6,13.57,13.57,3712.0,13.583
2026-05-13 11:45:00-04:00,13.58,13.58,13.55,13.55,6129.0,13.561
2026-05-13 11:46:00-04:00,13.55,13.56,13.55,13.55,10046.0,13.553
2026-05-13 11:47:00-04:00,13.55,13.56,13.55,13.55,3123.0,13.551
2026-05-13 11:48:00-04:00,13.55,13.57,13.55,13.55,5989.0,13.56
2026-05-13 11:49:00-04:00,13.55,13.56,13.55,13.55,1100.0,13.556
2026-05-13 11:50:00-04:00,13.55,13.58,13.55,13.57,21613.0,13.566
2026-05-13 11:51:00-04:00,13.57,13.59,13.57,13.58,4907.0,13.58
2026-05-13 11:52:00-04:00,13.58,13.62,13.58,13.62,7270.0,13.603
2026-05-13 11:53:00-04:00,13.62,13.69,13.61,13.69,21945.0,13.631
2026-05-13 11:54:00-04:00,13.69,13.69,13.64,13.66,25380.0,13.673
2026-05-13 11:55:00-04:00,13.66,13.68,13.64,13.65,24841.0,13.665
2026-05-13 11:56:00-04:00,13.64,13.65,13.62,13.62,10763.0,13.633
2026-05-13 11:57:00-04:00,13.63,13.65,13.62,13.63,11626.0,13.635
2026-05-13 11:58:00-04:00,13.63,13.63,13.62,13.63,3639.0,13.627
2026-05-13 11:59:00-04:00,13.62,13.63,13.61,13.62,3756.0,13.62
2026-05-13 12:00:00-04:00,13.62,13.65,13.61,13.64,4632.0,13.632
2026-05-13 12:01:00-04:00,13.64,13.65,13.63,13.63,3814.0,13.639
2026-05-13 12:02:00-04:00,13.63,13.64,13.63,13.63,1409.0,13.635
2026-05-13 12:03:00-04:00,13.63,13.65,13.63,13.64,7293.0,13.637
2026-05-13 12:04:00-04:00,13.64,13.65,13.62,13.63,13655.0,13.634
2026-05-13 12:05:00-04:00,13.63,13.65,13.61,13.62,13782.0,13.636
2026-05-13 12:06:00-04:00,13.62,13.62,13.6,13.62,6635.0,13.61
2026-05-13 12:07:00-04:00,13.62,13.64,13.61,13.64,7663.0,13.628
2026-05-13 12:08:00-04:00,13.64,13.65,13.63,13.63,8236.0,13.638
2026-05-13 12:09:00-04:00,13.63,13.64,13.61,13.63,2650.0,13.622
2026-05-13 12:10:00-04:00,13.63,13.64,13.62,13.63,4532.0,13.631
2026-05-13 12:11:00-04:00,13.63,13.63,13.62,13.62,3347.0,13.628
2026-05-13 12:12:00-04:00,13.63,13.63,13.62,13.63,2214.0,13.629
2026-05-13 12:13:00-04:00,13.63,13.64,13.62,13.63,4028.0,13.631
2026-05-13 12:14:00-04:00,13.64,13.65,13.63,13.63,7348.0,13.638
2026-05-13 12:15:00-04:00,13.64,13.64,13.62,13.62,8341.0,13.633
2026-05-13 12:16:00-04:00,13.63,13.63,13.59,13.6,6973.0,13.609
2026-05-13 12:17:00-04:00,13.6,13.61,13.59,13.61,3621.0,13.604
2026-05-13 12:18:00-04:00,13.6,13.61,13.59,13.61,1793.0,13.599
2026-05-13 12:19:00-04:00,13.61,13.61,13.59,13.59,4968.0,13.608
2026-05-13 12:20:00-04:00,13.59,13.6,13.58,13.6,6335.0,13.591
2026-05-13 12:21:00-04:00,13.59,13.63,13.59,13.61,11373.0,13.611
2026-05-13 12:22:00-04:00,13.61,13.63,13.61,13.63,4083.0,13.619
2026-05-13 12:23:00-04:00,13.63,13.66,13.63,13.65,6502.0,13.641
2026-05-13 12:24:00-04:00,13.65,13.72,13.65,13.71,12177.0,13.695
2026-05-13 12:25:00-04:00,13.71,13.73,13.7,13.71,7733.0,13.709
2026-05-13 12:26:00-04:00,13.72,13.73,13.72,13.72,5344.0,13.727
2026-05-13 12:27:00-04:00,13.72,13.74,13.72,13.73,1559.0,13.726
2026-05-13 12:28:00-04:00,13.74,13.76,13.73,13.75,7994.0,13.742
2026-05-13 12:29:00-04:00,13.75,13.76,13.73,13.74,7740.0,13.75
2026-05-13 12:30:00-04:00,13.74,13.75,13.71,13.71,5820.0,13.737
2026-05-13 12:31:00-04:00,13.72,13.75,13.71,13.74,4086.0,13.729
2026-05-13 12:32:00-04:00,13.75,13.77,13.74,13.76,8160.0,13.754
2026-05-13 12:33:00-04:00,13.77,13.78,13.75,13.78,4617.0,13.763
2026-05-13 12:34:00-04:00,13.77,13.79,13.77,13.79,1500.0,13.778
2026-05-13 12:35:00-04:00,13.79,13.79,13.78,13.78,2123.0,13.782
2026-05-13 12:36:00-04:00,13.77,13.77,13.75,13.75,5865.0,13.766
2026-05-13 12:37:00-04:00,13.75,13.77,13.74,13.76,21453.0,13.761
2026-05-13 12:38:00-04:00,13.78,13.82,13.77,13.77,17306.0,13.802
2026-05-13 12:39:00-04:00,13.78,13.79,13.76,13.76,6547.0,13.773
2026-05-13 12:40:00-04:00,13.75,13.78,13.72,13.77,24838.0,13.743
2026-05-13 12:41:00-04:00,13.77,13.78,13.75,13.75,4271.0,13.768
2026-05-13 12:42:00-04:00,13.75,13.76,13.74,13.74,3517.0,13.745
2026-05-13 12:43:00-04:00,13.74,13.77,13.74,13.76,3270.0,13.758
2026-05-13 12:44:00-04:00,13.76,13.77,13.73,13.74,4412.0,13.749
2026-05-13 12:45:00-04:00,13.73,13.74,13.72,13.72,1554.0,13.73
2026-05-13 12:46:00-04:00,13.72,13.73,13.72,13.72,2944.0,13.723
2026-05-13 12:47:00-04:00,13.72,13.73,13.68,13.7,15391.0,13.703
2026-05-13 12:48:00-04:00,13.7,13.71,13.7,13.71,2173.0,13.704
2026-05-13 12:49:00-04:00,13.71,13.71,13.68,13.7,8028.0,13.695
2026-05-13 12:50:00-04:00,13.69,13.7,13.67,13.69,5912.0,13.684
2026-05-13 12:51:00-04:00,13.69,13.7,13.69,13.69,8330.0,13.696
2026-05-13 12:52:00-04:00,13.69,13.69,13.68,13.68,3201.0,13.683
2026-05-13 12:53:00-04:00,13.68,13.69,13.67,13.68,1753.0,13.681
2026-05-13 12:54:00-04:00,13.67,13.68,13.66,13.66,1972.0,13.672
2026-05-13 12:55:00-04:00,13.66,13.68,13.65,13.67,3758.0,13.662
2026-05-13 12:56:00-04:00,13.67,13.69,13.67,13.68,5552.0,13.681
2026-05-13 12:57:00-04:00,13.68,13.69,13.67,13.68,4597.0,13.68
2026-05-13 12:58:00-04:00,13.68,13.71,13.68,13.7,11730.0,13.695
2026-05-13 12:59:00-04:00,13.71,13.72,13.7,13.72,4933.0,13.709
2026-05-13 13:00:00-04:00,13.72,13.73,13.72,13.72,4771.0,13.724
2026-05-13 13:01:00-04:00,13.72,13.74,13.72,13.72,8465.0,13.728
2026-05-13 13:02:00-04:00,13.72,13.73,13.68,13.68,7164.0,13.707
2026-05-13 13:03:00-04:00,13.69,13.7,13.68,13.7,2242.0,13.694
2026-05-13 13:04:00-04:00,13.69,13.7,13.68,13.69,5325.0,13.69
2026-05-13 13:05:00-04:00,13.69,13.7,13.67,13.69,6098.0,13.688
2026-05-13 13:06:00-04:00,13.69,13.71,13.69,13.7,3960.0,13.706
2026-05-13 13:07:00-04:00,13.7,13.71,13.68,13.68,3986.0,13.697
2026-05-13 13:08:00-04:00,13.69,13.7,13.66,13.66,22255.0,13.67
2026-05-13 13:09:00-04:00,13.66,13.67,13.65,13.65,6132.0,13.657
2026-05-13 13:10:00-04:00,13.65,13.67,13.64,13.65,11234.0,13.648
2026-05-13 13:11:00-04:00,13.65,13.65,13.62,13.63,11700.0,13.632
2026-05-13 13:12:00-04:00,13.63,13.63,13.6,13.61,5583.0,13.617
2026-05-13 13:13:00-04:00,13.6,13.61,13.59,13.59,6407.0,13.605
2026-05-13 13:14:00-04:00,13.59,13.61,13.58,13.6,8186.0,13.596
2026-05-13 13:15:00-04:00,13.61,13.62,13.59,13.59,7121.0,13.606
2026-05-13 13:16:00-04:00,13.59,13.6,13.55,13.56,15019.0,13.583
2026-05-13 13:17:00-04:00,13.55,13.58,13.52,13.54,67134.0,13.535
2026-05-13 13:18:00-04:00,13.54,13.57,13.54,13.57,1250.0,13.556
2026-05-13 13:19:00-04:00,13.56,13.57,13.56,13.57,5816.0,13.568
2026-05-13 13:20:00-04:00,13.56,13.57,13.56,13.56,3132.0,13.564
2026-05-13 13:21:00-04:00,13.57,13.58,13.56,13.57,10414.0,13.569
2026-05-13 13:22:00-04:00,13.57,13.62,13.57,13.61,14151.0,13.592
2026-05-13 13:23:00-04:00,13.62,13.62,13.59,13.59,6803.0,13.609
2026-05-13 13:24:00-04:00,13.59,13.6,13.58,13.58,8240.0,13.589
2026-05-13 13:25:00-04:00,13.58,13.6,13.58,13.59,14948.0,13.594
2026-05-13 13:26:00-04:00,13.59,13.6,13.58,13.6,6581.0,13.59
2026-05-13 13:27:00-04:00,13.6,13.61,13.59,13.6,12645.0,13.6
2026-05-13 13:28:00-04:00,13.61,13.62,13.6,13.6,6690.0,13.609
2026-05-13 13:29:00-04:00,13.6,13.61,13.58,13.58,3030.0,13.597
2026-05-13 13:30:00-04:00,13.58,13.59,13.58,13.58,11699.0,13.585
2026-05-13 13:31:00-04:00,13.59,13.6,13.58,13.58,16601.0,13.586
2026-05-13 13:32:00-04:00,13.58,13.6,13.55,13.55,19983.0,13.581
2026-05-13 13:33:00-04:00,13.55,13.58,13.55,13.57,11445.0,13.573
2026-05-13 13:34:00-04:00,13.57,13.6,13.57,13.58,8137.0,13.587
2026-05-13 13:35:00-04:00,13.58,13.61,13.58,13.6,16265.0,13.594
2026-05-13 13:36:00-04:00,13.61,13.63,13.61,13.62,3996.0,13.617
2026-05-13 13:37:00-04:00,13.63,13.64,13.62,13.63,11123.0,13.634
2026-05-13 13:38:00-04:00,13.63,13.65,13.63,13.63,5048.0,13.639
2026-05-13 13:39:00-04:00,13.63,13.64,13.61,13.63,14823.0,13.629
2026-05-13 13:40:00-04:00,13.62,13.62,13.6,13.62,3018.0,13.612
2026-05-13 13:41:00-04:00,13.61,13.64,13.61,13.63,10421.0,13.628
2026-05-13 13:42:00-04:00,13.62,13.63,13.59,13.62,15405.0,13.614
2026-05-13 13:43:00-04:00,13.61,13.62,13.6,13.62,4944.0,13.614
2026-05-13 13:44:00-04:00,13.63,13.63,13.58,13.6,30801.0,13.61
2026-05-13 13:45:00-04:00,13.6,13.6,13.58,13.58,13174.0,13.594
2026-05-13 13:46:00-04:00,13.58,13.61,13.58,13.59,30885.0,13.596
2026-05-13 13:47:00-04:00,13.59,13.61,13.59,13.6,5598.0,13.601
2026-05-13 13:48:00-04:00,13.59,13.6,13.58,13.59,8143.0,13.592
2026-05-13 13:49:00-04:00,13.59,13.6,13.58,13.58,5307.0,13.587
2026-05-13 13:50:00-04:00,13.58,13.61,13.58,13.61,11286.0,13.593
2026-05-13 13:51:00-04:00,13.6,13.62,13.6,13.61,5543.0,13.607
2026-05-13 13:52:00-04:00,13.61,13.61,13.59,13.6,17511.0,13.607
2026-05-13 13:53:00-04:00,13.61,13.62,13.6,13.6,5421.0,13.611
2026-05-13 13:54:00-04:00,13.6,13.61,13.59,13.6,6770.0,13.6
2026-05-13 13:55:00-04:00,13.6,13.62,13.6,13.62,5122.0,13.61
2026-05-13 13:56:00-04:00,13.62,13.64,13.62,13.63,6178.0,13.625
2026-05-13 13:57:00-04:00,13.62,13.63,13.61,13.63,3792.0,13.62
2026-05-13 13:58:00-04:00,13.62,13.64,13.61,13.63,9275.0,13.624
2026-05-13 13:59:00-04:00,13.63,13.64,13.6,13.6,5058.0,13.618
2026-05-13 14:00:00-04:00,13.61,13.62,13.6,13.6,6777.0,13.607
2026-05-13 14:01:00-04:00,13.6,13.64,13.59,13.62,27599.0,13.606
2026-05-13 14:02:00-04:00,13.62,13.64,13.61,13.63,9053.0,13.629
2026-05-13 14:03:00-04:00,13.62,13.62,13.61,13.62,8264.0,13.614
2026-05-13 14:04:00-04:00,13.61,13.63,13.61,13.63,11826.0,13.617
2026-05-13 14:05:00-04:00,13.62,13.63,13.62,13.63,400.0,13.624
2026-05-13 14:06:00-04:00,13.63,13.63,13.61,13.62,7025.0,13.619
2026-05-13 14:07:00-04:00,13.63,13.64,13.61,13.62,12716.0,13.622
2026-05-13 14:08:00-04:00,13.61,13.66,13.6,13.65,16496.0,13.631
2026-05-13 14:09:00-04:00,13.65,13.66,13.65,13.65,1896.0,13.654
2026-05-13 14:10:00-04:00,13.65,13.66,13.64,13.65,5292.0,13.651
2026-05-13 14:11:00-04:00,13.65,13.66,13.65,13.65,9330.0,13.656
2026-05-13 14:12:00-04:00,13.65,13.66,13.64,13.64,5212.0,13.653
2026-05-13 14:13:00-04:00,13.64,13.64,13.63,13.63,1117.0,13.637
2026-05-13 14:14:00-04:00,13.63,13.64,13.62,13.63,3969.0,13.631
2026-05-13 14:15:00-04:00,13.64,13.7,13.64,13.7,7492.0,13.659
2026-05-13 14:16:00-04:00,13.69,13.71,13.69,13.7,7477.0,13.7
2026-05-13 14:17:00-04:00,13.71,13.74,13.69,13.73,28796.0,13.718
2026-05-13 14:18:00-04:00,13.73,13.76,13.72,13.72,11094.0,13.737
2026-05-13 14:19:00-04:00,13.72,13.73,13.67,13.67,6372.0,13.699
2026-05-13 14:20:00-04:00,13.68,13.78,13.68,13.77,93426.0,13.752
2026-05-13 14:21:00-04:00,13.77,13.79,13.76,13.78,5668.0,13.772
2026-05-13 14:22:00-04:00,13.8,13.84,13.8,13.81,6523.0,13.821
2026-05-13 14:23:00-04:00,13.81,13.84,13.79,13.83,12534.0,13.813
2026-05-13 14:24:00-04:00,13.82,13.82,13.78,13.79,7548.0,13.8
2026-05-13 14:25:00-04:00,13.8,13.81,13.8,13.8,5216.0,13.807
2026-05-13 14:26:00-04:00,13.8,13.82,13.8,13.81,3991.0,13.809
2026-05-13 14:27:00-04:00,13.81,13.82,13.8,13.8,6429.0,13.806
2026-05-13 14:28:00-04:00,13.8,13.81,13.8,13.8,1995.0,13.802
2026-05-13 14:29:00-04:00,13.8,13.81,13.77,13.78,12304.0,13.786
2026-05-13 14:30:00-04:00,13.79,13.79,13.76,13.76,5517.0,13.772
2026-05-13 14:31:00-04:00,13.77,13.78,13.74,13.75,13993.0,13.756
2026-05-13 14:32:00-04:00,13.74,13.76,13.74,13.74,4071.0,13.747
2026-05-13 14:33:00-04:00,13.74,13.75,13.73,13.74,4640.0,13.739
2026-05-13 14:34:00-04:00,13.74,13.76,13.72,13.72,6937.0,13.736
2026-05-13 14:35:00-04:00,13.72,13.75,13.72,13.74,5273.0,13.738
2026-05-13 14:36:00-04:00,13.75,13.78,13.74,13.76,24872.0,13.765
2026-05-13 14:37:00-04:00,13.75,13.76,13.74,13.76,4683.0,13.753
2026-05-13 14:38:00-04:00,13.76,13.77,13.75,13.75,7566.0,13.759
2026-05-13 14:39:00-04:00,13.75,13.76,13.74,13.74,14740.0,13.756
2026-05-13 14:40:00-04:00,13.74,13.77,13.74,13.76,5943.0,13.747
2026-05-13 14:41:00-04:00,13.77,13.77,13.76,13.77,4223.0,13.765
2026-05-13 14:42:00-04:00,13.77,13.79,13.75,13.77,21871.0,13.774
2026-05-13 14:43:00-04:00,13.78,13.82,13.78,13.79,20190.0,13.796
2026-05-13 14:44:00-04:00,13.78,13.78,13.72,13.72,15713.0,13.759
2026-05-13 14:45:00-04:00,13.72,13.82,13.71,13.77,77350.0,13.793
2026-05-13 14:46:00-04:00,13.78,13.79,13.78,13.79,7044.0,13.784
2026-05-13 14:47:00-04:00,13.78,13.81,13.78,13.8,7905.0,13.8
2026-05-13 14:48:00-04:00,13.8,13.87,13.8,13.85,41683.0,13.838
2026-05-13 14:49:00-04:00,13.88,13.88,13.85,13.85,58795.0,13.869
2026-05-13 14:50:00-04:00,13.85,13.87,13.84,13.84,14225.0,13.853
2026-05-13 14:51:00-04:00,13.84,13.88,13.84,13.85,31324.0,13.854
2026-05-13 14:52:00-04:00,13.85,13.87,13.85,13.87,10945.0,13.859
2026-05-13 14:53:00-04:00,13.87,13.87,13.84,13.84,26932.0,13.853
2026-05-13 14:54:00-04:00,13.84,13.87,13.84,13.87,19277.0,13.853
2026-05-13 14:55:00-04:00,13.87,13.87,13.85,13.87,18202.0,13.861
2026-05-13 14:56:00-04:00,13.87,13.87,13.85,13.85,10491.0,13.861
2026-05-13 14:57:00-04:00,13.85,13.87,13.85,13.85,8382.0,13.859
2026-05-13 14:58:00-04:00,13.85,13.86,13.83,13.84,52519.0,13.847
2026-05-13 14:59:00-04:00,13.84,13.86,13.79,13.79,108326.0,13.844
2026-05-13 15:00:00-04:00,13.79,13.84,13.79,13.81,31686.0,13.82
2026-05-13 15:01:00-04:00,13.8,13.8,13.74,13.74,16405.0,13.77
2026-05-13 15:02:00-04:00,13.74,13.75,13.73,13.75,12575.0,13.744
2026-05-13 15:03:00-04:00,13.74,13.82,13.73,13.81,32617.0,13.762
2026-05-13 15:04:00-04:00,13.81,13.83,13.8,13.8,7061.0,13.819
2026-05-13 15:05:00-04:00,13.8,13.88,13.79,13.87,17208.0,13.836
2026-05-13 15:06:00-04:00,13.86,13.86,13.84,13.84,35412.0,13.846
2026-05-13 15:07:00-04:00,13.85,13.85,13.82,13.85,14430.0,13.838
2026-05-13 15:08:00-04:00,13.84,13.85,13.83,13.84,7901.0,13.842
2026-05-13 15:09:00-04:00,13.84,13.85,13.83,13.83,9788.0,13.838
2026-05-13 15:10:00-04:00,13.83,13.87,13.82,13.87,18091.0,13.842
2026-05-13 15:11:00-04:00,13.87,13.87,13.85,13.87,22097.0,13.862
2026-05-13 15:12:00-04:00,13.86,13.86,13.85,13.85,5212.0,13.856
2026-05-13 15:13:00-04:00,13.85,13.87,13.85,13.87,27804.0,13.856
2026-05-13 15:14:00-04:00,13.86,13.89,13.86,13.88,28445.0,13.871
2026-05-13 15:15:00-04:00,13.88,13.9,13.88,13.89,13445.0,13.885
2026-05-13 15:16:00-04:00,13.89,13.9,13.88,13.89,20165.0,13.89
2026-05-13 15:17:00-04:00,13.89,13.9,13.88,13.89,8631.0,13.891
2026-05-13 15:18:00-04:00,13.89,13.9,13.88,13.88,23111.0,13.897
2026-05-13 15:19:00-04:00,13.88,13.92,13.87,13.91,28842.0,13.885
2026-05-13 15:20:00-04:00,13.91,13.93,13.88,13.88,36026.0,13.904
2026-05-13 15:21:00-04:00,13.88,13.9,13.87,13.88,30463.0,13.886
2026-05-13 15:22:00-04:00,13.88,13.88,13.85,13.86,14588.0,13.867
2026-05-13 15:23:00-04:00,13.86,13.87,13.85,13.86,18632.0,13.857
2026-05-13 15:24:00-04:00,13.87,13.87,13.85,13.87,14857.0,13.864
2026-05-13 15:25:00-04:00,13.87,13.89,13.86,13.89,18556.0,13.872
2026-05-13 15:26:00-04:00,13.89,13.93,13.88,13.93,21556.0,13.9
2026-05-13 15:27:00-04:00,13.92,13.93,13.9,13.91,7639.0,13.915
2026-05-13 15:28:00-04:00,13.92,13.92,13.9,13.9,6461.0,13.912
2026-05-13 15:29:00-04:00,13.91,13.91,13.89,13.9,17014.0,13.902
2026-05-13 15:30:00-04:00,13.9,13.93,13.9,13.93,21896.0,13.911
2026-05-13 15:31:00-04:00,13.92,13.93,13.81,13.88,190812.0,13.875
2026-05-13 15:32:00-04:00,13.88,13.89,13.82,13.83,64244.0,13.853
2026-05-13 15:33:00-04:00,13.83,13.92,13.82,13.91,55975.0,13.849
2026-05-13 15:34:00-04:00,13.91,13.91,13.87,13.89,47987.0,13.893
2026-05-13 15:35:00-04:00,13.88,13.91,13.88,13.89,25570.0,13.895
2026-05-13 15:36:00-04:00,13.89,13.91,13.89,13.9,17181.0,13.9
2026-05-13 15:37:00-04:00,13.9,13.94,13.9,13.93,22072.0,13.916
2026-05-13 15:38:00-04:00,13.93,13.97,13.93,13.96,35489.0,13.947
2026-05-13 15:39:00-04:00,13.96,13.97,13.96,13.96,6112.0,13.966
2026-05-13 15:40:00-04:00,13.96,13.97,13.9,13.9,43351.0,13.942
2026-05-13 15:41:00-04:00,13.9,13.92,13.89,13.9,35146.0,13.908
2026-05-13 15:42:00-04:00,13.91,13.91,13.89,13.9,30481.0,13.9
2026-05-13 15:43:00-04:00,13.9,13.91,13.89,13.9,54005.0,13.901
2026-05-13 15:44:00-04:00,13.9,13.9,13.88,13.88,77767.0,13.887
2026-05-13 15:45:00-04:00,13.88,13.89,13.87,13.88,86219.0,13.883
2026-05-13 15:46:00-04:00,13.88,13.89,13.84,13.85,119265.0,13.866
2026-05-13 15:47:00-04:00,13.85,13.87,13.83,13.83,33046.0,13.854
2026-05-13 15:48:00-04:00,13.83,13.84,13.77,13.77,22157.0,13.8
2026-05-13 15:49:00-04:00,13.77,13.81,13.75,13.77,92362.0,13.776
2026-05-13 15:50:00-04:00,13.77,13.78,13.73,13.74,61903.0,13.749
2026-05-13 15:51:00-04:00,13.74,13.78,13.72,13.75,81634.0,13.744
2026-05-13 15:52:00-04:00,13.75,13.78,13.74,13.74,44818.0,13.761
2026-05-13 15:53:00-04:00,13.74,13.76,13.71,13.72,70037.0,13.736
2026-05-13 15:54:00-04:00,13.72,13.73,13.7,13.7,37721.0,13.709
2026-05-13 15:55:00-04:00,13.71,13.71,13.65,13.68,258198.0,13.683
2026-05-13 15:56:00-04:00,13.69,13.69,13.66,13.67,94767.0,13.674
2026-05-13 15:57:00-04:00,13.67,13.71,13.66,13.69,159606.0,13.684
2026-05-13 15:58:00-04:00,13.69,13.72,13.65,13.68,245563.0,13.687
2026-05-13 15:59:00-04:00,13.67,13.72,13.65,13.69,301472.0,13.672
2026-05-14 09:30:00-04:00,15.48,15.92,15.18,15.89,1523880.0,15.506
2026-05-14 09:31:00-04:00,15.89,16.37,15.86,16.3,625755.0,16.084
2026-05-14 09:32:00-04:00,16.32,16.48,16.03,16.18,463277.0,16.309
2026-05-14 09:33:00-04:00,16.16,16.21,16.0,16.04,220683.0,16.121
2026-05-14 09:34:00-04:00,16.02,16.19,16.0,16.1,228001.0,16.1
2026-05-14 09:35:00-04:00,16.11,16.18,15.8,15.87,181481.0,16.043
2026-05-14 09:36:00-04:00,15.87,15.96,15.83,15.93,120773.0,15.898
2026-05-14 09:37:00-04:00,15.91,16.02,15.87,15.96,158220.0,15.954
2026-05-14 09:38:00-04:00,15.96,16.0,15.73,15.76,159150.0,15.877
2026-05-14 09:39:00-04:00,15.75,15.83,15.51,15.51,165444.0,15.737
2026-05-14 09:40:00-04:00,15.53,15.73,15.53,15.67,136851.0,15.638
2026-05-14 09:41:00-04:00,15.66,15.75,15.45,15.58,137091.0,15.595
2026-05-14 09:42:00-04:00,15.58,15.6,15.3,15.32,179438.0,15.458
2026-05-14 09:43:00-04:00,15.34,15.35,15.11,15.31,343857.0,15.181
2026-05-14 09:44:00-04:00,15.31,15.31,15.2,15.23,81064.0,15.261
2026-05-14 09:45:00-04:00,15.24,15.29,15.15,15.16,87438.0,15.208
2026-05-14 09:46:00-04:00,15.17,15.21,15.06,15.12,86222.0,15.149
2026-05-14 09:47:00-04:00,15.17,15.23,15.01,15.07,100396.0,15.127
2026-05-14 09:48:00-04:00,15.05,15.16,14.96,15.13,181445.0,15.036
2026-05-14 09:49:00-04:00,15.09,15.2,15.04,15.19,74194.0,15.136
2026-05-14 09:50:00-04:00,15.19,15.3,15.14,15.21,102680.0,15.221
2026-05-14 09:51:00-04:00,15.21,15.22,15.03,15.16,56850.0,15.117
2026-05-14 09:52:00-04:00,15.18,15.4,15.13,15.33,144667.0,15.295
2026-05-14 09:53:00-04:00,15.33,15.5,15.18,15.42,371109.0,15.333
2026-05-14 09:54:00-04:00,15.44,15.48,15.38,15.44,52678.0,15.415
2026-05-14 09:55:00-04:00,15.43,15.5,15.4,15.48,52089.0,15.46
2026-05-14 09:56:00-04:00,15.49,15.5,15.41,15.43,46115.0,15.439
2026-05-14 09:57:00-04:00,15.42,15.49,15.41,15.41,43052.0,15.451
2026-05-14 09:58:00-04:00,15.41,15.55,15.4,15.48,69957.0,15.455
2026-05-14 09:59:00-04:00,15.49,15.56,15.45,15.56,31743.0,15.512
2026-05-14 10:00:00-04:00,15.55,15.73,15.53,15.67,78129.0,15.622
2026-05-14 10:01:00-04:00,15.67,15.75,15.64,15.71,62706.0,15.693
2026-05-14 10:02:00-04:00,15.71,15.75,15.67,15.73,71450.0,15.718
2026-05-14 10:03:00-04:00,15.73,15.81,15.73,15.78,97769.0,15.775
2026-05-14 10:04:00-04:00,15.78,15.93,15.73,15.91,186965.0,15.843
2026-05-14 10:05:00-04:00,15.91,15.95,15.76,15.94,460891.0,15.873
2026-05-14 10:06:00-04:00,15.94,16.03,15.76,15.8,175971.0,15.901
2026-05-14 10:07:00-04:00,15.8,15.83,15.74,15.82,64241.0,15.795
2026-05-14 10:08:00-04:00,15.81,15.91,15.81,15.89,46458.0,15.848
2026-05-14 10:09:00-04:00,15.89,16.16,15.89,16.15,175722.0,16.064
2026-05-14 10:10:00-04:00,16.16,16.18,15.96,15.98,99132.0,16.081
2026-05-14 10:11:00-04:00,15.98,16.04,15.92,16.02,60370.0,15.979
2026-05-14 10:12:00-04:00,16.01,16.02,15.92,15.92,28856.0,15.982
2026-05-14 10:13:00-04:00,15.93,16.04,15.9,15.99,49162.0,15.964
2026-05-14 10:14:00-04:00,15.97,15.98,15.91,15.94,61949.0,15.951
2026-05-14 10:15:00-04:00,15.94,15.94,15.8,15.82,87594.0,15.846
2026-05-14 10:16:00-04:00,15.82,15.87,15.77,15.81,169171.0,15.839
2026-05-14 10:17:00-04:00,15.8,15.85,15.73,15.84,84596.0,15.799
2026-05-14 10:18:00-04:00,15.86,15.88,15.82,15.85,34006.0,15.858
2026-05-14 10:19:00-04:00,15.85,15.89,15.75,15.76,37811.0,15.828
2026-05-14 10:20:00-04:00,15.78,15.87,15.72,15.79,71408.0,15.794
2026-05-14 10:21:00-04:00,15.79,15.92,15.77,15.81,70262.0,15.829
2026-05-14 10:22:00-04:00,15.81,15.93,15.79,15.85,67082.0,15.867
2026-05-14 10:23:00-04:00,15.85,15.91,15.83,15.9,22049.0,15.868
2026-05-14 10:24:00-04:00,15.89,15.98,15.87,15.94,51102.0,15.938
2026-05-14 10:25:00-04:00,15.94,15.95,15.82,15.87,41022.0,15.881
2026-05-14 10:26:00-04:00,15.86,15.96,15.85,15.92,29254.0,15.915
2026-05-14 10:27:00-04:00,15.92,15.94,15.87,15.89,15413.0,15.895
2026-05-14 10:28:00-04:00,15.89,15.95,15.89,15.9,20060.0,15.923
2026-05-14 10:29:00-04:00,15.9,15.9,15.79,15.86,59769.0,15.845
2026-05-14 10:30:00-04:00,15.86,15.9,15.73,15.81,51794.0,15.809
2026-05-14 10:31:00-04:00,15.8,15.83,15.71,15.83,80162.0,15.768
2026-05-14 10:32:00-04:00,15.83,15.83,15.62,15.65,95596.0,15.704
2026-05-14 10:33:00-04:00,15.64,15.66,15.53,15.6,33106.0,15.591
2026-05-14 10:34:00-04:00,15.58,15.61,15.56,15.57,20694.0,15.589
2026-05-14 10:35:00-04:00,15.58,15.58,15.4,15.48,92235.0,15.468
2026-05-14 10:36:00-04:00,15.47,15.57,15.47,15.55,59648.0,15.532
2026-05-14 10:37:00-04:00,15.55,15.58,15.49,15.52,25146.0,15.525
2026-05-14 10:38:00-04:00,15.51,15.61,15.5,15.52,38951.0,15.559
2026-05-14 10:39:00-04:00,15.52,15.54,15.43,15.43,23176.0,15.495
2026-05-14 10:40:00-04:00,15.42,15.45,15.35,15.36,39415.0,15.383
2026-05-14 10:41:00-04:00,15.37,15.44,15.32,15.42,39740.0,15.377
2026-05-14 10:42:00-04:00,15.42,15.49,15.36,15.45,65069.0,15.43
2026-05-14 10:43:00-04:00,15.46,15.54,15.46,15.52,40729.0,15.493
2026-05-14 10:44:00-04:00,15.52,15.54,15.41,15.43,48259.0,15.445
2026-05-14 10:45:00-04:00,15.43,15.44,15.38,15.4,11921.0,15.407
2026-05-14 10:46:00-04:00,15.4,15.44,15.4,15.4,14460.0,15.423
2026-05-14 10:47:00-04:00,15.42,15.55,15.41,15.54,43440.0,15.5
2026-05-14 10:48:00-04:00,15.54,15.57,15.51,15.56,32552.0,15.539
2026-05-14 10:49:00-04:00,15.55,15.66,15.55,15.64,58179.0,15.605
2026-05-14 10:50:00-04:00,15.63,15.73,15.61,15.65,42290.0,15.699
2026-05-14 10:51:00-04:00,15.66,15.68,15.59,15.61,40528.0,15.622
2026-05-14 10:52:00-04:00,15.61,15.62,15.56,15.61,52180.0,15.591
2026-05-14 10:53:00-04:00,15.61,15.66,15.6,15.65,15983.0,15.636
2026-05-14 10:54:00-04:00,15.65,15.72,15.64,15.68,12445.0,15.675
2026-05-14 10:55:00-04:00,15.7,15.7,15.65,15.68,26869.0,15.678
2026-05-14 10:56:00-04:00,15.68,15.71,15.61,15.7,29813.0,15.651
2026-05-14 10:57:00-04:00,15.71,15.84,15.7,15.75,56172.0,15.774
2026-05-14 10:58:00-04:00,15.75,15.77,15.69,15.69,23479.0,15.729
2026-05-14 10:59:00-04:00,15.69,15.71,15.66,15.71,20269.0,15.691
2026-05-14 11:00:00-04:00,15.71,15.85,15.71,15.83,51457.0,15.803
2026-05-14 11:01:00-04:00,15.83,15.89,15.82,15.86,25499.0,15.853
2026-05-14 11:02:00-04:00,15.88,15.91,15.85,15.86,31015.0,15.887
2026-05-14 11:03:00-04:00,15.85,15.89,15.85,15.87,19256.0,15.871
2026-05-14 11:04:00-04:00,15.87,15.92,15.84,15.86,30230.0,15.886
2026-05-14 11:05:00-04:00,15.85,15.95,15.83,15.93,25315.0,15.871
2026-05-14 11:06:00-04:00,15.94,15.94,15.85,15.87,26830.0,15.911
2026-05-14 11:07:00-04:00,15.88,15.88,15.8,15.81,29058.0,15.85
2026-05-14 11:08:00-04:00,15.8,15.85,15.8,15.84,22380.0,15.821
2026-05-14 11:09:00-04:00,15.84,15.85,15.78,15.79,37967.0,15.834
2026-05-14 11:10:00-04:00,15.8,15.84,15.79,15.81,18880.0,15.823
2026-05-14 11:11:00-04:00,15.81,15.82,15.77,15.81,15743.0,15.794
2026-05-14 11:12:00-04:00,15.8,15.84,15.71,15.72,49271.0,15.781
2026-05-14 11:13:00-04:00,15.71,15.75,15.64,15.74,35584.0,15.7
2026-05-14 11:14:00-04:00,15.74,15.76,15.71,15.71,14564.0,15.734
2026-05-14 11:15:00-04:00,15.71,15.72,15.67,15.68,14229.0,15.697
2026-05-14 11:16:00-04:00,15.68,15.75,15.65,15.72,35707.0,15.701
2026-05-14 11:17:00-04:00,15.71,15.72,15.6,15.62,23956.0,15.651
2026-05-14 11:18:00-04:00,15.63,15.69,15.62,15.68,9870.0,15.653
2026-05-14 11:19:00-04:00,15.69,15.84,15.69,15.82,51233.0,15.778
2026-05-14 11:20:00-04:00,15.81,15.87,15.79,15.85,36848.0,15.832
2026-05-14 11:21:00-04:00,15.84,15.87,15.82,15.83,28815.0,15.85
2026-05-14 11:22:00-04:00,15.83,15.88,15.83,15.86,13356.0,15.853
2026-05-14 11:23:00-04:00,15.85,15.86,15.81,15.85,10876.0,15.835
2026-05-14 11:24:00-04:00,15.83,15.86,15.82,15.86,8769.0,15.842
2026-05-14 11:25:00-04:00,15.85,15.88,15.85,15.86,7054.0,15.871
2026-05-14 11:26:00-04:00,15.87,15.89,15.85,15.86,22159.0,15.871
2026-05-14 11:27:00-04:00,15.87,15.9,15.86,15.89,10095.0,15.879
2026-05-14 11:28:00-04:00,15.89,15.9,15.81,15.83,26927.0,15.853
2026-05-14 11:29:00-04:00,15.82,15.83,15.8,15.82,5788.0,15.815
2026-05-14 11:30:00-04:00,15.81,15.84,15.81,15.82,10326.0,15.828
2026-05-14 11:31:00-04:00,15.82,15.84,15.8,15.83,21846.0,15.816
2026-05-14 11:32:00-04:00,15.82,15.87,15.82,15.87,43322.0,15.851
2026-05-14 11:33:00-04:00,15.89,15.89,15.83,15.85,8228.0,15.854
2026-05-14 11:34:00-04:00,15.85,15.9,15.84,15.88,36213.0,15.878
2026-05-14 11:35:00-04:00,15.87,15.92,15.86,15.92,13443.0,15.893
2026-05-14 11:36:00-04:00,15.92,15.96,15.9,15.9,34397.0,15.919
2026-05-14 11:37:00-04:00,15.89,15.91,15.89,15.9,4586.0,15.9
2026-05-14 11:38:00-04:00,15.9,15.91,15.88,15.88,18407.0,15.889
2026-05-14 11:39:00-04:00,15.88,15.89,15.86,15.86,3021.0,15.873
2026-05-14 11:40:00-04:00,15.86,15.87,15.84,15.86,8365.0,15.855
2026-05-14 11:41:00-04:00,15.87,15.89,15.86,15.86,9369.0,15.874
2026-05-14 11:42:00-04:00,15.86,15.94,15.85,15.94,16832.0,15.898
2026-05-14 11:43:00-04:00,15.94,15.98,15.93,15.93,32240.0,15.954
2026-05-14 11:44:00-04:00,15.94,15.94,15.9,15.93,10761.0,15.931
2026-05-14 11:45:00-04:00,15.93,15.94,15.88,15.88,13641.0,15.902
2026-05-14 11:46:00-04:00,15.88,15.89,15.84,15.84,6805.0,15.86
2026-05-14 11:47:00-04:00,15.84,15.88,15.83,15.87,9774.0,15.856
2026-05-14 11:48:00-04:00,15.88,15.88,15.82,15.83,22540.0,15.843
2026-05-14 11:49:00-04:00,15.82,15.87,15.82,15.86,16840.0,15.839
2026-05-14 11:50:00-04:00,15.86,15.97,15.84,15.96,31916.0,15.917
2026-05-14 11:51:00-04:00,15.97,15.97,15.91,15.92,20416.0,15.941
2026-05-14 11:52:00-04:00,15.92,15.98,15.9,15.96,28531.0,15.935
2026-05-14 11:53:00-04:00,15.96,16.03,15.96,16.02,151589.0,16.003
2026-05-14 11:54:00-04:00,16.02,16.02,15.95,15.95,24466.0,15.988
2026-05-14 11:55:00-04:00,15.96,15.97,15.94,15.95,25888.0,15.952
2026-05-14 11:56:00-04:00,15.96,15.97,15.93,15.93,17688.0,15.945
2026-05-14 11:57:00-04:00,15.93,15.94,15.89,15.93,9240.0,15.909
2026-05-14 11:58:00-04:00,15.93,15.94,15.91,15.94,10212.0,15.927
2026-05-14 11:59:00-04:00,15.95,15.95,15.88,15.91,22372.0,15.91
2026-05-14 12:00:00-04:00,15.92,15.94,15.91,15.93,22882.0,15.924
2026-05-14 12:01:00-04:00,15.93,15.94,15.89,15.91,19084.0,15.918
2026-05-14 12:02:00-04:00,15.92,15.92,15.9,15.91,6025.0,15.915
2026-05-14 12:03:00-04:00,15.91,15.94,15.91,15.94,11642.0,15.931
2026-05-14 12:04:00-04:00,15.94,15.98,15.94,15.96,16677.0,15.955
2026-05-14 12:05:00-04:00,15.96,16.08,15.95,16.07,55998.0,16.007
2026-05-14 12:06:00-04:00,16.08,16.19,16.06,16.17,123730.0,16.13
2026-05-14 12:07:00-04:00,16.18,16.21,16.13,16.2,115329.0,16.191
2026-05-14 12:08:00-04:00,16.21,16.21,16.13,16.14,27176.0,16.17
2026-05-14 12:09:00-04:00,16.14,16.2,16.14,16.18,19707.0,16.172
2026-05-14 12:10:00-04:00,16.18,16.19,16.11,16.11,43590.0,16.166
2026-05-14 12:11:00-04:00,16.12,16.15,16.06,16.09,36868.0,16.097
2026-05-14 12:12:00-04:00,16.09,16.1,16.04,16.07,9815.0,16.064
2026-05-14 12:13:00-04:00,16.07,16.08,16.04,16.05,19161.0,16.053
2026-05-14 12:14:00-04:00,16.07,16.13,16.05,16.09,53841.0,16.088
2026-05-14 12:15:00-04:00,16.1,16.14,16.09,16.11,23267.0,16.119
2026-05-14 12:16:00-04:00,16.11,16.11,16.06,16.06,6412.0,16.071
2026-05-14 12:17:00-04:00,16.05,16.09,16.01,16.07,18960.0,16.058
2026-05-14 12:18:00-04:00,16.06,16.09,16.03,16.04,7267.0,16.065
2026-05-14 12:19:00-04:00,16.04,16.06,16.02,16.03,19994.0,16.039
2026-05-14 12:20:00-04:00,16.02,16.08,16.02,16.07,12328.0,16.05
2026-05-14 12:21:00-04:00,16.06,16.06,16.01,16.03,15592.0,16.04
2026-05-14 12:22:00-04:00,16.03,16.04,16.02,16.04,6390.0,16.032
2026-05-14 12:23:00-04:00,16.05,16.05,15.97,16.0,23200.0,16.004
2026-05-14 12:24:00-04:00,16.0,16.09,16.0,16.0,70391.0,16.049
2026-05-14 12:25:00-04:00,16.0,16.01,15.92,15.93,42119.0,15.975
2026-05-14 12:26:00-04:00,15.93,15.95,15.86,15.9,134500.0,15.918
2026-05-14 12:27:00-04:00,15.91,15.91,15.82,15.86,43321.0,15.864
2026-05-14 12:28:00-04:00,15.86,15.97,15.86,15.93,100816.0,15.885
2026-05-14 12:29:00-04:00,15.93,15.93,15.9,15.91,6818.0,15.919
2026-05-14 12:30:00-04:00,15.9,15.91,15.86,15.89,16387.0,15.886
2026-05-14 12:31:00-04:00,15.89,16.05,15.89,15.95,68496.0,15.986
2026-05-14 12:32:00-04:00,15.96,15.98,15.92,15.95,34658.0,15.947
2026-05-14 12:33:00-04:00,15.95,15.96,15.89,15.92,37739.0,15.919
2026-05-14 12:34:00-04:00,15.92,15.95,15.92,15.94,15702.0,15.932
2026-05-14 12:35:00-04:00,15.92,16.03,15.92,16.0,27801.0,15.989
2026-05-14 12:36:00-04:00,16.0,16.02,15.97,16.01,29377.0,15.996
2026-05-14 12:37:00-04:00,16.01,16.03,15.95,16.02,67555.0,15.987
2026-05-14 12:38:00-04:00,16.02,16.05,16.02,16.05,7411.0,16.038
2026-05-14 12:39:00-04:00,16.06,16.07,16.04,16.05,20543.0,16.061
2026-05-14 12:40:00-04:00,16.05,16.06,15.98,16.02,33114.0,16.011
2026-05-14 12:41:00-04:00,16.02,16.04,15.98,16.04,15654.0,16.004
2026-05-14 12:42:00-04:00,16.04,16.04,16.02,16.03,8415.0,16.035
2026-05-14 12:43:00-04:00,16.03,16.03,15.99,16.0,12449.0,16.007
2026-05-14 12:44:00-04:00,16.0,16.02,16.0,16.01,18555.0,16.006
2026-05-14 12:45:00-04:00,16.01,16.01,15.92,15.94,40070.0,15.963
2026-05-14 12:46:00-04:00,15.94,15.95,15.9,15.9,26727.0,15.929
2026-05-14 12:47:00-04:00,15.92,15.97,15.92,15.96,17755.0,15.947
2026-05-14 12:48:00-04:00,15.97,15.97,15.92,15.92,11878.0,15.946
2026-05-14 12:49:00-04:00,15.92,15.94,15.84,15.87,73743.0,15.89
2026-05-14 12:50:00-04:00,15.88,15.98,15.87,15.96,31227.0,15.931
2026-05-14 12:51:00-04:00,15.94,15.94,15.87,15.91,18996.0,15.904
2026-05-14 12:52:00-04:00,15.91,15.92,15.83,15.84,14579.0,15.882
2026-05-14 12:53:00-04:00,15.84,15.92,15.81,15.9,107797.0,15.859
2026-05-14 12:54:00-04:00,15.9,15.96,15.88,15.96,30670.0,15.909
2026-05-14 12:55:00-04:00,15.96,16.1,15.96,16.1,53399.0,16.021
2026-05-14 12:56:00-04:00,16.1,16.14,16.06,16.13,64291.0,16.107
2026-05-14 12:57:00-04:00,16.13,16.17,16.13,16.17,36152.0,16.156
2026-05-14 12:58:00-04:00,16.17,16.19,16.11,16.11,31085.0,16.145
2026-05-14 12:59:00-04:00,16.11,16.14,16.08,16.09,24178.0,16.106
2026-05-14 13:00:00-04:00,16.09,16.16,16.09,16.11,54187.0,16.135
2026-05-14 13:01:00-04:00,16.11,16.12,16.08,16.09,11774.0,16.097
2026-05-14 13:02:00-04:00,16.1,16.15,16.09,16.15,11730.0,16.116
2026-05-14 13:03:00-04:00,16.14,16.18,16.12,16.15,60784.0,16.153
2026-05-14 13:04:00-04:00,16.15,16.21,16.15,16.19,54091.0,16.195
2026-05-14 13:05:00-04:00,16.18,16.19,16.14,16.15,25371.0,16.162
2026-05-14 13:06:00-04:00,16.14,16.14,16.06,16.07,24530.0,16.09
2026-05-14 13:07:00-04:00,16.07,16.1,16.06,16.07,10452.0,16.08
2026-05-14 13:08:00-04:00,16.07,16.08,16.06,16.07,6217.0,16.07
2026-05-14 13:09:00-04:00,16.07,16.1,16.06,16.1,9994.0,16.078
2026-05-14 13:10:00-04:00,16.09,16.09,15.91,15.91,44201.0,15.975
2026-05-14 13:11:00-04:00,15.91,15.93,15.81,15.83,36494.0,15.875
2026-05-14 13:12:00-04:00,15.85,15.85,15.68,15.72,105670.0,15.757
2026-05-14 13:13:00-04:00,15.73,15.73,15.66,15.72,32332.0,15.699
2026-05-14 13:14:00-04:00,15.71,15.73,15.62,15.66,127313.0,15.662
2026-05-14 13:15:00-04:00,15.66,15.68,15.64,15.66,16605.0,15.661
2026-05-14 13:16:00-04:00,15.65,15.65,15.49,15.51,51288.0,15.559
2026-05-14 13:17:00-04:00,15.5,15.64,15.45,15.62,84280.0,15.537
2026-05-14 13:18:00-04:00,15.61,15.63,15.6,15.61,14483.0,15.615
2026-05-14 13:19:00-04:00,15.61,15.64,15.55,15.59,54222.0,15.597
2026-05-14 13:20:00-04:00,15.59,15.63,15.59,15.63,3887.0,15.613
2026-05-14 13:21:00-04:00,15.63,15.65,15.62,15.63,18228.0,15.639
2026-05-14 13:22:00-04:00,15.62,15.73,15.62,15.63,38474.0,15.685
2026-05-14 13:23:00-04:00,15.63,15.64,15.55,15.55,30875.0,15.601
2026-05-14 13:24:00-04:00,15.55,15.55,15.5,15.54,26598.0,15.52
2026-05-14 13:25:00-04:00,15.54,15.54,15.48,15.51,26956.0,15.501
2026-05-14 13:26:00-04:00,15.54,15.56,15.5,15.55,8581.0,15.529
2026-05-14 13:27:00-04:00,15.56,15.58,15.55,15.58,22702.0,15.573
2026-05-14 13:28:00-04:00,15.58,15.61,15.58,15.6,7981.0,15.597
2026-05-14 13:29:00-04:00,15.61,15.64,15.56,15.58,23384.0,15.605
2026-05-14 13:30:00-04:00,15.58,15.62,15.58,15.61,11374.0,15.605
2026-05-14 13:31:00-04:00,15.61,15.64,15.61,15.63,6800.0,15.628
2026-05-14 13:32:00-04:00,15.64,15.65,15.61,15.64,12682.0,15.628
2026-05-14 13:33:00-04:00,15.66,15.67,15.6,15.61,42047.0,15.629
2026-05-14 13:34:00-04:00,15.62,15.68,15.61,15.68,5000.0,15.635
2026-05-14 13:35:00-04:00,15.67,15.7,15.67,15.69,14126.0,15.686
2026-05-14 13:36:00-04:00,15.7,15.74,15.69,15.71,16823.0,15.714
2026-05-14 13:37:00-04:00,15.71,15.74,15.71,15.73,13094.0,15.727
2026-05-14 13:38:00-04:00,15.72,15.74,15.7,15.72,15275.0,15.722
2026-05-14 13:39:00-04:00,15.73,15.91,15.73,15.79,234338.0,15.816
2026-05-14 13:40:00-04:00,15.79,15.82,15.76,15.77,27958.0,15.795
2026-05-14 13:41:00-04:00,15.77,15.81,15.77,15.79,7461.0,15.79
2026-05-14 13:42:00-04:00,15.78,15.78,15.73,15.75,13841.0,15.751
2026-05-14 13:43:00-04:00,15.75,15.76,15.72,15.73,18545.0,15.75
2026-05-14 13:44:00-04:00,15.73,15.73,15.7,15.72,4034.0,15.714
2026-05-14 13:45:00-04:00,15.73,15.73,15.68,15.69,14748.0,15.695
2026-05-14 13:46:00-04:00,15.69,15.72,15.67,15.7,22805.0,15.698
2026-05-14 13:47:00-04:00,15.71,15.75,15.7,15.72,15274.0,15.724
2026-05-14 13:48:00-04:00,15.73,15.75,15.65,15.74,22166.0,15.692
2026-05-14 13:49:00-04:00,15.73,15.75,15.71,15.72,10352.0,15.723
2026-05-14 13:50:00-04:00,15.72,15.74,15.7,15.74,9483.0,15.714
2026-05-14 13:51:00-04:00,15.73,15.79,15.71,15.76,19831.0,15.744
2026-05-14 13:52:00-04:00,15.75,15.76,15.72,15.72,7018.0,15.736
2026-05-14 13:53:00-04:00,15.71,15.76,15.69,15.7,124690.0,15.703
2026-05-14 13:54:00-04:00,15.69,15.75,15.68,15.72,33115.0,15.711
2026-05-14 13:55:00-04:00,15.73,15.82,15.73,15.82,26243.0,15.758
2026-05-14 13:56:00-04:00,15.81,15.85,15.81,15.82,15239.0,15.82
2026-05-14 13:57:00-04:00,15.83,15.84,15.8,15.8,14219.0,15.812
2026-05-14 13:58:00-04:00,15.81,15.81,15.77,15.78,9588.0,15.79
2026-05-14 13:59:00-04:00,15.78,15.82,15.76,15.8,29721.0,15.795
2026-05-14 14:00:00-04:00,15.8,15.85,15.78,15.79,13568.0,15.817
2026-05-14 14:01:00-04:00,15.8,15.81,15.77,15.78,8080.0,15.783
2026-05-14 14:02:00-04:00,15.78,15.8,15.77,15.79,8001.0,15.791
2026-05-14 14:03:00-04:00,15.78,15.78,15.76,15.78,5038.0,15.771
2026-05-14 14:04:00-04:00,15.79,15.79,15.78,15.79,5337.0,15.786
2026-05-14 14:05:00-04:00,15.79,15.89,15.78,15.86,16786.0,15.838
2026-05-14 14:06:00-04:00,15.86,15.89,15.86,15.88,3636.0,15.873
2026-05-14 14:07:00-04:00,15.88,15.89,15.85,15.87,17619.0,15.876
2026-05-14 14:08:00-04:00,15.88,15.88,15.85,15.86,24347.0,15.855
2026-05-14 14:09:00-04:00,15.86,15.87,15.85,15.87,11373.0,15.859
2026-05-14 14:10:00-04:00,15.87,15.87,15.85,15.87,4173.0,15.861
2026-05-14 14:11:00-04:00,15.86,15.87,15.84,15.85,10353.0,15.851
2026-05-14 14:12:00-04:00,15.85,15.87,15.85,15.87,5361.0,15.862
2026-05-14 14:13:00-04:00,15.86,15.88,15.86,15.87,5073.0,15.868
2026-05-14 14:14:00-04:00,15.87,15.9,15.87,15.88,6040.0,15.882
2026-05-14 14:15:00-04:00,15.88,15.89,15.85,15.86,13768.0,15.867
2026-05-14 14:16:00-04:00,15.87,15.89,15.86,15.88,4812.0,15.883
2026-05-14 14:17:00-04:00,15.88,15.91,15.88,15.91,19164.0,15.899
2026-05-14 14:18:00-04:00,15.91,15.92,15.89,15.9,15062.0,15.905
2026-05-14 14:19:00-04:00,15.9,15.98,15.9,15.96,33225.0,15.95
2026-05-14 14:20:00-04:00,15.96,15.97,15.95,15.96,9260.0,15.96
2026-05-14 14:21:00-04:00,15.96,15.97,15.95,15.96,8995.0,15.958
2026-05-14 14:22:00-04:00,15.96,15.97,15.93,15.93,13365.0,15.958
2026-05-14 14:23:00-04:00,15.93,15.96,15.93,15.95,10397.0,15.947
2026-05-14 14:24:00-04:00,15.96,16.04,15.95,16.02,16498.0,15.988
2026-05-14 14:25:00-04:00,16.01,16.01,15.97,15.99,12839.0,15.983
2026-05-14 14:26:00-04:00,15.99,16.03,15.98,16.02,25275.0,15.999
2026-05-14 14:27:00-04:00,16.02,16.02,15.97,15.98,42110.0,15.995
2026-05-14 14:28:00-04:00,15.97,15.98,15.95,15.95,28208.0,15.964
2026-05-14 14:29:00-04:00,15.96,15.96,15.89,15.9,25663.0,15.908
2026-05-14 14:30:00-04:00,15.9,15.91,15.86,15.91,14934.0,15.889
2026-05-14 14:31:00-04:00,15.92,15.96,15.91,15.95,13668.0,15.941
2026-05-14 14:32:00-04:00,15.95,16.01,15.94,15.98,14169.0,15.991
2026-05-14 14:33:00-04:00,15.98,16.05,15.97,15.98,50485.0,16.026
2026-05-14 14:34:00-04:00,15.99,15.99,15.94,15.97,17792.0,15.962
2026-05-14 14:35:00-04:00,15.98,15.98,15.92,15.95,9818.0,15.954
2026-05-14 14:36:00-04:00,15.96,15.96,15.94,15.95,21035.0,15.948
2026-05-14 14:37:00-04:00,15.95,15.96,15.87,15.89,24560.0,15.917
2026-05-14 14:38:00-04:00,15.89,15.95,15.87,15.92,18546.0,15.912
2026-05-14 14:39:00-04:00,15.92,15.93,15.91,15.91,5956.0,15.921
2026-05-14 14:40:00-04:00,15.92,16.03,15.91,15.98,25368.0,15.992
2026-05-14 14:41:00-04:00,15.97,15.97,15.94,15.95,6659.0,15.956
2026-05-14 14:42:00-04:00,15.95,15.98,15.94,15.97,5198.0,15.956
2026-05-14 14:43:00-04:00,15.96,15.98,15.96,15.98,9339.0,15.975
2026-05-14 14:44:00-04:00,15.98,16.0,15.97,15.98,14059.0,15.983
2026-05-14 14:45:00-04:00,15.98,15.99,15.96,15.97,13091.0,15.968
2026-05-14 14:46:00-04:00,15.97,16.07,15.97,16.06,34963.0,16.035
2026-05-14 14:47:00-04:00,16.07,16.08,16.05,16.05,36213.0,16.065
2026-05-14 14:48:00-04:00,16.05,16.06,15.99,16.0,17152.0,16.016
2026-05-14 14:49:00-04:00,16.0,16.05,16.0,16.04,12814.0,16.032
2026-05-14 14:50:00-04:00,16.04,16.08,16.04,16.07,8329.0,16.059
2026-05-14 14:51:00-04:00,16.07,16.11,16.05,16.1,47640.0,16.083
2026-05-14 14:52:00-04:00,16.09,16.17,16.08,16.16,51749.0,16.127
2026-05-14 14:53:00-04:00,16.16,16.17,16.08,16.09,38293.0,16.122
2026-05-14 14:54:00-04:00,16.09,16.1,16.08,16.09,15650.0,16.091
2026-05-14 14:55:00-04:00,16.09,16.15,16.08,16.13,31788.0,16.124
2026-05-14 14:56:00-04:00,16.13,16.13,16.06,16.07,21860.0,16.099
2026-05-14 14:57:00-04:00,16.08,16.1,16.03,16.05,105369.0,16.052
2026-05-14 14:58:00-04:00,16.04,16.07,16.03,16.05,17327.0,16.057
2026-05-14 14:59:00-04:00,16.05,16.05,15.97,16.03,27180.0,16.008
2026-05-14 15:00:00-04:00,16.03,16.11,16.03,16.11,42230.0,16.081
2026-05-14 15:01:00-04:00,16.1,16.1,16.04,16.05,31068.0,16.071
2026-05-14 15:02:00-04:00,16.05,16.08,16.05,16.07,15841.0,16.07
2026-05-14 15:03:00-04:00,16.08,16.12,16.07,16.09,30653.0,16.105
2026-05-14 15:04:00-04:00,16.09,16.17,16.09,16.16,20566.0,16.143
2026-05-14 15:05:00-04:00,16.17,16.21,16.16,16.18,39544.0,16.186
2026-05-14 15:06:00-04:00,16.18,16.34,16.18,16.34,73295.0,16.271
2026-05-14 15:07:00-04:00,16.34,16.39,16.32,16.37,64324.0,16.351
2026-05-14 15:08:00-04:00,16.38,16.4,16.35,16.36,39515.0,16.38
2026-05-14 15:09:00-04:00,16.35,16.36,16.26,16.27,23715.0,16.307
2026-05-14 15:10:00-04:00,16.28,16.32,16.27,16.3,21656.0,16.301
2026-05-14 15:11:00-04:00,16.3,16.3,16.26,16.26,9650.0,16.278
2026-05-14 15:12:00-04:00,16.27,16.3,16.26,16.28,21163.0,16.283
2026-05-14 15:13:00-04:00,16.28,16.28,16.24,16.25,14514.0,16.263
2026-05-14 15:14:00-04:00,16.25,16.25,16.21,16.22,10083.0,16.229
2026-05-14 15:15:00-04:00,16.22,16.24,16.19,16.23,47437.0,16.211
2026-05-14 15:16:00-04:00,16.23,16.29,16.22,16.23,31610.0,16.248
2026-05-14 15:17:00-04:00,16.23,16.24,16.19,16.2,15691.0,16.21
2026-05-14 15:18:00-04:00,16.2,16.21,16.19,16.2,4982.0,16.202
2026-05-14 15:19:00-04:00,16.2,16.2,16.15,16.15,29602.0,16.175
2026-05-14 15:20:00-04:00,16.15,16.23,16.15,16.18,28131.0,16.195
2026-05-14 15:21:00-04:00,16.17,16.18,16.15,16.17,17067.0,16.164
2026-05-14 15:22:00-04:00,16.17,16.19,16.16,16.18,26438.0,16.171
2026-05-14 15:23:00-04:00,16.18,16.19,16.13,16.15,34487.0,16.147
2026-05-14 15:24:00-04:00,16.15,16.16,16.11,16.11,17133.0,16.144
2026-05-14 15:25:00-04:00,16.11,16.14,16.11,16.13,15058.0,16.119
2026-05-14 15:26:00-04:00,16.13,16.15,16.12,16.13,24132.0,16.137
2026-05-14 15:27:00-04:00,16.13,16.13,16.1,16.1,9015.0,16.115
2026-05-14 15:28:00-04:00,16.1,16.13,16.07,16.07,25781.0,16.102
2026-05-14 15:29:00-04:00,16.07,16.15,16.06,16.13,37644.0,16.101
2026-05-14 15:30:00-04:00,16.13,16.2,16.12,16.2,45701.0,16.148
2026-05-14 15:31:00-04:00,16.2,16.26,16.19,16.25,20019.0,16.231
2026-05-14 15:32:00-04:00,16.25,16.29,16.25,16.28,25144.0,16.273
2026-05-14 15:33:00-04:00,16.29,16.32,16.27,16.27,34542.0,16.287
2026-05-14 15:34:00-04:00,16.28,16.34,16.28,16.32,17549.0,16.315
2026-05-14 15:35:00-04:00,16.32,16.36,16.31,16.34,62227.0,16.331
2026-05-14 15:36:00-04:00,16.34,16.35,16.3,16.33,27995.0,16.329
2026-05-14 15:37:00-04:00,16.33,16.34,16.31,16.32,11657.0,16.326
2026-05-14 15:38:00-04:00,16.32,16.37,16.31,16.37,35189.0,16.337
2026-05-14 15:39:00-04:00,16.36,16.36,16.33,16.34,45998.0,16.344
2026-05-14 15:40:00-04:00,16.34,16.37,16.34,16.36,14764.0,16.356
2026-05-14 15:41:00-04:00,16.36,16.38,16.35,16.38,26666.0,16.365
2026-05-14 15:42:00-04:00,16.38,16.41,16.37,16.39,83363.0,16.392
2026-05-14 15:43:00-04:00,16.39,16.41,16.36,16.38,50212.0,16.388
2026-05-14 15:44:00-04:00,16.38,16.39,16.37,16.38,19638.0,16.381
2026-05-14 15:45:00-04:00,16.38,16.44,16.37,16.42,107812.0,16.409
2026-05-14 15:46:00-04:00,16.42,16.43,16.33,16.36,99522.0,16.379
2026-05-14 15:47:00-04:00,16.36,16.38,16.34,16.38,38273.0,16.363
2026-05-14 15:48:00-04:00,16.38,16.38,16.32,16.34,44213.0,16.346
2026-05-14 15:49:00-04:00,16.34,16.35,16.3,16.32,39553.0,16.32
2026-05-14 15:50:00-04:00,16.33,16.35,16.3,16.31,41495.0,16.322
2026-05-14 15:51:00-04:00,16.31,16.33,16.23,16.27,101669.0,16.288
2026-05-14 15:52:00-04:00,16.27,16.29,16.21,16.21,91090.0,16.262
2026-05-14 15:53:00-04:00,16.22,16.27,16.21,16.27,72296.0,16.239
2026-05-14 15:54:00-04:00,16.27,16.27,16.22,16.25,50659.0,16.246
2026-05-14 15:55:00-04:00,16.26,16.3,16.2,16.21,126857.0,16.255
2026-05-14 15:56:00-04:00,16.21,16.24,16.18,16.2,105977.0,16.206
2026-05-14 15:57:00-04:00,16.2,16.32,16.2,16.26,147689.0,16.26
2026-05-14 15:58:00-04:00,16.25,16.4,16.24,16.4,293909.0,16.318
2026-05-14 15:59:00-04:00,16.4,16.49,16.35,16.46,412168.0,16.422
2026-05-15 09:30:00-04:00,15.86,16.11,15.74,16.09,240178.0,15.853
2026-05-15 09:31:00-04:00,16.09,16.38,15.97,16.26,112219.0,16.302
2026-05-15 09:32:00-04:00,16.28,16.65,16.24,16.57,203232.0,16.407
2026-05-15 09:33:00-04:00,16.63,16.63,16.36,16.36,66190.0,16.494
2026-05-15 09:34:00-04:00,16.34,16.43,16.26,16.26,61720.0,16.341
2026-05-15 09:35:00-04:00,16.25,16.28,16.01,16.03,46267.0,16.076
2026-05-15 09:36:00-04:00,16.04,16.08,15.96,15.96,34342.0,16.025
2026-05-15 09:37:00-04:00,15.96,16.0,15.85,15.97,117256.0,15.921
2026-05-15 09:38:00-04:00,15.97,16.01,15.85,15.96,44833.0,15.911
2026-05-15 09:39:00-04:00,15.96,15.98,15.85,15.91,66849.0,15.928
2026-05-15 09:40:00-04:00,15.91,15.92,15.72,15.77,78719.0,15.816
2026-05-15 09:41:00-04:00,15.77,15.78,15.6,15.72,57950.0,15.674
2026-05-15 09:42:00-04:00,15.72,15.77,15.66,15.68,68668.0,15.709
2026-05-15 09:43:00-04:00,15.68,15.8,15.66,15.79,58700.0,15.745
2026-05-15 09:44:00-04:00,15.79,15.9,15.63,15.68,306563.0,15.751
2026-05-15 09:45:00-04:00,15.68,15.7,15.55,15.59,56618.0,15.62
2026-05-15 09:46:00-04:00,15.6,15.69,15.59,15.65,48138.0,15.623
2026-05-15 09:47:00-04:00,15.65,15.83,15.65,15.83,107704.0,15.75
2026-05-15 09:48:00-04:00,15.82,15.91,15.6,15.88,68127.0,15.767
2026-05-15 09:49:00-04:00,15.89,15.92,15.77,15.77,50684.0,15.877
2026-05-15 09:50:00-04:00,15.77,15.8,15.69,15.69,23628.0,15.752
2026-05-15 09:51:00-04:00,15.71,15.71,15.54,15.55,27775.0,15.604
2026-05-15 09:52:00-04:00,15.55,15.61,15.54,15.57,28890.0,15.58
2026-05-15 09:53:00-04:00,15.57,15.59,15.54,15.56,35874.0,15.563
2026-05-15 09:54:00-04:00,15.58,15.65,15.57,15.65,43743.0,15.615
2026-05-15 09:55:00-04:00,15.62,15.7,15.61,15.62,30619.0,15.658
2026-05-15 09:56:00-04:00,15.62,15.65,15.58,15.6,28279.0,15.608
2026-05-15 09:57:00-04:00,15.62,15.63,15.54,15.56,22654.0,15.59
2026-05-15 09:58:00-04:00,15.56,15.56,15.36,15.41,406012.0,15.436
2026-05-15 09:59:00-04:00,15.43,15.45,15.37,15.38,32195.0,15.399
2026-05-15 10:00:00-04:00,15.38,15.43,15.32,15.38,74542.0,15.385
2026-05-15 10:01:00-04:00,15.37,15.49,15.37,15.47,30091.0,15.438
2026-05-15 10:02:00-04:00,15.48,15.56,15.48,15.53,34508.0,15.524
2026-05-15 10:03:00-04:00,15.53,15.6,15.52,15.52,31068.0,15.56
2026-05-15 10:04:00-04:00,15.53,15.77,15.49,15.63,170150.0,15.647
2026-05-15 10:05:00-04:00,15.64,15.65,15.57,15.59,80898.0,15.613
2026-05-15 10:06:00-04:00,15.6,15.61,15.48,15.49,38065.0,15.523
2026-05-15 10:07:00-04:00,15.49,15.5,15.46,15.5,29238.0,15.483
2026-05-15 10:08:00-04:00,15.5,15.53,15.49,15.52,23786.0,15.506
2026-05-15 10:09:00-04:00,15.53,15.55,15.48,15.49,17050.0,15.515
2026-05-15 10:10:00-04:00,15.49,15.53,15.49,15.52,22608.0,15.513
2026-05-15 10:11:00-04:00,15.51,15.51,15.43,15.46,30885.0,15.473
2026-05-15 10:12:00-04:00,15.45,15.56,15.44,15.52,30912.0,15.492
2026-05-15 10:13:00-04:00,15.54,15.55,15.46,15.47,41247.0,15.499
2026-05-15 10:14:00-04:00,15.46,15.48,15.45,15.45,9816.0,15.46
2026-05-15 10:15:00-04:00,15.46,15.49,15.4,15.45,54685.0,15.454
2026-05-15 10:16:00-04:00,15.44,15.45,15.41,15.43,20771.0,15.427
2026-05-15 10:17:00-04:00,15.42,15.43,15.36,15.38,54341.0,15.398
2026-05-15 10:18:00-04:00,15.38,15.45,15.37,15.44,35797.0,15.43
2026-05-15 10:19:00-04:00,15.44,15.68,15.43,15.58,210765.0,15.569
2026-05-15 10:20:00-04:00,15.59,15.6,15.53,15.57,22396.0,15.583
2026-05-15 10:21:00-04:00,15.57,15.65,15.54,15.56,39854.0,15.595
2026-05-15 10:22:00-04:00,15.55,15.57,15.53,15.53,11729.0,15.55
2026-05-15 10:23:00-04:00,15.53,15.57,15.52,15.57,171894.0,15.55
2026-05-15 10:24:00-04:00,15.56,15.62,15.54,15.54,59450.0,15.568
2026-05-15 10:25:00-04:00,15.53,15.54,15.47,15.48,11157.0,15.504
2026-05-15 10:26:00-04:00,15.48,15.5,15.47,15.49,18373.0,15.483
2026-05-15 10:27:00-04:00,15.49,15.57,15.48,15.57,43346.0,15.505
2026-05-15 10:28:00-04:00,15.57,15.57,15.53,15.53,22397.0,15.547
2026-05-15 10:29:00-04:00,15.52,15.52,15.44,15.48,36193.0,15.473
2026-05-15 10:30:00-04:00,15.49,15.5,15.46,15.49,29524.0,15.485
2026-05-15 10:31:00-04:00,15.48,15.5,15.41,15.45,183827.0,15.476
2026-05-15 10:32:00-04:00,15.46,15.5,15.42,15.42,38145.0,15.463
2026-05-15 10:33:00-04:00,15.42,15.43,15.37,15.43,18677.0,15.405
2026-05-15 10:34:00-04:00,15.41,15.43,15.38,15.41,9500.0,15.4
2026-05-15 10:35:00-04:00,15.41,15.42,15.4,15.41,12915.0,15.405
2026-05-15 10:36:00-04:00,15.4,15.46,15.4,15.44,12775.0,15.434
2026-05-15 10:37:00-04:00,15.45,15.51,15.45,15.49,20235.0,15.484
2026-05-15 10:38:00-04:00,15.48,15.55,15.45,15.54,31268.0,15.481
2026-05-15 10:39:00-04:00,15.53,15.54,15.5,15.52,27218.0,15.516
2026-05-15 10:40:00-04:00,15.51,15.61,15.51,15.61,21676.0,15.546
2026-05-15 10:41:00-04:00,15.61,15.61,15.54,15.58,24394.0,15.581
2026-05-15 10:42:00-04:00,15.58,15.62,15.56,15.6,14308.0,15.594
2026-05-15 10:43:00-04:00,15.6,15.63,15.6,15.61,6999.0,15.613
2026-05-15 10:44:00-04:00,15.59,15.61,15.45,15.46,39928.0,15.563
2026-05-15 10:45:00-04:00,15.46,15.53,15.42,15.44,30830.0,15.473
2026-05-15 10:46:00-04:00,15.44,15.48,15.38,15.38,45579.0,15.438
2026-05-15 10:47:00-04:00,15.38,15.42,15.33,15.34,83489.0,15.392
2026-05-15 10:48:00-04:00,15.35,15.4,15.3,15.33,75600.0,15.333
2026-05-15 10:49:00-04:00,15.33,15.34,15.13,15.19,191884.0,15.233
2026-05-15 10:50:00-04:00,15.19,15.31,15.19,15.31,55657.0,15.246
2026-05-15 10:51:00-04:00,15.31,15.35,15.29,15.29,19313.0,15.314
2026-05-15 10:52:00-04:00,15.29,15.3,15.25,15.28,28545.0,15.289
2026-05-15 10:53:00-04:00,15.29,15.3,15.27,15.29,15435.0,15.293
2026-05-15 10:54:00-04:00,15.27,15.38,15.27,15.38,128999.0,15.323
2026-05-15 10:55:00-04:00,15.39,15.44,15.37,15.4,16630.0,15.411
2026-05-15 10:56:00-04:00,15.39,15.42,15.39,15.4,5276.0,15.403
2026-05-15 10:57:00-04:00,15.4,15.42,15.39,15.39,12437.0,15.406
2026-05-15 10:58:00-04:00,15.38,15.43,15.37,15.42,22826.0,15.384
2026-05-15 10:59:00-04:00,15.42,15.43,15.34,15.34,28066.0,15.371
2026-05-15 11:00:00-04:00,15.34,15.34,15.15,15.16,20868.0,15.247
2026-05-15 11:01:00-04:00,15.16,15.24,15.16,15.23,37196.0,15.201
2026-05-15 11:02:00-04:00,15.22,15.25,15.17,15.17,20310.0,15.214
2026-05-15 11:03:00-04:00,15.18,15.25,15.18,15.25,65917.0,15.23
2026-05-15 11:04:00-04:00,15.24,15.25,15.17,15.18,91520.0,15.221
2026-05-15 11:05:00-04:00,15.19,15.24,15.17,15.23,28754.0,15.207
2026-05-15 11:06:00-04:00,15.23,15.24,15.12,15.13,42437.0,15.159
2026-05-15 11:07:00-04:00,15.13,15.17,15.13,15.14,20278.0,15.152
2026-05-15 11:08:00-04:00,15.14,15.16,15.02,15.16,196013.0,15.082
2026-05-15 11:09:00-04:00,15.14,15.18,15.11,15.11,21951.0,15.16
2026-05-15 11:10:00-04:00,15.13,15.16,15.12,15.15,7497.0,15.139
2026-05-15 11:11:00-04:00,15.16,15.16,15.11,15.13,6511.0,15.127
2026-05-15 11:12:00-04:00,15.12,15.12,15.1,15.12,12816.0,15.116
2026-05-15 11:13:00-04:00,15.13,15.13,15.06,15.09,37304.0,15.109
2026-05-15 11:14:00-04:00,15.08,15.12,15.07,15.12,28393.0,15.091
2026-05-15 11:15:00-04:00,15.12,15.17,15.12,15.15,27823.0,15.151
2026-05-15 11:16:00-04:00,15.15,15.17,15.12,15.12,20511.0,15.137
2026-05-15 11:17:00-04:00,15.12,15.12,15.06,15.09,20497.0,15.091
2026-05-15 11:18:00-04:00,15.09,15.15,15.09,15.1,27704.0,15.119
2026-05-15 11:19:00-04:00,15.1,15.12,15.08,15.09,11108.0,15.093
2026-05-15 11:20:00-04:00,15.1,15.11,15.09,15.1,4643.0,15.099
2026-05-15 11:21:00-04:00,15.09,15.15,15.09,15.14,24760.0,15.114
2026-05-15 11:22:00-04:00,15.14,15.15,15.08,15.1,26875.0,15.114
2026-05-15 11:23:00-04:00,15.09,15.11,15.07,15.1,30352.0,15.09
2026-05-15 11:24:00-04:00,15.1,15.1,15.06,15.09,34644.0,15.074
2026-05-15 11:25:00-04:00,15.09,15.09,15.07,15.07,5213.0,15.079
2026-05-15 11:26:00-04:00,15.07,15.09,15.07,15.08,5202.0,15.084
2026-05-15 11:27:00-04:00,15.08,15.08,15.04,15.05,27557.0,15.055
2026-05-15 11:28:00-04:00,15.04,15.09,15.01,15.09,64375.0,15.039
2026-05-15 11:29:00-04:00,15.09,15.1,15.06,15.06,6414.0,15.08
2026-05-15 11:30:00-04:00,15.07,15.09,15.07,15.08,10967.0,15.083
2026-05-15 11:31:00-04:00,15.08,15.12,15.08,15.11,14947.0,15.092
2026-05-15 11:32:00-04:00,15.11,15.14,15.11,15.13,6806.0,15.134
2026-05-15 11:33:00-04:00,15.13,15.13,15.09,15.1,44949.0,15.11
2026-05-15 11:34:00-04:00,15.1,15.12,15.07,15.07,14045.0,15.106
2026-05-15 11:35:00-04:00,15.07,15.08,15.05,15.07,9345.0,15.065
2026-05-15 11:36:00-04:00,15.07,15.13,15.07,15.11,23161.0,15.108
2026-05-15 11:37:00-04:00,15.11,15.13,15.11,15.11,17938.0,15.118
2026-05-15 11:38:00-04:00,15.12,15.12,15.05,15.05,27087.0,15.104
2026-05-15 11:39:00-04:00,15.05,15.06,14.99,15.03,55428.0,15.016
2026-05-15 11:40:00-04:00,15.04,15.05,15.0,15.02,14612.0,15.031
2026-05-15 11:41:00-04:00,15.02,15.03,15.01,15.02,9679.0,15.016
2026-05-15 11:42:00-04:00,15.02,15.03,14.99,14.99,23243.0,15.013
2026-05-15 11:43:00-04:00,14.99,15.0,14.92,14.96,147040.0,14.962
2026-05-15 11:44:00-04:00,14.96,14.96,14.87,14.88,37371.0,14.91
2026-05-15 11:45:00-04:00,14.88,14.91,14.87,14.89,43936.0,14.898
2026-05-15 11:46:00-04:00,14.88,14.9,14.86,14.87,12848.0,14.886
2026-05-15 11:47:00-04:00,14.87,14.93,14.86,14.91,41344.0,14.899
2026-05-15 11:48:00-04:00,14.92,14.94,14.91,14.93,20459.0,14.921
2026-05-15 11:49:00-04:00,14.93,14.96,14.93,14.96,39094.0,14.942
2026-05-15 11:50:00-04:00,14.96,14.96,14.89,14.92,26901.0,14.924
2026-05-15 11:51:00-04:00,14.92,14.94,14.91,14.93,15129.0,14.923
2026-05-15 11:52:00-04:00,14.93,14.93,14.9,14.9,6989.0,14.919
2026-05-15 11:53:00-04:00,14.91,14.93,14.89,14.92,22616.0,14.906
2026-05-15 11:54:00-04:00,14.93,14.93,14.91,14.91,12584.0,14.918
2026-05-15 11:55:00-04:00,14.92,14.94,14.9,14.93,24870.0,14.921
2026-05-15 11:56:00-04:00,14.93,14.98,14.93,14.97,19844.0,14.952
2026-05-15 11:57:00-04:00,14.98,15.0,14.92,14.93,24495.0,14.955
2026-05-15 11:58:00-04:00,14.94,14.98,14.93,14.96,18274.0,14.958
2026-05-15 11:59:00-04:00,14.96,14.98,14.95,14.96,17103.0,14.966
2026-05-15 12:00:00-04:00,14.97,14.97,14.87,14.94,88956.0,14.902
2026-05-15 12:01:00-04:00,14.94,14.97,14.92,14.96,24562.0,14.955
2026-05-15 12:02:00-04:00,14.96,14.99,14.94,14.97,19578.0,14.972
2026-05-15 12:03:00-04:00,14.97,14.98,14.92,14.93,12461.0,14.959
2026-05-15 12:04:00-04:00,14.92,14.97,14.92,14.96,17341.0,14.959
2026-05-15 12:05:00-04:00,14.96,15.0,14.96,14.99,11639.0,14.974
2026-05-15 12:06:00-04:00,14.99,15.01,14.98,14.98,14509.0,14.996
2026-05-15 12:07:00-04:00,14.99,15.02,14.99,15.01,6038.0,14.998
2026-05-15 12:08:00-04:00,15.02,15.12,15.02,15.09,47204.0,15.082
2026-05-15 12:09:00-04:00,15.08,15.09,15.06,15.06,11047.0,15.08
2026-05-15 12:10:00-04:00,15.06,15.07,15.0,15.01,10129.0,15.043
2026-05-15 12:11:00-04:00,15.0,15.04,14.98,14.99,38496.0,15.008
2026-05-15 12:12:00-04:00,14.99,15.01,14.97,15.0,17791.0,14.993
2026-05-15 12:13:00-04:00,15.01,15.04,15.01,15.04,9595.0,15.019
2026-05-15 12:14:00-04:00,15.04,15.07,15.02,15.07,18105.0,15.045
2026-05-15 12:15:00-04:00,15.07,15.07,15.02,15.03,10308.0,15.042
2026-05-15 12:16:00-04:00,15.03,15.05,15.02,15.04,9531.0,15.037
2026-05-15 12:17:00-04:00,15.04,15.05,15.01,15.02,8612.0,15.028
2026-05-15 12:18:00-04:00,15.02,15.03,15.0,15.01,25264.0,15.021
2026-05-15 12:19:00-04:00,15.01,15.03,15.01,15.02,55999.0,15.019
2026-05-15 12:20:00-04:00,15.01,15.02,14.99,15.01,13418.0,15.005
2026-05-15 12:21:00-04:00,15.02,15.1,15.02,15.09,35981.0,15.072
2026-05-15 12:22:00-04:00,15.09,15.16,15.09,15.15,10861.0,15.128
2026-05-15 12:23:00-04:00,15.14,15.16,15.14,15.15,15470.0,15.154
2026-05-15 12:24:00-04:00,15.15,15.18,15.14,15.16,18293.0,15.163
2026-05-15 12:25:00-04:00,15.17,15.18,15.14,15.16,12664.0,15.156
2026-05-15 12:26:00-04:00,15.16,15.17,15.11,15.12,30106.0,15.128
2026-05-15 12:27:00-04:00,15.12,15.2,15.11,15.2,15061.0,15.153
2026-05-15 12:28:00-04:00,15.2,15.27,15.2,15.25,28327.0,15.248
2026-05-15 12:29:00-04:00,15.25,15.28,15.24,15.25,28800.0,15.25
2026-05-15 12:30:00-04:00,15.24,15.27,15.23,15.25,17330.0,15.246
2026-05-15 12:31:00-04:00,15.25,15.27,15.23,15.24,54935.0,15.249
2026-05-15 12:32:00-04:00,15.24,15.25,15.14,15.14,46384.0,15.218
2026-05-15 12:33:00-04:00,15.14,15.15,15.11,15.11,6583.0,15.141
2026-05-15 12:34:00-04:00,15.11,15.15,15.11,15.13,13058.0,15.135
2026-05-15 12:35:00-04:00,15.14,15.25,15.13,15.23,35116.0,15.204
2026-05-15 12:36:00-04:00,15.22,15.28,15.22,15.28,16440.0,15.255
2026-05-15 12:37:00-04:00,15.29,15.3,15.23,15.23,49419.0,15.273
2026-05-15 12:38:00-04:00,15.23,15.3,15.23,15.3,14591.0,15.275
2026-05-15 12:39:00-04:00,15.3,15.38,15.29,15.35,34713.0,15.336
2026-05-15 12:40:00-04:00,15.35,15.35,15.28,15.29,17720.0,15.307
2026-05-15 12:41:00-04:00,15.29,15.29,15.25,15.25,9575.0,15.268
2026-05-15 12:42:00-04:00,15.25,15.26,15.22,15.23,18304.0,15.244
2026-05-15 12:43:00-04:00,15.24,15.27,15.23,15.24,13032.0,15.245
2026-05-15 12:44:00-04:00,15.24,15.27,15.23,15.24,9358.0,15.252
2026-05-15 12:45:00-04:00,15.25,15.27,15.25,15.26,2231.0,15.253
2026-05-15 12:46:00-04:00,15.26,15.27,15.25,15.26,5962.0,15.257
2026-05-15 12:47:00-04:00,15.26,15.27,15.23,15.23,10145.0,15.253
2026-05-15 12:48:00-04:00,15.24,15.28,15.21,15.27,17548.0,15.239
2026-05-15 12:49:00-04:00,15.27,15.3,15.26,15.3,7111.0,15.278
2026-05-15 12:50:00-04:00,15.29,15.3,15.28,15.29,10994.0,15.291
2026-05-15 12:51:00-04:00,15.29,15.45,15.28,15.45,28682.0,15.396
2026-05-15 12:52:00-04:00,15.44,15.45,15.4,15.43,32595.0,15.423
2026-05-15 12:53:00-04:00,15.42,15.44,15.41,15.42,15154.0,15.422
2026-05-15 12:54:00-04:00,15.42,15.44,15.41,15.43,9778.0,15.424
2026-05-15 12:55:00-04:00,15.44,15.46,15.43,15.45,21669.0,15.439
2026-05-15 12:56:00-04:00,15.46,15.49,15.44,15.47,10357.0,15.462
2026-05-15 12:57:00-04:00,15.47,15.48,15.45,15.45,8963.0,15.46
2026-05-15 12:58:00-04:00,15.45,15.46,15.42,15.43,23949.0,15.439
2026-05-15 12:59:00-04:00,15.43,15.49,15.43,15.46,28255.0,15.467
2026-05-15 13:00:00-04:00,15.46,15.46,15.37,15.38,23465.0,15.438
2026-05-15 13:01:00-04:00,15.37,15.41,15.37,15.4,13716.0,15.395
2026-05-15 13:02:00-04:00,15.4,15.41,15.4,15.4,2512.0,15.401
2026-05-15 13:03:00-04:00,15.4,15.42,15.4,15.41,4549.0,15.406
2026-05-15 13:04:00-04:00,15.4,15.42,15.39,15.4,18180.0,15.407
2026-05-15 13:05:00-04:00,15.39,15.42,15.37,15.39,8044.0,15.396
2026-05-15 13:06:00-04:00,15.39,15.41,15.39,15.4,2500.0,15.399
2026-05-15 13:07:00-04:00,15.4,15.41,15.4,15.4,2016.0,15.406
2026-05-15 13:08:00-04:00,15.4,15.41,15.37,15.39,20961.0,15.376
2026-05-15 13:09:00-04:00,15.4,15.41,15.39,15.41,6637.0,15.396
2026-05-15 13:10:00-04:00,15.4,15.47,15.4,15.45,18412.0,15.431
2026-05-15 13:11:00-04:00,15.43,15.44,15.42,15.42,8045.0,15.43
2026-05-15 13:12:00-04:00,15.41,15.42,15.41,15.41,6901.0,15.41
2026-05-15 13:13:00-04:00,15.41,15.41,15.37,15.38,3390.0,15.394
2026-05-15 13:14:00-04:00,15.38,15.4,15.37,15.38,8211.0,15.393
2026-05-15 13:15:00-04:00,15.38,15.38,15.37,15.38,1423.0,15.376
2026-05-15 13:16:00-04:00,15.38,15.38,15.36,15.36,3610.0,15.369
2026-05-15 13:17:00-04:00,15.37,15.37,15.36,15.36,2602.0,15.368
2026-05-15 13:18:00-04:00,15.37,15.39,15.37,15.38,3032.0,15.374
2026-05-15 13:19:00-04:00,15.38,15.42,15.38,15.41,8021.0,15.397
2026-05-15 13:20:00-04:00,15.4,15.41,15.39,15.4,2724.0,15.399
2026-05-15 13:21:00-04:00,15.39,15.44,15.39,15.41,16750.0,15.411
2026-05-15 13:22:00-04:00,15.42,15.46,15.41,15.42,27451.0,15.437
2026-05-15 13:23:00-04:00,15.42,15.46,15.42,15.46,12982.0,15.448
2026-05-15 13:24:00-04:00,15.47,15.53,15.47,15.51,17775.0,15.501
2026-05-15 13:25:00-04:00,15.52,15.52,15.44,15.45,21877.0,15.481
2026-05-15 13:26:00-04:00,15.46,15.48,15.43,15.43,6502.0,15.462
2026-05-15 13:27:00-04:00,15.43,15.43,15.41,15.41,6623.0,15.414
2026-05-15 13:28:00-04:00,15.41,15.42,15.4,15.4,3650.0,15.41
2026-05-15 13:29:00-04:00,15.4,15.43,15.39,15.42,7249.0,15.406
2026-05-15 13:30:00-04:00,15.42,15.46,15.42,15.46,5668.0,15.447
2026-05-15 13:31:00-04:00,15.46,15.52,15.46,15.5,31612.0,15.489
2026-05-15 13:32:00-04:00,15.5,15.54,15.48,15.51,20510.0,15.506
2026-05-15 13:33:00-04:00,15.51,15.52,15.49,15.51,8992.0,15.51
2026-05-15 13:34:00-04:00,15.51,15.54,15.5,15.5,18445.0,15.521
2026-05-15 13:35:00-04:00,15.5,15.54,15.49,15.49,12906.0,15.509
2026-05-15 13:36:00-04:00,15.49,15.5,15.47,15.49,5862.0,15.483
2026-05-15 13:37:00-04:00,15.49,15.5,15.48,15.48,5304.0,15.494
2026-05-15 13:38:00-04:00,15.48,15.49,15.46,15.48,9444.0,15.478
2026-05-15 13:39:00-04:00,15.49,15.51,15.48,15.5,22757.0,15.492
2026-05-15 13:40:00-04:00,15.51,15.51,15.48,15.48,19787.0,15.496
2026-05-15 13:41:00-04:00,15.48,15.49,15.46,15.46,14283.0,15.474
2026-05-15 13:42:00-04:00,15.46,15.5,15.45,15.5,11627.0,15.474
2026-05-15 13:43:00-04:00,15.48,15.51,15.47,15.5,9159.0,15.493
2026-05-15 13:44:00-04:00,15.5,15.57,15.5,15.56,21158.0,15.548
2026-05-15 13:45:00-04:00,15.55,15.56,15.53,15.53,1617.0,15.546
2026-05-15 13:46:00-04:00,15.53,15.54,15.51,15.52,14577.0,15.528
2026-05-15 13:47:00-04:00,15.52,15.56,15.52,15.55,7681.0,15.549
2026-05-15 13:48:00-04:00,15.55,15.6,15.55,15.59,17875.0,15.564
2026-05-15 13:49:00-04:00,15.59,15.63,15.58,15.58,30118.0,15.598
2026-05-15 13:50:00-04:00,15.58,15.6,15.58,15.59,34751.0,15.588
2026-05-15 13:51:00-04:00,15.6,15.6,15.55,15.57,12571.0,15.571
2026-05-15 13:52:00-04:00,15.56,15.56,15.55,15.55,4611.0,15.552
2026-05-15 13:53:00-04:00,15.55,15.56,15.52,15.52,9917.0,15.54
2026-05-15 13:54:00-04:00,15.52,15.55,15.51,15.53,12041.0,15.529
2026-05-15 13:55:00-04:00,15.53,15.56,15.53,15.55,8999.0,15.541
2026-05-15 13:56:00-04:00,15.55,15.55,15.54,15.54,9601.0,15.549
2026-05-15 13:57:00-04:00,15.54,15.55,15.52,15.52,5548.0,15.533
2026-05-15 13:58:00-04:00,15.52,15.53,15.51,15.51,1451.0,15.515
2026-05-15 13:59:00-04:00,15.52,15.52,15.42,15.44,72488.0,15.49
2026-05-15 14:00:00-04:00,15.45,15.49,15.44,15.45,9700.0,15.47
2026-05-15 14:01:00-04:00,15.45,15.49,15.45,15.46,9485.0,15.468
2026-05-15 14:02:00-04:00,15.46,15.46,15.45,15.46,3124.0,15.453
2026-05-15 14:03:00-04:00,15.47,15.5,15.46,15.48,11553.0,15.476
2026-05-15 14:04:00-04:00,15.48,15.48,15.46,15.47,7364.0,15.47
2026-05-15 14:05:00-04:00,15.47,15.49,15.47,15.48,4221.0,15.479
2026-05-15 14:06:00-04:00,15.49,15.49,15.48,15.49,2154.0,15.488
2026-05-15 14:07:00-04:00,15.48,15.56,15.48,15.52,141537.0,15.524
2026-05-15 14:08:00-04:00,15.53,15.53,15.41,15.42,34205.0,15.49
2026-05-15 14:09:00-04:00,15.42,15.44,15.4,15.44,11126.0,15.426
2026-05-15 14:10:00-04:00,15.45,15.46,15.43,15.43,4360.0,15.444
2026-05-15 14:11:00-04:00,15.44,15.44,15.42,15.42,6768.0,15.429
2026-05-15 14:12:00-04:00,15.41,15.45,15.41,15.44,7459.0,15.435
2026-05-15 14:13:00-04:00,15.45,15.45,15.42,15.43,3576.0,15.431
2026-05-15 14:14:00-04:00,15.43,15.44,15.4,15.4,6778.0,15.425
2026-05-15 14:15:00-04:00,15.41,15.42,15.39,15.39,10429.0,15.406
2026-05-15 14:16:00-04:00,15.4,15.41,15.32,15.35,55240.0,15.36
2026-05-15 14:17:00-04:00,15.34,15.36,15.31,15.31,13719.0,15.33
2026-05-15 14:18:00-04:00,15.31,15.31,15.26,15.29,16963.0,15.286
2026-05-15 14:19:00-04:00,15.28,15.29,15.27,15.29,15622.0,15.282
2026-05-15 14:20:00-04:00,15.29,15.3,15.28,15.28,12556.0,15.291
2026-05-15 14:21:00-04:00,15.29,15.29,15.27,15.28,16518.0,15.278
2026-05-15 14:22:00-04:00,15.29,15.35,15.28,15.34,32973.0,15.306
2026-05-15 14:23:00-04:00,15.33,15.34,15.31,15.33,9229.0,15.319
2026-05-15 14:24:00-04:00,15.33,15.34,15.28,15.29,6685.0,15.299
2026-05-15 14:25:00-04:00,15.28,15.32,15.27,15.32,16850.0,15.294
2026-05-15 14:26:00-04:00,15.31,15.32,15.3,15.3,500.0,15.309
2026-05-15 14:27:00-04:00,15.3,15.31,15.27,15.27,15129.0,15.289
2026-05-15 14:28:00-04:00,15.28,15.28,15.25,15.25,5463.0,15.266
2026-05-15 14:29:00-04:00,15.25,15.29,15.25,15.28,12224.0,15.268
2026-05-15 14:30:00-04:00,15.29,15.31,15.28,15.3,18569.0,15.293
2026-05-15 14:31:00-04:00,15.29,15.29,15.26,15.27,11379.0,15.275
2026-05-15 14:32:00-04:00,15.27,15.3,15.26,15.3,8649.0,15.276
2026-05-15 14:33:00-04:00,15.29,15.3,15.28,15.29,9050.0,15.289
2026-05-15 14:34:00-04:00,15.29,15.34,15.29,15.33,9895.0,15.321
2026-05-15 14:35:00-04:00,15.33,15.38,15.33,15.38,8011.0,15.351
2026-05-15 14:36:00-04:00,15.38,15.39,15.38,15.38,4565.0,15.384
2026-05-15 14:37:00-04:00,15.39,15.39,15.38,15.38,3037.0,15.385
2026-05-15 14:38:00-04:00,15.38,15.4,15.37,15.4,3943.0,15.385
2026-05-15 14:39:00-04:00,15.4,15.42,15.4,15.41,5900.0,15.405
2026-05-15 14:40:00-04:00,15.41,15.42,15.39,15.39,4791.0,15.403
2026-05-15 14:41:00-04:00,15.39,15.4,15.38,15.38,7660.0,15.386
2026-05-15 14:42:00-04:00,15.38,15.39,15.37,15.37,3759.0,15.377
2026-05-15 14:43:00-04:00,15.38,15.38,15.36,15.37,1913.0,15.372
2026-05-15 14:44:00-04:00,15.37,15.39,15.32,15.33,16317.0,15.351
2026-05-15 14:45:00-04:00,15.33,15.34,15.29,15.29,9410.0,15.327
2026-05-15 14:46:00-04:00,15.3,15.31,15.3,15.3,2632.0,15.3
2026-05-15 14:47:00-04:00,15.29,15.3,15.28,15.29,4776.0,15.292
2026-05-15 14:48:00-04:00,15.29,15.29,15.26,15.27,25444.0,15.277
2026-05-15 14:49:00-04:00,15.27,15.29,15.27,15.29,7155.0,15.277
2026-05-15 14:50:00-04:00,15.29,15.3,15.28,15.29,31416.0,15.29
2026-05-15 14:51:00-04:00,15.29,15.29,15.26,15.27,10662.0,15.271
2026-05-15 14:52:00-04:00,15.27,15.28,15.27,15.27,400.0,15.275
2026-05-15 14:53:00-04:00,15.28,15.28,15.27,15.27,1868.0,15.274
2026-05-15 14:54:00-04:00,15.27,15.28,15.26,15.27,11578.0,15.267
2026-05-15 14:55:00-04:00,15.27,15.28,15.27,15.28,1137.0,15.275
2026-05-15 14:56:00-04:00,15.27,15.28,15.23,15.23,13197.0,15.259
2026-05-15 14:57:00-04:00,15.24,15.25,15.22,15.23,44078.0,15.232
2026-05-15 14:58:00-04:00,15.24,15.25,15.19,15.19,4799.0,15.212
2026-05-15 14:59:00-04:00,15.19,15.21,15.18,15.2,29301.0,15.199
2026-05-15 15:00:00-04:00,15.21,15.28,15.2,15.22,45568.0,15.235
2026-05-15 15:01:00-04:00,15.23,15.24,15.21,15.21,8364.0,15.23
2026-05-15 15:02:00-04:00,15.2,15.21,15.19,15.21,3325.0,15.201
2026-05-15 15:03:00-04:00,15.21,15.24,15.21,15.23,7608.0,15.229
2026-05-15 15:04:00-04:00,15.22,15.23,15.2,15.2,1473.0,15.213
2026-05-15 15:05:00-04:00,15.21,15.22,15.19,15.19,6171.0,15.204
2026-05-15 15:06:00-04:00,15.2,15.2,15.18,15.18,5134.0,15.194
2026-05-15 15:07:00-04:00,15.19,15.2,15.18,15.19,6201.0,15.186
2026-05-15 15:08:00-04:00,15.19,15.2,15.16,15.16,5756.0,15.182
2026-05-15 15:09:00-04:00,15.16,15.16,15.14,15.15,12329.0,15.149
2026-05-15 15:10:00-04:00,15.14,15.17,15.14,15.17,6642.0,15.153
2026-05-15 15:11:00-04:00,15.17,15.21,15.17,15.2,12206.0,15.195
2026-05-15 15:12:00-04:00,15.19,15.2,15.18,15.2,10424.0,15.187
2026-05-15 15:13:00-04:00,15.2,15.2,15.17,15.18,9541.0,15.182
2026-05-15 15:14:00-04:00,15.18,15.18,15.16,15.16,5480.0,15.167
2026-05-15 15:15:00-04:00,15.16,15.17,15.15,15.16,6296.0,15.158
2026-05-15 15:16:00-04:00,15.16,15.17,15.15,15.16,2370.0,15.164
2026-05-15 15:17:00-04:00,15.16,15.17,15.15,15.17,6189.0,15.161
2026-05-15 15:18:00-04:00,15.17,15.17,15.16,15.17,3882.0,15.167
2026-05-15 15:19:00-04:00,15.17,15.18,15.14,15.15,7518.0,15.169
2026-05-15 15:20:00-04:00,15.15,15.2,15.15,15.19,11101.0,15.167
2026-05-15 15:21:00-04:00,15.19,15.19,15.16,15.16,13223.0,15.167
2026-05-15 15:22:00-04:00,15.16,15.19,15.16,15.18,7794.0,15.173
2026-05-15 15:23:00-04:00,15.18,15.19,15.16,15.16,2775.0,15.176
2026-05-15 15:24:00-04:00,15.16,15.17,15.14,15.15,10071.0,15.153
2026-05-15 15:25:00-04:00,15.15,15.2,15.15,15.18,16467.0,15.177
2026-05-15 15:26:00-04:00,15.18,15.2,15.17,15.19,11945.0,15.184
2026-05-15 15:27:00-04:00,15.2,15.22,15.2,15.22,19169.0,15.212
2026-05-15 15:28:00-04:00,15.22,15.23,15.21,15.21,7143.0,15.224
2026-05-15 15:29:00-04:00,15.21,15.22,15.2,15.22,5302.0,15.213
2026-05-15 15:30:00-04:00,15.22,15.24,15.22,15.23,8265.0,15.226
2026-05-15 15:31:00-04:00,15.24,15.29,15.23,15.29,17906.0,15.263
2026-05-15 15:32:00-04:00,15.28,15.29,15.27,15.27,7969.0,15.283
2026-05-15 15:33:00-04:00,15.27,15.35,15.26,15.34,28335.0,15.312
2026-05-15 15:34:00-04:00,15.33,15.34,15.32,15.33,17776.0,15.329
2026-05-15 15:35:00-04:00,15.33,15.38,15.33,15.36,27457.0,15.353
2026-05-15 15:36:00-04:00,15.36,15.38,15.36,15.37,10671.0,15.371
2026-05-15 15:37:00-04:00,15.37,15.37,15.34,15.34,6523.0,15.353
2026-05-15 15:38:00-04:00,15.34,15.35,15.33,15.33,21761.0,15.338
2026-05-15 15:39:00-04:00,15.33,15.35,15.31,15.31,26245.0,15.332
2026-05-15 15:40:00-04:00,15.32,15.35,15.31,15.31,51251.0,15.325
2026-05-15 15:41:00-04:00,15.32,15.33,15.28,15.28,27824.0,15.314
2026-05-15 15:42:00-04:00,15.28,15.31,15.27,15.27,22611.0,15.29
2026-05-15 15:43:00-04:00,15.27,15.28,15.27,15.27,5672.0,15.277
2026-05-15 15:44:00-04:00,15.27,15.29,15.26,15.29,23687.0,15.274
2026-05-15 15:45:00-04:00,15.28,15.3,15.27,15.27,12194.0,15.283
2026-05-15 15:46:00-04:00,15.27,15.28,15.26,15.26,23611.0,15.271
2026-05-15 15:47:00-04:00,15.26,15.28,15.26,15.27,9731.0,15.271
2026-05-15 15:48:00-04:00,15.27,15.28,15.26,15.27,21596.0,15.271
2026-05-15 15:49:00-04:00,15.27,15.32,15.27,15.29,26649.0,15.299
2026-05-15 15:50:00-04:00,15.29,15.35,15.29,15.33,17161.0,15.323
2026-05-15 15:51:00-04:00,15.33,15.34,15.3,15.33,34614.0,15.325
2026-05-15 15:52:00-04:00,15.33,15.34,15.3,15.32,31211.0,15.313
2026-05-15 15:53:00-04:00,15.32,15.35,15.32,15.33,17176.0,15.339
2026-05-15 15:54:00-04:00,15.33,15.34,15.3,15.32,46850.0,15.316
2026-05-15 15:55:00-04:00,15.32,15.34,15.27,15.29,67565.0,15.303
2026-05-15 15:56:00-04:00,15.29,15.29,15.19,15.2,69167.0,15.236
2026-05-15 15:57:00-04:00,15.2,15.21,15.18,15.21,81818.0,15.198
2026-05-15 15:58:00-04:00,15.21,15.21,15.17,15.18,131739.0,15.192
2026-05-15 15:59:00-04:00,15.19,15.3,15.17,15.17,277024.0,15.202
2026-05-18 09:30:00-04:00,15.19,15.29,15.08,15.15,161644.0,15.147
2026-05-18 09:31:00-04:00,15.22,15.5,15.21,15.49,17233.0,15.379
2026-05-18 09:32:00-04:00,15.49,15.58,15.42,15.49,22625.0,15.497
2026-05-18 09:33:00-04:00,15.5,15.57,15.47,15.57,33586.0,15.524
2026-05-18 09:34:00-04:00,15.55,15.59,15.38,15.39,33164.0,15.522
2026-05-18 09:35:00-04:00,15.37,15.41,15.34,15.38,16012.0,15.38
2026-05-18 09:36:00-04:00,15.35,15.36,15.2,15.2,13721.0,15.267
2026-05-18 09:37:00-04:00,15.19,15.22,15.17,15.22,8224.0,15.203
2026-05-18 09:38:00-04:00,15.21,15.23,15.18,15.21,8927.0,15.2
2026-05-18 09:39:00-04:00,15.22,15.23,15.17,15.17,14360.0,15.189
2026-05-18 09:40:00-04:00,15.19,15.24,15.1,15.13,65432.0,15.181
2026-05-18 09:41:00-04:00,15.13,15.16,15.12,15.14,7451.0,15.138
2026-05-18 09:42:00-04:00,15.12,15.17,15.09,15.12,26670.0,15.127
2026-05-18 09:43:00-04:00,15.12,15.15,15.1,15.14,13722.0,15.136
2026-05-18 09:44:00-04:00,15.16,15.17,15.01,15.04,31285.0,15.07
2026-05-18 09:45:00-04:00,15.06,15.14,15.04,15.09,27962.0,15.093
2026-05-18 09:46:00-04:00,15.08,15.24,15.08,15.23,18791.0,15.127
2026-05-18 09:47:00-04:00,15.24,15.26,15.18,15.24,63497.0,15.189
2026-05-18 09:48:00-04:00,15.25,15.28,15.19,15.26,37508.0,15.214
2026-05-18 09:49:00-04:00,15.28,15.29,15.23,15.24,29374.0,15.252
2026-05-18 09:50:00-04:00,15.24,15.27,15.22,15.27,8411.0,15.244
2026-05-18 09:51:00-04:00,15.27,15.32,15.26,15.31,50214.0,15.293
2026-05-18 09:52:00-04:00,15.33,15.45,15.31,15.42,21421.0,15.402
2026-05-18 09:53:00-04:00,15.43,15.55,15.42,15.51,42187.0,15.486
2026-05-18 09:54:00-04:00,15.52,15.6,15.49,15.49,55966.0,15.57
2026-05-18 09:55:00-04:00,15.5,15.59,15.49,15.51,46762.0,15.556
2026-05-18 09:56:00-04:00,15.52,15.6,15.49,15.59,26574.0,15.534
2026-05-18 09:57:00-04:00,15.6,15.6,15.49,15.49,45405.0,15.557
2026-05-18 09:58:00-04:00,15.48,15.51,15.45,15.5,30088.0,15.486
2026-05-18 09:59:00-04:00,15.51,15.65,15.49,15.65,41357.0,15.583
2026-05-18 10:00:00-04:00,15.65,15.65,15.56,15.58,27339.0,15.598
2026-05-18 10:01:00-04:00,15.58,15.58,15.55,15.56,12406.0,15.563
2026-05-18 10:02:00-04:00,15.57,15.6,15.57,15.58,13698.0,15.59
2026-05-18 10:03:00-04:00,15.58,15.6,15.54,15.55,10068.0,15.583
2026-05-18 10:04:00-04:00,15.54,15.61,15.53,15.6,15063.0,15.581
2026-05-18 10:05:00-04:00,15.6,15.64,15.56,15.61,58465.0,15.597
2026-05-18 10:06:00-04:00,15.6,15.66,15.59,15.65,26786.0,15.616
2026-05-18 10:07:00-04:00,15.66,15.73,15.66,15.72,21088.0,15.692
2026-05-18 10:08:00-04:00,15.72,15.79,15.72,15.79,28069.0,15.753
2026-05-18 10:09:00-04:00,15.8,15.84,15.8,15.84,26835.0,15.818
2026-05-18 10:10:00-04:00,15.83,15.87,15.77,15.78,69605.0,15.833
2026-05-18 10:11:00-04:00,15.77,15.79,15.76,15.77,30996.0,15.781
2026-05-18 10:12:00-04:00,15.78,15.81,15.76,15.79,43004.0,15.794
2026-05-18 10:13:00-04:00,15.79,15.85,15.78,15.83,51594.0,15.801
2026-05-18 10:14:00-04:00,15.82,15.84,15.8,15.81,14940.0,15.817
2026-05-18 10:15:00-04:00,15.81,15.83,15.77,15.8,31932.0,15.801
2026-05-18 10:16:00-04:00,15.8,15.82,15.77,15.79,23312.0,15.794
2026-05-18 10:17:00-04:00,15.79,15.8,15.75,15.75,25688.0,15.779
2026-05-18 10:18:00-04:00,15.76,15.79,15.76,15.77,11898.0,15.771
2026-05-18 10:19:00-04:00,15.77,15.77,15.73,15.73,16353.0,15.746
2026-05-18 10:20:00-04:00,15.73,15.76,15.73,15.74,25378.0,15.739
2026-05-18 10:21:00-04:00,15.75,15.77,15.71,15.71,29283.0,15.747
2026-05-18 10:22:00-04:00,15.72,15.73,15.66,15.67,8717.0,15.689
2026-05-18 10:23:00-04:00,15.68,15.68,15.6,15.61,10590.0,15.651
2026-05-18 10:24:00-04:00,15.6,15.63,15.58,15.58,7665.0,15.606
2026-05-18 10:25:00-04:00,15.58,15.61,15.57,15.6,8610.0,15.58
2026-05-18 10:26:00-04:00,15.61,15.65,15.61,15.63,10120.0,15.624
2026-05-18 10:27:00-04:00,15.62,15.63,15.57,15.62,9228.0,15.602
2026-05-18 10:28:00-04:00,15.63,15.67,15.62,15.63,14634.0,15.641
2026-05-18 10:29:00-04:00,15.63,15.64,15.61,15.62,25115.0,15.63
2026-05-18 10:30:00-04:00,15.63,15.63,15.51,15.52,45493.0,15.545
2026-05-18 10:31:00-04:00,15.51,15.54,15.46,15.47,14211.0,15.502
2026-05-18 10:32:00-04:00,15.46,15.46,15.38,15.38,15207.0,15.427
2026-05-18 10:33:00-04:00,15.38,15.39,15.28,15.29,14441.0,15.328
2026-05-18 10:34:00-04:00,15.28,15.28,15.2,15.23,20699.0,15.247
2026-05-18 10:35:00-04:00,15.23,15.26,15.19,15.21,26259.0,15.23
2026-05-18 10:36:00-04:00,15.21,15.3,15.2,15.29,72468.0,15.272
2026-05-18 10:37:00-04:00,15.29,15.32,15.28,15.3,17148.0,15.296
2026-05-18 10:38:00-04:00,15.29,15.32,15.27,15.31,21279.0,15.298
2026-05-18 10:39:00-04:00,15.31,15.32,15.29,15.29,8400.0,15.304
2026-05-18 10:40:00-04:00,15.29,15.29,15.23,15.28,33860.0,15.265
2026-05-18 10:41:00-04:00,15.28,15.33,15.28,15.31,26696.0,15.302
2026-05-18 10:42:00-04:00,15.33,15.39,15.32,15.39,52327.0,15.356
2026-05-18 10:43:00-04:00,15.39,15.4,15.33,15.35,24041.0,15.353
2026-05-18 10:44:00-04:00,15.35,15.36,15.33,15.34,20540.0,15.34
2026-05-18 10:45:00-04:00,15.35,15.38,15.29,15.29,9961.0,15.34
2026-05-18 10:46:00-04:00,15.31,15.34,15.29,15.31,11697.0,15.315
2026-05-18 10:47:00-04:00,15.3,15.32,15.28,15.29,7134.0,15.304
2026-05-18 10:48:00-04:00,15.29,15.31,15.27,15.3,5628.0,15.289
2026-05-18 10:49:00-04:00,15.31,15.34,15.31,15.33,13058.0,15.323
2026-05-18 10:50:00-04:00,15.34,15.37,15.32,15.37,11163.0,15.339
2026-05-18 10:51:00-04:00,15.38,15.42,15.34,15.4,20391.0,15.387
2026-05-18 10:52:00-04:00,15.4,15.41,15.39,15.41,3704.0,15.401
2026-05-18 10:53:00-04:00,15.42,15.43,15.3,15.3,28814.0,15.378
2026-05-18 10:54:00-04:00,15.3,15.3,15.25,15.25,19863.0,15.271
2026-05-18 10:55:00-04:00,15.25,15.31,15.25,15.3,4822.0,15.268
2026-05-18 10:56:00-04:00,15.31,15.33,15.3,15.3,6206.0,15.313
2026-05-18 10:57:00-04:00,15.32,15.35,15.3,15.33,8356.0,15.323
2026-05-18 10:58:00-04:00,15.34,15.38,15.32,15.32,8524.0,15.341
2026-05-18 10:59:00-04:00,15.31,15.32,15.29,15.32,13022.0,15.307
2026-05-18 11:00:00-04:00,15.33,15.33,15.3,15.3,4076.0,15.316
2026-05-18 11:01:00-04:00,15.3,15.34,15.26,15.33,11761.0,15.293
2026-05-18 11:02:00-04:00,15.33,15.33,15.27,15.3,3688.0,15.295
2026-05-18 11:03:00-04:00,15.3,15.33,15.29,15.32,6916.0,15.313
2026-05-18 11:04:00-04:00,15.32,15.36,15.32,15.35,2512.0,15.344
2026-05-18 11:05:00-04:00,15.36,15.38,15.35,15.35,8120.0,15.366
2026-05-18 11:06:00-04:00,15.35,15.4,15.35,15.39,6185.0,15.374
2026-05-18 11:07:00-04:00,15.38,15.39,15.34,15.38,5851.0,15.372
2026-05-18 11:08:00-04:00,15.38,15.39,15.35,15.36,3425.0,15.368
2026-05-18 11:09:00-04:00,15.36,15.36,15.31,15.31,4684.0,15.336
2026-05-18 11:10:00-04:00,15.31,15.34,15.31,15.32,4238.0,15.321
2026-05-18 11:11:00-04:00,15.32,15.35,15.32,15.34,6502.0,15.334
2026-05-18 11:12:00-04:00,15.35,15.37,15.33,15.33,4044.0,15.352
2026-05-18 11:13:00-04:00,15.32,15.35,15.32,15.34,7137.0,15.33
2026-05-18 11:14:00-04:00,15.34,15.36,15.33,15.35,5570.0,15.351
2026-05-18 11:15:00-04:00,15.35,15.38,15.35,15.36,6455.0,15.368
2026-05-18 11:16:00-04:00,15.36,15.36,15.34,15.35,10292.0,15.343
2026-05-18 11:17:00-04:00,15.36,15.36,15.32,15.36,7046.0,15.34
2026-05-18 11:18:00-04:00,15.35,15.36,15.32,15.32,3365.0,15.338
2026-05-18 11:19:00-04:00,15.33,15.33,15.3,15.32,7733.0,15.317
2026-05-18 11:20:00-04:00,15.32,15.35,15.31,15.33,4817.0,15.328
2026-05-18 11:21:00-04:00,15.33,15.37,15.33,15.37,3327.0,15.351
2026-05-18 11:22:00-04:00,15.38,15.39,15.35,15.37,4884.0,15.371
2026-05-18 11:23:00-04:00,15.37,15.38,15.35,15.38,2788.0,15.367
2026-05-18 11:24:00-04:00,15.38,15.42,15.37,15.42,6353.0,15.401
2026-05-18 11:25:00-04:00,15.42,15.42,15.41,15.41,2700.0,15.413
2026-05-18 11:26:00-04:00,15.42,15.45,15.42,15.42,13966.0,15.443
2026-05-18 11:27:00-04:00,15.43,15.45,15.4,15.44,3678.0,15.426
2026-05-18 11:28:00-04:00,15.44,15.45,15.43,15.43,8402.0,15.44
2026-05-18 11:29:00-04:00,15.43,15.43,15.39,15.39,6857.0,15.407
2026-05-18 11:30:00-04:00,15.39,15.43,15.38,15.4,9414.0,15.404
2026-05-18 11:31:00-04:00,15.41,15.44,15.4,15.41,12095.0,15.425
2026-05-18 11:32:00-04:00,15.41,15.45,15.41,15.43,2729.0,15.424
2026-05-18 11:33:00-04:00,15.43,15.5,15.43,15.5,13285.0,15.472
2026-05-18 11:34:00-04:00,15.5,15.58,15.5,15.57,4279.0,15.525
2026-05-18 11:35:00-04:00,15.57,15.58,15.51,15.52,13010.0,15.539
2026-05-18 11:36:00-04:00,15.53,15.55,15.52,15.52,4001.0,15.531
2026-05-18 11:37:00-04:00,15.51,15.52,15.51,15.51,3812.0,15.514
2026-05-18 11:38:00-04:00,15.52,15.53,15.5,15.51,10761.0,15.521
2026-05-18 11:39:00-04:00,15.53,15.54,15.52,15.52,7420.0,15.528
2026-05-18 11:40:00-04:00,15.53,15.59,15.53,15.57,6806.0,15.56
2026-05-18 11:41:00-04:00,15.57,15.6,15.53,15.54,17261.0,15.559
2026-05-18 11:42:00-04:00,15.53,15.53,15.51,15.51,1200.0,15.524
2026-05-18 11:43:00-04:00,15.51,15.52,15.43,15.43,9339.0,15.479
2026-05-18 11:44:00-04:00,15.43,15.44,15.37,15.38,7354.0,15.401
2026-05-18 11:45:00-04:00,15.38,15.42,15.38,15.42,1976.0,15.396
2026-05-18 11:46:00-04:00,15.42,15.45,15.42,15.45,1296.0,15.436
2026-05-18 11:47:00-04:00,15.44,15.44,15.42,15.43,2352.0,15.432
2026-05-18 11:48:00-04:00,15.43,15.44,15.43,15.43,3273.0,15.431
2026-05-18 11:49:00-04:00,15.44,15.45,15.43,15.44,1729.0,15.44
2026-05-18 11:50:00-04:00,15.43,15.43,15.4,15.42,3838.0,15.418
2026-05-18 11:51:00-04:00,15.4,15.42,15.4,15.42,4133.0,15.412
2026-05-18 11:52:00-04:00,15.4,15.41,15.4,15.4,765.0,15.404
2026-05-18 11:53:00-04:00,15.4,15.44,15.39,15.43,11990.0,15.424
2026-05-18 11:54:00-04:00,15.44,15.45,15.44,15.45,1300.0,15.449
2026-05-18 11:55:00-04:00,15.45,15.47,15.43,15.43,3045.0,15.446
2026-05-18 11:56:00-04:00,15.44,15.44,15.41,15.42,3004.0,15.423
2026-05-18 11:57:00-04:00,15.41,15.46,15.41,15.46,3211.0,15.441
2026-05-18 11:58:00-04:00,15.46,15.47,15.44,15.44,1494.0,15.454
2026-05-18 11:59:00-04:00,15.44,15.47,15.44,15.46,2969.0,15.448
2026-05-18 12:00:00-04:00,15.46,15.46,15.41,15.41,5054.0,15.438
2026-05-18 12:01:00-04:00,15.41,15.43,15.41,15.43,1288.0,15.428
2026-05-18 12:02:00-04:00,15.43,15.44,15.42,15.44,1538.0,15.43
2026-05-18 12:03:00-04:00,15.44,15.45,15.43,15.44,800.0,15.441
2026-05-18 12:04:00-04:00,15.44,15.46,15.42,15.43,3946.0,15.443
2026-05-18 12:05:00-04:00,15.43,15.43,15.41,15.42,2547.0,15.424
2026-05-18 12:06:00-04:00,15.42,15.43,15.42,15.43,7488.0,15.421
2026-05-18 12:07:00-04:00,15.42,15.43,15.42,15.42,2100.0,15.42
2026-05-18 12:08:00-04:00,15.42,15.44,15.41,15.43,2556.0,15.423
2026-05-18 12:09:00-04:00,15.43,15.45,15.43,15.43,2480.0,15.436
2026-05-18 12:10:00-04:00,15.43,15.44,15.43,15.44,3669.0,15.44
2026-05-18 12:11:00-04:00,15.44,15.45,15.44,15.45,1600.0,15.445
2026-05-18 12:12:00-04:00,15.45,15.49,15.45,15.47,5820.0,15.463
2026-05-18 12:13:00-04:00,15.46,15.48,15.46,15.48,1110.0,15.469
2026-05-18 12:14:00-04:00,15.47,15.49,15.47,15.48,2117.0,15.479
2026-05-18 12:15:00-04:00,15.5,15.54,15.5,15.54,1320.0,15.519
2026-05-18 12:16:00-04:00,15.56,15.56,15.53,15.56,5138.0,15.549
2026-05-18 12:17:00-04:00,15.55,15.56,15.54,15.54,1579.0,15.55
2026-05-18 12:18:00-04:00,15.54,15.55,15.53,15.55,3200.0,15.538
2026-05-18 12:19:00-04:00,15.55,15.56,15.54,15.54,2250.0,15.548
2026-05-18 12:20:00-04:00,15.55,15.58,15.54,15.57,3069.0,15.56
2026-05-18 12:21:00-04:00,15.58,15.59,15.57,15.58,4226.0,15.58
2026-05-18 12:22:00-04:00,15.57,15.57,15.55,15.56,7201.0,15.557
2026-05-18 12:23:00-04:00,15.56,15.57,15.53,15.55,2783.0,15.549
2026-05-18 12:24:00-04:00,15.55,15.55,15.53,15.54,1807.0,15.54
2026-05-18 12:25:00-04:00,15.53,15.56,15.53,15.53,3116.0,15.537
2026-05-18 12:26:00-04:00,15.53,15.54,15.48,15.48,20147.0,15.507
2026-05-18 12:27:00-04:00,15.48,15.51,15.48,15.5,6590.0,15.5
2026-05-18 12:28:00-04:00,15.5,15.5,15.44,15.44,7753.0,15.463
2026-05-18 12:29:00-04:00,15.43,15.46,15.42,15.44,2118.0,15.445
2026-05-18 12:30:00-04:00,15.43,15.43,15.42,15.42,1208.0,15.427
2026-05-18 12:31:00-04:00,15.43,15.47,15.43,15.47,5233.0,15.449
2026-05-18 12:32:00-04:00,15.48,15.5,15.47,15.5,2322.0,15.485
2026-05-18 12:33:00-04:00,15.51,15.52,15.5,15.52,3576.0,15.505
2026-05-18 12:34:00-04:00,15.51,15.51,15.5,15.5,1987.0,15.507
2026-05-18 12:35:00-04:00,15.5,15.5,15.49,15.5,2003.0,15.499
2026-05-18 12:36:00-04:00,15.5,15.53,15.5,15.52,2231.0,15.51
2026-05-18 12:37:00-04:00,15.53,15.53,15.5,15.51,3218.0,15.517
2026-05-18 12:38:00-04:00,15.51,15.52,15.49,15.5,4560.0,15.495
2026-05-18 12:39:00-04:00,15.49,15.49,15.47,15.47,2075.0,15.48
2026-05-18 12:40:00-04:00,15.47,15.48,15.47,15.47,964.0,15.472
2026-05-18 12:41:00-04:00,15.48,15.49,15.47,15.48,1592.0,15.479
2026-05-18 12:42:00-04:00,15.48,15.49,15.45,15.46,3281.0,15.473
2026-05-18 12:43:00-04:00,15.46,15.48,15.45,15.48,1470.0,15.464
2026-05-18 12:44:00-04:00,15.47,15.48,15.46,15.46,2202.0,15.468
2026-05-18 12:45:00-04:00,15.46,15.47,15.35,15.36,16776.0,15.414
2026-05-18 12:46:00-04:00,15.37,15.37,15.36,15.36,645.0,15.364
2026-05-18 12:47:00-04:00,15.36,15.38,15.36,15.38,2225.0,15.371
2026-05-18 12:48:00-04:00,15.38,15.39,15.36,15.38,4129.0,15.373
2026-05-18 12:49:00-04:00,15.38,15.39,15.35,15.35,25715.0,15.372
2026-05-18 12:50:00-04:00,15.35,15.37,15.35,15.36,3990.0,15.359
2026-05-18 12:51:00-04:00,15.37,15.39,15.37,15.38,1460.0,15.377
2026-05-18 12:52:00-04:00,15.39,15.43,15.37,15.42,32550.0,15.403
2026-05-18 12:53:00-04:00,15.4,15.44,15.4,15.44,16932.0,15.417
2026-05-18 12:54:00-04:00,15.43,15.46,15.43,15.46,6492.0,15.448
2026-05-18 12:55:00-04:00,15.46,15.48,15.45,15.47,21361.0,15.464
2026-05-18 12:56:00-04:00,15.46,15.48,15.45,15.46,16981.0,15.463
2026-05-18 12:57:00-04:00,15.46,15.47,15.42,15.43,21184.0,15.436
2026-05-18 12:58:00-04:00,15.43,15.44,15.4,15.43,25791.0,15.419
2026-05-18 12:59:00-04:00,15.43,15.44,15.41,15.41,1460.0,15.428
2026-05-18 13:00:00-04:00,15.42,15.42,15.41,15.42,2000.0,15.418
2026-05-18 13:01:00-04:00,15.41,15.43,15.41,15.42,1970.0,15.424
2026-05-18 13:02:00-04:00,15.42,15.44,15.42,15.44,5649.0,15.431
2026-05-18 13:03:00-04:00,15.44,15.46,15.44,15.46,1490.0,15.449
2026-05-18 13:04:00-04:00,15.46,15.47,15.44,15.46,3637.0,15.456
2026-05-18 13:05:00-04:00,15.47,15.52,15.47,15.51,4926.0,15.496
2026-05-18 13:06:00-04:00,15.52,15.53,15.51,15.52,5115.0,15.522
2026-05-18 13:07:00-04:00,15.52,15.52,15.5,15.5,3571.0,15.514
2026-05-18 13:08:00-04:00,15.51,15.52,15.5,15.51,1700.0,15.51
2026-05-18 13:09:00-04:00,15.5,15.5,15.48,15.49,1468.0,15.491
2026-05-18 13:10:00-04:00,15.49,15.51,15.49,15.5,1014.0,15.501
2026-05-18 13:11:00-04:00,15.5,15.51,15.5,15.5,2170.0,15.503
2026-05-18 13:12:00-04:00,15.5,15.51,15.49,15.49,2416.0,15.507
2026-05-18 13:13:00-04:00,15.49,15.5,15.49,15.5,1355.0,15.497
2026-05-18 13:14:00-04:00,15.51,15.53,15.49,15.51,4720.0,15.511
2026-05-18 13:15:00-04:00,15.51,15.54,15.51,15.52,2100.0,15.525
2026-05-18 13:16:00-04:00,15.53,15.55,15.53,15.54,2307.0,15.545
2026-05-18 13:17:00-04:00,15.55,15.56,15.53,15.53,3736.0,15.543
2026-05-18 13:18:00-04:00,15.53,15.54,15.51,15.52,4566.0,15.525
2026-05-18 13:19:00-04:00,15.52,15.52,15.49,15.49,2902.0,15.508
2026-05-18 13:20:00-04:00,15.49,15.5,15.49,15.49,100.0,15.49
2026-05-18 13:21:00-04:00,15.49,15.5,15.48,15.48,1229.0,15.491
2026-05-18 13:22:00-04:00,15.48,15.5,15.48,15.48,3298.0,15.489
2026-05-18 13:23:00-04:00,15.48,15.48,15.48,15.48,1100.0,15.48
2026-05-18 13:24:00-04:00,15.47,15.49,15.47,15.48,2941.0,15.481
2026-05-18 13:25:00-04:00,15.49,15.49,15.48,15.48,400.0,15.488
2026-05-18 13:26:00-04:00,15.49,15.49,15.48,15.49,1491.0,15.487
2026-05-18 13:27:00-04:00,15.5,15.5,15.46,15.46,6901.0,15.486
2026-05-18 13:28:00-04:00,15.46,15.48,15.46,15.47,3862.0,15.469
2026-05-18 13:29:00-04:00,15.47,15.51,15.47,15.49,3426.0,15.488
2026-05-18 13:30:00-04:00,15.5,15.51,15.5,15.5,1300.0,15.501
2026-05-18 13:31:00-04:00,15.5,15.52,15.5,15.52,1766.0,15.516
2026-05-18 13:32:00-04:00,15.53,15.53,15.5,15.5,3058.0,15.514
2026-05-18 13:33:00-04:00,15.49,15.5,15.49,15.49,1426.0,15.496
2026-05-18 13:34:00-04:00,15.49,15.49,15.48,15.49,3184.0,15.488
2026-05-18 13:35:00-04:00,15.49,15.5,15.48,15.5,1138.0,15.491
2026-05-18 13:36:00-04:00,15.51,15.52,15.51,15.51,1500.0,15.512
2026-05-18 13:37:00-04:00,15.51,15.51,15.49,15.49,1183.0,15.502
2026-05-18 13:38:00-04:00,15.49,15.5,15.49,15.49,1305.0,15.492
2026-05-18 13:39:00-04:00,15.49,15.5,15.43,15.46,9655.0,15.461
2026-05-18 13:40:00-04:00,15.46,15.46,15.46,15.46,300.0,15.46
2026-05-18 13:41:00-04:00,15.47,15.49,15.46,15.49,1515.0,15.473
2026-05-18 13:42:00-04:00,15.48,15.49,15.47,15.47,1063.0,15.475
2026-05-18 13:43:00-04:00,15.47,15.49,15.47,15.49,2217.0,15.478
2026-05-18 13:44:00-04:00,15.48,15.48,15.46,15.46,1638.0,15.471
2026-05-18 13:45:00-04:00,15.47,15.47,15.46,15.46,1150.0,15.465
2026-05-18 13:46:00-04:00,15.45,15.46,15.45,15.46,500.0,15.453
2026-05-18 13:47:00-04:00,15.44,15.47,15.44,15.46,2155.0,15.453
2026-05-18 13:48:00-04:00,15.46,15.47,15.46,15.46,1592.0,15.463
2026-05-18 13:49:00-04:00,15.46,15.46,15.45,15.46,1578.0,15.457
2026-05-18 13:50:00-04:00,15.46,15.48,15.45,15.48,2207.0,15.469
2026-05-18 13:51:00-04:00,15.48,15.49,15.48,15.49,770.0,15.481
2026-05-18 13:52:00-04:00,15.48,15.49,15.48,15.48,1192.0,15.486
2026-05-18 13:53:00-04:00,15.47,15.49,15.47,15.49,1539.0,15.48
2026-05-18 13:54:00-04:00,15.49,15.5,15.49,15.49,1638.0,15.491
2026-05-18 13:55:00-04:00,15.49,15.49,15.47,15.48,1196.0,15.485
2026-05-18 13:56:00-04:00,15.49,15.54,15.49,15.54,3482.0,15.509
2026-05-18 13:57:00-04:00,15.54,15.54,15.5,15.5,3987.0,15.513
2026-05-18 13:58:00-04:00,15.5,15.51,15.49,15.49,900.0,15.498
2026-05-18 13:59:00-04:00,15.5,15.51,15.49,15.5,4033.0,15.498
2026-05-18 14:00:00-04:00,15.5,15.51,15.5,15.5,4295.0,15.505
2026-05-18 14:01:00-04:00,15.48,15.49,15.47,15.47,200.0,15.48
2026-05-18 14:02:00-04:00,15.47,15.47,15.44,15.45,3732.0,15.448
2026-05-18 14:03:00-04:00,15.44,15.45,15.42,15.44,13909.0,15.427
2026-05-18 14:04:00-04:00,15.45,15.46,15.44,15.44,4060.0,15.45
2026-05-18 14:05:00-04:00,15.44,15.45,15.44,15.44,1422.0,15.446
2026-05-18 14:06:00-04:00,15.44,15.44,15.41,15.42,4104.0,15.426
2026-05-18 14:07:00-04:00,15.42,15.44,15.39,15.4,4136.0,15.413
2026-05-18 14:08:00-04:00,15.4,15.41,15.37,15.38,6399.0,15.393
2026-05-18 14:09:00-04:00,15.38,15.39,15.37,15.38,11234.0,15.377
2026-05-18 14:10:00-04:00,15.38,15.39,15.38,15.39,2964.0,15.384
2026-05-18 14:11:00-04:00,15.4,15.4,15.39,15.39,500.0,15.397
2026-05-18 14:12:00-04:00,15.39,15.4,15.39,15.39,1067.0,15.392
2026-05-18 14:13:00-04:00,15.39,15.4,15.38,15.38,2405.0,15.39
2026-05-18 14:14:00-04:00,15.38,15.4,15.36,15.36,14255.0,15.369
2026-05-18 14:15:00-04:00,15.36,15.37,15.36,15.36,4258.0,15.366
2026-05-18 14:16:00-04:00,15.36,15.36,15.35,15.35,4331.0,15.354
2026-05-18 14:17:00-04:00,15.33,15.34,15.32,15.33,4423.0,15.327
2026-05-18 14:18:00-04:00,15.33,15.33,15.3,15.3,1565.0,15.311
2026-05-18 14:19:00-04:00,15.3,15.31,15.28,15.3,2620.0,15.297
2026-05-18 14:20:00-04:00,15.3,15.31,15.29,15.3,4514.0,15.305
2026-05-18 14:21:00-04:00,15.3,15.31,15.3,15.3,6051.0,15.309
2026-05-18 14:22:00-04:00,15.31,15.32,15.3,15.31,1505.0,15.312
2026-05-18 14:23:00-04:00,15.31,15.31,15.3,15.31,1740.0,15.308
2026-05-18 14:24:00-04:00,15.3,15.35,15.3,15.35,13968.0,15.342
2026-05-18 14:25:00-04:00,15.34,15.35,15.33,15.33,3200.0,15.34
2026-05-18 14:26:00-04:00,15.33,15.33,15.3,15.3,4583.0,15.318
2026-05-18 14:27:00-04:00,15.29,15.29,15.27,15.29,12372.0,15.286
2026-05-18 14:28:00-04:00,15.29,15.31,15.29,15.3,2670.0,15.299
2026-05-18 14:29:00-04:00,15.3,15.32,15.3,15.32,4210.0,15.307
2026-05-18 14:30:00-04:00,15.32,15.38,15.32,15.38,3899.0,15.349
2026-05-18 14:31:00-04:00,15.37,15.38,15.36,15.38,7023.0,15.373
2026-05-18 14:32:00-04:00,15.38,15.38,15.37,15.38,100.0,15.375
2026-05-18 14:33:00-04:00,15.38,15.38,15.37,15.37,400.0,15.374
2026-05-18 14:34:00-04:00,15.37,15.4,15.37,15.39,19089.0,15.38
2026-05-18 14:35:00-04:00,15.4,15.4,15.39,15.4,2517.0,15.397
2026-05-18 14:36:00-04:00,15.39,15.4,15.38,15.38,1919.0,15.389
2026-05-18 14:37:00-04:00,15.38,15.38,15.37,15.37,1120.0,15.375
2026-05-18 14:38:00-04:00,15.38,15.39,15.37,15.38,2495.0,15.381
2026-05-18 14:39:00-04:00,15.38,15.38,15.37,15.38,570.0,15.375
2026-05-18 14:40:00-04:00,15.37,15.38,15.36,15.36,3535.0,15.369
2026-05-18 14:41:00-04:00,15.36,15.37,15.35,15.35,1904.0,15.359
2026-05-18 14:42:00-04:00,15.36,15.36,15.34,15.34,3353.0,15.35
2026-05-18 14:43:00-04:00,15.34,15.35,15.34,15.34,612.0,15.344
2026-05-18 14:44:00-04:00,15.34,15.35,15.33,15.34,5406.0,15.34
2026-05-18 14:45:00-04:00,15.34,15.35,15.33,15.33,681.0,15.339
2026-05-18 14:46:00-04:00,15.33,15.35,15.33,15.34,5160.0,15.345
2026-05-18 14:47:00-04:00,15.34,15.35,15.32,15.32,10123.0,15.336
2026-05-18 14:48:00-04:00,15.33,15.33,15.32,15.32,4336.0,15.327
2026-05-18 14:49:00-04:00,15.32,15.33,15.29,15.3,9265.0,15.308
2026-05-18 14:50:00-04:00,15.3,15.32,15.3,15.31,9169.0,15.31
2026-05-18 14:51:00-04:00,15.3,15.32,15.3,15.31,924.0,15.309
2026-05-18 14:52:00-04:00,15.31,15.32,15.31,15.31,2759.0,15.312
2026-05-18 14:53:00-04:00,15.3,15.31,15.3,15.3,1612.0,15.302
2026-05-18 14:54:00-04:00,15.29,15.3,15.25,15.25,4974.0,15.274
2026-05-18 14:55:00-04:00,15.25,15.26,15.24,15.24,20194.0,15.254
2026-05-18 14:56:00-04:00,15.25,15.26,15.23,15.24,10165.0,15.244
2026-05-18 14:57:00-04:00,15.24,15.25,15.2,15.21,5939.0,15.229
2026-05-18 14:58:00-04:00,15.21,15.21,15.16,15.16,20887.0,15.189
2026-05-18 14:59:00-04:00,15.16,15.18,15.15,15.17,7829.0,15.164
2026-05-18 15:00:00-04:00,15.17,15.23,15.17,15.22,16915.0,15.212
2026-05-18 15:01:00-04:00,15.23,15.42,15.23,15.41,113474.0,15.32
2026-05-18 15:02:00-04:00,15.41,15.45,15.34,15.44,38194.0,15.406
2026-05-18 15:03:00-04:00,15.45,15.47,15.4,15.4,10486.0,15.434
2026-05-18 15:04:00-04:00,15.41,15.42,15.38,15.39,8474.0,15.398
2026-05-18 15:05:00-04:00,15.39,15.39,15.36,15.36,5466.0,15.379
2026-05-18 15:06:00-04:00,15.36,15.4,15.35,15.38,24248.0,15.386
2026-05-18 15:07:00-04:00,15.38,15.39,15.35,15.38,6608.0,15.37
2026-05-18 15:08:00-04:00,15.39,15.39,15.37,15.39,4678.0,15.382
2026-05-18 15:09:00-04:00,15.39,15.41,15.37,15.39,17410.0,15.397
2026-05-18 15:10:00-04:00,15.4,15.41,15.39,15.39,12301.0,15.399
2026-05-18 15:11:00-04:00,15.39,15.41,15.36,15.39,9084.0,15.393
2026-05-18 15:12:00-04:00,15.4,15.42,15.39,15.4,22916.0,15.403
2026-05-18 15:13:00-04:00,15.4,15.41,15.39,15.4,12763.0,15.4
2026-05-18 15:14:00-04:00,15.39,15.39,15.36,15.38,11986.0,15.377
2026-05-18 15:15:00-04:00,15.39,15.4,15.38,15.39,3965.0,15.391
2026-05-18 15:16:00-04:00,15.39,15.4,15.39,15.39,9940.0,15.4
2026-05-18 15:17:00-04:00,15.39,15.41,15.38,15.38,11182.0,15.397
2026-05-18 15:18:00-04:00,15.38,15.4,15.37,15.39,7271.0,15.382
2026-05-18 15:19:00-04:00,15.39,15.4,15.37,15.38,2728.0,15.385
2026-05-18 15:20:00-04:00,15.38,15.41,15.38,15.4,17534.0,15.4
2026-05-18 15:21:00-04:00,15.41,15.42,15.4,15.41,7298.0,15.409
2026-05-18 15:22:00-04:00,15.41,15.42,15.39,15.39,9987.0,15.405
2026-05-18 15:23:00-04:00,15.39,15.4,15.37,15.39,10689.0,15.387
2026-05-18 15:24:00-04:00,15.39,15.42,15.38,15.41,25640.0,15.406
2026-05-18 15:25:00-04:00,15.41,15.42,15.36,15.38,12684.0,15.385
2026-05-18 15:26:00-04:00,15.38,15.39,15.37,15.39,2180.0,15.383
2026-05-18 15:27:00-04:00,15.39,15.4,15.37,15.38,7307.0,15.388
2026-05-18 15:28:00-04:00,15.37,15.38,15.36,15.38,5070.0,15.371
2026-05-18 15:29:00-04:00,15.38,15.39,15.37,15.39,5137.0,15.38
2026-05-18 15:30:00-04:00,15.39,15.39,15.38,15.38,2923.0,15.386
2026-05-18 15:31:00-04:00,15.38,15.4,15.37,15.4,12991.0,15.385
2026-05-18 15:32:00-04:00,15.4,15.41,15.4,15.4,8507.0,15.4
2026-05-18 15:33:00-04:00,15.4,15.41,15.38,15.39,19784.0,15.395
2026-05-18 15:34:00-04:00,15.4,15.41,15.39,15.41,36720.0,15.404
2026-05-18 15:35:00-04:00,15.41,15.46,15.4,15.46,29017.0,15.426
2026-05-18 15:36:00-04:00,15.46,15.46,15.45,15.46,11165.0,15.455
2026-05-18 15:37:00-04:00,15.46,15.46,15.4,15.42,44357.0,15.441
2026-05-18 15:38:00-04:00,15.42,15.43,15.41,15.42,4792.0,15.418
2026-05-18 15:39:00-04:00,15.41,15.43,15.41,15.42,5569.0,15.418
2026-05-18 15:40:00-04:00,15.42,15.44,15.42,15.43,9932.0,15.432
2026-05-18 15:41:00-04:00,15.43,15.44,15.43,15.43,13830.0,15.434
2026-05-18 15:42:00-04:00,15.43,15.44,15.42,15.43,13200.0,15.43
2026-05-18 15:43:00-04:00,15.43,15.44,15.4,15.41,45425.0,15.417
2026-05-18 15:44:00-04:00,15.41,15.45,15.41,15.44,15324.0,15.434
2026-05-18 15:45:00-04:00,15.45,15.5,15.45,15.49,20041.0,15.479
2026-05-18 15:46:00-04:00,15.49,15.54,15.49,15.54,11992.0,15.518
2026-05-18 15:47:00-04:00,15.54,15.59,15.53,15.56,71745.0,15.564
2026-05-18 15:48:00-04:00,15.56,15.56,15.53,15.54,30074.0,15.549
2026-05-18 15:49:00-04:00,15.55,15.56,15.55,15.56,6505.0,15.551
2026-05-18 15:50:00-04:00,15.56,15.59,15.55,15.55,17360.0,15.57
2026-05-18 15:51:00-04:00,15.55,15.59,15.55,15.59,28741.0,15.561
2026-05-18 15:52:00-04:00,15.59,15.6,15.58,15.59,36790.0,15.588
2026-05-18 15:53:00-04:00,15.6,15.61,15.59,15.59,69869.0,15.6
2026-05-18 15:54:00-04:00,15.6,15.6,15.59,15.59,46789.0,15.596
2026-05-18 15:55:00-04:00,15.6,15.68,15.59,15.64,101612.0,15.632
2026-05-18 15:56:00-04:00,15.65,15.65,15.6,15.6,28362.0,15.629
2026-05-18 15:57:00-04:00,15.6,15.63,15.59,15.59,73886.0,15.604
2026-05-18 15:58:00-04:00,15.59,15.6,15.58,15.59,35967.0,15.587
2026-05-18 15:59:00-04:00,15.58,15.59,15.51,15.54,161837.0,15.561
2026-05-19 09:30:00-04:00,15.6,15.65,15.46,15.47,62680.0,15.58
2026-05-19 09:31:00-04:00,15.6,15.6,15.42,15.46,3771.0,15.475
2026-05-19 09:32:00-04:00,15.46,15.5,15.4,15.4,5645.0,15.424
2026-05-19 09:33:00-04:00,15.39,15.55,15.38,15.48,23640.0,15.469
2026-05-19 09:34:00-04:00,15.47,15.52,15.44,15.47,4407.0,15.481
2026-05-19 09:35:00-04:00,15.52,15.56,15.51,15.53,10351.0,15.528
2026-05-19 09:36:00-04:00,15.52,15.53,15.49,15.53,3271.0,15.519
2026-05-19 09:37:00-04:00,15.52,15.58,15.48,15.5,18734.0,15.514
2026-05-19 09:38:00-04:00,15.48,15.52,15.45,15.52,11218.0,15.491
2026-05-19 09:39:00-04:00,15.49,15.55,15.47,15.51,6164.0,15.51
2026-05-19 09:40:00-04:00,15.49,15.5,15.46,15.49,3009.0,15.485
2026-05-19 09:41:00-04:00,15.49,15.5,15.39,15.42,20978.0,15.438
2026-05-19 09:42:00-04:00,15.42,15.45,15.35,15.35,7152.0,15.4
2026-05-19 09:43:00-04:00,15.37,15.39,15.32,15.34,6517.0,15.368
2026-05-19 09:44:00-04:00,15.3,15.31,15.18,15.21,28585.0,15.24
2026-05-19 09:45:00-04:00,15.21,15.36,15.2,15.36,24828.0,15.282
2026-05-19 09:46:00-04:00,15.38,15.44,15.37,15.39,13827.0,15.406
2026-05-19 09:47:00-04:00,15.36,15.51,15.36,15.51,6041.0,15.436
2026-05-19 09:48:00-04:00,15.5,15.6,15.5,15.6,17910.0,15.519
2026-05-19 09:49:00-04:00,15.6,15.76,15.58,15.72,20976.0,15.676
2026-05-19 09:50:00-04:00,15.74,15.76,15.64,15.67,49748.0,15.697
2026-05-19 09:51:00-04:00,15.67,15.87,15.66,15.86,25544.0,15.77
2026-05-19 09:52:00-04:00,15.86,15.88,15.83,15.84,10606.0,15.852
2026-05-19 09:53:00-04:00,15.85,15.87,15.82,15.85,12965.0,15.847
2026-05-19 09:54:00-04:00,15.82,15.93,15.82,15.91,39651.0,15.885
2026-05-19 09:55:00-04:00,15.92,15.95,15.85,15.88,8596.0,15.9
2026-05-19 09:56:00-04:00,15.86,15.87,15.81,15.83,22853.0,15.829
2026-05-19 09:57:00-04:00,15.85,15.88,15.84,15.85,9197.0,15.868
2026-05-19 09:58:00-04:00,15.85,15.89,15.82,15.88,12152.0,15.854
2026-05-19 09:59:00-04:00,15.88,15.94,15.83,15.89,31038.0,15.889
2026-05-19 10:00:00-04:00,15.89,15.9,15.8,15.82,32727.0,15.849
2026-05-19 10:01:00-04:00,15.82,15.82,15.74,15.76,29463.0,15.753
2026-05-19 10:02:00-04:00,15.76,15.76,15.71,15.73,6130.0,15.744
2026-05-19 10:03:00-04:00,15.74,15.84,15.73,15.83,7256.0,15.787
2026-05-19 10:04:00-04:00,15.83,15.93,15.83,15.92,12512.0,15.872
2026-05-19 10:05:00-04:00,15.93,15.93,15.82,15.82,15359.0,15.898
2026-05-19 10:06:00-04:00,15.81,15.84,15.79,15.83,14219.0,15.81
2026-05-19 10:07:00-04:00,15.83,15.85,15.75,15.82,66147.0,15.818
2026-05-19 10:08:00-04:00,15.81,15.83,15.78,15.78,19008.0,15.812
2026-05-19 10:09:00-04:00,15.77,15.97,15.72,15.89,191090.0,15.888
2026-05-19 10:10:00-04:00,15.91,16.05,15.86,16.05,109342.0,15.966
2026-05-19 10:11:00-04:00,16.04,16.09,15.99,16.07,86389.0,16.048
2026-05-19 10:12:00-04:00,16.06,16.12,16.05,16.12,40045.0,16.092
2026-05-19 10:13:00-04:00,16.11,16.15,16.08,16.09,40587.0,16.119
2026-05-19 10:14:00-04:00,16.09,16.11,16.02,16.02,50439.0,16.053
2026-05-19 10:15:00-04:00,16.02,16.11,16.02,16.1,29124.0,16.055
2026-05-19 10:16:00-04:00,16.12,16.29,16.11,16.26,81536.0,16.224
2026-05-19 10:17:00-04:00,16.26,16.27,16.16,16.23,117199.0,16.222
2026-05-19 10:18:00-04:00,16.22,16.23,16.18,16.19,78758.0,16.201
2026-05-19 10:19:00-04:00,16.2,16.22,16.07,16.09,41829.0,16.157
2026-05-19 10:20:00-04:00,16.1,16.11,16.0,16.02,14769.0,16.052
2026-05-19 10:21:00-04:00,16.03,16.07,16.01,16.04,31493.0,16.047
2026-05-19 10:22:00-04:00,16.03,16.05,16.0,16.0,5044.0,16.021
2026-05-19 10:23:00-04:00,16.0,16.04,16.0,16.0,5561.0,16.023
2026-05-19 10:24:00-04:00,16.01,16.04,15.93,15.95,8294.0,15.986
2026-05-19 10:25:00-04:00,15.96,16.01,15.92,16.0,26137.0,15.959
2026-05-19 10:26:00-04:00,15.99,16.05,15.99,16.01,15604.0,16.019
2026-05-19 10:27:00-04:00,16.0,16.02,15.96,16.02,81049.0,15.983
2026-05-19 10:28:00-04:00,16.02,16.06,16.0,16.04,13441.0,16.037
2026-05-19 10:29:00-04:00,16.03,16.05,16.0,16.01,33161.0,16.024
2026-05-19 10:30:00-04:00,16.01,16.05,15.99,16.02,23621.0,16.02
2026-05-19 10:31:00-04:00,16.04,16.05,16.0,16.05,12305.0,16.039
2026-05-19 10:32:00-04:00,16.06,16.08,16.05,16.06,5045.0,16.067
2026-05-19 10:33:00-04:00,16.06,16.07,16.04,16.06,7936.0,16.059
2026-05-19 10:34:00-04:00,16.04,16.04,15.99,16.0,18484.0,16.012
2026-05-19 10:35:00-04:00,16.0,16.01,15.98,16.0,11370.0,15.992
2026-05-19 10:36:00-04:00,16.01,16.02,16.0,16.0,3542.0,16.006
2026-05-19 10:37:00-04:00,16.01,16.01,15.97,16.01,9700.0,15.988
2026-05-19 10:38:00-04:00,16.01,16.07,16.01,16.07,51296.0,16.036
2026-05-19 10:39:00-04:00,16.07,16.07,16.03,16.03,13209.0,16.038
2026-05-19 10:40:00-04:00,16.03,16.1,16.0,16.1,23836.0,16.045
2026-05-19 10:41:00-04:00,16.1,16.15,16.1,16.14,11162.0,16.111
2026-05-19 10:42:00-04:00,16.14,16.19,16.11,16.11,23746.0,16.15
2026-05-19 10:43:00-04:00,16.12,16.13,16.1,16.12,15914.0,16.12
2026-05-19 10:44:00-04:00,16.12,16.12,16.03,16.04,7048.0,16.074
2026-05-19 10:45:00-04:00,16.03,16.05,15.96,15.96,19127.0,15.997
2026-05-19 10:46:00-04:00,15.96,16.02,15.96,16.02,9797.0,15.98
2026-05-19 10:47:00-04:00,16.0,16.02,15.96,15.96,28125.0,15.989
2026-05-19 10:48:00-04:00,15.96,15.99,15.95,15.96,11682.0,15.969
2026-05-19 10:49:00-04:00,15.95,16.01,15.94,15.95,23439.0,15.976
2026-05-19 10:50:00-04:00,15.96,15.96,15.91,15.91,6954.0,15.938
2026-05-19 10:51:00-04:00,15.91,15.92,15.79,15.82,56205.0,15.861
2026-05-19 10:52:00-04:00,15.83,15.85,15.81,15.81,2840.0,15.824
2026-05-19 10:53:00-04:00,15.8,15.8,15.76,15.77,14589.0,15.781
2026-05-19 10:54:00-04:00,15.77,15.8,15.76,15.77,12582.0,15.776
2026-05-19 10:55:00-04:00,15.77,15.81,15.76,15.76,15709.0,15.791
2026-05-19 10:56:00-04:00,15.76,15.82,15.76,15.77,15646.0,15.794
2026-05-19 10:57:00-04:00,15.78,15.85,15.78,15.84,17244.0,15.812
2026-05-19 10:58:00-04:00,15.84,15.9,15.79,15.83,43285.0,15.852
2026-05-19 10:59:00-04:00,15.82,15.84,15.81,15.84,6221.0,15.828
2026-05-19 11:00:00-04:00,15.84,15.84,15.82,15.84,6788.0,15.834
2026-05-19 11:01:00-04:00,15.84,15.87,15.8,15.8,7638.0,15.837
2026-05-19 11:02:00-04:00,15.8,15.81,15.75,15.77,27595.0,15.766
2026-05-19 11:03:00-04:00,15.77,15.81,15.77,15.79,8015.0,15.787
2026-05-19 11:04:00-04:00,15.8,15.82,15.8,15.8,3280.0,15.805
2026-05-19 11:05:00-04:00,15.8,15.81,15.77,15.77,3685.0,15.803
2026-05-19 11:06:00-04:00,15.78,15.78,15.73,15.75,22317.0,15.757
2026-05-19 11:07:00-04:00,15.75,15.75,15.74,15.74,4985.0,15.747
2026-05-19 11:08:00-04:00,15.74,15.76,15.71,15.74,25878.0,15.721
2026-05-19 11:09:00-04:00,15.75,15.8,15.75,15.79,17126.0,15.763
2026-05-19 11:10:00-04:00,15.78,15.8,15.77,15.78,4294.0,15.78
2026-05-19 11:11:00-04:00,15.77,15.8,15.77,15.79,6916.0,15.789
2026-05-19 11:12:00-04:00,15.81,15.82,15.81,15.81,1260.0,15.818
2026-05-19 11:13:00-04:00,15.81,15.85,15.79,15.83,8731.0,15.81
2026-05-19 11:14:00-04:00,15.84,15.86,15.82,15.83,4310.0,15.844
2026-05-19 11:15:00-04:00,15.83,15.83,15.81,15.81,3642.0,15.814
2026-05-19 11:16:00-04:00,15.8,15.81,15.74,15.75,5841.0,15.773
2026-05-19 11:17:00-04:00,15.75,15.75,15.73,15.74,6313.0,15.742
2026-05-19 11:18:00-04:00,15.74,15.76,15.72,15.75,7654.0,15.742
2026-05-19 11:19:00-04:00,15.75,15.75,15.66,15.66,22091.0,15.71
2026-05-19 11:20:00-04:00,15.66,15.67,15.63,15.63,6488.0,15.654
2026-05-19 11:21:00-04:00,15.64,15.64,15.63,15.64,12793.0,15.635
2026-05-19 11:22:00-04:00,15.65,15.67,15.64,15.66,6824.0,15.656
2026-05-19 11:23:00-04:00,15.65,15.66,15.56,15.56,45245.0,15.608
2026-05-19 11:24:00-04:00,15.56,15.57,15.54,15.54,5130.0,15.563
2026-05-19 11:25:00-04:00,15.54,15.65,15.54,15.65,11520.0,15.59
2026-05-19 11:26:00-04:00,15.65,15.69,15.65,15.66,8130.0,15.667
2026-05-19 11:27:00-04:00,15.67,15.75,15.67,15.75,13425.0,15.7
2026-05-19 11:28:00-04:00,15.74,15.74,15.71,15.72,3491.0,15.727
2026-05-19 11:29:00-04:00,15.71,15.73,15.71,15.73,6363.0,15.729
2026-05-19 11:30:00-04:00,15.72,15.74,15.71,15.74,2587.0,15.73
2026-05-19 11:31:00-04:00,15.74,15.79,15.73,15.79,19255.0,15.755
2026-05-19 11:32:00-04:00,15.79,15.79,15.76,15.78,6159.0,15.779
2026-05-19 11:33:00-04:00,15.77,15.79,15.76,15.76,4921.0,15.77
2026-05-19 11:34:00-04:00,15.76,15.77,15.75,15.75,4974.0,15.751
2026-05-19 11:35:00-04:00,15.74,15.75,15.74,15.74,2350.0,15.748
2026-05-19 11:36:00-04:00,15.75,15.76,15.75,15.75,908.0,15.752
2026-05-19 11:37:00-04:00,15.75,15.77,15.75,15.76,2666.0,15.76
2026-05-19 11:38:00-04:00,15.77,15.77,15.75,15.76,16112.0,15.76
2026-05-19 11:39:00-04:00,15.76,15.78,15.75,15.76,9121.0,15.77
2026-05-19 11:40:00-04:00,15.75,15.79,15.75,15.78,10707.0,15.778
2026-05-19 11:41:00-04:00,15.78,15.79,15.77,15.77,4740.0,15.776
2026-05-19 11:42:00-04:00,15.78,15.79,15.76,15.76,2386.0,15.771
2026-05-19 11:43:00-04:00,15.76,15.77,15.75,15.75,2240.0,15.753
2026-05-19 11:44:00-04:00,15.74,15.74,15.72,15.73,8288.0,15.734
2026-05-19 11:45:00-04:00,15.74,15.76,15.74,15.74,4325.0,15.747
2026-05-19 11:46:00-04:00,15.74,15.75,15.72,15.72,1342.0,15.735
2026-05-19 11:47:00-04:00,15.73,15.73,15.72,15.72,426.0,15.729
2026-05-19 11:48:00-04:00,15.72,15.73,15.7,15.71,3404.0,15.716
2026-05-19 11:49:00-04:00,15.71,15.73,15.7,15.71,9819.0,15.719
2026-05-19 11:50:00-04:00,15.7,15.7,15.67,15.68,4413.0,15.688
2026-05-19 11:51:00-04:00,15.68,15.68,15.63,15.63,6958.0,15.66
2026-05-19 11:52:00-04:00,15.63,15.64,15.62,15.63,5726.0,15.633
2026-05-19 11:53:00-04:00,15.64,15.64,15.62,15.62,6331.0,15.636
2026-05-19 11:54:00-04:00,15.61,15.62,15.57,15.57,1741.0,15.596
2026-05-19 11:55:00-04:00,15.56,15.61,15.55,15.58,15254.0,15.581
2026-05-19 11:56:00-04:00,15.59,15.59,15.58,15.59,6494.0,15.582
2026-05-19 11:57:00-04:00,15.6,15.64,15.6,15.63,2215.0,15.627
2026-05-19 11:58:00-04:00,15.63,15.66,15.63,15.66,16275.0,15.646
2026-05-19 11:59:00-04:00,15.66,15.68,15.65,15.66,4694.0,15.665
2026-05-19 12:00:00-04:00,15.66,15.68,15.65,15.67,2925.0,15.661
2026-05-19 12:01:00-04:00,15.67,15.7,15.67,15.69,9328.0,15.689
2026-05-19 12:02:00-04:00,15.7,15.73,15.7,15.71,6710.0,15.714
2026-05-19 12:03:00-04:00,15.71,15.74,15.71,15.73,3740.0,15.725
2026-05-19 12:04:00-04:00,15.73,15.74,15.71,15.72,1500.0,15.727
2026-05-19 12:05:00-04:00,15.71,15.72,15.7,15.7,1606.0,15.708
2026-05-19 12:06:00-04:00,15.71,15.71,15.64,15.65,7974.0,15.675
2026-05-19 12:07:00-04:00,15.66,15.68,15.66,15.68,2252.0,15.667
2026-05-19 12:08:00-04:00,15.68,15.69,15.67,15.67,2757.0,15.681
2026-05-19 12:09:00-04:00,15.67,15.68,15.63,15.63,8606.0,15.666
2026-05-19 12:10:00-04:00,15.63,15.64,15.62,15.64,5779.0,15.629
2026-05-19 12:11:00-04:00,15.64,15.66,15.64,15.64,5492.0,15.645
2026-05-19 12:12:00-04:00,15.64,15.67,15.63,15.66,1555.0,15.655
2026-05-19 12:13:00-04:00,15.66,15.67,15.65,15.66,1126.0,15.66
2026-05-19 12:14:00-04:00,15.66,15.68,15.66,15.68,2640.0,15.673
2026-05-19 12:15:00-04:00,15.69,15.72,15.69,15.69,2862.0,15.699
2026-05-19 12:16:00-04:00,15.69,15.7,15.67,15.67,2414.0,15.686
2026-05-19 12:17:00-04:00,15.68,15.7,15.67,15.69,3358.0,15.685
2026-05-19 12:18:00-04:00,15.69,15.71,15.69,15.71,3400.0,15.703
2026-05-19 12:19:00-04:00,15.71,15.71,15.69,15.69,1987.0,15.699
2026-05-19 12:20:00-04:00,15.7,15.71,15.69,15.7,8445.0,15.699
2026-05-19 12:21:00-04:00,15.7,15.7,15.67,15.67,1300.0,15.692
2026-05-19 12:22:00-04:00,15.67,15.68,15.65,15.66,4644.0,15.662
2026-05-19 12:23:00-04:00,15.66,15.67,15.66,15.67,2400.0,15.664
2026-05-19 12:24:00-04:00,15.66,15.69,15.66,15.68,2083.0,15.674
2026-05-19 12:25:00-04:00,15.69,15.71,15.69,15.69,2119.0,15.694
2026-05-19 12:26:00-04:00,15.7,15.71,15.7,15.71,1400.0,15.702
2026-05-19 12:27:00-04:00,15.7,15.7,15.66,15.66,5042.0,15.676
2026-05-19 12:28:00-04:00,15.66,15.66,15.66,15.66,700.0,15.66
2026-05-19 12:29:00-04:00,15.65,15.66,15.64,15.65,11606.0,15.645
2026-05-19 12:30:00-04:00,15.65,15.66,15.63,15.63,9042.0,15.651
2026-05-19 12:31:00-04:00,15.64,15.66,15.64,15.65,6181.0,15.65
2026-05-19 12:32:00-04:00,15.65,15.67,15.65,15.65,2760.0,15.656
2026-05-19 12:33:00-04:00,15.65,15.67,15.63,15.64,8615.0,15.656
2026-05-19 12:34:00-04:00,15.64,15.65,15.62,15.64,11501.0,15.643
2026-05-19 12:35:00-04:00,15.65,15.66,15.64,15.65,3712.0,15.646
2026-05-19 12:36:00-04:00,15.65,15.66,15.65,15.65,3040.0,15.653
2026-05-19 12:37:00-04:00,15.65,15.66,15.64,15.64,4058.0,15.654
2026-05-19 12:38:00-04:00,15.65,15.65,15.64,15.65,12176.0,15.642
2026-05-19 12:39:00-04:00,15.65,15.66,15.62,15.64,10515.0,15.639
2026-05-19 12:40:00-04:00,15.65,15.65,15.64,15.64,650.0,15.648
2026-05-19 12:41:00-04:00,15.65,15.66,15.65,15.66,1228.0,15.651
2026-05-19 12:42:00-04:00,15.65,15.66,15.64,15.65,2675.0,15.654
2026-05-19 12:43:00-04:00,15.66,15.66,15.65,15.65,300.0,15.658
2026-05-19 12:44:00-04:00,15.65,15.65,15.63,15.64,3804.0,15.64
2026-05-19 12:45:00-04:00,15.64,15.64,15.63,15.63,200.0,15.635
2026-05-19 12:46:00-04:00,15.63,15.63,15.62,15.63,1426.0,15.626
2026-05-19 12:47:00-04:00,15.63,15.63,15.58,15.62,23423.0,15.61
2026-05-19 12:48:00-04:00,15.63,15.63,15.61,15.62,1940.0,15.621
2026-05-19 12:49:00-04:00,15.62,15.64,15.62,15.63,5321.0,15.624
2026-05-19 12:50:00-04:00,15.63,15.63,15.62,15.62,1240.0,15.622
2026-05-19 12:51:00-04:00,15.62,15.67,15.62,15.66,3836.0,15.634
2026-05-19 12:52:00-04:00,15.67,15.7,15.63,15.64,16873.0,15.667
2026-05-19 12:53:00-04:00,15.65,15.65,15.65,15.65,940.0,15.65
2026-05-19 12:54:00-04:00,15.65,15.68,15.65,15.67,24646.0,15.672
2026-05-19 12:55:00-04:00,15.67,15.68,15.66,15.67,2520.0,15.669
2026-05-19 12:56:00-04:00,15.67,15.67,15.64,15.64,6080.0,15.647
2026-05-19 12:57:00-04:00,15.64,15.65,15.62,15.63,2584.0,15.643
2026-05-19 12:58:00-04:00,15.63,15.63,15.62,15.62,526.0,15.621
2026-05-19 12:59:00-04:00,15.63,15.66,15.61,15.62,6313.0,15.634
2026-05-19 13:00:00-04:00,15.62,15.65,15.62,15.63,5133.0,15.634
2026-05-19 13:01:00-04:00,15.63,15.63,15.62,15.63,572.0,15.628
2026-05-19 13:02:00-04:00,15.63,15.66,15.63,15.66,3584.0,15.64
2026-05-19 13:03:00-04:00,15.66,15.66,15.65,15.65,5038.0,15.651
2026-05-19 13:04:00-04:00,15.65,15.66,15.65,15.65,1336.0,15.655
2026-05-19 13:05:00-04:00,15.65,15.67,15.65,15.66,7605.0,15.66
2026-05-19 13:06:00-04:00,15.66,15.67,15.63,15.63,6125.0,15.658
2026-05-19 13:07:00-04:00,15.64,15.72,15.64,15.7,12921.0,15.677
2026-05-19 13:08:00-04:00,15.7,15.71,15.68,15.68,3684.0,15.699
2026-05-19 13:09:00-04:00,15.69,15.72,15.69,15.71,7850.0,15.699
2026-05-19 13:10:00-04:00,15.71,15.71,15.7,15.7,3279.0,15.706
2026-05-19 13:11:00-04:00,15.69,15.71,15.69,15.71,2722.0,15.698
2026-05-19 13:12:00-04:00,15.7,15.71,15.7,15.71,5797.0,15.707
2026-05-19 13:13:00-04:00,15.71,15.71,15.7,15.7,4290.0,15.702
2026-05-19 13:14:00-04:00,15.71,15.71,15.69,15.7,4929.0,15.7
2026-05-19 13:15:00-04:00,15.71,15.73,15.7,15.7,3841.0,15.718
2026-05-19 13:16:00-04:00,15.72,15.73,15.72,15.72,1914.0,15.722
2026-05-19 13:17:00-04:00,15.73,15.74,15.72,15.74,2974.0,15.734
2026-05-19 13:18:00-04:00,15.73,15.73,15.69,15.7,3407.0,15.713
2026-05-19 13:19:00-04:00,15.7,15.71,15.7,15.7,2854.0,15.705
2026-05-19 13:20:00-04:00,15.71,15.72,15.71,15.72,400.0,15.713
2026-05-19 13:21:00-04:00,15.72,15.73,15.72,15.72,274.0,15.725
2026-05-19 13:22:00-04:00,15.72,15.75,15.72,15.73,3923.0,15.735
2026-05-19 13:23:00-04:00,15.73,15.74,15.73,15.74,300.0,15.738
2026-05-19 13:24:00-04:00,15.73,15.76,15.73,15.75,1678.0,15.748
2026-05-19 13:25:00-04:00,15.75,15.75,15.73,15.74,3214.0,15.738
2026-05-19 13:26:00-04:00,15.73,15.73,15.73,15.73,2156.0,15.73
2026-05-19 13:27:00-04:00,15.72,15.75,15.72,15.74,5303.0,15.731
2026-05-19 13:28:00-04:00,15.74,15.75,15.74,15.74,2500.0,15.745
2026-05-19 13:29:00-04:00,15.75,15.75,15.74,15.74,1865.0,15.748
2026-05-19 13:30:00-04:00,15.74,15.76,15.74,15.75,6701.0,15.744
2026-05-19 13:31:00-04:00,15.75,15.76,15.7,15.72,8266.0,15.727
2026-05-19 13:32:00-04:00,15.72,15.72,15.71,15.72,3480.0,15.718
2026-05-19 13:33:00-04:00,15.71,15.71,15.65,15.65,30841.0,15.685
2026-05-19 13:34:00-04:00,15.64,15.64,15.6,15.61,4145.0,15.622
2026-05-19 13:35:00-04:00,15.61,15.64,15.6,15.63,5145.0,15.613
2026-05-19 13:36:00-04:00,15.64,15.64,15.64,15.64,100.0,15.64
2026-05-19 13:37:00-04:00,15.63,15.64,15.6,15.61,12340.0,15.609
2026-05-19 13:38:00-04:00,15.61,15.62,15.61,15.61,1409.0,15.611
2026-05-19 13:39:00-04:00,15.61,15.61,15.58,15.59,6454.0,15.6
2026-05-19 13:40:00-04:00,15.6,15.6,15.57,15.57,15440.0,15.577
2026-05-19 13:41:00-04:00,15.58,15.58,15.57,15.57,2450.0,15.576
2026-05-19 13:42:00-04:00,15.56,15.57,15.55,15.56,10147.0,15.558
2026-05-19 13:43:00-04:00,15.56,15.58,15.56,15.57,3476.0,15.568
2026-05-19 13:44:00-04:00,15.58,15.58,15.58,15.58,700.0,15.58
2026-05-19 13:45:00-04:00,15.58,15.61,15.57,15.6,23636.0,15.587
2026-05-19 13:46:00-04:00,15.59,15.6,15.52,15.53,13244.0,15.54
2026-05-19 13:47:00-04:00,15.52,15.54,15.5,15.53,19956.0,15.508
2026-05-19 13:48:00-04:00,15.53,15.54,15.52,15.54,2960.0,15.53
2026-05-19 13:49:00-04:00,15.54,15.54,15.49,15.52,17703.0,15.502
2026-05-19 13:50:00-04:00,15.51,15.52,15.5,15.5,2922.0,15.514
2026-05-19 13:51:00-04:00,15.5,15.5,15.48,15.48,1492.0,15.494
2026-05-19 13:52:00-04:00,15.47,15.49,15.46,15.48,7179.0,15.483
2026-05-19 13:53:00-04:00,15.48,15.5,15.44,15.44,4292.0,15.472
2026-05-19 13:54:00-04:00,15.45,15.45,15.42,15.44,15059.0,15.44
2026-05-19 13:55:00-04:00,15.45,15.51,15.45,15.5,4162.0,15.48
2026-05-19 13:56:00-04:00,15.5,15.51,15.48,15.49,3943.0,15.495
2026-05-19 13:57:00-04:00,15.49,15.5,15.46,15.47,2545.0,15.483
2026-05-19 13:58:00-04:00,15.47,15.47,15.46,15.47,2220.0,15.469
2026-05-19 13:59:00-04:00,15.47,15.49,15.47,15.49,2709.0,15.481
2026-05-19 14:00:00-04:00,15.5,15.51,15.5,15.5,6977.0,15.5
2026-05-19 14:01:00-04:00,15.51,15.51,15.49,15.49,4793.0,15.502
2026-05-19 14:02:00-04:00,15.5,15.5,15.49,15.5,1231.0,15.499
2026-05-19 14:03:00-04:00,15.5,15.5,15.49,15.49,2870.0,15.499
2026-05-19 14:04:00-04:00,15.49,15.49,15.48,15.48,1355.0,15.485
2026-05-19 14:05:00-04:00,15.48,15.49,15.45,15.47,28556.0,15.462
2026-05-19 14:06:00-04:00,15.46,15.47,15.46,15.46,864.0,15.462
2026-05-19 14:07:00-04:00,15.46,15.47,15.45,15.45,3889.0,15.458
2026-05-19 14:08:00-04:00,15.45,15.46,15.42,15.43,8696.0,15.444
2026-05-19 14:09:00-04:00,15.44,15.46,15.44,15.45,7802.0,15.447
2026-05-19 14:10:00-04:00,15.46,15.48,15.44,15.48,3097.0,15.457
2026-05-19 14:11:00-04:00,15.48,15.48,15.44,15.44,3674.0,15.461
2026-05-19 14:12:00-04:00,15.44,15.45,15.41,15.44,22182.0,15.426
2026-05-19 14:13:00-04:00,15.44,15.45,15.44,15.44,1700.0,15.445
2026-05-19 14:14:00-04:00,15.44,15.44,15.43,15.43,4088.0,15.431
2026-05-19 14:15:00-04:00,15.43,15.44,15.43,15.44,2361.0,15.437
2026-05-19 14:16:00-04:00,15.44,15.48,15.44,15.47,8155.0,15.462
2026-05-19 14:17:00-04:00,15.47,15.5,15.47,15.5,4589.0,15.481
2026-05-19 14:18:00-04:00,15.5,15.51,15.47,15.47,4141.0,15.491
2026-05-19 14:19:00-04:00,15.48,15.49,15.48,15.48,2108.0,15.483
2026-05-19 14:20:00-04:00,15.48,15.49,15.46,15.46,1509.0,15.475
2026-05-19 14:21:00-04:00,15.46,15.48,15.46,15.48,4748.0,15.474
2026-05-19 14:22:00-04:00,15.47,15.48,15.47,15.48,6485.0,15.472
2026-05-19 14:23:00-04:00,15.47,15.49,15.45,15.46,8222.0,15.478
2026-05-19 14:24:00-04:00,15.46,15.47,15.43,15.43,3067.0,15.445
2026-05-19 14:25:00-04:00,15.42,15.44,15.42,15.43,5780.0,15.431
2026-05-19 14:26:00-04:00,15.42,15.44,15.41,15.44,3435.0,15.428
2026-05-19 14:27:00-04:00,15.44,15.45,15.43,15.44,1440.0,15.441
2026-05-19 14:28:00-04:00,15.43,15.45,15.42,15.45,3533.0,15.438
2026-05-19 14:29:00-04:00,15.46,15.48,15.46,15.47,2730.0,15.469
2026-05-19 14:30:00-04:00,15.47,15.47,15.44,15.44,3402.0,15.456
2026-05-19 14:31:00-04:00,15.45,15.47,15.44,15.47,4337.0,15.454
2026-05-19 14:32:00-04:00,15.47,15.48,15.47,15.48,3100.0,15.477
2026-05-19 14:33:00-04:00,15.49,15.54,15.49,15.53,9585.0,15.514
2026-05-19 14:34:00-04:00,15.54,15.54,15.53,15.54,2297.0,15.536
2026-05-19 14:35:00-04:00,15.54,15.55,15.54,15.54,800.0,15.541
2026-05-19 14:36:00-04:00,15.54,15.55,15.51,15.52,16147.0,15.528
2026-05-19 14:37:00-04:00,15.51,15.52,15.5,15.51,8584.0,15.514
2026-05-19 14:38:00-04:00,15.5,15.51,15.49,15.5,4565.0,15.494
2026-05-19 14:39:00-04:00,15.5,15.5,15.48,15.48,1393.0,15.49
2026-05-19 14:40:00-04:00,15.47,15.47,15.45,15.45,3145.0,15.458
2026-05-19 14:41:00-04:00,15.44,15.47,15.41,15.47,16468.0,15.446
2026-05-19 14:42:00-04:00,15.47,15.47,15.46,15.47,800.0,15.465
2026-05-19 14:43:00-04:00,15.48,15.49,15.48,15.48,5380.0,15.486
2026-05-19 14:44:00-04:00,15.49,15.49,15.47,15.48,3515.0,15.481
2026-05-19 14:45:00-04:00,15.49,15.49,15.45,15.46,2034.0,15.466
2026-05-19 14:46:00-04:00,15.45,15.46,15.45,15.46,2964.0,15.453
2026-05-19 14:47:00-04:00,15.46,15.46,15.44,15.44,1410.0,15.455
2026-05-19 14:48:00-04:00,15.44,15.45,15.44,15.45,400.0,15.446
2026-05-19 14:49:00-04:00,15.45,15.46,15.43,15.43,7257.0,15.45
2026-05-19 14:50:00-04:00,15.43,15.43,15.41,15.41,11954.0,15.427
2026-05-19 14:51:00-04:00,15.41,15.41,15.37,15.38,22033.0,15.39
2026-05-19 14:52:00-04:00,15.37,15.38,15.34,15.34,5553.0,15.359
2026-05-19 14:53:00-04:00,15.34,15.35,15.33,15.34,8234.0,15.337
2026-05-19 14:54:00-04:00,15.34,15.37,15.34,15.36,18112.0,15.356
2026-05-19 14:55:00-04:00,15.35,15.36,15.34,15.36,3347.0,15.356
2026-05-19 14:56:00-04:00,15.36,15.37,15.35,15.35,3078.0,15.368
2026-05-19 14:57:00-04:00,15.34,15.36,15.34,15.36,2565.0,15.35
2026-05-19 14:58:00-04:00,15.36,15.38,15.36,15.38,2739.0,15.376
2026-05-19 14:59:00-04:00,15.37,15.39,15.37,15.38,1602.0,15.375
2026-05-19 15:00:00-04:00,15.38,15.42,15.38,15.41,11497.0,15.408
2026-05-19 15:01:00-04:00,15.42,15.44,15.4,15.42,6608.0,15.418
2026-05-19 15:02:00-04:00,15.42,15.43,15.42,15.42,4983.0,15.421
2026-05-19 15:03:00-04:00,15.41,15.42,15.4,15.41,5151.0,15.413
2026-05-19 15:04:00-04:00,15.41,15.42,15.39,15.4,3950.0,15.404
2026-05-19 15:05:00-04:00,15.4,15.41,15.39,15.39,1324.0,15.4
2026-05-19 15:06:00-04:00,15.39,15.4,15.37,15.37,4849.0,15.377
2026-05-19 15:07:00-04:00,15.37,15.38,15.37,15.38,2084.0,15.372
2026-05-19 15:08:00-04:00,15.38,15.4,15.37,15.4,5858.0,15.386
2026-05-19 15:09:00-04:00,15.4,15.44,15.4,15.43,4827.0,15.417
2026-05-19 15:10:00-04:00,15.44,15.5,15.44,15.49,17644.0,15.464
2026-05-19 15:11:00-04:00,15.49,15.5,15.47,15.47,8037.0,15.484
2026-05-19 15:12:00-04:00,15.46,15.47,15.42,15.42,15210.0,15.433
2026-05-19 15:13:00-04:00,15.42,15.43,15.35,15.35,15708.0,15.398
2026-05-19 15:14:00-04:00,15.35,15.39,15.35,15.38,11131.0,15.369
2026-05-19 15:15:00-04:00,15.37,15.38,15.36,15.36,4305.0,15.368
2026-05-19 15:16:00-04:00,15.36,15.37,15.35,15.35,5271.0,15.358
2026-05-19 15:17:00-04:00,15.35,15.35,15.32,15.32,3756.0,15.338
2026-05-19 15:18:00-04:00,15.33,15.34,15.31,15.32,8508.0,15.33
2026-05-19 15:19:00-04:00,15.31,15.35,15.31,15.33,14046.0,15.328
2026-05-19 15:20:00-04:00,15.33,15.34,15.33,15.33,10082.0,15.335
2026-05-19 15:21:00-04:00,15.33,15.34,15.31,15.32,14001.0,15.329
2026-05-19 15:22:00-04:00,15.32,15.32,15.3,15.31,8616.0,15.312
2026-05-19 15:23:00-04:00,15.31,15.32,15.26,15.27,28761.0,15.291
2026-05-19 15:24:00-04:00,15.27,15.28,15.25,15.25,5650.0,15.261
2026-05-19 15:25:00-04:00,15.25,15.25,15.23,15.23,13041.0,15.244
2026-05-19 15:26:00-04:00,15.23,15.25,15.21,15.22,17235.0,15.231
2026-05-19 15:27:00-04:00,15.22,15.29,15.21,15.29,26636.0,15.244
2026-05-19 15:28:00-04:00,15.3,15.31,15.28,15.3,11667.0,15.3
2026-05-19 15:29:00-04:00,15.3,15.33,15.28,15.29,10726.0,15.303
2026-05-19 15:30:00-04:00,15.29,15.3,15.2,15.21,14664.0,15.241
2026-05-19 15:31:00-04:00,15.21,15.22,15.19,15.2,19845.0,15.205
2026-05-19 15:32:00-04:00,15.19,15.2,15.18,15.19,15755.0,15.19
2026-05-19 15:33:00-04:00,15.2,15.2,15.16,15.19,25395.0,15.185
2026-05-19 15:34:00-04:00,15.19,15.19,15.17,15.18,8046.0,15.179
2026-05-19 15:35:00-04:00,15.19,15.19,15.17,15.17,13964.0,15.183
2026-05-19 15:36:00-04:00,15.17,15.2,15.16,15.19,14794.0,15.18
2026-05-19 15:37:00-04:00,15.18,15.19,15.14,15.15,19539.0,15.163
2026-05-19 15:38:00-04:00,15.15,15.17,15.14,15.14,11047.0,15.156
2026-05-19 15:39:00-04:00,15.15,15.17,15.14,15.16,14201.0,15.157
2026-05-19 15:40:00-04:00,15.16,15.16,15.12,15.13,16444.0,15.131
2026-05-19 15:41:00-04:00,15.13,15.13,15.11,15.13,8974.0,15.122
2026-05-19 15:42:00-04:00,15.13,15.13,15.12,15.13,5722.0,15.124
2026-05-19 15:43:00-04:00,15.12,15.13,15.11,15.11,9878.0,15.123
2026-05-19 15:44:00-04:00,15.11,15.12,15.1,15.11,17585.0,15.111
2026-05-19 15:45:00-04:00,15.11,15.14,15.11,15.13,19734.0,15.127
2026-05-19 15:46:00-04:00,15.13,15.17,15.12,15.16,22157.0,15.138
2026-05-19 15:47:00-04:00,15.16,15.16,15.12,15.13,8410.0,15.14
2026-05-19 15:48:00-04:00,15.13,15.14,15.12,15.13,6561.0,15.134
2026-05-19 15:49:00-04:00,15.13,15.17,15.13,15.15,28080.0,15.152
2026-05-19 15:50:00-04:00,15.15,15.18,15.14,15.17,33071.0,15.163
2026-05-19 15:51:00-04:00,15.16,15.17,15.12,15.12,25178.0,15.14
2026-05-19 15:52:00-04:00,15.12,15.17,15.11,15.17,43164.0,15.132
2026-05-19 15:53:00-04:00,15.17,15.23,15.16,15.2,33492.0,15.2
2026-05-19 15:54:00-04:00,15.19,15.2,15.18,15.19,17190.0,15.193
2026-05-19 15:55:00-04:00,15.19,15.24,15.17,15.24,53047.0,15.199
2026-05-19 15:56:00-04:00,15.24,15.26,15.22,15.25,41688.0,15.247
2026-05-19 15:57:00-04:00,15.25,15.26,15.2,15.21,38465.0,15.222
2026-05-19 15:58:00-04:00,15.21,15.21,15.17,15.17,49199.0,15.199
2026-05-19 15:59:00-04:00,15.17,15.2,15.13,15.14,116661.0,15.171
2026-05-20 09:30:00-04:00,15.22,15.4,15.18,15.37,95440.0,15.204
2026-05-20 09:31:00-04:00,15.32,15.33,15.19,15.21,28847.0,15.245
2026-05-20 09:32:00-04:00,15.17,15.26,15.17,15.25,2319.0,15.226
2026-05-20 09:33:00-04:00,15.27,15.27,15.03,15.05,35436.0,15.133
2026-05-20 09:34:00-04:00,15.05,15.06,14.93,14.98,31403.0,14.987
2026-05-20 09:35:00-04:00,14.96,14.96,14.83,14.87,27830.0,14.873
2026-05-20 09:36:00-04:00,14.85,14.97,14.85,14.92,17362.0,14.889
2026-05-20 09:37:00-04:00,14.92,15.06,14.9,15.05,11894.0,14.962
2026-05-20 09:38:00-04:00,15.08,15.08,14.99,15.03,4474.0,15.028
2026-05-20 09:39:00-04:00,15.04,15.11,15.04,15.06,9750.0,15.061
2026-05-20 09:40:00-04:00,15.05,15.14,15.05,15.13,18556.0,15.103
2026-05-20 09:41:00-04:00,15.13,15.2,15.12,15.17,16638.0,15.166
2026-05-20 09:42:00-04:00,15.17,15.17,15.06,15.07,20619.0,15.089
2026-05-20 09:43:00-04:00,15.07,15.1,15.0,15.0,15963.0,15.052
2026-05-20 09:44:00-04:00,15.03,15.08,14.99,14.99,26041.0,15.03
2026-05-20 09:45:00-04:00,15.02,15.1,14.99,15.08,23918.0,15.074
2026-05-20 09:46:00-04:00,15.13,15.3,15.13,15.3,7641.0,15.172
2026-05-20 09:47:00-04:00,15.27,15.31,15.21,15.21,10029.0,15.263
2026-05-20 09:48:00-04:00,15.23,15.29,15.23,15.29,7943.0,15.276
2026-05-20 09:49:00-04:00,15.28,15.29,15.23,15.29,4371.0,15.257
2026-05-20 09:50:00-04:00,15.28,15.29,15.23,15.28,4691.0,15.274
2026-05-20 09:51:00-04:00,15.25,15.28,15.22,15.28,7036.0,15.243
2026-05-20 09:52:00-04:00,15.28,15.31,15.27,15.29,4286.0,15.288
2026-05-20 09:53:00-04:00,15.29,15.29,15.24,15.27,6708.0,15.27
2026-05-20 09:54:00-04:00,15.27,15.31,15.27,15.31,2800.0,15.293
2026-05-20 09:55:00-04:00,15.34,15.38,15.32,15.32,5360.0,15.361
2026-05-20 09:56:00-04:00,15.32,15.34,15.28,15.33,7814.0,15.306
2026-05-20 09:57:00-04:00,15.29,15.3,15.27,15.29,3063.0,15.286
2026-05-20 09:58:00-04:00,15.3,15.42,15.3,15.42,8288.0,15.36
2026-05-20 09:59:00-04:00,15.4,15.42,15.35,15.37,15094.0,15.385
2026-05-20 10:00:00-04:00,15.4,15.48,15.39,15.45,14087.0,15.421
2026-05-20 10:01:00-04:00,15.46,15.57,15.46,15.54,18048.0,15.503
2026-05-20 10:02:00-04:00,15.54,15.67,15.54,15.67,30177.0,15.63
2026-05-20 10:03:00-04:00,15.69,15.76,15.69,15.76,19146.0,15.733
2026-05-20 10:04:00-04:00,15.75,15.77,15.73,15.75,18832.0,15.751
2026-05-20 10:05:00-04:00,15.75,15.76,15.6,15.6,77605.0,15.719
2026-05-20 10:06:00-04:00,15.59,15.64,15.59,15.63,18024.0,15.62
2026-05-20 10:07:00-04:00,15.64,15.65,15.56,15.56,13878.0,15.608
2026-05-20 10:08:00-04:00,15.56,15.6,15.55,15.56,8593.0,15.574
2026-05-20 10:09:00-04:00,15.57,15.59,15.51,15.52,12065.0,15.552
2026-05-20 10:10:00-04:00,15.52,15.59,15.51,15.54,9860.0,15.545
2026-05-20 10:11:00-04:00,15.54,15.54,15.52,15.52,6735.0,15.529
2026-05-20 10:12:00-04:00,15.53,15.55,15.51,15.53,3110.0,15.532
2026-05-20 10:13:00-04:00,15.54,15.56,15.5,15.54,61530.0,15.538
2026-05-20 10:14:00-04:00,15.54,15.56,15.5,15.53,37024.0,15.543
2026-05-20 10:15:00-04:00,15.54,15.72,15.51,15.68,70306.0,15.637
2026-05-20 10:16:00-04:00,15.7,15.84,15.68,15.84,66559.0,15.751
2026-05-20 10:17:00-04:00,15.84,15.88,15.72,15.74,36031.0,15.807
2026-05-20 10:18:00-04:00,15.73,15.82,15.72,15.72,17887.0,15.776
2026-05-20 10:19:00-04:00,15.72,15.75,15.68,15.7,47537.0,15.726
2026-05-20 10:20:00-04:00,15.69,15.79,15.68,15.73,35191.0,15.739
2026-05-20 10:21:00-04:00,15.71,15.71,15.63,15.64,10216.0,15.682
2026-05-20 10:22:00-04:00,15.65,15.69,15.65,15.67,7307.0,15.671
2026-05-20 10:23:00-04:00,15.66,15.7,15.63,15.7,13120.0,15.661
2026-05-20 10:24:00-04:00,15.71,15.75,15.65,15.69,21658.0,15.707
2026-05-20 10:25:00-04:00,15.69,15.77,15.69,15.76,12479.0,15.724
2026-05-20 10:26:00-04:00,15.76,15.86,15.76,15.82,148981.0,15.807
2026-05-20 10:27:00-04:00,15.82,15.86,15.82,15.82,48704.0,15.842
2026-05-20 10:28:00-04:00,15.83,15.85,15.8,15.84,26751.0,15.832
2026-05-20 10:29:00-04:00,15.84,15.85,15.8,15.83,20780.0,15.826
2026-05-20 10:30:00-04:00,15.84,15.99,15.84,15.95,114161.0,15.943
2026-05-20 10:31:00-04:00,15.95,15.99,15.94,15.96,31577.0,15.956
2026-05-20 10:32:00-04:00,15.98,16.07,15.98,16.03,97999.0,16.022
2026-05-20 10:33:00-04:00,16.03,16.06,16.0,16.01,36961.0,16.023
2026-05-20 10:34:00-04:00,16.01,16.05,16.0,16.01,18451.0,16.024
2026-05-20 10:35:00-04:00,16.02,16.02,15.87,15.87,50313.0,15.926
2026-05-20 10:36:00-04:00,15.88,16.02,15.86,16.02,44105.0,15.915
2026-05-20 10:37:00-04:00,16.01,16.04,15.97,15.97,27915.0,16.001
2026-05-20 10:38:00-04:00,15.97,15.97,15.89,15.92,20009.0,15.944
2026-05-20 10:39:00-04:00,15.92,15.96,15.9,15.95,13800.0,15.943
2026-05-20 10:40:00-04:00,15.94,16.06,15.94,16.06,9447.0,16.015
2026-05-20 10:41:00-04:00,16.05,16.08,16.04,16.07,14622.0,16.062
2026-05-20 10:42:00-04:00,16.07,16.11,16.06,16.09,27473.0,16.088
2026-05-20 10:43:00-04:00,16.09,16.11,16.05,16.07,18928.0,16.092
2026-05-20 10:44:00-04:00,16.08,16.12,16.08,16.1,7355.0,16.094
2026-05-20 10:45:00-04:00,16.1,16.14,16.09,16.12,21052.0,16.119
2026-05-20 10:46:00-04:00,16.13,16.15,16.13,16.13,4058.0,16.142
2026-05-20 10:47:00-04:00,16.14,16.18,16.14,16.18,13134.0,16.167
2026-05-20 10:48:00-04:00,16.18,16.24,16.17,16.24,34468.0,16.209
2026-05-20 10:49:00-04:00,16.25,16.31,16.23,16.3,44795.0,16.275
2026-05-20 10:50:00-04:00,16.3,16.34,16.29,16.32,47665.0,16.307
2026-05-20 10:51:00-04:00,16.32,16.38,16.32,16.37,16970.0,16.341
2026-05-20 10:52:00-04:00,16.36,16.39,16.34,16.35,14949.0,16.366
2026-05-20 10:53:00-04:00,16.36,16.42,16.35,16.42,23544.0,16.386
2026-05-20 10:54:00-04:00,16.43,16.43,16.39,16.39,28195.0,16.408
2026-05-20 10:55:00-04:00,16.38,16.39,16.32,16.35,40906.0,16.357
2026-05-20 10:56:00-04:00,16.34,16.37,16.27,16.31,66356.0,16.328
2026-05-20 10:57:00-04:00,16.32,16.33,16.25,16.32,50057.0,16.295
2026-05-20 10:58:00-04:00,16.33,16.35,16.28,16.32,14471.0,16.322
2026-05-20 10:59:00-04:00,16.33,16.34,16.23,16.29,59735.0,16.276
2026-05-20 11:00:00-04:00,16.29,16.31,16.24,16.24,20141.0,16.289
2026-05-20 11:01:00-04:00,16.25,16.3,16.25,16.3,14687.0,16.268
2026-05-20 11:02:00-04:00,16.29,16.32,16.28,16.31,12149.0,16.294
2026-05-20 11:03:00-04:00,16.31,16.38,16.31,16.38,19553.0,16.346
2026-05-20 11:04:00-04:00,16.38,16.48,16.38,16.45,106185.0,16.446
2026-05-20 11:05:00-04:00,16.44,16.48,16.4,16.41,92300.0,16.448
2026-05-20 11:06:00-04:00,16.41,16.42,16.36,16.38,61437.0,16.39
2026-05-20 11:07:00-04:00,16.39,16.39,16.32,16.35,56211.0,16.36
2026-05-20 11:08:00-04:00,16.34,16.36,16.33,16.35,35816.0,16.356
2026-05-20 11:09:00-04:00,16.36,16.36,16.32,16.33,11904.0,16.337
2026-05-20 11:10:00-04:00,16.34,16.39,16.33,16.38,25805.0,16.347
2026-05-20 11:11:00-04:00,16.38,16.41,16.35,16.36,6134.0,16.387
2026-05-20 11:12:00-04:00,16.37,16.37,16.32,16.32,8438.0,16.346
2026-05-20 11:13:00-04:00,16.32,16.34,16.3,16.34,23159.0,16.324
2026-05-20 11:14:00-04:00,16.33,16.37,16.33,16.36,4178.0,16.351
2026-05-20 11:15:00-04:00,16.36,16.43,16.27,16.43,48319.0,16.378
2026-05-20 11:16:00-04:00,16.42,16.42,16.34,16.4,92993.0,16.365
2026-05-20 11:17:00-04:00,16.42,16.43,16.3,16.3,27617.0,16.383
2026-05-20 11:18:00-04:00,16.27,16.3,16.22,16.25,57390.0,16.28
2026-05-20 11:19:00-04:00,16.25,16.26,16.18,16.21,11536.0,16.226
2026-05-20 11:20:00-04:00,16.21,16.26,16.2,16.25,4630.0,16.232
2026-05-20 11:21:00-04:00,16.25,16.26,16.24,16.24,6520.0,16.246
2026-05-20 11:22:00-04:00,16.25,16.25,16.18,16.18,9189.0,16.218
2026-05-20 11:23:00-04:00,16.18,16.2,16.18,16.19,2720.0,16.193
2026-05-20 11:24:00-04:00,16.2,16.24,16.18,16.23,8818.0,16.206
2026-05-20 11:25:00-04:00,16.23,16.24,16.21,16.21,2411.0,16.226
2026-05-20 11:26:00-04:00,16.22,16.25,16.18,16.18,10271.0,16.218
2026-05-20 11:27:00-04:00,16.18,16.2,16.17,16.18,5295.0,16.189
2026-05-20 11:28:00-04:00,16.18,16.2,16.17,16.19,13019.0,16.192
2026-05-20 11:29:00-04:00,16.19,16.2,16.18,16.18,6520.0,16.187
2026-05-20 11:30:00-04:00,16.18,16.21,16.17,16.2,6487.0,16.184
2026-05-20 11:31:00-04:00,16.2,16.21,16.18,16.19,13951.0,16.191
2026-05-20 11:32:00-04:00,16.19,16.2,16.19,16.19,1325.0,16.197
2026-05-20 11:33:00-04:00,16.19,16.2,16.18,16.2,2602.0,16.189
2026-05-20 11:34:00-04:00,16.2,16.2,16.18,16.19,4962.0,16.188
2026-05-20 11:35:00-04:00,16.18,16.19,16.17,16.19,1902.0,16.18
2026-05-20 11:36:00-04:00,16.18,16.18,16.16,16.16,9503.0,16.165
2026-05-20 11:37:00-04:00,16.16,16.17,16.14,16.17,10313.0,16.159
2026-05-20 11:38:00-04:00,16.16,16.17,16.14,16.15,3066.0,16.157
2026-05-20 11:39:00-04:00,16.14,16.15,16.12,16.12,2376.0,16.141
2026-05-20 11:40:00-04:00,16.13,16.14,16.12,16.12,2482.0,16.133
2026-05-20 11:41:00-04:00,16.13,16.14,16.11,16.12,8226.0,16.129
2026-05-20 11:42:00-04:00,16.12,16.14,16.11,16.12,7749.0,16.125
2026-05-20 11:43:00-04:00,16.13,16.14,16.03,16.06,49768.0,16.095
2026-05-20 11:44:00-04:00,16.06,16.13,16.06,16.13,24124.0,16.1
2026-05-20 11:45:00-04:00,16.13,16.14,16.13,16.13,4663.0,16.133
2026-05-20 11:46:00-04:00,16.13,16.23,16.12,16.23,15934.0,16.185
2026-05-20 11:47:00-04:00,16.23,16.23,16.2,16.2,2076.0,16.215
2026-05-20 11:48:00-04:00,16.2,16.21,16.18,16.2,3779.0,16.199
2026-05-20 11:49:00-04:00,16.21,16.23,16.21,16.21,4960.0,16.219
2026-05-20 11:50:00-04:00,16.21,16.21,16.19,16.19,7173.0,16.199
2026-05-20 11:51:00-04:00,16.2,16.2,16.19,16.19,1383.0,16.194
2026-05-20 11:52:00-04:00,16.2,16.2,16.15,16.15,12065.0,16.189
2026-05-20 11:53:00-04:00,16.15,16.17,16.15,16.16,2041.0,16.165
2026-05-20 11:54:00-04:00,16.17,16.17,16.16,16.17,1500.0,16.169
2026-05-20 11:55:00-04:00,16.16,16.21,16.16,16.2,27735.0,16.191
2026-05-20 11:56:00-04:00,16.2,16.24,16.19,16.22,14509.0,16.224
2026-05-20 11:57:00-04:00,16.21,16.21,16.18,16.2,9970.0,16.196
2026-05-20 11:58:00-04:00,16.19,16.19,16.17,16.18,10704.0,16.18
2026-05-20 11:59:00-04:00,16.19,16.19,16.16,16.17,1004.0,16.175
2026-05-20 12:00:00-04:00,16.16,16.18,16.16,16.17,2427.0,16.17
2026-05-20 12:01:00-04:00,16.17,16.19,16.16,16.18,7576.0,16.179
2026-05-20 12:02:00-04:00,16.19,16.21,16.18,16.2,23430.0,16.193
2026-05-20 12:03:00-04:00,16.2,16.2,16.17,16.17,3531.0,16.183
2026-05-20 12:04:00-04:00,16.18,16.19,16.17,16.18,7969.0,16.181
2026-05-20 12:05:00-04:00,16.18,16.18,16.17,16.18,3920.0,16.179
2026-05-20 12:06:00-04:00,16.17,16.18,16.15,16.15,4862.0,16.168
2026-05-20 12:07:00-04:00,16.15,16.17,16.15,16.17,5700.0,16.163
2026-05-20 12:08:00-04:00,16.16,16.17,16.16,16.17,700.0,16.168
2026-05-20 12:09:00-04:00,16.17,16.22,16.16,16.2,27119.0,16.191
2026-05-20 12:10:00-04:00,16.21,16.21,16.18,16.2,8621.0,16.195
2026-05-20 12:11:00-04:00,16.21,16.22,16.2,16.2,3531.0,16.207
2026-05-20 12:12:00-04:00,16.2,16.2,16.18,16.18,6146.0,16.187
2026-05-20 12:13:00-04:00,16.17,16.2,16.17,16.19,4251.0,16.19
2026-05-20 12:14:00-04:00,16.18,16.19,16.16,16.16,2300.0,16.173
2026-05-20 12:15:00-04:00,16.16,16.16,16.13,16.14,11322.0,16.146
2026-05-20 12:16:00-04:00,16.14,16.21,16.14,16.18,11399.0,16.183
2026-05-20 12:17:00-04:00,16.18,16.2,16.18,16.2,4483.0,16.184
2026-05-20 12:18:00-04:00,16.2,16.2,16.15,16.17,15808.0,16.175
2026-05-20 12:19:00-04:00,16.17,16.2,16.17,16.2,4046.0,16.188
2026-05-20 12:20:00-04:00,16.2,16.2,16.17,16.17,7816.0,16.19
2026-05-20 12:21:00-04:00,16.17,16.2,16.16,16.19,10784.0,16.175
2026-05-20 12:22:00-04:00,16.2,16.24,16.19,16.21,20682.0,16.212
2026-05-20 12:23:00-04:00,16.2,16.21,16.18,16.21,6768.0,16.19
2026-05-20 12:24:00-04:00,16.21,16.21,16.15,16.15,11337.0,16.188
2026-05-20 12:25:00-04:00,16.15,16.18,16.11,16.18,12319.0,16.15
2026-05-20 12:26:00-04:00,16.18,16.19,16.16,16.17,7755.0,16.17
2026-05-20 12:27:00-04:00,16.18,16.2,16.17,16.19,8374.0,16.185
2026-05-20 12:28:00-04:00,16.18,16.18,16.17,16.17,4709.0,16.176
2026-05-20 12:29:00-04:00,16.16,16.17,16.15,16.16,9799.0,16.164
2026-05-20 12:30:00-04:00,16.16,16.16,16.1,16.11,14132.0,16.134
2026-05-20 12:31:00-04:00,16.11,16.13,16.11,16.13,779.0,16.121
2026-05-20 12:32:00-04:00,16.13,16.19,16.13,16.18,7049.0,16.157
2026-05-20 12:33:00-04:00,16.18,16.19,16.13,16.16,15447.0,16.161
2026-05-20 12:34:00-04:00,16.16,16.17,16.13,16.14,5766.0,16.145
2026-05-20 12:35:00-04:00,16.14,16.15,16.13,16.13,4158.0,16.133
2026-05-20 12:36:00-04:00,16.14,16.14,16.07,16.07,4888.0,16.122
2026-05-20 12:37:00-04:00,16.07,16.07,16.03,16.06,12228.0,16.051
2026-05-20 12:38:00-04:00,16.04,16.07,15.96,16.03,262612.0,16.004
2026-05-20 12:39:00-04:00,16.02,16.02,15.99,16.01,15926.0,16.004
2026-05-20 12:40:00-04:00,16.01,16.05,15.99,16.04,32084.0,16.022
2026-05-20 12:41:00-04:00,16.04,16.06,15.99,16.05,12741.0,16.032
2026-05-20 12:42:00-04:00,16.05,16.05,16.03,16.03,2354.0,16.038
2026-05-20 12:43:00-04:00,16.02,16.07,16.02,16.06,27137.0,16.049
2026-05-20 12:44:00-04:00,16.06,16.06,16.05,16.05,7037.0,16.052
2026-05-20 12:45:00-04:00,16.06,16.07,16.05,16.06,12554.0,16.06
2026-05-20 12:46:00-04:00,16.05,16.08,16.05,16.07,14893.0,16.071
2026-05-20 12:47:00-04:00,16.08,16.09,16.06,16.06,6098.0,16.076
2026-05-20 12:48:00-04:00,16.06,16.07,16.03,16.03,8264.0,16.06
2026-05-20 12:49:00-04:00,16.04,16.05,16.02,16.05,946.0,16.04
2026-05-20 12:50:00-04:00,16.04,16.07,16.04,16.06,11279.0,16.053
2026-05-20 12:51:00-04:00,16.07,16.07,16.06,16.06,1318.0,16.068
2026-05-20 12:52:00-04:00,16.07,16.07,16.05,16.05,2263.0,16.063
2026-05-20 12:53:00-04:00,16.06,16.07,16.03,16.03,4254.0,16.06
2026-05-20 12:54:00-04:00,16.04,16.04,16.03,16.04,3776.0,16.034
2026-05-20 12:55:00-04:00,16.05,16.06,16.04,16.05,2754.0,16.054
2026-05-20 12:56:00-04:00,16.05,16.06,16.04,16.05,2710.0,16.052
2026-05-20 12:57:00-04:00,16.05,16.06,16.04,16.06,6990.0,16.05
2026-05-20 12:58:00-04:00,16.07,16.1,16.07,16.09,10134.0,16.083
2026-05-20 12:59:00-04:00,16.1,16.13,16.1,16.11,4679.0,16.112
2026-05-20 13:00:00-04:00,16.11,16.12,16.09,16.09,6276.0,16.101
2026-05-20 13:01:00-04:00,16.1,16.1,16.08,16.09,9925.0,16.088
2026-05-20 13:02:00-04:00,16.09,16.1,16.04,16.04,8819.0,16.061
2026-05-20 13:03:00-04:00,16.04,16.05,16.03,16.04,2544.0,16.039
2026-05-20 13:04:00-04:00,16.04,16.06,16.03,16.05,4459.0,16.046
2026-05-20 13:05:00-04:00,16.05,16.06,16.04,16.04,650.0,16.05
2026-05-20 13:06:00-04:00,16.04,16.06,16.04,16.06,1907.0,16.052
2026-05-20 13:07:00-04:00,16.06,16.07,16.06,16.06,8321.0,16.064
2026-05-20 13:08:00-04:00,16.06,16.07,16.05,16.07,3209.0,16.057
2026-05-20 13:09:00-04:00,16.07,16.09,16.07,16.09,1060.0,16.083
2026-05-20 13:10:00-04:00,16.1,16.11,16.08,16.1,5538.0,16.096
2026-05-20 13:11:00-04:00,16.09,16.1,16.09,16.09,340.0,16.095
2026-05-20 13:12:00-04:00,16.1,16.13,16.09,16.12,7496.0,16.115
2026-05-20 13:13:00-04:00,16.12,16.19,16.1,16.18,14246.0,16.149
2026-05-20 13:14:00-04:00,16.18,16.2,16.18,16.19,7651.0,16.195
2026-05-20 13:15:00-04:00,16.18,16.2,16.17,16.18,19177.0,16.186
2026-05-20 13:16:00-04:00,16.19,16.2,16.15,16.16,4157.0,16.183
2026-05-20 13:17:00-04:00,16.15,16.18,16.14,16.16,2787.0,16.158
2026-05-20 13:18:00-04:00,16.15,16.17,16.14,16.14,5548.0,16.154
2026-05-20 13:19:00-04:00,16.14,16.16,16.14,16.15,1873.0,16.153
2026-05-20 13:20:00-04:00,16.15,16.16,16.15,16.15,600.0,16.155
2026-05-20 13:21:00-04:00,16.15,16.16,16.12,16.12,6804.0,16.149
2026-05-20 13:22:00-04:00,16.11,16.12,16.07,16.08,4508.0,16.095
2026-05-20 13:23:00-04:00,16.09,16.11,16.08,16.11,14022.0,16.101
2026-05-20 13:24:00-04:00,16.12,16.13,16.11,16.11,9497.0,16.12
2026-05-20 13:25:00-04:00,16.11,16.14,16.11,16.14,2434.0,16.13
2026-05-20 13:26:00-04:00,16.13,16.17,16.13,16.16,8796.0,16.157
2026-05-20 13:27:00-04:00,16.16,16.18,16.15,16.18,7114.0,16.172
2026-05-20 13:28:00-04:00,16.18,16.18,16.16,16.18,7622.0,16.17
2026-05-20 13:29:00-04:00,16.18,16.19,16.16,16.17,5266.0,16.176
2026-05-20 13:30:00-04:00,16.17,16.19,16.17,16.18,1760.0,16.179
2026-05-20 13:31:00-04:00,16.18,16.21,16.18,16.21,3294.0,16.197
2026-05-20 13:32:00-04:00,16.21,16.22,16.21,16.21,10211.0,16.213
2026-05-20 13:33:00-04:00,16.21,16.22,16.19,16.2,5133.0,16.204
2026-05-20 13:34:00-04:00,16.2,16.22,16.2,16.21,3051.0,16.213
2026-05-20 13:35:00-04:00,16.22,16.23,16.19,16.2,40136.0,16.205
2026-05-20 13:36:00-04:00,16.2,16.22,16.19,16.2,6271.0,16.208
2026-05-20 13:37:00-04:00,16.2,16.21,16.19,16.2,5688.0,16.199
2026-05-20 13:38:00-04:00,16.19,16.2,16.18,16.19,2714.0,16.19
2026-05-20 13:39:00-04:00,16.19,16.21,16.18,16.2,2819.0,16.195
2026-05-20 13:40:00-04:00,16.19,16.19,16.18,16.18,4218.0,16.189
2026-05-20 13:41:00-04:00,16.19,16.2,16.18,16.19,3927.0,16.189
2026-05-20 13:42:00-04:00,16.2,16.2,16.19,16.19,300.0,16.193
2026-05-20 13:43:00-04:00,16.2,16.23,16.19,16.22,5713.0,16.208
2026-05-20 13:44:00-04:00,16.23,16.24,16.19,16.19,5964.0,16.217
2026-05-20 13:45:00-04:00,16.2,16.21,16.2,16.2,5918.0,16.203
2026-05-20 13:46:00-04:00,16.2,16.21,16.18,16.19,3142.0,16.198
2026-05-20 13:47:00-04:00,16.2,16.2,16.18,16.18,1472.0,16.191
2026-05-20 13:48:00-04:00,16.18,16.18,16.16,16.18,6865.0,16.173
2026-05-20 13:49:00-04:00,16.17,16.19,16.17,16.18,8590.0,16.178
2026-05-20 13:50:00-04:00,16.18,16.22,16.17,16.19,8056.0,16.201
2026-05-20 13:51:00-04:00,16.19,16.2,16.17,16.18,5105.0,16.19
2026-05-20 13:52:00-04:00,16.18,16.18,16.17,16.17,2192.0,16.178
2026-05-20 13:53:00-04:00,16.16,16.17,16.15,16.16,3634.0,16.16
2026-05-20 13:54:00-04:00,16.16,16.18,16.16,16.18,4966.0,16.17
2026-05-20 13:55:00-04:00,16.18,16.18,16.17,16.18,3544.0,16.172
2026-05-20 13:56:00-04:00,16.18,16.19,16.17,16.17,9676.0,16.179
2026-05-20 13:57:00-04:00,16.16,16.17,16.12,16.13,3041.0,16.148
2026-05-20 13:58:00-04:00,16.13,16.15,16.12,16.13,9896.0,16.136
2026-05-20 13:59:00-04:00,16.13,16.15,16.12,16.13,6616.0,16.14
2026-05-20 14:00:00-04:00,16.13,16.14,16.08,16.09,13740.0,16.112
2026-05-20 14:01:00-04:00,16.09,16.16,16.08,16.16,11203.0,16.117
2026-05-20 14:02:00-04:00,16.15,16.2,16.15,16.17,8215.0,16.183
2026-05-20 14:03:00-04:00,16.17,16.18,16.16,16.17,5919.0,16.166
2026-05-20 14:04:00-04:00,16.18,16.18,16.15,16.15,9271.0,16.169
2026-05-20 14:05:00-04:00,16.15,16.17,16.15,16.17,1219.0,16.16
2026-05-20 14:06:00-04:00,16.16,16.18,16.15,16.16,18399.0,16.161
2026-05-20 14:07:00-04:00,16.16,16.17,16.14,16.14,5993.0,16.16
2026-05-20 14:08:00-04:00,16.14,16.14,16.13,16.13,2200.0,16.135
2026-05-20 14:09:00-04:00,16.13,16.15,16.13,16.13,4314.0,16.135
2026-05-20 14:10:00-04:00,16.13,16.14,16.11,16.12,7107.0,16.126
2026-05-20 14:11:00-04:00,16.11,16.12,16.1,16.1,2130.0,16.109
2026-05-20 14:12:00-04:00,16.11,16.12,16.09,16.11,10139.0,16.108
2026-05-20 14:13:00-04:00,16.11,16.11,16.09,16.1,7045.0,16.1
2026-05-20 14:14:00-04:00,16.1,16.11,16.09,16.11,13756.0,16.101
2026-05-20 14:15:00-04:00,16.11,16.13,16.11,16.13,3164.0,16.125
2026-05-20 14:16:00-04:00,16.13,16.15,16.12,16.15,2894.0,16.135
2026-05-20 14:17:00-04:00,16.15,16.17,16.15,16.16,1062.0,16.159
2026-05-20 14:18:00-04:00,16.16,16.17,16.13,16.13,14169.0,16.149
2026-05-20 14:19:00-04:00,16.13,16.15,16.13,16.15,2924.0,16.143
2026-05-20 14:20:00-04:00,16.15,16.15,16.14,16.14,3134.0,16.147
2026-05-20 14:21:00-04:00,16.14,16.15,16.14,16.14,1353.0,16.144
2026-05-20 14:22:00-04:00,16.14,16.15,16.14,16.14,300.0,16.145
2026-05-20 14:23:00-04:00,16.14,16.15,16.13,16.13,7672.0,16.14
2026-05-20 14:24:00-04:00,16.13,16.15,16.13,16.14,5430.0,16.141
2026-05-20 14:25:00-04:00,16.14,16.15,16.11,16.11,7688.0,16.125
2026-05-20 14:26:00-04:00,16.11,16.12,16.1,16.11,3092.0,16.114
2026-05-20 14:27:00-04:00,16.11,16.12,16.1,16.11,3388.0,16.116
2026-05-20 14:28:00-04:00,16.11,16.11,16.1,16.11,3566.0,16.107
2026-05-20 14:29:00-04:00,16.11,16.12,16.11,16.11,2687.0,16.111
2026-05-20 14:30:00-04:00,16.11,16.12,16.1,16.11,2840.0,16.109
2026-05-20 14:31:00-04:00,16.1,16.1,16.08,16.08,3493.0,16.096
2026-05-20 14:32:00-04:00,16.08,16.08,16.04,16.07,25649.0,16.048
2026-05-20 14:33:00-04:00,16.07,16.09,16.07,16.07,8255.0,16.079
2026-05-20 14:34:00-04:00,16.07,16.08,16.06,16.06,3979.0,16.066
2026-05-20 14:35:00-04:00,16.05,16.05,16.04,16.05,2955.0,16.05
2026-05-20 14:36:00-04:00,16.05,16.06,16.05,16.05,3789.0,16.056
2026-05-20 14:37:00-04:00,16.05,16.05,16.02,16.03,11834.0,16.031
2026-05-20 14:38:00-04:00,16.04,16.05,16.03,16.04,4415.0,16.045
2026-05-20 14:39:00-04:00,16.04,16.05,16.04,16.04,1453.0,16.046
2026-05-20 14:40:00-04:00,16.04,16.09,16.04,16.08,11702.0,16.058
2026-05-20 14:41:00-04:00,16.08,16.09,16.06,16.06,6405.0,16.078
2026-05-20 14:42:00-04:00,16.06,16.08,16.06,16.07,1100.0,16.076
2026-05-20 14:43:00-04:00,16.09,16.12,16.08,16.12,12199.0,16.113
2026-05-20 14:44:00-04:00,16.13,16.13,16.1,16.11,7521.0,16.118
2026-05-20 14:45:00-04:00,16.11,16.12,16.06,16.06,7017.0,16.094
2026-05-20 14:46:00-04:00,16.06,16.08,16.05,16.06,4946.0,16.066
2026-05-20 14:47:00-04:00,16.06,16.06,16.03,16.04,9205.0,16.047
2026-05-20 14:48:00-04:00,16.04,16.06,16.03,16.03,17805.0,16.043
2026-05-20 14:49:00-04:00,16.05,16.05,16.03,16.03,2077.0,16.041
2026-05-20 14:50:00-04:00,16.04,16.05,16.04,16.04,200.0,16.043
2026-05-20 14:51:00-04:00,16.04,16.05,16.03,16.04,17424.0,16.041
2026-05-20 14:52:00-04:00,16.04,16.05,16.04,16.04,200.0,16.045
2026-05-20 14:53:00-04:00,16.04,16.05,16.04,16.04,3036.0,16.047
2026-05-20 14:54:00-04:00,16.04,16.05,16.03,16.04,12803.0,16.04
2026-05-20 14:55:00-04:00,16.03,16.04,16.03,16.03,13075.0,16.032
2026-05-20 14:56:00-04:00,16.03,16.04,16.03,16.03,6671.0,16.03
2026-05-20 14:57:00-04:00,16.03,16.03,15.96,16.0,108857.0,16.012
2026-05-20 14:58:00-04:00,16.0,16.05,16.0,16.04,18159.0,16.011
2026-05-20 14:59:00-04:00,16.05,16.05,16.01,16.02,8195.0,16.032
2026-05-20 15:00:00-04:00,16.02,16.03,16.0,16.01,9049.0,16.012
2026-05-20 15:01:00-04:00,16.02,16.05,16.02,16.05,3392.0,16.035
2026-05-20 15:02:00-04:00,16.05,16.07,16.04,16.05,25253.0,16.054
2026-05-20 15:03:00-04:00,16.04,16.05,16.03,16.04,3340.0,16.039
2026-05-20 15:04:00-04:00,16.04,16.05,16.03,16.04,2962.0,16.041
2026-05-20 15:05:00-04:00,16.03,16.06,16.03,16.04,7950.0,16.047
2026-05-20 15:06:00-04:00,16.05,16.05,16.03,16.04,5352.0,16.047
2026-05-20 15:07:00-04:00,16.04,16.06,16.03,16.05,4437.0,16.04
2026-05-20 15:08:00-04:00,16.06,16.06,16.04,16.04,2966.0,16.051
2026-05-20 15:09:00-04:00,16.04,16.05,16.03,16.04,5356.0,16.042
2026-05-20 15:10:00-04:00,16.04,16.06,16.03,16.04,5080.0,16.047
2026-05-20 15:11:00-04:00,16.06,16.07,16.06,16.06,5473.0,16.066
2026-05-20 15:12:00-04:00,16.05,16.07,16.05,16.06,1395.0,16.061
2026-05-20 15:13:00-04:00,16.07,16.1,16.06,16.09,5569.0,16.086
2026-05-20 15:14:00-04:00,16.09,16.09,16.07,16.08,5942.0,16.081
2026-05-20 15:15:00-04:00,16.08,16.08,16.07,16.07,2606.0,16.079
2026-05-20 15:16:00-04:00,16.08,16.09,16.06,16.09,14357.0,16.078
2026-05-20 15:17:00-04:00,16.08,16.08,16.06,16.06,1907.0,16.076
2026-05-20 15:18:00-04:00,16.06,16.07,16.04,16.06,3808.0,16.062
2026-05-20 15:19:00-04:00,16.07,16.09,16.06,16.09,4481.0,16.08
2026-05-20 15:20:00-04:00,16.09,16.1,16.06,16.06,6546.0,16.085
2026-05-20 15:21:00-04:00,16.07,16.08,16.07,16.07,1874.0,16.075
2026-05-20 15:22:00-04:00,16.07,16.08,16.04,16.04,4781.0,16.064
2026-05-20 15:23:00-04:00,16.04,16.06,16.02,16.04,7068.0,16.04
2026-05-20 15:24:00-04:00,16.04,16.06,16.03,16.06,8233.0,16.048
2026-05-20 15:25:00-04:00,16.05,16.07,16.04,16.06,4316.0,16.058
2026-05-20 15:26:00-04:00,16.06,16.07,16.01,16.02,24458.0,16.026
2026-05-20 15:27:00-04:00,16.02,16.04,16.02,16.03,1523.0,16.029
2026-05-20 15:28:00-04:00,16.03,16.05,16.02,16.05,8015.0,16.041
2026-05-20 15:29:00-04:00,16.04,16.08,16.04,16.08,7869.0,16.057
2026-05-20 15:30:00-04:00,16.07,16.12,16.07,16.11,7003.0,16.095
2026-05-20 15:31:00-04:00,16.11,16.12,16.07,16.07,9955.0,16.094
2026-05-20 15:32:00-04:00,16.08,16.09,16.04,16.04,94028.0,16.053
2026-05-20 15:33:00-04:00,16.04,16.06,16.04,16.05,7551.0,16.045
2026-05-20 15:34:00-04:00,16.05,16.06,16.04,16.04,5205.0,16.047
2026-05-20 15:35:00-04:00,16.04,16.05,16.03,16.04,13316.0,16.044
2026-05-20 15:36:00-04:00,16.03,16.04,16.01,16.01,10470.0,16.022
2026-05-20 15:37:00-04:00,16.0,16.03,16.0,16.03,14587.0,16.014
2026-05-20 15:38:00-04:00,16.03,16.04,16.03,16.04,3762.0,16.035
2026-05-20 15:39:00-04:00,16.03,16.04,16.01,16.04,12470.0,16.024
2026-05-20 15:40:00-04:00,16.03,16.04,16.03,16.04,6965.0,16.036
2026-05-20 15:41:00-04:00,16.03,16.06,16.03,16.04,11804.0,16.045
2026-05-20 15:42:00-04:00,16.04,16.05,16.03,16.04,11220.0,16.038
2026-05-20 15:43:00-04:00,16.04,16.05,16.04,16.05,4968.0,16.046
2026-05-20 15:44:00-04:00,16.04,16.06,16.04,16.05,5960.0,16.049
2026-05-20 15:45:00-04:00,16.05,16.05,16.02,16.02,17833.0,16.041
2026-05-20 15:46:00-04:00,16.02,16.03,15.99,16.0,8910.0,16.008
2026-05-20 15:47:00-04:00,16.0,16.02,15.99,16.0,44261.0,16.003
2026-05-20 15:48:00-04:00,16.01,16.02,16.0,16.02,10173.0,16.012
2026-05-20 15:49:00-04:00,16.02,16.04,16.02,16.04,8103.0,16.03
2026-05-20 15:50:00-04:00,16.04,16.05,16.0,16.0,15100.0,16.032
2026-05-20 15:51:00-04:00,16.0,16.01,15.99,16.0,73001.0,16.001
2026-05-20 15:52:00-04:00,16.0,16.01,16.0,16.0,4652.0,16.003
2026-05-20 15:53:00-04:00,16.0,16.02,16.0,16.0,25736.0,16.008
2026-05-20 15:54:00-04:00,16.0,16.06,16.0,16.05,36654.0,16.041
2026-05-20 15:55:00-04:00,16.05,16.1,16.05,16.09,29133.0,16.081
2026-05-20 15:56:00-04:00,16.1,16.1,16.09,16.1,17535.0,16.096
2026-05-20 15:57:00-04:00,16.11,16.15,16.1,16.14,36671.0,16.127
2026-05-20 15:58:00-04:00,16.14,16.17,16.13,16.13,68456.0,16.153
2026-05-20 15:59:00-04:00,16.13,16.16,16.08,16.09,145415.0,16.124
2026-05-21 09:30:00-04:00,15.85,16.04,15.8,16.0,60730.0,15.874
2026-05-21 09:31:00-04:00,16.01,16.06,16.0,16.04,11155.0,16.025
2026-05-21 09:32:00-04:00,16.01,16.09,16.01,16.06,5044.0,16.061
2026-05-21 09:33:00-04:00,16.08,16.08,15.99,16.02,11321.0,16.008
2026-05-21 09:34:00-04:00,16.02,16.09,15.98,15.98,6397.0,16.047
2026-05-21 09:35:00-04:00,15.98,16.03,15.96,16.0,31550.0,15.981
2026-05-21 09:36:00-04:00,15.97,16.0,15.91,16.0,10028.0,15.96
2026-05-21 09:37:00-04:00,15.99,15.99,15.75,15.8,69227.0,15.887
2026-05-21 09:38:00-04:00,15.8,15.94,15.8,15.91,7177.0,15.845
2026-05-21 09:39:00-04:00,15.91,15.91,15.82,15.88,6679.0,15.863
2026-05-21 09:40:00-04:00,15.88,15.91,15.83,15.86,5389.0,15.863
2026-05-21 09:41:00-04:00,15.84,15.88,15.81,15.81,54411.0,15.841
2026-05-21 09:42:00-04:00,15.86,15.86,15.77,15.83,35624.0,15.819
2026-05-21 09:43:00-04:00,15.81,15.83,15.78,15.8,4286.0,15.802
2026-05-21 09:44:00-04:00,15.77,15.8,15.7,15.74,18346.0,15.745
2026-05-21 09:45:00-04:00,15.74,15.8,15.72,15.8,25322.0,15.752
2026-05-21 09:46:00-04:00,15.83,15.86,15.79,15.86,3712.0,15.837
2026-05-21 09:47:00-04:00,15.83,15.86,15.79,15.79,4308.0,15.825
2026-05-21 09:48:00-04:00,15.78,15.84,15.76,15.84,4169.0,15.8
2026-05-21 09:49:00-04:00,15.81,15.84,15.77,15.84,2251.0,15.815
2026-05-21 09:50:00-04:00,15.85,15.9,15.83,15.9,2789.0,15.869
2026-05-21 09:51:00-04:00,15.85,15.89,15.84,15.86,17624.0,15.885
2026-05-21 09:52:00-04:00,15.86,15.9,15.83,15.87,6047.0,15.87
2026-05-21 09:53:00-04:00,15.89,15.97,15.86,15.89,8126.0,15.916
2026-05-21 09:54:00-04:00,15.94,15.98,15.9,15.98,5141.0,15.951
2026-05-21 09:55:00-04:00,15.97,15.99,15.95,15.95,5984.0,15.977
2026-05-21 09:56:00-04:00,15.97,15.98,15.9,15.91,11490.0,15.929
2026-05-21 09:57:00-04:00,15.91,15.92,15.84,15.84,5449.0,15.875
2026-05-21 09:58:00-04:00,15.85,15.87,15.84,15.85,2398.0,15.855
2026-05-21 09:59:00-04:00,15.85,15.91,15.81,15.91,5326.0,15.859
2026-05-21 10:00:00-04:00,15.92,15.97,15.87,15.88,10547.0,15.933
2026-05-21 10:01:00-04:00,15.88,15.91,15.86,15.9,4074.0,15.886
2026-05-21 10:02:00-04:00,15.92,15.99,15.91,15.93,3811.0,15.935
2026-05-21 10:03:00-04:00,15.95,15.97,15.91,15.94,7722.0,15.933
2026-05-21 10:04:00-04:00,15.95,15.96,15.93,15.93,2307.0,15.941
2026-05-21 10:05:00-04:00,15.93,15.94,15.92,15.93,866.0,15.935
2026-05-21 10:06:00-04:00,15.94,15.96,15.93,15.95,4247.0,15.945
2026-05-21 10:07:00-04:00,15.95,16.04,15.95,16.02,11478.0,15.992
2026-05-21 10:08:00-04:00,16.04,16.04,16.0,16.03,3090.0,16.021
2026-05-21 10:09:00-04:00,16.04,16.04,16.01,16.02,7109.0,16.025
2026-05-21 10:10:00-04:00,16.03,16.05,16.01,16.03,4046.0,16.026
2026-05-21 10:11:00-04:00,16.02,16.04,15.98,15.99,30923.0,16.0
2026-05-21 10:12:00-04:00,15.98,16.02,15.95,16.01,5344.0,15.985
2026-05-21 10:13:00-04:00,16.04,16.04,16.0,16.02,8022.0,16.011
2026-05-21 10:14:00-04:00,15.99,16.01,15.96,15.98,9750.0,15.983
2026-05-21 10:15:00-04:00,15.97,15.98,15.92,15.93,11718.0,15.946
2026-05-21 10:16:00-04:00,15.93,16.01,15.93,16.0,7593.0,15.964
2026-05-21 10:17:00-04:00,16.0,16.01,15.97,15.98,2933.0,15.988
2026-05-21 10:18:00-04:00,15.97,16.01,15.94,16.01,7979.0,15.974
2026-05-21 10:19:00-04:00,16.0,16.02,15.97,15.98,8799.0,15.997
2026-05-21 10:20:00-04:00,16.0,16.01,15.98,15.99,11583.0,15.994
2026-05-21 10:21:00-04:00,15.99,15.99,15.95,15.96,14501.0,15.965
2026-05-21 10:22:00-04:00,15.97,16.01,15.97,16.01,13081.0,15.995
2026-05-21 10:23:00-04:00,15.99,16.01,15.94,15.94,40216.0,15.971
2026-05-21 10:24:00-04:00,15.93,15.97,15.93,15.97,3627.0,15.943
2026-05-21 10:25:00-04:00,15.96,15.97,15.93,15.96,6180.0,15.945
2026-05-21 10:26:00-04:00,15.96,15.96,15.94,15.94,5871.0,15.951
2026-05-21 10:27:00-04:00,15.93,15.97,15.93,15.96,9416.0,15.954
2026-05-21 10:28:00-04:00,15.96,15.96,15.92,15.93,14457.0,15.934
2026-05-21 10:29:00-04:00,15.93,15.95,15.93,15.94,1906.0,15.94
2026-05-21 10:30:00-04:00,15.94,15.96,15.93,15.94,2525.0,15.946
2026-05-21 10:31:00-04:00,15.93,15.94,15.82,15.83,21093.0,15.893
2026-05-21 10:32:00-04:00,15.82,15.83,15.78,15.79,7790.0,15.809
2026-05-21 10:33:00-04:00,15.79,15.84,15.79,15.84,21705.0,15.808
2026-05-21 10:34:00-04:00,15.83,15.84,15.81,15.82,16158.0,15.832
2026-05-21 10:35:00-04:00,15.83,15.83,15.79,15.8,17693.0,15.811
2026-05-21 10:36:00-04:00,15.8,15.81,15.79,15.8,2200.0,15.804
2026-05-21 10:37:00-04:00,15.81,15.83,15.79,15.81,20184.0,15.808
2026-05-21 10:38:00-04:00,15.81,15.86,15.8,15.86,10418.0,15.821
2026-05-21 10:39:00-04:00,15.86,15.88,15.85,15.88,3893.0,15.87
2026-05-21 10:40:00-04:00,15.88,15.88,15.82,15.83,4435.0,15.853
2026-05-21 10:41:00-04:00,15.83,15.86,15.83,15.86,10186.0,15.844
2026-05-21 10:42:00-04:00,15.86,15.87,15.84,15.87,5894.0,15.852
2026-05-21 10:43:00-04:00,15.85,15.86,15.83,15.84,2792.0,15.842
2026-05-21 10:44:00-04:00,15.84,15.86,15.84,15.86,2053.0,15.849
2026-05-21 10:45:00-04:00,15.88,15.88,15.85,15.85,2124.0,15.858
2026-05-21 10:46:00-04:00,15.86,15.88,15.84,15.85,4623.0,15.857
2026-05-21 10:47:00-04:00,15.86,15.86,15.84,15.84,6755.0,15.85
2026-05-21 10:48:00-04:00,15.84,15.84,15.82,15.82,1812.0,15.834
2026-05-21 10:49:00-04:00,15.82,15.88,15.81,15.88,4877.0,15.845
2026-05-21 10:50:00-04:00,15.88,15.88,15.85,15.86,1075.0,15.861
2026-05-21 10:51:00-04:00,15.86,15.89,15.85,15.88,4267.0,15.862
2026-05-21 10:52:00-04:00,15.9,15.9,15.88,15.89,2672.0,15.889
2026-05-21 10:53:00-04:00,15.9,15.92,15.9,15.91,3607.0,15.906
2026-05-21 10:54:00-04:00,15.92,15.94,15.91,15.93,1902.0,15.927
2026-05-21 10:55:00-04:00,15.94,15.94,15.92,15.92,3922.0,15.925
2026-05-21 10:56:00-04:00,15.93,15.94,15.91,15.91,6130.0,15.929
2026-05-21 10:57:00-04:00,15.9,15.92,15.9,15.91,1233.0,15.911
2026-05-21 10:58:00-04:00,15.91,15.95,15.91,15.94,12106.0,15.934
2026-05-21 10:59:00-04:00,15.94,15.95,15.93,15.94,3855.0,15.938
2026-05-21 11:00:00-04:00,15.94,15.95,15.93,15.95,4185.0,15.941
2026-05-21 11:01:00-04:00,15.94,15.94,15.89,15.89,10917.0,15.92
2026-05-21 11:02:00-04:00,15.9,15.9,15.88,15.88,2505.0,15.888
2026-05-21 11:03:00-04:00,15.87,15.88,15.86,15.86,2788.0,15.874
2026-05-21 11:04:00-04:00,15.87,15.93,15.87,15.9,9750.0,15.9
2026-05-21 11:05:00-04:00,15.9,15.91,15.88,15.89,6445.0,15.892
2026-05-21 11:06:00-04:00,15.88,15.89,15.85,15.85,8606.0,15.876
2026-05-21 11:07:00-04:00,15.85,15.85,15.82,15.82,12052.0,15.839
2026-05-21 11:08:00-04:00,15.83,15.83,15.82,15.83,7731.0,15.83
2026-05-21 11:09:00-04:00,15.83,15.84,15.83,15.84,5300.0,15.831
2026-05-21 11:10:00-04:00,15.84,15.86,15.83,15.85,2699.0,15.843
2026-05-21 11:11:00-04:00,15.85,15.85,15.83,15.85,13018.0,15.845
2026-05-21 11:12:00-04:00,15.86,15.87,15.85,15.86,1601.0,15.858
2026-05-21 11:13:00-04:00,15.87,15.91,15.86,15.91,3263.0,15.877
2026-05-21 11:14:00-04:00,15.92,15.93,15.89,15.9,15995.0,15.894
2026-05-21 11:15:00-04:00,15.89,15.91,15.88,15.89,27167.0,15.898
2026-05-21 11:16:00-04:00,15.88,15.9,15.88,15.89,11836.0,15.887
2026-05-21 11:17:00-04:00,15.9,15.92,15.9,15.9,3097.0,15.905
2026-05-21 11:18:00-04:00,15.91,15.91,15.88,15.88,6231.0,15.897
2026-05-21 11:19:00-04:00,15.9,15.9,15.89,15.9,1500.0,15.893
2026-05-21 11:20:00-04:00,15.9,15.91,15.89,15.91,2856.0,15.895
2026-05-21 11:21:00-04:00,15.91,15.91,15.89,15.89,2669.0,15.895
2026-05-21 11:22:00-04:00,15.88,15.92,15.88,15.9,10244.0,15.899
2026-05-21 11:23:00-04:00,15.9,15.93,15.9,15.9,22575.0,15.917
2026-05-21 11:24:00-04:00,15.9,15.9,15.88,15.9,10066.0,15.899
2026-05-21 11:25:00-04:00,15.9,15.91,15.88,15.88,28371.0,15.899
2026-05-21 11:26:00-04:00,15.88,15.9,15.88,15.89,2200.0,15.89
2026-05-21 11:27:00-04:00,15.9,15.9,15.86,15.87,10128.0,15.876
2026-05-21 11:28:00-04:00,15.87,15.88,15.86,15.88,1568.0,15.871
2026-05-21 11:29:00-04:00,15.88,15.9,15.88,15.89,3181.0,15.886
2026-05-21 11:30:00-04:00,15.89,15.89,15.87,15.87,3522.0,15.88
2026-05-21 11:31:00-04:00,15.87,15.88,15.86,15.87,23756.0,15.874
2026-05-21 11:32:00-04:00,15.87,15.88,15.87,15.88,1467.0,15.877
2026-05-21 11:33:00-04:00,15.88,15.88,15.87,15.88,7186.0,15.878
2026-05-21 11:34:00-04:00,15.88,15.88,15.83,15.84,6003.0,15.845
2026-05-21 11:35:00-04:00,15.85,15.86,15.83,15.86,2399.0,15.844
2026-05-21 11:36:00-04:00,15.85,15.86,15.82,15.84,12932.0,15.828
2026-05-21 11:37:00-04:00,15.84,15.86,15.84,15.85,1722.0,15.852
2026-05-21 11:38:00-04:00,15.86,15.86,15.84,15.85,2763.0,15.854
2026-05-21 11:39:00-04:00,15.85,15.86,15.85,15.86,700.0,15.851
2026-05-21 11:40:00-04:00,15.86,15.87,15.84,15.84,4722.0,15.853
2026-05-21 11:41:00-04:00,15.85,15.85,15.79,15.81,11474.0,15.807
2026-05-21 11:42:00-04:00,15.81,15.83,15.81,15.81,4435.0,15.818
2026-05-21 11:43:00-04:00,15.81,15.82,15.78,15.81,6934.0,15.803
2026-05-21 11:44:00-04:00,15.81,15.83,15.8,15.83,9443.0,15.82
2026-05-21 11:45:00-04:00,15.84,15.84,15.82,15.83,1118.0,15.831
2026-05-21 11:46:00-04:00,15.82,15.83,15.82,15.82,2357.0,15.828
2026-05-21 11:47:00-04:00,15.82,15.84,15.82,15.83,2219.0,15.833
2026-05-21 11:48:00-04:00,15.84,15.84,15.82,15.82,1284.0,15.828
2026-05-21 11:49:00-04:00,15.83,15.84,15.83,15.83,2161.0,15.834
2026-05-21 11:50:00-04:00,15.85,15.85,15.81,15.81,4802.0,15.824
2026-05-21 11:51:00-04:00,15.8,15.81,15.8,15.8,1439.0,15.805
2026-05-21 11:52:00-04:00,15.81,15.81,15.79,15.79,1627.0,15.799
2026-05-21 11:53:00-04:00,15.81,15.81,15.8,15.81,402.0,15.809
2026-05-21 11:54:00-04:00,15.81,15.82,15.79,15.79,12202.0,15.809
2026-05-21 11:55:00-04:00,15.79,15.8,15.78,15.79,953.0,15.788
2026-05-21 11:56:00-04:00,15.8,15.82,15.8,15.81,3240.0,15.803
2026-05-21 11:57:00-04:00,15.82,15.82,15.81,15.81,7688.0,15.811
2026-05-21 11:58:00-04:00,15.81,15.82,15.81,15.82,1447.0,15.816
2026-05-21 11:59:00-04:00,15.82,15.82,15.8,15.8,2440.0,15.809
2026-05-21 12:00:00-04:00,15.81,15.83,15.81,15.83,3211.0,15.819
2026-05-21 12:01:00-04:00,15.82,15.83,15.81,15.81,1700.0,15.821
2026-05-21 12:02:00-04:00,15.8,15.82,15.79,15.81,3570.0,15.807
2026-05-21 12:03:00-04:00,15.82,15.82,15.81,15.82,910.0,15.815
2026-05-21 12:04:00-04:00,15.82,15.83,15.79,15.8,13198.0,15.804
2026-05-21 12:05:00-04:00,15.81,15.85,15.81,15.81,16039.0,15.828
2026-05-21 12:06:00-04:00,15.81,15.81,15.8,15.81,740.0,15.809
2026-05-21 12:07:00-04:00,15.8,15.84,15.8,15.83,2747.0,15.819
2026-05-21 12:08:00-04:00,15.83,15.84,15.82,15.82,2164.0,15.83
2026-05-21 12:09:00-04:00,15.82,15.83,15.81,15.81,2525.0,15.818
2026-05-21 12:10:00-04:00,15.82,15.82,15.81,15.81,5277.0,15.816
2026-05-21 12:11:00-04:00,15.81,15.82,15.78,15.79,4461.0,15.796
2026-05-21 12:12:00-04:00,15.79,15.8,15.79,15.8,1506.0,15.793
2026-05-21 12:13:00-04:00,15.8,15.83,15.8,15.82,8221.0,15.808
2026-05-21 12:14:00-04:00,15.83,15.83,15.81,15.82,12123.0,15.816
2026-05-21 12:15:00-04:00,15.82,15.83,15.81,15.81,3014.0,15.822
2026-05-21 12:16:00-04:00,15.82,15.84,15.82,15.83,2953.0,15.828
2026-05-21 12:17:00-04:00,15.83,15.86,15.83,15.84,13003.0,15.841
2026-05-21 12:18:00-04:00,15.84,15.84,15.83,15.83,2866.0,15.835
2026-05-21 12:19:00-04:00,15.83,15.85,15.83,15.84,3926.0,15.839
2026-05-21 12:20:00-04:00,15.84,15.85,15.84,15.84,1854.0,15.842
2026-05-21 12:21:00-04:00,15.83,15.84,15.82,15.82,3136.0,15.832
2026-05-21 12:22:00-04:00,15.82,15.83,15.8,15.8,2740.0,15.817
2026-05-21 12:23:00-04:00,15.79,15.8,15.77,15.79,5501.0,15.785
2026-05-21 12:24:00-04:00,15.78,15.78,15.76,15.77,1941.0,15.772
2026-05-21 12:25:00-04:00,15.78,15.78,15.77,15.78,2712.0,15.778
2026-05-21 12:26:00-04:00,15.79,15.79,15.78,15.79,2647.0,15.783
2026-05-21 12:27:00-04:00,15.78,15.8,15.77,15.79,4387.0,15.784
2026-05-21 12:28:00-04:00,15.79,15.8,15.78,15.78,2971.0,15.788
2026-05-21 12:29:00-04:00,15.77,15.77,15.76,15.76,565.0,15.768
2026-05-21 12:30:00-04:00,15.77,15.78,15.77,15.77,1890.0,15.777
2026-05-21 12:31:00-04:00,15.77,15.77,15.77,15.77,0.0,15.77
2026-05-21 12:32:00-04:00,15.77,15.79,15.77,15.79,1690.0,15.781
2026-05-21 12:33:00-04:00,15.8,15.86,15.8,15.81,26229.0,15.826
2026-05-21 12:34:00-04:00,15.8,15.82,15.8,15.82,1838.0,15.813
2026-05-21 12:35:00-04:00,15.83,15.84,15.82,15.84,2900.0,15.829
2026-05-21 12:36:00-04:00,15.84,15.84,15.81,15.81,5014.0,15.825
2026-05-21 12:37:00-04:00,15.81,15.83,15.81,15.82,1472.0,15.823
2026-05-21 12:38:00-04:00,15.82,15.82,15.81,15.82,2573.0,15.815
2026-05-21 12:39:00-04:00,15.82,15.83,15.82,15.82,100.0,15.825
2026-05-21 12:40:00-04:00,15.82,15.83,15.82,15.83,5911.0,15.828
2026-05-21 12:41:00-04:00,15.83,15.83,15.83,15.83,0.0,15.83
2026-05-21 12:42:00-04:00,15.83,15.83,15.81,15.81,4248.0,15.821
2026-05-21 12:43:00-04:00,15.81,15.81,15.77,15.77,13158.0,15.797
2026-05-21 12:44:00-04:00,15.76,15.8,15.76,15.8,4437.0,15.771
2026-05-21 12:45:00-04:00,15.8,15.8,15.79,15.79,1341.0,15.797
2026-05-21 12:46:00-04:00,15.79,15.8,15.76,15.78,8913.0,15.776
2026-05-21 12:47:00-04:00,15.78,15.79,15.77,15.79,6832.0,15.782
2026-05-21 12:48:00-04:00,15.79,15.8,15.78,15.78,7690.0,15.782
2026-05-21 12:49:00-04:00,15.78,15.78,15.77,15.77,7235.0,15.774
2026-05-21 12:50:00-04:00,15.78,15.78,15.77,15.78,3968.0,15.772
2026-05-21 12:51:00-04:00,15.77,15.8,15.77,15.78,3445.0,15.783
2026-05-21 12:52:00-04:00,15.78,15.79,15.76,15.77,20761.0,15.779
2026-05-21 12:53:00-04:00,15.77,15.78,15.77,15.78,3920.0,15.771
2026-05-21 12:54:00-04:00,15.78,15.79,15.77,15.78,2988.0,15.78
2026-05-21 12:55:00-04:00,15.78,15.78,15.77,15.77,1840.0,15.778
2026-05-21 12:56:00-04:00,15.77,15.78,15.77,15.77,4162.0,15.772
2026-05-21 12:57:00-04:00,15.76,15.77,15.76,15.77,1689.0,15.768
2026-05-21 12:58:00-04:00,15.77,15.78,15.76,15.77,6227.0,15.77
2026-05-21 12:59:00-04:00,15.76,15.76,15.75,15.75,1016.0,15.759
2026-05-21 13:00:00-04:00,15.76,15.77,15.75,15.75,4325.0,15.758
2026-05-21 13:01:00-04:00,15.76,15.76,15.74,15.75,13186.0,15.749
2026-05-21 13:02:00-04:00,15.75,15.76,15.75,15.76,4555.0,15.752
2026-05-21 13:03:00-04:00,15.75,15.76,15.75,15.76,1269.0,15.756
2026-05-21 13:04:00-04:00,15.76,15.76,15.75,15.75,1234.0,15.755
2026-05-21 13:05:00-04:00,15.75,15.76,15.74,15.74,2499.0,15.749
2026-05-21 13:06:00-04:00,15.74,15.77,15.73,15.76,7500.0,15.752
2026-05-21 13:07:00-04:00,15.77,15.8,15.76,15.77,14174.0,15.786
2026-05-21 13:08:00-04:00,15.76,15.77,15.74,15.76,4638.0,15.754
2026-05-21 13:09:00-04:00,15.77,15.78,15.77,15.77,3092.0,15.772
2026-05-21 13:10:00-04:00,15.78,15.85,15.78,15.85,10135.0,15.811
2026-05-21 13:11:00-04:00,15.85,15.89,15.85,15.85,7299.0,15.87
2026-05-21 13:12:00-04:00,15.86,15.87,15.83,15.86,7865.0,15.853
2026-05-21 13:13:00-04:00,15.85,15.85,15.84,15.85,1088.0,15.846
2026-05-21 13:14:00-04:00,15.84,15.84,15.83,15.84,2801.0,15.839
2026-05-21 13:15:00-04:00,15.84,15.87,15.83,15.86,4371.0,15.85
2026-05-21 13:16:00-04:00,15.87,15.94,15.87,15.94,17173.0,15.893
2026-05-21 13:17:00-04:00,15.94,15.95,15.9,15.9,11278.0,15.92
2026-05-21 13:18:00-04:00,15.89,15.93,15.87,15.88,18639.0,15.91
2026-05-21 13:19:00-04:00,15.88,15.89,15.88,15.88,1999.0,15.882
2026-05-21 13:20:00-04:00,15.88,15.92,15.87,15.92,8182.0,15.893
2026-05-21 13:21:00-04:00,15.92,15.95,15.91,15.94,6403.0,15.926
2026-05-21 13:22:00-04:00,15.94,15.95,15.92,15.92,3998.0,15.937
2026-05-21 13:23:00-04:00,15.92,15.92,15.85,15.88,16547.0,15.882
2026-05-21 13:24:00-04:00,15.89,15.89,15.88,15.88,400.0,15.885
2026-05-21 13:25:00-04:00,15.88,15.92,15.88,15.91,13867.0,15.914
2026-05-21 13:26:00-04:00,15.91,15.92,15.9,15.9,1767.0,15.91
2026-05-21 13:27:00-04:00,15.91,15.92,15.88,15.88,4270.0,15.908
2026-05-21 13:28:00-04:00,15.88,15.89,15.87,15.89,3595.0,15.882
2026-05-21 13:29:00-04:00,15.89,15.89,15.88,15.88,10655.0,15.884
2026-05-21 13:30:00-04:00,15.88,15.91,15.88,15.9,6598.0,15.897
2026-05-21 13:31:00-04:00,15.91,15.94,15.9,15.94,3736.0,15.917
2026-05-21 13:32:00-04:00,15.94,15.95,15.93,15.93,4755.0,15.935
2026-05-21 13:33:00-04:00,15.93,15.94,15.91,15.93,12635.0,15.923
2026-05-21 13:34:00-04:00,15.91,15.95,15.91,15.95,14123.0,15.937
2026-05-21 13:35:00-04:00,15.94,15.95,15.92,15.93,2691.0,15.937
2026-05-21 13:36:00-04:00,15.92,15.95,15.92,15.93,4666.0,15.932
2026-05-21 13:37:00-04:00,15.93,15.93,15.92,15.92,1917.0,15.929
2026-05-21 13:38:00-04:00,15.93,15.93,15.92,15.92,2101.0,15.924
2026-05-21 13:39:00-04:00,15.92,15.94,15.92,15.94,2330.0,15.932
2026-05-21 13:40:00-04:00,15.94,15.95,15.94,15.95,2667.0,15.944
2026-05-21 13:41:00-04:00,15.95,15.98,15.95,15.97,5879.0,15.968
2026-05-21 13:42:00-04:00,15.97,15.99,15.97,15.97,2957.0,15.979
2026-05-21 13:43:00-04:00,15.97,15.97,15.96,15.96,3585.0,15.964
2026-05-21 13:44:00-04:00,15.96,15.99,15.95,15.98,3383.0,15.97
2026-05-21 13:45:00-04:00,15.98,15.99,15.97,15.98,4409.0,15.981
2026-05-21 13:46:00-04:00,15.98,16.02,15.98,16.01,4960.0,16.0
2026-05-21 13:47:00-04:00,16.01,16.04,16.0,16.03,6917.0,16.019
2026-05-21 13:48:00-04:00,16.02,16.03,16.01,16.02,6602.0,16.02
2026-05-21 13:49:00-04:00,16.03,16.04,16.03,16.03,6460.0,16.032
2026-05-21 13:50:00-04:00,16.04,16.06,16.03,16.05,11846.0,16.042
2026-05-21 13:51:00-04:00,16.06,16.06,16.04,16.05,3480.0,16.05
2026-05-21 13:52:00-04:00,16.06,16.07,16.05,16.05,7185.0,16.055
2026-05-21 13:53:00-04:00,16.06,16.1,16.06,16.09,6223.0,16.075
2026-05-21 13:54:00-04:00,16.09,16.12,16.09,16.11,6394.0,16.107
2026-05-21 13:55:00-04:00,16.1,16.14,16.09,16.09,12362.0,16.109
2026-05-21 13:56:00-04:00,16.1,16.11,16.09,16.11,6135.0,16.099
2026-05-21 13:57:00-04:00,16.11,16.11,16.09,16.09,3372.0,16.097
2026-05-21 13:58:00-04:00,16.09,16.11,16.09,16.11,4913.0,16.1
2026-05-21 13:59:00-04:00,16.11,16.11,16.08,16.08,8227.0,16.091
2026-05-21 14:00:00-04:00,16.08,16.1,16.07,16.09,4728.0,16.085
2026-05-21 14:01:00-04:00,16.09,16.09,16.06,16.07,10648.0,16.08
2026-05-21 14:02:00-04:00,16.07,16.08,16.07,16.07,2766.0,16.079
2026-05-21 14:03:00-04:00,16.07,16.12,16.07,16.12,12298.0,16.09
2026-05-21 14:04:00-04:00,16.12,16.13,16.11,16.11,18570.0,16.12
2026-05-21 14:05:00-04:00,16.11,16.12,16.1,16.11,3622.0,16.109
2026-05-21 14:06:00-04:00,16.11,16.11,16.09,16.09,10651.0,16.099
2026-05-21 14:07:00-04:00,16.09,16.1,16.08,16.1,6952.0,16.085
2026-05-21 14:08:00-04:00,16.1,16.11,16.09,16.11,5638.0,16.101
2026-05-21 14:09:00-04:00,16.11,16.11,16.09,16.09,3377.0,16.1
2026-05-21 14:10:00-04:00,16.1,16.11,16.08,16.09,4150.0,16.097
2026-05-21 14:11:00-04:00,16.09,16.1,16.07,16.09,6208.0,16.083
2026-05-21 14:12:00-04:00,16.1,16.12,16.1,16.1,4539.0,16.105
2026-05-21 14:13:00-04:00,16.09,16.1,16.08,16.09,1220.0,16.09
2026-05-21 14:14:00-04:00,16.09,16.09,16.07,16.07,5174.0,16.078
2026-05-21 14:15:00-04:00,16.06,16.08,16.05,16.07,7222.0,16.067
2026-05-21 14:16:00-04:00,16.07,16.09,16.07,16.07,12947.0,16.075
2026-05-21 14:17:00-04:00,16.07,16.08,16.05,16.05,4341.0,16.063
2026-05-21 14:18:00-04:00,16.06,16.1,16.06,16.09,5556.0,16.076
2026-05-21 14:19:00-04:00,16.09,16.09,16.06,16.06,5316.0,16.073
2026-05-21 14:20:00-04:00,16.06,16.06,15.99,16.0,50847.0,16.016
2026-05-21 14:21:00-04:00,16.0,16.01,15.97,15.97,4742.0,15.998
2026-05-21 14:22:00-04:00,15.98,15.99,15.97,15.98,3310.0,15.982
2026-05-21 14:23:00-04:00,15.98,16.0,15.98,16.0,4782.0,15.983
2026-05-21 14:24:00-04:00,16.0,16.02,16.0,16.01,19785.0,16.007
2026-05-21 14:25:00-04:00,16.02,16.03,16.01,16.02,4529.0,16.018
2026-05-21 14:26:00-04:00,16.02,16.02,15.98,15.99,6324.0,16.004
2026-05-21 14:27:00-04:00,15.98,16.0,15.98,15.98,6822.0,15.988
2026-05-21 14:28:00-04:00,15.98,16.0,15.98,15.99,7307.0,15.991
2026-05-21 14:29:00-04:00,16.0,16.0,15.99,15.99,2647.0,15.994
2026-05-21 14:30:00-04:00,15.99,16.01,15.97,15.97,13644.0,15.998
2026-05-21 14:31:00-04:00,15.98,15.99,15.98,15.99,2811.0,15.988
2026-05-21 14:32:00-04:00,15.98,16.0,15.97,15.99,3950.0,15.987
2026-05-21 14:33:00-04:00,15.99,16.0,15.98,15.99,5157.0,15.991
2026-05-21 14:34:00-04:00,15.98,15.99,15.98,15.98,432.0,15.984
2026-05-21 14:35:00-04:00,15.98,15.99,15.98,15.98,1500.0,15.985
2026-05-21 14:36:00-04:00,15.98,15.99,15.98,15.99,1700.0,15.986
2026-05-21 14:37:00-04:00,15.98,15.99,15.95,15.96,9647.0,15.967
2026-05-21 14:38:00-04:00,15.96,15.96,15.94,15.95,7783.0,15.949
2026-05-21 14:39:00-04:00,15.94,15.96,15.94,15.96,2092.0,15.955
2026-05-21 14:40:00-04:00,15.96,15.96,15.95,15.96,3529.0,15.958
2026-05-21 14:41:00-04:00,15.96,15.97,15.96,15.97,5596.0,15.96
2026-05-21 14:42:00-04:00,15.96,15.97,15.96,15.96,1003.0,15.965
2026-05-21 14:43:00-04:00,15.96,15.97,15.96,15.96,1070.0,15.965
2026-05-21 14:44:00-04:00,15.96,15.96,15.95,15.95,6826.0,15.957
2026-05-21 14:45:00-04:00,15.96,15.96,15.95,15.96,2053.0,15.955
2026-05-21 14:46:00-04:00,15.96,15.96,15.95,15.95,4778.0,15.951
2026-05-21 14:47:00-04:00,15.94,15.94,15.92,15.92,10256.0,15.931
2026-05-21 14:48:00-04:00,15.92,15.92,15.88,15.9,9462.0,15.896
2026-05-21 14:49:00-04:00,15.89,15.9,15.88,15.89,15296.0,15.885
2026-05-21 14:50:00-04:00,15.88,15.89,15.88,15.88,1430.0,15.882
2026-05-21 14:51:00-04:00,15.88,15.9,15.88,15.89,8924.0,15.89
2026-05-21 14:52:00-04:00,15.89,15.89,15.83,15.86,13917.0,15.859
2026-05-21 14:53:00-04:00,15.85,15.85,15.84,15.84,3107.0,15.848
2026-05-21 14:54:00-04:00,15.83,15.83,15.78,15.8,14607.0,15.804
2026-05-21 14:55:00-04:00,15.79,15.8,15.78,15.8,11139.0,15.789
2026-05-21 14:56:00-04:00,15.81,15.81,15.79,15.8,6481.0,15.802
2026-05-21 14:57:00-04:00,15.79,15.83,15.74,15.82,39956.0,15.769
2026-05-21 14:58:00-04:00,15.81,15.82,15.81,15.82,3900.0,15.813
2026-05-21 14:59:00-04:00,15.8,15.82,15.8,15.81,8708.0,15.811
2026-05-21 15:00:00-04:00,15.82,15.83,15.81,15.81,6331.0,15.818
2026-05-21 15:01:00-04:00,15.82,15.85,15.81,15.85,6762.0,15.832
2026-05-21 15:02:00-04:00,15.84,15.86,15.84,15.84,2076.0,15.847
2026-05-21 15:03:00-04:00,15.83,15.85,15.83,15.84,7515.0,15.84
2026-05-21 15:04:00-04:00,15.85,15.85,15.83,15.84,6703.0,15.841
2026-05-21 15:05:00-04:00,15.84,15.84,15.83,15.83,3228.0,15.838
2026-05-21 15:06:00-04:00,15.84,15.84,15.83,15.83,6114.0,15.833
2026-05-21 15:07:00-04:00,15.83,15.84,15.82,15.82,5461.0,15.831
2026-05-21 15:08:00-04:00,15.82,15.84,15.82,15.83,4135.0,15.822
2026-05-21 15:09:00-04:00,15.83,15.83,15.81,15.81,2335.0,15.821
2026-05-21 15:10:00-04:00,15.81,15.84,15.81,15.84,10477.0,15.827
2026-05-21 15:11:00-04:00,15.83,15.83,15.81,15.81,6240.0,15.822
2026-05-21 15:12:00-04:00,15.81,15.82,15.81,15.81,1868.0,15.816
2026-05-21 15:13:00-04:00,15.81,15.83,15.78,15.79,14278.0,15.819
2026-05-21 15:14:00-04:00,15.78,15.78,15.74,15.76,7216.0,15.76
2026-05-21 15:15:00-04:00,15.76,15.79,15.73,15.79,58035.0,15.76
2026-05-21 15:16:00-04:00,15.79,15.79,15.77,15.78,4304.0,15.784
2026-05-21 15:17:00-04:00,15.77,15.78,15.76,15.77,6054.0,15.77
2026-05-21 15:18:00-04:00,15.78,15.79,15.78,15.79,4430.0,15.784
2026-05-21 15:19:00-04:00,15.79,15.79,15.75,15.76,10936.0,15.768
2026-05-21 15:20:00-04:00,15.77,15.79,15.77,15.79,6857.0,15.78
2026-05-21 15:21:00-04:00,15.79,15.79,15.78,15.79,6495.0,15.789
2026-05-21 15:22:00-04:00,15.78,15.78,15.77,15.77,6591.0,15.778
2026-05-21 15:23:00-04:00,15.77,15.78,15.76,15.76,4839.0,15.769
2026-05-21 15:24:00-04:00,15.76,15.78,15.74,15.74,12214.0,15.762
2026-05-21 15:25:00-04:00,15.74,15.75,15.74,15.74,9656.0,15.744
2026-05-21 15:26:00-04:00,15.75,15.75,15.73,15.73,6902.0,15.741
2026-05-21 15:27:00-04:00,15.73,15.75,15.72,15.74,12609.0,15.731
2026-05-21 15:28:00-04:00,15.75,15.76,15.74,15.75,3857.0,15.751
2026-05-21 15:29:00-04:00,15.75,15.76,15.73,15.75,11679.0,15.747
2026-05-21 15:30:00-04:00,15.76,15.78,15.76,15.77,5132.0,15.768
2026-05-21 15:31:00-04:00,15.78,15.79,15.77,15.78,12700.0,15.779
2026-05-21 15:32:00-04:00,15.78,15.8,15.78,15.8,12577.0,15.784
2026-05-21 15:33:00-04:00,15.79,15.8,15.77,15.79,34847.0,15.785
2026-05-21 15:34:00-04:00,15.79,15.81,15.78,15.8,12090.0,15.793
2026-05-21 15:35:00-04:00,15.81,15.84,15.81,15.83,10978.0,15.823
2026-05-21 15:36:00-04:00,15.83,15.85,15.83,15.85,6576.0,15.84
2026-05-21 15:37:00-04:00,15.85,15.87,15.82,15.82,29658.0,15.845
2026-05-21 15:38:00-04:00,15.81,15.82,15.8,15.8,9574.0,15.811
2026-05-21 15:39:00-04:00,15.8,15.81,15.8,15.8,6342.0,15.805
2026-05-21 15:40:00-04:00,15.8,15.81,15.8,15.8,6087.0,15.802
2026-05-21 15:41:00-04:00,15.8,15.81,15.79,15.79,15065.0,15.798
2026-05-21 15:42:00-04:00,15.79,15.8,15.78,15.79,11261.0,15.786
2026-05-21 15:43:00-04:00,15.79,15.8,15.78,15.79,11748.0,15.792
2026-05-21 15:44:00-04:00,15.79,15.82,15.79,15.81,12091.0,15.806
2026-05-21 15:45:00-04:00,15.82,15.82,15.81,15.81,11390.0,15.814
2026-05-21 15:46:00-04:00,15.81,15.82,15.8,15.82,20613.0,15.81
2026-05-21 15:47:00-04:00,15.82,15.82,15.81,15.81,8827.0,15.813
2026-05-21 15:48:00-04:00,15.81,15.82,15.81,15.81,12912.0,15.818
2026-05-21 15:49:00-04:00,15.81,15.82,15.79,15.79,24077.0,15.805
2026-05-21 15:50:00-04:00,15.79,15.8,15.77,15.79,22796.0,15.785
2026-05-21 15:51:00-04:00,15.79,15.82,15.78,15.79,28973.0,15.808
2026-05-21 15:52:00-04:00,15.78,15.8,15.78,15.79,9294.0,15.792
2026-05-21 15:53:00-04:00,15.79,15.8,15.77,15.8,43725.0,15.79
2026-05-21 15:54:00-04:00,15.79,15.8,15.77,15.77,20735.0,15.779
2026-05-21 15:55:00-04:00,15.77,15.87,15.77,15.82,104928.0,15.833
2026-05-21 15:56:00-04:00,15.82,15.86,15.82,15.85,35750.0,15.832
2026-05-21 15:57:00-04:00,15.86,15.86,15.83,15.85,70468.0,15.848
2026-05-21 15:58:00-04:00,15.85,15.9,15.84,15.9,87491.0,15.857
2026-05-21 15:59:00-04:00,15.9,15.95,15.89,15.93,136454.0,15.919
2026-05-22 09:30:00-04:00,16.03,16.09,15.94,16.09,50484.0,16.005
2026-05-22 09:31:00-04:00,16.09,16.25,16.09,16.18,22914.0,16.175
2026-05-22 09:32:00-04:00,16.18,16.2,16.13,16.14,6867.0,16.162
2026-05-22 09:33:00-04:00,16.14,16.18,16.07,16.08,12817.0,16.099
2026-05-22 09:34:00-04:00,16.11,16.11,16.03,16.08,23224.0,16.065
2026-05-22 09:35:00-04:00,16.06,16.2,16.06,16.16,14464.0,16.13
2026-05-22 09:36:00-04:00,16.16,16.16,16.1,16.15,16190.0,16.142
2026-05-22 09:37:00-04:00,16.1,16.1,15.99,16.03,18759.0,16.064
2026-05-22 09:38:00-04:00,16.05,16.3,16.05,16.22,44976.0,16.201
2026-05-22 09:39:00-04:00,16.25,16.28,16.2,16.23,9436.0,16.235
2026-05-22 09:40:00-04:00,16.22,16.26,16.13,16.25,15204.0,16.208
2026-05-22 09:41:00-04:00,16.22,16.34,16.22,16.28,35546.0,16.301
2026-05-22 09:42:00-04:00,16.29,16.36,16.28,16.36,94009.0,16.347
2026-05-22 09:43:00-04:00,16.36,16.36,16.18,16.19,32779.0,16.239
2026-05-22 09:44:00-04:00,16.21,16.29,16.19,16.27,10133.0,16.231
2026-05-22 09:45:00-04:00,16.25,16.35,16.25,16.3,9735.0,16.306
2026-05-22 09:46:00-04:00,16.3,16.32,16.27,16.32,4890.0,16.302
2026-05-22 09:47:00-04:00,16.32,16.4,16.3,16.3,26148.0,16.355
2026-05-22 09:48:00-04:00,16.3,16.32,16.22,16.22,5299.0,16.294
2026-05-22 09:49:00-04:00,16.2,16.27,16.17,16.27,7078.0,16.227
2026-05-22 09:50:00-04:00,16.28,16.28,16.21,16.23,6993.0,16.24
2026-05-22 09:51:00-04:00,16.22,16.23,16.21,16.21,6475.0,16.219
2026-05-22 09:52:00-04:00,16.22,16.24,16.2,16.22,6809.0,16.222
2026-05-22 09:53:00-04:00,16.21,16.23,16.19,16.2,6823.0,16.205
2026-05-22 09:54:00-04:00,16.2,16.22,16.15,16.15,3618.0,16.198
2026-05-22 09:55:00-04:00,16.16,16.2,16.16,16.16,2583.0,16.18
2026-05-22 09:56:00-04:00,16.17,16.17,16.1,16.13,37304.0,16.113
2026-05-22 09:57:00-04:00,16.11,16.13,16.08,16.11,12785.0,16.108
2026-05-22 09:58:00-04:00,16.08,16.08,16.01,16.03,11738.0,16.052
2026-05-22 09:59:00-04:00,16.03,16.06,16.03,16.05,5591.0,16.044
2026-05-22 10:00:00-04:00,16.02,16.1,16.01,16.04,8224.0,16.068
2026-05-22 10:01:00-04:00,16.06,16.16,16.06,16.13,12815.0,16.113
2026-05-22 10:02:00-04:00,16.13,16.16,16.09,16.16,3682.0,16.129
2026-05-22 10:03:00-04:00,16.15,16.22,16.13,16.22,5013.0,16.187
2026-05-22 10:04:00-04:00,16.22,16.26,16.19,16.2,15956.0,16.217
2026-05-22 10:05:00-04:00,16.2,16.2,16.17,16.18,4698.0,16.194
2026-05-22 10:06:00-04:00,16.17,16.19,16.16,16.18,5903.0,16.178
2026-05-22 10:07:00-04:00,16.16,16.16,16.11,16.11,4739.0,16.133
2026-05-22 10:08:00-04:00,16.12,16.13,16.11,16.11,5170.0,16.115
2026-05-22 10:09:00-04:00,16.13,16.19,16.13,16.19,14124.0,16.146
2026-05-22 10:10:00-04:00,16.19,16.19,16.16,16.16,5848.0,16.165
2026-05-22 10:11:00-04:00,16.15,16.15,16.11,16.12,5956.0,16.127
2026-05-22 10:12:00-04:00,16.1,16.14,16.1,16.12,6464.0,16.127
2026-05-22 10:13:00-04:00,16.12,16.15,16.1,16.11,28111.0,16.109
2026-05-22 10:14:00-04:00,16.12,16.12,16.02,16.03,105545.0,16.091
2026-05-22 10:15:00-04:00,16.04,16.06,15.98,16.04,69614.0,16.003
2026-05-22 10:16:00-04:00,16.04,16.06,16.04,16.06,7400.0,16.044
2026-05-22 10:17:00-04:00,16.06,16.07,16.04,16.05,19088.0,16.05
2026-05-22 10:18:00-04:00,16.05,16.09,16.05,16.07,10960.0,16.061
2026-05-22 10:19:00-04:00,16.06,16.07,16.05,16.05,3513.0,16.058
2026-05-22 10:20:00-04:00,16.06,16.06,16.03,16.04,5338.0,16.043
2026-05-22 10:21:00-04:00,16.03,16.03,16.01,16.01,2800.0,16.016
2026-05-22 10:22:00-04:00,16.0,16.0,15.97,15.97,27405.0,15.993
2026-05-22 10:23:00-04:00,15.97,15.98,15.95,15.97,7563.0,15.967
2026-05-22 10:24:00-04:00,15.97,15.98,15.91,15.96,30960.0,15.923
2026-05-22 10:25:00-04:00,15.96,15.99,15.95,15.99,8185.0,15.956
2026-05-22 10:26:00-04:00,15.98,15.99,15.96,15.96,8612.0,15.973
2026-05-22 10:27:00-04:00,15.96,15.99,15.96,15.98,9852.0,15.973
2026-05-22 10:28:00-04:00,15.98,15.98,15.93,15.94,22472.0,15.956
2026-05-22 10:29:00-04:00,15.95,15.99,15.95,15.99,5500.0,15.964
2026-05-22 10:30:00-04:00,16.0,16.0,15.98,15.99,10908.0,15.995
2026-05-22 10:31:00-04:00,16.0,16.02,15.97,16.02,27811.0,15.999
2026-05-22 10:32:00-04:00,16.04,16.06,16.02,16.06,13934.0,16.039
2026-05-22 10:33:00-04:00,16.06,16.08,16.04,16.07,8628.0,16.064
2026-05-22 10:34:00-04:00,16.07,16.1,16.05,16.09,13590.0,16.073
2026-05-22 10:35:00-04:00,16.1,16.1,16.05,16.05,7702.0,16.075
2026-05-22 10:36:00-04:00,16.05,16.06,16.04,16.06,7703.0,16.043
2026-05-22 10:37:00-04:00,16.06,16.07,16.05,16.06,3489.0,16.056
2026-05-22 10:38:00-04:00,16.06,16.06,16.05,16.06,1045.0,16.057
2026-05-22 10:39:00-04:00,16.07,16.1,16.07,16.08,9971.0,16.085
2026-05-22 10:40:00-04:00,16.08,16.14,16.08,16.13,47117.0,16.108
2026-05-22 10:41:00-04:00,16.13,16.17,16.11,16.17,10322.0,16.136
2026-05-22 10:42:00-04:00,16.17,16.22,16.17,16.22,14108.0,16.186
2026-05-22 10:43:00-04:00,16.22,16.23,16.19,16.19,8605.0,16.212
2026-05-22 10:44:00-04:00,16.19,16.19,16.17,16.18,7521.0,16.185
2026-05-22 10:45:00-04:00,16.19,16.19,16.18,16.18,2677.0,16.186
2026-05-22 10:46:00-04:00,16.17,16.17,16.13,16.13,3682.0,16.151
2026-05-22 10:47:00-04:00,16.12,16.14,16.09,16.13,11423.0,16.103
2026-05-22 10:48:00-04:00,16.14,16.16,16.13,16.16,5359.0,16.144
2026-05-22 10:49:00-04:00,16.17,16.18,16.15,16.15,8343.0,16.164
2026-05-22 10:50:00-04:00,16.14,16.17,16.14,16.16,4401.0,16.153
2026-05-22 10:51:00-04:00,16.17,16.23,16.17,16.22,12341.0,16.204
2026-05-22 10:52:00-04:00,16.23,16.23,16.17,16.17,6570.0,16.204
2026-05-22 10:53:00-04:00,16.17,16.2,16.15,16.19,16855.0,16.171
2026-05-22 10:54:00-04:00,16.18,16.26,16.18,16.21,42816.0,16.229
2026-05-22 10:55:00-04:00,16.2,16.22,16.18,16.2,15054.0,16.203
2026-05-22 10:56:00-04:00,16.2,16.21,16.16,16.16,7177.0,16.181
2026-05-22 10:57:00-04:00,16.16,16.17,16.16,16.17,2900.0,16.165
2026-05-22 10:58:00-04:00,16.17,16.24,16.17,16.21,20464.0,16.22
2026-05-22 10:59:00-04:00,16.21,16.24,16.21,16.24,9014.0,16.226
2026-05-22 11:00:00-04:00,16.24,16.25,16.2,16.2,7228.0,16.229
2026-05-22 11:01:00-04:00,16.2,16.22,16.19,16.19,9899.0,16.203
2026-05-22 11:02:00-04:00,16.2,16.2,16.18,16.18,6431.0,16.196
2026-05-22 11:03:00-04:00,16.18,16.19,16.18,16.19,7045.0,16.186
2026-05-22 11:04:00-04:00,16.18,16.2,16.15,16.16,11826.0,16.171
2026-05-22 11:05:00-04:00,16.17,16.22,16.17,16.2,14446.0,16.196
2026-05-22 11:06:00-04:00,16.2,16.2,16.15,16.15,7565.0,16.186
2026-05-22 11:07:00-04:00,16.16,16.18,16.16,16.17,9491.0,16.163
2026-05-22 11:08:00-04:00,16.18,16.32,16.17,16.23,181854.0,16.28
2026-05-22 11:09:00-04:00,16.23,16.25,16.23,16.25,4186.0,16.244
2026-05-22 11:10:00-04:00,16.24,16.24,16.22,16.23,11259.0,16.229
2026-05-22 11:11:00-04:00,16.22,16.23,16.18,16.18,6020.0,16.203
2026-05-22 11:12:00-04:00,16.19,16.21,16.13,16.2,231222.0,16.197
2026-05-22 11:13:00-04:00,16.2,16.23,16.18,16.18,6443.0,16.206
2026-05-22 11:14:00-04:00,16.18,16.19,16.17,16.18,6920.0,16.184
2026-05-22 11:15:00-04:00,16.18,16.19,16.17,16.18,2604.0,16.18
2026-05-22 11:16:00-04:00,16.18,16.19,16.16,16.16,1863.0,16.176
2026-05-22 11:17:00-04:00,16.16,16.18,16.16,16.17,5137.0,16.167
2026-05-22 11:18:00-04:00,16.17,16.18,16.16,16.16,2029.0,16.169
2026-05-22 11:19:00-04:00,16.17,16.17,16.13,16.15,19470.0,16.148
2026-05-22 11:20:00-04:00,16.15,16.25,16.15,16.24,18320.0,16.201
2026-05-22 11:21:00-04:00,16.25,16.26,16.24,16.25,9149.0,16.25
2026-05-22 11:22:00-04:00,16.25,16.25,16.22,16.25,12348.0,16.232
2026-05-22 11:23:00-04:00,16.25,16.26,16.22,16.25,6587.0,16.238
2026-05-22 11:24:00-04:00,16.26,16.27,16.21,16.21,6965.0,16.251
2026-05-22 11:25:00-04:00,16.21,16.22,16.18,16.21,8094.0,16.207
2026-05-22 11:26:00-04:00,16.22,16.22,16.19,16.2,4396.0,16.21
2026-05-22 11:27:00-04:00,16.2,16.21,16.19,16.2,1300.0,16.206
2026-05-22 11:28:00-04:00,16.2,16.22,16.19,16.21,3694.0,16.201
2026-05-22 11:29:00-04:00,16.21,16.22,16.2,16.21,2773.0,16.21
2026-05-22 11:30:00-04:00,16.21,16.23,16.21,16.22,2916.0,16.219
2026-05-22 11:31:00-04:00,16.21,16.22,16.2,16.2,1754.0,16.207
2026-05-22 11:32:00-04:00,16.2,16.21,16.2,16.2,1340.0,16.202
2026-05-22 11:33:00-04:00,16.19,16.19,16.16,16.16,2106.0,16.178
2026-05-22 11:34:00-04:00,16.16,16.18,16.16,16.16,8469.0,16.164
2026-05-22 11:35:00-04:00,16.16,16.16,16.13,16.13,6700.0,16.155
2026-05-22 11:36:00-04:00,16.14,16.15,16.13,16.13,5760.0,16.138
2026-05-22 11:37:00-04:00,16.13,16.14,16.12,16.12,3424.0,16.126
2026-05-22 11:38:00-04:00,16.11,16.13,16.11,16.12,2793.0,16.119
2026-05-22 11:39:00-04:00,16.12,16.12,16.09,16.09,3787.0,16.106
2026-05-22 11:40:00-04:00,16.09,16.1,16.09,16.09,5924.0,16.095
2026-05-22 11:41:00-04:00,16.09,16.09,16.08,16.09,700.0,16.085
2026-05-22 11:42:00-04:00,16.09,16.1,16.08,16.09,2188.0,16.089
2026-05-22 11:43:00-04:00,16.09,16.09,16.08,16.09,2145.0,16.089
2026-05-22 11:44:00-04:00,16.1,16.11,16.1,16.11,10770.0,16.104
2026-05-22 11:45:00-04:00,16.11,16.12,16.1,16.1,5025.0,16.108
2026-05-22 11:46:00-04:00,16.1,16.11,16.08,16.09,1700.0,16.095
2026-05-22 11:47:00-04:00,16.09,16.09,16.08,16.09,542.0,16.086
2026-05-22 11:48:00-04:00,16.09,16.13,16.09,16.09,15553.0,16.101
2026-05-22 11:49:00-04:00,16.09,16.1,16.09,16.09,4071.0,16.093
2026-05-22 11:50:00-04:00,16.08,16.09,16.02,16.02,28031.0,16.071
2026-05-22 11:51:00-04:00,16.02,16.03,16.0,16.0,9154.0,16.007
2026-05-22 11:52:00-04:00,16.01,16.03,15.99,16.02,11836.0,16.006
2026-05-22 11:53:00-04:00,16.03,16.03,16.02,16.02,1400.0,16.027
2026-05-22 11:54:00-04:00,16.02,16.03,16.01,16.02,2747.0,16.019
2026-05-22 11:55:00-04:00,16.01,16.03,16.0,16.01,7412.0,16.017
2026-05-22 11:56:00-04:00,16.01,16.03,16.0,16.02,3008.0,16.015
2026-05-22 11:57:00-04:00,16.02,16.02,16.0,16.0,2137.0,16.011
2026-05-22 11:58:00-04:00,16.0,16.01,15.98,16.01,11813.0,16.0
2026-05-22 11:59:00-04:00,16.02,16.07,16.0,16.07,32032.0,16.033
2026-05-22 12:00:00-04:00,16.07,16.07,16.04,16.07,21981.0,16.055
2026-05-22 12:01:00-04:00,16.07,16.08,16.06,16.08,12019.0,16.077
2026-05-22 12:02:00-04:00,16.08,16.1,16.08,16.09,5178.0,16.095
2026-05-22 12:03:00-04:00,16.09,16.09,16.09,16.09,0.0,16.09
2026-05-22 12:04:00-04:00,16.08,16.11,16.08,16.11,2848.0,16.091
2026-05-22 12:05:00-04:00,16.1,16.11,16.09,16.09,2707.0,16.098
2026-05-22 12:06:00-04:00,16.08,16.11,16.08,16.09,5455.0,16.089
2026-05-22 12:07:00-04:00,16.11,16.11,16.1,16.11,801.0,16.103
2026-05-22 12:08:00-04:00,16.1,16.1,16.08,16.09,2708.0,16.092
2026-05-22 12:09:00-04:00,16.09,16.11,16.08,16.09,10949.0,16.092
2026-05-22 12:10:00-04:00,16.1,16.1,16.09,16.09,781.0,16.093
2026-05-22 12:11:00-04:00,16.09,16.09,16.08,16.09,2118.0,16.088
2026-05-22 12:12:00-04:00,16.09,16.1,16.08,16.09,2795.0,16.09
2026-05-22 12:13:00-04:00,16.1,16.1,16.07,16.07,8001.0,16.087
2026-05-22 12:14:00-04:00,16.08,16.09,16.08,16.09,1954.0,16.082
2026-05-22 12:15:00-04:00,16.09,16.09,16.08,16.08,2329.0,16.082
2026-05-22 12:16:00-04:00,16.07,16.1,16.07,16.09,6460.0,16.088
2026-05-22 12:17:00-04:00,16.09,16.09,16.06,16.06,2315.0,16.074
2026-05-22 12:18:00-04:00,16.06,16.07,16.05,16.06,3000.0,16.061
2026-05-22 12:19:00-04:00,16.05,16.06,16.03,16.04,6449.0,16.045
2026-05-22 12:20:00-04:00,16.04,16.07,16.04,16.07,4520.0,16.054
2026-05-22 12:21:00-04:00,16.07,16.09,16.07,16.09,3627.0,16.081
2026-05-22 12:22:00-04:00,16.09,16.09,16.08,16.09,1141.0,16.088
2026-05-22 12:23:00-04:00,16.09,16.09,16.06,16.06,3017.0,16.075
2026-05-22 12:24:00-04:00,16.06,16.07,16.05,16.06,3126.0,16.061
2026-05-22 12:25:00-04:00,16.05,16.08,16.05,16.07,20263.0,16.061
2026-05-22 12:26:00-04:00,16.08,16.09,16.08,16.08,1760.0,16.081
2026-05-22 12:27:00-04:00,16.09,16.11,16.08,16.09,3392.0,16.092
2026-05-22 12:28:00-04:00,16.09,16.11,16.08,16.1,5165.0,16.091
2026-05-22 12:29:00-04:00,16.1,16.11,16.1,16.11,1975.0,16.107
2026-05-22 12:30:00-04:00,16.11,16.11,16.1,16.11,2111.0,16.102
2026-05-22 12:31:00-04:00,16.11,16.11,16.09,16.1,2223.0,16.099
2026-05-22 12:32:00-04:00,16.11,16.13,16.11,16.13,3304.0,16.116
2026-05-22 12:33:00-04:00,16.13,16.13,16.12,16.13,3903.0,16.128
2026-05-22 12:34:00-04:00,16.12,16.12,16.11,16.11,1600.0,16.116
2026-05-22 12:35:00-04:00,16.11,16.13,16.11,16.13,2052.0,16.119
2026-05-22 12:36:00-04:00,16.13,16.13,16.08,16.11,9202.0,16.102
2026-05-22 12:37:00-04:00,16.11,16.14,16.11,16.13,4552.0,16.12
2026-05-22 12:38:00-04:00,16.13,16.13,16.12,16.12,1000.0,16.123
2026-05-22 12:39:00-04:00,16.11,16.14,16.11,16.14,18309.0,16.121
2026-05-22 12:40:00-04:00,16.13,16.14,16.13,16.13,1424.0,16.132
2026-05-22 12:41:00-04:00,16.13,16.15,16.13,16.13,6161.0,16.139
2026-05-22 12:42:00-04:00,16.14,16.14,16.13,16.14,550.0,16.137
2026-05-22 12:43:00-04:00,16.13,16.14,16.12,16.13,1858.0,16.132
2026-05-22 12:44:00-04:00,16.13,16.14,16.11,16.11,3370.0,16.125
2026-05-22 12:45:00-04:00,16.11,16.16,16.11,16.15,7018.0,16.135
2026-05-22 12:46:00-04:00,16.15,16.16,16.11,16.14,17173.0,16.136
2026-05-22 12:47:00-04:00,16.14,16.16,16.14,16.15,1317.0,16.151
2026-05-22 12:48:00-04:00,16.14,16.15,16.13,16.14,3300.0,16.142
2026-05-22 12:49:00-04:00,16.14,16.14,16.13,16.13,500.0,16.138
2026-05-22 12:50:00-04:00,16.14,16.14,16.12,16.13,3450.0,16.135
2026-05-22 12:51:00-04:00,16.13,16.13,16.11,16.11,1587.0,16.117
2026-05-22 12:52:00-04:00,16.11,16.12,16.11,16.11,400.0,16.114
2026-05-22 12:53:00-04:00,16.11,16.13,16.1,16.13,5286.0,16.113
2026-05-22 12:54:00-04:00,16.13,16.14,16.11,16.13,2611.0,16.124
2026-05-22 12:55:00-04:00,16.12,16.13,16.12,16.13,38675.0,16.12
2026-05-22 12:56:00-04:00,16.13,16.13,16.12,16.13,1482.0,16.125
2026-05-22 12:57:00-04:00,16.13,16.14,16.12,16.14,4038.0,16.131
2026-05-22 12:58:00-04:00,16.14,16.14,16.14,16.14,200.0,16.14
2026-05-22 12:59:00-04:00,16.14,16.14,16.13,16.13,4644.0,16.131
2026-05-22 13:00:00-04:00,16.14,16.14,16.13,16.13,2820.0,16.136
2026-05-22 13:01:00-04:00,16.13,16.13,16.11,16.11,2046.0,16.12
2026-05-22 13:02:00-04:00,16.11,16.12,16.11,16.12,1950.0,16.119
2026-05-22 13:03:00-04:00,16.13,16.19,16.12,16.18,8422.0,16.145
2026-05-22 13:04:00-04:00,16.18,16.19,16.16,16.19,2870.0,16.171
2026-05-22 13:05:00-04:00,16.2,16.2,16.19,16.2,2487.0,16.198
2026-05-22 13:06:00-04:00,16.2,16.25,16.2,16.25,12516.0,16.236
2026-05-22 13:07:00-04:00,16.25,16.29,16.23,16.28,17985.0,16.256
2026-05-22 13:08:00-04:00,16.28,16.29,16.27,16.28,8637.0,16.279
2026-05-22 13:09:00-04:00,16.28,16.3,16.21,16.22,71900.0,16.248
2026-05-22 13:10:00-04:00,16.22,16.34,16.22,16.33,32808.0,16.265
2026-05-22 13:11:00-04:00,16.33,16.33,16.32,16.32,6468.0,16.325
2026-05-22 13:12:00-04:00,16.32,16.33,16.32,16.33,3140.0,16.327
2026-05-22 13:13:00-04:00,16.33,16.33,16.32,16.32,4838.0,16.326
2026-05-22 13:14:00-04:00,16.32,16.33,16.31,16.33,8439.0,16.32
2026-05-22 13:15:00-04:00,16.32,16.36,16.32,16.36,14903.0,16.342
2026-05-22 13:16:00-04:00,16.36,16.38,16.36,16.38,5818.0,16.365
2026-05-22 13:17:00-04:00,16.38,16.4,16.37,16.39,15624.0,16.386
2026-05-22 13:18:00-04:00,16.39,16.43,16.38,16.41,29389.0,16.4
2026-05-22 13:19:00-04:00,16.41,16.45,16.41,16.41,19903.0,16.426
2026-05-22 13:20:00-04:00,16.41,16.43,16.4,16.43,10270.0,16.414
2026-05-22 13:21:00-04:00,16.43,16.43,16.42,16.43,1890.0,16.425
2026-05-22 13:22:00-04:00,16.43,16.43,16.41,16.41,10216.0,16.419
2026-05-22 13:23:00-04:00,16.41,16.42,16.41,16.42,4540.0,16.413
2026-05-22 13:24:00-04:00,16.41,16.42,16.4,16.42,2478.0,16.413
2026-05-22 13:25:00-04:00,16.43,16.44,16.41,16.43,6984.0,16.428
2026-05-22 13:26:00-04:00,16.43,16.44,16.42,16.43,5264.0,16.429
2026-05-22 13:27:00-04:00,16.42,16.43,16.4,16.43,11050.0,16.412
2026-05-22 13:28:00-04:00,16.43,16.49,16.43,16.47,36222.0,16.461
2026-05-22 13:29:00-04:00,16.47,16.5,16.44,16.5,18085.0,16.463
2026-05-22 13:30:00-04:00,16.5,16.5,16.45,16.46,49707.0,16.479
2026-05-22 13:31:00-04:00,16.45,16.49,16.43,16.47,26735.0,16.452
2026-05-22 13:32:00-04:00,16.47,16.48,16.45,16.45,8688.0,16.459
2026-05-22 13:33:00-04:00,16.45,16.46,16.44,16.44,8156.0,16.448
2026-05-22 13:34:00-04:00,16.45,16.49,16.44,16.48,7995.0,16.466
2026-05-22 13:35:00-04:00,16.47,16.5,16.47,16.49,12750.0,16.493
2026-05-22 13:36:00-04:00,16.49,16.49,16.46,16.46,8716.0,16.475
2026-05-22 13:37:00-04:00,16.46,16.5,16.46,16.5,4151.0,16.478
2026-05-22 13:38:00-04:00,16.47,16.48,16.47,16.47,4000.0,16.478
2026-05-22 13:39:00-04:00,16.47,16.5,16.47,16.48,7688.0,16.483
2026-05-22 13:40:00-04:00,16.48,16.48,16.46,16.47,3026.0,16.473
2026-05-22 13:41:00-04:00,16.47,16.48,16.47,16.47,1749.0,16.472
2026-05-22 13:42:00-04:00,16.47,16.47,16.46,16.46,2700.0,16.466
2026-05-22 13:43:00-04:00,16.46,16.47,16.43,16.44,15985.0,16.448
2026-05-22 13:44:00-04:00,16.43,16.44,16.43,16.43,4597.0,16.435
2026-05-22 13:45:00-04:00,16.44,16.44,16.41,16.41,8511.0,16.43
2026-05-22 13:46:00-04:00,16.41,16.42,16.4,16.4,2797.0,16.41
2026-05-22 13:47:00-04:00,16.41,16.44,16.41,16.43,12832.0,16.419
2026-05-22 13:48:00-04:00,16.43,16.44,16.41,16.43,5801.0,16.423
2026-05-22 13:49:00-04:00,16.43,16.43,16.42,16.42,2859.0,16.424
2026-05-22 13:50:00-04:00,16.43,16.44,16.42,16.43,11335.0,16.427
2026-05-22 13:51:00-04:00,16.43,16.45,16.43,16.45,8938.0,16.442
2026-05-22 13:52:00-04:00,16.45,16.45,16.43,16.43,7410.0,16.439
2026-05-22 13:53:00-04:00,16.43,16.43,16.39,16.41,40577.0,16.412
2026-05-22 13:54:00-04:00,16.41,16.43,16.41,16.43,3355.0,16.418
2026-05-22 13:55:00-04:00,16.43,16.43,16.42,16.43,1062.0,16.426
2026-05-22 13:56:00-04:00,16.43,16.43,16.41,16.43,8743.0,16.421
2026-05-22 13:57:00-04:00,16.43,16.43,16.4,16.41,7711.0,16.421
2026-05-22 13:58:00-04:00,16.4,16.41,16.39,16.4,5864.0,16.402
2026-05-22 13:59:00-04:00,16.4,16.41,16.35,16.36,20819.0,16.385
2026-05-22 14:00:00-04:00,16.36,16.37,16.34,16.37,5003.0,16.351
2026-05-22 14:01:00-04:00,16.37,16.4,16.35,16.4,12084.0,16.369
2026-05-22 14:02:00-04:00,16.39,16.41,16.37,16.4,33196.0,16.397
2026-05-22 14:03:00-04:00,16.41,16.42,16.41,16.41,5168.0,16.414
2026-05-22 14:04:00-04:00,16.41,16.43,16.39,16.41,11277.0,16.408
2026-05-22 14:05:00-04:00,16.41,16.42,16.41,16.41,8495.0,16.414
2026-05-22 14:06:00-04:00,16.4,16.41,16.38,16.38,3588.0,16.393
2026-05-22 14:07:00-04:00,16.38,16.39,16.37,16.38,7890.0,16.379
2026-05-22 14:08:00-04:00,16.39,16.41,16.39,16.4,6301.0,16.398
2026-05-22 14:09:00-04:00,16.4,16.43,16.39,16.4,12683.0,16.408
2026-05-22 14:10:00-04:00,16.4,16.41,16.4,16.41,3276.0,16.408
2026-05-22 14:11:00-04:00,16.41,16.41,16.4,16.4,3157.0,16.405
2026-05-22 14:12:00-04:00,16.39,16.4,16.38,16.38,2890.0,16.39
2026-05-22 14:13:00-04:00,16.38,16.39,16.38,16.38,726.0,16.386
2026-05-22 14:14:00-04:00,16.39,16.4,16.39,16.39,1792.0,16.391
2026-05-22 14:15:00-04:00,16.39,16.4,16.39,16.39,5026.0,16.395
2026-05-22 14:16:00-04:00,16.4,16.41,16.4,16.41,17380.0,16.401
2026-05-22 14:17:00-04:00,16.4,16.41,16.38,16.38,8340.0,16.392
2026-05-22 14:18:00-04:00,16.38,16.41,16.38,16.41,4467.0,16.4
2026-05-22 14:19:00-04:00,16.41,16.41,16.4,16.41,595.0,16.409
2026-05-22 14:20:00-04:00,16.4,16.42,16.4,16.42,9586.0,16.411
2026-05-22 14:21:00-04:00,16.41,16.42,16.41,16.42,1600.0,16.415
2026-05-22 14:22:00-04:00,16.41,16.42,16.4,16.41,14276.0,16.404
2026-05-22 14:23:00-04:00,16.41,16.42,16.4,16.4,708.0,16.409
2026-05-22 14:24:00-04:00,16.41,16.42,16.4,16.41,4933.0,16.404
2026-05-22 14:25:00-04:00,16.41,16.42,16.41,16.41,4043.0,16.413
2026-05-22 14:26:00-04:00,16.41,16.42,16.4,16.4,5896.0,16.414
2026-05-22 14:27:00-04:00,16.4,16.43,16.4,16.42,11376.0,16.413
2026-05-22 14:28:00-04:00,16.43,16.43,16.41,16.43,6221.0,16.42
2026-05-22 14:29:00-04:00,16.43,16.46,16.41,16.46,28012.0,16.443
2026-05-22 14:30:00-04:00,16.45,16.46,16.44,16.45,14596.0,16.452
2026-05-22 14:31:00-04:00,16.46,16.55,16.45,16.55,53267.0,16.509
2026-05-22 14:32:00-04:00,16.54,16.56,16.52,16.56,17349.0,16.539
2026-05-22 14:33:00-04:00,16.56,16.57,16.53,16.57,25087.0,16.554
2026-05-22 14:34:00-04:00,16.56,16.62,16.56,16.62,24762.0,16.596
2026-05-22 14:35:00-04:00,16.61,16.62,16.6,16.61,16161.0,16.608
2026-05-22 14:36:00-04:00,16.61,16.61,16.56,16.56,19369.0,16.584
2026-05-22 14:37:00-04:00,16.56,16.56,16.54,16.54,16114.0,16.551
2026-05-22 14:38:00-04:00,16.55,16.55,16.53,16.54,5966.0,16.542
2026-05-22 14:39:00-04:00,16.54,16.57,16.54,16.55,15102.0,16.553
2026-05-22 14:40:00-04:00,16.55,16.55,16.49,16.49,10409.0,16.525
2026-05-22 14:41:00-04:00,16.48,16.49,16.48,16.48,2615.0,16.489
2026-05-22 14:42:00-04:00,16.49,16.49,16.49,16.49,1100.0,16.49
2026-05-22 14:43:00-04:00,16.48,16.51,16.48,16.51,5852.0,16.499
2026-05-22 14:44:00-04:00,16.5,16.51,16.5,16.5,4854.0,16.501
2026-05-22 14:45:00-04:00,16.5,16.51,16.47,16.48,14596.0,16.493
2026-05-22 14:46:00-04:00,16.48,16.49,16.46,16.48,10477.0,16.471
2026-05-22 14:47:00-04:00,16.48,16.49,16.46,16.46,2761.0,16.471
2026-05-22 14:48:00-04:00,16.46,16.5,16.46,16.48,7682.0,16.481
2026-05-22 14:49:00-04:00,16.48,16.49,16.47,16.48,2845.0,16.479
2026-05-22 14:50:00-04:00,16.49,16.51,16.49,16.5,2263.0,16.497
2026-05-22 14:51:00-04:00,16.5,16.55,16.49,16.54,7491.0,16.523
2026-05-22 14:52:00-04:00,16.55,16.59,16.54,16.58,15362.0,16.578
2026-05-22 14:53:00-04:00,16.58,16.6,16.58,16.59,17910.0,16.591
2026-05-22 14:54:00-04:00,16.6,16.61,16.58,16.59,14885.0,16.592
2026-05-22 14:55:00-04:00,16.58,16.58,16.57,16.57,3301.0,16.575
2026-05-22 14:56:00-04:00,16.56,16.57,16.56,16.56,1156.0,16.565
2026-05-22 14:57:00-04:00,16.57,16.58,16.54,16.54,12321.0,16.566
2026-05-22 14:58:00-04:00,16.55,16.56,16.52,16.52,9577.0,16.542
2026-05-22 14:59:00-04:00,16.52,16.56,16.52,16.56,26877.0,16.536
2026-05-22 15:00:00-04:00,16.56,16.57,16.55,16.57,3615.0,16.563
2026-05-22 15:01:00-04:00,16.57,16.59,16.55,16.55,12107.0,16.572
2026-05-22 15:02:00-04:00,16.56,16.58,16.56,16.56,10188.0,16.564
2026-05-22 15:03:00-04:00,16.55,16.56,16.52,16.52,6651.0,16.545
2026-05-22 15:04:00-04:00,16.52,16.55,16.51,16.54,10610.0,16.525
2026-05-22 15:05:00-04:00,16.54,16.57,16.53,16.56,5154.0,16.548
2026-05-22 15:06:00-04:00,16.56,16.58,16.56,16.58,5485.0,16.571
2026-05-22 15:07:00-04:00,16.58,16.6,16.58,16.59,11009.0,16.588
2026-05-22 15:08:00-04:00,16.59,16.59,16.55,16.55,11897.0,16.575
2026-05-22 15:09:00-04:00,16.56,16.56,16.51,16.52,9895.0,16.53
2026-05-22 15:10:00-04:00,16.52,16.54,16.52,16.54,1926.0,16.533
2026-05-22 15:11:00-04:00,16.53,16.54,16.49,16.5,5329.0,16.517
2026-05-22 15:12:00-04:00,16.49,16.5,16.47,16.47,3030.0,16.488
2026-05-22 15:13:00-04:00,16.47,16.48,16.46,16.47,3171.0,16.469
2026-05-22 15:14:00-04:00,16.47,16.47,16.45,16.45,2888.0,16.463
2026-05-22 15:15:00-04:00,16.45,16.46,16.44,16.44,4074.0,16.447
2026-05-22 15:16:00-04:00,16.45,16.5,16.44,16.49,12282.0,16.465
2026-05-22 15:17:00-04:00,16.5,16.5,16.48,16.48,4134.0,16.489
2026-05-22 15:18:00-04:00,16.49,16.56,16.49,16.54,16465.0,16.519
2026-05-22 15:19:00-04:00,16.54,16.55,16.51,16.52,17434.0,16.531
2026-05-22 15:20:00-04:00,16.52,16.52,16.5,16.52,7160.0,16.505
2026-05-22 15:21:00-04:00,16.52,16.52,16.5,16.5,5350.0,16.508
2026-05-22 15:22:00-04:00,16.5,16.51,16.49,16.5,8190.0,16.501
2026-05-22 15:23:00-04:00,16.5,16.51,16.49,16.5,1884.0,16.496
2026-05-22 15:24:00-04:00,16.5,16.51,16.49,16.5,4578.0,16.501
2026-05-22 15:25:00-04:00,16.5,16.51,16.48,16.48,9286.0,16.494
2026-05-22 15:26:00-04:00,16.48,16.53,16.48,16.52,26578.0,16.502
2026-05-22 15:27:00-04:00,16.52,16.52,16.5,16.5,11498.0,16.506
2026-05-22 15:28:00-04:00,16.5,16.5,16.49,16.5,2605.0,16.497
2026-05-22 15:29:00-04:00,16.49,16.5,16.48,16.5,12040.0,16.487
2026-05-22 15:30:00-04:00,16.5,16.5,16.47,16.47,8667.0,16.485
2026-05-22 15:31:00-04:00,16.47,16.49,16.46,16.46,19736.0,16.473
2026-05-22 15:32:00-04:00,16.46,16.5,16.46,16.48,12840.0,16.478
2026-05-22 15:33:00-04:00,16.47,16.5,16.47,16.5,13615.0,16.482
2026-05-22 15:34:00-04:00,16.5,16.51,16.47,16.51,41997.0,16.494
2026-05-22 15:35:00-04:00,16.5,16.52,16.48,16.51,29613.0,16.497
2026-05-22 15:36:00-04:00,16.52,16.52,16.49,16.51,16411.0,16.509
2026-05-22 15:37:00-04:00,16.5,16.51,16.48,16.48,5693.0,16.495
2026-05-22 15:38:00-04:00,16.48,16.49,16.47,16.47,4577.0,16.478
2026-05-22 15:39:00-04:00,16.47,16.48,16.47,16.48,4472.0,16.477
2026-05-22 15:40:00-04:00,16.48,16.49,16.47,16.48,10383.0,16.479
2026-05-22 15:41:00-04:00,16.48,16.48,16.47,16.47,2973.0,16.477
2026-05-22 15:42:00-04:00,16.47,16.48,16.43,16.43,25380.0,16.448
2026-05-22 15:43:00-04:00,16.43,16.49,16.43,16.48,17380.0,16.457
2026-05-22 15:44:00-04:00,16.49,16.5,16.48,16.5,9762.0,16.493
2026-05-22 15:45:00-04:00,16.5,16.5,16.47,16.48,9766.0,16.483
2026-05-22 15:46:00-04:00,16.47,16.5,16.45,16.49,18193.0,16.475
2026-05-22 15:47:00-04:00,16.5,16.52,16.49,16.51,12427.0,16.503
2026-05-22 15:48:00-04:00,16.52,16.54,16.52,16.53,31513.0,16.529
2026-05-22 15:49:00-04:00,16.53,16.55,16.52,16.55,21395.0,16.541
2026-05-22 15:50:00-04:00,16.55,16.56,16.55,16.56,8445.0,16.553
2026-05-22 15:51:00-04:00,16.56,16.57,16.54,16.55,22903.0,16.554
2026-05-22 15:52:00-04:00,16.56,16.56,16.54,16.54,11147.0,16.552
2026-05-22 15:53:00-04:00,16.54,16.56,16.54,16.55,22835.0,16.55
2026-05-22 15:54:00-04:00,16.55,16.6,16.55,16.59,28035.0,16.583
2026-05-22 15:55:00-04:00,16.59,16.64,16.59,16.63,40393.0,16.619
2026-05-22 15:56:00-04:00,16.63,16.65,16.62,16.64,49035.0,16.633
2026-05-22 15:57:00-04:00,16.65,16.71,16.64,16.7,184936.0,16.676
2026-05-22 15:58:00-04:00,16.7,16.7,16.61,16.62,176423.0,16.648
2026-05-22 15:59:00-04:00,16.62,16.64,16.56,16.56,237693.0,16.607
2026-05-26 09:30:00-04:00,16.79,17.1,16.77,17.1,114431.0,16.859
2026-05-26 09:31:00-04:00,17.02,17.14,16.96,17.06,39826.0,17.097
2026-05-26 09:32:00-04:00,17.1,17.12,16.96,16.99,18803.0,17.056
2026-05-26 09:33:00-04:00,16.97,16.99,16.86,16.89,14359.0,16.918
2026-05-26 09:34:00-04:00,16.89,16.92,16.76,16.81,60803.0,16.815
2026-05-26 09:35:00-04:00,16.83,16.92,16.71,16.73,28744.0,16.807
2026-05-26 09:36:00-04:00,16.73,16.74,16.64,16.64,48279.0,16.697
2026-05-26 09:37:00-04:00,16.64,16.71,16.64,16.69,22429.0,16.676
2026-05-26 09:38:00-04:00,16.71,16.75,16.68,16.7,15866.0,16.714
2026-05-26 09:39:00-04:00,16.7,16.71,16.61,16.64,32644.0,16.64
2026-05-26 09:40:00-04:00,16.65,16.76,16.65,16.72,10674.0,16.704
2026-05-26 09:41:00-04:00,16.75,16.86,16.73,16.79,21217.0,16.809
2026-05-26 09:42:00-04:00,16.79,16.8,16.72,16.72,7561.0,16.764
2026-05-26 09:43:00-04:00,16.72,16.73,16.67,16.68,9718.0,16.701
2026-05-26 09:44:00-04:00,16.68,16.71,16.65,16.71,15088.0,16.685
2026-05-26 09:45:00-04:00,16.72,16.8,16.71,16.71,10424.0,16.757
2026-05-26 09:46:00-04:00,16.69,16.72,16.66,16.71,16791.0,16.693
2026-05-26 09:47:00-04:00,16.7,16.73,16.69,16.73,14793.0,16.712
2026-05-26 09:48:00-04:00,16.71,16.77,16.71,16.77,28647.0,16.735
2026-05-26 09:49:00-04:00,16.76,16.88,16.76,16.87,13608.0,16.817
2026-05-26 09:50:00-04:00,16.88,16.93,16.85,16.86,15722.0,16.89
2026-05-26 09:51:00-04:00,16.84,16.84,16.79,16.79,22266.0,16.817
2026-05-26 09:52:00-04:00,16.79,16.81,16.77,16.79,8828.0,16.796
2026-05-26 09:53:00-04:00,16.78,16.8,16.77,16.79,8529.0,16.78
2026-05-26 09:54:00-04:00,16.8,16.84,16.8,16.84,14691.0,16.824
2026-05-26 09:55:00-04:00,16.85,16.9,16.83,16.86,26167.0,16.884
2026-05-26 09:56:00-04:00,16.88,16.9,16.86,16.88,18675.0,16.878
2026-05-26 09:57:00-04:00,16.88,16.89,16.85,16.88,19022.0,16.863
2026-05-26 09:58:00-04:00,16.88,16.89,16.85,16.86,24212.0,16.868
2026-05-26 09:59:00-04:00,16.86,16.93,16.85,16.9,14191.0,16.883
2026-05-26 10:00:00-04:00,16.92,17.07,16.92,17.07,33946.0,17.001
2026-05-26 10:01:00-04:00,17.06,17.1,17.05,17.08,22712.0,17.075
2026-05-26 10:02:00-04:00,17.06,17.13,17.06,17.09,45783.0,17.106
2026-05-26 10:03:00-04:00,17.1,17.13,17.07,17.07,60295.0,17.117
2026-05-26 10:04:00-04:00,17.07,17.1,17.04,17.1,33341.0,17.08
2026-05-26 10:05:00-04:00,17.1,17.17,17.08,17.17,131861.0,17.13
2026-05-26 10:06:00-04:00,17.17,17.21,17.12,17.12,79205.0,17.176
2026-05-26 10:07:00-04:00,17.12,17.15,17.11,17.14,19532.0,17.132
2026-05-26 10:08:00-04:00,17.14,17.17,17.13,17.13,23738.0,17.151
2026-05-26 10:09:00-04:00,17.13,17.16,17.12,17.15,13127.0,17.151
2026-05-26 10:10:00-04:00,17.14,17.16,17.12,17.13,11390.0,17.144
2026-05-26 10:11:00-04:00,17.13,17.14,17.11,17.13,11589.0,17.126
2026-05-26 10:12:00-04:00,17.12,17.24,17.11,17.23,30274.0,17.183
2026-05-26 10:13:00-04:00,17.23,17.24,17.19,17.19,23363.0,17.214
2026-05-26 10:14:00-04:00,17.19,17.2,17.17,17.19,14570.0,17.185
2026-05-26 10:15:00-04:00,17.18,17.19,17.14,17.16,33224.0,17.17
2026-05-26 10:16:00-04:00,17.17,17.17,17.14,17.17,7318.0,17.161
2026-05-26 10:17:00-04:00,17.16,17.16,17.09,17.11,21697.0,17.107
2026-05-26 10:18:00-04:00,17.08,17.09,17.02,17.06,25975.0,17.056
2026-05-26 10:19:00-04:00,17.06,17.07,17.05,17.06,16762.0,17.059
2026-05-26 10:20:00-04:00,17.06,17.09,17.06,17.09,4746.0,17.066
2026-05-26 10:21:00-04:00,17.08,17.08,17.04,17.04,22375.0,17.049
2026-05-26 10:22:00-04:00,17.04,17.04,17.01,17.03,17223.0,17.024
2026-05-26 10:23:00-04:00,17.03,17.08,17.03,17.04,19398.0,17.06
2026-05-26 10:24:00-04:00,17.04,17.07,17.02,17.07,13207.0,17.053
2026-05-26 10:25:00-04:00,17.06,17.07,17.01,17.06,20917.0,17.035
2026-05-26 10:26:00-04:00,17.06,17.1,17.04,17.1,22724.0,17.078
2026-05-26 10:27:00-04:00,17.08,17.16,17.06,17.07,50684.0,17.122
2026-05-26 10:28:00-04:00,17.06,17.09,17.06,17.08,12870.0,17.073
2026-05-26 10:29:00-04:00,17.08,17.1,17.05,17.06,5756.0,17.074
2026-05-26 10:30:00-04:00,17.07,17.1,17.05,17.08,14025.0,17.069
2026-05-26 10:31:00-04:00,17.08,17.15,17.08,17.14,25338.0,17.121
2026-05-26 10:32:00-04:00,17.14,17.17,17.11,17.16,21561.0,17.132
2026-05-26 10:33:00-04:00,17.17,17.17,17.13,17.16,59376.0,17.155
2026-05-26 10:34:00-04:00,17.15,17.22,17.14,17.16,21835.0,17.176
2026-05-26 10:35:00-04:00,17.17,17.28,17.16,17.28,38945.0,17.244
2026-05-26 10:36:00-04:00,17.27,17.3,17.27,17.3,12820.0,17.288
2026-05-26 10:37:00-04:00,17.28,17.3,17.23,17.25,32013.0,17.28
2026-05-26 10:38:00-04:00,17.26,17.26,17.2,17.25,19082.0,17.239
2026-05-26 10:39:00-04:00,17.24,17.26,17.21,17.24,21360.0,17.238
2026-05-26 10:40:00-04:00,17.23,17.26,17.23,17.25,6960.0,17.252
2026-05-26 10:41:00-04:00,17.25,17.29,17.22,17.24,41112.0,17.247
2026-05-26 10:42:00-04:00,17.25,17.25,17.2,17.24,6229.0,17.225
2026-05-26 10:43:00-04:00,17.24,17.25,17.22,17.23,6992.0,17.238
2026-05-26 10:44:00-04:00,17.24,17.25,17.23,17.24,3026.0,17.236
2026-05-26 10:45:00-04:00,17.23,17.24,17.18,17.19,15666.0,17.204
2026-05-26 10:46:00-04:00,17.18,17.2,17.16,17.16,8005.0,17.175
2026-05-26 10:47:00-04:00,17.15,17.17,17.07,17.08,16134.0,17.119
2026-05-26 10:48:00-04:00,17.07,17.24,17.07,17.24,8467.0,17.136
2026-05-26 10:49:00-04:00,17.24,17.27,17.23,17.25,14168.0,17.249
2026-05-26 10:50:00-04:00,17.26,17.27,17.25,17.27,7360.0,17.256
2026-05-26 10:51:00-04:00,17.26,17.34,17.26,17.29,52343.0,17.308
2026-05-26 10:52:00-04:00,17.29,17.3,17.29,17.29,3148.0,17.295
2026-05-26 10:53:00-04:00,17.29,17.3,17.28,17.3,7023.0,17.289
2026-05-26 10:54:00-04:00,17.3,17.34,17.29,17.33,11290.0,17.318
2026-05-26 10:55:00-04:00,17.33,17.33,17.29,17.3,24565.0,17.312
2026-05-26 10:56:00-04:00,17.3,17.32,17.3,17.3,13113.0,17.307
2026-05-26 10:57:00-04:00,17.29,17.3,17.18,17.24,47470.0,17.228
2026-05-26 10:58:00-04:00,17.23,17.27,17.22,17.23,31138.0,17.243
2026-05-26 10:59:00-04:00,17.22,17.23,17.2,17.2,11126.0,17.218
2026-05-26 11:00:00-04:00,17.21,17.23,17.19,17.23,15011.0,17.208
2026-05-26 11:01:00-04:00,17.23,17.25,17.21,17.24,12979.0,17.227
2026-05-26 11:02:00-04:00,17.24,17.28,17.24,17.28,10482.0,17.254
2026-05-26 11:03:00-04:00,17.26,17.3,17.26,17.3,6062.0,17.27
2026-05-26 11:04:00-04:00,17.29,17.32,17.26,17.27,11088.0,17.289
2026-05-26 11:05:00-04:00,17.27,17.3,17.26,17.26,4082.0,17.281
2026-05-26 11:06:00-04:00,17.26,17.28,17.25,17.26,13439.0,17.255
2026-05-26 11:07:00-04:00,17.26,17.27,17.22,17.22,18432.0,17.246
2026-05-26 11:08:00-04:00,17.24,17.27,17.24,17.27,4053.0,17.26
2026-05-26 11:09:00-04:00,17.26,17.28,17.25,17.28,4936.0,17.264
2026-05-26 11:10:00-04:00,17.29,17.29,17.25,17.27,24230.0,17.269
2026-05-26 11:11:00-04:00,17.27,17.27,17.25,17.26,9125.0,17.257
2026-05-26 11:12:00-04:00,17.26,17.3,17.25,17.3,7057.0,17.275
2026-05-26 11:13:00-04:00,17.3,17.31,17.29,17.3,6859.0,17.302
2026-05-26 11:14:00-04:00,17.31,17.31,17.29,17.3,10359.0,17.299
2026-05-26 11:15:00-04:00,17.3,17.3,17.27,17.29,4981.0,17.287
2026-05-26 11:16:00-04:00,17.28,17.3,17.27,17.29,10703.0,17.279
2026-05-26 11:17:00-04:00,17.3,17.34,17.3,17.31,47579.0,17.33
2026-05-26 11:18:00-04:00,17.31,17.39,17.31,17.38,10219.0,17.344
2026-05-26 11:19:00-04:00,17.37,17.39,17.34,17.36,29469.0,17.349
2026-05-26 11:20:00-04:00,17.35,17.36,17.25,17.27,143435.0,17.305
2026-05-26 11:21:00-04:00,17.25,17.26,17.2,17.21,20235.0,17.228
2026-05-26 11:22:00-04:00,17.21,17.22,17.18,17.21,6122.0,17.2
2026-05-26 11:23:00-04:00,17.2,17.24,17.19,17.23,5272.0,17.214
2026-05-26 11:24:00-04:00,17.22,17.24,17.21,17.21,5306.0,17.223
2026-05-26 11:25:00-04:00,17.21,17.22,17.21,17.22,8146.0,17.213
2026-05-26 11:26:00-04:00,17.22,17.23,17.21,17.22,7262.0,17.218
2026-05-26 11:27:00-04:00,17.22,17.23,17.21,17.22,4013.0,17.224
2026-05-26 11:28:00-04:00,17.22,17.23,17.2,17.2,3370.0,17.219
2026-05-26 11:29:00-04:00,17.21,17.21,17.15,17.17,5441.0,17.178
2026-05-26 11:30:00-04:00,17.17,17.17,17.13,17.14,5497.0,17.144
2026-05-26 11:31:00-04:00,17.14,17.15,17.13,17.13,15516.0,17.14
2026-05-26 11:32:00-04:00,17.13,17.16,17.13,17.15,9211.0,17.136
2026-05-26 11:33:00-04:00,17.15,17.18,17.15,17.18,8278.0,17.166
2026-05-26 11:34:00-04:00,17.18,17.22,17.18,17.22,7367.0,17.203
2026-05-26 11:35:00-04:00,17.21,17.22,17.19,17.21,8902.0,17.204
2026-05-26 11:36:00-04:00,17.21,17.23,17.19,17.2,15409.0,17.213
2026-05-26 11:37:00-04:00,17.2,17.3,17.2,17.26,13520.0,17.254
2026-05-26 11:38:00-04:00,17.29,17.31,17.26,17.3,3279.0,17.28
2026-05-26 11:39:00-04:00,17.3,17.31,17.3,17.31,1465.0,17.306
2026-05-26 11:40:00-04:00,17.31,17.33,17.29,17.33,2073.0,17.311
2026-05-26 11:41:00-04:00,17.33,17.36,17.32,17.36,6342.0,17.339
2026-05-26 11:42:00-04:00,17.35,17.36,17.32,17.32,9512.0,17.34
2026-05-26 11:43:00-04:00,17.32,17.32,17.3,17.31,3870.0,17.31
2026-05-26 11:44:00-04:00,17.31,17.31,17.27,17.27,9206.0,17.293
2026-05-26 11:45:00-04:00,17.28,17.3,17.27,17.29,3400.0,17.287
2026-05-26 11:46:00-04:00,17.29,17.29,17.27,17.28,3184.0,17.278
2026-05-26 11:47:00-04:00,17.27,17.27,17.25,17.25,8016.0,17.261
2026-05-26 11:48:00-04:00,17.25,17.26,17.23,17.26,12221.0,17.248
2026-05-26 11:49:00-04:00,17.27,17.28,17.25,17.27,2744.0,17.266
2026-05-26 11:50:00-04:00,17.26,17.27,17.25,17.27,3437.0,17.258
2026-05-26 11:51:00-04:00,17.27,17.27,17.25,17.25,4488.0,17.259
2026-05-26 11:52:00-04:00,17.25,17.26,17.24,17.25,4072.0,17.252
2026-05-26 11:53:00-04:00,17.25,17.33,17.22,17.22,36231.0,17.271
2026-05-26 11:54:00-04:00,17.22,17.24,17.2,17.21,9117.0,17.214
2026-05-26 11:55:00-04:00,17.22,17.25,17.22,17.23,2292.0,17.228
2026-05-26 11:56:00-04:00,17.23,17.24,17.22,17.23,7639.0,17.222
2026-05-26 11:57:00-04:00,17.22,17.24,17.22,17.23,3796.0,17.227
2026-05-26 11:58:00-04:00,17.22,17.25,17.22,17.25,8150.0,17.237
2026-05-26 11:59:00-04:00,17.24,17.25,17.23,17.24,2868.0,17.24
2026-05-26 12:00:00-04:00,17.25,17.25,17.24,17.24,1944.0,17.241
2026-05-26 12:01:00-04:00,17.25,17.25,17.23,17.24,13049.0,17.239
2026-05-26 12:02:00-04:00,17.22,17.25,17.22,17.25,2366.0,17.232
2026-05-26 12:03:00-04:00,17.24,17.25,17.23,17.25,5007.0,17.239
2026-05-26 12:04:00-04:00,17.25,17.25,17.23,17.24,9803.0,17.244
2026-05-26 12:05:00-04:00,17.25,17.26,17.24,17.25,4321.0,17.251
2026-05-26 12:06:00-04:00,17.25,17.25,17.24,17.25,594.0,17.246
2026-05-26 12:07:00-04:00,17.25,17.28,17.25,17.27,4538.0,17.266
2026-05-26 12:08:00-04:00,17.27,17.28,17.25,17.26,6941.0,17.268
2026-05-26 12:09:00-04:00,17.26,17.28,17.26,17.26,4933.0,17.265
2026-05-26 12:10:00-04:00,17.25,17.25,17.23,17.25,4127.0,17.245
2026-05-26 12:11:00-04:00,17.24,17.24,17.21,17.22,4447.0,17.222
2026-05-26 12:12:00-04:00,17.21,17.23,17.21,17.22,2090.0,17.22
2026-05-26 12:13:00-04:00,17.22,17.25,17.22,17.24,2800.0,17.241
2026-05-26 12:14:00-04:00,17.23,17.24,17.22,17.22,4627.0,17.231
2026-05-26 12:15:00-04:00,17.22,17.24,17.22,17.22,5641.0,17.225
2026-05-26 12:16:00-04:00,17.22,17.23,17.22,17.23,1447.0,17.226
2026-05-26 12:17:00-04:00,17.23,17.25,17.23,17.23,3135.0,17.236
2026-05-26 12:18:00-04:00,17.23,17.24,17.2,17.24,20622.0,17.209
2026-05-26 12:19:00-04:00,17.23,17.23,17.23,17.23,584.0,17.23
2026-05-26 12:20:00-04:00,17.24,17.24,17.22,17.23,13188.0,17.229
2026-05-26 12:21:00-04:00,17.22,17.22,17.22,17.22,600.0,17.22
2026-05-26 12:22:00-04:00,17.22,17.25,17.21,17.22,5819.0,17.23
2026-05-26 12:23:00-04:00,17.22,17.22,17.21,17.21,400.0,17.219
2026-05-26 12:24:00-04:00,17.22,17.26,17.21,17.23,7984.0,17.241
2026-05-26 12:25:00-04:00,17.25,17.26,17.25,17.25,1616.0,17.251
2026-05-26 12:26:00-04:00,17.25,17.26,17.25,17.25,5635.0,17.254
2026-05-26 12:27:00-04:00,17.25,17.25,17.23,17.25,2106.0,17.241
2026-05-26 12:28:00-04:00,17.25,17.25,17.17,17.17,8075.0,17.227
2026-05-26 12:29:00-04:00,17.17,17.19,17.16,17.18,4965.0,17.172
2026-05-26 12:30:00-04:00,17.18,17.19,17.17,17.18,3251.0,17.181
2026-05-26 12:31:00-04:00,17.19,17.19,17.18,17.18,2380.0,17.183
2026-05-26 12:32:00-04:00,17.19,17.23,17.18,17.23,4678.0,17.2
2026-05-26 12:33:00-04:00,17.23,17.23,17.18,17.19,6438.0,17.202
2026-05-26 12:34:00-04:00,17.19,17.21,17.18,17.18,1600.0,17.189
2026-05-26 12:35:00-04:00,17.18,17.21,17.18,17.21,2126.0,17.199
2026-05-26 12:36:00-04:00,17.2,17.21,17.2,17.21,3252.0,17.201
2026-05-26 12:37:00-04:00,17.2,17.21,17.19,17.19,1999.0,17.197
2026-05-26 12:38:00-04:00,17.19,17.19,17.18,17.18,595.0,17.185
2026-05-26 12:39:00-04:00,17.18,17.18,17.14,17.15,6822.0,17.152
2026-05-26 12:40:00-04:00,17.15,17.16,17.14,17.15,1965.0,17.15
2026-05-26 12:41:00-04:00,17.16,17.22,17.16,17.22,9982.0,17.186
2026-05-26 12:42:00-04:00,17.21,17.21,17.15,17.19,12280.0,17.174
2026-05-26 12:43:00-04:00,17.18,17.19,17.15,17.16,5458.0,17.175
2026-05-26 12:44:00-04:00,17.15,17.17,17.15,17.17,9873.0,17.153
2026-05-26 12:45:00-04:00,17.17,17.18,17.17,17.18,4575.0,17.171
2026-05-26 12:46:00-04:00,17.17,17.19,17.16,17.16,8942.0,17.174
2026-05-26 12:47:00-04:00,17.18,17.18,17.17,17.17,3102.0,17.173
2026-05-26 12:48:00-04:00,17.15,17.16,17.15,17.15,664.0,17.155
2026-05-26 12:49:00-04:00,17.16,17.17,17.16,17.16,5763.0,17.161
2026-05-26 12:50:00-04:00,17.16,17.16,17.15,17.15,2960.0,17.151
2026-05-26 12:51:00-04:00,17.16,17.17,17.15,17.16,22733.0,17.156
2026-05-26 12:52:00-04:00,17.15,17.17,17.14,17.17,6038.0,17.153
2026-05-26 12:53:00-04:00,17.16,17.17,17.13,17.15,7625.0,17.153
2026-05-26 12:54:00-04:00,17.15,17.2,17.13,17.16,97699.0,17.164
2026-05-26 12:55:00-04:00,17.17,17.17,17.14,17.15,19863.0,17.153
2026-05-26 12:56:00-04:00,17.15,17.16,17.14,17.16,1105.0,17.151
2026-05-26 12:57:00-04:00,17.15,17.16,17.14,17.16,8082.0,17.151
2026-05-26 12:58:00-04:00,17.15,17.16,17.15,17.15,1815.0,17.154
2026-05-26 12:59:00-04:00,17.15,17.16,17.14,17.16,5746.0,17.147
2026-05-26 13:00:00-04:00,17.15,17.16,17.14,17.16,1854.0,17.153
2026-05-26 13:01:00-04:00,17.15,17.16,17.13,17.14,6052.0,17.14
2026-05-26 13:02:00-04:00,17.14,17.15,17.13,17.14,1319.0,17.142
2026-05-26 13:03:00-04:00,17.15,17.16,17.15,17.16,6562.0,17.152
2026-05-26 13:04:00-04:00,17.15,17.16,17.14,17.15,4464.0,17.15
2026-05-26 13:05:00-04:00,17.16,17.2,17.16,17.2,9942.0,17.183
2026-05-26 13:06:00-04:00,17.2,17.2,17.19,17.2,1750.0,17.196
2026-05-26 13:07:00-04:00,17.2,17.21,17.19,17.2,2215.0,17.202
2026-05-26 13:08:00-04:00,17.21,17.22,17.21,17.22,2488.0,17.216
2026-05-26 13:09:00-04:00,17.22,17.25,17.22,17.24,5215.0,17.23
2026-05-26 13:10:00-04:00,17.23,17.24,17.21,17.23,14368.0,17.225
2026-05-26 13:11:00-04:00,17.23,17.24,17.23,17.24,4114.0,17.235
2026-05-26 13:12:00-04:00,17.23,17.24,17.2,17.2,4616.0,17.225
2026-05-26 13:13:00-04:00,17.2,17.2,17.13,17.16,22267.0,17.152
2026-05-26 13:14:00-04:00,17.16,17.18,17.16,17.18,3851.0,17.168
2026-05-26 13:15:00-04:00,17.17,17.19,17.17,17.19,2987.0,17.179
2026-05-26 13:16:00-04:00,17.18,17.21,17.18,17.2,12288.0,17.197
2026-05-26 13:17:00-04:00,17.19,17.2,17.18,17.18,6611.0,17.187
2026-05-26 13:18:00-04:00,17.18,17.2,17.18,17.2,5160.0,17.187
2026-05-26 13:19:00-04:00,17.19,17.2,17.17,17.2,3051.0,17.188
2026-05-26 13:20:00-04:00,17.19,17.19,17.19,17.19,1213.0,17.19
2026-05-26 13:21:00-04:00,17.2,17.2,17.19,17.19,2115.0,17.193
2026-05-26 13:22:00-04:00,17.19,17.19,17.16,17.16,2491.0,17.175
2026-05-26 13:23:00-04:00,17.16,17.17,17.16,17.16,1743.0,17.162
2026-05-26 13:24:00-04:00,17.15,17.17,17.15,17.17,4232.0,17.161
2026-05-26 13:25:00-04:00,17.15,17.17,17.15,17.16,2704.0,17.156
2026-05-26 13:26:00-04:00,17.16,17.17,17.15,17.15,1548.0,17.16
2026-05-26 13:27:00-04:00,17.16,17.17,17.16,17.16,3294.0,17.169
2026-05-26 13:28:00-04:00,17.17,17.17,17.16,17.17,3622.0,17.164
2026-05-26 13:29:00-04:00,17.16,17.17,17.16,17.17,5194.0,17.166
2026-05-26 13:30:00-04:00,17.16,17.16,17.13,17.14,16419.0,17.143
2026-05-26 13:31:00-04:00,17.14,17.14,17.13,17.14,11733.0,17.135
2026-05-26 13:32:00-04:00,17.14,17.15,17.13,17.14,13665.0,17.137
2026-05-26 13:33:00-04:00,17.14,17.16,17.14,17.15,1700.0,17.151
2026-05-26 13:34:00-04:00,17.15,17.16,17.14,17.14,3374.0,17.148
2026-05-26 13:35:00-04:00,17.14,17.15,17.14,17.15,1028.0,17.146
2026-05-26 13:36:00-04:00,17.15,17.17,17.14,17.15,6050.0,17.155
2026-05-26 13:37:00-04:00,17.16,17.16,17.15,17.16,3780.0,17.156
2026-05-26 13:38:00-04:00,17.16,17.16,17.1,17.11,12365.0,17.126
2026-05-26 13:39:00-04:00,17.1,17.1,17.05,17.06,8384.0,17.092
2026-05-26 13:40:00-04:00,17.07,17.12,17.07,17.12,16446.0,17.107
2026-05-26 13:41:00-04:00,17.13,17.13,17.11,17.13,4409.0,17.123
2026-05-26 13:42:00-04:00,17.13,17.17,17.13,17.16,5349.0,17.146
2026-05-26 13:43:00-04:00,17.17,17.17,17.15,17.16,7232.0,17.156
2026-05-26 13:44:00-04:00,17.15,17.15,17.06,17.07,133849.0,17.099
2026-05-26 13:45:00-04:00,17.06,17.06,17.05,17.05,8350.0,17.054
2026-05-26 13:46:00-04:00,17.05,17.06,17.01,17.01,34659.0,17.022
2026-05-26 13:47:00-04:00,17.02,17.02,16.98,16.99,24934.0,17.002
2026-05-26 13:48:00-04:00,17.0,17.0,16.99,16.99,3554.0,16.997
2026-05-26 13:49:00-04:00,17.0,17.0,16.94,16.96,9499.0,16.968
2026-05-26 13:50:00-04:00,16.96,17.01,16.96,16.98,27317.0,16.988
2026-05-26 13:51:00-04:00,16.99,17.0,16.98,16.99,4593.0,16.994
2026-05-26 13:52:00-04:00,16.99,17.02,16.99,17.01,3162.0,17.003
2026-05-26 13:53:00-04:00,17.02,17.02,16.99,17.0,5335.0,17.003
2026-05-26 13:54:00-04:00,17.0,17.02,16.98,17.01,7797.0,16.996
2026-05-26 13:55:00-04:00,17.01,17.06,17.01,17.05,15114.0,17.035
2026-05-26 13:56:00-04:00,17.06,17.07,17.04,17.07,11766.0,17.053
2026-05-26 13:57:00-04:00,17.07,17.09,17.06,17.08,5894.0,17.076
2026-05-26 13:58:00-04:00,17.07,17.12,17.07,17.09,11768.0,17.096
2026-05-26 13:59:00-04:00,17.09,17.12,17.08,17.1,9269.0,17.097
2026-05-26 14:00:00-04:00,17.09,17.1,17.08,17.09,2593.0,17.089
2026-05-26 14:01:00-04:00,17.09,17.09,17.07,17.08,8662.0,17.081
2026-05-26 14:02:00-04:00,17.07,17.08,17.07,17.08,6368.0,17.078
2026-05-26 14:03:00-04:00,17.07,17.1,17.07,17.1,5113.0,17.09
2026-05-26 14:04:00-04:00,17.1,17.1,17.08,17.09,6356.0,17.091
2026-05-26 14:05:00-04:00,17.09,17.1,17.08,17.1,2648.0,17.096
2026-05-26 14:06:00-04:00,17.11,17.17,17.1,17.16,11188.0,17.138
2026-05-26 14:07:00-04:00,17.15,17.16,17.14,17.15,3801.0,17.152
2026-05-26 14:08:00-04:00,17.16,17.17,17.15,17.15,3134.0,17.157
2026-05-26 14:09:00-04:00,17.15,17.16,17.15,17.16,4950.0,17.155
2026-05-26 14:10:00-04:00,17.15,17.15,17.05,17.06,29327.0,17.091
2026-05-26 14:11:00-04:00,17.06,17.07,17.03,17.06,69462.0,17.049
2026-05-26 14:12:00-04:00,17.05,17.08,17.05,17.08,2328.0,17.064
2026-05-26 14:13:00-04:00,17.07,17.1,17.05,17.06,33575.0,17.072
2026-05-26 14:14:00-04:00,17.06,17.09,17.06,17.07,18382.0,17.073
2026-05-26 14:15:00-04:00,17.06,17.08,17.06,17.06,5730.0,17.067
2026-05-26 14:16:00-04:00,17.07,17.11,17.07,17.11,8239.0,17.08
2026-05-26 14:17:00-04:00,17.11,17.11,17.09,17.09,8243.0,17.102
2026-05-26 14:18:00-04:00,17.1,17.12,17.1,17.12,1880.0,17.107
2026-05-26 14:19:00-04:00,17.12,17.12,17.11,17.12,2719.0,17.119
2026-05-26 14:20:00-04:00,17.11,17.12,17.1,17.11,3498.0,17.111
2026-05-26 14:21:00-04:00,17.1,17.11,17.1,17.11,5962.0,17.104
2026-05-26 14:22:00-04:00,17.11,17.13,17.1,17.11,6112.0,17.116
2026-05-26 14:23:00-04:00,17.11,17.12,17.1,17.11,4983.0,17.112
2026-05-26 14:24:00-04:00,17.1,17.13,17.1,17.11,13111.0,17.115
2026-05-26 14:25:00-04:00,17.11,17.12,17.1,17.12,4824.0,17.115
2026-05-26 14:26:00-04:00,17.12,17.16,17.12,17.15,46226.0,17.149
2026-05-26 14:27:00-04:00,17.15,17.15,17.13,17.13,2586.0,17.135
2026-05-26 14:28:00-04:00,17.12,17.12,17.1,17.1,2680.0,17.108
2026-05-26 14:29:00-04:00,17.1,17.11,17.07,17.11,18665.0,17.091
2026-05-26 14:30:00-04:00,17.11,17.12,17.1,17.11,4153.0,17.106
2026-05-26 14:31:00-04:00,17.11,17.18,17.11,17.18,15624.0,17.134
2026-05-26 14:32:00-04:00,17.18,17.2,17.16,17.16,5586.0,17.183
2026-05-26 14:33:00-04:00,17.17,17.18,17.16,17.16,3393.0,17.17
2026-05-26 14:34:00-04:00,17.16,17.17,17.15,17.16,11223.0,17.162
2026-05-26 14:35:00-04:00,17.17,17.18,17.16,17.16,5272.0,17.168
2026-05-26 14:36:00-04:00,17.16,17.16,17.15,17.15,2172.0,17.158
2026-05-26 14:37:00-04:00,17.15,17.18,17.13,17.18,20984.0,17.138
2026-05-26 14:38:00-04:00,17.18,17.18,17.17,17.18,1250.0,17.174
2026-05-26 14:39:00-04:00,17.17,17.18,17.17,17.18,1455.0,17.172
2026-05-26 14:40:00-04:00,17.18,17.18,17.16,17.16,4163.0,17.164
2026-05-26 14:41:00-04:00,17.16,17.17,17.16,17.16,2786.0,17.163
2026-05-26 14:42:00-04:00,17.16,17.17,17.15,17.15,11016.0,17.163
2026-05-26 14:43:00-04:00,17.15,17.17,17.15,17.16,2618.0,17.161
2026-05-26 14:44:00-04:00,17.15,17.15,17.13,17.13,5803.0,17.139
2026-05-26 14:45:00-04:00,17.14,17.14,17.13,17.13,7798.0,17.135
2026-05-26 14:46:00-04:00,17.14,17.15,17.13,17.14,19724.0,17.134
2026-05-26 14:47:00-04:00,17.14,17.15,17.13,17.14,12080.0,17.135
2026-05-26 14:48:00-04:00,17.14,17.16,17.14,17.14,4972.0,17.153
2026-05-26 14:49:00-04:00,17.14,17.14,17.12,17.13,19063.0,17.13
2026-05-26 14:50:00-04:00,17.13,17.14,17.09,17.1,13815.0,17.105
2026-05-26 14:51:00-04:00,17.1,17.11,17.09,17.1,9360.0,17.098
2026-05-26 14:52:00-04:00,17.09,17.1,17.06,17.09,4779.0,17.085
2026-05-26 14:53:00-04:00,17.08,17.08,17.04,17.04,8094.0,17.06
2026-05-26 14:54:00-04:00,17.04,17.05,17.01,17.02,11866.0,17.037
2026-05-26 14:55:00-04:00,17.01,17.04,17.01,17.02,17872.0,17.024
2026-05-26 14:56:00-04:00,17.02,17.02,16.99,16.99,7259.0,17.012
2026-05-26 14:57:00-04:00,16.99,16.99,16.97,16.97,6978.0,16.98
2026-05-26 14:58:00-04:00,16.97,16.97,16.95,16.97,11994.0,16.959
2026-05-26 14:59:00-04:00,16.97,17.02,16.96,17.0,31528.0,16.987
2026-05-26 15:00:00-04:00,17.01,17.07,17.01,17.06,10210.0,17.054
2026-05-26 15:01:00-04:00,17.05,17.09,17.04,17.07,14624.0,17.063
2026-05-26 15:02:00-04:00,17.06,17.1,17.06,17.1,2950.0,17.079
2026-05-26 15:03:00-04:00,17.1,17.11,17.09,17.11,4365.0,17.098
2026-05-26 15:04:00-04:00,17.11,17.12,17.1,17.1,4914.0,17.11
2026-05-26 15:05:00-04:00,17.11,17.11,17.09,17.1,2976.0,17.1
2026-05-26 15:06:00-04:00,17.1,17.11,17.1,17.11,3316.0,17.103
2026-05-26 15:07:00-04:00,17.11,17.11,17.1,17.11,1576.0,17.109
2026-05-26 15:08:00-04:00,17.11,17.12,17.09,17.09,6998.0,17.105
2026-05-26 15:09:00-04:00,17.09,17.11,17.09,17.1,4689.0,17.101
2026-05-26 15:10:00-04:00,17.11,17.11,17.1,17.11,2835.0,17.105
2026-05-26 15:11:00-04:00,17.11,17.11,17.09,17.09,7582.0,17.095
2026-05-26 15:12:00-04:00,17.09,17.1,17.08,17.09,2395.0,17.087
2026-05-26 15:13:00-04:00,17.09,17.1,17.08,17.09,3164.0,17.092
2026-05-26 15:14:00-04:00,17.09,17.1,17.08,17.1,5000.0,17.093
2026-05-26 15:15:00-04:00,17.1,17.11,17.08,17.09,11737.0,17.093
2026-05-26 15:16:00-04:00,17.08,17.09,17.07,17.09,5801.0,17.077
2026-05-26 15:17:00-04:00,17.09,17.09,17.08,17.08,2195.0,17.088
2026-05-26 15:18:00-04:00,17.09,17.09,17.09,17.09,1092.0,17.09
2026-05-26 15:19:00-04:00,17.09,17.09,17.08,17.09,3078.0,17.087
2026-05-26 15:20:00-04:00,17.08,17.11,17.08,17.11,4983.0,17.093
2026-05-26 15:21:00-04:00,17.1,17.11,17.09,17.09,15986.0,17.102
2026-05-26 15:22:00-04:00,17.09,17.12,17.09,17.11,23172.0,17.101
2026-05-26 15:23:00-04:00,17.11,17.12,17.11,17.11,544.0,17.115
2026-05-26 15:24:00-04:00,17.12,17.12,17.1,17.11,4633.0,17.11
2026-05-26 15:25:00-04:00,17.11,17.11,17.1,17.1,3083.0,17.105
2026-05-26 15:26:00-04:00,17.1,17.11,17.09,17.11,8839.0,17.101
2026-05-26 15:27:00-04:00,17.1,17.1,17.09,17.1,8050.0,17.1
2026-05-26 15:28:00-04:00,17.11,17.13,17.06,17.07,41424.0,17.102
2026-05-26 15:29:00-04:00,17.07,17.09,17.06,17.09,9404.0,17.074
2026-05-26 15:30:00-04:00,17.09,17.1,17.08,17.09,4536.0,17.093
2026-05-26 15:31:00-04:00,17.09,17.11,17.09,17.1,4802.0,17.098
2026-05-26 15:32:00-04:00,17.09,17.15,17.09,17.14,35702.0,17.123
2026-05-26 15:33:00-04:00,17.14,17.18,17.14,17.16,11119.0,17.16
2026-05-26 15:34:00-04:00,17.17,17.17,17.12,17.13,16917.0,17.146
2026-05-26 15:35:00-04:00,17.13,17.14,17.11,17.11,18673.0,17.121
2026-05-26 15:36:00-04:00,17.12,17.15,17.12,17.13,11313.0,17.136
2026-05-26 15:37:00-04:00,17.13,17.13,17.12,17.13,6790.0,17.128
2026-05-26 15:38:00-04:00,17.13,17.13,17.11,17.13,6690.0,17.12
2026-05-26 15:39:00-04:00,17.13,17.14,17.12,17.13,10883.0,17.128
2026-05-26 15:40:00-04:00,17.13,17.16,17.13,17.15,14680.0,17.146
2026-05-26 15:41:00-04:00,17.16,17.17,17.15,17.16,11505.0,17.157
2026-05-26 15:42:00-04:00,17.16,17.17,17.12,17.13,15527.0,17.149
2026-05-26 15:43:00-04:00,17.13,17.14,17.1,17.13,18921.0,17.114
2026-05-26 15:44:00-04:00,17.13,17.14,17.13,17.14,3976.0,17.136
2026-05-26 15:45:00-04:00,17.14,17.15,17.13,17.14,8110.0,17.14
2026-05-26 15:46:00-04:00,17.14,17.15,17.12,17.12,14948.0,17.142
2026-05-26 15:47:00-04:00,17.13,17.13,17.12,17.13,5647.0,17.125
2026-05-26 15:48:00-04:00,17.12,17.12,17.05,17.05,65315.0,17.076
2026-05-26 15:49:00-04:00,17.05,17.06,17.04,17.06,11450.0,17.049
2026-05-26 15:50:00-04:00,17.06,17.1,17.06,17.1,13427.0,17.078
2026-05-26 15:51:00-04:00,17.1,17.12,17.09,17.12,12564.0,17.105
2026-05-26 15:52:00-04:00,17.11,17.15,17.11,17.15,17800.0,17.128
2026-05-26 15:53:00-04:00,17.15,17.16,17.12,17.15,38825.0,17.137
2026-05-26 15:54:00-04:00,17.15,17.19,17.14,17.18,23896.0,17.166
2026-05-26 15:55:00-04:00,17.18,17.19,17.08,17.09,82733.0,17.15
2026-05-26 15:56:00-04:00,17.09,17.1,17.03,17.04,55923.0,17.057
2026-05-26 15:57:00-04:00,17.04,17.05,17.0,17.02,112094.0,17.026
2026-05-26 15:58:00-04:00,17.02,17.03,16.97,17.0,87424.0,17.001
2026-05-26 15:59:00-04:00,17.01,17.04,16.96,16.98,183787.0,17.006
2026-05-27 09:30:00-04:00,16.98,17.2,16.98,17.19,70105.0,17.004
2026-05-27 09:31:00-04:00,17.19,17.32,17.14,17.29,20899.0,17.21
2026-05-27 09:32:00-04:00,17.26,17.44,17.24,17.39,9415.0,17.363
2026-05-27 09:33:00-04:00,17.39,17.48,17.37,17.47,19061.0,17.428
2026-05-27 09:34:00-04:00,17.48,17.53,17.45,17.5,34289.0,17.498
2026-05-27 09:35:00-04:00,17.51,17.51,17.36,17.4,33808.0,17.413
2026-05-27 09:36:00-04:00,17.38,17.56,17.37,17.51,14215.0,17.467
2026-05-27 09:37:00-04:00,17.52,17.56,17.51,17.55,13318.0,17.533
2026-05-27 09:38:00-04:00,17.53,17.6,17.5,17.6,58876.0,17.545
2026-05-27 09:39:00-04:00,17.59,17.65,17.52,17.52,85673.0,17.595
2026-05-27 09:40:00-04:00,17.52,17.53,17.41,17.43,25619.0,17.455
2026-05-27 09:41:00-04:00,17.41,17.48,17.41,17.48,8115.0,17.437
2026-05-27 09:42:00-04:00,17.47,17.59,17.45,17.59,14461.0,17.516
2026-05-27 09:43:00-04:00,17.59,17.62,17.55,17.55,15870.0,17.582
2026-05-27 09:44:00-04:00,17.56,17.65,17.55,17.65,20930.0,17.61
2026-05-27 09:45:00-04:00,17.66,17.83,17.66,17.72,76882.0,17.725
2026-05-27 09:46:00-04:00,17.7,17.7,17.6,17.64,28647.0,17.642
2026-05-27 09:47:00-04:00,17.65,17.68,17.63,17.64,8789.0,17.657
2026-05-27 09:48:00-04:00,17.65,17.67,17.57,17.6,19778.0,17.62
2026-05-27 09:49:00-04:00,17.59,17.61,17.53,17.54,28645.0,17.582
2026-05-27 09:50:00-04:00,17.54,17.55,17.5,17.51,11617.0,17.518
2026-05-27 09:51:00-04:00,17.5,17.52,17.47,17.5,17514.0,17.501
2026-05-27 09:52:00-04:00,17.48,17.54,17.47,17.51,38906.0,17.513
2026-05-27 09:53:00-04:00,17.5,17.56,17.45,17.56,21193.0,17.493
2026-05-27 09:54:00-04:00,17.56,17.58,17.48,17.48,16020.0,17.535
2026-05-27 09:55:00-04:00,17.5,17.52,17.47,17.47,9960.0,17.498
2026-05-27 09:56:00-04:00,17.47,17.53,17.47,17.52,6680.0,17.5
2026-05-27 09:57:00-04:00,17.52,17.6,17.52,17.59,7085.0,17.559
2026-05-27 09:58:00-04:00,17.59,17.64,17.53,17.56,67895.0,17.578
2026-05-27 09:59:00-04:00,17.55,17.64,17.55,17.64,29314.0,17.616
2026-05-27 10:00:00-04:00,17.64,17.67,17.62,17.66,27853.0,17.655
2026-05-27 10:01:00-04:00,17.66,17.74,17.66,17.73,24388.0,17.693
2026-05-27 10:02:00-04:00,17.73,17.78,17.73,17.75,21295.0,17.75
2026-05-27 10:03:00-04:00,17.75,17.76,17.66,17.68,17290.0,17.705
2026-05-27 10:04:00-04:00,17.67,17.73,17.67,17.72,6163.0,17.711
2026-05-27 10:05:00-04:00,17.74,17.79,17.74,17.78,12518.0,17.767
2026-05-27 10:06:00-04:00,17.78,17.81,17.76,17.81,16054.0,17.787
2026-05-27 10:07:00-04:00,17.82,17.87,17.81,17.82,43091.0,17.838
2026-05-27 10:08:00-04:00,17.81,17.86,17.8,17.86,21591.0,17.827
2026-05-27 10:09:00-04:00,17.86,17.88,17.82,17.87,34261.0,17.859
2026-05-27 10:10:00-04:00,17.87,17.87,17.77,17.77,18147.0,17.807
2026-05-27 10:11:00-04:00,17.78,17.79,17.72,17.72,85299.0,17.78
2026-05-27 10:12:00-04:00,17.73,17.75,17.72,17.75,6428.0,17.731
2026-05-27 10:13:00-04:00,17.75,17.79,17.75,17.79,12319.0,17.775
2026-05-27 10:14:00-04:00,17.79,17.81,17.77,17.78,40558.0,17.799
2026-05-27 10:15:00-04:00,17.77,17.79,17.76,17.79,6751.0,17.777
2026-05-27 10:16:00-04:00,17.78,17.78,17.71,17.75,11744.0,17.755
2026-05-27 10:17:00-04:00,17.75,17.77,17.63,17.65,23799.0,17.709
2026-05-27 10:18:00-04:00,17.65,17.69,17.64,17.67,14861.0,17.664
2026-05-27 10:19:00-04:00,17.67,17.67,17.59,17.64,30296.0,17.625
2026-05-27 10:20:00-04:00,17.64,17.64,17.6,17.61,2506.0,17.618
2026-05-27 10:21:00-04:00,17.61,17.64,17.6,17.62,31659.0,17.622
2026-05-27 10:22:00-04:00,17.61,17.62,17.56,17.56,20059.0,17.595
2026-05-27 10:23:00-04:00,17.55,17.58,17.55,17.57,5559.0,17.562
2026-05-27 10:24:00-04:00,17.56,17.59,17.54,17.58,12222.0,17.563
2026-05-27 10:25:00-04:00,17.58,17.59,17.55,17.55,25607.0,17.576
2026-05-27 10:26:00-04:00,17.55,17.55,17.48,17.51,37370.0,17.499
2026-05-27 10:27:00-04:00,17.52,17.56,17.5,17.53,13209.0,17.526
2026-05-27 10:28:00-04:00,17.52,17.56,17.52,17.56,7455.0,17.55
2026-05-27 10:29:00-04:00,17.56,17.6,17.55,17.59,11427.0,17.566
2026-05-27 10:30:00-04:00,17.58,17.58,17.52,17.56,43906.0,17.547
2026-05-27 10:31:00-04:00,17.56,17.58,17.52,17.58,11730.0,17.549
2026-05-27 10:32:00-04:00,17.58,17.59,17.56,17.56,5797.0,17.572
2026-05-27 10:33:00-04:00,17.57,17.58,17.54,17.54,12805.0,17.562
2026-05-27 10:34:00-04:00,17.55,17.61,17.55,17.59,13420.0,17.586
2026-05-27 10:35:00-04:00,17.59,17.61,17.55,17.56,14819.0,17.578
2026-05-27 10:36:00-04:00,17.56,17.57,17.54,17.55,3778.0,17.549
2026-05-27 10:37:00-04:00,17.55,17.58,17.54,17.54,6350.0,17.557
2026-05-27 10:38:00-04:00,17.58,17.6,17.57,17.57,10895.0,17.59
2026-05-27 10:39:00-04:00,17.57,17.59,17.57,17.57,4866.0,17.579
2026-05-27 10:40:00-04:00,17.57,17.57,17.56,17.56,1913.0,17.564
2026-05-27 10:41:00-04:00,17.56,17.59,17.56,17.59,6765.0,17.572
2026-05-27 10:42:00-04:00,17.59,17.65,17.58,17.62,32356.0,17.619
2026-05-27 10:43:00-04:00,17.62,17.67,17.61,17.66,7658.0,17.631
2026-05-27 10:44:00-04:00,17.67,17.67,17.65,17.65,5696.0,17.658
2026-05-27 10:45:00-04:00,17.64,17.65,17.56,17.56,10518.0,17.61
2026-05-27 10:46:00-04:00,17.56,17.61,17.56,17.61,7669.0,17.584
2026-05-27 10:47:00-04:00,17.61,17.62,17.6,17.61,10310.0,17.611
2026-05-27 10:48:00-04:00,17.6,17.61,17.55,17.55,5439.0,17.585
2026-05-27 10:49:00-04:00,17.55,17.56,17.52,17.54,9362.0,17.542
2026-05-27 10:50:00-04:00,17.54,17.54,17.52,17.53,8429.0,17.527
2026-05-27 10:51:00-04:00,17.56,17.61,17.56,17.61,8966.0,17.579
2026-05-27 10:52:00-04:00,17.61,17.69,17.61,17.65,11005.0,17.655
2026-05-27 10:53:00-04:00,17.65,17.66,17.6,17.6,7852.0,17.629
2026-05-27 10:54:00-04:00,17.59,17.64,17.55,17.55,16546.0,17.589
2026-05-27 10:55:00-04:00,17.55,17.57,17.54,17.57,5731.0,17.557
2026-05-27 10:56:00-04:00,17.56,17.56,17.53,17.53,9498.0,17.547
2026-05-27 10:57:00-04:00,17.54,17.57,17.53,17.56,7608.0,17.553
2026-05-27 10:58:00-04:00,17.57,17.59,17.56,17.59,7028.0,17.569
2026-05-27 10:59:00-04:00,17.59,17.62,17.58,17.61,6032.0,17.599
2026-05-27 11:00:00-04:00,17.6,17.6,17.53,17.54,7677.0,17.575
2026-05-27 11:01:00-04:00,17.55,17.57,17.54,17.56,6571.0,17.553
2026-05-27 11:02:00-04:00,17.56,17.57,17.55,17.55,8663.0,17.561
2026-05-27 11:03:00-04:00,17.55,17.58,17.55,17.57,5981.0,17.56
2026-05-27 11:04:00-04:00,17.56,17.57,17.53,17.53,5702.0,17.549
2026-05-27 11:05:00-04:00,17.54,17.54,17.5,17.52,12696.0,17.518
2026-05-27 11:06:00-04:00,17.52,17.54,17.48,17.49,10069.0,17.51
2026-05-27 11:07:00-04:00,17.49,17.55,17.49,17.55,12135.0,17.522
2026-05-27 11:08:00-04:00,17.54,17.55,17.53,17.53,8436.0,17.537
2026-05-27 11:09:00-04:00,17.54,17.54,17.52,17.54,2887.0,17.534
2026-05-27 11:10:00-04:00,17.53,17.54,17.52,17.52,4938.0,17.536
2026-05-27 11:11:00-04:00,17.53,17.54,17.49,17.49,5940.0,17.524
2026-05-27 11:12:00-04:00,17.5,17.51,17.49,17.49,2652.0,17.501
2026-05-27 11:13:00-04:00,17.49,17.53,17.49,17.52,10926.0,17.513
2026-05-27 11:14:00-04:00,17.53,17.54,17.52,17.52,4961.0,17.53
2026-05-27 11:15:00-04:00,17.52,17.52,17.48,17.49,8821.0,17.502
2026-05-27 11:16:00-04:00,17.5,17.51,17.48,17.49,7199.0,17.497
2026-05-27 11:17:00-04:00,17.51,17.51,17.46,17.47,10983.0,17.486
2026-05-27 11:18:00-04:00,17.46,17.46,17.44,17.45,21544.0,17.453
2026-05-27 11:19:00-04:00,17.45,17.45,17.4,17.4,8336.0,17.426
2026-05-27 11:20:00-04:00,17.4,17.42,17.35,17.36,11260.0,17.386
2026-05-27 11:21:00-04:00,17.35,17.36,17.34,17.35,4563.0,17.35
2026-05-27 11:22:00-04:00,17.34,17.39,17.34,17.38,5700.0,17.374
2026-05-27 11:23:00-04:00,17.38,17.4,17.37,17.38,6149.0,17.383
2026-05-27 11:24:00-04:00,17.38,17.39,17.35,17.36,26002.0,17.375
2026-05-27 11:25:00-04:00,17.36,17.36,17.33,17.34,9284.0,17.346
2026-05-27 11:26:00-04:00,17.33,17.34,17.3,17.34,28079.0,17.317
2026-05-27 11:27:00-04:00,17.34,17.36,17.34,17.36,6411.0,17.349
2026-05-27 11:28:00-04:00,17.36,17.38,17.36,17.37,8908.0,17.366
2026-05-27 11:29:00-04:00,17.37,17.41,17.36,17.4,21868.0,17.391
2026-05-27 11:30:00-04:00,17.4,17.48,17.4,17.47,8282.0,17.45
2026-05-27 11:31:00-04:00,17.47,17.49,17.45,17.46,6792.0,17.468
2026-05-27 11:32:00-04:00,17.45,17.46,17.42,17.43,6762.0,17.445
2026-05-27 11:33:00-04:00,17.43,17.48,17.42,17.46,28138.0,17.461
2026-05-27 11:34:00-04:00,17.46,17.48,17.46,17.48,7989.0,17.466
2026-05-27 11:35:00-04:00,17.47,17.48,17.45,17.45,5472.0,17.465
2026-05-27 11:36:00-04:00,17.45,17.45,17.44,17.45,3495.0,17.444
2026-05-27 11:37:00-04:00,17.45,17.52,17.44,17.5,13491.0,17.484
2026-05-27 11:38:00-04:00,17.51,17.53,17.51,17.51,8496.0,17.516
2026-05-27 11:39:00-04:00,17.5,17.51,17.5,17.5,1319.0,17.505
2026-05-27 11:40:00-04:00,17.51,17.55,17.5,17.55,3079.0,17.531
2026-05-27 11:41:00-04:00,17.54,17.55,17.53,17.54,8594.0,17.539
2026-05-27 11:42:00-04:00,17.54,17.55,17.53,17.54,20450.0,17.54
2026-05-27 11:43:00-04:00,17.54,17.55,17.51,17.53,10217.0,17.53
2026-05-27 11:44:00-04:00,17.52,17.53,17.5,17.5,15141.0,17.517
2026-05-27 11:45:00-04:00,17.5,17.51,17.47,17.48,9053.0,17.497
2026-05-27 11:46:00-04:00,17.48,17.49,17.45,17.46,6156.0,17.47
2026-05-27 11:47:00-04:00,17.46,17.48,17.44,17.47,7092.0,17.461
2026-05-27 11:48:00-04:00,17.47,17.48,17.42,17.44,7456.0,17.443
2026-05-27 11:49:00-04:00,17.43,17.45,17.42,17.45,7992.0,17.433
2026-05-27 11:50:00-04:00,17.44,17.46,17.43,17.45,4562.0,17.444
2026-05-27 11:51:00-04:00,17.45,17.46,17.43,17.43,5893.0,17.447
2026-05-27 11:52:00-04:00,17.43,17.43,17.38,17.42,22653.0,17.415
2026-05-27 11:53:00-04:00,17.44,17.53,17.44,17.47,14784.0,17.495
2026-05-27 11:54:00-04:00,17.47,17.47,17.4,17.42,6080.0,17.433
2026-05-27 11:55:00-04:00,17.42,17.42,17.38,17.38,4380.0,17.403
2026-05-27 11:56:00-04:00,17.38,17.4,17.37,17.39,13751.0,17.383
2026-05-27 11:57:00-04:00,17.39,17.4,17.39,17.4,5604.0,17.395
2026-05-27 11:58:00-04:00,17.4,17.41,17.38,17.4,10149.0,17.395
2026-05-27 11:59:00-04:00,17.4,17.41,17.4,17.4,1579.0,17.406
2026-05-27 12:00:00-04:00,17.41,17.42,17.39,17.4,17011.0,17.406
2026-05-27 12:01:00-04:00,17.41,17.41,17.35,17.37,16444.0,17.393
2026-05-27 12:02:00-04:00,17.37,17.38,17.36,17.38,5929.0,17.367
2026-05-27 12:03:00-04:00,17.38,17.4,17.38,17.39,6432.0,17.392
2026-05-27 12:04:00-04:00,17.38,17.39,17.32,17.32,10663.0,17.344
2026-05-27 12:05:00-04:00,17.31,17.32,17.28,17.3,8647.0,17.297
2026-05-27 12:06:00-04:00,17.3,17.31,17.27,17.31,11039.0,17.288
2026-05-27 12:07:00-04:00,17.31,17.33,17.3,17.31,27748.0,17.323
2026-05-27 12:08:00-04:00,17.3,17.32,17.3,17.31,1992.0,17.309
2026-05-27 12:09:00-04:00,17.31,17.32,17.27,17.28,6892.0,17.302
2026-05-27 12:10:00-04:00,17.27,17.3,17.27,17.29,7339.0,17.286
2026-05-27 12:11:00-04:00,17.29,17.3,17.27,17.28,5024.0,17.286
2026-05-27 12:12:00-04:00,17.27,17.29,17.27,17.29,6737.0,17.282
2026-05-27 12:13:00-04:00,17.28,17.29,17.27,17.28,8395.0,17.281
2026-05-27 12:14:00-04:00,17.28,17.28,17.25,17.27,4484.0,17.27
2026-05-27 12:15:00-04:00,17.27,17.27,17.26,17.26,1130.0,17.264
2026-05-27 12:16:00-04:00,17.27,17.29,17.26,17.29,3415.0,17.276
2026-05-27 12:17:00-04:00,17.29,17.29,17.28,17.28,5360.0,17.283
2026-05-27 12:18:00-04:00,17.27,17.3,17.27,17.29,2868.0,17.289
2026-05-27 12:19:00-04:00,17.29,17.3,17.28,17.29,3238.0,17.29
2026-05-27 12:20:00-04:00,17.29,17.3,17.28,17.29,4458.0,17.293
2026-05-27 12:21:00-04:00,17.29,17.32,17.29,17.31,25593.0,17.309
2026-05-27 12:22:00-04:00,17.31,17.36,17.31,17.36,8138.0,17.333
2026-05-27 12:23:00-04:00,17.36,17.36,17.36,17.36,711.0,17.36
2026-05-27 12:24:00-04:00,17.37,17.38,17.35,17.35,13216.0,17.371
2026-05-27 12:25:00-04:00,17.34,17.34,17.25,17.26,10882.0,17.291
2026-05-27 12:26:00-04:00,17.26,17.26,17.23,17.25,6657.0,17.252
2026-05-27 12:27:00-04:00,17.23,17.23,17.2,17.22,7328.0,17.211
2026-05-27 12:28:00-04:00,17.22,17.23,17.22,17.22,1488.0,17.225
2026-05-27 12:29:00-04:00,17.23,17.26,17.22,17.25,9758.0,17.232
2026-05-27 12:30:00-04:00,17.25,17.26,17.24,17.24,2700.0,17.242
2026-05-27 12:31:00-04:00,17.25,17.25,17.23,17.25,2670.0,17.242
2026-05-27 12:32:00-04:00,17.25,17.26,17.24,17.25,1931.0,17.249
2026-05-27 12:33:00-04:00,17.24,17.25,17.23,17.25,6206.0,17.238
2026-05-27 12:34:00-04:00,17.25,17.25,17.24,17.25,1000.0,17.245
2026-05-27 12:35:00-04:00,17.24,17.24,17.22,17.22,2192.0,17.235
2026-05-27 12:36:00-04:00,17.22,17.25,17.22,17.23,4300.0,17.241
2026-05-27 12:37:00-04:00,17.23,17.24,17.23,17.23,2100.0,17.232
2026-05-27 12:38:00-04:00,17.23,17.26,17.21,17.21,7678.0,17.241
2026-05-27 12:39:00-04:00,17.22,17.23,17.22,17.22,6101.0,17.228
2026-05-27 12:40:00-04:00,17.23,17.23,17.2,17.22,3116.0,17.22
2026-05-27 12:41:00-04:00,17.23,17.23,17.22,17.22,7680.0,17.228
2026-05-27 12:42:00-04:00,17.22,17.25,17.22,17.24,5890.0,17.227
2026-05-27 12:43:00-04:00,17.23,17.24,17.23,17.24,4100.0,17.239
2026-05-27 12:44:00-04:00,17.23,17.25,17.23,17.24,3365.0,17.235
2026-05-27 12:45:00-04:00,17.23,17.24,17.21,17.21,2830.0,17.231
2026-05-27 12:46:00-04:00,17.21,17.24,17.2,17.23,3696.0,17.214
2026-05-27 12:47:00-04:00,17.23,17.24,17.21,17.22,4240.0,17.222
2026-05-27 12:48:00-04:00,17.21,17.21,17.18,17.2,5201.0,17.196
2026-05-27 12:49:00-04:00,17.21,17.22,17.21,17.22,2300.0,17.214
2026-05-27 12:50:00-04:00,17.21,17.22,17.21,17.21,2150.0,17.215
2026-05-27 12:51:00-04:00,17.21,17.22,17.18,17.21,3978.0,17.2
2026-05-27 12:52:00-04:00,17.2,17.25,17.19,17.22,9271.0,17.218
2026-05-27 12:53:00-04:00,17.22,17.22,17.21,17.22,1474.0,17.219
2026-05-27 12:54:00-04:00,17.21,17.22,17.21,17.22,700.0,17.216
2026-05-27 12:55:00-04:00,17.21,17.24,17.21,17.23,3000.0,17.225
2026-05-27 12:56:00-04:00,17.23,17.24,17.22,17.22,2986.0,17.234
2026-05-27 12:57:00-04:00,17.22,17.24,17.22,17.23,1000.0,17.232
2026-05-27 12:58:00-04:00,17.24,17.24,17.23,17.24,3877.0,17.236
2026-05-27 12:59:00-04:00,17.25,17.25,17.23,17.25,3253.0,17.244
2026-05-27 13:00:00-04:00,17.25,17.25,17.22,17.22,4680.0,17.242
2026-05-27 13:01:00-04:00,17.23,17.23,17.21,17.22,7274.0,17.225
2026-05-27 13:02:00-04:00,17.22,17.24,17.22,17.23,2228.0,17.233
2026-05-27 13:03:00-04:00,17.24,17.25,17.23,17.23,3115.0,17.241
2026-05-27 13:04:00-04:00,17.22,17.22,17.16,17.16,10786.0,17.185
2026-05-27 13:05:00-04:00,17.16,17.17,17.16,17.17,3555.0,17.163
2026-05-27 13:06:00-04:00,17.17,17.18,17.15,17.15,6301.0,17.172
2026-05-27 13:07:00-04:00,17.15,17.16,17.13,17.14,7670.0,17.141
2026-05-27 13:08:00-04:00,17.14,17.17,17.14,17.15,6173.0,17.152
2026-05-27 13:09:00-04:00,17.15,17.15,17.13,17.14,1340.0,17.144
2026-05-27 13:10:00-04:00,17.15,17.16,17.15,17.16,1200.0,17.153
2026-05-27 13:11:00-04:00,17.15,17.16,17.13,17.13,2257.0,17.149
2026-05-27 13:12:00-04:00,17.13,17.15,17.12,17.15,6750.0,17.136
2026-05-27 13:13:00-04:00,17.14,17.15,17.12,17.15,4385.0,17.136
2026-05-27 13:14:00-04:00,17.15,17.19,17.15,17.19,6257.0,17.169
2026-05-27 13:15:00-04:00,17.19,17.19,17.14,17.14,5087.0,17.16
2026-05-27 13:16:00-04:00,17.14,17.16,17.13,17.16,3500.0,17.146
2026-05-27 13:17:00-04:00,17.16,17.17,17.16,17.17,600.0,17.169
2026-05-27 13:18:00-04:00,17.17,17.18,17.16,17.18,1400.0,17.171
2026-05-27 13:19:00-04:00,17.19,17.2,17.19,17.2,1085.0,17.19
2026-05-27 13:20:00-04:00,17.2,17.2,17.18,17.18,5952.0,17.188
2026-05-27 13:21:00-04:00,17.18,17.18,17.17,17.18,300.0,17.178
2026-05-27 13:22:00-04:00,17.17,17.2,17.16,17.19,9933.0,17.183
2026-05-27 13:23:00-04:00,17.19,17.19,17.12,17.12,7241.0,17.142
2026-05-27 13:24:00-04:00,17.13,17.14,17.11,17.13,7731.0,17.124
2026-05-27 13:25:00-04:00,17.13,17.13,17.11,17.11,1644.0,17.121
2026-05-27 13:26:00-04:00,17.12,17.12,17.04,17.07,22764.0,17.075
2026-05-27 13:27:00-04:00,17.07,17.09,17.06,17.09,18927.0,17.079
2026-05-27 13:28:00-04:00,17.09,17.09,17.08,17.09,10461.0,17.085
2026-05-27 13:29:00-04:00,17.09,17.09,17.07,17.09,7542.0,17.086
2026-05-27 13:30:00-04:00,17.09,17.11,17.07,17.11,10031.0,17.084
2026-05-27 13:31:00-04:00,17.11,17.2,17.1,17.15,19388.0,17.16
2026-05-27 13:32:00-04:00,17.14,17.14,17.14,17.14,1565.0,17.14
2026-05-27 13:33:00-04:00,17.14,17.17,17.14,17.14,4936.0,17.151
2026-05-27 13:34:00-04:00,17.14,17.15,17.14,17.14,3574.0,17.148
2026-05-27 13:35:00-04:00,17.14,17.15,17.14,17.14,5788.0,17.145
2026-05-27 13:36:00-04:00,17.14,17.15,17.11,17.12,11662.0,17.137
2026-05-27 13:37:00-04:00,17.13,17.13,17.11,17.13,3020.0,17.121
2026-05-27 13:38:00-04:00,17.13,17.13,17.11,17.12,6580.0,17.121
2026-05-27 13:39:00-04:00,17.13,17.13,17.11,17.11,2067.0,17.125
2026-05-27 13:40:00-04:00,17.1,17.11,17.09,17.1,3726.0,17.101
2026-05-27 13:41:00-04:00,17.11,17.11,17.09,17.1,4580.0,17.099
2026-05-27 13:42:00-04:00,17.09,17.1,17.08,17.09,7138.0,17.087
2026-05-27 13:43:00-04:00,17.08,17.1,17.08,17.08,4480.0,17.088
2026-05-27 13:44:00-04:00,17.09,17.09,17.06,17.09,5062.0,17.077
2026-05-27 13:45:00-04:00,17.08,17.08,17.06,17.06,1964.0,17.067
2026-05-27 13:46:00-04:00,17.08,17.11,17.07,17.1,8144.0,17.096
2026-05-27 13:47:00-04:00,17.09,17.1,17.09,17.1,1224.0,17.098
2026-05-27 13:48:00-04:00,17.09,17.1,17.05,17.07,9516.0,17.072
2026-05-27 13:49:00-04:00,17.07,17.08,17.07,17.07,7335.0,17.073
2026-05-27 13:50:00-04:00,17.07,17.08,17.06,17.07,14728.0,17.069
2026-05-27 13:51:00-04:00,17.07,17.07,17.06,17.06,2743.0,17.065
2026-05-27 13:52:00-04:00,17.06,17.07,17.05,17.05,2856.0,17.057
2026-05-27 13:53:00-04:00,17.06,17.06,17.06,17.06,399.0,17.06
2026-05-27 13:54:00-04:00,17.06,17.07,17.05,17.06,6884.0,17.061
2026-05-27 13:55:00-04:00,17.06,17.09,17.06,17.06,17850.0,17.076
2026-05-27 13:56:00-04:00,17.06,17.07,17.04,17.05,3494.0,17.055
2026-05-27 13:57:00-04:00,17.04,17.05,17.03,17.04,4713.0,17.038
2026-05-27 13:58:00-04:00,17.05,17.05,17.04,17.04,3809.0,17.044
2026-05-27 13:59:00-04:00,17.04,17.06,17.04,17.05,8122.0,17.049
2026-05-27 14:00:00-04:00,17.05,17.06,17.05,17.05,4435.0,17.057
2026-05-27 14:01:00-04:00,17.05,17.06,17.04,17.05,4846.0,17.053
2026-05-27 14:02:00-04:00,17.05,17.08,17.05,17.07,3539.0,17.061
2026-05-27 14:03:00-04:00,17.07,17.08,17.06,17.06,4024.0,17.069
2026-05-27 14:04:00-04:00,17.06,17.07,17.06,17.06,2670.0,17.066
2026-05-27 14:05:00-04:00,17.06,17.07,17.05,17.05,3293.0,17.062
2026-05-27 14:06:00-04:00,17.05,17.07,17.05,17.06,1941.0,17.061
2026-05-27 14:07:00-04:00,17.06,17.08,17.06,17.06,12513.0,17.071
2026-05-27 14:08:00-04:00,17.06,17.07,17.05,17.05,2761.0,17.059
2026-05-27 14:09:00-04:00,17.05,17.05,17.02,17.02,12989.0,17.036
2026-05-27 14:10:00-04:00,17.02,17.04,17.02,17.02,4393.0,17.027
2026-05-27 14:11:00-04:00,17.03,17.03,17.01,17.02,7700.0,17.022
2026-05-27 14:12:00-04:00,17.02,17.03,17.0,17.01,26833.0,17.006
2026-05-27 14:13:00-04:00,17.01,17.03,16.97,16.97,51986.0,16.995
2026-05-27 14:14:00-04:00,16.97,16.97,16.91,16.94,42378.0,16.936
2026-05-27 14:15:00-04:00,16.95,16.96,16.92,16.93,10608.0,16.939
2026-05-27 14:16:00-04:00,16.94,16.95,16.93,16.95,6967.0,16.947
2026-05-27 14:17:00-04:00,16.94,16.98,16.94,16.97,13754.0,16.958
2026-05-27 14:18:00-04:00,16.97,16.99,16.97,16.98,3826.0,16.982
2026-05-27 14:19:00-04:00,16.98,17.0,16.98,17.0,1728.0,16.988
2026-05-27 14:20:00-04:00,17.0,17.0,16.98,16.98,5000.0,16.993
2026-05-27 14:21:00-04:00,16.98,16.99,16.98,16.98,5424.0,16.988
2026-05-27 14:22:00-04:00,16.98,17.01,16.98,17.0,7950.0,16.996
2026-05-27 14:23:00-04:00,17.01,17.01,16.97,16.97,5156.0,16.984
2026-05-27 14:24:00-04:00,16.97,17.0,16.97,17.0,6486.0,16.989
2026-05-27 14:25:00-04:00,17.0,17.05,16.99,17.04,12601.0,17.015
2026-05-27 14:26:00-04:00,17.04,17.05,17.0,17.02,10052.0,17.027
2026-05-27 14:27:00-04:00,17.01,17.02,17.0,17.02,6635.0,17.01
2026-05-27 14:28:00-04:00,17.02,17.02,16.99,17.0,9607.0,17.002
2026-05-27 14:29:00-04:00,17.0,17.03,16.99,17.02,10586.0,17.005
2026-05-27 14:30:00-04:00,17.02,17.07,17.02,17.05,12636.0,17.037
2026-05-27 14:31:00-04:00,17.05,17.08,17.04,17.06,10044.0,17.061
2026-05-27 14:32:00-04:00,17.06,17.07,17.05,17.06,5125.0,17.066
2026-05-27 14:33:00-04:00,17.06,17.07,17.05,17.06,2475.0,17.059
2026-05-27 14:34:00-04:00,17.06,17.07,17.04,17.04,2724.0,17.053
2026-05-27 14:35:00-04:00,17.04,17.05,17.04,17.04,4852.0,17.045
2026-05-27 14:36:00-04:00,17.04,17.04,17.03,17.03,600.0,17.037
2026-05-27 14:37:00-04:00,17.03,17.08,17.02,17.07,67275.0,17.05
2026-05-27 14:38:00-04:00,17.07,17.08,17.04,17.04,6648.0,17.061
2026-05-27 14:39:00-04:00,17.04,17.05,17.04,17.05,1191.0,17.048
2026-05-27 14:40:00-04:00,17.04,17.05,17.03,17.04,3063.0,17.037
2026-05-27 14:41:00-04:00,17.04,17.07,17.04,17.07,6868.0,17.056
2026-05-27 14:42:00-04:00,17.06,17.07,17.06,17.06,1000.0,17.063
2026-05-27 14:43:00-04:00,17.06,17.06,17.04,17.06,2958.0,17.051
2026-05-27 14:44:00-04:00,17.05,17.06,17.04,17.05,1382.0,17.049
2026-05-27 14:45:00-04:00,17.05,17.07,17.05,17.06,2654.0,17.059
2026-05-27 14:46:00-04:00,17.06,17.07,17.06,17.06,3984.0,17.068
2026-05-27 14:47:00-04:00,17.06,17.09,17.06,17.09,2870.0,17.078
2026-05-27 14:48:00-04:00,17.09,17.1,17.08,17.09,5302.0,17.088
2026-05-27 14:49:00-04:00,17.09,17.1,17.08,17.09,2170.0,17.088
2026-05-27 14:50:00-04:00,17.09,17.1,17.07,17.07,5556.0,17.088
2026-05-27 14:51:00-04:00,17.07,17.08,17.05,17.07,8766.0,17.07
2026-05-27 14:52:00-04:00,17.07,17.11,17.07,17.11,4401.0,17.084
2026-05-27 14:53:00-04:00,17.11,17.12,17.09,17.09,3572.0,17.104
2026-05-27 14:54:00-04:00,17.08,17.09,17.07,17.09,10713.0,17.081
2026-05-27 14:55:00-04:00,17.08,17.09,17.07,17.07,1910.0,17.074
2026-05-27 14:56:00-04:00,17.07,17.08,17.06,17.06,867.0,17.065
2026-05-27 14:57:00-04:00,17.06,17.06,17.05,17.05,4171.0,17.056
2026-05-27 14:58:00-04:00,17.05,17.08,17.05,17.06,10449.0,17.064
2026-05-27 14:59:00-04:00,17.06,17.12,17.06,17.12,6856.0,17.094
2026-05-27 15:00:00-04:00,17.13,17.18,17.13,17.15,9359.0,17.152
2026-05-27 15:01:00-04:00,17.15,17.19,17.14,17.19,5996.0,17.16
2026-05-27 15:02:00-04:00,17.2,17.21,17.18,17.19,3170.0,17.194
2026-05-27 15:03:00-04:00,17.2,17.21,17.19,17.19,2370.0,17.2
2026-05-27 15:04:00-04:00,17.19,17.19,17.19,17.19,1198.0,17.19
2026-05-27 15:05:00-04:00,17.2,17.24,17.2,17.23,9960.0,17.221
2026-05-27 15:06:00-04:00,17.23,17.23,17.21,17.21,1549.0,17.215
2026-05-27 15:07:00-04:00,17.19,17.19,17.18,17.18,2300.0,17.187
2026-05-27 15:08:00-04:00,17.19,17.21,17.18,17.18,6784.0,17.195
2026-05-27 15:09:00-04:00,17.17,17.18,17.17,17.18,6945.0,17.176
2026-05-27 15:10:00-04:00,17.19,17.19,17.18,17.18,4018.0,17.184
2026-05-27 15:11:00-04:00,17.18,17.19,17.17,17.17,3195.0,17.181
2026-05-27 15:12:00-04:00,17.17,17.19,17.17,17.18,4700.0,17.181
2026-05-27 15:13:00-04:00,17.18,17.19,17.17,17.18,728.0,17.181
2026-05-27 15:14:00-04:00,17.18,17.18,17.17,17.18,673.0,17.175
2026-05-27 15:15:00-04:00,17.18,17.19,17.17,17.19,5255.0,17.183
2026-05-27 15:16:00-04:00,17.18,17.2,17.17,17.2,2619.0,17.182
2026-05-27 15:17:00-04:00,17.2,17.2,17.19,17.2,2585.0,17.198
2026-05-27 15:18:00-04:00,17.2,17.21,17.19,17.19,4466.0,17.197
2026-05-27 15:19:00-04:00,17.18,17.18,17.16,17.17,4329.0,17.167
2026-05-27 15:20:00-04:00,17.17,17.18,17.17,17.17,1050.0,17.172
2026-05-27 15:21:00-04:00,17.16,17.16,17.15,17.15,2600.0,17.159
2026-05-27 15:22:00-04:00,17.15,17.17,17.15,17.16,6163.0,17.162
2026-05-27 15:23:00-04:00,17.16,17.17,17.13,17.13,3059.0,17.147
2026-05-27 15:24:00-04:00,17.13,17.14,17.11,17.11,9819.0,17.118
2026-05-27 15:25:00-04:00,17.11,17.12,17.09,17.1,12336.0,17.107
2026-05-27 15:26:00-04:00,17.11,17.11,17.09,17.11,2700.0,17.102
2026-05-27 15:27:00-04:00,17.11,17.13,17.11,17.13,6488.0,17.116
2026-05-27 15:28:00-04:00,17.13,17.14,17.12,17.13,2900.0,17.132
2026-05-27 15:29:00-04:00,17.13,17.14,17.13,17.14,5737.0,17.135
2026-05-27 15:30:00-04:00,17.13,17.14,17.13,17.13,3095.0,17.134
2026-05-27 15:31:00-04:00,17.13,17.18,17.13,17.17,11474.0,17.15
2026-05-27 15:32:00-04:00,17.16,17.17,17.14,17.14,4811.0,17.156
2026-05-27 15:33:00-04:00,17.14,17.16,17.14,17.15,3023.0,17.151
2026-05-27 15:34:00-04:00,17.15,17.16,17.15,17.15,2229.0,17.155
2026-05-27 15:35:00-04:00,17.15,17.16,17.15,17.16,2914.0,17.157
2026-05-27 15:36:00-04:00,17.16,17.17,17.15,17.15,3244.0,17.167
2026-05-27 15:37:00-04:00,17.15,17.17,17.14,17.17,7503.0,17.157
2026-05-27 15:38:00-04:00,17.18,17.18,17.17,17.18,2020.0,17.176
2026-05-27 15:39:00-04:00,17.18,17.18,17.15,17.15,5509.0,17.165
2026-05-27 15:40:00-04:00,17.15,17.16,17.14,17.14,3484.0,17.152
2026-05-27 15:41:00-04:00,17.14,17.16,17.14,17.15,4421.0,17.148
2026-05-27 15:42:00-04:00,17.15,17.16,17.15,17.16,2000.0,17.156
2026-05-27 15:43:00-04:00,17.15,17.16,17.15,17.15,3027.0,17.154
2026-05-27 15:44:00-04:00,17.16,17.17,17.15,17.15,9693.0,17.161
2026-05-27 15:45:00-04:00,17.15,17.16,17.15,17.15,1833.0,17.155
2026-05-27 15:46:00-04:00,17.15,17.16,17.15,17.15,2056.0,17.155
2026-05-27 15:47:00-04:00,17.15,17.16,17.14,17.14,11466.0,17.149
2026-05-27 15:48:00-04:00,17.14,17.15,17.14,17.14,2394.0,17.143
2026-05-27 15:49:00-04:00,17.14,17.18,17.14,17.18,18862.0,17.16
2026-05-27 15:50:00-04:00,17.18,17.18,17.16,17.16,5664.0,17.169
2026-05-27 15:51:00-04:00,17.16,17.17,17.15,17.17,9895.0,17.161
2026-05-27 15:52:00-04:00,17.17,17.2,17.17,17.19,20734.0,17.188
2026-05-27 15:53:00-04:00,17.2,17.21,17.18,17.18,13684.0,17.196
2026-05-27 15:54:00-04:00,17.18,17.2,17.16,17.18,23974.0,17.183
2026-05-27 15:55:00-04:00,17.18,17.2,17.17,17.18,35910.0,17.188
2026-05-27 15:56:00-04:00,17.18,17.21,17.18,17.2,23390.0,17.198
2026-05-27 15:57:00-04:00,17.2,17.23,17.15,17.16,61325.0,17.196
2026-05-27 15:58:00-04:00,17.16,17.2,17.15,17.2,57051.0,17.176
2026-05-27 15:59:00-04:00,17.2,17.26,17.19,17.25,88674.0,17.231
2026-05-28 09:30:00-04:00,17.25,17.26,17.1,17.13,46310.0,17.241
2026-05-28 09:31:00-04:00,17.16,17.17,17.14,17.16,1200.0,17.157
2026-05-28 09:32:00-04:00,17.16,17.16,17.12,17.12,1905.0,17.149
2026-05-28 09:33:00-04:00,17.14,17.15,17.03,17.04,13028.0,17.101
2026-05-28 09:34:00-04:00,17.05,17.06,17.02,17.04,11168.0,17.049
2026-05-28 09:35:00-04:00,17.04,17.04,16.98,16.98,62703.0,17.005
2026-05-28 09:36:00-04:00,16.94,17.03,16.92,17.01,9122.0,16.995
2026-05-28 09:37:00-04:00,16.99,17.11,16.99,17.11,5348.0,17.063
2026-05-28 09:38:00-04:00,17.11,17.16,17.09,17.1,20948.0,17.127
2026-05-28 09:39:00-04:00,17.09,17.11,17.03,17.03,2998.0,17.076
2026-05-28 09:40:00-04:00,17.05,17.06,16.97,16.97,7161.0,17.013
2026-05-28 09:41:00-04:00,16.97,17.04,16.96,17.02,10840.0,16.987
2026-05-28 09:42:00-04:00,17.01,17.07,17.01,17.06,5506.0,17.048
2026-05-28 09:43:00-04:00,17.07,17.07,17.04,17.06,2542.0,17.055
2026-05-28 09:44:00-04:00,17.07,17.1,17.04,17.09,13589.0,17.07
2026-05-28 09:45:00-04:00,17.08,17.11,17.08,17.11,11822.0,17.098
2026-05-28 09:46:00-04:00,17.09,17.12,17.08,17.09,20053.0,17.108
2026-05-28 09:47:00-04:00,17.1,17.18,17.1,17.15,40175.0,17.121
2026-05-28 09:48:00-04:00,17.14,17.15,17.1,17.12,1650.0,17.127
2026-05-28 09:49:00-04:00,17.13,17.15,17.11,17.11,8390.0,17.124
2026-05-28 09:50:00-04:00,17.1,17.19,17.08,17.19,16457.0,17.118
2026-05-28 09:51:00-04:00,17.21,17.21,17.15,17.16,3590.0,17.174
2026-05-28 09:52:00-04:00,17.16,17.19,17.16,17.18,2347.0,17.174
2026-05-28 09:53:00-04:00,17.15,17.2,17.15,17.17,8096.0,17.166
2026-05-28 09:54:00-04:00,17.17,17.2,17.16,17.18,4583.0,17.185
2026-05-28 09:55:00-04:00,17.2,17.2,17.13,17.13,11502.0,17.179
2026-05-28 09:56:00-04:00,17.13,17.15,17.12,17.15,9577.0,17.13
2026-05-28 09:57:00-04:00,17.13,17.19,17.13,17.15,25348.0,17.15
2026-05-28 09:58:00-04:00,17.15,17.19,17.15,17.19,3631.0,17.167
2026-05-28 09:59:00-04:00,17.19,17.21,17.18,17.2,37661.0,17.199
2026-05-28 10:00:00-04:00,17.2,17.25,17.19,17.21,13865.0,17.219
2026-05-28 10:01:00-04:00,17.2,17.21,17.18,17.21,1386.0,17.201
2026-05-28 10:02:00-04:00,17.21,17.22,17.15,17.16,16223.0,17.189
2026-05-28 10:03:00-04:00,17.15,17.17,17.13,17.13,27886.0,17.163
2026-05-28 10:04:00-04:00,17.13,17.16,17.13,17.13,5336.0,17.141
2026-05-28 10:05:00-04:00,17.13,17.15,17.08,17.09,5656.0,17.112
2026-05-28 10:06:00-04:00,17.09,17.12,17.04,17.04,15717.0,17.084
2026-05-28 10:07:00-04:00,17.04,17.06,17.0,17.02,8926.0,17.02
2026-05-28 10:08:00-04:00,17.02,17.05,17.01,17.04,11159.0,17.032
2026-05-28 10:09:00-04:00,17.04,17.05,17.01,17.02,6328.0,17.031
2026-05-28 10:10:00-04:00,17.01,17.01,16.97,17.0,5349.0,16.991
2026-05-28 10:11:00-04:00,17.0,17.0,16.98,17.0,3789.0,16.995
2026-05-28 10:12:00-04:00,17.0,17.11,16.99,17.1,10356.0,17.038
2026-05-28 10:13:00-04:00,17.1,17.11,17.05,17.11,7754.0,17.089
2026-05-28 10:14:00-04:00,17.11,17.14,17.08,17.13,13439.0,17.118
2026-05-28 10:15:00-04:00,17.13,17.19,17.13,17.14,33968.0,17.148
2026-05-28 10:16:00-04:00,17.14,17.2,17.13,17.16,8004.0,17.17
2026-05-28 10:17:00-04:00,17.17,17.18,17.17,17.17,6080.0,17.172
2026-05-28 10:18:00-04:00,17.16,17.18,17.14,17.18,7277.0,17.157
2026-05-28 10:19:00-04:00,17.19,17.21,17.17,17.17,10151.0,17.194
2026-05-28 10:20:00-04:00,17.19,17.2,17.16,17.18,7200.0,17.183
2026-05-28 10:21:00-04:00,17.18,17.19,17.16,17.16,5904.0,17.17
2026-05-28 10:22:00-04:00,17.16,17.2,17.14,17.18,75620.0,17.176
2026-05-28 10:23:00-04:00,17.19,17.21,17.18,17.2,11077.0,17.191
2026-05-28 10:24:00-04:00,17.21,17.27,17.21,17.26,79900.0,17.236
2026-05-28 10:25:00-04:00,17.27,17.29,17.23,17.23,19687.0,17.259
2026-05-28 10:26:00-04:00,17.24,17.32,17.24,17.31,20416.0,17.284
2026-05-28 10:27:00-04:00,17.31,17.32,17.28,17.29,5517.0,17.303
2026-05-28 10:28:00-04:00,17.28,17.28,17.25,17.26,2600.0,17.267
2026-05-28 10:29:00-04:00,17.25,17.27,17.24,17.26,3566.0,17.263
2026-05-28 10:30:00-04:00,17.26,17.27,17.22,17.22,4978.0,17.253
2026-05-28 10:31:00-04:00,17.23,17.23,17.2,17.2,2706.0,17.211
2026-05-28 10:32:00-04:00,17.2,17.24,17.19,17.23,8765.0,17.209
2026-05-28 10:33:00-04:00,17.22,17.25,17.22,17.24,2000.0,17.234
2026-05-28 10:34:00-04:00,17.24,17.26,17.23,17.26,3600.0,17.245
2026-05-28 10:35:00-04:00,17.26,17.27,17.25,17.25,2016.0,17.262
2026-05-28 10:36:00-04:00,17.25,17.26,17.21,17.21,1780.0,17.234
2026-05-28 10:37:00-04:00,17.21,17.22,17.2,17.2,4400.0,17.21
2026-05-28 10:38:00-04:00,17.2,17.2,17.19,17.2,2424.0,17.193
2026-05-28 10:39:00-04:00,17.2,17.23,17.19,17.23,3363.0,17.205
2026-05-28 10:40:00-04:00,17.23,17.24,17.21,17.24,4569.0,17.226
2026-05-28 10:41:00-04:00,17.24,17.3,17.24,17.29,8730.0,17.272
2026-05-28 10:42:00-04:00,17.29,17.29,17.25,17.29,11324.0,17.274
2026-05-28 10:43:00-04:00,17.28,17.31,17.28,17.29,4199.0,17.298
2026-05-28 10:44:00-04:00,17.29,17.31,17.29,17.3,2062.0,17.3
2026-05-28 10:45:00-04:00,17.31,17.34,17.31,17.33,1697.0,17.326
2026-05-28 10:46:00-04:00,17.34,17.37,17.31,17.32,10981.0,17.343
2026-05-28 10:47:00-04:00,17.32,17.34,17.32,17.34,2827.0,17.334
2026-05-28 10:48:00-04:00,17.34,17.36,17.34,17.36,3741.0,17.356
2026-05-28 10:49:00-04:00,17.35,17.39,17.32,17.32,7245.0,17.364
2026-05-28 10:50:00-04:00,17.33,17.35,17.32,17.34,3226.0,17.338
2026-05-28 10:51:00-04:00,17.35,17.36,17.34,17.36,2085.0,17.344
2026-05-28 10:52:00-04:00,17.35,17.39,17.35,17.38,14586.0,17.376
2026-05-28 10:53:00-04:00,17.37,17.44,17.36,17.39,38842.0,17.413
2026-05-28 10:54:00-04:00,17.39,17.39,17.35,17.37,6014.0,17.375
2026-05-28 10:55:00-04:00,17.35,17.36,17.3,17.3,3674.0,17.336
2026-05-28 10:56:00-04:00,17.31,17.33,17.3,17.32,1897.0,17.315
2026-05-28 10:57:00-04:00,17.32,17.33,17.29,17.29,7623.0,17.31
2026-05-28 10:58:00-04:00,17.29,17.31,17.29,17.29,4992.0,17.3
2026-05-28 10:59:00-04:00,17.3,17.31,17.28,17.3,2555.0,17.294
2026-05-28 11:00:00-04:00,17.3,17.33,17.3,17.32,11670.0,17.312
2026-05-28 11:01:00-04:00,17.32,17.35,17.32,17.35,3923.0,17.339
2026-05-28 11:02:00-04:00,17.35,17.36,17.34,17.35,2424.0,17.347
2026-05-28 11:03:00-04:00,17.34,17.34,17.32,17.33,5957.0,17.335
2026-05-28 11:04:00-04:00,17.33,17.33,17.31,17.31,1868.0,17.315
2026-05-28 11:05:00-04:00,17.31,17.33,17.31,17.31,4719.0,17.319
2026-05-28 11:06:00-04:00,17.3,17.31,17.29,17.31,3863.0,17.305
2026-05-28 11:07:00-04:00,17.31,17.33,17.3,17.32,4310.0,17.318
2026-05-28 11:08:00-04:00,17.32,17.33,17.3,17.3,1811.0,17.311
2026-05-28 11:09:00-04:00,17.3,17.33,17.3,17.32,2436.0,17.311
2026-05-28 11:10:00-04:00,17.32,17.33,17.31,17.31,4336.0,17.318
2026-05-28 11:11:00-04:00,17.31,17.32,17.31,17.31,2048.0,17.315
2026-05-28 11:12:00-04:00,17.31,17.33,17.31,17.32,3477.0,17.32
2026-05-28 11:13:00-04:00,17.31,17.33,17.31,17.33,4910.0,17.321
2026-05-28 11:14:00-04:00,17.32,17.32,17.31,17.32,3632.0,17.319
2026-05-28 11:15:00-04:00,17.31,17.32,17.29,17.29,5761.0,17.306
2026-05-28 11:16:00-04:00,17.29,17.32,17.29,17.31,2097.0,17.308
2026-05-28 11:17:00-04:00,17.31,17.32,17.31,17.32,4574.0,17.314
2026-05-28 11:18:00-04:00,17.31,17.34,17.31,17.34,6947.0,17.332
2026-05-28 11:19:00-04:00,17.34,17.36,17.33,17.36,6090.0,17.341
2026-05-28 11:20:00-04:00,17.36,17.38,17.35,17.37,9330.0,17.361
2026-05-28 11:21:00-04:00,17.38,17.4,17.38,17.39,6229.0,17.39
2026-05-28 11:22:00-04:00,17.4,17.43,17.4,17.4,5782.0,17.409
2026-05-28 11:23:00-04:00,17.39,17.41,17.39,17.4,4016.0,17.4
2026-05-28 11:24:00-04:00,17.4,17.43,17.39,17.43,7981.0,17.411
2026-05-28 11:25:00-04:00,17.44,17.55,17.44,17.55,88538.0,17.5
2026-05-28 11:26:00-04:00,17.56,17.56,17.51,17.52,5836.0,17.531
2026-05-28 11:27:00-04:00,17.52,17.55,17.51,17.54,10147.0,17.534
2026-05-28 11:28:00-04:00,17.54,17.54,17.49,17.49,7148.0,17.52
2026-05-28 11:29:00-04:00,17.5,17.51,17.48,17.5,33150.0,17.5
2026-05-28 11:30:00-04:00,17.5,17.51,17.45,17.48,31985.0,17.477
2026-05-28 11:31:00-04:00,17.48,17.48,17.46,17.48,2000.0,17.475
2026-05-28 11:32:00-04:00,17.47,17.48,17.47,17.47,3822.0,17.479
2026-05-28 11:33:00-04:00,17.47,17.5,17.47,17.47,30606.0,17.495
2026-05-28 11:34:00-04:00,17.47,17.48,17.46,17.47,7993.0,17.468
2026-05-28 11:35:00-04:00,17.46,17.47,17.46,17.47,6289.0,17.466
2026-05-28 11:36:00-04:00,17.47,17.48,17.46,17.48,4531.0,17.47
2026-05-28 11:37:00-04:00,17.48,17.5,17.47,17.5,7316.0,17.484
2026-05-28 11:38:00-04:00,17.49,17.54,17.49,17.52,18570.0,17.51
2026-05-28 11:39:00-04:00,17.53,17.57,17.52,17.54,19109.0,17.542
2026-05-28 11:40:00-04:00,17.54,17.55,17.53,17.53,10898.0,17.541
2026-05-28 11:41:00-04:00,17.54,17.56,17.52,17.53,19957.0,17.538
2026-05-28 11:42:00-04:00,17.53,17.57,17.52,17.57,4503.0,17.547
2026-05-28 11:43:00-04:00,17.57,17.59,17.54,17.54,8542.0,17.572
2026-05-28 11:44:00-04:00,17.54,17.55,17.53,17.55,3841.0,17.542
2026-05-28 11:45:00-04:00,17.54,17.54,17.53,17.54,1374.0,17.536
2026-05-28 11:46:00-04:00,17.54,17.54,17.53,17.54,6050.0,17.537
2026-05-28 11:47:00-04:00,17.54,17.57,17.54,17.55,14363.0,17.55
2026-05-28 11:48:00-04:00,17.55,17.58,17.55,17.57,16146.0,17.563
2026-05-28 11:49:00-04:00,17.57,17.58,17.57,17.57,6190.0,17.577
2026-05-28 11:50:00-04:00,17.57,17.58,17.56,17.56,4611.0,17.571
2026-05-28 11:51:00-04:00,17.56,17.57,17.53,17.54,14232.0,17.539
2026-05-28 11:52:00-04:00,17.54,17.54,17.51,17.51,14675.0,17.536
2026-05-28 11:53:00-04:00,17.52,17.52,17.51,17.52,749.0,17.514
2026-05-28 11:54:00-04:00,17.52,17.54,17.51,17.53,4541.0,17.529
2026-05-28 11:55:00-04:00,17.52,17.53,17.52,17.52,1730.0,17.528
2026-05-28 11:56:00-04:00,17.52,17.53,17.51,17.51,1970.0,17.52
2026-05-28 11:57:00-04:00,17.5,17.51,17.49,17.5,23649.0,17.5
2026-05-28 11:58:00-04:00,17.5,17.51,17.5,17.51,2321.0,17.509
2026-05-28 11:59:00-04:00,17.5,17.52,17.48,17.52,6622.0,17.501
2026-05-28 12:00:00-04:00,17.52,17.53,17.49,17.52,19617.0,17.508
2026-05-28 12:01:00-04:00,17.52,17.52,17.5,17.51,5049.0,17.51
2026-05-28 12:02:00-04:00,17.52,17.52,17.51,17.51,2759.0,17.513
2026-05-28 12:03:00-04:00,17.5,17.51,17.44,17.47,38098.0,17.493
2026-05-28 12:04:00-04:00,17.47,17.5,17.47,17.48,5496.0,17.482
2026-05-28 12:05:00-04:00,17.48,17.5,17.47,17.49,11206.0,17.482
2026-05-28 12:06:00-04:00,17.49,17.5,17.48,17.48,3570.0,17.489
2026-05-28 12:07:00-04:00,17.48,17.5,17.48,17.49,4177.0,17.488
2026-05-28 12:08:00-04:00,17.48,17.49,17.48,17.49,1114.0,17.487
2026-05-28 12:09:00-04:00,17.48,17.49,17.48,17.48,2200.0,17.486
2026-05-28 12:10:00-04:00,17.48,17.48,17.45,17.46,3007.0,17.467
2026-05-28 12:11:00-04:00,17.47,17.48,17.46,17.46,13264.0,17.469
2026-05-28 12:12:00-04:00,17.46,17.48,17.46,17.47,3900.0,17.469
2026-05-28 12:13:00-04:00,17.47,17.48,17.47,17.47,1305.0,17.475
2026-05-28 12:14:00-04:00,17.47,17.48,17.47,17.48,2600.0,17.474
2026-05-28 12:15:00-04:00,17.48,17.49,17.48,17.49,3581.0,17.483
2026-05-28 12:16:00-04:00,17.49,17.49,17.45,17.46,17916.0,17.463
2026-05-28 12:17:00-04:00,17.46,17.49,17.46,17.49,3338.0,17.479
2026-05-28 12:18:00-04:00,17.48,17.49,17.47,17.47,7772.0,17.476
2026-05-28 12:19:00-04:00,17.46,17.47,17.46,17.47,2200.0,17.466
2026-05-28 12:20:00-04:00,17.47,17.47,17.46,17.46,2000.0,17.469
2026-05-28 12:21:00-04:00,17.46,17.47,17.46,17.46,895.0,17.467
2026-05-28 12:22:00-04:00,17.47,17.47,17.46,17.46,600.0,17.467
2026-05-28 12:23:00-04:00,17.47,17.48,17.46,17.48,5648.0,17.47
2026-05-28 12:24:00-04:00,17.47,17.51,17.47,17.5,8713.0,17.493
2026-05-28 12:25:00-04:00,17.5,17.51,17.48,17.48,2880.0,17.493
2026-05-28 12:26:00-04:00,17.47,17.48,17.47,17.48,300.0,17.478
2026-05-28 12:27:00-04:00,17.48,17.49,17.48,17.48,2256.0,17.486
2026-05-28 12:28:00-04:00,17.49,17.5,17.47,17.47,13137.0,17.486
2026-05-28 12:29:00-04:00,17.46,17.48,17.46,17.46,3845.0,17.465
2026-05-28 12:30:00-04:00,17.45,17.48,17.45,17.46,4617.0,17.46
2026-05-28 12:31:00-04:00,17.46,17.47,17.46,17.47,1748.0,17.467
2026-05-28 12:32:00-04:00,17.47,17.49,17.47,17.48,1057.0,17.482
2026-05-28 12:33:00-04:00,17.49,17.49,17.48,17.48,1218.0,17.488
2026-05-28 12:34:00-04:00,17.48,17.5,17.47,17.49,10354.0,17.484
2026-05-28 12:35:00-04:00,17.49,17.5,17.49,17.49,6036.0,17.497
2026-05-28 12:36:00-04:00,17.48,17.49,17.46,17.46,1707.0,17.476
2026-05-28 12:37:00-04:00,17.46,17.47,17.46,17.47,2302.0,17.464
2026-05-28 12:38:00-04:00,17.46,17.46,17.45,17.45,3007.0,17.454
2026-05-28 12:39:00-04:00,17.45,17.48,17.45,17.47,14933.0,17.466
2026-05-28 12:40:00-04:00,17.46,17.48,17.46,17.48,2451.0,17.468
2026-05-28 12:41:00-04:00,17.48,17.49,17.47,17.47,5500.0,17.477
2026-05-28 12:42:00-04:00,17.47,17.49,17.47,17.48,2232.0,17.48
2026-05-28 12:43:00-04:00,17.48,17.49,17.47,17.47,6827.0,17.486
2026-05-28 12:44:00-04:00,17.48,17.49,17.47,17.47,2936.0,17.482
2026-05-28 12:45:00-04:00,17.48,17.48,17.47,17.47,10112.0,17.475
2026-05-28 12:46:00-04:00,17.47,17.49,17.46,17.48,8300.0,17.475
2026-05-28 12:47:00-04:00,17.48,17.49,17.48,17.48,800.0,17.487
2026-05-28 12:48:00-04:00,17.48,17.49,17.48,17.48,2274.0,17.488
2026-05-28 12:49:00-04:00,17.49,17.49,17.48,17.49,1400.0,17.486
2026-05-28 12:50:00-04:00,17.48,17.49,17.47,17.47,13471.0,17.481
2026-05-28 12:51:00-04:00,17.48,17.5,17.48,17.49,7228.0,17.488
2026-05-28 12:52:00-04:00,17.49,17.5,17.48,17.49,2772.0,17.491
2026-05-28 12:53:00-04:00,17.48,17.5,17.48,17.49,2691.0,17.492
2026-05-28 12:54:00-04:00,17.49,17.62,17.49,17.62,137926.0,17.563
2026-05-28 12:55:00-04:00,17.61,17.66,17.54,17.56,103619.0,17.607
2026-05-28 12:56:00-04:00,17.56,17.6,17.55,17.59,19951.0,17.583
2026-05-28 12:57:00-04:00,17.59,17.59,17.55,17.56,5075.0,17.565
2026-05-28 12:58:00-04:00,17.56,17.57,17.52,17.55,7152.0,17.546
2026-05-28 12:59:00-04:00,17.55,17.56,17.53,17.54,10027.0,17.553
2026-05-28 13:00:00-04:00,17.54,17.56,17.5,17.51,49511.0,17.515
2026-05-28 13:01:00-04:00,17.5,17.52,17.5,17.52,5108.0,17.513
2026-05-28 13:02:00-04:00,17.52,17.53,17.5,17.52,6577.0,17.519
2026-05-28 13:03:00-04:00,17.53,17.53,17.52,17.52,2679.0,17.527
2026-05-28 13:04:00-04:00,17.52,17.54,17.52,17.52,3277.0,17.528
2026-05-28 13:05:00-04:00,17.52,17.53,17.52,17.52,4110.0,17.528
2026-05-28 13:06:00-04:00,17.52,17.53,17.51,17.52,3049.0,17.521
2026-05-28 13:07:00-04:00,17.52,17.53,17.51,17.52,1700.0,17.519
2026-05-28 13:08:00-04:00,17.52,17.55,17.51,17.54,13700.0,17.535
2026-05-28 13:09:00-04:00,17.54,17.54,17.53,17.54,5296.0,17.539
2026-05-28 13:10:00-04:00,17.54,17.56,17.54,17.56,1700.0,17.555
2026-05-28 13:11:00-04:00,17.55,17.55,17.54,17.54,3434.0,17.546
2026-05-28 13:12:00-04:00,17.54,17.55,17.54,17.55,1200.0,17.545
2026-05-28 13:13:00-04:00,17.54,17.55,17.54,17.55,676.0,17.545
2026-05-28 13:14:00-04:00,17.54,17.55,17.52,17.54,18337.0,17.534
2026-05-28 13:15:00-04:00,17.54,17.54,17.53,17.53,2394.0,17.532
2026-05-28 13:16:00-04:00,17.53,17.54,17.53,17.53,608.0,17.53
2026-05-28 13:17:00-04:00,17.54,17.54,17.52,17.52,1100.0,17.53
2026-05-28 13:18:00-04:00,17.52,17.53,17.52,17.53,400.0,17.526
2026-05-28 13:19:00-04:00,17.52,17.53,17.51,17.51,1939.0,17.52
2026-05-28 13:20:00-04:00,17.52,17.55,17.51,17.52,12422.0,17.529
2026-05-28 13:21:00-04:00,17.52,17.53,17.52,17.53,496.0,17.526
2026-05-28 13:22:00-04:00,17.53,17.54,17.52,17.54,10256.0,17.535
2026-05-28 13:23:00-04:00,17.55,17.56,17.54,17.56,2355.0,17.555
2026-05-28 13:24:00-04:00,17.56,17.57,17.55,17.55,4466.0,17.56
2026-05-28 13:25:00-04:00,17.55,17.56,17.55,17.56,2844.0,17.557
2026-05-28 13:26:00-04:00,17.56,17.58,17.56,17.58,1575.0,17.569
2026-05-28 13:27:00-04:00,17.57,17.59,17.56,17.57,6802.0,17.58
2026-05-28 13:28:00-04:00,17.57,17.57,17.55,17.56,5134.0,17.567
2026-05-28 13:29:00-04:00,17.56,17.59,17.56,17.57,6398.0,17.581
2026-05-28 13:30:00-04:00,17.57,17.59,17.57,17.57,2286.0,17.579
2026-05-28 13:31:00-04:00,17.57,17.58,17.55,17.56,5300.0,17.564
2026-05-28 13:32:00-04:00,17.56,17.57,17.56,17.56,1200.0,17.562
2026-05-28 13:33:00-04:00,17.57,17.58,17.56,17.57,2850.0,17.57
2026-05-28 13:34:00-04:00,17.57,17.57,17.54,17.54,4028.0,17.553
2026-05-28 13:35:00-04:00,17.54,17.56,17.54,17.55,2304.0,17.554
2026-05-28 13:36:00-04:00,17.55,17.55,17.54,17.54,2952.0,17.546
2026-05-28 13:37:00-04:00,17.54,17.55,17.53,17.53,675.0,17.538
2026-05-28 13:38:00-04:00,17.53,17.54,17.52,17.53,4089.0,17.53
2026-05-28 13:39:00-04:00,17.53,17.54,17.53,17.54,2429.0,17.534
2026-05-28 13:40:00-04:00,17.54,17.55,17.53,17.55,4168.0,17.541
2026-05-28 13:41:00-04:00,17.54,17.56,17.54,17.55,1793.0,17.548
2026-05-28 13:42:00-04:00,17.55,17.56,17.55,17.55,2780.0,17.555
2026-05-28 13:43:00-04:00,17.55,17.56,17.55,17.56,352.0,17.558
2026-05-28 13:44:00-04:00,17.55,17.56,17.55,17.55,5780.0,17.554
2026-05-28 13:45:00-04:00,17.55,17.57,17.54,17.56,6258.0,17.555
2026-05-28 13:46:00-04:00,17.56,17.57,17.56,17.56,2780.0,17.565
2026-05-28 13:47:00-04:00,17.56,17.57,17.55,17.55,8307.0,17.56
2026-05-28 13:48:00-04:00,17.57,17.6,17.57,17.59,12827.0,17.58
2026-05-28 13:49:00-04:00,17.59,17.61,17.59,17.61,3914.0,17.595
2026-05-28 13:50:00-04:00,17.61,17.64,17.6,17.64,4450.0,17.618
2026-05-28 13:51:00-04:00,17.63,17.64,17.63,17.63,3125.0,17.634
2026-05-28 13:52:00-04:00,17.63,17.65,17.63,17.64,1482.0,17.641
2026-05-28 13:53:00-04:00,17.64,17.65,17.63,17.63,3803.0,17.637
2026-05-28 13:54:00-04:00,17.63,17.65,17.63,17.63,3995.0,17.641
2026-05-28 13:55:00-04:00,17.63,17.64,17.61,17.61,2266.0,17.624
2026-05-28 13:56:00-04:00,17.61,17.61,17.57,17.57,1098.0,17.593
2026-05-28 13:57:00-04:00,17.57,17.58,17.56,17.57,3225.0,17.568
2026-05-28 13:58:00-04:00,17.57,17.59,17.57,17.59,2160.0,17.582
2026-05-28 13:59:00-04:00,17.59,17.6,17.58,17.59,7156.0,17.594
2026-05-28 14:00:00-04:00,17.59,17.6,17.58,17.59,3349.0,17.589
2026-05-28 14:01:00-04:00,17.58,17.58,17.57,17.57,4093.0,17.578
2026-05-28 14:02:00-04:00,17.56,17.57,17.56,17.57,500.0,17.568
2026-05-28 14:03:00-04:00,17.57,17.57,17.56,17.56,900.0,17.568
2026-05-28 14:04:00-04:00,17.56,17.57,17.56,17.56,2217.0,17.565
2026-05-28 14:05:00-04:00,17.56,17.58,17.56,17.58,1700.0,17.569
2026-05-28 14:06:00-04:00,17.57,17.58,17.57,17.58,2750.0,17.575
2026-05-28 14:07:00-04:00,17.57,17.59,17.57,17.59,1521.0,17.581
2026-05-28 14:08:00-04:00,17.59,17.63,17.57,17.63,11451.0,17.595
2026-05-28 14:09:00-04:00,17.63,17.64,17.62,17.64,2491.0,17.629
2026-05-28 14:10:00-04:00,17.64,17.65,17.63,17.64,6100.0,17.646
2026-05-28 14:11:00-04:00,17.64,17.64,17.63,17.63,1300.0,17.633
2026-05-28 14:12:00-04:00,17.64,17.64,17.63,17.63,6104.0,17.639
2026-05-28 14:13:00-04:00,17.63,17.64,17.61,17.61,2742.0,17.628
2026-05-28 14:14:00-04:00,17.61,17.61,17.59,17.61,5393.0,17.602
2026-05-28 14:15:00-04:00,17.61,17.61,17.59,17.59,4040.0,17.603
2026-05-28 14:16:00-04:00,17.59,17.61,17.59,17.6,1700.0,17.601
2026-05-28 14:17:00-04:00,17.59,17.6,17.58,17.59,2351.0,17.592
2026-05-28 14:18:00-04:00,17.59,17.59,17.55,17.57,3001.0,17.573
2026-05-28 14:19:00-04:00,17.56,17.58,17.56,17.58,984.0,17.572
2026-05-28 14:20:00-04:00,17.58,17.59,17.57,17.57,2729.0,17.578
2026-05-28 14:21:00-04:00,17.56,17.56,17.54,17.55,1602.0,17.557
2026-05-28 14:22:00-04:00,17.55,17.56,17.55,17.56,1718.0,17.557
2026-05-28 14:23:00-04:00,17.56,17.57,17.54,17.56,1600.0,17.554
2026-05-28 14:24:00-04:00,17.56,17.57,17.56,17.57,1200.0,17.567
2026-05-28 14:25:00-04:00,17.56,17.58,17.56,17.57,2905.0,17.571
2026-05-28 14:26:00-04:00,17.57,17.58,17.57,17.57,500.0,17.575
2026-05-28 14:27:00-04:00,17.57,17.58,17.57,17.57,2600.0,17.579
2026-05-28 14:28:00-04:00,17.58,17.59,17.57,17.57,1869.0,17.582
2026-05-28 14:29:00-04:00,17.59,17.59,17.58,17.59,500.0,17.585
2026-05-28 14:30:00-04:00,17.59,17.59,17.58,17.59,1213.0,17.586
2026-05-28 14:31:00-04:00,17.59,17.59,17.58,17.59,5530.0,17.585
2026-05-28 14:32:00-04:00,17.59,17.6,17.59,17.6,3292.0,17.598
2026-05-28 14:33:00-04:00,17.59,17.61,17.59,17.61,1300.0,17.598
2026-05-28 14:34:00-04:00,17.61,17.65,17.6,17.64,20777.0,17.633
2026-05-28 14:35:00-04:00,17.63,17.63,17.62,17.62,1217.0,17.628
2026-05-28 14:36:00-04:00,17.63,17.63,17.62,17.63,200.0,17.625
2026-05-28 14:37:00-04:00,17.63,17.63,17.62,17.63,6621.0,17.622
2026-05-28 14:38:00-04:00,17.62,17.62,17.6,17.61,1620.0,17.616
2026-05-28 14:39:00-04:00,17.61,17.61,17.6,17.61,525.0,17.604
2026-05-28 14:40:00-04:00,17.61,17.61,17.59,17.59,2419.0,17.598
2026-05-28 14:41:00-04:00,17.59,17.6,17.56,17.56,1713.0,17.579
2026-05-28 14:42:00-04:00,17.57,17.58,17.57,17.58,1526.0,17.571
2026-05-28 14:43:00-04:00,17.57,17.58,17.57,17.57,760.0,17.575
2026-05-28 14:44:00-04:00,17.57,17.58,17.55,17.57,8619.0,17.566
2026-05-28 14:45:00-04:00,17.57,17.59,17.57,17.59,1010.0,17.584
2026-05-28 14:46:00-04:00,17.59,17.59,17.58,17.59,400.0,17.589
2026-05-28 14:47:00-04:00,17.58,17.6,17.58,17.59,1519.0,17.591
2026-05-28 14:48:00-04:00,17.6,17.6,17.58,17.59,6179.0,17.591
2026-05-28 14:49:00-04:00,17.59,17.6,17.58,17.59,4502.0,17.589
2026-05-28 14:50:00-04:00,17.59,17.59,17.57,17.57,4210.0,17.583
2026-05-28 14:51:00-04:00,17.57,17.57,17.56,17.56,1100.0,17.568
2026-05-28 14:52:00-04:00,17.56,17.58,17.55,17.57,4445.0,17.564
2026-05-28 14:53:00-04:00,17.56,17.57,17.55,17.55,1970.0,17.564
2026-05-28 14:54:00-04:00,17.55,17.57,17.52,17.52,14088.0,17.553
2026-05-28 14:55:00-04:00,17.53,17.55,17.52,17.55,4932.0,17.543
2026-05-28 14:56:00-04:00,17.54,17.54,17.53,17.54,4021.0,17.537
2026-05-28 14:57:00-04:00,17.54,17.54,17.52,17.54,6723.0,17.535
2026-05-28 14:58:00-04:00,17.54,17.56,17.54,17.55,1072.0,17.545
2026-05-28 14:59:00-04:00,17.56,17.56,17.55,17.55,642.0,17.557
2026-05-28 15:00:00-04:00,17.55,17.56,17.54,17.54,9621.0,17.545
2026-05-28 15:01:00-04:00,17.55,17.55,17.54,17.54,1999.0,17.546
2026-05-28 15:02:00-04:00,17.55,17.55,17.53,17.54,10570.0,17.543
2026-05-28 15:03:00-04:00,17.54,17.55,17.53,17.54,400.0,17.54
2026-05-28 15:04:00-04:00,17.54,17.54,17.53,17.54,700.0,17.534
2026-05-28 15:05:00-04:00,17.54,17.55,17.53,17.54,5820.0,17.541
2026-05-28 15:06:00-04:00,17.54,17.54,17.52,17.54,2776.0,17.532
2026-05-28 15:07:00-04:00,17.54,17.54,17.53,17.54,2000.0,17.535
2026-05-28 15:08:00-04:00,17.54,17.54,17.53,17.54,800.0,17.536
2026-05-28 15:09:00-04:00,17.54,17.54,17.53,17.54,1951.0,17.535
2026-05-28 15:10:00-04:00,17.54,17.55,17.53,17.54,3284.0,17.54
2026-05-28 15:11:00-04:00,17.55,17.55,17.54,17.54,2538.0,17.548
2026-05-28 15:12:00-04:00,17.54,17.55,17.53,17.54,4040.0,17.54
2026-05-28 15:13:00-04:00,17.54,17.55,17.54,17.55,1235.0,17.548
2026-05-28 15:14:00-04:00,17.54,17.55,17.54,17.55,550.0,17.548
2026-05-28 15:15:00-04:00,17.55,17.56,17.54,17.55,1130.0,17.552
2026-05-28 15:16:00-04:00,17.55,17.56,17.54,17.55,4717.0,17.553
2026-05-28 15:17:00-04:00,17.55,17.56,17.55,17.55,1310.0,17.554
2026-05-28 15:18:00-04:00,17.55,17.56,17.55,17.55,1129.0,17.556
2026-05-28 15:19:00-04:00,17.55,17.56,17.55,17.56,957.0,17.557
2026-05-28 15:20:00-04:00,17.55,17.57,17.55,17.57,4870.0,17.561
2026-05-28 15:21:00-04:00,17.57,17.57,17.55,17.55,3515.0,17.561
2026-05-28 15:22:00-04:00,17.55,17.57,17.54,17.54,10953.0,17.556
2026-05-28 15:23:00-04:00,17.53,17.57,17.53,17.57,5450.0,17.554
2026-05-28 15:24:00-04:00,17.57,17.6,17.57,17.58,6448.0,17.587
2026-05-28 15:25:00-04:00,17.58,17.58,17.57,17.57,2500.0,17.579
2026-05-28 15:26:00-04:00,17.57,17.58,17.57,17.57,1183.0,17.573
2026-05-28 15:27:00-04:00,17.57,17.58,17.56,17.57,5590.0,17.57
2026-05-28 15:28:00-04:00,17.57,17.59,17.57,17.59,3474.0,17.578
2026-05-28 15:29:00-04:00,17.59,17.6,17.58,17.6,1785.0,17.592
2026-05-28 15:30:00-04:00,17.61,17.62,17.6,17.62,5320.0,17.606
2026-05-28 15:31:00-04:00,17.62,17.62,17.61,17.62,6071.0,17.619
2026-05-28 15:32:00-04:00,17.62,17.62,17.6,17.61,4044.0,17.612
2026-05-28 15:33:00-04:00,17.61,17.61,17.59,17.59,9148.0,17.598
2026-05-28 15:34:00-04:00,17.6,17.61,17.59,17.59,4644.0,17.599
2026-05-28 15:35:00-04:00,17.58,17.6,17.56,17.57,4249.0,17.584
2026-05-28 15:36:00-04:00,17.57,17.58,17.57,17.58,3726.0,17.573
2026-05-28 15:37:00-04:00,17.58,17.59,17.58,17.59,3119.0,17.588
2026-05-28 15:38:00-04:00,17.59,17.59,17.57,17.57,4790.0,17.583
2026-05-28 15:39:00-04:00,17.57,17.58,17.57,17.57,1400.0,17.573
2026-05-28 15:40:00-04:00,17.58,17.58,17.56,17.56,8965.0,17.573
2026-05-28 15:41:00-04:00,17.56,17.58,17.56,17.57,11849.0,17.571
2026-05-28 15:42:00-04:00,17.56,17.57,17.55,17.55,4200.0,17.56
2026-05-28 15:43:00-04:00,17.55,17.58,17.54,17.54,46671.0,17.567
2026-05-28 15:44:00-04:00,17.55,17.56,17.54,17.55,6168.0,17.55
2026-05-28 15:45:00-04:00,17.55,17.56,17.51,17.52,11463.0,17.535
2026-05-28 15:46:00-04:00,17.52,17.53,17.51,17.52,10784.0,17.522
2026-05-28 15:47:00-04:00,17.52,17.54,17.52,17.52,5751.0,17.529
2026-05-28 15:48:00-04:00,17.52,17.53,17.52,17.52,5296.0,17.521
2026-05-28 15:49:00-04:00,17.52,17.53,17.52,17.52,2364.0,17.523
2026-05-28 15:50:00-04:00,17.52,17.52,17.46,17.46,20536.0,17.494
2026-05-28 15:51:00-04:00,17.46,17.48,17.46,17.47,23188.0,17.471
2026-05-28 15:52:00-04:00,17.47,17.48,17.46,17.46,20838.0,17.468
2026-05-28 15:53:00-04:00,17.46,17.47,17.44,17.45,17220.0,17.459
2026-05-28 15:54:00-04:00,17.45,17.46,17.42,17.43,18070.0,17.438
2026-05-28 15:55:00-04:00,17.43,17.44,17.4,17.42,43096.0,17.423
2026-05-28 15:56:00-04:00,17.41,17.48,17.41,17.46,62765.0,17.434
2026-05-28 15:57:00-04:00,17.46,17.5,17.45,17.49,90701.0,17.479
2026-05-28 15:58:00-04:00,17.5,17.5,17.44,17.44,131861.0,17.486
2026-05-28 15:59:00-04:00,17.45,17.46,17.42,17.44,136546.0,17.436
2026-05-29 09:30:00-04:00,17.45,17.5,17.38,17.41,53797.0,17.435
2026-05-29 09:31:00-04:00,17.39,17.55,17.38,17.55,5818.0,17.48
2026-05-29 09:32:00-04:00,17.54,17.6,17.5,17.6,12647.0,17.569
2026-05-29 09:33:00-04:00,17.6,17.68,17.58,17.64,12473.0,17.63
2026-05-29 09:34:00-04:00,17.64,17.65,17.55,17.61,7151.0,17.6
2026-05-29 09:35:00-04:00,17.57,17.59,17.51,17.51,5744.0,17.552
2026-05-29 09:36:00-04:00,17.53,17.6,17.53,17.55,3164.0,17.559
2026-05-29 09:37:00-04:00,17.52,17.53,17.47,17.49,15890.0,17.486
2026-05-29 09:38:00-04:00,17.49,17.62,17.49,17.62,4901.0,17.553
2026-05-29 09:39:00-04:00,17.62,17.67,17.61,17.63,6885.0,17.642
2026-05-29 09:40:00-04:00,17.62,17.66,17.62,17.66,2885.0,17.64
2026-05-29 09:41:00-04:00,17.66,17.82,17.66,17.82,28919.0,17.732
2026-05-29 09:42:00-04:00,17.8,17.88,17.79,17.86,7598.0,17.849
2026-05-29 09:43:00-04:00,17.86,17.9,17.83,17.89,30701.0,17.878
2026-05-29 09:44:00-04:00,17.88,17.88,17.81,17.86,34236.0,17.858
2026-05-29 09:45:00-04:00,17.86,17.91,17.86,17.88,11556.0,17.886
2026-05-29 09:46:00-04:00,17.88,17.88,17.82,17.82,13870.0,17.829
2026-05-29 09:47:00-04:00,17.81,17.83,17.78,17.79,6674.0,17.8
2026-05-29 09:48:00-04:00,17.81,17.84,17.78,17.81,14231.0,17.821
2026-05-29 09:49:00-04:00,17.8,17.8,17.72,17.74,12166.0,17.765
2026-05-29 09:50:00-04:00,17.76,17.8,17.76,17.8,862.0,17.776
2026-05-29 09:51:00-04:00,17.8,17.85,17.8,17.83,14360.0,17.818
2026-05-29 09:52:00-04:00,17.84,17.87,17.84,17.86,8879.0,17.858
2026-05-29 09:53:00-04:00,17.87,17.88,17.85,17.87,30536.0,17.868
2026-05-29 09:54:00-04:00,17.87,17.87,17.83,17.87,15312.0,17.842
2026-05-29 09:55:00-04:00,17.88,17.98,17.88,17.9,24848.0,17.918
2026-05-29 09:56:00-04:00,17.89,17.94,17.88,17.93,29910.0,17.918
2026-05-29 09:57:00-04:00,17.93,17.94,17.91,17.92,7911.0,17.927
2026-05-29 09:58:00-04:00,17.93,17.98,17.93,17.95,10325.0,17.951
2026-05-29 09:59:00-04:00,17.95,18.03,17.94,18.02,69630.0,17.991
2026-05-29 10:00:00-04:00,18.03,18.1,18.03,18.09,26848.0,18.061
2026-05-29 10:01:00-04:00,18.09,18.14,18.08,18.08,18960.0,18.107
2026-05-29 10:02:00-04:00,18.08,18.19,18.07,18.18,13767.0,18.138
2026-05-29 10:03:00-04:00,18.18,18.2,18.17,18.18,10890.0,18.182
2026-05-29 10:04:00-04:00,18.16,18.22,18.16,18.2,15345.0,18.196
2026-05-29 10:05:00-04:00,18.19,18.19,18.16,18.18,3877.0,18.171
2026-05-29 10:06:00-04:00,18.18,18.22,18.18,18.22,18791.0,18.204
2026-05-29 10:07:00-04:00,18.22,18.24,18.2,18.22,30473.0,18.207
2026-05-29 10:08:00-04:00,18.22,18.22,18.16,18.19,15757.0,18.187
2026-05-29 10:09:00-04:00,18.19,18.2,18.18,18.2,10574.0,18.188
2026-05-29 10:10:00-04:00,18.19,18.19,18.16,18.16,5473.0,18.172
2026-05-29 10:11:00-04:00,18.15,18.17,18.14,18.15,10613.0,18.153
2026-05-29 10:12:00-04:00,18.16,18.2,18.16,18.19,5578.0,18.178
2026-05-29 10:13:00-04:00,18.18,18.19,18.17,18.17,6453.0,18.18
2026-05-29 10:14:00-04:00,18.17,18.19,18.16,18.18,14628.0,18.171
2026-05-29 10:15:00-04:00,18.18,18.18,18.13,18.14,5009.0,18.166
2026-05-29 10:16:00-04:00,18.13,18.27,18.13,18.26,170264.0,18.219
2026-05-29 10:17:00-04:00,18.24,18.26,18.23,18.23,16186.0,18.243
2026-05-29 10:18:00-04:00,18.22,18.25,18.22,18.24,5511.0,18.239
2026-05-29 10:19:00-04:00,18.24,18.26,18.2,18.21,59642.0,18.224
2026-05-29 10:20:00-04:00,18.2,18.2,18.11,18.11,34752.0,18.163
2026-05-29 10:21:00-04:00,18.13,18.14,18.09,18.09,18989.0,18.122
2026-05-29 10:22:00-04:00,18.1,18.13,18.1,18.1,16325.0,18.112
2026-05-29 10:23:00-04:00,18.09,18.09,18.04,18.05,16089.0,18.056
2026-05-29 10:24:00-04:00,18.05,18.09,18.03,18.06,18325.0,18.051
2026-05-29 10:25:00-04:00,18.07,18.07,18.03,18.03,20085.0,18.061
2026-05-29 10:26:00-04:00,18.03,18.04,18.01,18.03,7172.0,18.023
2026-05-29 10:27:00-04:00,18.04,18.07,18.03,18.06,16291.0,18.035
2026-05-29 10:28:00-04:00,18.06,18.11,18.05,18.11,39891.0,18.086
2026-05-29 10:29:00-04:00,18.1,18.11,18.09,18.09,11292.0,18.098
2026-05-29 10:30:00-04:00,18.09,18.12,18.05,18.11,43621.0,18.078
2026-05-29 10:31:00-04:00,18.1,18.1,18.07,18.09,12235.0,18.089
2026-05-29 10:32:00-04:00,18.09,18.1,18.02,18.03,30553.0,18.06
2026-05-29 10:33:00-04:00,18.03,18.1,18.03,18.08,30509.0,18.069
2026-05-29 10:34:00-04:00,18.09,18.16,18.09,18.16,10279.0,18.13
2026-05-29 10:35:00-04:00,18.16,18.17,18.14,18.14,9292.0,18.16
2026-05-29 10:36:00-04:00,18.13,18.15,18.12,18.13,13557.0,18.135
2026-05-29 10:37:00-04:00,18.14,18.17,18.14,18.15,5211.0,18.156
2026-05-29 10:38:00-04:00,18.15,18.16,18.13,18.16,4826.0,18.143
2026-05-29 10:39:00-04:00,18.15,18.16,18.15,18.15,2262.0,18.158
2026-05-29 10:40:00-04:00,18.16,18.19,18.16,18.17,9644.0,18.172
2026-05-29 10:41:00-04:00,18.17,18.22,18.17,18.22,3828.0,18.191
2026-05-29 10:42:00-04:00,18.21,18.23,18.2,18.2,10323.0,18.214
2026-05-29 10:43:00-04:00,18.19,18.19,18.15,18.15,12062.0,18.178
2026-05-29 10:44:00-04:00,18.15,18.15,18.1,18.1,8275.0,18.135
2026-05-29 10:45:00-04:00,18.11,18.11,18.09,18.1,11592.0,18.103
2026-05-29 10:46:00-04:00,18.09,18.09,18.06,18.09,8954.0,18.073
2026-05-29 10:47:00-04:00,18.09,18.1,18.08,18.09,4240.0,18.093
2026-05-29 10:48:00-04:00,18.09,18.11,18.08,18.11,4872.0,18.09
2026-05-29 10:49:00-04:00,18.1,18.12,18.09,18.11,2223.0,18.105
2026-05-29 10:50:00-04:00,18.09,18.15,18.09,18.15,6417.0,18.109
2026-05-29 10:51:00-04:00,18.15,18.19,18.13,18.13,14625.0,18.161
2026-05-29 10:52:00-04:00,18.13,18.16,18.13,18.15,2706.0,18.146
2026-05-29 10:53:00-04:00,18.16,18.17,18.15,18.17,5253.0,18.164
2026-05-29 10:54:00-04:00,18.18,18.19,18.17,18.19,5043.0,18.176
2026-05-29 10:55:00-04:00,18.18,18.19,18.18,18.19,1994.0,18.184
2026-05-29 10:56:00-04:00,18.19,18.23,18.19,18.22,28167.0,18.201
2026-05-29 10:57:00-04:00,18.22,18.23,18.21,18.21,2600.0,18.218
2026-05-29 10:58:00-04:00,18.22,18.22,18.2,18.2,3700.0,18.211
2026-05-29 10:59:00-04:00,18.21,18.21,18.14,18.14,10305.0,18.178
2026-05-29 11:00:00-04:00,18.14,18.15,18.11,18.12,6346.0,18.12
2026-05-29 11:01:00-04:00,18.12,18.19,18.11,18.18,6096.0,18.152
2026-05-29 11:02:00-04:00,18.17,18.17,18.15,18.15,4155.0,18.163
2026-05-29 11:03:00-04:00,18.15,18.17,18.15,18.17,4003.0,18.169
2026-05-29 11:04:00-04:00,18.17,18.23,18.17,18.22,7190.0,18.192
2026-05-29 11:05:00-04:00,18.22,18.27,18.21,18.26,42163.0,18.243
2026-05-29 11:06:00-04:00,18.27,18.29,18.27,18.29,6223.0,18.285
2026-05-29 11:07:00-04:00,18.28,18.39,18.28,18.39,35091.0,18.335
2026-05-29 11:08:00-04:00,18.39,18.44,18.38,18.44,32819.0,18.406
2026-05-29 11:09:00-04:00,18.44,18.46,18.4,18.42,44023.0,18.435
2026-05-29 11:10:00-04:00,18.41,18.45,18.41,18.45,26644.0,18.43
2026-05-29 11:11:00-04:00,18.45,18.46,18.43,18.43,38001.0,18.44
2026-05-29 11:12:00-04:00,18.43,18.44,18.41,18.43,54005.0,18.429
2026-05-29 11:13:00-04:00,18.43,18.47,18.37,18.43,70838.0,18.429
2026-05-29 11:14:00-04:00,18.42,18.45,18.4,18.45,12429.0,18.43
2026-05-29 11:15:00-04:00,18.44,18.47,18.43,18.46,7114.0,18.449
2026-05-29 11:16:00-04:00,18.46,18.47,18.42,18.42,5972.0,18.449
2026-05-29 11:17:00-04:00,18.42,18.42,18.37,18.38,12650.0,18.392
2026-05-29 11:18:00-04:00,18.38,18.39,18.36,18.39,7378.0,18.377
2026-05-29 11:19:00-04:00,18.39,18.43,18.39,18.43,6399.0,18.406
2026-05-29 11:20:00-04:00,18.42,18.42,18.36,18.37,6633.0,18.377
2026-05-29 11:21:00-04:00,18.37,18.39,18.37,18.38,5707.0,18.379
2026-05-29 11:22:00-04:00,18.39,18.4,18.33,18.33,16488.0,18.364
2026-05-29 11:23:00-04:00,18.34,18.38,18.34,18.37,5208.0,18.358
2026-05-29 11:24:00-04:00,18.38,18.4,18.38,18.38,4912.0,18.388
2026-05-29 11:25:00-04:00,18.38,18.38,18.32,18.32,6194.0,18.345
2026-05-29 11:26:00-04:00,18.33,18.35,18.32,18.35,12489.0,18.335
2026-05-29 11:27:00-04:00,18.35,18.36,18.32,18.32,7497.0,18.346
2026-05-29 11:28:00-04:00,18.32,18.4,18.32,18.39,8064.0,18.352
2026-05-29 11:29:00-04:00,18.4,18.42,18.38,18.38,2022.0,18.406
2026-05-29 11:30:00-04:00,18.38,18.39,18.28,18.35,65130.0,18.324
2026-05-29 11:31:00-04:00,18.35,18.38,18.34,18.35,7919.0,18.359
2026-05-29 11:32:00-04:00,18.35,18.37,18.31,18.35,55947.0,18.324
2026-05-29 11:33:00-04:00,18.34,18.37,18.34,18.36,5312.0,18.353
2026-05-29 11:34:00-04:00,18.35,18.42,18.35,18.41,8706.0,18.382
2026-05-29 11:35:00-04:00,18.4,18.4,18.33,18.34,6448.0,18.357
2026-05-29 11:36:00-04:00,18.34,18.34,18.32,18.32,1306.0,18.328
2026-05-29 11:37:00-04:00,18.32,18.33,18.27,18.28,6028.0,18.29
2026-05-29 11:38:00-04:00,18.27,18.31,18.27,18.29,5092.0,18.295
2026-05-29 11:39:00-04:00,18.3,18.36,18.28,18.36,16693.0,18.308
2026-05-29 11:40:00-04:00,18.36,18.36,18.33,18.35,4547.0,18.347
2026-05-29 11:41:00-04:00,18.36,18.42,18.35,18.41,45330.0,18.381
2026-05-29 11:42:00-04:00,18.4,18.42,18.37,18.37,43336.0,18.381
2026-05-29 11:43:00-04:00,18.37,18.4,18.36,18.38,13405.0,18.374
2026-05-29 11:44:00-04:00,18.38,18.38,18.36,18.38,4995.0,18.37
2026-05-29 11:45:00-04:00,18.38,18.38,18.37,18.38,700.0,18.374
2026-05-29 11:46:00-04:00,18.37,18.38,18.36,18.37,1535.0,18.371
2026-05-29 11:47:00-04:00,18.36,18.36,18.35,18.36,2726.0,18.358
2026-05-29 11:48:00-04:00,18.36,18.37,18.35,18.36,9076.0,18.36
2026-05-29 11:49:00-04:00,18.36,18.36,18.34,18.36,6272.0,18.355
2026-05-29 11:50:00-04:00,18.36,18.36,18.34,18.36,1198.0,18.352
2026-05-29 11:51:00-04:00,18.35,18.36,18.34,18.34,4965.0,18.349
2026-05-29 11:52:00-04:00,18.34,18.34,18.31,18.31,1405.0,18.319
2026-05-29 11:53:00-04:00,18.3,18.31,18.28,18.29,7589.0,18.293
2026-05-29 11:54:00-04:00,18.29,18.33,18.29,18.32,3760.0,18.314
2026-05-29 11:55:00-04:00,18.33,18.34,18.33,18.34,2722.0,18.336
2026-05-29 11:56:00-04:00,18.34,18.35,18.34,18.34,1315.0,18.342
2026-05-29 11:57:00-04:00,18.34,18.36,18.33,18.36,5497.0,18.347
2026-05-29 11:58:00-04:00,18.36,18.37,18.35,18.36,2860.0,18.358
2026-05-29 11:59:00-04:00,18.37,18.38,18.36,18.37,8452.0,18.374
2026-05-29 12:00:00-04:00,18.36,18.38,18.36,18.37,6012.0,18.37
2026-05-29 12:01:00-04:00,18.37,18.38,18.37,18.38,1919.0,18.373
2026-05-29 12:02:00-04:00,18.38,18.38,18.34,18.34,4209.0,18.367
2026-05-29 12:03:00-04:00,18.33,18.33,18.3,18.3,2600.0,18.313
2026-05-29 12:04:00-04:00,18.3,18.31,18.3,18.3,5880.0,18.306
2026-05-29 12:05:00-04:00,18.3,18.31,18.27,18.29,11718.0,18.285
2026-05-29 12:06:00-04:00,18.29,18.3,18.29,18.3,2524.0,18.297
2026-05-29 12:07:00-04:00,18.3,18.32,18.3,18.32,10443.0,18.305
2026-05-29 12:08:00-04:00,18.33,18.33,18.32,18.32,2161.0,18.325
2026-05-29 12:09:00-04:00,18.33,18.35,18.32,18.34,8500.0,18.332
2026-05-29 12:10:00-04:00,18.34,18.35,18.33,18.34,2856.0,18.34
2026-05-29 12:11:00-04:00,18.34,18.35,18.34,18.35,200.0,18.345
2026-05-29 12:12:00-04:00,18.34,18.35,18.34,18.35,1425.0,18.345
2026-05-29 12:13:00-04:00,18.34,18.35,18.34,18.34,5917.0,18.347
2026-05-29 12:14:00-04:00,18.34,18.34,18.32,18.32,3281.0,18.328
2026-05-29 12:15:00-04:00,18.31,18.31,18.3,18.31,2627.0,18.31
2026-05-29 12:16:00-04:00,18.3,18.32,18.3,18.32,1603.0,18.314
2026-05-29 12:17:00-04:00,18.32,18.33,18.31,18.31,3050.0,18.316
2026-05-29 12:18:00-04:00,18.31,18.32,18.3,18.3,3277.0,18.306
2026-05-29 12:19:00-04:00,18.3,18.32,18.3,18.32,3536.0,18.301
2026-05-29 12:20:00-04:00,18.32,18.32,18.29,18.29,4071.0,18.311
2026-05-29 12:21:00-04:00,18.29,18.29,18.27,18.27,3000.0,18.279
2026-05-29 12:22:00-04:00,18.27,18.29,18.25,18.28,7192.0,18.262
2026-05-29 12:23:00-04:00,18.28,18.28,18.26,18.27,1912.0,18.271
2026-05-29 12:24:00-04:00,18.28,18.28,18.27,18.28,851.0,18.277
2026-05-29 12:25:00-04:00,18.28,18.28,18.27,18.27,766.0,18.274
2026-05-29 12:26:00-04:00,18.27,18.27,18.26,18.26,1050.0,18.267
2026-05-29 12:27:00-04:00,18.26,18.27,18.26,18.27,200.0,18.265
2026-05-29 12:28:00-04:00,18.27,18.27,18.26,18.26,483.0,18.264
2026-05-29 12:29:00-04:00,18.26,18.28,18.26,18.27,1087.0,18.27
2026-05-29 12:30:00-04:00,18.27,18.29,18.26,18.29,3060.0,18.277
2026-05-29 12:31:00-04:00,18.28,18.3,18.24,18.27,26930.0,18.267
2026-05-29 12:32:00-04:00,18.27,18.31,18.27,18.31,21377.0,18.288
2026-05-29 12:33:00-04:00,18.32,18.34,18.32,18.34,3156.0,18.33
2026-05-29 12:34:00-04:00,18.33,18.34,18.32,18.32,1858.0,18.329
2026-05-29 12:35:00-04:00,18.33,18.33,18.3,18.3,6548.0,18.309
2026-05-29 12:36:00-04:00,18.3,18.31,18.28,18.28,4364.0,18.299
2026-05-29 12:37:00-04:00,18.29,18.3,18.28,18.3,2754.0,18.294
2026-05-29 12:38:00-04:00,18.3,18.3,18.29,18.3,2131.0,18.297
2026-05-29 12:39:00-04:00,18.3,18.31,18.3,18.3,2435.0,18.305
2026-05-29 12:40:00-04:00,18.3,18.31,18.29,18.3,1264.0,18.301
2026-05-29 12:41:00-04:00,18.3,18.31,18.3,18.3,200.0,18.305
2026-05-29 12:42:00-04:00,18.3,18.31,18.29,18.31,5700.0,18.308
2026-05-29 12:43:00-04:00,18.3,18.33,18.3,18.32,3149.0,18.32
2026-05-29 12:44:00-04:00,18.32,18.37,18.32,18.36,5237.0,18.355
2026-05-29 12:45:00-04:00,18.36,18.37,18.34,18.34,3123.0,18.352
2026-05-29 12:46:00-04:00,18.34,18.35,18.33,18.35,1239.0,18.341
2026-05-29 12:47:00-04:00,18.34,18.35,18.32,18.32,28375.0,18.337
2026-05-29 12:48:00-04:00,18.32,18.34,18.32,18.34,2721.0,18.325
2026-05-29 12:49:00-04:00,18.34,18.34,18.31,18.31,6715.0,18.324
2026-05-29 12:50:00-04:00,18.31,18.31,18.29,18.29,1867.0,18.301
2026-05-29 12:51:00-04:00,18.29,18.3,18.29,18.29,2164.0,18.297
2026-05-29 12:52:00-04:00,18.29,18.3,18.28,18.29,1700.0,18.288
2026-05-29 12:53:00-04:00,18.29,18.31,18.29,18.31,1920.0,18.302
2026-05-29 12:54:00-04:00,18.3,18.33,18.3,18.33,3786.0,18.32
2026-05-29 12:55:00-04:00,18.32,18.33,18.3,18.3,1816.0,18.314
2026-05-29 12:56:00-04:00,18.31,18.32,18.3,18.32,800.0,18.311
2026-05-29 12:57:00-04:00,18.31,18.34,18.23,18.24,26730.0,18.28
2026-05-29 12:58:00-04:00,18.25,18.26,18.24,18.26,10982.0,18.253
2026-05-29 12:59:00-04:00,18.26,18.27,18.26,18.27,1000.0,18.261
2026-05-29 13:00:00-04:00,18.27,18.3,18.26,18.29,2000.0,18.282
2026-05-29 13:01:00-04:00,18.29,18.3,18.29,18.29,1247.0,18.294
2026-05-29 13:02:00-04:00,18.29,18.3,18.28,18.29,1200.0,18.29
2026-05-29 13:03:00-04:00,18.29,18.3,18.29,18.3,4442.0,18.295
2026-05-29 13:04:00-04:00,18.3,18.3,18.29,18.29,3000.0,18.292
2026-05-29 13:05:00-04:00,18.3,18.3,18.29,18.3,631.0,18.297
2026-05-29 13:06:00-04:00,18.3,18.31,18.29,18.3,4708.0,18.299
2026-05-29 13:07:00-04:00,18.31,18.32,18.3,18.3,3360.0,18.312
2026-05-29 13:08:00-04:00,18.31,18.32,18.3,18.3,58093.0,18.306
2026-05-29 13:09:00-04:00,18.3,18.31,18.26,18.26,10399.0,18.29
2026-05-29 13:10:00-04:00,18.27,18.27,18.25,18.26,816.0,18.257
2026-05-29 13:11:00-04:00,18.26,18.27,18.25,18.26,1110.0,18.259
2026-05-29 13:12:00-04:00,18.27,18.28,18.26,18.28,2750.0,18.274
2026-05-29 13:13:00-04:00,18.29,18.3,18.28,18.29,1690.0,18.288
2026-05-29 13:14:00-04:00,18.29,18.29,18.29,18.29,0.0,18.29
2026-05-29 13:15:00-04:00,18.3,18.3,18.28,18.28,1323.0,18.292
2026-05-29 13:16:00-04:00,18.27,18.28,18.27,18.28,9252.0,18.274
2026-05-29 13:17:00-04:00,18.27,18.3,18.27,18.3,1316.0,18.285
2026-05-29 13:18:00-04:00,18.29,18.3,18.28,18.28,1220.0,18.288
2026-05-29 13:19:00-04:00,18.29,18.29,18.28,18.29,2000.0,18.285
2026-05-29 13:20:00-04:00,18.29,18.29,18.28,18.29,400.0,18.285
2026-05-29 13:21:00-04:00,18.28,18.3,18.27,18.29,13767.0,18.28
2026-05-29 13:22:00-04:00,18.29,18.31,18.28,18.3,3712.0,18.297
2026-05-29 13:23:00-04:00,18.3,18.31,18.29,18.29,6409.0,18.296
2026-05-29 13:24:00-04:00,18.29,18.31,18.29,18.29,7897.0,18.296
2026-05-29 13:25:00-04:00,18.3,18.3,18.28,18.28,2800.0,18.285
2026-05-29 13:26:00-04:00,18.29,18.29,18.28,18.29,500.0,18.287
2026-05-29 13:27:00-04:00,18.29,18.3,18.29,18.29,3214.0,18.297
2026-05-29 13:28:00-04:00,18.3,18.31,18.29,18.3,4774.0,18.301
2026-05-29 13:29:00-04:00,18.29,18.29,18.28,18.29,702.0,18.286
2026-05-29 13:30:00-04:00,18.29,18.29,18.28,18.29,1474.0,18.282
2026-05-29 13:31:00-04:00,18.28,18.3,18.28,18.3,2737.0,18.291
2026-05-29 13:32:00-04:00,18.29,18.3,18.29,18.29,2265.0,18.298
2026-05-29 13:33:00-04:00,18.29,18.3,18.29,18.3,1473.0,18.296
2026-05-29 13:34:00-04:00,18.29,18.3,18.28,18.28,2733.0,18.286
2026-05-29 13:35:00-04:00,18.29,18.35,18.27,18.34,34204.0,18.301
2026-05-29 13:36:00-04:00,18.34,18.35,18.34,18.34,3541.0,18.342
2026-05-29 13:37:00-04:00,18.35,18.36,18.35,18.36,1909.0,18.352
2026-05-29 13:38:00-04:00,18.36,18.37,18.35,18.36,2871.0,18.359
2026-05-29 13:39:00-04:00,18.36,18.37,18.35,18.37,6661.0,18.362
2026-05-29 13:40:00-04:00,18.36,18.37,18.35,18.36,1866.0,18.358
2026-05-29 13:41:00-04:00,18.36,18.37,18.34,18.34,4616.0,18.356
2026-05-29 13:42:00-04:00,18.35,18.36,18.33,18.33,5150.0,18.342
2026-05-29 13:43:00-04:00,18.34,18.34,18.32,18.32,7232.0,18.332
2026-05-29 13:44:00-04:00,18.33,18.34,18.33,18.34,1400.0,18.331
2026-05-29 13:45:00-04:00,18.34,18.34,18.32,18.32,759.0,18.335
2026-05-29 13:46:00-04:00,18.33,18.33,18.32,18.32,1800.0,18.327
2026-05-29 13:47:00-04:00,18.32,18.33,18.3,18.3,6180.0,18.321
2026-05-29 13:48:00-04:00,18.3,18.32,18.29,18.31,29971.0,18.304
2026-05-29 13:49:00-04:00,18.31,18.31,18.3,18.3,999.0,18.302
2026-05-29 13:50:00-04:00,18.31,18.31,18.3,18.3,400.0,18.305
2026-05-29 13:51:00-04:00,18.31,18.32,18.3,18.31,5330.0,18.31
2026-05-29 13:52:00-04:00,18.31,18.32,18.3,18.31,3593.0,18.311
2026-05-29 13:53:00-04:00,18.3,18.31,18.26,18.27,55255.0,18.288
2026-05-29 13:54:00-04:00,18.27,18.27,18.25,18.25,5495.0,18.259
2026-05-29 13:55:00-04:00,18.25,18.26,18.24,18.24,3283.0,18.25
2026-05-29 13:56:00-04:00,18.24,18.24,18.23,18.23,1102.0,18.235
2026-05-29 13:57:00-04:00,18.23,18.27,18.23,18.26,7089.0,18.246
2026-05-29 13:58:00-04:00,18.25,18.25,18.23,18.25,4783.0,18.244
2026-05-29 13:59:00-04:00,18.24,18.25,18.23,18.24,9571.0,18.239
2026-05-29 14:00:00-04:00,18.24,18.26,18.24,18.24,3280.0,18.247
2026-05-29 14:01:00-04:00,18.24,18.25,18.22,18.22,2074.0,18.237
2026-05-29 14:02:00-04:00,18.22,18.23,18.2,18.21,5214.0,18.216
2026-05-29 14:03:00-04:00,18.21,18.23,18.21,18.22,4086.0,18.222
2026-05-29 14:04:00-04:00,18.22,18.23,18.2,18.22,3798.0,18.212
2026-05-29 14:05:00-04:00,18.23,18.23,18.22,18.22,3400.0,18.221
2026-05-29 14:06:00-04:00,18.22,18.23,18.22,18.22,892.0,18.225
2026-05-29 14:07:00-04:00,18.22,18.23,18.21,18.22,12450.0,18.221
2026-05-29 14:08:00-04:00,18.22,18.23,18.22,18.22,2926.0,18.223
2026-05-29 14:09:00-04:00,18.22,18.23,18.22,18.22,1761.0,18.225
2026-05-29 14:10:00-04:00,18.22,18.24,18.21,18.21,4840.0,18.227
2026-05-29 14:11:00-04:00,18.22,18.23,18.21,18.23,1305.0,18.221
2026-05-29 14:12:00-04:00,18.22,18.26,18.22,18.26,19243.0,18.241
2026-05-29 14:13:00-04:00,18.26,18.26,18.24,18.24,3728.0,18.253
2026-05-29 14:14:00-04:00,18.24,18.25,18.23,18.24,2329.0,18.236
2026-05-29 14:15:00-04:00,18.24,18.25,18.24,18.24,600.0,18.243
2026-05-29 14:16:00-04:00,18.25,18.26,18.24,18.25,2485.0,18.251
2026-05-29 14:17:00-04:00,18.25,18.26,18.25,18.25,1210.0,18.251
2026-05-29 14:18:00-04:00,18.25,18.26,18.25,18.25,350.0,18.255
2026-05-29 14:19:00-04:00,18.25,18.25,18.23,18.25,6030.0,18.242
2026-05-29 14:20:00-04:00,18.25,18.26,18.25,18.26,2100.0,18.253
2026-05-29 14:21:00-04:00,18.26,18.28,18.26,18.27,1895.0,18.272
2026-05-29 14:22:00-04:00,18.27,18.28,18.26,18.27,2436.0,18.271
2026-05-29 14:23:00-04:00,18.27,18.29,18.27,18.27,5624.0,18.273
2026-05-29 14:24:00-04:00,18.26,18.27,18.25,18.25,2186.0,18.256
2026-05-29 14:25:00-04:00,18.25,18.26,18.25,18.25,2197.0,18.253
2026-05-29 14:26:00-04:00,18.24,18.25,18.24,18.24,500.0,18.245
2026-05-29 14:27:00-04:00,18.24,18.25,18.23,18.24,1420.0,18.24
2026-05-29 14:28:00-04:00,18.24,18.25,18.24,18.24,1075.0,18.245
2026-05-29 14:29:00-04:00,18.25,18.27,18.25,18.25,2835.0,18.258
2026-05-29 14:30:00-04:00,18.25,18.26,18.25,18.25,920.0,18.252
2026-05-29 14:31:00-04:00,18.26,18.28,18.25,18.27,5225.0,18.265
2026-05-29 14:32:00-04:00,18.27,18.28,18.26,18.27,1472.0,18.266
2026-05-29 14:33:00-04:00,18.27,18.27,18.26,18.27,200.0,18.265
2026-05-29 14:34:00-04:00,18.27,18.27,18.25,18.25,13653.0,18.262
2026-05-29 14:35:00-04:00,18.25,18.26,18.24,18.24,1987.0,18.246
2026-05-29 14:36:00-04:00,18.24,18.24,18.24,18.24,0.0,18.24
2026-05-29 14:37:00-04:00,18.24,18.25,18.24,18.25,3051.0,18.248
2026-05-29 14:38:00-04:00,18.24,18.25,18.24,18.25,4862.0,18.245
2026-05-29 14:39:00-04:00,18.25,18.28,18.25,18.27,16951.0,18.264
2026-05-29 14:40:00-04:00,18.26,18.26,18.24,18.24,2065.0,18.251
2026-05-29 14:41:00-04:00,18.24,18.25,18.22,18.24,20057.0,18.23
2026-05-29 14:42:00-04:00,18.24,18.25,18.23,18.23,4286.0,18.24
2026-05-29 14:43:00-04:00,18.23,18.24,18.22,18.23,3407.0,18.228
2026-05-29 14:44:00-04:00,18.23,18.24,18.23,18.23,4171.0,18.233
2026-05-29 14:45:00-04:00,18.24,18.24,18.18,18.2,17395.0,18.201
2026-05-29 14:46:00-04:00,18.2,18.2,18.19,18.19,874.0,18.193
2026-05-29 14:47:00-04:00,18.18,18.19,18.18,18.18,3066.0,18.187
2026-05-29 14:48:00-04:00,18.18,18.19,18.18,18.19,1445.0,18.182
2026-05-29 14:49:00-04:00,18.18,18.18,18.18,18.18,116.0,18.18
2026-05-29 14:50:00-04:00,18.18,18.18,18.18,18.18,404.0,18.18
2026-05-29 14:51:00-04:00,18.17,18.18,18.16,18.16,5623.0,18.167
2026-05-29 14:52:00-04:00,18.16,18.17,18.11,18.11,25106.0,18.138
2026-05-29 14:53:00-04:00,18.11,18.13,18.11,18.13,7061.0,18.12
2026-05-29 14:54:00-04:00,18.13,18.18,18.12,18.18,9151.0,18.145
2026-05-29 14:55:00-04:00,18.18,18.22,18.17,18.21,9061.0,18.196
2026-05-29 14:56:00-04:00,18.21,18.21,18.19,18.21,14423.0,18.202
2026-05-29 14:57:00-04:00,18.2,18.2,18.13,18.13,17081.0,18.179
2026-05-29 14:58:00-04:00,18.14,18.18,18.14,18.18,8446.0,18.161
2026-05-29 14:59:00-04:00,18.18,18.19,18.13,18.15,44666.0,18.148
2026-05-29 15:00:00-04:00,18.15,18.17,18.13,18.13,32109.0,18.14
2026-05-29 15:01:00-04:00,18.13,18.14,18.11,18.12,14515.0,18.121
2026-05-29 15:02:00-04:00,18.12,18.16,18.12,18.15,3544.0,18.132
2026-05-29 15:03:00-04:00,18.15,18.16,18.15,18.15,6148.0,18.151
2026-05-29 15:04:00-04:00,18.15,18.17,18.12,18.12,26094.0,18.152
2026-05-29 15:05:00-04:00,18.13,18.17,18.12,18.16,21003.0,18.141
2026-05-29 15:06:00-04:00,18.17,18.19,18.15,18.16,7292.0,18.178
2026-05-29 15:07:00-04:00,18.15,18.16,18.09,18.09,31799.0,18.136
2026-05-29 15:08:00-04:00,18.09,18.12,18.09,18.12,5166.0,18.107
2026-05-29 15:09:00-04:00,18.12,18.13,18.11,18.13,3966.0,18.122
2026-05-29 15:10:00-04:00,18.14,18.16,18.14,18.15,2067.0,18.148
2026-05-29 15:11:00-04:00,18.15,18.17,18.15,18.17,1781.0,18.158
2026-05-29 15:12:00-04:00,18.17,18.18,18.17,18.17,7909.0,18.172
2026-05-29 15:13:00-04:00,18.18,18.18,18.17,18.18,2060.0,18.179
2026-05-29 15:14:00-04:00,18.18,18.19,18.17,18.18,1200.0,18.18
2026-05-29 15:15:00-04:00,18.19,18.2,18.18,18.18,3654.0,18.191
2026-05-29 15:16:00-04:00,18.18,18.21,18.18,18.21,3064.0,18.195
2026-05-29 15:17:00-04:00,18.2,18.21,18.2,18.2,400.0,18.206
2026-05-29 15:18:00-04:00,18.21,18.28,18.2,18.23,102253.0,18.248
2026-05-29 15:19:00-04:00,18.24,18.3,18.24,18.28,69001.0,18.273
2026-05-29 15:20:00-04:00,18.29,18.3,18.29,18.29,4916.0,18.292
2026-05-29 15:21:00-04:00,18.29,18.32,18.29,18.29,28479.0,18.303
2026-05-29 15:22:00-04:00,18.29,18.34,18.29,18.34,14837.0,18.303
2026-05-29 15:23:00-04:00,18.34,18.36,18.33,18.36,21114.0,18.346
2026-05-29 15:24:00-04:00,18.36,18.37,18.34,18.34,10734.0,18.355
2026-05-29 15:25:00-04:00,18.34,18.42,18.34,18.41,27576.0,18.387
2026-05-29 15:26:00-04:00,18.41,18.42,18.39,18.39,15100.0,18.4
2026-05-29 15:27:00-04:00,18.39,18.44,18.39,18.44,10842.0,18.409
2026-05-29 15:28:00-04:00,18.44,18.47,18.44,18.47,22080.0,18.456
2026-05-29 15:29:00-04:00,18.45,18.49,18.45,18.49,28412.0,18.467
2026-05-29 15:30:00-04:00,18.48,18.49,18.46,18.46,23977.0,18.475
2026-05-29 15:31:00-04:00,18.46,18.5,18.46,18.49,63650.0,18.483
2026-05-29 15:32:00-04:00,18.49,18.5,18.46,18.46,27353.0,18.478
2026-05-29 15:33:00-04:00,18.46,18.49,18.46,18.48,19819.0,18.467
2026-05-29 15:34:00-04:00,18.48,18.52,18.47,18.52,26422.0,18.493
2026-05-29 15:35:00-04:00,18.52,18.54,18.51,18.51,41641.0,18.526
2026-05-29 15:36:00-04:00,18.5,18.51,18.48,18.5,13771.0,18.496
2026-05-29 15:37:00-04:00,18.5,18.51,18.48,18.5,23433.0,18.494
2026-05-29 15:38:00-04:00,18.5,18.52,18.48,18.51,21865.0,18.498
2026-05-29 15:39:00-04:00,18.5,18.51,18.49,18.5,11878.0,18.499
2026-05-29 15:40:00-04:00,18.5,18.52,18.5,18.52,28582.0,18.511
2026-05-29 15:41:00-04:00,18.52,18.54,18.51,18.53,28732.0,18.528
2026-05-29 15:42:00-04:00,18.53,18.55,18.53,18.54,17418.0,18.539
2026-05-29 15:43:00-04:00,18.54,18.54,18.52,18.52,18061.0,18.527
2026-05-29 15:44:00-04:00,18.52,18.53,18.52,18.52,3693.0,18.523
2026-05-29 15:45:00-04:00,18.52,18.53,18.49,18.49,23300.0,18.509
2026-05-29 15:46:00-04:00,18.48,18.49,18.46,18.48,32161.0,18.478
2026-05-29 15:47:00-04:00,18.48,18.49,18.47,18.47,7652.0,18.482
2026-05-29 15:48:00-04:00,18.47,18.48,18.44,18.46,24315.0,18.458
2026-05-29 15:49:00-04:00,18.46,18.48,18.46,18.47,13157.0,18.47
2026-05-29 15:50:00-04:00,18.46,18.5,18.46,18.47,19071.0,18.474
2026-05-29 15:51:00-04:00,18.46,18.47,18.45,18.45,23068.0,18.461
2026-05-29 15:52:00-04:00,18.45,18.46,18.43,18.45,46334.0,18.446
2026-05-29 15:53:00-04:00,18.45,18.46,18.39,18.41,84198.0,18.415
2026-05-29 15:54:00-04:00,18.42,18.42,18.4,18.4,4906.0,18.411
2026-05-29 15:55:00-04:00,18.4,18.41,18.35,18.36,41280.0,18.381
2026-05-29 15:56:00-04:00,18.35,18.42,18.34,18.38,66070.0,18.371
2026-05-29 15:57:00-04:00,18.38,18.39,18.29,18.29,69881.0,18.339
2026-05-29 15:58:00-04:00,18.29,18.3,18.25,18.26,90997.0,18.27
2026-05-29 15:59:00-04:00,18.27,18.3,18.25,18.29,152340.0,18.278
2026-06-01 09:30:00-04:00,18.36,18.45,17.91,17.98,132997.0,18.189
2026-06-01 09:31:00-04:00,18.03,18.03,17.87,17.9,26970.0,17.947
2026-06-01 09:32:00-04:00,17.85,17.94,17.69,17.71,46824.0,17.816
2026-06-01 09:33:00-04:00,17.67,17.68,17.56,17.6,62099.0,17.635
2026-06-01 09:34:00-04:00,17.57,17.57,17.51,17.54,9644.0,17.538
2026-06-01 09:35:00-04:00,17.53,17.59,17.46,17.52,57670.0,17.537
2026-06-01 09:36:00-04:00,17.54,17.71,17.51,17.67,66682.0,17.572
2026-06-01 09:37:00-04:00,17.7,17.77,17.68,17.73,66446.0,17.724
2026-06-01 09:38:00-04:00,17.74,17.78,17.72,17.73,21442.0,17.748
2026-06-01 09:39:00-04:00,17.75,17.78,17.72,17.72,17053.0,17.751
2026-06-01 09:40:00-04:00,17.73,17.74,17.64,17.68,14167.0,17.681
2026-06-01 09:41:00-04:00,17.68,17.72,17.65,17.66,9075.0,17.676
2026-06-01 09:42:00-04:00,17.64,17.69,17.57,17.59,24254.0,17.611
2026-06-01 09:43:00-04:00,17.58,17.7,17.58,17.7,20924.0,17.649
2026-06-01 09:44:00-04:00,17.64,17.71,17.61,17.65,8936.0,17.665
2026-06-01 09:45:00-04:00,17.67,17.68,17.62,17.66,5248.0,17.648
2026-06-01 09:46:00-04:00,17.68,17.78,17.65,17.74,13378.0,17.719
2026-06-01 09:47:00-04:00,17.77,17.88,17.76,17.85,26134.0,17.831
2026-06-01 09:48:00-04:00,17.85,17.9,17.77,17.78,13155.0,17.852
2026-06-01 09:49:00-04:00,17.77,17.8,17.74,17.78,18269.0,17.766
2026-06-01 09:50:00-04:00,17.8,17.84,17.79,17.8,6071.0,17.814
2026-06-01 09:51:00-04:00,17.82,17.83,17.79,17.79,7185.0,17.807
2026-06-01 09:52:00-04:00,17.78,17.86,17.76,17.84,13160.0,17.816
2026-06-01 09:53:00-04:00,17.83,17.93,17.82,17.89,18194.0,17.887
2026-06-01 09:54:00-04:00,17.9,17.92,17.79,17.8,76621.0,17.89
2026-06-01 09:55:00-04:00,17.8,17.8,17.74,17.76,48645.0,17.763
2026-06-01 09:56:00-04:00,17.76,17.82,17.72,17.81,24094.0,17.758
2026-06-01 09:57:00-04:00,17.8,17.82,17.77,17.82,9816.0,17.798
2026-06-01 09:58:00-04:00,17.82,17.91,17.8,17.89,33963.0,17.845
2026-06-01 09:59:00-04:00,17.9,17.9,17.75,17.76,14236.0,17.824
2026-06-01 10:00:00-04:00,17.76,17.8,17.58,17.6,23764.0,17.715
2026-06-01 10:01:00-04:00,17.58,17.63,17.58,17.6,15886.0,17.606
2026-06-01 10:02:00-04:00,17.61,17.65,17.6,17.64,11253.0,17.625
2026-06-01 10:03:00-04:00,17.64,17.65,17.58,17.61,11404.0,17.605
2026-06-01 10:04:00-04:00,17.6,17.6,17.52,17.53,14481.0,17.562
2026-06-01 10:05:00-04:00,17.52,17.55,17.5,17.52,30331.0,17.522
2026-06-01 10:06:00-04:00,17.52,17.57,17.51,17.55,14236.0,17.538
2026-06-01 10:07:00-04:00,17.56,17.57,17.52,17.57,11439.0,17.553
2026-06-01 10:08:00-04:00,17.59,17.59,17.55,17.59,7547.0,17.572
2026-06-01 10:09:00-04:00,17.59,17.62,17.58,17.6,13604.0,17.602
2026-06-01 10:10:00-04:00,17.61,17.64,17.59,17.62,19236.0,17.61
2026-06-01 10:11:00-04:00,17.62,17.65,17.59,17.63,21655.0,17.61
2026-06-01 10:12:00-04:00,17.63,17.66,17.62,17.66,9027.0,17.641
2026-06-01 10:13:00-04:00,17.64,17.68,17.64,17.67,10272.0,17.653
2026-06-01 10:14:00-04:00,17.66,17.67,17.62,17.63,10694.0,17.637
2026-06-01 10:15:00-04:00,17.63,17.63,17.62,17.63,4378.0,17.626
2026-06-01 10:16:00-04:00,17.62,17.67,17.62,17.66,4419.0,17.644
2026-06-01 10:17:00-04:00,17.65,17.65,17.61,17.63,6092.0,17.631
2026-06-01 10:18:00-04:00,17.64,17.72,17.64,17.71,19105.0,17.693
2026-06-01 10:19:00-04:00,17.71,17.72,17.67,17.67,12651.0,17.705
2026-06-01 10:20:00-04:00,17.66,17.7,17.66,17.66,5177.0,17.677
2026-06-01 10:21:00-04:00,17.67,17.69,17.67,17.67,2780.0,17.673
2026-06-01 10:22:00-04:00,17.66,17.72,17.66,17.67,15653.0,17.699
2026-06-01 10:23:00-04:00,17.68,17.69,17.65,17.66,4377.0,17.674
2026-06-01 10:24:00-04:00,17.66,17.68,17.65,17.66,17955.0,17.665
2026-06-01 10:25:00-04:00,17.66,17.66,17.63,17.64,68641.0,17.65
2026-06-01 10:26:00-04:00,17.63,17.64,17.62,17.62,7387.0,17.63
2026-06-01 10:27:00-04:00,17.63,17.63,17.6,17.6,11228.0,17.615
2026-06-01 10:28:00-04:00,17.6,17.63,17.6,17.63,8965.0,17.613
2026-06-01 10:29:00-04:00,17.63,17.65,17.61,17.62,13243.0,17.63
2026-06-01 10:30:00-04:00,17.62,17.62,17.57,17.59,28492.0,17.596
2026-06-01 10:31:00-04:00,17.58,17.58,17.51,17.51,15246.0,17.552
2026-06-01 10:32:00-04:00,17.51,17.54,17.5,17.52,14768.0,17.524
2026-06-01 10:33:00-04:00,17.51,17.55,17.48,17.53,24814.0,17.507
2026-06-01 10:34:00-04:00,17.54,17.58,17.52,17.58,10728.0,17.54
2026-06-01 10:35:00-04:00,17.58,17.59,17.57,17.58,9956.0,17.579
2026-06-01 10:36:00-04:00,17.58,17.6,17.57,17.59,14915.0,17.58
2026-06-01 10:37:00-04:00,17.59,17.63,17.57,17.57,29040.0,17.61
2026-06-01 10:38:00-04:00,17.58,17.59,17.56,17.57,10451.0,17.57
2026-06-01 10:39:00-04:00,17.57,17.57,17.55,17.55,4398.0,17.562
2026-06-01 10:40:00-04:00,17.55,17.6,17.55,17.6,6453.0,17.577
2026-06-01 10:41:00-04:00,17.59,17.64,17.59,17.64,21106.0,17.623
2026-06-01 10:42:00-04:00,17.64,17.66,17.6,17.6,8499.0,17.626
2026-06-01 10:43:00-04:00,17.61,17.63,17.6,17.63,3025.0,17.612
2026-06-01 10:44:00-04:00,17.62,17.66,17.62,17.66,8916.0,17.639
2026-06-01 10:45:00-04:00,17.66,17.66,17.64,17.64,11634.0,17.652
2026-06-01 10:46:00-04:00,17.64,17.64,17.62,17.62,8277.0,17.631
2026-06-01 10:47:00-04:00,17.63,17.68,17.62,17.68,8184.0,17.648
2026-06-01 10:48:00-04:00,17.68,17.72,17.67,17.71,7617.0,17.703
2026-06-01 10:49:00-04:00,17.71,17.71,17.69,17.69,3954.0,17.698
2026-06-01 10:50:00-04:00,17.69,17.69,17.67,17.69,4932.0,17.683
2026-06-01 10:51:00-04:00,17.69,17.69,17.66,17.66,1572.0,17.672
2026-06-01 10:52:00-04:00,17.66,17.67,17.64,17.65,12253.0,17.654
2026-06-01 10:53:00-04:00,17.65,17.65,17.64,17.64,1000.0,17.645
2026-06-01 10:54:00-04:00,17.63,17.64,17.6,17.61,6578.0,17.626
2026-06-01 10:55:00-04:00,17.6,17.61,17.59,17.6,8312.0,17.6
2026-06-01 10:56:00-04:00,17.6,17.6,17.55,17.56,23691.0,17.581
2026-06-01 10:57:00-04:00,17.56,17.57,17.55,17.56,10195.0,17.557
2026-06-01 10:58:00-04:00,17.57,17.6,17.56,17.59,8520.0,17.579
2026-06-01 10:59:00-04:00,17.59,17.61,17.59,17.6,6832.0,17.599
2026-06-01 11:00:00-04:00,17.61,17.64,17.61,17.63,6348.0,17.62
2026-06-01 11:01:00-04:00,17.63,17.66,17.61,17.65,13923.0,17.63
2026-06-01 11:02:00-04:00,17.65,17.7,17.65,17.7,8550.0,17.682
2026-06-01 11:03:00-04:00,17.69,17.7,17.67,17.67,3276.0,17.681
2026-06-01 11:04:00-04:00,17.67,17.74,17.65,17.74,15857.0,17.687
2026-06-01 11:05:00-04:00,17.75,17.76,17.71,17.72,12989.0,17.731
2026-06-01 11:06:00-04:00,17.73,17.75,17.73,17.75,18231.0,17.749
2026-06-01 11:07:00-04:00,17.75,17.75,17.7,17.7,19743.0,17.734
2026-06-01 11:08:00-04:00,17.71,17.73,17.68,17.69,10686.0,17.708
2026-06-01 11:09:00-04:00,17.69,17.69,17.65,17.66,4834.0,17.666
2026-06-01 11:10:00-04:00,17.65,17.66,17.59,17.6,20977.0,17.613
2026-06-01 11:11:00-04:00,17.59,17.63,17.58,17.58,27435.0,17.612
2026-06-01 11:12:00-04:00,17.59,17.6,17.58,17.58,21435.0,17.595
2026-06-01 11:13:00-04:00,17.6,17.61,17.58,17.59,12661.0,17.593
2026-06-01 11:14:00-04:00,17.59,17.6,17.58,17.6,3963.0,17.587
2026-06-01 11:15:00-04:00,17.6,17.61,17.56,17.57,7344.0,17.591
2026-06-01 11:16:00-04:00,17.57,17.59,17.57,17.58,7008.0,17.583
2026-06-01 11:17:00-04:00,17.58,17.64,17.58,17.63,32743.0,17.62
2026-06-01 11:18:00-04:00,17.63,17.67,17.62,17.63,31959.0,17.648
2026-06-01 11:19:00-04:00,17.63,17.65,17.63,17.64,6518.0,17.643
2026-06-01 11:20:00-04:00,17.64,17.66,17.64,17.65,10053.0,17.647
2026-06-01 11:21:00-04:00,17.65,17.66,17.64,17.65,2735.0,17.65
2026-06-01 11:22:00-04:00,17.65,17.67,17.62,17.63,6996.0,17.645
2026-06-01 11:23:00-04:00,17.62,17.63,17.62,17.62,14605.0,17.622
2026-06-01 11:24:00-04:00,17.63,17.64,17.63,17.63,3969.0,17.636
2026-06-01 11:25:00-04:00,17.63,17.63,17.61,17.63,3737.0,17.62
2026-06-01 11:26:00-04:00,17.62,17.63,17.61,17.62,3873.0,17.623
2026-06-01 11:27:00-04:00,17.62,17.63,17.61,17.62,5282.0,17.618
2026-06-01 11:28:00-04:00,17.62,17.63,17.62,17.63,4732.0,17.623
2026-06-01 11:29:00-04:00,17.63,17.65,17.62,17.64,4846.0,17.633
2026-06-01 11:30:00-04:00,17.63,17.69,17.63,17.67,41877.0,17.673
2026-06-01 11:31:00-04:00,17.68,17.69,17.67,17.68,9380.0,17.679
2026-06-01 11:32:00-04:00,17.68,17.7,17.67,17.67,16441.0,17.682
2026-06-01 11:33:00-04:00,17.67,17.76,17.67,17.74,38619.0,17.723
2026-06-01 11:34:00-04:00,17.74,17.75,17.72,17.73,5157.0,17.73
2026-06-01 11:35:00-04:00,17.72,17.85,17.71,17.78,124053.0,17.752
2026-06-01 11:36:00-04:00,17.79,17.82,17.75,17.76,120508.0,17.766
2026-06-01 11:37:00-04:00,17.77,17.77,17.72,17.75,22015.0,17.738
2026-06-01 11:38:00-04:00,17.74,17.74,17.71,17.72,6028.0,17.726
2026-06-01 11:39:00-04:00,17.72,17.73,17.7,17.71,2220.0,17.712
2026-06-01 11:40:00-04:00,17.71,17.72,17.7,17.71,3381.0,17.708
2026-06-01 11:41:00-04:00,17.7,17.72,17.68,17.68,7324.0,17.699
2026-06-01 11:42:00-04:00,17.69,17.75,17.66,17.71,85427.0,17.69
2026-06-01 11:43:00-04:00,17.7,17.74,17.7,17.74,14910.0,17.727
2026-06-01 11:44:00-04:00,17.74,17.78,17.71,17.75,65613.0,17.747
2026-06-01 11:45:00-04:00,17.75,17.76,17.74,17.74,11766.0,17.745
2026-06-01 11:46:00-04:00,17.74,17.77,17.74,17.76,37868.0,17.748
2026-06-01 11:47:00-04:00,17.76,17.78,17.75,17.77,11153.0,17.765
2026-06-01 11:48:00-04:00,17.78,17.83,17.77,17.8,62447.0,17.792
2026-06-01 11:49:00-04:00,17.8,17.82,17.76,17.77,57929.0,17.795
2026-06-01 11:50:00-04:00,17.77,17.83,17.76,17.82,34871.0,17.788
2026-06-01 11:51:00-04:00,17.82,17.89,17.81,17.88,60988.0,17.843
2026-06-01 11:52:00-04:00,17.87,17.89,17.86,17.86,9591.0,17.868
2026-06-01 11:53:00-04:00,17.86,17.89,17.86,17.88,5099.0,17.875
2026-06-01 11:54:00-04:00,17.88,17.91,17.88,17.91,9416.0,17.897
2026-06-01 11:55:00-04:00,17.9,17.91,17.84,17.87,20023.0,17.867
2026-06-01 11:56:00-04:00,17.87,17.87,17.85,17.86,19501.0,17.854
2026-06-01 11:57:00-04:00,17.86,17.89,17.81,17.81,14864.0,17.86
2026-06-01 11:58:00-04:00,17.8,17.81,17.76,17.76,7045.0,17.784
2026-06-01 11:59:00-04:00,17.77,17.79,17.76,17.78,4946.0,17.776
2026-06-01 12:00:00-04:00,17.79,17.81,17.78,17.8,5613.0,17.8
2026-06-01 12:01:00-04:00,17.8,17.81,17.77,17.77,3123.0,17.791
2026-06-01 12:02:00-04:00,17.78,17.78,17.77,17.77,5192.0,17.778
2026-06-01 12:03:00-04:00,17.78,17.8,17.77,17.79,5889.0,17.785
2026-06-01 12:04:00-04:00,17.79,17.82,17.79,17.82,15101.0,17.808
2026-06-01 12:05:00-04:00,17.8,17.83,17.8,17.82,4133.0,17.813
2026-06-01 12:06:00-04:00,17.82,17.83,17.79,17.81,4167.0,17.811
2026-06-01 12:07:00-04:00,17.81,17.82,17.74,17.75,38644.0,17.779
2026-06-01 12:08:00-04:00,17.74,17.77,17.74,17.76,2520.0,17.758
2026-06-01 12:09:00-04:00,17.77,17.78,17.77,17.77,2322.0,17.772
2026-06-01 12:10:00-04:00,17.77,17.77,17.72,17.74,2901.0,17.741
2026-06-01 12:11:00-04:00,17.74,17.74,17.73,17.73,2030.0,17.733
2026-06-01 12:12:00-04:00,17.73,17.73,17.67,17.67,3617.0,17.702
2026-06-01 12:13:00-04:00,17.67,17.7,17.66,17.69,5374.0,17.679
2026-06-01 12:14:00-04:00,17.7,17.71,17.68,17.69,4578.0,17.698
2026-06-01 12:15:00-04:00,17.68,17.69,17.66,17.66,3758.0,17.673
2026-06-01 12:16:00-04:00,17.66,17.66,17.63,17.64,18704.0,17.65
2026-06-01 12:17:00-04:00,17.64,17.66,17.62,17.66,13950.0,17.644
2026-06-01 12:18:00-04:00,17.67,17.67,17.64,17.64,4082.0,17.647
2026-06-01 12:19:00-04:00,17.63,17.65,17.62,17.62,11571.0,17.634
2026-06-01 12:20:00-04:00,17.61,17.62,17.56,17.57,5606.0,17.58
2026-06-01 12:21:00-04:00,17.56,17.57,17.54,17.54,5163.0,17.554
2026-06-01 12:22:00-04:00,17.54,17.59,17.53,17.58,8205.0,17.555
2026-06-01 12:23:00-04:00,17.58,17.59,17.57,17.57,4548.0,17.584
2026-06-01 12:24:00-04:00,17.57,17.58,17.55,17.55,7063.0,17.564
2026-06-01 12:25:00-04:00,17.55,17.55,17.51,17.51,4804.0,17.525
2026-06-01 12:26:00-04:00,17.51,17.51,17.5,17.51,3974.0,17.51
2026-06-01 12:27:00-04:00,17.5,17.5,17.37,17.39,31445.0,17.431
2026-06-01 12:28:00-04:00,17.39,17.43,17.38,17.41,16575.0,17.408
2026-06-01 12:29:00-04:00,17.4,17.42,17.39,17.42,6584.0,17.407
2026-06-01 12:30:00-04:00,17.43,17.43,17.42,17.42,2796.0,17.425
2026-06-01 12:31:00-04:00,17.43,17.49,17.4,17.48,15914.0,17.432
2026-06-01 12:32:00-04:00,17.48,17.49,17.47,17.48,4029.0,17.477
2026-06-01 12:33:00-04:00,17.48,17.53,17.47,17.52,11112.0,17.505
2026-06-01 12:34:00-04:00,17.53,17.55,17.52,17.53,6596.0,17.536
2026-06-01 12:35:00-04:00,17.52,17.53,17.5,17.52,6588.0,17.514
2026-06-01 12:36:00-04:00,17.52,17.53,17.52,17.53,3784.0,17.522
2026-06-01 12:37:00-04:00,17.52,17.54,17.51,17.54,5571.0,17.521
2026-06-01 12:38:00-04:00,17.54,17.55,17.53,17.55,5080.0,17.544
2026-06-01 12:39:00-04:00,17.55,17.57,17.54,17.54,56661.0,17.55
2026-06-01 12:40:00-04:00,17.54,17.55,17.53,17.55,9104.0,17.541
2026-06-01 12:41:00-04:00,17.55,17.64,17.54,17.63,13576.0,17.588
2026-06-01 12:42:00-04:00,17.63,17.63,17.57,17.58,24221.0,17.609
2026-06-01 12:43:00-04:00,17.58,17.6,17.58,17.59,8823.0,17.587
2026-06-01 12:44:00-04:00,17.59,17.64,17.58,17.64,4744.0,17.609
2026-06-01 12:45:00-04:00,17.64,17.66,17.64,17.65,6567.0,17.653
2026-06-01 12:46:00-04:00,17.65,17.67,17.64,17.64,10073.0,17.656
2026-06-01 12:47:00-04:00,17.63,17.66,17.63,17.63,4780.0,17.643
2026-06-01 12:48:00-04:00,17.64,17.64,17.52,17.54,40816.0,17.577
2026-06-01 12:49:00-04:00,17.53,17.53,17.49,17.52,7381.0,17.505
2026-06-01 12:50:00-04:00,17.52,17.53,17.51,17.53,6439.0,17.52
2026-06-01 12:51:00-04:00,17.53,17.53,17.52,17.53,4871.0,17.528
2026-06-01 12:52:00-04:00,17.52,17.55,17.5,17.54,12457.0,17.52
2026-06-01 12:53:00-04:00,17.54,17.56,17.54,17.55,9690.0,17.551
2026-06-01 12:54:00-04:00,17.55,17.6,17.55,17.57,19376.0,17.579
2026-06-01 12:55:00-04:00,17.56,17.57,17.56,17.56,3565.0,17.565
2026-06-01 12:56:00-04:00,17.57,17.58,17.56,17.58,21753.0,17.571
2026-06-01 12:57:00-04:00,17.59,17.66,17.58,17.66,15617.0,17.615
2026-06-01 12:58:00-04:00,17.66,17.66,17.59,17.6,18578.0,17.629
2026-06-01 12:59:00-04:00,17.6,17.6,17.58,17.6,5777.0,17.597
2026-06-01 13:00:00-04:00,17.59,17.6,17.58,17.59,5615.0,17.588
2026-06-01 13:01:00-04:00,17.59,17.61,17.58,17.6,5868.0,17.595
2026-06-01 13:02:00-04:00,17.6,17.63,17.59,17.6,11435.0,17.608
2026-06-01 13:03:00-04:00,17.59,17.6,17.59,17.6,4765.0,17.595
2026-06-01 13:04:00-04:00,17.6,17.61,17.6,17.61,4162.0,17.602
2026-06-01 13:05:00-04:00,17.61,17.61,17.57,17.59,26947.0,17.593
2026-06-01 13:06:00-04:00,17.6,17.6,17.59,17.6,6237.0,17.595
2026-06-01 13:07:00-04:00,17.6,17.61,17.59,17.6,16674.0,17.594
2026-06-01 13:08:00-04:00,17.6,17.61,17.59,17.61,9666.0,17.597
2026-06-01 13:09:00-04:00,17.6,17.61,17.58,17.59,5602.0,17.595
2026-06-01 13:10:00-04:00,17.58,17.6,17.58,17.58,7408.0,17.59
2026-06-01 13:11:00-04:00,17.58,17.6,17.56,17.6,10012.0,17.578
2026-06-01 13:12:00-04:00,17.6,17.61,17.59,17.6,3908.0,17.599
2026-06-01 13:13:00-04:00,17.61,17.61,17.6,17.6,12247.0,17.606
2026-06-01 13:14:00-04:00,17.61,17.63,17.6,17.61,45843.0,17.611
2026-06-01 13:15:00-04:00,17.61,17.64,17.61,17.64,13579.0,17.617
2026-06-01 13:16:00-04:00,17.64,17.64,17.63,17.63,2393.0,17.633
2026-06-01 13:17:00-04:00,17.63,17.63,17.61,17.62,8963.0,17.621
2026-06-01 13:18:00-04:00,17.61,17.63,17.6,17.63,6434.0,17.613
2026-06-01 13:19:00-04:00,17.63,17.63,17.6,17.6,10055.0,17.615
2026-06-01 13:20:00-04:00,17.61,17.66,17.6,17.66,5111.0,17.623
2026-06-01 13:21:00-04:00,17.66,17.67,17.65,17.65,7909.0,17.659
2026-06-01 13:22:00-04:00,17.65,17.66,17.65,17.66,3400.0,17.654
2026-06-01 13:23:00-04:00,17.66,17.66,17.65,17.65,5610.0,17.657
2026-06-01 13:24:00-04:00,17.65,17.65,17.63,17.64,5909.0,17.642
2026-06-01 13:25:00-04:00,17.64,17.65,17.62,17.63,8504.0,17.63
2026-06-01 13:26:00-04:00,17.63,17.64,17.63,17.63,3703.0,17.631
2026-06-01 13:27:00-04:00,17.62,17.63,17.61,17.62,7355.0,17.619
2026-06-01 13:28:00-04:00,17.61,17.62,17.6,17.62,6210.0,17.611
2026-06-01 13:29:00-04:00,17.62,17.67,17.61,17.67,21442.0,17.633
2026-06-01 13:30:00-04:00,17.67,17.69,17.65,17.66,9075.0,17.669
2026-06-01 13:31:00-04:00,17.66,17.68,17.63,17.67,15108.0,17.652
2026-06-01 13:32:00-04:00,17.68,17.71,17.67,17.7,7261.0,17.695
2026-06-01 13:33:00-04:00,17.71,17.71,17.65,17.66,28328.0,17.672
2026-06-01 13:34:00-04:00,17.66,17.67,17.65,17.66,3470.0,17.659
2026-06-01 13:35:00-04:00,17.65,17.66,17.65,17.66,7117.0,17.654
2026-06-01 13:36:00-04:00,17.66,17.67,17.66,17.66,2463.0,17.663
2026-06-01 13:37:00-04:00,17.66,17.67,17.65,17.65,2439.0,17.66
2026-06-01 13:38:00-04:00,17.65,17.65,17.61,17.62,8028.0,17.633
2026-06-01 13:39:00-04:00,17.62,17.64,17.62,17.63,6578.0,17.63
2026-06-01 13:40:00-04:00,17.63,17.65,17.63,17.64,4631.0,17.637
2026-06-01 13:41:00-04:00,17.64,17.64,17.61,17.61,7020.0,17.633
2026-06-01 13:42:00-04:00,17.61,17.61,17.6,17.61,5891.0,17.606
2026-06-01 13:43:00-04:00,17.61,17.65,17.6,17.62,22770.0,17.626
2026-06-01 13:44:00-04:00,17.62,17.67,17.62,17.66,11775.0,17.65
2026-06-01 13:45:00-04:00,17.66,17.7,17.65,17.66,17072.0,17.672
2026-06-01 13:46:00-04:00,17.66,17.67,17.66,17.66,10037.0,17.665
2026-06-01 13:47:00-04:00,17.66,17.71,17.66,17.71,6201.0,17.677
2026-06-01 13:48:00-04:00,17.7,17.71,17.7,17.71,6445.0,17.704
2026-06-01 13:49:00-04:00,17.7,17.7,17.68,17.7,7300.0,17.689
2026-06-01 13:50:00-04:00,17.69,17.72,17.69,17.71,4206.0,17.704
2026-06-01 13:51:00-04:00,17.71,17.71,17.69,17.69,11915.0,17.706
2026-06-01 13:52:00-04:00,17.69,17.72,17.68,17.71,8273.0,17.698
2026-06-01 13:53:00-04:00,17.71,17.73,17.71,17.71,55700.0,17.711
2026-06-01 13:54:00-04:00,17.71,17.72,17.71,17.72,4339.0,17.716
2026-06-01 13:55:00-04:00,17.71,17.72,17.59,17.59,38267.0,17.666
2026-06-01 13:56:00-04:00,17.59,17.59,17.46,17.51,60292.0,17.523
2026-06-01 13:57:00-04:00,17.52,17.57,17.52,17.55,27392.0,17.544
2026-06-01 13:58:00-04:00,17.55,17.55,17.5,17.51,12198.0,17.533
2026-06-01 13:59:00-04:00,17.51,17.54,17.5,17.54,6434.0,17.524
2026-06-01 14:00:00-04:00,17.54,17.61,17.53,17.6,21075.0,17.571
2026-06-01 14:01:00-04:00,17.59,17.6,17.57,17.59,10965.0,17.586
2026-06-01 14:02:00-04:00,17.6,17.6,17.53,17.54,12525.0,17.569
2026-06-01 14:03:00-04:00,17.53,17.54,17.51,17.52,8055.0,17.522
2026-06-01 14:04:00-04:00,17.52,17.52,17.51,17.51,2426.0,17.51
2026-06-01 14:05:00-04:00,17.5,17.52,17.48,17.49,30540.0,17.498
2026-06-01 14:06:00-04:00,17.48,17.48,17.44,17.45,6611.0,17.462
2026-06-01 14:07:00-04:00,17.44,17.46,17.43,17.44,18569.0,17.445
2026-06-01 14:08:00-04:00,17.44,17.44,17.37,17.39,25246.0,17.398
2026-06-01 14:09:00-04:00,17.39,17.43,17.39,17.42,25957.0,17.402
2026-06-01 14:10:00-04:00,17.43,17.48,17.43,17.48,6286.0,17.457
2026-06-01 14:11:00-04:00,17.48,17.51,17.48,17.5,7294.0,17.499
2026-06-01 14:12:00-04:00,17.51,17.55,17.5,17.52,12773.0,17.531
2026-06-01 14:13:00-04:00,17.52,17.53,17.5,17.51,7917.0,17.508
2026-06-01 14:14:00-04:00,17.51,17.51,17.5,17.5,3557.0,17.507
2026-06-01 14:15:00-04:00,17.51,17.52,17.49,17.51,18019.0,17.504
2026-06-01 14:16:00-04:00,17.51,17.53,17.51,17.53,7292.0,17.518
2026-06-01 14:17:00-04:00,17.52,17.56,17.49,17.55,12843.0,17.52
2026-06-01 14:18:00-04:00,17.54,17.57,17.53,17.57,3767.0,17.547
2026-06-01 14:19:00-04:00,17.57,17.58,17.53,17.54,10125.0,17.556
2026-06-01 14:20:00-04:00,17.54,17.56,17.53,17.55,6091.0,17.545
2026-06-01 14:21:00-04:00,17.55,17.56,17.54,17.55,11274.0,17.55
2026-06-01 14:22:00-04:00,17.55,17.58,17.53,17.57,13179.0,17.551
2026-06-01 14:23:00-04:00,17.57,17.58,17.56,17.57,4800.0,17.57
2026-06-01 14:24:00-04:00,17.57,17.59,17.56,17.56,16748.0,17.569
2026-06-01 14:25:00-04:00,17.56,17.6,17.56,17.59,12432.0,17.583
2026-06-01 14:26:00-04:00,17.58,17.58,17.55,17.55,2900.0,17.564
2026-06-01 14:27:00-04:00,17.56,17.59,17.56,17.58,11894.0,17.572
2026-06-01 14:28:00-04:00,17.59,17.6,17.58,17.58,13515.0,17.587
2026-06-01 14:29:00-04:00,17.58,17.58,17.57,17.57,4624.0,17.577
2026-06-01 14:30:00-04:00,17.57,17.59,17.57,17.58,4998.0,17.579
2026-06-01 14:31:00-04:00,17.57,17.58,17.56,17.57,7034.0,17.57
2026-06-01 14:32:00-04:00,17.57,17.58,17.56,17.57,4864.0,17.567
2026-06-01 14:33:00-04:00,17.56,17.59,17.56,17.58,9423.0,17.575
2026-06-01 14:34:00-04:00,17.58,17.58,17.56,17.56,4044.0,17.572
2026-06-01 14:35:00-04:00,17.57,17.57,17.54,17.55,10326.0,17.556
2026-06-01 14:36:00-04:00,17.56,17.56,17.54,17.54,7584.0,17.554
2026-06-01 14:37:00-04:00,17.54,17.54,17.51,17.52,6461.0,17.524
2026-06-01 14:38:00-04:00,17.51,17.52,17.49,17.51,7312.0,17.499
2026-06-01 14:39:00-04:00,17.5,17.53,17.49,17.53,10110.0,17.512
2026-06-01 14:40:00-04:00,17.52,17.61,17.49,17.52,53526.0,17.553
2026-06-01 14:41:00-04:00,17.52,17.58,17.51,17.57,16483.0,17.555
2026-06-01 14:42:00-04:00,17.58,17.6,17.54,17.54,31299.0,17.57
2026-06-01 14:43:00-04:00,17.54,17.6,17.54,17.59,22410.0,17.562
2026-06-01 14:44:00-04:00,17.59,17.68,17.59,17.66,37626.0,17.63
2026-06-01 14:45:00-04:00,17.66,17.72,17.65,17.71,7524.0,17.676
2026-06-01 14:46:00-04:00,17.72,17.77,17.69,17.7,33046.0,17.733
2026-06-01 14:47:00-04:00,17.7,17.72,17.69,17.72,15891.0,17.707
2026-06-01 14:48:00-04:00,17.71,17.74,17.67,17.67,223376.0,17.691
2026-06-01 14:49:00-04:00,17.67,17.71,17.66,17.71,13689.0,17.687
2026-06-01 14:50:00-04:00,17.71,17.74,17.7,17.73,6855.0,17.722
2026-06-01 14:51:00-04:00,17.72,17.73,17.7,17.71,7034.0,17.716
2026-06-01 14:52:00-04:00,17.71,17.74,17.66,17.66,30924.0,17.703
2026-06-01 14:53:00-04:00,17.65,17.7,17.64,17.67,46496.0,17.66
2026-06-01 14:54:00-04:00,17.67,17.68,17.64,17.66,14509.0,17.658
2026-06-01 14:55:00-04:00,17.67,17.68,17.66,17.67,31787.0,17.671
2026-06-01 14:56:00-04:00,17.67,17.67,17.62,17.64,42873.0,17.65
2026-06-01 14:57:00-04:00,17.64,17.65,17.63,17.64,10847.0,17.644
2026-06-01 14:58:00-04:00,17.64,17.65,17.62,17.63,6000.0,17.633
2026-06-01 14:59:00-04:00,17.63,17.65,17.62,17.64,18469.0,17.634
2026-06-01 15:00:00-04:00,17.64,17.65,17.63,17.64,10297.0,17.637
2026-06-01 15:01:00-04:00,17.64,17.65,17.61,17.61,11953.0,17.64
2026-06-01 15:02:00-04:00,17.62,17.63,17.61,17.63,7421.0,17.62
2026-06-01 15:03:00-04:00,17.62,17.65,17.62,17.64,15042.0,17.631
2026-06-01 15:04:00-04:00,17.63,17.65,17.63,17.64,5958.0,17.642
2026-06-01 15:05:00-04:00,17.64,17.65,17.61,17.61,8321.0,17.634
2026-06-01 15:06:00-04:00,17.61,17.62,17.61,17.61,4951.0,17.613
2026-06-01 15:07:00-04:00,17.61,17.62,17.6,17.61,8573.0,17.608
2026-06-01 15:08:00-04:00,17.61,17.62,17.6,17.62,5158.0,17.61
2026-06-01 15:09:00-04:00,17.62,17.63,17.61,17.62,4106.0,17.62
2026-06-01 15:10:00-04:00,17.61,17.62,17.61,17.61,4789.0,17.615
2026-06-01 15:11:00-04:00,17.61,17.62,17.61,17.62,4495.0,17.614
2026-06-01 15:12:00-04:00,17.62,17.65,17.61,17.64,16033.0,17.633
2026-06-01 15:13:00-04:00,17.64,17.65,17.62,17.62,7516.0,17.632
2026-06-01 15:14:00-04:00,17.62,17.65,17.62,17.64,10078.0,17.637
2026-06-01 15:15:00-04:00,17.64,17.71,17.63,17.69,28753.0,17.666
2026-06-01 15:16:00-04:00,17.7,17.78,17.69,17.78,22979.0,17.733
2026-06-01 15:17:00-04:00,17.77,17.8,17.77,17.8,11700.0,17.78
2026-06-01 15:18:00-04:00,17.79,17.8,17.79,17.79,5633.0,17.794
2026-06-01 15:19:00-04:00,17.79,17.83,17.79,17.82,13662.0,17.808
2026-06-01 15:20:00-04:00,17.82,17.83,17.8,17.81,16224.0,17.81
2026-06-01 15:21:00-04:00,17.81,17.84,17.81,17.81,6312.0,17.828
2026-06-01 15:22:00-04:00,17.82,17.82,17.8,17.81,9915.0,17.809
2026-06-01 15:23:00-04:00,17.81,17.81,17.8,17.81,6039.0,17.807
2026-06-01 15:24:00-04:00,17.8,17.81,17.79,17.79,10399.0,17.799
2026-06-01 15:25:00-04:00,17.8,17.8,17.79,17.8,3164.0,17.792
2026-06-01 15:26:00-04:00,17.8,17.82,17.79,17.82,12894.0,17.805
2026-06-01 15:27:00-04:00,17.82,17.86,17.81,17.86,13474.0,17.837
2026-06-01 15:28:00-04:00,17.85,17.89,17.85,17.88,13185.0,17.87
2026-06-01 15:29:00-04:00,17.88,17.89,17.86,17.86,13415.0,17.874
2026-06-01 15:30:00-04:00,17.86,17.96,17.86,17.96,35932.0,17.926
2026-06-01 15:31:00-04:00,17.95,17.98,17.95,17.96,19655.0,17.961
2026-06-01 15:32:00-04:00,17.96,17.99,17.96,17.96,18322.0,17.973
2026-06-01 15:33:00-04:00,17.96,17.98,17.94,17.95,25400.0,17.962
2026-06-01 15:34:00-04:00,17.94,17.95,17.92,17.93,11509.0,17.933
2026-06-01 15:35:00-04:00,17.93,17.95,17.92,17.94,14450.0,17.934
2026-06-01 15:36:00-04:00,17.94,17.97,17.93,17.93,15658.0,17.95
2026-06-01 15:37:00-04:00,17.93,17.93,17.88,17.91,28405.0,17.9
2026-06-01 15:38:00-04:00,17.91,17.94,17.8,17.8,69569.0,17.874
2026-06-01 15:39:00-04:00,17.8,17.82,17.76,17.76,42150.0,17.792
2026-06-01 15:40:00-04:00,17.77,17.79,17.74,17.78,44565.0,17.763
2026-06-01 15:41:00-04:00,17.77,17.81,17.77,17.78,44737.0,17.789
2026-06-01 15:42:00-04:00,17.78,17.78,17.71,17.71,17167.0,17.742
2026-06-01 15:43:00-04:00,17.71,17.71,17.68,17.69,19945.0,17.704
2026-06-01 15:44:00-04:00,17.68,17.7,17.66,17.69,20399.0,17.677
2026-06-01 15:45:00-04:00,17.69,17.69,17.63,17.64,24072.0,17.651
2026-06-01 15:46:00-04:00,17.64,17.65,17.62,17.63,22068.0,17.635
2026-06-01 15:47:00-04:00,17.63,17.64,17.62,17.63,9293.0,17.633
2026-06-01 15:48:00-04:00,17.64,17.65,17.62,17.64,21363.0,17.635
2026-06-01 15:49:00-04:00,17.64,17.66,17.61,17.64,33524.0,17.634
2026-06-01 15:50:00-04:00,17.64,17.78,17.64,17.76,67336.0,17.707
2026-06-01 15:51:00-04:00,17.76,17.77,17.73,17.76,77515.0,17.75
2026-06-01 15:52:00-04:00,17.75,17.79,17.73,17.77,180180.0,17.762
2026-06-01 15:53:00-04:00,17.76,17.79,17.74,17.75,91468.0,17.77
2026-06-01 15:54:00-04:00,17.75,17.79,17.73,17.78,54701.0,17.746
2026-06-01 15:55:00-04:00,17.78,17.88,17.77,17.87,57540.0,17.82
2026-06-01 15:56:00-04:00,17.87,17.87,17.79,17.8,73957.0,17.817
2026-06-01 15:57:00-04:00,17.8,17.86,17.8,17.84,92927.0,17.834
2026-06-01 15:58:00-04:00,17.84,17.88,17.83,17.85,116987.0,17.861
2026-06-01 15:59:00-04:00,17.85,17.91,17.82,17.91,170630.0,17.853
