time,open,high,low,close,volume,wap
2026-05-04 09:30:00-04:00,104.87,105.0,104.08,104.36,258094.0,104.828
2026-05-04 09:31:00-04:00,104.36,104.89,104.29,104.79,55825.0,104.643
2026-05-04 09:32:00-04:00,104.67,104.8,103.71,103.96,57124.0,104.163
2026-05-04 09:33:00-04:00,103.93,104.3,103.73,103.9,81467.0,103.979
2026-05-04 09:34:00-04:00,103.93,104.3,103.86,104.16,50803.0,104.138
2026-05-04 09:35:00-04:00,104.24,104.32,103.91,103.98,28561.0,104.108
2026-05-04 09:36:00-04:00,103.98,104.16,103.59,103.84,61949.0,103.858
2026-05-04 09:37:00-04:00,103.85,103.94,103.67,103.83,33785.0,103.83
2026-05-04 09:38:00-04:00,103.75,103.92,103.4,103.47,34675.0,103.639
2026-05-04 09:39:00-04:00,103.47,104.11,103.45,104.07,80311.0,103.861
2026-05-04 09:40:00-04:00,104.05,104.11,103.82,103.94,19183.0,103.966
2026-05-04 09:41:00-04:00,103.98,104.5,103.94,104.5,28549.0,104.149
2026-05-04 09:42:00-04:00,104.5,104.52,104.12,104.25,25596.0,104.35
2026-05-04 09:43:00-04:00,104.25,104.35,103.96,104.02,18217.0,104.199
2026-05-04 09:44:00-04:00,104.03,104.07,103.92,104.0,29644.0,103.993
2026-05-04 09:45:00-04:00,103.99,104.1,103.8,103.9,24997.0,103.906
2026-05-04 09:46:00-04:00,103.92,103.96,103.64,103.85,34844.0,103.837
2026-05-04 09:47:00-04:00,103.88,104.0,103.83,103.89,25054.0,103.919
2026-05-04 09:48:00-04:00,103.81,103.85,103.5,103.5,46287.0,103.643
2026-05-04 09:49:00-04:00,103.56,103.99,103.56,103.81,20099.0,103.789
2026-05-04 09:50:00-04:00,103.84,103.91,103.55,103.7,14977.0,103.749
2026-05-04 09:51:00-04:00,103.71,103.77,103.5,103.69,50299.0,103.666
2026-05-04 09:52:00-04:00,103.69,103.91,103.64,103.86,20131.0,103.752
2026-05-04 09:53:00-04:00,103.82,103.91,103.75,103.9,17851.0,103.813
2026-05-04 09:54:00-04:00,103.95,104.0,103.82,103.83,25885.0,103.914
2026-05-04 09:55:00-04:00,103.82,103.89,103.73,103.88,9175.0,103.842
2026-05-04 09:56:00-04:00,103.88,103.92,103.8,103.83,16997.0,103.865
2026-05-04 09:57:00-04:00,103.86,103.86,103.63,103.67,10184.0,103.711
2026-05-04 09:58:00-04:00,103.67,103.92,103.64,103.89,13194.0,103.773
2026-05-04 09:59:00-04:00,103.9,104.02,103.85,104.01,13525.0,103.967
2026-05-04 10:00:00-04:00,103.99,104.12,103.87,104.04,20606.0,104.035
2026-05-04 10:01:00-04:00,104.06,104.2,103.97,104.2,30806.0,104.053
2026-05-04 10:02:00-04:00,104.2,104.46,104.2,104.38,13270.0,104.342
2026-05-04 10:03:00-04:00,104.37,104.5,104.32,104.46,22047.0,104.406
2026-05-04 10:04:00-04:00,104.49,104.66,104.43,104.64,14374.0,104.548
2026-05-04 10:05:00-04:00,104.57,104.96,104.57,104.96,56198.0,104.816
2026-05-04 10:06:00-04:00,104.96,104.98,104.42,104.43,85418.0,104.725
2026-05-04 10:07:00-04:00,104.46,104.54,104.36,104.47,87942.0,104.481
2026-05-04 10:08:00-04:00,104.46,104.52,104.34,104.4,35044.0,104.439
2026-05-04 10:09:00-04:00,104.41,104.6,104.36,104.48,24197.0,104.462
2026-05-04 10:10:00-04:00,104.45,104.64,104.45,104.6,9622.0,104.584
2026-05-04 10:11:00-04:00,104.63,104.71,104.53,104.7,11173.0,104.604
2026-05-04 10:12:00-04:00,104.76,104.82,104.68,104.82,20849.0,104.759
2026-05-04 10:13:00-04:00,104.82,104.84,104.61,104.65,20551.0,104.675
2026-05-04 10:14:00-04:00,104.63,104.63,104.47,104.55,14731.0,104.524
2026-05-04 10:15:00-04:00,104.57,104.6,104.49,104.6,6934.0,104.552
2026-05-04 10:16:00-04:00,104.64,104.64,104.24,104.3,10970.0,104.485
2026-05-04 10:17:00-04:00,104.25,104.26,104.08,104.1,26490.0,104.145
2026-05-04 10:18:00-04:00,104.15,104.15,103.88,103.97,13816.0,103.981
2026-05-04 10:19:00-04:00,104.0,104.13,103.93,103.98,20198.0,104.036
2026-05-04 10:20:00-04:00,103.99,104.05,103.93,104.02,9795.0,103.983
2026-05-04 10:21:00-04:00,104.05,104.08,103.92,103.96,21601.0,103.954
2026-05-04 10:22:00-04:00,103.98,104.13,103.96,104.11,14127.0,104.019
2026-05-04 10:23:00-04:00,104.13,104.16,103.91,103.94,19072.0,104.078
2026-05-04 10:24:00-04:00,103.96,103.98,103.87,103.89,5790.0,103.918
2026-05-04 10:25:00-04:00,103.91,104.0,103.84,103.87,8703.0,103.905
2026-05-04 10:26:00-04:00,103.89,104.01,103.85,103.91,10119.0,103.9
2026-05-04 10:27:00-04:00,103.92,103.93,103.77,103.92,11177.0,103.834
2026-05-04 10:28:00-04:00,103.93,104.06,103.87,104.02,12310.0,103.975
2026-05-04 10:29:00-04:00,104.02,104.07,103.71,103.71,44562.0,103.987
2026-05-04 10:30:00-04:00,103.67,103.84,103.62,103.63,46069.0,103.742
2026-05-04 10:31:00-04:00,103.65,103.66,103.53,103.64,10085.0,103.584
2026-05-04 10:32:00-04:00,103.65,103.67,103.21,103.26,54175.0,103.426
2026-05-04 10:33:00-04:00,103.27,103.32,103.06,103.16,18660.0,103.176
2026-05-04 10:34:00-04:00,103.17,103.25,103.07,103.16,13184.0,103.176
2026-05-04 10:35:00-04:00,103.16,103.33,103.16,103.27,16363.0,103.266
2026-05-04 10:36:00-04:00,103.24,103.47,103.22,103.47,24690.0,103.308
2026-05-04 10:37:00-04:00,103.5,103.64,103.42,103.64,12737.0,103.512
2026-05-04 10:38:00-04:00,103.64,103.65,103.49,103.55,8610.0,103.558
2026-05-04 10:39:00-04:00,103.55,103.69,103.54,103.65,12364.0,103.591
2026-05-04 10:40:00-04:00,103.64,103.71,103.63,103.63,15801.0,103.669
2026-05-04 10:41:00-04:00,103.62,103.71,103.59,103.71,10341.0,103.658
2026-05-04 10:42:00-04:00,103.71,103.75,103.63,103.63,25659.0,103.699
2026-05-04 10:43:00-04:00,103.66,103.76,103.64,103.73,23270.0,103.715
2026-05-04 10:44:00-04:00,103.74,103.93,103.67,103.7,45909.0,103.799
2026-05-04 10:45:00-04:00,103.71,103.88,103.71,103.83,21539.0,103.801
2026-05-04 10:46:00-04:00,103.83,103.83,103.62,103.67,29433.0,103.746
2026-05-04 10:47:00-04:00,103.67,103.73,103.55,103.55,15054.0,103.629
2026-05-04 10:48:00-04:00,103.57,103.62,103.34,103.37,29324.0,103.482
2026-05-04 10:49:00-04:00,103.36,103.45,103.34,103.42,25065.0,103.399
2026-05-04 10:50:00-04:00,103.43,103.45,103.15,103.19,60460.0,103.306
2026-05-04 10:51:00-04:00,103.18,103.18,103.01,103.1,35000.0,103.075
2026-05-04 10:52:00-04:00,103.13,103.17,102.9,102.96,35787.0,103.047
2026-05-04 10:53:00-04:00,102.95,103.14,102.95,103.14,16024.0,103.076
2026-05-04 10:54:00-04:00,103.13,103.13,103.0,103.02,13677.0,103.063
2026-05-04 10:55:00-04:00,103.02,103.14,102.99,103.14,21080.0,103.054
2026-05-04 10:56:00-04:00,103.14,103.31,103.13,103.25,14844.0,103.226
2026-05-04 10:57:00-04:00,103.27,103.31,103.06,103.1,14264.0,103.222
2026-05-04 10:58:00-04:00,103.07,103.16,103.06,103.13,12561.0,103.121
2026-05-04 10:59:00-04:00,103.14,103.34,102.92,103.29,21404.0,103.127
2026-05-04 11:00:00-04:00,103.33,103.47,103.23,103.42,7842.0,103.272
2026-05-04 11:01:00-04:00,103.45,103.52,103.38,103.45,15623.0,103.447
2026-05-04 11:02:00-04:00,103.44,103.49,103.29,103.3,7644.0,103.411
2026-05-04 11:03:00-04:00,103.33,103.42,103.32,103.36,9771.0,103.379
2026-05-04 11:04:00-04:00,103.4,103.52,103.4,103.46,7839.0,103.484
2026-05-04 11:05:00-04:00,103.43,103.47,103.34,103.44,8830.0,103.404
2026-05-04 11:06:00-04:00,103.45,103.49,103.28,103.45,10606.0,103.388
2026-05-04 11:07:00-04:00,103.46,103.53,103.4,103.42,12644.0,103.449
2026-05-04 11:08:00-04:00,103.42,103.44,103.32,103.35,6456.0,103.388
2026-05-04 11:09:00-04:00,103.34,103.36,103.21,103.26,16467.0,103.279
2026-05-04 11:10:00-04:00,103.28,103.32,103.25,103.25,6153.0,103.292
2026-05-04 11:11:00-04:00,103.25,103.25,103.14,103.14,6266.0,103.176
2026-05-04 11:12:00-04:00,103.14,103.17,102.98,103.05,22895.0,103.054
2026-05-04 11:13:00-04:00,103.05,103.13,103.0,103.01,8960.0,103.073
2026-05-04 11:14:00-04:00,102.99,103.01,102.75,102.85,13122.0,102.878
2026-05-04 11:15:00-04:00,102.86,103.01,102.83,102.98,28267.0,102.866
2026-05-04 11:16:00-04:00,103.02,103.07,102.97,103.06,6587.0,103.023
2026-05-04 11:17:00-04:00,103.11,103.12,102.88,102.92,6859.0,102.994
2026-05-04 11:18:00-04:00,102.91,103.25,102.86,103.14,20758.0,103.087
2026-05-04 11:19:00-04:00,103.14,103.18,102.68,102.72,12500.0,102.887
2026-05-04 11:20:00-04:00,102.74,102.74,102.53,102.53,32648.0,102.632
2026-05-04 11:21:00-04:00,102.53,102.53,102.09,102.09,27805.0,102.276
2026-05-04 11:22:00-04:00,102.07,102.36,102.02,102.29,21105.0,102.161
2026-05-04 11:23:00-04:00,102.33,102.46,102.25,102.46,17701.0,102.331
2026-05-04 11:24:00-04:00,102.44,102.52,102.31,102.36,12919.0,102.409
2026-05-04 11:25:00-04:00,102.37,102.53,102.37,102.44,11125.0,102.463
2026-05-04 11:26:00-04:00,102.43,102.8,102.36,102.71,30501.0,102.542
2026-05-04 11:27:00-04:00,102.77,102.83,102.72,102.8,9472.0,102.765
2026-05-04 11:28:00-04:00,102.79,102.82,102.74,102.79,5872.0,102.769
2026-05-04 11:29:00-04:00,102.79,102.8,102.52,102.56,24381.0,102.701
2026-05-04 11:30:00-04:00,102.65,102.65,102.45,102.57,18630.0,102.553
2026-05-04 11:31:00-04:00,102.62,102.62,102.4,102.5,37645.0,102.467
2026-05-04 11:32:00-04:00,102.46,102.51,102.28,102.34,28844.0,102.423
2026-05-04 11:33:00-04:00,102.34,102.54,102.32,102.5,11567.0,102.406
2026-05-04 11:34:00-04:00,102.53,102.77,102.5,102.77,3114.0,102.694
2026-05-04 11:35:00-04:00,102.7,102.7,102.38,102.48,15275.0,102.467
2026-05-04 11:36:00-04:00,102.47,102.71,102.43,102.59,23688.0,102.579
2026-05-04 11:37:00-04:00,102.56,102.66,102.49,102.49,15677.0,102.59
2026-05-04 11:38:00-04:00,102.5,102.66,102.49,102.6,7685.0,102.575
2026-05-04 11:39:00-04:00,102.59,102.68,102.48,102.48,12911.0,102.555
2026-05-04 11:40:00-04:00,102.49,102.52,102.3,102.36,16650.0,102.419
2026-05-04 11:41:00-04:00,102.36,102.57,102.28,102.57,9944.0,102.383
2026-05-04 11:42:00-04:00,102.56,102.56,102.42,102.5,12216.0,102.515
2026-05-04 11:43:00-04:00,102.49,102.61,102.45,102.61,5957.0,102.518
2026-05-04 11:44:00-04:00,102.62,102.67,102.57,102.58,5794.0,102.622
2026-05-04 11:45:00-04:00,102.57,102.57,102.42,102.42,5477.0,102.49
2026-05-04 11:46:00-04:00,102.44,102.53,102.44,102.45,5045.0,102.493
2026-05-04 11:47:00-04:00,102.45,102.59,102.45,102.48,4547.0,102.524
2026-05-04 11:48:00-04:00,102.46,102.61,102.45,102.46,9017.0,102.521
2026-05-04 11:49:00-04:00,102.49,102.65,102.49,102.64,6759.0,102.578
2026-05-04 11:50:00-04:00,102.63,102.68,102.52,102.52,2849.0,102.593
2026-05-04 11:51:00-04:00,102.51,102.56,102.42,102.46,8274.0,102.486
2026-05-04 11:52:00-04:00,102.5,102.88,102.44,102.66,11621.0,102.63
2026-05-04 11:53:00-04:00,102.66,102.76,102.6,102.69,4580.0,102.677
2026-05-04 11:54:00-04:00,102.73,102.78,102.71,102.74,4763.0,102.752
2026-05-04 11:55:00-04:00,102.71,102.75,102.66,102.7,7173.0,102.714
2026-05-04 11:56:00-04:00,102.7,102.77,102.7,102.76,6786.0,102.724
2026-05-04 11:57:00-04:00,102.75,102.81,102.73,102.76,4152.0,102.769
2026-05-04 11:58:00-04:00,102.79,102.79,102.67,102.74,6232.0,102.728
2026-05-04 11:59:00-04:00,102.75,102.86,102.7,102.72,11761.0,102.773
2026-05-04 12:00:00-04:00,102.72,102.76,102.59,102.61,10425.0,102.663
2026-05-04 12:01:00-04:00,102.61,102.61,102.44,102.49,14078.0,102.515
2026-05-04 12:02:00-04:00,102.49,102.52,102.32,102.37,15648.0,102.367
2026-05-04 12:03:00-04:00,102.37,102.43,102.26,102.35,17075.0,102.335
2026-05-04 12:04:00-04:00,102.33,102.37,102.04,102.1,19903.0,102.145
2026-05-04 12:05:00-04:00,102.11,102.21,102.06,102.16,11633.0,102.134
2026-05-04 12:06:00-04:00,102.15,102.36,102.15,102.26,9024.0,102.243
2026-05-04 12:07:00-04:00,102.25,102.33,102.02,102.02,15856.0,102.189
2026-05-04 12:08:00-04:00,102.01,102.01,101.78,101.89,78453.0,101.873
2026-05-04 12:09:00-04:00,101.92,101.92,101.69,101.79,26872.0,101.795
2026-05-04 12:10:00-04:00,101.81,101.82,101.64,101.66,10091.0,101.724
2026-05-04 12:11:00-04:00,101.71,101.84,101.63,101.83,4246.0,101.719
2026-05-04 12:12:00-04:00,101.84,101.9,101.82,101.82,6399.0,101.855
2026-05-04 12:13:00-04:00,101.83,101.9,101.79,101.85,5598.0,101.823
2026-05-04 12:14:00-04:00,101.83,101.83,101.74,101.77,8654.0,101.778
2026-05-04 12:15:00-04:00,101.73,101.74,101.63,101.68,8089.0,101.673
2026-05-04 12:16:00-04:00,101.69,101.7,101.49,101.62,10233.0,101.567
2026-05-04 12:17:00-04:00,101.57,101.87,101.57,101.81,10632.0,101.753
2026-05-04 12:18:00-04:00,101.81,102.0,101.79,102.0,28685.0,101.842
2026-05-04 12:19:00-04:00,101.97,102.23,101.96,102.1,18192.0,102.082
2026-05-04 12:20:00-04:00,102.13,102.13,102.02,102.03,6225.0,102.068
2026-05-04 12:21:00-04:00,102.05,102.13,101.91,101.96,21151.0,101.98
2026-05-04 12:22:00-04:00,101.99,102.16,101.97,101.97,35535.0,102.056
2026-05-04 12:23:00-04:00,102.0,102.05,101.86,101.88,11964.0,101.954
2026-05-04 12:24:00-04:00,101.86,102.07,101.86,102.07,7915.0,101.995
2026-05-04 12:25:00-04:00,102.1,102.17,102.04,102.06,8774.0,102.116
2026-05-04 12:26:00-04:00,102.08,102.14,101.85,101.91,17332.0,101.972
2026-05-04 12:27:00-04:00,101.88,101.89,101.54,101.54,22877.0,101.659
2026-05-04 12:28:00-04:00,101.52,101.76,101.5,101.75,24374.0,101.608
2026-05-04 12:29:00-04:00,101.77,101.85,101.76,101.84,18679.0,101.795
2026-05-04 12:30:00-04:00,101.82,101.97,101.73,101.91,27891.0,101.861
2026-05-04 12:31:00-04:00,101.92,101.99,101.89,101.98,12955.0,101.934
2026-05-04 12:32:00-04:00,101.98,102.06,101.9,101.97,12744.0,101.989
2026-05-04 12:33:00-04:00,101.97,102.18,101.97,102.11,8242.0,102.115
2026-05-04 12:34:00-04:00,102.12,102.16,102.07,102.09,8720.0,102.106
2026-05-04 12:35:00-04:00,102.07,102.09,101.97,102.0,3914.0,102.021
2026-05-04 12:36:00-04:00,101.97,102.06,101.95,101.99,15200.0,102.028
2026-05-04 12:37:00-04:00,102.0,102.02,101.9,101.91,8310.0,101.938
2026-05-04 12:38:00-04:00,101.89,101.9,101.7,101.76,11099.0,101.781
2026-05-04 12:39:00-04:00,101.75,101.78,101.66,101.73,9443.0,101.718
2026-05-04 12:40:00-04:00,101.72,101.82,101.72,101.74,7861.0,101.783
2026-05-04 12:41:00-04:00,101.75,101.8,101.74,101.79,7630.0,101.772
2026-05-04 12:42:00-04:00,101.8,101.89,101.8,101.84,8118.0,101.831
2026-05-04 12:43:00-04:00,101.84,101.93,101.8,101.92,5669.0,101.871
2026-05-04 12:44:00-04:00,101.91,101.91,101.81,101.81,9215.0,101.881
2026-05-04 12:45:00-04:00,101.81,101.9,101.79,101.9,6406.0,101.83
2026-05-04 12:46:00-04:00,101.9,101.92,101.68,101.77,13850.0,101.799
2026-05-04 12:47:00-04:00,101.8,101.81,101.68,101.72,8273.0,101.738
2026-05-04 12:48:00-04:00,101.72,101.82,101.7,101.82,6068.0,101.763
2026-05-04 12:49:00-04:00,101.83,101.89,101.81,101.84,3406.0,101.837
2026-05-04 12:50:00-04:00,101.84,101.94,101.81,101.94,6945.0,101.865
2026-05-04 12:51:00-04:00,101.93,101.93,101.78,101.84,10133.0,101.854
2026-05-04 12:52:00-04:00,101.86,101.88,101.61,101.64,22742.0,101.712
2026-05-04 12:53:00-04:00,101.64,101.69,101.62,101.64,9261.0,101.652
2026-05-04 12:54:00-04:00,101.69,101.83,101.68,101.82,6533.0,101.743
2026-05-04 12:55:00-04:00,101.81,101.87,101.79,101.8,9001.0,101.814
2026-05-04 12:56:00-04:00,101.8,101.85,101.78,101.84,6262.0,101.817
2026-05-04 12:57:00-04:00,101.84,101.95,101.83,101.9,6152.0,101.9
2026-05-04 12:58:00-04:00,101.92,101.93,101.9,101.91,5636.0,101.916
2026-05-04 12:59:00-04:00,101.91,101.91,101.82,101.84,5761.0,101.866
2026-05-04 13:00:00-04:00,101.85,101.9,101.82,101.89,11087.0,101.85
2026-05-04 13:01:00-04:00,101.88,101.98,101.79,101.9,22114.0,101.838
2026-05-04 13:02:00-04:00,101.9,101.91,101.85,101.91,9957.0,101.884
2026-05-04 13:03:00-04:00,101.91,102.04,101.89,102.04,15630.0,101.962
2026-05-04 13:04:00-04:00,102.05,102.15,102.05,102.15,6522.0,102.081
2026-05-04 13:05:00-04:00,102.13,102.16,102.12,102.15,11381.0,102.14
2026-05-04 13:06:00-04:00,102.15,102.22,102.13,102.13,23732.0,102.179
2026-05-04 13:07:00-04:00,102.13,102.16,102.02,102.02,9101.0,102.115
2026-05-04 13:08:00-04:00,102.02,102.08,102.02,102.07,4256.0,102.048
2026-05-04 13:09:00-04:00,102.07,102.14,102.06,102.08,7885.0,102.101
2026-05-04 13:10:00-04:00,102.1,102.19,102.1,102.15,16186.0,102.158
2026-05-04 13:11:00-04:00,102.15,102.17,102.14,102.16,9379.0,102.155
2026-05-04 13:12:00-04:00,102.16,102.34,102.15,102.3,16294.0,102.263
2026-05-04 13:13:00-04:00,102.29,102.29,102.21,102.25,4549.0,102.246
2026-05-04 13:14:00-04:00,102.25,102.37,102.25,102.32,7314.0,102.307
2026-05-04 13:15:00-04:00,102.31,102.39,102.29,102.38,12377.0,102.351
2026-05-04 13:16:00-04:00,102.38,102.46,102.38,102.44,4997.0,102.406
2026-05-04 13:17:00-04:00,102.44,102.7,102.37,102.59,25615.0,102.579
2026-05-04 13:18:00-04:00,102.62,102.68,102.62,102.65,8009.0,102.647
2026-05-04 13:19:00-04:00,102.64,102.78,102.64,102.76,7653.0,102.727
2026-05-04 13:20:00-04:00,102.78,102.8,102.71,102.76,9440.0,102.767
2026-05-04 13:21:00-04:00,102.74,103.0,102.74,102.88,32344.0,102.851
2026-05-04 13:22:00-04:00,102.9,102.91,102.79,102.79,8835.0,102.878
2026-05-04 13:23:00-04:00,102.8,102.9,102.74,102.8,15009.0,102.822
2026-05-04 13:24:00-04:00,102.81,102.9,102.76,102.77,76901.0,102.848
2026-05-04 13:25:00-04:00,102.8,102.87,102.77,102.86,7566.0,102.818
2026-05-04 13:26:00-04:00,102.86,102.88,102.68,102.72,16359.0,102.827
2026-05-04 13:27:00-04:00,102.74,102.82,102.72,102.81,8560.0,102.775
2026-05-04 13:28:00-04:00,102.81,102.84,102.79,102.81,6743.0,102.816
2026-05-04 13:29:00-04:00,102.78,102.79,102.71,102.78,14803.0,102.748
2026-05-04 13:30:00-04:00,102.78,102.81,102.71,102.77,7564.0,102.771
2026-05-04 13:31:00-04:00,102.79,102.87,102.78,102.85,7625.0,102.837
2026-05-04 13:32:00-04:00,102.86,102.88,102.81,102.84,10048.0,102.853
2026-05-04 13:33:00-04:00,102.83,102.85,102.74,102.78,15427.0,102.797
2026-05-04 13:34:00-04:00,102.8,102.85,102.68,102.68,7690.0,102.778
2026-05-04 13:35:00-04:00,102.69,102.72,102.61,102.61,6725.0,102.653
2026-05-04 13:36:00-04:00,102.63,102.7,102.63,102.67,6665.0,102.664
2026-05-04 13:37:00-04:00,102.66,102.8,102.64,102.8,12487.0,102.718
2026-05-04 13:38:00-04:00,102.8,102.81,102.73,102.73,10470.0,102.774
2026-05-04 13:39:00-04:00,102.74,102.84,102.74,102.78,19258.0,102.796
2026-05-04 13:40:00-04:00,102.8,102.84,102.79,102.83,8651.0,102.82
2026-05-04 13:41:00-04:00,102.84,102.85,102.77,102.77,11705.0,102.825
2026-05-04 13:42:00-04:00,102.77,102.85,102.76,102.83,5910.0,102.809
2026-05-04 13:43:00-04:00,102.85,102.85,102.8,102.84,14251.0,102.826
2026-05-04 13:44:00-04:00,102.85,102.89,102.73,102.82,41699.0,102.829
2026-05-04 13:45:00-04:00,102.8,102.81,102.73,102.73,15916.0,102.772
2026-05-04 13:46:00-04:00,102.72,102.81,102.69,102.75,11754.0,102.761
2026-05-04 13:47:00-04:00,102.76,102.83,102.75,102.79,17321.0,102.795
2026-05-04 13:48:00-04:00,102.79,102.82,102.76,102.79,22500.0,102.79
2026-05-04 13:49:00-04:00,102.78,102.81,102.74,102.79,9960.0,102.765
2026-05-04 13:50:00-04:00,102.79,102.83,102.76,102.78,6670.0,102.792
2026-05-04 13:51:00-04:00,102.78,102.82,102.74,102.74,13828.0,102.787
2026-05-04 13:52:00-04:00,102.77,102.84,102.77,102.8,5882.0,102.81
2026-05-04 13:53:00-04:00,102.8,102.83,102.72,102.83,69062.0,102.793
2026-05-04 13:54:00-04:00,102.84,102.91,102.81,102.9,21785.0,102.85
2026-05-04 13:55:00-04:00,102.89,103.15,102.89,103.09,22745.0,103.017
2026-05-04 13:56:00-04:00,103.12,103.16,103.03,103.04,31389.0,103.092
2026-05-04 13:57:00-04:00,103.03,103.05,103.0,103.02,15760.0,103.024
2026-05-04 13:58:00-04:00,103.02,103.1,102.98,103.08,12380.0,103.04
2026-05-04 13:59:00-04:00,103.09,103.15,103.09,103.15,12619.0,103.115
2026-05-04 14:00:00-04:00,103.13,103.21,103.12,103.17,13363.0,103.162
2026-05-04 14:01:00-04:00,103.16,103.22,103.14,103.2,31696.0,103.189
2026-05-04 14:02:00-04:00,103.21,103.24,103.03,103.06,11405.0,103.152
2026-05-04 14:03:00-04:00,103.08,103.19,103.02,103.11,14705.0,103.121
2026-05-04 14:04:00-04:00,103.12,103.15,103.0,103.0,12931.0,103.11
2026-05-04 14:05:00-04:00,103.01,103.03,102.93,103.02,6697.0,102.978
2026-05-04 14:06:00-04:00,102.98,102.98,102.89,102.93,9372.0,102.923
2026-05-04 14:07:00-04:00,102.92,102.99,102.87,102.88,7190.0,102.938
2026-05-04 14:08:00-04:00,102.88,102.93,102.83,102.87,10529.0,102.886
2026-05-04 14:09:00-04:00,102.88,102.93,102.83,102.83,13291.0,102.887
2026-05-04 14:10:00-04:00,102.82,102.82,102.75,102.81,10236.0,102.786
2026-05-04 14:11:00-04:00,102.81,102.92,102.81,102.91,11718.0,102.872
2026-05-04 14:12:00-04:00,102.91,102.97,102.88,102.95,16415.0,102.937
2026-05-04 14:13:00-04:00,102.94,103.02,102.94,103.0,10242.0,102.975
2026-05-04 14:14:00-04:00,103.0,103.03,102.93,102.97,6853.0,102.981
2026-05-04 14:15:00-04:00,102.95,103.0,102.91,102.99,4903.0,102.947
2026-05-04 14:16:00-04:00,103.0,103.05,102.99,103.03,6949.0,103.016
2026-05-04 14:17:00-04:00,103.03,103.03,102.95,103.0,5704.0,102.992
2026-05-04 14:18:00-04:00,102.98,102.99,102.87,102.88,9183.0,102.907
2026-05-04 14:19:00-04:00,102.89,102.93,102.87,102.91,5003.0,102.903
2026-05-04 14:20:00-04:00,102.91,102.97,102.86,102.94,14317.0,102.931
2026-05-04 14:21:00-04:00,102.95,102.95,102.88,102.91,8370.0,102.908
2026-05-04 14:22:00-04:00,102.91,102.92,102.83,102.88,6786.0,102.875
2026-05-04 14:23:00-04:00,102.86,102.87,102.8,102.83,8251.0,102.842
2026-05-04 14:24:00-04:00,102.83,102.91,102.8,102.82,11674.0,102.843
2026-05-04 14:25:00-04:00,102.82,102.82,102.71,102.71,16136.0,102.756
2026-05-04 14:26:00-04:00,102.71,102.72,102.59,102.6,24552.0,102.665
2026-05-04 14:27:00-04:00,102.6,102.62,102.51,102.53,6418.0,102.567
2026-05-04 14:28:00-04:00,102.54,102.63,102.54,102.61,10603.0,102.596
2026-05-04 14:29:00-04:00,102.63,102.81,102.63,102.79,19146.0,102.737
2026-05-04 14:30:00-04:00,102.77,102.8,102.76,102.79,6961.0,102.785
2026-05-04 14:31:00-04:00,102.8,102.82,102.64,102.65,4634.0,102.733
2026-05-04 14:32:00-04:00,102.66,102.68,102.56,102.64,16873.0,102.606
2026-05-04 14:33:00-04:00,102.64,102.64,102.54,102.55,8957.0,102.574
2026-05-04 14:34:00-04:00,102.55,102.6,102.53,102.6,13572.0,102.544
2026-05-04 14:35:00-04:00,102.6,102.61,102.54,102.55,8630.0,102.592
2026-05-04 14:36:00-04:00,102.57,102.64,102.57,102.59,6632.0,102.609
2026-05-04 14:37:00-04:00,102.59,102.61,102.47,102.53,9287.0,102.514
2026-05-04 14:38:00-04:00,102.54,102.58,102.47,102.49,11679.0,102.533
2026-05-04 14:39:00-04:00,102.48,102.51,102.45,102.48,9305.0,102.491
2026-05-04 14:40:00-04:00,102.45,102.46,102.34,102.35,9148.0,102.371
2026-05-04 14:41:00-04:00,102.35,102.42,102.28,102.28,20573.0,102.353
2026-05-04 14:42:00-04:00,102.26,102.29,102.16,102.16,14068.0,102.231
2026-05-04 14:43:00-04:00,102.16,102.17,102.1,102.12,8193.0,102.134
2026-05-04 14:44:00-04:00,102.11,102.18,102.01,102.01,13163.0,102.091
2026-05-04 14:45:00-04:00,102.03,102.18,102.0,102.18,12617.0,102.061
2026-05-04 14:46:00-04:00,102.14,102.16,102.1,102.1,10388.0,102.127
2026-05-04 14:47:00-04:00,102.1,102.18,101.96,101.99,26848.0,102.023
2026-05-04 14:48:00-04:00,102.02,102.1,101.99,102.1,8362.0,102.048
2026-05-04 14:49:00-04:00,102.08,102.14,102.07,102.11,5719.0,102.094
2026-05-04 14:50:00-04:00,102.12,102.21,102.09,102.19,8204.0,102.146
2026-05-04 14:51:00-04:00,102.18,102.26,102.16,102.24,14913.0,102.226
2026-05-04 14:52:00-04:00,102.23,102.27,102.13,102.15,16816.0,102.191
2026-05-04 14:53:00-04:00,102.16,102.27,102.12,102.25,16654.0,102.185
2026-05-04 14:54:00-04:00,102.27,102.27,102.2,102.24,8102.0,102.226
2026-05-04 14:55:00-04:00,102.26,102.46,102.26,102.37,32343.0,102.38
2026-05-04 14:56:00-04:00,102.38,102.55,102.38,102.54,34948.0,102.48
2026-05-04 14:57:00-04:00,102.55,102.75,102.54,102.72,16947.0,102.629
2026-05-04 14:58:00-04:00,102.72,102.87,102.72,102.87,15946.0,102.793
2026-05-04 14:59:00-04:00,102.86,102.95,102.8,102.87,24386.0,102.863
2026-05-04 15:00:00-04:00,102.87,102.92,102.8,102.82,12290.0,102.829
2026-05-04 15:01:00-04:00,102.82,102.92,102.79,102.91,6930.0,102.839
2026-05-04 15:02:00-04:00,102.91,103.11,102.88,103.07,74239.0,103.004
2026-05-04 15:03:00-04:00,103.04,103.04,102.94,102.99,10204.0,102.985
2026-05-04 15:04:00-04:00,103.01,103.09,102.95,103.08,12116.0,103.027
2026-05-04 15:05:00-04:00,103.1,103.18,103.01,103.14,47985.0,103.1
2026-05-04 15:06:00-04:00,103.14,103.17,102.97,103.04,43664.0,103.07
2026-05-04 15:07:00-04:00,103.02,103.1,102.9,102.94,21229.0,103.027
2026-05-04 15:08:00-04:00,102.94,103.14,102.92,102.98,36319.0,102.991
2026-05-04 15:09:00-04:00,102.98,102.98,102.77,102.82,53114.0,102.841
2026-05-04 15:10:00-04:00,102.81,103.04,102.79,102.99,44071.0,102.92
2026-05-04 15:11:00-04:00,102.95,103.03,102.93,102.95,14404.0,102.991
2026-05-04 15:12:00-04:00,102.95,103.1,102.93,103.06,12747.0,103.017
2026-05-04 15:13:00-04:00,103.06,103.07,102.97,103.06,12884.0,103.029
2026-05-04 15:14:00-04:00,103.07,103.22,103.07,103.17,12012.0,103.14
2026-05-04 15:15:00-04:00,103.17,103.18,103.01,103.01,20853.0,103.107
2026-05-04 15:16:00-04:00,103.02,103.04,102.93,102.95,24068.0,102.982
2026-05-04 15:17:00-04:00,102.97,103.01,102.89,102.91,7757.0,102.956
2026-05-04 15:18:00-04:00,102.91,102.94,102.8,102.9,18637.0,102.886
2026-05-04 15:19:00-04:00,102.89,102.9,102.75,102.77,20580.0,102.803
2026-05-04 15:20:00-04:00,102.77,102.95,102.75,102.95,23465.0,102.808
2026-05-04 15:21:00-04:00,102.96,102.96,102.83,102.87,17783.0,102.905
2026-05-04 15:22:00-04:00,102.88,102.92,102.61,102.61,31249.0,102.746
2026-05-04 15:23:00-04:00,102.62,102.77,102.61,102.75,49695.0,102.71
2026-05-04 15:24:00-04:00,102.78,103.02,102.78,102.96,57879.0,102.822
2026-05-04 15:25:00-04:00,102.99,103.01,102.87,102.9,12906.0,102.942
2026-05-04 15:26:00-04:00,102.9,102.97,102.88,102.91,19072.0,102.925
2026-05-04 15:27:00-04:00,102.91,102.98,102.87,102.97,10306.0,102.937
2026-05-04 15:28:00-04:00,102.97,103.02,102.96,103.0,14726.0,102.999
2026-05-04 15:29:00-04:00,103.01,103.2,103.01,103.04,38295.0,103.121
2026-05-04 15:30:00-04:00,103.02,103.19,102.93,103.11,18212.0,103.076
2026-05-04 15:31:00-04:00,103.11,103.14,103.0,103.13,31701.0,103.066
2026-05-04 15:32:00-04:00,103.14,103.15,102.94,103.02,19080.0,103.068
2026-05-04 15:33:00-04:00,103.03,103.08,102.92,102.95,14572.0,102.986
2026-05-04 15:34:00-04:00,102.95,103.05,102.89,102.92,19399.0,102.958
2026-05-04 15:35:00-04:00,102.91,103.19,102.86,103.16,15636.0,103.041
2026-05-04 15:36:00-04:00,103.15,103.17,103.05,103.11,12712.0,103.112
2026-05-04 15:37:00-04:00,103.13,103.18,103.01,103.06,99251.0,103.162
2026-05-04 15:38:00-04:00,103.04,103.19,102.95,103.14,24560.0,103.054
2026-05-04 15:39:00-04:00,103.12,103.27,103.09,103.19,30338.0,103.175
2026-05-04 15:40:00-04:00,103.19,103.25,103.12,103.25,23781.0,103.162
2026-05-04 15:41:00-04:00,103.25,103.3,103.04,103.16,43829.0,103.191
2026-05-04 15:42:00-04:00,103.16,103.37,103.1,103.21,103345.0,103.27
2026-05-04 15:43:00-04:00,103.21,103.26,103.1,103.1,92308.0,103.193
2026-05-04 15:44:00-04:00,103.1,103.19,103.06,103.11,42704.0,103.113
2026-05-04 15:45:00-04:00,103.11,103.13,103.03,103.05,18365.0,103.084
2026-05-04 15:46:00-04:00,103.05,103.14,103.03,103.03,52386.0,103.094
2026-05-04 15:47:00-04:00,103.04,103.14,102.89,102.94,105593.0,102.999
2026-05-04 15:48:00-04:00,102.95,103.17,102.95,103.09,54413.0,103.092
2026-05-04 15:49:00-04:00,103.08,103.13,102.62,102.67,132603.0,102.929
2026-05-04 15:50:00-04:00,102.73,102.93,102.7,102.75,44416.0,102.836
2026-05-04 15:51:00-04:00,102.75,102.9,102.49,102.81,95829.0,102.654
2026-05-04 15:52:00-04:00,102.87,103.09,102.81,103.01,98648.0,102.948
2026-05-04 15:53:00-04:00,103.02,103.04,102.45,102.56,144430.0,102.683
2026-05-04 15:54:00-04:00,102.57,102.93,102.57,102.85,73928.0,102.784
2026-05-04 15:55:00-04:00,102.62,102.9,102.53,102.68,115921.0,102.722
2026-05-04 15:56:00-04:00,102.66,102.7,102.41,102.58,154809.0,102.537
2026-05-04 15:57:00-04:00,102.56,102.63,102.33,102.35,185771.0,102.469
2026-05-04 15:58:00-04:00,102.37,102.48,102.26,102.36,288278.0,102.346
2026-05-04 15:59:00-04:00,102.35,102.36,101.96,102.08,359929.0,102.101
2026-05-05 09:30:00-04:00,97.86,97.99,96.08,96.5,428040.0,97.467
2026-05-05 09:31:00-04:00,96.33,98.26,96.13,98.16,129314.0,97.25
2026-05-05 09:32:00-04:00,98.36,98.67,97.94,98.57,123477.0,98.271
2026-05-05 09:33:00-04:00,98.57,98.85,97.46,97.46,74481.0,98.067
2026-05-05 09:34:00-04:00,97.46,97.86,97.05,97.13,53148.0,97.434
2026-05-05 09:35:00-04:00,97.23,98.0,97.01,97.78,75450.0,97.521
2026-05-05 09:36:00-04:00,97.85,98.94,97.76,98.37,106502.0,98.377
2026-05-05 09:37:00-04:00,98.47,98.64,97.96,98.11,27873.0,98.311
2026-05-05 09:38:00-04:00,98.09,98.62,97.87,98.38,54517.0,98.23
2026-05-05 09:39:00-04:00,98.38,99.3,98.11,99.26,110603.0,98.622
2026-05-05 09:40:00-04:00,99.33,99.49,98.76,98.79,79838.0,99.152
2026-05-05 09:41:00-04:00,98.79,99.37,98.64,98.73,56680.0,98.942
2026-05-05 09:42:00-04:00,98.84,99.03,98.59,98.72,13009.0,98.798
2026-05-05 09:43:00-04:00,98.7,98.72,98.15,98.5,48744.0,98.395
2026-05-05 09:44:00-04:00,98.5,99.37,98.5,99.3,69996.0,99.024
2026-05-05 09:45:00-04:00,99.19,99.42,98.8,98.85,59918.0,99.241
2026-05-05 09:46:00-04:00,98.85,98.93,98.5,98.73,72548.0,98.693
2026-05-05 09:47:00-04:00,98.74,99.08,98.52,98.66,61211.0,98.798
2026-05-05 09:48:00-04:00,98.64,98.89,98.16,98.67,55735.0,98.51
2026-05-05 09:49:00-04:00,98.68,99.78,98.54,99.56,84930.0,99.188
2026-05-05 09:50:00-04:00,99.56,101.01,99.56,100.99,125415.0,100.456
2026-05-05 09:51:00-04:00,100.98,101.5,100.68,101.38,58367.0,101.229
2026-05-05 09:52:00-04:00,101.42,101.7,101.24,101.3,43679.0,101.506
2026-05-05 09:53:00-04:00,101.3,101.62,101.13,101.49,41048.0,101.365
2026-05-05 09:54:00-04:00,101.57,101.73,101.32,101.62,29973.0,101.493
2026-05-05 09:55:00-04:00,101.65,102.25,101.53,102.13,74495.0,101.905
2026-05-05 09:56:00-04:00,102.2,102.21,101.62,102.0,36815.0,101.879
2026-05-05 09:57:00-04:00,102.02,102.26,101.74,102.14,67073.0,101.926
2026-05-05 09:58:00-04:00,102.15,102.45,101.93,101.96,48963.0,102.131
2026-05-05 09:59:00-04:00,101.96,102.99,101.96,102.65,68360.0,102.429
2026-05-05 10:00:00-04:00,102.56,102.99,102.35,102.95,41431.0,102.609
2026-05-05 10:01:00-04:00,103.0,103.33,102.8,102.88,62741.0,103.086
2026-05-05 10:02:00-04:00,102.86,103.37,102.86,103.25,27373.0,103.156
2026-05-05 10:03:00-04:00,103.26,103.36,102.96,103.17,35472.0,103.139
2026-05-05 10:04:00-04:00,103.18,103.33,102.92,103.27,27777.0,103.177
2026-05-05 10:05:00-04:00,103.27,103.58,103.06,103.55,30666.0,103.283
2026-05-05 10:06:00-04:00,103.58,104.38,103.58,104.34,50295.0,104.101
2026-05-05 10:07:00-04:00,104.34,104.4,103.77,103.85,69919.0,104.085
2026-05-05 10:08:00-04:00,103.89,104.62,103.81,104.56,31152.0,104.165
2026-05-05 10:09:00-04:00,104.58,104.63,103.99,104.01,42294.0,104.238
2026-05-05 10:10:00-04:00,104.01,104.34,103.94,104.12,21291.0,104.157
2026-05-05 10:11:00-04:00,104.12,104.74,104.05,104.66,53691.0,104.367
2026-05-05 10:12:00-04:00,104.55,104.8,104.36,104.45,64090.0,104.522
2026-05-05 10:13:00-04:00,104.5,104.65,103.97,104.11,52073.0,104.38
2026-05-05 10:14:00-04:00,104.05,104.5,104.0,104.44,47123.0,104.253
2026-05-05 10:15:00-04:00,104.5,104.95,104.15,104.81,45212.0,104.558
2026-05-05 10:16:00-04:00,104.77,105.18,104.77,105.18,63662.0,104.971
2026-05-05 10:17:00-04:00,105.14,105.46,105.02,105.05,68070.0,105.261
2026-05-05 10:18:00-04:00,105.04,105.15,104.76,105.15,42620.0,104.946
2026-05-05 10:19:00-04:00,105.06,105.41,104.99,105.3,32630.0,105.18
2026-05-05 10:20:00-04:00,105.34,105.47,105.26,105.47,14491.0,105.375
2026-05-05 10:21:00-04:00,105.44,105.58,105.34,105.41,23796.0,105.452
2026-05-05 10:22:00-04:00,105.4,105.43,105.13,105.18,27638.0,105.299
2026-05-05 10:23:00-04:00,105.21,105.35,104.82,104.84,27072.0,105.054
2026-05-05 10:24:00-04:00,104.87,105.35,104.76,105.14,48284.0,105.098
2026-05-05 10:25:00-04:00,105.14,105.35,104.76,105.11,26544.0,105.004
2026-05-05 10:26:00-04:00,105.1,105.11,104.31,104.75,111254.0,104.627
2026-05-05 10:27:00-04:00,104.77,105.24,104.68,105.12,70583.0,104.897
2026-05-05 10:28:00-04:00,105.23,105.35,105.04,105.17,15056.0,105.16
2026-05-05 10:29:00-04:00,105.17,105.58,105.16,105.16,61250.0,105.352
2026-05-05 10:30:00-04:00,105.24,105.46,105.14,105.33,9852.0,105.305
2026-05-05 10:31:00-04:00,105.35,105.35,105.16,105.24,40797.0,105.252
2026-05-05 10:32:00-04:00,105.31,105.58,105.3,105.45,20123.0,105.405
2026-05-05 10:33:00-04:00,105.42,105.42,105.22,105.29,17186.0,105.335
2026-05-05 10:34:00-04:00,105.29,105.42,105.22,105.36,20409.0,105.343
2026-05-05 10:35:00-04:00,105.36,105.56,105.24,105.4,29952.0,105.412
2026-05-05 10:36:00-04:00,105.41,105.81,105.41,105.73,25008.0,105.632
2026-05-05 10:37:00-04:00,105.63,105.67,105.33,105.35,20634.0,105.521
2026-05-05 10:38:00-04:00,105.37,105.4,105.1,105.25,18693.0,105.26
2026-05-05 10:39:00-04:00,105.22,105.22,105.02,105.02,19320.0,105.109
2026-05-05 10:40:00-04:00,105.13,105.13,104.73,104.81,49437.0,104.912
2026-05-05 10:41:00-04:00,104.85,105.05,104.81,104.92,35740.0,104.928
2026-05-05 10:42:00-04:00,104.9,104.93,103.93,104.31,97545.0,104.31
2026-05-05 10:43:00-04:00,104.27,104.48,103.98,104.17,24753.0,104.218
2026-05-05 10:44:00-04:00,104.15,104.2,103.81,103.87,18692.0,103.975
2026-05-05 10:45:00-04:00,103.84,104.25,103.84,104.08,29014.0,104.069
2026-05-05 10:46:00-04:00,104.09,104.31,103.84,103.97,14637.0,104.066
2026-05-05 10:47:00-04:00,103.95,103.99,103.77,103.8,9937.0,103.892
2026-05-05 10:48:00-04:00,103.83,103.96,103.62,103.67,22024.0,103.782
2026-05-05 10:49:00-04:00,103.7,104.02,103.62,104.0,27139.0,103.817
2026-05-05 10:50:00-04:00,104.02,104.03,103.61,103.95,15644.0,103.8
2026-05-05 10:51:00-04:00,103.91,103.98,103.85,103.96,5341.0,103.926
2026-05-05 10:52:00-04:00,104.0,104.24,103.81,104.17,27457.0,104.045
2026-05-05 10:53:00-04:00,104.17,104.18,103.95,104.1,13817.0,104.106
2026-05-05 10:54:00-04:00,104.11,104.22,104.06,104.18,18584.0,104.132
2026-05-05 10:55:00-04:00,104.09,104.22,104.05,104.06,17894.0,104.136
2026-05-05 10:56:00-04:00,104.01,104.02,103.86,103.95,11598.0,103.954
2026-05-05 10:57:00-04:00,103.99,104.0,103.66,103.75,38183.0,103.775
2026-05-05 10:58:00-04:00,103.75,103.76,103.43,103.46,23746.0,103.549
2026-05-05 10:59:00-04:00,103.46,103.54,103.27,103.54,20942.0,103.433
2026-05-05 11:00:00-04:00,103.45,103.91,103.45,103.71,20704.0,103.689
2026-05-05 11:01:00-04:00,103.66,104.05,103.66,103.87,17220.0,103.877
2026-05-05 11:02:00-04:00,103.82,103.83,103.58,103.69,30321.0,103.688
2026-05-05 11:03:00-04:00,103.61,103.61,102.79,102.8,46111.0,103.192
2026-05-05 11:04:00-04:00,102.83,102.98,102.79,102.85,36745.0,102.878
2026-05-05 11:05:00-04:00,102.85,103.07,102.78,102.78,51520.0,102.948
2026-05-05 11:06:00-04:00,102.82,102.88,102.68,102.74,33198.0,102.778
2026-05-05 11:07:00-04:00,102.75,102.91,102.62,102.77,43583.0,102.755
2026-05-05 11:08:00-04:00,102.79,102.85,102.62,102.82,55679.0,102.766
2026-05-05 11:09:00-04:00,102.85,103.18,102.8,103.13,48241.0,103.07
2026-05-05 11:10:00-04:00,103.13,103.35,103.1,103.3,13040.0,103.193
2026-05-05 11:11:00-04:00,103.25,103.25,103.06,103.14,12575.0,103.147
2026-05-05 11:12:00-04:00,103.16,103.45,103.1,103.35,14188.0,103.284
2026-05-05 11:13:00-04:00,103.38,103.55,103.34,103.55,10743.0,103.42
2026-05-05 11:14:00-04:00,103.51,103.61,103.37,103.49,17196.0,103.472
2026-05-05 11:15:00-04:00,103.49,103.82,103.49,103.69,18623.0,103.687
2026-05-05 11:16:00-04:00,103.66,103.67,103.32,103.35,8576.0,103.527
2026-05-05 11:17:00-04:00,103.34,103.42,103.22,103.38,17625.0,103.315
2026-05-05 11:18:00-04:00,103.33,103.35,103.2,103.26,12418.0,103.271
2026-05-05 11:19:00-04:00,103.26,103.31,102.72,102.74,25139.0,102.916
2026-05-05 11:20:00-04:00,102.71,102.8,102.64,102.8,13928.0,102.691
2026-05-05 11:21:00-04:00,102.8,102.84,102.42,102.42,26983.0,102.596
2026-05-05 11:22:00-04:00,102.41,102.45,102.19,102.26,22128.0,102.292
2026-05-05 11:23:00-04:00,102.21,102.34,102.19,102.24,10736.0,102.271
2026-05-05 11:24:00-04:00,102.21,102.38,102.02,102.17,20077.0,102.244
2026-05-05 11:25:00-04:00,102.23,102.58,102.16,102.46,16009.0,102.398
2026-05-05 11:26:00-04:00,102.51,102.51,102.22,102.32,9410.0,102.309
2026-05-05 11:27:00-04:00,102.31,102.69,102.17,102.53,17759.0,102.349
2026-05-05 11:28:00-04:00,102.47,102.5,102.23,102.37,12724.0,102.341
2026-05-05 11:29:00-04:00,102.41,102.48,102.12,102.18,15110.0,102.269
2026-05-05 11:30:00-04:00,102.25,102.27,101.7,101.8,17531.0,102.003
2026-05-05 11:31:00-04:00,101.8,101.91,101.44,101.8,48072.0,101.663
2026-05-05 11:32:00-04:00,101.76,101.97,101.73,101.89,20447.0,101.848
2026-05-05 11:33:00-04:00,101.79,101.85,101.69,101.75,15109.0,101.756
2026-05-05 11:34:00-04:00,101.71,102.07,101.71,101.82,21285.0,101.873
2026-05-05 11:35:00-04:00,101.82,102.03,101.77,102.03,33476.0,101.929
2026-05-05 11:36:00-04:00,102.0,102.07,101.69,101.69,9223.0,101.872
2026-05-05 11:37:00-04:00,101.76,101.79,101.5,101.52,28520.0,101.647
2026-05-05 11:38:00-04:00,101.55,101.78,101.49,101.59,26427.0,101.653
2026-05-05 11:39:00-04:00,101.59,101.73,101.55,101.6,82784.0,101.606
2026-05-05 11:40:00-04:00,101.58,101.74,101.53,101.57,14458.0,101.65
2026-05-05 11:41:00-04:00,101.57,101.63,101.07,101.24,39900.0,101.31
2026-05-05 11:42:00-04:00,101.18,102.25,101.0,102.16,134057.0,101.841
2026-05-05 11:43:00-04:00,102.16,102.17,101.88,101.93,9207.0,101.998
2026-05-05 11:44:00-04:00,101.94,102.2,101.93,102.0,18367.0,102.066
2026-05-05 11:45:00-04:00,102.0,102.4,101.99,102.4,24757.0,102.138
2026-05-05 11:46:00-04:00,102.33,102.78,102.33,102.65,17173.0,102.567
2026-05-05 11:47:00-04:00,102.65,102.71,102.54,102.66,5642.0,102.633
2026-05-05 11:48:00-04:00,102.63,102.64,102.37,102.45,6966.0,102.483
2026-05-05 11:49:00-04:00,102.42,102.63,102.38,102.59,24290.0,102.486
2026-05-05 11:50:00-04:00,102.6,102.83,102.57,102.69,17001.0,102.709
2026-05-05 11:51:00-04:00,102.69,102.75,102.19,102.21,37065.0,102.321
2026-05-05 11:52:00-04:00,102.25,102.27,102.04,102.09,14461.0,102.137
2026-05-05 11:53:00-04:00,102.15,102.31,102.12,102.24,9326.0,102.212
2026-05-05 11:54:00-04:00,102.23,102.24,102.05,102.07,8832.0,102.145
2026-05-05 11:55:00-04:00,102.04,102.04,101.89,101.89,14309.0,101.993
2026-05-05 11:56:00-04:00,101.9,101.93,101.75,101.78,15624.0,101.794
2026-05-05 11:57:00-04:00,101.78,102.0,101.57,101.61,13393.0,101.794
2026-05-05 11:58:00-04:00,101.61,101.7,101.54,101.6,16309.0,101.617
2026-05-05 11:59:00-04:00,101.62,101.7,101.5,101.53,10408.0,101.613
2026-05-05 12:00:00-04:00,101.55,101.74,101.52,101.55,19373.0,101.654
2026-05-05 12:01:00-04:00,101.63,101.63,101.35,101.56,8292.0,101.515
2026-05-05 12:02:00-04:00,101.5,101.6,101.29,101.55,11383.0,101.475
2026-05-05 12:03:00-04:00,101.56,101.78,101.56,101.69,4086.0,101.678
2026-05-05 12:04:00-04:00,101.77,101.79,101.6,101.65,2759.0,101.693
2026-05-05 12:05:00-04:00,101.57,102.05,101.57,101.92,26737.0,101.868
2026-05-05 12:06:00-04:00,101.92,102.03,101.87,101.88,12605.0,101.953
2026-05-05 12:07:00-04:00,101.87,101.89,101.81,101.88,4623.0,101.854
2026-05-05 12:08:00-04:00,101.86,102.06,101.85,101.85,16017.0,101.94
2026-05-05 12:09:00-04:00,101.82,101.88,101.77,101.86,9145.0,101.818
2026-05-05 12:10:00-04:00,101.86,101.86,101.71,101.78,5799.0,101.803
2026-05-05 12:11:00-04:00,101.78,101.79,101.61,101.76,9354.0,101.686
2026-05-05 12:12:00-04:00,101.69,101.87,101.62,101.87,11660.0,101.712
2026-05-05 12:13:00-04:00,101.87,102.52,101.87,102.52,13871.0,102.276
2026-05-05 12:14:00-04:00,102.52,102.72,102.5,102.69,14338.0,102.624
2026-05-05 12:15:00-04:00,102.71,102.92,102.62,102.92,19382.0,102.735
2026-05-05 12:16:00-04:00,102.92,102.93,102.81,102.86,23227.0,102.87
2026-05-05 12:17:00-04:00,102.84,102.88,102.75,102.86,6855.0,102.828
2026-05-05 12:18:00-04:00,102.89,103.04,102.88,103.0,7710.0,102.951
2026-05-05 12:19:00-04:00,102.99,103.02,102.86,102.88,11350.0,102.935
2026-05-05 12:20:00-04:00,102.84,103.02,102.8,102.93,17761.0,102.91
2026-05-05 12:21:00-04:00,102.93,103.03,102.76,102.85,26947.0,102.866
2026-05-05 12:22:00-04:00,102.81,102.89,102.7,102.77,9145.0,102.801
2026-05-05 12:23:00-04:00,102.77,102.87,102.66,102.68,20092.0,102.753
2026-05-05 12:24:00-04:00,102.68,102.7,102.62,102.66,15248.0,102.667
2026-05-05 12:25:00-04:00,102.63,102.64,102.46,102.55,14661.0,102.53
2026-05-05 12:26:00-04:00,102.52,102.57,102.3,102.3,18211.0,102.442
2026-05-05 12:27:00-04:00,102.28,102.28,101.86,101.87,24321.0,102.045
2026-05-05 12:28:00-04:00,101.87,101.92,101.34,101.47,44546.0,101.556
2026-05-05 12:29:00-04:00,101.46,101.57,101.41,101.47,14633.0,101.502
2026-05-05 12:30:00-04:00,101.47,101.55,101.4,101.42,10493.0,101.473
2026-05-05 12:31:00-04:00,101.42,101.52,101.21,101.21,15077.0,101.404
2026-05-05 12:32:00-04:00,101.17,101.34,101.17,101.24,7651.0,101.25
2026-05-05 12:33:00-04:00,101.24,101.26,101.07,101.15,6111.0,101.176
2026-05-05 12:34:00-04:00,101.1,101.2,101.03,101.14,10555.0,101.117
2026-05-05 12:35:00-04:00,101.21,101.4,101.19,101.38,45373.0,101.308
2026-05-05 12:36:00-04:00,101.37,101.38,101.0,101.1,52559.0,101.088
2026-05-05 12:37:00-04:00,101.07,101.26,101.0,101.25,35818.0,101.121
2026-05-05 12:38:00-04:00,101.21,101.47,101.17,101.23,19617.0,101.282
2026-05-05 12:39:00-04:00,101.15,101.21,101.1,101.16,34182.0,101.155
2026-05-05 12:40:00-04:00,101.12,101.2,100.96,101.09,37549.0,101.103
2026-05-05 12:41:00-04:00,101.09,101.35,101.06,101.32,20005.0,101.179
2026-05-05 12:42:00-04:00,101.36,101.4,101.26,101.34,9221.0,101.344
2026-05-05 12:43:00-04:00,101.36,101.4,101.23,101.4,27465.0,101.313
2026-05-05 12:44:00-04:00,101.41,101.5,101.38,101.43,13700.0,101.42
2026-05-05 12:45:00-04:00,101.42,101.43,101.25,101.29,12953.0,101.309
2026-05-05 12:46:00-04:00,101.28,101.32,101.16,101.24,17673.0,101.254
2026-05-05 12:47:00-04:00,101.27,101.37,101.23,101.24,11255.0,101.31
2026-05-05 12:48:00-04:00,101.24,101.25,101.12,101.15,29043.0,101.182
2026-05-05 12:49:00-04:00,101.19,101.23,100.93,101.16,48584.0,101.053
2026-05-05 12:50:00-04:00,101.16,101.17,100.99,101.02,14547.0,101.055
2026-05-05 12:51:00-04:00,101.03,101.11,100.98,101.08,29679.0,101.051
2026-05-05 12:52:00-04:00,101.08,101.17,100.95,101.15,21195.0,101.044
2026-05-05 12:53:00-04:00,101.15,101.15,101.04,101.09,11007.0,101.097
2026-05-05 12:54:00-04:00,101.11,101.2,101.06,101.2,15107.0,101.128
2026-05-05 12:55:00-04:00,101.19,101.71,101.19,101.7,27160.0,101.377
2026-05-05 12:56:00-04:00,101.68,101.85,101.62,101.81,15670.0,101.727
2026-05-05 12:57:00-04:00,101.79,101.93,101.75,101.91,14933.0,101.874
2026-05-05 12:58:00-04:00,101.91,101.98,101.82,101.89,9466.0,101.899
2026-05-05 12:59:00-04:00,101.94,102.07,101.89,102.06,7643.0,101.992
2026-05-05 13:00:00-04:00,102.03,102.25,101.93,102.19,11074.0,102.043
2026-05-05 13:01:00-04:00,102.2,102.3,102.08,102.19,12275.0,102.19
2026-05-05 13:02:00-04:00,102.19,102.26,102.18,102.24,5155.0,102.223
2026-05-05 13:03:00-04:00,102.29,102.38,102.18,102.33,5595.0,102.262
2026-05-05 13:04:00-04:00,102.36,102.36,102.26,102.27,3015.0,102.307
2026-05-05 13:05:00-04:00,102.22,102.43,102.16,102.43,9200.0,102.282
2026-05-05 13:06:00-04:00,102.4,102.42,102.31,102.34,7325.0,102.368
2026-05-05 13:07:00-04:00,102.27,102.45,102.26,102.44,70635.0,102.329
2026-05-05 13:08:00-04:00,102.37,102.63,102.31,102.58,19313.0,102.403
2026-05-05 13:09:00-04:00,102.51,102.73,102.51,102.71,6357.0,102.619
2026-05-05 13:10:00-04:00,102.71,102.77,102.62,102.63,31066.0,102.646
2026-05-05 13:11:00-04:00,102.6,102.73,102.51,102.73,224270.0,102.64
2026-05-05 13:12:00-04:00,102.69,102.77,102.56,102.75,5680.0,102.656
2026-05-05 13:13:00-04:00,102.71,102.78,102.68,102.68,3418.0,102.728
2026-05-05 13:14:00-04:00,102.68,102.68,102.42,102.43,3990.0,102.543
2026-05-05 13:15:00-04:00,102.46,102.48,102.35,102.36,8414.0,102.412
2026-05-05 13:16:00-04:00,102.36,102.43,102.32,102.35,13550.0,102.379
2026-05-05 13:17:00-04:00,102.39,102.66,102.39,102.6,9926.0,102.511
2026-05-05 13:18:00-04:00,102.6,102.66,102.59,102.61,4224.0,102.628
2026-05-05 13:19:00-04:00,102.54,102.69,102.51,102.61,6965.0,102.624
2026-05-05 13:20:00-04:00,102.69,102.69,102.5,102.63,8729.0,102.606
2026-05-05 13:21:00-04:00,102.6,102.6,102.41,102.42,6813.0,102.52
2026-05-05 13:22:00-04:00,102.49,102.52,102.4,102.47,7961.0,102.476
2026-05-05 13:23:00-04:00,102.49,102.69,102.41,102.62,9453.0,102.525
2026-05-05 13:24:00-04:00,102.67,102.67,102.42,102.42,3759.0,102.498
2026-05-05 13:25:00-04:00,102.45,102.58,102.41,102.57,7328.0,102.473
2026-05-05 13:26:00-04:00,102.57,102.68,102.5,102.67,8937.0,102.582
2026-05-05 13:27:00-04:00,102.66,102.73,102.54,102.55,7543.0,102.673
2026-05-05 13:28:00-04:00,102.51,102.63,102.45,102.57,8560.0,102.548
2026-05-05 13:29:00-04:00,102.61,102.67,102.58,102.58,1910.0,102.627
2026-05-05 13:30:00-04:00,102.58,102.65,102.53,102.6,5900.0,102.603
2026-05-05 13:31:00-04:00,102.66,102.67,102.48,102.51,14133.0,102.525
2026-05-05 13:32:00-04:00,102.51,102.56,102.4,102.53,14222.0,102.464
2026-05-05 13:33:00-04:00,102.53,102.55,102.17,102.25,23789.0,102.3
2026-05-05 13:34:00-04:00,102.23,102.23,101.76,101.86,27526.0,101.945
2026-05-05 13:35:00-04:00,101.86,101.95,101.76,101.93,14391.0,101.844
2026-05-05 13:36:00-04:00,101.98,102.19,101.95,102.16,9844.0,102.064
2026-05-05 13:37:00-04:00,102.16,102.17,101.94,102.12,11501.0,102.007
2026-05-05 13:38:00-04:00,102.03,102.04,101.95,102.03,7065.0,101.989
2026-05-05 13:39:00-04:00,102.03,102.06,101.77,101.83,33928.0,101.879
2026-05-05 13:40:00-04:00,101.82,101.87,101.72,101.8,21387.0,101.814
2026-05-05 13:41:00-04:00,101.8,101.97,101.79,101.92,16000.0,101.881
2026-05-05 13:42:00-04:00,101.95,102.12,101.95,102.11,2650.0,102.056
2026-05-05 13:43:00-04:00,102.1,102.16,101.89,101.95,38457.0,102.074
2026-05-05 13:44:00-04:00,101.98,102.02,101.93,101.97,7624.0,101.991
2026-05-05 13:45:00-04:00,101.94,101.95,101.85,101.89,8679.0,101.895
2026-05-05 13:46:00-04:00,101.89,101.99,101.89,101.97,10297.0,101.934
2026-05-05 13:47:00-04:00,102.0,102.09,101.99,102.08,5169.0,102.016
2026-05-05 13:48:00-04:00,102.09,102.13,102.03,102.05,3841.0,102.072
2026-05-05 13:49:00-04:00,102.03,102.07,101.87,101.89,16826.0,101.988
2026-05-05 13:50:00-04:00,101.88,101.9,101.59,101.59,12949.0,101.797
2026-05-05 13:51:00-04:00,101.6,101.66,101.41,101.43,17611.0,101.539
2026-05-05 13:52:00-04:00,101.42,101.51,101.36,101.38,8806.0,101.443
2026-05-05 13:53:00-04:00,101.29,101.4,101.24,101.31,15077.0,101.33
2026-05-05 13:54:00-04:00,101.32,101.32,101.22,101.3,8370.0,101.272
2026-05-05 13:55:00-04:00,101.25,101.33,101.2,101.27,8010.0,101.26
2026-05-05 13:56:00-04:00,101.27,101.45,101.27,101.35,11887.0,101.347
2026-05-05 13:57:00-04:00,101.38,101.54,101.36,101.49,13563.0,101.439
2026-05-05 13:58:00-04:00,101.5,101.56,101.47,101.47,6290.0,101.537
2026-05-05 13:59:00-04:00,101.49,101.58,101.43,101.44,10350.0,101.523
2026-05-05 14:00:00-04:00,101.41,101.44,101.33,101.35,6964.0,101.376
2026-05-05 14:01:00-04:00,101.33,101.4,101.23,101.31,6837.0,101.341
2026-05-05 14:02:00-04:00,101.3,101.39,101.13,101.23,33153.0,101.295
2026-05-05 14:03:00-04:00,101.23,101.24,101.12,101.19,15039.0,101.195
2026-05-05 14:04:00-04:00,101.18,101.33,101.16,101.16,7815.0,101.235
2026-05-05 14:05:00-04:00,101.19,101.35,101.15,101.35,11630.0,101.228
2026-05-05 14:06:00-04:00,101.35,101.44,101.32,101.34,11680.0,101.384
2026-05-05 14:07:00-04:00,101.34,101.42,101.28,101.41,10712.0,101.362
2026-05-05 14:08:00-04:00,101.44,101.54,101.29,101.35,9071.0,101.46
2026-05-05 14:09:00-04:00,101.34,101.38,101.29,101.32,8574.0,101.343
2026-05-05 14:10:00-04:00,101.31,101.35,101.26,101.27,4182.0,101.314
2026-05-05 14:11:00-04:00,101.27,101.27,101.17,101.21,11795.0,101.228
2026-05-05 14:12:00-04:00,101.19,101.46,101.19,101.44,9798.0,101.372
2026-05-05 14:13:00-04:00,101.4,101.46,101.35,101.41,4448.0,101.398
2026-05-05 14:14:00-04:00,101.38,101.41,101.35,101.38,2431.0,101.375
2026-05-05 14:15:00-04:00,101.31,101.37,101.22,101.22,9886.0,101.328
2026-05-05 14:16:00-04:00,101.23,101.23,101.1,101.1,4562.0,101.171
2026-05-05 14:17:00-04:00,101.15,101.24,101.05,101.19,19209.0,101.149
2026-05-05 14:18:00-04:00,101.2,101.39,101.2,101.23,20651.0,101.315
2026-05-05 14:19:00-04:00,101.26,101.26,101.06,101.13,13593.0,101.124
2026-05-05 14:20:00-04:00,101.18,101.24,101.11,101.24,10512.0,101.18
2026-05-05 14:21:00-04:00,101.21,101.22,101.1,101.18,10645.0,101.17
2026-05-05 14:22:00-04:00,101.16,101.16,101.04,101.09,4063.0,101.099
2026-05-05 14:23:00-04:00,101.09,101.12,101.02,101.09,12656.0,101.064
2026-05-05 14:24:00-04:00,101.14,101.17,101.09,101.14,5400.0,101.126
2026-05-05 14:25:00-04:00,101.13,101.16,101.12,101.13,2696.0,101.141
2026-05-05 14:26:00-04:00,101.1,101.17,101.04,101.1,21460.0,101.105
2026-05-05 14:27:00-04:00,101.12,101.21,101.11,101.19,5883.0,101.155
2026-05-05 14:28:00-04:00,101.21,101.29,101.18,101.23,6966.0,101.241
2026-05-05 14:29:00-04:00,101.22,101.28,101.21,101.25,11613.0,101.248
2026-05-05 14:30:00-04:00,101.25,101.32,101.23,101.24,11063.0,101.266
2026-05-05 14:31:00-04:00,101.31,101.32,101.21,101.22,7138.0,101.264
2026-05-05 14:32:00-04:00,101.24,101.24,101.15,101.16,3759.0,101.187
2026-05-05 14:33:00-04:00,101.16,101.25,101.14,101.23,45258.0,101.217
2026-05-05 14:34:00-04:00,101.23,101.35,101.22,101.34,14206.0,101.275
2026-05-05 14:35:00-04:00,101.31,101.36,101.23,101.24,7797.0,101.268
2026-05-05 14:36:00-04:00,101.23,101.29,101.23,101.24,7368.0,101.259
2026-05-05 14:37:00-04:00,101.25,101.38,101.25,101.36,12039.0,101.311
2026-05-05 14:38:00-04:00,101.39,101.39,101.28,101.29,8679.0,101.344
2026-05-05 14:39:00-04:00,101.3,101.3,101.08,101.1,12713.0,101.183
2026-05-05 14:40:00-04:00,101.1,101.16,101.03,101.05,12730.0,101.102
2026-05-05 14:41:00-04:00,101.05,101.06,100.88,100.9,17245.0,100.97
2026-05-05 14:42:00-04:00,100.9,100.98,100.81,100.91,12385.0,100.908
2026-05-05 14:43:00-04:00,100.91,100.98,100.91,100.93,7839.0,100.937
2026-05-05 14:44:00-04:00,100.93,101.04,100.91,100.94,10316.0,100.964
2026-05-05 14:45:00-04:00,100.94,101.15,100.93,101.05,14539.0,101.033
2026-05-05 14:46:00-04:00,101.02,101.03,100.76,100.81,8774.0,100.846
2026-05-05 14:47:00-04:00,100.81,100.84,100.74,100.74,10742.0,100.786
2026-05-05 14:48:00-04:00,100.75,100.87,100.75,100.85,7160.0,100.809
2026-05-05 14:49:00-04:00,100.83,100.87,100.75,100.82,6956.0,100.814
2026-05-05 14:50:00-04:00,100.8,100.82,100.52,100.57,25161.0,100.668
2026-05-05 14:51:00-04:00,100.59,100.73,100.54,100.72,23196.0,100.638
2026-05-05 14:52:00-04:00,100.7,100.71,100.43,100.47,9268.0,100.555
2026-05-05 14:53:00-04:00,100.47,100.53,100.22,100.27,20465.0,100.34
2026-05-05 14:54:00-04:00,100.24,100.37,100.18,100.36,15182.0,100.233
2026-05-05 14:55:00-04:00,100.36,100.56,100.35,100.55,14100.0,100.448
2026-05-05 14:56:00-04:00,100.56,100.59,100.51,100.56,6184.0,100.555
2026-05-05 14:57:00-04:00,100.51,100.51,100.42,100.48,10026.0,100.476
2026-05-05 14:58:00-04:00,100.47,100.57,100.42,100.57,23151.0,100.465
2026-05-05 14:59:00-04:00,100.55,100.58,100.34,100.34,18471.0,100.488
2026-05-05 15:00:00-04:00,100.34,100.57,100.34,100.51,18361.0,100.473
2026-05-05 15:01:00-04:00,100.54,100.58,100.36,100.4,18811.0,100.468
2026-05-05 15:02:00-04:00,100.36,100.69,100.21,100.64,134551.0,100.393
2026-05-05 15:03:00-04:00,100.66,100.69,100.51,100.56,28254.0,100.609
2026-05-05 15:04:00-04:00,100.52,101.02,100.45,100.97,67093.0,100.735
2026-05-05 15:05:00-04:00,100.97,101.01,100.78,100.84,42927.0,100.931
2026-05-05 15:06:00-04:00,100.84,100.95,100.61,100.88,58689.0,100.776
2026-05-05 15:07:00-04:00,100.88,100.88,100.17,100.24,31152.0,100.429
2026-05-05 15:08:00-04:00,100.23,100.29,100.16,100.19,22037.0,100.24
2026-05-05 15:09:00-04:00,100.19,100.59,100.15,100.58,37958.0,100.338
2026-05-05 15:10:00-04:00,100.58,100.58,100.32,100.35,28673.0,100.442
2026-05-05 15:11:00-04:00,100.35,100.38,99.87,99.89,42839.0,100.12
2026-05-05 15:12:00-04:00,99.93,99.95,99.61,99.8,52910.0,99.764
2026-05-05 15:13:00-04:00,99.84,99.96,99.77,99.91,21390.0,99.877
2026-05-05 15:14:00-04:00,99.92,99.98,99.46,99.49,62188.0,99.7
2026-05-05 15:15:00-04:00,99.49,99.65,99.32,99.4,48918.0,99.517
2026-05-05 15:16:00-04:00,99.4,99.68,99.34,99.62,35805.0,99.53
2026-05-05 15:17:00-04:00,99.63,99.81,99.57,99.75,20078.0,99.667
2026-05-05 15:18:00-04:00,99.75,99.9,99.72,99.88,18690.0,99.8
2026-05-05 15:19:00-04:00,99.91,100.13,99.86,100.08,24878.0,100.012
2026-05-05 15:20:00-04:00,100.09,100.23,99.98,100.21,58316.0,100.097
2026-05-05 15:21:00-04:00,100.2,100.22,100.02,100.06,28419.0,100.132
2026-05-05 15:22:00-04:00,100.07,100.16,100.03,100.05,17508.0,100.081
2026-05-05 15:23:00-04:00,100.05,100.13,100.03,100.08,31003.0,100.076
2026-05-05 15:24:00-04:00,100.08,100.15,99.89,99.91,10492.0,100.049
2026-05-05 15:25:00-04:00,99.91,100.24,99.9,100.2,35416.0,100.083
2026-05-05 15:26:00-04:00,100.19,100.3,100.02,100.07,59646.0,100.197
2026-05-05 15:27:00-04:00,100.08,100.47,100.05,100.41,40947.0,100.202
2026-05-05 15:28:00-04:00,100.42,100.58,100.42,100.49,26458.0,100.506
2026-05-05 15:29:00-04:00,100.53,100.57,100.16,100.3,52998.0,100.343
2026-05-05 15:30:00-04:00,100.3,100.44,100.28,100.38,34418.0,100.343
2026-05-05 15:31:00-04:00,100.39,100.57,100.27,100.5,36769.0,100.443
2026-05-05 15:32:00-04:00,100.5,100.65,100.37,100.44,19672.0,100.496
2026-05-05 15:33:00-04:00,100.43,100.87,100.43,100.87,66781.0,100.699
2026-05-05 15:34:00-04:00,100.87,101.08,100.78,101.07,22635.0,100.951
2026-05-05 15:35:00-04:00,101.05,101.09,100.95,101.04,18277.0,101.021
2026-05-05 15:36:00-04:00,101.06,101.34,101.06,101.27,20822.0,101.216
2026-05-05 15:37:00-04:00,101.25,101.48,101.23,101.33,41068.0,101.394
2026-05-05 15:38:00-04:00,101.34,101.36,101.13,101.33,26277.0,101.227
2026-05-05 15:39:00-04:00,101.35,101.36,101.16,101.19,20699.0,101.259
2026-05-05 15:40:00-04:00,101.18,101.28,101.15,101.24,29457.0,101.211
2026-05-05 15:41:00-04:00,101.23,101.35,101.12,101.3,32013.0,101.248
2026-05-05 15:42:00-04:00,101.3,101.61,101.28,101.57,27116.0,101.44
2026-05-05 15:43:00-04:00,101.56,101.72,101.56,101.69,74322.0,101.654
2026-05-05 15:44:00-04:00,101.67,101.69,101.51,101.52,37579.0,101.591
2026-05-05 15:45:00-04:00,101.52,101.86,101.51,101.77,34661.0,101.673
2026-05-05 15:46:00-04:00,101.77,101.95,101.68,101.89,28579.0,101.775
2026-05-05 15:47:00-04:00,101.88,102.09,101.85,102.03,27415.0,101.955
2026-05-05 15:48:00-04:00,102.03,102.16,101.97,102.15,35062.0,102.059
2026-05-05 15:49:00-04:00,102.12,102.18,101.96,101.99,29374.0,102.045
2026-05-05 15:50:00-04:00,101.98,102.02,101.83,102.0,43392.0,101.952
2026-05-05 15:51:00-04:00,102.01,102.2,101.84,101.88,52139.0,102.03
2026-05-05 15:52:00-04:00,101.88,101.88,101.39,101.45,49870.0,101.538
2026-05-05 15:53:00-04:00,101.44,101.44,101.11,101.11,45996.0,101.285
2026-05-05 15:54:00-04:00,101.13,101.42,101.12,101.31,67599.0,101.246
2026-05-05 15:55:00-04:00,101.31,102.28,101.31,102.2,120448.0,102.006
2026-05-05 15:56:00-04:00,102.2,102.43,102.1,102.37,106532.0,102.256
2026-05-05 15:57:00-04:00,102.38,102.74,102.38,102.64,133968.0,102.576
2026-05-05 15:58:00-04:00,102.64,102.77,102.51,102.74,176279.0,102.609
2026-05-05 15:59:00-04:00,102.74,102.91,102.65,102.65,360892.0,102.761
2026-05-06 09:30:00-04:00,102.44,102.99,101.92,102.57,181733.0,102.735
2026-05-06 09:31:00-04:00,102.57,102.57,101.99,102.02,24162.0,102.333
2026-05-06 09:32:00-04:00,102.09,102.23,101.07,101.32,62225.0,101.421
2026-05-06 09:33:00-04:00,101.3,102.37,101.23,101.87,56355.0,101.82
2026-05-06 09:34:00-04:00,101.86,101.86,101.11,101.47,53439.0,101.516
2026-05-06 09:35:00-04:00,101.51,102.04,101.3,101.96,102109.0,101.723
2026-05-06 09:36:00-04:00,101.83,102.11,101.36,101.44,77080.0,101.811
2026-05-06 09:37:00-04:00,101.38,101.54,101.1,101.39,20893.0,101.354
2026-05-06 09:38:00-04:00,101.46,101.7,101.0,101.32,23682.0,101.319
2026-05-06 09:39:00-04:00,101.32,101.67,100.89,101.56,46492.0,101.36
2026-05-06 09:40:00-04:00,101.62,101.8,101.35,101.35,65446.0,101.526
2026-05-06 09:41:00-04:00,101.3,101.79,101.27,101.71,69703.0,101.439
2026-05-06 09:42:00-04:00,101.69,101.79,101.5,101.67,28534.0,101.658
2026-05-06 09:43:00-04:00,101.69,101.85,101.5,101.56,46006.0,101.702
2026-05-06 09:44:00-04:00,101.55,101.65,101.16,101.51,50537.0,101.372
2026-05-06 09:45:00-04:00,101.45,102.0,101.29,101.29,89271.0,101.73
2026-05-06 09:46:00-04:00,101.33,101.82,101.32,101.74,41553.0,101.594
2026-05-06 09:47:00-04:00,101.76,101.9,101.46,101.77,33763.0,101.734
2026-05-06 09:48:00-04:00,101.77,102.04,101.28,101.52,110356.0,101.752
2026-05-06 09:49:00-04:00,101.69,101.86,101.16,101.16,24112.0,101.529
2026-05-06 09:50:00-04:00,101.17,102.08,101.0,102.0,94922.0,101.714
2026-05-06 09:51:00-04:00,101.96,102.86,101.94,102.78,28111.0,102.333
2026-05-06 09:52:00-04:00,102.75,102.78,102.08,102.33,16924.0,102.461
2026-05-06 09:53:00-04:00,102.21,102.35,102.03,102.29,18779.0,102.237
2026-05-06 09:54:00-04:00,102.29,102.41,102.03,102.23,13975.0,102.259
2026-05-06 09:55:00-04:00,102.23,102.24,102.01,102.11,10960.0,102.124
2026-05-06 09:56:00-04:00,102.11,102.22,102.05,102.16,11411.0,102.164
2026-05-06 09:57:00-04:00,102.16,102.53,101.99,102.39,16096.0,102.255
2026-05-06 09:58:00-04:00,102.37,102.5,102.22,102.23,8662.0,102.345
2026-05-06 09:59:00-04:00,102.23,102.48,102.17,102.23,13529.0,102.299
2026-05-06 10:00:00-04:00,102.24,102.41,102.17,102.41,11489.0,102.3
2026-05-06 10:01:00-04:00,102.41,102.5,102.22,102.42,17784.0,102.334
2026-05-06 10:02:00-04:00,102.42,102.97,102.3,102.93,14503.0,102.593
2026-05-06 10:03:00-04:00,102.91,102.99,102.61,102.63,26978.0,102.847
2026-05-06 10:04:00-04:00,102.62,102.63,101.52,101.52,49522.0,101.942
2026-05-06 10:05:00-04:00,101.5,101.53,101.11,101.29,25756.0,101.302
2026-05-06 10:06:00-04:00,101.29,101.34,100.81,100.87,92775.0,101.085
2026-05-06 10:07:00-04:00,100.93,101.15,100.77,100.94,32291.0,100.938
2026-05-06 10:08:00-04:00,100.93,101.28,100.87,101.26,21147.0,101.034
2026-05-06 10:09:00-04:00,101.16,101.31,101.07,101.16,12282.0,101.177
2026-05-06 10:10:00-04:00,101.1,101.4,101.03,101.27,14512.0,101.195
2026-05-06 10:11:00-04:00,101.32,101.61,101.23,101.6,7454.0,101.443
2026-05-06 10:12:00-04:00,101.4,101.42,100.92,101.11,13059.0,101.165
2026-05-06 10:13:00-04:00,101.13,101.69,101.07,101.69,9710.0,101.421
2026-05-06 10:14:00-04:00,101.6,101.75,101.4,101.63,8987.0,101.529
2026-05-06 10:15:00-04:00,101.57,101.92,101.54,101.81,12188.0,101.766
2026-05-06 10:16:00-04:00,101.75,101.86,101.21,101.66,26202.0,101.616
2026-05-06 10:17:00-04:00,101.73,101.8,101.02,101.02,42897.0,101.311
2026-05-06 10:18:00-04:00,101.0,101.31,100.16,100.36,143226.0,100.817
2026-05-06 10:19:00-04:00,100.41,100.92,100.4,100.69,18536.0,100.618
2026-05-06 10:20:00-04:00,100.66,100.77,100.24,100.38,28187.0,100.476
2026-05-06 10:21:00-04:00,100.34,100.58,100.06,100.53,179135.0,100.322
2026-05-06 10:22:00-04:00,100.62,100.62,100.13,100.3,33468.0,100.38
2026-05-06 10:23:00-04:00,100.24,100.55,100.15,100.43,110847.0,100.277
2026-05-06 10:24:00-04:00,100.42,100.6,100.29,100.5,74490.0,100.489
2026-05-06 10:25:00-04:00,100.55,100.92,100.4,100.55,36447.0,100.66
2026-05-06 10:26:00-04:00,100.55,100.88,100.36,100.88,30489.0,100.588
2026-05-06 10:27:00-04:00,100.88,100.88,100.69,100.8,10228.0,100.815
2026-05-06 10:28:00-04:00,100.81,101.17,100.6,101.16,19985.0,100.896
2026-05-06 10:29:00-04:00,101.19,101.47,100.73,100.86,28757.0,101.152
2026-05-06 10:30:00-04:00,100.88,100.99,100.49,100.62,32157.0,100.694
2026-05-06 10:31:00-04:00,100.53,100.95,100.47,100.8,18328.0,100.708
2026-05-06 10:32:00-04:00,100.86,101.0,100.83,100.9,10119.0,100.907
2026-05-06 10:33:00-04:00,100.88,101.06,100.85,101.0,14830.0,100.976
2026-05-06 10:34:00-04:00,101.0,101.3,100.9,101.29,18955.0,101.043
2026-05-06 10:35:00-04:00,101.29,101.51,101.06,101.46,52720.0,101.245
2026-05-06 10:36:00-04:00,101.49,101.49,101.0,101.0,9167.0,101.217
2026-05-06 10:37:00-04:00,101.01,101.08,100.91,101.02,10766.0,100.998
2026-05-06 10:38:00-04:00,101.05,101.05,100.79,100.97,10214.0,100.883
2026-05-06 10:39:00-04:00,101.02,101.02,100.85,100.92,11551.0,100.918
2026-05-06 10:40:00-04:00,100.92,101.14,100.89,100.98,11028.0,101.0
2026-05-06 10:41:00-04:00,101.0,101.19,100.94,100.94,20529.0,101.068
2026-05-06 10:42:00-04:00,100.92,101.18,100.83,101.18,15700.0,101.001
2026-05-06 10:43:00-04:00,101.18,101.36,101.05,101.06,16691.0,101.237
2026-05-06 10:44:00-04:00,101.0,101.06,100.8,100.9,6595.0,100.907
2026-05-06 10:45:00-04:00,100.9,101.11,100.79,101.02,25135.0,100.98
2026-05-06 10:46:00-04:00,101.02,101.23,101.01,101.22,16915.0,101.136
2026-05-06 10:47:00-04:00,101.23,101.89,101.21,101.79,27614.0,101.52
2026-05-06 10:48:00-04:00,101.76,101.87,101.73,101.77,7303.0,101.768
2026-05-06 10:49:00-04:00,101.75,101.81,101.46,101.78,20204.0,101.688
2026-05-06 10:50:00-04:00,101.83,102.03,101.69,101.88,75344.0,101.821
2026-05-06 10:51:00-04:00,101.84,102.03,101.67,102.02,29892.0,101.832
2026-05-06 10:52:00-04:00,102.02,102.03,101.7,101.77,11855.0,101.872
2026-05-06 10:53:00-04:00,101.8,101.88,101.7,101.8,9572.0,101.772
2026-05-06 10:54:00-04:00,101.74,101.79,101.64,101.66,3525.0,101.705
2026-05-06 10:55:00-04:00,101.66,101.87,101.56,101.85,13809.0,101.65
2026-05-06 10:56:00-04:00,101.78,102.05,101.68,102.01,20897.0,101.904
2026-05-06 10:57:00-04:00,101.99,102.06,101.81,101.84,21155.0,101.985
2026-05-06 10:58:00-04:00,101.79,102.03,101.79,101.89,11145.0,101.89
2026-05-06 10:59:00-04:00,101.84,102.18,101.82,102.03,19984.0,101.982
2026-05-06 11:00:00-04:00,102.03,102.26,102.02,102.2,17623.0,102.152
2026-05-06 11:01:00-04:00,102.2,102.6,102.18,102.49,24236.0,102.464
2026-05-06 11:02:00-04:00,102.49,102.53,102.43,102.47,9412.0,102.469
2026-05-06 11:03:00-04:00,102.42,102.55,102.33,102.53,19290.0,102.434
2026-05-06 11:04:00-04:00,102.52,102.68,102.5,102.68,8352.0,102.595
2026-05-06 11:05:00-04:00,102.68,102.82,102.64,102.72,7782.0,102.727
2026-05-06 11:06:00-04:00,102.68,103.0,102.62,102.91,16453.0,102.844
2026-05-06 11:07:00-04:00,102.86,103.05,102.85,103.02,13420.0,102.982
2026-05-06 11:08:00-04:00,103.09,103.22,103.07,103.21,8046.0,103.143
2026-05-06 11:09:00-04:00,103.16,103.43,103.1,103.24,19888.0,103.308
2026-05-06 11:10:00-04:00,103.24,103.5,103.24,103.38,9079.0,103.424
2026-05-06 11:11:00-04:00,103.36,103.5,103.25,103.45,6527.0,103.351
2026-05-06 11:12:00-04:00,103.45,103.51,103.3,103.38,10843.0,103.396
2026-05-06 11:13:00-04:00,103.35,103.5,103.17,103.3,10582.0,103.329
2026-05-06 11:14:00-04:00,103.29,103.36,103.08,103.13,8814.0,103.196
2026-05-06 11:15:00-04:00,103.18,103.3,103.17,103.2,8280.0,103.22
2026-05-06 11:16:00-04:00,103.2,103.35,103.17,103.3,7968.0,103.245
2026-05-06 11:17:00-04:00,103.34,103.34,103.18,103.26,5573.0,103.249
2026-05-06 11:18:00-04:00,103.21,103.71,103.13,103.71,23525.0,103.45
2026-05-06 11:19:00-04:00,103.75,103.79,103.6,103.79,13079.0,103.699
2026-05-06 11:20:00-04:00,103.76,103.76,103.55,103.58,9412.0,103.619
2026-05-06 11:21:00-04:00,103.56,103.68,103.55,103.63,4380.0,103.626
2026-05-06 11:22:00-04:00,103.64,103.97,103.62,103.97,24312.0,103.744
2026-05-06 11:23:00-04:00,103.92,103.95,103.71,103.73,24260.0,103.84
2026-05-06 11:24:00-04:00,103.75,103.75,103.36,103.64,18617.0,103.53
2026-05-06 11:25:00-04:00,103.66,104.11,103.62,104.09,29645.0,103.894
2026-05-06 11:26:00-04:00,104.14,104.21,103.91,103.97,28929.0,104.042
2026-05-06 11:27:00-04:00,103.97,104.0,103.8,103.9,14515.0,103.904
2026-05-06 11:28:00-04:00,103.91,103.95,103.74,103.74,13618.0,103.867
2026-05-06 11:29:00-04:00,103.78,103.94,103.78,103.93,12481.0,103.856
2026-05-06 11:30:00-04:00,103.91,103.91,103.59,103.7,11288.0,103.692
2026-05-06 11:31:00-04:00,103.69,103.73,103.58,103.6,32923.0,103.631
2026-05-06 11:32:00-04:00,103.57,103.67,103.46,103.63,20150.0,103.561
2026-05-06 11:33:00-04:00,103.57,103.67,103.51,103.59,15501.0,103.596
2026-05-06 11:34:00-04:00,103.59,103.67,103.39,103.39,7509.0,103.578
2026-05-06 11:35:00-04:00,103.36,103.5,103.28,103.5,16690.0,103.393
2026-05-06 11:36:00-04:00,103.46,103.5,103.14,103.22,554372.0,103.301
2026-05-06 11:37:00-04:00,103.23,103.23,102.91,102.92,349008.0,102.981
2026-05-06 11:38:00-04:00,102.93,103.15,102.93,103.09,15861.0,103.038
2026-05-06 11:39:00-04:00,103.09,103.37,103.06,103.35,7897.0,103.191
2026-05-06 11:40:00-04:00,103.35,103.42,103.23,103.23,11427.0,103.33
2026-05-06 11:41:00-04:00,103.19,103.32,103.14,103.31,6774.0,103.232
2026-05-06 11:42:00-04:00,103.34,103.37,103.24,103.36,3977.0,103.292
2026-05-06 11:43:00-04:00,103.36,103.48,103.24,103.24,6800.0,103.399
2026-05-06 11:44:00-04:00,103.24,103.56,103.18,103.52,24836.0,103.367
2026-05-06 11:45:00-04:00,103.55,103.62,103.44,103.62,7006.0,103.541
2026-05-06 11:46:00-04:00,103.67,103.67,103.4,103.4,8212.0,103.569
2026-05-06 11:47:00-04:00,103.41,103.43,103.27,103.34,6249.0,103.319
2026-05-06 11:48:00-04:00,103.31,103.43,103.27,103.34,7830.0,103.346
2026-05-06 11:49:00-04:00,103.31,103.34,103.22,103.34,4875.0,103.281
2026-05-06 11:50:00-04:00,103.38,103.42,103.27,103.33,4551.0,103.35
2026-05-06 11:51:00-04:00,103.3,103.33,103.15,103.2,5940.0,103.245
2026-05-06 11:52:00-04:00,103.19,103.25,103.14,103.23,3331.0,103.21
2026-05-06 11:53:00-04:00,103.25,103.41,103.2,103.41,2567.0,103.29
2026-05-06 11:54:00-04:00,103.41,103.45,103.25,103.26,10491.0,103.376
2026-05-06 11:55:00-04:00,103.3,103.36,103.17,103.17,6852.0,103.254
2026-05-06 11:56:00-04:00,103.16,103.24,103.13,103.23,5229.0,103.18
2026-05-06 11:57:00-04:00,103.26,103.31,103.26,103.28,1915.0,103.283
2026-05-06 11:58:00-04:00,103.25,103.27,103.2,103.24,4350.0,103.238
2026-05-06 11:59:00-04:00,103.22,103.28,103.19,103.25,5781.0,103.231
2026-05-06 12:00:00-04:00,103.2,103.42,103.2,103.42,5384.0,103.264
2026-05-06 12:01:00-04:00,103.39,103.56,103.32,103.52,19324.0,103.455
2026-05-06 12:02:00-04:00,103.58,103.81,103.58,103.81,5426.0,103.686
2026-05-06 12:03:00-04:00,103.8,103.99,103.8,103.92,10755.0,103.885
2026-05-06 12:04:00-04:00,103.94,103.96,103.8,103.86,9118.0,103.866
2026-05-06 12:05:00-04:00,103.82,103.87,103.77,103.77,5522.0,103.821
2026-05-06 12:06:00-04:00,103.76,103.8,103.66,103.7,6983.0,103.728
2026-05-06 12:07:00-04:00,103.72,103.79,103.68,103.77,6292.0,103.734
2026-05-06 12:08:00-04:00,103.75,103.85,103.7,103.71,10317.0,103.756
2026-05-06 12:09:00-04:00,103.69,103.7,103.52,103.65,23025.0,103.644
2026-05-06 12:10:00-04:00,103.6,103.67,103.47,103.57,10618.0,103.569
2026-05-06 12:11:00-04:00,103.47,103.54,103.46,103.47,5282.0,103.486
2026-05-06 12:12:00-04:00,103.44,103.52,103.36,103.36,6492.0,103.452
2026-05-06 12:13:00-04:00,103.35,103.4,103.28,103.28,8275.0,103.348
2026-05-06 12:14:00-04:00,103.25,103.41,103.24,103.3,7382.0,103.325
2026-05-06 12:15:00-04:00,103.28,103.33,103.19,103.23,5938.0,103.234
2026-05-06 12:16:00-04:00,103.26,103.38,103.19,103.38,9758.0,103.284
2026-05-06 12:17:00-04:00,103.37,103.66,103.37,103.59,19576.0,103.591
2026-05-06 12:18:00-04:00,103.62,103.62,103.31,103.35,3215.0,103.447
2026-05-06 12:19:00-04:00,103.33,103.39,103.18,103.23,11286.0,103.328
2026-05-06 12:20:00-04:00,103.27,103.45,103.26,103.32,5660.0,103.354
2026-05-06 12:21:00-04:00,103.34,103.4,103.32,103.36,2636.0,103.366
2026-05-06 12:22:00-04:00,103.32,103.32,103.22,103.3,4226.0,103.263
2026-05-06 12:23:00-04:00,103.3,103.36,103.25,103.28,7253.0,103.312
2026-05-06 12:24:00-04:00,103.28,103.68,103.28,103.56,417372.0,103.458
2026-05-06 12:25:00-04:00,103.53,103.85,103.5,103.85,22250.0,103.647
2026-05-06 12:26:00-04:00,103.87,103.99,103.86,103.92,2493.0,103.894
2026-05-06 12:27:00-04:00,103.93,103.99,103.8,103.88,9726.0,103.927
2026-05-06 12:28:00-04:00,103.88,103.91,103.85,103.85,7750.0,103.885
2026-05-06 12:29:00-04:00,103.85,104.2,103.79,104.18,11821.0,103.917
2026-05-06 12:30:00-04:00,104.2,104.32,104.2,104.31,4063.0,104.267
2026-05-06 12:31:00-04:00,104.21,104.21,104.08,104.12,7120.0,104.141
2026-05-06 12:32:00-04:00,104.14,104.31,104.12,104.13,4819.0,104.206
2026-05-06 12:33:00-04:00,104.13,104.2,104.07,104.19,3390.0,104.139
2026-05-06 12:34:00-04:00,104.16,104.37,104.15,104.36,4872.0,104.273
2026-05-06 12:35:00-04:00,104.38,104.68,104.37,104.58,15847.0,104.514
2026-05-06 12:36:00-04:00,104.6,104.6,104.45,104.45,5981.0,104.507
2026-05-06 12:37:00-04:00,104.46,104.61,104.41,104.61,9100.0,104.494
2026-05-06 12:38:00-04:00,104.6,105.0,104.55,104.97,50139.0,104.915
2026-05-06 12:39:00-04:00,104.97,105.15,104.9,105.09,27800.0,105.013
2026-05-06 12:40:00-04:00,105.1,105.12,105.03,105.09,5435.0,105.086
2026-05-06 12:41:00-04:00,105.09,105.2,104.96,105.13,19467.0,105.068
2026-05-06 12:42:00-04:00,105.17,105.2,105.06,105.18,10024.0,105.142
2026-05-06 12:43:00-04:00,105.13,105.21,105.1,105.2,9168.0,105.142
2026-05-06 12:44:00-04:00,105.18,105.3,105.16,105.16,5561.0,105.227
2026-05-06 12:45:00-04:00,105.18,105.18,105.04,105.11,10863.0,105.108
2026-05-06 12:46:00-04:00,105.08,105.08,104.86,104.9,10087.0,104.966
2026-05-06 12:47:00-04:00,104.91,104.93,104.67,104.72,5509.0,104.771
2026-05-06 12:48:00-04:00,104.67,104.74,104.62,104.71,6482.0,104.675
2026-05-06 12:49:00-04:00,104.72,104.75,104.68,104.68,5395.0,104.713
2026-05-06 12:50:00-04:00,104.72,104.72,104.6,104.66,6811.0,104.66
2026-05-06 12:51:00-04:00,104.65,104.65,104.54,104.61,4077.0,104.595
2026-05-06 12:52:00-04:00,104.58,104.65,104.51,104.55,6611.0,104.588
2026-05-06 12:53:00-04:00,104.54,104.56,104.39,104.39,7423.0,104.47
2026-05-06 12:54:00-04:00,104.41,104.48,104.39,104.47,4185.0,104.435
2026-05-06 12:55:00-04:00,104.45,104.69,104.45,104.66,16600.0,104.53
2026-05-06 12:56:00-04:00,104.66,104.79,104.66,104.79,5288.0,104.757
2026-05-06 12:57:00-04:00,104.8,104.84,104.73,104.77,8181.0,104.779
2026-05-06 12:58:00-04:00,104.75,104.75,104.56,104.66,3473.0,104.659
2026-05-06 12:59:00-04:00,104.66,104.66,104.54,104.61,3749.0,104.598
2026-05-06 13:00:00-04:00,104.65,104.69,104.58,104.67,2833.0,104.632
2026-05-06 13:01:00-04:00,104.73,104.8,104.73,104.78,3194.0,104.761
2026-05-06 13:02:00-04:00,104.77,104.81,104.73,104.73,3363.0,104.773
2026-05-06 13:03:00-04:00,104.72,104.92,104.71,104.89,5481.0,104.776
2026-05-06 13:04:00-04:00,104.88,105.09,104.86,105.09,10492.0,104.946
2026-05-06 13:05:00-04:00,105.11,105.21,104.88,104.89,24214.0,105.105
2026-05-06 13:06:00-04:00,104.84,104.86,104.65,104.77,38307.0,104.748
2026-05-06 13:07:00-04:00,104.77,104.82,104.69,104.75,11749.0,104.756
2026-05-06 13:08:00-04:00,104.75,104.78,104.63,104.66,8289.0,104.72
2026-05-06 13:09:00-04:00,104.63,104.72,104.63,104.67,10241.0,104.675
2026-05-06 13:10:00-04:00,104.73,105.0,104.73,104.99,8603.0,104.826
2026-05-06 13:11:00-04:00,104.97,104.98,104.9,104.96,3243.0,104.949
2026-05-06 13:12:00-04:00,104.96,105.09,104.94,105.09,8511.0,105.026
2026-05-06 13:13:00-04:00,105.06,105.14,105.04,105.14,5206.0,105.085
2026-05-06 13:14:00-04:00,105.17,105.24,105.13,105.13,4123.0,105.18
2026-05-06 13:15:00-04:00,105.12,105.18,105.11,105.16,4156.0,105.158
2026-05-06 13:16:00-04:00,105.16,105.2,105.09,105.11,7959.0,105.144
2026-05-06 13:17:00-04:00,105.08,105.39,105.04,105.36,8236.0,105.258
2026-05-06 13:18:00-04:00,105.36,105.36,105.17,105.18,11895.0,105.282
2026-05-06 13:19:00-04:00,105.16,105.23,105.14,105.22,3302.0,105.182
2026-05-06 13:20:00-04:00,105.21,105.29,105.21,105.29,5089.0,105.241
2026-05-06 13:21:00-04:00,105.29,105.35,105.24,105.3,4034.0,105.303
2026-05-06 13:22:00-04:00,105.28,105.34,105.24,105.32,4415.0,105.283
2026-05-06 13:23:00-04:00,105.34,105.34,105.09,105.11,13062.0,105.223
2026-05-06 13:24:00-04:00,105.09,105.1,104.96,104.98,10211.0,105.045
2026-05-06 13:25:00-04:00,104.95,104.99,104.89,104.94,3692.0,104.942
2026-05-06 13:26:00-04:00,104.94,104.97,104.91,104.95,5444.0,104.939
2026-05-06 13:27:00-04:00,104.95,105.02,104.92,104.92,5991.0,104.976
2026-05-06 13:28:00-04:00,104.91,105.0,104.91,104.98,2588.0,104.953
2026-05-06 13:29:00-04:00,104.97,105.02,104.95,104.99,2487.0,104.986
2026-05-06 13:30:00-04:00,104.99,105.07,104.97,105.05,4832.0,105.011
2026-05-06 13:31:00-04:00,105.04,105.07,104.98,105.07,2227.0,105.028
2026-05-06 13:32:00-04:00,105.09,105.11,104.97,104.97,3750.0,105.042
2026-05-06 13:33:00-04:00,105.02,105.05,104.93,104.93,146560.0,105.029
2026-05-06 13:34:00-04:00,104.93,104.93,104.82,104.88,6212.0,104.887
2026-05-06 13:35:00-04:00,104.86,104.86,104.77,104.77,6431.0,104.819
2026-05-06 13:36:00-04:00,104.76,105.03,104.76,105.03,7273.0,104.867
2026-05-06 13:37:00-04:00,105.05,105.17,105.05,105.17,4071.0,105.101
2026-05-06 13:38:00-04:00,105.21,105.22,105.11,105.13,1869.0,105.168
2026-05-06 13:39:00-04:00,105.22,105.22,105.13,105.18,3575.0,105.18
2026-05-06 13:40:00-04:00,105.17,105.26,104.94,104.94,19599.0,105.159
2026-05-06 13:41:00-04:00,104.96,104.96,104.79,104.8,7033.0,104.863
2026-05-06 13:42:00-04:00,104.82,104.89,104.76,104.84,2957.0,104.829
2026-05-06 13:43:00-04:00,104.84,105.06,104.83,104.97,8705.0,105.002
2026-05-06 13:44:00-04:00,104.96,105.0,104.91,105.0,6252.0,104.957
2026-05-06 13:45:00-04:00,104.98,105.19,104.97,105.11,7413.0,105.103
2026-05-06 13:46:00-04:00,105.09,105.09,104.82,104.89,14429.0,104.96
2026-05-06 13:47:00-04:00,104.84,104.84,104.61,104.61,4023.0,104.694
2026-05-06 13:48:00-04:00,104.54,104.59,104.49,104.54,6249.0,104.556
2026-05-06 13:49:00-04:00,104.52,104.54,104.43,104.44,1065.0,104.506
2026-05-06 13:50:00-04:00,104.42,104.47,104.37,104.37,7090.0,104.426
2026-05-06 13:51:00-04:00,104.4,104.43,104.34,104.43,5520.0,104.376
2026-05-06 13:52:00-04:00,104.42,104.45,104.42,104.44,2352.0,104.44
2026-05-06 13:53:00-04:00,104.47,104.52,104.45,104.5,5062.0,104.484
2026-05-06 13:54:00-04:00,104.5,104.52,104.47,104.47,3217.0,104.497
2026-05-06 13:55:00-04:00,104.51,104.53,104.43,104.47,4386.0,104.488
2026-05-06 13:56:00-04:00,104.47,104.53,104.43,104.46,3820.0,104.478
2026-05-06 13:57:00-04:00,104.49,104.52,104.45,104.45,1320.0,104.491
2026-05-06 13:58:00-04:00,104.48,104.54,104.47,104.49,3033.0,104.509
2026-05-06 13:59:00-04:00,104.51,104.57,104.44,104.45,5412.0,104.486
2026-05-06 14:00:00-04:00,104.45,104.52,104.41,104.41,10348.0,104.46
2026-05-06 14:01:00-04:00,104.42,104.56,104.42,104.55,15619.0,104.462
2026-05-06 14:02:00-04:00,104.58,104.59,104.47,104.5,7482.0,104.518
2026-05-06 14:03:00-04:00,104.48,104.56,104.45,104.45,7739.0,104.513
2026-05-06 14:04:00-04:00,104.43,104.46,104.33,104.37,11578.0,104.39
2026-05-06 14:05:00-04:00,104.36,104.42,104.33,104.35,4896.0,104.381
2026-05-06 14:06:00-04:00,104.38,104.42,104.33,104.35,6233.0,104.371
2026-05-06 14:07:00-04:00,104.32,104.33,104.27,104.28,2226.0,104.301
2026-05-06 14:08:00-04:00,104.27,104.29,104.18,104.19,6680.0,104.255
2026-05-06 14:09:00-04:00,104.16,104.18,104.08,104.16,6398.0,104.14
2026-05-06 14:10:00-04:00,104.16,104.22,104.13,104.17,8631.0,104.171
2026-05-06 14:11:00-04:00,104.17,104.21,104.05,104.05,6313.0,104.143
2026-05-06 14:12:00-04:00,104.09,104.21,104.09,104.21,4914.0,104.158
2026-05-06 14:13:00-04:00,104.16,104.17,104.0,104.11,9070.0,104.086
2026-05-06 14:14:00-04:00,104.07,104.11,103.91,103.91,7562.0,104.038
2026-05-06 14:15:00-04:00,103.91,104.08,103.85,104.08,14344.0,103.925
2026-05-06 14:16:00-04:00,104.06,104.11,103.96,103.96,3159.0,104.026
2026-05-06 14:17:00-04:00,103.98,103.99,103.82,103.85,6854.0,103.903
2026-05-06 14:18:00-04:00,103.86,103.9,103.78,103.85,6879.0,103.851
2026-05-06 14:19:00-04:00,103.84,103.88,103.7,103.73,6501.0,103.799
2026-05-06 14:20:00-04:00,103.69,103.82,103.69,103.8,4970.0,103.759
2026-05-06 14:21:00-04:00,103.8,103.84,103.76,103.84,3517.0,103.806
2026-05-06 14:22:00-04:00,103.82,103.83,103.73,103.81,5388.0,103.789
2026-05-06 14:23:00-04:00,103.8,103.82,103.64,103.64,4691.0,103.746
2026-05-06 14:24:00-04:00,103.66,103.7,103.6,103.65,7145.0,103.634
2026-05-06 14:25:00-04:00,103.68,103.7,103.56,103.63,5838.0,103.635
2026-05-06 14:26:00-04:00,103.59,103.7,103.56,103.69,5490.0,103.638
2026-05-06 14:27:00-04:00,103.69,103.71,103.66,103.69,1652.0,103.685
2026-05-06 14:28:00-04:00,103.72,103.98,103.71,103.97,11701.0,103.787
2026-05-06 14:29:00-04:00,103.96,104.02,103.92,104.01,11842.0,103.988
2026-05-06 14:30:00-04:00,104.02,104.04,103.98,104.04,2867.0,104.013
2026-05-06 14:31:00-04:00,104.03,104.19,104.03,104.18,5937.0,104.123
2026-05-06 14:32:00-04:00,104.18,104.27,104.14,104.2,8612.0,104.182
2026-05-06 14:33:00-04:00,104.2,104.28,104.19,104.28,4054.0,104.234
2026-05-06 14:34:00-04:00,104.31,104.36,104.31,104.31,3060.0,104.327
2026-05-06 14:35:00-04:00,104.3,104.36,104.24,104.35,4829.0,104.309
2026-05-06 14:36:00-04:00,104.37,104.44,104.31,104.32,96484.0,104.429
2026-05-06 14:37:00-04:00,104.33,104.41,104.23,104.41,4611.0,104.322
2026-05-06 14:38:00-04:00,104.4,104.43,104.34,104.37,3201.0,104.373
2026-05-06 14:39:00-04:00,104.37,104.38,104.18,104.2,4950.0,104.264
2026-05-06 14:40:00-04:00,104.2,104.29,104.18,104.18,2731.0,104.232
2026-05-06 14:41:00-04:00,104.16,104.16,104.04,104.08,5468.0,104.114
2026-05-06 14:42:00-04:00,104.1,104.13,104.06,104.08,6358.0,104.097
2026-05-06 14:43:00-04:00,104.07,104.08,103.95,103.99,6485.0,104.022
2026-05-06 14:44:00-04:00,103.99,104.08,103.96,104.07,5391.0,104.007
2026-05-06 14:45:00-04:00,104.05,104.05,104.0,104.03,2676.0,104.024
2026-05-06 14:46:00-04:00,104.02,104.02,103.7,103.7,4704.0,103.9
2026-05-06 14:47:00-04:00,103.69,103.75,103.66,103.71,4165.0,103.711
2026-05-06 14:48:00-04:00,103.71,104.08,103.71,104.04,11108.0,103.931
2026-05-06 14:49:00-04:00,104.13,104.23,104.12,104.16,4823.0,104.182
2026-05-06 14:50:00-04:00,104.15,104.24,104.13,104.14,5411.0,104.192
2026-05-06 14:51:00-04:00,104.17,104.18,104.08,104.16,8545.0,104.139
2026-05-06 14:52:00-04:00,104.18,104.27,104.15,104.27,6137.0,104.204
2026-05-06 14:53:00-04:00,104.24,104.29,104.2,104.24,4510.0,104.234
2026-05-06 14:54:00-04:00,104.24,104.28,104.24,104.28,4102.0,104.256
2026-05-06 14:55:00-04:00,104.28,104.3,104.25,104.3,5223.0,104.279
2026-05-06 14:56:00-04:00,104.28,104.33,104.26,104.27,4214.0,104.286
2026-05-06 14:57:00-04:00,104.27,104.27,104.06,104.07,8598.0,104.21
2026-05-06 14:58:00-04:00,104.09,104.11,103.99,104.06,10895.0,104.042
2026-05-06 14:59:00-04:00,104.08,104.21,103.93,103.97,13323.0,104.056
2026-05-06 15:00:00-04:00,103.93,104.01,103.92,103.98,11965.0,103.965
2026-05-06 15:01:00-04:00,103.94,103.94,103.82,103.84,5589.0,103.886
2026-05-06 15:02:00-04:00,103.85,103.85,103.71,103.71,5352.0,103.772
2026-05-06 15:03:00-04:00,103.76,103.89,103.74,103.88,6296.0,103.846
2026-05-06 15:04:00-04:00,103.85,103.95,103.85,103.91,3649.0,103.893
2026-05-06 15:05:00-04:00,103.88,103.92,103.86,103.88,4876.0,103.892
2026-05-06 15:06:00-04:00,103.87,104.03,103.64,104.03,10741.0,103.789
2026-05-06 15:07:00-04:00,104.05,104.13,104.03,104.06,6104.0,104.065
2026-05-06 15:08:00-04:00,104.06,104.13,104.03,104.11,8858.0,104.067
2026-05-06 15:09:00-04:00,104.13,104.29,104.13,104.29,9845.0,104.223
2026-05-06 15:10:00-04:00,104.3,104.37,104.28,104.33,13355.0,104.321
2026-05-06 15:11:00-04:00,104.29,104.31,104.07,104.15,10055.0,104.191
2026-05-06 15:12:00-04:00,104.17,104.59,104.17,104.59,85482.0,104.411
2026-05-06 15:13:00-04:00,104.61,104.76,104.61,104.7,6103.0,104.695
2026-05-06 15:14:00-04:00,104.75,104.81,104.7,104.77,13782.0,104.759
2026-05-06 15:15:00-04:00,104.78,104.8,104.66,104.77,13170.0,104.749
2026-05-06 15:16:00-04:00,104.76,104.95,104.71,104.92,9476.0,104.817
2026-05-06 15:17:00-04:00,104.92,105.08,104.82,104.85,118718.0,104.928
2026-05-06 15:18:00-04:00,104.85,104.95,104.83,104.95,6842.0,104.9
2026-05-06 15:19:00-04:00,105.01,105.16,104.97,105.02,15364.0,105.079
2026-05-06 15:20:00-04:00,104.98,105.0,104.92,104.94,4865.0,104.953
2026-05-06 15:21:00-04:00,104.94,104.96,104.83,104.86,11961.0,104.903
2026-05-06 15:22:00-04:00,104.85,104.94,104.85,104.91,4605.0,104.909
2026-05-06 15:23:00-04:00,104.91,104.91,104.8,104.83,11027.0,104.856
2026-05-06 15:24:00-04:00,104.83,104.87,104.8,104.85,4464.0,104.845
2026-05-06 15:25:00-04:00,104.82,104.88,104.8,104.81,6478.0,104.833
2026-05-06 15:26:00-04:00,104.79,104.99,104.75,104.94,18807.0,104.817
2026-05-06 15:27:00-04:00,104.96,105.0,104.69,104.94,63754.0,104.801
2026-05-06 15:28:00-04:00,104.87,104.94,104.87,104.9,10528.0,104.898
2026-05-06 15:29:00-04:00,104.93,105.01,104.69,104.72,21568.0,104.912
2026-05-06 15:30:00-04:00,104.72,104.88,104.72,104.85,19167.0,104.837
2026-05-06 15:31:00-04:00,104.89,104.93,104.66,104.74,18371.0,104.843
2026-05-06 15:32:00-04:00,104.77,104.84,104.74,104.77,12757.0,104.792
2026-05-06 15:33:00-04:00,104.75,104.75,104.54,104.6,9964.0,104.659
2026-05-06 15:34:00-04:00,104.61,104.77,104.61,104.72,4828.0,104.726
2026-05-06 15:35:00-04:00,104.72,104.73,104.61,104.64,17053.0,104.68
2026-05-06 15:36:00-04:00,104.65,104.75,104.63,104.72,8896.0,104.682
2026-05-06 15:37:00-04:00,104.73,104.88,104.73,104.79,10312.0,104.807
2026-05-06 15:38:00-04:00,104.79,104.87,104.76,104.82,5725.0,104.814
2026-05-06 15:39:00-04:00,104.82,105.0,104.82,104.95,11615.0,104.889
2026-05-06 15:40:00-04:00,104.97,105.3,104.97,105.27,62546.0,105.081
2026-05-06 15:41:00-04:00,105.28,105.5,105.15,105.42,69997.0,105.316
2026-05-06 15:42:00-04:00,105.44,105.55,105.36,105.39,41533.0,105.45
2026-05-06 15:43:00-04:00,105.39,105.48,105.24,105.28,28385.0,105.327
2026-05-06 15:44:00-04:00,105.32,105.47,105.31,105.35,59282.0,105.409
2026-05-06 15:45:00-04:00,105.31,105.51,105.29,105.38,19917.0,105.42
2026-05-06 15:46:00-04:00,105.41,105.41,105.29,105.36,13703.0,105.354
2026-05-06 15:47:00-04:00,105.39,105.51,105.37,105.51,16677.0,105.439
2026-05-06 15:48:00-04:00,105.5,105.58,105.32,105.46,24364.0,105.424
2026-05-06 15:49:00-04:00,105.48,105.64,105.46,105.59,19144.0,105.578
2026-05-06 15:50:00-04:00,105.62,105.62,105.28,105.35,53081.0,105.384
2026-05-06 15:51:00-04:00,105.34,105.43,105.32,105.39,52332.0,105.379
2026-05-06 15:52:00-04:00,105.4,105.41,105.14,105.19,27308.0,105.287
2026-05-06 15:53:00-04:00,105.19,105.6,105.15,105.52,68771.0,105.348
2026-05-06 15:54:00-04:00,105.53,105.53,105.02,105.03,55649.0,105.275
2026-05-06 15:55:00-04:00,105.05,105.83,105.05,105.8,76487.0,105.637
2026-05-06 15:56:00-04:00,105.81,105.9,105.63,105.71,70960.0,105.744
2026-05-06 15:57:00-04:00,105.72,105.85,105.57,105.67,97145.0,105.702
2026-05-06 15:58:00-04:00,105.67,105.72,105.65,105.71,94038.0,105.68
2026-05-06 15:59:00-04:00,105.71,105.9,105.7,105.78,344217.0,105.816
2026-05-07 09:30:00-04:00,104.93,105.5,103.19,103.3,134048.0,104.798
2026-05-07 09:31:00-04:00,103.2,103.8,102.56,103.64,53180.0,103.251
2026-05-07 09:32:00-04:00,103.66,104.26,103.59,104.11,24438.0,103.996
2026-05-07 09:33:00-04:00,104.11,104.76,104.03,104.55,19164.0,104.319
2026-05-07 09:34:00-04:00,104.44,104.67,104.05,104.34,68893.0,104.437
2026-05-07 09:35:00-04:00,104.25,104.55,103.91,104.25,31880.0,104.229
2026-05-07 09:36:00-04:00,104.21,104.31,103.9,104.26,27259.0,104.152
2026-05-07 09:37:00-04:00,104.26,104.53,104.02,104.31,26004.0,104.281
2026-05-07 09:38:00-04:00,104.41,104.6,104.27,104.47,11909.0,104.466
2026-05-07 09:39:00-04:00,104.47,105.26,104.38,105.26,37369.0,104.785
2026-05-07 09:40:00-04:00,105.22,105.26,104.31,104.49,32557.0,104.685
2026-05-07 09:41:00-04:00,104.4,104.57,104.28,104.49,27973.0,104.418
2026-05-07 09:42:00-04:00,104.46,104.53,104.26,104.26,9198.0,104.387
2026-05-07 09:43:00-04:00,104.33,104.33,103.37,103.52,21815.0,103.957
2026-05-07 09:44:00-04:00,103.51,103.65,103.38,103.38,13231.0,103.536
2026-05-07 09:45:00-04:00,103.5,103.71,103.31,103.37,13563.0,103.563
2026-05-07 09:46:00-04:00,103.39,103.52,102.91,103.21,48592.0,103.185
2026-05-07 09:47:00-04:00,103.17,103.27,102.74,102.79,46375.0,102.994
2026-05-07 09:48:00-04:00,102.79,103.21,102.6,103.14,34416.0,102.806
2026-05-07 09:49:00-04:00,103.03,103.21,102.89,103.11,27669.0,103.043
2026-05-07 09:50:00-04:00,103.06,103.16,102.88,103.04,14550.0,103.014
2026-05-07 09:51:00-04:00,102.97,102.97,102.38,102.58,13250.0,102.57
2026-05-07 09:52:00-04:00,102.54,102.68,102.47,102.61,24769.0,102.572
2026-05-07 09:53:00-04:00,102.61,103.02,102.58,102.98,18197.0,102.723
2026-05-07 09:54:00-04:00,102.98,103.4,102.96,103.2,37852.0,103.208
2026-05-07 09:55:00-04:00,103.2,103.4,102.88,103.07,57302.0,103.236
2026-05-07 09:56:00-04:00,103.07,103.51,102.99,103.37,56052.0,103.367
2026-05-07 09:57:00-04:00,103.42,103.51,102.79,102.84,17283.0,103.275
2026-05-07 09:58:00-04:00,102.84,102.89,102.5,102.5,6931.0,102.758
2026-05-07 09:59:00-04:00,102.52,102.52,102.19,102.26,16968.0,102.314
2026-05-07 10:00:00-04:00,102.36,102.62,102.14,102.6,19721.0,102.284
2026-05-07 10:01:00-04:00,102.59,102.62,102.24,102.24,14467.0,102.383
2026-05-07 10:02:00-04:00,102.11,102.2,101.65,101.68,16854.0,101.898
2026-05-07 10:03:00-04:00,101.72,102.0,101.62,101.86,24669.0,101.807
2026-05-07 10:04:00-04:00,101.86,102.0,101.65,101.91,18916.0,101.857
2026-05-07 10:05:00-04:00,101.96,102.24,101.91,101.98,51180.0,102.031
2026-05-07 10:06:00-04:00,101.98,102.2,101.81,102.06,36997.0,102.112
2026-05-07 10:07:00-04:00,102.13,102.15,101.86,101.96,73704.0,102.04
2026-05-07 10:08:00-04:00,102.0,102.08,101.56,101.71,21701.0,101.695
2026-05-07 10:09:00-04:00,101.71,102.06,101.7,101.73,10690.0,101.82
2026-05-07 10:10:00-04:00,101.72,101.81,101.3,101.31,16443.0,101.51
2026-05-07 10:11:00-04:00,101.34,101.7,101.3,101.58,25351.0,101.448
2026-05-07 10:12:00-04:00,101.54,101.71,101.43,101.53,6153.0,101.569
2026-05-07 10:13:00-04:00,101.45,101.72,101.27,101.53,35493.0,101.495
2026-05-07 10:14:00-04:00,101.53,101.65,101.4,101.51,16673.0,101.503
2026-05-07 10:15:00-04:00,101.5,101.73,101.45,101.56,24901.0,101.564
2026-05-07 10:16:00-04:00,101.58,101.96,101.55,101.91,25276.0,101.82
2026-05-07 10:17:00-04:00,101.91,102.01,101.8,101.94,22910.0,101.898
2026-05-07 10:18:00-04:00,101.87,102.08,101.64,101.76,13384.0,101.854
2026-05-07 10:19:00-04:00,101.69,101.82,101.5,101.59,24484.0,101.668
2026-05-07 10:20:00-04:00,101.59,101.83,101.54,101.83,13555.0,101.628
2026-05-07 10:21:00-04:00,101.77,102.08,101.77,101.9,10859.0,101.942
2026-05-07 10:22:00-04:00,101.9,102.12,101.9,101.96,14873.0,101.984
2026-05-07 10:23:00-04:00,101.96,101.96,101.69,101.82,70131.0,101.789
2026-05-07 10:24:00-04:00,101.82,101.9,101.74,101.8,7552.0,101.822
2026-05-07 10:25:00-04:00,101.79,101.83,101.39,101.56,50075.0,101.646
2026-05-07 10:26:00-04:00,101.5,101.62,101.43,101.54,5236.0,101.555
2026-05-07 10:27:00-04:00,101.48,101.71,101.46,101.51,18297.0,101.577
2026-05-07 10:28:00-04:00,101.53,101.87,101.53,101.82,9427.0,101.693
2026-05-07 10:29:00-04:00,101.82,101.98,101.67,101.67,11263.0,101.793
2026-05-07 10:30:00-04:00,101.69,102.0,101.67,101.9,10484.0,101.918
2026-05-07 10:31:00-04:00,101.91,102.33,101.9,102.23,12136.0,102.121
2026-05-07 10:32:00-04:00,102.23,102.23,101.88,101.96,7409.0,101.993
2026-05-07 10:33:00-04:00,101.96,102.14,101.86,101.89,12471.0,102.043
2026-05-07 10:34:00-04:00,101.92,102.04,101.86,101.96,13072.0,101.949
2026-05-07 10:35:00-04:00,101.97,102.05,101.93,102.02,11326.0,101.99
2026-05-07 10:36:00-04:00,102.0,102.23,102.0,102.18,14686.0,102.14
2026-05-07 10:37:00-04:00,102.19,102.36,102.15,102.32,15700.0,102.239
2026-05-07 10:38:00-04:00,102.34,102.44,102.19,102.38,18954.0,102.282
2026-05-07 10:39:00-04:00,102.38,102.41,102.06,102.09,13495.0,102.185
2026-05-07 10:40:00-04:00,102.06,102.22,101.96,102.22,4862.0,102.112
2026-05-07 10:41:00-04:00,102.22,102.27,102.11,102.27,7464.0,102.216
2026-05-07 10:42:00-04:00,102.27,102.36,102.22,102.27,13146.0,102.28
2026-05-07 10:43:00-04:00,102.32,102.32,102.11,102.25,11794.0,102.233
2026-05-07 10:44:00-04:00,102.25,102.26,101.99,102.0,10844.0,102.155
2026-05-07 10:45:00-04:00,102.01,102.1,101.64,101.65,47356.0,101.987
2026-05-07 10:46:00-04:00,101.64,101.83,101.57,101.64,13985.0,101.698
2026-05-07 10:47:00-04:00,101.61,101.64,101.41,101.47,5693.0,101.537
2026-05-07 10:48:00-04:00,101.43,101.61,101.32,101.61,10844.0,101.465
2026-05-07 10:49:00-04:00,101.55,101.72,101.41,101.72,9243.0,101.551
2026-05-07 10:50:00-04:00,101.72,101.74,101.6,101.67,17501.0,101.683
2026-05-07 10:51:00-04:00,101.63,102.06,101.57,102.05,37697.0,101.752
2026-05-07 10:52:00-04:00,102.06,102.17,101.98,102.07,9856.0,102.067
2026-05-07 10:53:00-04:00,102.1,102.55,102.09,102.55,11702.0,102.39
2026-05-07 10:54:00-04:00,102.48,102.56,102.31,102.39,69374.0,102.363
2026-05-07 10:55:00-04:00,102.39,102.54,102.35,102.52,8216.0,102.48
2026-05-07 10:56:00-04:00,102.52,102.59,102.25,102.25,16928.0,102.463
2026-05-07 10:57:00-04:00,102.27,102.27,102.03,102.13,16815.0,102.138
2026-05-07 10:58:00-04:00,102.09,102.38,102.05,102.24,16792.0,102.256
2026-05-07 10:59:00-04:00,102.24,102.29,102.0,102.0,10287.0,102.206
2026-05-07 11:00:00-04:00,102.09,102.09,101.93,101.95,50916.0,101.998
2026-05-07 11:01:00-04:00,101.95,101.96,101.72,101.77,15566.0,101.842
2026-05-07 11:02:00-04:00,101.9,102.06,101.85,102.06,16178.0,101.949
2026-05-07 11:03:00-04:00,102.05,102.12,101.78,101.84,21304.0,102.005
2026-05-07 11:04:00-04:00,101.79,101.88,101.75,101.87,4615.0,101.822
2026-05-07 11:05:00-04:00,101.92,101.99,101.79,101.79,21758.0,101.93
2026-05-07 11:06:00-04:00,101.86,101.9,101.75,101.84,14103.0,101.836
2026-05-07 11:07:00-04:00,101.87,101.95,101.87,101.89,8837.0,101.902
2026-05-07 11:08:00-04:00,101.93,102.43,101.92,102.42,13835.0,102.134
2026-05-07 11:09:00-04:00,102.41,102.52,102.36,102.4,20861.0,102.446
2026-05-07 11:10:00-04:00,102.4,102.45,102.27,102.39,8604.0,102.385
2026-05-07 11:11:00-04:00,102.37,102.43,102.21,102.37,14391.0,102.327
2026-05-07 11:12:00-04:00,102.35,102.35,102.19,102.25,7636.0,102.279
2026-05-07 11:13:00-04:00,102.25,102.29,102.12,102.12,14699.0,102.198
2026-05-07 11:14:00-04:00,102.06,102.09,101.93,101.95,7845.0,102.003
2026-05-07 11:15:00-04:00,101.91,102.18,101.91,101.99,23897.0,102.062
2026-05-07 11:16:00-04:00,101.99,102.15,101.88,102.15,14540.0,101.987
2026-05-07 11:17:00-04:00,102.09,102.36,102.09,102.36,7030.0,102.257
2026-05-07 11:18:00-04:00,102.36,102.38,102.21,102.27,3563.0,102.31
2026-05-07 11:19:00-04:00,102.2,102.2,102.05,102.13,3329.0,102.136
2026-05-07 11:20:00-04:00,102.12,102.26,102.08,102.17,8129.0,102.137
2026-05-07 11:21:00-04:00,102.12,102.16,102.04,102.09,7985.0,102.087
2026-05-07 11:22:00-04:00,102.08,102.15,101.9,101.91,5119.0,101.978
2026-05-07 11:23:00-04:00,101.91,102.06,101.87,102.06,10554.0,101.936
2026-05-07 11:24:00-04:00,102.08,102.1,101.96,102.04,10431.0,102.014
2026-05-07 11:25:00-04:00,101.96,102.33,101.96,102.33,14617.0,102.158
2026-05-07 11:26:00-04:00,102.37,102.39,102.08,102.17,6815.0,102.232
2026-05-07 11:27:00-04:00,102.18,102.2,102.09,102.15,13770.0,102.137
2026-05-07 11:28:00-04:00,102.16,102.3,102.16,102.29,7442.0,102.227
2026-05-07 11:29:00-04:00,102.26,102.26,102.04,102.22,32921.0,102.153
2026-05-07 11:30:00-04:00,102.26,102.33,102.11,102.28,8406.0,102.262
2026-05-07 11:31:00-04:00,102.21,102.25,102.14,102.15,4700.0,102.179
2026-05-07 11:32:00-04:00,102.15,102.24,102.12,102.24,9748.0,102.19
2026-05-07 11:33:00-04:00,102.2,102.57,102.2,102.44,15337.0,102.373
2026-05-07 11:34:00-04:00,102.44,102.5,102.35,102.49,11590.0,102.453
2026-05-07 11:35:00-04:00,102.48,102.49,102.34,102.35,3487.0,102.405
2026-05-07 11:36:00-04:00,102.35,102.35,102.19,102.2,5681.0,102.277
2026-05-07 11:37:00-04:00,102.19,102.31,102.14,102.22,7402.0,102.226
2026-05-07 11:38:00-04:00,102.21,102.26,102.15,102.25,3441.0,102.206
2026-05-07 11:39:00-04:00,102.22,102.28,102.14,102.14,7686.0,102.23
2026-05-07 11:40:00-04:00,102.12,102.15,101.89,101.9,10361.0,102.064
2026-05-07 11:41:00-04:00,101.89,101.99,101.86,101.94,6738.0,101.935
2026-05-07 11:42:00-04:00,101.94,102.09,101.93,102.03,8463.0,102.019
2026-05-07 11:43:00-04:00,102.03,102.03,101.92,102.02,3300.0,101.972
2026-05-07 11:44:00-04:00,102.03,102.12,101.98,102.04,9285.0,102.042
2026-05-07 11:45:00-04:00,102.04,102.04,101.87,101.95,7693.0,101.956
2026-05-07 11:46:00-04:00,101.82,101.82,101.54,101.54,3116.0,101.692
2026-05-07 11:47:00-04:00,101.61,101.68,101.53,101.62,19795.0,101.605
2026-05-07 11:48:00-04:00,101.53,101.95,101.53,101.93,13387.0,101.773
2026-05-07 11:49:00-04:00,101.9,101.9,101.65,101.7,7185.0,101.79
2026-05-07 11:50:00-04:00,101.66,101.66,101.41,101.45,11060.0,101.474
2026-05-07 11:51:00-04:00,101.5,101.53,101.42,101.46,9093.0,101.487
2026-05-07 11:52:00-04:00,101.44,101.46,101.2,101.26,22223.0,101.271
2026-05-07 11:53:00-04:00,101.26,101.45,101.25,101.45,5127.0,101.386
2026-05-07 11:54:00-04:00,101.45,101.61,101.45,101.48,5177.0,101.529
2026-05-07 11:55:00-04:00,101.47,101.47,101.09,101.18,7817.0,101.219
2026-05-07 11:56:00-04:00,101.27,101.28,101.17,101.25,4708.0,101.226
2026-05-07 11:57:00-04:00,101.22,101.4,101.14,101.14,5930.0,101.302
2026-05-07 11:58:00-04:00,101.23,101.23,101.1,101.2,5609.0,101.172
2026-05-07 11:59:00-04:00,101.2,101.32,101.19,101.25,9652.0,101.26
2026-05-07 12:00:00-04:00,101.31,101.33,101.14,101.3,6872.0,101.273
2026-05-07 12:01:00-04:00,101.32,101.6,101.31,101.38,7436.0,101.448
2026-05-07 12:02:00-04:00,101.39,101.53,101.33,101.52,8357.0,101.45
2026-05-07 12:03:00-04:00,101.5,101.56,101.48,101.53,7970.0,101.514
2026-05-07 12:04:00-04:00,101.54,101.65,101.47,101.52,6275.0,101.568
2026-05-07 12:05:00-04:00,101.45,101.45,101.19,101.33,6690.0,101.331
2026-05-07 12:06:00-04:00,101.32,101.33,101.18,101.27,4131.0,101.234
2026-05-07 12:07:00-04:00,101.31,101.35,101.2,101.23,5067.0,101.264
2026-05-07 12:08:00-04:00,101.2,101.36,101.15,101.3,36200.0,101.255
2026-05-07 12:09:00-04:00,101.36,101.62,101.32,101.54,21563.0,101.505
2026-05-07 12:10:00-04:00,101.53,101.55,101.32,101.37,9174.0,101.454
2026-05-07 12:11:00-04:00,101.38,101.38,101.2,101.21,3594.0,101.288
2026-05-07 12:12:00-04:00,101.18,101.32,101.07,101.18,66837.0,101.231
2026-05-07 12:13:00-04:00,101.3,101.35,101.24,101.35,2481.0,101.29
2026-05-07 12:14:00-04:00,101.36,101.39,101.2,101.27,6529.0,101.283
2026-05-07 12:15:00-04:00,101.27,101.27,100.79,100.8,26962.0,101.053
2026-05-07 12:16:00-04:00,100.8,100.83,100.54,100.79,16518.0,100.733
2026-05-07 12:17:00-04:00,100.75,101.02,100.61,101.02,24601.0,100.824
2026-05-07 12:18:00-04:00,101.02,101.02,100.71,100.85,9126.0,100.893
2026-05-07 12:19:00-04:00,100.85,100.9,100.74,100.84,6365.0,100.801
2026-05-07 12:20:00-04:00,100.75,101.07,100.74,100.92,5520.0,100.973
2026-05-07 12:21:00-04:00,100.92,101.03,100.81,100.93,6296.0,100.92
2026-05-07 12:22:00-04:00,100.89,101.0,100.89,100.94,4243.0,100.971
2026-05-07 12:23:00-04:00,100.92,101.05,100.81,100.89,8697.0,100.932
2026-05-07 12:24:00-04:00,100.88,100.95,100.71,100.93,14594.0,100.811
2026-05-07 12:25:00-04:00,100.96,101.07,100.96,101.01,9935.0,101.009
2026-05-07 12:26:00-04:00,101.05,101.08,100.88,100.89,4709.0,100.987
2026-05-07 12:27:00-04:00,100.9,100.93,100.86,100.9,2930.0,100.899
2026-05-07 12:28:00-04:00,100.94,101.0,100.9,100.96,9511.0,100.94
2026-05-07 12:29:00-04:00,100.96,100.96,100.79,100.8,6339.0,100.848
2026-05-07 12:30:00-04:00,100.83,100.9,100.71,100.79,17455.0,100.78
2026-05-07 12:31:00-04:00,100.82,100.83,100.73,100.76,10283.0,100.771
2026-05-07 12:32:00-04:00,100.8,100.92,100.76,100.77,6556.0,100.836
2026-05-07 12:33:00-04:00,100.8,100.89,100.78,100.8,9634.0,100.848
2026-05-07 12:34:00-04:00,100.82,100.86,100.73,100.75,8250.0,100.777
2026-05-07 12:35:00-04:00,100.68,100.68,100.42,100.46,16125.0,100.499
2026-05-07 12:36:00-04:00,100.44,100.51,100.27,100.27,6295.0,100.403
2026-05-07 12:37:00-04:00,100.21,100.36,100.21,100.29,11728.0,100.294
2026-05-07 12:38:00-04:00,100.29,100.33,100.11,100.12,16552.0,100.211
2026-05-07 12:39:00-04:00,100.14,100.14,100.0,100.04,19628.0,100.043
2026-05-07 12:40:00-04:00,100.04,100.29,99.92,100.29,31986.0,100.012
2026-05-07 12:41:00-04:00,100.27,100.34,100.16,100.34,14064.0,100.225
2026-05-07 12:42:00-04:00,100.3,100.31,100.18,100.23,4806.0,100.26
2026-05-07 12:43:00-04:00,100.25,100.29,100.14,100.18,7105.0,100.2
2026-05-07 12:44:00-04:00,100.17,100.28,100.12,100.25,4052.0,100.221
2026-05-07 12:45:00-04:00,100.23,100.29,100.17,100.29,7645.0,100.241
2026-05-07 12:46:00-04:00,100.29,100.53,100.25,100.52,14530.0,100.38
2026-05-07 12:47:00-04:00,100.54,100.61,100.45,100.51,25617.0,100.537
2026-05-07 12:48:00-04:00,100.5,100.59,100.46,100.52,8904.0,100.513
2026-05-07 12:49:00-04:00,100.46,100.56,100.45,100.56,11627.0,100.492
2026-05-07 12:50:00-04:00,100.53,100.66,100.45,100.66,8391.0,100.531
2026-05-07 12:51:00-04:00,100.64,100.7,100.28,100.32,19469.0,100.493
2026-05-07 12:52:00-04:00,100.35,100.7,100.35,100.7,14299.0,100.509
2026-05-07 12:53:00-04:00,100.72,100.81,100.69,100.8,7223.0,100.751
2026-05-07 12:54:00-04:00,100.76,100.82,100.7,100.78,5890.0,100.742
2026-05-07 12:55:00-04:00,100.81,100.93,100.77,100.8,5747.0,100.827
2026-05-07 12:56:00-04:00,100.73,100.78,100.72,100.72,4070.0,100.748
2026-05-07 12:57:00-04:00,100.75,100.75,100.66,100.68,3211.0,100.703
2026-05-07 12:58:00-04:00,100.66,100.73,100.66,100.71,4544.0,100.706
2026-05-07 12:59:00-04:00,100.74,100.91,100.73,100.91,4595.0,100.795
2026-05-07 13:00:00-04:00,100.92,100.98,100.83,100.97,4346.0,100.902
2026-05-07 13:01:00-04:00,100.95,100.99,100.85,100.91,4713.0,100.905
2026-05-07 13:02:00-04:00,100.94,101.27,100.89,101.15,16360.0,101.052
2026-05-07 13:03:00-04:00,101.15,101.15,101.01,101.02,5149.0,101.08
2026-05-07 13:04:00-04:00,101.03,101.03,100.93,100.98,5032.0,100.983
2026-05-07 13:05:00-04:00,101.01,101.1,100.96,100.99,4733.0,101.016
2026-05-07 13:06:00-04:00,100.99,101.2,100.99,101.11,4229.0,101.133
2026-05-07 13:07:00-04:00,101.14,101.21,101.09,101.09,5155.0,101.147
2026-05-07 13:08:00-04:00,101.17,101.22,101.17,101.21,2758.0,101.19
2026-05-07 13:09:00-04:00,101.22,101.22,100.95,101.01,5274.0,101.117
2026-05-07 13:10:00-04:00,101.05,101.14,100.87,100.96,2518.0,100.985
2026-05-07 13:11:00-04:00,100.89,101.01,100.81,100.84,4041.0,100.866
2026-05-07 13:12:00-04:00,100.89,101.03,100.86,100.91,2827.0,100.932
2026-05-07 13:13:00-04:00,100.99,101.04,100.96,101.04,1325.0,100.989
2026-05-07 13:14:00-04:00,100.99,101.18,100.99,101.04,2762.0,101.069
2026-05-07 13:15:00-04:00,101.05,101.07,100.88,100.96,9519.0,100.988
2026-05-07 13:16:00-04:00,100.92,100.92,100.83,100.9,3119.0,100.859
2026-05-07 13:17:00-04:00,100.91,100.93,100.85,100.9,2760.0,100.891
2026-05-07 13:18:00-04:00,100.84,100.84,100.74,100.74,3757.0,100.779
2026-05-07 13:19:00-04:00,100.74,100.75,100.56,100.61,6881.0,100.67
2026-05-07 13:20:00-04:00,100.61,100.8,100.61,100.73,10750.0,100.712
2026-05-07 13:21:00-04:00,100.75,100.84,100.71,100.84,4085.0,100.781
2026-05-07 13:22:00-04:00,100.84,100.92,100.79,100.82,10346.0,100.858
2026-05-07 13:23:00-04:00,100.77,100.95,100.77,100.9,12298.0,100.868
2026-05-07 13:24:00-04:00,100.93,101.01,100.89,100.95,5393.0,100.95
2026-05-07 13:25:00-04:00,100.93,101.07,100.63,100.68,15190.0,100.926
2026-05-07 13:26:00-04:00,100.68,100.68,100.46,100.46,14502.0,100.521
2026-05-07 13:27:00-04:00,100.47,100.56,100.32,100.48,14405.0,100.471
2026-05-07 13:28:00-04:00,100.49,100.74,100.4,100.67,95913.0,100.64
2026-05-07 13:29:00-04:00,100.66,100.75,100.59,100.61,33897.0,100.613
2026-05-07 13:30:00-04:00,100.61,100.61,100.33,100.51,129629.0,100.481
2026-05-07 13:31:00-04:00,100.56,100.7,100.48,100.68,10206.0,100.583
2026-05-07 13:32:00-04:00,100.69,100.84,100.65,100.8,57283.0,100.773
2026-05-07 13:33:00-04:00,100.8,100.8,100.51,100.59,97161.0,100.628
2026-05-07 13:34:00-04:00,100.57,100.92,100.57,100.88,10723.0,100.76
2026-05-07 13:35:00-04:00,100.9,100.97,100.85,100.95,100537.0,100.9
2026-05-07 13:36:00-04:00,100.95,101.1,100.78,100.98,17661.0,100.914
2026-05-07 13:37:00-04:00,100.97,101.03,100.87,101.03,138520.0,101.013
2026-05-07 13:38:00-04:00,101.03,101.15,101.0,101.08,3288.0,101.059
2026-05-07 13:39:00-04:00,101.15,101.37,101.14,101.34,5893.0,101.252
2026-05-07 13:40:00-04:00,101.42,101.42,101.24,101.28,5554.0,101.35
2026-05-07 13:41:00-04:00,101.23,101.37,101.23,101.33,4408.0,101.329
2026-05-07 13:42:00-04:00,101.33,101.35,101.25,101.25,3880.0,101.319
2026-05-07 13:43:00-04:00,101.21,101.24,101.12,101.17,6353.0,101.187
2026-05-07 13:44:00-04:00,101.19,101.2,101.12,101.2,4637.0,101.176
2026-05-07 13:45:00-04:00,101.19,101.34,101.16,101.31,6756.0,101.248
2026-05-07 13:46:00-04:00,101.34,101.35,101.18,101.18,6879.0,101.26
2026-05-07 13:47:00-04:00,101.18,101.28,101.18,101.18,5554.0,101.221
2026-05-07 13:48:00-04:00,101.17,101.21,101.13,101.14,4749.0,101.167
2026-05-07 13:49:00-04:00,101.17,101.17,101.03,101.04,3320.0,101.075
2026-05-07 13:50:00-04:00,101.09,101.19,100.99,101.17,8102.0,101.061
2026-05-07 13:51:00-04:00,101.16,101.18,101.13,101.16,2700.0,101.149
2026-05-07 13:52:00-04:00,101.17,101.17,101.02,101.04,2173.0,101.078
2026-05-07 13:53:00-04:00,101.08,101.08,100.91,101.03,40365.0,100.959
2026-05-07 13:54:00-04:00,101.03,101.12,101.03,101.11,3667.0,101.074
2026-05-07 13:55:00-04:00,101.15,101.19,101.12,101.15,3141.0,101.141
2026-05-07 13:56:00-04:00,101.15,101.31,101.06,101.17,16161.0,101.172
2026-05-07 13:57:00-04:00,101.25,101.35,101.23,101.34,4208.0,101.291
2026-05-07 13:58:00-04:00,101.38,101.44,101.34,101.4,10519.0,101.387
2026-05-07 13:59:00-04:00,101.45,101.55,101.44,101.49,8727.0,101.482
2026-05-07 14:00:00-04:00,101.47,101.5,101.4,101.49,4685.0,101.465
2026-05-07 14:01:00-04:00,101.48,101.48,101.32,101.34,5929.0,101.418
2026-05-07 14:02:00-04:00,101.34,101.38,101.27,101.34,6345.0,101.331
2026-05-07 14:03:00-04:00,101.32,101.33,101.27,101.32,6060.0,101.304
2026-05-07 14:04:00-04:00,101.32,101.46,101.31,101.46,10145.0,101.384
2026-05-07 14:05:00-04:00,101.47,101.58,101.47,101.48,7753.0,101.542
2026-05-07 14:06:00-04:00,101.5,101.75,101.46,101.73,11134.0,101.599
2026-05-07 14:07:00-04:00,101.72,101.77,101.59,101.66,5974.0,101.681
2026-05-07 14:08:00-04:00,101.69,101.73,101.57,101.61,7423.0,101.652
2026-05-07 14:09:00-04:00,101.59,101.65,101.36,101.42,13042.0,101.472
2026-05-07 14:10:00-04:00,101.37,101.46,101.27,101.43,14022.0,101.4
2026-05-07 14:11:00-04:00,101.44,101.48,101.38,101.42,2899.0,101.425
2026-05-07 14:12:00-04:00,101.44,101.48,101.39,101.47,2132.0,101.427
2026-05-07 14:13:00-04:00,101.46,101.53,101.43,101.53,3768.0,101.478
2026-05-07 14:14:00-04:00,101.46,101.48,101.32,101.37,3702.0,101.414
2026-05-07 14:15:00-04:00,101.44,101.47,101.4,101.47,3805.0,101.442
2026-05-07 14:16:00-04:00,101.43,101.44,101.38,101.39,1820.0,101.394
2026-05-07 14:17:00-04:00,101.44,101.5,101.44,101.5,3405.0,101.463
2026-05-07 14:18:00-04:00,101.46,101.51,101.42,101.48,5155.0,101.467
2026-05-07 14:19:00-04:00,101.46,101.61,101.46,101.55,5896.0,101.577
2026-05-07 14:20:00-04:00,101.56,101.56,101.38,101.45,3942.0,101.453
2026-05-07 14:21:00-04:00,101.45,101.48,101.37,101.38,4634.0,101.439
2026-05-07 14:22:00-04:00,101.37,101.45,101.36,101.39,5650.0,101.391
2026-05-07 14:23:00-04:00,101.42,101.45,101.4,101.43,3948.0,101.428
2026-05-07 14:24:00-04:00,101.43,101.45,101.23,101.23,6384.0,101.387
2026-05-07 14:25:00-04:00,101.2,101.2,101.0,101.09,8121.0,101.123
2026-05-07 14:26:00-04:00,101.14,101.2,101.13,101.13,3979.0,101.173
2026-05-07 14:27:00-04:00,101.12,101.13,101.07,101.07,2710.0,101.117
2026-05-07 14:28:00-04:00,101.07,101.14,101.07,101.12,3355.0,101.105
2026-05-07 14:29:00-04:00,101.09,101.16,101.0,101.16,7645.0,101.092
2026-05-07 14:30:00-04:00,101.12,101.33,101.04,101.3,6037.0,101.186
2026-05-07 14:31:00-04:00,101.34,101.35,101.26,101.26,3374.0,101.308
2026-05-07 14:32:00-04:00,101.27,101.3,101.25,101.28,2793.0,101.277
2026-05-07 14:33:00-04:00,101.28,101.34,101.2,101.23,4844.0,101.279
2026-05-07 14:34:00-04:00,101.2,101.25,101.16,101.2,5361.0,101.204
2026-05-07 14:35:00-04:00,101.21,101.25,101.07,101.08,3462.0,101.164
2026-05-07 14:36:00-04:00,101.07,101.09,100.98,101.04,2968.0,101.048
2026-05-07 14:37:00-04:00,101.01,101.01,100.84,100.87,4902.0,100.915
2026-05-07 14:38:00-04:00,100.84,100.92,100.8,100.83,6648.0,100.87
2026-05-07 14:39:00-04:00,100.83,100.97,100.78,100.95,37070.0,100.839
2026-05-07 14:40:00-04:00,100.98,101.17,100.98,101.04,4524.0,101.076
2026-05-07 14:41:00-04:00,101.05,101.05,100.88,100.91,2835.0,100.965
2026-05-07 14:42:00-04:00,100.9,101.19,100.9,101.18,4620.0,101.043
2026-05-07 14:43:00-04:00,101.18,101.18,101.04,101.13,9548.0,101.099
2026-05-07 14:44:00-04:00,101.11,101.11,100.75,100.78,6393.0,100.869
2026-05-07 14:45:00-04:00,100.8,100.83,100.65,100.77,7169.0,100.714
2026-05-07 14:46:00-04:00,100.77,100.88,100.76,100.86,4441.0,100.846
2026-05-07 14:47:00-04:00,100.8,100.92,100.8,100.85,4958.0,100.861
2026-05-07 14:48:00-04:00,100.86,100.97,100.69,100.69,5251.0,100.829
2026-05-07 14:49:00-04:00,100.71,100.77,100.66,100.67,3800.0,100.724
2026-05-07 14:50:00-04:00,100.69,100.71,100.63,100.67,4087.0,100.669
2026-05-07 14:51:00-04:00,100.67,100.72,100.64,100.7,2412.0,100.686
2026-05-07 14:52:00-04:00,100.73,100.88,100.68,100.78,14387.0,100.788
2026-05-07 14:53:00-04:00,100.8,100.8,100.73,100.77,2632.0,100.753
2026-05-07 14:54:00-04:00,100.76,100.8,100.65,100.68,3582.0,100.723
2026-05-07 14:55:00-04:00,100.68,100.92,100.54,100.88,12504.0,100.716
2026-05-07 14:56:00-04:00,100.88,100.92,100.83,100.92,2830.0,100.877
2026-05-07 14:57:00-04:00,100.98,100.98,100.85,100.92,4502.0,100.894
2026-05-07 14:58:00-04:00,100.97,101.09,100.96,101.0,24370.0,101.001
2026-05-07 14:59:00-04:00,101.0,101.11,101.0,101.03,4494.0,101.046
2026-05-07 15:00:00-04:00,101.03,101.03,100.68,100.69,31268.0,100.891
2026-05-07 15:01:00-04:00,100.75,100.78,100.68,100.73,7400.0,100.751
2026-05-07 15:02:00-04:00,100.73,100.78,100.47,100.52,11383.0,100.686
2026-05-07 15:03:00-04:00,100.52,100.59,100.45,100.5,6123.0,100.536
2026-05-07 15:04:00-04:00,100.55,100.59,100.5,100.53,2955.0,100.558
2026-05-07 15:05:00-04:00,100.57,100.59,100.46,100.56,8874.0,100.53
2026-05-07 15:06:00-04:00,100.51,100.75,100.5,100.52,6458.0,100.622
2026-05-07 15:07:00-04:00,100.5,100.54,100.42,100.44,23855.0,100.47
2026-05-07 15:08:00-04:00,100.46,100.59,100.42,100.59,13137.0,100.502
2026-05-07 15:09:00-04:00,100.59,100.67,100.58,100.6,26589.0,100.627
2026-05-07 15:10:00-04:00,100.61,100.61,100.44,100.49,23997.0,100.492
2026-05-07 15:11:00-04:00,100.49,100.6,100.49,100.56,8194.0,100.567
2026-05-07 15:12:00-04:00,100.61,100.72,100.61,100.71,12617.0,100.662
2026-05-07 15:13:00-04:00,100.73,100.87,100.71,100.86,8468.0,100.799
2026-05-07 15:14:00-04:00,100.86,100.9,100.66,100.82,21405.0,100.787
2026-05-07 15:15:00-04:00,100.82,100.85,100.72,100.81,9436.0,100.793
2026-05-07 15:16:00-04:00,100.81,100.87,100.69,100.74,6892.0,100.801
2026-05-07 15:17:00-04:00,100.74,100.78,100.67,100.7,11819.0,100.738
2026-05-07 15:18:00-04:00,100.71,100.78,100.5,100.51,11416.0,100.677
2026-05-07 15:19:00-04:00,100.49,100.59,100.45,100.59,24046.0,100.501
2026-05-07 15:20:00-04:00,100.57,100.6,100.41,100.52,13018.0,100.515
2026-05-07 15:21:00-04:00,100.5,100.56,100.44,100.51,11778.0,100.51
2026-05-07 15:22:00-04:00,100.53,100.56,100.43,100.48,14285.0,100.508
2026-05-07 15:23:00-04:00,100.43,100.53,100.4,100.41,11630.0,100.469
2026-05-07 15:24:00-04:00,100.36,100.4,100.11,100.14,9096.0,100.245
2026-05-07 15:25:00-04:00,100.1,100.17,100.05,100.11,12626.0,100.117
2026-05-07 15:26:00-04:00,100.09,100.18,100.04,100.11,15603.0,100.127
2026-05-07 15:27:00-04:00,100.09,100.17,99.94,99.99,28763.0,99.981
2026-05-07 15:28:00-04:00,100.0,100.0,99.82,99.82,34604.0,99.917
2026-05-07 15:29:00-04:00,99.82,99.88,99.73,99.86,19433.0,99.82
2026-05-07 15:30:00-04:00,99.89,100.11,99.82,100.11,19086.0,99.959
2026-05-07 15:31:00-04:00,100.11,100.35,100.08,100.35,15687.0,100.223
2026-05-07 15:32:00-04:00,100.34,100.34,100.2,100.21,8786.0,100.266
2026-05-07 15:33:00-04:00,100.21,100.36,100.2,100.31,10407.0,100.275
2026-05-07 15:34:00-04:00,100.33,100.4,100.29,100.38,10517.0,100.355
2026-05-07 15:35:00-04:00,100.38,100.61,100.38,100.6,14300.0,100.472
2026-05-07 15:36:00-04:00,100.61,100.71,100.55,100.57,12114.0,100.615
2026-05-07 15:37:00-04:00,100.57,100.76,100.55,100.73,17831.0,100.659
2026-05-07 15:38:00-04:00,100.73,100.82,100.7,100.76,11491.0,100.756
2026-05-07 15:39:00-04:00,100.76,100.76,100.56,100.72,19363.0,100.669
2026-05-07 15:40:00-04:00,100.73,100.85,100.71,100.71,12965.0,100.795
2026-05-07 15:41:00-04:00,100.75,100.77,100.66,100.68,36664.0,100.72
2026-05-07 15:42:00-04:00,100.68,100.77,100.66,100.72,14646.0,100.717
2026-05-07 15:43:00-04:00,100.74,100.76,100.57,100.6,18654.0,100.674
2026-05-07 15:44:00-04:00,100.62,100.69,100.57,100.61,37278.0,100.635
2026-05-07 15:45:00-04:00,100.66,100.8,100.66,100.77,8531.0,100.747
2026-05-07 15:46:00-04:00,100.78,100.78,100.69,100.69,12807.0,100.733
2026-05-07 15:47:00-04:00,100.69,100.83,100.69,100.82,11834.0,100.765
2026-05-07 15:48:00-04:00,100.79,100.83,100.72,100.79,9223.0,100.761
2026-05-07 15:49:00-04:00,100.78,100.93,100.78,100.86,15547.0,100.883
2026-05-07 15:50:00-04:00,100.91,101.1,100.86,101.0,47053.0,100.995
2026-05-07 15:51:00-04:00,101.0,101.12,100.96,101.07,40228.0,101.033
2026-05-07 15:52:00-04:00,101.06,101.1,100.84,100.95,36348.0,100.928
2026-05-07 15:53:00-04:00,100.97,101.26,100.96,101.12,33767.0,101.12
2026-05-07 15:54:00-04:00,101.12,101.18,100.58,100.81,51835.0,100.823
2026-05-07 15:55:00-04:00,100.78,100.78,100.3,100.46,93577.0,100.503
2026-05-07 15:56:00-04:00,100.46,100.71,100.42,100.69,100435.0,100.556
2026-05-07 15:57:00-04:00,100.68,100.73,100.59,100.7,122293.0,100.665
2026-05-07 15:58:00-04:00,100.7,100.79,100.68,100.73,92298.0,100.721
2026-05-07 15:59:00-04:00,100.73,100.77,100.56,100.61,236202.0,100.642
2026-05-08 09:30:00-04:00,102.1,102.33,101.15,101.33,267070.0,101.945
2026-05-08 09:31:00-04:00,101.33,101.87,101.24,101.72,13124.0,101.608
2026-05-08 09:32:00-04:00,101.72,101.72,101.03,101.41,19029.0,101.455
2026-05-08 09:33:00-04:00,101.41,101.63,101.23,101.36,12047.0,101.41
2026-05-08 09:34:00-04:00,101.26,102.04,101.26,101.66,12885.0,101.864
2026-05-08 09:35:00-04:00,101.7,101.7,101.2,101.24,17456.0,101.356
2026-05-08 09:36:00-04:00,101.28,101.7,101.16,101.46,15573.0,101.436
2026-05-08 09:37:00-04:00,101.5,101.7,101.33,101.36,8352.0,101.409
2026-05-08 09:38:00-04:00,101.21,101.4,101.03,101.35,20352.0,101.2
2026-05-08 09:39:00-04:00,101.36,101.58,101.25,101.44,14619.0,101.407
2026-05-08 09:40:00-04:00,101.46,101.47,100.92,101.08,28055.0,101.08
2026-05-08 09:41:00-04:00,101.07,101.28,100.92,101.08,24768.0,101.097
2026-05-08 09:42:00-04:00,101.04,101.7,101.03,101.69,36132.0,101.184
2026-05-08 09:43:00-04:00,101.67,101.88,101.55,101.56,18686.0,101.682
2026-05-08 09:44:00-04:00,101.56,101.71,101.5,101.57,12069.0,101.589
2026-05-08 09:45:00-04:00,101.64,101.77,101.18,101.42,16587.0,101.552
2026-05-08 09:46:00-04:00,101.27,101.36,101.18,101.32,6550.0,101.282
2026-05-08 09:47:00-04:00,101.31,101.33,100.96,101.19,26148.0,101.13
2026-05-08 09:48:00-04:00,101.13,101.22,100.94,100.95,20696.0,101.074
2026-05-08 09:49:00-04:00,100.95,100.95,100.73,100.75,20584.0,100.821
2026-05-08 09:50:00-04:00,100.8,101.26,100.8,100.9,17803.0,101.105
2026-05-08 09:51:00-04:00,100.9,101.05,100.84,101.02,12020.0,100.94
2026-05-08 09:52:00-04:00,101.06,101.22,101.03,101.11,19011.0,101.125
2026-05-08 09:53:00-04:00,101.11,101.16,101.0,101.1,11236.0,101.072
2026-05-08 09:54:00-04:00,101.1,101.26,101.05,101.13,9492.0,101.177
2026-05-08 09:55:00-04:00,101.18,101.41,100.98,101.22,59398.0,101.181
2026-05-08 09:56:00-04:00,101.22,101.55,101.22,101.5,24918.0,101.37
2026-05-08 09:57:00-04:00,101.5,101.94,101.43,101.94,24619.0,101.705
2026-05-08 09:58:00-04:00,101.94,102.25,101.88,102.2,36247.0,102.032
2026-05-08 09:59:00-04:00,102.2,102.24,102.11,102.18,23452.0,102.179
2026-05-08 10:00:00-04:00,102.23,102.34,102.01,102.12,18505.0,102.165
2026-05-08 10:01:00-04:00,102.11,102.26,102.06,102.1,20525.0,102.167
2026-05-08 10:02:00-04:00,102.06,102.18,102.02,102.11,13034.0,102.088
2026-05-08 10:03:00-04:00,102.05,102.34,102.05,102.29,15798.0,102.23
2026-05-08 10:04:00-04:00,102.31,102.31,102.11,102.17,25995.0,102.217
2026-05-08 10:05:00-04:00,102.18,102.39,102.05,102.38,25084.0,102.202
2026-05-08 10:06:00-04:00,102.34,102.62,102.27,102.39,29458.0,102.445
2026-05-08 10:07:00-04:00,102.39,102.55,102.34,102.47,16559.0,102.45
2026-05-08 10:08:00-04:00,102.47,102.58,102.4,102.57,19155.0,102.498
2026-05-08 10:09:00-04:00,102.53,102.58,102.44,102.52,16105.0,102.534
2026-05-08 10:10:00-04:00,102.55,102.55,102.28,102.4,17888.0,102.411
2026-05-08 10:11:00-04:00,102.4,102.4,101.91,101.98,42375.0,102.11
2026-05-08 10:12:00-04:00,102.11,102.33,102.07,102.33,19598.0,102.187
2026-05-08 10:13:00-04:00,102.31,102.41,102.22,102.38,12285.0,102.304
2026-05-08 10:14:00-04:00,102.41,102.5,102.36,102.43,10011.0,102.421
2026-05-08 10:15:00-04:00,102.46,102.68,102.45,102.65,8474.0,102.544
2026-05-08 10:16:00-04:00,102.65,102.75,102.57,102.61,6265.0,102.628
2026-05-08 10:17:00-04:00,102.58,102.67,102.5,102.65,11000.0,102.587
2026-05-08 10:18:00-04:00,102.7,103.04,102.66,102.91,39935.0,102.919
2026-05-08 10:19:00-04:00,102.91,102.99,102.84,102.94,22896.0,102.906
2026-05-08 10:20:00-04:00,102.95,102.99,102.59,102.65,12630.0,102.761
2026-05-08 10:21:00-04:00,102.63,102.91,102.61,102.91,8953.0,102.776
2026-05-08 10:22:00-04:00,102.89,102.92,102.73,102.76,9099.0,102.805
2026-05-08 10:23:00-04:00,102.72,102.75,102.63,102.63,3599.0,102.686
2026-05-08 10:24:00-04:00,102.7,102.83,102.7,102.83,4351.0,102.741
2026-05-08 10:25:00-04:00,102.77,102.82,102.67,102.78,2465.0,102.738
2026-05-08 10:26:00-04:00,102.79,102.87,102.79,102.83,5347.0,102.832
2026-05-08 10:27:00-04:00,102.8,102.94,102.79,102.84,19810.0,102.874
2026-05-08 10:28:00-04:00,102.89,102.96,102.83,102.91,7727.0,102.898
2026-05-08 10:29:00-04:00,102.87,102.87,102.59,102.74,7345.0,102.727
2026-05-08 10:30:00-04:00,102.72,102.9,102.72,102.89,6797.0,102.782
2026-05-08 10:31:00-04:00,102.87,103.11,102.83,102.94,24376.0,102.997
2026-05-08 10:32:00-04:00,102.95,103.0,102.91,102.94,5697.0,102.948
2026-05-08 10:33:00-04:00,102.95,102.97,102.89,102.96,3878.0,102.932
2026-05-08 10:34:00-04:00,102.96,103.0,102.88,102.95,6459.0,102.953
2026-05-08 10:35:00-04:00,102.93,102.93,102.65,102.76,12004.0,102.725
2026-05-08 10:36:00-04:00,102.75,102.86,102.72,102.82,4364.0,102.772
2026-05-08 10:37:00-04:00,102.8,102.95,102.78,102.9,5952.0,102.848
2026-05-08 10:38:00-04:00,102.96,103.03,102.92,102.95,16111.0,102.978
2026-05-08 10:39:00-04:00,102.95,102.95,102.87,102.9,4473.0,102.888
2026-05-08 10:40:00-04:00,102.97,103.1,102.95,102.95,6814.0,103.041
2026-05-08 10:41:00-04:00,102.92,102.95,102.81,102.88,3079.0,102.889
2026-05-08 10:42:00-04:00,102.92,103.07,102.92,102.99,2810.0,102.999
2026-05-08 10:43:00-04:00,102.91,102.99,102.87,102.99,6186.0,102.914
2026-05-08 10:44:00-04:00,102.94,102.94,102.59,102.67,14733.0,102.735
2026-05-08 10:45:00-04:00,102.63,102.63,102.32,102.39,10303.0,102.523
2026-05-08 10:46:00-04:00,102.44,102.51,102.37,102.5,12034.0,102.435
2026-05-08 10:47:00-04:00,102.51,102.65,102.42,102.65,33564.0,102.481
2026-05-08 10:48:00-04:00,102.6,102.65,102.52,102.6,9362.0,102.561
2026-05-08 10:49:00-04:00,102.63,102.63,102.51,102.51,9720.0,102.543
2026-05-08 10:50:00-04:00,102.51,102.51,102.21,102.31,16923.0,102.313
2026-05-08 10:51:00-04:00,102.27,102.46,102.25,102.44,4743.0,102.361
2026-05-08 10:52:00-04:00,102.42,102.55,102.4,102.49,7986.0,102.478
2026-05-08 10:53:00-04:00,102.49,102.53,102.42,102.47,6489.0,102.482
2026-05-08 10:54:00-04:00,102.42,102.7,102.39,102.69,14751.0,102.522
2026-05-08 10:55:00-04:00,102.65,102.77,102.64,102.77,6432.0,102.716
2026-05-08 10:56:00-04:00,102.78,102.86,102.77,102.86,4135.0,102.827
2026-05-08 10:57:00-04:00,102.89,103.0,102.79,102.82,8656.0,102.916
2026-05-08 10:58:00-04:00,102.85,102.9,102.8,102.9,5248.0,102.855
2026-05-08 10:59:00-04:00,102.91,102.92,102.71,102.75,6468.0,102.787
2026-05-08 11:00:00-04:00,102.76,102.84,102.74,102.74,5860.0,102.77
2026-05-08 11:01:00-04:00,102.79,102.91,102.79,102.91,5648.0,102.836
2026-05-08 11:02:00-04:00,102.92,102.97,102.75,102.77,7121.0,102.871
2026-05-08 11:03:00-04:00,102.73,102.9,102.73,102.85,4337.0,102.803
2026-05-08 11:04:00-04:00,102.88,102.95,102.83,102.91,4118.0,102.901
2026-05-08 11:05:00-04:00,102.95,102.96,102.76,102.77,8052.0,102.869
2026-05-08 11:06:00-04:00,102.77,102.84,102.67,102.69,7901.0,102.76
2026-05-08 11:07:00-04:00,102.7,102.77,102.56,102.56,6263.0,102.649
2026-05-08 11:08:00-04:00,102.56,102.68,102.56,102.68,5093.0,102.62
2026-05-08 11:09:00-04:00,102.7,102.7,102.61,102.64,6699.0,102.657
2026-05-08 11:10:00-04:00,102.63,102.66,102.45,102.47,5604.0,102.566
2026-05-08 11:11:00-04:00,102.49,102.57,102.31,102.31,5669.0,102.451
2026-05-08 11:12:00-04:00,102.31,102.33,102.19,102.19,9515.0,102.271
2026-05-08 11:13:00-04:00,102.19,102.24,102.04,102.05,9691.0,102.162
2026-05-08 11:14:00-04:00,102.05,102.16,102.04,102.15,1664.0,102.104
2026-05-08 11:15:00-04:00,102.16,102.21,102.03,102.21,6642.0,102.106
2026-05-08 11:16:00-04:00,102.13,102.14,102.05,102.12,1830.0,102.105
2026-05-08 11:17:00-04:00,102.06,102.06,101.87,101.88,6651.0,101.968
2026-05-08 11:18:00-04:00,101.85,102.02,101.84,101.99,4573.0,101.906
2026-05-08 11:19:00-04:00,102.01,102.04,101.83,101.88,2599.0,101.932
2026-05-08 11:20:00-04:00,101.87,101.88,101.75,101.79,6033.0,101.826
2026-05-08 11:21:00-04:00,101.77,101.82,101.7,101.8,11579.0,101.757
2026-05-08 11:22:00-04:00,101.75,101.86,101.75,101.8,3912.0,101.797
2026-05-08 11:23:00-04:00,101.8,101.91,101.78,101.87,7360.0,101.86
2026-05-08 11:24:00-04:00,101.8,101.81,101.57,101.74,9758.0,101.682
2026-05-08 11:25:00-04:00,101.73,101.77,101.7,101.73,2571.0,101.742
2026-05-08 11:26:00-04:00,101.74,102.03,101.74,102.03,7441.0,101.89
2026-05-08 11:27:00-04:00,102.06,102.14,102.03,102.06,7134.0,102.081
2026-05-08 11:28:00-04:00,102.08,102.24,102.06,102.23,5256.0,102.171
2026-05-08 11:29:00-04:00,102.22,102.27,102.17,102.21,15464.0,102.209
2026-05-08 11:30:00-04:00,102.22,102.22,101.94,102.0,15350.0,102.038
2026-05-08 11:31:00-04:00,102.03,102.08,101.93,101.98,15386.0,102.006
2026-05-08 11:32:00-04:00,101.98,102.01,101.86,102.01,7370.0,101.928
2026-05-08 11:33:00-04:00,101.97,102.09,101.91,101.95,6813.0,101.976
2026-05-08 11:34:00-04:00,101.94,101.97,101.89,101.93,5221.0,101.927
2026-05-08 11:35:00-04:00,101.85,102.31,101.84,102.22,16527.0,102.03
2026-05-08 11:36:00-04:00,102.23,102.42,102.22,102.41,11487.0,102.346
2026-05-08 11:37:00-04:00,102.39,102.5,102.28,102.29,6416.0,102.392
2026-05-08 11:38:00-04:00,102.36,102.4,102.26,102.26,2700.0,102.33
2026-05-08 11:39:00-04:00,102.29,102.3,102.21,102.24,4943.0,102.243
2026-05-08 11:40:00-04:00,102.27,102.27,101.97,102.09,12899.0,102.101
2026-05-08 11:41:00-04:00,102.0,102.14,102.0,102.14,7597.0,102.042
2026-05-08 11:42:00-04:00,102.13,102.26,102.13,102.25,6200.0,102.207
2026-05-08 11:43:00-04:00,102.21,102.27,102.2,102.2,3456.0,102.233
2026-05-08 11:44:00-04:00,102.22,102.31,102.22,102.28,3644.0,102.261
2026-05-08 11:45:00-04:00,102.25,102.31,102.17,102.27,11588.0,102.231
2026-05-08 11:46:00-04:00,102.31,102.45,102.31,102.38,4809.0,102.391
2026-05-08 11:47:00-04:00,102.34,102.39,102.32,102.35,6523.0,102.353
2026-05-08 11:48:00-04:00,102.33,102.4,102.29,102.32,7975.0,102.346
2026-05-08 11:49:00-04:00,102.31,102.34,102.15,102.16,2884.0,102.266
2026-05-08 11:50:00-04:00,102.14,102.2,102.08,102.08,3778.0,102.14
2026-05-08 11:51:00-04:00,102.1,102.19,102.1,102.13,14194.0,102.146
2026-05-08 11:52:00-04:00,102.14,102.17,102.1,102.1,4754.0,102.137
2026-05-08 11:53:00-04:00,102.1,102.2,102.06,102.2,8413.0,102.096
2026-05-08 11:54:00-04:00,102.18,102.18,102.06,102.06,3770.0,102.114
2026-05-08 11:55:00-04:00,102.03,102.06,101.98,101.99,10186.0,102.017
2026-05-08 11:56:00-04:00,102.02,102.05,101.91,101.93,6667.0,101.956
2026-05-08 11:57:00-04:00,101.98,102.03,101.94,101.94,12696.0,101.994
2026-05-08 11:58:00-04:00,101.95,102.02,101.86,101.86,2819.0,101.964
2026-05-08 11:59:00-04:00,101.86,101.94,101.74,101.8,16673.0,101.842
2026-05-08 12:00:00-04:00,101.82,101.94,101.81,101.81,5475.0,101.866
2026-05-08 12:01:00-04:00,101.83,101.84,101.71,101.76,10967.0,101.761
2026-05-08 12:02:00-04:00,101.76,101.82,101.73,101.79,7332.0,101.768
2026-05-08 12:03:00-04:00,101.79,101.79,101.73,101.76,5981.0,101.757
2026-05-08 12:04:00-04:00,101.75,101.82,101.68,101.77,16592.0,101.742
2026-05-08 12:05:00-04:00,101.72,101.8,101.67,101.7,9960.0,101.723
2026-05-08 12:06:00-04:00,101.7,101.72,101.61,101.61,8404.0,101.665
2026-05-08 12:07:00-04:00,101.62,101.68,101.41,101.42,14060.0,101.549
2026-05-08 12:08:00-04:00,101.44,101.51,101.4,101.41,5915.0,101.452
2026-05-08 12:09:00-04:00,101.42,101.53,101.4,101.51,5930.0,101.467
2026-05-08 12:10:00-04:00,101.51,101.58,101.45,101.45,5623.0,101.519
2026-05-08 12:11:00-04:00,101.47,101.48,101.24,101.29,6178.0,101.351
2026-05-08 12:12:00-04:00,101.29,101.43,101.28,101.37,12409.0,101.347
2026-05-08 12:13:00-04:00,101.36,101.37,101.19,101.25,4351.0,101.298
2026-05-08 12:14:00-04:00,101.25,101.3,101.15,101.25,7989.0,101.211
2026-05-08 12:15:00-04:00,101.23,101.42,101.23,101.3,8433.0,101.337
2026-05-08 12:16:00-04:00,101.32,101.32,101.14,101.23,7622.0,101.229
2026-05-08 12:17:00-04:00,101.23,101.28,101.2,101.24,5160.0,101.245
2026-05-08 12:18:00-04:00,101.21,101.32,101.12,101.31,7567.0,101.185
2026-05-08 12:19:00-04:00,101.29,101.33,101.07,101.19,11923.0,101.169
2026-05-08 12:20:00-04:00,101.19,101.23,101.0,101.03,18322.0,101.104
2026-05-08 12:21:00-04:00,101.02,101.61,101.02,101.51,44978.0,101.425
2026-05-08 12:22:00-04:00,101.51,101.68,101.49,101.6,6636.0,101.599
2026-05-08 12:23:00-04:00,101.62,101.79,101.57,101.78,6442.0,101.668
2026-05-08 12:24:00-04:00,101.72,101.98,101.66,101.89,7570.0,101.845
2026-05-08 12:25:00-04:00,101.95,102.0,101.64,101.69,11993.0,101.869
2026-05-08 12:26:00-04:00,101.74,101.83,101.68,101.73,7564.0,101.756
2026-05-08 12:27:00-04:00,101.73,101.77,101.67,101.72,1200.0,101.715
2026-05-08 12:28:00-04:00,101.73,101.85,101.67,101.81,17322.0,101.737
2026-05-08 12:29:00-04:00,101.76,101.81,101.68,101.73,7293.0,101.745
2026-05-08 12:30:00-04:00,101.69,101.92,101.69,101.86,17255.0,101.788
2026-05-08 12:31:00-04:00,101.89,101.94,101.66,101.66,9672.0,101.781
2026-05-08 12:32:00-04:00,101.72,101.73,101.56,101.58,9219.0,101.631
2026-05-08 12:33:00-04:00,101.57,101.68,101.49,101.64,16832.0,101.566
2026-05-08 12:34:00-04:00,101.62,101.69,101.52,101.63,15783.0,101.605
2026-05-08 12:35:00-04:00,101.62,101.62,101.41,101.45,2459.0,101.523
2026-05-08 12:36:00-04:00,101.41,101.69,101.41,101.67,8533.0,101.521
2026-05-08 12:37:00-04:00,101.67,101.86,101.67,101.82,16004.0,101.773
2026-05-08 12:38:00-04:00,101.82,101.84,101.67,101.83,12375.0,101.763
2026-05-08 12:39:00-04:00,101.86,101.88,101.81,101.87,3874.0,101.839
2026-05-08 12:40:00-04:00,101.84,101.87,101.8,101.8,2499.0,101.84
2026-05-08 12:41:00-04:00,101.8,101.83,101.6,101.61,5090.0,101.753
2026-05-08 12:42:00-04:00,101.59,101.62,101.57,101.62,1380.0,101.599
2026-05-08 12:43:00-04:00,101.64,101.69,101.64,101.65,2582.0,101.663
2026-05-08 12:44:00-04:00,101.66,101.73,101.63,101.69,12269.0,101.682
2026-05-08 12:45:00-04:00,101.68,101.89,101.61,101.89,12273.0,101.78
2026-05-08 12:46:00-04:00,101.83,101.85,101.76,101.78,4216.0,101.799
2026-05-08 12:47:00-04:00,101.78,101.83,101.66,101.71,7774.0,101.736
2026-05-08 12:48:00-04:00,101.68,101.78,101.65,101.67,11685.0,101.725
2026-05-08 12:49:00-04:00,101.65,101.75,101.59,101.75,3279.0,101.636
2026-05-08 12:50:00-04:00,101.72,101.75,101.68,101.7,2110.0,101.714
2026-05-08 12:51:00-04:00,101.68,101.92,101.64,101.82,22655.0,101.739
2026-05-08 12:52:00-04:00,101.85,101.85,101.67,101.76,11489.0,101.75
2026-05-08 12:53:00-04:00,101.77,102.05,101.77,102.05,11988.0,101.954
2026-05-08 12:54:00-04:00,102.09,102.11,101.92,101.99,6386.0,102.007
2026-05-08 12:55:00-04:00,101.95,102.03,101.95,102.01,9037.0,102.0
2026-05-08 12:56:00-04:00,102.0,102.07,101.97,102.04,5470.0,102.009
2026-05-08 12:57:00-04:00,102.06,102.07,102.03,102.05,2320.0,102.053
2026-05-08 12:58:00-04:00,102.02,102.05,101.98,102.05,1568.0,102.007
2026-05-08 12:59:00-04:00,102.04,102.16,102.01,102.16,4873.0,102.066
2026-05-08 13:00:00-04:00,102.14,102.16,102.01,102.01,18636.0,102.085
2026-05-08 13:01:00-04:00,102.02,102.09,102.02,102.07,7797.0,102.053
2026-05-08 13:02:00-04:00,102.11,102.26,102.09,102.13,12902.0,102.179
2026-05-08 13:03:00-04:00,102.13,102.22,102.07,102.08,10636.0,102.158
2026-05-08 13:04:00-04:00,102.09,102.19,102.09,102.19,2400.0,102.16
2026-05-08 13:05:00-04:00,102.17,102.24,102.16,102.22,15420.0,102.194
2026-05-08 13:06:00-04:00,102.2,102.23,102.15,102.17,2289.0,102.188
2026-05-08 13:07:00-04:00,102.14,102.18,102.1,102.13,4792.0,102.136
2026-05-08 13:08:00-04:00,102.13,102.19,102.01,102.01,11585.0,102.073
2026-05-08 13:09:00-04:00,102.07,102.15,102.04,102.07,17629.0,102.088
2026-05-08 13:10:00-04:00,102.07,102.1,101.91,101.94,13387.0,102.058
2026-05-08 13:11:00-04:00,101.94,102.08,101.93,102.0,3506.0,102.003
2026-05-08 13:12:00-04:00,101.99,102.09,101.99,102.08,4612.0,102.056
2026-05-08 13:13:00-04:00,102.13,102.14,102.1,102.1,3296.0,102.115
2026-05-08 13:14:00-04:00,102.09,102.09,101.97,102.05,3608.0,102.022
2026-05-08 13:15:00-04:00,102.05,102.06,101.94,102.06,2380.0,102.002
2026-05-08 13:16:00-04:00,102.08,102.2,102.08,102.12,2671.0,102.138
2026-05-08 13:17:00-04:00,102.12,102.15,102.07,102.1,2474.0,102.095
2026-05-08 13:18:00-04:00,102.1,102.22,102.1,102.22,1705.0,102.167
2026-05-08 13:19:00-04:00,102.22,102.22,102.05,102.05,2825.0,102.136
2026-05-08 13:20:00-04:00,102.03,102.12,101.94,101.95,2120.0,102.04
2026-05-08 13:21:00-04:00,101.95,102.07,101.94,102.06,750.0,101.979
2026-05-08 13:22:00-04:00,102.03,102.09,102.03,102.06,1307.0,102.062
2026-05-08 13:23:00-04:00,102.08,102.13,102.07,102.12,2129.0,102.105
2026-05-08 13:24:00-04:00,102.1,102.1,101.94,102.03,7931.0,102.008
2026-05-08 13:25:00-04:00,102.02,102.15,102.02,102.1,12502.0,102.099
2026-05-08 13:26:00-04:00,102.11,102.12,101.99,102.02,1810.0,102.055
2026-05-08 13:27:00-04:00,102.04,102.07,102.01,102.01,1300.0,102.041
2026-05-08 13:28:00-04:00,101.99,102.02,101.94,101.94,7852.0,101.973
2026-05-08 13:29:00-04:00,101.97,102.01,101.83,101.91,8337.0,101.924
2026-05-08 13:30:00-04:00,101.94,102.03,101.9,102.01,4136.0,101.957
2026-05-08 13:31:00-04:00,102.05,102.07,102.0,102.01,8255.0,102.042
2026-05-08 13:32:00-04:00,102.01,102.16,102.01,102.13,11071.0,102.08
2026-05-08 13:33:00-04:00,102.13,102.27,102.09,102.27,4142.0,102.188
2026-05-08 13:34:00-04:00,102.29,102.38,102.27,102.35,12274.0,102.343
2026-05-08 13:35:00-04:00,102.32,102.43,102.21,102.42,44154.0,102.323
2026-05-08 13:36:00-04:00,102.38,102.41,102.26,102.3,5869.0,102.338
2026-05-08 13:37:00-04:00,102.32,102.33,102.28,102.28,2369.0,102.296
2026-05-08 13:38:00-04:00,102.28,102.29,102.02,102.03,8374.0,102.166
2026-05-08 13:39:00-04:00,101.99,102.24,101.99,102.1,21517.0,102.089
2026-05-08 13:40:00-04:00,102.11,102.17,102.08,102.15,6310.0,102.13
2026-05-08 13:41:00-04:00,102.14,102.14,102.12,102.13,200.0,102.133
2026-05-08 13:42:00-04:00,102.11,102.21,102.11,102.18,8617.0,102.158
2026-05-08 13:43:00-04:00,102.19,102.24,102.18,102.24,1679.0,102.216
2026-05-08 13:44:00-04:00,102.23,102.32,102.23,102.3,7464.0,102.288
2026-05-08 13:45:00-04:00,102.33,102.5,102.3,102.46,76386.0,102.378
2026-05-08 13:46:00-04:00,102.46,102.5,102.42,102.45,15152.0,102.451
2026-05-08 13:47:00-04:00,102.44,102.53,102.39,102.42,8926.0,102.429
2026-05-08 13:48:00-04:00,102.44,102.58,102.44,102.58,2051.0,102.514
2026-05-08 13:49:00-04:00,102.53,102.53,102.38,102.44,3727.0,102.448
2026-05-08 13:50:00-04:00,102.44,102.46,102.37,102.46,12534.0,102.405
2026-05-08 13:51:00-04:00,102.49,102.5,102.34,102.36,13415.0,102.417
2026-05-08 13:52:00-04:00,102.33,102.45,102.29,102.41,4675.0,102.378
2026-05-08 13:53:00-04:00,102.42,102.48,102.42,102.46,2429.0,102.455
2026-05-08 13:54:00-04:00,102.43,102.48,102.34,102.4,4377.0,102.414
2026-05-08 13:55:00-04:00,102.42,102.45,102.41,102.43,700.0,102.429
2026-05-08 13:56:00-04:00,102.44,102.47,102.4,102.47,1827.0,102.438
2026-05-08 13:57:00-04:00,102.5,102.5,102.43,102.43,3700.0,102.481
2026-05-08 13:58:00-04:00,102.42,102.44,102.37,102.39,2250.0,102.411
2026-05-08 13:59:00-04:00,102.4,102.48,102.23,102.28,16530.0,102.338
2026-05-08 14:00:00-04:00,102.27,102.45,102.25,102.34,19946.0,102.321
2026-05-08 14:01:00-04:00,102.35,102.42,102.12,102.13,16676.0,102.2
2026-05-08 14:02:00-04:00,102.15,102.16,101.9,101.93,13756.0,102.085
2026-05-08 14:03:00-04:00,101.91,101.92,101.84,101.84,14435.0,101.876
2026-05-08 14:04:00-04:00,101.87,101.93,101.83,101.85,9422.0,101.868
2026-05-08 14:05:00-04:00,101.87,102.03,101.82,102.0,22468.0,101.906
2026-05-08 14:06:00-04:00,101.98,101.99,101.84,101.89,18836.0,101.943
2026-05-08 14:07:00-04:00,101.92,101.97,101.83,101.97,15185.0,101.902
2026-05-08 14:08:00-04:00,102.0,102.21,101.97,102.16,7290.0,102.082
2026-05-08 14:09:00-04:00,102.23,102.23,102.05,102.05,5913.0,102.14
2026-05-08 14:10:00-04:00,102.05,102.1,102.05,102.08,2536.0,102.061
2026-05-08 14:11:00-04:00,102.07,102.12,101.95,101.95,17998.0,102.065
2026-05-08 14:12:00-04:00,101.95,102.05,101.95,102.02,7821.0,102.003
2026-05-08 14:13:00-04:00,102.02,102.2,101.95,102.19,13034.0,102.053
2026-05-08 14:14:00-04:00,102.22,102.35,102.22,102.33,8438.0,102.298
2026-05-08 14:15:00-04:00,102.32,102.39,102.24,102.27,3610.0,102.294
2026-05-08 14:16:00-04:00,102.27,102.29,102.2,102.21,5244.0,102.229
2026-05-08 14:17:00-04:00,102.25,102.25,102.19,102.19,2490.0,102.223
2026-05-08 14:18:00-04:00,102.19,102.19,102.08,102.14,1900.0,102.15
2026-05-08 14:19:00-04:00,102.11,102.17,102.1,102.16,4137.0,102.155
2026-05-08 14:20:00-04:00,102.19,102.26,102.18,102.25,5646.0,102.221
2026-05-08 14:21:00-04:00,102.27,102.41,102.26,102.33,27691.0,102.373
2026-05-08 14:22:00-04:00,102.29,102.39,102.29,102.36,25702.0,102.34
2026-05-08 14:23:00-04:00,102.36,102.43,102.34,102.35,4908.0,102.389
2026-05-08 14:24:00-04:00,102.36,102.4,102.33,102.4,1621.0,102.373
2026-05-08 14:25:00-04:00,102.43,102.43,102.35,102.37,6676.0,102.397
2026-05-08 14:26:00-04:00,102.37,102.5,102.36,102.39,12866.0,102.428
2026-05-08 14:27:00-04:00,102.38,102.45,102.38,102.4,4485.0,102.415
2026-05-08 14:28:00-04:00,102.38,102.42,102.3,102.3,4226.0,102.383
2026-05-08 14:29:00-04:00,102.34,102.39,102.32,102.33,2140.0,102.349
2026-05-08 14:30:00-04:00,102.33,102.33,102.13,102.13,11617.0,102.22
2026-05-08 14:31:00-04:00,102.11,102.11,102.0,102.0,3187.0,102.053
2026-05-08 14:32:00-04:00,102.02,102.18,102.01,102.16,10385.0,102.116
2026-05-08 14:33:00-04:00,102.14,102.2,102.13,102.19,3182.0,102.172
2026-05-08 14:34:00-04:00,102.17,102.25,102.14,102.25,3677.0,102.162
2026-05-08 14:35:00-04:00,102.22,102.32,102.22,102.32,900.0,102.272
2026-05-08 14:36:00-04:00,102.31,102.31,102.23,102.23,2600.0,102.263
2026-05-08 14:37:00-04:00,102.23,102.24,102.19,102.22,1370.0,102.222
2026-05-08 14:38:00-04:00,102.24,102.28,102.2,102.28,3835.0,102.243
2026-05-08 14:39:00-04:00,102.28,102.28,102.23,102.24,1817.0,102.248
2026-05-08 14:40:00-04:00,102.24,102.28,102.2,102.28,3394.0,102.234
2026-05-08 14:41:00-04:00,102.31,102.31,102.06,102.09,6980.0,102.203
2026-05-08 14:42:00-04:00,102.09,102.2,102.09,102.18,1380.0,102.154
2026-05-08 14:43:00-04:00,102.21,102.24,102.14,102.14,1774.0,102.181
2026-05-08 14:44:00-04:00,102.14,102.16,102.05,102.06,3948.0,102.085
2026-05-08 14:45:00-04:00,102.06,102.06,101.96,102.03,4558.0,101.996
2026-05-08 14:46:00-04:00,102.04,102.09,102.02,102.09,3160.0,102.057
2026-05-08 14:47:00-04:00,102.07,102.17,102.05,102.13,5732.0,102.115
2026-05-08 14:48:00-04:00,102.13,102.13,102.07,102.11,3546.0,102.098
2026-05-08 14:49:00-04:00,102.08,102.15,102.07,102.15,1802.0,102.093
2026-05-08 14:50:00-04:00,102.13,102.14,102.08,102.1,1924.0,102.119
2026-05-08 14:51:00-04:00,102.08,102.41,102.08,102.24,16975.0,102.307
2026-05-08 14:52:00-04:00,102.25,102.32,102.24,102.32,2610.0,102.273
2026-05-08 14:53:00-04:00,102.34,102.44,102.34,102.38,3988.0,102.381
2026-05-08 14:54:00-04:00,102.4,102.41,102.25,102.3,3909.0,102.36
2026-05-08 14:55:00-04:00,102.28,102.3,102.2,102.28,5616.0,102.252
2026-05-08 14:56:00-04:00,102.27,102.34,102.26,102.31,9798.0,102.305
2026-05-08 14:57:00-04:00,102.32,102.45,102.32,102.4,14614.0,102.383
2026-05-08 14:58:00-04:00,102.43,102.54,102.41,102.54,2092.0,102.456
2026-05-08 14:59:00-04:00,102.53,102.56,102.42,102.44,12022.0,102.493
2026-05-08 15:00:00-04:00,102.45,102.7,102.44,102.69,11113.0,102.614
2026-05-08 15:01:00-04:00,102.7,102.73,102.62,102.66,7934.0,102.675
2026-05-08 15:02:00-04:00,102.66,102.67,102.58,102.61,4535.0,102.625
2026-05-08 15:03:00-04:00,102.64,102.69,102.61,102.67,5449.0,102.653
2026-05-08 15:04:00-04:00,102.66,102.77,102.66,102.75,4991.0,102.734
2026-05-08 15:05:00-04:00,102.75,102.8,102.68,102.71,5358.0,102.769
2026-05-08 15:06:00-04:00,102.63,102.73,102.6,102.7,8379.0,102.671
2026-05-08 15:07:00-04:00,102.7,102.7,102.67,102.69,5726.0,102.679
2026-05-08 15:08:00-04:00,102.69,102.82,102.69,102.79,7623.0,102.771
2026-05-08 15:09:00-04:00,102.8,102.8,102.7,102.75,8597.0,102.746
2026-05-08 15:10:00-04:00,102.74,102.84,102.74,102.84,2830.0,102.786
2026-05-08 15:11:00-04:00,102.82,102.95,102.78,102.87,10446.0,102.867
2026-05-08 15:12:00-04:00,102.89,102.95,102.87,102.94,3659.0,102.908
2026-05-08 15:13:00-04:00,102.93,102.98,102.92,102.94,7547.0,102.941
2026-05-08 15:14:00-04:00,102.93,102.93,102.82,102.88,8267.0,102.858
2026-05-08 15:15:00-04:00,102.9,102.98,102.9,102.94,3777.0,102.953
2026-05-08 15:16:00-04:00,102.97,103.08,102.94,103.07,16321.0,103.012
2026-05-08 15:17:00-04:00,103.09,103.18,103.09,103.14,6910.0,103.124
2026-05-08 15:18:00-04:00,103.16,103.18,103.09,103.18,5798.0,103.136
2026-05-08 15:19:00-04:00,103.17,103.19,103.13,103.19,6934.0,103.165
2026-05-08 15:20:00-04:00,103.17,103.26,103.17,103.2,31533.0,103.233
2026-05-08 15:21:00-04:00,103.19,103.22,103.16,103.19,4346.0,103.195
2026-05-08 15:22:00-04:00,103.18,103.31,103.18,103.21,12416.0,103.253
2026-05-08 15:23:00-04:00,103.2,103.2,103.01,103.01,14476.0,103.121
2026-05-08 15:24:00-04:00,103.02,103.05,102.87,102.88,14880.0,102.997
2026-05-08 15:25:00-04:00,102.86,102.92,102.78,102.9,13029.0,102.845
2026-05-08 15:26:00-04:00,102.89,102.94,102.82,102.86,18338.0,102.858
2026-05-08 15:27:00-04:00,102.85,102.85,102.76,102.79,6509.0,102.798
2026-05-08 15:28:00-04:00,102.79,102.84,102.72,102.74,11308.0,102.778
2026-05-08 15:29:00-04:00,102.77,102.78,102.67,102.68,7236.0,102.723
2026-05-08 15:30:00-04:00,102.67,102.74,102.62,102.73,3962.0,102.69
2026-05-08 15:31:00-04:00,102.75,102.83,102.7,102.79,7141.0,102.75
2026-05-08 15:32:00-04:00,102.79,102.86,102.78,102.83,7332.0,102.823
2026-05-08 15:33:00-04:00,102.83,102.86,102.82,102.86,5145.0,102.837
2026-05-08 15:34:00-04:00,102.84,102.96,102.84,102.92,9619.0,102.896
2026-05-08 15:35:00-04:00,102.9,102.9,102.72,102.74,10781.0,102.828
2026-05-08 15:36:00-04:00,102.74,102.86,102.71,102.83,13014.0,102.77
2026-05-08 15:37:00-04:00,102.82,102.92,102.81,102.92,8699.0,102.876
2026-05-08 15:38:00-04:00,102.91,102.94,102.76,102.78,14877.0,102.845
2026-05-08 15:39:00-04:00,102.8,102.81,102.67,102.67,10717.0,102.749
2026-05-08 15:40:00-04:00,102.66,102.82,102.6,102.78,7758.0,102.685
2026-05-08 15:41:00-04:00,102.78,102.82,102.74,102.81,16486.0,102.799
2026-05-08 15:42:00-04:00,102.82,102.83,102.72,102.72,12613.0,102.797
2026-05-08 15:43:00-04:00,102.74,102.88,102.73,102.88,15003.0,102.795
2026-05-08 15:44:00-04:00,102.88,102.95,102.84,102.84,7436.0,102.9
2026-05-08 15:45:00-04:00,102.85,102.89,102.83,102.88,8715.0,102.849
2026-05-08 15:46:00-04:00,102.86,102.92,102.73,102.73,13050.0,102.852
2026-05-08 15:47:00-04:00,102.71,102.71,102.52,102.54,8983.0,102.597
2026-05-08 15:48:00-04:00,102.56,102.59,102.49,102.52,11876.0,102.543
2026-05-08 15:49:00-04:00,102.52,102.53,102.35,102.36,12891.0,102.46
2026-05-08 15:50:00-04:00,102.33,102.55,102.32,102.44,29944.0,102.459
2026-05-08 15:51:00-04:00,102.45,102.46,102.26,102.26,27340.0,102.341
2026-05-08 15:52:00-04:00,102.27,102.27,102.2,102.26,20329.0,102.224
2026-05-08 15:53:00-04:00,102.26,102.34,102.25,102.31,21702.0,102.297
2026-05-08 15:54:00-04:00,102.32,102.58,102.28,102.5,47427.0,102.41
2026-05-08 15:55:00-04:00,102.48,102.83,102.48,102.75,82362.0,102.687
2026-05-08 15:56:00-04:00,102.75,102.95,102.74,102.92,60217.0,102.835
2026-05-08 15:57:00-04:00,102.94,103.09,102.89,103.08,97276.0,103.006
2026-05-08 15:58:00-04:00,103.1,103.18,103.08,103.18,109603.0,103.13
2026-05-08 15:59:00-04:00,103.18,103.27,103.14,103.21,371640.0,103.207
2026-05-11 09:30:00-04:00,102.73,103.61,102.7,103.07,100318.0,102.861
2026-05-11 09:31:00-04:00,103.12,103.22,102.75,103.09,30441.0,102.942
2026-05-11 09:32:00-04:00,103.17,103.4,103.05,103.22,37504.0,103.233
2026-05-11 09:33:00-04:00,103.22,103.65,103.21,103.65,11936.0,103.422
2026-05-11 09:34:00-04:00,103.54,103.63,103.13,103.47,12155.0,103.425
2026-05-11 09:35:00-04:00,103.41,103.49,102.76,102.79,10705.0,103.117
2026-05-11 09:36:00-04:00,102.73,103.21,102.68,103.03,12760.0,102.974
2026-05-11 09:37:00-04:00,102.99,102.99,102.7,102.86,13863.0,102.853
2026-05-11 09:38:00-04:00,102.8,102.84,102.48,102.55,11254.0,102.605
2026-05-11 09:39:00-04:00,102.56,102.95,102.55,102.81,13088.0,102.782
2026-05-11 09:40:00-04:00,102.73,103.16,102.71,103.05,18609.0,102.94
2026-05-11 09:41:00-04:00,103.1,103.15,102.53,102.68,17114.0,102.747
2026-05-11 09:42:00-04:00,102.68,102.94,102.63,102.87,12109.0,102.796
2026-05-11 09:43:00-04:00,102.91,103.59,102.91,103.33,10210.0,103.283
2026-05-11 09:44:00-04:00,103.21,103.21,102.79,102.9,12160.0,102.857
2026-05-11 09:45:00-04:00,102.94,103.12,102.86,103.08,12880.0,102.982
2026-05-11 09:46:00-04:00,103.06,103.08,102.83,102.93,13006.0,102.959
2026-05-11 09:47:00-04:00,102.85,103.45,102.84,103.44,10065.0,103.057
2026-05-11 09:48:00-04:00,103.44,103.59,103.25,103.3,49166.0,103.443
2026-05-11 09:49:00-04:00,103.42,103.52,103.1,103.1,7137.0,103.398
2026-05-11 09:50:00-04:00,103.19,103.6,103.19,103.41,12645.0,103.411
2026-05-11 09:51:00-04:00,103.37,103.56,103.32,103.49,16146.0,103.399
2026-05-11 09:52:00-04:00,103.53,103.68,103.51,103.51,5798.0,103.596
2026-05-11 09:53:00-04:00,103.54,103.69,103.28,103.3,14508.0,103.516
2026-05-11 09:54:00-04:00,103.23,103.52,103.23,103.28,5910.0,103.389
2026-05-11 09:55:00-04:00,103.3,103.38,103.29,103.32,5603.0,103.331
2026-05-11 09:56:00-04:00,103.4,103.56,103.22,103.22,15331.0,103.426
2026-05-11 09:57:00-04:00,103.24,103.44,103.14,103.21,4575.0,103.322
2026-05-11 09:58:00-04:00,103.14,103.34,103.14,103.22,4136.0,103.253
2026-05-11 09:59:00-04:00,103.19,103.19,102.99,103.17,8107.0,103.104
2026-05-11 10:00:00-04:00,103.13,103.39,103.06,103.39,5146.0,103.217
2026-05-11 10:01:00-04:00,103.41,103.5,103.31,103.5,8351.0,103.438
2026-05-11 10:02:00-04:00,103.44,103.46,103.22,103.3,4702.0,103.336
2026-05-11 10:03:00-04:00,103.36,103.49,103.31,103.31,5219.0,103.407
2026-05-11 10:04:00-04:00,103.33,103.34,103.13,103.34,7470.0,103.263
2026-05-11 10:05:00-04:00,103.37,103.48,103.32,103.33,6262.0,103.379
2026-05-11 10:06:00-04:00,103.38,103.46,103.28,103.4,5225.0,103.39
2026-05-11 10:07:00-04:00,103.36,103.63,103.35,103.51,7407.0,103.526
2026-05-11 10:08:00-04:00,103.52,103.81,103.52,103.76,7543.0,103.696
2026-05-11 10:09:00-04:00,103.82,103.95,103.75,103.89,6750.0,103.858
2026-05-11 10:10:00-04:00,103.84,103.84,103.51,103.62,4362.0,103.636
2026-05-11 10:11:00-04:00,103.64,103.8,103.51,103.75,14278.0,103.668
2026-05-11 10:12:00-04:00,103.72,103.95,103.71,103.95,6113.0,103.809
2026-05-11 10:13:00-04:00,103.99,104.14,103.9,103.9,17564.0,104.01
2026-05-11 10:14:00-04:00,103.99,104.3,103.89,104.1,19624.0,104.049
2026-05-11 10:15:00-04:00,104.06,104.11,103.95,104.1,5088.0,104.042
2026-05-11 10:16:00-04:00,104.1,104.12,103.91,104.07,5972.0,104.027
2026-05-11 10:17:00-04:00,104.05,104.05,103.97,103.99,4468.0,103.998
2026-05-11 10:18:00-04:00,104.0,104.06,103.89,103.89,9959.0,103.998
2026-05-11 10:19:00-04:00,103.93,104.0,103.83,103.84,3440.0,103.896
2026-05-11 10:20:00-04:00,103.81,103.94,103.79,103.88,11873.0,103.861
2026-05-11 10:21:00-04:00,103.94,104.02,103.9,103.94,11406.0,103.96
2026-05-11 10:22:00-04:00,103.87,103.9,103.74,103.77,5132.0,103.797
2026-05-11 10:23:00-04:00,103.81,104.0,103.78,103.84,10239.0,103.934
2026-05-11 10:24:00-04:00,103.93,104.02,103.93,103.99,10968.0,103.985
2026-05-11 10:25:00-04:00,103.95,103.98,103.87,103.95,3593.0,103.918
2026-05-11 10:26:00-04:00,103.85,104.03,103.85,103.93,7993.0,103.947
2026-05-11 10:27:00-04:00,103.93,104.11,103.93,104.07,10410.0,104.035
2026-05-11 10:28:00-04:00,104.08,104.08,103.94,103.98,6121.0,103.989
2026-05-11 10:29:00-04:00,103.93,103.93,103.59,103.65,8018.0,103.793
2026-05-11 10:30:00-04:00,103.68,103.88,103.66,103.88,18215.0,103.77
2026-05-11 10:31:00-04:00,103.87,103.95,103.58,103.69,5049.0,103.745
2026-05-11 10:32:00-04:00,103.66,103.82,103.65,103.77,2871.0,103.737
2026-05-11 10:33:00-04:00,103.78,103.8,103.7,103.78,2764.0,103.76
2026-05-11 10:34:00-04:00,103.82,103.92,103.76,103.86,9688.0,103.861
2026-05-11 10:35:00-04:00,103.81,103.97,103.73,103.89,8114.0,103.86
2026-05-11 10:36:00-04:00,103.95,103.97,103.81,103.88,7757.0,103.905
2026-05-11 10:37:00-04:00,103.85,103.96,103.63,103.66,13153.0,103.832
2026-05-11 10:38:00-04:00,103.75,103.75,103.32,103.32,12275.0,103.455
2026-05-11 10:39:00-04:00,103.31,103.49,103.31,103.49,14497.0,103.402
2026-05-11 10:40:00-04:00,103.56,103.56,103.35,103.41,4146.0,103.464
2026-05-11 10:41:00-04:00,103.44,103.66,103.44,103.64,5795.0,103.55
2026-05-11 10:42:00-04:00,103.59,103.71,103.5,103.59,5641.0,103.583
2026-05-11 10:43:00-04:00,103.59,103.85,103.58,103.85,7162.0,103.74
2026-05-11 10:44:00-04:00,103.88,103.88,103.55,103.55,5542.0,103.723
2026-05-11 10:45:00-04:00,103.63,103.63,103.47,103.56,12016.0,103.52
2026-05-11 10:46:00-04:00,103.56,103.77,103.55,103.77,5545.0,103.676
2026-05-11 10:47:00-04:00,103.75,103.87,103.7,103.87,4257.0,103.749
2026-05-11 10:48:00-04:00,103.9,103.9,103.57,103.62,4405.0,103.697
2026-05-11 10:49:00-04:00,103.68,103.72,103.6,103.67,7996.0,103.653
2026-05-11 10:50:00-04:00,103.65,103.87,103.65,103.79,3736.0,103.777
2026-05-11 10:51:00-04:00,103.85,104.02,103.74,103.95,16840.0,103.914
2026-05-11 10:52:00-04:00,104.0,104.04,103.91,103.95,2924.0,103.992
2026-05-11 10:53:00-04:00,103.94,104.11,103.94,104.02,14383.0,104.071
2026-05-11 10:54:00-04:00,104.07,104.12,103.97,103.98,2240.0,104.041
2026-05-11 10:55:00-04:00,103.98,104.12,103.97,104.09,10485.0,104.075
2026-05-11 10:56:00-04:00,104.05,104.1,103.94,104.1,6586.0,104.013
2026-05-11 10:57:00-04:00,104.08,104.43,104.06,104.43,13674.0,104.233
2026-05-11 10:58:00-04:00,104.44,104.67,104.43,104.6,12722.0,104.529
2026-05-11 10:59:00-04:00,104.6,104.67,104.38,104.55,28438.0,104.53
2026-05-11 11:00:00-04:00,104.58,104.58,104.38,104.53,10306.0,104.471
2026-05-11 11:01:00-04:00,104.55,104.75,104.54,104.66,12657.0,104.645
2026-05-11 11:02:00-04:00,104.64,104.75,104.61,104.65,7885.0,104.671
2026-05-11 11:03:00-04:00,104.61,104.77,104.6,104.68,9357.0,104.706
2026-05-11 11:04:00-04:00,104.65,104.78,104.61,104.78,14029.0,104.679
2026-05-11 11:05:00-04:00,104.77,104.77,104.63,104.76,4309.0,104.72
2026-05-11 11:06:00-04:00,104.68,104.73,104.57,104.72,17383.0,104.632
2026-05-11 11:07:00-04:00,104.73,104.78,104.7,104.74,5512.0,104.748
2026-05-11 11:08:00-04:00,104.72,104.72,104.41,104.52,12195.0,104.631
2026-05-11 11:09:00-04:00,104.54,104.58,104.51,104.54,6442.0,104.541
2026-05-11 11:10:00-04:00,104.51,104.6,104.41,104.56,4258.0,104.489
2026-05-11 11:11:00-04:00,104.6,104.65,104.51,104.6,4100.0,104.577
2026-05-11 11:12:00-04:00,104.55,104.61,104.41,104.43,4603.0,104.535
2026-05-11 11:13:00-04:00,104.39,104.72,104.39,104.71,9928.0,104.565
2026-05-11 11:14:00-04:00,104.72,104.86,104.68,104.69,21155.0,104.771
2026-05-11 11:15:00-04:00,104.71,104.72,104.57,104.63,5169.0,104.626
2026-05-11 11:16:00-04:00,104.63,104.7,104.61,104.69,2841.0,104.662
2026-05-11 11:17:00-04:00,104.69,104.79,104.68,104.76,7271.0,104.734
2026-05-11 11:18:00-04:00,104.76,104.79,104.62,104.77,9650.0,104.679
2026-05-11 11:19:00-04:00,104.81,104.94,104.8,104.91,13102.0,104.918
2026-05-11 11:20:00-04:00,104.88,104.96,104.77,104.93,11247.0,104.843
2026-05-11 11:21:00-04:00,104.92,104.96,104.82,104.96,12141.0,104.898
2026-05-11 11:22:00-04:00,104.97,104.98,104.85,104.86,4075.0,104.921
2026-05-11 11:23:00-04:00,104.84,104.98,104.83,104.98,11451.0,104.918
2026-05-11 11:24:00-04:00,104.95,104.98,104.88,104.93,12410.0,104.917
2026-05-11 11:25:00-04:00,104.95,105.03,104.86,104.94,34291.0,104.98
2026-05-11 11:26:00-04:00,104.94,104.97,104.87,104.89,5041.0,104.916
2026-05-11 11:27:00-04:00,104.96,105.02,104.87,104.9,8066.0,104.949
2026-05-11 11:28:00-04:00,104.84,104.86,104.63,104.66,7440.0,104.76
2026-05-11 11:29:00-04:00,104.66,104.76,104.65,104.76,8624.0,104.709
2026-05-11 11:30:00-04:00,104.71,104.75,104.67,104.71,8172.0,104.717
2026-05-11 11:31:00-04:00,104.7,104.82,104.69,104.78,2626.0,104.778
2026-05-11 11:32:00-04:00,104.73,104.93,104.73,104.89,7455.0,104.824
2026-05-11 11:33:00-04:00,104.92,104.95,104.81,104.88,10855.0,104.885
2026-05-11 11:34:00-04:00,104.85,104.88,104.83,104.88,2040.0,104.853
2026-05-11 11:35:00-04:00,104.85,104.88,104.77,104.78,4903.0,104.837
2026-05-11 11:36:00-04:00,104.75,104.8,104.6,104.75,22397.0,104.685
2026-05-11 11:37:00-04:00,104.76,104.92,104.72,104.87,8194.0,104.795
2026-05-11 11:38:00-04:00,104.85,104.87,104.73,104.73,11659.0,104.828
2026-05-11 11:39:00-04:00,104.73,104.78,104.7,104.76,5970.0,104.754
2026-05-11 11:40:00-04:00,104.79,104.83,104.76,104.8,3452.0,104.793
2026-05-11 11:41:00-04:00,104.81,104.87,104.75,104.75,3127.0,104.798
2026-05-11 11:42:00-04:00,104.81,104.86,104.74,104.85,2912.0,104.791
2026-05-11 11:43:00-04:00,104.85,104.96,104.82,104.88,4675.0,104.892
2026-05-11 11:44:00-04:00,104.86,104.89,104.71,104.89,16210.0,104.774
2026-05-11 11:45:00-04:00,104.86,104.89,104.8,104.82,2475.0,104.848
2026-05-11 11:46:00-04:00,104.83,104.87,104.73,104.84,3179.0,104.816
2026-05-11 11:47:00-04:00,104.87,104.87,104.81,104.86,2583.0,104.848
2026-05-11 11:48:00-04:00,104.83,104.88,104.79,104.88,1216.0,104.829
2026-05-11 11:49:00-04:00,104.8,104.98,104.8,104.94,7027.0,104.937
2026-05-11 11:50:00-04:00,105.0,105.0,104.87,104.9,3208.0,104.956
2026-05-11 11:51:00-04:00,104.9,105.03,104.89,105.03,7431.0,104.95
2026-05-11 11:52:00-04:00,105.02,105.12,104.99,105.05,4181.0,105.042
2026-05-11 11:53:00-04:00,105.02,105.14,105.02,105.1,3077.0,105.1
2026-05-11 11:54:00-04:00,105.11,105.13,105.07,105.11,4665.0,105.097
2026-05-11 11:55:00-04:00,105.11,105.23,105.1,105.16,5815.0,105.168
2026-05-11 11:56:00-04:00,105.15,105.24,105.13,105.19,8180.0,105.175
2026-05-11 11:57:00-04:00,105.13,105.2,105.02,105.06,16483.0,105.09
2026-05-11 11:58:00-04:00,105.05,105.05,104.9,104.96,10982.0,104.994
2026-05-11 11:59:00-04:00,104.93,105.16,104.92,105.13,4304.0,105.05
2026-05-11 12:00:00-04:00,105.1,105.19,105.07,105.19,2010.0,105.103
2026-05-11 12:01:00-04:00,105.14,105.15,105.04,105.15,11980.0,105.107
2026-05-11 12:02:00-04:00,105.15,105.28,105.14,105.22,6807.0,105.199
2026-05-11 12:03:00-04:00,105.23,105.36,105.23,105.23,5956.0,105.297
2026-05-11 12:04:00-04:00,105.31,105.41,105.3,105.37,3515.0,105.371
2026-05-11 12:05:00-04:00,105.37,105.37,105.25,105.29,3973.0,105.3
2026-05-11 12:06:00-04:00,105.32,105.41,105.31,105.41,3649.0,105.356
2026-05-11 12:07:00-04:00,105.41,105.47,105.27,105.29,36070.0,105.322
2026-05-11 12:08:00-04:00,105.27,105.3,105.23,105.27,4440.0,105.267
2026-05-11 12:09:00-04:00,105.25,105.29,105.21,105.22,2583.0,105.236
2026-05-11 12:10:00-04:00,105.2,105.24,105.14,105.24,4924.0,105.201
2026-05-11 12:11:00-04:00,105.27,105.31,105.21,105.28,3823.0,105.252
2026-05-11 12:12:00-04:00,105.3,105.34,105.27,105.34,1110.0,105.304
2026-05-11 12:13:00-04:00,105.34,105.39,105.26,105.31,3179.0,105.313
2026-05-11 12:14:00-04:00,105.34,105.35,105.29,105.35,2675.0,105.316
2026-05-11 12:15:00-04:00,105.35,105.4,105.3,105.4,3716.0,105.344
2026-05-11 12:16:00-04:00,105.42,105.6,105.39,105.51,67300.0,105.511
2026-05-11 12:17:00-04:00,105.54,105.7,105.52,105.63,31235.0,105.655
2026-05-11 12:18:00-04:00,105.62,105.62,105.5,105.55,7720.0,105.533
2026-05-11 12:19:00-04:00,105.55,105.56,105.41,105.41,7120.0,105.496
2026-05-11 12:20:00-04:00,105.46,105.47,105.38,105.39,3875.0,105.428
2026-05-11 12:21:00-04:00,105.42,105.42,105.17,105.21,12247.0,105.235
2026-05-11 12:22:00-04:00,105.2,105.33,105.16,105.31,6222.0,105.252
2026-05-11 12:23:00-04:00,105.28,105.33,105.27,105.3,4376.0,105.298
2026-05-11 12:24:00-04:00,105.3,105.56,105.27,105.56,13997.0,105.418
2026-05-11 12:25:00-04:00,105.58,105.7,105.58,105.66,3593.0,105.649
2026-05-11 12:26:00-04:00,105.67,105.67,105.61,105.64,5817.0,105.642
2026-05-11 12:27:00-04:00,105.64,105.73,105.64,105.71,12684.0,105.693
2026-05-11 12:28:00-04:00,105.68,105.9,105.64,105.79,18860.0,105.778
2026-05-11 12:29:00-04:00,105.79,105.87,105.7,105.86,8691.0,105.795
2026-05-11 12:30:00-04:00,105.83,105.86,105.77,105.77,2292.0,105.815
2026-05-11 12:31:00-04:00,105.83,105.88,105.77,105.77,2972.0,105.828
2026-05-11 12:32:00-04:00,105.77,105.89,105.67,105.82,5096.0,105.773
2026-05-11 12:33:00-04:00,105.81,105.81,105.66,105.72,4676.0,105.725
2026-05-11 12:34:00-04:00,105.68,105.74,105.61,105.73,3903.0,105.672
2026-05-11 12:35:00-04:00,105.77,105.77,105.63,105.63,3436.0,105.668
2026-05-11 12:36:00-04:00,105.7,105.75,105.68,105.73,3643.0,105.716
2026-05-11 12:37:00-04:00,105.71,105.74,105.67,105.71,1200.0,105.704
2026-05-11 12:38:00-04:00,105.71,105.71,105.56,105.59,7929.0,105.62
2026-05-11 12:39:00-04:00,105.59,105.62,105.55,105.58,6800.0,105.588
2026-05-11 12:40:00-04:00,105.59,105.62,105.56,105.57,3669.0,105.598
2026-05-11 12:41:00-04:00,105.55,105.57,105.37,105.37,14145.0,105.504
2026-05-11 12:42:00-04:00,105.34,105.38,105.08,105.11,17741.0,105.206
2026-05-11 12:43:00-04:00,105.1,105.31,105.03,105.3,4509.0,105.143
2026-05-11 12:44:00-04:00,105.29,105.3,105.17,105.27,14178.0,105.254
2026-05-11 12:45:00-04:00,105.26,105.33,105.17,105.27,3137.0,105.258
2026-05-11 12:46:00-04:00,105.27,105.41,105.23,105.24,5678.0,105.337
2026-05-11 12:47:00-04:00,105.29,105.45,105.28,105.45,565.0,105.409
2026-05-11 12:48:00-04:00,105.44,105.44,105.39,105.4,1389.0,105.43
2026-05-11 12:49:00-04:00,105.44,105.44,105.34,105.37,1819.0,105.397
2026-05-11 12:50:00-04:00,105.37,105.37,105.24,105.24,5402.0,105.285
2026-05-11 12:51:00-04:00,105.25,105.28,105.24,105.25,2325.0,105.258
2026-05-11 12:52:00-04:00,105.25,105.25,105.17,105.18,3025.0,105.207
2026-05-11 12:53:00-04:00,105.11,105.18,105.06,105.15,2533.0,105.135
2026-05-11 12:54:00-04:00,105.1,105.19,105.1,105.16,10102.0,105.186
2026-05-11 12:55:00-04:00,105.11,105.18,105.02,105.17,3768.0,105.112
2026-05-11 12:56:00-04:00,105.17,105.21,105.08,105.11,4363.0,105.168
2026-05-11 12:57:00-04:00,105.18,105.23,104.97,104.97,6541.0,105.076
2026-05-11 12:58:00-04:00,104.95,105.02,104.91,104.95,8588.0,104.95
2026-05-11 12:59:00-04:00,104.89,104.94,104.86,104.88,1462.0,104.902
2026-05-11 13:00:00-04:00,104.92,105.03,104.91,105.03,2911.0,104.979
2026-05-11 13:01:00-04:00,105.03,105.03,104.86,104.91,2921.0,104.927
2026-05-11 13:02:00-04:00,104.88,104.91,104.7,104.71,12893.0,104.751
2026-05-11 13:03:00-04:00,104.68,104.88,104.67,104.81,5152.0,104.749
2026-05-11 13:04:00-04:00,104.82,104.86,104.82,104.86,621.0,104.831
2026-05-11 13:05:00-04:00,104.86,104.92,104.79,104.88,3562.0,104.886
2026-05-11 13:06:00-04:00,104.84,104.88,104.73,104.81,8980.0,104.824
2026-05-11 13:07:00-04:00,104.82,104.89,104.79,104.87,3460.0,104.864
2026-05-11 13:08:00-04:00,104.86,104.87,104.74,104.8,4017.0,104.82
2026-05-11 13:09:00-04:00,104.76,104.84,104.76,104.84,4912.0,104.808
2026-05-11 13:10:00-04:00,104.82,104.82,104.67,104.7,4571.0,104.735
2026-05-11 13:11:00-04:00,104.7,104.7,104.66,104.66,2203.0,104.674
2026-05-11 13:12:00-04:00,104.71,104.76,104.51,104.57,9779.0,104.678
2026-05-11 13:13:00-04:00,104.52,104.58,104.46,104.54,13318.0,104.499
2026-05-11 13:14:00-04:00,104.5,104.54,104.47,104.52,4949.0,104.512
2026-05-11 13:15:00-04:00,104.53,104.57,104.52,104.54,1500.0,104.56
2026-05-11 13:16:00-04:00,104.56,104.66,104.56,104.65,3353.0,104.611
2026-05-11 13:17:00-04:00,104.64,104.64,104.58,104.58,1631.0,104.613
2026-05-11 13:18:00-04:00,104.6,104.62,104.57,104.58,1494.0,104.607
2026-05-11 13:19:00-04:00,104.62,104.64,104.58,104.61,2776.0,104.614
2026-05-11 13:20:00-04:00,104.6,104.72,104.59,104.7,3940.0,104.662
2026-05-11 13:21:00-04:00,104.7,104.71,104.67,104.7,5104.0,104.7
2026-05-11 13:22:00-04:00,104.7,104.73,104.67,104.7,5624.0,104.702
2026-05-11 13:23:00-04:00,104.71,104.76,104.69,104.73,14207.0,104.725
2026-05-11 13:24:00-04:00,104.73,104.78,104.72,104.78,3817.0,104.746
2026-05-11 13:25:00-04:00,104.74,104.81,104.74,104.8,6131.0,104.769
2026-05-11 13:26:00-04:00,104.8,104.83,104.74,104.75,9419.0,104.787
2026-05-11 13:27:00-04:00,104.78,104.83,104.78,104.83,2000.0,104.817
2026-05-11 13:28:00-04:00,104.83,104.86,104.79,104.82,3970.0,104.827
2026-05-11 13:29:00-04:00,104.82,104.92,104.8,104.85,8039.0,104.852
2026-05-11 13:30:00-04:00,104.85,105.04,104.82,105.02,13680.0,104.935
2026-05-11 13:31:00-04:00,104.99,105.05,104.94,105.01,9224.0,105.003
2026-05-11 13:32:00-04:00,105.04,105.12,105.01,105.09,9818.0,105.085
2026-05-11 13:33:00-04:00,105.09,105.15,105.05,105.06,2441.0,105.114
2026-05-11 13:34:00-04:00,105.08,105.08,104.97,104.98,4056.0,105.022
2026-05-11 13:35:00-04:00,104.97,105.12,104.92,105.09,8927.0,105.025
2026-05-11 13:36:00-04:00,105.1,105.14,105.07,105.12,3120.0,105.108
2026-05-11 13:37:00-04:00,105.12,105.18,105.0,105.11,15823.0,105.049
2026-05-11 13:38:00-04:00,105.07,105.11,104.92,105.0,8486.0,105.004
2026-05-11 13:39:00-04:00,105.0,105.11,104.99,105.1,2776.0,105.08
2026-05-11 13:40:00-04:00,105.11,105.22,105.1,105.21,4025.0,105.172
2026-05-11 13:41:00-04:00,105.17,105.26,105.17,105.25,4656.0,105.232
2026-05-11 13:42:00-04:00,105.22,105.29,105.21,105.23,7557.0,105.268
2026-05-11 13:43:00-04:00,105.23,105.24,105.16,105.24,4246.0,105.212
2026-05-11 13:44:00-04:00,105.24,105.3,105.24,105.25,3644.0,105.269
2026-05-11 13:45:00-04:00,105.21,105.22,105.12,105.19,2870.0,105.19
2026-05-11 13:46:00-04:00,105.19,105.25,105.14,105.25,2710.0,105.217
2026-05-11 13:47:00-04:00,105.23,105.38,105.23,105.37,4729.0,105.301
2026-05-11 13:48:00-04:00,105.36,105.37,105.34,105.36,3517.0,105.36
2026-05-11 13:49:00-04:00,105.34,105.34,105.22,105.28,3555.0,105.277
2026-05-11 13:50:00-04:00,105.28,105.4,105.28,105.39,8139.0,105.358
2026-05-11 13:51:00-04:00,105.39,105.39,105.32,105.34,1227.0,105.353
2026-05-11 13:52:00-04:00,105.32,105.39,105.32,105.33,4582.0,105.363
2026-05-11 13:53:00-04:00,105.31,105.41,105.31,105.38,5218.0,105.387
2026-05-11 13:54:00-04:00,105.38,105.41,105.35,105.39,2497.0,105.392
2026-05-11 13:55:00-04:00,105.4,105.95,105.4,105.87,38270.0,105.745
2026-05-11 13:56:00-04:00,105.85,106.26,105.85,106.21,147187.0,106.066
2026-05-11 13:57:00-04:00,106.21,106.5,106.21,106.47,34678.0,106.31
2026-05-11 13:58:00-04:00,106.43,106.52,106.4,106.42,7583.0,106.448
2026-05-11 13:59:00-04:00,106.43,106.43,106.27,106.29,7616.0,106.36
2026-05-11 14:00:00-04:00,106.27,106.33,106.17,106.18,13517.0,106.25
2026-05-11 14:01:00-04:00,106.24,106.26,106.19,106.25,24755.0,106.196
2026-05-11 14:02:00-04:00,106.27,106.28,106.11,106.14,4551.0,106.182
2026-05-11 14:03:00-04:00,106.14,106.14,105.97,106.07,65594.0,106.032
2026-05-11 14:04:00-04:00,106.05,106.11,105.99,106.06,8716.0,106.065
2026-05-11 14:05:00-04:00,106.01,106.16,106.01,106.16,2955.0,106.105
2026-05-11 14:06:00-04:00,106.13,106.24,106.13,106.22,2456.0,106.192
2026-05-11 14:07:00-04:00,106.23,106.27,106.19,106.2,9377.0,106.231
2026-05-11 14:08:00-04:00,106.2,106.21,106.06,106.06,3783.0,106.14
2026-05-11 14:09:00-04:00,106.02,106.13,106.01,106.13,3007.0,106.07
2026-05-11 14:10:00-04:00,106.14,106.3,106.09,106.26,5234.0,106.195
2026-05-11 14:11:00-04:00,106.27,106.3,106.12,106.19,3039.0,106.202
2026-05-11 14:12:00-04:00,106.17,106.18,106.05,106.18,10628.0,106.109
2026-05-11 14:13:00-04:00,106.2,106.28,106.11,106.17,4287.0,106.191
2026-05-11 14:14:00-04:00,106.17,106.19,106.04,106.1,3230.0,106.114
2026-05-11 14:15:00-04:00,106.11,106.12,106.03,106.03,3157.0,106.076
2026-05-11 14:16:00-04:00,106.04,106.25,106.03,106.18,20682.0,106.131
2026-05-11 14:17:00-04:00,106.18,106.18,106.05,106.08,4269.0,106.128
2026-05-11 14:18:00-04:00,106.07,106.32,106.07,106.29,8852.0,106.222
2026-05-11 14:19:00-04:00,106.29,106.51,106.29,106.5,10477.0,106.389
2026-05-11 14:20:00-04:00,106.52,106.53,106.38,106.43,11094.0,106.434
2026-05-11 14:21:00-04:00,106.5,106.52,106.39,106.43,10095.0,106.459
2026-05-11 14:22:00-04:00,106.43,106.45,106.28,106.31,6956.0,106.371
2026-05-11 14:23:00-04:00,106.31,106.37,106.25,106.37,12925.0,106.313
2026-05-11 14:24:00-04:00,106.34,106.38,106.27,106.31,7220.0,106.341
2026-05-11 14:25:00-04:00,106.31,106.33,106.25,106.25,5659.0,106.294
2026-05-11 14:26:00-04:00,106.25,106.39,106.23,106.36,6390.0,106.326
2026-05-11 14:27:00-04:00,106.36,106.36,106.24,106.25,3943.0,106.292
2026-05-11 14:28:00-04:00,106.22,106.24,106.14,106.18,4234.0,106.212
2026-05-11 14:29:00-04:00,106.15,106.15,105.9,105.99,22215.0,105.957
2026-05-11 14:30:00-04:00,106.0,106.08,105.97,105.97,2655.0,106.034
2026-05-11 14:31:00-04:00,105.96,106.13,105.91,106.13,2529.0,106.01
2026-05-11 14:32:00-04:00,106.15,106.15,106.03,106.04,900.0,106.093
2026-05-11 14:33:00-04:00,106.04,106.2,106.01,106.2,4220.0,106.115
2026-05-11 14:34:00-04:00,106.22,106.26,106.21,106.21,3404.0,106.233
2026-05-11 14:35:00-04:00,106.28,106.41,106.28,106.34,6109.0,106.341
2026-05-11 14:36:00-04:00,106.31,106.41,106.19,106.27,19801.0,106.317
2026-05-11 14:37:00-04:00,106.2,106.27,106.18,106.18,7104.0,106.244
2026-05-11 14:38:00-04:00,106.22,106.28,106.17,106.26,10458.0,106.248
2026-05-11 14:39:00-04:00,106.3,106.32,106.28,106.29,2217.0,106.309
2026-05-11 14:40:00-04:00,106.28,106.36,106.26,106.35,3224.0,106.309
2026-05-11 14:41:00-04:00,106.35,106.35,106.2,106.26,1429.0,106.256
2026-05-11 14:42:00-04:00,106.3,106.41,106.26,106.41,3733.0,106.334
2026-05-11 14:43:00-04:00,106.42,106.42,106.31,106.31,1624.0,106.384
2026-05-11 14:44:00-04:00,106.31,106.32,106.19,106.21,3247.0,106.25
2026-05-11 14:45:00-04:00,106.19,106.21,106.15,106.15,9155.0,106.163
2026-05-11 14:46:00-04:00,106.15,106.2,106.03,106.08,14214.0,106.138
2026-05-11 14:47:00-04:00,106.03,106.2,106.0,106.2,5272.0,106.096
2026-05-11 14:48:00-04:00,106.19,106.19,106.11,106.11,4554.0,106.161
2026-05-11 14:49:00-04:00,106.09,106.12,106.04,106.08,920.0,106.075
2026-05-11 14:50:00-04:00,106.05,106.14,106.05,106.13,2956.0,106.108
2026-05-11 14:51:00-04:00,106.13,106.23,106.13,106.22,2288.0,106.175
2026-05-11 14:52:00-04:00,106.23,106.26,106.21,106.21,2232.0,106.233
2026-05-11 14:53:00-04:00,106.28,106.37,106.28,106.32,5203.0,106.319
2026-05-11 14:54:00-04:00,106.27,106.3,106.21,106.22,3283.0,106.253
2026-05-11 14:55:00-04:00,106.23,106.25,106.14,106.17,6225.0,106.201
2026-05-11 14:56:00-04:00,106.28,106.32,106.16,106.27,5496.0,106.269
2026-05-11 14:57:00-04:00,106.27,106.27,106.13,106.2,11041.0,106.192
2026-05-11 14:58:00-04:00,106.2,106.2,105.99,106.06,15418.0,106.057
2026-05-11 14:59:00-04:00,106.02,106.06,105.77,105.77,14800.0,105.937
2026-05-11 15:00:00-04:00,105.8,105.93,105.77,105.92,11622.0,105.814
2026-05-11 15:01:00-04:00,105.89,106.01,105.88,105.95,5467.0,105.954
2026-05-11 15:02:00-04:00,105.95,106.01,105.92,105.99,2082.0,105.972
2026-05-11 15:03:00-04:00,105.98,106.01,105.93,105.95,3123.0,105.983
2026-05-11 15:04:00-04:00,105.95,105.98,105.89,105.89,3841.0,105.922
2026-05-11 15:05:00-04:00,105.88,106.02,105.87,105.99,2866.0,105.966
2026-05-11 15:06:00-04:00,105.99,106.29,105.97,106.29,5925.0,106.122
2026-05-11 15:07:00-04:00,106.29,106.31,106.22,106.25,6057.0,106.269
2026-05-11 15:08:00-04:00,106.25,106.28,106.11,106.16,6924.0,106.184
2026-05-11 15:09:00-04:00,106.13,106.26,106.11,106.23,7515.0,106.196
2026-05-11 15:10:00-04:00,106.23,106.37,106.16,106.37,7930.0,106.226
2026-05-11 15:11:00-04:00,106.31,106.39,106.28,106.39,4580.0,106.337
2026-05-11 15:12:00-04:00,106.38,106.6,106.35,106.53,29643.0,106.419
2026-05-11 15:13:00-04:00,106.53,106.6,106.44,106.46,14583.0,106.541
2026-05-11 15:14:00-04:00,106.46,106.49,106.39,106.4,5551.0,106.447
2026-05-11 15:15:00-04:00,106.39,106.4,106.25,106.32,6332.0,106.323
2026-05-11 15:16:00-04:00,106.29,106.38,106.27,106.34,6366.0,106.309
2026-05-11 15:17:00-04:00,106.39,106.49,106.36,106.46,5795.0,106.441
2026-05-11 15:18:00-04:00,106.49,106.54,106.35,106.38,17460.0,106.438
2026-05-11 15:19:00-04:00,106.39,106.54,106.36,106.54,5714.0,106.46
2026-05-11 15:20:00-04:00,106.5,106.58,106.49,106.51,5602.0,106.544
2026-05-11 15:21:00-04:00,106.48,106.58,106.45,106.46,9231.0,106.535
2026-05-11 15:22:00-04:00,106.46,106.46,106.36,106.39,4095.0,106.402
2026-05-11 15:23:00-04:00,106.39,106.5,106.38,106.46,6738.0,106.445
2026-05-11 15:24:00-04:00,106.48,106.51,106.41,106.41,7147.0,106.48
2026-05-11 15:25:00-04:00,106.43,106.48,106.29,106.36,3601.0,106.408
2026-05-11 15:26:00-04:00,106.31,106.31,106.14,106.14,4478.0,106.234
2026-05-11 15:27:00-04:00,106.18,106.2,106.14,106.14,5575.0,106.167
2026-05-11 15:28:00-04:00,106.15,106.22,106.12,106.17,7429.0,106.159
2026-05-11 15:29:00-04:00,106.13,106.13,105.99,106.06,5768.0,106.036
2026-05-11 15:30:00-04:00,106.06,106.22,106.04,106.2,10684.0,106.146
2026-05-11 15:31:00-04:00,106.21,106.29,106.14,106.29,3600.0,106.212
2026-05-11 15:32:00-04:00,106.3,106.41,106.3,106.34,4903.0,106.364
2026-05-11 15:33:00-04:00,106.32,106.41,106.32,106.35,4214.0,106.373
2026-05-11 15:34:00-04:00,106.35,106.35,106.25,106.27,3445.0,106.307
2026-05-11 15:35:00-04:00,106.26,106.28,106.17,106.25,6193.0,106.231
2026-05-11 15:36:00-04:00,106.26,106.32,106.26,106.32,5267.0,106.282
2026-05-11 15:37:00-04:00,106.31,106.35,106.27,106.33,3802.0,106.319
2026-05-11 15:38:00-04:00,106.33,106.39,106.26,106.36,8894.0,106.327
2026-05-11 15:39:00-04:00,106.38,106.43,106.35,106.37,9521.0,106.387
2026-05-11 15:40:00-04:00,106.38,106.5,106.38,106.47,11101.0,106.45
2026-05-11 15:41:00-04:00,106.47,106.61,106.47,106.59,15037.0,106.536
2026-05-11 15:42:00-04:00,106.59,106.68,106.56,106.68,8165.0,106.608
2026-05-11 15:43:00-04:00,106.68,106.72,106.53,106.64,11204.0,106.637
2026-05-11 15:44:00-04:00,106.62,106.65,106.59,106.61,14023.0,106.605
2026-05-11 15:45:00-04:00,106.6,106.74,106.53,106.73,63619.0,106.654
2026-05-11 15:46:00-04:00,106.72,106.83,106.72,106.82,28953.0,106.774
2026-05-11 15:47:00-04:00,106.81,106.91,106.81,106.89,19485.0,106.871
2026-05-11 15:48:00-04:00,106.9,106.93,106.81,106.81,7935.0,106.879
2026-05-11 15:49:00-04:00,106.84,106.88,106.82,106.87,22376.0,106.863
2026-05-11 15:50:00-04:00,106.86,107.16,106.81,107.13,53667.0,107.009
2026-05-11 15:51:00-04:00,107.15,107.15,106.93,106.96,17543.0,107.019
2026-05-11 15:52:00-04:00,106.97,106.97,106.7,106.7,15133.0,106.857
2026-05-11 15:53:00-04:00,106.72,106.87,106.68,106.85,44969.0,106.77
2026-05-11 15:54:00-04:00,106.86,107.1,106.76,107.07,47613.0,106.963
2026-05-11 15:55:00-04:00,107.07,107.16,106.97,107.16,39705.0,107.074
2026-05-11 15:56:00-04:00,107.17,107.21,107.04,107.07,54828.0,107.121
2026-05-11 15:57:00-04:00,107.08,107.24,107.03,107.1,67133.0,107.138
2026-05-11 15:58:00-04:00,107.12,107.23,107.11,107.2,62208.0,107.168
2026-05-11 15:59:00-04:00,107.2,107.25,107.14,107.22,173809.0,107.219
2026-05-12 09:30:00-04:00,104.34,105.0,104.0,104.06,87698.0,104.387
2026-05-12 09:31:00-04:00,104.17,104.48,103.67,103.75,13562.0,104.063
2026-05-12 09:32:00-04:00,103.75,103.75,103.2,103.67,14768.0,103.537
2026-05-12 09:33:00-04:00,103.56,103.6,103.29,103.42,6163.0,103.46
2026-05-12 09:34:00-04:00,103.42,103.59,102.94,103.49,28176.0,103.246
2026-05-12 09:35:00-04:00,103.49,103.49,102.88,103.08,21160.0,103.077
2026-05-12 09:36:00-04:00,103.05,103.15,102.84,102.95,12656.0,103.019
2026-05-12 09:37:00-04:00,102.97,103.29,102.86,103.15,15460.0,103.076
2026-05-12 09:38:00-04:00,103.15,103.51,103.03,103.43,9685.0,103.258
2026-05-12 09:39:00-04:00,103.4,104.04,103.37,103.97,22711.0,103.781
2026-05-12 09:40:00-04:00,103.97,104.21,103.97,104.02,12652.0,104.072
2026-05-12 09:41:00-04:00,104.13,104.2,104.02,104.02,6659.0,104.11
2026-05-12 09:42:00-04:00,104.14,104.51,104.07,104.24,8781.0,104.262
2026-05-12 09:43:00-04:00,104.38,104.49,104.3,104.44,7133.0,104.388
2026-05-12 09:44:00-04:00,104.44,104.53,103.89,104.07,18161.0,104.131
2026-05-12 09:45:00-04:00,104.07,104.1,103.91,103.95,13270.0,103.995
2026-05-12 09:46:00-04:00,103.95,104.09,103.58,103.61,52333.0,103.95
2026-05-12 09:47:00-04:00,103.6,103.67,103.09,103.09,11120.0,103.282
2026-05-12 09:48:00-04:00,103.04,103.13,102.96,103.03,14187.0,103.05
2026-05-12 09:49:00-04:00,103.06,103.29,103.02,103.25,9706.0,103.167
2026-05-12 09:50:00-04:00,103.15,103.26,103.04,103.16,6512.0,103.149
2026-05-12 09:51:00-04:00,103.17,103.29,103.07,103.25,3871.0,103.178
2026-05-12 09:52:00-04:00,103.2,103.37,103.17,103.24,4801.0,103.26
2026-05-12 09:53:00-04:00,103.28,103.35,103.19,103.33,8524.0,103.293
2026-05-12 09:54:00-04:00,103.36,103.47,103.19,103.23,11010.0,103.313
2026-05-12 09:55:00-04:00,103.17,103.17,102.57,102.68,15236.0,102.834
2026-05-12 09:56:00-04:00,102.68,102.71,101.91,101.97,51749.0,102.265
2026-05-12 09:57:00-04:00,101.92,102.24,101.91,102.21,24911.0,102.072
2026-05-12 09:58:00-04:00,102.18,102.25,101.94,102.02,28203.0,102.155
2026-05-12 09:59:00-04:00,101.99,102.01,101.75,101.83,9489.0,101.865
2026-05-12 10:00:00-04:00,101.89,102.1,101.8,102.07,28027.0,101.922
2026-05-12 10:01:00-04:00,102.1,102.44,102.04,102.4,11927.0,102.185
2026-05-12 10:02:00-04:00,102.38,102.65,102.08,102.16,7638.0,102.364
2026-05-12 10:03:00-04:00,102.16,102.2,101.83,101.91,7771.0,101.985
2026-05-12 10:04:00-04:00,101.87,101.9,101.56,101.72,18948.0,101.73
2026-05-12 10:05:00-04:00,101.72,101.87,101.72,101.84,15810.0,101.788
2026-05-12 10:06:00-04:00,101.82,101.96,101.65,101.77,26974.0,101.806
2026-05-12 10:07:00-04:00,101.83,101.85,101.38,101.43,24907.0,101.652
2026-05-12 10:08:00-04:00,101.43,101.68,101.38,101.68,38930.0,101.487
2026-05-12 10:09:00-04:00,101.7,101.83,101.68,101.77,19689.0,101.761
2026-05-12 10:10:00-04:00,101.74,101.81,101.48,101.53,29038.0,101.615
2026-05-12 10:11:00-04:00,101.62,101.64,101.44,101.61,21137.0,101.524
2026-05-12 10:12:00-04:00,101.61,102.12,101.61,101.94,23681.0,101.895
2026-05-12 10:13:00-04:00,101.96,102.12,101.92,102.05,10502.0,102.039
2026-05-12 10:14:00-04:00,102.07,102.24,102.07,102.19,19252.0,102.168
2026-05-12 10:15:00-04:00,102.19,102.56,102.13,102.53,20926.0,102.286
2026-05-12 10:16:00-04:00,102.56,102.62,102.29,102.34,19446.0,102.399
2026-05-12 10:17:00-04:00,102.36,102.44,102.19,102.19,4019.0,102.329
2026-05-12 10:18:00-04:00,102.16,102.17,101.94,102.16,3900.0,102.057
2026-05-12 10:19:00-04:00,102.22,102.47,102.22,102.46,4633.0,102.392
2026-05-12 10:20:00-04:00,102.46,102.52,102.12,102.12,8961.0,102.326
2026-05-12 10:21:00-04:00,102.16,102.23,101.73,101.83,10554.0,101.985
2026-05-12 10:22:00-04:00,101.81,101.94,101.73,101.8,3748.0,101.822
2026-05-12 10:23:00-04:00,101.86,101.98,101.76,101.76,8101.0,101.884
2026-05-12 10:24:00-04:00,101.76,101.86,101.71,101.83,8447.0,101.775
2026-05-12 10:25:00-04:00,101.83,101.92,101.69,101.78,7274.0,101.802
2026-05-12 10:26:00-04:00,101.75,101.81,101.33,101.38,27494.0,101.561
2026-05-12 10:27:00-04:00,101.34,101.39,101.19,101.26,18178.0,101.307
2026-05-12 10:28:00-04:00,101.24,101.44,101.18,101.2,56771.0,101.291
2026-05-12 10:29:00-04:00,101.2,101.42,101.17,101.33,26833.0,101.313
2026-05-12 10:30:00-04:00,101.35,101.36,100.94,100.98,28654.0,101.166
2026-05-12 10:31:00-04:00,100.97,101.06,100.67,100.88,33665.0,100.884
2026-05-12 10:32:00-04:00,100.84,101.07,100.51,100.58,20679.0,100.819
2026-05-12 10:33:00-04:00,100.58,100.65,100.39,100.52,23286.0,100.48
2026-05-12 10:34:00-04:00,100.49,100.69,100.44,100.65,18836.0,100.542
2026-05-12 10:35:00-04:00,100.66,100.67,100.33,100.46,13565.0,100.485
2026-05-12 10:36:00-04:00,100.53,100.63,100.35,100.46,15469.0,100.482
2026-05-12 10:37:00-04:00,100.51,100.9,100.46,100.9,9930.0,100.683
2026-05-12 10:38:00-04:00,100.88,101.22,100.88,101.17,22015.0,101.063
2026-05-12 10:39:00-04:00,101.16,101.21,100.95,101.07,41269.0,101.125
2026-05-12 10:40:00-04:00,101.08,101.08,100.71,100.84,19282.0,100.842
2026-05-12 10:41:00-04:00,100.84,101.06,100.62,100.98,18223.0,100.875
2026-05-12 10:42:00-04:00,101.01,101.24,100.93,101.23,5799.0,101.07
2026-05-12 10:43:00-04:00,101.25,101.34,100.91,100.95,11227.0,101.055
2026-05-12 10:44:00-04:00,100.94,101.03,100.79,100.81,5795.0,100.911
2026-05-12 10:45:00-04:00,100.7,100.75,100.64,100.75,5753.0,100.692
2026-05-12 10:46:00-04:00,100.78,100.8,100.56,100.56,4120.0,100.7
2026-05-12 10:47:00-04:00,100.56,100.8,100.56,100.7,7428.0,100.657
2026-05-12 10:48:00-04:00,100.67,100.69,100.54,100.58,3471.0,100.604
2026-05-12 10:49:00-04:00,100.55,100.62,100.5,100.54,7874.0,100.56
2026-05-12 10:50:00-04:00,100.57,100.6,100.34,100.42,6868.0,100.488
2026-05-12 10:51:00-04:00,100.38,100.5,100.23,100.28,9264.0,100.354
2026-05-12 10:52:00-04:00,100.34,100.83,100.33,100.82,7238.0,100.609
2026-05-12 10:53:00-04:00,100.77,101.07,100.77,101.01,3852.0,100.925
2026-05-12 10:54:00-04:00,101.01,101.02,100.83,100.85,4091.0,100.937
2026-05-12 10:55:00-04:00,100.85,100.87,100.75,100.76,6428.0,100.813
2026-05-12 10:56:00-04:00,100.75,100.85,100.67,100.7,5681.0,100.752
2026-05-12 10:57:00-04:00,100.7,100.7,100.44,100.56,12238.0,100.579
2026-05-12 10:58:00-04:00,100.59,100.62,100.21,100.21,11683.0,100.414
2026-05-12 10:59:00-04:00,100.23,100.24,100.09,100.11,4017.0,100.157
2026-05-12 11:00:00-04:00,100.11,100.3,100.06,100.19,13558.0,100.219
2026-05-12 11:01:00-04:00,100.19,100.32,100.08,100.09,19974.0,100.204
2026-05-12 11:02:00-04:00,100.09,100.17,100.01,100.01,7595.0,100.109
2026-05-12 11:03:00-04:00,100.0,100.14,99.97,100.09,19172.0,100.028
2026-05-12 11:04:00-04:00,100.13,100.26,100.05,100.05,7572.0,100.182
2026-05-12 11:05:00-04:00,100.07,100.08,99.88,100.05,11030.0,99.953
2026-05-12 11:06:00-04:00,100.09,100.28,100.01,100.06,10281.0,100.108
2026-05-12 11:07:00-04:00,100.1,100.2,100.05,100.13,6687.0,100.129
2026-05-12 11:08:00-04:00,100.09,100.12,99.86,100.07,12865.0,99.989
2026-05-12 11:09:00-04:00,100.07,100.26,100.07,100.17,11710.0,100.188
2026-05-12 11:10:00-04:00,100.14,100.22,100.0,100.12,8749.0,100.087
2026-05-12 11:11:00-04:00,100.12,100.17,99.96,99.97,2156.0,100.084
2026-05-12 11:12:00-04:00,99.93,99.93,99.69,99.82,12192.0,99.777
2026-05-12 11:13:00-04:00,99.79,99.86,99.65,99.8,16827.0,99.752
2026-05-12 11:14:00-04:00,99.72,99.72,99.55,99.6,14760.0,99.611
2026-05-12 11:15:00-04:00,99.61,99.62,99.44,99.44,21885.0,99.51
2026-05-12 11:16:00-04:00,99.42,99.56,99.31,99.4,22657.0,99.442
2026-05-12 11:17:00-04:00,99.36,99.44,99.25,99.36,15374.0,99.301
2026-05-12 11:18:00-04:00,99.36,99.37,99.05,99.13,18981.0,99.19
2026-05-12 11:19:00-04:00,99.05,99.21,99.0,99.2,29644.0,99.082
2026-05-12 11:20:00-04:00,99.19,99.34,99.09,99.33,18544.0,99.238
2026-05-12 11:21:00-04:00,99.32,99.4,99.25,99.37,14331.0,99.315
2026-05-12 11:22:00-04:00,99.33,99.43,99.2,99.23,6831.0,99.316
2026-05-12 11:23:00-04:00,99.23,99.32,99.01,99.01,9311.0,99.222
2026-05-12 11:24:00-04:00,99.0,99.01,98.81,98.9,16556.0,98.9
2026-05-12 11:25:00-04:00,98.97,99.08,98.87,98.88,11707.0,98.979
2026-05-12 11:26:00-04:00,98.85,99.08,98.8,99.02,9299.0,98.902
2026-05-12 11:27:00-04:00,99.05,99.17,98.96,99.11,5842.0,99.059
2026-05-12 11:28:00-04:00,99.11,99.12,98.89,98.99,12858.0,98.971
2026-05-12 11:29:00-04:00,98.96,99.01,98.76,98.9,11539.0,98.881
2026-05-12 11:30:00-04:00,98.91,99.17,98.91,99.1,12193.0,99.044
2026-05-12 11:31:00-04:00,99.17,99.26,99.08,99.23,9257.0,99.154
2026-05-12 11:32:00-04:00,99.25,99.43,99.24,99.33,9390.0,99.317
2026-05-12 11:33:00-04:00,99.36,99.49,99.21,99.39,7370.0,99.365
2026-05-12 11:34:00-04:00,99.39,99.75,99.39,99.72,9849.0,99.629
2026-05-12 11:35:00-04:00,99.71,99.83,99.34,99.34,5883.0,99.612
2026-05-12 11:36:00-04:00,99.34,99.59,99.29,99.44,7674.0,99.446
2026-05-12 11:37:00-04:00,99.41,99.65,99.41,99.61,12087.0,99.582
2026-05-12 11:38:00-04:00,99.66,99.95,99.66,99.95,8429.0,99.816
2026-05-12 11:39:00-04:00,99.94,100.0,99.77,99.77,11386.0,99.894
2026-05-12 11:40:00-04:00,99.78,99.87,99.78,99.82,3272.0,99.831
2026-05-12 11:41:00-04:00,99.82,99.85,99.63,99.66,10585.0,99.73
2026-05-12 11:42:00-04:00,99.61,99.67,99.5,99.56,4360.0,99.588
2026-05-12 11:43:00-04:00,99.68,99.83,99.56,99.81,9323.0,99.711
2026-05-12 11:44:00-04:00,99.83,99.87,99.69,99.75,6065.0,99.763
2026-05-12 11:45:00-04:00,99.75,99.76,99.55,99.59,14369.0,99.644
2026-05-12 11:46:00-04:00,99.62,99.64,99.46,99.58,12862.0,99.537
2026-05-12 11:47:00-04:00,99.57,99.66,99.51,99.51,5364.0,99.596
2026-05-12 11:48:00-04:00,99.6,99.63,99.46,99.59,8331.0,99.545
2026-05-12 11:49:00-04:00,99.59,99.67,99.56,99.64,5448.0,99.615
2026-05-12 11:50:00-04:00,99.7,99.78,99.6,99.72,5708.0,99.706
2026-05-12 11:51:00-04:00,99.74,99.8,99.6,99.74,4708.0,99.712
2026-05-12 11:52:00-04:00,99.73,99.78,99.55,99.6,3144.0,99.654
2026-05-12 11:53:00-04:00,99.62,99.62,99.35,99.42,12255.0,99.473
2026-05-12 11:54:00-04:00,99.38,99.38,99.26,99.31,2940.0,99.3
2026-05-12 11:55:00-04:00,99.27,99.3,99.13,99.28,7601.0,99.205
2026-05-12 11:56:00-04:00,99.27,99.37,99.17,99.18,4290.0,99.279
2026-05-12 11:57:00-04:00,99.19,99.22,99.0,99.03,11782.0,99.117
2026-05-12 11:58:00-04:00,99.06,99.12,99.03,99.09,9473.0,99.073
2026-05-12 11:59:00-04:00,99.09,99.24,99.05,99.16,5977.0,99.128
2026-05-12 12:00:00-04:00,99.07,99.27,98.98,99.27,3179.0,99.12
2026-05-12 12:01:00-04:00,99.19,99.46,99.19,99.46,3936.0,99.342
2026-05-12 12:02:00-04:00,99.47,99.49,99.37,99.38,3263.0,99.429
2026-05-12 12:03:00-04:00,99.49,99.64,99.49,99.58,8207.0,99.575
2026-05-12 12:04:00-04:00,99.56,99.56,99.35,99.5,4811.0,99.432
2026-05-12 12:05:00-04:00,99.46,99.56,99.43,99.47,2764.0,99.507
2026-05-12 12:06:00-04:00,99.53,99.7,99.53,99.7,10867.0,99.652
2026-05-12 12:07:00-04:00,99.7,99.78,99.59,99.59,11414.0,99.673
2026-05-12 12:08:00-04:00,99.59,99.59,99.24,99.24,5766.0,99.416
2026-05-12 12:09:00-04:00,99.21,99.3,99.21,99.27,3294.0,99.256
2026-05-12 12:10:00-04:00,99.25,99.37,99.24,99.37,8141.0,99.313
2026-05-12 12:11:00-04:00,99.34,99.44,99.26,99.28,4036.0,99.329
2026-05-12 12:12:00-04:00,99.3,99.48,99.3,99.46,4785.0,99.411
2026-05-12 12:13:00-04:00,99.48,99.54,99.37,99.48,15565.0,99.481
2026-05-12 12:14:00-04:00,99.54,99.54,99.35,99.38,4674.0,99.433
2026-05-12 12:15:00-04:00,99.35,99.46,99.3,99.37,5353.0,99.375
2026-05-12 12:16:00-04:00,99.38,99.42,99.27,99.33,58753.0,99.312
2026-05-12 12:17:00-04:00,99.31,99.4,99.31,99.33,3320.0,99.344
2026-05-12 12:18:00-04:00,99.34,99.37,99.15,99.15,7084.0,99.256
2026-05-12 12:19:00-04:00,99.19,99.2,99.01,99.04,2705.0,99.132
2026-05-12 12:20:00-04:00,99.01,99.05,98.96,99.0,3907.0,99.002
2026-05-12 12:21:00-04:00,99.0,99.03,98.92,98.94,6568.0,98.987
2026-05-12 12:22:00-04:00,98.89,99.04,98.89,99.0,3788.0,99.001
2026-05-12 12:23:00-04:00,99.01,99.01,98.74,98.74,11656.0,98.846
2026-05-12 12:24:00-04:00,98.76,98.79,98.66,98.74,8580.0,98.736
2026-05-12 12:25:00-04:00,98.74,98.8,98.68,98.77,5945.0,98.724
2026-05-12 12:26:00-04:00,98.77,98.85,98.74,98.84,4686.0,98.802
2026-05-12 12:27:00-04:00,98.83,98.89,98.81,98.85,4788.0,98.843
2026-05-12 12:28:00-04:00,98.87,99.0,98.86,99.0,7693.0,98.903
2026-05-12 12:29:00-04:00,99.02,99.06,98.86,98.96,8234.0,98.918
2026-05-12 12:30:00-04:00,98.96,99.07,98.95,98.97,3451.0,99.019
2026-05-12 12:31:00-04:00,98.95,98.98,98.84,98.9,5893.0,98.909
2026-05-12 12:32:00-04:00,98.84,98.95,98.84,98.88,2510.0,98.899
2026-05-12 12:33:00-04:00,98.85,99.02,98.83,98.97,6746.0,98.926
2026-05-12 12:34:00-04:00,98.97,99.13,98.93,99.0,4024.0,99.034
2026-05-12 12:35:00-04:00,98.98,99.09,98.95,99.07,10570.0,99.01
2026-05-12 12:36:00-04:00,99.06,99.35,99.06,99.35,8608.0,99.183
2026-05-12 12:37:00-04:00,99.44,99.6,99.36,99.36,10273.0,99.479
2026-05-12 12:38:00-04:00,99.36,99.41,99.19,99.22,2751.0,99.273
2026-05-12 12:39:00-04:00,99.23,99.28,99.01,99.14,5700.0,99.119
2026-05-12 12:40:00-04:00,99.1,99.26,99.02,99.19,1930.0,99.108
2026-05-12 12:41:00-04:00,99.23,99.26,99.02,99.04,3238.0,99.096
2026-05-12 12:42:00-04:00,98.99,99.02,98.84,98.84,1810.0,98.927
2026-05-12 12:43:00-04:00,98.82,98.98,98.82,98.97,19662.0,98.942
2026-05-12 12:44:00-04:00,98.97,99.08,98.97,99.07,4745.0,99.017
2026-05-12 12:45:00-04:00,99.16,99.24,99.01,99.24,2872.0,99.105
2026-05-12 12:46:00-04:00,99.21,99.22,99.11,99.13,4908.0,99.182
2026-05-12 12:47:00-04:00,99.15,99.19,99.1,99.1,2200.0,99.145
2026-05-12 12:48:00-04:00,99.08,99.15,99.08,99.13,2505.0,99.125
2026-05-12 12:49:00-04:00,99.14,99.32,99.13,99.21,3500.0,99.205
2026-05-12 12:50:00-04:00,99.21,99.34,99.21,99.34,2332.0,99.302
2026-05-12 12:51:00-04:00,99.36,99.57,99.28,99.52,7973.0,99.353
2026-05-12 12:52:00-04:00,99.55,99.59,99.31,99.38,9797.0,99.406
2026-05-12 12:53:00-04:00,99.35,99.35,99.18,99.23,4156.0,99.247
2026-05-12 12:54:00-04:00,99.19,99.39,99.14,99.28,6038.0,99.218
2026-05-12 12:55:00-04:00,99.28,99.36,99.13,99.35,6011.0,99.255
2026-05-12 12:56:00-04:00,99.37,99.38,99.24,99.27,2945.0,99.301
2026-05-12 12:57:00-04:00,99.24,99.31,99.21,99.23,9744.0,99.264
2026-05-12 12:58:00-04:00,99.22,99.26,99.12,99.13,2080.0,99.187
2026-05-12 12:59:00-04:00,99.12,99.27,99.12,99.24,4041.0,99.191
2026-05-12 13:00:00-04:00,99.27,99.46,99.26,99.37,7520.0,99.353
2026-05-12 13:01:00-04:00,99.42,99.51,99.42,99.51,4585.0,99.463
2026-05-12 13:02:00-04:00,99.61,99.67,99.5,99.61,9060.0,99.594
2026-05-12 13:03:00-04:00,99.63,99.85,99.63,99.85,4291.0,99.717
2026-05-12 13:04:00-04:00,99.9,100.05,99.87,99.96,7795.0,99.962
2026-05-12 13:05:00-04:00,99.99,100.26,99.99,100.23,12639.0,100.143
2026-05-12 13:06:00-04:00,100.25,100.34,100.18,100.32,9637.0,100.235
2026-05-12 13:07:00-04:00,100.32,100.37,100.27,100.32,2868.0,100.315
2026-05-12 13:08:00-04:00,100.35,100.39,100.14,100.25,16032.0,100.24
2026-05-12 13:09:00-04:00,100.24,100.25,100.09,100.14,8067.0,100.147
2026-05-12 13:10:00-04:00,100.13,100.44,100.12,100.41,7739.0,100.33
2026-05-12 13:11:00-04:00,100.37,100.58,100.37,100.49,6557.0,100.51
2026-05-12 13:12:00-04:00,100.46,100.59,100.33,100.53,5940.0,100.442
2026-05-12 13:13:00-04:00,100.53,100.66,100.49,100.66,3568.0,100.565
2026-05-12 13:14:00-04:00,100.62,100.8,100.61,100.76,7845.0,100.726
2026-05-12 13:15:00-04:00,100.75,100.84,100.75,100.83,2867.0,100.803
2026-05-12 13:16:00-04:00,100.83,101.32,100.83,101.3,11637.0,101.076
2026-05-12 13:17:00-04:00,101.31,101.34,101.17,101.19,11245.0,101.259
2026-05-12 13:18:00-04:00,101.24,101.37,101.24,101.32,4857.0,101.303
2026-05-12 13:19:00-04:00,101.33,101.4,101.11,101.29,5911.0,101.228
2026-05-12 13:20:00-04:00,101.29,101.53,101.27,101.31,15252.0,101.442
2026-05-12 13:21:00-04:00,101.27,101.48,101.27,101.39,8271.0,101.374
2026-05-12 13:22:00-04:00,101.39,101.49,101.33,101.33,5910.0,101.417
2026-05-12 13:23:00-04:00,101.39,101.62,101.38,101.59,6828.0,101.525
2026-05-12 13:24:00-04:00,101.59,101.7,101.56,101.64,9965.0,101.619
2026-05-12 13:25:00-04:00,101.58,101.62,101.45,101.5,7732.0,101.517
2026-05-12 13:26:00-04:00,101.5,101.65,101.48,101.6,9451.0,101.566
2026-05-12 13:27:00-04:00,101.56,101.7,101.44,101.46,31129.0,101.572
2026-05-12 13:28:00-04:00,101.46,101.52,101.33,101.35,12638.0,101.416
2026-05-12 13:29:00-04:00,101.37,101.55,101.37,101.55,2252.0,101.461
2026-05-12 13:30:00-04:00,101.56,101.65,101.44,101.65,5344.0,101.516
2026-05-12 13:31:00-04:00,101.63,101.64,101.43,101.53,8524.0,101.534
2026-05-12 13:32:00-04:00,101.6,101.67,101.49,101.49,7277.0,101.569
2026-05-12 13:33:00-04:00,101.47,101.6,101.45,101.52,13152.0,101.514
2026-05-12 13:34:00-04:00,101.56,101.68,101.51,101.59,7424.0,101.623
2026-05-12 13:35:00-04:00,101.55,101.57,101.26,101.28,11747.0,101.433
2026-05-12 13:36:00-04:00,101.32,101.49,101.32,101.48,4385.0,101.433
2026-05-12 13:37:00-04:00,101.52,101.6,101.49,101.54,4805.0,101.531
2026-05-12 13:38:00-04:00,101.54,101.57,101.42,101.46,6607.0,101.487
2026-05-12 13:39:00-04:00,101.44,101.54,101.43,101.49,3577.0,101.474
2026-05-12 13:40:00-04:00,101.5,101.67,101.5,101.6,11070.0,101.569
2026-05-12 13:41:00-04:00,101.6,101.67,101.55,101.57,9754.0,101.615
2026-05-12 13:42:00-04:00,101.57,101.6,101.46,101.48,6413.0,101.542
2026-05-12 13:43:00-04:00,101.48,101.6,101.48,101.6,11600.0,101.531
2026-05-12 13:44:00-04:00,101.58,101.64,101.41,101.42,6627.0,101.532
2026-05-12 13:45:00-04:00,101.38,101.51,101.35,101.5,29885.0,101.472
2026-05-12 13:46:00-04:00,101.48,101.48,101.36,101.37,4398.0,101.418
2026-05-12 13:47:00-04:00,101.32,101.37,101.29,101.32,4970.0,101.331
2026-05-12 13:48:00-04:00,101.25,101.29,101.24,101.25,1800.0,101.263
2026-05-12 13:49:00-04:00,101.24,101.41,101.24,101.4,2245.0,101.352
2026-05-12 13:50:00-04:00,101.39,101.48,101.27,101.3,10580.0,101.425
2026-05-12 13:51:00-04:00,101.28,101.34,101.25,101.34,3538.0,101.293
2026-05-12 13:52:00-04:00,101.38,101.47,101.35,101.46,3050.0,101.398
2026-05-12 13:53:00-04:00,101.49,101.51,101.42,101.45,3171.0,101.468
2026-05-12 13:54:00-04:00,101.5,101.57,101.5,101.57,5504.0,101.526
2026-05-12 13:55:00-04:00,101.58,101.63,101.41,101.46,4917.0,101.541
2026-05-12 13:56:00-04:00,101.5,101.67,101.47,101.64,6198.0,101.574
2026-05-12 13:57:00-04:00,101.66,101.73,101.65,101.73,1000.0,101.694
2026-05-12 13:58:00-04:00,101.69,101.71,101.68,101.69,2984.0,101.691
2026-05-12 13:59:00-04:00,101.71,101.86,101.71,101.81,9163.0,101.815
2026-05-12 14:00:00-04:00,101.81,101.89,101.81,101.82,2886.0,101.865
2026-05-12 14:01:00-04:00,101.82,102.04,101.82,101.99,9206.0,101.925
2026-05-12 14:02:00-04:00,102.05,102.19,102.0,102.09,12851.0,102.087
2026-05-12 14:03:00-04:00,102.05,102.15,102.05,102.06,4635.0,102.089
2026-05-12 14:04:00-04:00,102.12,102.14,102.01,102.11,4473.0,102.065
2026-05-12 14:05:00-04:00,102.1,102.12,102.06,102.11,2345.0,102.101
2026-05-12 14:06:00-04:00,102.11,102.18,102.11,102.16,854.0,102.14
2026-05-12 14:07:00-04:00,102.14,102.17,101.98,102.05,7913.0,102.094
2026-05-12 14:08:00-04:00,102.01,102.11,102.01,102.07,2064.0,102.057
2026-05-12 14:09:00-04:00,102.05,102.13,102.0,102.05,4302.0,102.047
2026-05-12 14:10:00-04:00,102.1,102.14,102.05,102.07,5192.0,102.1
2026-05-12 14:11:00-04:00,102.07,102.07,101.89,101.94,5725.0,101.96
2026-05-12 14:12:00-04:00,101.94,102.04,101.94,101.99,6371.0,101.995
2026-05-12 14:13:00-04:00,101.99,102.0,101.75,101.83,11247.0,101.858
2026-05-12 14:14:00-04:00,101.86,102.15,101.86,102.11,2754.0,102.013
2026-05-12 14:15:00-04:00,102.08,102.19,102.07,102.19,4211.0,102.108
2026-05-12 14:16:00-04:00,102.23,102.28,102.12,102.2,12625.0,102.213
2026-05-12 14:17:00-04:00,102.23,102.25,102.06,102.06,11196.0,102.199
2026-05-12 14:18:00-04:00,102.05,102.14,102.01,102.09,3184.0,102.08
2026-05-12 14:19:00-04:00,102.14,102.25,102.14,102.22,5049.0,102.219
2026-05-12 14:20:00-04:00,102.24,102.26,102.18,102.24,4991.0,102.234
2026-05-12 14:21:00-04:00,102.25,102.41,102.21,102.35,11402.0,102.305
2026-05-12 14:22:00-04:00,102.39,102.43,102.22,102.3,2932.0,102.351
2026-05-12 14:23:00-04:00,102.3,102.36,102.19,102.21,4854.0,102.261
2026-05-12 14:24:00-04:00,102.2,102.22,101.97,101.99,20541.0,102.098
2026-05-12 14:25:00-04:00,102.01,102.16,102.0,102.1,13125.0,102.104
2026-05-12 14:26:00-04:00,102.12,102.27,102.1,102.22,4238.0,102.205
2026-05-12 14:27:00-04:00,102.21,102.4,102.21,102.37,9549.0,102.308
2026-05-12 14:28:00-04:00,102.37,102.55,102.37,102.55,10385.0,102.48
2026-05-12 14:29:00-04:00,102.55,102.58,102.29,102.42,9981.0,102.427
2026-05-12 14:30:00-04:00,102.39,102.62,102.34,102.62,14122.0,102.447
2026-05-12 14:31:00-04:00,102.61,102.68,102.42,102.45,10294.0,102.509
2026-05-12 14:32:00-04:00,102.42,102.55,102.37,102.55,22119.0,102.444
2026-05-12 14:33:00-04:00,102.55,102.67,102.51,102.63,9234.0,102.619
2026-05-12 14:34:00-04:00,102.63,102.67,102.54,102.54,5718.0,102.609
2026-05-12 14:35:00-04:00,102.56,102.59,102.46,102.52,6976.0,102.534
2026-05-12 14:36:00-04:00,102.56,102.59,102.47,102.53,5833.0,102.551
2026-05-12 14:37:00-04:00,102.52,102.55,102.42,102.43,3508.0,102.516
2026-05-12 14:38:00-04:00,102.47,102.6,102.44,102.57,6781.0,102.524
2026-05-12 14:39:00-04:00,102.6,102.68,102.52,102.52,14395.0,102.617
2026-05-12 14:40:00-04:00,102.49,102.62,102.49,102.55,5668.0,102.564
2026-05-12 14:41:00-04:00,102.55,102.56,102.47,102.47,2684.0,102.497
2026-05-12 14:42:00-04:00,102.47,102.51,102.45,102.45,6317.0,102.493
2026-05-12 14:43:00-04:00,102.48,102.64,102.46,102.64,6119.0,102.536
2026-05-12 14:44:00-04:00,102.6,102.65,102.46,102.46,4820.0,102.575
2026-05-12 14:45:00-04:00,102.47,102.48,102.28,102.34,4460.0,102.387
2026-05-12 14:46:00-04:00,102.34,102.34,102.25,102.28,8229.0,102.306
2026-05-12 14:47:00-04:00,102.28,102.37,102.25,102.35,4869.0,102.299
2026-05-12 14:48:00-04:00,102.36,102.41,102.31,102.35,5276.0,102.372
2026-05-12 14:49:00-04:00,102.33,102.41,102.32,102.33,18910.0,102.338
2026-05-12 14:50:00-04:00,102.33,102.35,102.28,102.28,4861.0,102.313
2026-05-12 14:51:00-04:00,102.23,102.36,102.23,102.36,4217.0,102.325
2026-05-12 14:52:00-04:00,102.36,102.47,102.3,102.47,4650.0,102.372
2026-05-12 14:53:00-04:00,102.47,102.5,102.36,102.36,6706.0,102.45
2026-05-12 14:54:00-04:00,102.36,102.39,102.26,102.27,8069.0,102.336
2026-05-12 14:55:00-04:00,102.21,102.37,102.2,102.33,4762.0,102.298
2026-05-12 14:56:00-04:00,102.34,102.47,102.33,102.45,5415.0,102.367
2026-05-12 14:57:00-04:00,102.45,102.53,102.12,102.17,8790.0,102.322
2026-05-12 14:58:00-04:00,102.16,102.18,101.89,101.93,7129.0,102.033
2026-05-12 14:59:00-04:00,101.85,101.86,101.73,101.8,16947.0,101.81
2026-05-12 15:00:00-04:00,101.87,102.03,101.87,101.96,5801.0,101.946
2026-05-12 15:01:00-04:00,101.96,102.04,101.95,101.99,6557.0,101.995
2026-05-12 15:02:00-04:00,101.99,102.11,101.97,102.11,6883.0,102.037
2026-05-12 15:03:00-04:00,102.1,102.16,102.1,102.15,2736.0,102.129
2026-05-12 15:04:00-04:00,102.14,102.18,102.11,102.18,5015.0,102.137
2026-05-12 15:05:00-04:00,102.17,102.19,102.11,102.16,4911.0,102.149
2026-05-12 15:06:00-04:00,102.13,102.26,102.11,102.24,8792.0,102.172
2026-05-12 15:07:00-04:00,102.27,102.61,102.27,102.56,4948.0,102.442
2026-05-12 15:08:00-04:00,102.54,102.57,102.44,102.47,8042.0,102.493
2026-05-12 15:09:00-04:00,102.5,102.53,102.34,102.45,4182.0,102.444
2026-05-12 15:10:00-04:00,102.48,102.63,102.48,102.62,4056.0,102.564
2026-05-12 15:11:00-04:00,102.61,102.67,102.57,102.61,4011.0,102.606
2026-05-12 15:12:00-04:00,102.63,102.88,102.63,102.88,8044.0,102.79
2026-05-12 15:13:00-04:00,102.85,102.93,102.85,102.93,6051.0,102.895
2026-05-12 15:14:00-04:00,102.94,103.02,102.9,102.91,15235.0,102.964
2026-05-12 15:15:00-04:00,102.95,103.1,102.95,103.03,6462.0,103.015
2026-05-12 15:16:00-04:00,103.05,103.07,102.93,103.06,11929.0,103.013
2026-05-12 15:17:00-04:00,103.06,103.11,102.95,103.0,28342.0,103.014
2026-05-12 15:18:00-04:00,103.0,103.02,102.93,102.94,7627.0,102.983
2026-05-12 15:19:00-04:00,102.94,103.02,102.86,102.88,7764.0,102.964
2026-05-12 15:20:00-04:00,102.91,102.93,102.81,102.83,7121.0,102.892
2026-05-12 15:21:00-04:00,102.81,102.83,102.65,102.66,4654.0,102.719
2026-05-12 15:22:00-04:00,102.66,102.75,102.57,102.63,10585.0,102.657
2026-05-12 15:23:00-04:00,102.65,102.75,102.65,102.75,8684.0,102.695
2026-05-12 15:24:00-04:00,102.74,102.85,102.72,102.81,7759.0,102.784
2026-05-12 15:25:00-04:00,102.81,102.95,102.81,102.92,5894.0,102.877
2026-05-12 15:26:00-04:00,102.92,103.03,102.92,102.99,12015.0,102.982
2026-05-12 15:27:00-04:00,102.99,103.01,102.88,102.93,13790.0,102.94
2026-05-12 15:28:00-04:00,102.93,103.02,102.92,102.97,11159.0,102.971
2026-05-12 15:29:00-04:00,102.98,103.03,102.87,102.98,17325.0,102.963
2026-05-12 15:30:00-04:00,103.0,103.4,102.99,103.37,15782.0,103.23
2026-05-12 15:31:00-04:00,103.4,103.54,103.4,103.42,19584.0,103.456
2026-05-12 15:32:00-04:00,103.43,103.66,103.39,103.66,13967.0,103.482
2026-05-12 15:33:00-04:00,103.67,103.82,103.64,103.77,27347.0,103.715
2026-05-12 15:34:00-04:00,103.77,103.95,103.77,103.89,24609.0,103.872
2026-05-12 15:35:00-04:00,103.87,103.98,103.87,103.97,10522.0,103.936
2026-05-12 15:36:00-04:00,103.98,104.08,103.94,104.05,17953.0,104.018
2026-05-12 15:37:00-04:00,104.06,104.08,103.84,103.98,20180.0,103.967
2026-05-12 15:38:00-04:00,103.96,104.07,103.94,104.06,36511.0,103.998
2026-05-12 15:39:00-04:00,104.06,104.09,103.79,103.87,22548.0,103.911
2026-05-12 15:40:00-04:00,103.87,103.92,103.71,103.9,10509.0,103.839
2026-05-12 15:41:00-04:00,103.9,103.95,103.81,103.86,12497.0,103.88
2026-05-12 15:42:00-04:00,103.84,104.03,103.84,103.98,23899.0,103.948
2026-05-12 15:43:00-04:00,103.96,104.07,103.93,104.04,14002.0,104.009
2026-05-12 15:44:00-04:00,104.04,104.12,104.0,104.04,26957.0,104.047
2026-05-12 15:45:00-04:00,104.06,104.1,103.98,104.05,24443.0,104.042
2026-05-12 15:46:00-04:00,104.05,104.08,103.84,103.85,19460.0,104.008
2026-05-12 15:47:00-04:00,103.85,103.97,103.85,103.96,11253.0,103.921
2026-05-12 15:48:00-04:00,103.94,104.17,103.94,104.13,11812.0,104.08
2026-05-12 15:49:00-04:00,104.14,104.2,104.08,104.1,23875.0,104.136
2026-05-12 15:50:00-04:00,104.14,104.42,103.97,104.41,34167.0,104.227
2026-05-12 15:51:00-04:00,104.42,104.6,104.39,104.51,30838.0,104.522
2026-05-12 15:52:00-04:00,104.52,104.57,104.33,104.33,26019.0,104.437
2026-05-12 15:53:00-04:00,104.33,104.48,104.33,104.35,18571.0,104.384
2026-05-12 15:54:00-04:00,104.35,104.6,104.35,104.42,25728.0,104.452
2026-05-12 15:55:00-04:00,104.49,104.49,104.17,104.33,74237.0,104.292
2026-05-12 15:56:00-04:00,104.32,104.37,104.25,104.28,68452.0,104.312
2026-05-12 15:57:00-04:00,104.26,104.33,104.1,104.1,78245.0,104.216
2026-05-12 15:58:00-04:00,104.09,104.16,104.06,104.11,93713.0,104.106
2026-05-12 15:59:00-04:00,104.12,104.17,104.06,104.14,219212.0,104.118
2026-05-13 09:30:00-04:00,109.11,110.0,108.06,109.15,241945.0,109.071
2026-05-13 09:31:00-04:00,109.15,109.51,108.76,109.15,52127.0,109.095
2026-05-13 09:32:00-04:00,109.15,109.85,108.88,109.81,53626.0,109.337
2026-05-13 09:33:00-04:00,109.81,110.62,109.63,110.6,90751.0,110.244
2026-05-13 09:34:00-04:00,110.62,111.56,110.47,110.88,96883.0,111.109
2026-05-13 09:35:00-04:00,111.03,111.7,110.65,111.55,73649.0,111.227
2026-05-13 09:36:00-04:00,111.55,111.6,110.7,111.06,134472.0,111.039
2026-05-13 09:37:00-04:00,111.06,111.78,110.93,111.43,70681.0,111.481
2026-05-13 09:38:00-04:00,111.36,111.76,111.18,111.64,45628.0,111.474
2026-05-13 09:39:00-04:00,111.58,112.31,111.49,112.24,142672.0,111.927
2026-05-13 09:40:00-04:00,112.24,113.34,112.16,113.13,123768.0,112.63
2026-05-13 09:41:00-04:00,113.07,113.59,113.03,113.5,90179.0,113.269
2026-05-13 09:42:00-04:00,113.45,113.67,112.07,112.97,69837.0,112.874
2026-05-13 09:43:00-04:00,112.97,113.0,112.32,112.77,102742.0,112.628
2026-05-13 09:44:00-04:00,112.78,112.8,112.41,112.55,40681.0,112.593
2026-05-13 09:45:00-04:00,112.72,112.85,111.58,112.37,55698.0,112.438
2026-05-13 09:46:00-04:00,112.29,112.52,111.68,111.84,73114.0,112.112
2026-05-13 09:47:00-04:00,111.76,112.29,111.24,111.6,70613.0,111.658
2026-05-13 09:48:00-04:00,111.58,111.9,110.71,110.8,45377.0,111.299
2026-05-13 09:49:00-04:00,110.82,111.71,110.8,111.71,49846.0,111.214
2026-05-13 09:50:00-04:00,111.66,111.98,111.12,111.23,29166.0,111.515
2026-05-13 09:51:00-04:00,111.35,112.01,111.35,111.77,26854.0,111.785
2026-05-13 09:52:00-04:00,111.7,111.9,111.21,111.42,71902.0,111.474
2026-05-13 09:53:00-04:00,111.42,111.44,110.64,110.96,57908.0,110.91
2026-05-13 09:54:00-04:00,111.02,111.77,110.9,111.59,40344.0,111.275
2026-05-13 09:55:00-04:00,111.59,111.67,110.96,111.2,53111.0,111.256
2026-05-13 09:56:00-04:00,111.11,111.28,110.81,110.92,31542.0,111.059
2026-05-13 09:57:00-04:00,110.92,111.5,110.92,111.21,36840.0,111.189
2026-05-13 09:58:00-04:00,111.2,111.94,111.19,111.71,17631.0,111.617
2026-05-13 09:59:00-04:00,111.71,112.37,111.55,111.85,26394.0,112.069
2026-05-13 10:00:00-04:00,112.0,112.66,111.94,112.53,13235.0,112.283
2026-05-13 10:01:00-04:00,112.53,112.98,112.45,112.88,45600.0,112.717
2026-05-13 10:02:00-04:00,112.87,113.55,112.76,113.45,42089.0,113.165
2026-05-13 10:03:00-04:00,113.55,113.96,113.44,113.89,52813.0,113.719
2026-05-13 10:04:00-04:00,113.93,114.13,113.79,114.13,61636.0,113.959
2026-05-13 10:05:00-04:00,114.14,114.28,113.52,114.0,66774.0,114.071
2026-05-13 10:06:00-04:00,113.93,113.95,113.48,113.51,25660.0,113.639
2026-05-13 10:07:00-04:00,113.62,113.65,112.65,112.87,50415.0,113.237
2026-05-13 10:08:00-04:00,112.75,112.8,112.18,112.36,40679.0,112.425
2026-05-13 10:09:00-04:00,112.29,112.76,112.27,112.69,28787.0,112.545
2026-05-13 10:10:00-04:00,112.69,112.93,112.23,112.23,30928.0,112.658
2026-05-13 10:11:00-04:00,112.34,112.34,111.94,112.2,23202.0,112.124
2026-05-13 10:12:00-04:00,112.27,112.37,111.97,112.08,15860.0,112.178
2026-05-13 10:13:00-04:00,112.02,112.16,111.79,111.92,23606.0,111.923
2026-05-13 10:14:00-04:00,111.89,112.15,111.84,112.13,121604.0,111.958
2026-05-13 10:15:00-04:00,112.1,112.34,111.89,112.33,34594.0,112.168
2026-05-13 10:16:00-04:00,112.33,112.47,111.9,112.18,32062.0,112.208
2026-05-13 10:17:00-04:00,112.18,112.38,111.88,112.03,44745.0,112.115
2026-05-13 10:18:00-04:00,112.01,112.2,111.97,111.99,20962.0,112.069
2026-05-13 10:19:00-04:00,112.0,112.26,111.96,112.23,14613.0,112.064
2026-05-13 10:20:00-04:00,112.26,112.32,112.03,112.21,27769.0,112.196
2026-05-13 10:21:00-04:00,112.29,112.81,112.29,112.58,20603.0,112.568
2026-05-13 10:22:00-04:00,112.58,113.0,112.58,113.0,14985.0,112.788
2026-05-13 10:23:00-04:00,113.07,113.33,112.92,113.27,14412.0,113.07
2026-05-13 10:24:00-04:00,113.27,113.49,113.18,113.4,34441.0,113.359
2026-05-13 10:25:00-04:00,113.37,113.52,113.3,113.35,27330.0,113.403
2026-05-13 10:26:00-04:00,113.31,113.49,113.24,113.38,25214.0,113.37
2026-05-13 10:27:00-04:00,113.27,113.68,113.27,113.53,59674.0,113.47
2026-05-13 10:28:00-04:00,113.53,113.66,113.45,113.5,12742.0,113.555
2026-05-13 10:29:00-04:00,113.55,113.68,113.45,113.63,14274.0,113.553
2026-05-13 10:30:00-04:00,113.59,113.99,113.52,113.93,31158.0,113.812
2026-05-13 10:31:00-04:00,113.93,114.18,113.66,113.96,41496.0,113.984
2026-05-13 10:32:00-04:00,113.96,114.12,113.34,113.65,22991.0,113.791
2026-05-13 10:33:00-04:00,113.59,113.8,113.49,113.49,18056.0,113.619
2026-05-13 10:34:00-04:00,113.45,113.57,113.09,113.3,92256.0,113.328
2026-05-13 10:35:00-04:00,113.31,113.65,113.31,113.6,21248.0,113.463
2026-05-13 10:36:00-04:00,113.61,113.75,113.5,113.7,16511.0,113.595
2026-05-13 10:37:00-04:00,113.64,113.78,113.55,113.71,12057.0,113.658
2026-05-13 10:38:00-04:00,113.65,113.74,113.4,113.43,32976.0,113.553
2026-05-13 10:39:00-04:00,113.42,113.53,113.29,113.51,41994.0,113.398
2026-05-13 10:40:00-04:00,113.43,113.75,113.41,113.75,11938.0,113.58
2026-05-13 10:41:00-04:00,113.75,114.07,113.67,113.84,42685.0,113.771
2026-05-13 10:42:00-04:00,113.85,113.85,113.56,113.7,14095.0,113.697
2026-05-13 10:43:00-04:00,113.76,113.84,113.68,113.73,12284.0,113.748
2026-05-13 10:44:00-04:00,113.74,113.74,113.39,113.52,38276.0,113.502
2026-05-13 10:45:00-04:00,113.52,113.8,113.5,113.53,14230.0,113.619
2026-05-13 10:46:00-04:00,113.61,113.63,113.37,113.52,13449.0,113.503
2026-05-13 10:47:00-04:00,113.59,113.86,113.55,113.82,14051.0,113.66
2026-05-13 10:48:00-04:00,113.86,113.93,113.5,113.83,52683.0,113.766
2026-05-13 10:49:00-04:00,113.79,113.81,113.44,113.66,39408.0,113.603
2026-05-13 10:50:00-04:00,113.61,113.76,113.45,113.71,32710.0,113.609
2026-05-13 10:51:00-04:00,113.73,113.84,113.58,113.82,25919.0,113.745
2026-05-13 10:52:00-04:00,113.86,114.36,113.85,114.34,36572.0,114.16
2026-05-13 10:53:00-04:00,114.38,114.43,114.27,114.29,66397.0,114.359
2026-05-13 10:54:00-04:00,114.31,114.69,114.28,114.68,28100.0,114.445
2026-05-13 10:55:00-04:00,114.66,114.94,114.49,114.94,26475.0,114.771
2026-05-13 10:56:00-04:00,114.91,115.35,114.88,115.15,87288.0,115.074
2026-05-13 10:57:00-04:00,115.18,115.2,114.66,114.66,57000.0,115.028
2026-05-13 10:58:00-04:00,114.61,114.64,114.24,114.55,24074.0,114.472
2026-05-13 10:59:00-04:00,114.57,114.65,114.44,114.55,41629.0,114.51
2026-05-13 11:00:00-04:00,114.55,114.71,114.4,114.58,53217.0,114.563
2026-05-13 11:01:00-04:00,114.55,114.94,114.46,114.87,52093.0,114.843
2026-05-13 11:02:00-04:00,114.87,115.0,114.7,114.78,27087.0,114.825
2026-05-13 11:03:00-04:00,114.8,115.17,114.8,115.0,51495.0,115.042
2026-05-13 11:04:00-04:00,114.99,115.51,114.97,115.3,24245.0,115.164
2026-05-13 11:05:00-04:00,115.3,115.33,114.98,115.19,50958.0,115.096
2026-05-13 11:06:00-04:00,115.14,115.46,115.12,115.37,40868.0,115.289
2026-05-13 11:07:00-04:00,115.37,115.43,115.25,115.32,19956.0,115.304
2026-05-13 11:08:00-04:00,115.37,115.39,115.2,115.29,21847.0,115.289
2026-05-13 11:09:00-04:00,115.35,115.47,115.29,115.4,20141.0,115.373
2026-05-13 11:10:00-04:00,115.4,115.54,115.15,115.26,34043.0,115.324
2026-05-13 11:11:00-04:00,115.28,115.41,115.2,115.26,19518.0,115.288
2026-05-13 11:12:00-04:00,115.22,115.27,115.0,115.0,34395.0,115.114
2026-05-13 11:13:00-04:00,115.06,115.11,114.62,114.74,60103.0,114.965
2026-05-13 11:14:00-04:00,114.72,115.0,114.68,114.96,16367.0,114.896
2026-05-13 11:15:00-04:00,115.01,115.23,114.95,115.22,15857.0,115.059
2026-05-13 11:16:00-04:00,115.24,115.54,115.19,115.48,32037.0,115.398
2026-05-13 11:17:00-04:00,115.49,115.55,115.35,115.52,17515.0,115.437
2026-05-13 11:18:00-04:00,115.53,115.56,115.4,115.44,23729.0,115.49
2026-05-13 11:19:00-04:00,115.44,115.44,115.22,115.36,14348.0,115.316
2026-05-13 11:20:00-04:00,115.36,115.69,115.31,115.65,44458.0,115.507
2026-05-13 11:21:00-04:00,115.69,115.82,115.67,115.71,23783.0,115.737
2026-05-13 11:22:00-04:00,115.77,115.99,115.64,115.92,53557.0,115.817
2026-05-13 11:23:00-04:00,115.97,115.99,115.8,115.93,19445.0,115.899
2026-05-13 11:24:00-04:00,115.88,115.95,115.64,115.91,34156.0,115.769
2026-05-13 11:25:00-04:00,115.9,115.9,115.4,115.44,40792.0,115.696
2026-05-13 11:26:00-04:00,115.44,115.44,115.08,115.27,51098.0,115.198
2026-05-13 11:27:00-04:00,115.24,115.25,114.86,114.89,39416.0,115.044
2026-05-13 11:28:00-04:00,114.95,115.1,114.79,114.84,23138.0,114.971
2026-05-13 11:29:00-04:00,114.84,115.16,114.83,115.06,26115.0,115.035
2026-05-13 11:30:00-04:00,115.05,115.15,114.71,114.75,47004.0,114.95
2026-05-13 11:31:00-04:00,114.84,114.94,114.67,114.68,14461.0,114.77
2026-05-13 11:32:00-04:00,114.7,114.81,114.54,114.76,14682.0,114.682
2026-05-13 11:33:00-04:00,114.75,114.86,114.62,114.73,21849.0,114.731
2026-05-13 11:34:00-04:00,114.73,114.89,114.66,114.75,124094.0,114.796
2026-05-13 11:35:00-04:00,114.73,115.27,114.59,115.24,43176.0,114.968
2026-05-13 11:36:00-04:00,115.3,115.65,115.3,115.65,21163.0,115.41
2026-05-13 11:37:00-04:00,115.53,115.73,115.42,115.46,13213.0,115.602
2026-05-13 11:38:00-04:00,115.46,115.54,115.0,115.08,13131.0,115.26
2026-05-13 11:39:00-04:00,115.07,115.21,114.91,114.92,35019.0,115.064
2026-05-13 11:40:00-04:00,114.91,115.22,114.71,114.81,42374.0,114.952
2026-05-13 11:41:00-04:00,114.81,114.99,114.59,114.71,26198.0,114.857
2026-05-13 11:42:00-04:00,114.65,114.71,114.38,114.52,9421.0,114.468
2026-05-13 11:43:00-04:00,114.46,114.59,114.41,114.46,8549.0,114.494
2026-05-13 11:44:00-04:00,114.45,114.52,114.41,114.42,11269.0,114.475
2026-05-13 11:45:00-04:00,114.37,114.49,114.3,114.45,19940.0,114.401
2026-05-13 11:46:00-04:00,114.45,114.69,114.43,114.6,14615.0,114.569
2026-05-13 11:47:00-04:00,114.67,114.89,114.65,114.86,7243.0,114.761
2026-05-13 11:48:00-04:00,114.86,114.86,114.59,114.62,9822.0,114.739
2026-05-13 11:49:00-04:00,114.61,114.69,114.53,114.54,11150.0,114.61
2026-05-13 11:50:00-04:00,114.51,114.51,114.3,114.46,25798.0,114.352
2026-05-13 11:51:00-04:00,114.46,114.79,114.46,114.69,20548.0,114.64
2026-05-13 11:52:00-04:00,114.69,114.79,114.61,114.79,8379.0,114.755
2026-05-13 11:53:00-04:00,114.75,114.79,114.62,114.71,6132.0,114.721
2026-05-13 11:54:00-04:00,114.71,114.82,114.7,114.72,8425.0,114.753
2026-05-13 11:55:00-04:00,114.76,114.79,114.66,114.66,4757.0,114.716
2026-05-13 11:56:00-04:00,114.64,114.66,114.13,114.29,28032.0,114.4
2026-05-13 11:57:00-04:00,114.27,114.31,113.9,113.95,9683.0,114.162
2026-05-13 11:58:00-04:00,113.94,113.95,113.51,113.56,13493.0,113.747
2026-05-13 11:59:00-04:00,113.58,113.65,113.51,113.55,12970.0,113.573
2026-05-13 12:00:00-04:00,113.57,113.97,113.53,113.94,19667.0,113.725
2026-05-13 12:01:00-04:00,113.97,114.13,113.8,114.11,27886.0,113.965
2026-05-13 12:02:00-04:00,114.09,114.17,113.99,114.04,4036.0,114.044
2026-05-13 12:03:00-04:00,114.07,114.14,113.96,113.99,9036.0,114.065
2026-05-13 12:04:00-04:00,113.93,114.29,113.93,114.11,5767.0,114.174
2026-05-13 12:05:00-04:00,114.17,114.19,114.11,114.12,7587.0,114.141
2026-05-13 12:06:00-04:00,114.13,114.27,114.05,114.27,6013.0,114.118
2026-05-13 12:07:00-04:00,114.23,114.28,114.12,114.15,8208.0,114.192
2026-05-13 12:08:00-04:00,114.15,114.33,114.14,114.3,4522.0,114.288
2026-05-13 12:09:00-04:00,114.27,114.55,114.25,114.51,7581.0,114.36
2026-05-13 12:10:00-04:00,114.51,114.56,114.44,114.55,7806.0,114.519
2026-05-13 12:11:00-04:00,114.55,114.59,114.48,114.54,5327.0,114.526
2026-05-13 12:12:00-04:00,114.5,114.58,114.5,114.57,3779.0,114.55
2026-05-13 12:13:00-04:00,114.59,114.76,114.53,114.64,12385.0,114.641
2026-05-13 12:14:00-04:00,114.61,114.76,114.57,114.74,13821.0,114.652
2026-05-13 12:15:00-04:00,114.74,114.74,114.62,114.65,11994.0,114.682
2026-05-13 12:16:00-04:00,114.68,114.85,114.59,114.8,15654.0,114.701
2026-05-13 12:17:00-04:00,114.85,114.95,114.78,114.8,17378.0,114.864
2026-05-13 12:18:00-04:00,114.8,114.86,114.74,114.84,9002.0,114.796
2026-05-13 12:19:00-04:00,114.84,114.94,114.81,114.87,42844.0,114.886
2026-05-13 12:20:00-04:00,114.85,114.98,114.81,114.85,28562.0,114.886
2026-05-13 12:21:00-04:00,114.88,114.94,114.87,114.9,7955.0,114.899
2026-05-13 12:22:00-04:00,114.9,114.93,114.81,114.89,20889.0,114.864
2026-05-13 12:23:00-04:00,114.89,114.96,114.84,114.94,10266.0,114.893
2026-05-13 12:24:00-04:00,114.94,115.1,114.9,114.99,24686.0,115.003
2026-05-13 12:25:00-04:00,114.96,115.3,114.94,115.25,30534.0,115.038
2026-05-13 12:26:00-04:00,115.15,115.36,115.14,115.26,7970.0,115.263
2026-05-13 12:27:00-04:00,115.28,115.6,115.27,115.6,7851.0,115.438
2026-05-13 12:28:00-04:00,115.55,115.7,115.39,115.44,10984.0,115.522
2026-05-13 12:29:00-04:00,115.47,115.75,115.47,115.67,12411.0,115.612
2026-05-13 12:30:00-04:00,115.67,115.8,115.55,115.57,24218.0,115.718
2026-05-13 12:31:00-04:00,115.59,115.8,115.4,115.8,36806.0,115.577
2026-05-13 12:32:00-04:00,115.82,115.89,115.58,115.74,10827.0,115.704
2026-05-13 12:33:00-04:00,115.7,115.81,115.65,115.79,16297.0,115.731
2026-05-13 12:34:00-04:00,115.77,115.8,115.63,115.72,15060.0,115.714
2026-05-13 12:35:00-04:00,115.75,115.87,115.59,115.64,146593.0,115.611
2026-05-13 12:36:00-04:00,115.6,115.6,115.25,115.48,29324.0,115.335
2026-05-13 12:37:00-04:00,115.42,115.42,115.25,115.32,17081.0,115.352
2026-05-13 12:38:00-04:00,115.36,115.49,115.27,115.45,2007.0,115.384
2026-05-13 12:39:00-04:00,115.48,115.49,115.33,115.37,6031.0,115.391
2026-05-13 12:40:00-04:00,115.36,115.47,115.32,115.4,4170.0,115.395
2026-05-13 12:41:00-04:00,115.44,115.44,115.23,115.28,12054.0,115.312
2026-05-13 12:42:00-04:00,115.28,115.34,115.24,115.3,15603.0,115.32
2026-05-13 12:43:00-04:00,115.34,115.57,115.31,115.48,14201.0,115.465
2026-05-13 12:44:00-04:00,115.42,115.48,115.34,115.34,6154.0,115.395
2026-05-13 12:45:00-04:00,115.29,115.37,115.21,115.36,5750.0,115.299
2026-05-13 12:46:00-04:00,115.36,115.36,115.13,115.23,13151.0,115.224
2026-05-13 12:47:00-04:00,115.25,115.28,115.12,115.17,7965.0,115.158
2026-05-13 12:48:00-04:00,115.21,115.21,115.11,115.2,4991.0,115.167
2026-05-13 12:49:00-04:00,115.22,115.22,115.0,115.08,12720.0,115.069
2026-05-13 12:50:00-04:00,115.08,115.11,115.03,115.07,6807.0,115.075
2026-05-13 12:51:00-04:00,115.1,115.27,115.05,115.27,7863.0,115.118
2026-05-13 12:52:00-04:00,115.14,115.28,114.91,114.96,15596.0,114.997
2026-05-13 12:53:00-04:00,114.96,115.06,114.85,114.85,10804.0,114.96
2026-05-13 12:54:00-04:00,114.91,114.97,114.69,114.74,13158.0,114.868
2026-05-13 12:55:00-04:00,114.73,114.77,114.65,114.67,7759.0,114.727
2026-05-13 12:56:00-04:00,114.67,114.68,114.55,114.65,6424.0,114.614
2026-05-13 12:57:00-04:00,114.69,114.83,114.65,114.79,7826.0,114.767
2026-05-13 12:58:00-04:00,114.74,114.81,114.7,114.71,6425.0,114.743
2026-05-13 12:59:00-04:00,114.7,114.83,114.65,114.83,6495.0,114.747
2026-05-13 13:00:00-04:00,114.84,115.0,114.82,114.92,28792.0,114.899
2026-05-13 13:01:00-04:00,114.88,114.95,114.85,114.87,7078.0,114.882
2026-05-13 13:02:00-04:00,114.87,114.95,114.64,114.72,17632.0,114.835
2026-05-13 13:03:00-04:00,114.78,114.9,114.73,114.77,10372.0,114.842
2026-05-13 13:04:00-04:00,114.81,114.84,114.75,114.8,5421.0,114.814
2026-05-13 13:05:00-04:00,114.82,114.96,114.77,114.86,14090.0,114.876
2026-05-13 13:06:00-04:00,114.88,114.91,114.54,114.6,18831.0,114.723
2026-05-13 13:07:00-04:00,114.58,114.72,114.58,114.68,5500.0,114.628
2026-05-13 13:08:00-04:00,114.71,114.76,114.53,114.56,14548.0,114.664
2026-05-13 13:09:00-04:00,114.56,114.72,114.56,114.66,13194.0,114.652
2026-05-13 13:10:00-04:00,114.7,114.8,114.67,114.77,14485.0,114.703
2026-05-13 13:11:00-04:00,114.77,114.83,114.74,114.78,12610.0,114.785
2026-05-13 13:12:00-04:00,114.8,115.09,114.77,115.06,38489.0,114.96
2026-05-13 13:13:00-04:00,115.01,115.06,114.95,114.97,15040.0,115.006
2026-05-13 13:14:00-04:00,114.95,115.08,114.95,114.96,17361.0,115.023
2026-05-13 13:15:00-04:00,114.95,114.96,114.77,114.87,12878.0,114.888
2026-05-13 13:16:00-04:00,114.87,114.9,114.69,114.77,19283.0,114.812
2026-05-13 13:17:00-04:00,114.81,114.88,114.63,114.79,18190.0,114.778
2026-05-13 13:18:00-04:00,114.81,114.93,114.68,114.88,9815.0,114.793
2026-05-13 13:19:00-04:00,114.83,114.92,114.8,114.86,3502.0,114.881
2026-05-13 13:20:00-04:00,114.92,114.96,114.81,114.84,7780.0,114.888
2026-05-13 13:21:00-04:00,114.84,114.86,114.77,114.83,9555.0,114.816
2026-05-13 13:22:00-04:00,114.84,114.89,114.76,114.76,8939.0,114.825
2026-05-13 13:23:00-04:00,114.75,114.89,114.73,114.82,12587.0,114.789
2026-05-13 13:24:00-04:00,114.79,114.79,114.71,114.75,6058.0,114.747
2026-05-13 13:25:00-04:00,114.76,115.02,114.7,114.95,22594.0,114.912
2026-05-13 13:26:00-04:00,114.94,114.98,114.86,114.86,5479.0,114.922
2026-05-13 13:27:00-04:00,114.9,115.0,114.89,114.95,12139.0,114.951
2026-05-13 13:28:00-04:00,114.95,114.95,114.82,114.92,15841.0,114.869
2026-05-13 13:29:00-04:00,114.93,114.97,114.81,114.85,11538.0,114.894
2026-05-13 13:30:00-04:00,114.88,114.97,114.85,114.85,13602.0,114.914
2026-05-13 13:31:00-04:00,114.88,115.02,114.85,114.87,23719.0,114.951
2026-05-13 13:32:00-04:00,114.9,115.01,114.83,114.83,12349.0,114.933
2026-05-13 13:33:00-04:00,114.83,114.88,114.75,114.87,30946.0,114.807
2026-05-13 13:34:00-04:00,114.83,114.9,114.8,114.82,6938.0,114.853
2026-05-13 13:35:00-04:00,114.85,115.02,114.81,114.9,9342.0,114.92
2026-05-13 13:36:00-04:00,114.9,114.96,114.83,114.83,4909.0,114.892
2026-05-13 13:37:00-04:00,114.91,114.99,114.87,114.94,24380.0,114.904
2026-05-13 13:38:00-04:00,114.93,115.0,114.87,114.96,3900.0,114.928
2026-05-13 13:39:00-04:00,115.0,115.14,114.88,114.88,13173.0,114.973
2026-05-13 13:40:00-04:00,114.9,115.14,114.87,115.02,53380.0,114.981
2026-05-13 13:41:00-04:00,115.0,115.09,114.93,115.09,10308.0,115.003
2026-05-13 13:42:00-04:00,115.18,115.18,115.1,115.15,1800.0,115.153
2026-05-13 13:43:00-04:00,115.19,115.27,115.0,115.2,11254.0,115.112
2026-05-13 13:44:00-04:00,115.23,115.43,115.22,115.43,10704.0,115.377
2026-05-13 13:45:00-04:00,115.39,115.42,115.28,115.3,4059.0,115.351
2026-05-13 13:46:00-04:00,115.32,115.41,115.32,115.38,11791.0,115.381
2026-05-13 13:47:00-04:00,115.39,115.48,115.33,115.43,9886.0,115.39
2026-05-13 13:48:00-04:00,115.41,115.43,115.3,115.33,9010.0,115.377
2026-05-13 13:49:00-04:00,115.33,115.4,115.3,115.4,1498.0,115.333
2026-05-13 13:50:00-04:00,115.4,115.45,115.29,115.45,8341.0,115.369
2026-05-13 13:51:00-04:00,115.45,115.5,115.39,115.42,7997.0,115.452
2026-05-13 13:52:00-04:00,115.46,115.59,115.42,115.59,13446.0,115.535
2026-05-13 13:53:00-04:00,115.6,115.6,115.49,115.52,3500.0,115.532
2026-05-13 13:54:00-04:00,115.52,115.8,115.51,115.72,10114.0,115.655
2026-05-13 13:55:00-04:00,115.73,115.74,115.67,115.74,8245.0,115.694
2026-05-13 13:56:00-04:00,115.68,115.72,115.65,115.69,5554.0,115.676
2026-05-13 13:57:00-04:00,115.69,115.72,115.54,115.59,9634.0,115.648
2026-05-13 13:58:00-04:00,115.61,115.64,115.58,115.62,3114.0,115.609
2026-05-13 13:59:00-04:00,115.59,115.62,115.35,115.36,60505.0,115.56
2026-05-13 14:00:00-04:00,115.36,115.42,115.22,115.38,14229.0,115.33
2026-05-13 14:01:00-04:00,115.36,115.54,115.35,115.54,5324.0,115.412
2026-05-13 14:02:00-04:00,115.56,115.59,115.43,115.53,3788.0,115.497
2026-05-13 14:03:00-04:00,115.53,115.67,115.43,115.5,7882.0,115.547
2026-05-13 14:04:00-04:00,115.5,115.61,115.34,115.38,6725.0,115.499
2026-05-13 14:05:00-04:00,115.38,115.39,115.22,115.22,8629.0,115.311
2026-05-13 14:06:00-04:00,115.25,115.28,115.11,115.21,6830.0,115.181
2026-05-13 14:07:00-04:00,115.24,115.3,115.11,115.11,6900.0,115.239
2026-05-13 14:08:00-04:00,115.07,115.18,115.03,115.18,10311.0,115.092
2026-05-13 14:09:00-04:00,115.13,115.31,115.13,115.19,4582.0,115.237
2026-05-13 14:10:00-04:00,115.18,115.23,115.13,115.19,9562.0,115.193
2026-05-13 14:11:00-04:00,115.18,115.18,115.12,115.16,2086.0,115.147
2026-05-13 14:12:00-04:00,115.16,115.19,115.09,115.18,8723.0,115.139
2026-05-13 14:13:00-04:00,115.17,115.22,115.09,115.21,9058.0,115.166
2026-05-13 14:14:00-04:00,115.2,115.25,115.18,115.18,5823.0,115.21
2026-05-13 14:15:00-04:00,115.19,115.32,115.19,115.29,5360.0,115.27
2026-05-13 14:16:00-04:00,115.32,115.4,115.29,115.34,12198.0,115.32
2026-05-13 14:17:00-04:00,115.35,115.45,115.35,115.45,4077.0,115.391
2026-05-13 14:18:00-04:00,115.43,115.55,115.36,115.51,4217.0,115.442
2026-05-13 14:19:00-04:00,115.56,115.79,115.55,115.68,4577.0,115.687
2026-05-13 14:20:00-04:00,115.8,115.9,115.73,115.74,8911.0,115.799
2026-05-13 14:21:00-04:00,115.71,115.74,115.67,115.73,8661.0,115.703
2026-05-13 14:22:00-04:00,115.75,115.85,115.69,115.7,34624.0,115.765
2026-05-13 14:23:00-04:00,115.7,115.8,115.7,115.8,5501.0,115.76
2026-05-13 14:24:00-04:00,115.79,115.8,115.74,115.78,11999.0,115.758
2026-05-13 14:25:00-04:00,115.8,115.91,115.73,115.85,34844.0,115.857
2026-05-13 14:26:00-04:00,115.84,115.84,115.75,115.81,6321.0,115.8
2026-05-13 14:27:00-04:00,115.82,115.83,115.76,115.76,4183.0,115.799
2026-05-13 14:28:00-04:00,115.79,115.8,115.7,115.77,7547.0,115.752
2026-05-13 14:29:00-04:00,115.76,115.78,115.65,115.65,17065.0,115.711
2026-05-13 14:30:00-04:00,115.68,115.8,115.67,115.78,9284.0,115.735
2026-05-13 14:31:00-04:00,115.78,115.8,115.61,115.64,6499.0,115.708
2026-05-13 14:32:00-04:00,115.64,115.79,115.63,115.75,11711.0,115.713
2026-05-13 14:33:00-04:00,115.74,115.81,115.6,115.62,17581.0,115.696
2026-05-13 14:34:00-04:00,115.6,115.6,115.32,115.37,33838.0,115.484
2026-05-13 14:35:00-04:00,115.39,115.43,115.34,115.37,10266.0,115.37
2026-05-13 14:36:00-04:00,115.37,115.4,115.32,115.35,7632.0,115.353
2026-05-13 14:37:00-04:00,115.34,115.35,114.89,115.01,26148.0,115.081
2026-05-13 14:38:00-04:00,115.02,115.05,114.78,114.87,14746.0,114.898
2026-05-13 14:39:00-04:00,114.83,115.0,114.78,115.0,18191.0,114.86
2026-05-13 14:40:00-04:00,115.04,115.1,114.99,115.02,22560.0,115.039
2026-05-13 14:41:00-04:00,115.0,115.01,114.91,114.96,6752.0,114.958
2026-05-13 14:42:00-04:00,114.96,115.06,114.93,115.04,8344.0,114.98
2026-05-13 14:43:00-04:00,115.0,115.07,114.93,114.93,7706.0,114.989
2026-05-13 14:44:00-04:00,114.93,114.94,114.85,114.85,10433.0,114.902
2026-05-13 14:45:00-04:00,114.87,114.95,114.84,114.93,6023.0,114.878
2026-05-13 14:46:00-04:00,114.94,114.94,114.88,114.88,4747.0,114.913
2026-05-13 14:47:00-04:00,114.87,114.89,114.77,114.79,6018.0,114.819
2026-05-13 14:48:00-04:00,114.83,114.91,114.8,114.89,5328.0,114.844
2026-05-13 14:49:00-04:00,114.86,114.97,114.82,114.83,8221.0,114.876
2026-05-13 14:50:00-04:00,114.84,114.93,114.73,114.85,167639.0,114.819
2026-05-13 14:51:00-04:00,114.82,114.85,114.68,114.73,87465.0,114.811
2026-05-13 14:52:00-04:00,114.72,114.78,114.68,114.69,4413.0,114.729
2026-05-13 14:53:00-04:00,114.69,114.9,114.68,114.76,6195.0,114.743
2026-05-13 14:54:00-04:00,114.76,114.76,114.63,114.73,6894.0,114.693
2026-05-13 14:55:00-04:00,114.74,114.74,114.65,114.69,4652.0,114.682
2026-05-13 14:56:00-04:00,114.67,114.73,114.59,114.73,11824.0,114.657
2026-05-13 14:57:00-04:00,114.73,114.85,114.7,114.72,7882.0,114.745
2026-05-13 14:58:00-04:00,114.76,114.86,114.6,114.78,13138.0,114.727
2026-05-13 14:59:00-04:00,114.81,114.83,114.47,114.56,23107.0,114.608
2026-05-13 15:00:00-04:00,114.57,114.84,114.55,114.8,13885.0,114.666
2026-05-13 15:01:00-04:00,114.82,114.86,114.7,114.76,15919.0,114.789
2026-05-13 15:02:00-04:00,114.76,114.8,114.57,114.64,15184.0,114.696
2026-05-13 15:03:00-04:00,114.64,114.8,114.64,114.72,9528.0,114.701
2026-05-13 15:04:00-04:00,114.72,114.75,114.54,114.67,38095.0,114.626
2026-05-13 15:05:00-04:00,114.68,114.81,114.66,114.73,21117.0,114.725
2026-05-13 15:06:00-04:00,114.69,114.78,114.63,114.71,21445.0,114.726
2026-05-13 15:07:00-04:00,114.7,114.7,114.29,114.3,25220.0,114.536
2026-05-13 15:08:00-04:00,114.31,114.41,114.26,114.35,25337.0,114.33
2026-05-13 15:09:00-04:00,114.35,114.67,114.32,114.57,13890.0,114.508
2026-05-13 15:10:00-04:00,114.55,114.64,114.53,114.58,31941.0,114.574
2026-05-13 15:11:00-04:00,114.59,114.6,114.45,114.55,13406.0,114.519
2026-05-13 15:12:00-04:00,114.55,114.65,114.49,114.62,30621.0,114.568
2026-05-13 15:13:00-04:00,114.62,114.78,114.61,114.76,20341.0,114.69
2026-05-13 15:14:00-04:00,114.76,114.88,114.74,114.86,27606.0,114.824
2026-05-13 15:15:00-04:00,114.86,114.86,114.66,114.71,22530.0,114.765
2026-05-13 15:16:00-04:00,114.71,114.82,114.69,114.82,13691.0,114.767
2026-05-13 15:17:00-04:00,114.84,114.87,114.82,114.85,17192.0,114.845
2026-05-13 15:18:00-04:00,114.84,114.89,114.75,114.79,23047.0,114.819
2026-05-13 15:19:00-04:00,114.79,114.83,114.72,114.8,17663.0,114.785
2026-05-13 15:20:00-04:00,114.78,114.81,114.75,114.77,8178.0,114.78
2026-05-13 15:21:00-04:00,114.77,114.83,114.71,114.79,24153.0,114.752
2026-05-13 15:22:00-04:00,114.8,114.81,114.72,114.78,19513.0,114.754
2026-05-13 15:23:00-04:00,114.78,114.78,114.6,114.68,12290.0,114.686
2026-05-13 15:24:00-04:00,114.68,114.7,114.53,114.55,21659.0,114.624
2026-05-13 15:25:00-04:00,114.56,114.65,114.52,114.55,18648.0,114.582
2026-05-13 15:26:00-04:00,114.56,114.68,114.55,114.66,16701.0,114.61
2026-05-13 15:27:00-04:00,114.66,114.77,114.65,114.74,24356.0,114.685
2026-05-13 15:28:00-04:00,114.73,114.75,114.64,114.66,23626.0,114.7
2026-05-13 15:29:00-04:00,114.65,114.7,114.56,114.64,40231.0,114.638
2026-05-13 15:30:00-04:00,114.61,114.82,114.61,114.77,31774.0,114.746
2026-05-13 15:31:00-04:00,114.77,115.1,114.77,114.98,28857.0,114.901
2026-05-13 15:32:00-04:00,114.99,115.03,114.83,114.84,16040.0,114.948
2026-05-13 15:33:00-04:00,114.82,114.84,114.59,114.6,14525.0,114.672
2026-05-13 15:34:00-04:00,114.6,114.66,114.56,114.6,23661.0,114.598
2026-05-13 15:35:00-04:00,114.58,114.65,114.44,114.45,19548.0,114.568
2026-05-13 15:36:00-04:00,114.46,114.61,114.38,114.56,18070.0,114.505
2026-05-13 15:37:00-04:00,114.56,114.67,114.44,114.6,18655.0,114.554
2026-05-13 15:38:00-04:00,114.58,114.9,114.58,114.88,21547.0,114.7
2026-05-13 15:39:00-04:00,114.88,115.14,114.83,115.1,20827.0,115.007
2026-05-13 15:40:00-04:00,115.09,115.15,114.93,115.01,21854.0,115.058
2026-05-13 15:41:00-04:00,115.02,115.06,114.92,115.04,22236.0,115.013
2026-05-13 15:42:00-04:00,115.01,115.1,115.0,115.02,10381.0,115.043
2026-05-13 15:43:00-04:00,115.05,115.08,114.91,115.02,26667.0,114.997
2026-05-13 15:44:00-04:00,115.02,115.05,114.91,114.94,21718.0,114.975
2026-05-13 15:45:00-04:00,114.91,114.96,114.64,114.81,32133.0,114.768
2026-05-13 15:46:00-04:00,114.83,114.99,114.69,114.95,18018.0,114.82
2026-05-13 15:47:00-04:00,114.9,114.95,114.82,114.93,22481.0,114.905
2026-05-13 15:48:00-04:00,114.98,115.03,114.94,114.97,29390.0,114.979
2026-05-13 15:49:00-04:00,114.97,115.05,114.89,115.03,26784.0,114.953
2026-05-13 15:50:00-04:00,115.02,115.14,114.91,115.12,61415.0,115.039
2026-05-13 15:51:00-04:00,115.16,115.18,114.84,114.92,72193.0,115.004
2026-05-13 15:52:00-04:00,114.93,115.01,114.88,114.99,59789.0,114.934
2026-05-13 15:53:00-04:00,114.99,115.12,114.85,115.12,59013.0,114.954
2026-05-13 15:54:00-04:00,115.11,115.38,115.05,115.12,75413.0,115.254
2026-05-13 15:55:00-04:00,115.15,115.75,115.13,115.7,140945.0,115.55
2026-05-13 15:56:00-04:00,115.69,115.78,115.53,115.74,152384.0,115.65
2026-05-13 15:57:00-04:00,115.75,115.86,115.63,115.76,179811.0,115.727
2026-05-13 15:58:00-04:00,115.75,115.83,115.73,115.81,142135.0,115.766
2026-05-13 15:59:00-04:00,115.81,115.85,115.69,115.72,348202.0,115.787
2026-05-14 09:30:00-04:00,115.12,115.66,113.57,113.7,151143.0,114.717
2026-05-14 09:31:00-04:00,113.69,114.12,113.02,113.27,20607.0,113.672
2026-05-14 09:32:00-04:00,113.06,113.44,112.93,113.22,47066.0,113.203
2026-05-14 09:33:00-04:00,113.25,113.4,112.74,112.91,34610.0,113.028
2026-05-14 09:34:00-04:00,112.81,113.63,112.51,113.47,48993.0,112.977
2026-05-14 09:35:00-04:00,113.53,114.3,113.43,114.06,43705.0,113.739
2026-05-14 09:36:00-04:00,114.06,114.69,114.0,114.6,18569.0,114.321
2026-05-14 09:37:00-04:00,114.61,115.16,114.49,114.87,55290.0,114.744
2026-05-14 09:38:00-04:00,114.85,115.28,114.74,115.0,12683.0,114.939
2026-05-14 09:39:00-04:00,115.0,115.55,114.94,115.44,26917.0,115.248
2026-05-14 09:40:00-04:00,115.4,115.6,115.06,115.17,38442.0,115.399
2026-05-14 09:41:00-04:00,115.16,115.43,115.13,115.33,14479.0,115.309
2026-05-14 09:42:00-04:00,115.48,115.64,115.4,115.55,11721.0,115.524
2026-05-14 09:43:00-04:00,115.58,115.65,115.04,115.25,17997.0,115.384
2026-05-14 09:44:00-04:00,115.26,115.29,114.91,115.13,39700.0,115.099
2026-05-14 09:45:00-04:00,115.13,115.38,115.08,115.35,17144.0,115.289
2026-05-14 09:46:00-04:00,115.41,115.69,115.3,115.32,25248.0,115.474
2026-05-14 09:47:00-04:00,115.32,115.57,115.15,115.57,16764.0,115.374
2026-05-14 09:48:00-04:00,115.54,115.66,115.34,115.6,14195.0,115.559
2026-05-14 09:49:00-04:00,115.59,115.89,115.31,115.62,73847.0,115.58
2026-05-14 09:50:00-04:00,115.77,116.35,115.65,116.08,41994.0,116.111
2026-05-14 09:51:00-04:00,116.11,116.45,116.09,116.41,13495.0,116.272
2026-05-14 09:52:00-04:00,116.32,116.61,116.21,116.42,23230.0,116.377
2026-05-14 09:53:00-04:00,116.49,116.72,116.37,116.68,35551.0,116.484
2026-05-14 09:54:00-04:00,116.77,117.04,116.54,116.54,42197.0,116.822
2026-05-14 09:55:00-04:00,116.56,116.7,116.29,116.7,26405.0,116.464
2026-05-14 09:56:00-04:00,116.7,116.96,116.48,116.61,45002.0,116.599
2026-05-14 09:57:00-04:00,116.64,116.67,116.5,116.59,35442.0,116.571
2026-05-14 09:58:00-04:00,116.52,116.63,116.04,116.07,79016.0,116.251
2026-05-14 09:59:00-04:00,116.07,116.14,115.71,115.98,32847.0,115.896
2026-05-14 10:00:00-04:00,115.86,116.24,115.81,116.03,67185.0,115.992
2026-05-14 10:01:00-04:00,116.05,116.25,115.92,116.18,23831.0,116.125
2026-05-14 10:02:00-04:00,116.16,116.25,116.03,116.17,13855.0,116.134
2026-05-14 10:03:00-04:00,116.14,116.36,115.97,116.33,15197.0,116.156
2026-05-14 10:04:00-04:00,116.34,116.42,116.01,116.32,43876.0,116.23
2026-05-14 10:05:00-04:00,116.32,116.46,116.2,116.39,22234.0,116.332
2026-05-14 10:06:00-04:00,116.36,116.4,116.1,116.17,11209.0,116.213
2026-05-14 10:07:00-04:00,116.16,116.44,116.15,116.15,11499.0,116.298
2026-05-14 10:08:00-04:00,116.08,116.21,116.0,116.09,17586.0,116.123
2026-05-14 10:09:00-04:00,116.08,116.15,115.84,115.95,17398.0,115.996
2026-05-14 10:10:00-04:00,115.95,116.23,115.95,116.09,11354.0,116.12
2026-05-14 10:11:00-04:00,116.08,116.25,115.93,116.06,20174.0,116.088
2026-05-14 10:12:00-04:00,116.12,116.15,115.94,116.02,5986.0,116.045
2026-05-14 10:13:00-04:00,116.03,116.25,116.03,116.2,14179.0,116.108
2026-05-14 10:14:00-04:00,116.23,116.57,116.2,116.36,14798.0,116.443
2026-05-14 10:15:00-04:00,116.3,116.75,116.29,116.56,84095.0,116.556
2026-05-14 10:16:00-04:00,116.61,116.81,116.56,116.79,11375.0,116.689
2026-05-14 10:17:00-04:00,116.73,116.79,116.49,116.7,14599.0,116.642
2026-05-14 10:18:00-04:00,116.8,116.9,116.74,116.88,16411.0,116.821
2026-05-14 10:19:00-04:00,116.88,117.0,116.75,116.89,28605.0,116.87
2026-05-14 10:20:00-04:00,116.99,117.34,116.67,116.72,64441.0,117.069
2026-05-14 10:21:00-04:00,116.78,116.89,116.63,116.89,11624.0,116.781
2026-05-14 10:22:00-04:00,116.92,117.01,116.74,116.94,12859.0,116.924
2026-05-14 10:23:00-04:00,116.99,117.41,116.9,117.36,47315.0,117.152
2026-05-14 10:24:00-04:00,117.41,117.52,117.14,117.32,31327.0,117.319
2026-05-14 10:25:00-04:00,117.43,117.74,117.41,117.66,34937.0,117.577
2026-05-14 10:26:00-04:00,117.64,117.9,117.36,117.36,41836.0,117.706
2026-05-14 10:27:00-04:00,117.46,117.48,116.99,117.0,51338.0,117.201
2026-05-14 10:28:00-04:00,117.0,117.16,116.9,117.07,12067.0,117.019
2026-05-14 10:29:00-04:00,117.05,117.06,116.81,117.0,14923.0,116.932
2026-05-14 10:30:00-04:00,116.99,117.13,116.89,117.09,11423.0,117.038
2026-05-14 10:31:00-04:00,117.13,117.3,116.93,116.93,18124.0,117.138
2026-05-14 10:32:00-04:00,116.93,116.97,116.43,116.6,23365.0,116.738
2026-05-14 10:33:00-04:00,116.55,116.71,116.5,116.64,16309.0,116.583
2026-05-14 10:34:00-04:00,116.64,116.73,116.48,116.73,7337.0,116.553
2026-05-14 10:35:00-04:00,116.66,117.0,116.65,116.98,6016.0,116.787
2026-05-14 10:36:00-04:00,116.91,116.97,116.68,116.73,7413.0,116.84
2026-05-14 10:37:00-04:00,116.73,116.87,116.63,116.87,7242.0,116.797
2026-05-14 10:38:00-04:00,116.83,117.03,116.78,117.03,5472.0,116.888
2026-05-14 10:39:00-04:00,116.97,117.03,116.88,116.92,12822.0,116.972
2026-05-14 10:40:00-04:00,116.91,116.91,116.68,116.91,18337.0,116.806
2026-05-14 10:41:00-04:00,116.91,117.01,116.52,116.63,21841.0,116.689
2026-05-14 10:42:00-04:00,116.54,116.55,116.32,116.32,10383.0,116.438
2026-05-14 10:43:00-04:00,116.35,116.37,116.28,116.37,2477.0,116.309
2026-05-14 10:44:00-04:00,116.37,116.55,116.27,116.42,14060.0,116.4
2026-05-14 10:45:00-04:00,116.47,116.57,116.45,116.54,5768.0,116.505
2026-05-14 10:46:00-04:00,116.5,116.54,116.34,116.36,6944.0,116.476
2026-05-14 10:47:00-04:00,116.43,116.49,116.34,116.34,12160.0,116.428
2026-05-14 10:48:00-04:00,116.43,116.43,116.29,116.38,17668.0,116.348
2026-05-14 10:49:00-04:00,116.39,116.57,116.37,116.54,11993.0,116.515
2026-05-14 10:50:00-04:00,116.54,116.78,116.54,116.74,13229.0,116.672
2026-05-14 10:51:00-04:00,116.72,116.86,116.68,116.77,4445.0,116.777
2026-05-14 10:52:00-04:00,116.88,116.93,116.79,116.88,11841.0,116.859
2026-05-14 10:53:00-04:00,116.85,116.9,116.79,116.86,5826.0,116.837
2026-05-14 10:54:00-04:00,116.9,116.9,116.72,116.85,13306.0,116.804
2026-05-14 10:55:00-04:00,116.85,116.94,116.84,116.9,6043.0,116.883
2026-05-14 10:56:00-04:00,116.9,116.91,116.76,116.77,9419.0,116.845
2026-05-14 10:57:00-04:00,116.74,116.76,116.63,116.76,6313.0,116.69
2026-05-14 10:58:00-04:00,116.74,117.09,116.67,116.95,15171.0,116.929
2026-05-14 10:59:00-04:00,116.93,117.1,116.71,116.93,14385.0,116.912
2026-05-14 11:00:00-04:00,116.94,117.0,116.73,116.94,14334.0,116.886
2026-05-14 11:01:00-04:00,116.94,117.34,116.94,117.07,20584.0,117.156
2026-05-14 11:02:00-04:00,117.03,117.4,117.03,117.4,15670.0,117.184
2026-05-14 11:03:00-04:00,117.36,117.62,117.34,117.5,16493.0,117.444
2026-05-14 11:04:00-04:00,117.5,117.5,117.33,117.39,9785.0,117.414
2026-05-14 11:05:00-04:00,117.38,117.39,117.24,117.24,6920.0,117.338
2026-05-14 11:06:00-04:00,117.3,117.38,117.2,117.38,5251.0,117.27
2026-05-14 11:07:00-04:00,117.41,117.5,117.31,117.44,8657.0,117.407
2026-05-14 11:08:00-04:00,117.42,117.53,117.37,117.53,7310.0,117.44
2026-05-14 11:09:00-04:00,117.51,117.86,117.51,117.86,8213.0,117.743
2026-05-14 11:10:00-04:00,117.82,117.82,117.44,117.44,13669.0,117.669
2026-05-14 11:11:00-04:00,117.51,117.54,117.38,117.39,10228.0,117.456
2026-05-14 11:12:00-04:00,117.37,117.42,117.33,117.35,7858.0,117.391
2026-05-14 11:13:00-04:00,117.34,117.37,117.29,117.31,7261.0,117.32
2026-05-14 11:14:00-04:00,117.29,117.36,117.23,117.33,11875.0,117.314
2026-05-14 11:15:00-04:00,117.33,117.49,117.31,117.49,22032.0,117.352
2026-05-14 11:16:00-04:00,117.46,117.52,117.37,117.46,8822.0,117.474
2026-05-14 11:17:00-04:00,117.45,117.5,117.18,117.21,11835.0,117.444
2026-05-14 11:18:00-04:00,117.21,117.4,117.18,117.38,6510.0,117.255
2026-05-14 11:19:00-04:00,117.4,117.65,117.39,117.6,18137.0,117.552
2026-05-14 11:20:00-04:00,117.56,117.61,117.33,117.52,16756.0,117.434
2026-05-14 11:21:00-04:00,117.52,117.7,117.43,117.61,8938.0,117.493
2026-05-14 11:22:00-04:00,117.57,117.57,117.43,117.5,6968.0,117.487
2026-05-14 11:23:00-04:00,117.46,117.56,117.38,117.56,7986.0,117.466
2026-05-14 11:24:00-04:00,117.6,117.69,117.57,117.6,9372.0,117.629
2026-05-14 11:25:00-04:00,117.65,117.83,117.65,117.8,3081.0,117.758
2026-05-14 11:26:00-04:00,117.8,117.87,117.71,117.82,13089.0,117.785
2026-05-14 11:27:00-04:00,117.82,117.86,117.76,117.77,7042.0,117.81
2026-05-14 11:28:00-04:00,117.8,117.97,117.71,117.94,22265.0,117.823
2026-05-14 11:29:00-04:00,117.93,117.94,117.65,117.72,14722.0,117.802
2026-05-14 11:30:00-04:00,117.76,117.96,117.76,117.96,8723.0,117.872
2026-05-14 11:31:00-04:00,117.97,117.99,117.9,117.97,16127.0,117.968
2026-05-14 11:32:00-04:00,117.96,117.97,117.87,117.9,6120.0,117.914
2026-05-14 11:33:00-04:00,117.88,117.92,117.78,117.8,11036.0,117.834
2026-05-14 11:34:00-04:00,117.8,117.86,117.54,117.74,14682.0,117.745
2026-05-14 11:35:00-04:00,117.68,117.72,117.57,117.72,14549.0,117.63
2026-05-14 11:36:00-04:00,117.72,117.85,117.58,117.84,9599.0,117.717
2026-05-14 11:37:00-04:00,117.8,118.31,117.79,118.02,32435.0,118.057
2026-05-14 11:38:00-04:00,118.0,118.0,117.83,117.85,9614.0,117.912
2026-05-14 11:39:00-04:00,117.89,118.27,117.89,118.17,10379.0,118.106
2026-05-14 11:40:00-04:00,118.17,118.26,118.1,118.11,8925.0,118.16
2026-05-14 11:41:00-04:00,118.09,118.28,118.08,118.13,7877.0,118.179
2026-05-14 11:42:00-04:00,118.1,118.23,118.06,118.22,10092.0,118.134
2026-05-14 11:43:00-04:00,118.18,118.63,118.18,118.5,306799.0,118.248
2026-05-14 11:44:00-04:00,118.48,118.53,118.24,118.39,10811.0,118.378
2026-05-14 11:45:00-04:00,118.35,118.4,118.08,118.08,31371.0,118.259
2026-05-14 11:46:00-04:00,118.08,118.16,117.98,117.99,9220.0,118.055
2026-05-14 11:47:00-04:00,117.94,117.97,117.71,117.95,22872.0,117.905
2026-05-14 11:48:00-04:00,117.94,117.96,117.82,117.84,3892.0,117.885
2026-05-14 11:49:00-04:00,117.89,117.95,117.84,117.95,4771.0,117.884
2026-05-14 11:50:00-04:00,117.98,118.11,117.86,118.08,216050.0,117.917
2026-05-14 11:51:00-04:00,118.03,118.11,117.76,117.76,140205.0,118.066
2026-05-14 11:52:00-04:00,117.77,118.01,117.7,117.74,351957.0,117.884
2026-05-14 11:53:00-04:00,117.68,117.9,117.68,117.9,32634.0,117.741
2026-05-14 11:54:00-04:00,117.97,118.21,117.97,118.18,7170.0,118.101
2026-05-14 11:55:00-04:00,118.14,118.15,117.79,117.8,20349.0,117.948
2026-05-14 11:56:00-04:00,117.8,117.97,117.71,117.94,19085.0,117.787
2026-05-14 11:57:00-04:00,117.94,118.09,117.88,118.07,7194.0,117.956
2026-05-14 11:58:00-04:00,118.02,118.07,117.87,117.95,4858.0,117.933
2026-05-14 11:59:00-04:00,117.95,118.0,117.92,118.0,4029.0,117.961
2026-05-14 12:00:00-04:00,118.0,118.1,117.95,118.0,7435.0,117.999
2026-05-14 12:01:00-04:00,117.98,118.09,117.86,117.86,6155.0,117.979
2026-05-14 12:02:00-04:00,117.86,117.87,117.79,117.79,8315.0,117.84
2026-05-14 12:03:00-04:00,117.76,117.76,117.43,117.54,9810.0,117.548
2026-05-14 12:04:00-04:00,117.57,117.83,117.57,117.82,4640.0,117.687
2026-05-14 12:05:00-04:00,117.81,117.88,117.78,117.84,5660.0,117.819
2026-05-14 12:06:00-04:00,117.83,117.85,117.7,117.7,8678.0,117.793
2026-05-14 12:07:00-04:00,117.65,117.73,117.65,117.66,1800.0,117.673
2026-05-14 12:08:00-04:00,117.68,117.84,117.68,117.81,5266.0,117.771
2026-05-14 12:09:00-04:00,117.8,117.97,117.8,117.83,7461.0,117.862
2026-05-14 12:10:00-04:00,117.82,118.0,117.81,117.96,5651.0,117.909
2026-05-14 12:11:00-04:00,117.96,117.96,117.8,117.85,19982.0,117.924
2026-05-14 12:12:00-04:00,117.85,117.9,117.85,117.89,2057.0,117.886
2026-05-14 12:13:00-04:00,117.89,117.92,117.66,117.69,9674.0,117.801
2026-05-14 12:14:00-04:00,117.73,117.97,117.73,117.97,13735.0,117.885
2026-05-14 12:15:00-04:00,117.97,118.0,117.88,118.0,6501.0,117.929
2026-05-14 12:16:00-04:00,117.98,118.11,117.97,118.11,8987.0,118.016
2026-05-14 12:17:00-04:00,118.11,118.12,118.03,118.09,2238.0,118.073
2026-05-14 12:18:00-04:00,118.09,118.15,117.99,118.08,9253.0,118.068
2026-05-14 12:19:00-04:00,118.05,118.05,117.76,117.82,7043.0,117.966
2026-05-14 12:20:00-04:00,117.84,117.96,117.81,117.96,4209.0,117.903
2026-05-14 12:21:00-04:00,117.96,118.03,117.82,118.02,6019.0,117.936
2026-05-14 12:22:00-04:00,118.02,118.05,117.91,117.91,5889.0,117.946
2026-05-14 12:23:00-04:00,117.91,118.05,117.91,118.02,5649.0,117.962
2026-05-14 12:24:00-04:00,117.98,117.99,117.9,117.96,4091.0,117.952
2026-05-14 12:25:00-04:00,117.96,117.97,117.82,117.94,6587.0,117.914
2026-05-14 12:26:00-04:00,117.89,117.96,117.66,117.69,8779.0,117.796
2026-05-14 12:27:00-04:00,117.67,117.83,117.67,117.83,4933.0,117.765
2026-05-14 12:28:00-04:00,117.83,117.84,117.64,117.72,20643.0,117.727
2026-05-14 12:29:00-04:00,117.71,117.81,117.71,117.77,5765.0,117.764
2026-05-14 12:30:00-04:00,117.75,117.97,117.72,117.92,4603.0,117.855
2026-05-14 12:31:00-04:00,117.92,118.04,117.92,118.04,3883.0,117.98
2026-05-14 12:32:00-04:00,118.05,118.06,118.05,118.06,1168.0,118.052
2026-05-14 12:33:00-04:00,118.05,118.09,117.92,117.95,7681.0,117.989
2026-05-14 12:34:00-04:00,117.96,118.09,117.95,118.0,4485.0,118.006
2026-05-14 12:35:00-04:00,117.96,118.04,117.93,118.04,3715.0,117.979
2026-05-14 12:36:00-04:00,117.98,118.26,117.93,118.26,8630.0,118.099
2026-05-14 12:37:00-04:00,118.25,118.27,118.17,118.23,5811.0,118.218
2026-05-14 12:38:00-04:00,118.19,118.45,118.18,118.36,9619.0,118.37
2026-05-14 12:39:00-04:00,118.35,118.42,118.27,118.29,8610.0,118.319
2026-05-14 12:40:00-04:00,118.27,118.5,118.27,118.47,8596.0,118.384
2026-05-14 12:41:00-04:00,118.47,118.59,118.41,118.59,9254.0,118.467
2026-05-14 12:42:00-04:00,118.55,118.56,118.13,118.14,9378.0,118.353
2026-05-14 12:43:00-04:00,118.16,118.17,118.03,118.03,8235.0,118.106
2026-05-14 12:44:00-04:00,118.05,118.05,117.92,117.95,7360.0,117.964
2026-05-14 12:45:00-04:00,117.95,118.06,117.86,117.94,12410.0,117.936
2026-05-14 12:46:00-04:00,117.96,118.04,117.93,118.03,3647.0,117.969
2026-05-14 12:47:00-04:00,118.06,118.11,117.93,118.03,6091.0,118.008
2026-05-14 12:48:00-04:00,118.03,118.03,117.89,117.97,2803.0,117.944
2026-05-14 12:49:00-04:00,117.96,118.02,117.94,118.02,3455.0,117.975
2026-05-14 12:50:00-04:00,117.98,118.13,117.98,118.11,2000.0,118.076
2026-05-14 12:51:00-04:00,118.06,118.12,117.98,118.1,4799.0,118.033
2026-05-14 12:52:00-04:00,118.1,118.1,117.99,118.1,2781.0,118.063
2026-05-14 12:53:00-04:00,118.14,118.16,118.04,118.16,6918.0,118.098
2026-05-14 12:54:00-04:00,118.1,118.17,118.04,118.1,3629.0,118.096
2026-05-14 12:55:00-04:00,118.16,118.45,118.16,118.36,3387.0,118.269
2026-05-14 12:56:00-04:00,118.36,118.41,118.2,118.35,6404.0,118.306
2026-05-14 12:57:00-04:00,118.44,118.49,118.36,118.47,3437.0,118.416
2026-05-14 12:58:00-04:00,118.48,118.56,118.43,118.52,5007.0,118.497
2026-05-14 12:59:00-04:00,118.52,118.57,118.51,118.56,2455.0,118.519
2026-05-14 13:00:00-04:00,118.51,118.78,118.5,118.73,14730.0,118.619
2026-05-14 13:01:00-04:00,118.7,118.74,118.58,118.71,10305.0,118.651
2026-05-14 13:02:00-04:00,118.72,118.72,118.66,118.7,1396.0,118.679
2026-05-14 13:03:00-04:00,118.68,118.76,118.66,118.7,5562.0,118.702
2026-05-14 13:04:00-04:00,118.7,118.94,118.7,118.73,13248.0,118.833
2026-05-14 13:05:00-04:00,118.7,118.74,118.57,118.58,9003.0,118.637
2026-05-14 13:06:00-04:00,118.55,118.57,118.52,118.53,2099.0,118.536
2026-05-14 13:07:00-04:00,118.52,118.67,118.46,118.61,5143.0,118.555
2026-05-14 13:08:00-04:00,118.61,118.64,118.53,118.61,2680.0,118.573
2026-05-14 13:09:00-04:00,118.61,118.78,118.61,118.7,5074.0,118.672
2026-05-14 13:10:00-04:00,118.7,118.72,118.51,118.67,7139.0,118.631
2026-05-14 13:11:00-04:00,118.66,118.72,118.55,118.62,3461.0,118.622
2026-05-14 13:12:00-04:00,118.68,118.68,118.6,118.61,2200.0,118.63
2026-05-14 13:13:00-04:00,118.62,118.66,118.41,118.45,8763.0,118.537
2026-05-14 13:14:00-04:00,118.44,118.49,118.07,118.11,7752.0,118.292
2026-05-14 13:15:00-04:00,118.14,118.27,118.04,118.04,7339.0,118.161
2026-05-14 13:16:00-04:00,118.04,118.04,117.6,117.7,10782.0,117.885
2026-05-14 13:17:00-04:00,117.74,117.81,117.73,117.77,3485.0,117.779
2026-05-14 13:18:00-04:00,117.77,117.77,117.25,117.25,25236.0,117.573
2026-05-14 13:19:00-04:00,117.33,117.48,117.33,117.47,5714.0,117.417
2026-05-14 13:20:00-04:00,117.47,117.65,117.33,117.64,14497.0,117.447
2026-05-14 13:21:00-04:00,117.55,117.69,117.48,117.59,9940.0,117.57
2026-05-14 13:22:00-04:00,117.57,117.82,117.53,117.74,4742.0,117.68
2026-05-14 13:23:00-04:00,117.68,117.68,117.49,117.54,20232.0,117.569
2026-05-14 13:24:00-04:00,117.55,117.56,117.25,117.31,28353.0,117.492
2026-05-14 13:25:00-04:00,117.31,117.34,117.09,117.21,18495.0,117.214
2026-05-14 13:26:00-04:00,117.13,117.3,116.9,117.15,29653.0,117.132
2026-05-14 13:27:00-04:00,117.21,117.41,117.14,117.3,24268.0,117.278
2026-05-14 13:28:00-04:00,117.3,117.49,117.3,117.46,6784.0,117.371
2026-05-14 13:29:00-04:00,117.46,117.52,117.29,117.49,6780.0,117.394
2026-05-14 13:30:00-04:00,117.49,117.68,117.36,117.6,17080.0,117.552
2026-05-14 13:31:00-04:00,117.58,117.8,117.58,117.69,6677.0,117.699
2026-05-14 13:32:00-04:00,117.66,117.75,117.58,117.68,7354.0,117.662
2026-05-14 13:33:00-04:00,117.63,117.77,117.38,117.41,8090.0,117.566
2026-05-14 13:34:00-04:00,117.41,117.6,117.4,117.59,4606.0,117.488
2026-05-14 13:35:00-04:00,117.53,117.86,117.53,117.81,18037.0,117.677
2026-05-14 13:36:00-04:00,117.82,117.92,117.78,117.83,31320.0,117.857
2026-05-14 13:37:00-04:00,117.85,117.88,117.71,117.81,111219.0,117.818
2026-05-14 13:38:00-04:00,117.87,117.88,117.76,117.78,9826.0,117.834
2026-05-14 13:39:00-04:00,117.82,117.88,117.64,117.64,17262.0,117.773
2026-05-14 13:40:00-04:00,117.67,117.83,117.67,117.77,3908.0,117.743
2026-05-14 13:41:00-04:00,117.77,117.83,117.76,117.76,800.0,117.776
2026-05-14 13:42:00-04:00,117.78,117.86,117.74,117.75,6096.0,117.798
2026-05-14 13:43:00-04:00,117.74,117.83,117.69,117.77,22615.0,117.747
2026-05-14 13:44:00-04:00,117.77,117.78,117.63,117.7,8000.0,117.703
2026-05-14 13:45:00-04:00,117.67,117.75,117.67,117.75,3085.0,117.711
2026-05-14 13:46:00-04:00,117.73,117.97,117.73,117.86,6192.0,117.876
2026-05-14 13:47:00-04:00,117.86,117.86,117.76,117.81,7214.0,117.794
2026-05-14 13:48:00-04:00,117.77,117.84,117.74,117.83,2913.0,117.802
2026-05-14 13:49:00-04:00,117.82,117.85,117.79,117.82,3000.0,117.811
2026-05-14 13:50:00-04:00,117.87,117.9,117.82,117.86,5466.0,117.864
2026-05-14 13:51:00-04:00,117.85,117.9,117.83,117.86,3520.0,117.858
2026-05-14 13:52:00-04:00,117.81,117.86,117.73,117.77,7901.0,117.797
2026-05-14 13:53:00-04:00,117.8,117.95,117.78,117.94,6134.0,117.844
2026-05-14 13:54:00-04:00,117.94,117.94,117.82,117.84,5331.0,117.883
2026-05-14 13:55:00-04:00,117.84,117.9,117.81,117.88,13180.0,117.857
2026-05-14 13:56:00-04:00,117.88,118.0,117.87,117.97,4037.0,117.92
2026-05-14 13:57:00-04:00,118.0,118.01,117.93,117.97,7015.0,117.963
2026-05-14 13:58:00-04:00,117.98,118.0,117.84,118.0,5488.0,117.925
2026-05-14 13:59:00-04:00,117.98,118.0,117.87,117.93,5744.0,117.943
2026-05-14 14:00:00-04:00,117.9,117.91,117.71,117.73,6011.0,117.819
2026-05-14 14:01:00-04:00,117.7,117.73,117.48,117.56,19944.0,117.571
2026-05-14 14:02:00-04:00,117.6,117.66,117.36,117.39,6712.0,117.494
2026-05-14 14:03:00-04:00,117.35,117.43,117.23,117.38,4344.0,117.316
2026-05-14 14:04:00-04:00,117.38,117.43,117.36,117.39,2150.0,117.391
2026-05-14 14:05:00-04:00,117.39,117.52,117.39,117.52,2711.0,117.444
2026-05-14 14:06:00-04:00,117.53,117.53,117.45,117.48,1698.0,117.498
2026-05-14 14:07:00-04:00,117.45,117.48,117.34,117.34,6019.0,117.409
2026-05-14 14:08:00-04:00,117.3,117.3,117.19,117.19,1925.0,117.27
2026-05-14 14:09:00-04:00,117.21,117.28,117.2,117.28,3271.0,117.223
2026-05-14 14:10:00-04:00,117.27,117.32,117.19,117.32,5914.0,117.223
2026-05-14 14:11:00-04:00,117.38,117.58,117.36,117.58,6181.0,117.501
2026-05-14 14:12:00-04:00,117.62,117.62,117.42,117.49,4110.0,117.476
2026-05-14 14:13:00-04:00,117.49,117.52,117.39,117.42,4803.0,117.466
2026-05-14 14:14:00-04:00,117.47,117.51,117.47,117.48,1475.0,117.488
2026-05-14 14:15:00-04:00,117.54,117.72,117.49,117.66,5834.0,117.551
2026-05-14 14:16:00-04:00,117.72,117.78,117.67,117.67,12858.0,117.724
2026-05-14 14:17:00-04:00,117.69,117.93,117.66,117.92,7676.0,117.763
2026-05-14 14:18:00-04:00,117.9,117.9,117.81,117.84,5345.0,117.843
2026-05-14 14:19:00-04:00,117.84,117.85,117.76,117.8,3259.0,117.802
2026-05-14 14:20:00-04:00,117.8,117.89,117.8,117.86,3677.0,117.851
2026-05-14 14:21:00-04:00,117.8,117.86,117.7,117.74,7660.0,117.803
2026-05-14 14:22:00-04:00,117.73,117.74,117.52,117.52,3220.0,117.669
2026-05-14 14:23:00-04:00,117.53,117.53,117.43,117.44,6069.0,117.474
2026-05-14 14:24:00-04:00,117.44,117.45,117.29,117.29,5422.0,117.373
2026-05-14 14:25:00-04:00,117.33,117.54,117.31,117.43,265043.0,117.376
2026-05-14 14:26:00-04:00,117.46,117.47,117.28,117.4,6059.0,117.412
2026-05-14 14:27:00-04:00,117.4,117.44,117.39,117.39,4107.0,117.415
2026-05-14 14:28:00-04:00,117.36,117.43,117.29,117.33,6693.0,117.358
2026-05-14 14:29:00-04:00,117.33,117.52,117.33,117.42,3760.0,117.413
2026-05-14 14:30:00-04:00,117.42,117.64,117.41,117.57,5379.0,117.543
2026-05-14 14:31:00-04:00,117.59,117.66,117.5,117.59,8141.0,117.576
2026-05-14 14:32:00-04:00,117.63,117.7,117.57,117.69,5853.0,117.637
2026-05-14 14:33:00-04:00,117.69,117.76,117.69,117.74,1510.0,117.737
2026-05-14 14:34:00-04:00,117.75,117.83,117.71,117.8,3150.0,117.799
2026-05-14 14:35:00-04:00,117.8,117.81,117.68,117.76,1752.0,117.751
2026-05-14 14:36:00-04:00,117.76,117.8,117.67,117.67,7105.0,117.747
2026-05-14 14:37:00-04:00,117.66,117.71,117.61,117.66,7839.0,117.664
2026-05-14 14:38:00-04:00,117.66,117.85,117.65,117.83,15587.0,117.713
2026-05-14 14:39:00-04:00,117.78,117.78,117.73,117.76,750.0,117.756
2026-05-14 14:40:00-04:00,117.8,117.8,117.43,117.43,10574.0,117.669
2026-05-14 14:41:00-04:00,117.45,117.78,117.43,117.66,8889.0,117.662
2026-05-14 14:42:00-04:00,117.7,117.71,117.65,117.66,3976.0,117.682
2026-05-14 14:43:00-04:00,117.66,117.72,117.62,117.71,3054.0,117.671
2026-05-14 14:44:00-04:00,117.67,117.92,117.67,117.92,3892.0,117.813
2026-05-14 14:45:00-04:00,117.89,117.97,117.86,117.94,7570.0,117.915
2026-05-14 14:46:00-04:00,117.96,118.25,117.96,118.11,25026.0,118.095
2026-05-14 14:47:00-04:00,118.11,118.29,118.1,118.23,7375.0,118.217
2026-05-14 14:48:00-04:00,118.21,118.24,118.15,118.18,3023.0,118.196
2026-05-14 14:49:00-04:00,118.15,118.27,118.14,118.25,6950.0,118.202
2026-05-14 14:50:00-04:00,118.25,118.36,118.19,118.22,7512.0,118.257
2026-05-14 14:51:00-04:00,118.27,118.5,118.22,118.41,9318.0,118.411
2026-05-14 14:52:00-04:00,118.46,118.5,118.42,118.46,11857.0,118.458
2026-05-14 14:53:00-04:00,118.46,118.57,118.34,118.53,26398.0,118.454
2026-05-14 14:54:00-04:00,118.53,118.59,118.49,118.57,8947.0,118.54
2026-05-14 14:55:00-04:00,118.57,118.57,118.4,118.41,10201.0,118.464
2026-05-14 14:56:00-04:00,118.41,118.41,118.2,118.24,4254.0,118.285
2026-05-14 14:57:00-04:00,118.25,118.27,118.0,118.17,32106.0,118.151
2026-05-14 14:58:00-04:00,118.14,118.18,118.05,118.05,6458.0,118.137
2026-05-14 14:59:00-04:00,118.1,118.26,118.08,118.26,3931.0,118.149
2026-05-14 15:00:00-04:00,118.31,118.47,118.31,118.41,5948.0,118.401
2026-05-14 15:01:00-04:00,118.42,118.42,118.29,118.33,6300.0,118.364
2026-05-14 15:02:00-04:00,118.34,118.38,118.29,118.32,7017.0,118.335
2026-05-14 15:03:00-04:00,118.32,118.38,118.26,118.26,5540.0,118.333
2026-05-14 15:04:00-04:00,118.28,118.36,118.25,118.32,10079.0,118.287
2026-05-14 15:05:00-04:00,118.37,118.44,118.37,118.43,4858.0,118.403
2026-05-14 15:06:00-04:00,118.39,118.57,118.35,118.53,10026.0,118.486
2026-05-14 15:07:00-04:00,118.56,118.63,118.47,118.62,7082.0,118.526
2026-05-14 15:08:00-04:00,118.69,118.71,118.59,118.68,10205.0,118.67
2026-05-14 15:09:00-04:00,118.67,118.67,118.61,118.63,3448.0,118.634
2026-05-14 15:10:00-04:00,118.7,118.7,118.64,118.66,3615.0,118.672
2026-05-14 15:11:00-04:00,118.7,118.78,118.7,118.76,7543.0,118.739
2026-05-14 15:12:00-04:00,118.72,118.8,118.7,118.75,6724.0,118.749
2026-05-14 15:13:00-04:00,118.79,118.79,118.57,118.57,13058.0,118.697
2026-05-14 15:14:00-04:00,118.57,118.68,118.49,118.57,11131.0,118.613
2026-05-14 15:15:00-04:00,118.61,118.67,118.59,118.66,2733.0,118.629
2026-05-14 15:16:00-04:00,118.66,118.7,118.64,118.7,4246.0,118.682
2026-05-14 15:17:00-04:00,118.69,118.71,118.66,118.67,7492.0,118.684
2026-05-14 15:18:00-04:00,118.67,118.73,118.59,118.71,12741.0,118.673
2026-05-14 15:19:00-04:00,118.7,118.81,118.68,118.7,10651.0,118.742
2026-05-14 15:20:00-04:00,118.69,118.69,118.59,118.65,15447.0,118.645
2026-05-14 15:21:00-04:00,118.63,118.75,118.57,118.75,13409.0,118.63
2026-05-14 15:22:00-04:00,118.72,118.9,118.72,118.79,9084.0,118.834
2026-05-14 15:23:00-04:00,118.75,118.8,118.69,118.76,8906.0,118.741
2026-05-14 15:24:00-04:00,118.77,118.77,118.54,118.64,12314.0,118.636
2026-05-14 15:25:00-04:00,118.64,118.68,118.6,118.63,3911.0,118.645
2026-05-14 15:26:00-04:00,118.69,118.78,118.6,118.69,15893.0,118.689
2026-05-14 15:27:00-04:00,118.78,118.78,118.6,118.61,17406.0,118.661
2026-05-14 15:28:00-04:00,118.62,118.7,118.52,118.52,13886.0,118.623
2026-05-14 15:29:00-04:00,118.51,118.63,118.44,118.52,10667.0,118.517
2026-05-14 15:30:00-04:00,118.52,118.79,118.51,118.77,8330.0,118.668
2026-05-14 15:31:00-04:00,118.83,118.91,118.73,118.73,8785.0,118.832
2026-05-14 15:32:00-04:00,118.77,118.82,118.67,118.77,6946.0,118.74
2026-05-14 15:33:00-04:00,118.79,118.87,118.66,118.66,7211.0,118.792
2026-05-14 15:34:00-04:00,118.65,118.68,118.35,118.44,14676.0,118.534
2026-05-14 15:35:00-04:00,118.47,118.67,118.46,118.6,11054.0,118.591
2026-05-14 15:36:00-04:00,118.62,118.66,118.52,118.59,13846.0,118.608
2026-05-14 15:37:00-04:00,118.6,118.65,118.54,118.6,5114.0,118.609
2026-05-14 15:38:00-04:00,118.6,118.6,118.42,118.47,12876.0,118.549
2026-05-14 15:39:00-04:00,118.47,118.76,118.47,118.65,15720.0,118.579
2026-05-14 15:40:00-04:00,118.65,118.89,118.64,118.83,8780.0,118.759
2026-05-14 15:41:00-04:00,118.81,118.81,118.72,118.72,7634.0,118.77
2026-05-14 15:42:00-04:00,118.7,118.8,118.7,118.73,5182.0,118.762
2026-05-14 15:43:00-04:00,118.75,118.78,118.62,118.62,22910.0,118.692
2026-05-14 15:44:00-04:00,118.63,118.83,118.6,118.83,8163.0,118.741
2026-05-14 15:45:00-04:00,118.82,118.92,118.77,118.88,15607.0,118.855
2026-05-14 15:46:00-04:00,118.88,118.99,118.85,118.92,15173.0,118.916
2026-05-14 15:47:00-04:00,118.92,118.98,118.88,118.96,10452.0,118.929
2026-05-14 15:48:00-04:00,118.96,119.01,118.93,118.98,13631.0,118.982
2026-05-14 15:49:00-04:00,119.0,119.01,118.87,118.88,8229.0,118.93
2026-05-14 15:50:00-04:00,118.87,119.1,118.86,118.96,36784.0,118.988
2026-05-14 15:51:00-04:00,118.95,118.96,118.8,118.82,18911.0,118.856
2026-05-14 15:52:00-04:00,118.82,118.95,118.77,118.95,24997.0,118.869
2026-05-14 15:53:00-04:00,118.97,119.08,118.96,119.02,19215.0,119.036
2026-05-14 15:54:00-04:00,119.02,119.03,118.7,118.86,44924.0,118.858
2026-05-14 15:55:00-04:00,118.9,118.98,118.59,118.89,69952.0,118.833
2026-05-14 15:56:00-04:00,118.89,118.9,118.75,118.81,66321.0,118.856
2026-05-14 15:57:00-04:00,118.8,118.86,118.71,118.81,78013.0,118.81
2026-05-14 15:58:00-04:00,118.82,118.86,118.5,118.51,110104.0,118.648
2026-05-14 15:59:00-04:00,118.52,118.55,118.27,118.27,349852.0,118.406
2026-05-15 09:30:00-04:00,113.01,113.66,112.15,112.65,288519.0,113.057
2026-05-15 09:31:00-04:00,112.52,112.74,111.77,112.13,40259.0,112.052
2026-05-15 09:32:00-04:00,112.13,112.46,112.0,112.17,18936.0,112.265
2026-05-15 09:33:00-04:00,112.24,112.48,112.04,112.11,26425.0,112.257
2026-05-15 09:34:00-04:00,112.22,113.4,112.0,113.19,27827.0,112.437
2026-05-15 09:35:00-04:00,113.15,113.38,112.59,112.83,16744.0,113.005
2026-05-15 09:36:00-04:00,112.82,113.0,112.37,112.8,65273.0,112.669
2026-05-15 09:37:00-04:00,112.73,112.95,112.56,112.89,21685.0,112.759
2026-05-15 09:38:00-04:00,112.93,112.95,112.38,112.56,28998.0,112.614
2026-05-15 09:39:00-04:00,112.55,112.98,112.51,112.88,20197.0,112.755
2026-05-15 09:40:00-04:00,112.88,113.44,112.75,113.43,28728.0,113.228
2026-05-15 09:41:00-04:00,113.48,113.57,112.63,112.75,45535.0,113.054
2026-05-15 09:42:00-04:00,112.78,112.91,112.5,112.77,20506.0,112.702
2026-05-15 09:43:00-04:00,112.73,112.98,112.61,112.61,18000.0,112.803
2026-05-15 09:44:00-04:00,112.66,113.01,112.5,112.71,20534.0,112.733
2026-05-15 09:45:00-04:00,112.71,112.84,112.41,112.41,57206.0,112.573
2026-05-15 09:46:00-04:00,112.58,112.59,112.1,112.26,36503.0,112.331
2026-05-15 09:47:00-04:00,112.31,112.55,112.0,112.46,16431.0,112.269
2026-05-15 09:48:00-04:00,112.55,112.9,112.55,112.65,22104.0,112.674
2026-05-15 09:49:00-04:00,112.58,112.95,112.37,112.95,15957.0,112.562
2026-05-15 09:50:00-04:00,112.79,112.87,112.15,112.34,23389.0,112.493
2026-05-15 09:51:00-04:00,112.4,112.56,112.11,112.52,22300.0,112.352
2026-05-15 09:52:00-04:00,112.5,112.67,112.39,112.46,14139.0,112.489
2026-05-15 09:53:00-04:00,112.52,112.96,112.44,112.73,17912.0,112.701
2026-05-15 09:54:00-04:00,112.96,113.36,112.96,113.23,17022.0,113.245
2026-05-15 09:55:00-04:00,113.25,113.58,112.88,113.44,37008.0,113.163
2026-05-15 09:56:00-04:00,113.57,113.57,112.95,113.18,49095.0,113.233
2026-05-15 09:57:00-04:00,113.18,113.18,112.77,112.77,22558.0,112.933
2026-05-15 09:58:00-04:00,112.73,112.73,112.1,112.18,32212.0,112.375
2026-05-15 09:59:00-04:00,112.17,112.48,111.97,112.29,83420.0,112.316
2026-05-15 10:00:00-04:00,112.37,112.42,112.12,112.38,24522.0,112.308
2026-05-15 10:01:00-04:00,112.46,112.59,112.36,112.56,16279.0,112.483
2026-05-15 10:02:00-04:00,112.51,112.84,112.51,112.59,17078.0,112.671
2026-05-15 10:03:00-04:00,112.61,112.74,112.47,112.47,15514.0,112.573
2026-05-15 10:04:00-04:00,112.47,112.57,112.29,112.5,49901.0,112.374
2026-05-15 10:05:00-04:00,112.51,112.74,112.38,112.74,7741.0,112.514
2026-05-15 10:06:00-04:00,112.66,112.82,112.47,112.82,13042.0,112.657
2026-05-15 10:07:00-04:00,112.82,112.9,112.73,112.87,4609.0,112.807
2026-05-15 10:08:00-04:00,112.85,112.85,112.51,112.76,56764.0,112.684
2026-05-15 10:09:00-04:00,112.8,112.91,112.39,112.49,19578.0,112.696
2026-05-15 10:10:00-04:00,112.55,112.89,112.54,112.89,10781.0,112.701
2026-05-15 10:11:00-04:00,112.81,112.81,112.2,112.56,19601.0,112.495
2026-05-15 10:12:00-04:00,112.54,112.86,112.5,112.86,13857.0,112.62
2026-05-15 10:13:00-04:00,112.86,113.39,112.79,113.23,22534.0,113.184
2026-05-15 10:14:00-04:00,113.24,113.36,113.06,113.31,19357.0,113.24
2026-05-15 10:15:00-04:00,113.3,113.37,112.86,113.08,33850.0,113.143
2026-05-15 10:16:00-04:00,113.08,113.27,113.04,113.12,29842.0,113.109
2026-05-15 10:17:00-04:00,113.15,113.27,113.05,113.1,7193.0,113.12
2026-05-15 10:18:00-04:00,113.05,113.56,113.01,113.46,55835.0,113.321
2026-05-15 10:19:00-04:00,113.5,113.59,113.21,113.52,26850.0,113.447
2026-05-15 10:20:00-04:00,113.52,113.52,113.12,113.3,26646.0,113.248
2026-05-15 10:21:00-04:00,113.44,113.5,113.31,113.37,21762.0,113.432
2026-05-15 10:22:00-04:00,113.38,113.63,113.36,113.45,48018.0,113.462
2026-05-15 10:23:00-04:00,113.5,113.59,113.17,113.37,16639.0,113.448
2026-05-15 10:24:00-04:00,113.35,113.39,113.25,113.32,5215.0,113.31
2026-05-15 10:25:00-04:00,113.32,113.45,113.11,113.25,30261.0,113.23
2026-05-15 10:26:00-04:00,113.3,113.3,112.95,113.03,4035.0,113.143
2026-05-15 10:27:00-04:00,113.05,113.18,112.95,112.96,11683.0,113.034
2026-05-15 10:28:00-04:00,112.98,113.05,112.88,113.03,6002.0,112.967
2026-05-15 10:29:00-04:00,113.01,113.02,112.77,112.9,4792.0,112.882
2026-05-15 10:30:00-04:00,112.9,113.15,112.79,112.83,13437.0,112.92
2026-05-15 10:31:00-04:00,112.87,112.95,112.79,112.8,7316.0,112.874
2026-05-15 10:32:00-04:00,112.8,112.97,112.79,112.88,9897.0,112.85
2026-05-15 10:33:00-04:00,112.92,113.01,112.68,113.0,5984.0,112.831
2026-05-15 10:34:00-04:00,112.87,113.17,112.87,113.16,3388.0,113.007
2026-05-15 10:35:00-04:00,113.07,113.21,112.92,112.92,6974.0,113.088
2026-05-15 10:36:00-04:00,112.98,112.99,112.6,112.72,10140.0,112.768
2026-05-15 10:37:00-04:00,112.74,112.89,112.59,112.75,12896.0,112.716
2026-05-15 10:38:00-04:00,112.77,112.77,112.64,112.69,8674.0,112.707
2026-05-15 10:39:00-04:00,112.69,112.73,112.55,112.73,21330.0,112.625
2026-05-15 10:40:00-04:00,112.66,112.74,112.52,112.65,16947.0,112.633
2026-05-15 10:41:00-04:00,112.7,112.75,112.65,112.75,22070.0,112.694
2026-05-15 10:42:00-04:00,112.72,112.79,112.53,112.62,24813.0,112.686
2026-05-15 10:43:00-04:00,112.65,112.76,112.62,112.71,16235.0,112.707
2026-05-15 10:44:00-04:00,112.71,112.97,112.66,112.97,39426.0,112.761
2026-05-15 10:45:00-04:00,112.96,112.99,112.64,112.67,16716.0,112.816
2026-05-15 10:46:00-04:00,112.67,112.73,112.51,112.54,5732.0,112.605
2026-05-15 10:47:00-04:00,112.51,112.69,112.41,112.41,16816.0,112.535
2026-05-15 10:48:00-04:00,112.4,112.4,112.2,112.3,6616.0,112.316
2026-05-15 10:49:00-04:00,112.33,112.33,112.19,112.23,5065.0,112.271
2026-05-15 10:50:00-04:00,112.25,112.3,112.12,112.29,17378.0,112.205
2026-05-15 10:51:00-04:00,112.25,112.31,112.14,112.14,13010.0,112.23
2026-05-15 10:52:00-04:00,112.1,112.32,111.97,112.28,32509.0,112.072
2026-05-15 10:53:00-04:00,112.33,112.4,112.16,112.17,14937.0,112.297
2026-05-15 10:54:00-04:00,112.22,112.48,112.21,112.47,13844.0,112.294
2026-05-15 10:55:00-04:00,112.48,112.82,112.48,112.82,18122.0,112.656
2026-05-15 10:56:00-04:00,112.8,112.95,112.79,112.89,4547.0,112.864
2026-05-15 10:57:00-04:00,112.91,112.95,112.71,112.71,12264.0,112.821
2026-05-15 10:58:00-04:00,112.71,112.77,112.54,112.68,18081.0,112.656
2026-05-15 10:59:00-04:00,112.67,112.68,112.45,112.52,26993.0,112.585
2026-05-15 11:00:00-04:00,112.53,112.77,112.48,112.65,14769.0,112.627
2026-05-15 11:01:00-04:00,112.67,112.8,112.49,112.49,10677.0,112.68
2026-05-15 11:02:00-04:00,112.49,112.49,112.25,112.42,14501.0,112.383
2026-05-15 11:03:00-04:00,112.37,112.41,112.24,112.33,8011.0,112.322
2026-05-15 11:04:00-04:00,112.28,112.54,112.26,112.43,9324.0,112.383
2026-05-15 11:05:00-04:00,112.35,112.43,112.35,112.43,2700.0,112.396
2026-05-15 11:06:00-04:00,112.39,112.49,112.27,112.35,16971.0,112.386
2026-05-15 11:07:00-04:00,112.34,112.53,112.28,112.45,22708.0,112.378
2026-05-15 11:08:00-04:00,112.53,112.6,112.35,112.48,20106.0,112.494
2026-05-15 11:09:00-04:00,112.5,113.0,112.43,113.0,20332.0,112.633
2026-05-15 11:10:00-04:00,113.04,113.09,112.73,112.92,10733.0,112.952
2026-05-15 11:11:00-04:00,112.94,113.39,112.79,113.39,22481.0,112.979
2026-05-15 11:12:00-04:00,113.37,113.44,113.26,113.38,11330.0,113.344
2026-05-15 11:13:00-04:00,113.43,113.64,113.38,113.5,13921.0,113.555
2026-05-15 11:14:00-04:00,113.52,113.59,113.31,113.51,12240.0,113.482
2026-05-15 11:15:00-04:00,113.48,113.55,113.3,113.4,27820.0,113.434
2026-05-15 11:16:00-04:00,113.36,113.45,113.21,113.35,7655.0,113.323
2026-05-15 11:17:00-04:00,113.42,113.55,113.35,113.52,6336.0,113.447
2026-05-15 11:18:00-04:00,113.52,113.55,113.42,113.52,6262.0,113.497
2026-05-15 11:19:00-04:00,113.5,113.6,113.47,113.52,9598.0,113.56
2026-05-15 11:20:00-04:00,113.61,113.82,113.36,113.82,16094.0,113.601
2026-05-15 11:21:00-04:00,113.73,113.94,113.71,113.83,5357.0,113.825
2026-05-15 11:22:00-04:00,113.9,113.98,113.68,113.7,7995.0,113.832
2026-05-15 11:23:00-04:00,113.71,113.75,113.37,113.47,6219.0,113.56
2026-05-15 11:24:00-04:00,113.47,113.54,113.37,113.46,7113.0,113.47
2026-05-15 11:25:00-04:00,113.47,113.48,113.22,113.26,9572.0,113.369
2026-05-15 11:26:00-04:00,113.28,113.44,113.25,113.42,5983.0,113.334
2026-05-15 11:27:00-04:00,113.37,113.53,113.37,113.41,5325.0,113.455
2026-05-15 11:28:00-04:00,113.46,113.53,113.38,113.51,5131.0,113.465
2026-05-15 11:29:00-04:00,113.51,113.65,113.44,113.6,5400.0,113.566
2026-05-15 11:30:00-04:00,113.63,113.83,113.56,113.61,13291.0,113.692
2026-05-15 11:31:00-04:00,113.68,113.86,113.63,113.84,7057.0,113.747
2026-05-15 11:32:00-04:00,113.85,113.85,113.67,113.67,3974.0,113.749
2026-05-15 11:33:00-04:00,113.71,113.72,113.45,113.57,8367.0,113.582
2026-05-15 11:34:00-04:00,113.51,113.61,113.36,113.49,2982.0,113.531
2026-05-15 11:35:00-04:00,113.56,113.71,113.56,113.66,3822.0,113.633
2026-05-15 11:36:00-04:00,113.72,113.81,113.68,113.8,5571.0,113.764
2026-05-15 11:37:00-04:00,113.8,113.98,113.8,113.96,8845.0,113.905
2026-05-15 11:38:00-04:00,113.91,114.04,113.88,114.03,5465.0,113.975
2026-05-15 11:39:00-04:00,114.03,114.05,113.85,113.92,3731.0,113.94
2026-05-15 11:40:00-04:00,113.87,114.0,113.86,113.95,6671.0,113.953
2026-05-15 11:41:00-04:00,113.99,114.01,113.82,113.85,3900.0,113.919
2026-05-15 11:42:00-04:00,113.88,114.07,113.86,113.86,7168.0,113.967
2026-05-15 11:43:00-04:00,113.85,113.85,113.6,113.8,5787.0,113.734
2026-05-15 11:44:00-04:00,113.8,113.83,113.6,113.73,2200.0,113.752
2026-05-15 11:45:00-04:00,113.84,113.85,113.68,113.83,7205.0,113.792
2026-05-15 11:46:00-04:00,113.83,114.01,113.77,114.01,1619.0,113.876
2026-05-15 11:47:00-04:00,113.99,113.99,113.79,113.88,4060.0,113.874
2026-05-15 11:48:00-04:00,113.87,114.16,113.82,114.14,8619.0,114.002
2026-05-15 11:49:00-04:00,114.04,114.08,113.76,113.92,4782.0,113.889
2026-05-15 11:50:00-04:00,113.92,113.92,113.74,113.84,5619.0,113.798
2026-05-15 11:51:00-04:00,113.83,113.9,113.72,113.82,4645.0,113.812
2026-05-15 11:52:00-04:00,113.82,113.82,113.52,113.54,18446.0,113.676
2026-05-15 11:53:00-04:00,113.59,113.59,113.24,113.38,29468.0,113.332
2026-05-15 11:54:00-04:00,113.33,113.39,113.3,113.37,7753.0,113.34
2026-05-15 11:55:00-04:00,113.33,113.33,113.16,113.32,4000.0,113.259
2026-05-15 11:56:00-04:00,113.33,113.34,113.2,113.34,3164.0,113.305
2026-05-15 11:57:00-04:00,113.34,113.34,113.08,113.11,3600.0,113.222
2026-05-15 11:58:00-04:00,113.13,113.32,113.11,113.24,9730.0,113.185
2026-05-15 11:59:00-04:00,113.36,113.38,113.27,113.27,2099.0,113.327
2026-05-15 12:00:00-04:00,113.37,113.41,113.21,113.33,7922.0,113.293
2026-05-15 12:01:00-04:00,113.39,113.44,113.32,113.37,2185.0,113.373
2026-05-15 12:02:00-04:00,113.37,113.5,113.36,113.41,4375.0,113.428
2026-05-15 12:03:00-04:00,113.38,113.48,113.26,113.26,2360.0,113.372
2026-05-15 12:04:00-04:00,113.31,113.39,113.28,113.39,4555.0,113.35
2026-05-15 12:05:00-04:00,113.35,113.52,113.33,113.47,3903.0,113.445
2026-05-15 12:06:00-04:00,113.39,113.48,113.37,113.37,6670.0,113.412
2026-05-15 12:07:00-04:00,113.39,113.5,113.37,113.47,3400.0,113.446
2026-05-15 12:08:00-04:00,113.5,113.57,113.45,113.5,2400.0,113.519
2026-05-15 12:09:00-04:00,113.43,113.47,113.34,113.35,1705.0,113.387
2026-05-15 12:10:00-04:00,113.48,113.49,113.32,113.34,5744.0,113.42
2026-05-15 12:11:00-04:00,113.37,113.38,113.23,113.26,3339.0,113.317
2026-05-15 12:12:00-04:00,113.26,113.26,113.13,113.17,9368.0,113.191
2026-05-15 12:13:00-04:00,113.14,113.2,113.1,113.15,2511.0,113.156
2026-05-15 12:14:00-04:00,113.13,113.29,113.12,113.29,8562.0,113.194
2026-05-15 12:15:00-04:00,113.3,113.33,113.21,113.26,3557.0,113.276
2026-05-15 12:16:00-04:00,113.26,113.29,113.2,113.27,4305.0,113.234
2026-05-15 12:17:00-04:00,113.29,113.3,113.06,113.17,11582.0,113.232
2026-05-15 12:18:00-04:00,113.22,113.27,113.12,113.18,5577.0,113.201
2026-05-15 12:19:00-04:00,113.23,113.23,113.12,113.13,2600.0,113.183
2026-05-15 12:20:00-04:00,113.15,113.23,113.15,113.22,4815.0,113.201
2026-05-15 12:21:00-04:00,113.28,113.36,113.24,113.35,9505.0,113.332
2026-05-15 12:22:00-04:00,113.34,113.42,113.33,113.37,4077.0,113.367
2026-05-15 12:23:00-04:00,113.4,113.45,113.31,113.42,8918.0,113.394
2026-05-15 12:24:00-04:00,113.46,113.64,113.46,113.54,24496.0,113.543
2026-05-15 12:25:00-04:00,113.55,113.62,113.53,113.57,3501.0,113.575
2026-05-15 12:26:00-04:00,113.6,113.6,113.48,113.52,5735.0,113.527
2026-05-15 12:27:00-04:00,113.52,113.54,113.47,113.47,1744.0,113.495
2026-05-15 12:28:00-04:00,113.45,113.53,113.35,113.37,6400.0,113.461
2026-05-15 12:29:00-04:00,113.37,113.48,113.36,113.46,2771.0,113.453
2026-05-15 12:30:00-04:00,113.43,113.55,113.42,113.42,6257.0,113.49
2026-05-15 12:31:00-04:00,113.53,113.54,113.43,113.43,4619.0,113.502
2026-05-15 12:32:00-04:00,113.5,113.51,113.44,113.44,1836.0,113.498
2026-05-15 12:33:00-04:00,113.5,113.5,113.44,113.44,400.0,113.46
2026-05-15 12:34:00-04:00,113.49,113.58,113.49,113.55,3698.0,113.528
2026-05-15 12:35:00-04:00,113.53,113.67,113.51,113.67,16738.0,113.571
2026-05-15 12:36:00-04:00,113.68,113.69,113.4,113.44,7219.0,113.534
2026-05-15 12:37:00-04:00,113.44,113.54,113.42,113.54,3941.0,113.496
2026-05-15 12:38:00-04:00,113.56,113.6,113.47,113.5,5830.0,113.53
2026-05-15 12:39:00-04:00,113.5,113.64,113.5,113.56,5650.0,113.578
2026-05-15 12:40:00-04:00,113.62,113.64,113.53,113.53,7703.0,113.586
2026-05-15 12:41:00-04:00,113.61,113.64,113.49,113.6,4216.0,113.578
2026-05-15 12:42:00-04:00,113.58,113.69,113.58,113.69,925.0,113.627
2026-05-15 12:43:00-04:00,113.65,113.77,113.63,113.77,3014.0,113.716
2026-05-15 12:44:00-04:00,113.76,113.89,113.74,113.89,10189.0,113.801
2026-05-15 12:45:00-04:00,113.89,113.89,113.75,113.84,6543.0,113.851
2026-05-15 12:46:00-04:00,113.86,113.86,113.72,113.79,5503.0,113.782
2026-05-15 12:47:00-04:00,113.8,114.15,113.77,114.02,27929.0,114.026
2026-05-15 12:48:00-04:00,114.02,114.05,114.0,114.03,1959.0,114.021
2026-05-15 12:49:00-04:00,114.02,114.02,113.97,114.02,2200.0,114.017
2026-05-15 12:50:00-04:00,114.02,114.03,113.92,113.92,7406.0,113.992
2026-05-15 12:51:00-04:00,113.93,113.97,113.85,113.85,3096.0,113.885
2026-05-15 12:52:00-04:00,113.81,113.81,113.67,113.74,1749.0,113.747
2026-05-15 12:53:00-04:00,113.68,113.73,113.64,113.69,2201.0,113.687
2026-05-15 12:54:00-04:00,113.69,114.06,113.62,114.01,52311.0,113.738
2026-05-15 12:55:00-04:00,114.03,114.2,114.01,114.18,3052.0,114.118
2026-05-15 12:56:00-04:00,114.25,114.27,114.19,114.24,3913.0,114.242
2026-05-15 12:57:00-04:00,114.29,114.35,114.2,114.2,3975.0,114.303
2026-05-15 12:58:00-04:00,114.37,114.37,114.26,114.27,3735.0,114.309
2026-05-15 12:59:00-04:00,114.33,114.44,114.31,114.31,4044.0,114.385
2026-05-15 13:00:00-04:00,114.38,114.46,114.29,114.38,4682.0,114.397
2026-05-15 13:01:00-04:00,114.35,114.59,114.34,114.57,16549.0,114.436
2026-05-15 13:02:00-04:00,114.55,114.55,114.3,114.3,3258.0,114.444
2026-05-15 13:03:00-04:00,114.27,114.4,114.13,114.19,3708.0,114.263
2026-05-15 13:04:00-04:00,114.04,114.27,114.04,114.26,3105.0,114.186
2026-05-15 13:05:00-04:00,114.27,114.27,114.17,114.26,4082.0,114.204
2026-05-15 13:06:00-04:00,114.21,114.32,114.21,114.32,2654.0,114.269
2026-05-15 13:07:00-04:00,114.32,114.32,114.18,114.26,2594.0,114.279
2026-05-15 13:08:00-04:00,114.19,114.25,114.18,114.25,2051.0,114.232
2026-05-15 13:09:00-04:00,114.25,114.25,114.13,114.17,2592.0,114.181
2026-05-15 13:10:00-04:00,114.17,114.26,114.15,114.26,4769.0,114.191
2026-05-15 13:11:00-04:00,114.31,114.31,114.15,114.23,5799.0,114.239
2026-05-15 13:12:00-04:00,114.17,114.25,114.15,114.25,1458.0,114.231
2026-05-15 13:13:00-04:00,114.24,114.25,114.17,114.22,2219.0,114.22
2026-05-15 13:14:00-04:00,114.21,114.4,114.19,114.4,6501.0,114.312
2026-05-15 13:15:00-04:00,114.34,114.38,114.27,114.35,11793.0,114.328
2026-05-15 13:16:00-04:00,114.36,114.39,114.31,114.35,4447.0,114.351
2026-05-15 13:17:00-04:00,114.39,114.6,114.39,114.57,5638.0,114.48
2026-05-15 13:18:00-04:00,114.57,114.62,114.5,114.62,5430.0,114.569
2026-05-15 13:19:00-04:00,114.58,114.62,114.53,114.54,3624.0,114.572
2026-05-15 13:20:00-04:00,114.62,114.68,114.51,114.63,11815.0,114.633
2026-05-15 13:21:00-04:00,114.63,114.72,114.6,114.72,3060.0,114.661
2026-05-15 13:22:00-04:00,114.67,114.83,114.64,114.83,3491.0,114.711
2026-05-15 13:23:00-04:00,114.92,115.08,114.81,114.84,56404.0,114.98
2026-05-15 13:24:00-04:00,114.94,114.94,114.83,114.88,10109.0,114.91
2026-05-15 13:25:00-04:00,114.88,115.02,114.87,114.92,17749.0,114.946
2026-05-15 13:26:00-04:00,115.03,115.07,114.94,114.95,4936.0,115.009
2026-05-15 13:27:00-04:00,114.99,114.99,114.91,114.91,1417.0,114.966
2026-05-15 13:28:00-04:00,114.97,115.05,114.95,115.05,2758.0,115.004
2026-05-15 13:29:00-04:00,115.05,115.07,114.83,114.85,4080.0,114.985
2026-05-15 13:30:00-04:00,114.87,114.98,114.82,114.98,2357.0,114.932
2026-05-15 13:31:00-04:00,114.98,114.98,114.94,114.97,1583.0,114.964
2026-05-15 13:32:00-04:00,114.97,115.05,114.91,114.99,7286.0,114.96
2026-05-15 13:33:00-04:00,114.95,114.95,114.9,114.94,4398.0,114.921
2026-05-15 13:34:00-04:00,114.91,114.94,114.88,114.93,1380.0,114.907
2026-05-15 13:35:00-04:00,114.95,115.09,114.94,115.04,4654.0,115.026
2026-05-15 13:36:00-04:00,115.09,115.3,115.04,115.3,6387.0,115.218
2026-05-15 13:37:00-04:00,115.3,115.49,115.25,115.46,16902.0,115.372
2026-05-15 13:38:00-04:00,115.47,115.48,115.31,115.38,4414.0,115.419
2026-05-15 13:39:00-04:00,115.44,115.51,115.35,115.5,4430.0,115.458
2026-05-15 13:40:00-04:00,115.5,115.6,115.46,115.48,19832.0,115.532
2026-05-15 13:41:00-04:00,115.5,115.5,115.33,115.38,8326.0,115.401
2026-05-15 13:42:00-04:00,115.35,115.35,115.28,115.28,2311.0,115.317
2026-05-15 13:43:00-04:00,115.38,115.4,115.22,115.33,10118.0,115.32
2026-05-15 13:44:00-04:00,115.31,115.33,115.29,115.33,1663.0,115.32
2026-05-15 13:45:00-04:00,115.36,115.43,115.32,115.39,9865.0,115.38
2026-05-15 13:46:00-04:00,115.41,115.42,115.32,115.36,2759.0,115.378
2026-05-15 13:47:00-04:00,115.35,115.45,115.3,115.45,3576.0,115.354
2026-05-15 13:48:00-04:00,115.45,115.49,115.39,115.44,4490.0,115.445
2026-05-15 13:49:00-04:00,115.44,115.45,115.4,115.45,4757.0,115.421
2026-05-15 13:50:00-04:00,115.49,115.55,115.43,115.46,4570.0,115.489
2026-05-15 13:51:00-04:00,115.49,115.64,115.48,115.58,4919.0,115.556
2026-05-15 13:52:00-04:00,115.57,115.58,115.41,115.42,4446.0,115.504
2026-05-15 13:53:00-04:00,115.45,115.61,115.44,115.53,3490.0,115.521
2026-05-15 13:54:00-04:00,115.53,115.62,115.5,115.54,5100.0,115.565
2026-05-15 13:55:00-04:00,115.57,115.59,115.42,115.53,5287.0,115.517
2026-05-15 13:56:00-04:00,115.53,115.6,115.5,115.6,2011.0,115.565
2026-05-15 13:57:00-04:00,115.61,115.68,115.53,115.6,24204.0,115.632
2026-05-15 13:58:00-04:00,115.64,115.75,115.63,115.67,8904.0,115.684
2026-05-15 13:59:00-04:00,115.72,115.72,115.55,115.63,6267.0,115.613
2026-05-15 14:00:00-04:00,115.67,115.75,115.67,115.72,5304.0,115.726
2026-05-15 14:01:00-04:00,115.71,115.77,115.59,115.62,5356.0,115.711
2026-05-15 14:02:00-04:00,115.61,115.75,115.61,115.69,1600.0,115.69
2026-05-15 14:03:00-04:00,115.78,115.8,115.72,115.77,3137.0,115.78
2026-05-15 14:04:00-04:00,115.8,115.8,115.68,115.69,3965.0,115.714
2026-05-15 14:05:00-04:00,115.7,115.76,115.67,115.76,4272.0,115.697
2026-05-15 14:06:00-04:00,115.7,115.74,115.66,115.74,5264.0,115.692
2026-05-15 14:07:00-04:00,115.8,115.8,115.64,115.76,2971.0,115.69
2026-05-15 14:08:00-04:00,115.72,115.76,115.62,115.67,6236.0,115.678
2026-05-15 14:09:00-04:00,115.7,115.76,115.65,115.66,2881.0,115.685
2026-05-15 14:10:00-04:00,115.63,115.72,115.63,115.72,870.0,115.669
2026-05-15 14:11:00-04:00,115.69,115.69,115.64,115.69,3198.0,115.68
2026-05-15 14:12:00-04:00,115.72,115.77,115.68,115.68,4200.0,115.729
2026-05-15 14:13:00-04:00,115.7,115.83,115.7,115.82,2129.0,115.793
2026-05-15 14:14:00-04:00,115.78,115.79,115.61,115.69,18090.0,115.671
2026-05-15 14:15:00-04:00,115.69,115.69,115.48,115.49,4770.0,115.65
2026-05-15 14:16:00-04:00,115.52,115.52,115.48,115.52,490.0,115.511
2026-05-15 14:17:00-04:00,115.53,115.55,115.34,115.39,9549.0,115.42
2026-05-15 14:18:00-04:00,115.44,115.48,114.98,114.98,9281.0,115.15
2026-05-15 14:19:00-04:00,114.99,115.03,114.76,114.83,2714.0,114.885
2026-05-15 14:20:00-04:00,114.89,115.05,114.83,115.0,4164.0,114.916
2026-05-15 14:21:00-04:00,114.98,115.03,114.92,115.03,3081.0,114.99
2026-05-15 14:22:00-04:00,115.02,115.16,114.95,115.15,5844.0,115.051
2026-05-15 14:23:00-04:00,115.12,115.21,115.11,115.15,2730.0,115.159
2026-05-15 14:24:00-04:00,115.22,115.22,115.05,115.1,4410.0,115.114
2026-05-15 14:25:00-04:00,115.05,115.16,115.03,115.09,2702.0,115.103
2026-05-15 14:26:00-04:00,115.09,115.09,114.61,114.74,10421.0,114.798
2026-05-15 14:27:00-04:00,114.74,114.74,114.6,114.74,3795.0,114.697
2026-05-15 14:28:00-04:00,114.75,114.78,114.65,114.71,5630.0,114.723
2026-05-15 14:29:00-04:00,114.74,114.84,114.71,114.81,1500.0,114.769
2026-05-15 14:30:00-04:00,114.77,114.8,114.7,114.79,3621.0,114.77
2026-05-15 14:31:00-04:00,114.74,114.74,114.52,114.58,4056.0,114.615
2026-05-15 14:32:00-04:00,114.54,114.68,114.48,114.68,4906.0,114.572
2026-05-15 14:33:00-04:00,114.7,114.71,114.36,114.53,17732.0,114.488
2026-05-15 14:34:00-04:00,114.48,114.61,114.48,114.58,5156.0,114.562
2026-05-15 14:35:00-04:00,114.63,114.72,114.54,114.67,6630.0,114.628
2026-05-15 14:36:00-04:00,114.67,114.84,114.65,114.84,4904.0,114.748
2026-05-15 14:37:00-04:00,114.85,114.91,114.81,114.91,2930.0,114.859
2026-05-15 14:38:00-04:00,114.91,114.95,114.81,114.95,6127.0,114.847
2026-05-15 14:39:00-04:00,114.92,115.03,114.88,114.99,2835.0,114.959
2026-05-15 14:40:00-04:00,114.99,115.0,114.96,114.97,3133.0,114.975
2026-05-15 14:41:00-04:00,114.88,114.89,114.86,114.87,1202.0,114.874
2026-05-15 14:42:00-04:00,114.87,114.87,114.78,114.87,1154.0,114.829
2026-05-15 14:43:00-04:00,114.93,114.96,114.91,114.91,1000.0,114.941
2026-05-15 14:44:00-04:00,114.96,114.97,114.86,114.89,4684.0,114.907
2026-05-15 14:45:00-04:00,114.89,114.92,114.68,114.68,4923.0,114.801
2026-05-15 14:46:00-04:00,114.67,114.77,114.67,114.7,7349.0,114.708
2026-05-15 14:47:00-04:00,114.7,114.73,114.67,114.72,4322.0,114.704
2026-05-15 14:48:00-04:00,114.72,114.85,114.72,114.85,6507.0,114.778
2026-05-15 14:49:00-04:00,114.84,114.88,114.71,114.8,10069.0,114.785
2026-05-15 14:50:00-04:00,114.8,114.89,114.73,114.78,10325.0,114.804
2026-05-15 14:51:00-04:00,114.78,115.05,114.74,115.0,13459.0,114.891
2026-05-15 14:52:00-04:00,115.02,115.09,114.92,115.02,64220.0,114.993
2026-05-15 14:53:00-04:00,115.06,115.16,114.98,114.99,13427.0,115.085
2026-05-15 14:54:00-04:00,115.02,115.08,115.02,115.06,2050.0,115.048
2026-05-15 14:55:00-04:00,115.03,115.1,115.01,115.08,5520.0,115.056
2026-05-15 14:56:00-04:00,115.09,115.1,115.01,115.03,9128.0,115.048
2026-05-15 14:57:00-04:00,115.05,115.11,114.96,114.97,6436.0,115.047
2026-05-15 14:58:00-04:00,114.92,114.98,114.86,114.97,8072.0,114.914
2026-05-15 14:59:00-04:00,115.0,115.01,114.93,115.0,2007.0,114.976
2026-05-15 15:00:00-04:00,115.02,115.12,114.84,114.85,9798.0,114.979
2026-05-15 15:01:00-04:00,114.84,114.88,114.72,114.72,15831.0,114.776
2026-05-15 15:02:00-04:00,114.74,114.78,114.61,114.7,7850.0,114.709
2026-05-15 15:03:00-04:00,114.68,114.74,114.65,114.7,2800.0,114.703
2026-05-15 15:04:00-04:00,114.73,114.75,114.64,114.65,8139.0,114.682
2026-05-15 15:05:00-04:00,114.63,114.67,114.56,114.66,5137.0,114.632
2026-05-15 15:06:00-04:00,114.68,114.7,114.52,114.53,6261.0,114.646
2026-05-15 15:07:00-04:00,114.51,114.51,114.37,114.45,4410.0,114.44
2026-05-15 15:08:00-04:00,114.45,114.45,114.33,114.34,3821.0,114.404
2026-05-15 15:09:00-04:00,114.3,114.52,114.25,114.44,15848.0,114.377
2026-05-15 15:10:00-04:00,114.47,114.47,114.29,114.3,3651.0,114.383
2026-05-15 15:11:00-04:00,114.32,114.4,114.28,114.36,3391.0,114.341
2026-05-15 15:12:00-04:00,114.32,114.36,114.23,114.36,5804.0,114.306
2026-05-15 15:13:00-04:00,114.36,114.45,114.27,114.45,8963.0,114.397
2026-05-15 15:14:00-04:00,114.44,114.61,114.44,114.61,4600.0,114.528
2026-05-15 15:15:00-04:00,114.58,114.58,114.43,114.54,10337.0,114.514
2026-05-15 15:16:00-04:00,114.54,114.57,114.43,114.43,9801.0,114.524
2026-05-15 15:17:00-04:00,114.43,114.44,114.38,114.39,6314.0,114.416
2026-05-15 15:18:00-04:00,114.39,114.43,114.25,114.43,7729.0,114.365
2026-05-15 15:19:00-04:00,114.4,114.53,114.31,114.36,12024.0,114.425
2026-05-15 15:20:00-04:00,114.4,114.43,114.32,114.32,6849.0,114.385
2026-05-15 15:21:00-04:00,114.38,114.38,114.18,114.24,5631.0,114.252
2026-05-15 15:22:00-04:00,114.19,114.36,114.16,114.33,4999.0,114.291
2026-05-15 15:23:00-04:00,114.31,114.31,114.13,114.13,4283.0,114.225
2026-05-15 15:24:00-04:00,114.14,114.24,114.08,114.08,16738.0,114.137
2026-05-15 15:25:00-04:00,114.08,114.08,113.91,113.95,11162.0,114.006
2026-05-15 15:26:00-04:00,113.99,114.0,113.74,113.75,11366.0,113.862
2026-05-15 15:27:00-04:00,113.76,113.94,113.74,113.9,22208.0,113.842
2026-05-15 15:28:00-04:00,113.9,113.94,113.77,113.92,16325.0,113.863
2026-05-15 15:29:00-04:00,113.92,113.99,113.82,113.86,20722.0,113.902
2026-05-15 15:30:00-04:00,113.88,114.15,113.84,114.11,25099.0,113.968
2026-05-15 15:31:00-04:00,114.21,114.22,114.12,114.15,11276.0,114.171
2026-05-15 15:32:00-04:00,114.12,114.22,114.03,114.11,23249.0,114.114
2026-05-15 15:33:00-04:00,114.14,114.17,113.98,114.01,24919.0,114.056
2026-05-15 15:34:00-04:00,113.98,114.07,113.85,114.0,25402.0,113.964
2026-05-15 15:35:00-04:00,113.99,114.07,113.83,114.06,29181.0,113.933
2026-05-15 15:36:00-04:00,114.09,114.22,114.01,114.18,7617.0,114.123
2026-05-15 15:37:00-04:00,114.17,114.21,114.09,114.15,7508.0,114.157
2026-05-15 15:38:00-04:00,114.14,114.24,114.08,114.13,13037.0,114.146
2026-05-15 15:39:00-04:00,114.2,114.24,114.05,114.11,16224.0,114.144
2026-05-15 15:40:00-04:00,114.17,114.22,113.93,113.99,19611.0,114.038
2026-05-15 15:41:00-04:00,113.98,114.15,113.97,114.04,7987.0,114.063
2026-05-15 15:42:00-04:00,114.04,114.06,113.94,113.94,7969.0,114.007
2026-05-15 15:43:00-04:00,113.95,114.03,113.82,114.01,10304.0,113.945
2026-05-15 15:44:00-04:00,113.99,114.05,113.95,114.04,5915.0,114.008
2026-05-15 15:45:00-04:00,114.02,114.05,113.85,113.95,19480.0,113.941
2026-05-15 15:46:00-04:00,114.0,114.0,113.72,113.9,22073.0,113.868
2026-05-15 15:47:00-04:00,113.9,113.97,113.82,113.89,18819.0,113.899
2026-05-15 15:48:00-04:00,113.89,114.0,113.83,113.92,17754.0,113.921
2026-05-15 15:49:00-04:00,113.91,113.97,113.73,113.84,15088.0,113.812
2026-05-15 15:50:00-04:00,113.81,113.93,113.59,113.67,58725.0,113.788
2026-05-15 15:51:00-04:00,113.67,113.84,113.62,113.8,66009.0,113.702
2026-05-15 15:52:00-04:00,113.78,113.91,113.56,113.56,19532.0,113.743
2026-05-15 15:53:00-04:00,113.55,113.84,113.51,113.69,41313.0,113.638
2026-05-15 15:54:00-04:00,113.69,113.72,113.4,113.44,33179.0,113.505
2026-05-15 15:55:00-04:00,113.44,113.47,113.17,113.22,82235.0,113.306
2026-05-15 15:56:00-04:00,113.2,113.25,113.11,113.18,71910.0,113.17
2026-05-15 15:57:00-04:00,113.18,113.35,113.1,113.18,80717.0,113.227
2026-05-15 15:58:00-04:00,113.17,113.2,113.09,113.12,90691.0,113.132
2026-05-15 15:59:00-04:00,113.12,113.25,112.93,113.13,340558.0,113.108
2026-05-18 09:30:00-04:00,114.88,115.67,114.19,114.81,188900.0,114.913
2026-05-18 09:31:00-04:00,114.71,114.9,114.01,114.27,49599.0,114.43
2026-05-18 09:32:00-04:00,114.35,114.44,113.97,114.11,15319.0,114.229
2026-05-18 09:33:00-04:00,114.1,114.41,114.03,114.25,9790.0,114.174
2026-05-18 09:34:00-04:00,114.24,114.5,113.94,113.94,7138.0,114.122
2026-05-18 09:35:00-04:00,113.94,114.17,113.85,114.0,21187.0,114.007
2026-05-18 09:36:00-04:00,114.0,114.14,113.72,113.73,23316.0,113.91
2026-05-18 09:37:00-04:00,113.83,114.23,113.77,113.86,12580.0,113.994
2026-05-18 09:38:00-04:00,113.85,113.91,113.2,113.25,44789.0,113.491
2026-05-18 09:39:00-04:00,113.25,113.78,113.18,113.56,31892.0,113.483
2026-05-18 09:40:00-04:00,113.65,113.72,113.13,113.37,22189.0,113.47
2026-05-18 09:41:00-04:00,113.46,113.67,113.19,113.41,19297.0,113.485
2026-05-18 09:42:00-04:00,113.34,113.34,113.0,113.1,12934.0,113.154
2026-05-18 09:43:00-04:00,113.19,113.35,112.75,113.22,33143.0,113.032
2026-05-18 09:44:00-04:00,113.22,113.39,112.23,112.35,39105.0,112.787
2026-05-18 09:45:00-04:00,112.38,112.97,112.17,112.87,29431.0,112.546
2026-05-18 09:46:00-04:00,112.93,113.12,112.48,112.49,30080.0,112.891
2026-05-18 09:47:00-04:00,112.48,112.65,112.19,112.44,27612.0,112.44
2026-05-18 09:48:00-04:00,112.41,112.83,112.26,112.31,11648.0,112.485
2026-05-18 09:49:00-04:00,112.38,112.46,111.9,111.96,44344.0,112.161
2026-05-18 09:50:00-04:00,111.99,112.91,111.9,112.91,26386.0,112.456
2026-05-18 09:51:00-04:00,112.9,113.46,112.67,113.43,17276.0,113.018
2026-05-18 09:52:00-04:00,113.39,113.94,113.39,113.81,18906.0,113.737
2026-05-18 09:53:00-04:00,113.81,113.94,113.32,113.41,25784.0,113.687
2026-05-18 09:54:00-04:00,113.38,113.74,113.07,113.74,16237.0,113.46
2026-05-18 09:55:00-04:00,113.75,113.84,113.56,113.68,10091.0,113.676
2026-05-18 09:56:00-04:00,113.53,113.83,113.53,113.62,8477.0,113.672
2026-05-18 09:57:00-04:00,113.76,113.8,113.08,113.19,27213.0,113.553
2026-05-18 09:58:00-04:00,113.22,113.58,113.19,113.21,28453.0,113.362
2026-05-18 09:59:00-04:00,113.22,113.45,113.03,113.14,38637.0,113.252
2026-05-18 10:00:00-04:00,113.07,113.12,112.44,112.57,47217.0,112.702
2026-05-18 10:01:00-04:00,112.65,113.07,112.58,112.69,31765.0,112.826
2026-05-18 10:02:00-04:00,112.8,112.83,112.49,112.55,14148.0,112.695
2026-05-18 10:03:00-04:00,112.55,112.7,112.43,112.64,16862.0,112.575
2026-05-18 10:04:00-04:00,112.64,112.93,112.63,112.71,39210.0,112.74
2026-05-18 10:05:00-04:00,112.71,112.74,112.35,112.35,34186.0,112.595
2026-05-18 10:06:00-04:00,112.34,112.89,112.29,112.88,31476.0,112.662
2026-05-18 10:07:00-04:00,112.88,113.09,112.59,112.78,37435.0,112.946
2026-05-18 10:08:00-04:00,112.81,113.14,112.76,113.11,26838.0,112.983
2026-05-18 10:09:00-04:00,113.1,113.54,113.08,113.18,52566.0,113.337
2026-05-18 10:10:00-04:00,113.13,113.46,112.91,113.43,27322.0,113.211
2026-05-18 10:11:00-04:00,113.43,113.44,112.75,112.88,12984.0,113.105
2026-05-18 10:12:00-04:00,112.95,113.14,112.78,113.12,6524.0,113.042
2026-05-18 10:13:00-04:00,113.17,113.28,112.92,113.13,31739.0,113.15
2026-05-18 10:14:00-04:00,113.13,113.53,113.09,113.51,12310.0,113.327
2026-05-18 10:15:00-04:00,113.46,113.78,113.41,113.77,17527.0,113.593
2026-05-18 10:16:00-04:00,113.78,113.98,113.54,113.55,33774.0,113.75
2026-05-18 10:17:00-04:00,113.54,113.57,112.91,112.91,11195.0,113.306
2026-05-18 10:18:00-04:00,112.94,113.08,112.65,112.73,19853.0,112.808
2026-05-18 10:19:00-04:00,112.67,113.08,112.57,113.08,11839.0,112.741
2026-05-18 10:20:00-04:00,113.03,113.16,113.03,113.13,10860.0,113.087
2026-05-18 10:21:00-04:00,113.09,113.2,113.01,113.1,14986.0,113.095
2026-05-18 10:22:00-04:00,113.09,113.36,113.07,113.33,22964.0,113.189
2026-05-18 10:23:00-04:00,113.33,113.43,112.97,113.09,13159.0,113.211
2026-05-18 10:24:00-04:00,113.09,113.49,112.76,112.76,145721.0,113.217
2026-05-18 10:25:00-04:00,112.79,112.8,112.47,112.53,19000.0,112.667
2026-05-18 10:26:00-04:00,112.52,112.75,112.3,112.34,15670.0,112.594
2026-05-18 10:27:00-04:00,112.27,112.36,112.18,112.32,16344.0,112.269
2026-05-18 10:28:00-04:00,112.31,112.42,112.0,112.08,27508.0,112.188
2026-05-18 10:29:00-04:00,112.08,112.08,111.59,111.62,32312.0,111.84
2026-05-18 10:30:00-04:00,111.62,111.95,111.54,111.6,28205.0,111.733
2026-05-18 10:31:00-04:00,111.6,111.79,111.53,111.66,20699.0,111.676
2026-05-18 10:32:00-04:00,111.7,112.25,111.2,111.2,30439.0,111.901
2026-05-18 10:33:00-04:00,111.27,111.28,110.81,110.89,45476.0,111.076
2026-05-18 10:34:00-04:00,110.88,110.88,110.26,110.39,77922.0,110.642
2026-05-18 10:35:00-04:00,110.44,110.55,110.0,110.29,62124.0,110.309
2026-05-18 10:36:00-04:00,110.29,110.61,110.26,110.38,26615.0,110.44
2026-05-18 10:37:00-04:00,110.33,110.59,110.14,110.36,21030.0,110.395
2026-05-18 10:38:00-04:00,110.36,110.79,110.25,110.56,24254.0,110.555
2026-05-18 10:39:00-04:00,110.56,110.56,109.9,109.97,11782.0,110.125
2026-05-18 10:40:00-04:00,109.97,109.97,109.37,109.62,43774.0,109.604
2026-05-18 10:41:00-04:00,109.6,109.98,109.52,109.75,19288.0,109.781
2026-05-18 10:42:00-04:00,109.73,109.97,109.66,109.83,10827.0,109.806
2026-05-18 10:43:00-04:00,109.82,109.92,109.65,109.71,13679.0,109.791
2026-05-18 10:44:00-04:00,109.71,109.85,109.42,109.42,12322.0,109.654
2026-05-18 10:45:00-04:00,109.44,109.52,109.01,109.11,19103.0,109.296
2026-05-18 10:46:00-04:00,109.11,109.49,109.1,109.11,28402.0,109.222
2026-05-18 10:47:00-04:00,109.08,109.18,108.92,108.95,34476.0,109.044
2026-05-18 10:48:00-04:00,109.0,109.21,108.8,108.91,38543.0,108.948
2026-05-18 10:49:00-04:00,108.9,109.24,108.8,109.14,33641.0,108.978
2026-05-18 10:50:00-04:00,109.14,109.59,109.1,109.42,20183.0,109.225
2026-05-18 10:51:00-04:00,109.48,109.7,109.25,109.43,54613.0,109.518
2026-05-18 10:52:00-04:00,109.42,109.9,109.3,109.64,39069.0,109.633
2026-05-18 10:53:00-04:00,109.64,109.95,109.46,109.53,39604.0,109.696
2026-05-18 10:54:00-04:00,109.53,109.64,109.35,109.47,23827.0,109.512
2026-05-18 10:55:00-04:00,109.46,109.47,109.2,109.2,7403.0,109.354
2026-05-18 10:56:00-04:00,109.2,109.53,109.08,109.4,14373.0,109.298
2026-05-18 10:57:00-04:00,109.46,109.86,109.29,109.81,56788.0,109.403
2026-05-18 10:58:00-04:00,109.77,109.9,109.44,109.63,14425.0,109.628
2026-05-18 10:59:00-04:00,109.55,109.85,109.45,109.7,7157.0,109.628
2026-05-18 11:00:00-04:00,109.69,110.18,109.65,110.16,45211.0,109.877
2026-05-18 11:01:00-04:00,110.13,110.54,109.93,110.54,49826.0,110.19
2026-05-18 11:02:00-04:00,110.49,110.63,110.21,110.58,19153.0,110.467
2026-05-18 11:03:00-04:00,110.52,110.62,110.04,110.28,15302.0,110.387
2026-05-18 11:04:00-04:00,110.18,110.27,109.98,110.04,11586.0,110.159
2026-05-18 11:05:00-04:00,110.09,110.22,109.83,109.95,16592.0,110.056
2026-05-18 11:06:00-04:00,109.93,110.03,109.59,109.73,14885.0,109.86
2026-05-18 11:07:00-04:00,109.72,109.72,109.16,109.3,24602.0,109.432
2026-05-18 11:08:00-04:00,109.34,109.43,109.19,109.2,22693.0,109.272
2026-05-18 11:09:00-04:00,109.21,109.34,108.95,108.99,24211.0,109.048
2026-05-18 11:10:00-04:00,108.96,109.43,108.95,109.28,33065.0,109.149
2026-05-18 11:11:00-04:00,109.33,109.56,109.2,109.23,24827.0,109.359
2026-05-18 11:12:00-04:00,109.29,109.39,109.07,109.23,15617.0,109.243
2026-05-18 11:13:00-04:00,109.17,109.18,108.84,109.12,46180.0,109.075
2026-05-18 11:14:00-04:00,109.12,109.27,109.05,109.05,9821.0,109.149
2026-05-18 11:15:00-04:00,109.05,109.05,108.86,108.98,14096.0,108.928
2026-05-18 11:16:00-04:00,108.98,109.13,108.9,109.0,23584.0,108.976
2026-05-18 11:17:00-04:00,109.05,109.16,108.91,109.11,15226.0,109.03
2026-05-18 11:18:00-04:00,109.12,109.12,108.89,108.96,6358.0,109.01
2026-05-18 11:19:00-04:00,108.94,108.95,108.67,108.72,3882.0,108.779
2026-05-18 11:20:00-04:00,108.84,109.12,108.71,108.91,11677.0,108.939
2026-05-18 11:21:00-04:00,108.91,109.17,108.8,109.07,11195.0,108.989
2026-05-18 11:22:00-04:00,109.04,109.15,108.99,109.14,3751.0,109.062
2026-05-18 11:23:00-04:00,109.1,109.2,108.99,109.04,3608.0,109.102
2026-05-18 11:24:00-04:00,109.02,109.05,108.87,109.04,11757.0,108.976
2026-05-18 11:25:00-04:00,108.97,109.14,108.94,109.08,5498.0,109.022
2026-05-18 11:26:00-04:00,109.16,109.49,109.12,109.34,8324.0,109.282
2026-05-18 11:27:00-04:00,109.35,109.35,109.14,109.22,9045.0,109.197
2026-05-18 11:28:00-04:00,109.16,109.24,108.84,108.84,13320.0,109.063
2026-05-18 11:29:00-04:00,108.84,108.84,108.52,108.57,13476.0,108.662
2026-05-18 11:30:00-04:00,108.61,108.69,108.46,108.5,8725.0,108.575
2026-05-18 11:31:00-04:00,108.58,108.75,108.57,108.75,5319.0,108.677
2026-05-18 11:32:00-04:00,108.68,109.21,108.68,109.2,24735.0,108.86
2026-05-18 11:33:00-04:00,109.25,109.56,109.2,109.47,5834.0,109.441
2026-05-18 11:34:00-04:00,109.47,109.53,109.27,109.41,9446.0,109.371
2026-05-18 11:35:00-04:00,109.45,109.6,109.38,109.46,7710.0,109.492
2026-05-18 11:36:00-04:00,109.52,109.64,109.41,109.48,5224.0,109.536
2026-05-18 11:37:00-04:00,109.55,109.83,109.43,109.81,6790.0,109.643
2026-05-18 11:38:00-04:00,109.73,109.9,109.58,109.58,7085.0,109.746
2026-05-18 11:39:00-04:00,109.58,109.65,109.36,109.45,6945.0,109.501
2026-05-18 11:40:00-04:00,109.3,109.69,109.3,109.66,17631.0,109.46
2026-05-18 11:41:00-04:00,109.64,109.84,109.64,109.82,8389.0,109.705
2026-05-18 11:42:00-04:00,109.8,110.09,109.79,109.96,10101.0,109.919
2026-05-18 11:43:00-04:00,109.91,109.91,109.68,109.7,4508.0,109.779
2026-05-18 11:44:00-04:00,109.74,109.93,109.74,109.88,3114.0,109.847
2026-05-18 11:45:00-04:00,109.79,109.93,109.75,109.86,5519.0,109.814
2026-05-18 11:46:00-04:00,109.8,109.88,109.74,109.85,7419.0,109.803
2026-05-18 11:47:00-04:00,109.89,109.9,109.66,109.71,5750.0,109.798
2026-05-18 11:48:00-04:00,109.75,109.8,109.67,109.68,3354.0,109.747
2026-05-18 11:49:00-04:00,109.76,109.91,109.65,109.67,5443.0,109.823
2026-05-18 11:50:00-04:00,109.65,109.65,109.53,109.56,6161.0,109.562
2026-05-18 11:51:00-04:00,109.55,109.65,109.46,109.46,5034.0,109.542
2026-05-18 11:52:00-04:00,109.52,109.54,109.4,109.46,3880.0,109.465
2026-05-18 11:53:00-04:00,109.46,109.62,109.4,109.58,5817.0,109.544
2026-05-18 11:54:00-04:00,109.64,109.65,109.47,109.47,2206.0,109.584
2026-05-18 11:55:00-04:00,109.52,109.64,109.51,109.51,3580.0,109.551
2026-05-18 11:56:00-04:00,109.5,109.62,109.42,109.46,6812.0,109.552
2026-05-18 11:57:00-04:00,109.49,109.72,109.49,109.65,6103.0,109.65
2026-05-18 11:58:00-04:00,109.67,109.7,109.41,109.41,1752.0,109.565
2026-05-18 11:59:00-04:00,109.39,109.4,109.1,109.3,1850.0,109.234
2026-05-18 12:00:00-04:00,109.37,109.4,109.13,109.19,3079.0,109.255
2026-05-18 12:01:00-04:00,109.19,109.19,108.98,109.13,3800.0,109.054
2026-05-18 12:02:00-04:00,109.21,109.26,109.09,109.13,4180.0,109.182
2026-05-18 12:03:00-04:00,109.23,109.34,109.18,109.19,3179.0,109.261
2026-05-18 12:04:00-04:00,109.13,109.47,109.04,109.07,7274.0,109.212
2026-05-18 12:05:00-04:00,109.03,109.11,109.03,109.11,1718.0,109.081
2026-05-18 12:06:00-04:00,109.15,109.18,108.94,109.11,6736.0,109.099
2026-05-18 12:07:00-04:00,109.11,109.13,108.96,108.99,2777.0,109.039
2026-05-18 12:08:00-04:00,108.99,109.04,108.96,108.99,7217.0,108.986
2026-05-18 12:09:00-04:00,108.96,109.06,108.92,109.01,7409.0,108.978
2026-05-18 12:10:00-04:00,109.01,109.23,109.0,109.22,7048.0,109.087
2026-05-18 12:11:00-04:00,109.26,109.29,108.95,109.05,5232.0,109.194
2026-05-18 12:12:00-04:00,109.07,109.15,109.07,109.14,4612.0,109.098
2026-05-18 12:13:00-04:00,109.2,109.22,109.1,109.12,2182.0,109.156
2026-05-18 12:14:00-04:00,109.24,109.24,109.14,109.21,1614.0,109.197
2026-05-18 12:15:00-04:00,109.21,109.32,109.2,109.22,8566.0,109.237
2026-05-18 12:16:00-04:00,109.22,109.39,109.22,109.24,5529.0,109.311
2026-05-18 12:17:00-04:00,109.29,109.41,109.2,109.35,2390.0,109.291
2026-05-18 12:18:00-04:00,109.28,109.44,109.28,109.33,6194.0,109.373
2026-05-18 12:19:00-04:00,109.33,109.41,109.33,109.34,636.0,109.363
2026-05-18 12:20:00-04:00,109.34,109.54,109.34,109.54,6664.0,109.436
2026-05-18 12:21:00-04:00,109.51,109.54,109.37,109.41,10670.0,109.458
2026-05-18 12:22:00-04:00,109.44,109.46,109.22,109.28,4002.0,109.325
2026-05-18 12:23:00-04:00,109.28,109.28,109.05,109.09,2097.0,109.13
2026-05-18 12:24:00-04:00,109.09,109.12,108.98,109.1,10152.0,109.07
2026-05-18 12:25:00-04:00,109.09,109.09,108.66,108.77,10273.0,108.869
2026-05-18 12:26:00-04:00,108.71,108.71,108.48,108.5,9881.0,108.636
2026-05-18 12:27:00-04:00,108.5,108.63,108.48,108.56,7127.0,108.553
2026-05-18 12:28:00-04:00,108.51,108.53,108.24,108.39,11142.0,108.424
2026-05-18 12:29:00-04:00,108.43,108.61,108.4,108.56,7224.0,108.495
2026-05-18 12:30:00-04:00,108.56,108.56,108.21,108.25,5648.0,108.363
2026-05-18 12:31:00-04:00,108.21,108.35,108.12,108.29,8844.0,108.245
2026-05-18 12:32:00-04:00,108.37,108.48,108.27,108.33,6501.0,108.375
2026-05-18 12:33:00-04:00,108.41,108.66,108.4,108.65,6459.0,108.541
2026-05-18 12:34:00-04:00,108.57,108.62,108.47,108.52,11856.0,108.547
2026-05-18 12:35:00-04:00,108.43,108.62,108.4,108.58,6164.0,108.482
2026-05-18 12:36:00-04:00,108.56,108.72,108.49,108.68,3354.0,108.632
2026-05-18 12:37:00-04:00,108.7,108.75,108.35,108.39,15812.0,108.559
2026-05-18 12:38:00-04:00,108.44,108.54,108.32,108.32,8413.0,108.456
2026-05-18 12:39:00-04:00,108.3,108.3,108.15,108.17,8862.0,108.204
2026-05-18 12:40:00-04:00,108.16,108.25,108.11,108.21,11837.0,108.171
2026-05-18 12:41:00-04:00,108.25,108.28,108.18,108.24,2869.0,108.245
2026-05-18 12:42:00-04:00,108.31,108.38,108.26,108.27,5671.0,108.32
2026-05-18 12:43:00-04:00,108.3,108.32,108.18,108.23,14089.0,108.209
2026-05-18 12:44:00-04:00,108.3,108.45,108.2,108.42,22211.0,108.269
2026-05-18 12:45:00-04:00,108.48,108.55,108.48,108.51,2286.0,108.52
2026-05-18 12:46:00-04:00,108.55,108.6,108.42,108.42,2274.0,108.508
2026-05-18 12:47:00-04:00,108.45,108.49,108.4,108.44,1820.0,108.452
2026-05-18 12:48:00-04:00,108.42,108.43,108.21,108.28,5626.0,108.299
2026-05-18 12:49:00-04:00,108.27,108.32,108.22,108.23,2347.0,108.262
2026-05-18 12:50:00-04:00,108.23,108.47,108.23,108.47,9321.0,108.307
2026-05-18 12:51:00-04:00,108.48,108.55,108.42,108.53,5615.0,108.498
2026-05-18 12:52:00-04:00,108.56,108.78,108.56,108.77,6758.0,108.702
2026-05-18 12:53:00-04:00,108.77,108.85,108.71,108.81,5264.0,108.78
2026-05-18 12:54:00-04:00,108.83,108.97,108.69,108.97,9540.0,108.82
2026-05-18 12:55:00-04:00,109.0,109.13,108.94,109.07,4798.0,109.022
2026-05-18 12:56:00-04:00,109.1,109.17,109.0,109.02,26516.0,109.033
2026-05-18 12:57:00-04:00,109.04,109.12,108.89,109.0,21325.0,108.955
2026-05-18 12:58:00-04:00,108.94,109.05,108.84,108.91,5025.0,108.95
2026-05-18 12:59:00-04:00,108.84,108.85,108.62,108.64,2517.0,108.745
2026-05-18 13:00:00-04:00,108.59,108.63,108.41,108.41,1300.0,108.54
2026-05-18 13:01:00-04:00,108.33,108.57,108.28,108.3,12473.0,108.418
2026-05-18 13:02:00-04:00,108.33,108.42,108.32,108.33,8657.0,108.381
2026-05-18 13:03:00-04:00,108.44,108.62,108.44,108.59,6324.0,108.506
2026-05-18 13:04:00-04:00,108.61,108.68,108.43,108.52,6024.0,108.536
2026-05-18 13:05:00-04:00,108.49,108.61,108.49,108.51,6104.0,108.547
2026-05-18 13:06:00-04:00,108.53,108.53,108.35,108.35,8348.0,108.448
2026-05-18 13:07:00-04:00,108.39,108.39,108.31,108.36,3747.0,108.35
2026-05-18 13:08:00-04:00,108.42,108.44,108.15,108.17,2286.0,108.322
2026-05-18 13:09:00-04:00,108.13,108.21,108.11,108.13,2200.0,108.151
2026-05-18 13:10:00-04:00,108.19,108.33,108.16,108.16,5672.0,108.241
2026-05-18 13:11:00-04:00,108.16,108.23,108.12,108.21,6590.0,108.16
2026-05-18 13:12:00-04:00,108.22,108.23,108.1,108.1,2604.0,108.165
2026-05-18 13:13:00-04:00,108.09,108.19,108.0,108.19,16775.0,108.047
2026-05-18 13:14:00-04:00,108.18,108.19,108.09,108.09,1368.0,108.148
2026-05-18 13:15:00-04:00,108.09,108.18,108.06,108.11,3210.0,108.11
2026-05-18 13:16:00-04:00,108.16,108.21,108.07,108.07,5699.0,108.159
2026-05-18 13:17:00-04:00,108.14,108.25,108.06,108.06,7741.0,108.146
2026-05-18 13:18:00-04:00,108.04,108.2,107.93,108.2,13866.0,108.055
2026-05-18 13:19:00-04:00,108.19,108.26,108.12,108.13,5073.0,108.175
2026-05-18 13:20:00-04:00,108.12,108.49,107.85,107.89,15163.0,108.101
2026-05-18 13:21:00-04:00,107.91,107.92,107.78,107.78,2143.0,107.858
2026-05-18 13:22:00-04:00,107.75,107.77,107.62,107.7,2682.0,107.693
2026-05-18 13:23:00-04:00,107.71,107.71,107.59,107.62,21291.0,107.694
2026-05-18 13:24:00-04:00,107.64,107.65,107.58,107.63,2996.0,107.622
2026-05-18 13:25:00-04:00,107.67,107.67,107.57,107.62,3241.0,107.614
2026-05-18 13:26:00-04:00,107.61,107.74,107.58,107.72,6601.0,107.674
2026-05-18 13:27:00-04:00,107.77,107.81,107.61,107.61,4217.0,107.712
2026-05-18 13:28:00-04:00,107.66,107.71,107.57,107.7,4085.0,107.648
2026-05-18 13:29:00-04:00,107.69,107.93,107.67,107.92,3852.0,107.794
2026-05-18 13:30:00-04:00,107.83,107.94,107.82,107.88,3360.0,107.865
2026-05-18 13:31:00-04:00,107.78,107.91,107.78,107.91,1304.0,107.826
2026-05-18 13:32:00-04:00,107.87,107.98,107.67,107.67,6741.0,107.864
2026-05-18 13:33:00-04:00,107.77,107.77,107.42,107.43,13030.0,107.583
2026-05-18 13:34:00-04:00,107.43,107.53,107.41,107.41,6426.0,107.491
2026-05-18 13:35:00-04:00,107.4,107.49,107.38,107.41,4462.0,107.428
2026-05-18 13:36:00-04:00,107.41,107.43,107.3,107.36,4856.0,107.369
2026-05-18 13:37:00-04:00,107.31,107.42,107.31,107.39,3588.0,107.367
2026-05-18 13:38:00-04:00,107.38,107.42,107.1,107.14,19935.0,107.215
2026-05-18 13:39:00-04:00,107.2,107.26,107.15,107.21,10780.0,107.207
2026-05-18 13:40:00-04:00,107.2,107.44,107.2,107.39,9508.0,107.308
2026-05-18 13:41:00-04:00,107.41,107.57,107.4,107.44,7665.0,107.488
2026-05-18 13:42:00-04:00,107.54,107.55,107.54,107.54,846.0,107.541
2026-05-18 13:43:00-04:00,107.55,107.72,107.53,107.67,9042.0,107.612
2026-05-18 13:44:00-04:00,107.68,107.7,107.52,107.53,2933.0,107.602
2026-05-18 13:45:00-04:00,107.53,107.61,107.53,107.55,5939.0,107.57
2026-05-18 13:46:00-04:00,107.55,107.55,107.38,107.38,10499.0,107.473
2026-05-18 13:47:00-04:00,107.39,107.39,107.2,107.23,9295.0,107.224
2026-05-18 13:48:00-04:00,107.23,107.29,107.19,107.2,8647.0,107.251
2026-05-18 13:49:00-04:00,107.17,107.17,107.04,107.12,4411.0,107.114
2026-05-18 13:50:00-04:00,107.08,107.15,106.97,107.14,12257.0,107.021
2026-05-18 13:51:00-04:00,107.14,107.18,107.09,107.14,8924.0,107.141
2026-05-18 13:52:00-04:00,107.15,107.47,107.15,107.35,6168.0,107.317
2026-05-18 13:53:00-04:00,107.32,107.34,107.2,107.2,16000.0,107.286
2026-05-18 13:54:00-04:00,107.2,107.37,107.2,107.28,3663.0,107.297
2026-05-18 13:55:00-04:00,107.28,107.47,107.25,107.47,3020.0,107.368
2026-05-18 13:56:00-04:00,107.52,107.55,107.42,107.44,16428.0,107.522
2026-05-18 13:57:00-04:00,107.48,107.63,107.44,107.44,12780.0,107.537
2026-05-18 13:58:00-04:00,107.44,107.59,107.44,107.54,4218.0,107.505
2026-05-18 13:59:00-04:00,107.54,107.65,107.54,107.63,6249.0,107.603
2026-05-18 14:00:00-04:00,107.58,107.72,107.53,107.56,9301.0,107.611
2026-05-18 14:01:00-04:00,107.59,107.63,107.33,107.39,6672.0,107.477
2026-05-18 14:02:00-04:00,107.39,107.39,107.19,107.2,7520.0,107.281
2026-05-18 14:03:00-04:00,107.19,107.19,107.0,107.07,5199.0,107.11
2026-05-18 14:04:00-04:00,107.08,107.09,106.9,106.98,10205.0,107.006
2026-05-18 14:05:00-04:00,106.98,107.06,106.97,107.05,5910.0,107.006
2026-05-18 14:06:00-04:00,107.03,107.03,106.91,106.91,4596.0,106.997
2026-05-18 14:07:00-04:00,106.95,107.19,106.95,107.16,9753.0,107.073
2026-05-18 14:08:00-04:00,107.16,107.16,107.02,107.12,5293.0,107.097
2026-05-18 14:09:00-04:00,107.07,107.16,107.02,107.07,3504.0,107.08
2026-05-18 14:10:00-04:00,107.02,107.1,106.93,107.05,8507.0,107.017
2026-05-18 14:11:00-04:00,107.05,107.06,106.92,106.99,5631.0,107.0
2026-05-18 14:12:00-04:00,107.03,107.07,106.89,106.92,47760.0,106.979
2026-05-18 14:13:00-04:00,106.91,106.91,106.75,106.75,4798.0,106.854
2026-05-18 14:14:00-04:00,106.77,107.03,106.69,106.96,23144.0,106.851
2026-05-18 14:15:00-04:00,107.0,107.1,106.88,107.0,8213.0,106.975
2026-05-18 14:16:00-04:00,107.0,107.0,106.8,106.87,6500.0,106.919
2026-05-18 14:17:00-04:00,106.87,106.96,106.82,106.91,13132.0,106.862
2026-05-18 14:18:00-04:00,106.84,106.84,106.68,106.68,7775.0,106.774
2026-05-18 14:19:00-04:00,106.7,106.76,106.57,106.7,8278.0,106.689
2026-05-18 14:20:00-04:00,106.7,106.81,106.63,106.63,5965.0,106.725
2026-05-18 14:21:00-04:00,106.6,106.67,106.57,106.6,4034.0,106.616
2026-05-18 14:22:00-04:00,106.63,106.75,106.59,106.6,7037.0,106.658
2026-05-18 14:23:00-04:00,106.58,106.62,106.45,106.47,6465.0,106.52
2026-05-18 14:24:00-04:00,106.48,106.7,106.46,106.66,6874.0,106.593
2026-05-18 14:25:00-04:00,106.62,106.66,106.49,106.49,5500.0,106.593
2026-05-18 14:26:00-04:00,106.46,106.6,106.46,106.57,7150.0,106.545
2026-05-18 14:27:00-04:00,106.56,106.57,106.4,106.54,6145.0,106.494
2026-05-18 14:28:00-04:00,106.55,106.68,106.5,106.6,14529.0,106.569
2026-05-18 14:29:00-04:00,106.68,106.82,106.55,106.68,12077.0,106.671
2026-05-18 14:30:00-04:00,106.67,106.87,106.61,106.87,40643.0,106.71
2026-05-18 14:31:00-04:00,106.91,106.94,106.88,106.9,4385.0,106.911
2026-05-18 14:32:00-04:00,106.95,106.99,106.91,106.95,4310.0,106.957
2026-05-18 14:33:00-04:00,106.99,106.99,106.81,106.81,4783.0,106.906
2026-05-18 14:34:00-04:00,106.82,106.86,106.71,106.71,2783.0,106.781
2026-05-18 14:35:00-04:00,106.75,106.84,106.75,106.83,5961.0,106.805
2026-05-18 14:36:00-04:00,106.78,106.88,106.64,106.64,4196.0,106.78
2026-05-18 14:37:00-04:00,106.71,106.71,106.57,106.6,5801.0,106.624
2026-05-18 14:38:00-04:00,106.56,106.69,106.54,106.66,6235.0,106.616
2026-05-18 14:39:00-04:00,106.66,106.66,106.59,106.62,5811.0,106.621
2026-05-18 14:40:00-04:00,106.62,106.67,106.56,106.58,6816.0,106.612
2026-05-18 14:41:00-04:00,106.58,106.68,106.55,106.6,5491.0,106.608
2026-05-18 14:42:00-04:00,106.57,106.76,106.57,106.71,11371.0,106.643
2026-05-18 14:43:00-04:00,106.71,106.94,106.66,106.93,10838.0,106.768
2026-05-18 14:44:00-04:00,106.95,106.96,106.88,106.94,4993.0,106.914
2026-05-18 14:45:00-04:00,106.98,107.11,106.81,106.83,13869.0,106.973
2026-05-18 14:46:00-04:00,106.87,106.95,106.85,106.95,10650.0,106.899
2026-05-18 14:47:00-04:00,106.91,106.97,106.85,106.96,3918.0,106.913
2026-05-18 14:48:00-04:00,106.94,106.95,106.83,106.86,1300.0,106.868
2026-05-18 14:49:00-04:00,106.83,106.86,106.61,106.63,5998.0,106.718
2026-05-18 14:50:00-04:00,106.6,106.7,106.54,106.7,7041.0,106.629
2026-05-18 14:51:00-04:00,106.69,106.75,106.54,106.69,5655.0,106.672
2026-05-18 14:52:00-04:00,106.67,106.9,106.64,106.88,81647.0,106.732
2026-05-18 14:53:00-04:00,106.89,106.98,106.85,106.88,5844.0,106.909
2026-05-18 14:54:00-04:00,106.86,106.88,106.57,106.61,5406.0,106.762
2026-05-18 14:55:00-04:00,106.66,106.82,106.55,106.78,11402.0,106.712
2026-05-18 14:56:00-04:00,106.75,106.84,106.66,106.66,7469.0,106.757
2026-05-18 14:57:00-04:00,106.72,106.9,106.58,106.88,10557.0,106.73
2026-05-18 14:58:00-04:00,106.88,107.0,106.76,106.81,14741.0,106.873
2026-05-18 14:59:00-04:00,106.81,107.09,106.79,107.0,14250.0,106.952
2026-05-18 15:00:00-04:00,107.0,107.24,106.96,107.24,13852.0,107.081
2026-05-18 15:01:00-04:00,107.24,108.21,107.24,108.15,53772.0,107.747
2026-05-18 15:02:00-04:00,108.22,108.43,106.9,108.12,33654.0,107.709
2026-05-18 15:03:00-04:00,108.15,108.27,107.71,107.71,5669.0,108.019
2026-05-18 15:04:00-04:00,107.77,107.91,107.64,107.82,9598.0,107.758
2026-05-18 15:05:00-04:00,107.72,107.82,107.61,107.64,11147.0,107.672
2026-05-18 15:06:00-04:00,107.75,107.78,107.15,107.2,10799.0,107.537
2026-05-18 15:07:00-04:00,107.05,107.13,106.89,107.08,12939.0,107.036
2026-05-18 15:08:00-04:00,107.08,107.17,107.04,107.1,9219.0,107.112
2026-05-18 15:09:00-04:00,107.13,107.51,107.1,107.5,15525.0,107.275
2026-05-18 15:10:00-04:00,107.5,107.75,107.49,107.65,13760.0,107.642
2026-05-18 15:11:00-04:00,107.66,107.77,107.59,107.68,9001.0,107.67
2026-05-18 15:12:00-04:00,107.7,107.78,107.61,107.62,8975.0,107.712
2026-05-18 15:13:00-04:00,107.6,107.7,107.56,107.58,6816.0,107.635
2026-05-18 15:14:00-04:00,107.53,107.65,107.49,107.59,8011.0,107.583
2026-05-18 15:15:00-04:00,107.59,107.69,107.44,107.66,9974.0,107.547
2026-05-18 15:16:00-04:00,107.66,107.74,107.51,107.53,8799.0,107.68
2026-05-18 15:17:00-04:00,107.55,107.55,107.37,107.39,8673.0,107.469
2026-05-18 15:18:00-04:00,107.37,107.51,107.33,107.5,11343.0,107.426
2026-05-18 15:19:00-04:00,107.54,107.57,107.35,107.47,9702.0,107.482
2026-05-18 15:20:00-04:00,107.47,107.59,107.43,107.57,16584.0,107.554
2026-05-18 15:21:00-04:00,107.6,107.75,107.59,107.71,9147.0,107.67
2026-05-18 15:22:00-04:00,107.66,107.66,107.47,107.52,3705.0,107.565
2026-05-18 15:23:00-04:00,107.48,107.67,107.38,107.47,10133.0,107.524
2026-05-18 15:24:00-04:00,107.41,107.46,107.27,107.33,15223.0,107.366
2026-05-18 15:25:00-04:00,107.33,107.41,107.18,107.32,16060.0,107.289
2026-05-18 15:26:00-04:00,107.29,107.36,107.13,107.15,10365.0,107.219
2026-05-18 15:27:00-04:00,107.12,107.17,106.95,107.08,13827.0,107.067
2026-05-18 15:28:00-04:00,107.08,107.14,107.03,107.06,12924.0,107.08
2026-05-18 15:29:00-04:00,107.06,107.29,107.03,107.27,18328.0,107.152
2026-05-18 15:30:00-04:00,107.27,107.42,107.1,107.41,14644.0,107.233
2026-05-18 15:31:00-04:00,107.39,107.75,107.39,107.73,14904.0,107.545
2026-05-18 15:32:00-04:00,107.77,107.77,107.56,107.56,9638.0,107.678
2026-05-18 15:33:00-04:00,107.56,107.57,107.4,107.49,14224.0,107.485
2026-05-18 15:34:00-04:00,107.46,107.55,107.38,107.41,11919.0,107.476
2026-05-18 15:35:00-04:00,107.4,107.78,107.39,107.74,14638.0,107.582
2026-05-18 15:36:00-04:00,107.74,108.0,107.74,107.97,9151.0,107.913
2026-05-18 15:37:00-04:00,107.92,108.03,107.91,107.99,10261.0,107.97
2026-05-18 15:38:00-04:00,107.95,108.13,107.95,108.11,9538.0,108.049
2026-05-18 15:39:00-04:00,108.14,108.34,108.1,108.33,10207.0,108.205
2026-05-18 15:40:00-04:00,108.33,108.57,108.31,108.53,9664.0,108.437
2026-05-18 15:41:00-04:00,108.52,108.65,108.47,108.51,11358.0,108.556
2026-05-18 15:42:00-04:00,108.55,108.62,108.45,108.49,20535.0,108.536
2026-05-18 15:43:00-04:00,108.49,108.71,108.48,108.7,24469.0,108.578
2026-05-18 15:44:00-04:00,108.74,108.95,108.7,108.84,12898.0,108.851
2026-05-18 15:45:00-04:00,108.88,109.19,108.85,109.18,13861.0,108.964
2026-05-18 15:46:00-04:00,109.22,109.25,107.79,108.93,31594.0,108.661
2026-05-18 15:47:00-04:00,108.99,109.13,108.91,109.13,10597.0,109.01
2026-05-18 15:48:00-04:00,109.12,109.29,109.12,109.27,10689.0,109.203
2026-05-18 15:49:00-04:00,109.31,109.46,109.28,109.34,23682.0,109.383
2026-05-18 15:50:00-04:00,109.34,109.51,109.09,109.51,54013.0,109.33
2026-05-18 15:51:00-04:00,109.55,109.67,109.25,109.29,63786.0,109.483
2026-05-18 15:52:00-04:00,109.33,109.64,109.32,109.61,24262.0,109.49
2026-05-18 15:53:00-04:00,109.65,109.7,109.52,109.54,24862.0,109.606
2026-05-18 15:54:00-04:00,109.54,109.66,109.42,109.44,38593.0,109.545
2026-05-18 15:55:00-04:00,109.43,110.0,109.41,109.67,44347.0,109.812
2026-05-18 15:56:00-04:00,109.66,109.8,109.62,109.71,44531.0,109.709
2026-05-18 15:57:00-04:00,109.73,109.77,109.53,109.58,59705.0,109.664
2026-05-18 15:58:00-04:00,109.56,109.61,109.45,109.5,81404.0,109.535
2026-05-18 15:59:00-04:00,109.49,109.56,109.37,109.42,217425.0,109.463
2026-05-19 09:30:00-04:00,105.66,106.5,105.11,105.56,162920.0,105.662
2026-05-19 09:31:00-04:00,105.6,106.82,105.39,106.1,39827.0,105.943
2026-05-19 09:32:00-04:00,106.08,107.0,106.0,106.71,58470.0,106.463
2026-05-19 09:33:00-04:00,106.91,107.19,106.65,106.81,32602.0,106.823
2026-05-19 09:34:00-04:00,106.71,107.3,106.46,106.96,30317.0,106.812
2026-05-19 09:35:00-04:00,106.68,108.16,106.46,107.97,49177.0,107.337
2026-05-19 09:36:00-04:00,107.97,108.73,107.97,108.69,22254.0,108.434
2026-05-19 09:37:00-04:00,108.65,109.25,108.6,108.89,20241.0,108.933
2026-05-19 09:38:00-04:00,108.88,108.99,108.4,108.53,15963.0,108.654
2026-05-19 09:39:00-04:00,108.4,108.53,107.7,108.11,21981.0,108.194
2026-05-19 09:40:00-04:00,108.07,108.23,107.65,107.78,2566.0,107.846
2026-05-19 09:41:00-04:00,107.72,107.72,107.08,107.52,7223.0,107.474
2026-05-19 09:42:00-04:00,107.45,107.82,107.3,107.63,5593.0,107.587
2026-05-19 09:43:00-04:00,107.63,107.77,107.45,107.74,10391.0,107.633
2026-05-19 09:44:00-04:00,107.63,107.78,107.41,107.67,6821.0,107.569
2026-05-19 09:45:00-04:00,107.8,107.88,107.32,107.39,4250.0,107.562
2026-05-19 09:46:00-04:00,107.4,107.45,107.0,107.03,13938.0,107.289
2026-05-19 09:47:00-04:00,107.04,107.37,106.86,107.26,8556.0,107.07
2026-05-19 09:48:00-04:00,107.23,107.5,107.22,107.4,26245.0,107.36
2026-05-19 09:49:00-04:00,107.42,107.95,107.17,107.17,7476.0,107.548
2026-05-19 09:50:00-04:00,107.14,107.3,106.85,106.85,10642.0,107.098
2026-05-19 09:51:00-04:00,106.94,107.37,106.93,107.0,9777.0,107.126
2026-05-19 09:52:00-04:00,107.15,107.36,106.96,107.36,6788.0,107.232
2026-05-19 09:53:00-04:00,107.48,107.62,107.1,107.21,8191.0,107.373
2026-05-19 09:54:00-04:00,107.25,107.63,107.2,107.63,4450.0,107.453
2026-05-19 09:55:00-04:00,107.66,107.79,107.35,107.43,10500.0,107.569
2026-05-19 09:56:00-04:00,107.25,107.42,107.0,107.22,9776.0,107.27
2026-05-19 09:57:00-04:00,107.2,107.52,107.19,107.23,19027.0,107.381
2026-05-19 09:58:00-04:00,107.21,107.21,106.31,106.66,23127.0,106.811
2026-05-19 09:59:00-04:00,106.67,106.87,106.55,106.73,17957.0,106.746
2026-05-19 10:00:00-04:00,106.72,106.74,106.45,106.6,15995.0,106.627
2026-05-19 10:01:00-04:00,106.75,106.76,106.34,106.58,8150.0,106.533
2026-05-19 10:02:00-04:00,106.56,106.65,106.05,106.11,30170.0,106.343
2026-05-19 10:03:00-04:00,106.09,106.2,105.95,106.1,10745.0,106.093
2026-05-19 10:04:00-04:00,106.12,106.23,105.88,106.2,9029.0,106.085
2026-05-19 10:05:00-04:00,106.12,106.3,105.37,105.38,8406.0,105.977
2026-05-19 10:06:00-04:00,105.41,105.64,105.35,105.42,20343.0,105.459
2026-05-19 10:07:00-04:00,105.38,105.46,105.05,105.15,9967.0,105.219
2026-05-19 10:08:00-04:00,105.09,105.22,104.9,104.97,24607.0,105.001
2026-05-19 10:09:00-04:00,105.03,105.03,104.7,104.89,15494.0,104.858
2026-05-19 10:10:00-04:00,104.99,105.39,104.93,105.33,23469.0,105.136
2026-05-19 10:11:00-04:00,105.45,105.86,105.03,105.75,35183.0,105.525
2026-05-19 10:12:00-04:00,105.78,105.94,105.57,105.86,23766.0,105.754
2026-05-19 10:13:00-04:00,105.89,105.97,105.66,105.7,14973.0,105.811
2026-05-19 10:14:00-04:00,105.68,105.76,105.05,105.05,27063.0,105.4
2026-05-19 10:15:00-04:00,105.05,105.25,104.8,104.82,11669.0,105.111
2026-05-19 10:16:00-04:00,104.82,104.96,104.5,104.55,13915.0,104.711
2026-05-19 10:17:00-04:00,104.56,104.61,104.3,104.35,18483.0,104.459
2026-05-19 10:18:00-04:00,104.35,105.09,104.3,105.07,14201.0,104.714
2026-05-19 10:19:00-04:00,105.07,105.35,104.47,104.82,27827.0,104.933
2026-05-19 10:20:00-04:00,104.81,104.87,104.47,104.67,28918.0,104.648
2026-05-19 10:21:00-04:00,104.61,104.61,104.29,104.29,12572.0,104.452
2026-05-19 10:22:00-04:00,104.29,104.39,104.05,104.15,24227.0,104.189
2026-05-19 10:23:00-04:00,104.18,104.75,104.14,104.6,11738.0,104.461
2026-05-19 10:24:00-04:00,104.64,104.93,104.61,104.79,13575.0,104.717
2026-05-19 10:25:00-04:00,104.82,104.84,104.53,104.66,14830.0,104.718
2026-05-19 10:26:00-04:00,104.7,104.93,104.69,104.89,23835.0,104.824
2026-05-19 10:27:00-04:00,104.81,105.34,104.8,105.34,9852.0,105.056
2026-05-19 10:28:00-04:00,105.2,105.54,105.2,105.32,22877.0,105.422
2026-05-19 10:29:00-04:00,105.32,105.46,105.18,105.32,14761.0,105.272
2026-05-19 10:30:00-04:00,105.35,105.95,105.04,105.95,15613.0,105.47
2026-05-19 10:31:00-04:00,105.89,106.04,105.77,105.91,22945.0,105.938
2026-05-19 10:32:00-04:00,105.91,105.91,105.72,105.86,2825.0,105.81
2026-05-19 10:33:00-04:00,105.78,105.81,105.62,105.69,8950.0,105.728
2026-05-19 10:34:00-04:00,105.7,105.72,105.41,105.5,4800.0,105.582
2026-05-19 10:35:00-04:00,105.49,105.49,105.19,105.35,13289.0,105.297
2026-05-19 10:36:00-04:00,105.35,105.6,105.29,105.59,12617.0,105.441
2026-05-19 10:37:00-04:00,105.61,105.84,105.52,105.84,5009.0,105.692
2026-05-19 10:38:00-04:00,105.84,106.2,105.83,106.15,8879.0,106.033
2026-05-19 10:39:00-04:00,106.13,106.19,105.81,105.92,6557.0,105.99
2026-05-19 10:40:00-04:00,105.81,105.81,105.38,105.42,8715.0,105.513
2026-05-19 10:41:00-04:00,105.41,105.6,105.38,105.41,15518.0,105.497
2026-05-19 10:42:00-04:00,105.43,105.45,105.31,105.38,7896.0,105.391
2026-05-19 10:43:00-04:00,105.38,105.62,105.18,105.27,13961.0,105.434
2026-05-19 10:44:00-04:00,105.27,105.27,104.97,104.98,9060.0,105.111
2026-05-19 10:45:00-04:00,104.98,105.44,104.97,105.27,8167.0,105.245
2026-05-19 10:46:00-04:00,105.31,105.31,105.08,105.08,4194.0,105.21
2026-05-19 10:47:00-04:00,105.08,105.08,104.5,104.5,1600.0,104.801
2026-05-19 10:48:00-04:00,104.52,104.61,104.39,104.52,12841.0,104.523
2026-05-19 10:49:00-04:00,104.52,104.7,104.39,104.64,19402.0,104.562
2026-05-19 10:50:00-04:00,104.65,104.98,104.59,104.98,13939.0,104.785
2026-05-19 10:51:00-04:00,104.99,105.18,104.96,105.15,14090.0,105.056
2026-05-19 10:52:00-04:00,105.16,105.33,104.97,105.27,13424.0,105.131
2026-05-19 10:53:00-04:00,105.36,105.58,105.27,105.5,15486.0,105.417
2026-05-19 10:54:00-04:00,105.5,105.66,105.5,105.52,12704.0,105.569
2026-05-19 10:55:00-04:00,105.52,105.65,105.28,105.4,14283.0,105.528
2026-05-19 10:56:00-04:00,105.34,105.7,105.27,105.7,11623.0,105.469
2026-05-19 10:57:00-04:00,105.71,105.99,105.7,105.85,14195.0,105.792
2026-05-19 10:58:00-04:00,105.82,105.84,105.66,105.77,16891.0,105.74
2026-05-19 10:59:00-04:00,105.77,106.12,105.77,106.04,8541.0,105.871
2026-05-19 11:00:00-04:00,106.01,106.16,105.65,105.85,14797.0,105.924
2026-05-19 11:01:00-04:00,105.85,105.91,105.56,105.56,19166.0,105.82
2026-05-19 11:02:00-04:00,105.71,105.87,105.71,105.86,13929.0,105.787
2026-05-19 11:03:00-04:00,105.86,105.95,105.71,105.91,17034.0,105.851
2026-05-19 11:04:00-04:00,105.91,105.93,105.67,105.79,6200.0,105.815
2026-05-19 11:05:00-04:00,105.72,105.8,105.37,105.42,9619.0,105.628
2026-05-19 11:06:00-04:00,105.48,105.5,105.34,105.36,16264.0,105.435
2026-05-19 11:07:00-04:00,105.36,105.36,105.09,105.19,7700.0,105.195
2026-05-19 11:08:00-04:00,105.19,105.35,105.18,105.23,9392.0,105.261
2026-05-19 11:09:00-04:00,105.25,105.6,105.24,105.59,9808.0,105.367
2026-05-19 11:10:00-04:00,105.59,105.67,105.54,105.66,11855.0,105.609
2026-05-19 11:11:00-04:00,105.62,105.72,105.42,105.42,17730.0,105.592
2026-05-19 11:12:00-04:00,105.43,105.62,105.38,105.51,67492.0,105.481
2026-05-19 11:13:00-04:00,105.54,105.88,105.53,105.87,35479.0,105.662
2026-05-19 11:14:00-04:00,105.87,105.99,105.72,105.95,17438.0,105.872
2026-05-19 11:15:00-04:00,106.02,106.41,105.99,106.37,23077.0,106.211
2026-05-19 11:16:00-04:00,106.37,106.47,106.2,106.26,11470.0,106.306
2026-05-19 11:17:00-04:00,106.21,106.52,106.15,106.5,21631.0,106.295
2026-05-19 11:18:00-04:00,106.53,106.75,106.53,106.59,15349.0,106.642
2026-05-19 11:19:00-04:00,106.59,106.6,105.95,105.95,27522.0,106.279
2026-05-19 11:20:00-04:00,106.04,106.27,106.03,106.16,39502.0,106.175
2026-05-19 11:21:00-04:00,106.16,106.38,106.15,106.24,12850.0,106.293
2026-05-19 11:22:00-04:00,106.31,106.41,106.11,106.14,8288.0,106.276
2026-05-19 11:23:00-04:00,106.12,106.19,105.71,105.76,15483.0,105.916
2026-05-19 11:24:00-04:00,105.8,105.83,105.55,105.61,6627.0,105.723
2026-05-19 11:25:00-04:00,105.6,105.64,105.36,105.57,39776.0,105.532
2026-05-19 11:26:00-04:00,105.57,105.83,105.52,105.83,38836.0,105.615
2026-05-19 11:27:00-04:00,105.77,106.0,105.76,105.93,15010.0,105.879
2026-05-19 11:28:00-04:00,105.92,106.04,105.74,106.04,13899.0,105.853
2026-05-19 11:29:00-04:00,105.94,106.12,105.87,106.12,15471.0,105.981
2026-05-19 11:30:00-04:00,106.06,106.2,106.02,106.2,20813.0,106.113
2026-05-19 11:31:00-04:00,106.18,106.44,106.18,106.44,30282.0,106.332
2026-05-19 11:32:00-04:00,106.43,106.55,106.41,106.55,11554.0,106.487
2026-05-19 11:33:00-04:00,106.5,106.54,106.25,106.29,15566.0,106.367
2026-05-19 11:34:00-04:00,106.27,106.36,106.15,106.32,15834.0,106.247
2026-05-19 11:35:00-04:00,106.21,106.24,106.07,106.16,15977.0,106.144
2026-05-19 11:36:00-04:00,106.16,106.47,106.15,106.45,18358.0,106.372
2026-05-19 11:37:00-04:00,106.45,106.73,106.38,106.73,4474.0,106.54
2026-05-19 11:38:00-04:00,106.79,107.14,106.74,107.0,20639.0,106.916
2026-05-19 11:39:00-04:00,107.0,107.17,106.76,106.77,25833.0,106.969
2026-05-19 11:40:00-04:00,106.72,106.83,106.64,106.72,16505.0,106.717
2026-05-19 11:41:00-04:00,106.72,106.84,106.63,106.8,13177.0,106.723
2026-05-19 11:42:00-04:00,106.84,106.95,106.82,106.91,5119.0,106.896
2026-05-19 11:43:00-04:00,106.91,106.96,106.79,106.83,9390.0,106.876
2026-05-19 11:44:00-04:00,106.86,107.15,106.85,107.15,52490.0,107.006
2026-05-19 11:45:00-04:00,107.2,107.35,107.2,107.2,9694.0,107.27
2026-05-19 11:46:00-04:00,107.16,107.28,106.95,107.03,17034.0,107.158
2026-05-19 11:47:00-04:00,107.05,107.05,106.86,107.02,4799.0,106.948
2026-05-19 11:48:00-04:00,107.03,107.1,106.9,106.97,10641.0,107.011
2026-05-19 11:49:00-04:00,106.97,107.08,106.96,107.01,4859.0,107.037
2026-05-19 11:50:00-04:00,107.07,107.1,106.97,107.09,5242.0,107.058
2026-05-19 11:51:00-04:00,107.05,107.05,106.86,106.91,7962.0,106.932
2026-05-19 11:52:00-04:00,106.93,107.02,106.91,107.02,4105.0,106.961
2026-05-19 11:53:00-04:00,107.07,107.07,106.79,106.79,9158.0,106.931
2026-05-19 11:54:00-04:00,106.85,106.85,106.48,106.66,11543.0,106.62
2026-05-19 11:55:00-04:00,106.67,106.67,106.5,106.55,5815.0,106.583
2026-05-19 11:56:00-04:00,106.55,106.67,106.54,106.66,6331.0,106.608
2026-05-19 11:57:00-04:00,106.67,106.79,106.66,106.75,5307.0,106.744
2026-05-19 11:58:00-04:00,106.85,106.91,106.83,106.89,1998.0,106.867
2026-05-19 11:59:00-04:00,106.82,106.99,106.82,106.96,4607.0,106.947
2026-05-19 12:00:00-04:00,107.01,107.12,106.92,107.12,13520.0,107.031
2026-05-19 12:01:00-04:00,107.13,107.3,107.02,107.09,12587.0,107.172
2026-05-19 12:02:00-04:00,107.02,107.31,107.02,107.31,6426.0,107.162
2026-05-19 12:03:00-04:00,107.32,107.38,107.17,107.22,6313.0,107.263
2026-05-19 12:04:00-04:00,107.22,107.3,107.2,107.24,7205.0,107.267
2026-05-19 12:05:00-04:00,107.18,107.21,106.97,107.0,4656.0,107.108
2026-05-19 12:06:00-04:00,106.92,107.09,106.85,106.9,6805.0,106.994
2026-05-19 12:07:00-04:00,106.96,107.17,106.94,107.14,2077.0,107.069
2026-05-19 12:08:00-04:00,107.14,107.22,107.1,107.14,7830.0,107.159
2026-05-19 12:09:00-04:00,107.06,107.12,106.98,106.98,10739.0,107.049
2026-05-19 12:10:00-04:00,106.83,106.98,106.83,106.89,14847.0,106.889
2026-05-19 12:11:00-04:00,106.85,107.05,106.82,107.02,5458.0,106.949
2026-05-19 12:12:00-04:00,106.95,106.97,106.75,106.84,8421.0,106.865
2026-05-19 12:13:00-04:00,106.85,106.88,106.79,106.86,1423.0,106.839
2026-05-19 12:14:00-04:00,106.82,106.85,106.73,106.85,9085.0,106.782
2026-05-19 12:15:00-04:00,106.91,107.07,106.91,107.02,2195.0,106.982
2026-05-19 12:16:00-04:00,107.03,107.1,106.97,106.98,8546.0,107.035
2026-05-19 12:17:00-04:00,106.95,107.01,106.85,106.98,3263.0,106.928
2026-05-19 12:18:00-04:00,107.01,107.01,106.84,106.91,5862.0,106.924
2026-05-19 12:19:00-04:00,106.91,107.16,106.91,107.05,18186.0,107.064
2026-05-19 12:20:00-04:00,107.05,107.09,106.94,106.95,5845.0,107.017
2026-05-19 12:21:00-04:00,107.0,107.0,106.79,106.79,5378.0,106.906
2026-05-19 12:22:00-04:00,106.84,106.85,106.71,106.76,2918.0,106.793
2026-05-19 12:23:00-04:00,106.72,106.86,106.71,106.84,4704.0,106.806
2026-05-19 12:24:00-04:00,106.88,106.95,106.81,106.93,8758.0,106.885
2026-05-19 12:25:00-04:00,106.97,107.14,106.96,107.14,2223.0,107.05
2026-05-19 12:26:00-04:00,107.17,107.42,107.16,107.37,11908.0,107.342
2026-05-19 12:27:00-04:00,107.37,107.53,107.36,107.48,2987.0,107.434
2026-05-19 12:28:00-04:00,107.54,107.76,107.5,107.5,16392.0,107.636
2026-05-19 12:29:00-04:00,107.6,107.6,107.46,107.49,5535.0,107.49
2026-05-19 12:30:00-04:00,107.49,107.66,107.48,107.64,5287.0,107.578
2026-05-19 12:31:00-04:00,107.64,107.89,107.64,107.8,15142.0,107.813
2026-05-19 12:32:00-04:00,107.8,107.99,107.76,107.87,23903.0,107.812
2026-05-19 12:33:00-04:00,107.78,107.9,107.74,107.84,6773.0,107.819
2026-05-19 12:34:00-04:00,107.8,107.96,107.79,107.88,6509.0,107.888
2026-05-19 12:35:00-04:00,107.88,108.0,107.71,107.92,6734.0,107.891
2026-05-19 12:36:00-04:00,107.91,107.91,107.69,107.78,4413.0,107.782
2026-05-19 12:37:00-04:00,107.79,107.89,107.77,107.78,3208.0,107.842
2026-05-19 12:38:00-04:00,107.71,107.96,107.64,107.86,10432.0,107.839
2026-05-19 12:39:00-04:00,107.87,108.09,107.87,107.97,6270.0,107.962
2026-05-19 12:40:00-04:00,107.99,108.14,107.98,108.06,8912.0,108.085
2026-05-19 12:41:00-04:00,108.03,108.05,108.03,108.04,2350.0,108.035
2026-05-19 12:42:00-04:00,108.05,108.05,107.91,107.96,5838.0,107.968
2026-05-19 12:43:00-04:00,107.96,108.01,107.83,107.99,3586.0,107.951
2026-05-19 12:44:00-04:00,108.04,108.12,107.99,108.12,5292.0,108.042
2026-05-19 12:45:00-04:00,108.11,108.15,107.99,108.03,3980.0,108.078
2026-05-19 12:46:00-04:00,108.03,108.03,107.85,107.85,4491.0,107.947
2026-05-19 12:47:00-04:00,107.85,107.86,107.82,107.82,1200.0,107.85
2026-05-19 12:48:00-04:00,107.87,107.89,107.73,107.79,5741.0,107.813
2026-05-19 12:49:00-04:00,107.76,107.83,107.7,107.77,6488.0,107.772
2026-05-19 12:50:00-04:00,107.68,107.69,107.53,107.53,2502.0,107.617
2026-05-19 12:51:00-04:00,107.57,107.74,107.56,107.72,4501.0,107.645
2026-05-19 12:52:00-04:00,107.72,107.76,107.63,107.66,5402.0,107.683
2026-05-19 12:53:00-04:00,107.69,107.76,107.64,107.7,8577.0,107.702
2026-05-19 12:54:00-04:00,107.7,107.79,107.69,107.74,2720.0,107.758
2026-05-19 12:55:00-04:00,107.74,107.86,107.69,107.86,7476.0,107.771
2026-05-19 12:56:00-04:00,107.84,107.86,107.66,107.78,18407.0,107.818
2026-05-19 12:57:00-04:00,107.78,107.98,107.73,107.92,4575.0,107.831
2026-05-19 12:58:00-04:00,107.94,107.94,107.83,107.84,1331.0,107.881
2026-05-19 12:59:00-04:00,107.92,107.96,107.85,107.92,5597.0,107.923
2026-05-19 13:00:00-04:00,107.97,108.0,107.94,107.95,2869.0,107.969
2026-05-19 13:01:00-04:00,107.94,108.13,107.77,108.05,74032.0,107.931
2026-05-19 13:02:00-04:00,108.0,108.42,108.0,108.19,106952.0,108.191
2026-05-19 13:03:00-04:00,108.19,108.24,108.14,108.14,3483.0,108.2
2026-05-19 13:04:00-04:00,108.21,108.21,107.73,107.73,12750.0,107.889
2026-05-19 13:05:00-04:00,107.77,107.83,107.7,107.75,16458.0,107.76
2026-05-19 13:06:00-04:00,107.69,107.69,107.43,107.43,20734.0,107.601
2026-05-19 13:07:00-04:00,107.39,107.44,107.23,107.29,13417.0,107.366
2026-05-19 13:08:00-04:00,107.29,107.51,107.24,107.47,31599.0,107.412
2026-05-19 13:09:00-04:00,107.47,107.56,107.41,107.54,19529.0,107.484
2026-05-19 13:10:00-04:00,107.51,107.67,107.49,107.55,10277.0,107.58
2026-05-19 13:11:00-04:00,107.57,107.57,107.42,107.48,7660.0,107.488
2026-05-19 13:12:00-04:00,107.42,107.5,107.41,107.45,10384.0,107.451
2026-05-19 13:13:00-04:00,107.48,107.64,107.4,107.46,22666.0,107.511
2026-05-19 13:14:00-04:00,107.47,107.62,107.45,107.58,3673.0,107.542
2026-05-19 13:15:00-04:00,107.65,107.92,107.57,107.92,9588.0,107.694
2026-05-19 13:16:00-04:00,107.88,108.08,107.83,107.93,32760.0,107.993
2026-05-19 13:17:00-04:00,107.93,108.0,107.87,107.95,4933.0,107.948
2026-05-19 13:18:00-04:00,107.98,108.29,107.98,108.25,7968.0,108.161
2026-05-19 13:19:00-04:00,108.28,108.4,108.25,108.25,6308.0,108.324
2026-05-19 13:20:00-04:00,108.23,108.27,108.07,108.14,4631.0,108.199
2026-05-19 13:21:00-04:00,108.15,108.37,108.11,108.28,8868.0,108.251
2026-05-19 13:22:00-04:00,108.28,108.36,108.25,108.27,4407.0,108.307
2026-05-19 13:23:00-04:00,108.38,108.46,108.2,108.2,2900.0,108.335
2026-05-19 13:24:00-04:00,108.24,108.24,108.08,108.1,5988.0,108.145
2026-05-19 13:25:00-04:00,108.11,108.11,107.97,107.97,3516.0,108.04
2026-05-19 13:26:00-04:00,107.97,108.08,107.87,107.87,5301.0,107.965
2026-05-19 13:27:00-04:00,107.82,107.91,107.82,107.83,2314.0,107.875
2026-05-19 13:28:00-04:00,107.86,107.94,107.8,107.8,5439.0,107.902
2026-05-19 13:29:00-04:00,107.76,107.93,107.75,107.93,8538.0,107.842
2026-05-19 13:30:00-04:00,107.93,108.1,107.93,107.98,3602.0,108.01
2026-05-19 13:31:00-04:00,108.0,108.1,107.99,108.02,1498.0,108.033
2026-05-19 13:32:00-04:00,108.02,108.21,107.94,108.2,10324.0,108.085
2026-05-19 13:33:00-04:00,108.15,108.21,108.06,108.06,1685.0,108.12
2026-05-19 13:34:00-04:00,108.07,108.17,108.02,108.04,1436.0,108.087
2026-05-19 13:35:00-04:00,108.04,108.09,107.98,108.05,6591.0,108.042
2026-05-19 13:36:00-04:00,108.02,108.11,107.94,108.04,8736.0,108.023
2026-05-19 13:37:00-04:00,108.07,108.23,108.03,108.21,15730.0,108.158
2026-05-19 13:38:00-04:00,108.25,108.33,108.25,108.25,2128.0,108.282
2026-05-19 13:39:00-04:00,108.17,108.31,108.13,108.26,4618.0,108.232
2026-05-19 13:40:00-04:00,108.21,108.32,108.17,108.24,4099.0,108.264
2026-05-19 13:41:00-04:00,108.23,108.32,108.17,108.22,7192.0,108.212
2026-05-19 13:42:00-04:00,108.17,108.22,108.12,108.18,1098.0,108.167
2026-05-19 13:43:00-04:00,108.12,108.13,108.1,108.13,850.0,108.114
2026-05-19 13:44:00-04:00,108.13,108.16,108.02,108.12,6055.0,108.094
2026-05-19 13:45:00-04:00,108.06,108.06,107.9,107.96,939.0,107.978
2026-05-19 13:46:00-04:00,107.91,107.91,107.68,107.69,1100.0,107.771
2026-05-19 13:47:00-04:00,107.77,107.77,107.61,107.66,5319.0,107.694
2026-05-19 13:48:00-04:00,107.66,107.77,107.61,107.77,3773.0,107.717
2026-05-19 13:49:00-04:00,107.74,107.83,107.67,107.83,3440.0,107.754
2026-05-19 13:50:00-04:00,107.78,107.84,107.64,107.68,4400.0,107.686
2026-05-19 13:51:00-04:00,107.71,107.73,107.6,107.66,11012.0,107.68
2026-05-19 13:52:00-04:00,107.66,107.69,107.56,107.69,4336.0,107.643
2026-05-19 13:53:00-04:00,107.67,107.76,107.65,107.71,6777.0,107.704
2026-05-19 13:54:00-04:00,107.69,107.8,107.55,107.78,9186.0,107.671
2026-05-19 13:55:00-04:00,107.82,107.89,107.75,107.89,6833.0,107.815
2026-05-19 13:56:00-04:00,107.92,108.0,107.92,107.99,3249.0,107.955
2026-05-19 13:57:00-04:00,107.99,108.07,107.98,108.02,2476.0,108.021
2026-05-19 13:58:00-04:00,107.99,108.08,107.98,108.08,7627.0,108.043
2026-05-19 13:59:00-04:00,108.08,108.19,108.02,108.05,6841.0,108.118
2026-05-19 14:00:00-04:00,108.06,108.13,108.02,108.02,6089.0,108.077
2026-05-19 14:01:00-04:00,108.11,108.18,108.11,108.12,2593.0,108.137
2026-05-19 14:02:00-04:00,108.07,108.18,108.06,108.12,4583.0,108.141
2026-05-19 14:03:00-04:00,108.07,108.12,108.06,108.12,1000.0,108.098
2026-05-19 14:04:00-04:00,108.07,108.12,107.85,107.94,6211.0,108.034
2026-05-19 14:05:00-04:00,107.94,108.01,107.85,107.97,7278.0,107.947
2026-05-19 14:06:00-04:00,107.98,107.98,107.73,107.75,11165.0,107.812
2026-05-19 14:07:00-04:00,107.72,107.87,107.72,107.78,2356.0,107.791
2026-05-19 14:08:00-04:00,107.78,107.78,107.58,107.58,4107.0,107.721
2026-05-19 14:09:00-04:00,107.64,107.64,107.53,107.53,4661.0,107.612
2026-05-19 14:10:00-04:00,107.58,107.63,107.49,107.49,1616.0,107.582
2026-05-19 14:11:00-04:00,107.5,107.61,107.45,107.49,6054.0,107.547
2026-05-19 14:12:00-04:00,107.54,107.57,107.5,107.54,4576.0,107.54
2026-05-19 14:13:00-04:00,107.54,107.69,107.5,107.63,11590.0,107.6
2026-05-19 14:14:00-04:00,107.65,107.76,107.64,107.67,4311.0,107.702
2026-05-19 14:15:00-04:00,107.64,107.64,107.43,107.43,10662.0,107.469
2026-05-19 14:16:00-04:00,107.4,107.42,107.18,107.18,6697.0,107.293
2026-05-19 14:17:00-04:00,107.15,107.29,107.14,107.29,5912.0,107.239
2026-05-19 14:18:00-04:00,107.23,107.23,107.07,107.07,2250.0,107.155
2026-05-19 14:19:00-04:00,107.08,107.17,107.07,107.16,3680.0,107.136
2026-05-19 14:20:00-04:00,107.1,107.1,106.99,107.06,1866.0,107.055
2026-05-19 14:21:00-04:00,107.05,107.07,106.96,107.04,6786.0,107.014
2026-05-19 14:22:00-04:00,106.97,106.98,106.77,106.98,9492.0,106.882
2026-05-19 14:23:00-04:00,107.0,107.0,106.84,106.89,3349.0,106.896
2026-05-19 14:24:00-04:00,106.87,106.87,106.76,106.83,2654.0,106.804
2026-05-19 14:25:00-04:00,106.82,106.92,106.78,106.92,7054.0,106.858
2026-05-19 14:26:00-04:00,106.95,107.15,106.95,107.1,4187.0,107.008
2026-05-19 14:27:00-04:00,107.14,107.17,107.05,107.11,7942.0,107.132
2026-05-19 14:28:00-04:00,107.03,107.04,106.93,106.97,7355.0,106.987
2026-05-19 14:29:00-04:00,106.96,107.01,106.89,106.89,4658.0,106.974
2026-05-19 14:30:00-04:00,106.89,107.02,106.86,106.96,5621.0,106.936
2026-05-19 14:31:00-04:00,106.94,106.94,106.85,106.94,5947.0,106.899
2026-05-19 14:32:00-04:00,106.91,106.94,106.87,106.91,3262.0,106.922
2026-05-19 14:33:00-04:00,106.91,107.2,106.86,107.18,7869.0,107.077
2026-05-19 14:34:00-04:00,107.15,107.15,107.06,107.11,3835.0,107.123
2026-05-19 14:35:00-04:00,107.07,107.14,107.0,107.08,5593.0,107.08
2026-05-19 14:36:00-04:00,107.13,107.14,107.04,107.11,900.0,107.085
2026-05-19 14:37:00-04:00,107.05,107.12,107.0,107.04,2374.0,107.06
2026-05-19 14:38:00-04:00,107.08,107.11,107.02,107.04,1763.0,107.056
2026-05-19 14:39:00-04:00,107.01,107.05,106.96,107.0,7756.0,107.009
2026-05-19 14:40:00-04:00,106.99,107.04,106.82,107.0,6463.0,106.948
2026-05-19 14:41:00-04:00,106.99,107.12,106.96,107.11,8555.0,107.059
2026-05-19 14:42:00-04:00,107.11,107.11,106.99,106.99,1400.0,107.033
2026-05-19 14:43:00-04:00,106.98,107.01,106.86,106.87,6988.0,106.951
2026-05-19 14:44:00-04:00,106.91,107.05,106.91,107.0,8439.0,106.989
2026-05-19 14:45:00-04:00,107.0,107.02,106.81,106.82,5240.0,106.891
2026-05-19 14:46:00-04:00,106.81,106.93,106.8,106.93,3883.0,106.856
2026-05-19 14:47:00-04:00,106.89,106.95,106.87,106.92,2590.0,106.92
2026-05-19 14:48:00-04:00,106.86,106.89,106.82,106.86,4364.0,106.856
2026-05-19 14:49:00-04:00,106.89,107.03,106.82,107.03,13255.0,106.907
2026-05-19 14:50:00-04:00,107.02,107.08,106.94,107.07,4991.0,107.021
2026-05-19 14:51:00-04:00,107.09,107.2,107.05,107.17,3045.0,107.107
2026-05-19 14:52:00-04:00,107.2,107.2,107.11,107.11,863.0,107.152
2026-05-19 14:53:00-04:00,107.12,107.17,107.02,107.02,2039.0,107.073
2026-05-19 14:54:00-04:00,107.06,107.06,106.85,106.85,2594.0,106.954
2026-05-19 14:55:00-04:00,106.85,106.85,106.68,106.71,6000.0,106.753
2026-05-19 14:56:00-04:00,106.76,106.77,106.68,106.71,1363.0,106.71
2026-05-19 14:57:00-04:00,106.72,106.72,106.41,106.46,7446.0,106.515
2026-05-19 14:58:00-04:00,106.42,106.62,106.41,106.62,111396.0,106.472
2026-05-19 14:59:00-04:00,106.59,106.87,106.58,106.87,7640.0,106.695
2026-05-19 15:00:00-04:00,106.9,107.02,106.89,107.0,14523.0,106.955
2026-05-19 15:01:00-04:00,107.05,107.11,106.96,107.06,39055.0,107.053
2026-05-19 15:02:00-04:00,107.01,107.01,106.88,106.88,1371.0,106.958
2026-05-19 15:03:00-04:00,106.9,106.96,106.84,106.95,11724.0,106.905
2026-05-19 15:04:00-04:00,106.87,107.02,106.86,107.0,4819.0,106.977
2026-05-19 15:05:00-04:00,106.97,107.16,106.97,107.16,33223.0,107.034
2026-05-19 15:06:00-04:00,107.1,107.12,107.03,107.08,2128.0,107.083
2026-05-19 15:07:00-04:00,107.04,107.19,107.0,107.17,16122.0,107.067
2026-05-19 15:08:00-04:00,107.15,107.37,107.15,107.37,3962.0,107.259
2026-05-19 15:09:00-04:00,107.31,107.43,107.3,107.38,12945.0,107.366
2026-05-19 15:10:00-04:00,107.45,107.78,107.43,107.73,12723.0,107.566
2026-05-19 15:11:00-04:00,107.78,107.94,107.78,107.86,7481.0,107.868
2026-05-19 15:12:00-04:00,107.8,107.8,107.62,107.69,6091.0,107.663
2026-05-19 15:13:00-04:00,107.71,107.84,107.67,107.79,7780.0,107.765
2026-05-19 15:14:00-04:00,107.83,107.88,107.82,107.85,5416.0,107.848
2026-05-19 15:15:00-04:00,107.8,107.86,107.72,107.72,5743.0,107.817
2026-05-19 15:16:00-04:00,107.69,107.75,107.59,107.62,6545.0,107.657
2026-05-19 15:17:00-04:00,107.6,107.64,107.46,107.48,13046.0,107.547
2026-05-19 15:18:00-04:00,107.47,107.48,107.29,107.31,1751.0,107.367
2026-05-19 15:19:00-04:00,107.36,107.36,107.15,107.15,3050.0,107.272
2026-05-19 15:20:00-04:00,107.13,107.24,107.12,107.15,3381.0,107.201
2026-05-19 15:21:00-04:00,107.15,107.45,107.1,107.34,7131.0,107.29
2026-05-19 15:22:00-04:00,107.31,107.37,107.05,107.05,14993.0,107.296
2026-05-19 15:23:00-04:00,107.08,107.08,106.86,106.98,6345.0,106.959
2026-05-19 15:24:00-04:00,106.95,107.0,106.81,106.86,7057.0,106.94
2026-05-19 15:25:00-04:00,106.8,107.17,106.8,107.17,9254.0,106.95
2026-05-19 15:26:00-04:00,107.13,107.25,107.07,107.23,2725.0,107.15
2026-05-19 15:27:00-04:00,107.28,107.4,107.24,107.31,6056.0,107.329
2026-05-19 15:28:00-04:00,107.29,107.39,107.29,107.31,7077.0,107.36
2026-05-19 15:29:00-04:00,107.37,107.5,107.31,107.48,7167.0,107.446
2026-05-19 15:30:00-04:00,107.49,107.6,107.4,107.45,17828.0,107.481
2026-05-19 15:31:00-04:00,107.46,107.59,107.38,107.55,12832.0,107.477
2026-05-19 15:32:00-04:00,107.6,107.64,107.46,107.64,6722.0,107.551
2026-05-19 15:33:00-04:00,107.65,107.66,107.51,107.52,6746.0,107.608
2026-05-19 15:34:00-04:00,107.56,107.56,107.47,107.49,3770.0,107.516
2026-05-19 15:35:00-04:00,107.54,107.58,107.4,107.41,13175.0,107.516
2026-05-19 15:36:00-04:00,107.41,107.48,107.11,107.16,7377.0,107.319
2026-05-19 15:37:00-04:00,107.14,107.14,107.01,107.08,5730.0,107.084
2026-05-19 15:38:00-04:00,107.05,107.18,107.01,107.15,6554.0,107.088
2026-05-19 15:39:00-04:00,107.2,107.22,107.12,107.2,20390.0,107.179
2026-05-19 15:40:00-04:00,107.22,107.22,106.99,107.08,18621.0,107.082
2026-05-19 15:41:00-04:00,107.11,107.17,106.99,107.14,11839.0,107.086
2026-05-19 15:42:00-04:00,107.07,107.21,107.06,107.13,3510.0,107.156
2026-05-19 15:43:00-04:00,107.09,107.14,107.0,107.02,9525.0,107.08
2026-05-19 15:44:00-04:00,107.0,107.05,106.85,106.96,12735.0,106.965
2026-05-19 15:45:00-04:00,106.93,107.08,106.7,106.72,13831.0,106.927
2026-05-19 15:46:00-04:00,106.75,106.77,106.53,106.69,10383.0,106.644
2026-05-19 15:47:00-04:00,106.7,106.7,106.54,106.57,4294.0,106.61
2026-05-19 15:48:00-04:00,106.53,106.56,106.41,106.43,11301.0,106.498
2026-05-19 15:49:00-04:00,106.49,106.6,106.43,106.43,9006.0,106.5
2026-05-19 15:50:00-04:00,106.39,106.52,106.26,106.52,24301.0,106.422
2026-05-19 15:51:00-04:00,106.51,106.51,106.2,106.23,25815.0,106.331
2026-05-19 15:52:00-04:00,106.25,106.42,106.19,106.39,38651.0,106.326
2026-05-19 15:53:00-04:00,106.4,106.53,106.24,106.27,17581.0,106.372
2026-05-19 15:54:00-04:00,106.25,106.25,106.04,106.09,35482.0,106.125
2026-05-19 15:55:00-04:00,106.09,106.15,105.91,106.1,59712.0,106.073
2026-05-19 15:56:00-04:00,106.1,106.13,105.91,105.93,66935.0,106.047
2026-05-19 15:57:00-04:00,105.93,106.04,105.84,105.99,122267.0,105.926
2026-05-19 15:58:00-04:00,105.99,105.99,105.81,105.89,104982.0,105.897
2026-05-19 15:59:00-04:00,105.88,106.12,105.86,106.04,209925.0,106.012
2026-05-20 09:30:00-04:00,108.04,108.09,107.0,107.38,77388.0,107.99
2026-05-20 09:31:00-04:00,107.11,107.73,107.0,107.4,10034.0,107.382
2026-05-20 09:32:00-04:00,107.34,107.98,107.34,107.91,5425.0,107.807
2026-05-20 09:33:00-04:00,107.97,108.3,107.77,107.94,9506.0,108.047
2026-05-20 09:34:00-04:00,108.09,108.18,107.87,107.9,3276.0,107.987
2026-05-20 09:35:00-04:00,107.84,107.94,107.69,107.83,5365.0,107.803
2026-05-20 09:36:00-04:00,107.6,107.74,107.46,107.73,5538.0,107.596
2026-05-20 09:37:00-04:00,107.87,108.29,107.8,108.21,5849.0,108.032
2026-05-20 09:38:00-04:00,108.14,108.27,107.73,107.85,5185.0,107.978
2026-05-20 09:39:00-04:00,107.88,108.31,107.71,108.29,9833.0,108.048
2026-05-20 09:40:00-04:00,108.12,108.64,108.09,108.64,10670.0,108.357
2026-05-20 09:41:00-04:00,108.67,108.85,108.37,108.55,19645.0,108.564
2026-05-20 09:42:00-04:00,108.46,108.99,108.44,108.95,11766.0,108.835
2026-05-20 09:43:00-04:00,108.93,108.99,108.63,108.94,9434.0,108.807
2026-05-20 09:44:00-04:00,108.93,109.56,108.93,109.41,25485.0,109.295
2026-05-20 09:45:00-04:00,109.39,109.79,109.35,109.42,12632.0,109.623
2026-05-20 09:46:00-04:00,109.45,109.6,109.34,109.43,5435.0,109.444
2026-05-20 09:47:00-04:00,109.49,109.56,109.16,109.49,8178.0,109.325
2026-05-20 09:48:00-04:00,109.46,109.69,109.4,109.45,6417.0,109.524
2026-05-20 09:49:00-04:00,109.34,109.35,108.71,109.1,14209.0,108.987
2026-05-20 09:50:00-04:00,109.02,109.02,108.79,108.8,6239.0,108.934
2026-05-20 09:51:00-04:00,108.8,108.8,108.5,108.5,6027.0,108.635
2026-05-20 09:52:00-04:00,108.46,108.63,108.46,108.63,1966.0,108.544
2026-05-20 09:53:00-04:00,108.73,108.81,108.6,108.6,7446.0,108.727
2026-05-20 09:54:00-04:00,108.62,108.75,108.24,108.34,9822.0,108.472
2026-05-20 09:55:00-04:00,108.29,108.43,108.21,108.32,6908.0,108.331
2026-05-20 09:56:00-04:00,108.34,108.54,108.34,108.49,1963.0,108.42
2026-05-20 09:57:00-04:00,108.6,108.88,108.6,108.73,8031.0,108.758
2026-05-20 09:58:00-04:00,108.67,108.67,108.43,108.52,8867.0,108.539
2026-05-20 09:59:00-04:00,108.52,108.65,108.49,108.65,6116.0,108.534
2026-05-20 10:00:00-04:00,108.57,108.87,108.47,108.47,7033.0,108.648
2026-05-20 10:01:00-04:00,108.59,108.62,108.4,108.49,4715.0,108.497
2026-05-20 10:02:00-04:00,108.5,108.5,108.2,108.23,5989.0,108.291
2026-05-20 10:03:00-04:00,108.24,108.56,108.21,108.5,5879.0,108.394
2026-05-20 10:04:00-04:00,108.53,108.53,108.33,108.39,4650.0,108.422
2026-05-20 10:05:00-04:00,108.39,108.51,108.36,108.48,6764.0,108.471
2026-05-20 10:06:00-04:00,108.48,108.6,108.34,108.56,5607.0,108.465
2026-05-20 10:07:00-04:00,108.61,108.61,108.42,108.51,6604.0,108.536
2026-05-20 10:08:00-04:00,108.59,108.65,108.5,108.59,7674.0,108.582
2026-05-20 10:09:00-04:00,108.61,108.63,108.43,108.45,3555.0,108.513
2026-05-20 10:10:00-04:00,108.59,108.71,108.45,108.45,2102.0,108.615
2026-05-20 10:11:00-04:00,108.46,108.52,108.27,108.44,4723.0,108.395
2026-05-20 10:12:00-04:00,108.4,108.42,108.08,108.18,3794.0,108.243
2026-05-20 10:13:00-04:00,108.0,108.1,107.89,108.1,4574.0,108.026
2026-05-20 10:14:00-04:00,108.09,108.89,108.09,108.62,9179.0,108.599
2026-05-20 10:15:00-04:00,108.59,108.74,108.35,108.74,12421.0,108.523
2026-05-20 10:16:00-04:00,108.78,109.32,108.67,109.32,26383.0,108.98
2026-05-20 10:17:00-04:00,109.45,109.46,109.0,109.27,30136.0,109.256
2026-05-20 10:18:00-04:00,109.35,109.62,109.33,109.49,14593.0,109.461
2026-05-20 10:19:00-04:00,109.59,109.64,109.43,109.44,8483.0,109.538
2026-05-20 10:20:00-04:00,109.5,110.05,109.47,110.01,9552.0,109.753
2026-05-20 10:21:00-04:00,110.12,110.45,109.98,110.2,9867.0,110.235
2026-05-20 10:22:00-04:00,110.15,110.25,109.87,109.95,9143.0,110.023
2026-05-20 10:23:00-04:00,109.91,110.07,109.87,109.95,4817.0,109.962
2026-05-20 10:24:00-04:00,109.93,109.94,109.51,109.55,6919.0,109.787
2026-05-20 10:25:00-04:00,109.52,109.68,109.44,109.67,6347.0,109.552
2026-05-20 10:26:00-04:00,109.67,109.97,109.67,109.88,3244.0,109.758
2026-05-20 10:27:00-04:00,109.87,109.94,109.76,109.76,4680.0,109.854
2026-05-20 10:28:00-04:00,109.76,109.78,109.59,109.77,4120.0,109.695
2026-05-20 10:29:00-04:00,109.85,109.88,109.68,109.68,2213.0,109.79
2026-05-20 10:30:00-04:00,109.87,109.94,109.73,109.78,14691.0,109.845
2026-05-20 10:31:00-04:00,109.77,109.94,109.65,109.82,19612.0,109.799
2026-05-20 10:32:00-04:00,109.89,109.9,109.31,109.31,7200.0,109.552
2026-05-20 10:33:00-04:00,109.44,109.5,109.33,109.39,12312.0,109.413
2026-05-20 10:34:00-04:00,109.33,109.5,109.3,109.36,6420.0,109.39
2026-05-20 10:35:00-04:00,109.31,109.4,109.25,109.32,7356.0,109.334
2026-05-20 10:36:00-04:00,109.38,109.64,109.38,109.6,9438.0,109.481
2026-05-20 10:37:00-04:00,109.6,109.63,109.29,109.3,23007.0,109.51
2026-05-20 10:38:00-04:00,109.36,109.39,109.0,109.0,10743.0,109.234
2026-05-20 10:39:00-04:00,109.05,109.3,108.95,109.16,12342.0,109.133
2026-05-20 10:40:00-04:00,109.15,109.29,109.12,109.29,3269.0,109.222
2026-05-20 10:41:00-04:00,109.33,109.39,109.28,109.28,4677.0,109.308
2026-05-20 10:42:00-04:00,109.32,109.43,109.25,109.43,9138.0,109.317
2026-05-20 10:43:00-04:00,109.46,109.52,109.41,109.49,15794.0,109.47
2026-05-20 10:44:00-04:00,109.49,109.61,109.43,109.61,8799.0,109.516
2026-05-20 10:45:00-04:00,109.67,109.67,109.52,109.52,4263.0,109.6
2026-05-20 10:46:00-04:00,109.61,109.62,109.46,109.51,2605.0,109.522
2026-05-20 10:47:00-04:00,109.51,109.51,109.26,109.34,5447.0,109.407
2026-05-20 10:48:00-04:00,109.38,109.95,109.35,109.86,16237.0,109.811
2026-05-20 10:49:00-04:00,109.9,109.9,109.66,109.71,4154.0,109.74
2026-05-20 10:50:00-04:00,109.71,109.9,109.65,109.67,3598.0,109.722
2026-05-20 10:51:00-04:00,109.66,109.79,109.65,109.7,2150.0,109.734
2026-05-20 10:52:00-04:00,109.7,109.78,109.67,109.76,3102.0,109.731
2026-05-20 10:53:00-04:00,109.75,109.84,109.74,109.82,5503.0,109.787
2026-05-20 10:54:00-04:00,109.81,109.82,109.72,109.79,4275.0,109.767
2026-05-20 10:55:00-04:00,109.79,109.79,109.7,109.72,3500.0,109.731
2026-05-20 10:56:00-04:00,109.73,109.83,109.68,109.74,7829.0,109.781
2026-05-20 10:57:00-04:00,109.75,109.76,109.53,109.53,6024.0,109.644
2026-05-20 10:58:00-04:00,109.57,109.63,109.5,109.54,3914.0,109.543
2026-05-20 10:59:00-04:00,109.57,109.62,109.47,109.51,7735.0,109.531
2026-05-20 11:00:00-04:00,109.51,109.56,109.37,109.49,8097.0,109.483
2026-05-20 11:01:00-04:00,109.47,109.57,109.46,109.5,4285.0,109.504
2026-05-20 11:02:00-04:00,109.45,109.48,109.31,109.37,3684.0,109.39
2026-05-20 11:03:00-04:00,109.38,109.39,109.26,109.28,3391.0,109.311
2026-05-20 11:04:00-04:00,109.31,109.49,109.28,109.49,5762.0,109.387
2026-05-20 11:05:00-04:00,109.49,109.59,109.48,109.59,6049.0,109.553
2026-05-20 11:06:00-04:00,109.64,109.77,109.64,109.77,2862.0,109.703
2026-05-20 11:07:00-04:00,109.74,109.92,109.65,109.66,9541.0,109.805
2026-05-20 11:08:00-04:00,109.66,109.78,109.63,109.73,5920.0,109.701
2026-05-20 11:09:00-04:00,109.72,109.72,109.69,109.72,2058.0,109.709
2026-05-20 11:10:00-04:00,109.74,109.77,109.65,109.65,4385.0,109.688
2026-05-20 11:11:00-04:00,109.69,109.72,109.66,109.67,2247.0,109.687
2026-05-20 11:12:00-04:00,109.67,109.74,109.6,109.64,6046.0,109.65
2026-05-20 11:13:00-04:00,109.64,109.65,109.55,109.63,9365.0,109.615
2026-05-20 11:14:00-04:00,109.61,109.7,109.57,109.66,6840.0,109.628
2026-05-20 11:15:00-04:00,109.66,110.1,109.66,109.98,44420.0,109.961
2026-05-20 11:16:00-04:00,109.99,110.39,109.97,110.3,27939.0,110.21
2026-05-20 11:17:00-04:00,110.28,110.32,109.97,110.03,13971.0,110.174
2026-05-20 11:18:00-04:00,110.03,110.29,109.84,110.29,13815.0,110.021
2026-05-20 11:19:00-04:00,110.31,110.52,110.28,110.42,9199.0,110.405
2026-05-20 11:20:00-04:00,110.45,110.5,110.3,110.41,8010.0,110.376
2026-05-20 11:21:00-04:00,110.3,110.44,110.24,110.33,10837.0,110.353
2026-05-20 11:22:00-04:00,110.34,110.44,110.28,110.3,5980.0,110.358
2026-05-20 11:23:00-04:00,110.26,110.45,110.22,110.22,13081.0,110.327
2026-05-20 11:24:00-04:00,110.2,110.22,109.85,109.93,14028.0,110.03
2026-05-20 11:25:00-04:00,109.93,110.11,109.87,110.01,8563.0,110.006
2026-05-20 11:26:00-04:00,110.01,110.05,109.85,109.89,6647.0,109.933
2026-05-20 11:27:00-04:00,109.87,109.87,109.66,109.7,6652.0,109.723
2026-05-20 11:28:00-04:00,109.7,109.75,109.47,109.7,13415.0,109.621
2026-05-20 11:29:00-04:00,109.76,110.05,109.72,109.95,16244.0,109.847
2026-05-20 11:30:00-04:00,109.9,109.92,109.81,109.81,6063.0,109.853
2026-05-20 11:31:00-04:00,109.76,109.78,109.72,109.73,5744.0,109.752
2026-05-20 11:32:00-04:00,109.75,109.9,109.75,109.89,3176.0,109.819
2026-05-20 11:33:00-04:00,109.92,110.0,109.85,109.91,6318.0,109.91
2026-05-20 11:34:00-04:00,109.93,109.93,109.85,109.9,3773.0,109.88
2026-05-20 11:35:00-04:00,109.89,109.92,109.81,109.91,3481.0,109.858
2026-05-20 11:36:00-04:00,109.91,109.92,109.8,109.85,7473.0,109.853
2026-05-20 11:37:00-04:00,109.91,109.92,109.83,109.83,4837.0,109.874
2026-05-20 11:38:00-04:00,109.84,109.89,109.78,109.84,4098.0,109.821
2026-05-20 11:39:00-04:00,109.84,109.9,109.84,109.9,2827.0,109.86
2026-05-20 11:40:00-04:00,109.87,109.92,109.78,109.8,7185.0,109.828
2026-05-20 11:41:00-04:00,109.8,109.86,109.8,109.84,2180.0,109.837
2026-05-20 11:42:00-04:00,109.88,109.96,109.88,109.95,1733.0,109.925
2026-05-20 11:43:00-04:00,109.95,109.99,109.89,109.94,7648.0,109.932
2026-05-20 11:44:00-04:00,109.95,109.96,109.87,109.96,2460.0,109.899
2026-05-20 11:45:00-04:00,109.96,110.04,109.92,109.96,4820.0,109.993
2026-05-20 11:46:00-04:00,110.0,110.14,110.0,110.14,2400.0,110.066
2026-05-20 11:47:00-04:00,110.14,110.21,110.11,110.13,5535.0,110.154
2026-05-20 11:48:00-04:00,110.12,110.26,110.1,110.26,4480.0,110.153
2026-05-20 11:49:00-04:00,110.25,110.28,110.2,110.28,1739.0,110.237
2026-05-20 11:50:00-04:00,110.33,110.35,110.26,110.3,4391.0,110.314
2026-05-20 11:51:00-04:00,110.3,110.4,110.3,110.4,2811.0,110.353
2026-05-20 11:52:00-04:00,110.38,110.47,110.34,110.47,7265.0,110.408
2026-05-20 11:53:00-04:00,110.51,110.58,110.46,110.52,10039.0,110.525
2026-05-20 11:54:00-04:00,110.48,110.8,110.48,110.78,6795.0,110.673
2026-05-20 11:55:00-04:00,110.79,110.8,110.71,110.72,14916.0,110.757
2026-05-20 11:56:00-04:00,110.7,110.76,110.67,110.7,4017.0,110.713
2026-05-20 11:57:00-04:00,110.7,110.76,110.57,110.75,31661.0,110.68
2026-05-20 11:58:00-04:00,110.72,110.76,110.67,110.67,5671.0,110.729
2026-05-20 11:59:00-04:00,110.66,110.72,110.58,110.71,8493.0,110.663
2026-05-20 12:00:00-04:00,110.6,110.64,110.44,110.46,6644.0,110.525
2026-05-20 12:01:00-04:00,110.46,110.51,110.37,110.37,4122.0,110.446
2026-05-20 12:02:00-04:00,110.39,110.46,110.35,110.41,2558.0,110.4
2026-05-20 12:03:00-04:00,110.37,110.37,110.29,110.37,4646.0,110.336
2026-05-20 12:04:00-04:00,110.33,110.45,110.3,110.43,3446.0,110.399
2026-05-20 12:05:00-04:00,110.45,110.58,110.45,110.5,3701.0,110.532
2026-05-20 12:06:00-04:00,110.48,110.57,110.46,110.57,3229.0,110.507
2026-05-20 12:07:00-04:00,110.56,110.57,110.56,110.56,750.0,110.561
2026-05-20 12:08:00-04:00,110.56,110.58,110.47,110.49,9068.0,110.512
2026-05-20 12:09:00-04:00,110.46,110.53,110.4,110.49,23826.0,110.407
2026-05-20 12:10:00-04:00,110.55,110.55,110.51,110.55,1260.0,110.535
2026-05-20 12:11:00-04:00,110.55,110.57,110.45,110.54,8055.0,110.506
2026-05-20 12:12:00-04:00,110.53,110.58,110.52,110.58,3686.0,110.545
2026-05-20 12:13:00-04:00,110.58,110.64,110.57,110.59,3289.0,110.596
2026-05-20 12:14:00-04:00,110.55,110.56,110.34,110.34,9831.0,110.456
2026-05-20 12:15:00-04:00,110.35,110.42,110.23,110.24,8996.0,110.318
2026-05-20 12:16:00-04:00,110.24,110.29,110.12,110.29,10375.0,110.191
2026-05-20 12:17:00-04:00,110.3,110.3,110.16,110.24,10358.0,110.229
2026-05-20 12:18:00-04:00,110.23,110.24,110.15,110.15,3100.0,110.21
2026-05-20 12:19:00-04:00,110.14,110.14,109.86,110.02,11007.0,110.02
2026-05-20 12:20:00-04:00,110.02,110.15,110.0,110.05,6230.0,110.048
2026-05-20 12:21:00-04:00,110.05,110.07,109.95,110.0,6653.0,110.01
2026-05-20 12:22:00-04:00,109.99,110.04,109.89,109.89,23259.0,109.983
2026-05-20 12:23:00-04:00,109.89,110.03,109.86,110.0,3375.0,109.918
2026-05-20 12:24:00-04:00,110.0,110.01,109.86,109.96,11628.0,109.925
2026-05-20 12:25:00-04:00,109.88,109.93,109.68,109.83,16704.0,109.845
2026-05-20 12:26:00-04:00,109.88,109.89,109.75,109.8,3427.0,109.84
2026-05-20 12:27:00-04:00,109.8,109.93,109.75,109.91,7275.0,109.862
2026-05-20 12:28:00-04:00,109.88,109.91,109.74,109.8,10336.0,109.846
2026-05-20 12:29:00-04:00,109.84,110.1,109.84,110.08,6279.0,109.96
2026-05-20 12:30:00-04:00,110.15,110.21,110.04,110.19,1914.0,110.14
2026-05-20 12:31:00-04:00,110.25,110.37,110.21,110.34,3023.0,110.259
2026-05-20 12:32:00-04:00,110.41,110.52,110.35,110.46,15625.0,110.405
2026-05-20 12:33:00-04:00,110.45,110.46,110.2,110.24,14466.0,110.288
2026-05-20 12:34:00-04:00,110.24,110.34,110.2,110.31,7872.0,110.271
2026-05-20 12:35:00-04:00,110.31,110.32,110.27,110.3,775.0,110.304
2026-05-20 12:36:00-04:00,110.3,110.44,110.3,110.36,2758.0,110.363
2026-05-20 12:37:00-04:00,110.34,110.35,110.2,110.2,4617.0,110.274
2026-05-20 12:38:00-04:00,110.2,110.31,110.15,110.31,8539.0,110.244
2026-05-20 12:39:00-04:00,110.27,110.27,109.86,109.93,12973.0,110.042
2026-05-20 12:40:00-04:00,109.94,109.99,109.88,109.93,5119.0,109.933
2026-05-20 12:41:00-04:00,109.98,110.13,109.94,110.13,4528.0,110.032
2026-05-20 12:42:00-04:00,110.17,110.22,110.14,110.18,6239.0,110.174
2026-05-20 12:43:00-04:00,110.23,110.35,110.21,110.35,3991.0,110.284
2026-05-20 12:44:00-04:00,110.35,110.38,110.27,110.38,2445.0,110.326
2026-05-20 12:45:00-04:00,110.39,110.39,110.27,110.32,4241.0,110.334
2026-05-20 12:46:00-04:00,110.32,110.38,110.27,110.35,4680.0,110.318
2026-05-20 12:47:00-04:00,110.3,110.34,110.23,110.3,7483.0,110.271
2026-05-20 12:48:00-04:00,110.3,110.37,110.24,110.24,12186.0,110.299
2026-05-20 12:49:00-04:00,110.3,110.55,110.25,110.54,4138.0,110.381
2026-05-20 12:50:00-04:00,110.53,110.56,110.4,110.49,7908.0,110.436
2026-05-20 12:51:00-04:00,110.52,110.52,110.4,110.4,1260.0,110.437
2026-05-20 12:52:00-04:00,110.42,110.43,110.29,110.42,4474.0,110.365
2026-05-20 12:53:00-04:00,110.39,110.41,110.39,110.41,327.0,110.398
2026-05-20 12:54:00-04:00,110.45,110.59,110.43,110.58,14432.0,110.526
2026-05-20 12:55:00-04:00,110.59,110.64,110.5,110.61,6741.0,110.595
2026-05-20 12:56:00-04:00,110.57,110.62,110.47,110.53,10478.0,110.565
2026-05-20 12:57:00-04:00,110.52,110.53,110.3,110.3,13182.0,110.419
2026-05-20 12:58:00-04:00,110.3,110.45,110.3,110.41,2867.0,110.412
2026-05-20 12:59:00-04:00,110.46,110.54,110.4,110.45,14893.0,110.476
2026-05-20 13:00:00-04:00,110.49,110.51,110.33,110.36,9617.0,110.424
2026-05-20 13:01:00-04:00,110.41,110.42,110.32,110.39,1345.0,110.396
2026-05-20 13:02:00-04:00,110.38,110.46,110.34,110.35,3288.0,110.4
2026-05-20 13:03:00-04:00,110.35,110.44,110.35,110.43,1387.0,110.404
2026-05-20 13:04:00-04:00,110.47,110.5,110.4,110.43,2042.0,110.447
2026-05-20 13:05:00-04:00,110.41,110.47,110.34,110.34,3118.0,110.396
2026-05-20 13:06:00-04:00,110.36,110.4,110.33,110.33,1154.0,110.371
2026-05-20 13:07:00-04:00,110.35,110.38,110.31,110.33,3410.0,110.343
2026-05-20 13:08:00-04:00,110.33,110.35,110.29,110.32,1840.0,110.315
2026-05-20 13:09:00-04:00,110.33,110.33,110.2,110.24,4703.0,110.262
2026-05-20 13:10:00-04:00,110.27,110.29,110.19,110.29,7901.0,110.24
2026-05-20 13:11:00-04:00,110.3,110.3,110.25,110.27,1916.0,110.287
2026-05-20 13:12:00-04:00,110.27,110.37,110.25,110.35,17243.0,110.297
2026-05-20 13:13:00-04:00,110.36,110.64,110.34,110.43,17545.0,110.439
2026-05-20 13:14:00-04:00,110.45,110.53,110.4,110.47,4898.0,110.45
2026-05-20 13:15:00-04:00,110.48,110.54,110.48,110.48,6262.0,110.525
2026-05-20 13:16:00-04:00,110.55,110.64,110.34,110.34,14460.0,110.523
2026-05-20 13:17:00-04:00,110.37,110.38,110.27,110.34,7968.0,110.341
2026-05-20 13:18:00-04:00,110.36,110.41,110.3,110.38,1985.0,110.368
2026-05-20 13:19:00-04:00,110.34,110.37,110.32,110.36,889.0,110.345
2026-05-20 13:20:00-04:00,110.36,110.44,110.36,110.42,4024.0,110.419
2026-05-20 13:21:00-04:00,110.45,110.5,110.4,110.44,3009.0,110.447
2026-05-20 13:22:00-04:00,110.42,110.48,110.42,110.45,1089.0,110.462
2026-05-20 13:23:00-04:00,110.46,110.46,110.41,110.44,1259.0,110.447
2026-05-20 13:24:00-04:00,110.42,110.44,110.31,110.36,5096.0,110.366
2026-05-20 13:25:00-04:00,110.39,110.39,110.35,110.37,602.0,110.38
2026-05-20 13:26:00-04:00,110.32,110.42,110.32,110.41,5586.0,110.352
2026-05-20 13:27:00-04:00,110.43,110.49,110.43,110.49,900.0,110.46
2026-05-20 13:28:00-04:00,110.55,110.63,110.53,110.6,2300.0,110.562
2026-05-20 13:29:00-04:00,110.56,110.72,110.54,110.67,3447.0,110.652
2026-05-20 13:30:00-04:00,110.72,110.72,110.51,110.51,2489.0,110.595
2026-05-20 13:31:00-04:00,110.54,110.54,110.42,110.44,3033.0,110.479
2026-05-20 13:32:00-04:00,110.41,110.41,110.29,110.29,4840.0,110.336
2026-05-20 13:33:00-04:00,110.34,110.34,110.23,110.25,1525.0,110.275
2026-05-20 13:34:00-04:00,110.28,110.29,110.17,110.17,1156.0,110.208
2026-05-20 13:35:00-04:00,110.14,110.18,110.1,110.13,2835.0,110.131
2026-05-20 13:36:00-04:00,110.16,110.29,110.11,110.2,4499.0,110.208
2026-05-20 13:37:00-04:00,110.19,110.27,110.19,110.27,2161.0,110.224
2026-05-20 13:38:00-04:00,110.31,110.36,110.2,110.35,2969.0,110.3
2026-05-20 13:39:00-04:00,110.36,110.41,110.36,110.37,2300.0,110.383
2026-05-20 13:40:00-04:00,110.34,110.36,110.04,110.11,10199.0,110.225
2026-05-20 13:41:00-04:00,110.06,110.09,110.0,110.03,16354.0,110.03
2026-05-20 13:42:00-04:00,110.03,110.23,110.03,110.11,13907.0,110.111
2026-05-20 13:43:00-04:00,110.16,110.17,110.05,110.11,12480.0,110.063
2026-05-20 13:44:00-04:00,110.16,110.16,110.09,110.1,3738.0,110.098
2026-05-20 13:45:00-04:00,110.09,110.2,110.09,110.2,1020.0,110.16
2026-05-20 13:46:00-04:00,110.22,110.26,110.19,110.22,3052.0,110.218
2026-05-20 13:47:00-04:00,110.17,110.2,110.15,110.2,3424.0,110.169
2026-05-20 13:48:00-04:00,110.2,110.2,110.13,110.16,3175.0,110.159
2026-05-20 13:49:00-04:00,110.16,110.19,110.12,110.16,3322.0,110.156
2026-05-20 13:50:00-04:00,110.19,110.19,110.1,110.1,2300.0,110.153
2026-05-20 13:51:00-04:00,110.11,110.18,110.11,110.15,1188.0,110.149
2026-05-20 13:52:00-04:00,110.16,110.17,110.1,110.13,1605.0,110.133
2026-05-20 13:53:00-04:00,110.13,110.25,110.13,110.21,4226.0,110.194
2026-05-20 13:54:00-04:00,110.25,110.26,110.22,110.22,863.0,110.236
2026-05-20 13:55:00-04:00,110.19,110.24,110.19,110.23,463.0,110.215
2026-05-20 13:56:00-04:00,110.23,110.37,110.23,110.3,3615.0,110.312
2026-05-20 13:57:00-04:00,110.26,110.33,110.26,110.3,1300.0,110.298
2026-05-20 13:58:00-04:00,110.27,110.32,110.27,110.32,411.0,110.305
2026-05-20 13:59:00-04:00,110.34,110.37,110.26,110.3,3535.0,110.31
2026-05-20 14:00:00-04:00,110.29,110.42,110.19,110.38,8390.0,110.303
2026-05-20 14:01:00-04:00,110.33,110.46,110.33,110.46,1300.0,110.385
2026-05-20 14:02:00-04:00,110.41,110.41,110.29,110.32,1781.0,110.352
2026-05-20 14:03:00-04:00,110.32,110.34,110.22,110.31,3926.0,110.263
2026-05-20 14:04:00-04:00,110.27,110.29,110.22,110.28,1254.0,110.268
2026-05-20 14:05:00-04:00,110.24,110.29,110.08,110.12,5880.0,110.179
2026-05-20 14:06:00-04:00,110.09,110.11,109.85,109.85,3187.0,109.984
2026-05-20 14:07:00-04:00,109.81,109.92,109.8,109.91,5673.0,109.834
2026-05-20 14:08:00-04:00,109.95,109.96,109.79,109.79,2074.0,109.882
2026-05-20 14:09:00-04:00,109.84,109.84,109.72,109.75,4824.0,109.781
2026-05-20 14:10:00-04:00,109.76,109.85,109.73,109.81,4615.0,109.771
2026-05-20 14:11:00-04:00,109.8,109.85,109.79,109.8,1712.0,109.815
2026-05-20 14:12:00-04:00,109.86,109.88,109.71,109.76,4288.0,109.806
2026-05-20 14:13:00-04:00,109.74,109.76,109.74,109.74,1908.0,109.751
2026-05-20 14:14:00-04:00,109.75,109.88,109.7,109.73,3555.0,109.792
2026-05-20 14:15:00-04:00,109.71,109.74,109.65,109.68,3600.0,109.692
2026-05-20 14:16:00-04:00,109.67,109.71,109.63,109.7,2400.0,109.667
2026-05-20 14:17:00-04:00,109.7,109.71,109.67,109.7,918.0,109.687
2026-05-20 14:18:00-04:00,109.67,109.67,109.51,109.52,3089.0,109.573
2026-05-20 14:19:00-04:00,109.53,109.53,109.43,109.43,3547.0,109.488
2026-05-20 14:20:00-04:00,109.46,109.49,109.38,109.4,6663.0,109.426
2026-05-20 14:21:00-04:00,109.39,109.43,109.33,109.43,2000.0,109.392
2026-05-20 14:22:00-04:00,109.44,109.57,109.41,109.52,17128.0,109.442
2026-05-20 14:23:00-04:00,109.5,109.51,109.39,109.39,1592.0,109.429
2026-05-20 14:24:00-04:00,109.43,109.44,109.22,109.22,5752.0,109.335
2026-05-20 14:25:00-04:00,109.21,109.29,109.16,109.16,7299.0,109.217
2026-05-20 14:26:00-04:00,109.17,109.37,109.17,109.36,10733.0,109.265
2026-05-20 14:27:00-04:00,109.36,109.37,109.32,109.34,1700.0,109.339
2026-05-20 14:28:00-04:00,109.31,109.39,109.29,109.33,6406.0,109.337
2026-05-20 14:29:00-04:00,109.33,109.55,109.33,109.51,5933.0,109.441
2026-05-20 14:30:00-04:00,109.52,109.55,109.5,109.55,2979.0,109.523
2026-05-20 14:31:00-04:00,109.52,109.59,109.51,109.57,1300.0,109.557
2026-05-20 14:32:00-04:00,109.57,109.65,109.54,109.55,5069.0,109.602
2026-05-20 14:33:00-04:00,109.55,109.6,109.51,109.59,3018.0,109.568
2026-05-20 14:34:00-04:00,109.59,109.66,109.58,109.63,2015.0,109.635
2026-05-20 14:35:00-04:00,109.65,109.73,109.65,109.69,2712.0,109.679
2026-05-20 14:36:00-04:00,109.73,109.77,109.68,109.72,2955.0,109.722
2026-05-20 14:37:00-04:00,109.77,109.87,109.72,109.8,5189.0,109.794
2026-05-20 14:38:00-04:00,109.8,109.89,109.79,109.86,3379.0,109.856
2026-05-20 14:39:00-04:00,109.89,109.89,109.78,109.82,2932.0,109.83
2026-05-20 14:40:00-04:00,109.82,109.86,109.76,109.78,2568.0,109.806
2026-05-20 14:41:00-04:00,109.81,109.81,109.58,109.6,2941.0,109.695
2026-05-20 14:42:00-04:00,109.64,109.65,109.41,109.41,16528.0,109.573
2026-05-20 14:43:00-04:00,109.36,109.44,109.33,109.36,5745.0,109.392
2026-05-20 14:44:00-04:00,109.35,109.39,109.27,109.31,3362.0,109.333
2026-05-20 14:45:00-04:00,109.31,109.58,109.31,109.54,4207.0,109.421
2026-05-20 14:46:00-04:00,109.5,109.64,109.43,109.6,18559.0,109.473
2026-05-20 14:47:00-04:00,109.63,109.63,109.48,109.55,5788.0,109.53
2026-05-20 14:48:00-04:00,109.52,109.54,109.23,109.27,20057.0,109.44
2026-05-20 14:49:00-04:00,109.27,109.27,109.09,109.09,3261.0,109.23
2026-05-20 14:50:00-04:00,109.06,109.24,109.06,109.2,4400.0,109.169
2026-05-20 14:51:00-04:00,109.28,109.39,109.24,109.35,2206.0,109.336
2026-05-20 14:52:00-04:00,109.39,109.44,109.36,109.36,2324.0,109.394
2026-05-20 14:53:00-04:00,109.36,109.38,109.32,109.32,2604.0,109.346
2026-05-20 14:54:00-04:00,109.31,109.31,109.2,109.21,2456.0,109.262
2026-05-20 14:55:00-04:00,109.24,109.29,109.19,109.25,1100.0,109.258
2026-05-20 14:56:00-04:00,109.25,109.28,109.21,109.27,2950.0,109.246
2026-05-20 14:57:00-04:00,109.27,109.31,109.2,109.21,3854.0,109.231
2026-05-20 14:58:00-04:00,109.19,109.2,109.11,109.12,2673.0,109.144
2026-05-20 14:59:00-04:00,109.11,109.14,109.02,109.05,2392.0,109.074
2026-05-20 15:00:00-04:00,109.07,109.41,109.07,109.41,114459.0,109.21
2026-05-20 15:01:00-04:00,109.41,109.42,109.24,109.27,5814.0,109.34
2026-05-20 15:02:00-04:00,109.28,109.47,109.24,109.47,4254.0,109.355
2026-05-20 15:03:00-04:00,109.44,109.45,109.31,109.33,2720.0,109.371
2026-05-20 15:04:00-04:00,109.3,109.32,109.28,109.3,3386.0,109.306
2026-05-20 15:05:00-04:00,109.3,109.37,109.26,109.3,3644.0,109.313
2026-05-20 15:06:00-04:00,109.32,109.8,109.3,109.8,7297.0,109.525
2026-05-20 15:07:00-04:00,109.85,109.94,109.82,109.83,6344.0,109.865
2026-05-20 15:08:00-04:00,109.86,109.91,109.57,109.61,8006.0,109.746
2026-05-20 15:09:00-04:00,109.58,109.71,109.55,109.68,30501.0,109.625
2026-05-20 15:10:00-04:00,109.63,109.67,109.58,109.63,4499.0,109.621
2026-05-20 15:11:00-04:00,109.63,109.63,109.48,109.52,11278.0,109.549
2026-05-20 15:12:00-04:00,109.48,109.53,109.42,109.44,3115.0,109.46
2026-05-20 15:13:00-04:00,109.42,109.48,109.39,109.46,6651.0,109.429
2026-05-20 15:14:00-04:00,109.46,109.55,109.46,109.55,2904.0,109.493
2026-05-20 15:15:00-04:00,109.52,109.57,109.45,109.49,6314.0,109.509
2026-05-20 15:16:00-04:00,109.49,109.54,109.42,109.43,4255.0,109.461
2026-05-20 15:17:00-04:00,109.45,109.48,109.42,109.43,3544.0,109.448
2026-05-20 15:18:00-04:00,109.43,109.56,109.43,109.53,6757.0,109.472
2026-05-20 15:19:00-04:00,109.53,109.55,109.47,109.47,4680.0,109.524
2026-05-20 15:20:00-04:00,109.47,109.52,109.43,109.51,5734.0,109.478
2026-05-20 15:21:00-04:00,109.49,109.61,109.46,109.58,7729.0,109.537
2026-05-20 15:22:00-04:00,109.59,109.71,109.59,109.68,4944.0,109.657
2026-05-20 15:23:00-04:00,109.68,109.76,109.64,109.75,6783.0,109.689
2026-05-20 15:24:00-04:00,109.75,109.76,109.63,109.63,12429.0,109.708
2026-05-20 15:25:00-04:00,109.67,109.78,109.66,109.73,4737.0,109.722
2026-05-20 15:26:00-04:00,109.7,109.74,109.61,109.63,7649.0,109.681
2026-05-20 15:27:00-04:00,109.64,109.75,109.62,109.75,8870.0,109.721
2026-05-20 15:28:00-04:00,109.75,109.76,109.57,109.63,5512.0,109.689
2026-05-20 15:29:00-04:00,109.6,109.66,109.56,109.64,6261.0,109.601
2026-05-20 15:30:00-04:00,109.67,109.75,109.63,109.66,10143.0,109.69
2026-05-20 15:31:00-04:00,109.62,109.74,109.61,109.7,7191.0,109.645
2026-05-20 15:32:00-04:00,109.74,109.93,109.74,109.93,7432.0,109.803
2026-05-20 15:33:00-04:00,109.93,110.23,109.91,110.2,27102.0,110.025
2026-05-20 15:34:00-04:00,110.16,110.22,110.1,110.1,7924.0,110.168
2026-05-20 15:35:00-04:00,110.09,110.09,109.87,109.9,4481.0,109.97
2026-05-20 15:36:00-04:00,109.85,109.93,109.77,109.8,6503.0,109.851
2026-05-20 15:37:00-04:00,109.77,109.86,109.75,109.86,4911.0,109.811
2026-05-20 15:38:00-04:00,109.88,110.0,109.84,109.99,16897.0,109.901
2026-05-20 15:39:00-04:00,109.99,110.07,109.83,109.83,11135.0,109.959
2026-05-20 15:40:00-04:00,109.82,109.83,109.61,109.63,10105.0,109.702
2026-05-20 15:41:00-04:00,109.63,109.63,109.51,109.53,5619.0,109.561
2026-05-20 15:42:00-04:00,109.51,109.6,109.45,109.6,3312.0,109.528
2026-05-20 15:43:00-04:00,109.59,109.69,109.54,109.58,13806.0,109.622
2026-05-20 15:44:00-04:00,109.56,109.63,109.56,109.6,4214.0,109.603
2026-05-20 15:45:00-04:00,109.6,109.81,109.55,109.81,15424.0,109.627
2026-05-20 15:46:00-04:00,109.79,110.09,109.78,109.98,12422.0,109.959
2026-05-20 15:47:00-04:00,109.94,110.02,109.88,109.92,8178.0,109.951
2026-05-20 15:48:00-04:00,109.92,110.0,109.9,110.0,5684.0,109.947
2026-05-20 15:49:00-04:00,109.94,109.97,109.68,109.7,17379.0,109.779
2026-05-20 15:50:00-04:00,109.75,109.84,109.65,109.71,15656.0,109.732
2026-05-20 15:51:00-04:00,109.73,109.84,109.67,109.75,16086.0,109.76
2026-05-20 15:52:00-04:00,109.78,109.79,109.67,109.77,12769.0,109.754
2026-05-20 15:53:00-04:00,109.77,109.87,109.72,109.87,17685.0,109.788
2026-05-20 15:54:00-04:00,109.87,109.94,109.8,109.82,14114.0,109.878
2026-05-20 15:55:00-04:00,109.86,110.14,109.75,109.96,49890.0,109.895
2026-05-20 15:56:00-04:00,109.98,110.08,109.93,110.08,27659.0,109.984
2026-05-20 15:57:00-04:00,110.09,110.26,109.99,110.2,56576.0,110.129
2026-05-20 15:58:00-04:00,110.21,110.24,110.17,110.19,52011.0,110.199
2026-05-20 15:59:00-04:00,110.2,110.3,110.12,110.14,188750.0,110.22
2026-05-21 09:30:00-04:00,109.04,109.61,108.44,108.77,52890.0,108.998
2026-05-21 09:31:00-04:00,108.59,109.55,108.59,109.28,3560.0,109.195
2026-05-21 09:32:00-04:00,108.99,109.4,108.51,109.4,8140.0,108.986
2026-05-21 09:33:00-04:00,109.2,109.41,109.08,109.11,2949.0,109.233
2026-05-21 09:34:00-04:00,109.24,109.54,109.23,109.41,5530.0,109.437
2026-05-21 09:35:00-04:00,109.35,109.41,108.94,108.95,14434.0,109.14
2026-05-21 09:36:00-04:00,108.83,108.84,108.5,108.67,9550.0,108.693
2026-05-21 09:37:00-04:00,108.79,109.03,108.79,108.88,2454.0,108.89
2026-05-21 09:38:00-04:00,108.95,109.14,108.8,108.97,4194.0,109.012
2026-05-21 09:39:00-04:00,109.0,109.1,108.55,108.55,7798.0,108.941
2026-05-21 09:40:00-04:00,108.85,108.85,108.68,108.7,1850.0,108.734
2026-05-21 09:41:00-04:00,108.68,108.87,108.5,108.87,4749.0,108.602
2026-05-21 09:42:00-04:00,109.0,109.0,108.55,108.55,2982.0,108.742
2026-05-21 09:43:00-04:00,108.64,108.83,108.53,108.57,4482.0,108.703
2026-05-21 09:44:00-04:00,108.5,108.76,108.3,108.62,6046.0,108.519
2026-05-21 09:45:00-04:00,108.67,108.86,108.62,108.74,7128.0,108.723
2026-05-21 09:46:00-04:00,108.76,108.81,108.66,108.72,2744.0,108.717
2026-05-21 09:47:00-04:00,108.73,108.77,108.45,108.46,6510.0,108.59
2026-05-21 09:48:00-04:00,108.46,108.68,108.4,108.52,7943.0,108.486
2026-05-21 09:49:00-04:00,108.52,108.64,108.32,108.61,6029.0,108.452
2026-05-21 09:50:00-04:00,108.57,108.57,108.31,108.5,5740.0,108.426
2026-05-21 09:51:00-04:00,108.43,108.57,108.29,108.57,16096.0,108.412
2026-05-21 09:52:00-04:00,108.68,108.77,108.47,108.64,12635.0,108.674
2026-05-21 09:53:00-04:00,108.7,109.12,108.7,108.97,16682.0,108.781
2026-05-21 09:54:00-04:00,108.87,109.04,108.8,108.86,11638.0,108.986
2026-05-21 09:55:00-04:00,108.87,108.97,108.83,108.96,27883.0,108.924
2026-05-21 09:56:00-04:00,108.87,109.04,108.84,108.97,24134.0,108.913
2026-05-21 09:57:00-04:00,109.0,109.06,108.85,109.03,6684.0,108.976
2026-05-21 09:58:00-04:00,109.03,109.17,108.81,109.05,9139.0,108.914
2026-05-21 09:59:00-04:00,109.05,109.19,108.92,108.97,10904.0,109.065
2026-05-21 10:00:00-04:00,108.92,109.03,108.8,108.82,5262.0,108.892
2026-05-21 10:01:00-04:00,108.89,109.03,108.85,108.97,14493.0,108.955
2026-05-21 10:02:00-04:00,108.98,109.24,108.96,109.18,15755.0,109.029
2026-05-21 10:03:00-04:00,109.18,109.32,109.09,109.2,3500.0,109.195
2026-05-21 10:04:00-04:00,109.29,109.79,109.22,109.69,15687.0,109.564
2026-05-21 10:05:00-04:00,109.69,109.86,109.16,109.16,18576.0,109.647
2026-05-21 10:06:00-04:00,109.22,109.45,109.11,109.45,5723.0,109.322
2026-05-21 10:07:00-04:00,109.43,109.45,109.19,109.28,2791.0,109.343
2026-05-21 10:08:00-04:00,109.34,109.34,109.17,109.27,3200.0,109.279
2026-05-21 10:09:00-04:00,109.27,109.46,109.26,109.4,6330.0,109.278
2026-05-21 10:10:00-04:00,109.41,109.56,109.16,109.16,10966.0,109.442
2026-05-21 10:11:00-04:00,109.13,109.24,109.06,109.24,6599.0,109.163
2026-05-21 10:12:00-04:00,109.28,109.36,109.19,109.29,1170.0,109.281
2026-05-21 10:13:00-04:00,109.15,109.15,109.01,109.07,2200.0,109.072
2026-05-21 10:14:00-04:00,109.0,109.24,108.93,109.01,6124.0,109.047
2026-05-21 10:15:00-04:00,108.95,108.98,108.67,108.67,3813.0,108.877
2026-05-21 10:16:00-04:00,108.62,108.82,108.6,108.8,3300.0,108.701
2026-05-21 10:17:00-04:00,108.81,109.02,108.7,108.7,3522.0,108.855
2026-05-21 10:18:00-04:00,108.65,108.76,108.6,108.67,2400.0,108.666
2026-05-21 10:19:00-04:00,108.78,108.79,108.5,108.5,4185.0,108.7
2026-05-21 10:20:00-04:00,108.5,108.5,108.1,108.1,10221.0,108.37
2026-05-21 10:21:00-04:00,108.17,108.36,107.86,108.34,6842.0,108.115
2026-05-21 10:22:00-04:00,108.1,108.27,108.07,108.25,4656.0,108.141
2026-05-21 10:23:00-04:00,108.25,108.31,108.2,108.22,1637.0,108.251
2026-05-21 10:24:00-04:00,108.26,108.37,108.1,108.18,4214.0,108.211
2026-05-21 10:25:00-04:00,108.23,108.25,108.07,108.17,3961.0,108.143
2026-05-21 10:26:00-04:00,108.16,108.22,108.1,108.16,2530.0,108.15
2026-05-21 10:27:00-04:00,108.09,108.41,108.09,108.4,4417.0,108.278
2026-05-21 10:28:00-04:00,108.41,108.46,108.21,108.31,2647.0,108.29
2026-05-21 10:29:00-04:00,108.26,108.46,108.19,108.41,4573.0,108.284
2026-05-21 10:30:00-04:00,108.39,108.62,108.36,108.59,3147.0,108.493
2026-05-21 10:31:00-04:00,108.54,108.54,108.3,108.39,6671.0,108.45
2026-05-21 10:32:00-04:00,108.38,108.49,108.37,108.49,2000.0,108.394
2026-05-21 10:33:00-04:00,108.4,108.42,108.19,108.19,2281.0,108.33
2026-05-21 10:34:00-04:00,108.12,108.29,108.12,108.23,1576.0,108.219
2026-05-21 10:35:00-04:00,108.23,108.47,108.23,108.47,1800.0,108.392
2026-05-21 10:36:00-04:00,108.52,108.54,108.47,108.54,900.0,108.497
2026-05-21 10:37:00-04:00,108.5,108.64,108.46,108.57,2861.0,108.553
2026-05-21 10:38:00-04:00,108.54,108.56,108.49,108.5,1041.0,108.515
2026-05-21 10:39:00-04:00,108.54,108.8,108.54,108.79,11592.0,108.689
2026-05-21 10:40:00-04:00,108.74,108.74,108.64,108.67,7680.0,108.685
2026-05-21 10:41:00-04:00,108.62,108.66,108.56,108.66,1503.0,108.614
2026-05-21 10:42:00-04:00,108.66,108.71,108.57,108.71,10745.0,108.631
2026-05-21 10:43:00-04:00,108.71,108.73,108.62,108.69,3257.0,108.683
2026-05-21 10:44:00-04:00,108.72,108.72,108.46,108.65,3124.0,108.607
2026-05-21 10:45:00-04:00,108.65,108.68,108.56,108.68,840.0,108.617
2026-05-21 10:46:00-04:00,108.72,108.72,108.32,108.36,4258.0,108.441
2026-05-21 10:47:00-04:00,108.41,108.48,108.32,108.38,2550.0,108.431
2026-05-21 10:48:00-04:00,108.36,108.39,108.11,108.11,2742.0,108.276
2026-05-21 10:49:00-04:00,108.12,108.15,108.09,108.13,3444.0,108.126
2026-05-21 10:50:00-04:00,108.01,108.07,107.9,107.97,3646.0,107.984
2026-05-21 10:51:00-04:00,107.99,108.08,107.87,108.08,4159.0,107.987
2026-05-21 10:52:00-04:00,108.08,108.18,107.97,108.06,1794.0,108.028
2026-05-21 10:53:00-04:00,108.16,108.17,107.99,108.06,933.0,108.096
2026-05-21 10:54:00-04:00,107.96,108.07,107.94,108.04,2610.0,108.021
2026-05-21 10:55:00-04:00,108.06,108.12,108.06,108.1,504.0,108.08
2026-05-21 10:56:00-04:00,108.02,108.18,107.99,108.12,17758.0,108.048
2026-05-21 10:57:00-04:00,108.15,108.15,108.0,108.0,936.0,108.056
2026-05-21 10:58:00-04:00,107.99,108.17,107.99,108.11,1956.0,108.051
2026-05-21 10:59:00-04:00,108.11,108.11,107.89,107.89,13051.0,108.027
2026-05-21 11:00:00-04:00,107.91,108.0,107.81,107.95,4411.0,107.898
2026-05-21 11:01:00-04:00,107.96,107.96,107.89,107.9,722.0,107.909
2026-05-21 11:02:00-04:00,107.97,108.02,107.9,108.0,3046.0,107.962
2026-05-21 11:03:00-04:00,107.9,107.92,107.74,107.74,6200.0,107.831
2026-05-21 11:04:00-04:00,107.74,107.88,107.74,107.8,2204.0,107.803
2026-05-21 11:05:00-04:00,107.8,107.88,107.79,107.79,1673.0,107.822
2026-05-21 11:06:00-04:00,107.81,107.92,107.71,107.77,3308.0,107.773
2026-05-21 11:07:00-04:00,107.8,107.98,107.75,107.79,8209.0,107.85
2026-05-21 11:08:00-04:00,107.78,107.84,107.61,107.73,3840.0,107.723
2026-05-21 11:09:00-04:00,107.78,107.97,107.76,107.82,3800.0,107.851
2026-05-21 11:10:00-04:00,107.79,107.83,107.64,107.72,5300.0,107.731
2026-05-21 11:11:00-04:00,107.76,107.85,107.62,107.77,2966.0,107.699
2026-05-21 11:12:00-04:00,107.8,107.85,107.68,107.84,4414.0,107.765
2026-05-21 11:13:00-04:00,107.85,108.18,107.74,108.12,9867.0,108.072
2026-05-21 11:14:00-04:00,108.15,108.15,107.98,108.12,3075.0,108.079
2026-05-21 11:15:00-04:00,108.12,108.23,107.99,108.2,2184.0,108.104
2026-05-21 11:16:00-04:00,108.2,108.43,108.01,108.06,3768.0,108.107
2026-05-21 11:17:00-04:00,108.08,108.13,107.95,107.95,3388.0,108.098
2026-05-21 11:18:00-04:00,107.98,108.08,107.9,107.9,4132.0,107.984
2026-05-21 11:19:00-04:00,107.92,107.96,107.86,107.95,2600.0,107.906
2026-05-21 11:20:00-04:00,107.95,107.95,107.86,107.9,1525.0,107.915
2026-05-21 11:21:00-04:00,107.84,107.84,107.84,107.84,100.0,107.84
2026-05-21 11:22:00-04:00,107.86,107.93,107.85,107.93,3495.0,107.897
2026-05-21 11:23:00-04:00,107.98,108.1,107.92,108.04,3901.0,108.029
2026-05-21 11:24:00-04:00,108.08,108.15,107.9,107.93,4156.0,108.006
2026-05-21 11:25:00-04:00,107.88,107.97,107.69,107.69,3926.0,107.881
2026-05-21 11:26:00-04:00,107.64,107.65,107.52,107.58,6207.0,107.595
2026-05-21 11:27:00-04:00,107.63,107.73,107.59,107.73,3923.0,107.639
2026-05-21 11:28:00-04:00,107.7,107.86,107.7,107.81,3751.0,107.8
2026-05-21 11:29:00-04:00,107.81,107.88,107.7,107.71,2921.0,107.802
2026-05-21 11:30:00-04:00,107.68,107.74,107.54,107.54,3420.0,107.675
2026-05-21 11:31:00-04:00,107.54,107.54,107.35,107.41,6666.0,107.42
2026-05-21 11:32:00-04:00,107.45,107.58,107.43,107.43,1954.0,107.484
2026-05-21 11:33:00-04:00,107.42,107.45,107.42,107.45,200.0,107.435
2026-05-21 11:34:00-04:00,107.39,107.44,107.04,107.21,18957.0,107.181
2026-05-21 11:35:00-04:00,107.21,107.39,107.07,107.39,3603.0,107.185
2026-05-21 11:36:00-04:00,107.29,107.52,107.23,107.46,3302.0,107.356
2026-05-21 11:37:00-04:00,107.42,107.65,107.41,107.6,5125.0,107.483
2026-05-21 11:38:00-04:00,107.6,107.74,107.5,107.55,6217.0,107.607
2026-05-21 11:39:00-04:00,107.55,107.72,107.47,107.67,4804.0,107.614
2026-05-21 11:40:00-04:00,107.72,107.91,107.52,107.82,14637.0,107.634
2026-05-21 11:41:00-04:00,107.83,108.04,107.74,107.97,16272.0,107.917
2026-05-21 11:42:00-04:00,107.88,107.95,107.86,107.9,2219.0,107.897
2026-05-21 11:43:00-04:00,107.81,107.91,107.78,107.78,2700.0,107.81
2026-05-21 11:44:00-04:00,107.77,107.9,107.76,107.9,4153.0,107.835
2026-05-21 11:45:00-04:00,107.98,108.01,107.9,107.95,2347.0,107.962
2026-05-21 11:46:00-04:00,107.89,107.98,107.87,107.97,900.0,107.926
2026-05-21 11:47:00-04:00,107.91,108.11,107.91,108.09,2346.0,108.014
2026-05-21 11:48:00-04:00,108.08,108.26,108.08,108.11,6474.0,108.149
2026-05-21 11:49:00-04:00,108.13,108.17,108.05,108.09,4201.0,108.118
2026-05-21 11:50:00-04:00,108.09,108.09,107.92,107.96,4676.0,108.002
2026-05-21 11:51:00-04:00,108.0,108.12,107.95,107.95,16690.0,108.033
2026-05-21 11:52:00-04:00,107.91,107.96,107.87,107.87,2810.0,107.908
2026-05-21 11:53:00-04:00,107.91,107.91,107.83,107.9,2251.0,107.881
2026-05-21 11:54:00-04:00,107.81,107.84,107.73,107.73,2109.0,107.781
2026-05-21 11:55:00-04:00,107.68,107.68,107.5,107.58,4912.0,107.602
2026-05-21 11:56:00-04:00,107.53,107.65,107.5,107.64,4236.0,107.554
2026-05-21 11:57:00-04:00,107.65,107.67,107.58,107.66,2300.0,107.646
2026-05-21 11:58:00-04:00,107.68,107.79,107.63,107.74,2476.0,107.707
2026-05-21 11:59:00-04:00,107.74,107.82,107.58,107.73,9367.0,107.686
2026-05-21 12:00:00-04:00,107.75,107.88,107.7,107.86,2438.0,107.802
2026-05-21 12:01:00-04:00,107.78,107.78,107.78,107.78,800.0,107.78
2026-05-21 12:02:00-04:00,107.81,107.84,107.72,107.79,2217.0,107.789
2026-05-21 12:03:00-04:00,107.8,107.87,107.74,107.87,2713.0,107.826
2026-05-21 12:04:00-04:00,107.88,107.93,107.79,107.8,2277.0,107.855
2026-05-21 12:05:00-04:00,107.83,107.83,107.76,107.77,1224.0,107.796
2026-05-21 12:06:00-04:00,107.7,107.77,107.7,107.77,1020.0,107.749
2026-05-21 12:07:00-04:00,107.82,107.95,107.82,107.83,13463.0,107.892
2026-05-21 12:08:00-04:00,107.84,107.89,107.84,107.89,1473.0,107.861
2026-05-21 12:09:00-04:00,107.89,108.03,107.88,107.99,1703.0,107.975
2026-05-21 12:10:00-04:00,108.1,108.1,107.99,108.05,1411.0,108.041
2026-05-21 12:11:00-04:00,107.99,108.02,107.94,108.02,800.0,107.979
2026-05-21 12:12:00-04:00,108.04,108.06,107.99,108.0,2802.0,108.018
2026-05-21 12:13:00-04:00,108.01,108.07,107.96,107.98,1700.0,108.001
2026-05-21 12:14:00-04:00,108.01,108.32,108.01,108.23,22287.0,108.18
2026-05-21 12:15:00-04:00,108.22,108.22,107.94,107.95,2862.0,108.088
2026-05-21 12:16:00-04:00,108.01,108.24,107.95,108.18,3939.0,108.078
2026-05-21 12:17:00-04:00,108.2,108.2,108.09,108.09,3636.0,108.103
2026-05-21 12:18:00-04:00,108.0,108.04,107.97,108.0,1343.0,107.993
2026-05-21 12:19:00-04:00,107.93,107.93,107.64,107.64,2001.0,107.781
2026-05-21 12:20:00-04:00,107.67,107.75,107.63,107.63,940.0,107.713
2026-05-21 12:21:00-04:00,107.7,107.71,107.58,107.67,1076.0,107.663
2026-05-21 12:22:00-04:00,107.73,107.73,107.55,107.61,2878.0,107.629
2026-05-21 12:23:00-04:00,107.57,107.63,107.56,107.56,2300.0,107.594
2026-05-21 12:24:00-04:00,107.54,107.54,107.42,107.44,9026.0,107.449
2026-05-21 12:25:00-04:00,107.45,107.45,107.33,107.33,4018.0,107.387
2026-05-21 12:26:00-04:00,107.42,107.42,107.28,107.32,2199.0,107.328
2026-05-21 12:27:00-04:00,107.32,107.32,107.27,107.32,700.0,107.306
2026-05-21 12:28:00-04:00,107.27,107.44,107.26,107.39,3757.0,107.365
2026-05-21 12:29:00-04:00,107.39,107.4,107.34,107.34,1983.0,107.391
2026-05-21 12:30:00-04:00,107.33,107.46,107.33,107.42,3524.0,107.415
2026-05-21 12:31:00-04:00,107.46,107.52,107.38,107.52,2100.0,107.442
2026-05-21 12:32:00-04:00,107.57,107.57,107.5,107.5,200.0,107.535
2026-05-21 12:33:00-04:00,107.51,107.55,107.51,107.55,576.0,107.524
2026-05-21 12:34:00-04:00,107.61,107.68,107.57,107.68,13517.0,107.597
2026-05-21 12:35:00-04:00,107.64,107.64,107.63,107.63,400.0,107.631
2026-05-21 12:36:00-04:00,107.58,107.61,107.56,107.61,1000.0,107.581
2026-05-21 12:37:00-04:00,107.55,107.55,107.54,107.54,200.0,107.545
2026-05-21 12:38:00-04:00,107.7,107.7,107.57,107.57,403.0,107.651
2026-05-21 12:39:00-04:00,107.65,107.65,107.65,107.65,100.0,107.65
2026-05-21 12:40:00-04:00,107.65,107.67,107.65,107.65,1295.0,107.657
2026-05-21 12:41:00-04:00,107.65,107.74,107.65,107.73,6384.0,107.701
2026-05-21 12:42:00-04:00,107.72,107.72,107.63,107.64,6730.0,107.643
2026-05-21 12:43:00-04:00,107.62,107.62,107.48,107.56,1533.0,107.578
2026-05-21 12:44:00-04:00,107.56,107.64,107.53,107.61,4179.0,107.601
2026-05-21 12:45:00-04:00,107.63,107.68,107.55,107.55,7236.0,107.634
2026-05-21 12:46:00-04:00,107.53,107.53,107.48,107.48,602.0,107.51
2026-05-21 12:47:00-04:00,107.41,107.56,107.41,107.56,2362.0,107.51
2026-05-21 12:48:00-04:00,107.5,107.5,107.45,107.48,3820.0,107.465
2026-05-21 12:49:00-04:00,107.48,107.48,107.47,107.48,700.0,107.478
2026-05-21 12:50:00-04:00,107.43,107.48,107.42,107.43,6323.0,107.441
2026-05-21 12:51:00-04:00,107.5,107.54,107.44,107.44,3527.0,107.464
2026-05-21 12:52:00-04:00,107.46,107.56,107.46,107.49,6646.0,107.53
2026-05-21 12:53:00-04:00,107.49,107.57,107.49,107.52,2565.0,107.511
2026-05-21 12:54:00-04:00,107.51,107.53,107.45,107.51,1272.0,107.494
2026-05-21 12:55:00-04:00,107.51,107.51,107.29,107.29,2300.0,107.416
2026-05-21 12:56:00-04:00,107.34,107.34,107.22,107.31,5753.0,107.29
2026-05-21 12:57:00-04:00,107.29,107.29,107.2,107.2,1486.0,107.243
2026-05-21 12:58:00-04:00,107.21,107.23,107.14,107.23,1600.0,107.199
2026-05-21 12:59:00-04:00,107.23,107.34,107.19,107.3,2035.0,107.28
2026-05-21 13:00:00-04:00,107.3,107.43,107.3,107.43,2000.0,107.349
2026-05-21 13:01:00-04:00,107.33,107.57,107.32,107.57,2443.0,107.473
2026-05-21 13:02:00-04:00,107.47,107.54,107.43,107.52,3663.0,107.521
2026-05-21 13:03:00-04:00,107.48,107.48,107.4,107.44,4677.0,107.428
2026-05-21 13:04:00-04:00,107.46,107.49,107.45,107.47,814.0,107.466
2026-05-21 13:05:00-04:00,107.51,107.56,107.51,107.56,1661.0,107.521
2026-05-21 13:06:00-04:00,107.62,107.62,107.59,107.6,600.0,107.6
2026-05-21 13:07:00-04:00,107.51,107.53,107.49,107.53,1797.0,107.519
2026-05-21 13:08:00-04:00,107.56,107.56,107.51,107.51,1179.0,107.524
2026-05-21 13:09:00-04:00,107.51,107.56,107.51,107.53,1838.0,107.555
2026-05-21 13:10:00-04:00,107.56,107.86,107.56,107.86,5985.0,107.748
2026-05-21 13:11:00-04:00,107.93,108.01,107.86,107.86,27776.0,107.965
2026-05-21 13:12:00-04:00,107.91,108.11,107.85,108.09,12775.0,107.917
2026-05-21 13:13:00-04:00,108.09,108.09,107.75,107.75,4959.0,107.931
2026-05-21 13:14:00-04:00,107.76,107.88,107.75,107.85,2059.0,107.832
2026-05-21 13:15:00-04:00,107.92,108.15,107.84,108.06,96553.0,107.957
2026-05-21 13:16:00-04:00,108.06,108.32,108.0,108.32,13662.0,108.19
2026-05-21 13:17:00-04:00,108.39,108.46,108.16,108.18,70416.0,108.274
2026-05-21 13:18:00-04:00,108.15,108.27,108.0,108.06,7102.0,108.125
2026-05-21 13:19:00-04:00,108.12,108.19,108.09,108.1,1580.0,108.125
2026-05-21 13:20:00-04:00,108.15,108.34,108.11,108.34,4391.0,108.231
2026-05-21 13:21:00-04:00,108.45,108.7,108.43,108.7,103153.0,108.56
2026-05-21 13:22:00-04:00,108.75,108.77,108.59,108.65,2713.0,108.69
2026-05-21 13:23:00-04:00,108.55,108.55,108.15,108.3,2488.0,108.329
2026-05-21 13:24:00-04:00,108.29,108.4,108.19,108.28,8467.0,108.24
2026-05-21 13:25:00-04:00,108.25,108.4,108.25,108.4,3057.0,108.358
2026-05-21 13:26:00-04:00,108.34,108.34,108.23,108.23,693.0,108.263
2026-05-21 13:27:00-04:00,108.23,108.3,108.14,108.28,2321.0,108.253
2026-05-21 13:28:00-04:00,108.28,108.43,108.28,108.43,3603.0,108.342
2026-05-21 13:29:00-04:00,108.35,108.35,108.28,108.35,1400.0,108.316
2026-05-21 13:30:00-04:00,108.36,108.39,108.36,108.39,611.0,108.368
2026-05-21 13:31:00-04:00,108.42,108.72,108.42,108.72,12429.0,108.587
2026-05-21 13:32:00-04:00,108.74,108.76,108.64,108.7,1763.0,108.718
2026-05-21 13:33:00-04:00,108.7,108.77,108.63,108.73,35347.0,108.7
2026-05-21 13:34:00-04:00,108.62,108.62,108.43,108.45,2042.0,108.56
2026-05-21 13:35:00-04:00,108.48,108.61,108.47,108.53,3100.0,108.571
2026-05-21 13:36:00-04:00,108.62,108.63,108.58,108.58,1312.0,108.613
2026-05-21 13:37:00-04:00,108.67,108.67,108.61,108.65,400.0,108.648
2026-05-21 13:38:00-04:00,108.51,108.51,108.49,108.5,827.0,108.497
2026-05-21 13:39:00-04:00,108.51,108.6,108.5,108.51,3503.0,108.543
2026-05-21 13:40:00-04:00,108.58,108.67,108.58,108.61,3739.0,108.617
2026-05-21 13:41:00-04:00,108.66,108.72,108.63,108.67,2535.0,108.675
2026-05-21 13:42:00-04:00,108.65,108.83,108.65,108.8,3205.0,108.724
2026-05-21 13:43:00-04:00,108.77,108.84,108.65,108.65,2389.0,108.75
2026-05-21 13:44:00-04:00,108.7,108.85,108.7,108.75,3500.0,108.76
2026-05-21 13:45:00-04:00,108.79,108.79,108.7,108.71,2300.0,108.755
2026-05-21 13:46:00-04:00,108.68,108.83,108.67,108.73,2301.0,108.714
2026-05-21 13:47:00-04:00,108.75,108.76,108.75,108.76,646.0,108.751
2026-05-21 13:48:00-04:00,108.81,108.89,108.78,108.79,4340.0,108.808
2026-05-21 13:49:00-04:00,108.7,108.86,108.7,108.83,4037.0,108.799
2026-05-21 13:50:00-04:00,108.81,108.85,108.69,108.7,1330.0,108.772
2026-05-21 13:51:00-04:00,108.81,108.81,108.76,108.77,759.0,108.778
2026-05-21 13:52:00-04:00,108.79,109.11,108.79,109.07,40729.0,108.915
2026-05-21 13:53:00-04:00,109.12,109.2,109.1,109.18,6823.0,109.149
2026-05-21 13:54:00-04:00,109.14,109.2,109.05,109.13,5400.0,109.112
2026-05-21 13:55:00-04:00,109.09,109.28,109.09,109.12,3659.0,109.196
2026-05-21 13:56:00-04:00,109.06,109.06,109.06,109.06,100.0,109.06
2026-05-21 13:57:00-04:00,109.03,109.04,108.76,108.96,3817.0,108.924
2026-05-21 13:58:00-04:00,108.9,108.9,108.85,108.85,600.0,108.886
2026-05-21 13:59:00-04:00,108.92,108.92,108.72,108.72,2674.0,108.8
2026-05-21 14:00:00-04:00,108.8,108.87,108.8,108.87,1466.0,108.832
2026-05-21 14:01:00-04:00,108.87,109.05,108.83,108.91,10001.0,108.937
2026-05-21 14:02:00-04:00,108.91,109.06,108.66,108.67,11220.0,108.9
2026-05-21 14:03:00-04:00,108.62,108.7,108.56,108.58,4080.0,108.624
2026-05-21 14:04:00-04:00,108.65,108.65,108.46,108.46,961.0,108.542
2026-05-21 14:05:00-04:00,108.45,108.45,108.28,108.29,675.0,108.351
2026-05-21 14:06:00-04:00,108.37,108.46,108.24,108.24,6066.0,108.379
2026-05-21 14:07:00-04:00,108.22,108.32,108.22,108.32,1525.0,108.27
2026-05-21 14:08:00-04:00,108.4,108.46,108.4,108.46,726.0,108.421
2026-05-21 14:09:00-04:00,108.38,108.41,108.34,108.41,1500.0,108.371
2026-05-21 14:10:00-04:00,108.41,108.41,108.32,108.32,1398.0,108.369
2026-05-21 14:11:00-04:00,108.26,108.42,108.25,108.42,1687.0,108.333
2026-05-21 14:12:00-04:00,108.38,108.42,108.34,108.42,1542.0,108.403
2026-05-21 14:13:00-04:00,108.35,108.38,108.26,108.38,1502.0,108.349
2026-05-21 14:14:00-04:00,108.38,108.38,108.28,108.28,1900.0,108.33
2026-05-21 14:15:00-04:00,108.22,108.22,108.21,108.21,520.0,108.212
2026-05-21 14:16:00-04:00,108.22,108.23,108.1,108.1,2640.0,108.144
2026-05-21 14:17:00-04:00,108.14,108.16,108.09,108.16,5130.0,108.117
2026-05-21 14:18:00-04:00,108.14,108.22,108.12,108.12,4621.0,108.173
2026-05-21 14:19:00-04:00,108.17,108.32,108.17,108.27,2997.0,108.262
2026-05-21 14:20:00-04:00,108.25,108.36,108.25,108.36,700.0,108.316
2026-05-21 14:21:00-04:00,108.36,108.38,108.24,108.28,2964.0,108.338
2026-05-21 14:22:00-04:00,108.3,108.33,108.28,108.31,2346.0,108.3
2026-05-21 14:23:00-04:00,108.25,108.37,108.24,108.34,2700.0,108.316
2026-05-21 14:24:00-04:00,108.31,108.38,108.27,108.32,4318.0,108.326
2026-05-21 14:25:00-04:00,108.32,108.4,108.28,108.29,1535.0,108.364
2026-05-21 14:26:00-04:00,108.35,108.35,108.3,108.35,950.0,108.338
2026-05-21 14:27:00-04:00,108.35,108.35,108.2,108.28,2020.0,108.275
2026-05-21 14:28:00-04:00,108.3,108.42,108.28,108.42,2509.0,108.374
2026-05-21 14:29:00-04:00,108.34,108.35,108.29,108.29,2429.0,108.304
2026-05-21 14:30:00-04:00,108.32,108.43,108.31,108.4,3200.0,108.353
2026-05-21 14:31:00-04:00,108.44,108.61,108.44,108.58,3763.0,108.546
2026-05-21 14:32:00-04:00,108.58,108.62,108.49,108.55,3190.0,108.559
2026-05-21 14:33:00-04:00,108.55,108.56,108.54,108.56,713.0,108.549
2026-05-21 14:34:00-04:00,108.55,108.6,108.54,108.59,2848.0,108.562
2026-05-21 14:35:00-04:00,108.66,108.66,108.6,108.66,1874.0,108.639
2026-05-21 14:36:00-04:00,108.59,108.69,108.54,108.57,5169.0,108.615
2026-05-21 14:37:00-04:00,108.56,108.56,108.56,108.56,400.0,108.56
2026-05-21 14:38:00-04:00,108.57,108.57,108.56,108.57,1700.0,108.565
2026-05-21 14:39:00-04:00,108.57,108.57,108.39,108.43,6302.0,108.481
2026-05-21 14:40:00-04:00,108.43,108.58,108.38,108.52,3211.0,108.488
2026-05-21 14:41:00-04:00,108.52,108.65,108.43,108.44,6043.0,108.573
2026-05-21 14:42:00-04:00,108.43,108.48,108.42,108.48,2709.0,108.47
2026-05-21 14:43:00-04:00,108.45,108.55,108.45,108.49,1405.0,108.518
2026-05-21 14:44:00-04:00,108.55,108.6,108.5,108.52,845.0,108.53
2026-05-21 14:45:00-04:00,108.49,108.53,108.43,108.44,910.0,108.468
2026-05-21 14:46:00-04:00,108.44,108.5,108.42,108.43,2771.0,108.467
2026-05-21 14:47:00-04:00,108.38,108.53,108.37,108.53,1980.0,108.406
2026-05-21 14:48:00-04:00,108.53,108.55,108.18,108.33,7365.0,108.343
2026-05-21 14:49:00-04:00,108.38,108.39,108.19,108.2,2480.0,108.28
2026-05-21 14:50:00-04:00,108.2,108.42,108.19,108.28,2187.0,108.333
2026-05-21 14:51:00-04:00,108.27,108.36,108.24,108.24,4259.0,108.299
2026-05-21 14:52:00-04:00,108.24,108.24,107.87,108.02,6850.0,108.071
2026-05-21 14:53:00-04:00,108.08,108.08,107.91,107.94,2000.0,108.04
2026-05-21 14:54:00-04:00,107.92,107.96,107.67,107.67,2341.0,107.843
2026-05-21 14:55:00-04:00,107.77,107.77,107.63,107.69,2904.0,107.699
2026-05-21 14:56:00-04:00,107.69,107.8,107.67,107.67,2089.0,107.72
2026-05-21 14:57:00-04:00,107.67,107.91,107.67,107.8,5807.0,107.795
2026-05-21 14:58:00-04:00,107.79,107.91,107.78,107.81,1255.0,107.824
2026-05-21 14:59:00-04:00,107.82,108.05,107.81,108.05,4378.0,107.934
2026-05-21 15:00:00-04:00,108.12,108.29,108.12,108.29,2576.0,108.214
2026-05-21 15:01:00-04:00,108.26,108.42,108.25,108.39,1505.0,108.362
2026-05-21 15:02:00-04:00,108.4,108.4,108.37,108.38,1074.0,108.395
2026-05-21 15:03:00-04:00,108.35,108.48,108.3,108.35,2779.0,108.372
2026-05-21 15:04:00-04:00,108.27,108.27,108.15,108.19,1670.0,108.206
2026-05-21 15:05:00-04:00,108.19,108.31,108.17,108.31,2454.0,108.241
2026-05-21 15:06:00-04:00,108.24,108.3,108.24,108.27,1256.0,108.266
2026-05-21 15:07:00-04:00,108.24,108.28,108.16,108.17,956.0,108.213
2026-05-21 15:08:00-04:00,108.15,108.35,108.14,108.35,5673.0,108.253
2026-05-21 15:09:00-04:00,108.27,108.42,108.27,108.34,3783.0,108.357
2026-05-21 15:10:00-04:00,108.27,108.44,108.27,108.41,2613.0,108.379
2026-05-21 15:11:00-04:00,108.42,108.42,108.3,108.3,1600.0,108.352
2026-05-21 15:12:00-04:00,108.28,108.36,108.28,108.36,2306.0,108.339
2026-05-21 15:13:00-04:00,108.39,108.42,108.3,108.3,3959.0,108.368
2026-05-21 15:14:00-04:00,108.34,108.49,108.33,108.47,16816.0,108.417
2026-05-21 15:15:00-04:00,108.44,108.44,108.44,108.44,300.0,108.44
2026-05-21 15:16:00-04:00,108.46,108.6,108.45,108.53,4888.0,108.544
2026-05-21 15:17:00-04:00,108.51,108.51,108.47,108.51,800.0,108.494
2026-05-21 15:18:00-04:00,108.51,108.61,108.5,108.61,1622.0,108.554
2026-05-21 15:19:00-04:00,108.56,108.6,108.53,108.59,1894.0,108.574
2026-05-21 15:20:00-04:00,108.65,108.65,108.59,108.64,836.0,108.639
2026-05-21 15:21:00-04:00,108.61,108.66,108.58,108.61,3259.0,108.613
2026-05-21 15:22:00-04:00,108.58,109.36,108.57,109.36,8835.0,109.001
2026-05-21 15:23:00-04:00,109.27,109.36,109.27,109.29,805.0,109.309
2026-05-21 15:24:00-04:00,109.29,109.29,109.22,109.25,2040.0,109.259
2026-05-21 15:25:00-04:00,109.3,109.3,109.05,109.1,5175.0,109.139
2026-05-21 15:26:00-04:00,109.05,109.13,109.05,109.09,1555.0,109.085
2026-05-21 15:27:00-04:00,109.05,109.15,109.05,109.11,2826.0,109.105
2026-05-21 15:28:00-04:00,109.11,109.18,109.0,109.15,96022.0,109.074
2026-05-21 15:29:00-04:00,109.15,109.26,109.11,109.24,4424.0,109.173
2026-05-21 15:30:00-04:00,109.22,109.24,109.07,109.1,1920.0,109.132
2026-05-21 15:31:00-04:00,109.15,109.23,109.1,109.17,2341.0,109.177
2026-05-21 15:32:00-04:00,109.17,109.18,109.09,109.14,3078.0,109.136
2026-05-21 15:33:00-04:00,109.1,109.15,109.0,109.08,6844.0,109.079
2026-05-21 15:34:00-04:00,109.08,109.08,108.86,108.88,3700.0,108.979
2026-05-21 15:35:00-04:00,108.95,109.01,108.88,108.99,4126.0,108.956
2026-05-21 15:36:00-04:00,108.99,109.01,108.88,108.9,3807.0,108.949
2026-05-21 15:37:00-04:00,108.89,108.97,108.82,108.89,6356.0,108.901
2026-05-21 15:38:00-04:00,108.89,109.13,108.89,109.11,9245.0,109.056
2026-05-21 15:39:00-04:00,109.1,109.2,109.09,109.2,9339.0,109.145
2026-05-21 15:40:00-04:00,109.18,109.29,108.82,109.03,35318.0,109.15
2026-05-21 15:41:00-04:00,108.96,109.03,108.91,108.96,9446.0,108.978
2026-05-21 15:42:00-04:00,108.95,108.95,108.82,108.89,7733.0,108.861
2026-05-21 15:43:00-04:00,108.89,109.01,108.84,108.98,6802.0,108.947
2026-05-21 15:44:00-04:00,108.94,109.12,108.94,109.12,8770.0,109.059
2026-05-21 15:45:00-04:00,109.12,109.13,108.97,109.06,9530.0,109.073
2026-05-21 15:46:00-04:00,109.07,109.12,108.94,109.12,10262.0,109.024
2026-05-21 15:47:00-04:00,109.09,109.13,109.01,109.11,4749.0,109.073
2026-05-21 15:48:00-04:00,109.11,109.12,109.0,109.0,7311.0,109.056
2026-05-21 15:49:00-04:00,108.98,109.08,108.96,108.98,19063.0,108.993
2026-05-21 15:50:00-04:00,109.08,109.22,108.96,109.0,22730.0,109.082
2026-05-21 15:51:00-04:00,109.04,109.09,108.92,108.98,12906.0,108.984
2026-05-21 15:52:00-04:00,109.01,109.11,108.95,109.11,12380.0,109.024
2026-05-21 15:53:00-04:00,109.15,109.29,109.12,109.24,10075.0,109.199
2026-05-21 15:54:00-04:00,109.22,109.25,109.03,109.23,16765.0,109.143
2026-05-21 15:55:00-04:00,109.1,109.24,108.93,109.1,34451.0,109.046
2026-05-21 15:56:00-04:00,109.12,109.4,109.11,109.39,35919.0,109.227
2026-05-21 15:57:00-04:00,109.41,109.52,109.33,109.48,21724.0,109.409
2026-05-21 15:58:00-04:00,109.46,109.66,109.46,109.65,34062.0,109.572
2026-05-21 15:59:00-04:00,109.62,109.79,109.53,109.6,190014.0,109.714
2026-05-22 09:30:00-04:00,110.76,111.51,110.76,111.19,72316.0,110.935
2026-05-22 09:31:00-04:00,111.19,112.6,111.18,112.5,64379.0,112.05
2026-05-22 09:32:00-04:00,112.67,112.92,112.42,112.57,64608.0,112.747
2026-05-22 09:33:00-04:00,112.58,113.04,112.56,112.69,38824.0,112.875
2026-05-22 09:34:00-04:00,112.71,113.04,112.7,113.01,6142.0,112.924
2026-05-22 09:35:00-04:00,113.17,113.4,112.81,112.95,31276.0,113.078
2026-05-22 09:36:00-04:00,112.99,113.13,112.82,112.92,15637.0,112.978
2026-05-22 09:37:00-04:00,112.91,113.4,112.87,113.4,17163.0,113.112
2026-05-22 09:38:00-04:00,113.37,113.72,113.14,113.33,14517.0,113.411
2026-05-22 09:39:00-04:00,113.33,113.64,113.2,113.43,19120.0,113.439
2026-05-22 09:40:00-04:00,113.55,113.75,113.33,113.46,11034.0,113.528
2026-05-22 09:41:00-04:00,113.45,113.87,113.39,113.64,22577.0,113.624
2026-05-22 09:42:00-04:00,113.72,113.75,112.78,112.79,34316.0,113.235
2026-05-22 09:43:00-04:00,112.74,113.16,112.66,113.12,30967.0,112.915
2026-05-22 09:44:00-04:00,113.2,113.37,113.1,113.24,5448.0,113.226
2026-05-22 09:45:00-04:00,113.3,113.93,113.3,113.8,9531.0,113.753
2026-05-22 09:46:00-04:00,113.87,114.33,113.74,113.78,14515.0,114.056
2026-05-22 09:47:00-04:00,113.65,113.92,113.5,113.92,11768.0,113.664
2026-05-22 09:48:00-04:00,113.78,113.88,113.51,113.51,5455.0,113.692
2026-05-22 09:49:00-04:00,113.61,114.23,113.56,114.13,10961.0,113.852
2026-05-22 09:50:00-04:00,114.09,114.21,113.83,113.9,10611.0,114.046
2026-05-22 09:51:00-04:00,113.94,114.24,113.81,114.11,5749.0,113.954
2026-05-22 09:52:00-04:00,114.19,114.19,113.9,114.03,3566.0,114.106
2026-05-22 09:53:00-04:00,113.98,114.17,113.98,114.11,2823.0,114.061
2026-05-22 09:54:00-04:00,114.12,114.53,113.94,114.3,20518.0,114.342
2026-05-22 09:55:00-04:00,114.34,114.5,114.32,114.43,6424.0,114.436
2026-05-22 09:56:00-04:00,114.43,114.58,114.42,114.49,2921.0,114.489
2026-05-22 09:57:00-04:00,114.49,114.74,114.49,114.71,6323.0,114.633
2026-05-22 09:58:00-04:00,114.68,114.7,114.54,114.63,4462.0,114.63
2026-05-22 09:59:00-04:00,114.63,115.0,114.63,114.86,14693.0,114.893
2026-05-22 10:00:00-04:00,114.85,114.85,114.45,114.48,63100.0,114.72
2026-05-22 10:01:00-04:00,114.43,114.61,114.04,114.13,15799.0,114.299
2026-05-22 10:02:00-04:00,114.1,114.36,113.82,114.36,7229.0,114.127
2026-05-22 10:03:00-04:00,114.39,114.42,113.9,113.99,15740.0,114.205
2026-05-22 10:04:00-04:00,114.01,114.06,113.7,113.98,27063.0,113.922
2026-05-22 10:05:00-04:00,113.89,114.04,113.67,113.84,3893.0,113.848
2026-05-22 10:06:00-04:00,113.86,114.01,113.62,113.79,8170.0,113.864
2026-05-22 10:07:00-04:00,113.87,114.06,113.83,113.9,6847.0,113.951
2026-05-22 10:08:00-04:00,113.98,114.11,113.88,114.0,37186.0,114.022
2026-05-22 10:09:00-04:00,113.89,114.08,113.86,114.01,21527.0,113.998
2026-05-22 10:10:00-04:00,114.01,114.12,113.87,114.12,13046.0,114.029
2026-05-22 10:11:00-04:00,114.05,114.25,114.04,114.08,4888.0,114.151
2026-05-22 10:12:00-04:00,114.09,114.3,114.07,114.29,14328.0,114.208
2026-05-22 10:13:00-04:00,114.28,114.41,114.08,114.17,4339.0,114.246
2026-05-22 10:14:00-04:00,114.13,114.32,114.07,114.21,7312.0,114.25
2026-05-22 10:15:00-04:00,114.37,114.5,114.3,114.33,7731.0,114.394
2026-05-22 10:16:00-04:00,114.28,114.4,114.05,114.11,5792.0,114.223
2026-05-22 10:17:00-04:00,114.25,114.29,113.96,113.97,5153.0,114.174
2026-05-22 10:18:00-04:00,114.02,114.1,113.77,113.89,5380.0,113.874
2026-05-22 10:19:00-04:00,113.93,114.08,113.75,113.88,6367.0,113.953
2026-05-22 10:20:00-04:00,113.92,114.03,113.71,114.0,3973.0,113.856
2026-05-22 10:21:00-04:00,113.98,114.0,113.69,113.71,17378.0,113.811
2026-05-22 10:22:00-04:00,113.66,113.93,113.54,113.86,19908.0,113.759
2026-05-22 10:23:00-04:00,113.87,113.88,113.58,113.71,20798.0,113.789
2026-05-22 10:24:00-04:00,113.63,113.96,113.58,113.96,5932.0,113.77
2026-05-22 10:25:00-04:00,114.02,114.18,113.95,114.11,7297.0,114.077
2026-05-22 10:26:00-04:00,114.13,114.27,114.02,114.05,4354.0,114.114
2026-05-22 10:27:00-04:00,114.08,114.35,114.02,114.28,8053.0,114.109
2026-05-22 10:28:00-04:00,114.35,114.36,114.07,114.2,5569.0,114.225
2026-05-22 10:29:00-04:00,114.25,114.48,114.1,114.33,18654.0,114.352
2026-05-22 10:30:00-04:00,114.28,114.4,114.15,114.28,7636.0,114.251
2026-05-22 10:31:00-04:00,114.31,114.64,114.29,114.4,60613.0,114.4
2026-05-22 10:32:00-04:00,114.46,114.76,114.46,114.76,8515.0,114.587
2026-05-22 10:33:00-04:00,114.76,114.99,114.7,114.79,15708.0,114.811
2026-05-22 10:34:00-04:00,114.81,114.92,114.72,114.87,5727.0,114.795
2026-05-22 10:35:00-04:00,114.83,114.95,114.7,114.76,8590.0,114.788
2026-05-22 10:36:00-04:00,114.82,114.95,114.68,114.74,14797.0,114.814
2026-05-22 10:37:00-04:00,114.74,114.89,114.65,114.79,14348.0,114.78
2026-05-22 10:38:00-04:00,114.73,114.83,114.62,114.67,16925.0,114.723
2026-05-22 10:39:00-04:00,114.66,115.31,114.65,115.11,48171.0,114.985
2026-05-22 10:40:00-04:00,115.11,115.75,115.11,115.7,42367.0,115.441
2026-05-22 10:41:00-04:00,115.74,115.91,115.69,115.75,7340.0,115.795
2026-05-22 10:42:00-04:00,115.77,116.19,115.6,116.18,72260.0,115.909
2026-05-22 10:43:00-04:00,116.2,116.49,115.55,116.14,70127.0,116.028
2026-05-22 10:44:00-04:00,116.19,116.2,115.95,116.2,40445.0,116.099
2026-05-22 10:45:00-04:00,116.2,116.71,116.15,116.5,13851.0,116.387
2026-05-22 10:46:00-04:00,116.5,116.79,116.37,116.44,169842.0,116.555
2026-05-22 10:47:00-04:00,116.5,116.5,116.16,116.42,13876.0,116.317
2026-05-22 10:48:00-04:00,116.41,116.48,116.2,116.21,9972.0,116.334
2026-05-22 10:49:00-04:00,116.23,116.4,116.07,116.2,19064.0,116.233
2026-05-22 10:50:00-04:00,116.16,116.25,116.06,116.08,19284.0,116.177
2026-05-22 10:51:00-04:00,116.03,116.17,115.84,115.93,16241.0,116.023
2026-05-22 10:52:00-04:00,115.87,115.99,115.63,115.69,5865.0,115.766
2026-05-22 10:53:00-04:00,115.65,115.7,115.45,115.45,6396.0,115.583
2026-05-22 10:54:00-04:00,115.44,115.74,115.43,115.58,9339.0,115.584
2026-05-22 10:55:00-04:00,115.57,115.66,115.44,115.65,6247.0,115.535
2026-05-22 10:56:00-04:00,115.59,115.74,115.55,115.71,4189.0,115.679
2026-05-22 10:57:00-04:00,115.72,116.08,115.71,116.08,45125.0,115.847
2026-05-22 10:58:00-04:00,116.17,116.27,115.93,115.93,8147.0,116.085
2026-05-22 10:59:00-04:00,116.02,116.47,115.95,116.35,39664.0,116.197
2026-05-22 11:00:00-04:00,116.34,116.48,116.17,116.19,9309.0,116.335
2026-05-22 11:01:00-04:00,116.16,116.34,116.1,116.21,4989.0,116.192
2026-05-22 11:02:00-04:00,116.28,116.35,116.2,116.35,6309.0,116.242
2026-05-22 11:03:00-04:00,116.31,116.5,116.25,116.34,8896.0,116.361
2026-05-22 11:04:00-04:00,116.28,116.51,116.28,116.48,4292.0,116.412
2026-05-22 11:05:00-04:00,116.5,116.56,116.05,116.53,35754.0,116.279
2026-05-22 11:06:00-04:00,116.52,116.57,116.39,116.39,8171.0,116.482
2026-05-22 11:07:00-04:00,116.39,116.48,116.25,116.46,18295.0,116.312
2026-05-22 11:08:00-04:00,116.46,116.59,116.4,116.41,15703.0,116.516
2026-05-22 11:09:00-04:00,116.38,116.48,116.34,116.37,15593.0,116.403
2026-05-22 11:10:00-04:00,116.32,116.32,116.15,116.2,4254.0,116.239
2026-05-22 11:11:00-04:00,116.14,116.17,115.78,115.83,19086.0,115.877
2026-05-22 11:12:00-04:00,115.81,115.93,115.71,115.87,28441.0,115.815
2026-05-22 11:13:00-04:00,115.79,116.2,115.64,116.09,28340.0,115.94
2026-05-22 11:14:00-04:00,116.12,116.12,115.86,115.91,25698.0,116.028
2026-05-22 11:15:00-04:00,115.84,115.84,115.69,115.7,3213.0,115.783
2026-05-22 11:16:00-04:00,115.66,115.75,115.65,115.72,9374.0,115.68
2026-05-22 11:17:00-04:00,115.68,115.74,115.49,115.53,13001.0,115.588
2026-05-22 11:18:00-04:00,115.53,115.59,115.48,115.51,5862.0,115.513
2026-05-22 11:19:00-04:00,115.52,115.63,115.5,115.63,4046.0,115.562
2026-05-22 11:20:00-04:00,115.59,115.72,115.46,115.65,45216.0,115.631
2026-05-22 11:21:00-04:00,115.63,115.69,115.5,115.51,7953.0,115.612
2026-05-22 11:22:00-04:00,115.51,115.7,115.34,115.34,6066.0,115.524
2026-05-22 11:23:00-04:00,115.36,115.39,115.29,115.29,5496.0,115.344
2026-05-22 11:24:00-04:00,115.28,115.48,115.28,115.46,3689.0,115.403
2026-05-22 11:25:00-04:00,115.46,115.59,115.23,115.56,9892.0,115.381
2026-05-22 11:26:00-04:00,115.6,115.64,115.55,115.61,2110.0,115.604
2026-05-22 11:27:00-04:00,115.61,115.7,115.48,115.48,9698.0,115.597
2026-05-22 11:28:00-04:00,115.52,115.61,115.51,115.54,2777.0,115.561
2026-05-22 11:29:00-04:00,115.59,115.77,115.58,115.68,2170.0,115.635
2026-05-22 11:30:00-04:00,115.6,115.72,115.52,115.55,6806.0,115.635
2026-05-22 11:31:00-04:00,115.62,115.68,115.58,115.68,4195.0,115.632
2026-05-22 11:32:00-04:00,115.69,115.77,115.58,115.64,6970.0,115.689
2026-05-22 11:33:00-04:00,115.56,115.64,115.5,115.51,6480.0,115.568
2026-05-22 11:34:00-04:00,115.51,115.68,115.49,115.55,6172.0,115.56
2026-05-22 11:35:00-04:00,115.53,115.57,115.51,115.52,4003.0,115.523
2026-05-22 11:36:00-04:00,115.51,115.55,115.43,115.5,2291.0,115.482
2026-05-22 11:37:00-04:00,115.52,115.61,115.45,115.47,4985.0,115.54
2026-05-22 11:38:00-04:00,115.45,115.45,115.25,115.25,5123.0,115.36
2026-05-22 11:39:00-04:00,115.32,115.33,115.11,115.18,41477.0,115.206
2026-05-22 11:40:00-04:00,115.18,115.4,115.17,115.29,19901.0,115.258
2026-05-22 11:41:00-04:00,115.26,115.41,115.25,115.29,6981.0,115.35
2026-05-22 11:42:00-04:00,115.39,115.47,115.32,115.47,2885.0,115.4
2026-05-22 11:43:00-04:00,115.4,115.43,115.35,115.42,3716.0,115.388
2026-05-22 11:44:00-04:00,115.39,115.52,115.39,115.52,2594.0,115.479
2026-05-22 11:45:00-04:00,115.45,115.56,115.42,115.53,5075.0,115.507
2026-05-22 11:46:00-04:00,115.53,115.64,115.53,115.64,831.0,115.59
2026-05-22 11:47:00-04:00,115.63,115.64,115.55,115.57,4937.0,115.595
2026-05-22 11:48:00-04:00,115.54,115.57,115.4,115.42,3919.0,115.488
2026-05-22 11:49:00-04:00,115.41,115.41,115.16,115.21,5613.0,115.287
2026-05-22 11:50:00-04:00,115.15,115.34,115.15,115.23,4222.0,115.22
2026-05-22 11:51:00-04:00,115.2,115.38,115.19,115.38,3675.0,115.252
2026-05-22 11:52:00-04:00,115.34,115.43,115.33,115.38,10584.0,115.386
2026-05-22 11:53:00-04:00,115.32,115.43,115.32,115.35,4702.0,115.367
2026-05-22 11:54:00-04:00,115.35,115.5,115.3,115.5,5340.0,115.39
2026-05-22 11:55:00-04:00,115.44,115.49,115.42,115.49,907.0,115.466
2026-05-22 11:56:00-04:00,115.47,115.47,115.4,115.47,2726.0,115.428
2026-05-22 11:57:00-04:00,115.46,115.5,115.39,115.49,1660.0,115.453
2026-05-22 11:58:00-04:00,115.49,115.54,115.45,115.51,4204.0,115.509
2026-05-22 11:59:00-04:00,115.53,115.82,115.53,115.76,4876.0,115.681
2026-05-22 12:00:00-04:00,115.75,115.93,115.69,115.85,7683.0,115.75
2026-05-22 12:01:00-04:00,115.77,115.83,115.77,115.83,462.0,115.807
2026-05-22 12:02:00-04:00,115.83,115.83,115.47,115.47,28643.0,115.656
2026-05-22 12:03:00-04:00,115.48,115.69,115.47,115.62,13043.0,115.577
2026-05-22 12:04:00-04:00,115.63,115.64,115.55,115.55,3009.0,115.596
2026-05-22 12:05:00-04:00,115.55,115.55,115.48,115.54,4318.0,115.522
2026-05-22 12:06:00-04:00,115.52,115.61,115.5,115.52,3952.0,115.56
2026-05-22 12:07:00-04:00,115.47,115.64,115.46,115.58,7524.0,115.526
2026-05-22 12:08:00-04:00,115.58,115.62,115.57,115.57,2534.0,115.586
2026-05-22 12:09:00-04:00,115.57,115.64,115.54,115.6,11007.0,115.603
2026-05-22 12:10:00-04:00,115.6,115.87,115.56,115.8,22607.0,115.672
2026-05-22 12:11:00-04:00,115.81,115.83,115.71,115.83,3336.0,115.794
2026-05-22 12:12:00-04:00,115.84,115.95,115.84,115.95,4135.0,115.907
2026-05-22 12:13:00-04:00,115.95,115.95,115.84,115.94,2837.0,115.898
2026-05-22 12:14:00-04:00,115.96,115.96,115.83,115.91,2418.0,115.876
2026-05-22 12:15:00-04:00,115.86,115.93,115.81,115.87,5066.0,115.875
2026-05-22 12:16:00-04:00,115.86,115.97,115.86,115.88,8495.0,115.908
2026-05-22 12:17:00-04:00,115.92,116.01,115.86,115.92,15035.0,115.942
2026-05-22 12:18:00-04:00,115.92,115.97,115.78,115.92,19604.0,115.891
2026-05-22 12:19:00-04:00,115.92,116.2,115.91,116.15,17412.0,116.023
2026-05-22 12:20:00-04:00,116.12,116.4,116.12,116.32,19727.0,116.282
2026-05-22 12:21:00-04:00,116.27,116.33,116.15,116.24,9664.0,116.237
2026-05-22 12:22:00-04:00,116.15,116.47,116.15,116.31,29586.0,116.295
2026-05-22 12:23:00-04:00,116.31,116.43,116.27,116.34,11431.0,116.332
2026-05-22 12:24:00-04:00,116.37,116.37,116.27,116.33,2817.0,116.323
2026-05-22 12:25:00-04:00,116.33,116.5,116.3,116.46,5983.0,116.354
2026-05-22 12:26:00-04:00,116.46,116.5,116.43,116.44,980.0,116.468
2026-05-22 12:27:00-04:00,116.46,116.54,116.44,116.5,5215.0,116.496
2026-05-22 12:28:00-04:00,116.5,116.56,116.48,116.56,5222.0,116.516
2026-05-22 12:29:00-04:00,116.54,116.69,116.5,116.68,17108.0,116.565
2026-05-22 12:30:00-04:00,116.68,116.74,116.55,116.67,17309.0,116.647
2026-05-22 12:31:00-04:00,116.63,116.75,116.57,116.7,7387.0,116.695
2026-05-22 12:32:00-04:00,116.72,116.73,116.59,116.61,5841.0,116.669
2026-05-22 12:33:00-04:00,116.69,116.75,116.68,116.72,2140.0,116.726
2026-05-22 12:34:00-04:00,116.75,116.78,116.61,116.61,5278.0,116.697
2026-05-22 12:35:00-04:00,116.61,116.82,116.6,116.74,5779.0,116.726
2026-05-22 12:36:00-04:00,116.72,116.74,116.68,116.68,4031.0,116.709
2026-05-22 12:37:00-04:00,116.69,116.8,116.68,116.8,9470.0,116.767
2026-05-22 12:38:00-04:00,116.79,116.83,116.76,116.83,2127.0,116.798
2026-05-22 12:39:00-04:00,116.81,116.81,116.54,116.61,10941.0,116.697
2026-05-22 12:40:00-04:00,116.62,116.71,116.6,116.68,2311.0,116.662
2026-05-22 12:41:00-04:00,116.68,116.68,116.61,116.66,4699.0,116.645
2026-05-22 12:42:00-04:00,116.66,116.66,116.55,116.6,4050.0,116.609
2026-05-22 12:43:00-04:00,116.63,116.71,116.56,116.7,2800.0,116.633
2026-05-22 12:44:00-04:00,116.66,116.71,116.66,116.7,1600.0,116.688
2026-05-22 12:45:00-04:00,116.72,116.74,116.55,116.61,5811.0,116.652
2026-05-22 12:46:00-04:00,116.61,116.69,116.61,116.63,4913.0,116.648
2026-05-22 12:47:00-04:00,116.71,116.72,116.66,116.72,2800.0,116.694
2026-05-22 12:48:00-04:00,116.74,116.76,116.65,116.73,9981.0,116.726
2026-05-22 12:49:00-04:00,116.77,116.79,116.58,116.62,11342.0,116.674
2026-05-22 12:50:00-04:00,116.65,116.79,116.65,116.76,4605.0,116.712
2026-05-22 12:51:00-04:00,116.76,116.79,116.64,116.64,4889.0,116.682
2026-05-22 12:52:00-04:00,116.65,116.72,116.59,116.72,4184.0,116.633
2026-05-22 12:53:00-04:00,116.71,116.75,116.67,116.73,5844.0,116.714
2026-05-22 12:54:00-04:00,116.73,116.73,116.59,116.63,7409.0,116.649
2026-05-22 12:55:00-04:00,116.61,116.7,116.61,116.66,3450.0,116.659
2026-05-22 12:56:00-04:00,116.66,116.67,116.58,116.62,4900.0,116.62
2026-05-22 12:57:00-04:00,116.61,116.82,116.61,116.82,5786.0,116.661
2026-05-22 12:58:00-04:00,116.81,116.85,116.77,116.82,3524.0,116.806
2026-05-22 12:59:00-04:00,116.82,116.86,116.81,116.83,11700.0,116.831
2026-05-22 13:00:00-04:00,116.86,117.0,116.85,116.95,19081.0,116.968
2026-05-22 13:01:00-04:00,116.93,117.05,116.93,117.01,3943.0,116.988
2026-05-22 13:02:00-04:00,117.0,117.25,117.0,117.22,2801.0,117.13
2026-05-22 13:03:00-04:00,117.2,117.39,117.2,117.24,13166.0,117.281
2026-05-22 13:04:00-04:00,117.28,117.45,117.25,117.42,2121.0,117.353
2026-05-22 13:05:00-04:00,117.38,117.46,117.38,117.44,3783.0,117.413
2026-05-22 13:06:00-04:00,117.41,117.49,117.31,117.38,4489.0,117.404
2026-05-22 13:07:00-04:00,117.37,117.5,117.3,117.35,12105.0,117.4
2026-05-22 13:08:00-04:00,117.3,117.31,117.27,117.31,1772.0,117.295
2026-05-22 13:09:00-04:00,117.31,117.54,117.3,117.54,4557.0,117.446
2026-05-22 13:10:00-04:00,117.54,117.59,117.41,117.41,5196.0,117.523
2026-05-22 13:11:00-04:00,117.47,117.49,117.36,117.44,8435.0,117.408
2026-05-22 13:12:00-04:00,117.39,117.39,117.31,117.36,4236.0,117.336
2026-05-22 13:13:00-04:00,117.34,117.4,117.33,117.36,2099.0,117.371
2026-05-22 13:14:00-04:00,117.36,117.43,117.29,117.33,8489.0,117.348
2026-05-22 13:15:00-04:00,117.34,117.37,117.26,117.26,6999.0,117.308
2026-05-22 13:16:00-04:00,117.28,117.32,117.27,117.3,2470.0,117.297
2026-05-22 13:17:00-04:00,117.3,117.33,117.24,117.24,11347.0,117.257
2026-05-22 13:18:00-04:00,117.25,117.26,117.16,117.22,2100.0,117.217
2026-05-22 13:19:00-04:00,117.22,117.33,117.05,117.09,5485.0,117.224
2026-05-22 13:20:00-04:00,117.1,117.38,117.01,117.31,8174.0,117.222
2026-05-22 13:21:00-04:00,117.37,117.44,117.33,117.44,2601.0,117.368
2026-05-22 13:22:00-04:00,117.41,117.49,117.41,117.44,2067.0,117.44
2026-05-22 13:23:00-04:00,117.43,117.48,117.32,117.44,6382.0,117.411
2026-05-22 13:24:00-04:00,117.44,117.5,117.44,117.5,1060.0,117.472
2026-05-22 13:25:00-04:00,117.52,117.57,117.47,117.52,2525.0,117.516
2026-05-22 13:26:00-04:00,117.53,117.65,117.51,117.63,5434.0,117.576
2026-05-22 13:27:00-04:00,117.63,117.77,117.63,117.72,2806.0,117.694
2026-05-22 13:28:00-04:00,117.73,117.78,117.61,117.66,19421.0,117.697
2026-05-22 13:29:00-04:00,117.63,117.79,117.59,117.76,4242.0,117.698
2026-05-22 13:30:00-04:00,117.8,117.87,117.55,117.57,12850.0,117.665
2026-05-22 13:31:00-04:00,117.6,117.8,117.6,117.8,2997.0,117.684
2026-05-22 13:32:00-04:00,117.88,117.89,117.68,117.68,4333.0,117.781
2026-05-22 13:33:00-04:00,117.7,117.71,117.63,117.63,4400.0,117.657
2026-05-22 13:34:00-04:00,117.59,117.69,117.5,117.6,7375.0,117.608
2026-05-22 13:35:00-04:00,117.5,117.68,117.5,117.66,3015.0,117.621
2026-05-22 13:36:00-04:00,117.62,117.65,117.55,117.55,2698.0,117.604
2026-05-22 13:37:00-04:00,117.55,117.64,117.5,117.62,15866.0,117.542
2026-05-22 13:38:00-04:00,117.67,117.67,117.62,117.65,1000.0,117.641
2026-05-22 13:39:00-04:00,117.65,117.65,117.49,117.5,2493.0,117.594
2026-05-22 13:40:00-04:00,117.53,117.53,117.4,117.4,5683.0,117.467
2026-05-22 13:41:00-04:00,117.43,117.49,117.32,117.36,8301.0,117.402
2026-05-22 13:42:00-04:00,117.36,117.5,117.3,117.5,11224.0,117.385
2026-05-22 13:43:00-04:00,117.46,117.5,117.33,117.33,5965.0,117.395
2026-05-22 13:44:00-04:00,117.36,117.49,117.36,117.46,8441.0,117.422
2026-05-22 13:45:00-04:00,117.46,117.46,117.11,117.12,7235.0,117.255
2026-05-22 13:46:00-04:00,117.12,117.15,117.04,117.04,4379.0,117.114
2026-05-22 13:47:00-04:00,117.07,117.16,117.05,117.16,4468.0,117.108
2026-05-22 13:48:00-04:00,117.16,117.18,117.16,117.18,1428.0,117.166
2026-05-22 13:49:00-04:00,117.18,117.28,117.17,117.2,7740.0,117.211
2026-05-22 13:50:00-04:00,117.2,117.3,117.19,117.26,3395.0,117.24
2026-05-22 13:51:00-04:00,117.26,117.29,117.19,117.21,9208.0,117.223
2026-05-22 13:52:00-04:00,117.21,117.24,117.16,117.23,8108.0,117.198
2026-05-22 13:53:00-04:00,117.2,117.4,117.2,117.39,2235.0,117.329
2026-05-22 13:54:00-04:00,117.39,117.39,117.26,117.36,9258.0,117.331
2026-05-22 13:55:00-04:00,117.34,117.36,117.19,117.19,7091.0,117.29
2026-05-22 13:56:00-04:00,117.21,117.21,117.06,117.16,4540.0,117.127
2026-05-22 13:57:00-04:00,117.16,117.21,117.14,117.18,3237.0,117.175
2026-05-22 13:58:00-04:00,117.18,117.28,117.18,117.21,3619.0,117.229
2026-05-22 13:59:00-04:00,117.22,117.33,117.19,117.33,4949.0,117.219
2026-05-22 14:00:00-04:00,117.31,117.42,117.16,117.16,11796.0,117.315
2026-05-22 14:01:00-04:00,117.14,117.24,117.08,117.22,7011.0,117.144
2026-05-22 14:02:00-04:00,117.25,117.25,117.15,117.18,11862.0,117.179
2026-05-22 14:03:00-04:00,117.18,117.28,117.15,117.22,10491.0,117.226
2026-05-22 14:04:00-04:00,117.23,117.28,117.0,117.17,11668.0,117.149
2026-05-22 14:05:00-04:00,117.15,117.23,117.14,117.22,7170.0,117.189
2026-05-22 14:06:00-04:00,117.22,117.26,117.16,117.25,6784.0,117.196
2026-05-22 14:07:00-04:00,117.25,117.32,117.21,117.26,5098.0,117.286
2026-05-22 14:08:00-04:00,117.26,117.26,117.15,117.15,4501.0,117.214
2026-05-22 14:09:00-04:00,117.16,117.2,117.14,117.18,1300.0,117.169
2026-05-22 14:10:00-04:00,117.17,117.3,117.17,117.29,3547.0,117.259
2026-05-22 14:11:00-04:00,117.29,117.33,117.22,117.24,4666.0,117.252
2026-05-22 14:12:00-04:00,117.25,117.25,117.0,117.04,6128.0,117.103
2026-05-22 14:13:00-04:00,117.04,117.21,117.03,117.2,5619.0,117.118
2026-05-22 14:14:00-04:00,117.2,117.2,117.14,117.2,4200.0,117.173
2026-05-22 14:15:00-04:00,117.17,117.17,116.88,116.88,10433.0,117.008
2026-05-22 14:16:00-04:00,116.88,116.92,116.86,116.9,6734.0,116.892
2026-05-22 14:17:00-04:00,116.91,117.02,116.86,116.93,6699.0,116.932
2026-05-22 14:18:00-04:00,117.0,117.08,116.98,117.08,3023.0,117.026
2026-05-22 14:19:00-04:00,117.04,117.18,117.01,117.11,3071.0,117.096
2026-05-22 14:20:00-04:00,117.11,117.14,117.06,117.1,5140.0,117.101
2026-05-22 14:21:00-04:00,117.13,117.22,117.08,117.11,5182.0,117.136
2026-05-22 14:22:00-04:00,117.1,117.27,117.07,117.18,12136.0,117.128
2026-05-22 14:23:00-04:00,117.16,117.3,117.16,117.24,8564.0,117.224
2026-05-22 14:24:00-04:00,117.24,117.3,117.24,117.3,900.0,117.258
2026-05-22 14:25:00-04:00,117.27,117.3,117.15,117.2,8686.0,117.222
2026-05-22 14:26:00-04:00,117.17,117.17,117.11,117.13,4701.0,117.139
2026-05-22 14:27:00-04:00,117.14,117.26,117.13,117.25,1900.0,117.218
2026-05-22 14:28:00-04:00,117.24,117.25,117.05,117.07,7044.0,117.158
2026-05-22 14:29:00-04:00,117.07,117.11,117.07,117.11,1000.0,117.081
2026-05-22 14:30:00-04:00,117.12,117.16,116.93,116.94,8885.0,117.056
2026-05-22 14:31:00-04:00,116.94,116.96,116.87,116.93,3349.0,116.915
2026-05-22 14:32:00-04:00,116.98,117.0,116.92,116.92,2899.0,116.952
2026-05-22 14:33:00-04:00,116.92,116.98,116.84,116.87,4915.0,116.914
2026-05-22 14:34:00-04:00,116.87,116.89,116.84,116.88,1513.0,116.866
2026-05-22 14:35:00-04:00,116.88,116.88,116.75,116.78,3988.0,116.8
2026-05-22 14:36:00-04:00,116.82,116.85,116.78,116.82,6856.0,116.811
2026-05-22 14:37:00-04:00,116.81,116.86,116.73,116.73,8427.0,116.782
2026-05-22 14:38:00-04:00,116.72,116.74,116.66,116.71,4572.0,116.708
2026-05-22 14:39:00-04:00,116.66,116.82,116.65,116.81,8401.0,116.723
2026-05-22 14:40:00-04:00,116.78,116.89,116.78,116.88,5736.0,116.831
2026-05-22 14:41:00-04:00,116.89,117.03,116.89,117.01,5146.0,116.95
2026-05-22 14:42:00-04:00,117.01,117.05,116.9,116.92,4615.0,116.958
2026-05-22 14:43:00-04:00,116.9,116.99,116.81,116.99,5362.0,116.873
2026-05-22 14:44:00-04:00,116.93,117.0,116.89,116.93,5841.0,116.927
2026-05-22 14:45:00-04:00,116.93,116.93,116.73,116.74,6492.0,116.827
2026-05-22 14:46:00-04:00,116.74,116.97,116.74,116.97,2329.0,116.834
2026-05-22 14:47:00-04:00,117.0,117.1,116.94,117.03,8335.0,117.0
2026-05-22 14:48:00-04:00,116.92,117.03,116.89,117.03,1740.0,116.932
2026-05-22 14:49:00-04:00,116.96,117.22,116.96,117.14,7290.0,117.139
2026-05-22 14:50:00-04:00,117.12,117.19,117.09,117.17,4202.0,117.132
2026-05-22 14:51:00-04:00,117.14,117.14,117.03,117.07,6297.0,117.071
2026-05-22 14:52:00-04:00,117.06,117.19,117.04,117.19,6857.0,117.081
2026-05-22 14:53:00-04:00,117.19,117.29,117.13,117.24,5699.0,117.226
2026-05-22 14:54:00-04:00,117.21,117.26,117.11,117.15,17616.0,117.169
2026-05-22 14:55:00-04:00,117.15,117.15,117.05,117.1,13876.0,117.086
2026-05-22 14:56:00-04:00,117.1,117.26,117.09,117.22,8403.0,117.135
2026-05-22 14:57:00-04:00,117.22,117.27,117.18,117.25,9056.0,117.224
2026-05-22 14:58:00-04:00,117.28,117.28,117.18,117.2,25555.0,117.199
2026-05-22 14:59:00-04:00,117.2,117.32,117.1,117.24,12621.0,117.182
2026-05-22 15:00:00-04:00,117.23,117.31,116.97,116.99,19063.0,117.182
2026-05-22 15:01:00-04:00,116.95,117.01,116.83,116.91,9196.0,116.948
2026-05-22 15:02:00-04:00,116.89,117.22,116.75,116.8,42392.0,117.119
2026-05-22 15:03:00-04:00,116.78,116.86,116.71,116.8,7250.0,116.768
2026-05-22 15:04:00-04:00,116.78,116.85,116.55,116.72,10324.0,116.672
2026-05-22 15:05:00-04:00,116.68,116.82,116.66,116.79,4255.0,116.731
2026-05-22 15:06:00-04:00,116.79,116.79,116.45,116.49,12490.0,116.59
2026-05-22 15:07:00-04:00,116.49,116.9,116.44,116.85,4841.0,116.737
2026-05-22 15:08:00-04:00,116.8,117.09,116.79,116.9,11901.0,116.926
2026-05-22 15:09:00-04:00,116.84,116.89,116.83,116.87,2400.0,116.843
2026-05-22 15:10:00-04:00,116.84,116.88,116.73,116.78,11352.0,116.79
2026-05-22 15:11:00-04:00,116.79,116.82,116.74,116.78,4124.0,116.779
2026-05-22 15:12:00-04:00,116.82,117.13,116.81,117.04,16170.0,116.996
2026-05-22 15:13:00-04:00,117.06,117.09,116.96,117.0,10967.0,117.021
2026-05-22 15:14:00-04:00,117.0,117.0,116.79,116.8,5597.0,116.897
2026-05-22 15:15:00-04:00,116.83,116.83,116.59,116.59,8016.0,116.689
2026-05-22 15:16:00-04:00,116.65,116.72,116.57,116.71,2629.0,116.625
2026-05-22 15:17:00-04:00,116.71,116.82,116.63,116.76,5100.0,116.74
2026-05-22 15:18:00-04:00,116.75,116.85,116.72,116.76,13900.0,116.777
2026-05-22 15:19:00-04:00,116.82,116.89,116.79,116.81,8014.0,116.831
2026-05-22 15:20:00-04:00,116.79,116.81,116.65,116.65,8608.0,116.726
2026-05-22 15:21:00-04:00,116.65,116.74,116.65,116.71,6894.0,116.685
2026-05-22 15:22:00-04:00,116.65,116.71,116.63,116.68,5829.0,116.673
2026-05-22 15:23:00-04:00,116.66,116.79,116.62,116.66,13762.0,116.696
2026-05-22 15:24:00-04:00,116.72,116.72,116.52,116.58,12981.0,116.591
2026-05-22 15:25:00-04:00,116.58,116.67,116.55,116.59,9742.0,116.602
2026-05-22 15:26:00-04:00,116.59,116.64,116.5,116.6,8564.0,116.582
2026-05-22 15:27:00-04:00,116.59,116.66,116.41,116.43,7009.0,116.503
2026-05-22 15:28:00-04:00,116.39,116.6,116.39,116.55,9224.0,116.506
2026-05-22 15:29:00-04:00,116.52,116.56,116.37,116.47,14077.0,116.465
2026-05-22 15:30:00-04:00,116.44,116.56,116.35,116.56,9807.0,116.466
2026-05-22 15:31:00-04:00,116.48,116.52,116.37,116.52,6394.0,116.438
2026-05-22 15:32:00-04:00,116.52,116.73,116.45,116.73,44380.0,116.533
2026-05-22 15:33:00-04:00,116.73,116.75,116.49,116.51,11978.0,116.661
2026-05-22 15:34:00-04:00,116.5,116.53,116.42,116.44,4809.0,116.472
2026-05-22 15:35:00-04:00,116.44,116.53,116.44,116.46,9208.0,116.485
2026-05-22 15:36:00-04:00,116.48,116.73,116.48,116.7,16006.0,116.57
2026-05-22 15:37:00-04:00,116.7,116.7,116.48,116.48,13921.0,116.6
2026-05-22 15:38:00-04:00,116.49,116.5,116.43,116.47,4183.0,116.46
2026-05-22 15:39:00-04:00,116.5,116.59,116.46,116.53,16549.0,116.528
2026-05-22 15:40:00-04:00,116.52,116.52,116.45,116.47,6102.0,116.483
2026-05-22 15:41:00-04:00,116.45,116.63,116.4,116.6,18705.0,116.5
2026-05-22 15:42:00-04:00,116.59,116.73,116.57,116.65,16448.0,116.654
2026-05-22 15:43:00-04:00,116.64,116.84,116.61,116.66,19615.0,116.74
2026-05-22 15:44:00-04:00,116.69,116.69,116.6,116.65,16658.0,116.642
2026-05-22 15:45:00-04:00,116.64,116.64,116.47,116.47,12379.0,116.555
2026-05-22 15:46:00-04:00,116.46,116.63,116.42,116.63,8895.0,116.494
2026-05-22 15:47:00-04:00,116.61,116.81,116.61,116.7,17864.0,116.742
2026-05-22 15:48:00-04:00,116.69,116.72,116.5,116.5,13589.0,116.637
2026-05-22 15:49:00-04:00,116.48,116.52,116.39,116.5,10078.0,116.459
2026-05-22 15:50:00-04:00,116.53,116.64,116.46,116.48,28729.0,116.573
2026-05-22 15:51:00-04:00,116.52,116.54,116.36,116.4,30107.0,116.46
2026-05-22 15:52:00-04:00,116.4,116.45,116.32,116.45,34325.0,116.378
2026-05-22 15:53:00-04:00,116.45,116.56,116.36,116.36,24731.0,116.458
2026-05-22 15:54:00-04:00,116.37,116.53,116.27,116.37,35677.0,116.399
2026-05-22 15:55:00-04:00,116.43,116.47,116.19,116.44,29413.0,116.362
2026-05-22 15:56:00-04:00,116.44,116.52,116.39,116.46,46513.0,116.455
2026-05-22 15:57:00-04:00,116.46,116.49,116.32,116.44,62115.0,116.395
2026-05-22 15:58:00-04:00,116.44,116.44,116.24,116.27,63714.0,116.295
2026-05-22 15:59:00-04:00,116.27,116.27,116.15,116.2,222480.0,116.209
2026-05-26 09:30:00-04:00,122.93,123.7,121.76,121.98,308765.0,122.799
2026-05-26 09:31:00-04:00,122.21,122.34,121.06,122.32,49763.0,121.777
2026-05-26 09:32:00-04:00,122.32,122.32,121.59,122.28,50844.0,121.997
2026-05-26 09:33:00-04:00,122.28,122.38,122.01,122.23,32859.0,122.229
2026-05-26 09:34:00-04:00,122.23,122.96,122.23,122.91,44038.0,122.668
2026-05-26 09:35:00-04:00,122.91,123.69,122.87,123.21,69472.0,123.326
2026-05-26 09:36:00-04:00,123.22,123.75,123.07,123.68,69730.0,123.384
2026-05-26 09:37:00-04:00,123.69,124.35,123.25,124.22,151794.0,123.758
2026-05-26 09:38:00-04:00,124.29,124.36,123.59,123.79,91537.0,123.935
2026-05-26 09:39:00-04:00,123.85,124.63,123.39,124.35,88392.0,124.012
2026-05-26 09:40:00-04:00,124.42,124.77,124.15,124.46,47024.0,124.498
2026-05-26 09:41:00-04:00,124.56,125.36,124.55,125.28,108030.0,124.954
2026-05-26 09:42:00-04:00,125.36,125.8,124.91,125.75,130297.0,125.279
2026-05-26 09:43:00-04:00,125.81,125.87,124.27,124.27,190761.0,125.238
2026-05-26 09:44:00-04:00,124.32,125.36,124.18,125.3,57751.0,124.845
2026-05-26 09:45:00-04:00,125.22,125.39,125.06,125.19,72056.0,125.254
2026-05-26 09:46:00-04:00,125.18,125.55,125.18,125.27,37422.0,125.372
2026-05-26 09:47:00-04:00,125.3,125.86,125.27,125.47,37466.0,125.497
2026-05-26 09:48:00-04:00,125.5,126.3,125.5,126.29,36731.0,125.946
2026-05-26 09:49:00-04:00,126.3,126.87,126.04,126.2,84476.0,126.525
2026-05-26 09:50:00-04:00,126.2,126.68,125.86,126.08,36739.0,126.21
2026-05-26 09:51:00-04:00,126.03,126.52,126.01,126.49,42755.0,126.352
2026-05-26 09:52:00-04:00,126.42,126.84,126.22,126.31,46751.0,126.581
2026-05-26 09:53:00-04:00,126.28,126.35,126.0,126.05,41862.0,126.172
2026-05-26 09:54:00-04:00,125.9,126.28,125.9,126.1,25179.0,126.132
2026-05-26 09:55:00-04:00,126.04,126.34,126.0,126.26,28001.0,126.189
2026-05-26 09:56:00-04:00,126.26,126.33,125.88,126.05,35702.0,126.063
2026-05-26 09:57:00-04:00,126.02,126.4,125.95,126.39,42265.0,126.15
2026-05-26 09:58:00-04:00,126.39,126.48,126.19,126.23,24469.0,126.341
2026-05-26 09:59:00-04:00,126.24,126.33,125.99,126.09,10545.0,126.146
2026-05-26 10:00:00-04:00,126.12,126.32,125.95,126.27,26872.0,126.155
2026-05-26 10:01:00-04:00,126.24,126.24,125.64,125.65,41470.0,126.031
2026-05-26 10:02:00-04:00,125.75,126.14,125.75,125.88,29087.0,126.001
2026-05-26 10:03:00-04:00,125.86,126.32,125.71,126.09,52150.0,126.027
2026-05-26 10:04:00-04:00,126.05,126.31,125.97,126.23,34006.0,126.116
2026-05-26 10:05:00-04:00,126.14,126.51,126.1,126.41,22006.0,126.369
2026-05-26 10:06:00-04:00,126.47,127.13,126.47,127.0,170123.0,126.785
2026-05-26 10:07:00-04:00,126.95,127.5,126.91,127.44,49854.0,127.197
2026-05-26 10:08:00-04:00,127.43,127.56,127.11,127.35,25809.0,127.363
2026-05-26 10:09:00-04:00,127.29,127.53,127.29,127.42,17205.0,127.41
2026-05-26 10:10:00-04:00,127.42,127.58,127.3,127.46,30805.0,127.425
2026-05-26 10:11:00-04:00,127.49,127.57,127.35,127.46,23289.0,127.493
2026-05-26 10:12:00-04:00,127.42,127.6,127.15,127.55,60248.0,127.45
2026-05-26 10:13:00-04:00,127.59,127.83,127.57,127.74,17297.0,127.755
2026-05-26 10:14:00-04:00,127.77,127.89,127.5,127.79,43863.0,127.645
2026-05-26 10:15:00-04:00,127.79,127.89,127.51,127.67,34281.0,127.747
2026-05-26 10:16:00-04:00,127.67,127.73,127.5,127.6,60859.0,127.592
2026-05-26 10:17:00-04:00,127.59,127.71,127.5,127.6,44055.0,127.592
2026-05-26 10:18:00-04:00,127.66,127.9,127.6,127.77,37822.0,127.718
2026-05-26 10:19:00-04:00,127.8,128.19,127.74,128.18,86028.0,127.891
2026-05-26 10:20:00-04:00,128.22,128.58,127.87,127.95,33060.0,128.215
2026-05-26 10:21:00-04:00,127.95,128.06,127.9,128.0,10409.0,127.995
2026-05-26 10:22:00-04:00,127.99,128.1,127.95,128.07,8976.0,128.031
2026-05-26 10:23:00-04:00,128.08,128.25,128.03,128.13,26294.0,128.135
2026-05-26 10:24:00-04:00,128.15,128.2,127.99,128.1,18079.0,128.102
2026-05-26 10:25:00-04:00,128.1,128.21,127.86,127.86,16352.0,128.081
2026-05-26 10:26:00-04:00,127.83,127.9,127.55,127.61,14028.0,127.733
2026-05-26 10:27:00-04:00,127.61,127.77,127.58,127.69,11305.0,127.694
2026-05-26 10:28:00-04:00,127.68,127.74,127.59,127.59,17411.0,127.661
2026-05-26 10:29:00-04:00,127.61,127.61,127.49,127.59,121528.0,127.507
2026-05-26 10:30:00-04:00,127.63,127.77,127.55,127.69,15017.0,127.641
2026-05-26 10:31:00-04:00,127.68,127.83,127.6,127.79,16369.0,127.732
2026-05-26 10:32:00-04:00,127.82,127.89,127.69,127.78,16950.0,127.777
2026-05-26 10:33:00-04:00,127.75,128.2,127.7,127.81,17995.0,127.846
2026-05-26 10:34:00-04:00,127.8,128.01,127.77,128.0,19678.0,127.904
2026-05-26 10:35:00-04:00,128.0,128.18,128.0,128.09,18272.0,128.054
2026-05-26 10:36:00-04:00,128.09,128.23,128.09,128.17,20558.0,128.165
2026-05-26 10:37:00-04:00,128.16,128.3,128.04,128.24,21072.0,128.192
2026-05-26 10:38:00-04:00,128.28,128.49,128.27,128.47,13597.0,128.406
2026-05-26 10:39:00-04:00,128.48,128.51,128.29,128.5,14025.0,128.406
2026-05-26 10:40:00-04:00,128.53,128.66,128.53,128.63,11219.0,128.592
2026-05-26 10:41:00-04:00,128.57,128.63,128.46,128.51,15424.0,128.562
2026-05-26 10:42:00-04:00,128.51,128.8,128.46,128.64,18592.0,128.652
2026-05-26 10:43:00-04:00,128.61,128.76,128.45,128.68,60698.0,128.581
2026-05-26 10:44:00-04:00,128.71,128.93,128.66,128.81,12005.0,128.773
2026-05-26 10:45:00-04:00,128.77,129.04,128.73,129.01,12574.0,128.871
2026-05-26 10:46:00-04:00,129.01,129.05,128.72,128.75,15321.0,128.867
2026-05-26 10:47:00-04:00,128.75,128.94,128.74,128.79,40188.0,128.855
2026-05-26 10:48:00-04:00,128.79,128.81,128.52,128.65,36147.0,128.681
2026-05-26 10:49:00-04:00,128.66,128.77,128.53,128.64,24185.0,128.637
2026-05-26 10:50:00-04:00,128.69,128.77,128.6,128.74,23118.0,128.701
2026-05-26 10:51:00-04:00,128.72,129.04,128.7,128.84,61371.0,128.897
2026-05-26 10:52:00-04:00,128.84,129.13,128.8,129.1,34633.0,128.975
2026-05-26 10:53:00-04:00,129.12,129.12,128.93,129.03,26496.0,129.042
2026-05-26 10:54:00-04:00,129.03,129.07,128.79,128.79,19401.0,128.94
2026-05-26 10:55:00-04:00,128.78,128.8,128.41,128.47,10111.0,128.648
2026-05-26 10:56:00-04:00,128.44,128.52,128.32,128.5,8619.0,128.436
2026-05-26 10:57:00-04:00,128.45,128.55,128.29,128.55,25486.0,128.409
2026-05-26 10:58:00-04:00,128.53,128.88,128.5,128.83,9584.0,128.635
2026-05-26 10:59:00-04:00,128.81,128.92,128.63,128.65,62581.0,128.804
2026-05-26 11:00:00-04:00,128.65,128.72,128.48,128.55,19463.0,128.581
2026-05-26 11:01:00-04:00,128.56,128.56,128.11,128.3,32544.0,128.297
2026-05-26 11:02:00-04:00,128.24,128.48,128.24,128.25,13442.0,128.336
2026-05-26 11:03:00-04:00,128.22,128.36,128.11,128.36,15811.0,128.218
2026-05-26 11:04:00-04:00,128.36,128.44,128.19,128.34,7033.0,128.331
2026-05-26 11:05:00-04:00,128.31,128.41,128.07,128.1,16325.0,128.258
2026-05-26 11:06:00-04:00,128.06,128.22,127.7,127.72,41592.0,127.985
2026-05-26 11:07:00-04:00,127.71,127.71,127.41,127.59,201198.0,127.511
2026-05-26 11:08:00-04:00,127.62,128.22,127.62,128.13,15261.0,127.987
2026-05-26 11:09:00-04:00,128.11,128.19,127.99,128.16,14297.0,128.09
2026-05-26 11:10:00-04:00,128.16,128.17,127.87,127.88,10391.0,128.031
2026-05-26 11:11:00-04:00,127.85,128.07,127.81,127.92,13552.0,127.911
2026-05-26 11:12:00-04:00,127.9,127.9,127.61,127.65,23002.0,127.756
2026-05-26 11:13:00-04:00,127.63,127.63,127.27,127.27,23950.0,127.466
2026-05-26 11:14:00-04:00,127.3,127.55,127.3,127.42,17386.0,127.439
2026-05-26 11:15:00-04:00,127.4,127.44,126.88,126.95,16021.0,127.092
2026-05-26 11:16:00-04:00,126.95,127.08,126.76,126.8,23656.0,126.948
2026-05-26 11:17:00-04:00,126.83,126.87,126.52,126.52,30127.0,126.717
2026-05-26 11:18:00-04:00,126.55,126.72,126.52,126.65,8473.0,126.628
2026-05-26 11:19:00-04:00,126.68,126.84,126.68,126.82,14397.0,126.785
2026-05-26 11:20:00-04:00,126.82,126.82,126.29,126.34,17536.0,126.521
2026-05-26 11:21:00-04:00,126.38,126.45,126.13,126.14,14168.0,126.319
2026-05-26 11:22:00-04:00,126.13,126.21,125.95,126.11,14769.0,126.131
2026-05-26 11:23:00-04:00,126.11,126.17,126.03,126.1,10937.0,126.107
2026-05-26 11:24:00-04:00,126.1,126.46,125.99,126.46,15133.0,126.202
2026-05-26 11:25:00-04:00,126.51,126.63,126.5,126.53,14572.0,126.547
2026-05-26 11:26:00-04:00,126.51,126.59,126.38,126.5,14425.0,126.496
2026-05-26 11:27:00-04:00,126.56,126.71,126.5,126.66,18767.0,126.639
2026-05-26 11:28:00-04:00,126.69,126.92,126.62,126.69,20195.0,126.734
2026-05-26 11:29:00-04:00,126.75,126.75,126.44,126.5,12207.0,126.619
2026-05-26 11:30:00-04:00,126.5,126.55,126.11,126.25,23434.0,126.336
2026-05-26 11:31:00-04:00,126.24,126.6,126.24,126.4,33131.0,126.448
2026-05-26 11:32:00-04:00,126.41,126.54,126.38,126.41,15956.0,126.476
2026-05-26 11:33:00-04:00,126.41,126.52,126.34,126.48,11002.0,126.449
2026-05-26 11:34:00-04:00,126.53,126.75,126.49,126.63,21291.0,126.651
2026-05-26 11:35:00-04:00,126.59,126.66,126.49,126.63,17506.0,126.58
2026-05-26 11:36:00-04:00,126.61,126.67,126.22,126.22,12945.0,126.497
2026-05-26 11:37:00-04:00,126.26,126.47,126.26,126.42,13447.0,126.378
2026-05-26 11:38:00-04:00,126.38,126.44,126.18,126.26,11401.0,126.323
2026-05-26 11:39:00-04:00,126.16,126.21,126.08,126.18,4977.0,126.159
2026-05-26 11:40:00-04:00,126.18,126.2,125.83,125.99,19832.0,125.924
2026-05-26 11:41:00-04:00,126.01,126.08,125.89,126.08,9220.0,125.983
2026-05-26 11:42:00-04:00,126.05,126.13,125.95,126.11,12994.0,126.035
2026-05-26 11:43:00-04:00,126.11,126.3,126.07,126.3,13008.0,126.137
2026-05-26 11:44:00-04:00,126.22,126.26,126.05,126.11,14451.0,126.152
2026-05-26 11:45:00-04:00,126.1,126.66,126.1,126.25,18110.0,126.271
2026-05-26 11:46:00-04:00,126.23,126.28,126.05,126.19,10064.0,126.185
2026-05-26 11:47:00-04:00,126.15,126.28,126.12,126.13,6600.0,126.203
2026-05-26 11:48:00-04:00,126.11,126.22,125.95,125.95,10600.0,126.119
2026-05-26 11:49:00-04:00,125.95,125.95,125.69,125.72,18001.0,125.792
2026-05-26 11:50:00-04:00,125.73,125.84,125.47,125.74,20428.0,125.75
2026-05-26 11:51:00-04:00,125.76,125.86,125.62,125.64,9042.0,125.746
2026-05-26 11:52:00-04:00,125.63,125.74,125.59,125.72,9376.0,125.687
2026-05-26 11:53:00-04:00,125.71,125.72,125.48,125.55,11789.0,125.587
2026-05-26 11:54:00-04:00,125.62,125.62,125.05,125.36,20118.0,125.34
2026-05-26 11:55:00-04:00,125.32,125.39,125.0,125.06,14816.0,125.266
2026-05-26 11:56:00-04:00,125.11,125.14,124.89,124.92,27550.0,125.007
2026-05-26 11:57:00-04:00,124.9,125.29,124.9,125.28,10017.0,125.087
2026-05-26 11:58:00-04:00,125.31,125.57,125.26,125.53,9785.0,125.416
2026-05-26 11:59:00-04:00,125.5,125.57,125.34,125.56,11847.0,125.471
2026-05-26 12:00:00-04:00,125.56,125.59,125.12,125.5,26078.0,125.347
2026-05-26 12:01:00-04:00,125.5,125.81,125.5,125.76,8882.0,125.652
2026-05-26 12:02:00-04:00,125.76,126.05,125.75,126.03,17034.0,125.937
2026-05-26 12:03:00-04:00,126.07,126.5,126.06,126.34,12346.0,126.221
2026-05-26 12:04:00-04:00,126.34,126.34,126.17,126.17,10130.0,126.283
2026-05-26 12:05:00-04:00,126.2,126.37,126.2,126.37,6276.0,126.298
2026-05-26 12:06:00-04:00,126.36,126.37,126.0,126.03,24598.0,126.194
2026-05-26 12:07:00-04:00,126.0,126.11,125.94,126.1,30686.0,126.02
2026-05-26 12:08:00-04:00,126.04,126.04,125.84,125.93,12501.0,125.922
2026-05-26 12:09:00-04:00,125.94,126.03,125.89,125.99,8712.0,125.948
2026-05-26 12:10:00-04:00,126.02,126.02,125.45,125.77,16676.0,125.818
2026-05-26 12:11:00-04:00,125.8,125.92,125.8,125.9,6415.0,125.852
2026-05-26 12:12:00-04:00,125.89,126.0,125.89,125.96,6427.0,125.945
2026-05-26 12:13:00-04:00,125.99,126.02,125.93,125.98,4439.0,125.976
2026-05-26 12:14:00-04:00,125.97,126.01,125.85,125.9,7522.0,125.939
2026-05-26 12:15:00-04:00,125.86,125.99,125.77,125.77,8840.0,125.86
2026-05-26 12:16:00-04:00,125.74,125.91,125.73,125.91,6264.0,125.852
2026-05-26 12:17:00-04:00,125.92,125.93,125.84,125.85,6997.0,125.885
2026-05-26 12:18:00-04:00,125.88,125.92,125.74,125.78,14334.0,125.855
2026-05-26 12:19:00-04:00,125.76,125.79,125.54,125.61,12856.0,125.69
2026-05-26 12:20:00-04:00,125.62,125.62,125.37,125.43,6996.0,125.509
2026-05-26 12:21:00-04:00,125.43,125.93,125.43,125.86,66245.0,125.772
2026-05-26 12:22:00-04:00,125.91,126.19,125.88,126.17,22272.0,126.074
2026-05-26 12:23:00-04:00,126.13,126.28,126.13,126.28,10627.0,126.228
2026-05-26 12:24:00-04:00,126.19,126.71,126.19,126.38,17649.0,126.351
2026-05-26 12:25:00-04:00,126.42,126.57,126.37,126.48,250215.0,126.465
2026-05-26 12:26:00-04:00,126.45,126.66,126.45,126.64,7002.0,126.533
2026-05-26 12:27:00-04:00,126.64,126.69,126.59,126.65,8167.0,126.638
2026-05-26 12:28:00-04:00,126.6,126.69,126.56,126.68,7538.0,126.608
2026-05-26 12:29:00-04:00,126.71,126.99,126.69,126.91,9233.0,126.854
2026-05-26 12:30:00-04:00,126.92,127.08,126.92,126.93,13323.0,126.987
2026-05-26 12:31:00-04:00,126.93,127.03,126.91,126.94,7750.0,126.958
2026-05-26 12:32:00-04:00,126.92,126.92,126.79,126.8,6900.0,126.854
2026-05-26 12:33:00-04:00,126.78,126.89,126.74,126.85,18479.0,126.804
2026-05-26 12:34:00-04:00,126.83,127.05,126.76,126.77,25818.0,126.921
2026-05-26 12:35:00-04:00,126.76,126.87,126.7,126.82,12127.0,126.797
2026-05-26 12:36:00-04:00,126.82,126.91,126.72,126.8,8744.0,126.836
2026-05-26 12:37:00-04:00,126.76,126.76,126.59,126.63,7258.0,126.662
2026-05-26 12:38:00-04:00,126.67,126.74,126.65,126.67,4831.0,126.687
2026-05-26 12:39:00-04:00,126.67,126.69,126.6,126.66,4700.0,126.634
2026-05-26 12:40:00-04:00,126.64,126.67,126.45,126.46,9484.0,126.586
2026-05-26 12:41:00-04:00,126.41,126.42,126.21,126.29,7728.0,126.313
2026-05-26 12:42:00-04:00,126.26,126.4,126.22,126.35,8790.0,126.315
2026-05-26 12:43:00-04:00,126.35,126.35,126.23,126.23,18607.0,126.286
2026-05-26 12:44:00-04:00,126.21,126.29,126.18,126.24,9181.0,126.236
2026-05-26 12:45:00-04:00,126.24,126.47,126.23,126.43,16832.0,126.349
2026-05-26 12:46:00-04:00,126.42,126.61,126.42,126.57,4612.0,126.562
2026-05-26 12:47:00-04:00,126.58,126.58,126.33,126.33,7917.0,126.419
2026-05-26 12:48:00-04:00,126.34,126.38,126.24,126.24,5695.0,126.33
2026-05-26 12:49:00-04:00,126.25,126.31,126.16,126.17,17715.0,126.263
2026-05-26 12:50:00-04:00,126.14,126.19,126.04,126.09,10057.0,126.123
2026-05-26 12:51:00-04:00,126.09,126.26,126.09,126.21,6125.0,126.148
2026-05-26 12:52:00-04:00,126.22,126.28,126.13,126.26,4205.0,126.209
2026-05-26 12:53:00-04:00,126.29,126.39,126.26,126.35,3649.0,126.318
2026-05-26 12:54:00-04:00,126.36,126.42,126.33,126.39,5316.0,126.373
2026-05-26 12:55:00-04:00,126.39,126.58,126.34,126.58,8397.0,126.496
2026-05-26 12:56:00-04:00,126.6,126.62,126.53,126.6,4436.0,126.587
2026-05-26 12:57:00-04:00,126.59,126.66,126.56,126.61,5900.0,126.604
2026-05-26 12:58:00-04:00,126.66,126.69,126.61,126.61,5856.0,126.647
2026-05-26 12:59:00-04:00,126.62,126.76,126.5,126.72,6516.0,126.614
2026-05-26 13:00:00-04:00,126.72,126.98,126.67,126.98,9533.0,126.757
2026-05-26 13:01:00-04:00,126.98,127.14,126.95,127.14,43706.0,127.022
2026-05-26 13:02:00-04:00,127.15,127.24,127.1,127.11,3822.0,127.16
2026-05-26 13:03:00-04:00,127.1,127.21,126.94,126.94,392569.0,127.115
2026-05-26 13:04:00-04:00,126.97,127.02,126.89,126.89,20350.0,126.974
2026-05-26 13:05:00-04:00,126.92,126.99,126.88,126.99,6581.0,126.932
2026-05-26 13:06:00-04:00,126.99,126.99,126.73,126.79,5136.0,126.838
2026-05-26 13:07:00-04:00,126.77,126.78,126.59,126.61,7487.0,126.703
2026-05-26 13:08:00-04:00,126.65,126.65,126.46,126.49,3981.0,126.522
2026-05-26 13:09:00-04:00,126.46,126.62,126.46,126.61,1960.0,126.575
2026-05-26 13:10:00-04:00,126.61,126.64,126.57,126.57,4182.0,126.594
2026-05-26 13:11:00-04:00,126.63,126.65,126.48,126.48,4729.0,126.577
2026-05-26 13:12:00-04:00,126.45,126.51,126.39,126.45,5850.0,126.458
2026-05-26 13:13:00-04:00,126.48,126.57,126.48,126.56,4940.0,126.542
2026-05-26 13:14:00-04:00,126.55,126.57,126.41,126.42,6300.0,126.458
2026-05-26 13:15:00-04:00,126.44,126.49,126.41,126.48,3150.0,126.447
2026-05-26 13:16:00-04:00,126.48,126.53,126.4,126.41,10506.0,126.463
2026-05-26 13:17:00-04:00,126.42,126.53,126.35,126.37,4890.0,126.478
2026-05-26 13:18:00-04:00,126.35,126.42,126.33,126.37,3900.0,126.37
2026-05-26 13:19:00-04:00,126.38,126.38,126.17,126.19,3170.0,126.303
2026-05-26 13:20:00-04:00,126.17,126.29,126.16,126.27,5800.0,126.226
2026-05-26 13:21:00-04:00,126.29,126.36,126.28,126.32,2500.0,126.316
2026-05-26 13:22:00-04:00,126.34,126.35,126.19,126.22,6919.0,126.259
2026-05-26 13:23:00-04:00,126.22,126.26,126.18,126.24,7716.0,126.218
2026-05-26 13:24:00-04:00,126.22,126.25,126.14,126.19,5132.0,126.196
2026-05-26 13:25:00-04:00,126.18,126.21,126.11,126.2,6711.0,126.158
2026-05-26 13:26:00-04:00,126.23,126.31,126.23,126.27,3939.0,126.291
2026-05-26 13:27:00-04:00,126.26,126.26,126.2,126.23,2979.0,126.234
2026-05-26 13:28:00-04:00,126.25,126.34,126.25,126.34,2700.0,126.29
2026-05-26 13:29:00-04:00,126.4,126.55,126.38,126.55,2595.0,126.426
2026-05-26 13:30:00-04:00,126.54,126.55,126.48,126.49,5994.0,126.509
2026-05-26 13:31:00-04:00,126.49,126.59,126.46,126.57,4400.0,126.509
2026-05-26 13:32:00-04:00,126.63,126.74,126.58,126.67,8837.0,126.65
2026-05-26 13:33:00-04:00,126.64,126.73,126.59,126.59,17807.0,126.664
2026-05-26 13:34:00-04:00,126.58,126.72,126.56,126.68,1700.0,126.62
2026-05-26 13:35:00-04:00,126.66,126.66,126.56,126.59,2800.0,126.599
2026-05-26 13:36:00-04:00,126.59,126.82,126.58,126.81,4487.0,126.71
2026-05-26 13:37:00-04:00,126.8,126.83,126.75,126.8,3586.0,126.785
2026-05-26 13:38:00-04:00,126.79,126.82,126.78,126.8,2473.0,126.794
2026-05-26 13:39:00-04:00,126.82,126.87,126.75,126.85,10520.0,126.811
2026-05-26 13:40:00-04:00,126.85,126.93,126.85,126.89,7691.0,126.897
2026-05-26 13:41:00-04:00,126.9,127.0,126.89,126.98,38226.0,126.953
2026-05-26 13:42:00-04:00,126.99,127.23,126.99,127.22,59787.0,127.04
2026-05-26 13:43:00-04:00,127.22,127.23,126.93,126.95,53424.0,127.074
2026-05-26 13:44:00-04:00,126.94,126.99,126.92,126.92,24510.0,126.955
2026-05-26 13:45:00-04:00,126.92,127.03,126.92,126.97,8890.0,126.976
2026-05-26 13:46:00-04:00,127.01,127.02,126.91,126.94,6800.0,126.965
2026-05-26 13:47:00-04:00,126.94,127.06,126.93,127.06,7751.0,126.993
2026-05-26 13:48:00-04:00,127.06,127.15,127.04,127.13,6639.0,127.088
2026-05-26 13:49:00-04:00,127.13,127.22,127.1,127.1,8680.0,127.159
2026-05-26 13:50:00-04:00,127.12,127.24,127.05,127.22,34230.0,127.086
2026-05-26 13:51:00-04:00,127.22,127.34,127.22,127.31,7178.0,127.275
2026-05-26 13:52:00-04:00,127.34,127.87,127.34,127.59,26676.0,127.52
2026-05-26 13:53:00-04:00,127.59,127.69,127.53,127.67,19688.0,127.587
2026-05-26 13:54:00-04:00,127.68,127.69,127.5,127.51,23641.0,127.557
2026-05-26 13:55:00-04:00,127.51,127.57,127.48,127.54,8223.0,127.531
2026-05-26 13:56:00-04:00,127.54,127.66,127.51,127.64,8873.0,127.569
2026-05-26 13:57:00-04:00,127.65,127.71,127.6,127.67,5353.0,127.657
2026-05-26 13:58:00-04:00,127.73,127.86,127.69,127.83,11542.0,127.756
2026-05-26 13:59:00-04:00,127.78,127.83,127.68,127.69,5972.0,127.77
2026-05-26 14:00:00-04:00,127.68,127.68,127.54,127.58,5411.0,127.628
2026-05-26 14:01:00-04:00,127.58,127.59,127.32,127.54,31610.0,127.481
2026-05-26 14:02:00-04:00,127.53,127.57,127.49,127.55,11393.0,127.539
2026-05-26 14:03:00-04:00,127.54,127.89,127.54,127.88,25896.0,127.633
2026-05-26 14:04:00-04:00,127.88,127.95,127.77,127.87,24126.0,127.877
2026-05-26 14:05:00-04:00,127.88,127.98,127.86,127.94,13735.0,127.907
2026-05-26 14:06:00-04:00,127.96,128.12,127.94,128.07,16370.0,128.02
2026-05-26 14:07:00-04:00,128.09,128.1,128.0,128.09,9552.0,128.039
2026-05-26 14:08:00-04:00,128.04,128.06,127.65,127.77,35399.0,127.873
2026-05-26 14:09:00-04:00,127.75,127.77,127.71,127.73,9314.0,127.737
2026-05-26 14:10:00-04:00,127.75,127.78,127.68,127.73,19788.0,127.733
2026-05-26 14:11:00-04:00,127.76,127.77,127.63,127.66,4954.0,127.73
2026-05-26 14:12:00-04:00,127.66,127.66,127.58,127.63,5124.0,127.623
2026-05-26 14:13:00-04:00,127.64,127.69,127.57,127.57,15065.0,127.627
2026-05-26 14:14:00-04:00,127.59,127.67,127.52,127.67,6813.0,127.573
2026-05-26 14:15:00-04:00,127.7,127.7,127.52,127.53,15182.0,127.607
2026-05-26 14:16:00-04:00,127.55,127.55,127.21,127.26,20709.0,127.303
2026-05-26 14:17:00-04:00,127.27,127.3,127.24,127.28,4215.0,127.271
2026-05-26 14:18:00-04:00,127.26,127.32,127.2,127.27,6221.0,127.254
2026-05-26 14:19:00-04:00,127.27,127.28,127.12,127.13,4201.0,127.21
2026-05-26 14:20:00-04:00,127.13,127.18,127.09,127.09,4983.0,127.148
2026-05-26 14:21:00-04:00,127.09,127.38,127.09,127.38,8784.0,127.218
2026-05-26 14:22:00-04:00,127.41,127.47,127.22,127.47,19211.0,127.394
2026-05-26 14:23:00-04:00,127.41,127.66,127.41,127.61,24464.0,127.578
2026-05-26 14:24:00-04:00,127.61,127.65,127.46,127.63,15623.0,127.568
2026-05-26 14:25:00-04:00,127.61,127.68,127.59,127.67,10466.0,127.647
2026-05-26 14:26:00-04:00,127.68,127.88,127.64,127.82,15700.0,127.793
2026-05-26 14:27:00-04:00,127.82,127.86,127.62,127.67,23659.0,127.713
2026-05-26 14:28:00-04:00,127.69,127.72,127.58,127.72,7217.0,127.669
2026-05-26 14:29:00-04:00,127.71,127.79,127.7,127.77,5650.0,127.755
2026-05-26 14:30:00-04:00,127.75,127.89,127.71,127.85,11645.0,127.805
2026-05-26 14:31:00-04:00,127.85,127.91,127.81,127.81,5720.0,127.855
2026-05-26 14:32:00-04:00,127.87,127.97,127.84,127.87,26861.0,127.907
2026-05-26 14:33:00-04:00,127.87,128.03,127.87,128.03,25616.0,127.946
2026-05-26 14:34:00-04:00,128.03,128.06,127.92,127.94,13411.0,127.985
2026-05-26 14:35:00-04:00,127.9,127.99,127.78,127.8,18046.0,127.874
2026-05-26 14:36:00-04:00,127.75,127.79,127.6,127.64,9853.0,127.703
2026-05-26 14:37:00-04:00,127.63,127.63,127.46,127.46,11760.0,127.517
2026-05-26 14:38:00-04:00,127.45,127.49,127.27,127.27,10854.0,127.363
2026-05-26 14:39:00-04:00,127.27,127.31,127.22,127.27,7168.0,127.25
2026-05-26 14:40:00-04:00,127.27,127.3,127.23,127.29,10986.0,127.27
2026-05-26 14:41:00-04:00,127.25,127.41,127.25,127.3,16040.0,127.331
2026-05-26 14:42:00-04:00,127.27,127.32,127.2,127.21,5635.0,127.253
2026-05-26 14:43:00-04:00,127.2,127.2,126.79,126.81,19114.0,126.986
2026-05-26 14:44:00-04:00,126.81,126.83,126.72,126.81,15481.0,126.769
2026-05-26 14:45:00-04:00,126.81,126.86,126.69,126.73,8264.0,126.81
2026-05-26 14:46:00-04:00,126.67,126.73,126.54,126.63,12383.0,126.642
2026-05-26 14:47:00-04:00,126.63,126.69,126.56,126.56,9104.0,126.626
2026-05-26 14:48:00-04:00,126.57,126.65,126.5,126.51,12713.0,126.558
2026-05-26 14:49:00-04:00,126.49,126.51,126.43,126.5,10162.0,126.467
2026-05-26 14:50:00-04:00,126.48,126.63,126.48,126.53,12261.0,126.545
2026-05-26 14:51:00-04:00,126.53,126.59,126.51,126.58,8773.0,126.551
2026-05-26 14:52:00-04:00,126.58,126.76,126.58,126.72,6709.0,126.65
2026-05-26 14:53:00-04:00,126.73,126.75,126.62,126.66,6419.0,126.677
2026-05-26 14:54:00-04:00,126.66,126.97,126.66,126.81,27994.0,126.837
2026-05-26 14:55:00-04:00,126.81,126.85,126.64,126.68,5927.0,126.781
2026-05-26 14:56:00-04:00,126.68,126.76,126.66,126.74,5969.0,126.715
2026-05-26 14:57:00-04:00,126.74,126.8,126.71,126.76,3175.0,126.761
2026-05-26 14:58:00-04:00,126.72,126.74,126.54,126.56,7622.0,126.649
2026-05-26 14:59:00-04:00,126.54,126.67,126.44,126.59,16439.0,126.556
2026-05-26 15:00:00-04:00,126.71,126.72,126.51,126.56,7830.0,126.632
2026-05-26 15:01:00-04:00,126.57,126.71,126.55,126.69,7829.0,126.616
2026-05-26 15:02:00-04:00,126.67,126.69,126.59,126.62,5146.0,126.634
2026-05-26 15:03:00-04:00,126.57,126.61,126.47,126.49,8103.0,126.547
2026-05-26 15:04:00-04:00,126.45,126.51,126.43,126.49,9295.0,126.46
2026-05-26 15:05:00-04:00,126.4,126.47,126.3,126.32,7561.0,126.391
2026-05-26 15:06:00-04:00,126.37,126.78,126.34,126.78,14168.0,126.546
2026-05-26 15:07:00-04:00,126.81,127.09,126.75,126.83,28733.0,126.911
2026-05-26 15:08:00-04:00,126.82,126.97,126.76,126.88,25805.0,126.856
2026-05-26 15:09:00-04:00,126.9,126.98,126.81,126.98,9739.0,126.895
2026-05-26 15:10:00-04:00,126.98,127.0,126.85,126.98,11176.0,126.938
2026-05-26 15:11:00-04:00,126.98,127.1,126.97,127.01,16395.0,127.02
2026-05-26 15:12:00-04:00,126.99,127.08,126.9,126.99,15317.0,126.984
2026-05-26 15:13:00-04:00,127.0,127.1,126.99,127.01,9083.0,127.044
2026-05-26 15:14:00-04:00,127.0,127.0,126.73,126.8,13730.0,126.83
2026-05-26 15:15:00-04:00,126.8,126.83,126.73,126.82,13138.0,126.776
2026-05-26 15:16:00-04:00,126.8,127.0,126.79,126.89,23449.0,126.88
2026-05-26 15:17:00-04:00,126.86,126.97,126.83,126.97,23448.0,126.891
2026-05-26 15:18:00-04:00,126.94,127.03,126.94,126.98,13870.0,126.998
2026-05-26 15:19:00-04:00,127.0,127.16,127.0,127.1,19191.0,127.093
2026-05-26 15:20:00-04:00,127.1,127.3,127.05,127.29,29333.0,127.13
2026-05-26 15:21:00-04:00,127.29,127.4,127.13,127.24,27712.0,127.269
2026-05-26 15:22:00-04:00,127.24,127.26,127.18,127.22,16776.0,127.222
2026-05-26 15:23:00-04:00,127.25,127.37,127.1,127.36,59727.0,127.184
2026-05-26 15:24:00-04:00,127.33,127.37,127.19,127.26,24101.0,127.287
2026-05-26 15:25:00-04:00,127.27,127.33,127.12,127.12,113965.0,127.184
2026-05-26 15:26:00-04:00,127.1,127.35,127.04,127.3,36694.0,127.228
2026-05-26 15:27:00-04:00,127.3,127.42,127.17,127.32,49018.0,127.255
2026-05-26 15:28:00-04:00,127.34,127.44,127.16,127.44,24075.0,127.257
2026-05-26 15:29:00-04:00,127.42,127.49,127.1,127.13,34859.0,127.276
2026-05-26 15:30:00-04:00,127.12,127.48,127.09,127.47,47188.0,127.247
2026-05-26 15:31:00-04:00,127.52,127.8,127.43,127.73,25333.0,127.64
2026-05-26 15:32:00-04:00,127.71,127.78,127.49,127.63,144468.0,127.62
2026-05-26 15:33:00-04:00,127.63,127.86,127.63,127.66,19497.0,127.735
2026-05-26 15:34:00-04:00,127.66,127.82,127.66,127.78,31396.0,127.705
2026-05-26 15:35:00-04:00,127.8,127.83,127.66,127.78,17313.0,127.735
2026-05-26 15:36:00-04:00,127.84,127.94,127.71,127.81,25995.0,127.826
2026-05-26 15:37:00-04:00,127.81,127.97,127.73,127.8,17908.0,127.865
2026-05-26 15:38:00-04:00,127.8,128.06,127.78,128.05,20396.0,127.938
2026-05-26 15:39:00-04:00,128.03,128.09,128.0,128.04,11768.0,128.048
2026-05-26 15:40:00-04:00,128.04,128.15,128.01,128.09,37016.0,128.08
2026-05-26 15:41:00-04:00,128.12,128.44,128.1,128.44,23591.0,128.295
2026-05-26 15:42:00-04:00,128.47,128.51,128.23,128.36,35452.0,128.419
2026-05-26 15:43:00-04:00,128.38,128.53,128.31,128.34,16951.0,128.443
2026-05-26 15:44:00-04:00,128.34,128.58,128.29,128.39,18202.0,128.454
2026-05-26 15:45:00-04:00,128.32,128.41,128.21,128.32,32068.0,128.317
2026-05-26 15:46:00-04:00,128.37,128.38,128.29,128.35,26293.0,128.341
2026-05-26 15:47:00-04:00,128.35,128.41,128.33,128.41,21758.0,128.382
2026-05-26 15:48:00-04:00,128.41,128.56,128.39,128.46,54943.0,128.472
2026-05-26 15:49:00-04:00,128.46,128.46,128.19,128.23,222143.0,128.342
2026-05-26 15:50:00-04:00,128.26,128.41,127.84,127.91,231624.0,128.269
2026-05-26 15:51:00-04:00,127.83,127.84,127.67,127.76,33196.0,127.766
2026-05-26 15:52:00-04:00,127.73,127.98,127.67,127.93,57780.0,127.802
2026-05-26 15:53:00-04:00,127.91,128.3,127.76,128.24,87045.0,127.996
2026-05-26 15:54:00-04:00,128.29,128.44,128.2,128.4,76117.0,128.341
2026-05-26 15:55:00-04:00,128.39,128.42,127.8,127.83,69753.0,127.917
2026-05-26 15:56:00-04:00,127.83,127.84,126.76,126.95,411157.0,127.167
2026-05-26 15:57:00-04:00,126.95,127.17,126.73,127.11,179409.0,126.978
2026-05-26 15:58:00-04:00,127.13,127.17,126.98,126.98,199035.0,127.064
2026-05-26 15:59:00-04:00,126.99,127.06,126.86,127.0,436598.0,126.969
2026-05-27 09:30:00-04:00,128.94,129.0,126.1,126.95,287095.0,127.944
2026-05-27 09:31:00-04:00,126.84,127.75,126.53,127.44,34399.0,127.299
2026-05-27 09:32:00-04:00,127.4,127.78,126.93,127.23,54019.0,127.222
2026-05-27 09:33:00-04:00,127.21,127.38,126.53,127.07,24081.0,126.966
2026-05-27 09:34:00-04:00,127.07,127.59,126.59,127.19,55934.0,127.14
2026-05-27 09:35:00-04:00,127.21,127.49,126.35,126.61,61239.0,127.0
2026-05-27 09:36:00-04:00,126.73,127.4,126.5,126.5,34638.0,126.991
2026-05-27 09:37:00-04:00,126.49,126.52,125.13,125.3,49899.0,125.903
2026-05-27 09:38:00-04:00,125.27,125.58,124.89,125.23,95880.0,125.136
2026-05-27 09:39:00-04:00,125.16,126.13,125.03,126.03,31032.0,125.469
2026-05-27 09:40:00-04:00,126.07,126.33,125.67,125.76,29268.0,125.939
2026-05-27 09:41:00-04:00,125.74,125.74,124.67,124.83,33678.0,125.222
2026-05-27 09:42:00-04:00,124.78,125.1,124.5,124.5,27847.0,124.774
2026-05-27 09:43:00-04:00,124.5,124.66,123.61,123.64,39885.0,124.165
2026-05-27 09:44:00-04:00,123.74,123.83,123.06,123.53,59312.0,123.453
2026-05-27 09:45:00-04:00,123.58,125.09,123.43,124.83,35749.0,124.196
2026-05-27 09:46:00-04:00,124.74,124.74,123.7,123.71,20895.0,124.167
2026-05-27 09:47:00-04:00,123.69,123.79,122.85,123.02,58982.0,123.29
2026-05-27 09:48:00-04:00,123.01,124.31,123.01,124.18,26302.0,123.708
2026-05-27 09:49:00-04:00,124.18,124.42,123.91,124.11,33078.0,124.16
2026-05-27 09:50:00-04:00,124.09,124.98,123.97,124.98,28418.0,124.325
2026-05-27 09:51:00-04:00,124.99,125.35,124.5,125.01,22678.0,124.994
2026-05-27 09:52:00-04:00,125.0,125.17,124.62,125.17,20500.0,124.895
2026-05-27 09:53:00-04:00,125.07,125.62,125.07,125.42,33625.0,125.429
2026-05-27 09:54:00-04:00,125.41,125.83,124.71,124.78,36023.0,125.328
2026-05-27 09:55:00-04:00,124.68,124.81,124.23,124.24,41786.0,124.534
2026-05-27 09:56:00-04:00,124.23,124.64,124.0,124.58,25937.0,124.298
2026-05-27 09:57:00-04:00,124.64,125.15,124.52,125.03,9702.0,124.959
2026-05-27 09:58:00-04:00,124.98,124.98,124.31,124.61,43329.0,124.523
2026-05-27 09:59:00-04:00,124.56,124.97,124.53,124.88,16583.0,124.712
2026-05-27 10:00:00-04:00,124.77,124.92,124.18,124.27,17559.0,124.703
2026-05-27 10:01:00-04:00,124.31,124.66,124.1,124.4,26121.0,124.325
2026-05-27 10:02:00-04:00,124.35,125.04,124.22,124.9,15366.0,124.588
2026-05-27 10:03:00-04:00,124.79,124.86,124.42,124.42,15910.0,124.717
2026-05-27 10:04:00-04:00,124.46,124.51,124.33,124.45,11583.0,124.427
2026-05-27 10:05:00-04:00,124.46,124.53,124.21,124.4,12374.0,124.402
2026-05-27 10:06:00-04:00,124.43,124.82,124.42,124.74,14144.0,124.654
2026-05-27 10:07:00-04:00,124.74,124.88,124.14,124.18,28159.0,124.554
2026-05-27 10:08:00-04:00,124.18,124.3,123.85,124.0,39102.0,124.095
2026-05-27 10:09:00-04:00,124.02,124.05,123.82,123.9,15658.0,123.91
2026-05-27 10:10:00-04:00,123.97,123.97,123.37,123.44,19087.0,123.619
2026-05-27 10:11:00-04:00,123.41,123.82,123.17,123.17,18584.0,123.483
2026-05-27 10:12:00-04:00,123.12,123.41,123.0,123.28,41406.0,123.122
2026-05-27 10:13:00-04:00,123.28,123.46,123.16,123.18,21290.0,123.3
2026-05-27 10:14:00-04:00,123.2,123.24,122.72,122.75,24807.0,123.043
2026-05-27 10:15:00-04:00,122.76,122.78,122.1,122.12,40917.0,122.412
2026-05-27 10:16:00-04:00,122.12,123.32,122.12,123.04,68077.0,122.586
2026-05-27 10:17:00-04:00,123.03,123.29,122.92,122.92,16018.0,123.141
2026-05-27 10:18:00-04:00,122.91,122.91,122.42,122.46,9332.0,122.622
2026-05-27 10:19:00-04:00,122.59,122.8,122.4,122.65,13320.0,122.553
2026-05-27 10:20:00-04:00,122.65,122.77,122.25,122.32,22581.0,122.48
2026-05-27 10:21:00-04:00,122.32,122.32,121.41,121.45,85923.0,122.096
2026-05-27 10:22:00-04:00,121.42,121.55,120.8,120.8,41576.0,121.171
2026-05-27 10:23:00-04:00,120.83,121.47,120.8,121.29,30689.0,121.219
2026-05-27 10:24:00-04:00,121.31,121.59,121.19,121.19,20476.0,121.336
2026-05-27 10:25:00-04:00,121.2,121.23,120.46,120.49,112630.0,120.923
2026-05-27 10:26:00-04:00,120.56,120.68,120.36,120.49,34467.0,120.529
2026-05-27 10:27:00-04:00,120.48,120.63,120.13,120.25,15713.0,120.357
2026-05-27 10:28:00-04:00,120.26,120.53,120.03,120.12,53082.0,120.298
2026-05-27 10:29:00-04:00,120.12,121.05,120.11,120.93,15100.0,120.427
2026-05-27 10:30:00-04:00,121.0,121.29,120.15,120.7,67589.0,120.899
2026-05-27 10:31:00-04:00,120.74,121.01,120.53,120.8,27120.0,120.764
2026-05-27 10:32:00-04:00,120.73,120.82,120.35,120.41,25558.0,120.505
2026-05-27 10:33:00-04:00,120.41,120.53,120.14,120.39,26752.0,120.343
2026-05-27 10:34:00-04:00,120.31,121.1,120.29,121.03,33583.0,120.608
2026-05-27 10:35:00-04:00,121.03,121.35,120.55,121.24,34712.0,120.954
2026-05-27 10:36:00-04:00,121.2,121.83,121.18,121.55,15684.0,121.523
2026-05-27 10:37:00-04:00,121.54,121.54,120.95,121.0,32401.0,121.183
2026-05-27 10:38:00-04:00,121.0,121.86,120.99,121.65,22086.0,121.383
2026-05-27 10:39:00-04:00,121.66,121.73,121.14,121.44,22379.0,121.419
2026-05-27 10:40:00-04:00,121.56,121.89,121.4,121.78,17737.0,121.657
2026-05-27 10:41:00-04:00,121.82,122.04,121.77,121.91,24333.0,121.886
2026-05-27 10:42:00-04:00,121.95,122.01,121.45,121.52,23653.0,121.762
2026-05-27 10:43:00-04:00,121.58,122.21,121.5,122.21,29613.0,121.933
2026-05-27 10:44:00-04:00,122.12,122.19,121.58,121.82,21410.0,121.868
2026-05-27 10:45:00-04:00,121.75,121.75,121.49,121.62,12624.0,121.58
2026-05-27 10:46:00-04:00,121.62,122.2,121.62,122.16,26772.0,122.006
2026-05-27 10:47:00-04:00,122.17,122.3,121.57,122.18,29542.0,121.788
2026-05-27 10:48:00-04:00,122.18,122.18,121.82,121.91,11135.0,122.005
2026-05-27 10:49:00-04:00,121.9,121.9,121.3,121.3,22053.0,121.592
2026-05-27 10:50:00-04:00,121.33,122.05,121.32,121.93,31753.0,121.553
2026-05-27 10:51:00-04:00,121.93,122.12,121.85,122.12,9354.0,121.973
2026-05-27 10:52:00-04:00,122.12,122.28,121.77,121.84,23479.0,122.079
2026-05-27 10:53:00-04:00,121.73,121.93,121.43,121.46,11322.0,121.679
2026-05-27 10:54:00-04:00,121.51,121.51,121.33,121.46,12648.0,121.422
2026-05-27 10:55:00-04:00,121.52,121.53,121.12,121.12,17596.0,121.345
2026-05-27 10:56:00-04:00,121.07,121.07,120.47,120.48,9002.0,120.846
2026-05-27 10:57:00-04:00,120.49,120.74,120.25,120.67,114275.0,120.573
2026-05-27 10:58:00-04:00,120.67,121.23,120.59,121.19,57838.0,121.031
2026-05-27 10:59:00-04:00,121.24,121.78,121.22,121.66,127310.0,121.501
2026-05-27 11:00:00-04:00,121.76,121.76,121.32,121.41,12945.0,121.54
2026-05-27 11:01:00-04:00,121.34,122.03,121.34,121.99,7081.0,121.649
2026-05-27 11:02:00-04:00,122.01,122.02,121.33,121.47,7119.0,121.583
2026-05-27 11:03:00-04:00,121.49,121.82,121.15,121.81,40867.0,121.605
2026-05-27 11:04:00-04:00,121.77,122.01,121.62,121.83,32082.0,121.861
2026-05-27 11:05:00-04:00,121.83,122.02,121.78,121.85,59061.0,121.895
2026-05-27 11:06:00-04:00,122.01,122.24,121.81,122.21,20904.0,122.027
2026-05-27 11:07:00-04:00,122.09,122.58,122.0,122.58,38849.0,122.218
2026-05-27 11:08:00-04:00,122.59,122.73,122.38,122.47,33192.0,122.544
2026-05-27 11:09:00-04:00,122.38,122.65,122.38,122.57,27245.0,122.536
2026-05-27 11:10:00-04:00,122.57,122.78,122.41,122.78,11864.0,122.546
2026-05-27 11:11:00-04:00,122.71,122.77,122.44,122.44,51394.0,122.575
2026-05-27 11:12:00-04:00,122.41,122.72,122.35,122.67,48088.0,122.491
2026-05-27 11:13:00-04:00,122.67,122.67,122.28,122.45,22138.0,122.445
2026-05-27 11:14:00-04:00,122.52,122.52,121.97,122.06,40344.0,122.308
2026-05-27 11:15:00-04:00,122.02,122.07,121.58,121.81,60187.0,121.779
2026-05-27 11:16:00-04:00,121.81,122.06,121.78,122.06,65897.0,121.94
2026-05-27 11:17:00-04:00,122.02,122.02,121.72,121.82,28175.0,121.891
2026-05-27 11:18:00-04:00,121.78,121.78,121.44,121.5,22181.0,121.634
2026-05-27 11:19:00-04:00,121.41,121.43,121.34,121.34,3781.0,121.386
2026-05-27 11:20:00-04:00,121.35,121.41,121.19,121.19,15719.0,121.298
2026-05-27 11:21:00-04:00,121.19,121.19,120.79,120.82,12762.0,121.022
2026-05-27 11:22:00-04:00,120.84,121.05,120.84,120.99,7718.0,120.978
2026-05-27 11:23:00-04:00,120.99,121.08,120.88,121.05,6571.0,120.99
2026-05-27 11:24:00-04:00,121.08,121.35,121.0,121.29,5396.0,121.163
2026-05-27 11:25:00-04:00,121.29,121.62,121.28,121.57,8411.0,121.465
2026-05-27 11:26:00-04:00,121.57,121.74,121.57,121.67,7453.0,121.665
2026-05-27 11:27:00-04:00,121.6,121.6,121.48,121.52,7465.0,121.524
2026-05-27 11:28:00-04:00,121.55,121.62,121.03,121.42,88191.0,121.233
2026-05-27 11:29:00-04:00,121.46,121.79,121.38,121.67,12123.0,121.621
2026-05-27 11:30:00-04:00,121.71,122.11,121.63,121.98,30243.0,121.912
2026-05-27 11:31:00-04:00,122.0,122.0,121.77,121.89,11120.0,121.881
2026-05-27 11:32:00-04:00,121.9,121.97,121.74,121.84,7961.0,121.844
2026-05-27 11:33:00-04:00,121.77,121.87,121.61,121.72,17140.0,121.715
2026-05-27 11:34:00-04:00,121.65,121.86,121.63,121.83,5405.0,121.715
2026-05-27 11:35:00-04:00,121.83,121.83,121.41,121.41,9987.0,121.649
2026-05-27 11:36:00-04:00,121.46,121.51,121.23,121.34,10559.0,121.415
2026-05-27 11:37:00-04:00,121.32,121.41,121.16,121.37,8030.0,121.306
2026-05-27 11:38:00-04:00,121.39,121.39,121.21,121.21,5026.0,121.303
2026-05-27 11:39:00-04:00,121.25,121.25,121.03,121.15,6203.0,121.117
2026-05-27 11:40:00-04:00,121.17,121.23,121.16,121.21,4161.0,121.177
2026-05-27 11:41:00-04:00,121.22,121.54,121.2,121.54,7162.0,121.353
2026-05-27 11:42:00-04:00,121.53,121.61,121.41,121.42,16276.0,121.48
2026-05-27 11:43:00-04:00,121.42,121.64,121.41,121.51,7368.0,121.541
2026-05-27 11:44:00-04:00,121.51,121.51,121.36,121.41,6757.0,121.436
2026-05-27 11:45:00-04:00,121.42,121.52,121.32,121.46,7992.0,121.426
2026-05-27 11:46:00-04:00,121.41,121.43,121.08,121.16,9332.0,121.222
2026-05-27 11:47:00-04:00,121.15,121.3,121.06,121.13,8906.0,121.193
2026-05-27 11:48:00-04:00,121.13,121.13,121.0,121.05,7021.0,121.064
2026-05-27 11:49:00-04:00,121.0,121.32,120.96,121.28,46533.0,121.18
2026-05-27 11:50:00-04:00,121.29,121.53,121.29,121.48,5898.0,121.434
2026-05-27 11:51:00-04:00,121.45,121.45,121.12,121.3,13250.0,121.261
2026-05-27 11:52:00-04:00,121.3,121.44,121.29,121.43,5328.0,121.371
2026-05-27 11:53:00-04:00,121.45,121.73,121.45,121.6,7958.0,121.637
2026-05-27 11:54:00-04:00,121.59,121.7,121.54,121.68,5520.0,121.602
2026-05-27 11:55:00-04:00,121.68,121.68,121.5,121.65,5325.0,121.606
2026-05-27 11:56:00-04:00,121.62,121.68,121.52,121.66,4616.0,121.595
2026-05-27 11:57:00-04:00,121.69,121.89,121.68,121.87,2825.0,121.777
2026-05-27 11:58:00-04:00,121.81,122.09,121.81,122.07,6654.0,121.954
2026-05-27 11:59:00-04:00,122.06,122.25,122.06,122.18,5861.0,122.176
2026-05-27 12:00:00-04:00,122.2,122.2,122.04,122.15,5300.0,122.124
2026-05-27 12:01:00-04:00,122.16,122.7,122.16,122.63,29570.0,122.512
2026-05-27 12:02:00-04:00,122.59,122.64,122.41,122.54,8071.0,122.548
2026-05-27 12:03:00-04:00,122.52,122.53,122.34,122.41,14127.0,122.411
2026-05-27 12:04:00-04:00,122.41,122.55,122.34,122.51,17500.0,122.418
2026-05-27 12:05:00-04:00,122.48,122.59,122.48,122.5,1806.0,122.539
2026-05-27 12:06:00-04:00,122.44,122.45,122.26,122.28,10312.0,122.354
2026-05-27 12:07:00-04:00,122.32,122.51,122.32,122.5,5801.0,122.404
2026-05-27 12:08:00-04:00,122.52,122.92,122.45,122.88,18834.0,122.773
2026-05-27 12:09:00-04:00,122.9,123.04,122.84,123.01,5903.0,122.954
2026-05-27 12:10:00-04:00,123.03,123.13,122.91,122.98,16880.0,123.029
2026-05-27 12:11:00-04:00,123.01,123.43,122.95,123.42,29079.0,123.244
2026-05-27 12:12:00-04:00,123.38,123.69,123.29,123.64,25604.0,123.534
2026-05-27 12:13:00-04:00,123.61,123.66,123.38,123.38,11654.0,123.522
2026-05-27 12:14:00-04:00,123.41,123.41,123.29,123.33,5527.0,123.36
2026-05-27 12:15:00-04:00,123.29,123.42,123.25,123.41,9866.0,123.311
2026-05-27 12:16:00-04:00,123.41,123.41,123.31,123.38,8002.0,123.348
2026-05-27 12:17:00-04:00,123.39,123.43,123.26,123.4,14588.0,123.343
2026-05-27 12:18:00-04:00,123.32,123.52,123.25,123.46,15094.0,123.347
2026-05-27 12:19:00-04:00,123.44,123.52,123.4,123.48,7300.0,123.447
2026-05-27 12:20:00-04:00,123.43,123.55,123.43,123.55,1415.0,123.523
2026-05-27 12:21:00-04:00,123.55,123.86,123.54,123.82,7290.0,123.697
2026-05-27 12:22:00-04:00,123.91,123.94,123.81,123.89,4523.0,123.88
2026-05-27 12:23:00-04:00,123.89,123.91,123.75,123.76,4895.0,123.828
2026-05-27 12:24:00-04:00,123.84,124.09,123.83,124.09,4607.0,123.97
2026-05-27 12:25:00-04:00,124.04,124.29,124.03,124.18,12896.0,124.196
2026-05-27 12:26:00-04:00,124.23,124.43,124.13,124.39,8592.0,124.278
2026-05-27 12:27:00-04:00,124.37,124.42,124.25,124.25,4871.0,124.349
2026-05-27 12:28:00-04:00,124.24,124.31,124.05,124.11,58123.0,124.235
2026-05-27 12:29:00-04:00,124.05,124.13,124.02,124.09,2820.0,124.07
2026-05-27 12:30:00-04:00,124.08,124.1,123.86,123.91,8596.0,123.968
2026-05-27 12:31:00-04:00,123.82,123.85,123.7,123.79,18036.0,123.811
2026-05-27 12:32:00-04:00,123.78,123.86,123.78,123.81,3058.0,123.814
2026-05-27 12:33:00-04:00,123.81,123.81,123.75,123.77,1300.0,123.762
2026-05-27 12:34:00-04:00,123.73,123.73,123.54,123.63,41429.0,123.653
2026-05-27 12:35:00-04:00,123.66,123.7,123.56,123.61,5735.0,123.636
2026-05-27 12:36:00-04:00,123.64,123.83,123.64,123.8,8984.0,123.742
2026-05-27 12:37:00-04:00,123.82,124.0,123.82,123.97,5565.0,123.93
2026-05-27 12:38:00-04:00,123.95,123.98,123.83,123.83,5562.0,123.887
2026-05-27 12:39:00-04:00,123.83,123.87,123.73,123.87,7025.0,123.805
2026-05-27 12:40:00-04:00,123.87,124.06,123.87,124.0,4379.0,123.986
2026-05-27 12:41:00-04:00,124.02,124.11,123.98,124.02,8656.0,124.049
2026-05-27 12:42:00-04:00,124.09,124.26,124.09,124.21,7124.0,124.183
2026-05-27 12:43:00-04:00,124.17,124.37,124.14,124.26,5496.0,124.266
2026-05-27 12:44:00-04:00,124.21,124.31,123.94,123.94,7707.0,124.18
2026-05-27 12:45:00-04:00,124.03,124.13,124.01,124.06,6306.0,124.047
2026-05-27 12:46:00-04:00,124.02,124.16,124.02,124.05,4643.0,124.084
2026-05-27 12:47:00-04:00,124.15,124.22,124.11,124.13,4358.0,124.163
2026-05-27 12:48:00-04:00,124.13,124.13,123.96,123.99,5090.0,124.047
2026-05-27 12:49:00-04:00,123.98,124.17,123.96,124.14,4514.0,124.059
2026-05-27 12:50:00-04:00,124.11,124.11,124.0,124.08,5389.0,124.037
2026-05-27 12:51:00-04:00,124.02,124.03,123.95,123.98,4134.0,123.981
2026-05-27 12:52:00-04:00,123.96,123.97,123.78,123.78,4370.0,123.897
2026-05-27 12:53:00-04:00,123.79,123.88,123.78,123.85,4534.0,123.832
2026-05-27 12:54:00-04:00,123.88,124.0,123.86,123.94,3348.0,123.934
2026-05-27 12:55:00-04:00,123.94,123.94,123.82,123.87,2835.0,123.877
2026-05-27 12:56:00-04:00,123.9,123.9,123.53,123.53,3973.0,123.631
2026-05-27 12:57:00-04:00,123.56,123.62,123.5,123.5,7427.0,123.58
2026-05-27 12:58:00-04:00,123.5,123.66,123.5,123.64,4590.0,123.619
2026-05-27 12:59:00-04:00,123.65,123.65,123.53,123.62,2239.0,123.59
2026-05-27 13:00:00-04:00,123.57,123.57,123.5,123.51,2000.0,123.554
2026-05-27 13:01:00-04:00,123.51,123.51,123.4,123.4,5606.0,123.472
2026-05-27 13:02:00-04:00,123.42,123.58,123.38,123.47,9329.0,123.527
2026-05-27 13:03:00-04:00,123.53,123.53,123.44,123.49,1713.0,123.492
2026-05-27 13:04:00-04:00,123.52,123.75,123.51,123.66,6888.0,123.638
2026-05-27 13:05:00-04:00,123.67,123.67,123.44,123.6,7926.0,123.534
2026-05-27 13:06:00-04:00,123.56,123.56,123.19,123.27,9310.0,123.309
2026-05-27 13:07:00-04:00,123.27,123.29,123.06,123.11,7220.0,123.199
2026-05-27 13:08:00-04:00,123.11,123.17,123.04,123.14,6020.0,123.1
2026-05-27 13:09:00-04:00,123.13,123.15,122.88,122.9,9582.0,123.025
2026-05-27 13:10:00-04:00,122.97,123.39,122.97,123.39,6967.0,123.181
2026-05-27 13:11:00-04:00,123.35,123.35,122.91,122.91,5480.0,123.143
2026-05-27 13:12:00-04:00,122.94,123.14,122.94,123.14,2500.0,123.089
2026-05-27 13:13:00-04:00,123.15,123.15,123.01,123.11,5044.0,123.084
2026-05-27 13:14:00-04:00,123.07,123.15,123.07,123.15,1761.0,123.098
2026-05-27 13:15:00-04:00,123.07,123.24,123.07,123.24,4991.0,123.12
2026-05-27 13:16:00-04:00,123.25,123.57,123.24,123.57,4325.0,123.354
2026-05-27 13:17:00-04:00,123.6,123.64,123.52,123.62,3400.0,123.559
2026-05-27 13:18:00-04:00,123.61,123.79,123.61,123.74,4317.0,123.709
2026-05-27 13:19:00-04:00,123.73,123.8,123.71,123.8,2629.0,123.754
2026-05-27 13:20:00-04:00,123.75,123.94,123.75,123.87,4800.0,123.833
2026-05-27 13:21:00-04:00,123.86,124.1,123.86,124.1,5610.0,123.998
2026-05-27 13:22:00-04:00,124.03,124.06,123.85,124.04,5530.0,123.987
2026-05-27 13:23:00-04:00,124.07,124.26,124.04,124.24,4586.0,124.172
2026-05-27 13:24:00-04:00,124.22,124.26,124.16,124.26,2299.0,124.198
2026-05-27 13:25:00-04:00,124.26,124.39,124.22,124.3,8198.0,124.274
2026-05-27 13:26:00-04:00,124.3,124.34,124.22,124.24,3908.0,124.278
2026-05-27 13:27:00-04:00,124.21,124.21,124.12,124.13,3825.0,124.159
2026-05-27 13:28:00-04:00,124.12,124.21,124.12,124.18,2700.0,124.165
2026-05-27 13:29:00-04:00,124.22,124.23,124.08,124.14,5549.0,124.134
2026-05-27 13:30:00-04:00,124.1,124.13,123.93,123.93,5141.0,124.028
2026-05-27 13:31:00-04:00,123.93,124.05,123.9,123.92,2923.0,123.959
2026-05-27 13:32:00-04:00,123.94,123.95,123.88,123.91,3220.0,123.915
2026-05-27 13:33:00-04:00,123.9,124.03,123.79,124.03,11500.0,123.869
2026-05-27 13:34:00-04:00,124.02,124.16,124.01,124.16,2618.0,124.073
2026-05-27 13:35:00-04:00,124.14,124.36,124.13,124.3,6204.0,124.259
2026-05-27 13:36:00-04:00,124.31,124.4,124.25,124.39,10240.0,124.302
2026-05-27 13:37:00-04:00,124.34,124.34,124.23,124.23,2550.0,124.269
2026-05-27 13:38:00-04:00,124.21,124.24,124.11,124.11,12903.0,124.153
2026-05-27 13:39:00-04:00,124.11,124.11,123.94,123.97,10151.0,124.011
2026-05-27 13:40:00-04:00,124.01,124.02,123.86,123.92,7502.0,123.926
2026-05-27 13:41:00-04:00,123.93,123.96,123.86,123.92,6219.0,123.921
2026-05-27 13:42:00-04:00,123.91,123.99,123.9,123.9,3172.0,123.939
2026-05-27 13:43:00-04:00,123.9,123.96,123.78,123.96,5070.0,123.87
2026-05-27 13:44:00-04:00,123.94,124.02,123.9,124.01,5437.0,123.979
2026-05-27 13:45:00-04:00,124.01,124.01,123.93,123.97,4207.0,123.971
2026-05-27 13:46:00-04:00,123.97,124.07,123.87,124.06,12965.0,123.963
2026-05-27 13:47:00-04:00,124.08,124.15,124.03,124.1,2742.0,124.082
2026-05-27 13:48:00-04:00,124.18,124.18,124.09,124.1,4435.0,124.134
2026-05-27 13:49:00-04:00,124.13,124.23,124.1,124.2,1320.0,124.163
2026-05-27 13:50:00-04:00,124.2,124.25,124.15,124.22,2900.0,124.193
2026-05-27 13:51:00-04:00,124.28,124.44,124.25,124.44,1600.0,124.371
2026-05-27 13:52:00-04:00,124.41,124.48,124.36,124.48,3100.0,124.421
2026-05-27 13:53:00-04:00,124.45,124.49,124.39,124.42,3216.0,124.447
2026-05-27 13:54:00-04:00,124.4,124.4,124.27,124.33,9566.0,124.317
2026-05-27 13:55:00-04:00,124.35,124.37,124.31,124.35,1000.0,124.35
2026-05-27 13:56:00-04:00,124.37,124.41,124.31,124.32,2800.0,124.345
2026-05-27 13:57:00-04:00,124.28,124.3,124.22,124.22,3866.0,124.259
2026-05-27 13:58:00-04:00,124.24,124.36,124.22,124.28,7167.0,124.271
2026-05-27 13:59:00-04:00,124.25,124.3,124.04,124.16,10869.0,124.164
2026-05-27 14:00:00-04:00,124.12,124.18,123.93,124.06,7525.0,124.07
2026-05-27 14:01:00-04:00,124.08,124.17,123.94,124.17,33523.0,124.07
2026-05-27 14:02:00-04:00,124.17,124.17,124.1,124.1,4377.0,124.131
2026-05-27 14:03:00-04:00,124.1,124.11,124.02,124.02,2417.0,124.057
2026-05-27 14:04:00-04:00,124.03,124.11,123.97,124.07,2700.0,124.023
2026-05-27 14:05:00-04:00,124.01,124.11,123.98,124.09,8124.0,124.058
2026-05-27 14:06:00-04:00,124.1,124.17,124.03,124.13,10498.0,124.096
2026-05-27 14:07:00-04:00,124.14,124.26,124.05,124.23,33753.0,124.116
2026-05-27 14:08:00-04:00,124.24,124.25,124.02,124.04,7544.0,124.152
2026-05-27 14:09:00-04:00,124.04,124.11,123.96,124.03,10353.0,124.055
2026-05-27 14:10:00-04:00,124.03,124.06,123.99,124.06,4290.0,124.017
2026-05-27 14:11:00-04:00,124.08,124.23,124.08,124.18,13605.0,124.177
2026-05-27 14:12:00-04:00,124.18,124.31,124.12,124.29,7265.0,124.226
2026-05-27 14:13:00-04:00,124.29,124.29,124.19,124.21,5024.0,124.263
2026-05-27 14:14:00-04:00,124.21,124.27,124.12,124.27,2661.0,124.197
2026-05-27 14:15:00-04:00,124.28,124.29,124.23,124.26,5050.0,124.257
2026-05-27 14:16:00-04:00,124.26,124.31,124.21,124.29,4631.0,124.252
2026-05-27 14:17:00-04:00,124.3,124.32,124.28,124.32,2400.0,124.301
2026-05-27 14:18:00-04:00,124.3,124.38,124.28,124.28,8301.0,124.32
2026-05-27 14:19:00-04:00,124.25,124.29,124.23,124.23,4234.0,124.247
2026-05-27 14:20:00-04:00,124.23,124.31,124.19,124.24,5585.0,124.215
2026-05-27 14:21:00-04:00,124.24,124.27,124.23,124.26,3507.0,124.252
2026-05-27 14:22:00-04:00,124.26,124.4,124.25,124.38,6333.0,124.301
2026-05-27 14:23:00-04:00,124.39,124.42,124.36,124.38,1750.0,124.384
2026-05-27 14:24:00-04:00,124.41,124.55,124.26,124.5,7944.0,124.423
2026-05-27 14:25:00-04:00,124.53,124.7,124.52,124.67,13065.0,124.602
2026-05-27 14:26:00-04:00,124.71,124.8,124.71,124.77,9716.0,124.741
2026-05-27 14:27:00-04:00,124.75,124.85,124.75,124.78,10965.0,124.798
2026-05-27 14:28:00-04:00,124.79,124.84,124.78,124.81,6062.0,124.801
2026-05-27 14:29:00-04:00,124.82,124.89,124.8,124.89,3327.0,124.847
2026-05-27 14:30:00-04:00,124.92,125.03,124.9,125.01,11217.0,124.981
2026-05-27 14:31:00-04:00,125.01,125.08,124.9,125.08,8410.0,124.986
2026-05-27 14:32:00-04:00,125.08,125.1,125.04,125.09,4185.0,125.076
2026-05-27 14:33:00-04:00,125.1,125.13,125.04,125.12,8506.0,125.072
2026-05-27 14:34:00-04:00,125.11,125.16,124.93,124.95,3049.0,125.053
2026-05-27 14:35:00-04:00,124.95,125.03,124.86,125.03,5044.0,124.921
2026-05-27 14:36:00-04:00,125.05,125.08,125.03,125.06,3691.0,125.049
2026-05-27 14:37:00-04:00,125.09,125.16,124.9,124.9,7576.0,125.051
2026-05-27 14:38:00-04:00,124.9,124.91,124.76,124.76,6392.0,124.837
2026-05-27 14:39:00-04:00,124.82,124.85,124.76,124.85,5336.0,124.804
2026-05-27 14:40:00-04:00,124.82,124.87,124.81,124.85,2000.0,124.843
2026-05-27 14:41:00-04:00,124.83,124.93,124.76,124.92,6890.0,124.825
2026-05-27 14:42:00-04:00,124.92,124.99,124.89,124.95,2700.0,124.925
2026-05-27 14:43:00-04:00,125.0,125.08,124.97,124.98,3981.0,125.025
2026-05-27 14:44:00-04:00,124.98,125.03,124.94,125.01,10011.0,124.964
2026-05-27 14:45:00-04:00,124.98,125.04,124.88,124.91,7915.0,124.965
2026-05-27 14:46:00-04:00,124.91,125.03,124.89,124.9,6752.0,124.954
2026-05-27 14:47:00-04:00,124.9,124.95,124.89,124.93,1920.0,124.927
2026-05-27 14:48:00-04:00,124.96,125.0,124.87,124.91,5113.0,124.924
2026-05-27 14:49:00-04:00,124.91,124.91,124.78,124.79,4364.0,124.823
2026-05-27 14:50:00-04:00,124.79,124.86,124.79,124.84,5809.0,124.831
2026-05-27 14:51:00-04:00,124.84,125.0,124.77,125.0,5791.0,124.868
2026-05-27 14:52:00-04:00,124.97,125.1,124.92,125.06,5422.0,125.015
2026-05-27 14:53:00-04:00,125.07,125.14,124.98,125.03,10840.0,125.039
2026-05-27 14:54:00-04:00,124.98,125.01,124.93,124.96,2329.0,124.965
2026-05-27 14:55:00-04:00,125.0,125.0,124.83,124.87,10011.0,124.896
2026-05-27 14:56:00-04:00,124.86,124.87,124.83,124.86,5716.0,124.855
2026-05-27 14:57:00-04:00,124.86,124.86,124.73,124.79,5712.0,124.798
2026-05-27 14:58:00-04:00,124.79,125.02,124.74,125.02,17064.0,124.866
2026-05-27 14:59:00-04:00,125.02,125.28,124.98,125.17,28118.0,125.178
2026-05-27 15:00:00-04:00,125.19,125.28,125.02,125.07,25832.0,125.142
2026-05-27 15:01:00-04:00,125.16,125.2,125.12,125.16,13864.0,125.178
2026-05-27 15:02:00-04:00,125.16,125.2,125.1,125.19,4989.0,125.143
2026-05-27 15:03:00-04:00,125.23,125.25,125.12,125.17,7074.0,125.204
2026-05-27 15:04:00-04:00,125.17,125.2,125.1,125.14,7767.0,125.141
2026-05-27 15:05:00-04:00,125.2,125.22,125.03,125.06,7016.0,125.095
2026-05-27 15:06:00-04:00,125.06,125.14,124.99,125.14,7143.0,125.066
2026-05-27 15:07:00-04:00,125.12,125.17,125.04,125.14,11714.0,125.114
2026-05-27 15:08:00-04:00,125.17,125.18,125.01,125.02,18154.0,125.086
2026-05-27 15:09:00-04:00,125.02,125.13,124.99,125.13,11538.0,125.056
2026-05-27 15:10:00-04:00,125.12,125.25,125.06,125.18,14255.0,125.146
2026-05-27 15:11:00-04:00,125.19,125.37,125.01,125.16,48233.0,125.201
2026-05-27 15:12:00-04:00,125.15,125.15,124.93,124.99,15585.0,125.021
2026-05-27 15:13:00-04:00,125.01,125.01,124.91,124.92,11588.0,124.959
2026-05-27 15:14:00-04:00,124.95,125.14,124.91,125.12,9508.0,125.032
2026-05-27 15:15:00-04:00,125.11,125.19,125.1,125.19,6314.0,125.145
2026-05-27 15:16:00-04:00,125.18,125.18,125.07,125.16,12861.0,125.13
2026-05-27 15:17:00-04:00,125.16,125.22,125.12,125.18,10886.0,125.163
2026-05-27 15:18:00-04:00,125.21,125.23,125.04,125.09,8308.0,125.129
2026-05-27 15:19:00-04:00,125.05,125.23,125.05,125.1,13234.0,125.136
2026-05-27 15:20:00-04:00,125.12,125.18,125.06,125.14,11420.0,125.107
2026-05-27 15:21:00-04:00,125.11,125.28,125.11,125.15,9055.0,125.196
2026-05-27 15:22:00-04:00,125.17,125.17,124.99,125.08,117943.0,125.141
2026-05-27 15:23:00-04:00,125.08,125.09,124.86,124.93,5946.0,125.0
2026-05-27 15:24:00-04:00,124.89,124.97,124.87,124.92,3551.0,124.925
2026-05-27 15:25:00-04:00,124.92,125.0,124.68,124.75,17918.0,124.852
2026-05-27 15:26:00-04:00,124.77,124.77,124.51,124.54,12147.0,124.575
2026-05-27 15:27:00-04:00,124.5,124.55,124.19,124.24,71546.0,124.462
2026-05-27 15:28:00-04:00,124.19,124.26,124.09,124.1,21496.0,124.179
2026-05-27 15:29:00-04:00,124.12,124.22,124.03,124.12,20464.0,124.126
2026-05-27 15:30:00-04:00,124.13,124.22,124.06,124.12,29592.0,124.137
2026-05-27 15:31:00-04:00,124.12,124.17,123.77,123.78,23362.0,123.963
2026-05-27 15:32:00-04:00,123.79,123.92,123.78,123.79,13193.0,123.842
2026-05-27 15:33:00-04:00,123.79,124.0,123.68,124.0,22478.0,123.79
2026-05-27 15:34:00-04:00,124.03,124.08,123.96,124.04,15718.0,124.012
2026-05-27 15:35:00-04:00,124.05,124.16,123.99,124.16,7443.0,124.089
2026-05-27 15:36:00-04:00,124.15,124.43,124.02,124.32,28864.0,124.255
2026-05-27 15:37:00-04:00,124.35,124.54,124.34,124.49,11985.0,124.413
2026-05-27 15:38:00-04:00,124.52,124.55,124.14,124.15,24992.0,124.381
2026-05-27 15:39:00-04:00,124.14,124.3,124.14,124.19,14489.0,124.23
2026-05-27 15:40:00-04:00,124.2,124.34,124.19,124.2,9116.0,124.245
2026-05-27 15:41:00-04:00,124.23,124.32,124.17,124.17,12164.0,124.22
2026-05-27 15:42:00-04:00,124.17,124.19,123.89,124.03,23567.0,124.049
2026-05-27 15:43:00-04:00,124.02,124.16,123.95,123.99,10421.0,124.038
2026-05-27 15:44:00-04:00,123.94,124.08,123.94,124.07,7090.0,124.004
2026-05-27 15:45:00-04:00,124.09,124.14,123.78,123.78,19005.0,123.931
2026-05-27 15:46:00-04:00,123.78,123.91,123.62,123.8,42043.0,123.764
2026-05-27 15:47:00-04:00,123.8,123.88,123.67,123.73,28721.0,123.746
2026-05-27 15:48:00-04:00,123.75,123.78,123.66,123.73,50536.0,123.745
2026-05-27 15:49:00-04:00,123.74,123.88,123.73,123.73,13975.0,123.795
2026-05-27 15:50:00-04:00,123.77,124.11,123.72,124.11,21186.0,123.941
2026-05-27 15:51:00-04:00,124.12,124.5,124.07,124.46,20149.0,124.335
2026-05-27 15:52:00-04:00,124.43,124.54,124.19,124.46,50647.0,124.422
2026-05-27 15:53:00-04:00,124.45,124.83,124.45,124.64,20333.0,124.626
2026-05-27 15:54:00-04:00,124.63,124.73,124.52,124.65,26615.0,124.652
2026-05-27 15:55:00-04:00,124.64,124.82,124.45,124.81,31197.0,124.704
2026-05-27 15:56:00-04:00,124.81,124.91,124.78,124.8,33873.0,124.839
2026-05-27 15:57:00-04:00,124.79,124.97,124.74,124.78,44576.0,124.832
2026-05-27 15:58:00-04:00,124.79,124.82,124.73,124.81,74348.0,124.78
2026-05-27 15:59:00-04:00,124.81,124.96,124.76,124.87,184498.0,124.888
2026-05-28 09:30:00-04:00,125.61,125.61,122.31,122.58,236505.0,124.28
2026-05-28 09:31:00-04:00,122.89,123.09,122.35,122.96,43615.0,122.603
2026-05-28 09:32:00-04:00,122.86,123.88,122.86,123.83,19345.0,123.458
2026-05-28 09:33:00-04:00,123.74,123.75,122.75,122.75,12879.0,123.338
2026-05-28 09:34:00-04:00,122.76,123.2,122.76,123.1,5759.0,122.973
2026-05-28 09:35:00-04:00,123.01,123.09,122.27,122.65,18756.0,122.596
2026-05-28 09:36:00-04:00,122.56,122.83,122.51,122.61,6608.0,122.682
2026-05-28 09:37:00-04:00,122.52,122.64,122.32,122.37,18355.0,122.461
2026-05-28 09:38:00-04:00,122.26,122.34,121.72,121.77,14940.0,121.96
2026-05-28 09:39:00-04:00,121.86,122.4,121.86,122.4,9345.0,122.126
2026-05-28 09:40:00-04:00,122.3,122.31,121.81,121.83,5173.0,122.013
2026-05-28 09:41:00-04:00,121.78,121.78,121.23,121.37,10188.0,121.393
2026-05-28 09:42:00-04:00,121.51,121.54,121.15,121.41,16972.0,121.306
2026-05-28 09:43:00-04:00,121.42,121.53,121.09,121.16,13485.0,121.409
2026-05-28 09:44:00-04:00,121.09,121.16,120.83,121.16,79065.0,121.039
2026-05-28 09:45:00-04:00,121.26,121.26,120.77,121.1,15525.0,121.065
2026-05-28 09:46:00-04:00,121.16,121.21,120.81,120.81,14260.0,121.038
2026-05-28 09:47:00-04:00,120.81,120.87,120.26,120.31,20220.0,120.541
2026-05-28 09:48:00-04:00,120.31,120.45,120.05,120.35,21520.0,120.264
2026-05-28 09:49:00-04:00,120.33,120.39,119.96,120.1,43913.0,120.085
2026-05-28 09:50:00-04:00,120.1,120.15,119.71,119.88,34945.0,119.937
2026-05-28 09:51:00-04:00,120.05,120.35,119.89,120.35,15121.0,120.148
2026-05-28 09:52:00-04:00,120.31,120.75,120.26,120.69,28076.0,120.637
2026-05-28 09:53:00-04:00,120.79,120.8,120.04,120.04,16187.0,120.646
2026-05-28 09:54:00-04:00,120.0,120.02,119.61,119.69,9577.0,119.759
2026-05-28 09:55:00-04:00,119.63,119.66,119.34,119.34,18431.0,119.475
2026-05-28 09:56:00-04:00,119.32,119.63,119.24,119.63,42295.0,119.373
2026-05-28 09:57:00-04:00,119.63,119.92,119.63,119.85,10952.0,119.802
2026-05-28 09:58:00-04:00,119.93,119.99,119.9,119.91,6207.0,119.932
2026-05-28 09:59:00-04:00,119.97,119.97,119.51,119.58,22848.0,119.729
2026-05-28 10:00:00-04:00,119.56,120.25,119.5,120.04,17845.0,119.985
2026-05-28 10:01:00-04:00,120.01,120.08,119.57,119.78,14382.0,119.803
2026-05-28 10:02:00-04:00,119.78,120.25,119.77,120.24,7499.0,120.008
2026-05-28 10:03:00-04:00,120.33,120.33,120.02,120.08,13276.0,120.111
2026-05-28 10:04:00-04:00,120.09,120.27,120.01,120.12,10108.0,120.149
2026-05-28 10:05:00-04:00,120.13,120.14,119.86,120.05,6027.0,119.989
2026-05-28 10:06:00-04:00,120.08,120.38,120.04,120.36,9455.0,120.222
2026-05-28 10:07:00-04:00,120.38,120.99,120.37,120.97,12235.0,120.659
2026-05-28 10:08:00-04:00,120.97,121.39,120.93,121.39,8248.0,121.176
2026-05-28 10:09:00-04:00,121.34,121.47,121.19,121.37,8497.0,121.348
2026-05-28 10:10:00-04:00,121.36,121.42,120.86,120.89,13212.0,121.114
2026-05-28 10:11:00-04:00,120.86,121.04,120.78,121.03,16438.0,120.903
2026-05-28 10:12:00-04:00,121.07,122.05,121.06,122.05,21975.0,121.504
2026-05-28 10:13:00-04:00,121.96,122.82,121.94,122.64,42550.0,122.226
2026-05-28 10:14:00-04:00,122.69,122.87,122.5,122.57,10163.0,122.626
2026-05-28 10:15:00-04:00,122.65,122.79,122.1,122.1,10065.0,122.54
2026-05-28 10:16:00-04:00,122.02,122.37,121.97,122.36,8205.0,122.193
2026-05-28 10:17:00-04:00,122.32,122.54,122.26,122.3,10606.0,122.381
2026-05-28 10:18:00-04:00,122.2,122.93,122.16,122.8,52027.0,122.784
2026-05-28 10:19:00-04:00,122.77,122.77,122.37,122.42,13003.0,122.592
2026-05-28 10:20:00-04:00,122.42,122.54,121.0,121.96,64147.0,122.07
2026-05-28 10:21:00-04:00,121.98,121.99,121.52,121.52,16139.0,121.822
2026-05-28 10:22:00-04:00,121.49,121.55,121.39,121.46,3734.0,121.48
2026-05-28 10:23:00-04:00,121.42,121.54,121.34,121.41,7666.0,121.452
2026-05-28 10:24:00-04:00,121.4,121.84,121.39,121.8,8844.0,121.602
2026-05-28 10:25:00-04:00,121.8,122.15,121.8,122.05,12281.0,121.996
2026-05-28 10:26:00-04:00,122.1,122.11,121.93,122.03,10700.0,122.007
2026-05-28 10:27:00-04:00,122.02,122.02,121.8,121.83,7005.0,121.891
2026-05-28 10:28:00-04:00,121.85,122.01,121.82,122.0,5205.0,121.901
2026-05-28 10:29:00-04:00,122.06,122.44,122.05,122.39,7205.0,122.267
2026-05-28 10:30:00-04:00,122.38,122.55,122.27,122.34,5953.0,122.392
2026-05-28 10:31:00-04:00,122.3,122.4,122.14,122.2,8328.0,122.275
2026-05-28 10:32:00-04:00,122.08,122.15,122.01,122.06,6427.0,122.088
2026-05-28 10:33:00-04:00,122.11,122.11,121.91,121.91,5928.0,122.012
2026-05-28 10:34:00-04:00,121.94,121.96,121.75,121.77,4961.0,121.848
2026-05-28 10:35:00-04:00,121.77,122.08,121.77,122.08,9474.0,121.915
2026-05-28 10:36:00-04:00,122.06,122.14,121.99,122.14,3508.0,122.038
2026-05-28 10:37:00-04:00,122.13,122.13,121.99,122.03,3776.0,122.044
2026-05-28 10:38:00-04:00,122.05,122.29,121.89,122.23,8223.0,122.029
2026-05-28 10:39:00-04:00,122.18,122.37,122.18,122.24,8845.0,122.277
2026-05-28 10:40:00-04:00,122.19,122.55,122.18,122.48,5210.0,122.405
2026-05-28 10:41:00-04:00,122.5,122.6,122.34,122.34,6044.0,122.516
2026-05-28 10:42:00-04:00,122.31,122.32,122.03,122.06,5273.0,122.141
2026-05-28 10:43:00-04:00,122.13,122.35,122.13,122.2,9452.0,122.229
2026-05-28 10:44:00-04:00,122.2,122.27,122.11,122.19,6386.0,122.189
2026-05-28 10:45:00-04:00,122.16,122.37,122.16,122.37,3832.0,122.283
2026-05-28 10:46:00-04:00,122.39,122.53,122.15,122.27,17147.0,122.298
2026-05-28 10:47:00-04:00,122.35,122.49,122.3,122.46,4600.0,122.366
2026-05-28 10:48:00-04:00,122.51,122.73,122.49,122.72,6733.0,122.573
2026-05-28 10:49:00-04:00,122.73,122.76,122.56,122.62,13425.0,122.673
2026-05-28 10:50:00-04:00,122.63,122.9,122.62,122.89,5300.0,122.76
2026-05-28 10:51:00-04:00,122.88,123.0,122.87,122.97,8188.0,122.931
2026-05-28 10:52:00-04:00,122.99,123.17,122.91,123.16,10655.0,123.004
2026-05-28 10:53:00-04:00,123.16,123.44,123.16,123.42,14128.0,123.302
2026-05-28 10:54:00-04:00,123.43,123.55,123.36,123.39,9066.0,123.446
2026-05-28 10:55:00-04:00,123.38,123.38,123.19,123.23,10814.0,123.275
2026-05-28 10:56:00-04:00,123.27,123.27,123.01,123.08,11672.0,123.097
2026-05-28 10:57:00-04:00,123.14,123.14,122.98,122.98,8659.0,123.045
2026-05-28 10:58:00-04:00,122.94,123.02,122.63,122.69,10326.0,122.767
2026-05-28 10:59:00-04:00,122.71,122.95,122.7,122.92,1200.0,122.835
2026-05-28 11:00:00-04:00,122.86,123.13,122.86,123.03,9978.0,122.98
2026-05-28 11:01:00-04:00,123.02,123.26,122.94,123.26,10914.0,123.026
2026-05-28 11:02:00-04:00,123.24,123.34,123.19,123.27,4408.0,123.263
2026-05-28 11:03:00-04:00,123.25,123.46,123.25,123.42,10093.0,123.399
2026-05-28 11:04:00-04:00,123.46,123.62,123.46,123.54,15706.0,123.535
2026-05-28 11:05:00-04:00,123.51,123.77,123.51,123.65,9219.0,123.688
2026-05-28 11:06:00-04:00,123.72,123.8,123.61,123.8,8841.0,123.732
2026-05-28 11:07:00-04:00,123.72,123.84,123.64,123.83,3078.0,123.749
2026-05-28 11:08:00-04:00,123.83,123.86,123.7,123.7,5162.0,123.739
2026-05-28 11:09:00-04:00,123.71,124.0,123.67,123.98,5326.0,123.852
2026-05-28 11:10:00-04:00,124.07,124.07,124.0,124.02,2141.0,124.034
2026-05-28 11:11:00-04:00,124.02,124.05,123.79,123.81,2736.0,123.936
2026-05-28 11:12:00-04:00,123.85,123.87,123.73,123.77,3362.0,123.814
2026-05-28 11:13:00-04:00,123.78,123.8,123.75,123.78,2768.0,123.78
2026-05-28 11:14:00-04:00,123.8,123.84,123.61,123.63,13323.0,123.736
2026-05-28 11:15:00-04:00,123.6,123.62,123.5,123.54,4133.0,123.549
2026-05-28 11:16:00-04:00,123.52,123.84,123.52,123.79,1966.0,123.701
2026-05-28 11:17:00-04:00,123.84,124.02,123.84,123.92,3560.0,123.932
2026-05-28 11:18:00-04:00,123.98,124.1,123.96,124.1,23673.0,124.02
2026-05-28 11:19:00-04:00,124.1,124.18,124.0,124.02,2697.0,124.073
2026-05-28 11:20:00-04:00,124.06,124.13,123.99,124.02,2599.0,124.096
2026-05-28 11:21:00-04:00,124.0,124.24,124.0,124.02,4136.0,124.097
2026-05-28 11:22:00-04:00,124.0,124.16,123.97,124.14,4013.0,124.083
2026-05-28 11:23:00-04:00,124.17,124.18,124.06,124.09,2490.0,124.124
2026-05-28 11:24:00-04:00,124.06,124.11,124.05,124.08,6004.0,124.077
2026-05-28 11:25:00-04:00,124.12,124.35,124.12,124.3,7420.0,124.212
2026-05-28 11:26:00-04:00,124.29,124.54,124.29,124.53,6702.0,124.452
2026-05-28 11:27:00-04:00,124.52,124.71,124.49,124.7,5813.0,124.562
2026-05-28 11:28:00-04:00,124.7,124.9,124.68,124.86,8961.0,124.789
2026-05-28 11:29:00-04:00,124.89,125.0,124.88,124.98,20099.0,124.927
2026-05-28 11:30:00-04:00,124.99,125.0,124.79,124.8,6496.0,124.927
2026-05-28 11:31:00-04:00,124.82,125.1,124.81,125.07,20904.0,124.945
2026-05-28 11:32:00-04:00,125.01,125.23,124.97,125.19,9676.0,125.047
2026-05-28 11:33:00-04:00,125.2,125.32,125.08,125.22,10879.0,125.196
2026-05-28 11:34:00-04:00,125.26,125.31,125.07,125.15,19698.0,125.193
2026-05-28 11:35:00-04:00,125.19,125.41,125.19,125.41,10753.0,125.228
2026-05-28 11:36:00-04:00,125.38,125.45,125.32,125.41,8259.0,125.381
2026-05-28 11:37:00-04:00,125.45,125.47,125.41,125.47,7018.0,125.431
2026-05-28 11:38:00-04:00,125.47,125.5,125.37,125.4,13864.0,125.436
2026-05-28 11:39:00-04:00,125.41,125.44,125.29,125.3,8296.0,125.355
2026-05-28 11:40:00-04:00,125.34,125.47,125.33,125.45,7486.0,125.388
2026-05-28 11:41:00-04:00,125.47,125.5,125.38,125.43,4585.0,125.461
2026-05-28 11:42:00-04:00,125.46,125.59,125.46,125.52,8425.0,125.52
2026-05-28 11:43:00-04:00,125.52,125.56,125.37,125.38,16182.0,125.492
2026-05-28 11:44:00-04:00,125.36,125.38,125.28,125.29,6910.0,125.341
2026-05-28 11:45:00-04:00,125.29,125.37,125.29,125.35,6332.0,125.314
2026-05-28 11:46:00-04:00,125.41,125.53,125.41,125.45,4556.0,125.46
2026-05-28 11:47:00-04:00,125.44,125.45,125.19,125.25,10100.0,125.322
2026-05-28 11:48:00-04:00,125.25,125.37,125.25,125.34,5370.0,125.329
2026-05-28 11:49:00-04:00,125.34,125.34,125.21,125.26,3200.0,125.26
2026-05-28 11:50:00-04:00,125.27,125.33,125.2,125.2,8431.0,125.287
2026-05-28 11:51:00-04:00,125.22,125.47,125.22,125.43,8632.0,125.339
2026-05-28 11:52:00-04:00,125.41,125.5,125.41,125.5,3563.0,125.454
2026-05-28 11:53:00-04:00,125.48,125.59,125.48,125.52,3511.0,125.514
2026-05-28 11:54:00-04:00,125.65,125.65,125.51,125.51,1008.0,125.602
2026-05-28 11:55:00-04:00,125.52,125.52,125.51,125.52,100.0,125.515
2026-05-28 11:56:00-04:00,125.5,125.54,125.5,125.54,324.0,125.516
2026-05-28 11:57:00-04:00,125.5,125.53,125.32,125.34,17011.0,125.396
2026-05-28 11:58:00-04:00,125.33,125.34,125.1,125.1,4708.0,125.213
2026-05-28 11:59:00-04:00,125.13,125.25,125.11,125.24,6559.0,125.19
2026-05-28 12:00:00-04:00,125.27,125.34,125.27,125.29,2300.0,125.294
2026-05-28 12:01:00-04:00,125.29,125.37,125.22,125.28,5414.0,125.294
2026-05-28 12:02:00-04:00,125.28,125.34,125.25,125.25,2677.0,125.293
2026-05-28 12:03:00-04:00,125.23,125.31,125.17,125.17,3061.0,125.248
2026-05-28 12:04:00-04:00,125.1,125.14,125.07,125.13,3317.0,125.084
2026-05-28 12:05:00-04:00,125.1,125.1,125.03,125.06,4059.0,125.071
2026-05-28 12:06:00-04:00,124.96,124.98,124.92,124.92,926.0,124.945
2026-05-28 12:07:00-04:00,124.92,125.04,124.9,125.0,3612.0,124.963
2026-05-28 12:08:00-04:00,125.06,125.17,125.02,125.16,4111.0,125.129
2026-05-28 12:09:00-04:00,125.15,125.24,125.11,125.22,2755.0,125.184
2026-05-28 12:10:00-04:00,125.23,125.35,125.21,125.35,2546.0,125.286
2026-05-28 12:11:00-04:00,125.33,125.43,125.33,125.43,4089.0,125.376
2026-05-28 12:12:00-04:00,125.45,125.49,125.37,125.38,4435.0,125.413
2026-05-28 12:13:00-04:00,125.4,125.42,125.33,125.35,1074.0,125.363
2026-05-28 12:14:00-04:00,125.35,125.43,125.35,125.42,3143.0,125.382
2026-05-28 12:15:00-04:00,125.41,125.45,125.35,125.4,3309.0,125.416
2026-05-28 12:16:00-04:00,125.44,125.46,125.38,125.41,3856.0,125.432
2026-05-28 12:17:00-04:00,125.48,125.48,125.41,125.43,4865.0,125.442
2026-05-28 12:18:00-04:00,125.43,125.58,125.43,125.58,4936.0,125.474
2026-05-28 12:19:00-04:00,125.52,125.58,125.5,125.55,3089.0,125.548
2026-05-28 12:20:00-04:00,125.61,125.63,125.56,125.63,3734.0,125.597
2026-05-28 12:21:00-04:00,125.59,125.6,125.54,125.59,7014.0,125.585
2026-05-28 12:22:00-04:00,125.59,125.63,125.5,125.61,4783.0,125.584
2026-05-28 12:23:00-04:00,125.62,125.69,125.6,125.69,2469.0,125.629
2026-05-28 12:24:00-04:00,125.69,125.83,125.66,125.78,4230.0,125.748
2026-05-28 12:25:00-04:00,125.78,125.88,125.69,125.73,4157.0,125.779
2026-05-28 12:26:00-04:00,125.73,125.82,125.73,125.82,1550.0,125.783
2026-05-28 12:27:00-04:00,125.82,125.83,125.72,125.74,2144.0,125.773
2026-05-28 12:28:00-04:00,125.74,125.75,125.64,125.75,4187.0,125.671
2026-05-28 12:29:00-04:00,125.75,125.76,125.7,125.75,4626.0,125.733
2026-05-28 12:30:00-04:00,125.74,125.74,125.56,125.63,27163.0,125.647
2026-05-28 12:31:00-04:00,125.63,125.63,125.37,125.41,4563.0,125.54
2026-05-28 12:32:00-04:00,125.26,125.29,125.24,125.26,2560.0,125.27
2026-05-28 12:33:00-04:00,125.21,125.22,125.01,125.1,3143.0,125.122
2026-05-28 12:34:00-04:00,125.06,125.07,124.99,125.03,2225.0,125.037
2026-05-28 12:35:00-04:00,125.08,125.13,125.05,125.05,3793.0,125.097
2026-05-28 12:36:00-04:00,125.02,125.09,125.01,125.06,1943.0,125.054
2026-05-28 12:37:00-04:00,125.04,125.12,125.0,125.05,4125.0,125.058
2026-05-28 12:38:00-04:00,125.05,125.06,124.77,124.83,21852.0,124.91
2026-05-28 12:39:00-04:00,124.81,124.87,124.74,124.8,6227.0,124.798
2026-05-28 12:40:00-04:00,124.85,124.92,124.85,124.92,1370.0,124.881
2026-05-28 12:41:00-04:00,124.92,125.01,124.91,125.01,1418.0,124.964
2026-05-28 12:42:00-04:00,125.08,125.12,124.98,125.0,6538.0,125.022
2026-05-28 12:43:00-04:00,125.0,125.06,124.96,125.0,2690.0,125.003
2026-05-28 12:44:00-04:00,124.94,125.0,124.87,124.87,3453.0,124.929
2026-05-28 12:45:00-04:00,124.88,124.94,124.86,124.94,1145.0,124.901
2026-05-28 12:46:00-04:00,124.95,124.95,124.87,124.94,2160.0,124.914
2026-05-28 12:47:00-04:00,125.0,125.03,124.96,124.98,3659.0,124.993
2026-05-28 12:48:00-04:00,124.96,125.0,124.94,124.98,1372.0,124.975
2026-05-28 12:49:00-04:00,125.01,125.01,124.96,124.97,2648.0,124.975
2026-05-28 12:50:00-04:00,124.95,125.02,124.86,124.92,10260.0,124.961
2026-05-28 12:51:00-04:00,124.95,125.01,124.92,125.0,8251.0,124.972
2026-05-28 12:52:00-04:00,124.98,125.04,124.91,124.91,16623.0,125.0
2026-05-28 12:53:00-04:00,124.95,125.01,124.93,124.93,3524.0,124.985
2026-05-28 12:54:00-04:00,124.94,124.97,124.91,124.95,2613.0,124.937
2026-05-28 12:55:00-04:00,124.96,125.04,124.9,125.03,10074.0,125.002
2026-05-28 12:56:00-04:00,125.06,125.13,125.04,125.1,11937.0,125.066
2026-05-28 12:57:00-04:00,125.1,125.14,125.07,125.07,4754.0,125.099
2026-05-28 12:58:00-04:00,125.11,125.12,125.09,125.11,1160.0,125.106
2026-05-28 12:59:00-04:00,125.11,125.32,125.11,125.27,7667.0,125.193
2026-05-28 13:00:00-04:00,125.27,125.28,125.08,125.1,5007.0,125.128
2026-05-28 13:01:00-04:00,125.12,125.13,124.99,124.99,4634.0,125.098
2026-05-28 13:02:00-04:00,124.99,125.05,124.96,124.97,7725.0,125.005
2026-05-28 13:03:00-04:00,124.97,125.04,124.97,125.03,1381.0,125.009
2026-05-28 13:04:00-04:00,124.99,124.99,124.92,124.92,2286.0,124.951
2026-05-28 13:05:00-04:00,124.96,125.0,124.88,124.91,1076.0,124.939
2026-05-28 13:06:00-04:00,124.91,124.94,124.87,124.89,2107.0,124.902
2026-05-28 13:07:00-04:00,124.9,124.91,124.78,124.85,1058.0,124.856
2026-05-28 13:08:00-04:00,124.8,124.85,124.79,124.84,795.0,124.801
2026-05-28 13:09:00-04:00,124.84,124.89,124.84,124.87,1287.0,124.861
2026-05-28 13:10:00-04:00,124.85,124.94,124.84,124.93,3792.0,124.896
2026-05-28 13:11:00-04:00,124.92,124.94,124.86,124.86,1854.0,124.905
2026-05-28 13:12:00-04:00,124.85,124.95,124.85,124.87,1086.0,124.905
2026-05-28 13:13:00-04:00,124.91,124.91,124.88,124.88,819.0,124.892
2026-05-28 13:14:00-04:00,124.86,124.91,124.72,124.72,4901.0,124.823
2026-05-28 13:15:00-04:00,124.72,124.72,124.61,124.61,3331.0,124.67
2026-05-28 13:16:00-04:00,124.59,124.67,124.58,124.63,6674.0,124.631
2026-05-28 13:17:00-04:00,124.57,124.58,124.55,124.58,900.0,124.571
2026-05-28 13:18:00-04:00,124.57,124.71,124.51,124.67,4740.0,124.584
2026-05-28 13:19:00-04:00,124.69,124.7,124.59,124.65,1697.0,124.649
2026-05-28 13:20:00-04:00,124.65,124.79,124.64,124.74,5007.0,124.718
2026-05-28 13:21:00-04:00,124.76,124.76,124.7,124.71,800.0,124.733
2026-05-28 13:22:00-04:00,124.68,124.69,124.55,124.57,2646.0,124.587
2026-05-28 13:23:00-04:00,124.54,124.57,124.45,124.54,2230.0,124.51
2026-05-28 13:24:00-04:00,124.53,124.6,124.53,124.6,630.0,124.589
2026-05-28 13:25:00-04:00,124.61,124.61,124.56,124.59,4535.0,124.584
2026-05-28 13:26:00-04:00,124.55,124.55,124.35,124.36,7184.0,124.414
2026-05-28 13:27:00-04:00,124.34,124.39,124.3,124.39,8901.0,124.337
2026-05-28 13:28:00-04:00,124.4,124.45,124.26,124.28,11224.0,124.337
2026-05-28 13:29:00-04:00,124.27,124.31,124.26,124.3,3608.0,124.289
2026-05-28 13:30:00-04:00,124.26,124.27,124.21,124.25,7641.0,124.244
2026-05-28 13:31:00-04:00,124.29,124.29,124.19,124.24,10123.0,124.248
2026-05-28 13:32:00-04:00,124.23,124.36,124.14,124.33,8238.0,124.255
2026-05-28 13:33:00-04:00,124.33,124.33,124.25,124.28,4866.0,124.288
2026-05-28 13:34:00-04:00,124.28,124.28,124.17,124.18,5794.0,124.227
2026-05-28 13:35:00-04:00,124.16,124.24,124.13,124.13,5860.0,124.21
2026-05-28 13:36:00-04:00,124.13,124.13,124.03,124.12,2827.0,124.093
2026-05-28 13:37:00-04:00,124.16,124.27,124.16,124.27,2400.0,124.239
2026-05-28 13:38:00-04:00,124.27,124.46,124.26,124.41,5259.0,124.345
2026-05-28 13:39:00-04:00,124.42,124.45,124.35,124.39,7662.0,124.39
2026-05-28 13:40:00-04:00,124.43,124.48,124.31,124.46,10520.0,124.415
2026-05-28 13:41:00-04:00,124.46,124.54,124.45,124.52,7027.0,124.485
2026-05-28 13:42:00-04:00,124.54,124.64,124.5,124.61,3842.0,124.574
2026-05-28 13:43:00-04:00,124.63,124.67,124.63,124.67,1087.0,124.659
2026-05-28 13:44:00-04:00,124.7,124.77,124.7,124.72,2928.0,124.728
2026-05-28 13:45:00-04:00,124.72,124.74,124.58,124.58,5678.0,124.669
2026-05-28 13:46:00-04:00,124.59,124.6,124.5,124.5,1100.0,124.573
2026-05-28 13:47:00-04:00,124.5,124.54,124.42,124.46,2000.0,124.48
2026-05-28 13:48:00-04:00,124.42,124.44,124.4,124.41,3128.0,124.421
2026-05-28 13:49:00-04:00,124.41,124.41,124.27,124.27,6732.0,124.329
2026-05-28 13:50:00-04:00,124.25,124.34,124.25,124.34,2801.0,124.304
2026-05-28 13:51:00-04:00,124.33,124.39,124.33,124.35,2264.0,124.359
2026-05-28 13:52:00-04:00,124.35,124.43,124.33,124.33,6423.0,124.386
2026-05-28 13:53:00-04:00,124.35,124.38,124.35,124.38,1552.0,124.374
2026-05-28 13:54:00-04:00,124.41,124.43,124.37,124.41,1299.0,124.41
2026-05-28 13:55:00-04:00,124.39,124.42,124.38,124.38,4658.0,124.398
2026-05-28 13:56:00-04:00,124.38,124.45,124.38,124.44,2165.0,124.413
2026-05-28 13:57:00-04:00,124.43,124.43,124.31,124.31,4119.0,124.342
2026-05-28 13:58:00-04:00,124.31,124.37,124.31,124.34,2221.0,124.339
2026-05-28 13:59:00-04:00,124.34,124.38,124.32,124.34,4572.0,124.336
2026-05-28 14:00:00-04:00,124.36,124.38,124.34,124.36,2939.0,124.362
2026-05-28 14:01:00-04:00,124.36,124.41,124.21,124.25,6503.0,124.288
2026-05-28 14:02:00-04:00,124.23,124.3,124.2,124.29,2550.0,124.258
2026-05-28 14:03:00-04:00,124.29,124.45,124.27,124.42,3926.0,124.374
2026-05-28 14:04:00-04:00,124.41,124.5,124.41,124.42,2788.0,124.463
2026-05-28 14:05:00-04:00,124.44,124.45,124.4,124.44,3229.0,124.425
2026-05-28 14:06:00-04:00,124.44,124.5,124.43,124.47,3998.0,124.464
2026-05-28 14:07:00-04:00,124.47,124.55,124.47,124.53,2390.0,124.522
2026-05-28 14:08:00-04:00,124.53,124.7,124.53,124.67,5001.0,124.608
2026-05-28 14:09:00-04:00,124.68,124.79,124.68,124.73,2909.0,124.761
2026-05-28 14:10:00-04:00,124.71,124.77,124.7,124.72,1325.0,124.74
2026-05-28 14:11:00-04:00,124.72,124.73,124.69,124.72,8371.0,124.693
2026-05-28 14:12:00-04:00,124.73,124.78,124.73,124.76,1467.0,124.747
2026-05-28 14:13:00-04:00,124.73,124.79,124.65,124.71,2024.0,124.709
2026-05-28 14:14:00-04:00,124.72,124.77,124.69,124.73,1905.0,124.729
2026-05-28 14:15:00-04:00,124.75,124.81,124.74,124.77,1519.0,124.774
2026-05-28 14:16:00-04:00,124.81,124.89,124.78,124.86,4807.0,124.83
2026-05-28 14:17:00-04:00,124.86,124.87,124.81,124.84,1350.0,124.842
2026-05-28 14:18:00-04:00,124.84,124.9,124.83,124.87,3459.0,124.862
2026-05-28 14:19:00-04:00,124.87,124.9,124.86,124.86,705.0,124.873
2026-05-28 14:20:00-04:00,124.86,125.03,124.86,125.02,2530.0,124.945
2026-05-28 14:21:00-04:00,125.04,125.3,125.02,125.3,11744.0,125.175
2026-05-28 14:22:00-04:00,125.28,125.59,125.28,125.51,86950.0,125.409
2026-05-28 14:23:00-04:00,125.52,125.63,125.48,125.63,38608.0,125.53
2026-05-28 14:24:00-04:00,125.67,125.7,125.55,125.68,14944.0,125.615
2026-05-28 14:25:00-04:00,125.67,125.78,125.66,125.74,10722.0,125.732
2026-05-28 14:26:00-04:00,125.76,125.84,125.73,125.83,2037.0,125.773
2026-05-28 14:27:00-04:00,125.83,125.84,125.76,125.8,3951.0,125.8
2026-05-28 14:28:00-04:00,125.76,125.79,125.72,125.75,9106.0,125.748
2026-05-28 14:29:00-04:00,125.79,125.83,125.78,125.78,1236.0,125.808
2026-05-28 14:30:00-04:00,125.76,125.82,125.55,125.58,8362.0,125.722
2026-05-28 14:31:00-04:00,125.58,125.63,125.55,125.63,3224.0,125.587
2026-05-28 14:32:00-04:00,125.63,125.63,125.58,125.6,406.0,125.603
2026-05-28 14:33:00-04:00,125.61,125.61,125.52,125.52,5283.0,125.591
2026-05-28 14:34:00-04:00,125.5,125.5,125.47,125.47,672.0,125.485
2026-05-28 14:35:00-04:00,125.48,125.49,125.33,125.34,776.0,125.373
2026-05-28 14:36:00-04:00,125.3,125.3,125.21,125.22,1901.0,125.253
2026-05-28 14:37:00-04:00,125.25,125.31,125.08,125.09,3275.0,125.205
2026-05-28 14:38:00-04:00,125.08,125.1,125.04,125.05,1298.0,125.075
2026-05-28 14:39:00-04:00,125.07,125.07,125.02,125.05,12344.0,125.067
2026-05-28 14:40:00-04:00,125.06,125.12,124.99,125.05,3264.0,125.069
2026-05-28 14:41:00-04:00,125.03,125.07,124.92,124.92,2577.0,125.02
2026-05-28 14:42:00-04:00,124.88,124.94,124.81,124.89,2823.0,124.874
2026-05-28 14:43:00-04:00,124.95,124.97,124.64,124.72,12409.0,124.729
2026-05-28 14:44:00-04:00,124.71,124.81,124.71,124.79,3320.0,124.763
2026-05-28 14:45:00-04:00,124.79,124.85,124.77,124.77,1266.0,124.818
2026-05-28 14:46:00-04:00,124.74,124.76,124.65,124.69,5289.0,124.676
2026-05-28 14:47:00-04:00,124.71,124.82,124.7,124.74,8282.0,124.78
2026-05-28 14:48:00-04:00,124.82,124.82,124.77,124.78,517.0,124.793
2026-05-28 14:49:00-04:00,124.84,124.89,124.79,124.85,3999.0,124.845
2026-05-28 14:50:00-04:00,124.9,124.97,124.9,124.93,1760.0,124.922
2026-05-28 14:51:00-04:00,124.93,124.98,124.92,124.93,2301.0,124.956
2026-05-28 14:52:00-04:00,124.95,124.97,124.89,124.94,4498.0,124.932
2026-05-28 14:53:00-04:00,124.95,125.0,124.74,124.74,5313.0,124.864
2026-05-28 14:54:00-04:00,124.66,124.85,124.66,124.76,4781.0,124.75
2026-05-28 14:55:00-04:00,124.78,124.91,124.75,124.75,5281.0,124.816
2026-05-28 14:56:00-04:00,124.75,124.85,124.75,124.79,3792.0,124.805
2026-05-28 14:57:00-04:00,124.81,124.85,124.77,124.8,2666.0,124.804
2026-05-28 14:58:00-04:00,124.8,124.8,124.61,124.66,6056.0,124.706
2026-05-28 14:59:00-04:00,124.66,124.67,124.61,124.64,6689.0,124.637
2026-05-28 15:00:00-04:00,124.65,124.72,124.62,124.66,5385.0,124.675
2026-05-28 15:01:00-04:00,124.66,124.72,124.62,124.72,7516.0,124.67
2026-05-28 15:02:00-04:00,124.72,124.73,124.68,124.73,6146.0,124.712
2026-05-28 15:03:00-04:00,124.72,124.86,124.72,124.86,3698.0,124.785
2026-05-28 15:04:00-04:00,124.86,124.86,124.83,124.84,2600.0,124.848
2026-05-28 15:05:00-04:00,124.89,124.9,124.83,124.89,3060.0,124.87
2026-05-28 15:06:00-04:00,124.91,125.11,124.9,125.11,6176.0,125.011
2026-05-28 15:07:00-04:00,125.11,125.18,125.11,125.17,5198.0,125.151
2026-05-28 15:08:00-04:00,125.21,125.26,125.16,125.23,6927.0,125.22
2026-05-28 15:09:00-04:00,125.22,125.43,125.22,125.39,2601.0,125.348
2026-05-28 15:10:00-04:00,125.39,125.44,125.35,125.41,4167.0,125.389
2026-05-28 15:11:00-04:00,125.34,125.38,125.21,125.28,13990.0,125.251
2026-05-28 15:12:00-04:00,125.25,125.26,125.0,125.03,5259.0,125.139
2026-05-28 15:13:00-04:00,124.93,124.94,124.87,124.87,3966.0,124.899
2026-05-28 15:14:00-04:00,124.84,124.87,124.78,124.87,5747.0,124.832
2026-05-28 15:15:00-04:00,124.87,124.88,124.72,124.86,8017.0,124.789
2026-05-28 15:16:00-04:00,124.9,124.91,124.72,124.79,21088.0,124.811
2026-05-28 15:17:00-04:00,124.79,124.85,124.78,124.84,4300.0,124.827
2026-05-28 15:18:00-04:00,124.81,124.86,124.81,124.82,1558.0,124.837
2026-05-28 15:19:00-04:00,124.81,124.81,124.69,124.72,26701.0,124.74
2026-05-28 15:20:00-04:00,124.72,124.74,124.67,124.67,4420.0,124.704
2026-05-28 15:21:00-04:00,124.65,124.67,124.59,124.59,4613.0,124.637
2026-05-28 15:22:00-04:00,124.58,124.6,124.47,124.51,14109.0,124.533
2026-05-28 15:23:00-04:00,124.5,124.61,124.49,124.56,9406.0,124.546
2026-05-28 15:24:00-04:00,124.56,124.71,124.54,124.7,2280.0,124.642
2026-05-28 15:25:00-04:00,124.69,124.77,124.69,124.77,1968.0,124.714
2026-05-28 15:26:00-04:00,124.77,124.81,124.76,124.8,6731.0,124.795
2026-05-28 15:27:00-04:00,124.81,124.88,124.81,124.88,8192.0,124.84
2026-05-28 15:28:00-04:00,124.88,124.89,124.84,124.88,4621.0,124.866
2026-05-28 15:29:00-04:00,124.87,124.93,124.83,124.85,7073.0,124.887
2026-05-28 15:30:00-04:00,124.88,125.02,124.86,124.86,10176.0,124.914
2026-05-28 15:31:00-04:00,124.86,124.86,124.75,124.85,6510.0,124.801
2026-05-28 15:32:00-04:00,124.87,124.9,124.82,124.84,4915.0,124.852
2026-05-28 15:33:00-04:00,124.83,124.85,124.74,124.76,3960.0,124.785
2026-05-28 15:34:00-04:00,124.77,124.78,124.71,124.74,3668.0,124.746
2026-05-28 15:35:00-04:00,124.74,124.79,124.7,124.71,4792.0,124.747
2026-05-28 15:36:00-04:00,124.72,124.77,124.71,124.75,3866.0,124.744
2026-05-28 15:37:00-04:00,124.75,124.81,124.71,124.71,6377.0,124.775
2026-05-28 15:38:00-04:00,124.72,124.72,124.54,124.54,7144.0,124.62
2026-05-28 15:39:00-04:00,124.52,124.55,124.49,124.53,5817.0,124.52
2026-05-28 15:40:00-04:00,124.52,124.52,124.35,124.41,13525.0,124.399
2026-05-28 15:41:00-04:00,124.4,124.48,124.39,124.4,16864.0,124.424
2026-05-28 15:42:00-04:00,124.38,124.57,124.38,124.46,16781.0,124.509
2026-05-28 15:43:00-04:00,124.46,124.5,124.43,124.49,19434.0,124.467
2026-05-28 15:44:00-04:00,124.47,124.49,124.33,124.35,10158.0,124.436
2026-05-28 15:45:00-04:00,124.33,124.33,124.07,124.07,23419.0,124.2
2026-05-28 15:46:00-04:00,124.08,124.17,124.06,124.06,8754.0,124.113
2026-05-28 15:47:00-04:00,124.03,124.11,124.03,124.1,8430.0,124.063
2026-05-28 15:48:00-04:00,124.12,124.14,124.07,124.07,10613.0,124.121
2026-05-28 15:49:00-04:00,124.09,124.14,123.97,124.0,10361.0,124.046
2026-05-28 15:50:00-04:00,123.98,123.98,123.76,123.89,30125.0,123.846
2026-05-28 15:51:00-04:00,123.91,123.94,123.74,123.75,22185.0,123.825
2026-05-28 15:52:00-04:00,123.73,123.85,123.7,123.82,15931.0,123.773
2026-05-28 15:53:00-04:00,123.81,123.93,123.67,123.69,19256.0,123.846
2026-05-28 15:54:00-04:00,123.72,123.9,123.68,123.73,22651.0,123.775
2026-05-28 15:55:00-04:00,123.77,123.85,123.64,123.81,95473.0,123.695
2026-05-28 15:56:00-04:00,123.81,123.86,123.7,123.7,37569.0,123.758
2026-05-28 15:57:00-04:00,123.71,123.72,123.55,123.56,43841.0,123.629
2026-05-28 15:58:00-04:00,123.56,123.84,123.54,123.71,109215.0,123.659
2026-05-28 15:59:00-04:00,123.72,123.92,123.72,123.8,124023.0,123.831
2026-05-29 09:30:00-04:00,123.71,124.34,123.08,123.51,98969.0,123.937
2026-05-29 09:31:00-04:00,123.34,123.34,122.3,122.41,10562.0,122.632
2026-05-29 09:32:00-04:00,122.43,123.27,122.4,123.27,41083.0,122.825
2026-05-29 09:33:00-04:00,123.27,123.95,123.01,123.95,15675.0,123.576
2026-05-29 09:34:00-04:00,123.82,123.87,123.38,123.79,14803.0,123.595
2026-05-29 09:35:00-04:00,123.81,124.12,123.63,123.96,17852.0,123.887
2026-05-29 09:36:00-04:00,123.91,124.06,123.86,124.03,8407.0,123.999
2026-05-29 09:37:00-04:00,124.09,124.09,123.65,123.73,26213.0,123.838
2026-05-29 09:38:00-04:00,123.73,124.14,123.73,124.01,14987.0,123.972
2026-05-29 09:39:00-04:00,124.03,124.08,123.73,123.92,20972.0,123.917
2026-05-29 09:40:00-04:00,123.9,124.02,123.71,123.71,14435.0,123.869
2026-05-29 09:41:00-04:00,123.71,123.86,123.64,123.72,7789.0,123.729
2026-05-29 09:42:00-04:00,123.87,123.89,123.64,123.67,8610.0,123.755
2026-05-29 09:43:00-04:00,123.76,123.86,123.55,123.55,6727.0,123.674
2026-05-29 09:44:00-04:00,123.59,123.76,123.59,123.76,17130.0,123.704
2026-05-29 09:45:00-04:00,123.66,123.89,123.52,123.82,48791.0,123.697
2026-05-29 09:46:00-04:00,123.9,124.13,123.81,123.98,22364.0,123.964
2026-05-29 09:47:00-04:00,123.92,124.25,123.89,124.25,6922.0,124.056
2026-05-29 09:48:00-04:00,124.27,124.37,124.14,124.27,10303.0,124.256
2026-05-29 09:49:00-04:00,124.24,124.33,124.05,124.22,9235.0,124.199
2026-05-29 09:50:00-04:00,124.22,124.52,124.18,124.23,27467.0,124.348
2026-05-29 09:51:00-04:00,124.25,124.48,124.23,124.42,4261.0,124.395
2026-05-29 09:52:00-04:00,124.34,124.38,124.03,124.11,7154.0,124.179
2026-05-29 09:53:00-04:00,124.14,124.36,124.13,124.29,12707.0,124.29
2026-05-29 09:54:00-04:00,124.29,124.3,124.05,124.06,14682.0,124.202
2026-05-29 09:55:00-04:00,124.0,124.08,123.73,123.73,10209.0,123.963
2026-05-29 09:56:00-04:00,123.78,123.97,123.78,123.97,4764.0,123.889
2026-05-29 09:57:00-04:00,123.91,124.04,123.83,123.83,10721.0,123.974
2026-05-29 09:58:00-04:00,123.84,123.84,123.41,123.57,10245.0,123.558
2026-05-29 09:59:00-04:00,123.57,123.72,123.47,123.69,4380.0,123.563
2026-05-29 10:00:00-04:00,123.72,123.91,123.69,123.76,7773.0,123.785
2026-05-29 10:01:00-04:00,123.79,123.79,123.67,123.74,3910.0,123.737
2026-05-29 10:02:00-04:00,123.69,124.12,123.65,124.1,7603.0,123.888
2026-05-29 10:03:00-04:00,124.1,124.24,124.01,124.13,26495.0,124.127
2026-05-29 10:04:00-04:00,124.14,124.15,124.0,124.08,8774.0,124.097
2026-05-29 10:05:00-04:00,124.04,124.21,124.03,124.14,6260.0,124.163
2026-05-29 10:06:00-04:00,124.1,124.14,124.0,124.04,9382.0,124.078
2026-05-29 10:07:00-04:00,124.03,124.06,123.93,124.03,11779.0,123.996
2026-05-29 10:08:00-04:00,123.94,123.95,123.75,123.76,4292.0,123.808
2026-05-29 10:09:00-04:00,123.81,123.85,123.6,123.61,2709.0,123.692
2026-05-29 10:10:00-04:00,123.69,123.77,123.55,123.55,7618.0,123.681
2026-05-29 10:11:00-04:00,123.48,123.71,123.47,123.48,11137.0,123.575
2026-05-29 10:12:00-04:00,123.49,123.71,123.44,123.65,8869.0,123.587
2026-05-29 10:13:00-04:00,123.65,123.65,123.48,123.56,12065.0,123.616
2026-05-29 10:14:00-04:00,123.56,123.67,123.5,123.61,4667.0,123.584
2026-05-29 10:15:00-04:00,123.61,123.61,123.18,123.18,16626.0,123.331
2026-05-29 10:16:00-04:00,123.15,123.15,122.95,123.02,10333.0,123.018
2026-05-29 10:17:00-04:00,122.92,122.92,122.7,122.73,8012.0,122.832
2026-05-29 10:18:00-04:00,122.75,123.0,122.62,122.95,17058.0,122.824
2026-05-29 10:19:00-04:00,122.99,122.99,122.72,122.87,9423.0,122.831
2026-05-29 10:20:00-04:00,122.87,123.27,122.87,123.21,6530.0,123.055
2026-05-29 10:21:00-04:00,123.21,123.33,123.05,123.16,10215.0,123.148
2026-05-29 10:22:00-04:00,123.04,123.1,122.91,123.03,5839.0,123.005
2026-05-29 10:23:00-04:00,123.03,123.07,122.74,122.74,7647.0,122.936
2026-05-29 10:24:00-04:00,122.8,122.95,122.72,122.79,8386.0,122.847
2026-05-29 10:25:00-04:00,122.72,122.81,122.6,122.79,11269.0,122.662
2026-05-29 10:26:00-04:00,122.77,122.82,122.4,122.4,4947.0,122.577
2026-05-29 10:27:00-04:00,122.33,122.76,122.32,122.61,12218.0,122.566
2026-05-29 10:28:00-04:00,122.5,122.74,122.5,122.64,4218.0,122.655
2026-05-29 10:29:00-04:00,122.73,122.73,122.49,122.71,5249.0,122.585
2026-05-29 10:30:00-04:00,122.71,122.84,122.71,122.73,5003.0,122.767
2026-05-29 10:31:00-04:00,122.77,122.85,122.59,122.6,3465.0,122.737
2026-05-29 10:32:00-04:00,122.49,122.6,122.26,122.27,2450.0,122.487
2026-05-29 10:33:00-04:00,122.28,122.46,122.23,122.43,3420.0,122.366
2026-05-29 10:34:00-04:00,122.49,122.49,122.29,122.49,6290.0,122.398
2026-05-29 10:35:00-04:00,122.49,122.54,122.17,122.17,7007.0,122.389
2026-05-29 10:36:00-04:00,122.13,122.13,121.98,122.04,6340.0,122.077
2026-05-29 10:37:00-04:00,122.0,122.0,121.57,121.59,6046.0,121.837
2026-05-29 10:38:00-04:00,121.64,121.75,121.52,121.6,9407.0,121.672
2026-05-29 10:39:00-04:00,121.57,121.61,121.28,121.29,3705.0,121.492
2026-05-29 10:40:00-04:00,121.13,121.19,120.8,120.83,8261.0,121.038
2026-05-29 10:41:00-04:00,120.85,120.85,120.57,120.64,3920.0,120.693
2026-05-29 10:42:00-04:00,120.62,120.62,120.16,120.27,18073.0,120.314
2026-05-29 10:43:00-04:00,120.21,120.26,119.83,119.84,15671.0,120.009
2026-05-29 10:44:00-04:00,119.82,119.95,119.61,119.67,22765.0,119.811
2026-05-29 10:45:00-04:00,119.6,119.94,119.6,119.89,15876.0,119.83
2026-05-29 10:46:00-04:00,119.89,119.95,119.75,119.91,11635.0,119.869
2026-05-29 10:47:00-04:00,119.94,120.11,119.88,120.09,6068.0,120.029
2026-05-29 10:48:00-04:00,120.09,120.47,120.08,120.46,16158.0,120.259
2026-05-29 10:49:00-04:00,120.42,120.47,120.09,120.2,15974.0,120.251
2026-05-29 10:50:00-04:00,120.14,120.62,120.09,120.58,10526.0,120.306
2026-05-29 10:51:00-04:00,120.54,120.95,120.36,120.75,19053.0,120.632
2026-05-29 10:52:00-04:00,120.78,120.96,120.75,120.96,11807.0,120.877
2026-05-29 10:53:00-04:00,121.01,121.41,121.0,121.31,17836.0,121.256
2026-05-29 10:54:00-04:00,121.33,121.39,120.89,120.96,9427.0,121.215
2026-05-29 10:55:00-04:00,120.99,121.53,120.98,121.53,7629.0,121.366
2026-05-29 10:56:00-04:00,121.49,121.55,121.39,121.55,18232.0,121.5
2026-05-29 10:57:00-04:00,121.54,121.54,121.29,121.46,5761.0,121.423
2026-05-29 10:58:00-04:00,121.48,121.57,121.32,121.45,10189.0,121.469
2026-05-29 10:59:00-04:00,121.4,121.4,121.1,121.29,9359.0,121.246
2026-05-29 11:00:00-04:00,121.33,121.42,121.29,121.35,11941.0,121.358
2026-05-29 11:01:00-04:00,121.33,121.64,121.28,121.56,9726.0,121.423
2026-05-29 11:02:00-04:00,121.56,121.56,121.08,121.12,9429.0,121.349
2026-05-29 11:03:00-04:00,121.11,121.16,121.01,121.09,13196.0,121.106
2026-05-29 11:04:00-04:00,121.11,121.11,120.95,121.09,13070.0,121.045
2026-05-29 11:05:00-04:00,121.02,121.03,120.62,120.63,21044.0,120.806
2026-05-29 11:06:00-04:00,120.68,120.96,120.67,120.94,19317.0,120.846
2026-05-29 11:07:00-04:00,120.94,120.94,120.5,120.53,14607.0,120.728
2026-05-29 11:08:00-04:00,120.54,121.0,120.5,120.92,44196.0,120.703
2026-05-29 11:09:00-04:00,120.89,120.92,120.65,120.69,8567.0,120.832
2026-05-29 11:10:00-04:00,120.74,120.8,120.66,120.77,7430.0,120.732
2026-05-29 11:11:00-04:00,120.77,120.93,120.75,120.93,5694.0,120.829
2026-05-29 11:12:00-04:00,120.92,121.06,120.92,121.02,10057.0,120.968
2026-05-29 11:13:00-04:00,120.94,121.26,120.88,121.17,16980.0,121.109
2026-05-29 11:14:00-04:00,121.18,121.27,121.06,121.06,7628.0,121.162
2026-05-29 11:15:00-04:00,121.06,121.19,121.06,121.12,6086.0,121.125
2026-05-29 11:16:00-04:00,121.13,121.16,120.84,120.88,8434.0,121.034
2026-05-29 11:17:00-04:00,120.88,121.01,120.87,121.0,8461.0,120.97
2026-05-29 11:18:00-04:00,120.99,121.07,120.94,121.05,4897.0,121.001
2026-05-29 11:19:00-04:00,121.05,121.08,120.87,120.87,4172.0,120.979
2026-05-29 11:20:00-04:00,120.87,120.87,120.64,120.72,5248.0,120.755
2026-05-29 11:21:00-04:00,120.72,120.89,120.72,120.84,6002.0,120.788
2026-05-29 11:22:00-04:00,120.85,121.1,120.8,121.08,7376.0,120.974
2026-05-29 11:23:00-04:00,121.08,121.3,121.07,121.28,5593.0,121.209
2026-05-29 11:24:00-04:00,121.25,121.26,121.17,121.26,2814.0,121.218
2026-05-29 11:25:00-04:00,121.22,121.22,121.07,121.11,1794.0,121.155
2026-05-29 11:26:00-04:00,121.05,121.18,121.05,121.16,3231.0,121.125
2026-05-29 11:27:00-04:00,121.16,121.25,121.09,121.25,8818.0,121.143
2026-05-29 11:28:00-04:00,121.21,121.28,121.18,121.23,1445.0,121.227
2026-05-29 11:29:00-04:00,121.25,121.4,121.19,121.29,10266.0,121.314
2026-05-29 11:30:00-04:00,121.26,121.37,121.26,121.28,2967.0,121.317
2026-05-29 11:31:00-04:00,121.34,121.44,121.34,121.44,3476.0,121.4
2026-05-29 11:32:00-04:00,121.4,121.48,121.34,121.34,4112.0,121.401
2026-05-29 11:33:00-04:00,121.31,121.32,121.23,121.29,1532.0,121.284
2026-05-29 11:34:00-04:00,121.23,121.23,121.12,121.12,4276.0,121.178
2026-05-29 11:35:00-04:00,121.11,121.22,121.09,121.21,7632.0,121.158
2026-05-29 11:36:00-04:00,121.25,121.38,121.22,121.38,6115.0,121.286
2026-05-29 11:37:00-04:00,121.38,121.38,121.17,121.19,2470.0,121.235
2026-05-29 11:38:00-04:00,121.19,121.25,121.16,121.23,6704.0,121.193
2026-05-29 11:39:00-04:00,121.2,121.2,121.06,121.1,2575.0,121.122
2026-05-29 11:40:00-04:00,121.09,121.31,121.08,121.27,5245.0,121.206
2026-05-29 11:41:00-04:00,121.31,121.31,121.08,121.09,7539.0,121.195
2026-05-29 11:42:00-04:00,121.12,121.14,121.06,121.07,1400.0,121.108
2026-05-29 11:43:00-04:00,121.09,121.24,121.07,121.2,7076.0,121.175
2026-05-29 11:44:00-04:00,121.24,121.24,121.06,121.16,9478.0,121.132
2026-05-29 11:45:00-04:00,121.15,121.15,121.05,121.05,400.0,121.111
2026-05-29 11:46:00-04:00,121.06,121.1,120.93,120.94,2100.0,121.016
2026-05-29 11:47:00-04:00,120.94,121.14,120.9,121.13,8960.0,120.988
2026-05-29 11:48:00-04:00,121.12,121.12,120.97,121.01,1069.0,121.033
2026-05-29 11:49:00-04:00,121.02,121.05,120.97,121.01,2504.0,121.017
2026-05-29 11:50:00-04:00,121.02,121.13,121.01,121.03,3841.0,121.071
2026-05-29 11:51:00-04:00,120.99,121.05,120.92,121.05,2367.0,120.977
2026-05-29 11:52:00-04:00,121.05,121.05,121.05,121.05,100.0,121.05
2026-05-29 11:53:00-04:00,120.98,121.05,120.93,121.02,2537.0,120.978
2026-05-29 11:54:00-04:00,121.05,121.05,120.87,120.92,3406.0,120.977
2026-05-29 11:55:00-04:00,120.97,121.03,120.97,121.03,1100.0,120.985
2026-05-29 11:56:00-04:00,120.97,120.97,120.9,120.92,1939.0,120.939
2026-05-29 11:57:00-04:00,120.86,120.87,120.59,120.65,8224.0,120.701
2026-05-29 11:58:00-04:00,120.66,120.75,120.62,120.7,12507.0,120.696
2026-05-29 11:59:00-04:00,120.65,120.71,120.6,120.68,9516.0,120.657
2026-05-29 12:00:00-04:00,120.72,120.72,120.55,120.59,4140.0,120.615
2026-05-29 12:01:00-04:00,120.64,120.77,120.56,120.7,4363.0,120.665
2026-05-29 12:02:00-04:00,120.79,120.92,120.78,120.89,2130.0,120.855
2026-05-29 12:03:00-04:00,120.86,120.91,120.8,120.82,2470.0,120.851
2026-05-29 12:04:00-04:00,120.89,120.89,120.82,120.85,5402.0,120.855
2026-05-29 12:05:00-04:00,120.86,120.86,120.66,120.67,2623.0,120.752
2026-05-29 12:06:00-04:00,120.64,120.8,120.64,120.78,5365.0,120.709
2026-05-29 12:07:00-04:00,120.79,120.95,120.79,120.95,8247.0,120.909
2026-05-29 12:08:00-04:00,120.97,121.21,120.97,121.19,7943.0,121.058
2026-05-29 12:09:00-04:00,121.19,121.19,120.96,120.97,7224.0,121.035
2026-05-29 12:10:00-04:00,120.98,120.98,120.8,120.82,26238.0,120.843
2026-05-29 12:11:00-04:00,120.82,120.91,120.72,120.77,4848.0,120.839
2026-05-29 12:12:00-04:00,120.76,120.9,120.75,120.87,3607.0,120.846
2026-05-29 12:13:00-04:00,120.83,120.91,120.83,120.88,3496.0,120.888
2026-05-29 12:14:00-04:00,120.87,120.87,120.67,120.67,3969.0,120.765
2026-05-29 12:15:00-04:00,120.7,120.7,120.5,120.55,13766.0,120.584
2026-05-29 12:16:00-04:00,120.59,120.63,120.55,120.59,6463.0,120.592
2026-05-29 12:17:00-04:00,120.55,120.6,120.48,120.49,3536.0,120.555
2026-05-29 12:18:00-04:00,120.5,120.51,120.37,120.37,2650.0,120.468
2026-05-29 12:19:00-04:00,120.36,120.42,120.32,120.42,8899.0,120.371
2026-05-29 12:20:00-04:00,120.42,120.53,120.4,120.47,5361.0,120.452
2026-05-29 12:21:00-04:00,120.44,120.51,120.43,120.5,3565.0,120.456
2026-05-29 12:22:00-04:00,120.54,120.6,120.51,120.53,2708.0,120.552
2026-05-29 12:23:00-04:00,120.57,120.61,120.55,120.61,1102.0,120.574
2026-05-29 12:24:00-04:00,120.63,120.67,120.56,120.57,2093.0,120.618
2026-05-29 12:25:00-04:00,120.52,120.52,120.39,120.43,2109.0,120.441
2026-05-29 12:26:00-04:00,120.45,120.49,120.36,120.4,2264.0,120.414
2026-05-29 12:27:00-04:00,120.39,120.44,120.37,120.37,2177.0,120.418
2026-05-29 12:28:00-04:00,120.4,120.41,120.39,120.4,1800.0,120.399
2026-05-29 12:29:00-04:00,120.37,120.37,120.33,120.36,500.0,120.351
2026-05-29 12:30:00-04:00,120.32,120.35,120.28,120.3,3215.0,120.326
2026-05-29 12:31:00-04:00,120.31,120.45,120.1,120.19,16674.0,120.267
2026-05-29 12:32:00-04:00,120.19,120.19,120.08,120.12,18874.0,120.132
2026-05-29 12:33:00-04:00,120.12,120.18,120.08,120.18,8048.0,120.113
2026-05-29 12:34:00-04:00,120.19,120.25,120.06,120.1,4095.0,120.163
2026-05-29 12:35:00-04:00,120.12,120.22,120.12,120.21,1709.0,120.175
2026-05-29 12:36:00-04:00,120.21,120.25,120.21,120.23,2927.0,120.229
2026-05-29 12:37:00-04:00,120.18,120.19,120.0,120.14,11907.0,120.062
2026-05-29 12:38:00-04:00,120.11,120.11,120.11,120.11,100.0,120.11
2026-05-29 12:39:00-04:00,120.08,120.08,120.02,120.03,3972.0,120.058
2026-05-29 12:40:00-04:00,120.02,120.11,120.02,120.05,4764.0,120.053
2026-05-29 12:41:00-04:00,120.06,120.11,120.02,120.06,16186.0,120.07
2026-05-29 12:42:00-04:00,120.06,120.09,120.0,120.03,15601.0,120.028
2026-05-29 12:43:00-04:00,120.06,120.1,119.86,119.91,17009.0,120.011
2026-05-29 12:44:00-04:00,119.88,119.89,119.75,119.82,5348.0,119.821
2026-05-29 12:45:00-04:00,119.78,119.78,119.68,119.71,5367.0,119.736
2026-05-29 12:46:00-04:00,119.71,119.83,119.69,119.83,13162.0,119.749
2026-05-29 12:47:00-04:00,119.78,119.85,119.74,119.83,8707.0,119.784
2026-05-29 12:48:00-04:00,119.82,119.91,119.82,119.89,4514.0,119.866
2026-05-29 12:49:00-04:00,119.78,119.84,119.75,119.8,4305.0,119.795
2026-05-29 12:50:00-04:00,119.8,119.97,119.78,119.93,17617.0,119.818
2026-05-29 12:51:00-04:00,119.96,120.01,119.9,119.93,3702.0,119.961
2026-05-29 12:52:00-04:00,119.95,120.11,119.94,120.09,3947.0,120.008
2026-05-29 12:53:00-04:00,120.13,120.27,120.09,120.26,15329.0,120.208
2026-05-29 12:54:00-04:00,120.21,120.31,120.18,120.26,13424.0,120.228
2026-05-29 12:55:00-04:00,120.25,120.27,120.1,120.11,18845.0,120.185
2026-05-29 12:56:00-04:00,120.12,120.17,120.11,120.11,1256.0,120.135
2026-05-29 12:57:00-04:00,120.13,120.19,120.03,120.11,35297.0,120.124
2026-05-29 12:58:00-04:00,120.13,120.19,120.08,120.13,31351.0,120.139
2026-05-29 12:59:00-04:00,120.13,120.19,120.12,120.18,2231.0,120.158
2026-05-29 13:00:00-04:00,120.2,120.21,120.1,120.13,5204.0,120.132
2026-05-29 13:01:00-04:00,120.13,120.22,120.12,120.16,3272.0,120.173
2026-05-29 13:02:00-04:00,120.16,120.44,120.15,120.44,3319.0,120.258
2026-05-29 13:03:00-04:00,120.42,120.51,120.38,120.38,2410.0,120.45
2026-05-29 13:04:00-04:00,120.39,120.4,120.33,120.33,2684.0,120.363
2026-05-29 13:05:00-04:00,120.33,120.33,120.23,120.29,4295.0,120.288
2026-05-29 13:06:00-04:00,120.28,120.3,120.21,120.29,6393.0,120.26
2026-05-29 13:07:00-04:00,120.32,120.41,120.28,120.41,5997.0,120.337
2026-05-29 13:08:00-04:00,120.41,120.51,120.41,120.49,7112.0,120.475
2026-05-29 13:09:00-04:00,120.52,120.57,120.48,120.54,9779.0,120.533
2026-05-29 13:10:00-04:00,120.53,120.62,120.52,120.6,7491.0,120.58
2026-05-29 13:11:00-04:00,120.57,120.58,120.51,120.52,1453.0,120.541
2026-05-29 13:12:00-04:00,120.52,120.63,120.51,120.63,5499.0,120.537
2026-05-29 13:13:00-04:00,120.62,120.65,120.61,120.62,1920.0,120.627
2026-05-29 13:14:00-04:00,120.63,120.81,120.63,120.77,5980.0,120.721
2026-05-29 13:15:00-04:00,120.81,120.81,120.73,120.74,2062.0,120.768
2026-05-29 13:16:00-04:00,120.77,120.81,120.77,120.78,2543.0,120.782
2026-05-29 13:17:00-04:00,120.75,120.86,120.74,120.83,4120.0,120.791
2026-05-29 13:18:00-04:00,120.82,120.82,120.67,120.68,2175.0,120.738
2026-05-29 13:19:00-04:00,120.71,120.75,120.7,120.74,832.0,120.737
2026-05-29 13:20:00-04:00,120.77,120.77,120.66,120.7,2200.0,120.719
2026-05-29 13:21:00-04:00,120.68,120.68,120.46,120.59,29554.0,120.549
2026-05-29 13:22:00-04:00,120.58,120.6,120.54,120.56,2433.0,120.57
2026-05-29 13:23:00-04:00,120.58,120.61,120.54,120.55,5797.0,120.582
2026-05-29 13:24:00-04:00,120.53,120.7,120.51,120.59,15383.0,120.591
2026-05-29 13:25:00-04:00,120.6,120.63,120.28,120.31,6619.0,120.477
2026-05-29 13:26:00-04:00,120.32,120.42,120.31,120.35,3242.0,120.37
2026-05-29 13:27:00-04:00,120.31,120.38,120.31,120.33,4987.0,120.342
2026-05-29 13:28:00-04:00,120.33,120.36,120.2,120.32,6045.0,120.287
2026-05-29 13:29:00-04:00,120.35,120.38,120.25,120.3,6184.0,120.337
2026-05-29 13:30:00-04:00,120.26,120.38,120.2,120.27,12232.0,120.287
2026-05-29 13:31:00-04:00,120.29,120.37,120.23,120.36,7543.0,120.318
2026-05-29 13:32:00-04:00,120.36,120.44,120.32,120.38,12438.0,120.368
2026-05-29 13:33:00-04:00,120.39,120.44,120.34,120.43,7967.0,120.385
2026-05-29 13:34:00-04:00,120.45,120.46,120.4,120.41,2318.0,120.43
2026-05-29 13:35:00-04:00,120.44,120.58,120.4,120.56,5573.0,120.489
2026-05-29 13:36:00-04:00,120.59,120.6,120.5,120.55,28444.0,120.509
2026-05-29 13:37:00-04:00,120.5,120.66,120.47,120.66,4808.0,120.558
2026-05-29 13:38:00-04:00,120.67,120.71,120.64,120.67,1689.0,120.666
2026-05-29 13:39:00-04:00,120.64,120.67,120.51,120.51,10400.0,120.594
2026-05-29 13:40:00-04:00,120.49,120.53,120.38,120.39,4591.0,120.478
2026-05-29 13:41:00-04:00,120.36,120.43,120.27,120.35,11110.0,120.349
2026-05-29 13:42:00-04:00,120.35,120.4,120.31,120.35,2767.0,120.354
2026-05-29 13:43:00-04:00,120.3,120.3,120.08,120.14,7108.0,120.211
2026-05-29 13:44:00-04:00,120.11,120.18,120.01,120.01,4496.0,120.109
2026-05-29 13:45:00-04:00,120.06,120.06,119.96,120.04,4688.0,120.02
2026-05-29 13:46:00-04:00,120.0,120.08,120.0,120.03,2935.0,120.051
2026-05-29 13:47:00-04:00,120.0,120.05,119.99,120.01,3301.0,120.013
2026-05-29 13:48:00-04:00,119.98,120.0,119.95,119.98,7123.0,119.974
2026-05-29 13:49:00-04:00,119.98,119.99,119.95,119.99,4632.0,119.966
2026-05-29 13:50:00-04:00,119.99,120.01,119.9,119.98,4530.0,119.954
2026-05-29 13:51:00-04:00,120.01,120.05,119.99,119.99,3142.0,120.027
2026-05-29 13:52:00-04:00,119.98,120.04,119.97,120.02,1576.0,120.004
2026-05-29 13:53:00-04:00,120.04,120.04,119.98,120.0,2434.0,120.007
2026-05-29 13:54:00-04:00,119.98,119.99,119.91,119.91,5136.0,119.946
2026-05-29 13:55:00-04:00,119.9,119.97,119.88,119.92,3939.0,119.931
2026-05-29 13:56:00-04:00,119.88,119.92,119.81,119.89,6070.0,119.852
2026-05-29 13:57:00-04:00,119.9,119.92,119.83,119.84,2703.0,119.853
2026-05-29 13:58:00-04:00,119.82,119.86,119.81,119.82,3146.0,119.828
2026-05-29 13:59:00-04:00,119.81,119.81,119.74,119.79,4235.0,119.774
2026-05-29 14:00:00-04:00,119.82,119.82,119.72,119.79,3478.0,119.759
2026-05-29 14:01:00-04:00,119.79,119.83,119.74,119.78,5696.0,119.798
2026-05-29 14:02:00-04:00,119.78,119.81,119.71,119.8,21049.0,119.768
2026-05-29 14:03:00-04:00,119.76,119.81,119.7,119.76,5578.0,119.753
2026-05-29 14:04:00-04:00,119.78,119.8,119.73,119.74,10189.0,119.764
2026-05-29 14:05:00-04:00,119.74,119.81,119.74,119.79,2300.0,119.777
2026-05-29 14:06:00-04:00,119.76,119.89,119.75,119.88,8997.0,119.832
2026-05-29 14:07:00-04:00,119.88,120.01,119.88,120.01,7329.0,119.946
2026-05-29 14:08:00-04:00,120.02,120.15,119.99,120.08,35374.0,120.064
2026-05-29 14:09:00-04:00,120.11,120.12,119.95,119.98,44883.0,120.031
2026-05-29 14:10:00-04:00,119.95,120.03,119.88,119.99,85527.0,119.95
2026-05-29 14:11:00-04:00,119.99,120.13,119.98,120.07,9581.0,120.073
2026-05-29 14:12:00-04:00,120.04,120.07,120.03,120.04,15042.0,120.053
2026-05-29 14:13:00-04:00,120.04,120.07,120.0,120.0,3012.0,120.032
2026-05-29 14:14:00-04:00,119.97,119.98,119.83,119.94,8519.0,119.888
2026-05-29 14:15:00-04:00,119.99,120.06,119.97,119.98,4934.0,120.009
2026-05-29 14:16:00-04:00,119.96,119.97,119.93,119.95,9566.0,119.95
2026-05-29 14:17:00-04:00,119.95,119.95,119.85,119.91,3609.0,119.887
2026-05-29 14:18:00-04:00,119.94,119.97,119.91,119.95,6263.0,119.94
2026-05-29 14:19:00-04:00,119.99,120.0,119.96,120.0,2005.0,119.984
2026-05-29 14:20:00-04:00,120.02,120.07,120.02,120.04,3290.0,120.05
2026-05-29 14:21:00-04:00,119.97,120.06,119.86,119.9,4076.0,119.92
2026-05-29 14:22:00-04:00,119.87,119.93,119.83,119.92,5240.0,119.88
2026-05-29 14:23:00-04:00,119.93,120.01,119.92,119.97,2141.0,119.96
2026-05-29 14:24:00-04:00,120.01,120.06,120.0,120.0,4701.0,120.026
2026-05-29 14:25:00-04:00,120.03,120.05,119.99,119.99,5750.0,120.023
2026-05-29 14:26:00-04:00,120.04,120.06,119.99,120.0,3053.0,120.029
2026-05-29 14:27:00-04:00,119.99,120.04,119.98,120.02,4060.0,120.007
2026-05-29 14:28:00-04:00,120.03,120.03,119.92,119.96,4424.0,119.97
2026-05-29 14:29:00-04:00,119.95,119.98,119.88,119.88,6315.0,119.952
2026-05-29 14:30:00-04:00,119.85,119.99,119.85,119.96,4225.0,119.932
2026-05-29 14:31:00-04:00,119.94,120.05,119.93,120.03,5171.0,119.974
2026-05-29 14:32:00-04:00,120.02,120.07,120.01,120.01,1655.0,120.037
2026-05-29 14:33:00-04:00,119.96,120.01,119.89,119.9,2835.0,119.951
2026-05-29 14:34:00-04:00,119.88,119.93,119.88,119.93,1934.0,119.904
2026-05-29 14:35:00-04:00,119.92,120.01,119.88,120.0,3065.0,119.925
2026-05-29 14:36:00-04:00,120.0,120.02,119.95,119.98,1212.0,119.979
2026-05-29 14:37:00-04:00,119.92,119.97,119.87,119.97,2868.0,119.914
2026-05-29 14:38:00-04:00,119.96,119.96,119.9,119.91,1029.0,119.927
2026-05-29 14:39:00-04:00,119.92,119.92,119.86,119.88,1699.0,119.892
2026-05-29 14:40:00-04:00,119.84,119.93,119.84,119.93,2187.0,119.873
2026-05-29 14:41:00-04:00,119.97,119.98,119.92,119.92,2439.0,119.953
2026-05-29 14:42:00-04:00,119.91,119.96,119.9,119.94,2360.0,119.933
2026-05-29 14:43:00-04:00,119.93,119.94,119.87,119.87,1645.0,119.912
2026-05-29 14:44:00-04:00,119.86,119.92,119.86,119.92,2555.0,119.873
2026-05-29 14:45:00-04:00,119.89,119.89,119.68,119.73,5461.0,119.779
2026-05-29 14:46:00-04:00,119.73,119.77,119.69,119.74,3820.0,119.746
2026-05-29 14:47:00-04:00,119.71,119.82,119.71,119.78,3994.0,119.78
2026-05-29 14:48:00-04:00,119.78,119.78,119.68,119.69,2319.0,119.713
2026-05-29 14:49:00-04:00,119.68,119.68,119.63,119.65,4070.0,119.651
2026-05-29 14:50:00-04:00,119.65,119.74,119.64,119.71,5033.0,119.696
2026-05-29 14:51:00-04:00,119.72,119.75,119.67,119.67,5034.0,119.705
2026-05-29 14:52:00-04:00,119.65,119.68,119.6,119.63,5187.0,119.626
2026-05-29 14:53:00-04:00,119.64,119.65,119.53,119.6,2316.0,119.594
2026-05-29 14:54:00-04:00,119.6,119.74,119.6,119.73,3354.0,119.662
2026-05-29 14:55:00-04:00,119.71,119.77,119.7,119.77,3510.0,119.734
2026-05-29 14:56:00-04:00,119.77,119.78,119.74,119.74,3670.0,119.755
2026-05-29 14:57:00-04:00,119.73,119.73,119.57,119.6,4326.0,119.66
2026-05-29 14:58:00-04:00,119.62,119.67,119.55,119.67,3331.0,119.602
2026-05-29 14:59:00-04:00,119.64,119.68,119.55,119.55,3352.0,119.615
2026-05-29 15:00:00-04:00,119.58,119.63,119.48,119.48,6491.0,119.57
2026-05-29 15:01:00-04:00,119.46,119.6,119.45,119.6,7864.0,119.52
2026-05-29 15:02:00-04:00,119.57,119.66,119.45,119.66,20826.0,119.558
2026-05-29 15:03:00-04:00,119.68,119.69,119.64,119.68,3466.0,119.665
2026-05-29 15:04:00-04:00,119.67,119.67,119.54,119.54,2543.0,119.609
2026-05-29 15:05:00-04:00,119.55,119.65,119.54,119.65,3744.0,119.586
2026-05-29 15:06:00-04:00,119.68,119.74,119.65,119.72,3973.0,119.696
2026-05-29 15:07:00-04:00,119.72,119.79,119.7,119.77,7206.0,119.749
2026-05-29 15:08:00-04:00,119.77,119.86,119.77,119.82,6916.0,119.811
2026-05-29 15:09:00-04:00,119.84,120.07,119.83,120.07,8269.0,119.93
2026-05-29 15:10:00-04:00,120.05,120.12,119.98,119.98,3278.0,120.063
2026-05-29 15:11:00-04:00,119.94,119.96,119.81,119.95,5697.0,119.894
2026-05-29 15:12:00-04:00,119.95,120.09,119.95,120.08,5104.0,120.033
2026-05-29 15:13:00-04:00,120.08,120.11,119.99,119.99,2777.0,120.051
2026-05-29 15:14:00-04:00,120.02,120.02,119.97,120.02,3415.0,119.999
2026-05-29 15:15:00-04:00,120.02,120.12,120.01,120.12,3059.0,120.076
2026-05-29 15:16:00-04:00,120.11,120.15,120.07,120.13,6646.0,120.106
2026-05-29 15:17:00-04:00,120.1,120.16,119.97,119.99,9293.0,120.076
2026-05-29 15:18:00-04:00,119.97,120.03,119.96,119.98,12625.0,119.998
2026-05-29 15:19:00-04:00,119.99,120.01,119.94,120.0,3577.0,119.985
2026-05-29 15:20:00-04:00,119.97,119.98,119.9,119.92,4282.0,119.931
2026-05-29 15:21:00-04:00,119.93,119.94,119.86,119.86,4571.0,119.909
2026-05-29 15:22:00-04:00,119.84,119.84,119.76,119.76,3101.0,119.819
2026-05-29 15:23:00-04:00,119.79,119.89,119.78,119.84,5742.0,119.82
2026-05-29 15:24:00-04:00,119.85,119.93,119.83,119.91,3234.0,119.889
2026-05-29 15:25:00-04:00,119.93,120.02,119.93,119.98,5236.0,119.957
2026-05-29 15:26:00-04:00,119.99,120.01,119.95,119.95,3776.0,119.985
2026-05-29 15:27:00-04:00,119.95,119.98,119.9,119.91,6758.0,119.945
2026-05-29 15:28:00-04:00,119.93,119.96,119.93,119.95,2418.0,119.943
2026-05-29 15:29:00-04:00,119.93,119.95,119.74,119.77,7696.0,119.854
2026-05-29 15:30:00-04:00,119.79,119.85,119.73,119.83,13013.0,119.818
2026-05-29 15:31:00-04:00,119.83,119.89,119.75,119.81,7963.0,119.822
2026-05-29 15:32:00-04:00,119.83,120.08,119.8,120.07,7292.0,119.932
2026-05-29 15:33:00-04:00,120.05,120.08,119.96,120.03,10022.0,120.023
2026-05-29 15:34:00-04:00,120.04,120.17,120.04,120.14,7298.0,120.107
2026-05-29 15:35:00-04:00,120.19,120.37,120.18,120.37,8260.0,120.249
2026-05-29 15:36:00-04:00,120.38,120.43,120.34,120.4,5542.0,120.368
2026-05-29 15:37:00-04:00,120.44,120.5,120.43,120.48,5491.0,120.458
2026-05-29 15:38:00-04:00,120.46,120.65,120.46,120.58,5482.0,120.569
2026-05-29 15:39:00-04:00,120.56,120.59,120.5,120.56,5793.0,120.536
2026-05-29 15:40:00-04:00,120.54,120.63,120.54,120.62,4980.0,120.594
2026-05-29 15:41:00-04:00,120.62,120.77,120.59,120.76,8693.0,120.706
2026-05-29 15:42:00-04:00,120.76,120.78,120.72,120.77,4083.0,120.754
2026-05-29 15:43:00-04:00,120.75,120.82,120.7,120.8,6508.0,120.763
2026-05-29 15:44:00-04:00,120.8,120.83,120.71,120.73,15211.0,120.77
2026-05-29 15:45:00-04:00,120.74,120.96,120.72,120.96,6198.0,120.79
2026-05-29 15:46:00-04:00,120.97,121.06,120.97,120.98,9644.0,121.007
2026-05-29 15:47:00-04:00,120.94,121.0,120.88,120.91,12292.0,120.919
2026-05-29 15:48:00-04:00,120.92,120.95,120.89,120.93,5022.0,120.924
2026-05-29 15:49:00-04:00,120.94,121.0,120.82,120.85,11254.0,120.94
2026-05-29 15:50:00-04:00,120.88,120.97,120.54,120.59,28007.0,120.696
2026-05-29 15:51:00-04:00,120.61,120.62,120.27,120.27,21183.0,120.455
2026-05-29 15:52:00-04:00,120.27,120.42,120.22,120.29,20795.0,120.345
2026-05-29 15:53:00-04:00,120.27,120.77,120.27,120.52,27014.0,120.521
2026-05-29 15:54:00-04:00,120.54,120.6,120.34,120.5,30662.0,120.495
2026-05-29 15:55:00-04:00,120.45,120.67,120.39,120.62,35148.0,120.573
2026-05-29 15:56:00-04:00,120.61,120.61,120.47,120.59,24736.0,120.538
2026-05-29 15:57:00-04:00,120.59,120.6,120.4,120.48,39059.0,120.534
2026-05-29 15:58:00-04:00,120.48,120.6,120.45,120.59,46149.0,120.536
2026-05-29 15:59:00-04:00,120.58,120.76,120.56,120.61,138545.0,120.643
2026-06-01 09:30:00-04:00,119.69,119.79,118.49,119.12,78779.0,119.563
2026-06-01 09:31:00-04:00,119.12,119.94,119.12,119.25,7591.0,119.52
2026-06-01 09:32:00-04:00,119.4,119.87,119.29,119.59,9112.0,119.649
2026-06-01 09:33:00-04:00,119.71,119.86,119.55,119.78,9635.0,119.743
2026-06-01 09:34:00-04:00,119.79,120.34,119.78,120.33,24923.0,120.158
2026-06-01 09:35:00-04:00,120.34,120.87,120.25,120.85,9816.0,120.521
2026-06-01 09:36:00-04:00,120.7,120.74,120.26,120.34,7724.0,120.575
2026-06-01 09:37:00-04:00,120.27,120.29,119.17,119.52,45986.0,119.721
2026-06-01 09:38:00-04:00,119.42,119.52,119.26,119.52,14308.0,119.396
2026-06-01 09:39:00-04:00,119.58,119.66,119.36,119.36,11106.0,119.503
2026-06-01 09:40:00-04:00,119.41,119.54,118.76,118.92,13347.0,118.951
2026-06-01 09:41:00-04:00,118.92,119.26,118.8,119.12,9601.0,119.031
2026-06-01 09:42:00-04:00,119.0,119.25,118.8,119.15,14958.0,119.097
2026-06-01 09:43:00-04:00,119.15,119.17,118.92,119.13,8588.0,119.048
2026-06-01 09:44:00-04:00,119.16,119.16,118.61,118.75,14385.0,118.785
2026-06-01 09:45:00-04:00,118.77,119.09,118.6,118.87,24594.0,118.827
2026-06-01 09:46:00-04:00,118.92,119.09,118.84,118.87,12222.0,118.955
2026-06-01 09:47:00-04:00,118.88,119.01,118.74,118.87,13793.0,118.848
2026-06-01 09:48:00-04:00,118.94,119.04,118.66,118.91,25014.0,118.836
2026-06-01 09:49:00-04:00,118.91,118.95,118.29,118.34,57490.0,118.816
2026-06-01 09:50:00-04:00,118.42,118.63,118.25,118.48,11703.0,118.438
2026-06-01 09:51:00-04:00,118.56,118.6,117.75,117.86,28441.0,118.067
2026-06-01 09:52:00-04:00,117.86,117.86,117.62,117.66,22983.0,117.744
2026-06-01 09:53:00-04:00,117.65,117.67,117.25,117.31,22535.0,117.442
2026-06-01 09:54:00-04:00,117.26,117.35,117.11,117.32,22379.0,117.23
2026-06-01 09:55:00-04:00,117.35,117.42,117.02,117.09,11155.0,117.181
2026-06-01 09:56:00-04:00,117.09,117.09,116.63,116.8,38995.0,116.842
2026-06-01 09:57:00-04:00,116.81,116.88,116.35,116.82,50361.0,116.565
2026-06-01 09:58:00-04:00,116.78,116.98,116.65,116.77,14312.0,116.809
2026-06-01 09:59:00-04:00,116.75,116.76,116.41,116.51,11298.0,116.537
2026-06-01 10:00:00-04:00,116.42,116.49,115.96,116.21,50524.0,116.22
2026-06-01 10:01:00-04:00,116.22,116.35,115.81,116.31,14475.0,116.034
2026-06-01 10:02:00-04:00,116.27,116.43,116.09,116.29,10401.0,116.28
2026-06-01 10:03:00-04:00,116.34,116.39,116.08,116.08,8305.0,116.265
2026-06-01 10:04:00-04:00,116.21,116.33,116.11,116.11,13389.0,116.222
2026-06-01 10:05:00-04:00,116.16,116.5,116.12,116.41,16087.0,116.308
2026-06-01 10:06:00-04:00,116.51,116.7,116.27,116.61,24240.0,116.439
2026-06-01 10:07:00-04:00,116.7,116.87,116.59,116.87,14043.0,116.681
2026-06-01 10:08:00-04:00,116.88,117.15,116.77,117.14,18027.0,117.002
2026-06-01 10:09:00-04:00,117.12,117.15,116.81,116.84,7252.0,116.971
2026-06-01 10:10:00-04:00,116.83,116.99,116.53,116.64,18889.0,116.828
2026-06-01 10:11:00-04:00,116.71,116.73,116.49,116.57,6723.0,116.565
2026-06-01 10:12:00-04:00,116.61,116.64,116.44,116.47,6038.0,116.526
2026-06-01 10:13:00-04:00,116.47,116.47,116.29,116.32,9218.0,116.352
2026-06-01 10:14:00-04:00,116.35,116.35,116.18,116.2,5610.0,116.254
2026-06-01 10:15:00-04:00,116.16,116.3,116.11,116.28,9228.0,116.216
2026-06-01 10:16:00-04:00,116.22,116.43,116.08,116.37,14933.0,116.31
2026-06-01 10:17:00-04:00,116.39,116.58,116.25,116.42,9979.0,116.433
2026-06-01 10:18:00-04:00,116.42,116.49,116.15,116.15,28242.0,116.355
2026-06-01 10:19:00-04:00,116.16,116.47,116.16,116.47,10249.0,116.312
2026-06-01 10:20:00-04:00,116.5,116.66,116.47,116.63,24071.0,116.545
2026-06-01 10:21:00-04:00,116.63,116.98,116.57,116.98,12053.0,116.735
2026-06-01 10:22:00-04:00,116.94,117.36,116.94,117.36,17304.0,117.099
2026-06-01 10:23:00-04:00,117.3,117.7,117.28,117.7,8708.0,117.459
2026-06-01 10:24:00-04:00,117.84,117.98,117.77,117.87,10644.0,117.847
2026-06-01 10:25:00-04:00,117.83,117.86,117.66,117.67,7175.0,117.776
2026-06-01 10:26:00-04:00,117.63,117.77,117.5,117.55,7559.0,117.617
2026-06-01 10:27:00-04:00,117.55,117.9,117.46,117.81,10530.0,117.66
2026-06-01 10:28:00-04:00,117.81,118.13,117.81,118.13,11644.0,117.953
2026-06-01 10:29:00-04:00,118.09,118.17,117.91,117.92,8737.0,118.022
2026-06-01 10:30:00-04:00,117.96,118.24,117.94,118.23,14114.0,118.005
2026-06-01 10:31:00-04:00,118.09,118.14,117.93,117.97,10353.0,117.997
2026-06-01 10:32:00-04:00,118.03,118.69,118.03,118.61,14231.0,118.472
2026-06-01 10:33:00-04:00,118.59,118.67,118.5,118.56,6203.0,118.569
2026-06-01 10:34:00-04:00,118.51,118.85,118.45,118.71,19523.0,118.652
2026-06-01 10:35:00-04:00,118.7,118.86,118.7,118.79,14023.0,118.785
2026-06-01 10:36:00-04:00,118.83,118.89,118.76,118.87,6622.0,118.82
2026-06-01 10:37:00-04:00,118.87,118.87,118.53,118.58,16544.0,118.767
2026-06-01 10:38:00-04:00,118.57,118.76,118.47,118.63,19947.0,118.6
2026-06-01 10:39:00-04:00,118.67,118.67,118.5,118.57,16113.0,118.571
2026-06-01 10:40:00-04:00,118.56,118.65,118.48,118.56,15011.0,118.578
2026-06-01 10:41:00-04:00,118.56,118.68,118.48,118.62,37482.0,118.583
2026-06-01 10:42:00-04:00,118.63,118.63,118.4,118.47,33853.0,118.467
2026-06-01 10:43:00-04:00,118.49,118.58,118.42,118.52,21027.0,118.51
2026-06-01 10:44:00-04:00,118.54,118.54,118.31,118.47,19755.0,118.445
2026-06-01 10:45:00-04:00,118.5,118.71,118.5,118.7,12168.0,118.575
2026-06-01 10:46:00-04:00,118.74,118.79,118.53,118.75,29600.0,118.677
2026-06-01 10:47:00-04:00,118.72,118.73,118.25,118.27,51820.0,118.553
2026-06-01 10:48:00-04:00,118.29,118.51,118.21,118.46,4627.0,118.393
2026-06-01 10:49:00-04:00,118.42,118.45,118.29,118.29,4892.0,118.398
2026-06-01 10:50:00-04:00,118.31,118.38,118.24,118.3,4452.0,118.318
2026-06-01 10:51:00-04:00,118.32,118.61,118.29,118.61,20184.0,118.365
2026-06-01 10:52:00-04:00,118.53,118.83,118.49,118.83,17635.0,118.706
2026-06-01 10:53:00-04:00,118.83,119.12,118.82,119.05,30792.0,118.991
2026-06-01 10:54:00-04:00,119.08,119.13,118.98,119.09,6498.0,119.074
2026-06-01 10:55:00-04:00,119.09,119.18,119.0,119.13,7038.0,119.074
2026-06-01 10:56:00-04:00,119.19,119.19,119.02,119.03,5411.0,119.072
2026-06-01 10:57:00-04:00,119.05,119.06,118.99,118.99,6270.0,119.034
2026-06-01 10:58:00-04:00,119.02,119.17,119.0,119.17,5792.0,119.061
2026-06-01 10:59:00-04:00,119.17,119.21,119.07,119.1,11524.0,119.124
2026-06-01 11:00:00-04:00,119.14,119.34,119.11,119.27,13095.0,119.214
2026-06-01 11:01:00-04:00,119.3,119.51,119.28,119.43,10656.0,119.383
2026-06-01 11:02:00-04:00,119.44,119.47,119.32,119.43,6055.0,119.409
2026-06-01 11:03:00-04:00,119.45,119.48,119.28,119.29,5914.0,119.397
2026-06-01 11:04:00-04:00,119.31,119.55,119.31,119.51,5684.0,119.438
2026-06-01 11:05:00-04:00,119.56,119.73,119.46,119.7,6996.0,119.6
2026-06-01 11:06:00-04:00,119.76,119.8,119.6,119.65,9364.0,119.689
2026-06-01 11:07:00-04:00,119.64,119.87,119.63,119.87,4735.0,119.778
2026-06-01 11:08:00-04:00,119.85,120.0,119.81,119.85,23830.0,119.946
2026-06-01 11:09:00-04:00,119.92,119.92,119.71,119.85,8410.0,119.786
2026-06-01 11:10:00-04:00,119.86,119.86,119.71,119.79,2952.0,119.774
2026-06-01 11:11:00-04:00,119.71,119.76,119.66,119.75,4159.0,119.694
2026-06-01 11:12:00-04:00,119.77,119.86,119.73,119.86,8597.0,119.816
2026-06-01 11:13:00-04:00,119.86,119.92,119.81,119.83,8331.0,119.869
2026-06-01 11:14:00-04:00,119.82,119.85,119.57,119.69,10464.0,119.712
2026-06-01 11:15:00-04:00,119.7,119.83,119.69,119.83,7403.0,119.743
2026-06-01 11:16:00-04:00,119.84,119.84,119.67,119.76,6025.0,119.708
2026-06-01 11:17:00-04:00,119.82,119.92,119.69,119.85,10051.0,119.837
2026-06-01 11:18:00-04:00,119.85,119.86,119.72,119.73,3831.0,119.789
2026-06-01 11:19:00-04:00,119.76,119.76,119.54,119.62,5369.0,119.613
2026-06-01 11:20:00-04:00,119.6,119.7,119.53,119.68,10898.0,119.612
2026-06-01 11:21:00-04:00,119.67,119.69,119.56,119.58,2967.0,119.614
2026-06-01 11:22:00-04:00,119.61,119.64,119.56,119.64,2019.0,119.601
2026-06-01 11:23:00-04:00,119.66,119.79,119.66,119.77,4765.0,119.743
2026-06-01 11:24:00-04:00,119.81,119.88,119.79,119.79,3501.0,119.824
2026-06-01 11:25:00-04:00,119.79,119.84,119.77,119.81,2305.0,119.821
2026-06-01 11:26:00-04:00,119.79,120.17,119.79,120.17,25256.0,119.945
2026-06-01 11:27:00-04:00,120.2,120.2,120.05,120.15,2851.0,120.118
2026-06-01 11:28:00-04:00,120.15,120.23,120.15,120.17,2105.0,120.183
2026-06-01 11:29:00-04:00,120.24,120.29,120.17,120.19,1500.0,120.233
2026-06-01 11:30:00-04:00,120.19,120.55,120.19,120.55,11101.0,120.406
2026-06-01 11:31:00-04:00,120.56,120.56,120.41,120.43,1644.0,120.461
2026-06-01 11:32:00-04:00,120.4,120.5,120.35,120.4,3123.0,120.406
2026-06-01 11:33:00-04:00,120.42,120.5,120.38,120.38,4303.0,120.436
2026-06-01 11:34:00-04:00,120.43,120.43,120.27,120.36,2037.0,120.335
2026-06-01 11:35:00-04:00,120.33,120.39,120.33,120.38,1631.0,120.37
2026-06-01 11:36:00-04:00,120.37,120.53,120.34,120.46,2990.0,120.422
2026-06-01 11:37:00-04:00,120.47,120.47,120.37,120.37,2734.0,120.431
2026-06-01 11:38:00-04:00,120.34,120.47,120.32,120.44,2730.0,120.353
2026-06-01 11:39:00-04:00,120.48,120.51,120.46,120.51,1477.0,120.475
2026-06-01 11:40:00-04:00,120.53,120.53,120.41,120.46,2734.0,120.486
2026-06-01 11:41:00-04:00,120.45,120.77,120.45,120.75,3615.0,120.639
2026-06-01 11:42:00-04:00,120.8,120.8,120.7,120.74,4314.0,120.735
2026-06-01 11:43:00-04:00,120.76,120.97,120.72,120.75,20543.0,120.865
2026-06-01 11:44:00-04:00,120.78,120.81,120.7,120.79,4868.0,120.744
2026-06-01 11:45:00-04:00,120.91,120.93,120.81,120.83,11357.0,120.875
2026-06-01 11:46:00-04:00,120.87,120.89,120.7,120.76,5390.0,120.777
2026-06-01 11:47:00-04:00,120.75,120.79,120.71,120.71,1800.0,120.744
2026-06-01 11:48:00-04:00,120.62,120.65,120.55,120.59,2805.0,120.591
2026-06-01 11:49:00-04:00,120.59,120.62,120.45,120.46,7526.0,120.531
2026-06-01 11:50:00-04:00,120.47,120.51,120.43,120.49,4426.0,120.482
2026-06-01 11:51:00-04:00,120.49,120.49,120.29,120.32,4325.0,120.376
2026-06-01 11:52:00-04:00,120.31,120.43,120.31,120.35,5457.0,120.376
2026-06-01 11:53:00-04:00,120.38,120.38,120.33,120.33,1307.0,120.347
2026-06-01 11:54:00-04:00,120.3,120.35,120.27,120.35,3659.0,120.325
2026-06-01 11:55:00-04:00,120.37,120.37,120.12,120.12,7337.0,120.209
2026-06-01 11:56:00-04:00,120.09,120.1,119.8,119.81,13473.0,120.002
2026-06-01 11:57:00-04:00,119.81,119.88,119.71,119.82,15613.0,119.833
2026-06-01 11:58:00-04:00,119.84,119.91,119.72,119.73,10991.0,119.832
2026-06-01 11:59:00-04:00,119.75,119.86,119.65,119.86,5765.0,119.764
2026-06-01 12:00:00-04:00,119.83,120.07,119.83,119.98,5483.0,119.968
2026-06-01 12:01:00-04:00,119.98,120.05,119.94,119.97,4999.0,120.0
2026-06-01 12:02:00-04:00,120.0,120.0,119.96,119.98,1812.0,119.979
2026-06-01 12:03:00-04:00,119.98,120.04,119.98,120.02,3011.0,120.014
2026-06-01 12:04:00-04:00,120.03,120.07,119.77,119.77,19170.0,119.923
2026-06-01 12:05:00-04:00,119.78,119.78,119.55,119.59,5191.0,119.645
2026-06-01 12:06:00-04:00,119.61,119.64,119.58,119.64,5354.0,119.611
2026-06-01 12:07:00-04:00,119.67,119.71,119.64,119.71,1977.0,119.675
2026-06-01 12:08:00-04:00,119.69,119.79,119.56,119.7,5930.0,119.7
2026-06-01 12:09:00-04:00,119.7,119.7,119.54,119.54,1644.0,119.602
2026-06-01 12:10:00-04:00,119.64,119.64,119.49,119.58,3448.0,119.556
2026-06-01 12:11:00-04:00,119.54,119.54,119.44,119.51,2607.0,119.506
2026-06-01 12:12:00-04:00,119.5,119.5,119.34,119.35,2180.0,119.43
2026-06-01 12:13:00-04:00,119.37,119.5,119.29,119.47,6247.0,119.346
2026-06-01 12:14:00-04:00,119.46,119.46,119.33,119.33,1780.0,119.38
2026-06-01 12:15:00-04:00,119.38,119.46,119.36,119.42,900.0,119.419
2026-06-01 12:16:00-04:00,119.41,119.46,119.38,119.38,1054.0,119.426
2026-06-01 12:17:00-04:00,119.42,119.45,119.27,119.27,3340.0,119.373
2026-06-01 12:18:00-04:00,119.26,119.33,119.24,119.24,3350.0,119.288
2026-06-01 12:19:00-04:00,119.32,119.46,119.32,119.44,2853.0,119.374
2026-06-01 12:20:00-04:00,119.45,119.48,119.45,119.48,1750.0,119.464
2026-06-01 12:21:00-04:00,119.47,119.47,119.41,119.47,2032.0,119.439
2026-06-01 12:22:00-04:00,119.47,119.5,119.39,119.42,2464.0,119.458
2026-06-01 12:23:00-04:00,119.45,119.48,119.34,119.48,2744.0,119.402
2026-06-01 12:24:00-04:00,119.47,119.48,119.43,119.45,1956.0,119.455
2026-06-01 12:25:00-04:00,119.46,119.57,119.45,119.52,3821.0,119.522
2026-06-01 12:26:00-04:00,119.48,119.49,119.43,119.43,600.0,119.462
2026-06-01 12:27:00-04:00,119.44,119.45,119.4,119.4,1665.0,119.431
2026-06-01 12:28:00-04:00,119.43,119.46,119.42,119.46,1900.0,119.44
2026-06-01 12:29:00-04:00,119.45,119.49,119.38,119.47,16634.0,119.448
2026-06-01 12:30:00-04:00,119.48,119.48,119.38,119.42,3758.0,119.438
2026-06-01 12:31:00-04:00,119.45,119.47,119.42,119.45,1406.0,119.449
2026-06-01 12:32:00-04:00,119.45,119.53,119.38,119.42,5182.0,119.466
2026-06-01 12:33:00-04:00,119.39,119.45,119.36,119.36,1010.0,119.408
2026-06-01 12:34:00-04:00,119.45,119.67,119.41,119.67,5278.0,119.529
2026-06-01 12:35:00-04:00,119.63,119.94,119.63,119.88,9712.0,119.774
2026-06-01 12:36:00-04:00,119.94,120.02,119.85,119.91,9128.0,119.951
2026-06-01 12:37:00-04:00,119.89,119.97,119.88,119.95,2400.0,119.928
2026-06-01 12:38:00-04:00,119.95,120.01,119.94,119.98,4781.0,119.978
2026-06-01 12:39:00-04:00,119.95,119.95,119.76,119.76,7960.0,119.827
2026-06-01 12:40:00-04:00,119.81,119.81,119.75,119.78,7102.0,119.794
2026-06-01 12:41:00-04:00,119.78,119.95,119.76,119.8,5054.0,119.857
2026-06-01 12:42:00-04:00,119.79,119.79,119.7,119.73,2980.0,119.727
2026-06-01 12:43:00-04:00,119.73,119.8,119.71,119.72,6908.0,119.767
2026-06-01 12:44:00-04:00,119.76,119.82,119.75,119.78,2665.0,119.78
2026-06-01 12:45:00-04:00,119.74,119.74,119.62,119.65,6610.0,119.64
2026-06-01 12:46:00-04:00,119.61,119.79,119.6,119.79,8966.0,119.659
2026-06-01 12:47:00-04:00,119.78,119.88,119.78,119.88,1407.0,119.86
2026-06-01 12:48:00-04:00,119.81,119.88,119.79,119.8,8000.0,119.848
2026-06-01 12:49:00-04:00,119.82,120.11,119.82,120.07,15992.0,119.974
2026-06-01 12:50:00-04:00,120.12,120.16,120.07,120.08,4373.0,120.107
2026-06-01 12:51:00-04:00,120.14,120.19,120.06,120.12,14043.0,120.131
2026-06-01 12:52:00-04:00,120.08,120.15,120.08,120.12,7886.0,120.109
2026-06-01 12:53:00-04:00,120.16,120.42,120.15,120.41,10541.0,120.26
2026-06-01 12:54:00-04:00,120.39,120.48,120.37,120.4,8760.0,120.415
2026-06-01 12:55:00-04:00,120.36,120.4,120.3,120.4,3878.0,120.349
2026-06-01 12:56:00-04:00,120.37,120.4,120.24,120.24,4911.0,120.324
2026-06-01 12:57:00-04:00,120.24,120.31,120.17,120.21,4882.0,120.231
2026-06-01 12:58:00-04:00,120.2,120.34,120.18,120.3,3457.0,120.263
2026-06-01 12:59:00-04:00,120.31,120.34,120.29,120.31,3507.0,120.315
2026-06-01 13:00:00-04:00,120.3,120.42,120.29,120.38,5389.0,120.358
2026-06-01 13:01:00-04:00,120.39,120.39,120.26,120.29,6598.0,120.34
2026-06-01 13:02:00-04:00,120.25,120.37,120.23,120.34,9641.0,120.316
2026-06-01 13:03:00-04:00,120.32,120.32,120.11,120.11,3556.0,120.228
2026-06-01 13:04:00-04:00,120.16,120.16,120.1,120.13,4843.0,120.129
2026-06-01 13:05:00-04:00,120.13,120.19,120.04,120.19,8477.0,120.119
2026-06-01 13:06:00-04:00,120.18,120.18,120.09,120.12,4557.0,120.121
2026-06-01 13:07:00-04:00,120.1,120.12,120.07,120.12,600.0,120.098
2026-06-01 13:08:00-04:00,120.16,120.16,120.12,120.15,2219.0,120.131
2026-06-01 13:09:00-04:00,120.13,120.14,120.1,120.1,3560.0,120.119
2026-06-01 13:10:00-04:00,120.08,120.16,120.08,120.16,2624.0,120.138
2026-06-01 13:11:00-04:00,120.17,120.3,120.17,120.17,2982.0,120.219
2026-06-01 13:12:00-04:00,120.21,120.24,120.11,120.11,2316.0,120.151
2026-06-01 13:13:00-04:00,120.14,120.16,120.1,120.11,3109.0,120.134
2026-06-01 13:14:00-04:00,120.13,120.21,120.1,120.1,1706.0,120.145
2026-06-01 13:15:00-04:00,120.07,120.16,120.05,120.1,4602.0,120.099
2026-06-01 13:16:00-04:00,120.14,120.18,120.13,120.13,1100.0,120.148
2026-06-01 13:17:00-04:00,120.07,120.22,120.07,120.18,4414.0,120.152
2026-06-01 13:18:00-04:00,120.14,120.23,120.14,120.19,840.0,120.166
2026-06-01 13:19:00-04:00,120.23,120.3,120.22,120.26,2698.0,120.26
2026-06-01 13:20:00-04:00,120.25,120.33,120.23,120.24,5740.0,120.264
2026-06-01 13:21:00-04:00,120.26,120.26,120.06,120.07,14975.0,120.201
2026-06-01 13:22:00-04:00,120.06,120.11,120.04,120.04,3169.0,120.08
2026-06-01 13:23:00-04:00,120.05,120.05,119.97,119.97,3980.0,120.001
2026-06-01 13:24:00-04:00,120.0,120.17,119.97,120.09,6375.0,120.097
2026-06-01 13:25:00-04:00,120.09,120.09,119.99,119.99,4062.0,120.046
2026-06-01 13:26:00-04:00,119.96,120.03,119.93,119.93,3979.0,119.963
2026-06-01 13:27:00-04:00,119.94,119.99,119.94,119.99,1291.0,119.968
2026-06-01 13:28:00-04:00,119.97,120.0,119.93,119.94,2625.0,119.967
2026-06-01 13:29:00-04:00,119.93,120.2,119.92,120.2,15487.0,120.086
2026-06-01 13:30:00-04:00,120.18,120.25,120.09,120.17,7912.0,120.184
2026-06-01 13:31:00-04:00,120.22,120.22,120.05,120.11,1400.0,120.135
2026-06-01 13:32:00-04:00,120.07,120.13,120.0,120.08,8768.0,120.048
2026-06-01 13:33:00-04:00,120.11,120.11,120.01,120.03,2229.0,120.05
2026-06-01 13:34:00-04:00,120.03,120.11,120.01,120.06,4392.0,120.05
2026-06-01 13:35:00-04:00,120.04,120.05,120.01,120.03,2600.0,120.033
2026-06-01 13:36:00-04:00,120.03,120.07,119.98,120.05,7852.0,120.022
2026-06-01 13:37:00-04:00,120.07,120.19,120.01,120.18,10344.0,120.11
2026-06-01 13:38:00-04:00,120.16,120.23,120.14,120.2,2462.0,120.173
2026-06-01 13:39:00-04:00,120.21,120.23,120.13,120.18,3915.0,120.186
2026-06-01 13:40:00-04:00,120.17,120.32,120.15,120.3,17851.0,120.215
2026-06-01 13:41:00-04:00,120.28,120.39,120.21,120.37,12521.0,120.314
2026-06-01 13:42:00-04:00,120.38,120.42,120.29,120.29,15122.0,120.352
2026-06-01 13:43:00-04:00,120.34,120.51,120.17,120.3,21553.0,120.329
2026-06-01 13:44:00-04:00,120.33,120.54,120.3,120.37,20880.0,120.446
2026-06-01 13:45:00-04:00,120.35,120.57,120.35,120.57,3158.0,120.475
2026-06-01 13:46:00-04:00,120.51,120.71,120.46,120.7,17450.0,120.657
2026-06-01 13:47:00-04:00,120.65,120.75,120.65,120.75,400.0,120.705
2026-06-01 13:48:00-04:00,120.69,120.72,120.59,120.6,4175.0,120.648
2026-06-01 13:49:00-04:00,120.61,120.69,120.6,120.61,3703.0,120.621
2026-06-01 13:50:00-04:00,120.58,120.68,120.57,120.65,3818.0,120.636
2026-06-01 13:51:00-04:00,120.63,120.66,120.58,120.6,1128.0,120.62
2026-06-01 13:52:00-04:00,120.62,120.69,120.58,120.58,1696.0,120.625
2026-06-01 13:53:00-04:00,120.62,120.62,120.35,120.4,5908.0,120.451
2026-06-01 13:54:00-04:00,120.45,120.62,120.45,120.51,5268.0,120.516
2026-06-01 13:55:00-04:00,120.46,120.62,120.41,120.54,8863.0,120.527
2026-06-01 13:56:00-04:00,120.48,120.52,120.33,120.33,23995.0,120.428
2026-06-01 13:57:00-04:00,120.3,120.32,120.18,120.18,5248.0,120.25
2026-06-01 13:58:00-04:00,120.17,120.33,120.17,120.32,4152.0,120.281
2026-06-01 13:59:00-04:00,120.33,120.34,120.21,120.27,10932.0,120.286
2026-06-01 14:00:00-04:00,120.22,120.27,120.02,120.07,6332.0,120.174
2026-06-01 14:01:00-04:00,120.04,120.17,120.0,120.17,4373.0,120.068
2026-06-01 14:02:00-04:00,120.22,120.22,120.12,120.14,871.0,120.156
2026-06-01 14:03:00-04:00,120.15,120.21,120.11,120.21,2807.0,120.153
2026-06-01 14:04:00-04:00,120.18,120.34,120.12,120.32,3252.0,120.219
2026-06-01 14:05:00-04:00,120.37,120.38,120.3,120.33,37625.0,120.303
2026-06-01 14:06:00-04:00,120.3,120.45,120.24,120.44,4381.0,120.336
2026-06-01 14:07:00-04:00,120.44,120.44,120.19,120.19,1900.0,120.353
2026-06-01 14:08:00-04:00,120.15,120.25,120.09,120.18,3180.0,120.17
2026-06-01 14:09:00-04:00,120.29,120.34,120.26,120.27,1459.0,120.304
2026-06-01 14:10:00-04:00,120.28,120.39,120.24,120.39,2886.0,120.328
2026-06-01 14:11:00-04:00,120.33,120.33,120.1,120.1,3276.0,120.209
2026-06-01 14:12:00-04:00,120.14,120.38,120.04,120.33,32545.0,120.273
2026-06-01 14:13:00-04:00,120.33,120.38,120.27,120.38,2573.0,120.32
2026-06-01 14:14:00-04:00,120.37,120.38,120.28,120.28,2500.0,120.353
2026-06-01 14:15:00-04:00,120.28,120.33,120.24,120.29,5678.0,120.286
2026-06-01 14:16:00-04:00,120.26,120.26,120.12,120.13,15934.0,120.219
2026-06-01 14:17:00-04:00,120.14,120.14,120.03,120.12,17714.0,120.088
2026-06-01 14:18:00-04:00,120.12,120.2,120.09,120.18,1689.0,120.151
2026-06-01 14:19:00-04:00,120.18,120.22,120.14,120.2,4921.0,120.185
2026-06-01 14:20:00-04:00,120.16,120.27,120.16,120.27,1000.0,120.239
2026-06-01 14:21:00-04:00,120.27,120.29,120.24,120.29,5606.0,120.264
2026-06-01 14:22:00-04:00,120.27,120.28,120.22,120.23,2248.0,120.253
2026-06-01 14:23:00-04:00,120.22,120.27,120.19,120.25,3313.0,120.244
2026-06-01 14:24:00-04:00,120.23,120.24,120.14,120.17,2684.0,120.172
2026-06-01 14:25:00-04:00,120.14,120.18,120.11,120.16,2913.0,120.15
2026-06-01 14:26:00-04:00,120.14,120.15,120.05,120.1,4540.0,120.12
2026-06-01 14:27:00-04:00,120.13,120.18,120.1,120.14,6493.0,120.14
2026-06-01 14:28:00-04:00,120.15,120.25,120.14,120.25,3712.0,120.198
2026-06-01 14:29:00-04:00,120.22,120.34,120.21,120.23,3587.0,120.272
2026-06-01 14:30:00-04:00,120.24,120.24,120.0,120.05,2998.0,120.093
2026-06-01 14:31:00-04:00,120.05,120.13,120.04,120.1,6174.0,120.071
2026-06-01 14:32:00-04:00,120.1,120.12,120.06,120.12,1996.0,120.106
2026-06-01 14:33:00-04:00,120.14,120.32,120.09,120.32,5985.0,120.178
2026-06-01 14:34:00-04:00,120.32,120.33,120.29,120.33,2080.0,120.317
2026-06-01 14:35:00-04:00,120.34,120.38,120.3,120.38,2518.0,120.333
2026-06-01 14:36:00-04:00,120.37,120.41,120.32,120.36,3746.0,120.384
2026-06-01 14:37:00-04:00,120.33,120.41,120.33,120.38,1900.0,120.369
2026-06-01 14:38:00-04:00,120.37,120.38,120.28,120.29,1900.0,120.336
2026-06-01 14:39:00-04:00,120.28,120.37,120.25,120.35,3599.0,120.315
2026-06-01 14:40:00-04:00,120.34,120.39,120.34,120.35,2236.0,120.36
2026-06-01 14:41:00-04:00,120.34,120.41,120.32,120.39,55166.0,120.352
2026-06-01 14:42:00-04:00,120.39,120.39,120.25,120.25,1951.0,120.331
2026-06-01 14:43:00-04:00,120.27,120.28,120.19,120.25,4254.0,120.252
2026-06-01 14:44:00-04:00,120.26,120.35,120.26,120.33,1344.0,120.315
2026-06-01 14:45:00-04:00,120.32,120.32,120.24,120.24,2460.0,120.28
2026-06-01 14:46:00-04:00,120.24,120.28,120.2,120.25,3189.0,120.238
2026-06-01 14:47:00-04:00,120.23,120.26,120.2,120.2,1024.0,120.229
2026-06-01 14:48:00-04:00,120.19,120.32,120.17,120.28,7245.0,120.244
2026-06-01 14:49:00-04:00,120.27,120.3,120.23,120.3,2760.0,120.262
2026-06-01 14:50:00-04:00,120.32,120.39,120.29,120.29,4163.0,120.332
2026-06-01 14:51:00-04:00,120.31,120.31,120.18,120.23,6927.0,120.237
2026-06-01 14:52:00-04:00,120.25,120.25,120.18,120.2,6329.0,120.222
2026-06-01 14:53:00-04:00,120.2,120.35,120.19,120.31,8189.0,120.28
2026-06-01 14:54:00-04:00,120.35,120.56,120.35,120.51,14797.0,120.481
2026-06-01 14:55:00-04:00,120.5,120.51,120.48,120.48,1981.0,120.495
2026-06-01 14:56:00-04:00,120.51,120.55,120.47,120.51,4465.0,120.503
2026-06-01 14:57:00-04:00,120.51,120.54,120.47,120.47,1631.0,120.513
2026-06-01 14:58:00-04:00,120.49,120.54,120.44,120.47,18077.0,120.48
2026-06-01 14:59:00-04:00,120.46,120.46,120.3,120.3,28569.0,120.371
2026-06-01 15:00:00-04:00,120.29,120.35,120.07,120.11,57024.0,120.16
2026-06-01 15:01:00-04:00,120.11,120.17,120.06,120.08,4700.0,120.109
2026-06-01 15:02:00-04:00,120.09,120.16,120.05,120.14,7724.0,120.097
2026-06-01 15:03:00-04:00,120.11,120.11,119.98,119.98,6266.0,120.031
2026-06-01 15:04:00-04:00,120.02,120.08,119.98,120.05,7662.0,120.01
2026-06-01 15:05:00-04:00,120.05,120.08,120.03,120.05,3088.0,120.056
2026-06-01 15:06:00-04:00,120.03,120.04,119.87,119.87,5686.0,119.968
2026-06-01 15:07:00-04:00,119.88,119.9,119.81,119.86,8631.0,119.857
2026-06-01 15:08:00-04:00,119.81,119.92,119.67,119.87,17712.0,119.798
2026-06-01 15:09:00-04:00,119.86,120.11,119.85,120.1,8553.0,119.987
2026-06-01 15:10:00-04:00,120.09,120.1,119.98,120.0,5773.0,120.032
2026-06-01 15:11:00-04:00,120.04,120.09,120.04,120.08,2931.0,120.065
2026-06-01 15:12:00-04:00,120.07,120.1,120.02,120.08,5095.0,120.051
2026-06-01 15:13:00-04:00,120.07,120.25,120.02,120.13,35457.0,120.145
2026-06-01 15:14:00-04:00,120.15,120.2,120.07,120.1,16304.0,120.141
2026-06-01 15:15:00-04:00,120.09,120.19,120.04,120.06,7025.0,120.13
2026-06-01 15:16:00-04:00,119.97,120.04,119.96,120.0,4916.0,120.001
2026-06-01 15:17:00-04:00,119.96,119.96,119.82,119.84,14404.0,119.873
2026-06-01 15:18:00-04:00,119.84,120.03,119.78,120.01,8432.0,119.867
2026-06-01 15:19:00-04:00,120.05,120.12,120.02,120.11,14275.0,120.079
2026-06-01 15:20:00-04:00,120.07,120.21,120.0,120.1,12986.0,120.061
2026-06-01 15:21:00-04:00,120.13,120.22,120.05,120.22,6164.0,120.107
2026-06-01 15:22:00-04:00,120.22,120.35,120.21,120.26,11437.0,120.269
2026-06-01 15:23:00-04:00,120.28,120.38,120.25,120.31,12995.0,120.296
2026-06-01 15:24:00-04:00,120.31,120.41,120.27,120.41,15344.0,120.336
2026-06-01 15:25:00-04:00,120.38,120.38,120.26,120.28,13542.0,120.324
2026-06-01 15:26:00-04:00,120.3,120.39,120.25,120.39,3911.0,120.308
2026-06-01 15:27:00-04:00,120.39,120.66,120.39,120.63,10677.0,120.543
2026-06-01 15:28:00-04:00,120.61,120.78,120.59,120.74,9684.0,120.657
2026-06-01 15:29:00-04:00,120.75,120.86,120.7,120.86,18879.0,120.807
2026-06-01 15:30:00-04:00,120.84,120.86,120.6,120.75,89219.0,120.719
2026-06-01 15:31:00-04:00,120.77,120.81,120.71,120.74,8215.0,120.751
2026-06-01 15:32:00-04:00,120.73,120.9,120.69,120.85,8143.0,120.778
2026-06-01 15:33:00-04:00,120.86,120.86,120.7,120.77,8537.0,120.755
2026-06-01 15:34:00-04:00,120.76,121.0,120.65,120.65,23228.0,120.911
2026-06-01 15:35:00-04:00,120.63,120.72,120.59,120.66,5626.0,120.649
2026-06-01 15:36:00-04:00,120.66,120.69,120.54,120.66,7757.0,120.602
2026-06-01 15:37:00-04:00,120.64,120.64,120.49,120.5,4648.0,120.573
2026-06-01 15:38:00-04:00,120.52,120.59,120.5,120.58,5398.0,120.537
2026-06-01 15:39:00-04:00,120.61,120.63,120.57,120.61,5514.0,120.61
2026-06-01 15:40:00-04:00,120.59,120.83,120.58,120.74,17316.0,120.718
2026-06-01 15:41:00-04:00,120.75,120.75,120.61,120.65,10012.0,120.674
2026-06-01 15:42:00-04:00,120.67,120.89,120.66,120.89,7999.0,120.77
2026-06-01 15:43:00-04:00,120.89,121.04,120.89,120.99,62899.0,120.99
2026-06-01 15:44:00-04:00,120.98,121.05,120.89,120.92,53939.0,120.986
2026-06-01 15:45:00-04:00,120.92,120.93,120.75,120.81,18710.0,120.845
2026-06-01 15:46:00-04:00,120.78,120.81,120.73,120.78,11055.0,120.781
2026-06-01 15:47:00-04:00,120.78,120.8,120.6,120.63,18979.0,120.679
2026-06-01 15:48:00-04:00,120.58,120.61,120.54,120.56,14623.0,120.585
2026-06-01 15:49:00-04:00,120.55,120.58,120.44,120.49,29442.0,120.514
2026-06-01 15:50:00-04:00,120.54,120.59,120.36,120.43,27901.0,120.462
2026-06-01 15:51:00-04:00,120.41,120.54,120.41,120.54,25804.0,120.469
2026-06-01 15:52:00-04:00,120.54,120.66,120.51,120.57,31888.0,120.58
2026-06-01 15:53:00-04:00,120.51,120.69,120.51,120.61,54057.0,120.611
2026-06-01 15:54:00-04:00,120.61,120.72,120.43,120.47,64155.0,120.61
2026-06-01 15:55:00-04:00,120.49,120.68,120.36,120.65,53498.0,120.493
2026-06-01 15:56:00-04:00,120.65,120.66,120.53,120.61,45593.0,120.597
2026-06-01 15:57:00-04:00,120.61,120.73,120.6,120.63,48555.0,120.676
2026-06-01 15:58:00-04:00,120.63,120.78,120.59,120.74,70605.0,120.664
2026-06-01 15:59:00-04:00,120.74,121.01,120.73,120.89,247051.0,120.874
