time,open,high,low,close,volume,wap
2026-05-04 09:30:00-04:00,124.0,124.8,123.05,123.46,76715.0,123.937
2026-05-04 09:31:00-04:00,123.49,124.5,123.05,123.87,16806.0,123.993
2026-05-04 09:32:00-04:00,123.3,123.5,122.62,123.09,16742.0,123.189
2026-05-04 09:33:00-04:00,123.37,123.37,122.47,122.48,3168.0,122.809
2026-05-04 09:34:00-04:00,122.46,124.22,122.35,123.65,27881.0,123.453
2026-05-04 09:35:00-04:00,123.66,124.0,123.54,123.8,7018.0,123.751
2026-05-04 09:36:00-04:00,123.67,124.45,123.32,124.45,11571.0,123.743
2026-05-04 09:37:00-04:00,124.45,124.5,123.86,124.5,10946.0,124.154
2026-05-04 09:38:00-04:00,124.5,124.5,124.02,124.2,7399.0,124.28
2026-05-04 09:39:00-04:00,124.26,124.27,124.01,124.21,1498.0,124.181
2026-05-04 09:40:00-04:00,124.02,124.48,123.53,123.53,18782.0,124.115
2026-05-04 09:41:00-04:00,123.53,123.98,123.53,123.98,4022.0,123.805
2026-05-04 09:42:00-04:00,123.98,123.98,123.55,123.64,4531.0,123.704
2026-05-04 09:43:00-04:00,123.63,123.71,123.4,123.53,9758.0,123.573
2026-05-04 09:44:00-04:00,123.67,124.12,123.66,123.78,12617.0,123.865
2026-05-04 09:45:00-04:00,123.8,124.73,123.46,124.73,32973.0,123.834
2026-05-04 09:46:00-04:00,124.67,125.22,124.61,125.14,25660.0,125.013
2026-05-04 09:47:00-04:00,125.13,125.44,125.01,125.37,9399.0,125.199
2026-05-04 09:48:00-04:00,125.4,125.4,125.05,125.2,11926.0,125.268
2026-05-04 09:49:00-04:00,125.14,125.41,125.05,125.05,13053.0,125.211
2026-05-04 09:50:00-04:00,125.07,125.68,124.84,125.52,13634.0,125.32
2026-05-04 09:51:00-04:00,125.45,126.27,125.45,126.27,44575.0,125.947
2026-05-04 09:52:00-04:00,126.24,126.42,126.07,126.29,6464.0,126.275
2026-05-04 09:53:00-04:00,126.32,126.46,126.0,126.2,8577.0,126.181
2026-05-04 09:54:00-04:00,126.2,126.76,126.2,126.62,9241.0,126.544
2026-05-04 09:55:00-04:00,126.75,126.75,126.1,126.33,16641.0,126.53
2026-05-04 09:56:00-04:00,126.33,126.61,125.97,126.49,8084.0,126.381
2026-05-04 09:57:00-04:00,125.97,126.53,125.81,125.81,10981.0,126.154
2026-05-04 09:58:00-04:00,125.77,125.94,125.63,125.71,2120.0,125.739
2026-05-04 09:59:00-04:00,125.74,125.74,125.2,125.28,6871.0,125.479
2026-05-04 10:00:00-04:00,125.28,125.28,124.66,125.14,10386.0,124.904
2026-05-04 10:01:00-04:00,125.15,125.44,124.76,125.41,5370.0,125.129
2026-05-04 10:02:00-04:00,125.17,125.45,125.13,125.45,3304.0,125.28
2026-05-04 10:03:00-04:00,125.28,125.47,125.18,125.44,5567.0,125.342
2026-05-04 10:04:00-04:00,125.23,125.68,125.22,125.64,8780.0,125.582
2026-05-04 10:05:00-04:00,125.67,125.88,125.6,125.63,4700.0,125.714
2026-05-04 10:06:00-04:00,125.74,125.74,125.37,125.65,12882.0,125.598
2026-05-04 10:07:00-04:00,125.5,125.75,125.49,125.75,1219.0,125.645
2026-05-04 10:08:00-04:00,125.77,126.21,125.68,126.15,9450.0,125.911
2026-05-04 10:09:00-04:00,126.2,126.22,125.95,126.08,11780.0,126.07
2026-05-04 10:10:00-04:00,126.05,126.24,125.84,125.84,11004.0,126.077
2026-05-04 10:11:00-04:00,125.84,125.99,125.6,125.83,7743.0,125.83
2026-05-04 10:12:00-04:00,125.99,126.0,125.83,125.84,950.0,125.909
2026-05-04 10:13:00-04:00,125.89,125.95,125.61,125.87,2379.0,125.789
2026-05-04 10:14:00-04:00,125.79,125.79,125.44,125.6,6217.0,125.546
2026-05-04 10:15:00-04:00,125.39,125.48,125.19,125.2,1837.0,125.266
2026-05-04 10:16:00-04:00,125.2,125.73,125.2,125.64,5323.0,125.535
2026-05-04 10:17:00-04:00,125.79,125.8,125.49,125.49,4677.0,125.689
2026-05-04 10:18:00-04:00,125.4,125.59,125.4,125.59,800.0,125.429
2026-05-04 10:19:00-04:00,125.67,125.68,125.62,125.67,679.0,125.661
2026-05-04 10:20:00-04:00,125.68,125.73,125.64,125.72,3431.0,125.699
2026-05-04 10:21:00-04:00,125.8,126.43,125.8,126.23,7910.0,126.189
2026-05-04 10:22:00-04:00,126.29,126.57,126.29,126.47,6277.0,126.459
2026-05-04 10:23:00-04:00,126.47,126.63,126.38,126.4,11092.0,126.517
2026-05-04 10:24:00-04:00,126.41,126.66,126.4,126.62,2525.0,126.528
2026-05-04 10:25:00-04:00,126.63,127.02,126.6,126.94,18584.0,126.858
2026-05-04 10:26:00-04:00,127.02,127.04,126.76,126.85,6305.0,126.866
2026-05-04 10:27:00-04:00,126.98,127.31,126.98,127.02,12082.0,127.101
2026-05-04 10:28:00-04:00,127.04,127.36,126.99,127.08,7826.0,127.116
2026-05-04 10:29:00-04:00,127.04,127.09,126.97,126.99,2850.0,127.015
2026-05-04 10:30:00-04:00,127.15,127.38,127.1,127.23,7107.0,127.23
2026-05-04 10:31:00-04:00,127.24,127.24,127.16,127.24,2838.0,127.228
2026-05-04 10:32:00-04:00,127.24,127.4,127.11,127.11,15863.0,127.287
2026-05-04 10:33:00-04:00,127.41,127.42,126.89,126.9,8505.0,127.147
2026-05-04 10:34:00-04:00,127.06,127.06,126.89,126.91,6700.0,126.939
2026-05-04 10:35:00-04:00,127.0,127.28,126.89,127.01,10104.0,127.129
2026-05-04 10:36:00-04:00,127.0,127.1,126.68,126.71,3846.0,126.893
2026-05-04 10:37:00-04:00,126.81,127.0,126.56,126.75,5837.0,126.929
2026-05-04 10:38:00-04:00,126.72,127.18,126.71,127.18,5767.0,126.996
2026-05-04 10:39:00-04:00,127.23,127.35,127.16,127.33,6248.0,127.244
2026-05-04 10:40:00-04:00,127.34,127.41,127.16,127.23,6518.0,127.256
2026-05-04 10:41:00-04:00,127.23,127.31,127.13,127.31,2107.0,127.234
2026-05-04 10:42:00-04:00,127.13,127.71,127.13,127.55,3874.0,127.532
2026-05-04 10:43:00-04:00,127.52,127.69,127.46,127.57,2550.0,127.574
2026-05-04 10:44:00-04:00,127.57,127.68,127.34,127.55,5394.0,127.482
2026-05-04 10:45:00-04:00,127.61,127.62,127.53,127.55,4847.0,127.567
2026-05-04 10:46:00-04:00,127.55,127.6,127.42,127.6,2383.0,127.483
2026-05-04 10:47:00-04:00,127.64,127.81,127.58,127.78,8410.0,127.709
2026-05-04 10:48:00-04:00,127.75,127.85,127.16,127.34,11688.0,127.461
2026-05-04 10:49:00-04:00,127.4,127.4,126.81,127.23,4786.0,127.084
2026-05-04 10:50:00-04:00,127.15,127.26,127.14,127.26,400.0,127.216
2026-05-04 10:51:00-04:00,127.47,127.61,127.44,127.57,4144.0,127.541
2026-05-04 10:52:00-04:00,127.56,127.89,127.56,127.82,2800.0,127.741
2026-05-04 10:53:00-04:00,127.88,127.9,127.72,127.74,4932.0,127.79
2026-05-04 10:54:00-04:00,127.9,127.9,127.49,127.72,4135.0,127.709
2026-05-04 10:55:00-04:00,127.71,127.71,127.6,127.69,4503.0,127.674
2026-05-04 10:56:00-04:00,127.75,127.77,127.42,127.42,2547.0,127.641
2026-05-04 10:57:00-04:00,127.42,127.45,127.1,127.1,13094.0,127.292
2026-05-04 10:58:00-04:00,127.25,127.25,127.17,127.25,1388.0,127.19
2026-05-04 10:59:00-04:00,127.17,127.29,127.04,127.15,5907.0,127.146
2026-05-04 11:00:00-04:00,127.15,127.52,127.0,127.52,3213.0,127.112
2026-05-04 11:01:00-04:00,127.5,127.55,127.39,127.54,3539.0,127.469
2026-05-04 11:02:00-04:00,127.43,127.66,127.41,127.66,3712.0,127.515
2026-05-04 11:03:00-04:00,127.6,127.77,127.6,127.77,2525.0,127.678
2026-05-04 11:04:00-04:00,127.77,127.86,127.72,127.72,5162.0,127.792
2026-05-04 11:05:00-04:00,127.74,127.82,127.54,127.82,2648.0,127.678
2026-05-04 11:06:00-04:00,127.59,127.7,127.36,127.54,4864.0,127.577
2026-05-04 11:07:00-04:00,127.54,127.61,127.36,127.43,3005.0,127.485
2026-05-04 11:08:00-04:00,127.52,127.58,127.4,127.4,9111.0,127.426
2026-05-04 11:09:00-04:00,127.33,127.6,127.27,127.5,4089.0,127.442
2026-05-04 11:10:00-04:00,127.43,127.43,127.14,127.24,6677.0,127.264
2026-05-04 11:11:00-04:00,127.33,127.36,127.27,127.32,2318.0,127.317
2026-05-04 11:12:00-04:00,127.42,127.42,127.29,127.33,3238.0,127.34
2026-05-04 11:13:00-04:00,127.43,127.43,126.91,127.0,4541.0,127.091
2026-05-04 11:14:00-04:00,127.07,127.15,126.91,127.15,1481.0,127.051
2026-05-04 11:15:00-04:00,127.08,127.26,127.0,127.2,2920.0,127.11
2026-05-04 11:16:00-04:00,127.19,127.25,127.16,127.25,1883.0,127.199
2026-05-04 11:17:00-04:00,127.25,127.29,127.02,127.06,4728.0,127.159
2026-05-04 11:18:00-04:00,127.07,127.07,126.94,127.05,1275.0,126.994
2026-05-04 11:19:00-04:00,127.05,127.05,126.36,126.43,8418.0,126.702
2026-05-04 11:20:00-04:00,126.5,126.67,126.36,126.44,2449.0,126.511
2026-05-04 11:21:00-04:00,126.47,126.47,126.01,126.01,5003.0,126.281
2026-05-04 11:22:00-04:00,126.08,126.16,126.02,126.14,6868.0,126.106
2026-05-04 11:23:00-04:00,126.18,126.23,125.98,126.12,6432.0,126.081
2026-05-04 11:24:00-04:00,126.08,126.19,125.75,125.78,2196.0,125.895
2026-05-04 11:25:00-04:00,125.82,125.91,125.79,125.83,1800.0,125.84
2026-05-04 11:26:00-04:00,125.77,126.05,125.77,125.94,4537.0,125.935
2026-05-04 11:27:00-04:00,125.94,125.97,125.82,125.82,2073.0,125.859
2026-05-04 11:28:00-04:00,125.95,125.95,125.64,125.82,3795.0,125.793
2026-05-04 11:29:00-04:00,125.7,125.7,125.43,125.56,9437.0,125.551
2026-05-04 11:30:00-04:00,125.57,125.62,125.49,125.58,8854.0,125.526
2026-05-04 11:31:00-04:00,125.59,125.6,125.26,125.42,1330.0,125.462
2026-05-04 11:32:00-04:00,125.2,125.46,125.12,125.14,4562.0,125.28
2026-05-04 11:33:00-04:00,125.18,125.37,125.15,125.32,2686.0,125.25
2026-05-04 11:34:00-04:00,125.4,125.92,125.19,125.47,13185.0,125.465
2026-05-04 11:35:00-04:00,125.56,125.6,125.17,125.17,6766.0,125.291
2026-05-04 11:36:00-04:00,125.14,125.23,124.98,125.06,3917.0,125.066
2026-05-04 11:37:00-04:00,125.06,125.26,124.98,125.18,3745.0,125.097
2026-05-04 11:38:00-04:00,125.18,125.36,125.08,125.09,2951.0,125.223
2026-05-04 11:39:00-04:00,125.03,125.1,124.66,124.66,5189.0,124.893
2026-05-04 11:40:00-04:00,124.72,124.72,124.26,124.26,16084.0,124.524
2026-05-04 11:41:00-04:00,124.2,124.79,124.2,124.78,5464.0,124.501
2026-05-04 11:42:00-04:00,124.76,125.13,124.71,125.08,5113.0,124.874
2026-05-04 11:43:00-04:00,125.13,125.13,124.8,125.05,7925.0,124.932
2026-05-04 11:44:00-04:00,124.99,125.09,124.85,124.85,8679.0,124.933
2026-05-04 11:45:00-04:00,124.88,124.9,124.66,124.74,2881.0,124.768
2026-05-04 11:46:00-04:00,124.74,124.87,124.66,124.81,3730.0,124.764
2026-05-04 11:47:00-04:00,124.9,124.91,124.73,124.81,3400.0,124.823
2026-05-04 11:48:00-04:00,124.81,124.91,124.8,124.81,3400.0,124.836
2026-05-04 11:49:00-04:00,124.83,124.89,124.8,124.81,873.0,124.818
2026-05-04 11:50:00-04:00,124.86,124.94,124.71,124.71,6290.0,124.872
2026-05-04 11:51:00-04:00,124.74,124.81,124.65,124.74,2363.0,124.728
2026-05-04 11:52:00-04:00,124.75,125.14,124.74,125.04,6674.0,125.011
2026-05-04 11:53:00-04:00,125.11,125.3,125.08,125.09,9805.0,125.218
2026-05-04 11:54:00-04:00,125.21,125.42,125.2,125.42,2867.0,125.306
2026-05-04 11:55:00-04:00,125.48,125.51,125.37,125.38,1924.0,125.423
2026-05-04 11:56:00-04:00,125.27,125.28,125.0,125.15,11331.0,125.162
2026-05-04 11:57:00-04:00,125.15,125.37,125.15,125.28,5364.0,125.317
2026-05-04 11:58:00-04:00,125.28,125.92,125.25,125.87,29048.0,125.492
2026-05-04 11:59:00-04:00,125.94,126.0,125.75,125.75,5524.0,125.893
2026-05-04 12:00:00-04:00,125.77,125.89,125.69,125.83,1604.0,125.803
2026-05-04 12:01:00-04:00,126.0,126.0,125.36,125.36,2355.0,125.643
2026-05-04 12:02:00-04:00,125.42,125.48,125.35,125.36,8340.0,125.366
2026-05-04 12:03:00-04:00,125.26,125.46,125.26,125.36,750.0,125.343
2026-05-04 12:04:00-04:00,125.34,125.36,125.0,125.1,6181.0,125.11
2026-05-04 12:05:00-04:00,125.09,125.13,124.96,125.12,3445.0,125.076
2026-05-04 12:06:00-04:00,125.12,125.29,125.12,125.29,1700.0,125.155
2026-05-04 12:07:00-04:00,125.37,125.4,124.9,124.92,2720.0,125.162
2026-05-04 12:08:00-04:00,124.81,124.81,124.55,124.7,8525.0,124.66
2026-05-04 12:09:00-04:00,124.7,124.81,124.58,124.66,1224.0,124.679
2026-05-04 12:10:00-04:00,124.68,124.77,124.6,124.62,3778.0,124.677
2026-05-04 12:11:00-04:00,124.74,124.85,124.64,124.85,8050.0,124.736
2026-05-04 12:12:00-04:00,124.96,125.07,124.81,125.07,2552.0,124.993
2026-05-04 12:13:00-04:00,124.99,125.01,124.9,124.99,1300.0,124.982
2026-05-04 12:14:00-04:00,124.99,124.99,124.82,124.85,1500.0,124.935
2026-05-04 12:15:00-04:00,124.82,124.82,124.73,124.8,1407.0,124.795
2026-05-04 12:16:00-04:00,124.73,124.89,124.67,124.89,1441.0,124.761
2026-05-04 12:17:00-04:00,124.95,125.22,124.95,125.14,1758.0,125.127
2026-05-04 12:18:00-04:00,125.12,125.19,125.1,125.19,3500.0,125.159
2026-05-04 12:19:00-04:00,125.26,125.64,125.26,125.64,1264.0,125.466
2026-05-04 12:20:00-04:00,125.63,125.92,125.54,125.86,1160.0,125.647
2026-05-04 12:21:00-04:00,125.89,126.04,125.8,125.92,3807.0,125.893
2026-05-04 12:22:00-04:00,126.0,126.02,125.89,126.02,1744.0,125.947
2026-05-04 12:23:00-04:00,125.97,125.97,125.77,125.89,2988.0,125.859
2026-05-04 12:24:00-04:00,125.91,125.91,125.67,125.69,3602.0,125.755
2026-05-04 12:25:00-04:00,125.78,125.81,125.74,125.78,947.0,125.762
2026-05-04 12:26:00-04:00,125.84,125.96,125.84,125.96,2115.0,125.906
2026-05-04 12:27:00-04:00,125.82,125.82,125.49,125.51,2783.0,125.659
2026-05-04 12:28:00-04:00,125.54,125.71,125.54,125.71,785.0,125.601
2026-05-04 12:29:00-04:00,125.71,125.71,125.44,125.57,2600.0,125.549
2026-05-04 12:30:00-04:00,125.57,125.57,125.55,125.57,700.0,125.566
2026-05-04 12:31:00-04:00,125.56,125.57,125.42,125.42,1871.0,125.495
2026-05-04 12:32:00-04:00,125.42,125.42,125.42,125.42,600.0,125.42
2026-05-04 12:33:00-04:00,125.42,125.72,125.42,125.7,5555.0,125.572
2026-05-04 12:34:00-04:00,125.7,125.8,125.7,125.79,1740.0,125.734
2026-05-04 12:35:00-04:00,125.6,125.7,125.44,125.45,3130.0,125.593
2026-05-04 12:36:00-04:00,125.34,125.46,125.3,125.45,1439.0,125.381
2026-05-04 12:37:00-04:00,125.38,125.38,125.19,125.32,3000.0,125.296
2026-05-04 12:38:00-04:00,125.45,125.45,125.19,125.41,1383.0,125.328
2026-05-04 12:39:00-04:00,125.37,125.37,125.19,125.19,4058.0,125.353
2026-05-04 12:40:00-04:00,125.35,125.43,125.27,125.43,2600.0,125.389
2026-05-04 12:41:00-04:00,125.33,125.53,125.33,125.43,3500.0,125.374
2026-05-04 12:42:00-04:00,125.41,125.42,125.27,125.3,3992.0,125.34
2026-05-04 12:43:00-04:00,125.29,125.4,125.29,125.37,2004.0,125.373
2026-05-04 12:44:00-04:00,125.45,125.57,125.3,125.4,2537.0,125.435
2026-05-04 12:45:00-04:00,125.39,125.42,125.34,125.42,1695.0,125.376
2026-05-04 12:46:00-04:00,125.35,125.37,125.26,125.37,1200.0,125.299
2026-05-04 12:47:00-04:00,125.37,125.37,125.25,125.25,321.0,125.322
2026-05-04 12:48:00-04:00,125.39,125.39,125.35,125.39,800.0,125.374
2026-05-04 12:49:00-04:00,125.36,125.47,125.35,125.47,1599.0,125.398
2026-05-04 12:50:00-04:00,125.4,125.51,125.4,125.51,1419.0,125.437
2026-05-04 12:51:00-04:00,125.41,125.41,125.3,125.3,800.0,125.344
2026-05-04 12:52:00-04:00,125.36,125.36,125.35,125.36,500.0,125.355
2026-05-04 12:53:00-04:00,125.47,125.48,125.4,125.48,808.0,125.467
2026-05-04 12:54:00-04:00,125.35,125.47,125.21,125.47,1943.0,125.331
2026-05-04 12:55:00-04:00,125.52,125.64,125.5,125.62,1613.0,125.598
2026-05-04 12:56:00-04:00,125.57,125.57,125.43,125.49,4958.0,125.47
2026-05-04 12:57:00-04:00,125.39,125.48,125.39,125.48,600.0,125.433
2026-05-04 12:58:00-04:00,125.43,125.5,125.41,125.44,1681.0,125.457
2026-05-04 12:59:00-04:00,125.44,125.5,125.32,125.48,4860.0,125.397
2026-05-04 13:00:00-04:00,125.5,125.5,125.49,125.49,1300.0,125.498
2026-05-04 13:01:00-04:00,125.46,125.46,125.3,125.42,2318.0,125.384
2026-05-04 13:02:00-04:00,125.35,125.49,125.32,125.32,1250.0,125.402
2026-05-04 13:03:00-04:00,125.49,125.53,125.4,125.48,1817.0,125.455
2026-05-04 13:04:00-04:00,125.47,125.55,125.47,125.55,806.0,125.529
2026-05-04 13:05:00-04:00,125.67,125.67,125.56,125.66,2019.0,125.597
2026-05-04 13:06:00-04:00,125.64,125.68,125.64,125.68,600.0,125.668
2026-05-04 13:07:00-04:00,125.61,125.68,125.6,125.67,921.0,125.641
2026-05-04 13:08:00-04:00,125.58,125.58,125.36,125.42,3060.0,125.462
2026-05-04 13:09:00-04:00,125.42,125.42,125.42,125.42,108.0,125.42
2026-05-04 13:10:00-04:00,125.43,125.43,125.43,125.43,300.0,125.43
2026-05-04 13:11:00-04:00,125.54,126.0,125.54,126.0,3623.0,125.814
2026-05-04 13:12:00-04:00,126.0,126.13,125.92,125.98,7457.0,125.982
2026-05-04 13:13:00-04:00,125.91,125.97,125.86,125.96,600.0,125.911
2026-05-04 13:14:00-04:00,125.93,126.1,125.88,125.95,2842.0,125.976
2026-05-04 13:15:00-04:00,126.05,126.16,125.99,126.16,2200.0,126.143
2026-05-04 13:16:00-04:00,126.05,126.25,126.05,126.2,1499.0,126.171
2026-05-04 13:17:00-04:00,126.18,126.62,126.18,126.59,6262.0,126.443
2026-05-04 13:18:00-04:00,126.62,126.77,126.61,126.68,2773.0,126.673
2026-05-04 13:19:00-04:00,126.73,126.75,126.69,126.69,1400.0,126.702
2026-05-04 13:20:00-04:00,126.73,126.88,126.69,126.74,3097.0,126.79
2026-05-04 13:21:00-04:00,126.8,126.89,126.8,126.84,1589.0,126.851
2026-05-04 13:22:00-04:00,126.91,126.91,126.76,126.76,2299.0,126.824
2026-05-04 13:23:00-04:00,126.8,126.94,126.8,126.86,3114.0,126.865
2026-05-04 13:24:00-04:00,126.88,126.88,126.86,126.87,800.0,126.87
2026-05-04 13:25:00-04:00,126.83,126.83,126.72,126.72,2363.0,126.791
2026-05-04 13:26:00-04:00,126.74,126.74,126.62,126.71,3642.0,126.701
2026-05-04 13:27:00-04:00,126.61,126.76,126.56,126.65,9027.0,126.668
2026-05-04 13:28:00-04:00,126.65,126.66,126.64,126.66,900.0,126.648
2026-05-04 13:29:00-04:00,126.58,126.66,126.39,126.47,5599.0,126.485
2026-05-04 13:30:00-04:00,126.55,126.66,126.42,126.61,1991.0,126.526
2026-05-04 13:31:00-04:00,126.63,126.71,126.62,126.65,1870.0,126.665
2026-05-04 13:32:00-04:00,126.72,126.88,126.67,126.72,10759.0,126.748
2026-05-04 13:33:00-04:00,126.71,126.84,126.69,126.8,3026.0,126.729
2026-05-04 13:34:00-04:00,126.8,126.8,126.7,126.7,1374.0,126.744
2026-05-04 13:35:00-04:00,126.78,126.78,126.6,126.6,4220.0,126.664
2026-05-04 13:36:00-04:00,126.67,126.71,126.6,126.62,2973.0,126.622
2026-05-04 13:37:00-04:00,126.62,126.63,126.47,126.63,2000.0,126.582
2026-05-04 13:38:00-04:00,126.65,126.87,126.6,126.85,4752.0,126.75
2026-05-04 13:39:00-04:00,126.93,126.97,126.89,126.97,1864.0,126.933
2026-05-04 13:40:00-04:00,126.92,127.0,126.77,126.88,5220.0,126.91
2026-05-04 13:41:00-04:00,126.87,126.93,126.66,126.69,6529.0,126.827
2026-05-04 13:42:00-04:00,126.63,126.88,126.63,126.88,2849.0,126.804
2026-05-04 13:43:00-04:00,126.79,126.81,126.79,126.81,700.0,126.804
2026-05-04 13:44:00-04:00,126.81,126.81,126.68,126.7,2314.0,126.736
2026-05-04 13:45:00-04:00,126.66,126.81,126.61,126.71,3250.0,126.691
2026-05-04 13:46:00-04:00,126.77,126.79,126.53,126.6,3300.0,126.643
2026-05-04 13:47:00-04:00,126.68,126.77,126.59,126.59,9228.0,126.726
2026-05-04 13:48:00-04:00,126.62,126.63,126.61,126.63,800.0,126.627
2026-05-04 13:49:00-04:00,126.71,126.71,126.67,126.69,700.0,126.701
2026-05-04 13:50:00-04:00,126.69,126.71,126.47,126.59,1794.0,126.631
2026-05-04 13:51:00-04:00,126.61,126.66,126.53,126.63,2089.0,126.599
2026-05-04 13:52:00-04:00,126.49,126.84,126.49,126.67,5695.0,126.694
2026-05-04 13:53:00-04:00,126.69,126.78,126.33,126.36,16135.0,126.552
2026-05-04 13:54:00-04:00,126.28,126.28,126.07,126.23,1945.0,126.217
2026-05-04 13:55:00-04:00,126.24,126.38,126.23,126.27,1186.0,126.322
2026-05-04 13:56:00-04:00,126.38,126.38,126.36,126.36,300.0,126.372
2026-05-04 13:57:00-04:00,126.42,126.42,126.39,126.4,664.0,126.413
2026-05-04 13:58:00-04:00,126.45,126.5,126.39,126.4,1900.0,126.429
2026-05-04 13:59:00-04:00,126.49,126.49,126.24,126.28,4517.0,126.353
2026-05-04 14:00:00-04:00,126.29,126.31,126.21,126.23,1952.0,126.264
2026-05-04 14:01:00-04:00,126.27,126.33,126.21,126.33,2770.0,126.3
2026-05-04 14:02:00-04:00,126.33,126.33,126.31,126.32,848.0,126.328
2026-05-04 14:03:00-04:00,126.31,126.49,126.3,126.32,2057.0,126.391
2026-05-04 14:04:00-04:00,126.32,126.42,126.31,126.42,1950.0,126.329
2026-05-04 14:05:00-04:00,126.32,126.47,126.26,126.47,5096.0,126.371
2026-05-04 14:06:00-04:00,126.31,126.46,126.3,126.31,800.0,126.328
2026-05-04 14:07:00-04:00,126.24,126.27,126.14,126.19,4633.0,126.187
2026-05-04 14:08:00-04:00,126.25,126.57,126.15,126.44,17249.0,126.288
2026-05-04 14:09:00-04:00,126.43,126.54,126.43,126.54,1133.0,126.488
2026-05-04 14:10:00-04:00,126.47,126.55,126.4,126.4,1670.0,126.47
2026-05-04 14:11:00-04:00,126.48,126.48,126.36,126.41,1438.0,126.406
2026-05-04 14:12:00-04:00,126.41,126.47,126.4,126.4,1448.0,126.437
2026-05-04 14:13:00-04:00,126.35,126.42,126.31,126.31,1394.0,126.365
2026-05-04 14:14:00-04:00,126.44,126.44,126.33,126.38,1160.0,126.397
2026-05-04 14:15:00-04:00,126.38,126.44,126.37,126.4,1007.0,126.405
2026-05-04 14:16:00-04:00,126.41,126.5,126.36,126.5,2078.0,126.42
2026-05-04 14:17:00-04:00,126.45,126.45,126.35,126.35,778.0,126.421
2026-05-04 14:18:00-04:00,126.41,126.53,126.31,126.42,2984.0,126.41
2026-05-04 14:19:00-04:00,126.38,126.51,126.38,126.47,3526.0,126.461
2026-05-04 14:20:00-04:00,126.43,126.54,126.16,126.44,24538.0,126.357
2026-05-04 14:21:00-04:00,126.52,126.69,126.38,126.56,5300.0,126.532
2026-05-04 14:22:00-04:00,126.58,126.59,126.57,126.58,700.0,126.576
2026-05-04 14:23:00-04:00,126.54,126.73,126.48,126.51,6539.0,126.587
2026-05-04 14:24:00-04:00,126.56,126.56,126.46,126.46,1200.0,126.499
2026-05-04 14:25:00-04:00,126.5,126.5,126.42,126.45,2725.0,126.464
2026-05-04 14:26:00-04:00,126.45,126.6,126.43,126.52,5170.0,126.541
2026-05-04 14:27:00-04:00,126.53,126.53,126.52,126.53,600.0,126.527
2026-05-04 14:28:00-04:00,126.53,126.62,126.52,126.62,6598.0,126.57
2026-05-04 14:29:00-04:00,126.62,126.86,126.53,126.79,2689.0,126.714
2026-05-04 14:30:00-04:00,126.79,126.79,126.59,126.6,3224.0,126.692
2026-05-04 14:31:00-04:00,126.6,126.6,126.45,126.53,2364.0,126.503
2026-05-04 14:32:00-04:00,126.47,126.54,126.46,126.54,3657.0,126.524
2026-05-04 14:33:00-04:00,126.53,126.53,126.39,126.42,3277.0,126.454
2026-05-04 14:34:00-04:00,126.48,126.62,126.45,126.61,3910.0,126.548
2026-05-04 14:35:00-04:00,126.62,126.62,126.54,126.54,1114.0,126.575
2026-05-04 14:36:00-04:00,126.55,126.55,126.39,126.47,1049.0,126.461
2026-05-04 14:37:00-04:00,126.43,126.45,126.41,126.45,976.0,126.426
2026-05-04 14:38:00-04:00,126.49,126.49,126.48,126.49,100.0,126.485
2026-05-04 14:39:00-04:00,126.49,126.66,126.48,126.66,3208.0,126.582
2026-05-04 14:40:00-04:00,126.62,126.76,126.62,126.7,7762.0,126.696
2026-05-04 14:41:00-04:00,126.7,126.81,126.6,126.6,1946.0,126.675
2026-05-04 14:42:00-04:00,126.6,126.69,126.56,126.65,3687.0,126.649
2026-05-04 14:43:00-04:00,126.69,126.69,126.47,126.47,2908.0,126.522
2026-05-04 14:44:00-04:00,126.51,126.51,126.42,126.46,1974.0,126.454
2026-05-04 14:45:00-04:00,126.39,126.67,126.39,126.61,5859.0,126.559
2026-05-04 14:46:00-04:00,126.69,126.84,126.66,126.84,1408.0,126.775
2026-05-04 14:47:00-04:00,126.81,127.05,126.8,127.01,8533.0,126.967
2026-05-04 14:48:00-04:00,127.0,127.0,126.94,126.99,1250.0,126.979
2026-05-04 14:49:00-04:00,127.03,127.1,127.02,127.03,1650.0,127.032
2026-05-04 14:50:00-04:00,127.03,127.03,126.7,126.78,6906.0,126.801
2026-05-04 14:51:00-04:00,126.74,126.76,126.64,126.74,2739.0,126.698
2026-05-04 14:52:00-04:00,126.69,126.75,126.68,126.69,1722.0,126.713
2026-05-04 14:53:00-04:00,126.69,126.69,126.57,126.67,1643.0,126.636
2026-05-04 14:54:00-04:00,126.67,126.67,126.5,126.53,3075.0,126.542
2026-05-04 14:55:00-04:00,126.59,126.64,126.56,126.64,7217.0,126.613
2026-05-04 14:56:00-04:00,126.62,126.96,126.6,126.82,7358.0,126.741
2026-05-04 14:57:00-04:00,126.89,127.18,126.81,127.14,8591.0,127.018
2026-05-04 14:58:00-04:00,127.2,127.32,127.13,127.28,8262.0,127.261
2026-05-04 14:59:00-04:00,127.28,127.28,127.09,127.16,4316.0,127.188
2026-05-04 15:00:00-04:00,127.16,127.19,127.12,127.12,3391.0,127.156
2026-05-04 15:01:00-04:00,127.07,127.13,127.07,127.09,1473.0,127.1
2026-05-04 15:02:00-04:00,127.09,127.13,127.08,127.13,2566.0,127.11
2026-05-04 15:03:00-04:00,127.13,127.17,126.96,126.96,6514.0,127.093
2026-05-04 15:04:00-04:00,127.04,127.04,126.93,126.97,1200.0,126.982
2026-05-04 15:05:00-04:00,126.9,127.2,126.9,127.2,3046.0,127.047
2026-05-04 15:06:00-04:00,127.2,127.36,127.19,127.28,9216.0,127.289
2026-05-04 15:07:00-04:00,127.22,127.29,127.17,127.17,4051.0,127.231
2026-05-04 15:08:00-04:00,127.27,127.37,127.27,127.35,2100.0,127.315
2026-05-04 15:09:00-04:00,127.35,127.35,127.14,127.15,6008.0,127.247
2026-05-04 15:10:00-04:00,127.15,127.24,127.12,127.13,3623.0,127.199
2026-05-04 15:11:00-04:00,127.16,127.22,127.16,127.2,1300.0,127.192
2026-05-04 15:12:00-04:00,127.2,127.37,127.13,127.33,4905.0,127.222
2026-05-04 15:13:00-04:00,127.34,127.41,127.21,127.22,5376.0,127.323
2026-05-04 15:14:00-04:00,127.28,127.31,127.24,127.28,2644.0,127.27
2026-05-04 15:15:00-04:00,127.28,127.38,127.18,127.26,2500.0,127.311
2026-05-04 15:16:00-04:00,127.25,127.35,127.21,127.35,2731.0,127.283
2026-05-04 15:17:00-04:00,127.35,127.35,127.23,127.23,2498.0,127.28
2026-05-04 15:18:00-04:00,127.18,127.23,127.05,127.16,9109.0,127.153
2026-05-04 15:19:00-04:00,127.16,127.2,127.11,127.11,4586.0,127.157
2026-05-04 15:20:00-04:00,127.06,127.21,127.06,127.21,2254.0,127.14
2026-05-04 15:21:00-04:00,127.23,127.28,127.16,127.28,4827.0,127.221
2026-05-04 15:22:00-04:00,127.3,127.33,127.26,127.27,3874.0,127.274
2026-05-04 15:23:00-04:00,127.27,127.27,127.01,127.03,11714.0,127.143
2026-05-04 15:24:00-04:00,127.02,127.06,126.97,127.01,2508.0,127.033
2026-05-04 15:25:00-04:00,127.01,127.04,126.85,126.88,3699.0,126.928
2026-05-04 15:26:00-04:00,126.95,126.97,126.6,126.68,34578.0,126.752
2026-05-04 15:27:00-04:00,126.69,126.74,126.67,126.69,4443.0,126.715
2026-05-04 15:28:00-04:00,126.69,126.87,126.68,126.81,2573.0,126.774
2026-05-04 15:29:00-04:00,126.81,126.94,126.81,126.83,8228.0,126.883
2026-05-04 15:30:00-04:00,126.89,126.89,126.78,126.84,3200.0,126.841
2026-05-04 15:31:00-04:00,126.78,126.93,126.74,126.76,10927.0,126.858
2026-05-04 15:32:00-04:00,126.7,126.81,126.62,126.68,9995.0,126.705
2026-05-04 15:33:00-04:00,126.68,126.68,126.34,126.38,5861.0,126.483
2026-05-04 15:34:00-04:00,126.38,126.38,126.23,126.24,11379.0,126.322
2026-05-04 15:35:00-04:00,126.16,126.25,126.07,126.09,8816.0,126.158
2026-05-04 15:36:00-04:00,126.11,126.34,126.07,126.2,11003.0,126.199
2026-05-04 15:37:00-04:00,126.2,126.21,126.03,126.15,5914.0,126.109
2026-05-04 15:38:00-04:00,126.24,126.24,126.11,126.13,10821.0,126.158
2026-05-04 15:39:00-04:00,126.16,126.24,125.95,126.16,10742.0,126.141
2026-05-04 15:40:00-04:00,126.17,126.2,125.97,125.97,5494.0,126.101
2026-05-04 15:41:00-04:00,125.96,125.96,125.83,125.86,4790.0,125.896
2026-05-04 15:42:00-04:00,125.86,126.08,125.83,126.08,8729.0,125.96
2026-05-04 15:43:00-04:00,126.01,126.01,125.86,125.9,3350.0,125.918
2026-05-04 15:44:00-04:00,125.88,126.08,125.84,125.93,9815.0,125.971
2026-05-04 15:45:00-04:00,125.92,126.07,125.91,126.04,5717.0,125.994
2026-05-04 15:46:00-04:00,125.95,126.18,125.95,126.05,9061.0,126.109
2026-05-04 15:47:00-04:00,126.05,126.05,125.63,125.91,22573.0,125.89
2026-05-04 15:48:00-04:00,125.91,125.91,125.6,125.69,5940.0,125.774
2026-05-04 15:49:00-04:00,125.7,125.71,125.55,125.69,7297.0,125.632
2026-05-04 15:50:00-04:00,125.69,126.28,125.63,125.97,49067.0,126.032
2026-05-04 15:51:00-04:00,125.97,125.97,125.82,125.86,8101.0,125.9
2026-05-04 15:52:00-04:00,125.87,125.98,125.78,125.78,10042.0,125.869
2026-05-04 15:53:00-04:00,125.78,125.84,125.73,125.79,15168.0,125.776
2026-05-04 15:54:00-04:00,125.79,126.18,125.78,126.18,15863.0,125.941
2026-05-04 15:55:00-04:00,126.18,126.24,126.05,126.21,42228.0,126.172
2026-05-04 15:56:00-04:00,126.21,126.57,126.15,126.15,32836.0,126.373
2026-05-04 15:57:00-04:00,126.15,126.26,125.91,126.01,23871.0,126.082
2026-05-04 15:58:00-04:00,125.99,126.12,125.91,125.99,38407.0,126.009
2026-05-04 15:59:00-04:00,126.0,126.12,125.97,126.1,60955.0,126.039
2026-05-05 09:30:00-04:00,127.0,127.38,125.55,126.63,44020.0,126.887
2026-05-05 09:31:00-04:00,126.79,127.57,126.29,126.67,1850.0,126.719
2026-05-05 09:32:00-04:00,127.04,127.57,126.29,126.31,3850.0,126.586
2026-05-05 09:33:00-04:00,126.58,126.69,126.21,126.55,7141.0,126.504
2026-05-05 09:34:00-04:00,126.32,126.6,126.12,126.24,5700.0,126.309
2026-05-05 09:35:00-04:00,126.12,126.3,125.7,125.7,5153.0,126.167
2026-05-05 09:36:00-04:00,125.79,126.48,125.23,126.02,11847.0,125.658
2026-05-05 09:37:00-04:00,126.39,126.51,125.96,126.51,6912.0,126.132
2026-05-05 09:38:00-04:00,126.44,126.63,126.35,126.4,3473.0,126.448
2026-05-05 09:39:00-04:00,126.26,126.59,126.26,126.41,6104.0,126.437
2026-05-05 09:40:00-04:00,126.53,127.29,126.39,127.01,7182.0,126.65
2026-05-05 09:41:00-04:00,127.27,127.3,126.79,126.99,9755.0,127.117
2026-05-05 09:42:00-04:00,126.99,126.99,126.41,126.51,10968.0,126.796
2026-05-05 09:43:00-04:00,126.65,126.7,126.31,126.7,4499.0,126.551
2026-05-05 09:44:00-04:00,126.37,126.5,126.37,126.47,1700.0,126.392
2026-05-05 09:45:00-04:00,126.15,126.69,125.98,126.37,7413.0,126.273
2026-05-05 09:46:00-04:00,126.38,126.57,126.38,126.57,936.0,126.444
2026-05-05 09:47:00-04:00,126.4,126.59,126.36,126.59,2840.0,126.43
2026-05-05 09:48:00-04:00,126.61,126.61,126.33,126.33,1300.0,126.431
2026-05-05 09:49:00-04:00,126.36,126.63,126.35,126.45,7653.0,126.382
2026-05-05 09:50:00-04:00,126.71,126.85,126.69,126.81,6292.0,126.789
2026-05-05 09:51:00-04:00,126.81,126.81,126.27,126.27,8947.0,126.597
2026-05-05 09:52:00-04:00,126.27,126.27,125.68,125.69,2350.0,126.014
2026-05-05 09:53:00-04:00,125.69,125.87,125.68,125.75,842.0,125.801
2026-05-05 09:54:00-04:00,125.86,125.86,125.3,125.31,6182.0,125.504
2026-05-05 09:55:00-04:00,125.27,125.76,125.27,125.75,3435.0,125.462
2026-05-05 09:56:00-04:00,125.71,125.82,125.45,125.61,4220.0,125.603
2026-05-05 09:57:00-04:00,125.63,125.99,125.62,125.99,4000.0,125.776
2026-05-05 09:58:00-04:00,125.91,125.99,125.36,125.37,21977.0,125.707
2026-05-05 09:59:00-04:00,125.47,125.47,125.0,125.0,14493.0,125.184
2026-05-05 10:00:00-04:00,125.16,125.4,125.0,125.4,6827.0,125.151
2026-05-05 10:01:00-04:00,125.41,126.25,125.4,126.25,31241.0,126.118
2026-05-05 10:02:00-04:00,126.04,126.2,126.04,126.2,1100.0,126.056
2026-05-05 10:03:00-04:00,126.1,126.26,126.1,126.16,1219.0,126.195
2026-05-05 10:04:00-04:00,126.05,126.2,125.84,125.84,3512.0,126.026
2026-05-05 10:05:00-04:00,125.85,125.85,125.85,125.85,100.0,125.85
2026-05-05 10:06:00-04:00,125.85,126.0,125.66,125.66,3692.0,125.87
2026-05-05 10:07:00-04:00,125.67,125.96,125.67,125.92,1800.0,125.854
2026-05-05 10:08:00-04:00,125.86,126.0,125.69,125.99,3200.0,125.88
2026-05-05 10:09:00-04:00,126.03,126.1,125.99,125.99,1838.0,126.053
2026-05-05 10:10:00-04:00,126.0,126.0,125.8,125.81,5300.0,125.845
2026-05-05 10:11:00-04:00,125.74,125.92,125.45,125.56,3865.0,125.69
2026-05-05 10:12:00-04:00,125.64,125.64,125.53,125.63,1147.0,125.571
2026-05-05 10:13:00-04:00,125.39,125.42,125.16,125.27,3877.0,125.263
2026-05-05 10:14:00-04:00,125.27,125.27,125.1,125.1,2825.0,125.2
2026-05-05 10:15:00-04:00,125.08,125.23,125.07,125.22,4166.0,125.184
2026-05-05 10:16:00-04:00,125.33,125.39,125.27,125.27,1875.0,125.335
2026-05-05 10:17:00-04:00,125.28,125.36,125.28,125.3,850.0,125.312
2026-05-05 10:18:00-04:00,125.37,125.62,125.36,125.62,8081.0,125.498
2026-05-05 10:19:00-04:00,125.56,125.66,125.56,125.6,800.0,125.584
2026-05-05 10:20:00-04:00,125.49,125.81,125.46,125.81,3134.0,125.587
2026-05-05 10:21:00-04:00,125.79,125.81,125.66,125.66,944.0,125.759
2026-05-05 10:22:00-04:00,125.8,126.2,125.8,126.18,6295.0,126.042
2026-05-05 10:23:00-04:00,126.15,126.15,126.15,126.15,200.0,126.15
2026-05-05 10:24:00-04:00,126.08,126.17,126.06,126.15,1304.0,126.096
2026-05-05 10:25:00-04:00,126.15,126.32,126.15,126.32,6981.0,126.185
2026-05-05 10:26:00-04:00,126.37,126.41,126.37,126.4,600.0,126.391
2026-05-05 10:27:00-04:00,126.48,126.48,126.15,126.27,3440.0,126.308
2026-05-05 10:28:00-04:00,126.28,126.41,126.16,126.41,2297.0,126.36
2026-05-05 10:29:00-04:00,126.33,126.33,126.15,126.32,2775.0,126.272
2026-05-05 10:30:00-04:00,126.32,126.32,126.23,126.32,1374.0,126.313
2026-05-05 10:31:00-04:00,126.28,126.41,126.21,126.36,2814.0,126.281
2026-05-05 10:32:00-04:00,126.22,126.22,126.13,126.16,3011.0,126.191
2026-05-05 10:33:00-04:00,126.12,126.23,126.07,126.21,4267.0,126.174
2026-05-05 10:34:00-04:00,126.23,126.23,126.23,126.23,255.0,126.23
2026-05-05 10:35:00-04:00,126.29,126.29,126.05,126.11,4092.0,126.102
2026-05-05 10:36:00-04:00,126.08,126.15,126.0,126.0,5820.0,126.009
2026-05-05 10:37:00-04:00,126.06,126.06,125.75,125.88,1300.0,125.971
2026-05-05 10:38:00-04:00,125.72,125.72,125.36,125.43,3836.0,125.511
2026-05-05 10:39:00-04:00,125.46,125.52,125.4,125.48,2250.0,125.48
2026-05-05 10:40:00-04:00,125.61,125.61,125.49,125.54,1469.0,125.537
2026-05-05 10:41:00-04:00,125.54,125.54,125.53,125.54,100.0,125.535
2026-05-05 10:42:00-04:00,125.54,125.7,125.53,125.7,1574.0,125.639
2026-05-05 10:43:00-04:00,125.71,125.73,125.58,125.73,2260.0,125.702
2026-05-05 10:44:00-04:00,125.72,125.85,125.69,125.84,3620.0,125.765
2026-05-05 10:45:00-04:00,125.86,125.86,125.86,125.86,934.0,125.86
2026-05-05 10:46:00-04:00,125.88,126.13,125.81,126.11,12205.0,125.974
2026-05-05 10:47:00-04:00,126.14,126.35,126.12,126.34,2200.0,126.219
2026-05-05 10:48:00-04:00,126.35,126.41,126.21,126.33,5154.0,126.292
2026-05-05 10:49:00-04:00,126.27,126.3,126.27,126.3,806.0,126.276
2026-05-05 10:50:00-04:00,126.16,126.16,126.14,126.14,200.0,126.15
2026-05-05 10:51:00-04:00,125.94,125.99,125.84,125.84,1200.0,125.923
2026-05-05 10:52:00-04:00,125.83,125.96,125.83,125.96,900.0,125.902
2026-05-05 10:53:00-04:00,125.96,125.96,125.96,125.96,0.0,125.96
2026-05-05 10:54:00-04:00,125.9,125.96,125.9,125.9,500.0,125.922
2026-05-05 10:55:00-04:00,126.04,126.11,125.97,126.0,1700.0,126.051
2026-05-05 10:56:00-04:00,126.0,126.0,126.0,126.0,200.0,126.0
2026-05-05 10:57:00-04:00,126.01,126.13,126.0,126.09,3617.0,126.048
2026-05-05 10:58:00-04:00,126.09,126.12,125.91,126.03,17348.0,125.987
2026-05-05 10:59:00-04:00,126.03,126.11,125.99,126.05,900.0,126.037
2026-05-05 11:00:00-04:00,126.05,126.11,125.94,126.0,7199.0,126.019
2026-05-05 11:01:00-04:00,125.97,126.63,125.91,126.55,12153.0,126.328
2026-05-05 11:02:00-04:00,126.6,126.78,126.42,126.42,12509.0,126.658
2026-05-05 11:03:00-04:00,126.46,126.46,126.38,126.39,500.0,126.399
2026-05-05 11:04:00-04:00,126.46,126.49,126.33,126.34,1800.0,126.389
2026-05-05 11:05:00-04:00,126.33,126.42,126.33,126.42,200.0,126.375
2026-05-05 11:06:00-04:00,126.33,126.43,126.14,126.23,4317.0,126.331
2026-05-05 11:07:00-04:00,126.26,126.31,126.11,126.12,2146.0,126.181
2026-05-05 11:08:00-04:00,126.05,126.08,125.93,126.08,1300.0,125.963
2026-05-05 11:09:00-04:00,125.96,125.99,125.9,125.91,750.0,125.93
2026-05-05 11:10:00-04:00,125.85,125.91,125.69,125.85,5150.0,125.775
2026-05-05 11:11:00-04:00,125.86,125.96,125.75,125.96,490.0,125.836
2026-05-05 11:12:00-04:00,125.88,126.01,125.88,125.97,10867.0,125.97
2026-05-05 11:13:00-04:00,125.96,125.97,125.75,125.84,7214.0,125.89
2026-05-05 11:14:00-04:00,125.84,125.95,125.8,125.9,800.0,125.883
2026-05-05 11:15:00-04:00,125.96,126.01,125.88,125.91,943.0,125.925
2026-05-05 11:16:00-04:00,125.81,125.82,125.46,125.46,9758.0,125.626
2026-05-05 11:17:00-04:00,125.42,125.58,125.42,125.58,5733.0,125.499
2026-05-05 11:18:00-04:00,125.54,125.61,125.51,125.52,1300.0,125.571
2026-05-05 11:19:00-04:00,125.52,125.65,125.51,125.61,4292.0,125.598
2026-05-05 11:20:00-04:00,125.64,125.81,125.63,125.75,2064.0,125.713
2026-05-05 11:21:00-04:00,125.88,125.91,125.62,125.69,5259.0,125.816
2026-05-05 11:22:00-04:00,125.69,125.88,125.65,125.88,5149.0,125.768
2026-05-05 11:23:00-04:00,125.86,125.95,125.77,125.91,16668.0,125.846
2026-05-05 11:24:00-04:00,125.91,126.05,125.91,126.0,7316.0,126.006
2026-05-05 11:25:00-04:00,126.03,126.03,125.9,125.9,1460.0,125.981
2026-05-05 11:26:00-04:00,125.9,126.0,125.9,125.99,800.0,125.949
2026-05-05 11:27:00-04:00,126.02,126.06,125.97,126.06,1041.0,125.995
2026-05-05 11:28:00-04:00,126.06,126.14,125.92,125.97,13211.0,126.025
2026-05-05 11:29:00-04:00,125.95,126.01,125.95,126.01,300.0,125.97
2026-05-05 11:30:00-04:00,126.01,126.04,125.95,125.95,800.0,126.005
2026-05-05 11:31:00-04:00,126.0,126.1,125.95,126.01,4011.0,126.0
2026-05-05 11:32:00-04:00,126.0,126.01,125.96,125.96,3121.0,125.987
2026-05-05 11:33:00-04:00,126.01,126.03,126.01,126.03,300.0,126.023
2026-05-05 11:34:00-04:00,126.02,126.06,125.72,125.77,6244.0,125.885
2026-05-05 11:35:00-04:00,125.78,125.98,125.73,125.98,2458.0,125.83
2026-05-05 11:36:00-04:00,125.93,125.93,125.79,125.79,573.0,125.846
2026-05-05 11:37:00-04:00,125.84,125.84,125.74,125.74,3031.0,125.816
2026-05-05 11:38:00-04:00,125.77,125.77,125.73,125.75,960.0,125.752
2026-05-05 11:39:00-04:00,125.75,125.79,125.75,125.79,700.0,125.777
2026-05-05 11:40:00-04:00,125.8,125.8,125.73,125.73,1100.0,125.781
2026-05-05 11:41:00-04:00,125.73,125.83,125.72,125.79,3476.0,125.781
2026-05-05 11:42:00-04:00,125.8,125.8,125.65,125.66,5946.0,125.719
2026-05-05 11:43:00-04:00,125.66,125.67,125.65,125.65,700.0,125.664
2026-05-05 11:44:00-04:00,125.67,125.73,125.58,125.6,9005.0,125.653
2026-05-05 11:45:00-04:00,125.64,125.64,125.61,125.64,2659.0,125.623
2026-05-05 11:46:00-04:00,125.62,125.9,125.62,125.76,7985.0,125.788
2026-05-05 11:47:00-04:00,125.72,125.72,125.6,125.64,1061.0,125.667
2026-05-05 11:48:00-04:00,125.54,125.58,125.33,125.4,4558.0,125.491
2026-05-05 11:49:00-04:00,125.41,125.56,125.4,125.56,4000.0,125.501
2026-05-05 11:50:00-04:00,125.56,125.56,125.46,125.47,5218.0,125.536
2026-05-05 11:51:00-04:00,125.54,125.69,125.47,125.49,3701.0,125.584
2026-05-05 11:52:00-04:00,125.53,125.53,125.53,125.53,100.0,125.53
2026-05-05 11:53:00-04:00,125.5,125.6,125.47,125.57,8000.0,125.545
2026-05-05 11:54:00-04:00,125.57,125.57,125.57,125.57,3317.0,125.57
2026-05-05 11:55:00-04:00,125.51,125.7,125.46,125.52,17333.0,125.585
2026-05-05 11:56:00-04:00,125.6,125.64,125.59,125.61,853.0,125.623
2026-05-05 11:57:00-04:00,125.64,125.66,125.56,125.65,10148.0,125.628
2026-05-05 11:58:00-04:00,125.66,125.66,125.48,125.53,26016.0,125.56
2026-05-05 11:59:00-04:00,125.56,125.62,125.5,125.52,6023.0,125.538
2026-05-05 12:00:00-04:00,125.5,125.52,125.31,125.35,7292.0,125.408
2026-05-05 12:01:00-04:00,125.28,125.41,125.27,125.41,3625.0,125.349
2026-05-05 12:02:00-04:00,125.41,125.44,125.26,125.33,3189.0,125.395
2026-05-05 12:03:00-04:00,125.3,125.75,125.02,125.03,55099.0,125.604
2026-05-05 12:04:00-04:00,125.15,125.16,124.96,124.98,2692.0,125.046
2026-05-05 12:05:00-04:00,124.96,125.04,124.88,124.89,3772.0,124.93
2026-05-05 12:06:00-04:00,124.92,125.0,124.86,124.88,4996.0,124.94
2026-05-05 12:07:00-04:00,124.96,125.07,124.91,125.02,4850.0,124.995
2026-05-05 12:08:00-04:00,125.02,125.03,124.86,124.86,3160.0,124.96
2026-05-05 12:09:00-04:00,124.86,124.87,124.52,124.63,9350.0,124.728
2026-05-05 12:10:00-04:00,124.63,124.63,124.54,124.59,1150.0,124.589
2026-05-05 12:11:00-04:00,124.53,124.58,124.36,124.37,4078.0,124.5
2026-05-05 12:12:00-04:00,124.37,124.47,124.31,124.47,5740.0,124.381
2026-05-05 12:13:00-04:00,124.41,124.41,124.31,124.31,400.0,124.349
2026-05-05 12:14:00-04:00,124.31,124.5,124.3,124.41,4341.0,124.414
2026-05-05 12:15:00-04:00,124.36,124.48,124.27,124.36,19905.0,124.342
2026-05-05 12:16:00-04:00,124.47,124.52,124.35,124.46,5472.0,124.462
2026-05-05 12:17:00-04:00,124.54,124.7,124.45,124.49,4180.0,124.575
2026-05-05 12:18:00-04:00,124.55,124.73,124.48,124.59,4137.0,124.626
2026-05-05 12:19:00-04:00,124.6,124.68,124.6,124.65,1201.0,124.641
2026-05-05 12:20:00-04:00,124.58,124.59,124.5,124.59,2957.0,124.527
2026-05-05 12:21:00-04:00,124.59,124.69,124.5,124.63,2296.0,124.594
2026-05-05 12:22:00-04:00,124.56,124.59,124.38,124.48,3812.0,124.539
2026-05-05 12:23:00-04:00,124.43,124.58,124.37,124.48,3000.0,124.494
2026-05-05 12:24:00-04:00,124.39,124.48,124.39,124.48,3241.0,124.451
2026-05-05 12:25:00-04:00,124.4,124.42,124.28,124.29,2600.0,124.386
2026-05-05 12:26:00-04:00,124.31,124.38,124.2,124.2,9004.0,124.277
2026-05-05 12:27:00-04:00,124.15,124.28,123.95,123.96,10632.0,124.127
2026-05-05 12:28:00-04:00,123.96,124.17,123.96,124.11,2341.0,124.057
2026-05-05 12:29:00-04:00,124.1,124.15,124.0,124.01,3420.0,124.075
2026-05-05 12:30:00-04:00,124.0,124.18,123.93,124.13,5725.0,124.028
2026-05-05 12:31:00-04:00,124.14,124.35,124.13,124.26,9526.0,124.179
2026-05-05 12:32:00-04:00,124.24,124.33,124.24,124.28,1601.0,124.278
2026-05-05 12:33:00-04:00,124.28,124.28,124.19,124.23,1435.0,124.239
2026-05-05 12:34:00-04:00,124.19,124.19,124.1,124.1,448.0,124.146
2026-05-05 12:35:00-04:00,124.15,124.15,124.06,124.1,1200.0,124.097
2026-05-05 12:36:00-04:00,124.01,124.22,124.0,124.05,4815.0,124.061
2026-05-05 12:37:00-04:00,124.04,124.07,124.0,124.0,2371.0,124.03
2026-05-05 12:38:00-04:00,123.93,124.12,123.93,124.0,1000.0,124.02
2026-05-05 12:39:00-04:00,124.02,124.12,124.01,124.1,2576.0,124.06
2026-05-05 12:40:00-04:00,124.09,124.1,124.09,124.1,500.0,124.098
2026-05-05 12:41:00-04:00,124.01,124.5,123.99,124.5,6013.0,124.203
2026-05-05 12:42:00-04:00,124.49,124.49,124.45,124.46,880.0,124.467
2026-05-05 12:43:00-04:00,124.53,124.53,124.53,124.53,300.0,124.53
2026-05-05 12:44:00-04:00,124.55,124.55,124.49,124.49,331.0,124.526
2026-05-05 12:45:00-04:00,124.47,124.83,124.46,124.78,3415.0,124.709
2026-05-05 12:46:00-04:00,124.83,124.83,124.71,124.71,799.0,124.752
2026-05-05 12:47:00-04:00,124.87,124.87,124.81,124.81,236.0,124.845
2026-05-05 12:48:00-04:00,124.81,124.81,124.81,124.81,212.0,124.81
2026-05-05 12:49:00-04:00,124.94,124.94,124.83,124.84,200.0,124.888
2026-05-05 12:50:00-04:00,124.93,124.93,124.93,124.93,100.0,124.93
2026-05-05 12:51:00-04:00,124.85,124.87,124.8,124.87,1206.0,124.845
2026-05-05 12:52:00-04:00,124.87,124.87,124.7,124.81,8761.0,124.796
2026-05-05 12:53:00-04:00,124.77,124.82,124.77,124.77,1392.0,124.807
2026-05-05 12:54:00-04:00,124.8,124.84,124.72,124.84,1744.0,124.75
2026-05-05 12:55:00-04:00,124.8,124.8,124.72,124.8,1785.0,124.786
2026-05-05 12:56:00-04:00,124.8,124.8,124.8,124.8,328.0,124.8
2026-05-05 12:57:00-04:00,124.8,124.94,124.8,124.92,6448.0,124.846
2026-05-05 12:58:00-04:00,124.84,124.96,124.71,124.75,8355.0,124.832
2026-05-05 12:59:00-04:00,124.75,124.75,124.75,124.75,0.0,124.75
2026-05-05 13:00:00-04:00,124.8,125.24,124.79,125.24,4050.0,124.866
2026-05-05 13:01:00-04:00,125.22,125.22,125.13,125.13,1200.0,125.205
2026-05-05 13:02:00-04:00,125.13,125.22,125.04,125.17,1291.0,125.097
2026-05-05 13:03:00-04:00,125.28,125.33,125.25,125.26,502.0,125.275
2026-05-05 13:04:00-04:00,125.25,125.3,125.24,125.25,708.0,125.259
2026-05-05 13:05:00-04:00,125.18,125.29,125.18,125.29,4414.0,125.214
2026-05-05 13:06:00-04:00,125.25,125.25,125.22,125.25,4207.0,125.244
2026-05-05 13:07:00-04:00,125.19,125.24,125.03,125.04,4163.0,125.152
2026-05-05 13:08:00-04:00,125.08,125.08,125.05,125.05,200.0,125.065
2026-05-05 13:09:00-04:00,125.09,125.09,124.96,125.03,1600.0,125.001
2026-05-05 13:10:00-04:00,125.1,125.11,124.96,125.11,1876.0,125.066
2026-05-05 13:11:00-04:00,125.14,125.14,125.03,125.04,1048.0,125.13
2026-05-05 13:12:00-04:00,125.1,125.1,125.04,125.04,401.0,125.061
2026-05-05 13:13:00-04:00,125.12,125.12,124.97,124.98,740.0,125.042
2026-05-05 13:14:00-04:00,125.04,125.04,124.92,124.97,15945.0,124.983
2026-05-05 13:15:00-04:00,124.91,124.97,124.91,124.97,400.0,124.938
2026-05-05 13:16:00-04:00,124.91,124.98,124.88,124.95,2598.0,124.916
2026-05-05 13:17:00-04:00,124.88,124.88,124.83,124.85,627.0,124.855
2026-05-05 13:18:00-04:00,124.86,124.96,124.86,124.96,700.0,124.896
2026-05-05 13:19:00-04:00,124.96,124.96,124.88,124.88,1009.0,124.902
2026-05-05 13:20:00-04:00,124.94,124.95,124.8,124.88,1414.0,124.881
2026-05-05 13:21:00-04:00,124.87,124.87,124.86,124.87,300.0,124.865
2026-05-05 13:22:00-04:00,124.87,124.97,124.86,124.87,6125.0,124.944
2026-05-05 13:23:00-04:00,124.99,125.01,124.94,124.94,4500.0,124.981
2026-05-05 13:24:00-04:00,124.98,124.98,124.98,124.98,1000.0,124.98
2026-05-05 13:25:00-04:00,125.03,125.03,124.98,124.99,408.0,124.998
2026-05-05 13:26:00-04:00,125.01,125.07,125.01,125.05,979.0,125.038
2026-05-05 13:27:00-04:00,125.05,125.07,125.03,125.03,1108.0,125.044
2026-05-05 13:28:00-04:00,125.11,125.11,125.11,125.11,123.0,125.11
2026-05-05 13:29:00-04:00,125.18,125.21,125.17,125.17,1649.0,125.199
2026-05-05 13:30:00-04:00,125.13,125.13,125.13,125.13,100.0,125.13
2026-05-05 13:31:00-04:00,125.21,125.21,125.05,125.05,1647.0,125.134
2026-05-05 13:32:00-04:00,125.04,125.07,124.96,124.96,2236.0,125.017
2026-05-05 13:33:00-04:00,125.0,125.02,124.8,124.9,12010.0,124.977
2026-05-05 13:34:00-04:00,124.86,124.86,124.79,124.8,200.0,124.828
2026-05-05 13:35:00-04:00,124.8,124.86,124.76,124.86,1826.0,124.801
2026-05-05 13:36:00-04:00,124.82,124.82,124.82,124.82,400.0,124.82
2026-05-05 13:37:00-04:00,124.76,124.82,124.76,124.82,1483.0,124.816
2026-05-05 13:38:00-04:00,124.77,124.82,124.77,124.82,309.0,124.804
2026-05-05 13:39:00-04:00,124.82,124.94,124.82,124.85,2778.0,124.902
2026-05-05 13:40:00-04:00,124.92,124.92,124.82,124.89,1203.0,124.879
2026-05-05 13:41:00-04:00,124.83,125.01,124.83,124.98,800.0,124.934
2026-05-05 13:42:00-04:00,125.02,125.02,125.0,125.02,950.0,125.012
2026-05-05 13:43:00-04:00,125.07,125.11,125.0,125.08,1655.0,125.066
2026-05-05 13:44:00-04:00,125.18,125.3,125.03,125.26,2200.0,125.232
2026-05-05 13:45:00-04:00,125.26,125.26,125.07,125.07,2142.0,125.173
2026-05-05 13:46:00-04:00,125.13,125.13,125.13,125.13,100.0,125.13
2026-05-05 13:47:00-04:00,125.13,125.13,125.13,125.13,100.0,125.13
2026-05-05 13:48:00-04:00,125.07,125.07,125.07,125.07,300.0,125.07
2026-05-05 13:49:00-04:00,125.19,125.28,125.11,125.24,6646.0,125.19
2026-05-05 13:50:00-04:00,125.22,125.24,125.22,125.24,1606.0,125.221
2026-05-05 13:51:00-04:00,125.25,125.25,125.24,125.25,125.0,125.245
2026-05-05 13:52:00-04:00,125.32,125.44,125.32,125.37,764.0,125.373
2026-05-05 13:53:00-04:00,125.29,125.37,125.29,125.37,722.0,125.306
2026-05-05 13:54:00-04:00,125.26,125.26,125.22,125.26,1645.0,125.251
2026-05-05 13:55:00-04:00,125.19,125.19,125.19,125.19,200.0,125.19
2026-05-05 13:56:00-04:00,125.19,125.19,125.19,125.19,0.0,125.19
2026-05-05 13:57:00-04:00,125.25,125.25,125.01,125.01,2226.0,125.135
2026-05-05 13:58:00-04:00,125.01,125.02,124.9,125.0,1400.0,124.988
2026-05-05 13:59:00-04:00,125.0,125.0,125.0,125.0,0.0,125.0
2026-05-05 14:00:00-04:00,125.07,125.13,125.07,125.11,1403.0,125.095
2026-05-05 14:01:00-04:00,125.1,125.1,125.02,125.07,1890.0,125.059
2026-05-05 14:02:00-04:00,125.18,125.18,125.03,125.03,3308.0,125.149
2026-05-05 14:03:00-04:00,125.0,125.25,124.99,125.24,3707.0,125.142
2026-05-05 14:04:00-04:00,125.24,125.29,125.17,125.29,1200.0,125.227
2026-05-05 14:05:00-04:00,125.33,125.4,125.28,125.29,1080.0,125.299
2026-05-05 14:06:00-04:00,125.3,125.3,125.26,125.29,900.0,125.288
2026-05-05 14:07:00-04:00,125.29,125.29,125.29,125.29,0.0,125.29
2026-05-05 14:08:00-04:00,125.35,125.45,125.35,125.43,7840.0,125.384
2026-05-05 14:09:00-04:00,125.43,125.89,125.42,125.73,8828.0,125.712
2026-05-05 14:10:00-04:00,125.73,125.78,125.53,125.59,5017.0,125.676
2026-05-05 14:11:00-04:00,125.59,125.6,125.59,125.6,200.0,125.593
2026-05-05 14:12:00-04:00,125.68,125.69,125.54,125.64,2750.0,125.657
2026-05-05 14:13:00-04:00,125.64,125.7,125.49,125.61,4812.0,125.618
2026-05-05 14:14:00-04:00,125.62,125.62,125.62,125.62,100.0,125.62
2026-05-05 14:15:00-04:00,125.65,125.72,125.57,125.64,3346.0,125.651
2026-05-05 14:16:00-04:00,125.65,125.67,125.65,125.67,200.0,125.66
2026-05-05 14:17:00-04:00,125.65,125.7,125.57,125.62,2391.0,125.654
2026-05-05 14:18:00-04:00,125.7,125.7,125.53,125.53,3954.0,125.618
2026-05-05 14:19:00-04:00,125.58,125.62,125.46,125.5,2989.0,125.533
2026-05-05 14:20:00-04:00,125.55,125.55,125.48,125.49,400.0,125.534
2026-05-05 14:21:00-04:00,125.42,125.48,125.42,125.43,500.0,125.446
2026-05-05 14:22:00-04:00,125.43,125.48,125.36,125.48,1883.0,125.414
2026-05-05 14:23:00-04:00,125.43,125.48,125.42,125.44,2410.0,125.458
2026-05-05 14:24:00-04:00,125.45,125.5,125.26,125.27,2448.0,125.375
2026-05-05 14:25:00-04:00,125.27,125.32,125.12,125.21,9005.0,125.218
2026-05-05 14:26:00-04:00,125.3,125.3,125.29,125.3,200.0,125.295
2026-05-05 14:27:00-04:00,125.3,125.3,125.29,125.3,300.0,125.295
2026-05-05 14:28:00-04:00,125.35,125.67,125.24,125.61,2184.0,125.468
2026-05-05 14:29:00-04:00,125.68,125.7,125.5,125.59,3300.0,125.624
2026-05-05 14:30:00-04:00,125.57,125.64,125.56,125.64,200.0,125.603
2026-05-05 14:31:00-04:00,125.65,125.78,125.62,125.62,2864.0,125.717
2026-05-05 14:32:00-04:00,125.67,125.67,125.51,125.58,1200.0,125.586
2026-05-05 14:33:00-04:00,125.58,125.58,125.51,125.52,300.0,125.558
2026-05-05 14:34:00-04:00,125.58,125.58,125.54,125.58,500.0,125.568
2026-05-05 14:35:00-04:00,125.57,125.77,125.57,125.7,1855.0,125.691
2026-05-05 14:36:00-04:00,125.68,125.69,125.67,125.68,746.0,125.68
2026-05-05 14:37:00-04:00,125.68,125.77,125.68,125.77,600.0,125.718
2026-05-05 14:38:00-04:00,125.73,125.73,125.59,125.63,1300.0,125.668
2026-05-05 14:39:00-04:00,125.63,125.63,125.53,125.53,581.0,125.591
2026-05-05 14:40:00-04:00,125.55,125.55,125.5,125.5,300.0,125.517
2026-05-05 14:41:00-04:00,125.6,125.71,125.6,125.71,600.0,125.645
2026-05-05 14:42:00-04:00,125.64,125.64,125.63,125.64,261.0,125.635
2026-05-05 14:43:00-04:00,125.7,125.9,125.7,125.74,5040.0,125.79
2026-05-05 14:44:00-04:00,125.72,125.72,125.57,125.57,2451.0,125.609
2026-05-05 14:45:00-04:00,125.58,125.58,125.58,125.58,100.0,125.58
2026-05-05 14:46:00-04:00,125.58,125.68,125.58,125.66,2104.0,125.645
2026-05-05 14:47:00-04:00,125.72,125.79,125.72,125.75,1005.0,125.745
2026-05-05 14:48:00-04:00,125.84,125.84,125.83,125.84,250.0,125.835
2026-05-05 14:49:00-04:00,125.84,125.86,125.67,125.73,5261.0,125.782
2026-05-05 14:50:00-04:00,125.68,125.71,125.57,125.69,3022.0,125.656
2026-05-05 14:51:00-04:00,125.74,125.77,125.58,125.59,1100.0,125.68
2026-05-05 14:52:00-04:00,125.61,125.68,125.61,125.66,1100.0,125.654
2026-05-05 14:53:00-04:00,125.67,125.74,125.66,125.74,500.0,125.683
2026-05-05 14:54:00-04:00,125.74,125.8,125.66,125.66,2690.0,125.698
2026-05-05 14:55:00-04:00,125.69,125.69,125.68,125.69,200.0,125.688
2026-05-05 14:56:00-04:00,125.68,125.75,125.68,125.68,1636.0,125.73
2026-05-05 14:57:00-04:00,125.74,125.8,125.67,125.79,13262.0,125.744
2026-05-05 14:58:00-04:00,125.83,125.83,125.54,125.58,5011.0,125.719
2026-05-05 14:59:00-04:00,125.61,125.61,125.51,125.51,700.0,125.556
2026-05-05 15:00:00-04:00,125.57,125.57,125.36,125.36,800.0,125.46
2026-05-05 15:01:00-04:00,125.31,125.31,125.3,125.31,100.0,125.305
2026-05-05 15:02:00-04:00,125.26,125.26,125.15,125.15,601.0,125.203
2026-05-05 15:03:00-04:00,125.15,125.22,125.15,125.22,400.0,125.193
2026-05-05 15:04:00-04:00,125.21,125.36,125.17,125.35,1573.0,125.28
2026-05-05 15:05:00-04:00,125.44,125.44,125.44,125.44,100.0,125.44
2026-05-05 15:06:00-04:00,125.31,125.44,125.31,125.44,400.0,125.383
2026-05-05 15:07:00-04:00,125.35,125.5,125.34,125.36,5248.0,125.425
2026-05-05 15:08:00-04:00,125.39,125.39,125.39,125.39,174.0,125.39
2026-05-05 15:09:00-04:00,125.33,125.42,125.32,125.42,617.0,125.362
2026-05-05 15:10:00-04:00,125.42,125.42,125.41,125.42,900.0,125.419
2026-05-05 15:11:00-04:00,125.37,125.37,125.37,125.37,200.0,125.37
2026-05-05 15:12:00-04:00,125.46,125.46,125.34,125.41,1320.0,125.398
2026-05-05 15:13:00-04:00,125.46,125.51,125.32,125.38,3084.0,125.443
2026-05-05 15:14:00-04:00,125.28,125.28,125.28,125.28,163.0,125.28
2026-05-05 15:15:00-04:00,125.27,125.27,125.27,125.27,100.0,125.27
2026-05-05 15:16:00-04:00,125.27,125.36,125.26,125.3,1262.0,125.312
2026-05-05 15:17:00-04:00,125.34,125.41,125.29,125.29,520.0,125.348
2026-05-05 15:18:00-04:00,125.41,125.41,125.34,125.34,593.0,125.374
2026-05-05 15:19:00-04:00,125.37,125.53,125.37,125.42,300.0,125.441
2026-05-05 15:20:00-04:00,125.41,125.41,125.36,125.36,1800.0,125.392
2026-05-05 15:21:00-04:00,125.4,125.52,125.4,125.5,2711.0,125.465
2026-05-05 15:22:00-04:00,125.54,125.57,125.46,125.57,742.0,125.534
2026-05-05 15:23:00-04:00,125.63,125.63,125.58,125.61,300.0,125.606
2026-05-05 15:24:00-04:00,125.55,125.63,125.54,125.59,500.0,125.58
2026-05-05 15:25:00-04:00,125.6,125.64,125.45,125.45,3511.0,125.553
2026-05-05 15:26:00-04:00,125.46,125.51,125.35,125.37,3707.0,125.44
2026-05-05 15:27:00-04:00,125.38,125.43,125.34,125.34,1356.0,125.374
2026-05-05 15:28:00-04:00,125.39,125.39,125.23,125.23,2643.0,125.315
2026-05-05 15:29:00-04:00,125.27,125.28,125.18,125.21,925.0,125.219
2026-05-05 15:30:00-04:00,125.24,125.29,125.18,125.24,2050.0,125.247
2026-05-05 15:31:00-04:00,125.26,125.28,125.25,125.28,200.0,125.268
2026-05-05 15:32:00-04:00,125.28,125.33,125.12,125.16,2735.0,125.205
2026-05-05 15:33:00-04:00,125.1,125.11,124.91,124.95,2259.0,125.01
2026-05-05 15:34:00-04:00,124.89,124.93,124.82,124.82,4363.0,124.894
2026-05-05 15:35:00-04:00,124.88,125.03,124.88,124.97,4920.0,124.972
2026-05-05 15:36:00-04:00,124.97,125.09,124.96,125.09,1306.0,125.023
2026-05-05 15:37:00-04:00,125.11,125.2,125.1,125.2,1848.0,125.142
2026-05-05 15:38:00-04:00,125.23,125.23,125.12,125.17,5585.0,125.174
2026-05-05 15:39:00-04:00,125.13,125.17,125.0,125.01,2100.0,125.074
2026-05-05 15:40:00-04:00,125.02,125.17,125.0,125.08,4003.0,125.093
2026-05-05 15:41:00-04:00,125.1,125.11,125.01,125.01,2204.0,125.052
2026-05-05 15:42:00-04:00,125.01,125.01,124.8,124.8,1300.0,124.931
2026-05-05 15:43:00-04:00,124.8,124.83,124.68,124.75,3500.0,124.769
2026-05-05 15:44:00-04:00,124.74,124.82,124.68,124.81,3778.0,124.78
2026-05-05 15:45:00-04:00,124.81,124.81,124.67,124.73,3414.0,124.735
2026-05-05 15:46:00-04:00,124.72,124.73,124.43,124.51,2389.0,124.54
2026-05-05 15:47:00-04:00,124.4,124.46,124.31,124.31,3352.0,124.363
2026-05-05 15:48:00-04:00,124.33,124.68,124.31,124.62,9493.0,124.484
2026-05-05 15:49:00-04:00,124.6,124.6,124.39,124.39,3132.0,124.495
2026-05-05 15:50:00-04:00,124.34,124.41,124.19,124.22,14640.0,124.29
2026-05-05 15:51:00-04:00,124.24,124.25,124.08,124.12,6704.0,124.154
2026-05-05 15:52:00-04:00,124.09,124.23,124.08,124.22,11010.0,124.149
2026-05-05 15:53:00-04:00,124.28,124.32,124.21,124.26,1719.0,124.276
2026-05-05 15:54:00-04:00,124.26,124.42,124.19,124.42,7930.0,124.296
2026-05-05 15:55:00-04:00,124.4,124.5,124.27,124.37,11734.0,124.363
2026-05-05 15:56:00-04:00,124.37,124.43,124.29,124.33,15276.0,124.357
2026-05-05 15:57:00-04:00,124.31,124.47,124.22,124.47,20226.0,124.324
2026-05-05 15:58:00-04:00,124.45,124.5,124.4,124.42,23397.0,124.455
2026-05-05 15:59:00-04:00,124.43,124.48,124.32,124.42,82666.0,124.4
2026-05-06 09:30:00-04:00,125.69,126.16,124.3,126.02,42045.0,125.577
2026-05-06 09:31:00-04:00,126.02,126.39,126.02,126.39,500.0,126.316
2026-05-06 09:32:00-04:00,126.02,126.02,125.56,125.8,11281.0,125.663
2026-05-06 09:33:00-04:00,125.8,125.8,124.92,124.92,16079.0,125.505
2026-05-06 09:34:00-04:00,124.92,125.25,124.92,125.13,2317.0,125.02
2026-05-06 09:35:00-04:00,125.25,125.42,125.25,125.42,700.0,125.286
2026-05-06 09:36:00-04:00,125.0,125.67,125.0,125.67,200.0,125.335
2026-05-06 09:37:00-04:00,125.33,125.5,125.0,125.25,3908.0,125.155
2026-05-06 09:38:00-04:00,124.87,125.14,124.51,124.63,3601.0,124.866
2026-05-06 09:39:00-04:00,124.66,124.77,124.59,124.64,1215.0,124.677
2026-05-06 09:40:00-04:00,124.73,124.95,124.61,124.61,3578.0,124.808
2026-05-06 09:41:00-04:00,124.68,124.91,124.68,124.69,1615.0,124.745
2026-05-06 09:42:00-04:00,124.74,125.26,124.74,125.03,2621.0,124.998
2026-05-06 09:43:00-04:00,124.93,125.0,124.88,124.89,500.0,124.934
2026-05-06 09:44:00-04:00,124.8,124.81,124.74,124.81,1572.0,124.797
2026-05-06 09:45:00-04:00,124.99,125.08,124.35,124.49,2566.0,124.687
2026-05-06 09:46:00-04:00,124.49,124.55,124.3,124.49,3067.0,124.454
2026-05-06 09:47:00-04:00,124.39,124.5,124.1,124.5,4478.0,124.319
2026-05-06 09:48:00-04:00,124.31,124.48,124.31,124.48,514.0,124.438
2026-05-06 09:49:00-04:00,124.31,124.64,124.3,124.5,1683.0,124.447
2026-05-06 09:50:00-04:00,124.64,124.67,124.52,124.52,910.0,124.579
2026-05-06 09:51:00-04:00,124.25,124.25,123.98,124.15,2874.0,124.092
2026-05-06 09:52:00-04:00,123.99,124.27,123.83,124.11,7302.0,124.033
2026-05-06 09:53:00-04:00,124.11,124.56,123.87,124.56,2200.0,124.258
2026-05-06 09:54:00-04:00,124.79,124.85,124.26,124.26,2684.0,124.779
2026-05-06 09:55:00-04:00,124.54,124.54,124.53,124.53,374.0,124.531
2026-05-06 09:56:00-04:00,124.54,124.54,124.53,124.54,304.0,124.535
2026-05-06 09:57:00-04:00,124.56,124.56,124.1,124.1,1651.0,124.359
2026-05-06 09:58:00-04:00,124.23,124.23,123.75,123.75,1316.0,123.935
2026-05-06 09:59:00-04:00,123.93,124.31,123.87,124.28,5929.0,124.076
2026-05-06 10:00:00-04:00,124.75,124.75,124.01,124.01,576.0,124.379
2026-05-06 10:01:00-04:00,124.0,124.21,123.98,123.98,2827.0,124.093
2026-05-06 10:02:00-04:00,124.01,124.01,123.75,123.75,529.0,123.926
2026-05-06 10:03:00-04:00,123.82,124.06,123.81,123.99,3873.0,123.906
2026-05-06 10:04:00-04:00,124.17,124.25,124.06,124.12,1231.0,124.173
2026-05-06 10:05:00-04:00,124.24,124.24,124.02,124.02,1100.0,124.201
2026-05-06 10:06:00-04:00,124.02,124.23,123.84,123.88,3054.0,123.929
2026-05-06 10:07:00-04:00,123.92,124.21,123.92,124.19,2500.0,124.154
2026-05-06 10:08:00-04:00,124.33,124.95,124.32,124.95,7054.0,124.436
2026-05-06 10:09:00-04:00,124.59,124.59,124.59,124.59,200.0,124.59
2026-05-06 10:10:00-04:00,124.37,125.1,124.36,124.97,4825.0,124.876
2026-05-06 10:11:00-04:00,125.04,125.04,124.86,124.86,1800.0,125.015
2026-05-06 10:12:00-04:00,125.19,125.55,125.19,125.46,3833.0,125.438
2026-05-06 10:13:00-04:00,125.35,125.46,125.31,125.32,2993.0,125.405
2026-05-06 10:14:00-04:00,125.41,125.41,125.33,125.33,200.0,125.371
2026-05-06 10:15:00-04:00,125.31,125.33,125.31,125.31,600.0,125.313
2026-05-06 10:16:00-04:00,125.31,125.58,125.31,125.47,6120.0,125.463
2026-05-06 10:17:00-04:00,125.35,125.53,125.34,125.5,4070.0,125.399
2026-05-06 10:18:00-04:00,125.5,125.5,125.4,125.45,1300.0,125.446
2026-05-06 10:19:00-04:00,125.55,125.59,125.36,125.59,3293.0,125.566
2026-05-06 10:20:00-04:00,125.63,125.68,125.54,125.54,400.0,125.633
2026-05-06 10:21:00-04:00,125.72,126.07,125.69,126.07,13233.0,125.862
2026-05-06 10:22:00-04:00,125.95,126.07,125.87,125.95,3790.0,125.948
2026-05-06 10:23:00-04:00,126.02,126.13,126.01,126.06,2233.0,126.073
2026-05-06 10:24:00-04:00,126.22,126.22,125.98,126.09,1700.0,126.089
2026-05-06 10:25:00-04:00,126.05,126.31,125.95,126.2,5472.0,126.143
2026-05-06 10:26:00-04:00,126.22,126.31,126.07,126.18,5500.0,126.181
2026-05-06 10:27:00-04:00,126.18,126.26,126.02,126.1,8808.0,126.12
2026-05-06 10:28:00-04:00,126.09,126.23,126.08,126.14,2047.0,126.147
2026-05-06 10:29:00-04:00,126.14,126.25,125.64,125.77,14559.0,126.016
2026-05-06 10:30:00-04:00,125.77,125.94,125.62,125.76,3109.0,125.784
2026-05-06 10:31:00-04:00,125.56,125.87,125.36,125.52,12787.0,125.63
2026-05-06 10:32:00-04:00,125.69,125.69,125.42,125.54,1829.0,125.535
2026-05-06 10:33:00-04:00,125.67,125.8,125.62,125.66,5028.0,125.701
2026-05-06 10:34:00-04:00,125.79,125.82,125.66,125.67,6014.0,125.79
2026-05-06 10:35:00-04:00,125.67,125.78,125.51,125.78,2971.0,125.666
2026-05-06 10:36:00-04:00,125.78,125.84,125.7,125.79,2678.0,125.758
2026-05-06 10:37:00-04:00,125.7,125.76,125.63,125.64,1231.0,125.689
2026-05-06 10:38:00-04:00,125.6,125.74,125.6,125.65,4335.0,125.668
2026-05-06 10:39:00-04:00,125.65,125.82,125.59,125.82,1367.0,125.705
2026-05-06 10:40:00-04:00,125.7,125.82,125.53,125.61,7048.0,125.676
2026-05-06 10:41:00-04:00,125.61,125.64,125.48,125.62,4218.0,125.556
2026-05-06 10:42:00-04:00,125.62,125.7,125.22,125.4,10780.0,125.484
2026-05-06 10:43:00-04:00,125.35,125.35,125.26,125.34,900.0,125.317
2026-05-06 10:44:00-04:00,125.35,125.79,125.34,125.79,1100.0,125.561
2026-05-06 10:45:00-04:00,125.66,125.67,125.31,125.45,2985.0,125.505
2026-05-06 10:46:00-04:00,125.3,125.55,125.27,125.45,2200.0,125.395
2026-05-06 10:47:00-04:00,125.45,125.59,125.26,125.58,2648.0,125.37
2026-05-06 10:48:00-04:00,125.58,125.58,125.58,125.58,100.0,125.58
2026-05-06 10:49:00-04:00,125.59,125.59,125.56,125.57,600.0,125.576
2026-05-06 10:50:00-04:00,125.65,125.92,125.61,125.92,2200.0,125.722
2026-05-06 10:51:00-04:00,125.85,125.99,125.69,125.78,5909.0,125.83
2026-05-06 10:52:00-04:00,125.87,126.21,125.68,125.7,21871.0,126.019
2026-05-06 10:53:00-04:00,125.81,125.81,125.46,125.47,1300.0,125.675
2026-05-06 10:54:00-04:00,125.64,125.7,125.63,125.7,927.0,125.682
2026-05-06 10:55:00-04:00,125.7,125.81,125.69,125.76,1762.0,125.771
2026-05-06 10:56:00-04:00,125.76,126.26,125.76,126.2,22717.0,126.041
2026-05-06 10:57:00-04:00,126.17,126.17,126.04,126.11,1987.0,126.089
2026-05-06 10:58:00-04:00,126.03,126.15,125.85,125.86,11788.0,125.948
2026-05-06 10:59:00-04:00,125.88,126.07,125.8,125.96,2366.0,125.913
2026-05-06 11:00:00-04:00,126.06,126.15,125.96,126.05,2230.0,126.092
2026-05-06 11:01:00-04:00,126.02,126.12,125.87,125.97,3495.0,125.978
2026-05-06 11:02:00-04:00,125.87,126.03,125.74,125.84,2403.0,125.885
2026-05-06 11:03:00-04:00,125.98,126.02,125.75,125.92,992.0,125.944
2026-05-06 11:04:00-04:00,126.02,126.47,126.0,126.38,13090.0,126.23
2026-05-06 11:05:00-04:00,126.38,126.5,126.38,126.41,1850.0,126.46
2026-05-06 11:06:00-04:00,126.36,126.41,126.35,126.41,723.0,126.395
2026-05-06 11:07:00-04:00,126.48,126.54,126.45,126.54,750.0,126.493
2026-05-06 11:08:00-04:00,126.46,126.52,126.32,126.5,1200.0,126.457
2026-05-06 11:09:00-04:00,126.4,126.5,126.4,126.41,300.0,126.437
2026-05-06 11:10:00-04:00,126.44,126.5,126.39,126.39,800.0,126.453
2026-05-06 11:11:00-04:00,126.25,126.47,126.25,126.38,1211.0,126.35
2026-05-06 11:12:00-04:00,126.37,126.48,126.32,126.48,1400.0,126.387
2026-05-06 11:13:00-04:00,126.45,126.45,126.35,126.36,200.0,126.403
2026-05-06 11:14:00-04:00,126.36,126.42,126.35,126.36,353.0,126.373
2026-05-06 11:15:00-04:00,126.36,126.36,126.36,126.36,0.0,126.36
2026-05-06 11:16:00-04:00,126.36,126.45,126.26,126.45,1707.0,126.34
2026-05-06 11:17:00-04:00,126.43,126.6,126.43,126.52,2338.0,126.474
2026-05-06 11:18:00-04:00,126.52,126.6,126.4,126.4,5819.0,126.557
2026-05-06 11:19:00-04:00,126.3,126.51,126.24,126.4,1700.0,126.346
2026-05-06 11:20:00-04:00,126.46,126.58,126.21,126.4,1700.0,126.412
2026-05-06 11:21:00-04:00,126.21,126.21,126.09,126.18,2600.0,126.137
2026-05-06 11:22:00-04:00,126.1,126.22,126.04,126.19,1250.0,126.09
2026-05-06 11:23:00-04:00,126.08,126.37,126.08,126.29,4122.0,126.219
2026-05-06 11:24:00-04:00,126.37,126.39,126.26,126.27,5228.0,126.358
2026-05-06 11:25:00-04:00,126.27,126.37,126.14,126.14,1212.0,126.26
2026-05-06 11:26:00-04:00,126.15,126.6,126.06,126.12,21144.0,126.365
2026-05-06 11:27:00-04:00,126.06,126.12,126.06,126.09,400.0,126.088
2026-05-06 11:28:00-04:00,126.12,126.12,126.12,126.12,124.0,126.12
2026-05-06 11:29:00-04:00,126.14,126.14,126.12,126.12,691.0,126.124
2026-05-06 11:30:00-04:00,126.09,126.1,125.92,125.93,3895.0,126.037
2026-05-06 11:31:00-04:00,126.02,126.03,125.98,126.0,1211.0,126.013
2026-05-06 11:32:00-04:00,126.09,126.09,126.08,126.08,372.0,126.087
2026-05-06 11:33:00-04:00,125.9,126.0,125.88,125.91,3505.0,125.908
2026-05-06 11:34:00-04:00,125.91,126.17,125.91,126.09,1019.0,126.025
2026-05-06 11:35:00-04:00,126.02,126.14,126.02,126.1,973.0,126.087
2026-05-06 11:36:00-04:00,126.1,126.21,126.1,126.21,1432.0,126.18
2026-05-06 11:37:00-04:00,126.17,126.19,126.1,126.19,1450.0,126.136
2026-05-06 11:38:00-04:00,126.13,126.22,126.13,126.22,1392.0,126.191
2026-05-06 11:39:00-04:00,126.11,126.29,126.09,126.29,3150.0,126.158
2026-05-06 11:40:00-04:00,126.16,126.16,126.16,126.16,300.0,126.16
2026-05-06 11:41:00-04:00,126.27,126.3,126.25,126.29,900.0,126.276
2026-05-06 11:42:00-04:00,126.29,126.29,126.29,126.29,0.0,126.29
2026-05-06 11:43:00-04:00,126.1,126.1,126.08,126.09,600.0,126.092
2026-05-06 11:44:00-04:00,126.1,126.26,125.92,126.16,7850.0,126.043
2026-05-06 11:45:00-04:00,126.17,126.17,126.15,126.15,302.0,126.161
2026-05-06 11:46:00-04:00,126.1,126.25,126.1,126.19,1800.0,126.177
2026-05-06 11:47:00-04:00,126.3,126.37,126.3,126.37,684.0,126.345
2026-05-06 11:48:00-04:00,126.5,126.5,126.41,126.41,1502.0,126.488
2026-05-06 11:49:00-04:00,126.51,126.51,126.43,126.51,2000.0,126.498
2026-05-06 11:50:00-04:00,126.51,126.51,126.51,126.51,600.0,126.51
2026-05-06 11:51:00-04:00,126.53,126.56,126.49,126.51,966.0,126.514
2026-05-06 11:52:00-04:00,126.53,126.87,126.53,126.87,4251.0,126.688
2026-05-06 11:53:00-04:00,126.89,127.06,126.88,126.97,15141.0,126.992
2026-05-06 11:54:00-04:00,127.06,127.27,127.04,127.08,3740.0,127.11
2026-05-06 11:55:00-04:00,127.09,127.27,127.08,127.26,4023.0,127.171
2026-05-06 11:56:00-04:00,127.16,127.31,127.16,127.26,6240.0,127.238
2026-05-06 11:57:00-04:00,127.37,127.37,126.99,127.09,9148.0,127.111
2026-05-06 11:58:00-04:00,127.04,127.15,127.04,127.07,3210.0,127.09
2026-05-06 11:59:00-04:00,127.1,127.31,126.99,127.17,6921.0,127.216
2026-05-06 12:00:00-04:00,127.21,127.3,127.1,127.16,2314.0,127.242
2026-05-06 12:01:00-04:00,127.15,127.31,126.91,127.07,15064.0,127.229
2026-05-06 12:02:00-04:00,127.07,127.07,126.93,127.07,449.0,127.021
2026-05-06 12:03:00-04:00,127.07,127.1,126.8,126.8,6253.0,127.034
2026-05-06 12:04:00-04:00,126.77,126.81,126.67,126.67,567.0,126.753
2026-05-06 12:05:00-04:00,126.79,126.79,126.58,126.71,600.0,126.67
2026-05-06 12:06:00-04:00,126.79,126.89,126.7,126.88,1100.0,126.838
2026-05-06 12:07:00-04:00,126.87,126.88,126.7,126.7,2395.0,126.805
2026-05-06 12:08:00-04:00,126.75,126.88,126.75,126.88,500.0,126.847
2026-05-06 12:09:00-04:00,126.88,126.91,126.84,126.91,510.0,126.87
2026-05-06 12:10:00-04:00,126.93,127.03,126.85,126.95,3005.0,126.932
2026-05-06 12:11:00-04:00,126.94,127.04,126.78,126.79,2597.0,126.891
2026-05-06 12:12:00-04:00,126.84,126.97,126.7,126.7,5790.0,126.886
2026-05-06 12:13:00-04:00,126.67,126.76,126.64,126.76,509.0,126.695
2026-05-06 12:14:00-04:00,126.76,126.76,126.76,126.76,900.0,126.76
2026-05-06 12:15:00-04:00,126.76,126.76,126.76,126.76,254.0,126.76
2026-05-06 12:16:00-04:00,126.74,126.75,126.74,126.75,201.0,126.745
2026-05-06 12:17:00-04:00,126.65,126.76,126.65,126.73,1400.0,126.693
2026-05-06 12:18:00-04:00,126.73,126.82,126.73,126.75,2224.0,126.762
2026-05-06 12:19:00-04:00,126.76,126.89,126.76,126.89,1751.0,126.795
2026-05-06 12:20:00-04:00,126.96,126.96,126.84,126.84,400.0,126.93
2026-05-06 12:21:00-04:00,126.92,126.92,126.92,126.92,100.0,126.92
2026-05-06 12:22:00-04:00,126.84,126.96,126.72,126.96,815.0,126.84
2026-05-06 12:23:00-04:00,126.96,127.35,126.96,127.35,4722.0,127.106
2026-05-06 12:24:00-04:00,127.31,127.31,127.27,127.27,1700.0,127.301
2026-05-06 12:25:00-04:00,127.25,127.35,127.25,127.27,1342.0,127.266
2026-05-06 12:26:00-04:00,127.35,127.35,127.35,127.35,484.0,127.35
2026-05-06 12:27:00-04:00,127.33,127.45,127.16,127.16,2895.0,127.251
2026-05-06 12:28:00-04:00,127.3,127.31,127.3,127.31,401.0,127.302
2026-05-06 12:29:00-04:00,127.31,127.37,127.28,127.29,1054.0,127.308
2026-05-06 12:30:00-04:00,127.29,127.35,127.18,127.18,1712.0,127.258
2026-05-06 12:31:00-04:00,127.39,127.39,127.26,127.28,1526.0,127.302
2026-05-06 12:32:00-04:00,127.29,127.45,127.18,127.44,10621.0,127.396
2026-05-06 12:33:00-04:00,127.4,127.41,127.39,127.41,920.0,127.401
2026-05-06 12:34:00-04:00,127.41,127.41,127.4,127.41,200.0,127.408
2026-05-06 12:35:00-04:00,127.41,127.42,127.27,127.27,1712.0,127.362
2026-05-06 12:36:00-04:00,127.36,127.59,127.35,127.43,3961.0,127.503
2026-05-06 12:37:00-04:00,127.52,127.65,127.51,127.65,4591.0,127.577
2026-05-06 12:38:00-04:00,127.64,127.64,127.53,127.64,1210.0,127.603
2026-05-06 12:39:00-04:00,127.74,127.89,127.71,127.8,2380.0,127.794
2026-05-06 12:40:00-04:00,127.88,127.88,127.79,127.87,1160.0,127.821
2026-05-06 12:41:00-04:00,127.87,127.91,127.73,127.83,3966.0,127.871
2026-05-06 12:42:00-04:00,127.83,127.84,127.72,127.82,2190.0,127.753
2026-05-06 12:43:00-04:00,127.79,127.93,127.68,127.8,6585.0,127.799
2026-05-06 12:44:00-04:00,127.8,127.81,127.61,127.74,3874.0,127.707
2026-05-06 12:45:00-04:00,127.62,127.77,127.62,127.69,2282.0,127.729
2026-05-06 12:46:00-04:00,127.74,127.85,127.64,127.64,2849.0,127.798
2026-05-06 12:47:00-04:00,127.64,127.73,127.46,127.59,2509.0,127.625
2026-05-06 12:48:00-04:00,127.47,127.89,127.47,127.72,1600.0,127.748
2026-05-06 12:49:00-04:00,127.63,127.98,127.58,127.81,1211.0,127.795
2026-05-06 12:50:00-04:00,127.75,127.75,127.69,127.75,546.0,127.736
2026-05-06 12:51:00-04:00,127.75,127.75,127.52,127.6,2658.0,127.583
2026-05-06 12:52:00-04:00,127.61,127.68,127.6,127.68,1504.0,127.638
2026-05-06 12:53:00-04:00,127.66,127.66,127.57,127.57,500.0,127.608
2026-05-06 12:54:00-04:00,127.74,127.78,127.6,127.65,1882.0,127.672
2026-05-06 12:55:00-04:00,127.68,127.68,127.48,127.48,7310.0,127.583
2026-05-06 12:56:00-04:00,127.56,127.67,127.47,127.67,3105.0,127.579
2026-05-06 12:57:00-04:00,127.58,127.58,127.42,127.43,2031.0,127.486
2026-05-06 12:58:00-04:00,127.33,127.4,127.32,127.39,923.0,127.347
2026-05-06 12:59:00-04:00,127.39,127.5,127.38,127.41,1346.0,127.414
2026-05-06 13:00:00-04:00,127.42,127.42,127.34,127.42,1950.0,127.379
2026-05-06 13:01:00-04:00,127.42,127.5,127.42,127.45,1098.0,127.453
2026-05-06 13:02:00-04:00,127.4,127.49,127.37,127.43,1370.0,127.437
2026-05-06 13:03:00-04:00,127.41,127.62,127.41,127.49,1172.0,127.527
2026-05-06 13:04:00-04:00,127.49,127.76,127.49,127.76,4668.0,127.661
2026-05-06 13:05:00-04:00,127.73,127.73,127.72,127.73,650.0,127.729
2026-05-06 13:06:00-04:00,127.77,127.77,127.66,127.66,1054.0,127.67
2026-05-06 13:07:00-04:00,127.67,127.77,127.62,127.67,646.0,127.676
2026-05-06 13:08:00-04:00,127.67,127.78,127.67,127.78,300.0,127.708
2026-05-06 13:09:00-04:00,127.55,127.68,127.55,127.57,900.0,127.649
2026-05-06 13:10:00-04:00,127.68,127.8,127.67,127.8,700.0,127.779
2026-05-06 13:11:00-04:00,127.78,127.9,127.78,127.81,1637.0,127.846
2026-05-06 13:12:00-04:00,127.82,128.29,127.81,128.29,20586.0,127.997
2026-05-06 13:13:00-04:00,128.33,128.49,128.33,128.38,4092.0,128.409
2026-05-06 13:14:00-04:00,128.39,128.5,128.39,128.45,1370.0,128.464
2026-05-06 13:15:00-04:00,128.45,128.53,128.22,128.22,5123.0,128.429
2026-05-06 13:16:00-04:00,128.18,128.19,128.01,128.01,1888.0,128.119
2026-05-06 13:17:00-04:00,127.94,128.07,127.69,127.93,1157.0,127.846
2026-05-06 13:18:00-04:00,128.09,128.27,127.96,128.25,3205.0,128.083
2026-05-06 13:19:00-04:00,127.95,128.19,127.95,128.19,697.0,128.018
2026-05-06 13:20:00-04:00,128.28,128.41,128.07,128.36,2521.0,128.329
2026-05-06 13:21:00-04:00,128.32,128.45,128.29,128.3,576.0,128.38
2026-05-06 13:22:00-04:00,128.45,128.45,128.3,128.31,3300.0,128.401
2026-05-06 13:23:00-04:00,128.31,128.4,128.15,128.31,2813.0,128.302
2026-05-06 13:24:00-04:00,128.2,128.2,127.97,127.97,1170.0,128.082
2026-05-06 13:25:00-04:00,128.07,128.17,128.07,128.09,800.0,128.105
2026-05-06 13:26:00-04:00,128.09,128.16,127.98,127.98,6000.0,127.994
2026-05-06 13:27:00-04:00,128.06,128.07,127.91,127.97,1312.0,127.987
2026-05-06 13:28:00-04:00,127.96,127.96,127.96,127.96,100.0,127.96
2026-05-06 13:29:00-04:00,128.06,128.06,128.01,128.02,600.0,128.027
2026-05-06 13:30:00-04:00,128.02,128.02,128.0,128.02,1959.0,128.017
2026-05-06 13:31:00-04:00,127.91,127.91,127.89,127.89,300.0,127.9
2026-05-06 13:32:00-04:00,127.99,127.99,127.85,127.85,500.0,127.935
2026-05-06 13:33:00-04:00,127.99,127.99,127.8,127.96,903.0,127.902
2026-05-06 13:34:00-04:00,127.98,128.0,127.82,127.91,1600.0,127.868
2026-05-06 13:35:00-04:00,128.0,128.0,127.91,128.0,300.0,127.97
2026-05-06 13:36:00-04:00,127.92,127.92,127.77,127.77,2608.0,127.854
2026-05-06 13:37:00-04:00,127.86,127.87,127.84,127.85,500.0,127.861
2026-05-06 13:38:00-04:00,127.95,128.0,127.9,127.97,713.0,127.949
2026-05-06 13:39:00-04:00,127.91,127.91,127.78,127.87,1322.0,127.874
2026-05-06 13:40:00-04:00,127.75,127.75,127.68,127.7,300.0,127.71
2026-05-06 13:41:00-04:00,127.79,127.8,127.69,127.77,1131.0,127.732
2026-05-06 13:42:00-04:00,127.69,127.76,127.66,127.76,400.0,127.718
2026-05-06 13:43:00-04:00,127.76,127.9,127.76,127.9,900.0,127.83
2026-05-06 13:44:00-04:00,127.95,127.95,127.95,127.95,100.0,127.95
2026-05-06 13:45:00-04:00,127.95,127.95,127.9,127.9,856.0,127.938
2026-05-06 13:46:00-04:00,127.95,127.95,127.85,127.85,300.0,127.917
2026-05-06 13:47:00-04:00,127.89,127.89,127.79,127.89,482.0,127.846
2026-05-06 13:48:00-04:00,127.89,127.96,127.77,127.85,916.0,127.89
2026-05-06 13:49:00-04:00,127.85,127.86,127.76,127.86,318.0,127.823
2026-05-06 13:50:00-04:00,127.86,127.86,127.85,127.86,100.0,127.855
2026-05-06 13:51:00-04:00,127.77,127.77,127.77,127.77,100.0,127.77
2026-05-06 13:52:00-04:00,127.83,127.83,127.82,127.83,809.0,127.827
2026-05-06 13:53:00-04:00,127.83,127.85,127.82,127.85,200.0,127.838
2026-05-06 13:54:00-04:00,127.83,127.83,127.83,127.83,305.0,127.83
2026-05-06 13:55:00-04:00,127.83,127.92,127.83,127.92,1346.0,127.86
2026-05-06 13:56:00-04:00,127.92,127.92,127.92,127.92,0.0,127.92
2026-05-06 13:57:00-04:00,127.94,127.94,127.93,127.94,341.0,127.935
2026-05-06 13:58:00-04:00,127.94,127.97,127.83,127.83,3227.0,127.88
2026-05-06 13:59:00-04:00,127.87,127.88,127.7,127.7,1817.0,127.77
2026-05-06 14:00:00-04:00,127.74,127.97,127.73,127.89,8064.0,127.934
2026-05-06 14:01:00-04:00,127.89,127.89,127.89,127.89,500.0,127.89
2026-05-06 14:02:00-04:00,127.84,127.85,127.84,127.85,200.0,127.843
2026-05-06 14:03:00-04:00,127.85,127.85,127.84,127.85,350.0,127.845
2026-05-06 14:04:00-04:00,127.85,127.85,127.72,127.79,2026.0,127.795
2026-05-06 14:05:00-04:00,127.87,127.87,127.87,127.87,100.0,127.87
2026-05-06 14:06:00-04:00,127.93,127.94,127.82,127.82,684.0,127.889
2026-05-06 14:07:00-04:00,127.88,127.88,127.75,127.75,600.0,127.83
2026-05-06 14:08:00-04:00,127.79,127.79,127.65,127.65,1000.0,127.702
2026-05-06 14:09:00-04:00,127.61,127.71,127.59,127.68,1450.0,127.649
2026-05-06 14:10:00-04:00,127.63,127.71,127.63,127.71,500.0,127.661
2026-05-06 14:11:00-04:00,127.66,127.73,127.65,127.71,1300.0,127.704
2026-05-06 14:12:00-04:00,127.67,127.67,127.59,127.59,476.0,127.653
2026-05-06 14:13:00-04:00,127.65,127.7,127.65,127.65,1825.0,127.653
2026-05-06 14:14:00-04:00,127.65,127.65,127.6,127.6,803.0,127.617
2026-05-06 14:15:00-04:00,127.68,127.68,127.6,127.68,1226.0,127.638
2026-05-06 14:16:00-04:00,127.62,127.68,127.61,127.62,650.0,127.635
2026-05-06 14:17:00-04:00,127.62,127.68,127.61,127.64,584.0,127.64
2026-05-06 14:18:00-04:00,127.64,127.64,127.64,127.64,100.0,127.64
2026-05-06 14:19:00-04:00,127.64,127.68,127.63,127.64,900.0,127.639
2026-05-06 14:20:00-04:00,127.64,127.64,127.58,127.58,2037.0,127.632
2026-05-06 14:21:00-04:00,127.72,127.74,127.59,127.59,5610.0,127.69
2026-05-06 14:22:00-04:00,127.57,127.6,127.55,127.56,1519.0,127.563
2026-05-06 14:23:00-04:00,127.57,127.64,127.55,127.58,3730.0,127.607
2026-05-06 14:24:00-04:00,127.58,127.58,127.47,127.47,2322.0,127.526
2026-05-06 14:25:00-04:00,127.48,127.48,127.47,127.48,1000.0,127.479
2026-05-06 14:26:00-04:00,127.48,127.53,127.48,127.53,300.0,127.513
2026-05-06 14:27:00-04:00,127.54,127.57,127.46,127.46,1000.0,127.542
2026-05-06 14:28:00-04:00,127.46,127.46,127.46,127.46,0.0,127.46
2026-05-06 14:29:00-04:00,127.59,127.61,127.36,127.36,14571.0,127.463
2026-05-06 14:30:00-04:00,127.44,127.44,127.17,127.29,8977.0,127.194
2026-05-06 14:31:00-04:00,127.29,127.29,127.05,127.12,2244.0,127.123
2026-05-06 14:32:00-04:00,127.05,127.26,127.04,127.18,2222.0,127.187
2026-05-06 14:33:00-04:00,127.18,127.19,127.17,127.19,775.0,127.179
2026-05-06 14:34:00-04:00,127.19,127.29,127.15,127.22,3563.0,127.191
2026-05-06 14:35:00-04:00,127.33,127.6,127.3,127.6,3144.0,127.457
2026-05-06 14:36:00-04:00,127.49,127.6,127.45,127.6,2656.0,127.511
2026-05-06 14:37:00-04:00,127.5,127.51,127.49,127.51,300.0,127.498
2026-05-06 14:38:00-04:00,127.52,127.63,127.51,127.56,1778.0,127.565
2026-05-06 14:39:00-04:00,127.58,127.58,127.29,127.32,6349.0,127.374
2026-05-06 14:40:00-04:00,127.22,127.46,127.22,127.34,2445.0,127.371
2026-05-06 14:41:00-04:00,127.34,127.34,127.22,127.22,1281.0,127.303
2026-05-06 14:42:00-04:00,127.33,127.46,127.21,127.38,5169.0,127.369
2026-05-06 14:43:00-04:00,127.46,127.51,127.41,127.43,2378.0,127.443
2026-05-06 14:44:00-04:00,127.43,127.43,127.32,127.39,3806.0,127.405
2026-05-06 14:45:00-04:00,127.43,127.57,127.32,127.53,2493.0,127.461
2026-05-06 14:46:00-04:00,127.43,127.61,127.4,127.6,945.0,127.522
2026-05-06 14:47:00-04:00,127.41,127.58,127.41,127.52,1141.0,127.532
2026-05-06 14:48:00-04:00,127.51,127.51,127.24,127.31,2408.0,127.42
2026-05-06 14:49:00-04:00,127.24,127.25,126.99,127.0,9842.0,127.076
2026-05-06 14:50:00-04:00,127.04,127.11,126.99,127.06,2307.0,127.049
2026-05-06 14:51:00-04:00,127.01,127.08,126.97,127.04,1400.0,127.031
2026-05-06 14:52:00-04:00,127.13,127.15,127.07,127.12,1067.0,127.118
2026-05-06 14:53:00-04:00,127.15,127.16,127.11,127.14,3643.0,127.139
2026-05-06 14:54:00-04:00,127.14,127.14,127.05,127.07,725.0,127.079
2026-05-06 14:55:00-04:00,126.99,127.13,126.81,126.81,4264.0,126.949
2026-05-06 14:56:00-04:00,126.86,127.11,126.8,127.11,5040.0,126.985
2026-05-06 14:57:00-04:00,127.1,127.11,127.06,127.11,774.0,127.096
2026-05-06 14:58:00-04:00,127.04,127.43,127.04,127.43,4230.0,127.279
2026-05-06 14:59:00-04:00,127.44,127.55,127.43,127.55,3891.0,127.499
2026-05-06 15:00:00-04:00,127.55,127.6,127.55,127.6,529.0,127.559
2026-05-06 15:01:00-04:00,127.59,127.59,127.47,127.51,2135.0,127.53
2026-05-06 15:02:00-04:00,127.51,127.9,127.44,127.82,4422.0,127.732
2026-05-06 15:03:00-04:00,127.81,127.97,127.8,127.81,1456.0,127.889
2026-05-06 15:04:00-04:00,127.64,128.02,127.64,127.92,5664.0,127.96
2026-05-06 15:05:00-04:00,127.87,127.95,127.87,127.94,1324.0,127.931
2026-05-06 15:06:00-04:00,127.94,128.13,127.93,128.07,4825.0,128.023
2026-05-06 15:07:00-04:00,128.02,128.07,127.92,128.0,2492.0,128.003
2026-05-06 15:08:00-04:00,128.05,128.12,128.04,128.12,3117.0,128.08
2026-05-06 15:09:00-04:00,128.04,128.04,128.03,128.03,592.0,128.038
2026-05-06 15:10:00-04:00,128.06,128.12,127.94,127.99,4176.0,128.025
2026-05-06 15:11:00-04:00,128.0,128.06,128.0,128.04,1585.0,128.043
2026-05-06 15:12:00-04:00,128.04,128.04,128.04,128.04,1000.0,128.04
2026-05-06 15:13:00-04:00,128.05,128.11,128.04,128.06,1823.0,128.058
2026-05-06 15:14:00-04:00,128.06,128.12,127.96,127.98,2762.0,128.015
2026-05-06 15:15:00-04:00,127.95,127.98,127.9,127.9,2903.0,127.946
2026-05-06 15:16:00-04:00,127.94,127.94,127.82,127.9,3113.0,127.886
2026-05-06 15:17:00-04:00,127.91,128.01,127.9,128.01,1782.0,127.947
2026-05-06 15:18:00-04:00,127.88,128.13,127.88,128.08,3280.0,128.048
2026-05-06 15:19:00-04:00,128.08,128.15,128.03,128.12,3216.0,128.084
2026-05-06 15:20:00-04:00,128.12,128.12,128.02,128.07,2251.0,128.055
2026-05-06 15:21:00-04:00,128.11,128.11,128.02,128.03,3049.0,128.046
2026-05-06 15:22:00-04:00,127.97,128.08,127.97,128.0,1725.0,128.015
2026-05-06 15:23:00-04:00,128.04,128.1,127.98,128.05,1606.0,128.037
2026-05-06 15:24:00-04:00,128.05,128.3,127.99,128.01,8496.0,128.182
2026-05-06 15:25:00-04:00,128.04,128.09,127.9,127.98,3798.0,127.984
2026-05-06 15:26:00-04:00,127.98,127.99,127.73,127.74,2730.0,127.89
2026-05-06 15:27:00-04:00,127.71,128.11,127.71,128.11,3897.0,127.927
2026-05-06 15:28:00-04:00,128.16,128.33,128.05,128.22,7185.0,128.191
2026-05-06 15:29:00-04:00,128.19,128.24,127.92,128.05,13340.0,128.102
2026-05-06 15:30:00-04:00,127.97,127.97,127.76,127.88,2809.0,127.871
2026-05-06 15:31:00-04:00,127.9,127.91,127.79,127.91,1327.0,127.882
2026-05-06 15:32:00-04:00,127.91,127.91,127.79,127.87,1250.0,127.874
2026-05-06 15:33:00-04:00,127.8,127.94,127.8,127.88,2250.0,127.869
2026-05-06 15:34:00-04:00,127.88,127.88,127.82,127.82,950.0,127.858
2026-05-06 15:35:00-04:00,127.88,127.93,127.77,127.85,3063.0,127.846
2026-05-06 15:36:00-04:00,127.85,127.88,127.77,127.81,1270.0,127.822
2026-05-06 15:37:00-04:00,127.79,127.9,127.72,127.8,5835.0,127.812
2026-05-06 15:38:00-04:00,127.9,127.96,127.88,127.91,5939.0,127.904
2026-05-06 15:39:00-04:00,127.91,127.95,127.81,127.81,3171.0,127.863
2026-05-06 15:40:00-04:00,127.8,127.87,127.78,127.87,2327.0,127.855
2026-05-06 15:41:00-04:00,127.87,127.95,127.7,127.7,9061.0,127.806
2026-05-06 15:42:00-04:00,127.71,127.75,127.62,127.73,4931.0,127.702
2026-05-06 15:43:00-04:00,127.74,127.74,127.47,127.5,3200.0,127.6
2026-05-06 15:44:00-04:00,127.5,127.53,127.45,127.46,1200.0,127.478
2026-05-06 15:45:00-04:00,127.46,127.78,127.41,127.76,11038.0,127.585
2026-05-06 15:46:00-04:00,127.75,127.79,127.68,127.74,5178.0,127.737
2026-05-06 15:47:00-04:00,127.74,127.77,127.61,127.71,6523.0,127.706
2026-05-06 15:48:00-04:00,127.7,127.72,127.57,127.62,5512.0,127.664
2026-05-06 15:49:00-04:00,127.6,127.66,127.57,127.63,2916.0,127.62
2026-05-06 15:50:00-04:00,127.57,127.81,127.34,127.75,9207.0,127.636
2026-05-06 15:51:00-04:00,127.75,127.88,127.63,127.64,13911.0,127.743
2026-05-06 15:52:00-04:00,127.64,127.75,127.44,127.51,7592.0,127.552
2026-05-06 15:53:00-04:00,127.58,127.64,127.45,127.52,8165.0,127.552
2026-05-06 15:54:00-04:00,127.52,127.78,127.44,127.7,14849.0,127.659
2026-05-06 15:55:00-04:00,127.74,128.0,127.67,127.9,13637.0,127.89
2026-05-06 15:56:00-04:00,127.97,127.97,127.74,127.85,17613.0,127.851
2026-05-06 15:57:00-04:00,127.86,128.0,127.83,127.84,16361.0,127.909
2026-05-06 15:58:00-04:00,127.86,127.96,127.83,127.96,22766.0,127.912
2026-05-06 15:59:00-04:00,127.96,128.16,127.91,128.01,67556.0,128.013
2026-05-07 09:30:00-04:00,128.15,129.8,128.14,129.6,42993.0,128.38
2026-05-07 09:31:00-04:00,129.55,129.85,129.19,129.4,5754.0,129.564
2026-05-07 09:32:00-04:00,129.42,129.46,128.88,129.27,4800.0,129.151
2026-05-07 09:33:00-04:00,128.83,129.28,128.7,128.96,30036.0,129.07
2026-05-07 09:34:00-04:00,129.7,129.71,129.33,129.6,4847.0,129.597
2026-05-07 09:35:00-04:00,129.75,129.75,129.13,129.47,14269.0,129.464
2026-05-07 09:36:00-04:00,129.47,129.68,129.19,129.41,12373.0,129.398
2026-05-07 09:37:00-04:00,129.25,129.4,128.97,129.08,10143.0,129.344
2026-05-07 09:38:00-04:00,129.21,129.22,128.81,129.14,2381.0,129.15
2026-05-07 09:39:00-04:00,129.28,129.28,129.27,129.28,100.0,129.275
2026-05-07 09:40:00-04:00,129.28,129.47,129.14,129.14,3050.0,129.257
2026-05-07 09:41:00-04:00,129.37,129.6,129.22,129.34,11575.0,129.374
2026-05-07 09:42:00-04:00,129.46,129.46,129.33,129.37,421.0,129.399
2026-05-07 09:43:00-04:00,129.28,129.4,129.17,129.39,6421.0,129.282
2026-05-07 09:44:00-04:00,129.35,129.4,129.35,129.4,5625.0,129.354
2026-05-07 09:45:00-04:00,129.35,129.48,129.09,129.47,42182.0,129.298
2026-05-07 09:46:00-04:00,129.47,129.53,129.11,129.3,24021.0,129.239
2026-05-07 09:47:00-04:00,129.14,129.15,128.53,128.53,2442.0,128.794
2026-05-07 09:48:00-04:00,128.73,128.82,128.44,128.79,2300.0,128.68
2026-05-07 09:49:00-04:00,128.61,128.79,128.45,128.61,1768.0,128.598
2026-05-07 09:50:00-04:00,128.75,128.75,128.06,128.3,800.0,128.414
2026-05-07 09:51:00-04:00,128.25,128.28,127.77,128.28,7825.0,127.925
2026-05-07 09:52:00-04:00,128.27,128.44,128.22,128.44,2179.0,128.271
2026-05-07 09:53:00-04:00,128.38,128.38,128.0,128.08,2700.0,128.103
2026-05-07 09:54:00-04:00,127.99,128.17,127.95,128.1,4100.0,128.133
2026-05-07 09:55:00-04:00,128.21,128.32,128.11,128.17,4510.0,128.163
2026-05-07 09:56:00-04:00,128.17,128.17,128.16,128.17,300.0,128.165
2026-05-07 09:57:00-04:00,127.94,127.94,127.89,127.9,1100.0,127.899
2026-05-07 09:58:00-04:00,128.01,128.26,127.8,128.04,3195.0,127.989
2026-05-07 09:59:00-04:00,127.77,127.98,127.58,127.58,1211.0,127.746
2026-05-07 10:00:00-04:00,127.66,127.69,127.6,127.69,1213.0,127.649
2026-05-07 10:01:00-04:00,127.7,127.83,127.49,127.53,4810.0,127.611
2026-05-07 10:02:00-04:00,127.45,127.45,127.26,127.27,1371.0,127.338
2026-05-07 10:03:00-04:00,127.34,127.55,127.34,127.55,3704.0,127.446
2026-05-07 10:04:00-04:00,127.41,127.51,127.24,127.24,3155.0,127.367
2026-05-07 10:05:00-04:00,127.39,127.64,127.23,127.49,7777.0,127.515
2026-05-07 10:06:00-04:00,127.48,127.69,127.48,127.65,1800.0,127.626
2026-05-07 10:07:00-04:00,127.67,127.67,127.5,127.51,650.0,127.556
2026-05-07 10:08:00-04:00,127.51,127.77,127.5,127.76,1500.0,127.648
2026-05-07 10:09:00-04:00,127.74,127.74,127.6,127.6,1227.0,127.681
2026-05-07 10:10:00-04:00,127.74,127.76,127.57,127.58,6632.0,127.7
2026-05-07 10:11:00-04:00,127.53,127.61,127.4,127.54,1470.0,127.518
2026-05-07 10:12:00-04:00,127.59,127.73,127.41,127.63,2561.0,127.53
2026-05-07 10:13:00-04:00,127.65,127.83,127.65,127.74,2351.0,127.76
2026-05-07 10:14:00-04:00,127.74,127.91,127.74,127.91,1065.0,127.827
2026-05-07 10:15:00-04:00,127.9,127.9,127.76,127.81,2238.0,127.832
2026-05-07 10:16:00-04:00,127.79,127.79,127.38,127.38,1420.0,127.589
2026-05-07 10:17:00-04:00,127.45,127.48,127.41,127.47,1355.0,127.437
2026-05-07 10:18:00-04:00,127.3,127.5,127.3,127.45,1927.0,127.433
2026-05-07 10:19:00-04:00,127.45,127.45,127.45,127.45,0.0,127.45
2026-05-07 10:20:00-04:00,127.57,127.74,127.57,127.59,6049.0,127.594
2026-05-07 10:21:00-04:00,127.47,127.64,127.46,127.47,2100.0,127.539
2026-05-07 10:22:00-04:00,127.46,127.72,127.45,127.48,2151.0,127.469
2026-05-07 10:23:00-04:00,127.45,127.45,127.4,127.41,1350.0,127.44
2026-05-07 10:24:00-04:00,127.38,127.38,127.15,127.15,700.0,127.278
2026-05-07 10:25:00-04:00,127.3,127.46,127.3,127.46,1214.0,127.39
2026-05-07 10:26:00-04:00,127.31,127.48,127.31,127.48,300.0,127.413
2026-05-07 10:27:00-04:00,127.5,127.55,127.39,127.41,1300.0,127.454
2026-05-07 10:28:00-04:00,127.44,127.46,127.37,127.37,905.0,127.421
2026-05-07 10:29:00-04:00,127.51,127.53,127.41,127.51,3630.0,127.49
2026-05-07 10:30:00-04:00,127.45,127.45,127.28,127.45,818.0,127.379
2026-05-07 10:31:00-04:00,127.45,127.45,127.44,127.45,300.0,127.445
2026-05-07 10:32:00-04:00,127.45,127.45,127.44,127.45,200.0,127.445
2026-05-07 10:33:00-04:00,127.46,127.49,127.46,127.49,571.0,127.479
2026-05-07 10:34:00-04:00,127.47,127.49,127.27,127.49,2628.0,127.408
2026-05-07 10:35:00-04:00,127.52,127.61,127.52,127.61,800.0,127.556
2026-05-07 10:36:00-04:00,127.61,127.61,127.61,127.61,0.0,127.61
2026-05-07 10:37:00-04:00,127.59,127.65,127.59,127.65,600.0,127.605
2026-05-07 10:38:00-04:00,127.63,127.63,127.48,127.49,1701.0,127.542
2026-05-07 10:39:00-04:00,127.61,127.61,127.61,127.61,200.0,127.61
2026-05-07 10:40:00-04:00,127.73,127.73,127.63,127.63,700.0,127.673
2026-05-07 10:41:00-04:00,127.72,127.73,127.67,127.68,300.0,127.708
2026-05-07 10:42:00-04:00,127.67,127.76,127.63,127.76,2435.0,127.687
2026-05-07 10:43:00-04:00,127.81,127.82,127.76,127.82,900.0,127.802
2026-05-07 10:44:00-04:00,127.84,127.85,127.82,127.82,561.0,127.838
2026-05-07 10:45:00-04:00,127.91,127.93,127.9,127.93,4170.0,127.912
2026-05-07 10:46:00-04:00,127.93,127.93,127.72,127.72,715.0,127.822
2026-05-07 10:47:00-04:00,127.86,127.86,127.85,127.86,300.0,127.855
2026-05-07 10:48:00-04:00,127.81,127.9,127.77,127.9,1234.0,127.828
2026-05-07 10:49:00-04:00,127.75,127.82,127.75,127.82,410.0,127.801
2026-05-07 10:50:00-04:00,127.9,128.51,127.9,128.47,8782.0,128.229
2026-05-07 10:51:00-04:00,128.49,128.67,128.47,128.66,1760.0,128.589
2026-05-07 10:52:00-04:00,128.58,128.8,128.53,128.8,3775.0,128.682
2026-05-07 10:53:00-04:00,128.9,128.98,128.76,128.84,2160.0,128.836
2026-05-07 10:54:00-04:00,128.71,129.11,128.71,129.11,4117.0,128.989
2026-05-07 10:55:00-04:00,129.13,129.34,129.05,129.34,1173.0,129.185
2026-05-07 10:56:00-04:00,129.34,129.35,129.27,129.33,1425.0,129.301
2026-05-07 10:57:00-04:00,129.16,129.19,129.14,129.16,1618.0,129.161
2026-05-07 10:58:00-04:00,129.19,129.19,128.95,128.96,2947.0,129.097
2026-05-07 10:59:00-04:00,129.08,129.17,128.94,129.02,1500.0,129.045
2026-05-07 11:00:00-04:00,129.02,129.14,128.94,129.06,1640.0,129.041
2026-05-07 11:01:00-04:00,129.0,129.04,129.0,129.04,579.0,129.011
2026-05-07 11:02:00-04:00,129.05,129.05,128.92,128.96,2004.0,128.973
2026-05-07 11:03:00-04:00,128.86,128.96,128.86,128.93,3913.0,128.89
2026-05-07 11:04:00-04:00,128.93,129.0,128.39,128.53,13592.0,128.746
2026-05-07 11:05:00-04:00,128.61,128.61,128.44,128.51,3088.0,128.499
2026-05-07 11:06:00-04:00,128.53,128.54,128.27,128.42,1593.0,128.441
2026-05-07 11:07:00-04:00,128.31,128.34,128.3,128.34,550.0,128.312
2026-05-07 11:08:00-04:00,128.45,128.73,128.32,128.59,7611.0,128.553
2026-05-07 11:09:00-04:00,128.62,128.64,128.38,128.64,2200.0,128.402
2026-05-07 11:10:00-04:00,128.39,128.64,128.39,128.64,1510.0,128.423
2026-05-07 11:11:00-04:00,128.64,128.64,128.39,128.44,1470.0,128.454
2026-05-07 11:12:00-04:00,128.44,128.55,128.44,128.55,1003.0,128.491
2026-05-07 11:13:00-04:00,128.55,128.69,128.32,128.32,2177.0,128.57
2026-05-07 11:14:00-04:00,128.33,128.88,128.27,128.78,6975.0,128.463
2026-05-07 11:15:00-04:00,128.86,128.86,128.84,128.84,200.0,128.85
2026-05-07 11:16:00-04:00,128.82,128.82,128.69,128.75,898.0,128.731
2026-05-07 11:17:00-04:00,128.65,128.75,128.58,128.58,769.0,128.697
2026-05-07 11:18:00-04:00,128.76,128.86,128.74,128.74,709.0,128.782
2026-05-07 11:19:00-04:00,128.78,128.79,128.37,128.37,3035.0,128.604
2026-05-07 11:20:00-04:00,128.47,128.53,128.31,128.32,3555.0,128.345
2026-05-07 11:21:00-04:00,128.48,128.48,128.09,128.1,5132.0,128.253
2026-05-07 11:22:00-04:00,128.24,128.37,128.24,128.27,670.0,128.28
2026-05-07 11:23:00-04:00,128.27,128.48,128.27,128.44,1257.0,128.411
2026-05-07 11:24:00-04:00,128.45,128.51,128.37,128.38,2438.0,128.407
2026-05-07 11:25:00-04:00,128.42,128.52,128.35,128.51,1768.0,128.444
2026-05-07 11:26:00-04:00,128.49,128.55,128.29,128.36,2200.0,128.448
2026-05-07 11:27:00-04:00,128.35,128.47,128.35,128.4,1840.0,128.416
2026-05-07 11:28:00-04:00,128.36,128.36,128.12,128.34,1000.0,128.2
2026-05-07 11:29:00-04:00,128.29,128.49,128.24,128.34,1049.0,128.295
2026-05-07 11:30:00-04:00,128.43,128.47,128.35,128.46,2112.0,128.445
2026-05-07 11:31:00-04:00,128.44,128.48,128.35,128.48,1636.0,128.402
2026-05-07 11:32:00-04:00,128.51,128.61,128.5,128.61,769.0,128.553
2026-05-07 11:33:00-04:00,128.61,128.61,128.61,128.61,100.0,128.61
2026-05-07 11:34:00-04:00,128.52,128.75,128.52,128.75,302.0,128.606
2026-05-07 11:35:00-04:00,128.64,128.64,128.61,128.64,900.0,128.625
2026-05-07 11:36:00-04:00,128.64,128.64,128.53,128.54,1065.0,128.567
2026-05-07 11:37:00-04:00,128.65,128.79,128.65,128.79,1783.0,128.689
2026-05-07 11:38:00-04:00,128.8,128.81,128.72,128.72,1774.0,128.767
2026-05-07 11:39:00-04:00,128.75,128.75,128.68,128.69,1255.0,128.689
2026-05-07 11:40:00-04:00,128.66,128.66,128.58,128.6,1400.0,128.604
2026-05-07 11:41:00-04:00,128.56,128.63,128.41,128.41,5661.0,128.576
2026-05-07 11:42:00-04:00,128.48,128.59,128.48,128.59,4440.0,128.565
2026-05-07 11:43:00-04:00,128.63,128.71,128.63,128.71,805.0,128.659
2026-05-07 11:44:00-04:00,128.62,128.63,128.58,128.63,1823.0,128.62
2026-05-07 11:45:00-04:00,128.71,128.71,128.55,128.56,1046.0,128.587
2026-05-07 11:46:00-04:00,128.56,128.56,128.56,128.56,500.0,128.56
2026-05-07 11:47:00-04:00,128.56,128.58,128.44,128.44,1120.0,128.513
2026-05-07 11:48:00-04:00,128.45,128.45,128.4,128.45,1170.0,128.437
2026-05-07 11:49:00-04:00,128.43,128.43,128.34,128.34,439.0,128.381
2026-05-07 11:50:00-04:00,128.28,128.28,128.18,128.18,1883.0,128.215
2026-05-07 11:51:00-04:00,128.24,128.25,128.18,128.2,1157.0,128.213
2026-05-07 11:52:00-04:00,128.22,128.22,128.1,128.1,841.0,128.159
2026-05-07 11:53:00-04:00,128.1,128.1,127.89,127.93,4738.0,127.977
2026-05-07 11:54:00-04:00,128.04,128.04,128.0,128.0,1172.0,128.01
2026-05-07 11:55:00-04:00,128.08,128.11,127.84,127.9,1040.0,127.997
2026-05-07 11:56:00-04:00,127.9,127.9,127.8,127.8,618.0,127.844
2026-05-07 11:57:00-04:00,127.83,127.83,127.8,127.8,1950.0,127.822
2026-05-07 11:58:00-04:00,127.7,127.7,127.65,127.68,800.0,127.679
2026-05-07 11:59:00-04:00,127.69,127.69,127.56,127.65,2469.0,127.616
2026-05-07 12:00:00-04:00,127.65,127.65,127.54,127.54,2075.0,127.588
2026-05-07 12:01:00-04:00,127.69,127.7,127.51,127.51,3223.0,127.6
2026-05-07 12:02:00-04:00,127.55,127.77,127.4,127.72,11430.0,127.584
2026-05-07 12:03:00-04:00,127.78,127.89,127.77,127.78,1903.0,127.818
2026-05-07 12:04:00-04:00,127.77,127.77,127.72,127.74,2500.0,127.755
2026-05-07 12:05:00-04:00,127.63,127.63,127.46,127.48,838.0,127.506
2026-05-07 12:06:00-04:00,127.48,127.48,127.39,127.39,200.0,127.435
2026-05-07 12:07:00-04:00,127.34,127.42,127.33,127.37,5950.0,127.358
2026-05-07 12:08:00-04:00,127.29,127.35,127.29,127.35,700.0,127.307
2026-05-07 12:09:00-04:00,127.25,127.46,127.25,127.46,652.0,127.391
2026-05-07 12:10:00-04:00,127.48,127.49,127.39,127.49,1052.0,127.469
2026-05-07 12:11:00-04:00,127.41,127.46,127.38,127.42,1512.0,127.437
2026-05-07 12:12:00-04:00,127.34,127.38,127.01,127.01,5415.0,127.233
2026-05-07 12:13:00-04:00,127.11,127.23,127.11,127.13,2240.0,127.172
2026-05-07 12:14:00-04:00,127.14,127.24,127.13,127.13,3560.0,127.208
2026-05-07 12:15:00-04:00,127.13,127.14,126.92,127.0,5037.0,126.976
2026-05-07 12:16:00-04:00,127.07,127.08,126.89,127.05,3504.0,126.989
2026-05-07 12:17:00-04:00,127.05,127.15,127.05,127.12,1400.0,127.095
2026-05-07 12:18:00-04:00,127.15,127.15,126.88,126.94,5311.0,126.994
2026-05-07 12:19:00-04:00,126.94,126.94,126.93,126.94,1284.0,126.938
2026-05-07 12:20:00-04:00,126.85,127.03,126.82,126.98,2528.0,126.948
2026-05-07 12:21:00-04:00,127.03,127.1,127.0,127.0,1400.0,127.048
2026-05-07 12:22:00-04:00,127.02,127.2,126.95,127.2,3948.0,127.06
2026-05-07 12:23:00-04:00,127.24,127.51,127.24,127.26,3035.0,127.412
2026-05-07 12:24:00-04:00,127.29,127.29,127.15,127.15,1450.0,127.225
2026-05-07 12:25:00-04:00,127.27,127.42,127.27,127.42,500.0,127.324
2026-05-07 12:26:00-04:00,127.41,127.43,127.28,127.37,2630.0,127.359
2026-05-07 12:27:00-04:00,127.3,127.37,127.3,127.37,200.0,127.335
2026-05-07 12:28:00-04:00,127.46,127.58,127.41,127.5,2143.0,127.512
2026-05-07 12:29:00-04:00,127.64,127.64,127.63,127.64,600.0,127.64
2026-05-07 12:30:00-04:00,127.52,127.52,127.37,127.37,1080.0,127.443
2026-05-07 12:31:00-04:00,127.41,127.48,127.4,127.44,967.0,127.438
2026-05-07 12:32:00-04:00,127.41,127.41,127.31,127.31,300.0,127.373
2026-05-07 12:33:00-04:00,127.31,127.31,127.31,127.31,0.0,127.31
2026-05-07 12:34:00-04:00,127.45,127.58,127.44,127.58,2012.0,127.534
2026-05-07 12:35:00-04:00,127.57,127.57,127.46,127.48,1207.0,127.503
2026-05-07 12:36:00-04:00,127.51,127.51,127.47,127.48,665.0,127.481
2026-05-07 12:37:00-04:00,127.37,127.48,127.37,127.48,700.0,127.46
2026-05-07 12:38:00-04:00,127.48,127.48,127.47,127.48,600.0,127.475
2026-05-07 12:39:00-04:00,127.42,127.42,127.27,127.27,975.0,127.323
2026-05-07 12:40:00-04:00,127.27,127.27,127.27,127.27,200.0,127.27
2026-05-07 12:41:00-04:00,127.21,127.28,127.21,127.28,300.0,127.253
2026-05-07 12:42:00-04:00,127.34,127.34,127.21,127.22,1019.0,127.266
2026-05-07 12:43:00-04:00,127.29,127.29,127.2,127.2,751.0,127.252
2026-05-07 12:44:00-04:00,127.23,127.23,127.17,127.23,1150.0,127.196
2026-05-07 12:45:00-04:00,127.23,127.23,127.15,127.22,800.0,127.191
2026-05-07 12:46:00-04:00,127.22,127.3,127.15,127.26,1629.0,127.227
2026-05-07 12:47:00-04:00,127.24,127.24,127.24,127.24,421.0,127.24
2026-05-07 12:48:00-04:00,127.15,127.17,127.15,127.16,300.0,127.158
2026-05-07 12:49:00-04:00,127.11,127.11,126.99,126.99,1720.0,127.07
2026-05-07 12:50:00-04:00,127.05,127.06,127.0,127.06,991.0,127.041
2026-05-07 12:51:00-04:00,127.05,127.06,126.99,127.04,1349.0,127.036
2026-05-07 12:52:00-04:00,126.96,126.99,126.96,126.97,1265.0,126.973
2026-05-07 12:53:00-04:00,126.97,126.97,126.97,126.97,0.0,126.97
2026-05-07 12:54:00-04:00,127.01,127.05,127.0,127.0,5433.0,127.022
2026-05-07 12:55:00-04:00,126.98,127.0,126.89,126.89,1700.0,126.949
2026-05-07 12:56:00-04:00,126.86,126.86,126.73,126.77,1220.0,126.778
2026-05-07 12:57:00-04:00,126.8,126.82,126.73,126.73,837.0,126.772
2026-05-07 12:58:00-04:00,126.72,126.74,126.66,126.66,597.0,126.693
2026-05-07 12:59:00-04:00,126.73,126.81,126.73,126.81,804.0,126.776
2026-05-07 13:00:00-04:00,126.79,126.85,126.79,126.8,1100.0,126.822
2026-05-07 13:01:00-04:00,126.85,126.85,126.8,126.82,300.0,126.822
2026-05-07 13:02:00-04:00,126.75,126.92,126.75,126.91,1563.0,126.87
2026-05-07 13:03:00-04:00,126.93,126.99,126.93,126.99,500.0,126.96
2026-05-07 13:04:00-04:00,126.98,126.98,126.81,126.93,1081.0,126.915
2026-05-07 13:05:00-04:00,126.81,126.9,126.79,126.83,1043.0,126.825
2026-05-07 13:06:00-04:00,126.92,126.92,126.88,126.88,617.0,126.898
2026-05-07 13:07:00-04:00,126.94,127.07,126.94,127.07,2594.0,127.003
2026-05-07 13:08:00-04:00,127.1,127.1,126.97,126.97,900.0,127.05
2026-05-07 13:09:00-04:00,126.95,126.96,126.68,126.74,1631.0,126.838
2026-05-07 13:10:00-04:00,126.72,126.75,126.72,126.75,800.0,126.743
2026-05-07 13:11:00-04:00,126.75,126.75,126.63,126.64,700.0,126.666
2026-05-07 13:12:00-04:00,126.63,126.76,126.63,126.63,654.0,126.687
2026-05-07 13:13:00-04:00,126.64,126.64,126.63,126.64,673.0,126.635
2026-05-07 13:14:00-04:00,126.73,126.77,126.73,126.73,1180.0,126.746
2026-05-07 13:15:00-04:00,126.64,126.68,126.56,126.64,1978.0,126.614
2026-05-07 13:16:00-04:00,126.64,126.69,126.63,126.69,374.0,126.672
2026-05-07 13:17:00-04:00,126.66,126.66,126.65,126.66,200.0,126.655
2026-05-07 13:18:00-04:00,126.66,126.66,126.52,126.63,400.0,126.614
2026-05-07 13:19:00-04:00,126.51,126.55,126.5,126.5,817.0,126.51
2026-05-07 13:20:00-04:00,126.44,126.55,126.3,126.3,2898.0,126.374
2026-05-07 13:21:00-04:00,126.3,126.36,126.28,126.28,1999.0,126.318
2026-05-07 13:22:00-04:00,126.35,126.64,126.35,126.63,2949.0,126.557
2026-05-07 13:23:00-04:00,126.75,126.86,126.74,126.78,951.0,126.795
2026-05-07 13:24:00-04:00,126.77,126.85,126.77,126.85,1000.0,126.811
2026-05-07 13:25:00-04:00,126.87,126.96,126.62,126.62,2434.0,126.845
2026-05-07 13:26:00-04:00,126.6,126.6,126.11,126.11,1718.0,126.245
2026-05-07 13:27:00-04:00,126.11,126.29,126.11,126.23,2427.0,126.226
2026-05-07 13:28:00-04:00,126.21,126.55,126.21,126.49,3151.0,126.426
2026-05-07 13:29:00-04:00,126.57,126.57,126.53,126.57,500.0,126.544
2026-05-07 13:30:00-04:00,126.43,126.43,126.21,126.22,1000.0,126.253
2026-05-07 13:31:00-04:00,126.26,126.32,126.26,126.31,700.0,126.3
2026-05-07 13:32:00-04:00,126.42,126.44,126.28,126.44,1427.0,126.359
2026-05-07 13:33:00-04:00,126.46,126.46,126.17,126.17,1482.0,126.3
2026-05-07 13:34:00-04:00,126.21,126.38,126.12,126.38,1563.0,126.28
2026-05-07 13:35:00-04:00,126.32,126.34,126.27,126.27,406.0,126.313
2026-05-07 13:36:00-04:00,126.33,126.44,126.32,126.44,300.0,126.363
2026-05-07 13:37:00-04:00,126.48,126.48,126.33,126.41,903.0,126.405
2026-05-07 13:38:00-04:00,126.37,126.37,126.36,126.37,100.0,126.365
2026-05-07 13:39:00-04:00,126.45,126.49,126.4,126.4,1861.0,126.419
2026-05-07 13:40:00-04:00,126.47,126.56,126.4,126.55,800.0,126.488
2026-05-07 13:41:00-04:00,126.56,126.64,126.55,126.56,750.0,126.58
2026-05-07 13:42:00-04:00,126.5,126.5,126.5,126.5,100.0,126.5
2026-05-07 13:43:00-04:00,126.39,126.4,126.39,126.4,400.0,126.395
2026-05-07 13:44:00-04:00,126.44,126.44,126.26,126.27,1333.0,126.315
2026-05-07 13:45:00-04:00,126.27,126.3,126.26,126.3,500.0,126.271
2026-05-07 13:46:00-04:00,126.17,126.17,126.17,126.17,100.0,126.17
2026-05-07 13:47:00-04:00,126.28,126.28,126.27,126.28,185.0,126.275
2026-05-07 13:48:00-04:00,126.17,126.28,126.17,126.17,650.0,126.218
2026-05-07 13:49:00-04:00,126.15,126.22,126.15,126.21,312.0,126.188
2026-05-07 13:50:00-04:00,126.21,126.22,126.14,126.22,1133.0,126.191
2026-05-07 13:51:00-04:00,126.22,126.33,126.21,126.31,1391.0,126.299
2026-05-07 13:52:00-04:00,126.26,126.26,126.26,126.26,100.0,126.26
2026-05-07 13:53:00-04:00,126.26,126.26,126.25,126.26,600.0,126.256
2026-05-07 13:54:00-04:00,126.26,126.26,126.25,126.26,2499.0,126.255
2026-05-07 13:55:00-04:00,126.26,126.38,126.2,126.36,1447.0,126.332
2026-05-07 13:56:00-04:00,126.41,127.0,126.41,126.9,19662.0,126.801
2026-05-07 13:57:00-04:00,126.96,127.25,126.96,127.24,2562.0,127.09
2026-05-07 13:58:00-04:00,127.25,127.25,126.9,126.95,5929.0,127.105
2026-05-07 13:59:00-04:00,126.98,127.42,126.97,127.42,2724.0,127.155
2026-05-07 14:00:00-04:00,127.39,127.39,127.24,127.26,2572.0,127.313
2026-05-07 14:01:00-04:00,127.27,127.3,127.19,127.23,1000.0,127.261
2026-05-07 14:02:00-04:00,127.14,127.16,127.08,127.15,700.0,127.13
2026-05-07 14:03:00-04:00,127.21,127.21,127.16,127.2,1200.0,127.193
2026-05-07 14:04:00-04:00,127.25,127.29,127.2,127.23,2920.0,127.251
2026-05-07 14:05:00-04:00,127.25,127.25,127.14,127.16,2000.0,127.193
2026-05-07 14:06:00-04:00,127.18,127.18,127.18,127.18,400.0,127.18
2026-05-07 14:07:00-04:00,127.19,127.19,127.1,127.19,605.0,127.159
2026-05-07 14:08:00-04:00,127.28,127.29,127.23,127.26,4417.0,127.267
2026-05-07 14:09:00-04:00,127.26,127.31,127.12,127.12,3346.0,127.206
2026-05-07 14:10:00-04:00,127.12,127.31,127.1,127.31,6357.0,127.194
2026-05-07 14:11:00-04:00,127.25,127.34,127.25,127.29,1775.0,127.296
2026-05-07 14:12:00-04:00,127.34,127.36,127.3,127.35,3123.0,127.338
2026-05-07 14:13:00-04:00,127.36,127.45,127.29,127.43,6096.0,127.375
2026-05-07 14:14:00-04:00,127.47,127.47,127.43,127.44,625.0,127.46
2026-05-07 14:15:00-04:00,127.47,127.47,127.34,127.4,1352.0,127.405
2026-05-07 14:16:00-04:00,127.41,127.41,127.33,127.41,1334.0,127.383
2026-05-07 14:17:00-04:00,127.43,127.43,127.43,127.43,200.0,127.43
2026-05-07 14:18:00-04:00,127.47,127.77,127.46,127.77,7425.0,127.627
2026-05-07 14:19:00-04:00,127.78,127.8,127.7,127.8,1250.0,127.776
2026-05-07 14:20:00-04:00,127.77,127.9,127.75,127.9,1495.0,127.806
2026-05-07 14:21:00-04:00,127.91,127.91,127.42,127.5,12687.0,127.6
2026-05-07 14:22:00-04:00,127.5,127.56,127.4,127.49,10252.0,127.481
2026-05-07 14:23:00-04:00,127.37,127.37,127.27,127.27,613.0,127.33
2026-05-07 14:24:00-04:00,127.22,127.24,127.15,127.21,770.0,127.208
2026-05-07 14:25:00-04:00,127.2,127.2,127.2,127.2,300.0,127.2
2026-05-07 14:26:00-04:00,127.36,127.36,127.2,127.2,400.0,127.32
2026-05-07 14:27:00-04:00,127.2,127.21,127.2,127.21,801.0,127.201
2026-05-07 14:28:00-04:00,127.35,127.35,127.33,127.34,1503.0,127.336
2026-05-07 14:29:00-04:00,127.31,127.4,127.19,127.23,4027.0,127.318
2026-05-07 14:30:00-04:00,127.23,127.41,127.22,127.25,2700.0,127.295
2026-05-07 14:31:00-04:00,127.33,127.33,127.32,127.33,200.0,127.325
2026-05-07 14:32:00-04:00,127.24,127.33,127.24,127.33,4969.0,127.249
2026-05-07 14:33:00-04:00,127.33,127.33,127.22,127.22,1940.0,127.247
2026-05-07 14:34:00-04:00,127.24,127.25,127.09,127.17,2281.0,127.195
2026-05-07 14:35:00-04:00,127.09,127.09,127.05,127.08,1200.0,127.082
2026-05-07 14:36:00-04:00,127.12,127.13,127.04,127.09,1000.0,127.099
2026-05-07 14:37:00-04:00,127.09,127.09,126.98,126.98,960.0,127.02
2026-05-07 14:38:00-04:00,126.98,126.98,126.94,126.95,600.0,126.965
2026-05-07 14:39:00-04:00,126.94,126.97,126.77,126.86,9908.0,126.851
2026-05-07 14:40:00-04:00,126.86,126.86,126.85,126.86,1828.0,126.855
2026-05-07 14:41:00-04:00,126.86,126.86,126.59,126.59,1560.0,126.735
2026-05-07 14:42:00-04:00,126.51,126.71,126.51,126.65,7790.0,126.629
2026-05-07 14:43:00-04:00,126.66,126.66,126.51,126.57,2096.0,126.565
2026-05-07 14:44:00-04:00,126.52,126.55,126.35,126.38,1106.0,126.493
2026-05-07 14:45:00-04:00,126.3,126.47,126.3,126.47,1220.0,126.395
2026-05-07 14:46:00-04:00,126.53,126.53,126.47,126.53,1435.0,126.496
2026-05-07 14:47:00-04:00,126.52,126.59,126.51,126.55,4041.0,126.549
2026-05-07 14:48:00-04:00,126.53,126.6,126.44,126.44,3998.0,126.514
2026-05-07 14:49:00-04:00,126.42,126.42,126.36,126.39,700.0,126.386
2026-05-07 14:50:00-04:00,126.25,126.26,126.15,126.2,1354.0,126.212
2026-05-07 14:51:00-04:00,126.19,126.32,126.19,126.23,1674.0,126.261
2026-05-07 14:52:00-04:00,126.41,126.41,126.22,126.22,1100.0,126.346
2026-05-07 14:53:00-04:00,126.21,126.25,126.21,126.25,400.0,126.24
2026-05-07 14:54:00-04:00,126.26,126.33,126.11,126.16,5753.0,126.217
2026-05-07 14:55:00-04:00,126.19,126.42,126.16,126.29,5788.0,126.288
2026-05-07 14:56:00-04:00,126.29,126.36,126.28,126.34,1835.0,126.318
2026-05-07 14:57:00-04:00,126.31,126.34,126.3,126.34,921.0,126.319
2026-05-07 14:58:00-04:00,126.27,126.31,126.27,126.31,200.0,126.29
2026-05-07 14:59:00-04:00,126.34,126.34,126.33,126.33,200.0,126.333
2026-05-07 15:00:00-04:00,126.42,126.42,126.34,126.34,1213.0,126.383
2026-05-07 15:01:00-04:00,126.36,126.46,126.35,126.4,1101.0,126.419
2026-05-07 15:02:00-04:00,126.35,126.37,126.26,126.26,600.0,126.323
2026-05-07 15:03:00-04:00,126.34,126.42,126.33,126.41,1171.0,126.37
2026-05-07 15:04:00-04:00,126.38,126.39,126.24,126.25,1305.0,126.329
2026-05-07 15:05:00-04:00,126.3,126.34,126.27,126.31,1535.0,126.306
2026-05-07 15:06:00-04:00,126.22,126.22,126.21,126.21,500.0,126.214
2026-05-07 15:07:00-04:00,126.21,126.32,126.11,126.27,12043.0,126.155
2026-05-07 15:08:00-04:00,126.3,126.3,126.24,126.24,820.0,126.261
2026-05-07 15:09:00-04:00,126.1,126.13,125.82,125.94,4610.0,125.961
2026-05-07 15:10:00-04:00,126.0,126.12,125.86,126.08,10568.0,126.014
2026-05-07 15:11:00-04:00,126.04,126.04,126.03,126.04,400.0,126.039
2026-05-07 15:12:00-04:00,126.04,126.19,126.04,126.11,3991.0,126.107
2026-05-07 15:13:00-04:00,126.1,126.22,126.1,126.15,10319.0,126.18
2026-05-07 15:14:00-04:00,126.15,126.5,126.14,126.37,8539.0,126.388
2026-05-07 15:15:00-04:00,126.43,126.48,126.36,126.37,400.0,126.408
2026-05-07 15:16:00-04:00,126.37,126.55,126.37,126.53,1368.0,126.481
2026-05-07 15:17:00-04:00,126.47,126.59,126.39,126.39,4815.0,126.514
2026-05-07 15:18:00-04:00,126.42,126.46,126.33,126.45,1700.0,126.438
2026-05-07 15:19:00-04:00,126.45,126.45,126.44,126.44,1227.0,126.443
2026-05-07 15:20:00-04:00,126.44,126.44,126.44,126.44,521.0,126.44
2026-05-07 15:21:00-04:00,126.33,126.44,126.33,126.44,570.0,126.415
2026-05-07 15:22:00-04:00,126.44,126.71,126.43,126.6,2194.0,126.565
2026-05-07 15:23:00-04:00,126.67,126.69,126.45,126.49,7031.0,126.575
2026-05-07 15:24:00-04:00,126.51,126.51,126.31,126.31,2100.0,126.398
2026-05-07 15:25:00-04:00,126.32,126.49,126.31,126.38,1704.0,126.39
2026-05-07 15:26:00-04:00,126.37,126.53,126.37,126.38,1400.0,126.47
2026-05-07 15:27:00-04:00,126.38,126.48,126.38,126.48,1639.0,126.452
2026-05-07 15:28:00-04:00,126.55,126.55,126.37,126.38,806.0,126.48
2026-05-07 15:29:00-04:00,126.39,126.45,126.35,126.36,513.0,126.389
2026-05-07 15:30:00-04:00,126.34,126.35,126.34,126.35,534.0,126.344
2026-05-07 15:31:00-04:00,126.35,126.57,126.34,126.49,3922.0,126.495
2026-05-07 15:32:00-04:00,126.49,126.53,126.47,126.51,2414.0,126.5
2026-05-07 15:33:00-04:00,126.51,126.51,126.47,126.51,2259.0,126.505
2026-05-07 15:34:00-04:00,126.47,126.57,126.3,126.3,3553.0,126.421
2026-05-07 15:35:00-04:00,126.33,126.36,126.28,126.36,911.0,126.329
2026-05-07 15:36:00-04:00,126.36,126.44,126.36,126.42,1895.0,126.417
2026-05-07 15:37:00-04:00,126.42,126.49,126.35,126.45,3820.0,126.415
2026-05-07 15:38:00-04:00,126.52,126.64,126.45,126.64,1319.0,126.545
2026-05-07 15:39:00-04:00,126.64,126.69,126.54,126.65,1517.0,126.636
2026-05-07 15:40:00-04:00,126.65,126.72,126.64,126.66,3051.0,126.652
2026-05-07 15:41:00-04:00,126.6,126.7,126.6,126.67,2050.0,126.658
2026-05-07 15:42:00-04:00,126.67,126.73,126.65,126.7,3503.0,126.695
2026-05-07 15:43:00-04:00,126.71,126.74,126.66,126.7,4633.0,126.69
2026-05-07 15:44:00-04:00,126.7,126.7,126.52,126.53,3820.0,126.633
2026-05-07 15:45:00-04:00,126.6,126.73,126.58,126.64,7770.0,126.681
2026-05-07 15:46:00-04:00,126.68,126.68,126.62,126.65,1316.0,126.642
2026-05-07 15:47:00-04:00,126.58,126.65,126.57,126.65,2398.0,126.624
2026-05-07 15:48:00-04:00,126.62,126.65,126.4,126.43,3743.0,126.525
2026-05-07 15:49:00-04:00,126.43,126.56,126.43,126.56,2637.0,126.502
2026-05-07 15:50:00-04:00,126.47,126.58,126.37,126.38,8844.0,126.494
2026-05-07 15:51:00-04:00,126.34,126.43,126.25,126.37,2975.0,126.317
2026-05-07 15:52:00-04:00,126.26,126.3,126.15,126.21,8701.0,126.209
2026-05-07 15:53:00-04:00,126.15,126.16,126.04,126.11,6600.0,126.103
2026-05-07 15:54:00-04:00,126.11,126.16,126.04,126.13,9658.0,126.102
2026-05-07 15:55:00-04:00,126.15,126.56,126.12,126.56,10212.0,126.328
2026-05-07 15:56:00-04:00,126.48,126.73,126.48,126.67,5555.0,126.543
2026-05-07 15:57:00-04:00,126.65,126.76,126.55,126.55,19787.0,126.642
2026-05-07 15:58:00-04:00,126.55,126.62,126.54,126.6,21716.0,126.582
2026-05-07 15:59:00-04:00,126.62,126.76,126.59,126.69,45997.0,126.7
2026-05-08 09:30:00-04:00,128.01,128.01,126.67,126.76,25115.0,127.749
2026-05-08 09:31:00-04:00,126.48,127.0,126.48,126.76,1135.0,126.84
2026-05-08 09:32:00-04:00,126.74,126.74,126.73,126.74,2500.0,126.735
2026-05-08 09:33:00-04:00,126.73,126.93,126.73,126.93,1913.0,126.887
2026-05-08 09:34:00-04:00,126.57,127.36,126.57,127.36,1232.0,126.871
2026-05-08 09:35:00-04:00,127.36,127.36,127.13,127.14,5500.0,127.348
2026-05-08 09:36:00-04:00,126.91,127.01,126.81,127.0,472.0,126.928
2026-05-08 09:37:00-04:00,126.7,126.73,126.66,126.66,710.0,126.702
2026-05-08 09:38:00-04:00,126.5,126.5,126.48,126.48,1000.0,126.498
2026-05-08 09:39:00-04:00,126.47,126.47,125.68,125.73,6354.0,126.15
2026-05-08 09:40:00-04:00,125.57,125.97,125.55,125.94,2708.0,125.87
2026-05-08 09:41:00-04:00,125.95,125.99,125.65,125.65,804.0,125.825
2026-05-08 09:42:00-04:00,125.74,125.91,125.65,125.91,1454.0,125.774
2026-05-08 09:43:00-04:00,125.84,125.84,125.63,125.7,990.0,125.678
2026-05-08 09:44:00-04:00,125.55,125.73,125.48,125.48,1980.0,125.515
2026-05-08 09:45:00-04:00,125.58,125.69,125.4,125.6,4570.0,125.489
2026-05-08 09:46:00-04:00,125.71,125.72,125.1,125.25,9691.0,125.295
2026-05-08 09:47:00-04:00,125.68,125.68,124.76,124.76,2718.0,125.057
2026-05-08 09:48:00-04:00,125.13,125.49,125.13,125.47,4283.0,125.399
2026-05-08 09:49:00-04:00,125.37,125.52,125.1,125.52,3652.0,125.259
2026-05-08 09:50:00-04:00,125.37,125.88,125.37,125.62,3842.0,125.53
2026-05-08 09:51:00-04:00,125.52,125.53,125.52,125.53,300.0,125.523
2026-05-08 09:52:00-04:00,125.43,125.62,125.43,125.62,299.0,125.495
2026-05-08 09:53:00-04:00,125.45,125.47,125.36,125.47,500.0,125.438
2026-05-08 09:54:00-04:00,125.35,125.52,125.34,125.52,1163.0,125.378
2026-05-08 09:55:00-04:00,125.35,125.97,125.29,125.92,4149.0,125.688
2026-05-08 09:56:00-04:00,125.9,126.0,125.9,125.94,2662.0,125.948
2026-05-08 09:57:00-04:00,125.94,125.98,125.48,125.69,2175.0,125.771
2026-05-08 09:58:00-04:00,125.74,125.83,125.55,125.67,1186.0,125.649
2026-05-08 09:59:00-04:00,125.72,125.96,125.68,125.68,1700.0,125.767
2026-05-08 10:00:00-04:00,125.7,125.94,125.7,125.94,871.0,125.757
2026-05-08 10:01:00-04:00,125.9,126.06,125.71,125.97,1700.0,125.939
2026-05-08 10:02:00-04:00,126.01,126.1,126.01,126.1,827.0,126.068
2026-05-08 10:03:00-04:00,126.01,126.04,125.67,125.72,1711.0,125.906
2026-05-08 10:04:00-04:00,125.72,125.99,125.5,125.99,5671.0,125.71
2026-05-08 10:05:00-04:00,125.52,126.25,125.52,125.8,2866.0,126.039
2026-05-08 10:06:00-04:00,126.03,126.25,126.03,126.04,1519.0,126.105
2026-05-08 10:07:00-04:00,126.04,126.26,125.8,125.96,6750.0,126.0
2026-05-08 10:08:00-04:00,126.19,126.19,125.68,125.96,963.0,125.888
2026-05-08 10:09:00-04:00,125.8,126.44,125.8,126.23,19485.0,126.349
2026-05-08 10:10:00-04:00,126.43,126.43,126.43,126.43,100.0,126.43
2026-05-08 10:11:00-04:00,126.26,126.26,126.12,126.13,600.0,126.197
2026-05-08 10:12:00-04:00,126.11,126.23,126.07,126.2,1696.0,126.161
2026-05-08 10:13:00-04:00,126.39,126.44,126.26,126.44,5960.0,126.389
2026-05-08 10:14:00-04:00,126.43,126.68,126.43,126.47,5976.0,126.604
2026-05-08 10:15:00-04:00,126.47,126.47,126.47,126.47,0.0,126.47
2026-05-08 10:16:00-04:00,126.36,126.56,126.36,126.48,3012.0,126.46
2026-05-08 10:17:00-04:00,126.36,126.91,126.36,126.83,5491.0,126.672
2026-05-08 10:18:00-04:00,126.76,126.9,126.67,126.9,1823.0,126.817
2026-05-08 10:19:00-04:00,126.92,126.92,126.85,126.9,696.0,126.902
2026-05-08 10:20:00-04:00,126.93,127.09,126.86,127.09,1332.0,126.963
2026-05-08 10:21:00-04:00,126.91,127.2,126.91,127.2,1825.0,127.056
2026-05-08 10:22:00-04:00,127.2,127.2,127.08,127.08,419.0,127.137
2026-05-08 10:23:00-04:00,127.12,127.12,126.96,126.98,1347.0,127.009
2026-05-08 10:24:00-04:00,126.92,127.1,126.92,127.03,700.0,127.009
2026-05-08 10:25:00-04:00,127.0,127.1,127.0,127.1,992.0,127.01
2026-05-08 10:26:00-04:00,126.99,127.17,126.98,127.17,1060.0,127.026
2026-05-08 10:27:00-04:00,127.1,127.1,126.92,126.97,1290.0,127.0
2026-05-08 10:28:00-04:00,127.03,127.07,126.93,126.94,300.0,127.012
2026-05-08 10:29:00-04:00,126.93,127.06,126.92,127.02,2300.0,126.971
2026-05-08 10:30:00-04:00,126.76,127.0,126.75,126.94,3010.0,126.96
2026-05-08 10:31:00-04:00,127.03,127.16,127.0,127.11,1061.0,127.088
2026-05-08 10:32:00-04:00,127.1,127.24,127.1,127.23,1056.0,127.216
2026-05-08 10:33:00-04:00,127.23,127.23,127.05,127.16,900.0,127.099
2026-05-08 10:34:00-04:00,127.22,127.41,127.22,127.41,2106.0,127.263
2026-05-08 10:35:00-04:00,127.41,127.46,127.31,127.39,1740.0,127.394
2026-05-08 10:36:00-04:00,127.4,127.55,127.37,127.37,7686.0,127.513
2026-05-08 10:37:00-04:00,127.37,127.38,127.37,127.38,366.0,127.374
2026-05-08 10:38:00-04:00,127.52,127.73,127.51,127.73,3450.0,127.651
2026-05-08 10:39:00-04:00,127.88,127.88,127.79,127.82,500.0,127.828
2026-05-08 10:40:00-04:00,127.82,127.82,127.7,127.71,1093.0,127.747
2026-05-08 10:41:00-04:00,127.69,127.7,127.53,127.59,1372.0,127.631
2026-05-08 10:42:00-04:00,127.6,127.65,127.45,127.45,3824.0,127.592
2026-05-08 10:43:00-04:00,127.42,127.53,127.4,127.53,604.0,127.45
2026-05-08 10:44:00-04:00,127.63,127.63,127.44,127.53,604.0,127.542
2026-05-08 10:45:00-04:00,127.4,127.61,127.4,127.61,300.0,127.497
2026-05-08 10:46:00-04:00,127.61,127.61,127.4,127.4,200.0,127.505
2026-05-08 10:47:00-04:00,127.59,127.59,127.45,127.57,300.0,127.537
2026-05-08 10:48:00-04:00,127.49,127.49,127.29,127.29,300.0,127.42
2026-05-08 10:49:00-04:00,127.37,127.39,127.37,127.39,1270.0,127.376
2026-05-08 10:50:00-04:00,127.37,127.65,127.34,127.65,6445.0,127.593
2026-05-08 10:51:00-04:00,127.62,127.65,127.52,127.52,1221.0,127.628
2026-05-08 10:52:00-04:00,127.63,127.63,127.52,127.52,2255.0,127.555
2026-05-08 10:53:00-04:00,127.54,127.54,127.49,127.49,200.0,127.515
2026-05-08 10:54:00-04:00,127.65,127.65,127.56,127.56,200.0,127.605
2026-05-08 10:55:00-04:00,127.65,128.23,127.63,128.2,20829.0,127.918
2026-05-08 10:56:00-04:00,128.42,128.45,128.09,128.45,1247.0,128.403
2026-05-08 10:57:00-04:00,128.44,128.45,128.11,128.45,1122.0,128.415
2026-05-08 10:58:00-04:00,128.44,128.45,128.28,128.43,1013.0,128.404
2026-05-08 10:59:00-04:00,128.38,128.44,128.24,128.44,2866.0,128.331
2026-05-08 11:00:00-04:00,128.13,128.28,128.13,128.2,979.0,128.257
2026-05-08 11:01:00-04:00,128.22,128.24,128.11,128.24,861.0,128.212
2026-05-08 11:02:00-04:00,128.07,128.23,128.07,128.07,2012.0,128.134
2026-05-08 11:03:00-04:00,128.15,128.24,128.15,128.2,820.0,128.205
2026-05-08 11:04:00-04:00,128.28,128.34,128.28,128.28,500.0,128.292
2026-05-08 11:05:00-04:00,128.28,128.35,128.08,128.11,844.0,128.205
2026-05-08 11:06:00-04:00,128.13,128.13,128.12,128.13,100.0,128.125
2026-05-08 11:07:00-04:00,128.13,128.27,128.11,128.27,1300.0,128.235
2026-05-08 11:08:00-04:00,128.27,128.27,128.27,128.27,0.0,128.27
2026-05-08 11:09:00-04:00,128.13,128.19,128.1,128.13,1208.0,128.132
2026-05-08 11:10:00-04:00,128.13,128.13,128.13,128.13,0.0,128.13
2026-05-08 11:11:00-04:00,128.22,128.27,128.2,128.21,2762.0,128.226
2026-05-08 11:12:00-04:00,128.2,128.2,128.01,128.09,1169.0,128.099
2026-05-08 11:13:00-04:00,128.01,128.08,128.01,128.08,600.0,128.057
2026-05-08 11:14:00-04:00,128.08,128.17,128.07,128.17,500.0,128.094
2026-05-08 11:15:00-04:00,128.17,128.17,128.17,128.17,200.0,128.17
2026-05-08 11:16:00-04:00,128.17,128.17,128.07,128.13,900.0,128.091
2026-05-08 11:17:00-04:00,128.13,128.13,128.13,128.13,0.0,128.13
2026-05-08 11:18:00-04:00,128.18,128.18,128.18,128.18,100.0,128.18
2026-05-08 11:19:00-04:00,128.2,128.2,128.2,128.2,2285.0,128.2
2026-05-08 11:20:00-04:00,128.32,128.5,128.32,128.44,2508.0,128.449
2026-05-08 11:21:00-04:00,128.53,128.6,128.48,128.48,1254.0,128.505
2026-05-08 11:22:00-04:00,128.59,128.59,128.48,128.49,316.0,128.557
2026-05-08 11:23:00-04:00,128.49,128.49,128.49,128.49,0.0,128.49
2026-05-08 11:24:00-04:00,128.58,128.59,128.38,128.53,2569.0,128.46
2026-05-08 11:25:00-04:00,128.59,128.7,128.59,128.7,575.0,128.646
2026-05-08 11:26:00-04:00,128.72,128.74,128.62,128.62,900.0,128.682
2026-05-08 11:27:00-04:00,128.59,128.66,128.39,128.49,2616.0,128.491
2026-05-08 11:28:00-04:00,128.46,128.62,128.45,128.46,1800.0,128.5
2026-05-08 11:29:00-04:00,128.45,128.58,128.45,128.5,300.0,128.51
2026-05-08 11:30:00-04:00,128.46,128.46,128.29,128.29,456.0,128.365
2026-05-08 11:31:00-04:00,128.38,128.45,128.37,128.45,400.0,128.396
2026-05-08 11:32:00-04:00,128.58,128.58,128.4,128.41,200.0,128.494
2026-05-08 11:33:00-04:00,128.46,128.46,128.33,128.37,1060.0,128.371
2026-05-08 11:34:00-04:00,128.37,128.37,128.37,128.37,0.0,128.37
2026-05-08 11:35:00-04:00,128.42,128.42,128.3,128.31,711.0,128.328
2026-05-08 11:36:00-04:00,128.35,128.54,128.25,128.53,5668.0,128.409
2026-05-08 11:37:00-04:00,128.35,128.35,128.35,128.35,500.0,128.35
2026-05-08 11:38:00-04:00,128.5,128.58,128.46,128.58,4373.0,128.545
2026-05-08 11:39:00-04:00,128.43,128.54,128.42,128.53,983.0,128.478
2026-05-08 11:40:00-04:00,128.57,128.57,128.57,128.57,100.0,128.57
2026-05-08 11:41:00-04:00,128.44,128.44,128.26,128.33,3715.0,128.299
2026-05-08 11:42:00-04:00,128.26,128.29,128.12,128.24,3740.0,128.245
2026-05-08 11:43:00-04:00,128.24,128.24,128.05,128.05,2770.0,128.157
2026-05-08 11:44:00-04:00,128.02,128.02,128.02,128.02,375.0,128.02
2026-05-08 11:45:00-04:00,128.16,128.19,128.16,128.19,800.0,128.173
2026-05-08 11:46:00-04:00,128.25,128.25,128.25,128.25,100.0,128.25
2026-05-08 11:47:00-04:00,128.19,128.19,128.18,128.19,779.0,128.185
2026-05-08 11:48:00-04:00,128.28,128.45,128.28,128.3,1997.0,128.37
2026-05-08 11:49:00-04:00,128.57,128.57,128.56,128.57,9030.0,128.57
2026-05-08 11:50:00-04:00,128.56,128.72,128.41,128.51,2192.0,128.528
2026-05-08 11:51:00-04:00,128.51,128.73,128.5,128.51,1300.0,128.587
2026-05-08 11:52:00-04:00,128.51,128.51,128.51,128.51,0.0,128.51
2026-05-08 11:53:00-04:00,128.35,128.53,128.34,128.53,2246.0,128.451
2026-05-08 11:54:00-04:00,128.53,128.53,128.53,128.53,0.0,128.53
2026-05-08 11:55:00-04:00,128.82,128.98,128.77,128.92,18306.0,128.84
2026-05-08 11:56:00-04:00,128.99,129.0,128.56,128.65,2684.0,128.797
2026-05-08 11:57:00-04:00,128.65,128.65,128.65,128.65,0.0,128.65
2026-05-08 11:58:00-04:00,128.59,128.6,128.59,128.59,100.0,128.595
2026-05-08 11:59:00-04:00,128.61,128.61,128.59,128.59,202.0,128.601
2026-05-08 12:00:00-04:00,128.59,128.59,128.59,128.59,0.0,128.59
2026-05-08 12:01:00-04:00,128.57,128.88,128.56,128.88,690.0,128.613
2026-05-08 12:02:00-04:00,128.7,128.88,128.7,128.88,313.0,128.797
2026-05-08 12:03:00-04:00,128.85,128.85,128.69,128.69,800.0,128.713
2026-05-08 12:04:00-04:00,128.7,128.88,128.7,128.79,565.0,128.748
2026-05-08 12:05:00-04:00,128.55,128.71,128.55,128.71,1201.0,128.58
2026-05-08 12:06:00-04:00,128.83,128.83,128.83,128.83,312.0,128.83
2026-05-08 12:07:00-04:00,128.83,128.83,128.83,128.83,0.0,128.83
2026-05-08 12:08:00-04:00,128.83,128.83,128.83,128.83,100.0,128.83
2026-05-08 12:09:00-04:00,128.8,128.8,128.75,128.76,200.0,128.778
2026-05-08 12:10:00-04:00,128.76,128.76,128.74,128.74,502.0,128.747
2026-05-08 12:11:00-04:00,128.84,129.15,128.84,129.15,7451.0,128.972
2026-05-08 12:12:00-04:00,129.13,129.21,129.13,129.21,2572.0,129.198
2026-05-08 12:13:00-04:00,129.21,129.21,129.13,129.13,828.0,129.15
2026-05-08 12:14:00-04:00,129.14,129.24,129.14,129.24,600.0,129.158
2026-05-08 12:15:00-04:00,129.14,129.26,129.08,129.08,1946.0,129.121
2026-05-08 12:16:00-04:00,129.26,129.32,129.21,129.25,3542.0,129.287
2026-05-08 12:17:00-04:00,129.31,129.35,129.18,129.18,1915.0,129.285
2026-05-08 12:18:00-04:00,129.11,129.2,128.93,128.93,1490.0,129.07
2026-05-08 12:19:00-04:00,128.98,128.98,128.86,128.86,500.0,128.956
2026-05-08 12:20:00-04:00,128.86,128.86,128.86,128.86,0.0,128.86
2026-05-08 12:21:00-04:00,128.86,128.86,128.86,128.86,0.0,128.86
2026-05-08 12:22:00-04:00,128.94,128.95,128.85,128.85,200.0,128.897
2026-05-08 12:23:00-04:00,128.85,128.85,128.85,128.85,0.0,128.85
2026-05-08 12:24:00-04:00,128.89,129.08,128.84,129.04,998.0,128.968
2026-05-08 12:25:00-04:00,129.08,129.19,129.08,129.15,7352.0,129.178
2026-05-08 12:26:00-04:00,129.1,129.32,129.1,129.31,15897.0,129.191
2026-05-08 12:27:00-04:00,129.4,129.63,129.38,129.54,4208.0,129.496
2026-05-08 12:28:00-04:00,129.65,129.79,129.61,129.79,1205.0,129.646
2026-05-08 12:29:00-04:00,129.8,129.8,129.55,129.68,1923.0,129.646
2026-05-08 12:30:00-04:00,129.68,129.68,129.68,129.68,100.0,129.68
2026-05-08 12:31:00-04:00,129.59,129.68,129.51,129.51,1944.0,129.572
2026-05-08 12:32:00-04:00,129.59,129.59,129.51,129.56,1915.0,129.54
2026-05-08 12:33:00-04:00,129.56,129.6,129.56,129.6,212.0,129.582
2026-05-08 12:34:00-04:00,129.67,129.67,129.5,129.65,1700.0,129.591
2026-05-08 12:35:00-04:00,129.56,129.57,129.46,129.56,800.0,129.525
2026-05-08 12:36:00-04:00,129.46,129.57,129.45,129.48,1759.0,129.478
2026-05-08 12:37:00-04:00,129.61,129.61,129.53,129.53,500.0,129.55
2026-05-08 12:38:00-04:00,129.5,129.6,129.5,129.52,1530.0,129.54
2026-05-08 12:39:00-04:00,129.6,129.6,129.34,129.34,1500.0,129.43
2026-05-08 12:40:00-04:00,129.3,129.3,129.17,129.17,834.0,129.232
2026-05-08 12:41:00-04:00,129.11,129.11,128.94,128.98,7534.0,129.036
2026-05-08 12:42:00-04:00,128.98,129.1,128.96,129.1,953.0,129.025
2026-05-08 12:43:00-04:00,129.06,129.26,129.0,129.06,800.0,129.08
2026-05-08 12:44:00-04:00,128.99,129.23,128.89,129.23,400.0,129.0
2026-05-08 12:45:00-04:00,129.22,129.22,128.85,129.13,4417.0,129.076
2026-05-08 12:46:00-04:00,129.14,129.14,129.14,129.14,100.0,129.14
2026-05-08 12:47:00-04:00,128.94,129.05,128.94,129.03,6100.0,129.023
2026-05-08 12:48:00-04:00,129.03,129.03,129.02,129.03,5300.0,129.025
2026-05-08 12:49:00-04:00,129.15,129.15,128.82,128.83,1481.0,128.935
2026-05-08 12:50:00-04:00,128.85,128.86,128.65,128.77,13408.0,128.741
2026-05-08 12:51:00-04:00,128.77,128.77,128.76,128.77,200.0,128.765
2026-05-08 12:52:00-04:00,128.77,128.87,128.66,128.87,700.0,128.75
2026-05-08 12:53:00-04:00,128.66,128.77,128.66,128.67,400.0,128.715
2026-05-08 12:54:00-04:00,128.77,128.77,128.62,128.62,4488.0,128.659
2026-05-08 12:55:00-04:00,128.7,128.72,128.62,128.72,3115.0,128.672
2026-05-08 12:56:00-04:00,128.72,128.72,128.69,128.69,299.0,128.698
2026-05-08 12:57:00-04:00,128.69,128.69,128.69,128.69,0.0,128.69
2026-05-08 12:58:00-04:00,128.7,128.8,128.6,128.7,1900.0,128.688
2026-05-08 12:59:00-04:00,128.68,128.68,128.54,128.58,1905.0,128.594
2026-05-08 13:00:00-04:00,128.58,128.58,128.57,128.58,500.0,128.576
2026-05-08 13:01:00-04:00,128.55,128.55,128.47,128.47,300.0,128.522
2026-05-08 13:02:00-04:00,128.55,128.95,128.54,128.95,5857.0,128.653
2026-05-08 13:03:00-04:00,128.93,128.95,128.8,128.8,1523.0,128.853
2026-05-08 13:04:00-04:00,128.85,128.86,128.85,128.86,372.0,128.854
2026-05-08 13:05:00-04:00,128.86,128.86,128.83,128.85,399.0,128.847
2026-05-08 13:06:00-04:00,128.83,128.9,128.83,128.84,2548.0,128.859
2026-05-08 13:07:00-04:00,128.9,128.95,128.84,128.95,1493.0,128.871
2026-05-08 13:08:00-04:00,128.9,128.9,128.89,128.9,100.0,128.895
2026-05-08 13:09:00-04:00,129.1,129.19,129.1,129.1,522.0,129.125
2026-05-08 13:10:00-04:00,129.23,129.23,129.23,129.23,100.0,129.23
2026-05-08 13:11:00-04:00,129.1,129.26,129.1,129.26,400.0,129.2
2026-05-08 13:12:00-04:00,129.28,129.28,129.28,129.28,100.0,129.28
2026-05-08 13:13:00-04:00,129.07,129.35,129.07,129.34,2470.0,129.221
2026-05-08 13:14:00-04:00,129.4,129.49,129.38,129.48,1630.0,129.433
2026-05-08 13:15:00-04:00,129.47,129.54,129.43,129.43,630.0,129.482
2026-05-08 13:16:00-04:00,129.58,129.69,129.58,129.69,606.0,129.605
2026-05-08 13:17:00-04:00,129.59,129.8,129.4,129.6,2858.0,129.647
2026-05-08 13:18:00-04:00,129.63,129.8,129.6,129.8,4226.0,129.66
2026-05-08 13:19:00-04:00,129.72,129.87,129.72,129.87,418.0,129.757
2026-05-08 13:20:00-04:00,129.81,129.81,129.72,129.73,5197.0,129.757
2026-05-08 13:21:00-04:00,129.73,129.75,129.7,129.72,2211.0,129.72
2026-05-08 13:22:00-04:00,129.69,129.69,129.48,129.48,2400.0,129.593
2026-05-08 13:23:00-04:00,129.5,129.5,129.5,129.5,300.0,129.5
2026-05-08 13:24:00-04:00,129.52,129.52,129.46,129.52,1249.0,129.489
2026-05-08 13:25:00-04:00,129.52,129.52,129.52,129.52,0.0,129.52
2026-05-08 13:26:00-04:00,129.7,129.8,129.61,129.8,755.0,129.71
2026-05-08 13:27:00-04:00,129.79,129.8,129.69,129.69,738.0,129.776
2026-05-08 13:28:00-04:00,129.6,129.84,129.59,129.83,886.0,129.789
2026-05-08 13:29:00-04:00,129.84,129.84,129.78,129.84,500.0,129.824
2026-05-08 13:30:00-04:00,129.86,129.9,129.78,129.9,4305.0,129.821
2026-05-08 13:31:00-04:00,129.9,129.9,129.67,129.69,2688.0,129.731
2026-05-08 13:32:00-04:00,129.72,129.84,129.72,129.8,1835.0,129.77
2026-05-08 13:33:00-04:00,129.85,129.89,129.85,129.87,1455.0,129.869
2026-05-08 13:34:00-04:00,129.84,129.85,129.78,129.78,2072.0,129.808
2026-05-08 13:35:00-04:00,129.74,129.83,129.74,129.82,500.0,129.808
2026-05-08 13:36:00-04:00,129.83,129.89,129.82,129.89,791.0,129.832
2026-05-08 13:37:00-04:00,129.87,129.89,129.83,129.88,2205.0,129.868
2026-05-08 13:38:00-04:00,129.87,129.9,129.73,129.73,4639.0,129.797
2026-05-08 13:39:00-04:00,129.72,129.72,129.61,129.66,900.0,129.684
2026-05-08 13:40:00-04:00,129.66,129.66,129.66,129.66,0.0,129.66
2026-05-08 13:41:00-04:00,129.64,129.64,129.52,129.52,1600.0,129.574
2026-05-08 13:42:00-04:00,129.59,129.6,129.59,129.59,397.0,129.595
2026-05-08 13:43:00-04:00,129.61,129.78,129.6,129.61,1100.0,129.686
2026-05-08 13:44:00-04:00,129.6,129.6,129.42,129.43,5939.0,129.451
2026-05-08 13:45:00-04:00,129.47,129.47,129.35,129.36,900.0,129.388
2026-05-08 13:46:00-04:00,129.26,129.36,129.26,129.28,1219.0,129.308
2026-05-08 13:47:00-04:00,129.36,129.36,129.36,129.36,400.0,129.36
2026-05-08 13:48:00-04:00,129.36,129.41,129.2,129.25,2101.0,129.29
2026-05-08 13:49:00-04:00,129.3,129.3,129.11,129.14,1941.0,129.203
2026-05-08 13:50:00-04:00,128.95,129.03,128.93,128.93,1000.0,128.981
2026-05-08 13:51:00-04:00,128.91,128.99,128.85,128.99,2130.0,128.927
2026-05-08 13:52:00-04:00,129.0,129.07,128.99,128.99,1540.0,128.999
2026-05-08 13:53:00-04:00,128.99,129.11,128.99,129.11,417.0,129.023
2026-05-08 13:54:00-04:00,129.0,129.15,128.88,128.91,3228.0,128.936
2026-05-08 13:55:00-04:00,129.01,129.01,128.71,128.88,1464.0,128.886
2026-05-08 13:56:00-04:00,128.92,128.92,128.84,128.84,500.0,128.9
2026-05-08 13:57:00-04:00,129.03,129.17,129.03,129.17,3947.0,129.063
2026-05-08 13:58:00-04:00,129.04,129.1,129.03,129.03,942.0,129.059
2026-05-08 13:59:00-04:00,129.04,129.17,129.04,129.04,1705.0,129.101
2026-05-08 14:00:00-04:00,129.04,129.31,129.04,129.31,7988.0,129.217
2026-05-08 14:01:00-04:00,129.24,129.25,129.08,129.14,3375.0,129.161
2026-05-08 14:02:00-04:00,129.2,129.23,129.19,129.22,1816.0,129.209
2026-05-08 14:03:00-04:00,129.22,129.46,129.21,129.35,3295.0,129.354
2026-05-08 14:04:00-04:00,129.35,129.35,129.24,129.24,2288.0,129.285
2026-05-08 14:05:00-04:00,129.23,129.42,129.22,129.42,1255.0,129.331
2026-05-08 14:06:00-04:00,129.34,129.47,129.34,129.43,3055.0,129.413
2026-05-08 14:07:00-04:00,129.33,129.33,129.16,129.16,4315.0,129.252
2026-05-08 14:08:00-04:00,129.25,129.25,129.13,129.13,1852.0,129.236
2026-05-08 14:09:00-04:00,129.18,129.23,129.01,129.04,9131.0,129.08
2026-05-08 14:10:00-04:00,129.04,129.11,128.82,128.84,8419.0,128.988
2026-05-08 14:11:00-04:00,128.86,129.01,128.79,128.8,4061.0,128.924
2026-05-08 14:12:00-04:00,128.82,128.9,128.82,128.9,300.0,128.87
2026-05-08 14:13:00-04:00,128.96,128.96,128.86,128.87,1137.0,128.898
2026-05-08 14:14:00-04:00,128.88,128.88,128.87,128.88,200.0,128.878
2026-05-08 14:15:00-04:00,128.96,128.96,128.88,128.88,800.0,128.894
2026-05-08 14:16:00-04:00,128.9,128.9,128.89,128.9,240.0,128.895
2026-05-08 14:17:00-04:00,128.95,128.95,128.87,128.95,2280.0,128.907
2026-05-08 14:18:00-04:00,128.91,128.91,128.9,128.91,2627.0,128.905
2026-05-08 14:19:00-04:00,128.98,128.98,128.94,128.94,200.0,128.96
2026-05-08 14:20:00-04:00,128.94,128.99,128.86,128.92,3142.0,128.923
2026-05-08 14:21:00-04:00,128.99,128.99,128.92,128.93,412.0,128.972
2026-05-08 14:22:00-04:00,128.93,128.93,128.93,128.93,300.0,128.93
2026-05-08 14:23:00-04:00,128.91,129.08,128.91,129.03,4658.0,129.008
2026-05-08 14:24:00-04:00,129.08,129.4,129.03,129.29,1526.0,129.241
2026-05-08 14:25:00-04:00,129.39,129.39,129.26,129.26,1430.0,129.29
2026-05-08 14:26:00-04:00,129.36,129.45,129.28,129.41,2472.0,129.37
2026-05-08 14:27:00-04:00,129.41,129.48,129.41,129.48,2100.0,129.414
2026-05-08 14:28:00-04:00,129.41,129.49,129.41,129.48,500.0,129.44
2026-05-08 14:29:00-04:00,129.5,129.54,129.48,129.48,4534.0,129.513
2026-05-08 14:30:00-04:00,129.46,129.46,129.44,129.45,1800.0,129.449
2026-05-08 14:31:00-04:00,129.45,129.47,129.39,129.47,6964.0,129.444
2026-05-08 14:32:00-04:00,129.47,129.47,129.46,129.46,465.0,129.464
2026-05-08 14:33:00-04:00,129.47,129.61,129.46,129.47,14372.0,129.524
2026-05-08 14:34:00-04:00,129.48,129.49,129.43,129.49,1274.0,129.477
2026-05-08 14:35:00-04:00,129.44,129.55,129.43,129.5,4286.0,129.49
2026-05-08 14:36:00-04:00,129.5,129.52,129.5,129.52,602.0,129.506
2026-05-08 14:37:00-04:00,129.52,129.72,129.46,129.71,7328.0,129.616
2026-05-08 14:38:00-04:00,129.54,130.3,129.54,130.28,92656.0,130.008
2026-05-08 14:39:00-04:00,130.1,130.51,130.1,130.51,25880.0,130.28
2026-05-08 14:40:00-04:00,130.63,130.72,129.92,130.01,24906.0,130.386
2026-05-08 14:41:00-04:00,129.96,129.98,129.92,129.93,1500.0,129.937
2026-05-08 14:42:00-04:00,129.94,129.98,129.94,129.98,500.0,129.952
2026-05-08 14:43:00-04:00,130.04,130.04,129.87,129.89,5373.0,129.969
2026-05-08 14:44:00-04:00,129.89,129.92,129.85,129.92,4968.0,129.888
2026-05-08 14:45:00-04:00,129.92,129.92,129.45,129.53,15771.0,129.774
2026-05-08 14:46:00-04:00,129.53,129.68,129.53,129.54,2255.0,129.618
2026-05-08 14:47:00-04:00,129.53,129.54,129.43,129.43,804.0,129.519
2026-05-08 14:48:00-04:00,129.53,129.67,129.49,129.53,9333.0,129.531
2026-05-08 14:49:00-04:00,129.53,129.54,129.53,129.54,420.0,129.534
2026-05-08 14:50:00-04:00,129.45,129.56,129.36,129.55,2751.0,129.483
2026-05-08 14:51:00-04:00,129.5,129.55,129.49,129.5,1837.0,129.508
2026-05-08 14:52:00-04:00,129.65,129.74,129.49,129.56,4184.0,129.632
2026-05-08 14:53:00-04:00,129.56,129.56,129.55,129.56,413.0,129.555
2026-05-08 14:54:00-04:00,129.56,129.56,129.2,129.21,4524.0,129.44
2026-05-08 14:55:00-04:00,129.18,129.18,128.94,128.94,725.0,129.113
2026-05-08 14:56:00-04:00,129.02,129.03,128.98,129.03,1458.0,129.02
2026-05-08 14:57:00-04:00,128.94,129.12,128.94,129.12,2047.0,129.092
2026-05-08 14:58:00-04:00,129.12,129.12,128.95,129.08,1637.0,129.055
2026-05-08 14:59:00-04:00,129.08,129.13,128.94,129.01,3284.0,129.006
2026-05-08 15:00:00-04:00,129.01,129.33,129.0,129.16,4412.0,129.179
2026-05-08 15:01:00-04:00,129.16,129.19,129.15,129.19,400.0,129.169
2026-05-08 15:02:00-04:00,129.2,129.33,129.19,129.25,1612.0,129.209
2026-05-08 15:03:00-04:00,129.23,129.6,129.19,129.6,2200.0,129.346
2026-05-08 15:04:00-04:00,129.32,129.47,129.16,129.46,3768.0,129.246
2026-05-08 15:05:00-04:00,129.42,129.52,129.42,129.43,3732.0,129.496
2026-05-08 15:06:00-04:00,129.52,129.52,129.49,129.5,1400.0,129.517
2026-05-08 15:07:00-04:00,129.5,129.59,129.5,129.59,2000.0,129.544
2026-05-08 15:08:00-04:00,129.61,129.61,129.6,129.61,267.0,129.607
2026-05-08 15:09:00-04:00,129.59,129.59,129.58,129.59,200.0,129.585
2026-05-08 15:10:00-04:00,129.59,129.67,129.59,129.62,1649.0,129.635
2026-05-08 15:11:00-04:00,129.62,129.7,129.62,129.69,820.0,129.672
2026-05-08 15:12:00-04:00,129.7,129.77,129.7,129.77,700.0,129.741
2026-05-08 15:13:00-04:00,129.72,129.85,129.71,129.84,2191.0,129.821
2026-05-08 15:14:00-04:00,129.84,129.86,129.73,129.75,3348.0,129.774
2026-05-08 15:15:00-04:00,129.81,129.88,129.73,129.88,2411.0,129.765
2026-05-08 15:16:00-04:00,129.89,129.94,129.77,129.94,1277.0,129.901
2026-05-08 15:17:00-04:00,129.91,129.91,129.9,129.91,1112.0,129.906
2026-05-08 15:18:00-04:00,129.9,130.0,129.9,130.0,1006.0,129.936
2026-05-08 15:19:00-04:00,129.93,129.93,129.93,129.93,1660.0,129.93
2026-05-08 15:20:00-04:00,129.93,130.02,129.83,129.83,4793.0,129.923
2026-05-08 15:21:00-04:00,129.84,129.85,129.61,129.62,3967.0,129.776
2026-05-08 15:22:00-04:00,129.65,129.7,129.61,129.69,1261.0,129.661
2026-05-08 15:23:00-04:00,129.56,129.6,129.52,129.59,3184.0,129.567
2026-05-08 15:24:00-04:00,129.49,129.64,129.48,129.63,1922.0,129.577
2026-05-08 15:25:00-04:00,129.5,129.63,129.49,129.63,6200.0,129.556
2026-05-08 15:26:00-04:00,129.62,129.65,129.62,129.65,200.0,129.633
2026-05-08 15:27:00-04:00,129.57,129.65,129.56,129.65,2435.0,129.61
2026-05-08 15:28:00-04:00,129.61,129.67,129.53,129.63,10569.0,129.596
2026-05-08 15:29:00-04:00,129.69,129.7,129.08,129.15,19780.0,129.52
2026-05-08 15:30:00-04:00,129.2,129.25,129.2,129.22,1405.0,129.238
2026-05-08 15:31:00-04:00,129.31,129.31,129.28,129.28,300.0,129.295
2026-05-08 15:32:00-04:00,129.18,129.18,129.12,129.13,815.0,129.147
2026-05-08 15:33:00-04:00,129.17,129.21,129.02,129.03,2940.0,129.12
2026-05-08 15:34:00-04:00,128.94,129.01,128.55,128.86,3194.0,128.888
2026-05-08 15:35:00-04:00,128.79,129.02,128.79,129.0,5233.0,128.953
2026-05-08 15:36:00-04:00,129.02,129.26,129.01,129.09,14920.0,129.08
2026-05-08 15:37:00-04:00,129.1,129.44,129.01,129.44,5405.0,129.156
2026-05-08 15:38:00-04:00,129.36,129.43,129.23,129.28,5314.0,129.352
2026-05-08 15:39:00-04:00,129.35,129.35,129.12,129.14,6278.0,129.179
2026-05-08 15:40:00-04:00,129.2,129.35,129.2,129.35,4410.0,129.286
2026-05-08 15:41:00-04:00,129.26,129.26,129.25,129.25,799.0,129.254
2026-05-08 15:42:00-04:00,129.3,129.3,129.25,129.29,927.0,129.281
2026-05-08 15:43:00-04:00,129.26,129.36,129.25,129.28,2539.0,129.34
2026-05-08 15:44:00-04:00,129.36,129.36,129.24,129.28,1295.0,129.295
2026-05-08 15:45:00-04:00,129.18,129.25,129.1,129.21,7091.0,129.164
2026-05-08 15:46:00-04:00,129.17,129.26,129.16,129.22,3829.0,129.243
2026-05-08 15:47:00-04:00,129.36,129.46,129.33,129.46,1295.0,129.387
2026-05-08 15:48:00-04:00,129.39,129.39,129.32,129.33,1203.0,129.361
2026-05-08 15:49:00-04:00,129.41,129.41,129.33,129.41,8498.0,129.397
2026-05-08 15:50:00-04:00,129.34,129.4,129.13,129.13,13787.0,129.341
2026-05-08 15:51:00-04:00,129.06,129.2,129.03,129.19,4307.0,129.128
2026-05-08 15:52:00-04:00,129.22,129.29,129.2,129.25,4182.0,129.257
2026-05-08 15:53:00-04:00,129.25,129.28,129.03,129.11,3408.0,129.187
2026-05-08 15:54:00-04:00,129.0,129.27,128.97,129.27,3140.0,129.082
2026-05-08 15:55:00-04:00,129.27,129.67,129.27,129.66,6649.0,129.53
2026-05-08 15:56:00-04:00,129.63,129.77,129.61,129.66,7773.0,129.699
2026-05-08 15:57:00-04:00,129.65,129.65,129.46,129.54,9704.0,129.523
2026-05-08 15:58:00-04:00,129.52,129.56,129.43,129.53,20928.0,129.489
2026-05-08 15:59:00-04:00,129.54,129.57,129.39,129.49,22608.0,129.48
2026-05-11 09:30:00-04:00,129.81,130.07,128.85,130.06,38050.0,129.916
2026-05-11 09:31:00-04:00,130.25,130.5,130.0,130.3,1289.0,130.341
2026-05-11 09:32:00-04:00,130.25,131.0,130.2,130.57,3963.0,130.643
2026-05-11 09:33:00-04:00,130.97,131.39,130.76,130.93,8632.0,131.083
2026-05-11 09:34:00-04:00,130.95,131.17,130.62,130.62,1575.0,130.92
2026-05-11 09:35:00-04:00,130.56,130.9,130.56,130.74,2360.0,130.773
2026-05-11 09:36:00-04:00,130.74,131.0,130.48,130.76,2222.0,130.728
2026-05-11 09:37:00-04:00,130.72,130.76,130.25,130.56,5430.0,130.559
2026-05-11 09:38:00-04:00,130.59,130.72,130.36,130.37,6440.0,130.514
2026-05-11 09:39:00-04:00,130.34,130.42,129.96,129.97,4027.0,130.281
2026-05-11 09:40:00-04:00,130.04,130.44,130.04,130.22,1340.0,130.275
2026-05-11 09:41:00-04:00,130.0,130.16,129.96,130.01,2198.0,130.042
2026-05-11 09:42:00-04:00,130.0,130.0,129.67,129.67,1017.0,129.873
2026-05-11 09:43:00-04:00,129.78,129.78,128.85,128.94,2465.0,129.253
2026-05-11 09:44:00-04:00,128.94,129.31,128.93,129.05,950.0,129.152
2026-05-11 09:45:00-04:00,129.01,129.08,128.77,129.0,2907.0,128.997
2026-05-11 09:46:00-04:00,128.77,129.01,128.29,128.9,3579.0,128.764
2026-05-11 09:47:00-04:00,128.95,129.11,128.77,129.09,1553.0,128.954
2026-05-11 09:48:00-04:00,128.54,128.81,128.53,128.77,1761.0,128.651
2026-05-11 09:49:00-04:00,128.53,128.7,128.28,128.33,3805.0,128.479
2026-05-11 09:50:00-04:00,128.51,128.58,128.28,128.49,1628.0,128.465
2026-05-11 09:51:00-04:00,128.49,128.55,128.28,128.29,2899.0,128.455
2026-05-11 09:52:00-04:00,128.21,128.21,128.0,128.12,2250.0,128.116
2026-05-11 09:53:00-04:00,128.19,128.21,127.99,128.17,1555.0,128.118
2026-05-11 09:54:00-04:00,127.97,128.24,127.78,127.81,1328.0,127.969
2026-05-11 09:55:00-04:00,127.84,127.93,127.79,127.93,2087.0,127.914
2026-05-11 09:56:00-04:00,127.93,128.09,127.92,128.04,2234.0,127.981
2026-05-11 09:57:00-04:00,127.77,127.98,127.74,127.83,2889.0,127.85
2026-05-11 09:58:00-04:00,127.61,127.95,127.6,127.95,3154.0,127.778
2026-05-11 09:59:00-04:00,127.95,128.07,127.94,127.95,900.0,127.975
2026-05-11 10:00:00-04:00,127.96,128.83,127.93,128.59,5104.0,128.265
2026-05-11 10:01:00-04:00,128.8,128.81,128.58,128.67,1200.0,128.691
2026-05-11 10:02:00-04:00,128.79,128.82,128.5,128.76,2913.0,128.611
2026-05-11 10:03:00-04:00,128.79,128.79,128.21,128.33,13661.0,128.445
2026-05-11 10:04:00-04:00,128.24,128.33,127.9,128.07,14797.0,128.181
2026-05-11 10:05:00-04:00,127.9,128.25,127.9,128.01,25373.0,128.075
2026-05-11 10:06:00-04:00,128.01,128.36,128.01,128.3,10607.0,128.227
2026-05-11 10:07:00-04:00,128.34,128.39,128.25,128.25,3345.0,128.335
2026-05-11 10:08:00-04:00,128.38,128.58,128.26,128.45,10589.0,128.49
2026-05-11 10:09:00-04:00,128.27,128.32,128.07,128.31,3494.0,128.269
2026-05-11 10:10:00-04:00,128.11,128.45,128.11,128.36,1265.0,128.304
2026-05-11 10:11:00-04:00,128.35,128.38,128.27,128.27,951.0,128.351
2026-05-11 10:12:00-04:00,128.27,128.36,128.24,128.36,1400.0,128.258
2026-05-11 10:13:00-04:00,128.31,128.31,128.04,128.07,4532.0,128.157
2026-05-11 10:14:00-04:00,128.09,128.25,128.01,128.19,2445.0,128.168
2026-05-11 10:15:00-04:00,128.2,128.53,128.2,128.44,4353.0,128.4
2026-05-11 10:16:00-04:00,128.36,128.44,128.34,128.34,500.0,128.368
2026-05-11 10:17:00-04:00,128.44,128.44,128.15,128.29,2900.0,128.341
2026-05-11 10:18:00-04:00,128.29,128.3,128.29,128.29,900.0,128.29
2026-05-11 10:19:00-04:00,128.29,128.32,128.29,128.31,1315.0,128.306
2026-05-11 10:20:00-04:00,128.31,128.37,128.27,128.37,824.0,128.318
2026-05-11 10:21:00-04:00,128.38,128.43,128.32,128.32,1432.0,128.375
2026-05-11 10:22:00-04:00,128.3,128.53,128.3,128.38,6069.0,128.401
2026-05-11 10:23:00-04:00,128.42,128.45,128.31,128.38,1265.0,128.401
2026-05-11 10:24:00-04:00,128.38,128.38,128.37,128.38,1400.0,128.375
2026-05-11 10:25:00-04:00,128.4,128.62,128.4,128.47,7679.0,128.519
2026-05-11 10:26:00-04:00,128.47,128.47,128.47,128.47,0.0,128.47
2026-05-11 10:27:00-04:00,128.38,128.4,128.12,128.15,5775.0,128.341
2026-05-11 10:28:00-04:00,128.17,128.34,128.04,128.05,4884.0,128.186
2026-05-11 10:29:00-04:00,128.03,128.04,127.79,127.92,2394.0,127.947
2026-05-11 10:30:00-04:00,127.87,128.07,127.87,128.07,696.0,128.003
2026-05-11 10:31:00-04:00,127.84,127.93,127.74,127.75,4385.0,127.832
2026-05-11 10:32:00-04:00,127.75,128.02,127.65,127.95,3421.0,127.841
2026-05-11 10:33:00-04:00,127.94,128.0,127.94,128.0,400.0,127.958
2026-05-11 10:34:00-04:00,127.83,127.84,127.63,127.81,2200.0,127.791
2026-05-11 10:35:00-04:00,127.71,127.81,127.51,127.62,2649.0,127.612
2026-05-11 10:36:00-04:00,127.64,127.66,127.53,127.63,1070.0,127.596
2026-05-11 10:37:00-04:00,127.73,128.31,127.72,128.09,7825.0,127.822
2026-05-11 10:38:00-04:00,128.09,128.23,127.91,128.22,3919.0,128.147
2026-05-11 10:39:00-04:00,128.22,128.3,128.22,128.3,475.0,128.258
2026-05-11 10:40:00-04:00,128.3,128.5,128.3,128.38,1900.0,128.395
2026-05-11 10:41:00-04:00,128.38,128.38,128.02,128.21,4224.0,128.246
2026-05-11 10:42:00-04:00,128.04,128.2,127.95,128.0,4587.0,128.095
2026-05-11 10:43:00-04:00,128.11,128.11,128.1,128.11,200.0,128.105
2026-05-11 10:44:00-04:00,128.01,128.15,128.01,128.15,800.0,128.119
2026-05-11 10:45:00-04:00,128.15,128.29,128.12,128.24,3400.0,128.232
2026-05-11 10:46:00-04:00,128.16,128.24,128.05,128.07,1000.0,128.146
2026-05-11 10:47:00-04:00,128.18,128.18,127.95,128.09,3241.0,128.055
2026-05-11 10:48:00-04:00,128.09,128.09,127.92,128.06,3584.0,128.07
2026-05-11 10:49:00-04:00,128.05,128.05,128.05,128.05,100.0,128.05
2026-05-11 10:50:00-04:00,128.05,128.05,128.04,128.05,200.0,128.045
2026-05-11 10:51:00-04:00,127.97,128.14,127.84,128.08,7110.0,127.955
2026-05-11 10:52:00-04:00,128.08,128.08,127.99,128.01,4280.0,128.023
2026-05-11 10:53:00-04:00,128.01,128.01,127.52,127.86,38933.0,127.789
2026-05-11 10:54:00-04:00,127.86,127.86,127.85,127.86,485.0,127.855
2026-05-11 10:55:00-04:00,128.02,128.06,128.02,128.06,894.0,128.038
2026-05-11 10:56:00-04:00,128.03,128.06,127.92,127.94,3992.0,128.008
2026-05-11 10:57:00-04:00,127.94,127.94,127.88,127.88,1350.0,127.884
2026-05-11 10:58:00-04:00,127.99,128.05,127.98,128.02,1250.0,128.015
2026-05-11 10:59:00-04:00,127.96,128.09,127.96,128.09,503.0,128.016
2026-05-11 11:00:00-04:00,128.16,128.19,128.13,128.16,3134.0,128.162
2026-05-11 11:01:00-04:00,128.16,128.16,128.05,128.05,591.0,128.108
2026-05-11 11:02:00-04:00,128.16,128.32,128.16,128.32,1019.0,128.25
2026-05-11 11:03:00-04:00,128.36,128.38,128.17,128.17,1012.0,128.287
2026-05-11 11:04:00-04:00,128.22,128.37,128.22,128.34,1341.0,128.314
2026-05-11 11:05:00-04:00,128.25,128.32,128.23,128.28,1396.0,128.25
2026-05-11 11:06:00-04:00,128.27,128.38,128.2,128.38,434.0,128.3
2026-05-11 11:07:00-04:00,128.21,128.34,128.21,128.34,1300.0,128.325
2026-05-11 11:08:00-04:00,128.34,128.45,128.34,128.4,1727.0,128.397
2026-05-11 11:09:00-04:00,128.4,128.43,128.29,128.3,1405.0,128.36
2026-05-11 11:10:00-04:00,128.34,128.39,128.34,128.37,1427.0,128.364
2026-05-11 11:11:00-04:00,128.48,128.5,128.48,128.48,645.0,128.484
2026-05-11 11:12:00-04:00,128.52,128.68,128.48,128.67,4604.0,128.563
2026-05-11 11:13:00-04:00,128.56,128.57,128.54,128.55,200.0,128.555
2026-05-11 11:14:00-04:00,128.55,128.55,128.35,128.37,2466.0,128.408
2026-05-11 11:15:00-04:00,128.21,128.3,128.18,128.3,600.0,128.225
2026-05-11 11:16:00-04:00,128.22,128.42,128.22,128.31,1765.0,128.344
2026-05-11 11:17:00-04:00,128.31,128.38,128.31,128.38,770.0,128.364
2026-05-11 11:18:00-04:00,128.34,128.35,128.26,128.34,794.0,128.326
2026-05-11 11:19:00-04:00,128.34,128.43,128.29,128.32,5900.0,128.414
2026-05-11 11:20:00-04:00,128.32,128.32,128.14,128.14,3355.0,128.229
2026-05-11 11:21:00-04:00,128.23,128.3,128.21,128.28,1360.0,128.254
2026-05-11 11:22:00-04:00,128.31,128.34,128.31,128.34,200.0,128.323
2026-05-11 11:23:00-04:00,128.21,128.21,128.06,128.06,2786.0,128.133
2026-05-11 11:24:00-04:00,128.05,128.23,128.03,128.22,1149.0,128.156
2026-05-11 11:25:00-04:00,128.19,128.24,128.16,128.16,4367.0,128.163
2026-05-11 11:26:00-04:00,128.17,128.17,128.0,128.11,3583.0,128.081
2026-05-11 11:27:00-04:00,128.19,128.28,128.19,128.28,2355.0,128.248
2026-05-11 11:28:00-04:00,128.24,128.41,128.17,128.41,1583.0,128.309
2026-05-11 11:29:00-04:00,128.44,128.44,128.38,128.38,1100.0,128.407
2026-05-11 11:30:00-04:00,128.39,128.39,128.38,128.38,476.0,128.383
2026-05-11 11:31:00-04:00,128.3,128.37,128.29,128.29,940.0,128.305
2026-05-11 11:32:00-04:00,128.15,128.27,128.14,128.27,1697.0,128.181
2026-05-11 11:33:00-04:00,128.22,128.22,128.22,128.22,369.0,128.22
2026-05-11 11:34:00-04:00,128.21,128.35,128.21,128.35,200.0,128.28
2026-05-11 11:35:00-04:00,128.33,128.46,128.32,128.42,2722.0,128.42
2026-05-11 11:36:00-04:00,128.45,128.45,128.45,128.45,448.0,128.45
2026-05-11 11:37:00-04:00,128.5,128.57,128.49,128.52,900.0,128.537
2026-05-11 11:38:00-04:00,128.57,128.57,128.5,128.55,999.0,128.549
2026-05-11 11:39:00-04:00,128.53,128.65,128.5,128.65,2794.0,128.584
2026-05-11 11:40:00-04:00,128.63,128.67,128.62,128.64,1300.0,128.644
2026-05-11 11:41:00-04:00,128.59,128.63,128.5,128.63,1306.0,128.563
2026-05-11 11:42:00-04:00,128.59,128.59,128.5,128.59,500.0,128.568
2026-05-11 11:43:00-04:00,128.59,128.59,128.54,128.59,500.0,128.579
2026-05-11 11:44:00-04:00,128.67,128.92,128.66,128.8,3550.0,128.802
2026-05-11 11:45:00-04:00,128.8,128.9,128.8,128.9,2283.0,128.874
2026-05-11 11:46:00-04:00,128.71,128.73,128.64,128.73,400.0,128.695
2026-05-11 11:47:00-04:00,128.57,128.68,128.53,128.61,1910.0,128.633
2026-05-11 11:48:00-04:00,128.61,128.61,128.51,128.51,700.0,128.576
2026-05-11 11:49:00-04:00,128.61,128.72,128.61,128.72,2600.0,128.699
2026-05-11 11:50:00-04:00,128.7,128.7,128.68,128.69,393.0,128.693
2026-05-11 11:51:00-04:00,128.69,128.72,128.68,128.72,300.0,128.705
2026-05-11 11:52:00-04:00,128.8,128.8,128.7,128.75,698.0,128.736
2026-05-11 11:53:00-04:00,128.75,128.83,128.74,128.83,1500.0,128.782
2026-05-11 11:54:00-04:00,128.86,128.87,128.86,128.87,215.0,128.862
2026-05-11 11:55:00-04:00,128.9,128.96,128.86,128.89,3057.0,128.924
2026-05-11 11:56:00-04:00,128.9,128.9,128.72,128.72,1612.0,128.816
2026-05-11 11:57:00-04:00,128.74,128.74,128.69,128.7,1753.0,128.702
2026-05-11 11:58:00-04:00,128.7,128.76,128.69,128.75,452.0,128.722
2026-05-11 11:59:00-04:00,128.75,128.76,128.68,128.68,1495.0,128.74
2026-05-11 12:00:00-04:00,128.76,128.84,128.76,128.84,700.0,128.794
2026-05-11 12:01:00-04:00,128.81,128.81,128.68,128.68,1607.0,128.702
2026-05-11 12:02:00-04:00,128.76,128.76,128.75,128.76,100.0,128.755
2026-05-11 12:03:00-04:00,128.76,128.76,128.67,128.75,1890.0,128.706
2026-05-11 12:04:00-04:00,128.76,128.81,128.74,128.81,2473.0,128.784
2026-05-11 12:05:00-04:00,128.76,128.81,128.7,128.71,1673.0,128.78
2026-05-11 12:06:00-04:00,128.72,128.89,128.7,128.89,3369.0,128.767
2026-05-11 12:07:00-04:00,128.85,128.86,128.84,128.84,1579.0,128.848
2026-05-11 12:08:00-04:00,128.84,128.91,128.84,128.91,1755.0,128.882
2026-05-11 12:09:00-04:00,128.91,128.91,128.9,128.91,1200.0,128.905
2026-05-11 12:10:00-04:00,128.9,128.9,128.77,128.85,2000.0,128.847
2026-05-11 12:11:00-04:00,128.85,128.85,128.85,128.85,0.0,128.85
2026-05-11 12:12:00-04:00,128.84,128.92,128.83,128.92,929.0,128.888
2026-05-11 12:13:00-04:00,128.97,129.03,128.88,129.01,2655.0,128.95
2026-05-11 12:14:00-04:00,129.09,129.09,128.99,129.02,2500.0,129.009
2026-05-11 12:15:00-04:00,128.91,129.12,128.91,128.93,1100.0,128.97
2026-05-11 12:16:00-04:00,129.04,129.23,129.03,129.23,2207.0,129.09
2026-05-11 12:17:00-04:00,129.18,129.39,129.14,129.14,5110.0,129.257
2026-05-11 12:18:00-04:00,129.07,129.12,128.83,129.09,2454.0,129.033
2026-05-11 12:19:00-04:00,129.09,129.09,129.08,129.08,600.0,129.083
2026-05-11 12:20:00-04:00,129.08,129.08,129.0,129.01,1571.0,129.074
2026-05-11 12:21:00-04:00,129.06,129.07,129.06,129.06,445.0,129.065
2026-05-11 12:22:00-04:00,129.08,129.2,129.08,129.15,800.0,129.153
2026-05-11 12:23:00-04:00,129.19,129.24,129.19,129.19,600.0,129.219
2026-05-11 12:24:00-04:00,129.21,129.21,129.2,129.21,300.0,129.205
2026-05-11 12:25:00-04:00,129.19,129.42,129.16,129.33,4102.0,129.278
2026-05-11 12:26:00-04:00,129.35,129.35,129.33,129.33,225.0,129.341
2026-05-11 12:27:00-04:00,129.4,129.47,129.4,129.47,1076.0,129.429
2026-05-11 12:28:00-04:00,129.34,129.35,129.21,129.35,300.0,129.302
2026-05-11 12:29:00-04:00,129.35,129.52,129.34,129.52,1092.0,129.417
2026-05-11 12:30:00-04:00,129.45,129.45,129.44,129.45,102.0,129.445
2026-05-11 12:31:00-04:00,129.44,129.58,129.43,129.58,200.0,129.508
2026-05-11 12:32:00-04:00,129.49,129.49,129.49,129.49,255.0,129.49
2026-05-11 12:33:00-04:00,129.5,129.59,129.5,129.59,600.0,129.556
2026-05-11 12:34:00-04:00,129.61,129.61,129.6,129.61,600.0,129.605
2026-05-11 12:35:00-04:00,129.4,129.52,129.4,129.52,859.0,129.428
2026-05-11 12:36:00-04:00,129.52,129.59,129.46,129.47,800.0,129.522
2026-05-11 12:37:00-04:00,129.52,129.75,129.52,129.75,1837.0,129.64
2026-05-11 12:38:00-04:00,129.75,129.75,129.58,129.61,6609.0,129.695
2026-05-11 12:39:00-04:00,129.62,129.62,129.42,129.51,3464.0,129.544
2026-05-11 12:40:00-04:00,129.42,129.42,129.42,129.42,400.0,129.42
2026-05-11 12:41:00-04:00,129.45,129.45,129.31,129.31,1995.0,129.432
2026-05-11 12:42:00-04:00,129.31,129.36,128.86,129.02,5423.0,129.159
2026-05-11 12:43:00-04:00,128.92,129.08,128.92,129.06,747.0,129.03
2026-05-11 12:44:00-04:00,129.08,129.21,129.07,129.21,2907.0,129.089
2026-05-11 12:45:00-04:00,129.16,129.22,129.16,129.19,500.0,129.2
2026-05-11 12:46:00-04:00,129.28,129.37,129.2,129.35,6752.0,129.263
2026-05-11 12:47:00-04:00,129.36,129.54,129.36,129.53,1931.0,129.474
2026-05-11 12:48:00-04:00,129.55,129.56,129.53,129.56,1700.0,129.548
2026-05-11 12:49:00-04:00,129.54,129.62,129.48,129.49,4029.0,129.57
2026-05-11 12:50:00-04:00,129.49,129.49,129.48,129.49,296.0,129.485
2026-05-11 12:51:00-04:00,129.49,129.49,129.49,129.49,0.0,129.49
2026-05-11 12:52:00-04:00,129.43,129.43,129.42,129.42,1030.0,129.427
2026-05-11 12:53:00-04:00,129.39,129.39,129.39,129.39,100.0,129.39
2026-05-11 12:54:00-04:00,129.41,129.41,129.33,129.33,2351.0,129.354
2026-05-11 12:55:00-04:00,129.36,129.36,129.25,129.25,400.0,129.305
2026-05-11 12:56:00-04:00,129.26,129.26,129.26,129.26,102.0,129.26
2026-05-11 12:57:00-04:00,129.36,129.39,129.13,129.13,3948.0,129.348
2026-05-11 12:58:00-04:00,129.21,129.28,129.16,129.28,499.0,129.243
2026-05-11 12:59:00-04:00,129.27,129.27,129.14,129.14,625.0,129.223
2026-05-11 13:00:00-04:00,129.32,129.32,129.32,129.32,130.0,129.32
2026-05-11 13:01:00-04:00,129.28,129.38,129.28,129.37,993.0,129.327
2026-05-11 13:02:00-04:00,129.28,129.4,129.28,129.34,3346.0,129.388
2026-05-11 13:03:00-04:00,129.4,129.45,129.4,129.45,839.0,129.42
2026-05-11 13:04:00-04:00,129.4,129.5,129.4,129.5,1965.0,129.432
2026-05-11 13:05:00-04:00,129.41,129.41,129.23,129.32,6206.0,129.314
2026-05-11 13:06:00-04:00,129.32,129.35,129.15,129.28,4435.0,129.238
2026-05-11 13:07:00-04:00,129.36,129.36,129.36,129.36,100.0,129.36
2026-05-11 13:08:00-04:00,129.39,129.39,129.29,129.31,2237.0,129.364
2026-05-11 13:09:00-04:00,129.3,129.3,129.3,129.3,100.0,129.3
2026-05-11 13:10:00-04:00,129.21,129.46,129.21,129.33,695.0,129.347
2026-05-11 13:11:00-04:00,129.33,129.45,129.3,129.3,542.0,129.391
2026-05-11 13:12:00-04:00,129.22,129.45,129.22,129.43,4184.0,129.325
2026-05-11 13:13:00-04:00,129.33,129.33,129.32,129.32,800.0,129.323
2026-05-11 13:14:00-04:00,129.31,129.39,129.31,129.31,1311.0,129.32
2026-05-11 13:15:00-04:00,129.31,129.31,129.17,129.27,1827.0,129.249
2026-05-11 13:16:00-04:00,129.27,129.27,129.26,129.26,400.0,129.264
2026-05-11 13:17:00-04:00,129.27,129.32,129.27,129.32,400.0,129.283
2026-05-11 13:18:00-04:00,129.32,129.32,129.27,129.31,1011.0,129.302
2026-05-11 13:19:00-04:00,129.37,129.37,129.27,129.32,613.0,129.319
2026-05-11 13:20:00-04:00,129.32,129.32,129.25,129.25,1599.0,129.282
2026-05-11 13:21:00-04:00,129.28,129.36,129.27,129.36,436.0,129.333
2026-05-11 13:22:00-04:00,129.33,129.34,129.27,129.34,1408.0,129.332
2026-05-11 13:23:00-04:00,129.26,129.32,129.26,129.32,522.0,129.271
2026-05-11 13:24:00-04:00,129.3,129.42,129.28,129.42,2066.0,129.362
2026-05-11 13:25:00-04:00,129.43,129.44,129.43,129.44,300.0,129.433
2026-05-11 13:26:00-04:00,129.38,129.44,129.37,129.44,250.0,129.414
2026-05-11 13:27:00-04:00,129.38,129.48,129.27,129.34,3702.0,129.367
2026-05-11 13:28:00-04:00,129.25,129.28,129.22,129.22,524.0,129.263
2026-05-11 13:29:00-04:00,129.27,129.58,129.27,129.53,3826.0,129.447
2026-05-11 13:30:00-04:00,129.55,129.61,129.54,129.58,500.0,129.585
2026-05-11 13:31:00-04:00,129.63,129.67,129.6,129.64,1900.0,129.622
2026-05-11 13:32:00-04:00,129.64,129.69,129.54,129.55,1500.0,129.619
2026-05-11 13:33:00-04:00,129.55,129.64,129.52,129.57,1442.0,129.57
2026-05-11 13:34:00-04:00,129.61,129.71,129.61,129.66,1080.0,129.651
2026-05-11 13:35:00-04:00,129.63,129.63,129.58,129.63,1209.0,129.615
2026-05-11 13:36:00-04:00,129.63,129.63,129.62,129.63,2000.0,129.63
2026-05-11 13:37:00-04:00,129.63,129.68,129.62,129.68,1447.0,129.63
2026-05-11 13:38:00-04:00,129.7,129.73,129.69,129.7,1865.0,129.7
2026-05-11 13:39:00-04:00,129.67,129.76,129.67,129.74,1013.0,129.712
2026-05-11 13:40:00-04:00,129.68,129.73,129.65,129.68,1844.0,129.678
2026-05-11 13:41:00-04:00,129.68,129.68,129.45,129.6,2977.0,129.525
2026-05-11 13:42:00-04:00,129.5,129.5,129.41,129.43,2400.0,129.478
2026-05-11 13:43:00-04:00,129.43,129.47,129.37,129.39,1070.0,129.428
2026-05-11 13:44:00-04:00,129.39,129.39,129.39,129.39,0.0,129.39
2026-05-11 13:45:00-04:00,129.48,129.48,129.42,129.43,450.0,129.449
2026-05-11 13:46:00-04:00,129.5,129.52,129.5,129.52,476.0,129.506
2026-05-11 13:47:00-04:00,129.49,129.52,129.44,129.44,1013.0,129.455
2026-05-11 13:48:00-04:00,129.44,129.46,129.4,129.43,540.0,129.436
2026-05-11 13:49:00-04:00,129.5,129.5,129.45,129.46,525.0,129.484
2026-05-11 13:50:00-04:00,129.38,129.48,129.38,129.44,900.0,129.453
2026-05-11 13:51:00-04:00,129.44,129.44,129.44,129.44,100.0,129.44
2026-05-11 13:52:00-04:00,129.42,129.42,129.35,129.37,2578.0,129.377
2026-05-11 13:53:00-04:00,129.37,129.37,129.36,129.37,200.0,129.365
2026-05-11 13:54:00-04:00,129.35,129.35,129.34,129.34,484.0,129.348
2026-05-11 13:55:00-04:00,129.34,129.42,128.91,129.42,19415.0,129.365
2026-05-11 13:56:00-04:00,129.31,129.37,129.31,129.31,794.0,129.322
2026-05-11 13:57:00-04:00,129.28,129.32,129.27,129.31,712.0,129.297
2026-05-11 13:58:00-04:00,129.31,129.38,129.31,129.31,1200.0,129.32
2026-05-11 13:59:00-04:00,129.31,129.31,129.2,129.31,1042.0,129.279
2026-05-11 14:00:00-04:00,129.31,129.34,129.31,129.31,473.0,129.318
2026-05-11 14:01:00-04:00,129.42,129.49,129.32,129.49,2383.0,129.393
2026-05-11 14:02:00-04:00,129.47,129.54,129.47,129.54,1600.0,129.486
2026-05-11 14:03:00-04:00,129.52,129.62,129.5,129.59,1284.0,129.569
2026-05-11 14:04:00-04:00,129.6,129.68,129.56,129.59,7705.0,129.612
2026-05-11 14:05:00-04:00,129.6,129.61,129.59,129.59,1296.0,129.595
2026-05-11 14:06:00-04:00,129.59,129.59,129.59,129.59,200.0,129.59
2026-05-11 14:07:00-04:00,129.58,129.9,129.58,129.84,4254.0,129.79
2026-05-11 14:08:00-04:00,129.8,129.94,129.8,129.89,4500.0,129.874
2026-05-11 14:09:00-04:00,129.89,129.89,129.89,129.89,500.0,129.89
2026-05-11 14:10:00-04:00,129.89,129.89,129.79,129.88,1343.0,129.879
2026-05-11 14:11:00-04:00,129.88,129.88,129.76,129.84,1200.0,129.836
2026-05-11 14:12:00-04:00,129.75,129.95,129.72,129.72,584.0,129.8
2026-05-11 14:13:00-04:00,129.88,129.97,129.79,129.83,2220.0,129.9
2026-05-11 14:14:00-04:00,129.84,129.84,129.63,129.65,2577.0,129.703
2026-05-11 14:15:00-04:00,129.72,129.86,129.65,129.75,3152.0,129.735
2026-05-11 14:16:00-04:00,129.72,129.72,129.72,129.72,100.0,129.72
2026-05-11 14:17:00-04:00,129.71,129.71,129.71,129.71,200.0,129.71
2026-05-11 14:18:00-04:00,129.73,129.73,129.72,129.73,100.0,129.725
2026-05-11 14:19:00-04:00,129.88,129.89,129.76,129.89,10463.0,129.811
2026-05-11 14:20:00-04:00,129.93,130.04,129.83,129.94,11956.0,129.974
2026-05-11 14:21:00-04:00,129.96,129.96,129.95,129.96,143.0,129.955
2026-05-11 14:22:00-04:00,129.96,130.0,129.96,130.0,200.0,129.98
2026-05-11 14:23:00-04:00,130.08,130.19,130.06,130.15,2100.0,130.105
2026-05-11 14:24:00-04:00,130.03,130.2,130.03,130.08,3112.0,130.168
2026-05-11 14:25:00-04:00,130.06,130.09,129.95,130.0,2114.0,130.011
2026-05-11 14:26:00-04:00,130.12,130.12,129.88,129.98,3120.0,129.935
2026-05-11 14:27:00-04:00,129.98,129.98,129.8,129.88,4665.0,129.879
2026-05-11 14:28:00-04:00,129.88,129.95,129.78,129.9,1554.0,129.888
2026-05-11 14:29:00-04:00,129.99,130.0,129.74,129.8,2499.0,129.868
2026-05-11 14:30:00-04:00,129.8,129.8,129.24,129.4,4687.0,129.573
2026-05-11 14:31:00-04:00,129.4,129.41,129.4,129.41,200.0,129.405
2026-05-11 14:32:00-04:00,129.42,129.54,129.42,129.53,274.0,129.492
2026-05-11 14:33:00-04:00,129.53,129.55,129.51,129.55,708.0,129.537
2026-05-11 14:34:00-04:00,129.55,129.55,129.41,129.42,3196.0,129.465
2026-05-11 14:35:00-04:00,129.53,129.81,129.42,129.7,4474.0,129.682
2026-05-11 14:36:00-04:00,129.63,129.73,129.51,129.63,7009.0,129.635
2026-05-11 14:37:00-04:00,129.63,129.78,129.24,129.24,7525.0,129.53
2026-05-11 14:38:00-04:00,129.18,129.25,129.04,129.25,1309.0,129.193
2026-05-11 14:39:00-04:00,129.35,129.45,129.04,129.06,1955.0,129.216
2026-05-11 14:40:00-04:00,129.06,129.15,129.06,129.15,831.0,129.103
2026-05-11 14:41:00-04:00,129.28,129.28,129.14,129.19,1660.0,129.239
2026-05-11 14:42:00-04:00,129.28,129.29,129.19,129.25,1124.0,129.255
2026-05-11 14:43:00-04:00,129.3,129.3,129.19,129.21,2438.0,129.261
2026-05-11 14:44:00-04:00,129.21,129.22,129.18,129.22,1707.0,129.207
2026-05-11 14:45:00-04:00,129.12,129.22,129.12,129.22,400.0,129.191
2026-05-11 14:46:00-04:00,129.22,129.49,129.21,129.49,1550.0,129.349
2026-05-11 14:47:00-04:00,129.47,129.47,129.47,129.47,467.0,129.47
2026-05-11 14:48:00-04:00,129.5,129.74,129.5,129.74,1008.0,129.669
2026-05-11 14:49:00-04:00,129.74,129.74,129.49,129.56,4368.0,129.6
2026-05-11 14:50:00-04:00,129.55,129.56,129.5,129.56,1058.0,129.548
2026-05-11 14:51:00-04:00,129.56,129.64,129.56,129.64,243.0,129.596
2026-05-11 14:52:00-04:00,129.61,129.61,129.61,129.61,137.0,129.61
2026-05-11 14:53:00-04:00,129.62,129.65,129.61,129.63,500.0,129.623
2026-05-11 14:54:00-04:00,129.5,129.57,129.46,129.48,2090.0,129.484
2026-05-11 14:55:00-04:00,129.48,129.54,129.44,129.54,1600.0,129.484
2026-05-11 14:56:00-04:00,129.59,129.59,129.58,129.59,300.0,129.59
2026-05-11 14:57:00-04:00,129.47,129.47,129.34,129.4,2556.0,129.397
2026-05-11 14:58:00-04:00,129.37,129.37,129.13,129.26,8064.0,129.23
2026-05-11 14:59:00-04:00,129.24,129.24,128.76,128.78,14000.0,128.982
2026-05-11 15:00:00-04:00,128.78,128.97,128.77,128.96,1785.0,128.916
2026-05-11 15:01:00-04:00,128.96,129.03,128.92,128.92,5273.0,128.959
2026-05-11 15:02:00-04:00,128.98,128.98,128.86,128.87,1695.0,128.91
2026-05-11 15:03:00-04:00,128.87,128.87,128.75,128.87,1400.0,128.856
2026-05-11 15:04:00-04:00,128.87,128.87,128.86,128.87,400.0,128.869
2026-05-11 15:05:00-04:00,129.02,129.03,128.93,128.93,3600.0,128.991
2026-05-11 15:06:00-04:00,129.1,129.1,128.98,129.04,4300.0,129.052
2026-05-11 15:07:00-04:00,129.06,129.13,129.03,129.03,651.0,129.064
2026-05-11 15:08:00-04:00,129.05,129.05,129.04,129.05,750.0,129.045
2026-05-11 15:09:00-04:00,129.04,129.04,128.9,128.93,1998.0,128.955
2026-05-11 15:10:00-04:00,128.87,128.98,128.86,128.98,3651.0,128.943
2026-05-11 15:11:00-04:00,128.97,129.01,128.97,128.97,1364.0,128.974
2026-05-11 15:12:00-04:00,129.08,129.08,128.97,128.98,1361.0,129.0
2026-05-11 15:13:00-04:00,128.98,128.98,128.88,128.88,2218.0,128.93
2026-05-11 15:14:00-04:00,128.9,128.95,128.88,128.9,1127.0,128.905
2026-05-11 15:15:00-04:00,128.98,129.06,128.84,129.05,2187.0,128.934
2026-05-11 15:16:00-04:00,128.98,128.98,128.72,128.73,1257.0,128.819
2026-05-11 15:17:00-04:00,128.78,128.79,128.77,128.78,900.0,128.783
2026-05-11 15:18:00-04:00,128.87,128.91,128.8,128.84,1162.0,128.857
2026-05-11 15:19:00-04:00,128.83,128.84,128.81,128.84,926.0,128.826
2026-05-11 15:20:00-04:00,128.9,128.93,128.83,128.85,600.0,128.863
2026-05-11 15:21:00-04:00,128.84,128.98,128.83,128.95,1503.0,128.945
2026-05-11 15:22:00-04:00,128.87,129.02,128.83,128.93,28920.0,128.924
2026-05-11 15:23:00-04:00,128.94,129.14,128.93,129.05,1124.0,129.065
2026-05-11 15:24:00-04:00,129.06,129.07,129.06,129.06,502.0,129.065
2026-05-11 15:25:00-04:00,129.03,129.05,129.03,129.04,400.0,129.039
2026-05-11 15:26:00-04:00,129.05,129.11,129.05,129.11,2149.0,129.056
2026-05-11 15:27:00-04:00,129.06,129.09,128.93,129.01,20794.0,129.011
2026-05-11 15:28:00-04:00,129.01,129.01,128.86,128.92,4637.0,128.919
2026-05-11 15:29:00-04:00,128.89,128.89,128.75,128.84,9943.0,128.869
2026-05-11 15:30:00-04:00,128.84,128.84,128.72,128.78,1314.0,128.78
2026-05-11 15:31:00-04:00,128.76,128.78,128.51,128.66,6042.0,128.626
2026-05-11 15:32:00-04:00,128.76,128.9,128.65,128.9,2590.0,128.75
2026-05-11 15:33:00-04:00,128.83,128.83,128.8,128.8,780.0,128.822
2026-05-11 15:34:00-04:00,128.75,128.8,128.71,128.77,1229.0,128.778
2026-05-11 15:35:00-04:00,128.67,128.77,128.67,128.67,1369.0,128.724
2026-05-11 15:36:00-04:00,128.77,128.77,128.64,128.66,8790.0,128.682
2026-05-11 15:37:00-04:00,128.65,128.89,128.65,128.85,3068.0,128.756
2026-05-11 15:38:00-04:00,128.76,128.82,128.74,128.82,700.0,128.774
2026-05-11 15:39:00-04:00,128.81,128.87,128.58,128.59,4049.0,128.696
2026-05-11 15:40:00-04:00,128.63,128.74,128.62,128.66,1851.0,128.7
2026-05-11 15:41:00-04:00,128.67,128.74,128.59,128.61,2497.0,128.67
2026-05-11 15:42:00-04:00,128.58,128.61,128.44,128.44,1988.0,128.544
2026-05-11 15:43:00-04:00,128.45,128.46,128.38,128.38,2110.0,128.417
2026-05-11 15:44:00-04:00,128.41,128.48,128.29,128.36,1418.0,128.384
2026-05-11 15:45:00-04:00,128.36,128.49,128.34,128.34,5081.0,128.418
2026-05-11 15:46:00-04:00,128.43,128.43,128.34,128.37,2124.0,128.356
2026-05-11 15:47:00-04:00,128.37,128.46,128.2,128.22,3408.0,128.306
2026-05-11 15:48:00-04:00,128.2,128.28,128.16,128.22,2853.0,128.213
2026-05-11 15:49:00-04:00,128.27,128.27,128.14,128.24,1239.0,128.208
2026-05-11 15:50:00-04:00,128.14,128.3,128.14,128.25,3061.0,128.236
2026-05-11 15:51:00-04:00,128.21,128.23,128.0,128.0,5250.0,128.128
2026-05-11 15:52:00-04:00,128.02,128.07,127.96,127.97,5179.0,128.005
2026-05-11 15:53:00-04:00,127.99,128.07,127.94,127.94,8844.0,128.014
2026-05-11 15:54:00-04:00,128.03,128.18,128.01,128.18,7659.0,128.064
2026-05-11 15:55:00-04:00,128.06,128.1,127.81,127.92,13838.0,127.95
2026-05-11 15:56:00-04:00,127.91,128.1,127.85,127.95,11738.0,127.983
2026-05-11 15:57:00-04:00,128.11,128.19,127.95,128.16,19496.0,128.072
2026-05-11 15:58:00-04:00,128.12,128.22,128.1,128.15,32158.0,128.171
2026-05-11 15:59:00-04:00,128.14,128.17,127.98,128.01,30558.0,128.05
2026-05-12 09:30:00-04:00,128.02,128.02,126.54,126.93,19973.0,126.722
2026-05-12 09:31:00-04:00,127.52,127.52,127.24,127.33,557.0,127.378
2026-05-12 09:32:00-04:00,127.14,127.98,127.14,127.98,2226.0,127.432
2026-05-12 09:33:00-04:00,127.94,128.01,127.94,128.01,2187.0,127.991
2026-05-12 09:34:00-04:00,127.53,127.86,127.27,127.28,1015.0,127.432
2026-05-12 09:35:00-04:00,127.35,127.47,127.35,127.39,300.0,127.402
2026-05-12 09:36:00-04:00,127.12,127.12,126.72,126.72,600.0,126.928
2026-05-12 09:37:00-04:00,126.72,126.72,126.72,126.72,150.0,126.72
2026-05-12 09:38:00-04:00,126.26,126.67,126.0,126.21,3877.0,126.245
2026-05-12 09:39:00-04:00,126.41,126.73,126.38,126.57,4742.0,126.463
2026-05-12 09:40:00-04:00,126.74,127.23,126.74,126.9,2480.0,127.14
2026-05-12 09:41:00-04:00,126.77,126.9,126.57,126.77,900.0,126.687
2026-05-12 09:42:00-04:00,126.86,126.9,126.58,126.58,400.0,126.729
2026-05-12 09:43:00-04:00,126.58,126.58,126.1,126.28,5506.0,126.428
2026-05-12 09:44:00-04:00,126.28,126.48,126.28,126.48,228.0,126.368
2026-05-12 09:45:00-04:00,126.42,126.6,126.22,126.32,1950.0,126.412
2026-05-12 09:46:00-04:00,126.21,126.22,125.97,126.17,4780.0,126.121
2026-05-12 09:47:00-04:00,126.03,126.1,125.91,125.97,2700.0,125.98
2026-05-12 09:48:00-04:00,126.13,126.19,125.99,126.05,1332.0,126.087
2026-05-12 09:49:00-04:00,126.0,126.18,126.0,126.03,3393.0,126.061
2026-05-12 09:50:00-04:00,126.04,126.19,126.0,126.0,3500.0,126.083
2026-05-12 09:51:00-04:00,126.04,126.27,125.91,125.92,1951.0,126.119
2026-05-12 09:52:00-04:00,125.92,126.09,125.92,126.0,1550.0,125.987
2026-05-12 09:53:00-04:00,126.1,126.35,126.09,126.35,1700.0,126.181
2026-05-12 09:54:00-04:00,126.35,126.35,125.99,125.99,1008.0,126.17
2026-05-12 09:55:00-04:00,125.93,125.93,125.91,125.91,200.0,125.92
2026-05-12 09:56:00-04:00,126.08,126.08,125.8,125.94,2921.0,125.85
2026-05-12 09:57:00-04:00,126.04,126.28,126.04,126.25,1059.0,126.184
2026-05-12 09:58:00-04:00,126.09,126.17,125.87,125.88,2550.0,125.954
2026-05-12 09:59:00-04:00,125.85,125.93,125.5,125.84,6853.0,125.729
2026-05-12 10:00:00-04:00,125.8,125.8,125.64,125.78,1177.0,125.754
2026-05-12 10:01:00-04:00,125.76,125.76,125.7,125.7,2138.0,125.727
2026-05-12 10:02:00-04:00,125.99,126.02,125.58,126.02,1065.0,125.727
2026-05-12 10:03:00-04:00,125.81,125.81,125.78,125.78,1054.0,125.787
2026-05-12 10:04:00-04:00,125.79,125.79,125.7,125.79,1900.0,125.742
2026-05-12 10:05:00-04:00,125.96,126.08,125.96,126.06,1550.0,126.03
2026-05-12 10:06:00-04:00,126.04,126.05,125.94,126.05,700.0,125.984
2026-05-12 10:07:00-04:00,126.05,126.15,125.74,125.75,3837.0,125.97
2026-05-12 10:08:00-04:00,125.72,125.72,125.5,125.53,1100.0,125.539
2026-05-12 10:09:00-04:00,125.53,125.71,125.52,125.58,12977.0,125.58
2026-05-12 10:10:00-04:00,125.59,125.74,125.58,125.59,700.0,125.607
2026-05-12 10:11:00-04:00,125.5,125.68,125.43,125.68,2542.0,125.561
2026-05-12 10:12:00-04:00,125.56,125.58,125.34,125.34,2035.0,125.524
2026-05-12 10:13:00-04:00,125.43,125.91,125.3,125.9,11130.0,125.64
2026-05-12 10:14:00-04:00,125.9,126.01,125.89,126.01,300.0,125.933
2026-05-12 10:15:00-04:00,126.0,126.5,125.94,126.48,2764.0,126.247
2026-05-12 10:16:00-04:00,126.48,126.6,126.47,126.48,860.0,126.493
2026-05-12 10:17:00-04:00,126.34,126.38,126.18,126.18,2780.0,126.345
2026-05-12 10:18:00-04:00,126.42,126.42,126.24,126.24,1200.0,126.38
2026-05-12 10:19:00-04:00,126.23,126.38,126.23,126.38,700.0,126.359
2026-05-12 10:20:00-04:00,126.39,126.39,126.29,126.3,2700.0,126.378
2026-05-12 10:21:00-04:00,126.3,126.66,126.15,126.66,8218.0,126.424
2026-05-12 10:22:00-04:00,126.64,126.64,126.43,126.6,2532.0,126.589
2026-05-12 10:23:00-04:00,126.54,126.54,126.31,126.31,700.0,126.395
2026-05-12 10:24:00-04:00,126.2,126.4,126.2,126.4,1045.0,126.245
2026-05-12 10:25:00-04:00,126.28,126.58,126.28,126.39,900.0,126.487
2026-05-12 10:26:00-04:00,126.51,126.51,126.41,126.41,1390.0,126.473
2026-05-12 10:27:00-04:00,126.38,126.44,126.27,126.31,900.0,126.336
2026-05-12 10:28:00-04:00,126.24,126.24,126.2,126.23,760.0,126.215
2026-05-12 10:29:00-04:00,126.42,126.47,126.41,126.47,1000.0,126.426
2026-05-12 10:30:00-04:00,126.48,126.5,126.48,126.5,1100.0,126.498
2026-05-12 10:31:00-04:00,126.5,126.51,126.2,126.3,2507.0,126.425
2026-05-12 10:32:00-04:00,126.14,126.26,126.0,126.25,10508.0,126.072
2026-05-12 10:33:00-04:00,126.32,126.32,126.26,126.26,518.0,126.276
2026-05-12 10:34:00-04:00,126.25,126.25,126.1,126.23,400.0,126.187
2026-05-12 10:35:00-04:00,126.23,126.23,126.05,126.14,1400.0,126.131
2026-05-12 10:36:00-04:00,126.1,126.18,125.98,126.11,6991.0,126.093
2026-05-12 10:37:00-04:00,126.24,126.52,126.17,126.22,6700.0,126.358
2026-05-12 10:38:00-04:00,126.39,126.44,126.36,126.4,400.0,126.396
2026-05-12 10:39:00-04:00,126.42,126.52,126.32,126.49,1640.0,126.486
2026-05-12 10:40:00-04:00,126.52,126.79,126.5,126.79,4300.0,126.601
2026-05-12 10:41:00-04:00,126.65,126.66,126.5,126.5,300.0,126.602
2026-05-12 10:42:00-04:00,126.69,126.69,126.66,126.66,200.0,126.673
2026-05-12 10:43:00-04:00,126.81,126.85,126.75,126.75,4463.0,126.833
2026-05-12 10:44:00-04:00,126.68,126.84,126.64,126.64,2531.0,126.688
2026-05-12 10:45:00-04:00,126.72,126.72,126.46,126.67,1858.0,126.578
2026-05-12 10:46:00-04:00,126.64,126.64,126.39,126.39,265.0,126.53
2026-05-12 10:47:00-04:00,126.29,126.29,126.23,126.24,687.0,126.263
2026-05-12 10:48:00-04:00,126.23,126.35,126.05,126.35,1932.0,126.21
2026-05-12 10:49:00-04:00,126.31,126.36,126.2,126.2,336.0,126.292
2026-05-12 10:50:00-04:00,126.49,126.49,126.32,126.42,1701.0,126.393
2026-05-12 10:51:00-04:00,126.23,126.3,126.13,126.14,652.0,126.199
2026-05-12 10:52:00-04:00,126.4,126.52,126.39,126.42,1200.0,126.423
2026-05-12 10:53:00-04:00,126.61,126.72,126.61,126.66,2208.0,126.687
2026-05-12 10:54:00-04:00,126.5,126.7,126.4,126.4,467.0,126.485
2026-05-12 10:55:00-04:00,126.35,126.4,126.22,126.35,2733.0,126.378
2026-05-12 10:56:00-04:00,126.34,126.57,126.07,126.22,766.0,126.387
2026-05-12 10:57:00-04:00,126.23,126.23,126.22,126.22,460.0,126.221
2026-05-12 10:58:00-04:00,126.37,126.38,126.37,126.38,500.0,126.375
2026-05-12 10:59:00-04:00,126.49,126.5,126.15,126.23,500.0,126.28
2026-05-12 11:00:00-04:00,126.32,126.32,126.19,126.2,294.0,126.238
2026-05-12 11:01:00-04:00,126.2,126.2,126.15,126.18,1500.0,126.185
2026-05-12 11:02:00-04:00,126.11,126.16,126.08,126.16,1290.0,126.125
2026-05-12 11:03:00-04:00,126.16,126.18,126.16,126.16,400.0,126.165
2026-05-12 11:04:00-04:00,126.26,126.4,126.26,126.28,3720.0,126.329
2026-05-12 11:05:00-04:00,126.22,126.22,125.93,125.99,4368.0,126.022
2026-05-12 11:06:00-04:00,126.03,126.33,126.02,126.18,2695.0,126.217
2026-05-12 11:07:00-04:00,126.06,126.2,126.06,126.2,1151.0,126.122
2026-05-12 11:08:00-04:00,126.06,126.3,126.06,126.29,800.0,126.226
2026-05-12 11:09:00-04:00,126.26,126.3,126.21,126.3,600.0,126.278
2026-05-12 11:10:00-04:00,126.3,126.3,126.01,126.04,1997.0,126.123
2026-05-12 11:11:00-04:00,125.94,126.17,125.9,126.02,700.0,126.0
2026-05-12 11:12:00-04:00,125.92,125.92,125.84,125.92,670.0,125.904
2026-05-12 11:13:00-04:00,125.97,126.09,125.91,125.94,2481.0,125.956
2026-05-12 11:14:00-04:00,126.04,126.09,126.01,126.01,1392.0,126.026
2026-05-12 11:15:00-04:00,126.02,126.03,125.81,126.03,5300.0,125.898
2026-05-12 11:16:00-04:00,125.82,125.88,125.76,125.77,1180.0,125.828
2026-05-12 11:17:00-04:00,125.68,125.75,125.68,125.71,803.0,125.71
2026-05-12 11:18:00-04:00,125.61,125.8,125.61,125.71,1155.0,125.643
2026-05-12 11:19:00-04:00,125.71,125.91,125.71,125.86,1500.0,125.788
2026-05-12 11:20:00-04:00,125.84,125.91,125.78,125.88,1751.0,125.854
2026-05-12 11:21:00-04:00,125.89,125.89,125.83,125.85,1200.0,125.85
2026-05-12 11:22:00-04:00,125.81,125.89,125.67,125.77,3812.0,125.769
2026-05-12 11:23:00-04:00,125.79,125.83,125.67,125.83,1368.0,125.748
2026-05-12 11:24:00-04:00,125.71,125.74,125.51,125.55,4358.0,125.616
2026-05-12 11:25:00-04:00,125.55,125.6,125.46,125.47,3442.0,125.498
2026-05-12 11:26:00-04:00,125.58,125.69,125.37,125.68,3132.0,125.597
2026-05-12 11:27:00-04:00,125.77,125.77,125.77,125.77,100.0,125.77
2026-05-12 11:28:00-04:00,125.58,125.75,125.5,125.6,1800.0,125.579
2026-05-12 11:29:00-04:00,125.46,125.76,125.46,125.76,2391.0,125.623
2026-05-12 11:30:00-04:00,125.78,125.87,125.75,125.75,1400.0,125.813
2026-05-12 11:31:00-04:00,125.71,125.79,125.46,125.52,1383.0,125.623
2026-05-12 11:32:00-04:00,125.6,125.6,125.45,125.45,700.0,125.571
2026-05-12 11:33:00-04:00,125.45,125.6,125.43,125.6,901.0,125.542
2026-05-12 11:34:00-04:00,125.65,125.65,125.43,125.43,1000.0,125.557
2026-05-12 11:35:00-04:00,125.42,125.72,125.42,125.72,1510.0,125.586
2026-05-12 11:36:00-04:00,125.57,125.67,125.57,125.67,500.0,125.62
2026-05-12 11:37:00-04:00,125.62,125.62,125.61,125.62,400.0,125.618
2026-05-12 11:38:00-04:00,125.78,125.91,125.76,125.91,2942.0,125.812
2026-05-12 11:39:00-04:00,125.81,125.91,125.77,125.83,2813.0,125.855
2026-05-12 11:40:00-04:00,125.9,126.0,125.9,126.0,1200.0,125.96
2026-05-12 11:41:00-04:00,125.87,125.98,125.87,125.92,800.0,125.93
2026-05-12 11:42:00-04:00,125.93,125.97,125.84,125.87,1475.0,125.895
2026-05-12 11:43:00-04:00,125.98,126.11,125.87,126.09,801.0,125.995
2026-05-12 11:44:00-04:00,126.11,126.19,126.1,126.13,1151.0,126.143
2026-05-12 11:45:00-04:00,126.2,126.4,126.2,126.3,1241.0,126.279
2026-05-12 11:46:00-04:00,126.3,126.3,126.14,126.17,11882.0,126.202
2026-05-12 11:47:00-04:00,126.21,126.21,126.21,126.21,100.0,126.21
2026-05-12 11:48:00-04:00,126.21,126.21,126.18,126.18,900.0,126.201
2026-05-12 11:49:00-04:00,126.21,126.21,126.04,126.04,1083.0,126.177
2026-05-12 11:50:00-04:00,126.19,126.19,126.19,126.19,200.0,126.19
2026-05-12 11:51:00-04:00,126.19,126.21,126.19,126.21,300.0,126.2
2026-05-12 11:52:00-04:00,126.21,126.21,126.04,126.17,1937.0,126.145
2026-05-12 11:53:00-04:00,126.16,126.16,126.04,126.05,400.0,126.131
2026-05-12 11:54:00-04:00,126.16,126.16,126.04,126.05,820.0,126.135
2026-05-12 11:55:00-04:00,126.13,126.26,126.01,126.26,4342.0,126.115
2026-05-12 11:56:00-04:00,126.26,126.26,126.26,126.26,0.0,126.26
2026-05-12 11:57:00-04:00,126.26,126.26,126.16,126.26,1504.0,126.252
2026-05-12 11:58:00-04:00,126.26,126.26,126.15,126.15,1023.0,126.174
2026-05-12 11:59:00-04:00,126.16,126.16,126.0,126.0,1191.0,126.072
2026-05-12 12:00:00-04:00,126.0,126.0,125.83,125.94,6526.0,125.923
2026-05-12 12:01:00-04:00,126.06,126.06,125.99,126.0,988.0,126.011
2026-05-12 12:02:00-04:00,125.96,126.01,125.95,126.01,600.0,125.989
2026-05-12 12:03:00-04:00,126.01,126.2,126.01,126.2,3610.0,126.16
2026-05-12 12:04:00-04:00,126.21,126.27,126.21,126.27,900.0,126.231
2026-05-12 12:05:00-04:00,126.27,126.28,126.18,126.28,300.0,126.243
2026-05-12 12:06:00-04:00,126.18,126.24,126.1,126.24,1000.0,126.181
2026-05-12 12:07:00-04:00,126.24,126.24,126.14,126.18,1073.0,126.174
2026-05-12 12:08:00-04:00,126.14,126.17,125.95,126.05,5735.0,126.055
2026-05-12 12:09:00-04:00,126.05,126.1,125.98,125.98,500.0,126.049
2026-05-12 12:10:00-04:00,126.12,126.12,126.11,126.12,1103.0,126.115
2026-05-12 12:11:00-04:00,126.12,126.21,126.11,126.21,442.0,126.136
2026-05-12 12:12:00-04:00,126.12,126.27,126.11,126.27,800.0,126.182
2026-05-12 12:13:00-04:00,126.33,126.45,126.31,126.45,1362.0,126.371
2026-05-12 12:14:00-04:00,126.41,126.55,126.41,126.53,1361.0,126.493
2026-05-12 12:15:00-04:00,126.53,126.61,126.53,126.6,279.0,126.578
2026-05-12 12:16:00-04:00,126.41,126.43,126.34,126.43,2811.0,126.394
2026-05-12 12:17:00-04:00,126.53,126.59,126.35,126.59,2503.0,126.441
2026-05-12 12:18:00-04:00,126.49,126.49,126.48,126.48,300.0,126.487
2026-05-12 12:19:00-04:00,126.49,126.6,126.48,126.49,1700.0,126.495
2026-05-12 12:20:00-04:00,126.35,126.36,126.35,126.35,100.0,126.35
2026-05-12 12:21:00-04:00,126.48,126.48,126.28,126.41,1894.0,126.352
2026-05-12 12:22:00-04:00,126.28,126.43,126.18,126.26,1600.0,126.264
2026-05-12 12:23:00-04:00,126.31,126.31,126.27,126.31,700.0,126.295
2026-05-12 12:24:00-04:00,126.2,126.2,126.18,126.18,200.0,126.19
2026-05-12 12:25:00-04:00,126.29,126.38,126.18,126.28,1424.0,126.297
2026-05-12 12:26:00-04:00,126.29,126.29,126.28,126.29,100.0,126.285
2026-05-12 12:27:00-04:00,126.29,126.37,126.03,126.19,7390.0,126.194
2026-05-12 12:28:00-04:00,126.21,126.21,126.21,126.21,200.0,126.21
2026-05-12 12:29:00-04:00,126.1,126.33,126.07,126.08,1008.0,126.135
2026-05-12 12:30:00-04:00,126.08,126.16,125.9,125.93,1941.0,126.002
2026-05-12 12:31:00-04:00,125.95,125.98,125.79,125.88,1693.0,125.874
2026-05-12 12:32:00-04:00,125.84,125.84,125.72,125.73,1464.0,125.784
2026-05-12 12:33:00-04:00,125.72,125.8,125.62,125.72,1270.0,125.708
2026-05-12 12:34:00-04:00,125.72,125.8,125.72,125.76,1659.0,125.727
2026-05-12 12:35:00-04:00,125.81,125.84,125.78,125.84,679.0,125.811
2026-05-12 12:36:00-04:00,125.73,126.04,125.73,125.94,3504.0,125.785
2026-05-12 12:37:00-04:00,126.02,126.11,125.97,125.99,1162.0,125.996
2026-05-12 12:38:00-04:00,125.99,126.06,125.99,126.05,708.0,126.027
2026-05-12 12:39:00-04:00,126.06,126.06,125.72,125.74,8891.0,126.01
2026-05-12 12:40:00-04:00,125.85,126.1,125.82,126.1,3627.0,126.007
2026-05-12 12:41:00-04:00,126.1,126.1,125.89,125.9,601.0,125.988
2026-05-12 12:42:00-04:00,125.9,125.94,125.89,125.94,600.0,125.926
2026-05-12 12:43:00-04:00,125.94,125.94,125.9,125.94,401.0,125.93
2026-05-12 12:44:00-04:00,125.94,125.96,125.87,125.96,1491.0,125.886
2026-05-12 12:45:00-04:00,125.95,126.01,125.67,125.67,4382.0,125.9
2026-05-12 12:46:00-04:00,125.71,125.71,125.71,125.71,180.0,125.71
2026-05-12 12:47:00-04:00,125.7,125.72,125.65,125.71,1521.0,125.707
2026-05-12 12:48:00-04:00,125.63,125.64,125.54,125.55,3738.0,125.61
2026-05-12 12:49:00-04:00,125.64,125.77,125.63,125.73,1340.0,125.675
2026-05-12 12:50:00-04:00,125.66,125.67,125.61,125.67,1628.0,125.655
2026-05-12 12:51:00-04:00,125.68,125.7,125.63,125.64,700.0,125.676
2026-05-12 12:52:00-04:00,125.68,125.68,125.45,125.55,1917.0,125.512
2026-05-12 12:53:00-04:00,125.6,125.6,125.25,125.4,9109.0,125.346
2026-05-12 12:54:00-04:00,125.4,125.41,125.35,125.35,807.0,125.391
2026-05-12 12:55:00-04:00,125.4,125.57,125.4,125.56,1433.0,125.462
2026-05-12 12:56:00-04:00,125.65,125.66,125.65,125.65,703.0,125.651
2026-05-12 12:57:00-04:00,125.65,125.65,125.65,125.65,100.0,125.65
2026-05-12 12:58:00-04:00,125.65,125.65,125.51,125.57,1581.0,125.544
2026-05-12 12:59:00-04:00,125.57,125.57,125.56,125.57,700.0,125.565
2026-05-12 13:00:00-04:00,125.57,125.69,125.48,125.56,4536.0,125.564
2026-05-12 13:01:00-04:00,125.61,125.61,125.5,125.53,7798.0,125.567
2026-05-12 13:02:00-04:00,125.52,125.67,125.46,125.5,6873.0,125.56
2026-05-12 13:03:00-04:00,125.46,125.53,125.45,125.53,1449.0,125.481
2026-05-12 13:04:00-04:00,125.52,126.11,125.5,126.07,26464.0,125.838
2026-05-12 13:05:00-04:00,126.08,126.08,126.07,126.08,300.0,126.075
2026-05-12 13:06:00-04:00,126.08,126.09,125.97,125.97,12161.0,126.03
2026-05-12 13:07:00-04:00,126.01,126.05,126.01,126.05,1000.0,126.034
2026-05-12 13:08:00-04:00,125.96,126.03,125.96,126.03,200.0,125.995
2026-05-12 13:09:00-04:00,125.96,126.19,125.95,126.18,12243.0,126.09
2026-05-12 13:10:00-04:00,126.07,126.22,126.03,126.11,26375.0,126.097
2026-05-12 13:11:00-04:00,126.13,126.18,125.94,126.0,18540.0,126.04
2026-05-12 13:12:00-04:00,126.04,126.04,126.0,126.04,2269.0,126.031
2026-05-12 13:13:00-04:00,126.19,126.19,126.02,126.16,2101.0,126.141
2026-05-12 13:14:00-04:00,126.16,126.2,125.97,126.2,3855.0,126.095
2026-05-12 13:15:00-04:00,126.2,126.2,125.99,126.14,12460.0,126.057
2026-05-12 13:16:00-04:00,126.14,126.14,126.0,126.0,709.0,126.101
2026-05-12 13:17:00-04:00,126.14,126.93,126.14,126.93,22909.0,126.232
2026-05-12 13:18:00-04:00,126.97,127.23,126.9,127.07,3622.0,127.07
2026-05-12 13:19:00-04:00,127.02,127.25,126.93,127.17,6746.0,127.094
2026-05-12 13:20:00-04:00,127.25,127.34,127.09,127.1,4650.0,127.216
2026-05-12 13:21:00-04:00,127.22,127.31,127.17,127.3,1547.0,127.25
2026-05-12 13:22:00-04:00,127.3,127.3,127.25,127.25,500.0,127.29
2026-05-12 13:23:00-04:00,127.34,127.35,127.25,127.25,1650.0,127.333
2026-05-12 13:24:00-04:00,127.27,127.27,127.2,127.21,500.0,127.22
2026-05-12 13:25:00-04:00,127.3,127.3,126.93,127.19,9922.0,127.045
2026-05-12 13:26:00-04:00,127.13,127.14,127.12,127.14,200.0,127.133
2026-05-12 13:27:00-04:00,127.07,127.07,126.93,126.94,400.0,126.97
2026-05-12 13:28:00-04:00,126.89,126.98,126.81,126.98,700.0,126.904
2026-05-12 13:29:00-04:00,127.02,127.15,127.02,127.14,1158.0,127.124
2026-05-12 13:30:00-04:00,127.14,127.15,127.03,127.15,500.0,127.119
2026-05-12 13:31:00-04:00,127.15,127.15,127.14,127.15,246.0,127.145
2026-05-12 13:32:00-04:00,127.1,127.3,127.0,127.12,2402.0,127.181
2026-05-12 13:33:00-04:00,127.16,127.18,127.14,127.18,800.0,127.163
2026-05-12 13:34:00-04:00,127.18,127.19,127.08,127.19,1922.0,127.11
2026-05-12 13:35:00-04:00,127.19,127.19,127.1,127.19,1000.0,127.153
2026-05-12 13:36:00-04:00,127.18,127.21,127.18,127.21,4618.0,127.181
2026-05-12 13:37:00-04:00,127.21,127.28,127.21,127.28,557.0,127.242
2026-05-12 13:38:00-04:00,127.28,127.28,127.28,127.28,0.0,127.28
2026-05-12 13:39:00-04:00,127.15,127.15,127.06,127.15,2662.0,127.13
2026-05-12 13:40:00-04:00,127.13,127.13,127.12,127.13,100.0,127.125
2026-05-12 13:41:00-04:00,127.2,127.33,127.19,127.33,3872.0,127.212
2026-05-12 13:42:00-04:00,127.34,127.49,127.27,127.41,6585.0,127.376
2026-05-12 13:43:00-04:00,127.4,127.42,127.25,127.42,1990.0,127.327
2026-05-12 13:44:00-04:00,127.42,127.55,127.23,127.23,3565.0,127.382
2026-05-12 13:45:00-04:00,127.23,127.31,127.16,127.31,1703.0,127.265
2026-05-12 13:46:00-04:00,127.14,127.14,126.9,127.05,4894.0,127.108
2026-05-12 13:47:00-04:00,127.13,127.34,127.13,127.34,670.0,127.306
2026-05-12 13:48:00-04:00,127.04,127.04,127.04,127.04,100.0,127.04
2026-05-12 13:49:00-04:00,127.04,127.04,126.81,126.83,2807.0,126.924
2026-05-12 13:50:00-04:00,126.87,127.02,126.66,126.76,3753.0,126.83
2026-05-12 13:51:00-04:00,126.77,126.82,126.22,126.22,13974.0,126.641
2026-05-12 13:52:00-04:00,126.24,126.54,126.08,126.09,2000.0,126.329
2026-05-12 13:53:00-04:00,126.37,126.39,126.37,126.39,3894.0,126.371
2026-05-12 13:54:00-04:00,126.37,126.49,126.36,126.45,860.0,126.399
2026-05-12 13:55:00-04:00,126.45,126.58,126.44,126.47,4725.0,126.475
2026-05-12 13:56:00-04:00,126.44,126.44,126.35,126.37,1880.0,126.374
2026-05-12 13:57:00-04:00,126.39,126.58,126.39,126.48,900.0,126.539
2026-05-12 13:58:00-04:00,126.47,126.55,126.47,126.55,268.0,126.5
2026-05-12 13:59:00-04:00,126.57,126.71,126.44,126.61,16572.0,126.599
2026-05-12 14:00:00-04:00,126.54,126.63,126.52,126.53,1368.0,126.543
2026-05-12 14:01:00-04:00,126.53,126.65,126.47,126.65,2454.0,126.549
2026-05-12 14:02:00-04:00,126.65,126.75,126.58,126.75,1905.0,126.662
2026-05-12 14:03:00-04:00,126.75,127.02,126.75,127.02,2418.0,126.882
2026-05-12 14:04:00-04:00,127.04,127.05,126.97,127.05,3390.0,127.007
2026-05-12 14:05:00-04:00,126.99,126.99,126.96,126.96,1915.0,126.973
2026-05-12 14:06:00-04:00,126.96,127.04,126.96,126.98,4114.0,126.972
2026-05-12 14:07:00-04:00,127.02,127.02,126.94,126.95,1848.0,126.975
2026-05-12 14:08:00-04:00,126.74,126.9,126.74,126.9,657.0,126.86
2026-05-12 14:09:00-04:00,126.89,127.05,126.89,126.97,1171.0,126.979
2026-05-12 14:10:00-04:00,126.85,126.96,126.84,126.96,1368.0,126.949
2026-05-12 14:11:00-04:00,126.85,126.91,126.74,126.81,1365.0,126.792
2026-05-12 14:12:00-04:00,126.81,126.82,126.7,126.72,991.0,126.762
2026-05-12 14:13:00-04:00,126.62,126.83,126.62,126.83,200.0,126.725
2026-05-12 14:14:00-04:00,126.83,126.83,126.83,126.83,0.0,126.83
2026-05-12 14:15:00-04:00,126.83,126.97,126.77,126.94,3033.0,126.888
2026-05-12 14:16:00-04:00,126.96,126.96,126.95,126.96,900.0,126.955
2026-05-12 14:17:00-04:00,126.96,126.96,126.8,126.8,725.0,126.844
2026-05-12 14:18:00-04:00,126.8,126.8,126.8,126.8,0.0,126.8
2026-05-12 14:19:00-04:00,126.9,126.9,126.89,126.9,378.0,126.896
2026-05-12 14:20:00-04:00,126.91,126.91,126.9,126.91,203.0,126.907
2026-05-12 14:21:00-04:00,126.9,126.9,126.9,126.9,200.0,126.9
2026-05-12 14:22:00-04:00,126.96,127.11,126.96,127.11,517.0,127.038
2026-05-12 14:23:00-04:00,127.09,127.13,127.09,127.13,637.0,127.109
2026-05-12 14:24:00-04:00,127.13,127.17,127.13,127.17,351.0,127.145
2026-05-12 14:25:00-04:00,127.24,127.34,127.21,127.34,1143.0,127.275
2026-05-12 14:26:00-04:00,127.4,127.45,127.39,127.44,1687.0,127.438
2026-05-12 14:27:00-04:00,127.44,127.44,127.2,127.31,3753.0,127.299
2026-05-12 14:28:00-04:00,127.2,127.3,127.16,127.22,2075.0,127.224
2026-05-12 14:29:00-04:00,127.21,127.29,127.16,127.29,3219.0,127.217
2026-05-12 14:30:00-04:00,127.29,127.36,127.29,127.36,687.0,127.321
2026-05-12 14:31:00-04:00,127.3,127.33,127.06,127.21,4202.0,127.205
2026-05-12 14:32:00-04:00,127.29,127.29,127.26,127.26,400.0,127.283
2026-05-12 14:33:00-04:00,127.38,127.38,127.26,127.27,250.0,127.334
2026-05-12 14:34:00-04:00,127.26,127.34,127.25,127.34,925.0,127.266
2026-05-12 14:35:00-04:00,127.26,127.26,127.1,127.14,2507.0,127.214
2026-05-12 14:36:00-04:00,127.23,127.42,127.13,127.42,1710.0,127.298
2026-05-12 14:37:00-04:00,127.41,127.46,127.38,127.39,589.0,127.413
2026-05-12 14:38:00-04:00,127.34,127.49,127.34,127.45,3121.0,127.44
2026-05-12 14:39:00-04:00,127.34,127.44,127.32,127.44,2296.0,127.359
2026-05-12 14:40:00-04:00,127.43,127.53,127.32,127.52,5043.0,127.442
2026-05-12 14:41:00-04:00,127.53,127.6,127.37,127.53,1700.0,127.525
2026-05-12 14:42:00-04:00,127.42,127.52,127.41,127.49,703.0,127.49
2026-05-12 14:43:00-04:00,127.44,127.52,127.44,127.52,1188.0,127.484
2026-05-12 14:44:00-04:00,127.48,127.48,127.38,127.38,2200.0,127.447
2026-05-12 14:45:00-04:00,127.42,127.44,127.28,127.31,3379.0,127.374
2026-05-12 14:46:00-04:00,127.34,127.35,127.21,127.21,1427.0,127.28
2026-05-12 14:47:00-04:00,127.18,127.22,127.17,127.22,400.0,127.198
2026-05-12 14:48:00-04:00,127.25,127.3,127.17,127.3,706.0,127.271
2026-05-12 14:49:00-04:00,127.3,127.34,127.17,127.34,622.0,127.284
2026-05-12 14:50:00-04:00,127.34,127.34,127.18,127.19,2980.0,127.266
2026-05-12 14:51:00-04:00,127.18,127.25,127.12,127.15,2052.0,127.196
2026-05-12 14:52:00-04:00,127.23,127.24,127.12,127.12,300.0,127.194
2026-05-12 14:53:00-04:00,127.25,127.27,127.12,127.2,2134.0,127.206
2026-05-12 14:54:00-04:00,127.13,127.13,126.9,127.0,1800.0,127.059
2026-05-12 14:55:00-04:00,127.0,127.01,126.94,126.95,1100.0,126.978
2026-05-12 14:56:00-04:00,126.98,126.98,126.93,126.96,1335.0,126.954
2026-05-12 14:57:00-04:00,126.95,126.97,126.79,126.92,6377.0,126.89
2026-05-12 14:58:00-04:00,126.96,126.96,126.93,126.94,587.0,126.952
2026-05-12 14:59:00-04:00,126.86,126.87,126.77,126.77,2000.0,126.826
2026-05-12 15:00:00-04:00,126.83,126.85,126.77,126.81,3351.0,126.824
2026-05-12 15:01:00-04:00,126.81,126.88,126.8,126.81,1151.0,126.825
2026-05-12 15:02:00-04:00,126.82,126.82,126.77,126.79,901.0,126.79
2026-05-12 15:03:00-04:00,126.83,126.83,126.69,126.69,2702.0,126.738
2026-05-12 15:04:00-04:00,126.71,126.79,126.69,126.71,500.0,126.732
2026-05-12 15:05:00-04:00,126.79,126.8,126.69,126.78,2745.0,126.734
2026-05-12 15:06:00-04:00,126.7,126.8,126.7,126.79,1669.0,126.763
2026-05-12 15:07:00-04:00,126.83,126.9,126.7,126.82,4081.0,126.842
2026-05-12 15:08:00-04:00,126.71,126.85,126.71,126.85,700.0,126.813
2026-05-12 15:09:00-04:00,126.81,126.89,126.79,126.87,1500.0,126.822
2026-05-12 15:10:00-04:00,126.84,126.86,126.77,126.77,2654.0,126.814
2026-05-12 15:11:00-04:00,126.84,126.9,126.78,126.89,2102.0,126.865
2026-05-12 15:12:00-04:00,126.89,126.89,126.83,126.83,1700.0,126.874
2026-05-12 15:13:00-04:00,126.95,127.22,126.93,127.22,4540.0,127.041
2026-05-12 15:14:00-04:00,127.28,127.28,127.16,127.21,920.0,127.22
2026-05-12 15:15:00-04:00,127.22,127.22,127.22,127.22,476.0,127.22
2026-05-12 15:16:00-04:00,127.23,127.23,127.23,127.23,604.0,127.23
2026-05-12 15:17:00-04:00,127.23,127.23,127.07,127.14,2197.0,127.148
2026-05-12 15:18:00-04:00,127.07,127.16,127.03,127.03,1347.0,127.103
2026-05-12 15:19:00-04:00,127.03,127.11,126.97,127.09,1500.0,127.044
2026-05-12 15:20:00-04:00,126.98,126.98,126.97,126.97,300.0,126.977
2026-05-12 15:21:00-04:00,127.05,127.05,126.97,127.05,1130.0,127.038
2026-05-12 15:22:00-04:00,127.05,127.05,126.92,126.92,3125.0,126.994
2026-05-12 15:23:00-04:00,127.11,127.12,127.08,127.08,1114.0,127.105
2026-05-12 15:24:00-04:00,127.08,127.13,127.08,127.13,400.0,127.103
2026-05-12 15:25:00-04:00,127.19,127.19,127.17,127.17,1236.0,127.182
2026-05-12 15:26:00-04:00,127.22,127.38,127.22,127.26,4942.0,127.282
2026-05-12 15:27:00-04:00,127.25,127.29,127.11,127.11,3997.0,127.22
2026-05-12 15:28:00-04:00,127.12,127.18,127.12,127.18,919.0,127.133
2026-05-12 15:29:00-04:00,127.07,127.18,126.86,127.18,4072.0,127.059
2026-05-12 15:30:00-04:00,127.14,127.33,127.14,127.33,3256.0,127.23
2026-05-12 15:31:00-04:00,127.28,127.57,127.27,127.52,3749.0,127.461
2026-05-12 15:32:00-04:00,127.62,127.63,127.5,127.55,1931.0,127.572
2026-05-12 15:33:00-04:00,127.53,127.64,127.53,127.64,1003.0,127.59
2026-05-12 15:34:00-04:00,127.62,127.77,127.62,127.67,3291.0,127.687
2026-05-12 15:35:00-04:00,127.68,127.74,127.66,127.74,5136.0,127.681
2026-05-12 15:36:00-04:00,127.68,127.68,127.56,127.56,1600.0,127.618
2026-05-12 15:37:00-04:00,127.58,127.59,127.4,127.41,1766.0,127.472
2026-05-12 15:38:00-04:00,127.42,127.43,127.31,127.34,2753.0,127.357
2026-05-12 15:39:00-04:00,127.32,127.35,127.32,127.35,2460.0,127.348
2026-05-12 15:40:00-04:00,127.28,127.35,127.17,127.23,2291.0,127.261
2026-05-12 15:41:00-04:00,127.23,127.24,127.23,127.24,840.0,127.238
2026-05-12 15:42:00-04:00,127.24,127.24,127.05,127.14,5945.0,127.152
2026-05-12 15:43:00-04:00,127.21,127.23,127.09,127.12,7299.0,127.133
2026-05-12 15:44:00-04:00,127.1,127.28,127.09,127.24,3212.0,127.193
2026-05-12 15:45:00-04:00,127.23,127.29,127.13,127.18,2364.0,127.216
2026-05-12 15:46:00-04:00,127.18,127.18,127.15,127.18,1638.0,127.168
2026-05-12 15:47:00-04:00,127.18,127.31,127.17,127.2,1134.0,127.206
2026-05-12 15:48:00-04:00,127.31,127.34,127.2,127.29,3033.0,127.284
2026-05-12 15:49:00-04:00,127.29,127.29,127.17,127.2,2015.0,127.217
2026-05-12 15:50:00-04:00,127.24,127.25,127.17,127.25,2096.0,127.238
2026-05-12 15:51:00-04:00,127.25,127.34,127.17,127.31,5517.0,127.262
2026-05-12 15:52:00-04:00,127.33,127.33,127.22,127.31,4684.0,127.287
2026-05-12 15:53:00-04:00,127.28,127.54,127.28,127.48,5461.0,127.445
2026-05-12 15:54:00-04:00,127.49,127.75,127.48,127.66,16436.0,127.643
2026-05-12 15:55:00-04:00,127.61,127.76,127.56,127.68,6362.0,127.673
2026-05-12 15:56:00-04:00,127.69,127.69,127.41,127.5,10930.0,127.564
2026-05-12 15:57:00-04:00,127.48,127.73,127.37,127.57,30425.0,127.516
2026-05-12 15:58:00-04:00,127.56,127.68,127.54,127.59,36519.0,127.596
2026-05-12 15:59:00-04:00,127.6,127.75,127.56,127.6,46970.0,127.607
2026-05-13 09:30:00-04:00,127.99,128.38,127.91,127.92,21557.0,128.035
2026-05-13 09:31:00-04:00,127.46,127.89,127.41,127.44,2162.0,127.511
2026-05-13 09:32:00-04:00,127.39,128.38,127.27,127.27,3597.0,127.947
2026-05-13 09:33:00-04:00,128.02,128.02,127.56,127.57,1097.0,127.616
2026-05-13 09:34:00-04:00,127.53,127.53,127.49,127.49,200.0,127.508
2026-05-13 09:35:00-04:00,127.35,127.49,127.0,127.01,3587.0,127.138
2026-05-13 09:36:00-04:00,126.88,127.0,126.58,126.59,1965.0,126.797
2026-05-13 09:37:00-04:00,126.58,126.6,126.06,126.06,11650.0,126.45
2026-05-13 09:38:00-04:00,126.03,126.03,125.77,125.77,1137.0,125.943
2026-05-13 09:39:00-04:00,125.9,126.27,125.89,126.27,3236.0,125.979
2026-05-13 09:40:00-04:00,126.32,126.51,126.32,126.51,300.0,126.442
2026-05-13 09:41:00-04:00,126.13,126.8,126.13,126.54,1002.0,126.649
2026-05-13 09:42:00-04:00,126.67,126.67,126.16,126.16,955.0,126.506
2026-05-13 09:43:00-04:00,126.18,126.18,125.98,125.98,800.0,126.119
2026-05-13 09:44:00-04:00,126.06,126.06,125.63,125.71,6382.0,125.765
2026-05-13 09:45:00-04:00,125.63,125.79,125.5,125.5,2363.0,125.681
2026-05-13 09:46:00-04:00,125.52,125.64,125.32,125.52,5687.0,125.468
2026-05-13 09:47:00-04:00,125.52,125.52,124.65,124.8,13907.0,125.021
2026-05-13 09:48:00-04:00,124.84,124.88,124.81,124.81,900.0,124.844
2026-05-13 09:49:00-04:00,124.97,125.6,124.95,125.52,4816.0,125.357
2026-05-13 09:50:00-04:00,125.52,125.69,125.31,125.49,11014.0,125.55
2026-05-13 09:51:00-04:00,125.52,125.52,125.21,125.21,3196.0,125.4
2026-05-13 09:52:00-04:00,125.27,125.28,125.26,125.28,456.0,125.267
2026-05-13 09:53:00-04:00,125.33,125.49,125.21,125.43,4045.0,125.329
2026-05-13 09:54:00-04:00,125.38,125.47,125.22,125.46,3452.0,125.335
2026-05-13 09:55:00-04:00,125.43,125.49,125.38,125.38,611.0,125.407
2026-05-13 09:56:00-04:00,125.29,125.29,124.87,124.91,8531.0,125.015
2026-05-13 09:57:00-04:00,124.95,125.25,124.71,124.73,3517.0,124.941
2026-05-13 09:58:00-04:00,124.73,124.8,124.55,124.78,7692.0,124.662
2026-05-13 09:59:00-04:00,124.71,125.28,124.7,125.28,2823.0,124.928
2026-05-13 10:00:00-04:00,125.28,125.3,125.28,125.3,1358.0,125.286
2026-05-13 10:01:00-04:00,125.48,125.63,125.29,125.63,3328.0,125.496
2026-05-13 10:02:00-04:00,125.8,125.8,125.38,125.48,3832.0,125.549
2026-05-13 10:03:00-04:00,125.54,125.76,125.49,125.61,6137.0,125.613
2026-05-13 10:04:00-04:00,125.58,125.68,125.58,125.68,800.0,125.625
2026-05-13 10:05:00-04:00,125.69,126.44,125.49,126.29,4787.0,125.962
2026-05-13 10:06:00-04:00,126.46,126.52,126.38,126.38,686.0,126.465
2026-05-13 10:07:00-04:00,126.5,126.6,126.43,126.49,2000.0,126.502
2026-05-13 10:08:00-04:00,126.29,126.38,126.27,126.35,1305.0,126.353
2026-05-13 10:09:00-04:00,126.38,126.63,126.37,126.63,945.0,126.404
2026-05-13 10:10:00-04:00,126.63,126.63,126.37,126.38,800.0,126.468
2026-05-13 10:11:00-04:00,126.38,126.39,126.36,126.39,3267.0,126.379
2026-05-13 10:12:00-04:00,126.39,126.61,126.38,126.61,1150.0,126.42
2026-05-13 10:13:00-04:00,126.62,126.71,126.05,126.05,8368.0,126.278
2026-05-13 10:14:00-04:00,126.15,126.28,126.15,126.28,662.0,126.217
2026-05-13 10:15:00-04:00,126.17,126.17,126.17,126.17,200.0,126.17
2026-05-13 10:16:00-04:00,126.27,126.27,126.27,126.27,300.0,126.27
2026-05-13 10:17:00-04:00,126.49,126.54,126.34,126.35,1561.0,126.451
2026-05-13 10:18:00-04:00,126.39,126.39,126.05,126.05,700.0,126.154
2026-05-13 10:19:00-04:00,126.06,126.08,125.77,125.77,3009.0,125.842
2026-05-13 10:20:00-04:00,125.88,126.27,125.87,126.27,300.0,126.102
2026-05-13 10:21:00-04:00,126.29,126.84,126.29,126.55,1100.0,126.596
2026-05-13 10:22:00-04:00,126.55,126.55,126.54,126.55,200.0,126.548
2026-05-13 10:23:00-04:00,126.38,127.0,126.38,126.96,2942.0,126.864
2026-05-13 10:24:00-04:00,127.09,127.55,127.09,127.37,6363.0,127.496
2026-05-13 10:25:00-04:00,127.37,127.46,127.37,127.46,700.0,127.443
2026-05-13 10:26:00-04:00,127.36,127.6,127.04,127.36,2908.0,127.216
2026-05-13 10:27:00-04:00,127.36,127.36,127.2,127.2,2922.0,127.224
2026-05-13 10:28:00-04:00,127.38,127.38,127.05,127.34,1514.0,127.198
2026-05-13 10:29:00-04:00,127.05,127.05,126.87,126.88,400.0,126.963
2026-05-13 10:30:00-04:00,126.88,127.46,126.88,127.46,1860.0,127.189
2026-05-13 10:31:00-04:00,127.24,127.24,127.21,127.22,200.0,127.228
2026-05-13 10:32:00-04:00,127.3,127.3,127.3,127.3,100.0,127.3
2026-05-13 10:33:00-04:00,127.17,127.39,127.17,127.39,700.0,127.201
2026-05-13 10:34:00-04:00,127.39,127.39,126.96,126.97,1800.0,127.215
2026-05-13 10:35:00-04:00,127.18,127.18,127.03,127.1,1380.0,127.134
2026-05-13 10:36:00-04:00,127.33,127.33,127.05,127.21,1600.0,127.221
2026-05-13 10:37:00-04:00,127.22,127.32,127.11,127.11,1000.0,127.214
2026-05-13 10:38:00-04:00,127.05,127.05,126.98,127.05,800.0,127.039
2026-05-13 10:39:00-04:00,127.15,127.19,127.07,127.07,884.0,127.149
2026-05-13 10:40:00-04:00,127.32,127.32,126.95,126.95,1104.0,127.044
2026-05-13 10:41:00-04:00,127.27,127.27,127.27,127.27,100.0,127.27
2026-05-13 10:42:00-04:00,127.23,127.23,127.1,127.12,300.0,127.151
2026-05-13 10:43:00-04:00,127.23,127.24,127.11,127.24,500.0,127.202
2026-05-13 10:44:00-04:00,127.23,127.23,127.09,127.1,300.0,127.172
2026-05-13 10:45:00-04:00,127.09,127.19,127.07,127.11,1400.0,127.098
2026-05-13 10:46:00-04:00,127.15,127.63,127.14,127.55,8135.0,127.434
2026-05-13 10:47:00-04:00,127.48,127.48,127.27,127.28,1463.0,127.366
2026-05-13 10:48:00-04:00,127.38,127.45,127.38,127.45,535.0,127.399
2026-05-13 10:49:00-04:00,127.48,127.48,127.3,127.31,300.0,127.365
2026-05-13 10:50:00-04:00,127.33,127.37,127.01,127.02,2150.0,127.192
2026-05-13 10:51:00-04:00,127.17,127.17,127.14,127.14,900.0,127.155
2026-05-13 10:52:00-04:00,127.15,127.15,126.91,127.07,1120.0,127.058
2026-05-13 10:53:00-04:00,127.07,127.07,126.64,126.68,3705.0,126.809
2026-05-13 10:54:00-04:00,126.83,126.98,126.78,126.78,302.0,126.863
2026-05-13 10:55:00-04:00,126.91,126.91,126.9,126.91,300.0,126.907
2026-05-13 10:56:00-04:00,126.9,126.9,126.71,126.71,986.0,126.837
2026-05-13 10:57:00-04:00,126.74,126.74,126.74,126.74,172.0,126.74
2026-05-13 10:58:00-04:00,126.79,126.87,126.74,126.75,881.0,126.764
2026-05-13 10:59:00-04:00,126.76,126.88,126.75,126.88,953.0,126.767
2026-05-13 11:00:00-04:00,126.68,126.95,126.68,126.95,500.0,126.851
2026-05-13 11:01:00-04:00,126.95,127.23,126.91,127.05,3000.0,127.072
2026-05-13 11:02:00-04:00,127.15,127.15,127.15,127.15,100.0,127.15
2026-05-13 11:03:00-04:00,127.23,127.3,127.22,127.27,700.0,127.25
2026-05-13 11:04:00-04:00,127.39,127.41,127.22,127.22,2680.0,127.298
2026-05-13 11:05:00-04:00,127.32,127.4,127.22,127.22,1043.0,127.286
2026-05-13 11:06:00-04:00,127.41,127.48,127.38,127.42,3200.0,127.431
2026-05-13 11:07:00-04:00,127.41,127.5,127.41,127.49,900.0,127.432
2026-05-13 11:08:00-04:00,127.42,127.42,127.32,127.4,2168.0,127.365
2026-05-13 11:09:00-04:00,127.31,127.51,127.31,127.47,1373.0,127.411
2026-05-13 11:10:00-04:00,127.41,127.46,127.32,127.39,1100.0,127.395
2026-05-13 11:11:00-04:00,127.48,127.53,127.45,127.53,1360.0,127.48
2026-05-13 11:12:00-04:00,127.44,127.5,127.31,127.36,2942.0,127.364
2026-05-13 11:13:00-04:00,127.45,127.45,127.3,127.3,300.0,127.367
2026-05-13 11:14:00-04:00,127.5,127.64,127.5,127.55,1671.0,127.565
2026-05-13 11:15:00-04:00,127.64,127.74,127.52,127.63,2594.0,127.649
2026-05-13 11:16:00-04:00,127.63,127.74,127.63,127.63,1247.0,127.67
2026-05-13 11:17:00-04:00,127.63,127.74,127.52,127.55,1197.0,127.617
2026-05-13 11:18:00-04:00,127.53,127.56,127.53,127.55,875.0,127.542
2026-05-13 11:19:00-04:00,127.49,127.5,127.35,127.41,1832.0,127.451
2026-05-13 11:20:00-04:00,127.45,127.56,127.44,127.56,600.0,127.493
2026-05-13 11:21:00-04:00,127.59,127.59,127.59,127.59,100.0,127.59
2026-05-13 11:22:00-04:00,127.6,127.71,127.58,127.71,572.0,127.639
2026-05-13 11:23:00-04:00,127.74,127.74,127.74,127.74,574.0,127.74
2026-05-13 11:24:00-04:00,127.72,127.72,127.5,127.6,2834.0,127.603
2026-05-13 11:25:00-04:00,127.55,127.58,127.5,127.53,450.0,127.536
2026-05-13 11:26:00-04:00,127.52,127.64,127.52,127.64,300.0,127.56
2026-05-13 11:27:00-04:00,127.57,127.57,127.48,127.52,1900.0,127.544
2026-05-13 11:28:00-04:00,127.56,127.73,127.56,127.71,965.0,127.658
2026-05-13 11:29:00-04:00,127.71,127.74,127.7,127.73,3644.0,127.736
2026-05-13 11:30:00-04:00,127.76,127.76,127.6,127.64,2674.0,127.663
2026-05-13 11:31:00-04:00,127.7,127.7,127.7,127.7,100.0,127.7
2026-05-13 11:32:00-04:00,127.79,127.8,127.65,127.65,2109.0,127.743
2026-05-13 11:33:00-04:00,127.71,127.71,127.7,127.7,200.0,127.705
2026-05-13 11:34:00-04:00,127.7,127.7,127.7,127.7,600.0,127.7
2026-05-13 11:35:00-04:00,127.75,127.76,127.7,127.7,450.0,127.73
2026-05-13 11:36:00-04:00,127.76,127.86,127.76,127.86,5982.0,127.835
2026-05-13 11:37:00-04:00,127.82,127.82,127.71,127.71,1366.0,127.77
2026-05-13 11:38:00-04:00,127.79,127.8,127.19,127.34,33793.0,127.338
2026-05-13 11:39:00-04:00,127.48,127.48,127.4,127.45,800.0,127.451
2026-05-13 11:40:00-04:00,127.52,127.52,127.19,127.2,1228.0,127.368
2026-05-13 11:41:00-04:00,127.4,127.4,127.39,127.4,275.0,127.395
2026-05-13 11:42:00-04:00,127.38,127.57,127.38,127.53,1926.0,127.492
2026-05-13 11:43:00-04:00,127.5,127.65,127.5,127.65,4136.0,127.605
2026-05-13 11:44:00-04:00,127.52,127.59,127.52,127.53,1000.0,127.543
2026-05-13 11:45:00-04:00,127.59,127.66,127.4,127.41,2951.0,127.525
2026-05-13 11:46:00-04:00,127.41,127.54,127.41,127.42,1704.0,127.442
2026-05-13 11:47:00-04:00,127.42,127.6,127.41,127.48,1760.0,127.515
2026-05-13 11:48:00-04:00,127.37,127.49,127.37,127.43,864.0,127.443
2026-05-13 11:49:00-04:00,127.59,127.66,127.52,127.66,2549.0,127.602
2026-05-13 11:50:00-04:00,127.58,127.59,127.57,127.59,600.0,127.578
2026-05-13 11:51:00-04:00,127.59,127.63,127.48,127.63,5478.0,127.551
2026-05-13 11:52:00-04:00,127.66,127.98,127.58,127.87,7063.0,127.767
2026-05-13 11:53:00-04:00,127.88,127.88,127.87,127.88,100.0,127.875
2026-05-13 11:54:00-04:00,127.87,127.87,127.48,127.48,4401.0,127.742
2026-05-13 11:55:00-04:00,127.37,127.41,127.16,127.19,706.0,127.319
2026-05-13 11:56:00-04:00,127.15,127.18,127.02,127.14,1521.0,127.118
2026-05-13 11:57:00-04:00,127.13,127.19,127.0,127.11,1822.0,127.075
2026-05-13 11:58:00-04:00,127.04,127.15,127.02,127.13,1109.0,127.103
2026-05-13 11:59:00-04:00,127.13,127.25,127.12,127.23,2100.0,127.139
2026-05-13 12:00:00-04:00,127.13,127.41,127.12,127.4,1574.0,127.292
2026-05-13 12:01:00-04:00,127.5,127.5,127.26,127.26,4332.0,127.326
2026-05-13 12:02:00-04:00,127.26,127.3,127.17,127.26,970.0,127.239
2026-05-13 12:03:00-04:00,127.26,127.43,127.26,127.34,1996.0,127.372
2026-05-13 12:04:00-04:00,127.3,127.36,127.26,127.36,300.0,127.307
2026-05-13 12:05:00-04:00,127.48,127.48,127.36,127.37,400.0,127.395
2026-05-13 12:06:00-04:00,127.37,127.54,127.25,127.54,1163.0,127.388
2026-05-13 12:07:00-04:00,127.57,127.63,127.57,127.63,526.0,127.617
2026-05-13 12:08:00-04:00,127.55,127.75,127.55,127.66,600.0,127.681
2026-05-13 12:09:00-04:00,127.6,127.73,127.56,127.62,800.0,127.663
2026-05-13 12:10:00-04:00,127.66,127.75,127.59,127.68,1646.0,127.679
2026-05-13 12:11:00-04:00,127.7,127.7,127.52,127.52,3593.0,127.596
2026-05-13 12:12:00-04:00,127.53,127.59,127.28,127.28,2782.0,127.437
2026-05-13 12:13:00-04:00,127.38,127.38,127.37,127.38,300.0,127.375
2026-05-13 12:14:00-04:00,127.39,127.39,127.28,127.28,400.0,127.335
2026-05-13 12:15:00-04:00,127.27,127.34,127.15,127.25,1748.0,127.241
2026-05-13 12:16:00-04:00,127.23,127.23,127.22,127.23,1516.0,127.225
2026-05-13 12:17:00-04:00,127.35,127.54,127.35,127.5,2442.0,127.457
2026-05-13 12:18:00-04:00,127.54,127.54,127.47,127.47,400.0,127.49
2026-05-13 12:19:00-04:00,127.56,127.58,127.54,127.58,793.0,127.562
2026-05-13 12:20:00-04:00,127.58,127.7,127.55,127.69,2250.0,127.612
2026-05-13 12:21:00-04:00,127.77,127.77,127.75,127.75,485.0,127.762
2026-05-13 12:22:00-04:00,127.78,127.78,127.78,127.78,300.0,127.78
2026-05-13 12:23:00-04:00,127.82,127.83,127.63,127.63,2929.0,127.77
2026-05-13 12:24:00-04:00,127.79,127.98,127.78,127.91,620.0,127.914
2026-05-13 12:25:00-04:00,127.91,127.91,127.91,127.91,0.0,127.91
2026-05-13 12:26:00-04:00,127.92,127.92,127.81,127.81,800.0,127.843
2026-05-13 12:27:00-04:00,127.78,127.78,127.68,127.76,730.0,127.754
2026-05-13 12:28:00-04:00,127.8,127.89,127.8,127.89,350.0,127.839
2026-05-13 12:29:00-04:00,127.83,127.83,127.71,127.72,1834.0,127.768
2026-05-13 12:30:00-04:00,127.72,127.81,127.72,127.81,300.0,127.78
2026-05-13 12:31:00-04:00,127.71,127.73,127.65,127.73,600.0,127.699
2026-05-13 12:32:00-04:00,127.91,127.92,127.85,127.86,501.0,127.884
2026-05-13 12:33:00-04:00,127.91,127.99,127.89,127.89,1798.0,127.936
2026-05-13 12:34:00-04:00,127.85,127.89,127.78,127.84,2640.0,127.822
2026-05-13 12:35:00-04:00,127.7,127.82,127.58,127.7,1900.0,127.695
2026-05-13 12:36:00-04:00,127.62,127.62,127.49,127.49,550.0,127.525
2026-05-13 12:37:00-04:00,127.53,127.62,127.49,127.62,910.0,127.523
2026-05-13 12:38:00-04:00,127.62,127.79,127.62,127.79,600.0,127.713
2026-05-13 12:39:00-04:00,127.78,127.85,127.78,127.85,300.0,127.823
2026-05-13 12:40:00-04:00,127.85,127.85,127.7,127.7,994.0,127.816
2026-05-13 12:41:00-04:00,127.72,127.91,127.72,127.8,601.0,127.807
2026-05-13 12:42:00-04:00,127.86,127.86,127.78,127.83,600.0,127.841
2026-05-13 12:43:00-04:00,127.84,127.84,127.83,127.84,100.0,127.835
2026-05-13 12:44:00-04:00,127.76,127.91,127.71,127.72,1538.0,127.785
2026-05-13 12:45:00-04:00,127.8,127.82,127.73,127.8,934.0,127.803
2026-05-13 12:46:00-04:00,127.77,127.78,127.68,127.77,2952.0,127.748
2026-05-13 12:47:00-04:00,127.76,127.88,127.76,127.88,1218.0,127.838
2026-05-13 12:48:00-04:00,127.82,127.82,127.82,127.82,674.0,127.82
2026-05-13 12:49:00-04:00,127.77,127.8,127.64,127.73,1641.0,127.731
2026-05-13 12:50:00-04:00,127.72,127.72,127.71,127.72,200.0,127.715
2026-05-13 12:51:00-04:00,127.72,127.72,127.72,127.72,0.0,127.72
2026-05-13 12:52:00-04:00,127.71,127.71,127.7,127.71,100.0,127.705
2026-05-13 12:53:00-04:00,127.81,127.82,127.76,127.82,400.0,127.794
2026-05-13 12:54:00-04:00,127.71,127.8,127.66,127.7,4552.0,127.715
2026-05-13 12:55:00-04:00,127.7,127.9,127.65,127.86,3705.0,127.779
2026-05-13 12:56:00-04:00,127.87,127.92,127.86,127.92,600.0,127.883
2026-05-13 12:57:00-04:00,127.93,127.93,127.86,127.87,400.0,127.881
2026-05-13 12:58:00-04:00,127.91,128.01,127.76,128.01,6412.0,127.948
2026-05-13 12:59:00-04:00,127.94,127.94,127.84,127.88,1100.0,127.869
2026-05-13 13:00:00-04:00,127.84,127.84,127.83,127.84,200.0,127.835
2026-05-13 13:01:00-04:00,128.0,128.14,128.0,128.14,1030.0,128.085
2026-05-13 13:02:00-04:00,128.11,128.13,127.97,128.01,2653.0,128.074
2026-05-13 13:03:00-04:00,128.01,128.08,128.0,128.08,400.0,128.043
2026-05-13 13:04:00-04:00,127.91,128.01,127.91,127.91,804.0,127.959
2026-05-13 13:05:00-04:00,127.84,127.84,127.84,127.84,100.0,127.84
2026-05-13 13:06:00-04:00,127.85,127.85,127.84,127.85,400.0,127.845
2026-05-13 13:07:00-04:00,127.87,127.9,127.76,127.84,2113.0,127.848
2026-05-13 13:08:00-04:00,127.84,127.84,127.74,127.75,400.0,127.799
2026-05-13 13:09:00-04:00,127.48,127.48,127.38,127.38,800.0,127.453
2026-05-13 13:10:00-04:00,127.46,127.54,127.46,127.48,1000.0,127.491
2026-05-13 13:11:00-04:00,127.59,127.59,127.42,127.46,1346.0,127.475
2026-05-13 13:12:00-04:00,127.46,127.49,127.37,127.49,500.0,127.445
2026-05-13 13:13:00-04:00,127.44,127.45,127.44,127.45,650.0,127.444
2026-05-13 13:14:00-04:00,127.44,127.44,127.12,127.2,700.0,127.23
2026-05-13 13:15:00-04:00,127.2,127.31,127.2,127.31,200.0,127.255
2026-05-13 13:16:00-04:00,127.17,127.23,127.17,127.23,400.0,127.214
2026-05-13 13:17:00-04:00,127.31,127.31,127.19,127.19,300.0,127.24
2026-05-13 13:18:00-04:00,127.25,127.33,127.23,127.33,600.0,127.273
2026-05-13 13:19:00-04:00,127.32,127.32,127.32,127.32,900.0,127.32
2026-05-13 13:20:00-04:00,127.32,127.32,127.11,127.18,3550.0,127.163
2026-05-13 13:21:00-04:00,127.15,127.15,127.1,127.11,900.0,127.124
2026-05-13 13:22:00-04:00,127.11,127.11,127.02,127.02,478.0,127.072
2026-05-13 13:23:00-04:00,127.19,127.19,126.94,127.05,700.0,127.046
2026-05-13 13:24:00-04:00,126.93,126.95,126.9,126.93,803.0,126.928
2026-05-13 13:25:00-04:00,126.93,127.08,126.83,127.07,4220.0,127.01
2026-05-13 13:26:00-04:00,127.12,127.2,127.08,127.2,1724.0,127.159
2026-05-13 13:27:00-04:00,127.26,127.28,127.16,127.17,389.0,127.219
2026-05-13 13:28:00-04:00,127.27,127.27,127.27,127.27,100.0,127.27
2026-05-13 13:29:00-04:00,127.18,127.31,127.17,127.21,1600.0,127.219
2026-05-13 13:30:00-04:00,127.22,127.22,126.97,126.97,2621.0,127.036
2026-05-13 13:31:00-04:00,126.9,127.11,126.89,126.97,593.0,127.004
2026-05-13 13:32:00-04:00,126.89,126.97,126.85,126.97,2149.0,126.961
2026-05-13 13:33:00-04:00,126.96,126.96,126.96,126.96,400.0,126.96
2026-05-13 13:34:00-04:00,126.85,126.85,126.85,126.85,100.0,126.85
2026-05-13 13:35:00-04:00,126.92,126.92,126.67,126.7,2300.0,126.774
2026-05-13 13:36:00-04:00,126.7,126.7,126.63,126.7,600.0,126.688
2026-05-13 13:37:00-04:00,126.71,126.71,126.71,126.71,400.0,126.71
2026-05-13 13:38:00-04:00,126.71,126.71,126.6,126.71,3659.0,126.674
2026-05-13 13:39:00-04:00,126.73,126.73,126.58,126.62,2969.0,126.652
2026-05-13 13:40:00-04:00,126.61,126.74,126.49,126.59,2850.0,126.61
2026-05-13 13:41:00-04:00,126.64,126.68,126.64,126.68,200.0,126.66
2026-05-13 13:42:00-04:00,126.68,126.81,126.66,126.69,5663.0,126.765
2026-05-13 13:43:00-04:00,126.66,126.83,126.65,126.68,941.0,126.701
2026-05-13 13:44:00-04:00,126.67,126.75,126.51,126.51,1659.0,126.607
2026-05-13 13:45:00-04:00,126.56,126.58,126.54,126.58,550.0,126.551
2026-05-13 13:46:00-04:00,126.57,126.62,126.56,126.57,700.0,126.584
2026-05-13 13:47:00-04:00,126.57,126.62,126.56,126.61,600.0,126.595
2026-05-13 13:48:00-04:00,126.64,126.64,126.63,126.63,300.0,126.633
2026-05-13 13:49:00-04:00,126.52,126.62,126.52,126.62,590.0,126.603
2026-05-13 13:50:00-04:00,126.54,126.55,126.47,126.54,2534.0,126.508
2026-05-13 13:51:00-04:00,126.54,126.68,126.54,126.63,1200.0,126.588
2026-05-13 13:52:00-04:00,126.64,126.73,126.63,126.73,570.0,126.658
2026-05-13 13:53:00-04:00,126.68,126.68,126.62,126.63,1183.0,126.632
2026-05-13 13:54:00-04:00,126.54,126.66,126.54,126.66,800.0,126.575
2026-05-13 13:55:00-04:00,126.6,126.69,126.6,126.69,516.0,126.641
2026-05-13 13:56:00-04:00,126.62,126.62,126.61,126.62,290.0,126.617
2026-05-13 13:57:00-04:00,126.62,126.69,126.61,126.66,1400.0,126.652
2026-05-13 13:58:00-04:00,126.66,126.82,126.63,126.77,2671.0,126.765
2026-05-13 13:59:00-04:00,126.77,126.83,126.69,126.77,2202.0,126.757
2026-05-13 14:00:00-04:00,126.92,126.92,126.92,126.92,100.0,126.92
2026-05-13 14:01:00-04:00,126.81,126.91,126.81,126.83,1394.0,126.838
2026-05-13 14:02:00-04:00,126.8,126.96,126.8,126.94,1550.0,126.931
2026-05-13 14:03:00-04:00,126.96,126.96,126.86,126.86,279.0,126.921
2026-05-13 14:04:00-04:00,126.96,126.96,126.96,126.96,305.0,126.96
2026-05-13 14:05:00-04:00,126.96,126.96,126.85,126.87,2200.0,126.87
2026-05-13 14:06:00-04:00,126.83,126.83,126.82,126.82,889.0,126.822
2026-05-13 14:07:00-04:00,126.95,126.98,126.83,126.97,985.0,126.951
2026-05-13 14:08:00-04:00,127.02,127.02,126.95,126.96,600.0,126.966
2026-05-13 14:09:00-04:00,127.05,127.11,127.0,127.11,700.0,127.049
2026-05-13 14:10:00-04:00,127.05,127.05,127.04,127.05,2497.0,127.045
2026-05-13 14:11:00-04:00,127.09,127.09,126.73,126.74,8695.0,126.941
2026-05-13 14:12:00-04:00,126.83,126.85,126.79,126.8,1100.0,126.827
2026-05-13 14:13:00-04:00,126.88,126.88,126.8,126.8,1050.0,126.863
2026-05-13 14:14:00-04:00,126.9,126.93,126.84,126.93,1021.0,126.89
2026-05-13 14:15:00-04:00,126.95,127.11,126.95,127.11,1350.0,127.063
2026-05-13 14:16:00-04:00,127.11,127.15,127.1,127.12,650.0,127.117
2026-05-13 14:17:00-04:00,127.16,127.16,127.03,127.1,832.0,127.104
2026-05-13 14:18:00-04:00,127.06,127.1,127.06,127.1,300.0,127.087
2026-05-13 14:19:00-04:00,127.11,127.17,127.1,127.17,300.0,127.127
2026-05-13 14:20:00-04:00,127.11,127.22,127.1,127.2,2440.0,127.186
2026-05-13 14:21:00-04:00,127.2,127.25,127.19,127.2,500.0,127.206
2026-05-13 14:22:00-04:00,127.11,127.19,127.07,127.19,1041.0,127.133
2026-05-13 14:23:00-04:00,127.26,127.32,127.26,127.28,2201.0,127.287
2026-05-13 14:24:00-04:00,127.28,127.3,127.22,127.27,2167.0,127.26
2026-05-13 14:25:00-04:00,127.33,127.33,127.29,127.32,550.0,127.303
2026-05-13 14:26:00-04:00,127.25,127.31,127.25,127.31,300.0,127.27
2026-05-13 14:27:00-04:00,127.21,127.25,127.21,127.25,1948.0,127.247
2026-05-13 14:28:00-04:00,127.3,127.3,127.19,127.25,800.0,127.249
2026-05-13 14:29:00-04:00,127.25,127.35,127.24,127.35,2205.0,127.295
2026-05-13 14:30:00-04:00,127.26,127.27,127.15,127.17,2032.0,127.216
2026-05-13 14:31:00-04:00,127.22,127.22,127.15,127.15,750.0,127.185
2026-05-13 14:32:00-04:00,127.14,127.18,127.14,127.18,1400.0,127.177
2026-05-13 14:33:00-04:00,127.17,127.17,126.89,126.98,3675.0,127.015
2026-05-13 14:34:00-04:00,126.98,126.98,126.97,126.98,950.0,126.976
2026-05-13 14:35:00-04:00,127.0,127.1,127.0,127.1,454.0,127.045
2026-05-13 14:36:00-04:00,126.99,127.05,126.99,127.05,905.0,127.001
2026-05-13 14:37:00-04:00,127.06,127.14,127.06,127.13,1501.0,127.093
2026-05-13 14:38:00-04:00,127.06,127.19,127.06,127.11,2213.0,127.138
2026-05-13 14:39:00-04:00,127.21,127.22,127.12,127.21,1532.0,127.169
2026-05-13 14:40:00-04:00,127.22,127.22,127.12,127.19,3800.0,127.161
2026-05-13 14:41:00-04:00,127.17,127.21,127.16,127.21,400.0,127.178
2026-05-13 14:42:00-04:00,127.17,127.17,127.01,127.08,3318.0,127.138
2026-05-13 14:43:00-04:00,127.14,127.14,127.02,127.09,1000.0,127.067
2026-05-13 14:44:00-04:00,127.09,127.09,127.06,127.09,1174.0,127.082
2026-05-13 14:45:00-04:00,127.14,127.23,127.12,127.23,1150.0,127.177
2026-05-13 14:46:00-04:00,127.22,127.26,127.21,127.26,387.0,127.227
2026-05-13 14:47:00-04:00,127.26,127.33,127.26,127.3,1573.0,127.288
2026-05-13 14:48:00-04:00,127.35,127.38,127.31,127.38,1031.0,127.331
2026-05-13 14:49:00-04:00,127.4,127.4,127.33,127.36,1673.0,127.352
2026-05-13 14:50:00-04:00,127.34,127.35,127.27,127.35,1975.0,127.302
2026-05-13 14:51:00-04:00,127.32,127.33,127.32,127.32,100.0,127.323
2026-05-13 14:52:00-04:00,127.43,127.53,127.36,127.53,1064.0,127.44
2026-05-13 14:53:00-04:00,127.42,127.53,127.42,127.43,795.0,127.45
2026-05-13 14:54:00-04:00,127.53,127.53,127.43,127.46,1122.0,127.465
2026-05-13 14:55:00-04:00,127.47,127.47,127.44,127.47,550.0,127.46
2026-05-13 14:56:00-04:00,127.47,127.53,127.36,127.4,1600.0,127.421
2026-05-13 14:57:00-04:00,127.39,127.39,127.3,127.31,1786.0,127.342
2026-05-13 14:58:00-04:00,127.26,127.26,127.02,127.12,2234.0,127.114
2026-05-13 14:59:00-04:00,126.96,127.0,126.95,126.99,880.0,126.974
2026-05-13 15:00:00-04:00,127.0,127.01,126.87,126.87,716.0,126.906
2026-05-13 15:01:00-04:00,127.0,127.12,127.0,127.04,1591.0,127.064
2026-05-13 15:02:00-04:00,127.04,127.15,127.04,127.15,1050.0,127.106
2026-05-13 15:03:00-04:00,127.1,127.15,127.1,127.11,1547.0,127.132
2026-05-13 15:04:00-04:00,127.16,127.37,127.16,127.37,2426.0,127.301
2026-05-13 15:05:00-04:00,127.37,127.39,127.33,127.33,500.0,127.36
2026-05-13 15:06:00-04:00,127.28,127.32,127.18,127.25,1902.0,127.26
2026-05-13 15:07:00-04:00,127.28,127.33,127.28,127.33,802.0,127.291
2026-05-13 15:08:00-04:00,127.24,127.25,127.21,127.25,1123.0,127.239
2026-05-13 15:09:00-04:00,127.25,127.31,127.24,127.25,1400.0,127.25
2026-05-13 15:10:00-04:00,127.23,127.33,127.22,127.23,1530.0,127.252
2026-05-13 15:11:00-04:00,127.22,127.23,127.03,127.13,3423.0,127.154
2026-05-13 15:12:00-04:00,127.12,127.12,127.11,127.12,500.0,127.115
2026-05-13 15:13:00-04:00,127.15,127.23,127.11,127.11,700.0,127.182
2026-05-13 15:14:00-04:00,127.11,127.22,127.0,127.21,2200.0,127.131
2026-05-13 15:15:00-04:00,127.16,127.22,127.15,127.22,1893.0,127.166
2026-05-13 15:16:00-04:00,127.16,127.33,127.15,127.29,1808.0,127.237
2026-05-13 15:17:00-04:00,127.29,127.5,127.29,127.5,2730.0,127.348
2026-05-13 15:18:00-04:00,127.41,127.5,127.4,127.44,1150.0,127.459
2026-05-13 15:19:00-04:00,127.54,127.59,127.49,127.59,1871.0,127.52
2026-05-13 15:20:00-04:00,127.59,127.61,127.51,127.61,1210.0,127.572
2026-05-13 15:21:00-04:00,127.62,127.62,127.5,127.59,2094.0,127.527
2026-05-13 15:22:00-04:00,127.6,127.61,127.4,127.61,1035.0,127.511
2026-05-13 15:23:00-04:00,127.5,127.57,127.4,127.56,2200.0,127.498
2026-05-13 15:24:00-04:00,127.56,127.56,127.22,127.26,7995.0,127.372
2026-05-13 15:25:00-04:00,127.22,127.34,127.17,127.34,2278.0,127.239
2026-05-13 15:26:00-04:00,127.37,127.42,127.37,127.42,1130.0,127.407
2026-05-13 15:27:00-04:00,127.37,127.49,127.36,127.49,1089.0,127.43
2026-05-13 15:28:00-04:00,127.45,127.52,127.44,127.47,2197.0,127.472
2026-05-13 15:29:00-04:00,127.47,127.51,127.47,127.51,1300.0,127.473
2026-05-13 15:30:00-04:00,127.54,127.58,127.43,127.48,3669.0,127.511
2026-05-13 15:31:00-04:00,127.48,127.54,127.47,127.54,650.0,127.495
2026-05-13 15:32:00-04:00,127.48,127.55,127.43,127.48,2822.0,127.477
2026-05-13 15:33:00-04:00,127.48,127.49,127.39,127.41,1852.0,127.416
2026-05-13 15:34:00-04:00,127.51,127.55,127.41,127.55,700.0,127.484
2026-05-13 15:35:00-04:00,127.47,127.53,127.39,127.39,2405.0,127.461
2026-05-13 15:36:00-04:00,127.38,127.38,127.14,127.24,3005.0,127.279
2026-05-13 15:37:00-04:00,127.24,127.24,127.06,127.07,3084.0,127.163
2026-05-13 15:38:00-04:00,127.02,127.14,127.02,127.08,1400.0,127.065
2026-05-13 15:39:00-04:00,127.08,127.08,127.0,127.0,4035.0,127.035
2026-05-13 15:40:00-04:00,127.01,127.01,126.99,127.01,1636.0,127.002
2026-05-13 15:41:00-04:00,127.01,127.01,126.66,126.68,5542.0,126.854
2026-05-13 15:42:00-04:00,126.61,126.71,126.6,126.68,5512.0,126.675
2026-05-13 15:43:00-04:00,126.68,126.68,126.54,126.61,4406.0,126.606
2026-05-13 15:44:00-04:00,126.53,126.69,126.45,126.64,5212.0,126.574
2026-05-13 15:45:00-04:00,126.61,126.71,126.61,126.67,1550.0,126.68
2026-05-13 15:46:00-04:00,126.63,126.64,126.52,126.59,4011.0,126.598
2026-05-13 15:47:00-04:00,126.65,126.66,126.53,126.54,3538.0,126.584
2026-05-13 15:48:00-04:00,126.52,126.57,126.51,126.57,2234.0,126.536
2026-05-13 15:49:00-04:00,126.51,126.55,126.47,126.48,3495.0,126.5
2026-05-13 15:50:00-04:00,126.46,126.59,126.37,126.44,4462.0,126.494
2026-05-13 15:51:00-04:00,126.37,126.44,126.07,126.13,15489.0,126.228
2026-05-13 15:52:00-04:00,126.13,126.2,126.07,126.07,1050.0,126.158
2026-05-13 15:53:00-04:00,126.14,126.16,126.03,126.07,7685.0,126.102
2026-05-13 15:54:00-04:00,126.03,126.1,125.82,125.82,12723.0,125.985
2026-05-13 15:55:00-04:00,125.9,125.98,125.75,125.76,14774.0,125.856
2026-05-13 15:56:00-04:00,125.76,125.78,125.46,125.72,22396.0,125.612
2026-05-13 15:57:00-04:00,125.72,125.8,125.55,125.76,31928.0,125.677
2026-05-13 15:58:00-04:00,125.77,125.85,125.66,125.77,59574.0,125.736
2026-05-13 15:59:00-04:00,125.77,125.8,125.58,125.65,55630.0,125.736
2026-05-14 09:30:00-04:00,126.21,127.88,126.11,127.52,24846.0,126.48
2026-05-14 09:31:00-04:00,127.52,128.0,127.03,127.4,3348.0,127.314
2026-05-14 09:32:00-04:00,127.51,127.51,126.51,126.82,5260.0,126.997
2026-05-14 09:33:00-04:00,126.82,126.86,126.35,126.35,500.0,126.734
2026-05-14 09:34:00-04:00,126.05,127.05,126.04,126.62,3200.0,126.535
2026-05-14 09:35:00-04:00,125.99,126.69,125.51,126.19,8056.0,125.85
2026-05-14 09:36:00-04:00,126.33,126.33,125.92,125.92,400.0,126.023
2026-05-14 09:37:00-04:00,125.52,125.93,125.46,125.7,5526.0,125.579
2026-05-14 09:38:00-04:00,125.92,125.92,125.44,125.45,3744.0,125.722
2026-05-14 09:39:00-04:00,125.31,125.31,125.22,125.22,2664.0,125.293
2026-05-14 09:40:00-04:00,125.59,125.87,125.48,125.48,3157.0,125.649
2026-05-14 09:41:00-04:00,125.84,125.84,124.86,125.0,8336.0,125.272
2026-05-14 09:42:00-04:00,125.0,125.0,125.0,125.0,0.0,125.0
2026-05-14 09:43:00-04:00,124.98,125.08,124.98,125.08,1250.0,125.036
2026-05-14 09:44:00-04:00,125.06,125.55,125.06,125.55,1210.0,125.344
2026-05-14 09:45:00-04:00,125.48,125.97,125.48,125.6,1200.0,125.69
2026-05-14 09:46:00-04:00,125.58,125.58,125.08,125.51,1344.0,125.278
2026-05-14 09:47:00-04:00,125.53,125.53,125.5,125.5,900.0,125.516
2026-05-14 09:48:00-04:00,125.6,125.6,125.17,125.42,1800.0,125.403
2026-05-14 09:49:00-04:00,125.42,125.72,125.31,125.55,805.0,125.509
2026-05-14 09:50:00-04:00,125.55,125.77,125.42,125.72,934.0,125.645
2026-05-14 09:51:00-04:00,125.72,125.72,125.72,125.72,0.0,125.72
2026-05-14 09:52:00-04:00,125.8,125.96,125.68,125.69,1750.0,125.78
2026-05-14 09:53:00-04:00,126.0,126.01,126.0,126.0,500.0,126.005
2026-05-14 09:54:00-04:00,125.77,125.82,125.61,125.76,1000.0,125.689
2026-05-14 09:55:00-04:00,125.98,126.07,125.98,126.07,750.0,126.025
2026-05-14 09:56:00-04:00,125.94,126.32,125.66,125.88,3691.0,126.061
2026-05-14 09:57:00-04:00,125.77,125.77,125.44,125.44,1279.0,125.592
2026-05-14 09:58:00-04:00,125.54,125.54,124.88,124.88,2240.0,125.044
2026-05-14 09:59:00-04:00,125.29,125.29,124.87,124.87,860.0,124.963
2026-05-14 10:00:00-04:00,124.77,124.95,124.77,124.95,411.0,124.902
2026-05-14 10:01:00-04:00,125.3,125.48,125.28,125.46,1669.0,125.392
2026-05-14 10:02:00-04:00,125.53,125.98,125.46,125.73,26917.0,125.672
2026-05-14 10:03:00-04:00,125.73,126.32,125.72,126.32,3122.0,126.034
2026-05-14 10:04:00-04:00,126.07,126.34,126.07,126.34,1147.0,126.139
2026-05-14 10:05:00-04:00,126.34,126.34,126.34,126.34,0.0,126.34
2026-05-14 10:06:00-04:00,126.04,126.08,125.87,125.87,1164.0,125.997
2026-05-14 10:07:00-04:00,125.88,126.11,125.82,126.11,1300.0,125.919
2026-05-14 10:08:00-04:00,125.85,125.97,125.65,125.95,2803.0,125.755
2026-05-14 10:09:00-04:00,126.28,126.28,125.78,125.78,600.0,126.04
2026-05-14 10:10:00-04:00,125.95,126.17,125.59,125.75,1572.0,125.819
2026-05-14 10:11:00-04:00,125.63,125.63,125.63,125.63,100.0,125.63
2026-05-14 10:12:00-04:00,125.66,125.66,125.35,125.35,2157.0,125.632
2026-05-14 10:13:00-04:00,125.7,125.7,125.04,125.04,5816.0,125.264
2026-05-14 10:14:00-04:00,125.18,125.23,125.18,125.23,1307.0,125.226
2026-05-14 10:15:00-04:00,125.17,125.17,125.1,125.11,350.0,125.133
2026-05-14 10:16:00-04:00,125.0,125.01,124.9,124.9,1493.0,124.987
2026-05-14 10:17:00-04:00,124.79,124.79,124.65,124.66,270.0,124.738
2026-05-14 10:18:00-04:00,124.78,124.78,124.53,124.77,566.0,124.699
2026-05-14 10:19:00-04:00,124.77,124.77,124.75,124.77,920.0,124.768
2026-05-14 10:20:00-04:00,125.03,125.04,124.45,124.45,2234.0,124.636
2026-05-14 10:21:00-04:00,124.45,124.73,124.45,124.48,430.0,124.522
2026-05-14 10:22:00-04:00,124.55,125.28,124.55,125.28,2902.0,124.845
2026-05-14 10:23:00-04:00,125.09,125.16,125.03,125.1,735.0,125.092
2026-05-14 10:24:00-04:00,125.14,125.48,125.14,125.18,1200.0,125.261
2026-05-14 10:25:00-04:00,125.23,125.23,125.23,125.23,700.0,125.23
2026-05-14 10:26:00-04:00,125.23,125.23,124.79,124.84,1075.0,125.012
2026-05-14 10:27:00-04:00,125.1,125.1,124.7,124.79,1000.0,124.799
2026-05-14 10:28:00-04:00,124.68,124.82,124.61,124.8,1034.0,124.711
2026-05-14 10:29:00-04:00,124.67,124.67,124.26,124.55,6253.0,124.453
2026-05-14 10:30:00-04:00,124.62,124.81,124.62,124.79,930.0,124.732
2026-05-14 10:31:00-04:00,124.63,124.63,124.61,124.62,404.0,124.621
2026-05-14 10:32:00-04:00,124.62,124.76,124.61,124.72,1210.0,124.683
2026-05-14 10:33:00-04:00,124.67,125.05,124.67,125.04,3018.0,124.87
2026-05-14 10:34:00-04:00,125.05,125.19,125.04,125.18,1321.0,125.122
2026-05-14 10:35:00-04:00,125.37,125.47,125.18,125.47,3000.0,125.259
2026-05-14 10:36:00-04:00,125.51,125.56,125.41,125.42,500.0,125.471
2026-05-14 10:37:00-04:00,125.86,125.86,125.86,125.86,100.0,125.86
2026-05-14 10:38:00-04:00,125.9,125.9,125.54,125.62,1400.0,125.623
2026-05-14 10:39:00-04:00,125.62,125.62,125.29,125.45,8269.0,125.547
2026-05-14 10:40:00-04:00,125.46,125.64,124.83,125.26,12059.0,125.212
2026-05-14 10:41:00-04:00,125.27,125.27,124.95,125.27,3941.0,125.239
2026-05-14 10:42:00-04:00,125.24,125.27,124.96,125.26,2000.0,125.21
2026-05-14 10:43:00-04:00,125.08,125.63,125.08,125.5,1299.0,125.417
2026-05-14 10:44:00-04:00,125.5,125.5,125.43,125.43,200.0,125.465
2026-05-14 10:45:00-04:00,125.52,125.52,125.51,125.52,603.0,125.515
2026-05-14 10:46:00-04:00,125.63,125.98,125.63,125.74,2842.0,125.828
2026-05-14 10:47:00-04:00,125.74,125.92,125.48,125.69,6696.0,125.706
2026-05-14 10:48:00-04:00,125.69,125.79,125.59,125.79,1073.0,125.691
2026-05-14 10:49:00-04:00,125.86,126.16,125.86,126.08,4822.0,126.039
2026-05-14 10:50:00-04:00,126.32,126.32,125.84,125.92,2706.0,126.129
2026-05-14 10:51:00-04:00,125.92,125.92,125.92,125.92,0.0,125.92
2026-05-14 10:52:00-04:00,125.87,125.87,125.57,125.57,700.0,125.661
2026-05-14 10:53:00-04:00,125.45,125.91,125.45,125.6,1340.0,125.689
2026-05-14 10:54:00-04:00,125.76,125.9,125.76,125.81,600.0,125.82
2026-05-14 10:55:00-04:00,125.96,125.97,125.6,125.72,827.0,125.706
2026-05-14 10:56:00-04:00,125.62,125.72,125.3,125.31,2896.0,125.473
2026-05-14 10:57:00-04:00,125.53,125.53,125.5,125.52,300.0,125.518
2026-05-14 10:58:00-04:00,125.59,125.81,125.59,125.72,3077.0,125.691
2026-05-14 10:59:00-04:00,125.6,125.67,125.4,125.59,2990.0,125.538
2026-05-14 11:00:00-04:00,125.7,125.85,125.7,125.77,1616.0,125.787
2026-05-14 11:01:00-04:00,125.94,126.1,125.93,126.1,1353.0,125.962
2026-05-14 11:02:00-04:00,126.04,126.19,125.99,126.09,3151.0,126.115
2026-05-14 11:03:00-04:00,126.09,126.09,125.9,125.94,3362.0,126.005
2026-05-14 11:04:00-04:00,126.05,126.16,125.99,126.0,1735.0,126.034
2026-05-14 11:05:00-04:00,126.18,126.46,126.16,126.46,3835.0,126.297
2026-05-14 11:06:00-04:00,126.46,126.46,126.35,126.44,1458.0,126.377
2026-05-14 11:07:00-04:00,126.41,126.57,126.35,126.57,3909.0,126.418
2026-05-14 11:08:00-04:00,126.61,126.66,126.47,126.59,931.0,126.559
2026-05-14 11:09:00-04:00,126.58,126.59,126.41,126.42,3504.0,126.505
2026-05-14 11:10:00-04:00,126.36,126.36,126.21,126.26,6826.0,126.282
2026-05-14 11:11:00-04:00,126.21,126.21,126.07,126.19,2622.0,126.148
2026-05-14 11:12:00-04:00,126.2,126.32,126.19,126.2,570.0,126.246
2026-05-14 11:13:00-04:00,126.36,126.57,126.22,126.56,1104.0,126.426
2026-05-14 11:14:00-04:00,126.56,126.56,126.39,126.39,1000.0,126.465
2026-05-14 11:15:00-04:00,126.4,126.51,126.39,126.5,700.0,126.441
2026-05-14 11:16:00-04:00,126.43,126.58,126.43,126.57,700.0,126.504
2026-05-14 11:17:00-04:00,126.48,126.48,126.48,126.48,245.0,126.48
2026-05-14 11:18:00-04:00,126.66,126.66,126.48,126.48,437.0,126.521
2026-05-14 11:19:00-04:00,126.48,126.74,126.47,126.74,1423.0,126.62
2026-05-14 11:20:00-04:00,126.78,126.86,126.7,126.86,3914.0,126.733
2026-05-14 11:21:00-04:00,126.68,126.77,126.68,126.76,1324.0,126.723
2026-05-14 11:22:00-04:00,126.86,126.93,126.7,126.78,2196.0,126.767
2026-05-14 11:23:00-04:00,126.86,126.86,126.75,126.76,722.0,126.794
2026-05-14 11:24:00-04:00,126.82,126.82,126.82,126.82,100.0,126.82
2026-05-14 11:25:00-04:00,126.76,126.99,126.75,126.99,1218.0,126.874
2026-05-14 11:26:00-04:00,127.0,127.0,126.83,127.0,4326.0,126.898
2026-05-14 11:27:00-04:00,126.92,127.1,126.91,127.01,2340.0,126.996
2026-05-14 11:28:00-04:00,127.01,127.02,127.01,127.02,200.0,127.013
2026-05-14 11:29:00-04:00,126.86,126.86,126.75,126.75,1000.0,126.815
2026-05-14 11:30:00-04:00,126.8,126.86,126.79,126.86,500.0,126.818
2026-05-14 11:31:00-04:00,126.89,126.96,126.62,126.62,3300.0,126.802
2026-05-14 11:32:00-04:00,126.62,126.62,126.62,126.62,0.0,126.62
2026-05-14 11:33:00-04:00,126.7,126.79,126.57,126.79,5305.0,126.71
2026-05-14 11:34:00-04:00,126.75,126.75,126.49,126.5,3292.0,126.527
2026-05-14 11:35:00-04:00,126.47,126.56,126.44,126.56,1904.0,126.508
2026-05-14 11:36:00-04:00,126.67,126.67,126.67,126.67,100.0,126.67
2026-05-14 11:37:00-04:00,126.56,126.69,126.55,126.69,350.0,126.632
2026-05-14 11:38:00-04:00,126.7,126.7,126.56,126.56,853.0,126.604
2026-05-14 11:39:00-04:00,126.56,126.66,126.48,126.48,371.0,126.565
2026-05-14 11:40:00-04:00,126.41,126.41,126.21,126.31,2873.0,126.28
2026-05-14 11:41:00-04:00,126.34,126.34,126.34,126.34,100.0,126.34
2026-05-14 11:42:00-04:00,126.29,126.35,126.28,126.33,600.0,126.335
2026-05-14 11:43:00-04:00,126.35,126.41,126.34,126.35,1104.0,126.355
2026-05-14 11:44:00-04:00,126.35,126.46,126.35,126.39,617.0,126.396
2026-05-14 11:45:00-04:00,126.36,126.36,126.36,126.36,300.0,126.36
2026-05-14 11:46:00-04:00,126.36,126.42,126.26,126.35,1300.0,126.342
2026-05-14 11:47:00-04:00,126.46,126.46,126.45,126.45,300.0,126.457
2026-05-14 11:48:00-04:00,126.48,126.55,126.48,126.51,509.0,126.512
2026-05-14 11:49:00-04:00,126.63,126.63,126.63,126.63,100.0,126.63
2026-05-14 11:50:00-04:00,126.64,126.64,126.52,126.52,200.0,126.58
2026-05-14 11:51:00-04:00,126.64,126.66,126.64,126.66,500.0,126.646
2026-05-14 11:52:00-04:00,126.7,126.78,126.61,126.78,730.0,126.709
2026-05-14 11:53:00-04:00,126.67,126.67,126.67,126.67,1288.0,126.67
2026-05-14 11:54:00-04:00,126.67,126.67,126.67,126.67,646.0,126.67
2026-05-14 11:55:00-04:00,126.74,126.74,126.53,126.58,1246.0,126.59
2026-05-14 11:56:00-04:00,126.6,126.66,126.58,126.64,762.0,126.601
2026-05-14 11:57:00-04:00,126.64,126.64,126.64,126.64,0.0,126.64
2026-05-14 11:58:00-04:00,126.67,126.67,126.46,126.49,2622.0,126.517
2026-05-14 11:59:00-04:00,126.49,126.64,126.39,126.48,3072.0,126.513
2026-05-14 12:00:00-04:00,126.67,126.82,126.67,126.82,2100.0,126.746
2026-05-14 12:01:00-04:00,126.83,126.83,126.83,126.83,100.0,126.83
2026-05-14 12:02:00-04:00,126.87,126.87,126.68,126.87,711.0,126.804
2026-05-14 12:03:00-04:00,126.87,127.08,126.87,127.08,2404.0,126.96
2026-05-14 12:04:00-04:00,127.03,127.07,126.95,126.96,300.0,127.018
2026-05-14 12:05:00-04:00,126.96,126.96,126.85,126.9,434.0,126.918
2026-05-14 12:06:00-04:00,126.9,127.0,126.83,126.97,1599.0,126.922
2026-05-14 12:07:00-04:00,126.99,127.08,126.97,127.03,3406.0,127.05
2026-05-14 12:08:00-04:00,127.03,127.12,126.97,127.12,2900.0,127.056
2026-05-14 12:09:00-04:00,127.16,127.16,127.14,127.15,200.0,127.153
2026-05-14 12:10:00-04:00,127.16,127.2,127.1,127.14,1699.0,127.142
2026-05-14 12:11:00-04:00,127.14,127.2,127.02,127.02,1823.0,127.103
2026-05-14 12:12:00-04:00,127.02,127.07,126.92,127.05,1982.0,127.009
2026-05-14 12:13:00-04:00,127.03,127.03,127.02,127.03,725.0,127.025
2026-05-14 12:14:00-04:00,127.03,127.12,127.03,127.03,875.0,127.048
2026-05-14 12:15:00-04:00,126.95,127.04,126.94,127.04,200.0,126.99
2026-05-14 12:16:00-04:00,127.09,127.09,126.94,126.94,1406.0,127.002
2026-05-14 12:17:00-04:00,127.03,127.03,126.94,126.94,1530.0,126.982
2026-05-14 12:18:00-04:00,127.03,127.03,126.84,126.95,2499.0,126.946
2026-05-14 12:19:00-04:00,126.98,127.0,126.82,126.82,1950.0,126.909
2026-05-14 12:20:00-04:00,126.92,127.03,126.83,126.94,1940.0,126.938
2026-05-14 12:21:00-04:00,126.84,127.24,126.84,127.12,3081.0,127.07
2026-05-14 12:22:00-04:00,127.09,127.13,126.93,126.97,3438.0,127.025
2026-05-14 12:23:00-04:00,127.08,127.17,126.93,127.05,2472.0,127.084
2026-05-14 12:24:00-04:00,126.93,126.95,126.81,126.85,3505.0,126.848
2026-05-14 12:25:00-04:00,126.81,126.81,126.73,126.76,1880.0,126.751
2026-05-14 12:26:00-04:00,126.89,126.89,126.67,126.68,1936.0,126.77
2026-05-14 12:27:00-04:00,126.68,126.76,126.65,126.76,1000.0,126.673
2026-05-14 12:28:00-04:00,126.75,126.75,126.55,126.66,2765.0,126.642
2026-05-14 12:29:00-04:00,126.66,126.66,126.59,126.66,670.0,126.646
2026-05-14 12:30:00-04:00,126.75,126.97,126.61,126.65,2377.0,126.741
2026-05-14 12:31:00-04:00,126.95,126.95,126.58,126.62,2430.0,126.764
2026-05-14 12:32:00-04:00,126.6,126.89,126.49,126.78,19255.0,126.721
2026-05-14 12:33:00-04:00,126.74,126.79,126.73,126.73,460.0,126.756
2026-05-14 12:34:00-04:00,126.78,126.86,126.78,126.86,400.0,126.8
2026-05-14 12:35:00-04:00,126.78,126.93,126.69,126.78,1212.0,126.832
2026-05-14 12:36:00-04:00,126.8,126.81,126.8,126.81,460.0,126.801
2026-05-14 12:37:00-04:00,126.82,126.95,126.69,126.88,3237.0,126.773
2026-05-14 12:38:00-04:00,126.95,127.04,126.83,126.98,2819.0,126.973
2026-05-14 12:39:00-04:00,126.84,126.86,126.64,126.73,2300.0,126.782
2026-05-14 12:40:00-04:00,126.72,126.73,126.72,126.73,200.0,126.725
2026-05-14 12:41:00-04:00,126.8,126.93,126.73,126.9,2210.0,126.847
2026-05-14 12:42:00-04:00,126.9,126.99,126.89,126.95,1600.0,126.941
2026-05-14 12:43:00-04:00,126.88,126.95,126.87,126.87,1276.0,126.908
2026-05-14 12:44:00-04:00,126.9,126.96,126.89,126.96,780.0,126.912
2026-05-14 12:45:00-04:00,126.95,127.0,126.83,126.85,1400.0,126.903
2026-05-14 12:46:00-04:00,126.86,126.86,126.85,126.86,200.0,126.855
2026-05-14 12:47:00-04:00,126.86,126.86,126.86,126.86,0.0,126.86
2026-05-14 12:48:00-04:00,126.88,126.88,126.72,126.84,1000.0,126.838
2026-05-14 12:49:00-04:00,126.96,126.96,126.86,126.86,200.0,126.91
2026-05-14 12:50:00-04:00,126.85,126.85,126.85,126.85,100.0,126.85
2026-05-14 12:51:00-04:00,126.85,126.85,126.65,126.68,1500.0,126.711
2026-05-14 12:52:00-04:00,126.67,126.68,126.5,126.52,2822.0,126.603
2026-05-14 12:53:00-04:00,126.45,126.46,126.35,126.35,997.0,126.409
2026-05-14 12:54:00-04:00,126.25,126.39,126.25,126.39,3918.0,126.353
2026-05-14 12:55:00-04:00,126.32,126.49,126.32,126.49,550.0,126.441
2026-05-14 12:56:00-04:00,126.33,126.38,126.33,126.38,855.0,126.369
2026-05-14 12:57:00-04:00,126.47,126.49,126.37,126.48,3698.0,126.42
2026-05-14 12:58:00-04:00,126.42,126.54,126.28,126.54,600.0,126.411
2026-05-14 12:59:00-04:00,126.54,126.61,126.48,126.49,2089.0,126.538
2026-05-14 13:00:00-04:00,126.49,126.51,126.48,126.51,400.0,126.491
2026-05-14 13:01:00-04:00,126.49,126.62,126.48,126.62,271.0,126.535
2026-05-14 13:02:00-04:00,126.61,126.85,126.54,126.76,1277.0,126.701
2026-05-14 13:03:00-04:00,126.86,126.86,126.73,126.77,1000.0,126.768
2026-05-14 13:04:00-04:00,126.78,126.79,126.61,126.61,1885.0,126.701
2026-05-14 13:05:00-04:00,126.62,126.75,126.62,126.74,1132.0,126.715
2026-05-14 13:06:00-04:00,126.7,126.7,126.32,126.46,2655.0,126.497
2026-05-14 13:07:00-04:00,126.47,126.58,126.37,126.42,1034.0,126.467
2026-05-14 13:08:00-04:00,126.34,126.34,126.34,126.34,300.0,126.34
2026-05-14 13:09:00-04:00,126.42,126.42,126.4,126.41,300.0,126.416
2026-05-14 13:10:00-04:00,126.41,126.55,126.4,126.55,404.0,126.48
2026-05-14 13:11:00-04:00,126.41,126.55,126.4,126.55,700.0,126.428
2026-05-14 13:12:00-04:00,126.46,126.46,126.46,126.46,1200.0,126.46
2026-05-14 13:13:00-04:00,126.37,126.62,126.37,126.49,516.0,126.492
2026-05-14 13:14:00-04:00,126.57,126.64,126.37,126.62,644.0,126.547
2026-05-14 13:15:00-04:00,126.5,126.5,126.49,126.5,1585.0,126.493
2026-05-14 13:16:00-04:00,126.4,126.52,126.35,126.49,1861.0,126.429
2026-05-14 13:17:00-04:00,126.49,126.57,126.36,126.41,1359.0,126.446
2026-05-14 13:18:00-04:00,126.42,126.42,126.3,126.41,1393.0,126.395
2026-05-14 13:19:00-04:00,126.39,126.41,126.27,126.27,1400.0,126.319
2026-05-14 13:20:00-04:00,126.3,126.3,126.12,126.26,975.0,126.221
2026-05-14 13:21:00-04:00,126.35,126.38,126.33,126.33,708.0,126.356
2026-05-14 13:22:00-04:00,126.33,126.33,126.33,126.33,200.0,126.33
2026-05-14 13:23:00-04:00,126.33,126.33,126.33,126.33,0.0,126.33
2026-05-14 13:24:00-04:00,126.21,126.26,126.12,126.13,3273.0,126.187
2026-05-14 13:25:00-04:00,126.08,126.08,125.79,125.79,3002.0,125.91
2026-05-14 13:26:00-04:00,125.94,125.99,125.91,125.91,796.0,125.957
2026-05-14 13:27:00-04:00,125.89,125.89,125.88,125.88,300.0,125.882
2026-05-14 13:28:00-04:00,126.0,126.16,125.99,126.16,940.0,126.062
2026-05-14 13:29:00-04:00,126.01,126.01,126.0,126.01,300.0,126.005
2026-05-14 13:30:00-04:00,125.99,126.0,125.99,126.0,500.0,125.992
2026-05-14 13:31:00-04:00,126.25,126.25,126.16,126.22,1210.0,126.193
2026-05-14 13:32:00-04:00,126.18,126.18,126.14,126.15,580.0,126.166
2026-05-14 13:33:00-04:00,126.09,126.25,126.09,126.21,795.0,126.187
2026-05-14 13:34:00-04:00,126.21,126.32,126.21,126.32,1761.0,126.218
2026-05-14 13:35:00-04:00,126.32,126.35,126.28,126.29,507.0,126.312
2026-05-14 13:36:00-04:00,126.26,126.26,126.25,126.26,852.0,126.255
2026-05-14 13:37:00-04:00,126.26,126.26,126.26,126.26,0.0,126.26
2026-05-14 13:38:00-04:00,126.27,126.27,126.26,126.27,560.0,126.265
2026-05-14 13:39:00-04:00,126.4,126.4,126.29,126.29,200.0,126.345
2026-05-14 13:40:00-04:00,126.29,126.29,126.29,126.29,0.0,126.29
2026-05-14 13:41:00-04:00,126.26,126.26,125.89,125.89,4189.0,126.126
2026-05-14 13:42:00-04:00,126.02,126.04,126.01,126.02,1073.0,126.019
2026-05-14 13:43:00-04:00,126.02,126.02,125.88,125.92,1928.0,125.923
2026-05-14 13:44:00-04:00,125.89,125.89,125.76,125.88,1973.0,125.822
2026-05-14 13:45:00-04:00,126.01,126.01,125.95,125.95,299.0,125.99
2026-05-14 13:46:00-04:00,125.96,126.05,125.95,126.05,625.0,126.005
2026-05-14 13:47:00-04:00,126.06,126.14,126.06,126.14,400.0,126.08
2026-05-14 13:48:00-04:00,126.07,126.07,126.06,126.07,201.0,126.065
2026-05-14 13:49:00-04:00,126.15,126.3,126.1,126.18,1400.0,126.155
2026-05-14 13:50:00-04:00,126.26,126.26,126.26,126.26,100.0,126.26
2026-05-14 13:51:00-04:00,126.19,126.26,126.18,126.19,1700.0,126.189
2026-05-14 13:52:00-04:00,126.19,126.26,126.08,126.08,1300.0,126.124
2026-05-14 13:53:00-04:00,126.09,126.09,126.08,126.09,100.0,126.085
2026-05-14 13:54:00-04:00,125.99,126.08,125.95,125.99,1624.0,125.998
2026-05-14 13:55:00-04:00,126.05,126.07,126.02,126.03,900.0,126.049
2026-05-14 13:56:00-04:00,126.03,126.14,126.03,126.14,200.0,126.085
2026-05-14 13:57:00-04:00,126.13,126.14,125.93,125.93,1698.0,126.004
2026-05-14 13:58:00-04:00,125.92,125.98,125.82,125.98,2599.0,125.89
2026-05-14 13:59:00-04:00,126.02,126.04,125.99,125.99,400.0,126.018
2026-05-14 14:00:00-04:00,125.97,125.97,125.96,125.97,100.0,125.965
2026-05-14 14:01:00-04:00,126.08,126.08,125.75,125.89,4091.0,125.876
2026-05-14 14:02:00-04:00,125.88,125.88,125.87,125.88,500.0,125.875
2026-05-14 14:03:00-04:00,125.86,125.86,125.8,125.8,500.0,125.844
2026-05-14 14:04:00-04:00,125.81,125.94,125.8,125.94,600.0,125.837
2026-05-14 14:05:00-04:00,125.96,125.98,125.84,125.85,818.0,125.936
2026-05-14 14:06:00-04:00,125.96,126.21,125.95,126.21,1502.0,126.048
2026-05-14 14:07:00-04:00,125.97,126.08,125.85,125.85,2936.0,125.93
2026-05-14 14:08:00-04:00,125.86,125.95,125.86,125.95,480.0,125.914
2026-05-14 14:09:00-04:00,126.02,126.02,125.94,125.95,300.0,125.97
2026-05-14 14:10:00-04:00,125.89,125.95,125.86,125.95,580.0,125.901
2026-05-14 14:11:00-04:00,126.02,126.02,125.87,125.95,2266.0,125.987
2026-05-14 14:12:00-04:00,125.96,126.05,125.95,126.04,401.0,126.015
2026-05-14 14:13:00-04:00,126.11,126.14,126.11,126.14,300.0,126.13
2026-05-14 14:14:00-04:00,126.14,126.14,126.13,126.13,336.0,126.134
2026-05-14 14:15:00-04:00,126.11,126.11,125.97,125.97,1818.0,126.048
2026-05-14 14:16:00-04:00,126.05,126.05,125.82,125.85,1800.0,125.891
2026-05-14 14:17:00-04:00,125.92,125.92,125.81,125.92,1322.0,125.852
2026-05-14 14:18:00-04:00,125.95,125.95,125.92,125.93,458.0,125.935
2026-05-14 14:19:00-04:00,126.0,126.03,125.93,126.03,900.0,125.985
2026-05-14 14:20:00-04:00,126.01,126.08,126.01,126.08,226.0,126.041
2026-05-14 14:21:00-04:00,126.08,126.08,126.08,126.08,0.0,126.08
2026-05-14 14:22:00-04:00,126.15,126.15,126.02,126.04,399.0,126.091
2026-05-14 14:23:00-04:00,126.04,126.16,126.04,126.16,1500.0,126.152
2026-05-14 14:24:00-04:00,126.11,126.12,126.02,126.02,483.0,126.079
2026-05-14 14:25:00-04:00,126.22,126.22,126.12,126.13,313.0,126.154
2026-05-14 14:26:00-04:00,126.1,126.1,125.99,126.04,1153.0,126.023
2026-05-14 14:27:00-04:00,126.01,126.05,125.76,125.76,3081.0,125.888
2026-05-14 14:28:00-04:00,125.74,125.77,125.49,125.6,2466.0,125.612
2026-05-14 14:29:00-04:00,125.59,125.7,125.59,125.68,1108.0,125.65
2026-05-14 14:30:00-04:00,125.79,125.8,125.74,125.8,1019.0,125.78
2026-05-14 14:31:00-04:00,125.84,125.88,125.79,125.86,1400.0,125.841
2026-05-14 14:32:00-04:00,125.86,125.86,125.86,125.86,300.0,125.86
2026-05-14 14:33:00-04:00,125.96,125.96,125.95,125.96,150.0,125.96
2026-05-14 14:34:00-04:00,125.96,125.96,125.85,125.85,2662.0,125.948
2026-05-14 14:35:00-04:00,125.88,125.97,125.88,125.97,1218.0,125.946
2026-05-14 14:36:00-04:00,125.94,125.99,125.93,125.96,645.0,125.954
2026-05-14 14:37:00-04:00,125.96,126.04,125.95,125.96,1000.0,125.981
2026-05-14 14:38:00-04:00,125.98,126.04,125.98,126.04,416.0,126.023
2026-05-14 14:39:00-04:00,126.08,126.11,125.95,125.98,4064.0,126.023
2026-05-14 14:40:00-04:00,125.95,125.95,125.88,125.89,1941.0,125.917
2026-05-14 14:41:00-04:00,125.81,125.88,125.8,125.88,1750.0,125.841
2026-05-14 14:42:00-04:00,125.88,126.08,125.88,126.08,1550.0,125.979
2026-05-14 14:43:00-04:00,126.05,126.05,126.05,126.05,100.0,126.05
2026-05-14 14:44:00-04:00,126.08,126.08,125.87,126.03,2300.0,125.99
2026-05-14 14:45:00-04:00,126.03,126.05,125.73,125.81,2400.0,125.824
2026-05-14 14:46:00-04:00,125.72,125.74,125.62,125.62,700.0,125.703
2026-05-14 14:47:00-04:00,125.65,125.74,125.62,125.65,400.0,125.663
2026-05-14 14:48:00-04:00,125.62,125.75,125.56,125.66,1519.0,125.636
2026-05-14 14:49:00-04:00,125.59,125.75,125.56,125.66,3103.0,125.653
2026-05-14 14:50:00-04:00,125.56,125.65,125.47,125.62,3000.0,125.572
2026-05-14 14:51:00-04:00,125.62,125.62,125.5,125.57,3033.0,125.565
2026-05-14 14:52:00-04:00,125.53,125.53,125.52,125.53,100.0,125.525
2026-05-14 14:53:00-04:00,125.5,125.5,125.5,125.5,772.0,125.5
2026-05-14 14:54:00-04:00,125.55,125.6,125.5,125.51,520.0,125.532
2026-05-14 14:55:00-04:00,125.6,125.68,125.6,125.68,1800.0,125.66
2026-05-14 14:56:00-04:00,125.75,125.75,125.56,125.6,3330.0,125.625
2026-05-14 14:57:00-04:00,125.67,125.67,125.67,125.67,100.0,125.67
2026-05-14 14:58:00-04:00,125.59,125.59,125.51,125.57,700.0,125.554
2026-05-14 14:59:00-04:00,125.49,125.54,125.43,125.53,1608.0,125.475
2026-05-14 15:00:00-04:00,125.54,125.71,125.39,125.71,1552.0,125.573
2026-05-14 15:01:00-04:00,125.64,125.64,125.64,125.64,100.0,125.64
2026-05-14 15:02:00-04:00,125.64,125.64,125.64,125.64,100.0,125.64
2026-05-14 15:03:00-04:00,125.73,125.73,125.64,125.72,779.0,125.67
2026-05-14 15:04:00-04:00,125.65,125.84,125.55,125.84,2690.0,125.6
2026-05-14 15:05:00-04:00,125.97,126.04,125.97,125.99,6222.0,126.001
2026-05-14 15:06:00-04:00,125.94,125.97,125.92,125.97,1674.0,125.934
2026-05-14 15:07:00-04:00,125.92,125.92,125.73,125.84,2442.0,125.803
2026-05-14 15:08:00-04:00,125.86,125.94,125.85,125.94,1493.0,125.899
2026-05-14 15:09:00-04:00,125.88,125.88,125.87,125.88,100.0,125.875
2026-05-14 15:10:00-04:00,125.9,125.94,125.85,125.85,600.0,125.873
2026-05-14 15:11:00-04:00,125.92,125.92,125.85,125.85,200.0,125.885
2026-05-14 15:12:00-04:00,125.85,125.85,125.71,125.71,2315.0,125.786
2026-05-14 15:13:00-04:00,125.67,125.71,125.67,125.71,300.0,125.683
2026-05-14 15:14:00-04:00,125.71,125.74,125.63,125.67,1380.0,125.689
2026-05-14 15:15:00-04:00,125.77,125.77,125.66,125.66,490.0,125.682
2026-05-14 15:16:00-04:00,125.77,126.01,125.77,126.01,1795.0,125.879
2026-05-14 15:17:00-04:00,126.07,126.07,125.91,125.93,2921.0,125.977
2026-05-14 15:18:00-04:00,125.93,126.08,125.92,126.08,575.0,126.004
2026-05-14 15:19:00-04:00,125.98,125.98,125.72,125.81,3200.0,125.817
2026-05-14 15:20:00-04:00,125.82,125.82,125.78,125.81,731.0,125.81
2026-05-14 15:21:00-04:00,125.77,125.83,125.77,125.83,1038.0,125.795
2026-05-14 15:22:00-04:00,125.86,125.86,125.72,125.74,2117.0,125.781
2026-05-14 15:23:00-04:00,125.74,125.78,125.64,125.64,1100.0,125.706
2026-05-14 15:24:00-04:00,125.58,125.63,125.5,125.61,2680.0,125.587
2026-05-14 15:25:00-04:00,125.59,125.76,125.58,125.76,300.0,125.688
2026-05-14 15:26:00-04:00,125.78,125.82,125.75,125.76,693.0,125.776
2026-05-14 15:27:00-04:00,125.84,125.84,125.76,125.76,200.0,125.8
2026-05-14 15:28:00-04:00,125.77,125.83,125.76,125.77,1201.0,125.771
2026-05-14 15:29:00-04:00,125.83,125.83,125.77,125.77,1395.0,125.774
2026-05-14 15:30:00-04:00,125.85,125.96,125.79,125.96,3622.0,125.871
2026-05-14 15:31:00-04:00,125.97,126.03,125.92,125.93,1634.0,125.963
2026-05-14 15:32:00-04:00,126.04,126.04,125.95,126.04,1131.0,125.981
2026-05-14 15:33:00-04:00,126.01,126.14,125.98,126.11,1900.0,126.077
2026-05-14 15:34:00-04:00,126.1,126.11,125.98,126.07,3163.0,126.058
2026-05-14 15:35:00-04:00,126.06,126.06,125.89,125.89,2530.0,125.987
2026-05-14 15:36:00-04:00,126.0,126.01,125.8,125.8,1000.0,125.871
2026-05-14 15:37:00-04:00,126.01,126.01,125.83,125.83,4428.0,125.911
2026-05-14 15:38:00-04:00,125.85,125.85,125.72,125.74,1057.0,125.77
2026-05-14 15:39:00-04:00,125.72,125.91,125.71,125.81,5583.0,125.804
2026-05-14 15:40:00-04:00,125.82,125.82,125.7,125.77,1602.0,125.757
2026-05-14 15:41:00-04:00,125.77,125.77,125.5,125.58,5797.0,125.643
2026-05-14 15:42:00-04:00,125.58,125.65,125.56,125.57,2430.0,125.586
2026-05-14 15:43:00-04:00,125.58,125.58,125.52,125.52,2062.0,125.559
2026-05-14 15:44:00-04:00,125.58,125.7,125.51,125.62,3977.0,125.606
2026-05-14 15:45:00-04:00,125.63,125.63,125.57,125.62,1139.0,125.612
2026-05-14 15:46:00-04:00,125.62,125.63,125.5,125.55,4279.0,125.565
2026-05-14 15:47:00-04:00,125.6,125.8,125.57,125.8,3846.0,125.705
2026-05-14 15:48:00-04:00,125.75,125.86,125.67,125.86,2047.0,125.792
2026-05-14 15:49:00-04:00,125.79,125.79,125.67,125.72,1201.0,125.754
2026-05-14 15:50:00-04:00,125.72,125.75,125.55,125.55,5031.0,125.674
2026-05-14 15:51:00-04:00,125.55,125.55,125.37,125.38,3445.0,125.46
2026-05-14 15:52:00-04:00,125.45,125.52,125.37,125.45,1500.0,125.448
2026-05-14 15:53:00-04:00,125.4,125.51,125.38,125.51,6482.0,125.459
2026-05-14 15:54:00-04:00,125.48,125.77,125.43,125.77,6597.0,125.519
2026-05-14 15:55:00-04:00,125.69,125.83,125.61,125.83,8155.0,125.701
2026-05-14 15:56:00-04:00,125.84,125.9,125.82,125.86,10163.0,125.844
2026-05-14 15:57:00-04:00,125.84,125.95,125.78,125.78,15824.0,125.864
2026-05-14 15:58:00-04:00,125.8,125.89,125.78,125.87,19028.0,125.842
2026-05-14 15:59:00-04:00,125.86,125.93,125.83,125.86,33949.0,125.878
2026-05-15 09:30:00-04:00,122.56,123.2,121.8,122.59,56820.0,122.46
2026-05-15 09:31:00-04:00,122.72,123.38,122.68,122.95,4880.0,123.004
2026-05-15 09:32:00-04:00,123.15,123.4,122.82,123.15,1435.0,123.119
2026-05-15 09:33:00-04:00,123.13,123.18,122.5,122.95,3656.0,122.826
2026-05-15 09:34:00-04:00,123.21,124.0,123.2,123.8,13286.0,123.822
2026-05-15 09:35:00-04:00,123.85,123.85,122.78,123.37,20403.0,123.082
2026-05-15 09:36:00-04:00,123.37,123.37,123.06,123.24,3046.0,123.278
2026-05-15 09:37:00-04:00,123.06,123.75,123.0,123.12,1800.0,123.339
2026-05-15 09:38:00-04:00,123.38,123.41,123.13,123.41,2484.0,123.321
2026-05-15 09:39:00-04:00,123.42,123.57,123.04,123.57,2945.0,123.132
2026-05-15 09:40:00-04:00,123.46,124.05,123.46,124.05,3785.0,123.846
2026-05-15 09:41:00-04:00,123.9,123.9,123.6,123.6,800.0,123.688
2026-05-15 09:42:00-04:00,123.6,123.89,122.81,122.99,6481.0,123.452
2026-05-15 09:43:00-04:00,122.91,123.21,122.81,122.81,10054.0,122.993
2026-05-15 09:44:00-04:00,122.76,122.77,122.38,122.38,5155.0,122.627
2026-05-15 09:45:00-04:00,122.41,122.8,122.25,122.56,3623.0,122.506
2026-05-15 09:46:00-04:00,122.23,122.8,122.23,122.72,4060.0,122.584
2026-05-15 09:47:00-04:00,122.71,122.97,122.63,122.91,2845.0,122.871
2026-05-15 09:48:00-04:00,123.07,123.57,123.06,123.27,1804.0,123.293
2026-05-15 09:49:00-04:00,123.28,123.28,123.27,123.28,300.0,123.275
2026-05-15 09:50:00-04:00,123.57,123.65,123.38,123.52,1061.0,123.572
2026-05-15 09:51:00-04:00,123.52,123.6,123.35,123.49,709.0,123.511
2026-05-15 09:52:00-04:00,123.32,124.04,123.32,123.96,4143.0,123.764
2026-05-15 09:53:00-04:00,123.95,124.03,123.66,123.78,3263.0,123.81
2026-05-15 09:54:00-04:00,123.78,124.2,123.78,124.15,2258.0,124.049
2026-05-15 09:55:00-04:00,124.29,124.29,124.22,124.22,1490.0,124.236
2026-05-15 09:56:00-04:00,124.17,124.37,123.95,124.37,1142.0,124.122
2026-05-15 09:57:00-04:00,124.32,124.32,124.05,124.13,1200.0,124.228
2026-05-15 09:58:00-04:00,124.13,124.13,123.72,123.73,1423.0,123.832
2026-05-15 09:59:00-04:00,123.6,123.91,123.58,123.91,1470.0,123.689
2026-05-15 10:00:00-04:00,123.88,124.15,123.88,124.15,300.0,123.992
2026-05-15 10:01:00-04:00,123.95,124.46,123.93,124.46,2217.0,124.043
2026-05-15 10:02:00-04:00,124.02,124.84,123.99,124.84,3541.0,124.413
2026-05-15 10:03:00-04:00,124.99,125.2,124.74,124.97,1649.0,125.04
2026-05-15 10:04:00-04:00,125.15,125.15,124.54,124.65,3276.0,124.738
2026-05-15 10:05:00-04:00,124.62,124.84,124.62,124.68,541.0,124.691
2026-05-15 10:06:00-04:00,124.68,124.89,124.54,124.72,700.0,124.748
2026-05-15 10:07:00-04:00,124.76,124.79,124.51,124.68,2030.0,124.671
2026-05-15 10:08:00-04:00,124.63,124.82,124.63,124.82,979.0,124.775
2026-05-15 10:09:00-04:00,124.74,124.77,124.57,124.67,3641.0,124.654
2026-05-15 10:10:00-04:00,124.76,124.87,124.56,124.61,4063.0,124.712
2026-05-15 10:11:00-04:00,124.63,124.63,124.26,124.42,1400.0,124.478
2026-05-15 10:12:00-04:00,124.5,124.59,124.28,124.42,2475.0,124.446
2026-05-15 10:13:00-04:00,124.59,124.67,124.47,124.48,3254.0,124.576
2026-05-15 10:14:00-04:00,124.68,124.9,124.59,124.9,2468.0,124.642
2026-05-15 10:15:00-04:00,124.59,124.9,124.57,124.67,601.0,124.664
2026-05-15 10:16:00-04:00,124.69,124.76,124.49,124.49,612.0,124.642
2026-05-15 10:17:00-04:00,124.43,124.57,124.4,124.56,2700.0,124.534
2026-05-15 10:18:00-04:00,124.44,124.47,124.15,124.36,1241.0,124.341
2026-05-15 10:19:00-04:00,124.36,124.44,124.35,124.44,400.0,124.379
2026-05-15 10:20:00-04:00,124.57,124.57,124.38,124.38,742.0,124.514
2026-05-15 10:21:00-04:00,124.57,124.79,124.47,124.7,1785.0,124.645
2026-05-15 10:22:00-04:00,124.68,124.86,124.66,124.86,1623.0,124.73
2026-05-15 10:23:00-04:00,124.69,124.85,124.43,124.56,11518.0,124.692
2026-05-15 10:24:00-04:00,124.32,124.43,124.32,124.43,300.0,124.367
2026-05-15 10:25:00-04:00,124.32,124.4,124.32,124.32,317.0,124.344
2026-05-15 10:26:00-04:00,124.32,124.47,124.32,124.47,445.0,124.354
2026-05-15 10:27:00-04:00,124.31,124.62,124.31,124.62,2807.0,124.467
2026-05-15 10:28:00-04:00,124.51,124.71,124.5,124.59,1083.0,124.653
2026-05-15 10:29:00-04:00,124.47,124.64,124.47,124.64,1500.0,124.581
2026-05-15 10:30:00-04:00,124.6,125.09,124.6,125.09,4770.0,124.854
2026-05-15 10:31:00-04:00,125.04,125.2,124.9,125.1,1691.0,125.07
2026-05-15 10:32:00-04:00,125.1,125.12,124.97,125.05,1329.0,125.008
2026-05-15 10:33:00-04:00,124.98,125.24,124.97,125.14,1967.0,125.105
2026-05-15 10:34:00-04:00,125.14,125.14,125.14,125.14,0.0,125.14
2026-05-15 10:35:00-04:00,125.08,125.22,125.07,125.11,1908.0,125.101
2026-05-15 10:36:00-04:00,125.11,125.11,125.11,125.11,0.0,125.11
2026-05-15 10:37:00-04:00,125.26,125.51,125.17,125.4,5886.0,125.366
2026-05-15 10:38:00-04:00,125.41,125.41,125.4,125.41,1186.0,125.405
2026-05-15 10:39:00-04:00,125.51,125.65,125.22,125.22,5159.0,125.407
2026-05-15 10:40:00-04:00,125.24,125.31,125.18,125.24,650.0,125.238
2026-05-15 10:41:00-04:00,125.18,125.18,125.11,125.14,716.0,125.134
2026-05-15 10:42:00-04:00,125.05,125.16,125.0,125.08,1373.0,125.063
2026-05-15 10:43:00-04:00,125.17,125.17,125.11,125.12,300.0,125.152
2026-05-15 10:44:00-04:00,125.12,125.12,124.78,124.79,2792.0,124.924
2026-05-15 10:45:00-04:00,124.95,124.95,124.75,124.76,1100.0,124.932
2026-05-15 10:46:00-04:00,124.77,124.77,124.58,124.66,3437.0,124.721
2026-05-15 10:47:00-04:00,124.54,124.68,124.48,124.51,2739.0,124.543
2026-05-15 10:48:00-04:00,124.48,124.63,124.48,124.53,1252.0,124.539
2026-05-15 10:49:00-04:00,124.46,124.59,124.42,124.5,2963.0,124.503
2026-05-15 10:50:00-04:00,124.5,124.7,124.5,124.7,1700.0,124.565
2026-05-15 10:51:00-04:00,124.72,124.72,124.58,124.58,905.0,124.662
2026-05-15 10:52:00-04:00,124.58,124.66,124.53,124.61,1750.0,124.61
2026-05-15 10:53:00-04:00,124.63,124.83,124.62,124.65,572.0,124.696
2026-05-15 10:54:00-04:00,124.73,124.92,124.55,124.92,2418.0,124.716
2026-05-15 10:55:00-04:00,124.93,124.94,124.78,124.78,400.0,124.858
2026-05-15 10:56:00-04:00,124.74,124.74,124.74,124.74,356.0,124.74
2026-05-15 10:57:00-04:00,124.84,124.84,124.84,124.84,100.0,124.84
2026-05-15 10:58:00-04:00,124.78,124.93,124.69,124.71,1720.0,124.787
2026-05-15 10:59:00-04:00,124.78,124.79,124.71,124.79,600.0,124.745
2026-05-15 11:00:00-04:00,124.72,124.72,124.71,124.72,200.0,124.715
2026-05-15 11:01:00-04:00,124.6,124.72,124.53,124.53,1244.0,124.65
2026-05-15 11:02:00-04:00,124.57,124.61,124.45,124.61,1627.0,124.524
2026-05-15 11:03:00-04:00,124.55,124.78,124.4,124.78,4240.0,124.535
2026-05-15 11:04:00-04:00,124.79,124.85,124.78,124.81,639.0,124.808
2026-05-15 11:05:00-04:00,124.75,124.75,124.75,124.75,1660.0,124.75
2026-05-15 11:06:00-04:00,124.75,124.75,124.55,124.58,1105.0,124.631
2026-05-15 11:07:00-04:00,124.52,124.63,124.48,124.63,1795.0,124.511
2026-05-15 11:08:00-04:00,124.52,124.68,124.52,124.62,1448.0,124.557
2026-05-15 11:09:00-04:00,124.67,124.78,124.67,124.78,1500.0,124.728
2026-05-15 11:10:00-04:00,124.78,124.81,124.61,124.74,630.0,124.733
2026-05-15 11:11:00-04:00,124.73,124.76,124.72,124.74,500.0,124.736
2026-05-15 11:12:00-04:00,124.73,124.73,124.62,124.68,1047.0,124.701
2026-05-15 11:13:00-04:00,124.72,124.73,124.59,124.59,804.0,124.689
2026-05-15 11:14:00-04:00,124.53,124.6,124.48,124.6,1100.0,124.544
2026-05-15 11:15:00-04:00,124.6,124.6,124.54,124.6,417.0,124.585
2026-05-15 11:16:00-04:00,124.58,124.68,124.57,124.57,838.0,124.612
2026-05-15 11:17:00-04:00,124.57,124.72,124.57,124.72,502.0,124.628
2026-05-15 11:18:00-04:00,124.76,124.76,124.63,124.63,713.0,124.671
2026-05-15 11:19:00-04:00,124.65,124.73,124.61,124.62,1201.0,124.642
2026-05-15 11:20:00-04:00,124.62,124.76,124.61,124.67,302.0,124.682
2026-05-15 11:21:00-04:00,124.68,124.7,124.62,124.63,2256.0,124.671
2026-05-15 11:22:00-04:00,124.63,124.67,124.59,124.65,1117.0,124.643
2026-05-15 11:23:00-04:00,124.56,124.56,124.43,124.49,2990.0,124.508
2026-05-15 11:24:00-04:00,124.45,124.45,124.33,124.38,1116.0,124.377
2026-05-15 11:25:00-04:00,124.42,124.42,124.19,124.27,2817.0,124.258
2026-05-15 11:26:00-04:00,124.27,124.37,124.26,124.37,301.0,124.302
2026-05-15 11:27:00-04:00,124.31,124.31,124.16,124.16,516.0,124.254
2026-05-15 11:28:00-04:00,124.13,124.13,123.91,123.99,3552.0,124.045
2026-05-15 11:29:00-04:00,124.05,124.14,124.05,124.05,950.0,124.099
2026-05-15 11:30:00-04:00,124.09,124.09,124.09,124.09,203.0,124.09
2026-05-15 11:31:00-04:00,124.1,124.1,124.1,124.1,115.0,124.1
2026-05-15 11:32:00-04:00,124.11,124.11,124.1,124.1,451.0,124.104
2026-05-15 11:33:00-04:00,124.1,124.1,124.01,124.05,1318.0,124.085
2026-05-15 11:34:00-04:00,124.05,124.06,124.02,124.06,602.0,124.048
2026-05-15 11:35:00-04:00,123.94,124.1,123.94,124.1,2189.0,124.052
2026-05-15 11:36:00-04:00,124.12,124.45,124.12,124.27,2319.0,124.287
2026-05-15 11:37:00-04:00,124.16,124.27,124.16,124.26,601.0,124.243
2026-05-15 11:38:00-04:00,124.06,124.21,124.06,124.1,1737.0,124.113
2026-05-15 11:39:00-04:00,124.02,124.04,123.9,123.91,1554.0,124.0
2026-05-15 11:40:00-04:00,123.95,124.02,123.95,124.02,700.0,123.96
2026-05-15 11:41:00-04:00,124.06,124.13,123.91,124.06,2306.0,123.991
2026-05-15 11:42:00-04:00,124.06,124.06,124.06,124.06,200.0,124.06
2026-05-15 11:43:00-04:00,124.07,124.1,123.92,124.1,1142.0,124.042
2026-05-15 11:44:00-04:00,124.04,124.04,123.58,123.58,3285.0,123.867
2026-05-15 11:45:00-04:00,123.65,123.68,123.55,123.63,1487.0,123.607
2026-05-15 11:46:00-04:00,123.7,123.74,123.6,123.64,1900.0,123.694
2026-05-15 11:47:00-04:00,123.46,123.46,123.42,123.43,1200.0,123.443
2026-05-15 11:48:00-04:00,123.55,123.55,123.45,123.45,500.0,123.484
2026-05-15 11:49:00-04:00,123.46,123.46,123.45,123.46,100.0,123.455
2026-05-15 11:50:00-04:00,123.47,123.51,123.39,123.49,1102.0,123.469
2026-05-15 11:51:00-04:00,123.48,123.48,123.48,123.48,200.0,123.48
2026-05-15 11:52:00-04:00,123.41,123.44,123.29,123.42,1150.0,123.393
2026-05-15 11:53:00-04:00,123.42,123.46,123.29,123.39,2148.0,123.383
2026-05-15 11:54:00-04:00,123.39,123.39,123.27,123.28,354.0,123.358
2026-05-15 11:55:00-04:00,123.3,123.3,123.08,123.23,2599.0,123.209
2026-05-15 11:56:00-04:00,123.17,123.27,123.12,123.27,1092.0,123.2
2026-05-15 11:57:00-04:00,123.33,123.34,123.08,123.09,2516.0,123.167
2026-05-15 11:58:00-04:00,123.19,123.43,123.19,123.34,979.0,123.319
2026-05-15 11:59:00-04:00,123.43,123.44,123.43,123.44,400.0,123.434
2026-05-15 12:00:00-04:00,123.44,123.5,123.44,123.49,700.0,123.463
2026-05-15 12:01:00-04:00,123.49,123.58,123.42,123.55,2370.0,123.528
2026-05-15 12:02:00-04:00,123.45,123.63,123.44,123.55,720.0,123.547
2026-05-15 12:03:00-04:00,123.52,123.52,123.51,123.52,600.0,123.515
2026-05-15 12:04:00-04:00,123.59,123.59,123.37,123.47,2100.0,123.472
2026-05-15 12:05:00-04:00,123.45,123.54,123.45,123.49,500.0,123.489
2026-05-15 12:06:00-04:00,123.42,123.44,123.32,123.41,2666.0,123.398
2026-05-15 12:07:00-04:00,123.41,123.5,123.41,123.49,2207.0,123.457
2026-05-15 12:08:00-04:00,123.53,123.59,123.52,123.53,624.0,123.539
2026-05-15 12:09:00-04:00,123.56,123.56,123.47,123.48,900.0,123.541
2026-05-15 12:10:00-04:00,123.55,123.55,123.55,123.55,200.0,123.55
2026-05-15 12:11:00-04:00,123.43,123.51,123.38,123.4,1185.0,123.427
2026-05-15 12:12:00-04:00,123.45,123.46,123.38,123.38,1211.0,123.435
2026-05-15 12:13:00-04:00,123.46,123.46,123.46,123.46,100.0,123.46
2026-05-15 12:14:00-04:00,123.47,123.63,123.4,123.62,2987.0,123.507
2026-05-15 12:15:00-04:00,123.65,123.65,123.39,123.39,1511.0,123.516
2026-05-15 12:16:00-04:00,123.4,123.46,123.39,123.4,890.0,123.429
2026-05-15 12:17:00-04:00,123.4,123.4,123.34,123.34,489.0,123.374
2026-05-15 12:18:00-04:00,123.33,123.33,123.33,123.33,100.0,123.33
2026-05-15 12:19:00-04:00,123.4,123.47,123.34,123.47,1554.0,123.408
2026-05-15 12:20:00-04:00,123.41,123.47,123.41,123.44,670.0,123.442
2026-05-15 12:21:00-04:00,123.45,123.52,123.45,123.48,1054.0,123.467
2026-05-15 12:22:00-04:00,123.48,123.7,123.46,123.68,700.0,123.566
2026-05-15 12:23:00-04:00,123.68,123.79,123.67,123.79,400.0,123.739
2026-05-15 12:24:00-04:00,123.74,123.91,123.74,123.91,603.0,123.838
2026-05-15 12:25:00-04:00,123.84,124.0,123.75,123.76,3014.0,123.949
2026-05-15 12:26:00-04:00,123.9,123.9,123.79,123.79,900.0,123.859
2026-05-15 12:27:00-04:00,123.88,123.88,123.71,123.76,716.0,123.782
2026-05-15 12:28:00-04:00,123.83,123.83,123.64,123.64,1003.0,123.729
2026-05-15 12:29:00-04:00,123.92,123.92,123.69,123.69,755.0,123.857
2026-05-15 12:30:00-04:00,123.7,123.7,123.57,123.58,500.0,123.621
2026-05-15 12:31:00-04:00,123.75,123.75,123.75,123.75,116.0,123.75
2026-05-15 12:32:00-04:00,123.77,123.77,123.58,123.68,4253.0,123.612
2026-05-15 12:33:00-04:00,123.68,123.73,123.68,123.68,550.0,123.689
2026-05-15 12:34:00-04:00,123.69,123.69,123.68,123.69,202.0,123.685
2026-05-15 12:35:00-04:00,123.62,123.71,123.57,123.57,2346.0,123.622
2026-05-15 12:36:00-04:00,123.52,123.58,123.44,123.54,7021.0,123.513
2026-05-15 12:37:00-04:00,123.55,123.55,123.4,123.48,2182.0,123.469
2026-05-15 12:38:00-04:00,123.48,123.48,123.23,123.24,1100.0,123.324
2026-05-15 12:39:00-04:00,123.2,123.37,123.08,123.21,11844.0,123.174
2026-05-15 12:40:00-04:00,123.28,123.42,123.27,123.37,4900.0,123.33
2026-05-15 12:41:00-04:00,123.37,123.37,123.36,123.37,1674.0,123.365
2026-05-15 12:42:00-04:00,123.37,123.39,123.27,123.39,595.0,123.366
2026-05-15 12:43:00-04:00,123.39,123.41,123.36,123.39,2500.0,123.385
2026-05-15 12:44:00-04:00,123.41,123.46,123.39,123.4,2172.0,123.411
2026-05-15 12:45:00-04:00,123.42,123.47,123.4,123.42,1966.0,123.435
2026-05-15 12:46:00-04:00,123.4,123.45,123.38,123.43,5608.0,123.434
2026-05-15 12:47:00-04:00,123.43,123.43,123.36,123.42,3010.0,123.419
2026-05-15 12:48:00-04:00,123.49,123.52,123.39,123.49,1933.0,123.453
2026-05-15 12:49:00-04:00,123.48,123.51,123.45,123.46,600.0,123.485
2026-05-15 12:50:00-04:00,123.46,123.46,123.4,123.46,1127.0,123.44
2026-05-15 12:51:00-04:00,123.5,123.52,123.5,123.52,200.0,123.51
2026-05-15 12:52:00-04:00,123.46,123.46,123.46,123.46,959.0,123.46
2026-05-15 12:53:00-04:00,123.46,123.48,123.46,123.48,316.0,123.466
2026-05-15 12:54:00-04:00,123.46,123.46,123.14,123.43,8816.0,123.33
2026-05-15 12:55:00-04:00,123.48,123.84,123.48,123.84,1500.0,123.625
2026-05-15 12:56:00-04:00,123.78,123.89,123.69,123.89,911.0,123.822
2026-05-15 12:57:00-04:00,123.87,123.93,123.78,123.84,2470.0,123.865
2026-05-15 12:58:00-04:00,123.83,123.86,123.65,123.66,1400.0,123.756
2026-05-15 12:59:00-04:00,123.68,123.73,123.68,123.69,1601.0,123.715
2026-05-15 13:00:00-04:00,123.69,123.69,123.68,123.69,300.0,123.687
2026-05-15 13:01:00-04:00,123.69,123.72,123.68,123.72,350.0,123.7
2026-05-15 13:02:00-04:00,123.74,123.8,123.71,123.8,800.0,123.739
2026-05-15 13:03:00-04:00,123.81,123.81,123.71,123.74,1400.0,123.746
2026-05-15 13:04:00-04:00,123.82,123.82,123.73,123.73,615.0,123.757
2026-05-15 13:05:00-04:00,123.76,123.84,123.75,123.79,802.0,123.803
2026-05-15 13:06:00-04:00,123.8,123.86,123.73,123.8,3119.0,123.79
2026-05-15 13:07:00-04:00,123.65,123.65,123.65,123.65,280.0,123.65
2026-05-15 13:08:00-04:00,123.76,123.86,123.76,123.76,368.0,123.787
2026-05-15 13:09:00-04:00,123.77,123.9,123.76,123.9,1250.0,123.809
2026-05-15 13:10:00-04:00,123.92,123.92,123.92,123.92,400.0,123.92
2026-05-15 13:11:00-04:00,123.86,123.86,123.86,123.86,400.0,123.86
2026-05-15 13:12:00-04:00,123.86,123.86,123.86,123.86,0.0,123.86
2026-05-15 13:13:00-04:00,123.96,123.96,123.87,123.92,2721.0,123.92
2026-05-15 13:14:00-04:00,123.84,123.86,123.84,123.84,1014.0,123.845
2026-05-15 13:15:00-04:00,123.73,123.8,123.69,123.77,1747.0,123.74
2026-05-15 13:16:00-04:00,123.75,123.75,123.75,123.75,100.0,123.75
2026-05-15 13:17:00-04:00,123.78,123.79,123.77,123.79,502.0,123.78
2026-05-15 13:18:00-04:00,123.74,123.79,123.74,123.79,500.0,123.769
2026-05-15 13:19:00-04:00,123.71,123.79,123.71,123.79,1200.0,123.723
2026-05-15 13:20:00-04:00,123.87,123.89,123.82,123.89,1000.0,123.875
2026-05-15 13:21:00-04:00,123.8,123.8,123.8,123.8,201.0,123.8
2026-05-15 13:22:00-04:00,123.9,123.92,123.85,123.89,1100.0,123.889
2026-05-15 13:23:00-04:00,123.97,124.02,123.97,124.02,2339.0,123.995
2026-05-15 13:24:00-04:00,124.06,124.1,123.96,124.1,1158.0,124.032
2026-05-15 13:25:00-04:00,124.13,124.16,124.09,124.09,1960.0,124.125
2026-05-15 13:26:00-04:00,124.07,124.07,124.04,124.07,625.0,124.065
2026-05-15 13:27:00-04:00,124.07,124.22,123.98,124.16,1469.0,124.107
2026-05-15 13:28:00-04:00,124.22,124.22,124.05,124.12,621.0,124.113
2026-05-15 13:29:00-04:00,124.12,124.12,123.92,123.99,4503.0,123.977
2026-05-15 13:30:00-04:00,123.95,124.07,123.95,123.97,1344.0,123.997
2026-05-15 13:31:00-04:00,123.97,124.42,123.97,124.2,2358.0,124.216
2026-05-15 13:32:00-04:00,124.29,124.41,124.29,124.41,931.0,124.374
2026-05-15 13:33:00-04:00,124.44,124.55,124.4,124.44,850.0,124.469
2026-05-15 13:34:00-04:00,124.41,124.55,124.41,124.5,677.0,124.499
2026-05-15 13:35:00-04:00,124.55,124.55,124.41,124.42,1400.0,124.438
2026-05-15 13:36:00-04:00,124.29,124.41,124.26,124.26,1009.0,124.381
2026-05-15 13:37:00-04:00,124.49,124.49,124.37,124.38,400.0,124.433
2026-05-15 13:38:00-04:00,124.32,124.36,124.31,124.32,755.0,124.323
2026-05-15 13:39:00-04:00,124.44,124.44,124.44,124.44,100.0,124.44
2026-05-15 13:40:00-04:00,124.35,124.35,124.2,124.28,900.0,124.299
2026-05-15 13:41:00-04:00,124.32,124.32,124.25,124.25,1580.0,124.292
2026-05-15 13:42:00-04:00,124.25,124.25,124.25,124.25,0.0,124.25
2026-05-15 13:43:00-04:00,124.32,124.35,124.25,124.31,2726.0,124.296
2026-05-15 13:44:00-04:00,124.38,124.38,124.28,124.38,759.0,124.341
2026-05-15 13:45:00-04:00,124.34,124.38,124.29,124.3,659.0,124.315
2026-05-15 13:46:00-04:00,124.38,124.39,124.3,124.39,1349.0,124.37
2026-05-15 13:47:00-04:00,124.39,124.39,124.31,124.39,3064.0,124.326
2026-05-15 13:48:00-04:00,124.35,124.81,124.34,124.67,7712.0,124.649
2026-05-15 13:49:00-04:00,124.6,124.6,124.45,124.46,3328.0,124.487
2026-05-15 13:50:00-04:00,124.46,124.47,124.36,124.46,3030.0,124.456
2026-05-15 13:51:00-04:00,124.61,124.61,124.44,124.44,4112.0,124.454
2026-05-15 13:52:00-04:00,124.45,124.56,124.36,124.46,3429.0,124.451
2026-05-15 13:53:00-04:00,124.46,124.53,124.33,124.33,1313.0,124.392
2026-05-15 13:54:00-04:00,124.26,124.27,124.24,124.24,1100.0,124.263
2026-05-15 13:55:00-04:00,124.32,124.34,124.29,124.3,700.0,124.317
2026-05-15 13:56:00-04:00,124.4,124.41,124.31,124.41,1093.0,124.351
2026-05-15 13:57:00-04:00,124.41,124.41,124.41,124.41,200.0,124.41
2026-05-15 13:58:00-04:00,124.24,124.39,124.24,124.26,1050.0,124.273
2026-05-15 13:59:00-04:00,124.35,124.35,124.24,124.35,300.0,124.314
2026-05-15 14:00:00-04:00,124.27,124.35,124.26,124.3,1231.0,124.283
2026-05-15 14:01:00-04:00,124.24,124.29,124.16,124.16,900.0,124.232
2026-05-15 14:02:00-04:00,124.23,124.27,124.18,124.27,1819.0,124.222
2026-05-15 14:03:00-04:00,124.26,124.26,124.26,124.26,608.0,124.26
2026-05-15 14:04:00-04:00,124.33,124.33,124.19,124.27,1940.0,124.227
2026-05-15 14:05:00-04:00,124.27,124.36,124.27,124.33,1151.0,124.315
2026-05-15 14:06:00-04:00,124.4,124.4,124.34,124.34,420.0,124.36
2026-05-15 14:07:00-04:00,124.35,124.47,124.35,124.42,1942.0,124.43
2026-05-15 14:08:00-04:00,124.51,124.62,124.36,124.37,4159.0,124.454
2026-05-15 14:09:00-04:00,124.34,124.36,124.18,124.21,1459.0,124.271
2026-05-15 14:10:00-04:00,124.22,124.22,124.06,124.06,200.0,124.138
2026-05-15 14:11:00-04:00,124.32,124.39,124.32,124.37,900.0,124.362
2026-05-15 14:12:00-04:00,124.37,124.45,124.36,124.45,800.0,124.378
2026-05-15 14:13:00-04:00,124.41,124.42,124.39,124.39,1050.0,124.409
2026-05-15 14:14:00-04:00,124.42,124.51,124.41,124.42,401.0,124.439
2026-05-15 14:15:00-04:00,124.42,124.42,124.3,124.34,1050.0,124.342
2026-05-15 14:16:00-04:00,124.34,124.37,124.31,124.34,998.0,124.34
2026-05-15 14:17:00-04:00,124.31,124.36,124.29,124.29,1246.0,124.322
2026-05-15 14:18:00-04:00,124.35,124.35,124.23,124.23,2147.0,124.286
2026-05-15 14:19:00-04:00,124.22,124.24,124.12,124.24,1289.0,124.177
2026-05-15 14:20:00-04:00,124.2,124.29,124.18,124.29,801.0,124.23
2026-05-15 14:21:00-04:00,124.3,124.31,124.25,124.31,1200.0,124.271
2026-05-15 14:22:00-04:00,124.26,124.31,124.25,124.31,601.0,124.267
2026-05-15 14:23:00-04:00,124.28,124.28,124.28,124.28,100.0,124.28
2026-05-15 14:24:00-04:00,124.22,124.22,124.07,124.07,1422.0,124.165
2026-05-15 14:25:00-04:00,124.06,124.2,124.06,124.2,771.0,124.161
2026-05-15 14:26:00-04:00,124.2,124.2,124.05,124.06,2152.0,124.12
2026-05-15 14:27:00-04:00,123.99,123.99,123.91,123.95,2160.0,123.977
2026-05-15 14:28:00-04:00,123.91,123.91,123.83,123.83,1467.0,123.879
2026-05-15 14:29:00-04:00,123.88,123.91,123.87,123.9,400.0,123.898
2026-05-15 14:30:00-04:00,123.83,123.91,123.83,123.91,401.0,123.888
2026-05-15 14:31:00-04:00,123.86,123.86,123.65,123.66,2571.0,123.755
2026-05-15 14:32:00-04:00,123.66,123.78,123.65,123.78,1665.0,123.676
2026-05-15 14:33:00-04:00,123.73,123.73,123.7,123.7,215.0,123.714
2026-05-15 14:34:00-04:00,123.73,123.76,123.72,123.75,1299.0,123.734
2026-05-15 14:35:00-04:00,123.78,123.85,123.73,123.83,2387.0,123.793
2026-05-15 14:36:00-04:00,123.87,124.0,123.87,123.95,2035.0,123.943
2026-05-15 14:37:00-04:00,123.98,123.98,123.98,123.98,100.0,123.98
2026-05-15 14:38:00-04:00,123.89,123.9,123.89,123.9,573.0,123.894
2026-05-15 14:39:00-04:00,123.91,124.03,123.91,124.03,800.0,123.984
2026-05-15 14:40:00-04:00,124.0,124.03,124.0,124.03,918.0,124.023
2026-05-15 14:41:00-04:00,124.03,124.03,123.96,123.96,900.0,123.987
2026-05-15 14:42:00-04:00,123.94,123.94,123.93,123.94,203.0,123.935
2026-05-15 14:43:00-04:00,123.94,124.02,123.91,124.02,400.0,123.951
2026-05-15 14:44:00-04:00,123.95,124.0,123.94,123.97,501.0,123.967
2026-05-15 14:45:00-04:00,124.02,124.02,123.86,123.9,3403.0,123.912
2026-05-15 14:46:00-04:00,123.93,123.93,123.89,123.89,304.0,123.903
2026-05-15 14:47:00-04:00,123.86,123.88,123.81,123.88,1000.0,123.837
2026-05-15 14:48:00-04:00,123.87,123.87,123.86,123.86,703.0,123.865
2026-05-15 14:49:00-04:00,123.86,123.86,123.85,123.86,100.0,123.858
2026-05-15 14:50:00-04:00,123.87,123.87,123.86,123.87,401.0,123.865
2026-05-15 14:51:00-04:00,123.84,123.84,123.82,123.84,533.0,123.827
2026-05-15 14:52:00-04:00,123.82,123.85,123.82,123.84,500.0,123.838
2026-05-15 14:53:00-04:00,123.79,123.92,123.79,123.92,994.0,123.851
2026-05-15 14:54:00-04:00,123.79,123.92,123.79,123.86,8202.0,123.836
2026-05-15 14:55:00-04:00,123.86,123.87,123.84,123.84,1000.0,123.859
2026-05-15 14:56:00-04:00,123.82,123.86,123.78,123.81,3602.0,123.825
2026-05-15 14:57:00-04:00,123.71,123.75,123.54,123.55,3059.0,123.637
2026-05-15 14:58:00-04:00,123.62,123.63,123.54,123.55,701.0,123.582
2026-05-15 14:59:00-04:00,123.55,123.55,123.54,123.55,900.0,123.545
2026-05-15 15:00:00-04:00,123.55,123.64,123.54,123.63,950.0,123.618
2026-05-15 15:01:00-04:00,123.66,123.71,123.66,123.7,1706.0,123.68
2026-05-15 15:02:00-04:00,123.63,123.69,123.59,123.65,3343.0,123.615
2026-05-15 15:03:00-04:00,123.55,123.63,123.54,123.63,715.0,123.613
2026-05-15 15:04:00-04:00,123.64,123.64,123.64,123.64,100.0,123.64
2026-05-15 15:05:00-04:00,123.64,123.67,123.59,123.67,810.0,123.646
2026-05-15 15:06:00-04:00,123.71,123.76,123.67,123.76,1001.0,123.706
2026-05-15 15:07:00-04:00,123.73,123.74,123.71,123.72,600.0,123.718
2026-05-15 15:08:00-04:00,123.74,123.84,123.74,123.84,920.0,123.784
2026-05-15 15:09:00-04:00,123.78,123.91,123.76,123.89,2218.0,123.821
2026-05-15 15:10:00-04:00,123.9,123.92,123.89,123.9,1365.0,123.899
2026-05-15 15:11:00-04:00,123.88,123.97,123.84,123.88,3693.0,123.902
2026-05-15 15:12:00-04:00,123.88,123.88,123.82,123.86,2078.0,123.86
2026-05-15 15:13:00-04:00,123.86,123.86,123.86,123.86,650.0,123.86
2026-05-15 15:14:00-04:00,123.85,123.93,123.85,123.85,1500.0,123.855
2026-05-15 15:15:00-04:00,123.86,123.92,123.78,123.82,2030.0,123.856
2026-05-15 15:16:00-04:00,123.92,123.99,123.88,123.99,1232.0,123.929
2026-05-15 15:17:00-04:00,123.91,123.91,123.84,123.91,500.0,123.894
2026-05-15 15:18:00-04:00,123.82,124.14,123.81,124.11,3041.0,123.97
2026-05-15 15:19:00-04:00,124.11,124.14,124.11,124.14,731.0,124.12
2026-05-15 15:20:00-04:00,124.1,124.12,124.04,124.06,1220.0,124.072
2026-05-15 15:21:00-04:00,124.05,124.16,124.04,124.11,1968.0,124.105
2026-05-15 15:22:00-04:00,124.1,124.19,124.09,124.19,1252.0,124.158
2026-05-15 15:23:00-04:00,124.12,124.18,124.04,124.1,944.0,124.105
2026-05-15 15:24:00-04:00,124.03,124.03,123.94,123.94,3040.0,124.001
2026-05-15 15:25:00-04:00,124.02,124.07,123.97,124.0,1109.0,124.016
2026-05-15 15:26:00-04:00,124.02,124.05,124.02,124.05,900.0,124.035
2026-05-15 15:27:00-04:00,124.02,124.07,123.96,124.03,988.0,124.014
2026-05-15 15:28:00-04:00,124.03,124.07,123.98,124.0,1332.0,124.02
2026-05-15 15:29:00-04:00,123.97,124.05,123.95,124.05,915.0,123.984
2026-05-15 15:30:00-04:00,124.07,124.15,124.07,124.11,2847.0,124.118
2026-05-15 15:31:00-04:00,124.13,124.17,124.08,124.17,1351.0,124.12
2026-05-15 15:32:00-04:00,124.14,124.18,124.13,124.14,1932.0,124.152
2026-05-15 15:33:00-04:00,124.14,124.14,124.0,124.03,1926.0,124.063
2026-05-15 15:34:00-04:00,124.05,124.07,124.05,124.07,1940.0,124.069
2026-05-15 15:35:00-04:00,123.99,124.13,123.98,124.13,4291.0,124.061
2026-05-15 15:36:00-04:00,124.08,124.21,124.08,124.18,1847.0,124.15
2026-05-15 15:37:00-04:00,124.18,124.24,124.14,124.24,1620.0,124.203
2026-05-15 15:38:00-04:00,124.2,124.24,124.2,124.24,200.0,124.22
2026-05-15 15:39:00-04:00,124.18,124.23,124.17,124.23,2939.0,124.19
2026-05-15 15:40:00-04:00,124.25,124.33,124.25,124.33,1609.0,124.28
2026-05-15 15:41:00-04:00,124.35,124.49,124.35,124.41,2100.0,124.39
2026-05-15 15:42:00-04:00,124.43,124.49,124.37,124.43,2320.0,124.423
2026-05-15 15:43:00-04:00,124.48,124.48,124.33,124.34,2445.0,124.365
2026-05-15 15:44:00-04:00,124.35,124.39,124.35,124.39,1132.0,124.363
2026-05-15 15:45:00-04:00,124.29,124.45,124.27,124.36,3484.0,124.344
2026-05-15 15:46:00-04:00,124.36,124.36,124.27,124.34,2729.0,124.305
2026-05-15 15:47:00-04:00,124.36,124.44,124.35,124.44,897.0,124.376
2026-05-15 15:48:00-04:00,124.39,124.44,124.34,124.44,1600.0,124.379
2026-05-15 15:49:00-04:00,124.44,124.44,124.33,124.42,2252.0,124.373
2026-05-15 15:50:00-04:00,124.34,124.39,124.15,124.17,8228.0,124.294
2026-05-15 15:51:00-04:00,124.16,124.19,124.1,124.15,3027.0,124.136
2026-05-15 15:52:00-04:00,124.22,124.22,124.12,124.17,3596.0,124.166
2026-05-15 15:53:00-04:00,124.18,124.33,124.12,124.27,13372.0,124.242
2026-05-15 15:54:00-04:00,124.32,124.4,124.13,124.23,11306.0,124.276
2026-05-15 15:55:00-04:00,124.19,124.4,124.11,124.27,17356.0,124.23
2026-05-15 15:56:00-04:00,124.24,124.33,124.21,124.25,11394.0,124.272
2026-05-15 15:57:00-04:00,124.25,124.43,124.24,124.39,14283.0,124.337
2026-05-15 15:58:00-04:00,124.36,124.43,124.2,124.2,40390.0,124.329
2026-05-15 15:59:00-04:00,124.21,124.22,123.9,124.0,77776.0,124.047
2026-05-18 09:30:00-04:00,124.18,124.56,123.77,124.21,26785.0,124.178
2026-05-18 09:31:00-04:00,123.93,124.37,123.93,124.01,8387.0,124.271
2026-05-18 09:32:00-04:00,124.05,124.14,123.85,124.14,1405.0,123.965
2026-05-18 09:33:00-04:00,124.19,124.19,124.18,124.19,100.0,124.185
2026-05-18 09:34:00-04:00,124.01,124.04,123.74,123.74,1640.0,123.923
2026-05-18 09:35:00-04:00,123.76,124.0,123.74,124.0,1595.0,123.825
2026-05-18 09:36:00-04:00,123.72,123.72,123.5,123.6,2228.0,123.611
2026-05-18 09:37:00-04:00,123.67,124.25,123.67,124.25,3476.0,123.881
2026-05-18 09:38:00-04:00,124.08,124.4,123.88,124.4,1677.0,124.268
2026-05-18 09:39:00-04:00,124.21,124.51,124.21,124.4,720.0,124.388
2026-05-18 09:40:00-04:00,124.87,125.37,124.87,125.31,4237.0,125.079
2026-05-18 09:41:00-04:00,124.92,124.92,124.89,124.92,580.0,124.906
2026-05-18 09:42:00-04:00,125.28,125.28,124.74,124.74,1700.0,125.168
2026-05-18 09:43:00-04:00,125.09,125.13,124.81,125.13,2991.0,124.873
2026-05-18 09:44:00-04:00,125.06,125.18,124.73,124.96,700.0,125.05
2026-05-18 09:45:00-04:00,124.96,125.22,124.88,124.89,1757.0,124.945
2026-05-18 09:46:00-04:00,124.87,124.99,124.55,124.99,601.0,124.783
2026-05-18 09:47:00-04:00,125.0,125.53,124.88,125.41,5045.0,125.282
2026-05-18 09:48:00-04:00,125.34,125.53,125.34,125.49,1362.0,125.422
2026-05-18 09:49:00-04:00,125.54,125.93,125.4,125.93,3658.0,125.69
2026-05-18 09:50:00-04:00,125.93,125.93,125.93,125.93,0.0,125.93
2026-05-18 09:51:00-04:00,125.85,125.93,125.48,125.67,1247.0,125.661
2026-05-18 09:52:00-04:00,125.58,125.93,125.58,125.93,2200.0,125.734
2026-05-18 09:53:00-04:00,125.72,126.11,125.71,126.11,8559.0,126.014
2026-05-18 09:54:00-04:00,126.04,126.39,125.7,125.7,5140.0,126.183
2026-05-18 09:55:00-04:00,126.13,126.13,125.51,125.92,7440.0,126.005
2026-05-18 09:56:00-04:00,125.72,126.13,125.71,126.11,10719.0,125.899
2026-05-18 09:57:00-04:00,125.92,126.16,125.92,125.98,2611.0,126.042
2026-05-18 09:58:00-04:00,125.98,125.98,125.7,125.7,1007.0,125.841
2026-05-18 09:59:00-04:00,125.7,126.16,125.69,126.13,5559.0,125.912
2026-05-18 10:00:00-04:00,126.0,126.0,125.51,125.51,1011.0,125.679
2026-05-18 10:01:00-04:00,125.8,126.08,125.79,126.08,600.0,125.842
2026-05-18 10:02:00-04:00,126.04,126.04,125.75,125.75,1034.0,125.932
2026-05-18 10:03:00-04:00,125.75,125.75,125.39,125.57,1910.0,125.485
2026-05-18 10:04:00-04:00,125.38,125.58,125.38,125.41,1796.0,125.438
2026-05-18 10:05:00-04:00,125.24,125.43,125.24,125.41,2109.0,125.331
2026-05-18 10:06:00-04:00,125.3,125.42,125.21,125.39,5188.0,125.307
2026-05-18 10:07:00-04:00,125.42,125.47,125.29,125.3,1409.0,125.344
2026-05-18 10:08:00-04:00,125.27,125.43,125.26,125.31,700.0,125.299
2026-05-18 10:09:00-04:00,125.31,125.7,125.3,125.61,2069.0,125.546
2026-05-18 10:10:00-04:00,125.57,125.57,125.53,125.53,350.0,125.548
2026-05-18 10:11:00-04:00,125.55,125.77,125.54,125.62,600.0,125.631
2026-05-18 10:12:00-04:00,125.33,125.72,125.33,125.72,1416.0,125.608
2026-05-18 10:13:00-04:00,125.77,126.26,125.75,126.26,2029.0,126.047
2026-05-18 10:14:00-04:00,125.86,126.11,125.86,125.89,2001.0,125.883
2026-05-18 10:15:00-04:00,126.13,126.29,126.02,126.28,1640.0,126.196
2026-05-18 10:16:00-04:00,126.25,126.38,126.23,126.3,990.0,126.289
2026-05-18 10:17:00-04:00,126.17,126.39,126.14,126.16,3477.0,126.258
2026-05-18 10:18:00-04:00,125.98,126.1,125.91,125.91,2194.0,126.016
2026-05-18 10:19:00-04:00,125.91,126.27,125.8,126.24,6203.0,126.109
2026-05-18 10:20:00-04:00,126.13,126.13,125.91,125.91,1288.0,126.03
2026-05-18 10:21:00-04:00,125.91,126.18,125.82,125.84,1172.0,125.909
2026-05-18 10:22:00-04:00,125.74,125.86,125.74,125.81,526.0,125.828
2026-05-18 10:23:00-04:00,125.7,125.71,125.7,125.71,500.0,125.702
2026-05-18 10:24:00-04:00,125.67,125.67,125.67,125.67,100.0,125.67
2026-05-18 10:25:00-04:00,125.67,125.85,125.63,125.63,1400.0,125.728
2026-05-18 10:26:00-04:00,125.66,125.66,125.65,125.66,513.0,125.654
2026-05-18 10:27:00-04:00,125.66,125.66,125.65,125.66,308.0,125.655
2026-05-18 10:28:00-04:00,125.77,126.03,125.69,125.83,1680.0,125.844
2026-05-18 10:29:00-04:00,125.93,125.93,125.55,125.56,1146.0,125.74
2026-05-18 10:30:00-04:00,125.56,125.56,125.42,125.45,650.0,125.513
2026-05-18 10:31:00-04:00,125.41,125.5,125.29,125.39,1895.0,125.433
2026-05-18 10:32:00-04:00,125.39,125.39,124.95,124.97,2973.0,125.114
2026-05-18 10:33:00-04:00,124.94,124.94,124.65,124.66,1148.0,124.807
2026-05-18 10:34:00-04:00,124.45,124.45,124.43,124.44,676.0,124.444
2026-05-18 10:35:00-04:00,124.44,124.44,124.15,124.16,950.0,124.214
2026-05-18 10:36:00-04:00,124.12,124.37,124.12,124.3,2400.0,124.264
2026-05-18 10:37:00-04:00,124.3,124.76,124.3,124.72,1377.0,124.666
2026-05-18 10:38:00-04:00,124.61,124.64,124.61,124.64,200.0,124.625
2026-05-18 10:39:00-04:00,124.74,124.94,124.51,124.51,757.0,124.811
2026-05-18 10:40:00-04:00,124.61,124.74,124.61,124.69,425.0,124.676
2026-05-18 10:41:00-04:00,124.69,124.89,124.51,124.81,1478.0,124.697
2026-05-18 10:42:00-04:00,124.53,125.04,124.53,124.97,6560.0,124.957
2026-05-18 10:43:00-04:00,124.97,124.97,124.97,124.97,0.0,124.97
2026-05-18 10:44:00-04:00,124.98,124.98,124.97,124.98,234.0,124.975
2026-05-18 10:45:00-04:00,124.98,124.98,124.79,124.98,1442.0,124.941
2026-05-18 10:46:00-04:00,124.98,124.98,124.67,124.67,1652.0,124.839
2026-05-18 10:47:00-04:00,124.99,124.99,124.84,124.85,318.0,124.942
2026-05-18 10:48:00-04:00,124.84,124.86,124.75,124.82,850.0,124.825
2026-05-18 10:49:00-04:00,124.82,124.89,124.81,124.84,500.0,124.847
2026-05-18 10:50:00-04:00,124.83,125.0,124.83,124.9,879.0,124.927
2026-05-18 10:51:00-04:00,124.72,124.73,124.72,124.72,3000.0,124.72
2026-05-18 10:52:00-04:00,125.07,125.07,125.05,125.07,579.0,125.064
2026-05-18 10:53:00-04:00,124.98,124.99,124.88,124.89,2690.0,124.934
2026-05-18 10:54:00-04:00,124.97,124.97,124.86,124.86,624.0,124.882
2026-05-18 10:55:00-04:00,124.77,124.85,124.77,124.85,380.0,124.808
2026-05-18 10:56:00-04:00,124.83,124.92,124.82,124.86,2164.0,124.861
2026-05-18 10:57:00-04:00,124.87,124.99,124.86,124.99,699.0,124.886
2026-05-18 10:58:00-04:00,124.87,125.0,124.87,124.87,2000.0,124.928
2026-05-18 10:59:00-04:00,124.87,124.87,124.69,124.74,7711.0,124.749
2026-05-18 11:00:00-04:00,124.74,125.02,124.74,124.86,3037.0,124.875
2026-05-18 11:01:00-04:00,124.86,125.5,124.72,125.42,13009.0,125.003
2026-05-18 11:02:00-04:00,125.42,125.42,125.05,125.29,1747.0,125.179
2026-05-18 11:03:00-04:00,125.26,125.53,125.14,125.29,9768.0,125.326
2026-05-18 11:04:00-04:00,125.24,125.25,125.24,125.25,200.0,125.243
2026-05-18 11:05:00-04:00,125.25,125.35,125.23,125.35,539.0,125.26
2026-05-18 11:06:00-04:00,125.31,125.54,125.28,125.52,23773.0,125.328
2026-05-18 11:07:00-04:00,125.7,125.7,125.35,125.68,707.0,125.47
2026-05-18 11:08:00-04:00,125.56,125.8,125.56,125.8,500.0,125.652
2026-05-18 11:09:00-04:00,125.52,125.67,125.16,125.16,2366.0,125.496
2026-05-18 11:10:00-04:00,125.29,125.61,125.27,125.45,4312.0,125.459
2026-05-18 11:11:00-04:00,125.5,125.53,125.5,125.51,3680.0,125.501
2026-05-18 11:12:00-04:00,125.67,125.76,125.6,125.74,4687.0,125.71
2026-05-18 11:13:00-04:00,125.59,125.89,125.59,125.89,1119.0,125.784
2026-05-18 11:14:00-04:00,125.8,125.83,125.74,125.83,2520.0,125.797
2026-05-18 11:15:00-04:00,125.81,125.93,125.81,125.93,1000.0,125.888
2026-05-18 11:16:00-04:00,125.94,125.98,125.79,125.94,3676.0,125.894
2026-05-18 11:17:00-04:00,125.89,125.95,125.87,125.89,1102.0,125.888
2026-05-18 11:18:00-04:00,125.8,125.8,125.63,125.66,1073.0,125.684
2026-05-18 11:19:00-04:00,125.59,125.61,125.58,125.58,300.0,125.593
2026-05-18 11:20:00-04:00,125.53,125.71,125.46,125.69,7330.0,125.538
2026-05-18 11:21:00-04:00,125.78,125.78,125.59,125.69,2928.0,125.642
2026-05-18 11:22:00-04:00,125.69,125.77,125.59,125.76,1415.0,125.697
2026-05-18 11:23:00-04:00,125.69,125.78,125.51,125.58,900.0,125.593
2026-05-18 11:24:00-04:00,125.58,125.58,125.58,125.58,0.0,125.58
2026-05-18 11:25:00-04:00,125.7,125.77,125.68,125.72,1006.0,125.715
2026-05-18 11:26:00-04:00,125.73,125.81,125.72,125.77,773.0,125.774
2026-05-18 11:27:00-04:00,125.84,125.88,125.64,125.79,1959.0,125.717
2026-05-18 11:28:00-04:00,125.79,125.79,125.79,125.79,0.0,125.79
2026-05-18 11:29:00-04:00,125.74,125.74,125.59,125.59,400.0,125.644
2026-05-18 11:30:00-04:00,125.49,125.65,125.49,125.59,600.0,125.56
2026-05-18 11:31:00-04:00,125.59,125.71,125.59,125.71,457.0,125.666
2026-05-18 11:32:00-04:00,125.81,125.81,125.79,125.79,390.0,125.798
2026-05-18 11:33:00-04:00,125.75,125.75,125.61,125.68,3683.0,125.646
2026-05-18 11:34:00-04:00,125.7,125.75,125.64,125.75,2111.0,125.704
2026-05-18 11:35:00-04:00,125.66,125.77,125.66,125.73,1295.0,125.692
2026-05-18 11:36:00-04:00,125.67,125.98,125.66,125.75,7541.0,125.803
2026-05-18 11:37:00-04:00,125.81,125.91,125.67,125.68,1112.0,125.753
2026-05-18 11:38:00-04:00,125.75,125.75,125.53,125.53,5500.0,125.677
2026-05-18 11:39:00-04:00,125.58,125.71,125.58,125.67,743.0,125.662
2026-05-18 11:40:00-04:00,125.66,125.79,125.66,125.76,777.0,125.742
2026-05-18 11:41:00-04:00,125.88,125.92,125.86,125.92,798.0,125.901
2026-05-18 11:42:00-04:00,125.92,125.92,125.6,125.6,1600.0,125.761
2026-05-18 11:43:00-04:00,125.69,125.69,125.36,125.36,50443.0,125.656
2026-05-18 11:44:00-04:00,125.44,125.44,125.28,125.28,1875.0,125.417
2026-05-18 11:45:00-04:00,125.16,125.16,125.12,125.16,842.0,125.139
2026-05-18 11:46:00-04:00,125.2,125.25,125.09,125.1,1673.0,125.159
2026-05-18 11:47:00-04:00,125.1,125.1,125.1,125.1,0.0,125.1
2026-05-18 11:48:00-04:00,125.09,125.17,125.06,125.15,1300.0,125.122
2026-05-18 11:49:00-04:00,125.24,125.29,125.24,125.29,1024.0,125.264
2026-05-18 11:50:00-04:00,125.25,125.26,125.25,125.25,100.0,125.25
2026-05-18 11:51:00-04:00,125.25,125.41,125.25,125.41,798.0,125.315
2026-05-18 11:52:00-04:00,125.25,125.25,125.24,125.24,200.0,125.244
2026-05-18 11:53:00-04:00,125.21,125.25,125.2,125.25,795.0,125.216
2026-05-18 11:54:00-04:00,125.23,125.46,125.22,125.44,1946.0,125.365
2026-05-18 11:55:00-04:00,125.41,125.41,125.4,125.41,100.0,125.405
2026-05-18 11:56:00-04:00,125.39,125.48,125.39,125.48,500.0,125.408
2026-05-18 11:57:00-04:00,125.39,125.62,125.39,125.62,800.0,125.518
2026-05-18 11:58:00-04:00,125.56,125.56,125.51,125.52,400.0,125.534
2026-05-18 11:59:00-04:00,125.5,125.5,125.5,125.5,300.0,125.5
2026-05-18 12:00:00-04:00,125.5,125.8,125.37,125.79,9277.0,125.552
2026-05-18 12:01:00-04:00,125.8,125.8,125.79,125.79,600.0,125.792
2026-05-18 12:02:00-04:00,125.91,125.95,125.9,125.94,938.0,125.939
2026-05-18 12:03:00-04:00,125.93,125.93,125.87,125.87,590.0,125.918
2026-05-18 12:04:00-04:00,125.93,125.93,125.86,125.91,1460.0,125.877
2026-05-18 12:05:00-04:00,125.86,125.87,125.76,125.79,1315.0,125.814
2026-05-18 12:06:00-04:00,125.79,125.89,125.79,125.89,601.0,125.838
2026-05-18 12:07:00-04:00,125.82,125.82,125.81,125.82,200.0,125.818
2026-05-18 12:08:00-04:00,125.8,125.81,125.68,125.69,1840.0,125.714
2026-05-18 12:09:00-04:00,125.81,125.91,125.61,125.82,5921.0,125.651
2026-05-18 12:10:00-04:00,125.91,125.93,125.9,125.9,600.0,125.918
2026-05-18 12:11:00-04:00,125.95,125.98,125.93,125.96,1700.0,125.952
2026-05-18 12:12:00-04:00,125.96,125.96,125.89,125.89,445.0,125.905
2026-05-18 12:13:00-04:00,125.99,126.02,125.95,126.02,1713.0,126.003
2026-05-18 12:14:00-04:00,125.97,126.04,125.96,126.04,425.0,125.983
2026-05-18 12:15:00-04:00,126.08,126.09,126.03,126.06,1800.0,126.055
2026-05-18 12:16:00-04:00,126.19,126.19,126.19,126.19,1544.0,126.19
2026-05-18 12:17:00-04:00,126.16,126.16,126.03,126.16,800.0,126.108
2026-05-18 12:18:00-04:00,126.16,126.24,126.15,126.16,639.0,126.213
2026-05-18 12:19:00-04:00,126.13,126.13,126.13,126.13,101.0,126.13
2026-05-18 12:20:00-04:00,126.17,126.25,126.16,126.25,376.0,126.225
2026-05-18 12:21:00-04:00,126.27,126.35,126.23,126.23,706.0,126.284
2026-05-18 12:22:00-04:00,126.29,126.29,126.25,126.27,500.0,126.267
2026-05-18 12:23:00-04:00,126.17,126.17,126.07,126.13,901.0,126.122
2026-05-18 12:24:00-04:00,126.0,126.06,126.0,126.02,325.0,126.024
2026-05-18 12:25:00-04:00,126.05,126.05,125.89,125.89,600.0,125.958
2026-05-18 12:26:00-04:00,126.02,126.02,125.69,125.76,458.0,125.796
2026-05-18 12:27:00-04:00,125.75,125.75,125.75,125.75,200.0,125.75
2026-05-18 12:28:00-04:00,125.7,125.7,125.5,125.61,4162.0,125.61
2026-05-18 12:29:00-04:00,125.62,125.62,125.5,125.6,1335.0,125.563
2026-05-18 12:30:00-04:00,125.54,125.54,125.37,125.5,2500.0,125.5
2026-05-18 12:31:00-04:00,125.39,125.61,125.39,125.61,1182.0,125.506
2026-05-18 12:32:00-04:00,125.5,125.72,125.5,125.5,7111.0,125.525
2026-05-18 12:33:00-04:00,125.88,125.88,125.88,125.88,100.0,125.88
2026-05-18 12:34:00-04:00,125.88,125.88,125.88,125.88,0.0,125.88
2026-05-18 12:35:00-04:00,125.92,126.18,125.89,125.89,3021.0,126.121
2026-05-18 12:36:00-04:00,125.86,125.86,125.86,125.86,158.0,125.86
2026-05-18 12:37:00-04:00,125.86,125.86,125.86,125.86,0.0,125.86
2026-05-18 12:38:00-04:00,125.66,125.84,125.66,125.81,5708.0,125.71
2026-05-18 12:39:00-04:00,125.8,125.8,125.5,125.55,1605.0,125.637
2026-05-18 12:40:00-04:00,125.61,125.61,125.6,125.61,201.0,125.605
2026-05-18 12:41:00-04:00,125.61,125.61,125.6,125.61,600.0,125.605
2026-05-18 12:42:00-04:00,125.55,125.61,125.55,125.59,2099.0,125.588
2026-05-18 12:43:00-04:00,125.6,125.6,125.43,125.49,1233.0,125.534
2026-05-18 12:44:00-04:00,125.44,125.46,125.29,125.43,3250.0,125.37
2026-05-18 12:45:00-04:00,125.36,125.64,125.35,125.51,4879.0,125.505
2026-05-18 12:46:00-04:00,125.51,125.51,125.51,125.51,0.0,125.51
2026-05-18 12:47:00-04:00,125.69,125.69,125.69,125.69,100.0,125.69
2026-05-18 12:48:00-04:00,125.79,125.79,125.79,125.79,100.0,125.79
2026-05-18 12:49:00-04:00,125.78,125.78,125.78,125.78,100.0,125.78
2026-05-18 12:50:00-04:00,125.83,125.97,125.8,125.97,852.0,125.891
2026-05-18 12:51:00-04:00,126.01,126.19,126.01,126.18,300.0,126.07
2026-05-18 12:52:00-04:00,126.25,126.25,126.25,126.25,100.0,126.25
2026-05-18 12:53:00-04:00,126.25,126.25,126.25,126.25,0.0,126.25
2026-05-18 12:54:00-04:00,126.2,126.2,126.07,126.08,1256.0,126.087
2026-05-18 12:55:00-04:00,126.24,126.84,126.19,126.83,19927.0,126.527
2026-05-18 12:56:00-04:00,126.7,127.28,126.65,127.05,20687.0,127.051
2026-05-18 12:57:00-04:00,127.15,127.16,126.79,126.81,8964.0,126.91
2026-05-18 12:58:00-04:00,126.81,126.91,126.62,126.68,6039.0,126.753
2026-05-18 12:59:00-04:00,126.62,126.74,126.45,126.61,4511.0,126.627
2026-05-18 13:00:00-04:00,126.58,126.65,126.3,126.47,5869.0,126.539
2026-05-18 13:01:00-04:00,126.66,126.68,126.57,126.6,1068.0,126.634
2026-05-18 13:02:00-04:00,126.5,126.6,126.4,126.4,2750.0,126.538
2026-05-18 13:03:00-04:00,126.54,126.69,126.53,126.59,1558.0,126.597
2026-05-18 13:04:00-04:00,126.78,126.81,126.59,126.66,1157.0,126.742
2026-05-18 13:05:00-04:00,126.86,126.86,126.67,126.68,1913.0,126.722
2026-05-18 13:06:00-04:00,126.9,127.0,126.88,126.88,1013.0,126.899
2026-05-18 13:07:00-04:00,127.05,127.06,126.93,126.93,700.0,126.966
2026-05-18 13:08:00-04:00,127.08,127.08,127.02,127.03,1600.0,127.07
2026-05-18 13:09:00-04:00,127.03,127.03,126.92,127.03,2077.0,127.019
2026-05-18 13:10:00-04:00,127.01,127.05,127.01,127.05,742.0,127.021
2026-05-18 13:11:00-04:00,127.09,127.09,126.92,126.92,3083.0,126.999
2026-05-18 13:12:00-04:00,127.01,127.03,126.91,126.91,1349.0,126.979
2026-05-18 13:13:00-04:00,126.91,126.94,126.82,126.94,1500.0,126.881
2026-05-18 13:14:00-04:00,126.98,126.99,126.88,126.89,452.0,126.965
2026-05-18 13:15:00-04:00,126.93,126.95,126.88,126.95,5103.0,126.928
2026-05-18 13:16:00-04:00,126.71,126.96,126.71,126.94,2980.0,126.777
2026-05-18 13:17:00-04:00,126.98,127.0,126.71,126.95,4031.0,126.785
2026-05-18 13:18:00-04:00,126.96,126.96,126.89,126.93,668.0,126.939
2026-05-18 13:19:00-04:00,126.96,126.97,126.8,126.97,1958.0,126.891
2026-05-18 13:20:00-04:00,126.79,126.86,126.71,126.8,2345.0,126.786
2026-05-18 13:21:00-04:00,126.71,126.71,126.57,126.71,2320.0,126.694
2026-05-18 13:22:00-04:00,126.5,126.56,126.5,126.53,485.0,126.523
2026-05-18 13:23:00-04:00,126.62,126.62,126.43,126.43,500.0,126.524
2026-05-18 13:24:00-04:00,126.52,126.57,126.4,126.41,708.0,126.504
2026-05-18 13:25:00-04:00,126.5,126.55,126.31,126.45,3600.0,126.383
2026-05-18 13:26:00-04:00,126.45,126.57,126.44,126.57,924.0,126.472
2026-05-18 13:27:00-04:00,126.48,126.49,126.32,126.47,337.0,126.413
2026-05-18 13:28:00-04:00,126.57,126.57,126.43,126.5,1431.0,126.492
2026-05-18 13:29:00-04:00,126.56,126.56,126.5,126.5,500.0,126.524
2026-05-18 13:30:00-04:00,126.55,126.55,126.38,126.42,1200.0,126.469
2026-05-18 13:31:00-04:00,126.42,126.42,126.42,126.42,0.0,126.42
2026-05-18 13:32:00-04:00,126.45,126.52,126.44,126.45,1739.0,126.45
2026-05-18 13:33:00-04:00,126.34,126.42,126.34,126.34,1200.0,126.361
2026-05-18 13:34:00-04:00,126.35,126.41,126.34,126.41,1503.0,126.362
2026-05-18 13:35:00-04:00,126.35,126.4,126.29,126.36,2000.0,126.353
2026-05-18 13:36:00-04:00,126.36,126.36,126.36,126.36,0.0,126.36
2026-05-18 13:37:00-04:00,126.37,126.37,126.36,126.36,707.0,126.361
2026-05-18 13:38:00-04:00,126.34,126.34,126.29,126.34,500.0,126.321
2026-05-18 13:39:00-04:00,126.26,126.3,126.19,126.24,2267.0,126.22
2026-05-18 13:40:00-04:00,126.24,126.33,126.23,126.33,613.0,126.252
2026-05-18 13:41:00-04:00,126.25,126.4,126.24,126.4,1995.0,126.305
2026-05-18 13:42:00-04:00,126.16,126.31,126.15,126.18,1613.0,126.212
2026-05-18 13:43:00-04:00,126.2,126.2,126.2,126.2,100.0,126.2
2026-05-18 13:44:00-04:00,126.27,126.27,126.19,126.2,1100.0,126.211
2026-05-18 13:45:00-04:00,126.24,126.25,126.24,126.25,342.0,126.247
2026-05-18 13:46:00-04:00,126.16,126.16,126.06,126.06,314.0,126.124
2026-05-18 13:47:00-04:00,126.16,126.16,126.16,126.16,100.0,126.16
2026-05-18 13:48:00-04:00,126.34,126.37,126.24,126.24,1301.0,126.264
2026-05-18 13:49:00-04:00,126.27,126.27,126.13,126.14,512.0,126.189
2026-05-18 13:50:00-04:00,126.14,126.14,126.14,126.14,0.0,126.14
2026-05-18 13:51:00-04:00,126.34,126.43,126.34,126.37,1359.0,126.388
2026-05-18 13:52:00-04:00,126.37,126.37,126.37,126.37,450.0,126.37
2026-05-18 13:53:00-04:00,126.29,126.29,126.13,126.22,902.0,126.218
2026-05-18 13:54:00-04:00,126.25,126.32,126.2,126.21,1994.0,126.243
2026-05-18 13:55:00-04:00,126.17,126.2,125.9,125.9,2397.0,126.073
2026-05-18 13:56:00-04:00,125.92,126.01,125.91,126.01,1579.0,125.93
2026-05-18 13:57:00-04:00,125.86,125.86,125.86,125.86,100.0,125.86
2026-05-18 13:58:00-04:00,125.88,125.88,125.76,125.85,1900.0,125.849
2026-05-18 13:59:00-04:00,125.94,125.94,125.87,125.89,300.0,125.902
2026-05-18 14:00:00-04:00,125.88,125.88,125.88,125.88,106.0,125.88
2026-05-18 14:01:00-04:00,125.92,125.92,125.81,125.83,750.0,125.834
2026-05-18 14:02:00-04:00,125.72,125.84,125.69,125.69,300.0,125.75
2026-05-18 14:03:00-04:00,125.76,125.82,125.76,125.77,662.0,125.785
2026-05-18 14:04:00-04:00,125.7,125.7,125.67,125.67,200.0,125.685
2026-05-18 14:05:00-04:00,125.7,125.71,125.7,125.7,400.0,125.7
2026-05-18 14:06:00-04:00,125.66,125.66,125.5,125.5,500.0,125.622
2026-05-18 14:07:00-04:00,125.55,125.56,125.55,125.56,1800.0,125.553
2026-05-18 14:08:00-04:00,125.52,125.52,125.4,125.49,2109.0,125.487
2026-05-18 14:09:00-04:00,125.34,125.46,125.25,125.36,3968.0,125.38
2026-05-18 14:10:00-04:00,125.35,125.37,125.35,125.37,559.0,125.354
2026-05-18 14:11:00-04:00,125.32,125.32,125.13,125.18,2064.0,125.212
2026-05-18 14:12:00-04:00,125.13,125.26,125.13,125.26,200.0,125.195
2026-05-18 14:13:00-04:00,125.16,125.29,125.15,125.29,5817.0,125.206
2026-05-18 14:14:00-04:00,125.23,125.29,125.23,125.29,275.0,125.268
2026-05-18 14:15:00-04:00,125.09,125.09,125.09,125.09,100.0,125.09
2026-05-18 14:16:00-04:00,125.0,125.02,124.78,124.84,4207.0,124.878
2026-05-18 14:17:00-04:00,124.77,124.85,124.77,124.85,1530.0,124.797
2026-05-18 14:18:00-04:00,124.8,124.86,124.6,124.6,13643.0,124.788
2026-05-18 14:19:00-04:00,124.6,124.6,124.36,124.45,6721.0,124.482
2026-05-18 14:20:00-04:00,124.4,124.43,124.4,124.41,352.0,124.412
2026-05-18 14:21:00-04:00,124.37,124.45,124.36,124.45,1890.0,124.389
2026-05-18 14:22:00-04:00,124.45,124.45,124.45,124.45,0.0,124.45
2026-05-18 14:23:00-04:00,124.45,124.45,124.45,124.45,0.0,124.45
2026-05-18 14:24:00-04:00,124.41,124.41,124.4,124.41,500.0,124.405
2026-05-18 14:25:00-04:00,124.32,124.35,124.2,124.2,2782.0,124.277
2026-05-18 14:26:00-04:00,124.13,124.13,124.1,124.12,2018.0,124.114
2026-05-18 14:27:00-04:00,124.0,124.09,123.9,123.91,3089.0,123.966
2026-05-18 14:28:00-04:00,123.92,124.08,123.91,124.01,700.0,124.01
2026-05-18 14:29:00-04:00,124.13,124.22,124.13,124.21,1085.0,124.188
2026-05-18 14:30:00-04:00,124.32,124.34,124.25,124.32,2120.0,124.303
2026-05-18 14:31:00-04:00,124.32,124.32,124.32,124.32,400.0,124.32
2026-05-18 14:32:00-04:00,124.25,124.25,124.24,124.24,1100.0,124.248
2026-05-18 14:33:00-04:00,124.24,124.24,124.24,124.24,0.0,124.24
2026-05-18 14:34:00-04:00,124.24,124.24,124.24,124.24,100.0,124.24
2026-05-18 14:35:00-04:00,124.36,124.37,124.28,124.28,1136.0,124.336
2026-05-18 14:36:00-04:00,124.17,124.19,124.17,124.17,910.0,124.181
2026-05-18 14:37:00-04:00,124.2,124.23,124.2,124.23,1600.0,124.223
2026-05-18 14:38:00-04:00,124.18,124.19,124.17,124.19,315.0,124.18
2026-05-18 14:39:00-04:00,124.18,124.18,124.15,124.15,455.0,124.173
2026-05-18 14:40:00-04:00,124.16,124.19,124.15,124.19,500.0,124.179
2026-05-18 14:41:00-04:00,124.19,124.19,124.18,124.19,100.0,124.185
2026-05-18 14:42:00-04:00,124.1,124.1,124.1,124.1,422.0,124.1
2026-05-18 14:43:00-04:00,124.22,124.22,124.11,124.19,800.0,124.167
2026-05-18 14:44:00-04:00,124.16,124.22,124.16,124.19,2517.0,124.175
2026-05-18 14:45:00-04:00,124.23,124.27,124.22,124.23,602.0,124.232
2026-05-18 14:46:00-04:00,124.27,124.27,124.14,124.14,1303.0,124.21
2026-05-18 14:47:00-04:00,124.13,124.18,124.12,124.14,1768.0,124.161
2026-05-18 14:48:00-04:00,124.13,124.28,124.12,124.16,3296.0,124.21
2026-05-18 14:49:00-04:00,124.18,124.28,124.02,124.08,3210.0,124.187
2026-05-18 14:50:00-04:00,124.04,124.21,124.0,124.21,1364.0,124.113
2026-05-18 14:51:00-04:00,124.16,124.16,124.06,124.07,2900.0,124.139
2026-05-18 14:52:00-04:00,124.13,124.21,124.13,124.21,300.0,124.157
2026-05-18 14:53:00-04:00,124.2,124.2,124.18,124.19,362.0,124.188
2026-05-18 14:54:00-04:00,124.12,124.12,123.85,123.88,3418.0,123.945
2026-05-18 14:55:00-04:00,123.92,123.92,123.89,123.89,2300.0,123.899
2026-05-18 14:56:00-04:00,123.89,123.9,123.89,123.89,400.0,123.893
2026-05-18 14:57:00-04:00,123.97,123.98,123.89,123.98,642.0,123.958
2026-05-18 14:58:00-04:00,123.9,123.91,123.75,123.75,8055.0,123.875
2026-05-18 14:59:00-04:00,123.77,123.77,123.68,123.68,5986.0,123.724
2026-05-18 15:00:00-04:00,123.72,123.83,123.71,123.82,2527.0,123.774
2026-05-18 15:01:00-04:00,123.86,125.01,123.85,124.88,6741.0,124.515
2026-05-18 15:02:00-04:00,124.96,124.97,124.58,124.92,5989.0,124.852
2026-05-18 15:03:00-04:00,124.87,124.87,124.67,124.7,1400.0,124.722
2026-05-18 15:04:00-04:00,124.68,124.72,124.59,124.59,900.0,124.68
2026-05-18 15:05:00-04:00,124.71,124.71,124.58,124.58,700.0,124.691
2026-05-18 15:06:00-04:00,124.53,124.53,124.52,124.53,412.0,124.526
2026-05-18 15:07:00-04:00,124.54,124.54,124.36,124.45,500.0,124.446
2026-05-18 15:08:00-04:00,124.4,124.45,124.38,124.38,900.0,124.413
2026-05-18 15:09:00-04:00,124.44,124.7,124.37,124.7,3112.0,124.489
2026-05-18 15:10:00-04:00,124.74,124.74,124.55,124.71,1452.0,124.591
2026-05-18 15:11:00-04:00,124.71,124.8,124.54,124.64,1500.0,124.688
2026-05-18 15:12:00-04:00,124.72,124.74,124.62,124.64,1610.0,124.665
2026-05-18 15:13:00-04:00,124.65,124.72,124.53,124.63,6198.0,124.61
2026-05-18 15:14:00-04:00,124.63,124.63,124.36,124.43,1900.0,124.511
2026-05-18 15:15:00-04:00,124.51,124.51,124.43,124.5,300.0,124.478
2026-05-18 15:16:00-04:00,124.49,124.49,124.35,124.35,3907.0,124.406
2026-05-18 15:17:00-04:00,124.45,124.49,124.31,124.36,4382.0,124.4
2026-05-18 15:18:00-04:00,124.4,124.55,124.32,124.55,1711.0,124.423
2026-05-18 15:19:00-04:00,124.38,124.49,124.38,124.49,2000.0,124.401
2026-05-18 15:20:00-04:00,124.49,124.55,124.36,124.55,503.0,124.457
2026-05-18 15:21:00-04:00,124.55,124.62,124.46,124.62,1207.0,124.514
2026-05-18 15:22:00-04:00,124.54,124.59,124.46,124.48,4943.0,124.53
2026-05-18 15:23:00-04:00,124.45,124.57,124.43,124.5,1400.0,124.467
2026-05-18 15:24:00-04:00,124.47,124.47,124.47,124.47,850.0,124.47
2026-05-18 15:25:00-04:00,124.37,124.58,124.25,124.31,801.0,124.343
2026-05-18 15:26:00-04:00,124.34,124.36,124.33,124.34,495.0,124.351
2026-05-18 15:27:00-04:00,124.32,124.35,124.19,124.23,3103.0,124.225
2026-05-18 15:28:00-04:00,124.18,124.3,124.18,124.3,500.0,124.223
2026-05-18 15:29:00-04:00,124.18,124.4,124.17,124.32,2361.0,124.309
2026-05-18 15:30:00-04:00,124.39,124.43,124.31,124.41,1300.0,124.365
2026-05-18 15:31:00-04:00,124.42,124.46,124.37,124.4,1923.0,124.405
2026-05-18 15:32:00-04:00,124.4,124.6,124.4,124.59,2000.0,124.496
2026-05-18 15:33:00-04:00,124.61,124.61,124.41,124.52,1400.0,124.481
2026-05-18 15:34:00-04:00,124.47,124.47,124.35,124.35,1426.0,124.434
2026-05-18 15:35:00-04:00,124.46,124.47,124.35,124.43,2802.0,124.421
2026-05-18 15:36:00-04:00,124.43,124.48,124.33,124.37,1600.0,124.41
2026-05-18 15:37:00-04:00,124.32,124.32,124.24,124.25,500.0,124.299
2026-05-18 15:38:00-04:00,124.22,124.34,124.2,124.3,1048.0,124.253
2026-05-18 15:39:00-04:00,124.2,124.32,124.1,124.3,4524.0,124.174
2026-05-18 15:40:00-04:00,124.31,124.46,124.28,124.43,1437.0,124.345
2026-05-18 15:41:00-04:00,124.28,124.38,124.05,124.21,2544.0,124.246
2026-05-18 15:42:00-04:00,124.21,124.27,124.2,124.2,637.0,124.222
2026-05-18 15:43:00-04:00,124.14,124.29,124.07,124.11,2054.0,124.131
2026-05-18 15:44:00-04:00,124.1,124.42,124.09,124.34,3708.0,124.253
2026-05-18 15:45:00-04:00,124.34,124.44,124.26,124.43,2220.0,124.365
2026-05-18 15:46:00-04:00,124.4,124.44,124.14,124.14,2417.0,124.322
2026-05-18 15:47:00-04:00,124.13,124.26,124.13,124.19,1238.0,124.184
2026-05-18 15:48:00-04:00,124.26,124.3,124.13,124.2,2856.0,124.183
2026-05-18 15:49:00-04:00,124.21,124.32,124.18,124.3,2684.0,124.232
2026-05-18 15:50:00-04:00,124.19,124.22,124.08,124.11,22512.0,124.11
2026-05-18 15:51:00-04:00,124.08,124.11,123.86,123.9,4050.0,123.977
2026-05-18 15:52:00-04:00,123.9,123.97,123.75,123.8,2507.0,123.822
2026-05-18 15:53:00-04:00,123.74,123.86,123.68,123.85,3946.0,123.774
2026-05-18 15:54:00-04:00,123.78,123.89,123.64,123.89,14555.0,123.709
2026-05-18 15:55:00-04:00,123.99,124.07,123.82,123.98,7486.0,123.997
2026-05-18 15:56:00-04:00,124.04,124.07,123.89,124.0,7824.0,124.003
2026-05-18 15:57:00-04:00,123.98,124.25,123.98,124.25,22091.0,124.068
2026-05-18 15:58:00-04:00,124.29,124.3,124.13,124.15,22820.0,124.212
2026-05-18 15:59:00-04:00,124.15,124.2,124.06,124.13,35716.0,124.15
2026-05-19 09:30:00-04:00,123.51,124.4,123.0,123.0,32320.0,123.611
2026-05-19 09:31:00-04:00,123.0,123.51,122.74,122.74,3931.0,123.007
2026-05-19 09:32:00-04:00,122.99,123.0,122.93,122.93,1194.0,122.983
2026-05-19 09:33:00-04:00,123.02,123.02,122.55,122.55,5681.0,122.827
2026-05-19 09:34:00-04:00,122.75,122.75,122.13,122.13,9108.0,122.582
2026-05-19 09:35:00-04:00,122.25,122.33,121.17,121.45,13545.0,121.64
2026-05-19 09:36:00-04:00,121.5,121.77,121.3,121.66,12647.0,121.484
2026-05-19 09:37:00-04:00,121.52,122.44,121.52,122.02,17056.0,122.296
2026-05-19 09:38:00-04:00,121.61,122.39,121.56,122.27,5695.0,122.136
2026-05-19 09:39:00-04:00,122.27,122.6,122.21,122.6,4470.0,122.376
2026-05-19 09:40:00-04:00,122.6,122.61,122.44,122.61,5286.0,122.589
2026-05-19 09:41:00-04:00,122.61,122.78,122.2,122.31,3598.0,122.509
2026-05-19 09:42:00-04:00,122.06,122.07,121.63,121.82,1900.0,121.815
2026-05-19 09:43:00-04:00,121.91,122.03,121.91,121.98,1400.0,122.015
2026-05-19 09:44:00-04:00,121.99,121.99,121.75,121.83,1968.0,121.863
2026-05-19 09:45:00-04:00,121.85,122.34,121.85,122.24,3500.0,122.138
2026-05-19 09:46:00-04:00,122.24,122.55,122.01,122.01,2900.0,122.365
2026-05-19 09:47:00-04:00,122.09,122.37,122.09,122.35,3200.0,122.341
2026-05-19 09:48:00-04:00,122.5,122.77,122.48,122.54,29570.0,122.556
2026-05-19 09:49:00-04:00,122.7,122.79,122.54,122.6,1750.0,122.647
2026-05-19 09:50:00-04:00,122.66,122.71,122.54,122.6,2145.0,122.658
2026-05-19 09:51:00-04:00,122.62,123.04,122.62,122.91,4902.0,122.859
2026-05-19 09:52:00-04:00,122.91,123.1,122.81,122.81,5556.0,123.034
2026-05-19 09:53:00-04:00,122.92,122.92,122.81,122.81,900.0,122.908
2026-05-19 09:54:00-04:00,122.91,123.47,122.91,123.22,4825.0,123.227
2026-05-19 09:55:00-04:00,123.22,123.24,123.22,123.24,700.0,123.227
2026-05-19 09:56:00-04:00,123.01,123.09,122.82,122.82,1967.0,123.015
2026-05-19 09:57:00-04:00,123.04,123.05,122.57,122.59,1700.0,122.718
2026-05-19 09:58:00-04:00,122.91,122.94,122.9,122.91,300.0,122.919
2026-05-19 09:59:00-04:00,122.91,123.32,122.73,122.73,4481.0,123.121
2026-05-19 10:00:00-04:00,122.7,122.84,122.7,122.74,2572.0,122.754
2026-05-19 10:01:00-04:00,122.74,122.82,122.7,122.74,3332.0,122.768
2026-05-19 10:02:00-04:00,122.78,122.79,122.56,122.75,6921.0,122.753
2026-05-19 10:03:00-04:00,122.66,122.76,122.55,122.6,450.0,122.631
2026-05-19 10:04:00-04:00,122.75,123.19,122.75,123.19,2616.0,122.953
2026-05-19 10:05:00-04:00,123.19,123.2,123.19,123.19,800.0,123.191
2026-05-19 10:06:00-04:00,122.84,122.85,122.7,122.84,1525.0,122.795
2026-05-19 10:07:00-04:00,122.88,123.06,122.0,122.0,4192.0,122.486
2026-05-19 10:08:00-04:00,122.21,122.21,121.9,121.9,1700.0,122.192
2026-05-19 10:09:00-04:00,121.94,121.94,121.6,121.93,1959.0,121.878
2026-05-19 10:10:00-04:00,121.93,122.5,121.93,122.5,1698.0,122.242
2026-05-19 10:11:00-04:00,122.66,122.7,122.36,122.36,2010.0,122.61
2026-05-19 10:12:00-04:00,122.54,122.54,122.54,122.54,100.0,122.54
2026-05-19 10:13:00-04:00,122.44,122.64,122.44,122.5,986.0,122.471
2026-05-19 10:14:00-04:00,122.64,122.65,122.13,122.18,2000.0,122.304
2026-05-19 10:15:00-04:00,122.0,122.15,121.78,122.03,2399.0,121.941
2026-05-19 10:16:00-04:00,121.95,122.13,121.58,121.86,1993.0,121.899
2026-05-19 10:17:00-04:00,121.75,121.98,121.75,121.98,500.0,121.854
2026-05-19 10:18:00-04:00,121.89,121.89,121.45,121.67,6537.0,121.65
2026-05-19 10:19:00-04:00,121.67,121.7,121.64,121.64,1500.0,121.688
2026-05-19 10:20:00-04:00,121.66,121.69,121.37,121.37,1275.0,121.434
2026-05-19 10:21:00-04:00,121.37,121.37,120.37,120.6,26889.0,120.874
2026-05-19 10:22:00-04:00,120.94,120.99,120.37,120.69,15491.0,120.702
2026-05-19 10:23:00-04:00,120.89,121.07,120.68,121.06,6211.0,120.88
2026-05-19 10:24:00-04:00,120.94,120.95,120.69,120.69,3351.0,120.718
2026-05-19 10:25:00-04:00,120.69,120.7,120.52,120.56,3119.0,120.6
2026-05-19 10:26:00-04:00,120.55,120.78,120.4,120.68,5383.0,120.579
2026-05-19 10:27:00-04:00,120.44,120.61,120.43,120.55,1751.0,120.575
2026-05-19 10:28:00-04:00,120.61,120.84,120.6,120.74,10028.0,120.725
2026-05-19 10:29:00-04:00,120.75,120.84,120.61,120.81,3645.0,120.739
2026-05-19 10:30:00-04:00,120.8,120.84,120.6,120.72,6156.0,120.781
2026-05-19 10:31:00-04:00,120.75,120.75,120.52,120.52,900.0,120.694
2026-05-19 10:32:00-04:00,120.9,120.94,120.5,120.59,3451.0,120.828
2026-05-19 10:33:00-04:00,120.59,120.75,120.59,120.7,3110.0,120.639
2026-05-19 10:34:00-04:00,120.71,120.79,120.52,120.63,12882.0,120.691
2026-05-19 10:35:00-04:00,120.53,120.54,120.47,120.5,950.0,120.501
2026-05-19 10:36:00-04:00,120.55,120.88,120.52,120.88,4594.0,120.62
2026-05-19 10:37:00-04:00,120.8,120.83,120.25,120.52,6142.0,120.585
2026-05-19 10:38:00-04:00,120.5,120.74,120.49,120.49,2075.0,120.594
2026-05-19 10:39:00-04:00,120.44,120.61,120.44,120.61,957.0,120.477
2026-05-19 10:40:00-04:00,120.46,120.62,120.33,120.62,951.0,120.519
2026-05-19 10:41:00-04:00,120.89,120.9,120.89,120.9,430.0,120.897
2026-05-19 10:42:00-04:00,121.0,121.18,121.0,121.18,962.0,121.06
2026-05-19 10:43:00-04:00,121.05,121.05,120.92,121.05,1050.0,121.025
2026-05-19 10:44:00-04:00,120.92,120.92,120.55,120.55,3667.0,120.779
2026-05-19 10:45:00-04:00,120.47,120.6,120.39,120.39,700.0,120.509
2026-05-19 10:46:00-04:00,120.35,120.36,120.16,120.17,4244.0,120.215
2026-05-19 10:47:00-04:00,120.16,120.17,120.12,120.17,900.0,120.158
2026-05-19 10:48:00-04:00,120.19,120.19,120.01,120.09,3456.0,120.081
2026-05-19 10:49:00-04:00,120.09,120.23,120.08,120.15,2713.0,120.159
2026-05-19 10:50:00-04:00,120.12,120.12,120.08,120.12,2972.0,120.105
2026-05-19 10:51:00-04:00,120.02,120.08,119.7,120.0,10480.0,119.882
2026-05-19 10:52:00-04:00,120.07,120.09,120.07,120.07,500.0,120.077
2026-05-19 10:53:00-04:00,119.94,120.22,119.94,120.05,3282.0,120.058
2026-05-19 10:54:00-04:00,120.06,120.44,120.06,120.44,1249.0,120.294
2026-05-19 10:55:00-04:00,120.24,120.28,120.19,120.19,1000.0,120.257
2026-05-19 10:56:00-04:00,120.23,120.32,120.12,120.31,1706.0,120.233
2026-05-19 10:57:00-04:00,120.43,120.44,120.33,120.33,1250.0,120.405
2026-05-19 10:58:00-04:00,120.38,120.38,120.29,120.29,769.0,120.34
2026-05-19 10:59:00-04:00,120.29,120.31,120.25,120.31,350.0,120.284
2026-05-19 11:00:00-04:00,120.25,120.37,120.22,120.33,3134.0,120.301
2026-05-19 11:01:00-04:00,120.33,120.45,120.11,120.11,5173.0,120.386
2026-05-19 11:02:00-04:00,120.13,120.15,120.12,120.15,200.0,120.138
2026-05-19 11:03:00-04:00,120.16,120.25,120.16,120.22,1382.0,120.208
2026-05-19 11:04:00-04:00,120.22,120.42,120.22,120.34,1670.0,120.318
2026-05-19 11:05:00-04:00,120.47,120.47,120.47,120.47,100.0,120.47
2026-05-19 11:06:00-04:00,120.32,120.32,120.31,120.32,200.0,120.315
2026-05-19 11:07:00-04:00,120.1,120.14,120.06,120.14,800.0,120.119
2026-05-19 11:08:00-04:00,120.24,120.58,120.11,120.56,36533.0,120.454
2026-05-19 11:09:00-04:00,120.51,120.65,120.51,120.64,6332.0,120.588
2026-05-19 11:10:00-04:00,120.51,120.78,120.51,120.7,904.0,120.718
2026-05-19 11:11:00-04:00,120.77,120.77,120.75,120.75,620.0,120.759
2026-05-19 11:12:00-04:00,120.74,120.74,120.59,120.59,210.0,120.661
2026-05-19 11:13:00-04:00,120.92,120.92,120.74,120.74,505.0,120.782
2026-05-19 11:14:00-04:00,120.74,120.75,120.72,120.72,951.0,120.736
2026-05-19 11:15:00-04:00,120.73,120.74,120.59,120.59,487.0,120.65
2026-05-19 11:16:00-04:00,120.62,120.62,120.27,120.29,52532.0,120.497
2026-05-19 11:17:00-04:00,120.28,120.28,120.15,120.17,1950.0,120.183
2026-05-19 11:18:00-04:00,120.16,120.16,120.15,120.16,208.0,120.155
2026-05-19 11:19:00-04:00,120.08,120.18,120.02,120.1,2650.0,120.097
2026-05-19 11:20:00-04:00,120.12,120.2,120.11,120.16,1326.0,120.165
2026-05-19 11:21:00-04:00,120.17,120.27,120.17,120.17,519.0,120.211
2026-05-19 11:22:00-04:00,120.17,120.18,120.08,120.08,915.0,120.158
2026-05-19 11:23:00-04:00,120.05,120.14,120.03,120.1,1902.0,120.094
2026-05-19 11:24:00-04:00,120.1,120.2,120.1,120.2,1231.0,120.169
2026-05-19 11:25:00-04:00,120.06,120.11,120.0,120.1,12051.0,120.027
2026-05-19 11:26:00-04:00,120.16,120.23,120.16,120.16,1200.0,120.193
2026-05-19 11:27:00-04:00,120.13,120.13,120.12,120.12,379.0,120.127
2026-05-19 11:28:00-04:00,120.13,120.13,120.1,120.1,600.0,120.105
2026-05-19 11:29:00-04:00,120.16,120.22,120.08,120.08,1105.0,120.109
2026-05-19 11:30:00-04:00,120.07,120.16,120.02,120.13,4305.0,120.099
2026-05-19 11:31:00-04:00,120.14,120.29,120.1,120.22,1828.0,120.213
2026-05-19 11:32:00-04:00,120.22,120.23,120.22,120.22,220.0,120.225
2026-05-19 11:33:00-04:00,120.36,120.38,120.28,120.28,786.0,120.36
2026-05-19 11:34:00-04:00,120.27,120.28,120.27,120.27,250.0,120.273
2026-05-19 11:35:00-04:00,120.27,120.27,120.27,120.27,0.0,120.27
2026-05-19 11:36:00-04:00,120.21,120.21,120.21,120.21,100.0,120.21
2026-05-19 11:37:00-04:00,120.2,120.2,120.15,120.18,700.0,120.186
2026-05-19 11:38:00-04:00,120.28,120.33,120.24,120.24,1638.0,120.283
2026-05-19 11:39:00-04:00,120.24,120.24,120.24,120.24,301.0,120.24
2026-05-19 11:40:00-04:00,120.24,120.35,120.24,120.25,1775.0,120.305
2026-05-19 11:41:00-04:00,120.25,120.25,120.25,120.25,400.0,120.25
2026-05-19 11:42:00-04:00,120.25,120.25,120.02,120.11,3892.0,120.125
2026-05-19 11:43:00-04:00,120.03,120.06,120.0,120.03,29084.0,120.023
2026-05-19 11:44:00-04:00,120.06,120.21,120.04,120.21,3187.0,120.126
2026-05-19 11:45:00-04:00,120.18,120.19,119.95,119.95,5760.0,120.095
2026-05-19 11:46:00-04:00,120.03,120.03,119.93,119.96,2422.0,119.986
2026-05-19 11:47:00-04:00,119.93,120.0,119.8,119.8,5738.0,119.878
2026-05-19 11:48:00-04:00,119.92,119.94,119.92,119.93,1666.0,119.924
2026-05-19 11:49:00-04:00,119.92,120.05,119.92,119.92,2409.0,119.982
2026-05-19 11:50:00-04:00,119.88,119.93,119.85,119.93,1850.0,119.877
2026-05-19 11:51:00-04:00,119.95,120.15,119.95,120.04,6148.0,120.056
2026-05-19 11:52:00-04:00,120.04,120.13,119.94,119.94,2332.0,120.038
2026-05-19 11:53:00-04:00,120.04,120.05,119.96,120.04,2939.0,120.008
2026-05-19 11:54:00-04:00,120.08,120.09,119.71,119.81,2758.0,119.935
2026-05-19 11:55:00-04:00,119.7,119.78,119.66,119.66,1935.0,119.733
2026-05-19 11:56:00-04:00,119.66,119.7,119.59,119.7,2413.0,119.656
2026-05-19 11:57:00-04:00,119.7,119.87,119.63,119.81,2131.0,119.7
2026-05-19 11:58:00-04:00,119.95,119.95,119.83,119.83,530.0,119.859
2026-05-19 11:59:00-04:00,119.76,119.88,119.75,119.88,517.0,119.793
2026-05-19 12:00:00-04:00,119.87,120.04,119.85,120.03,2888.0,119.955
2026-05-19 12:01:00-04:00,120.07,120.07,119.96,119.96,1449.0,120.027
2026-05-19 12:02:00-04:00,120.02,120.16,120.0,120.02,4122.0,120.04
2026-05-19 12:03:00-04:00,120.02,120.12,119.9,120.02,733.0,120.011
2026-05-19 12:04:00-04:00,120.08,120.12,120.08,120.11,1532.0,120.106
2026-05-19 12:05:00-04:00,120.06,120.18,120.05,120.14,3360.0,120.112
2026-05-19 12:06:00-04:00,120.15,120.15,119.96,120.03,1750.0,120.033
2026-05-19 12:07:00-04:00,120.04,120.05,120.04,120.05,200.0,120.048
2026-05-19 12:08:00-04:00,120.05,120.05,119.95,119.95,675.0,120.035
2026-05-19 12:09:00-04:00,120.09,120.09,119.89,119.89,1120.0,120.004
2026-05-19 12:10:00-04:00,119.8,119.8,119.69,119.7,554.0,119.751
2026-05-19 12:11:00-04:00,119.68,119.84,119.61,119.73,2399.0,119.734
2026-05-19 12:12:00-04:00,119.61,119.86,119.61,119.82,2278.0,119.747
2026-05-19 12:13:00-04:00,119.74,119.8,119.69,119.7,1099.0,119.775
2026-05-19 12:14:00-04:00,119.76,119.93,119.76,119.89,2476.0,119.884
2026-05-19 12:15:00-04:00,119.9,120.0,119.89,119.99,1945.0,119.976
2026-05-19 12:16:00-04:00,119.94,120.01,119.88,119.94,1385.0,119.927
2026-05-19 12:17:00-04:00,119.87,120.09,119.87,120.02,3586.0,120.023
2026-05-19 12:18:00-04:00,120.02,120.26,120.02,120.26,1760.0,120.173
2026-05-19 12:19:00-04:00,120.39,120.4,120.19,120.25,1680.0,120.288
2026-05-19 12:20:00-04:00,120.23,120.3,120.14,120.23,5715.0,120.217
2026-05-19 12:21:00-04:00,120.19,120.23,120.1,120.11,1673.0,120.156
2026-05-19 12:22:00-04:00,120.11,120.11,120.11,120.11,247.0,120.11
2026-05-19 12:23:00-04:00,120.01,120.01,119.91,119.91,300.0,119.978
2026-05-19 12:24:00-04:00,119.91,119.97,119.72,119.78,2772.0,119.807
2026-05-19 12:25:00-04:00,119.88,120.08,119.77,120.03,2925.0,119.955
2026-05-19 12:26:00-04:00,120.03,120.04,119.91,119.95,1118.0,119.955
2026-05-19 12:27:00-04:00,119.97,119.97,119.97,119.97,200.0,119.97
2026-05-19 12:28:00-04:00,119.93,119.94,119.73,119.82,1501.0,119.805
2026-05-19 12:29:00-04:00,119.78,119.9,119.76,119.9,1307.0,119.807
2026-05-19 12:30:00-04:00,119.75,119.77,119.64,119.64,2600.0,119.745
2026-05-19 12:31:00-04:00,119.6,119.71,119.6,119.7,667.0,119.638
2026-05-19 12:32:00-04:00,119.64,119.77,119.64,119.65,1526.0,119.7
2026-05-19 12:33:00-04:00,119.77,119.81,119.65,119.78,516.0,119.756
2026-05-19 12:34:00-04:00,119.78,119.78,119.73,119.77,700.0,119.766
2026-05-19 12:35:00-04:00,119.82,119.96,119.82,119.92,1200.0,119.881
2026-05-19 12:36:00-04:00,119.96,119.96,119.82,119.87,1000.0,119.869
2026-05-19 12:37:00-04:00,119.82,119.83,119.82,119.82,100.0,119.825
2026-05-19 12:38:00-04:00,119.82,119.83,119.82,119.82,400.0,119.823
2026-05-19 12:39:00-04:00,119.82,119.86,119.82,119.85,249.0,119.837
2026-05-19 12:40:00-04:00,119.85,119.99,119.85,119.98,1200.0,119.92
2026-05-19 12:41:00-04:00,120.0,120.09,119.99,120.09,1152.0,120.034
2026-05-19 12:42:00-04:00,119.95,119.98,119.95,119.95,897.0,119.953
2026-05-19 12:43:00-04:00,119.89,119.95,119.89,119.95,330.0,119.912
2026-05-19 12:44:00-04:00,119.85,119.86,119.81,119.86,470.0,119.844
2026-05-19 12:45:00-04:00,119.74,119.74,119.74,119.74,199.0,119.74
2026-05-19 12:46:00-04:00,119.78,119.82,119.78,119.81,300.0,119.803
2026-05-19 12:47:00-04:00,119.81,119.88,119.81,119.83,1084.0,119.852
2026-05-19 12:48:00-04:00,119.8,119.83,119.74,119.77,2330.0,119.767
2026-05-19 12:49:00-04:00,119.8,119.84,119.8,119.84,650.0,119.816
2026-05-19 12:50:00-04:00,119.82,119.88,119.77,119.77,700.0,119.814
2026-05-19 12:51:00-04:00,119.77,119.87,119.7,119.84,3772.0,119.77
2026-05-19 12:52:00-04:00,119.84,119.89,119.8,119.8,969.0,119.844
2026-05-19 12:53:00-04:00,119.8,119.94,119.8,119.89,1319.0,119.866
2026-05-19 12:54:00-04:00,119.96,120.03,119.94,119.99,2595.0,119.995
2026-05-19 12:55:00-04:00,120.04,120.06,119.99,120.05,862.0,120.033
2026-05-19 12:56:00-04:00,120.05,120.06,120.0,120.05,670.0,120.045
2026-05-19 12:57:00-04:00,120.05,120.16,120.02,120.12,3422.0,120.08
2026-05-19 12:58:00-04:00,120.13,120.16,120.13,120.14,725.0,120.135
2026-05-19 12:59:00-04:00,120.2,120.2,120.13,120.2,1242.0,120.141
2026-05-19 13:00:00-04:00,120.2,120.2,120.2,120.2,0.0,120.2
2026-05-19 13:01:00-04:00,120.06,120.13,120.02,120.13,1855.0,120.088
2026-05-19 13:02:00-04:00,120.1,120.33,120.1,120.27,2642.0,120.216
2026-05-19 13:03:00-04:00,120.29,120.34,120.28,120.31,750.0,120.314
2026-05-19 13:04:00-04:00,120.35,120.4,120.29,120.29,2999.0,120.363
2026-05-19 13:05:00-04:00,120.32,120.45,120.3,120.45,2992.0,120.363
2026-05-19 13:06:00-04:00,120.41,120.41,120.38,120.38,6100.0,120.399
2026-05-19 13:07:00-04:00,120.38,120.39,120.32,120.38,700.0,120.368
2026-05-19 13:08:00-04:00,120.35,120.47,120.25,120.36,4016.0,120.318
2026-05-19 13:09:00-04:00,120.36,120.47,120.34,120.34,1567.0,120.433
2026-05-19 13:10:00-04:00,120.34,120.35,120.14,120.14,1585.0,120.279
2026-05-19 13:11:00-04:00,120.13,120.22,120.07,120.13,7817.0,120.122
2026-05-19 13:12:00-04:00,120.24,120.37,120.24,120.31,961.0,120.292
2026-05-19 13:13:00-04:00,120.44,120.72,120.43,120.72,2112.0,120.494
2026-05-19 13:14:00-04:00,120.72,120.74,120.72,120.73,1607.0,120.732
2026-05-19 13:15:00-04:00,120.78,120.78,120.63,120.78,300.0,120.728
2026-05-19 13:16:00-04:00,120.69,120.69,120.69,120.69,300.0,120.69
2026-05-19 13:17:00-04:00,120.78,120.78,120.67,120.67,1365.0,120.737
2026-05-19 13:18:00-04:00,120.7,120.7,120.34,120.34,1000.0,120.468
2026-05-19 13:19:00-04:00,120.33,120.38,120.28,120.28,1224.0,120.332
2026-05-19 13:20:00-04:00,120.38,120.39,120.38,120.39,850.0,120.386
2026-05-19 13:21:00-04:00,120.43,120.43,120.34,120.42,2966.0,120.399
2026-05-19 13:22:00-04:00,120.3,120.67,120.3,120.61,3377.0,120.434
2026-05-19 13:23:00-04:00,120.61,120.73,120.61,120.73,1689.0,120.641
2026-05-19 13:24:00-04:00,120.74,120.87,120.74,120.86,1265.0,120.815
2026-05-19 13:25:00-04:00,120.86,120.87,120.79,120.81,1020.0,120.8
2026-05-19 13:26:00-04:00,120.7,120.73,120.56,120.66,2449.0,120.643
2026-05-19 13:27:00-04:00,120.64,120.72,120.59,120.71,2925.0,120.652
2026-05-19 13:28:00-04:00,120.74,120.75,120.74,120.74,230.0,120.745
2026-05-19 13:29:00-04:00,120.74,120.75,120.58,120.58,1280.0,120.64
2026-05-19 13:30:00-04:00,120.66,120.81,120.66,120.8,1516.0,120.769
2026-05-19 13:31:00-04:00,120.9,120.96,120.86,120.96,1400.0,120.922
2026-05-19 13:32:00-04:00,120.95,120.95,120.87,120.94,2059.0,120.925
2026-05-19 13:33:00-04:00,120.87,120.87,120.75,120.75,644.0,120.816
2026-05-19 13:34:00-04:00,120.78,120.78,120.78,120.78,111.0,120.78
2026-05-19 13:35:00-04:00,120.92,120.92,120.77,120.77,1030.0,120.905
2026-05-19 13:36:00-04:00,120.78,120.89,120.78,120.86,2600.0,120.855
2026-05-19 13:37:00-04:00,120.69,120.79,120.69,120.69,600.0,120.722
2026-05-19 13:38:00-04:00,120.78,120.79,120.68,120.69,2150.0,120.732
2026-05-19 13:39:00-04:00,120.6,120.71,120.57,120.59,1258.0,120.649
2026-05-19 13:40:00-04:00,120.64,120.65,120.44,120.5,1876.0,120.555
2026-05-19 13:41:00-04:00,120.39,120.68,120.39,120.54,4133.0,120.542
2026-05-19 13:42:00-04:00,120.58,120.59,120.57,120.57,1105.0,120.579
2026-05-19 13:43:00-04:00,120.57,120.57,120.57,120.57,100.0,120.57
2026-05-19 13:44:00-04:00,120.6,120.62,120.6,120.6,303.0,120.608
2026-05-19 13:45:00-04:00,120.6,120.6,120.53,120.53,700.0,120.58
2026-05-19 13:46:00-04:00,120.45,120.45,120.21,120.22,1009.0,120.314
2026-05-19 13:47:00-04:00,120.27,120.27,120.06,120.11,2573.0,120.196
2026-05-19 13:48:00-04:00,120.15,120.28,120.15,120.28,2515.0,120.197
2026-05-19 13:49:00-04:00,120.25,120.25,120.18,120.2,850.0,120.222
2026-05-19 13:50:00-04:00,120.2,120.2,120.2,120.2,200.0,120.2
2026-05-19 13:51:00-04:00,120.15,120.22,120.11,120.22,1700.0,120.151
2026-05-19 13:52:00-04:00,120.23,120.23,120.13,120.13,220.0,120.187
2026-05-19 13:53:00-04:00,120.17,120.17,120.05,120.07,1050.0,120.09
2026-05-19 13:54:00-04:00,120.05,120.06,119.9,120.06,5381.0,119.991
2026-05-19 13:55:00-04:00,119.98,120.3,119.98,120.23,1955.0,120.205
2026-05-19 13:56:00-04:00,120.24,120.25,120.23,120.25,700.0,120.248
2026-05-19 13:57:00-04:00,120.16,120.23,120.16,120.22,400.0,120.176
2026-05-19 13:58:00-04:00,120.22,120.22,120.22,120.22,0.0,120.22
2026-05-19 13:59:00-04:00,120.3,120.37,120.3,120.37,800.0,120.323
2026-05-19 14:00:00-04:00,120.34,120.45,120.34,120.35,1116.0,120.36
2026-05-19 14:01:00-04:00,120.31,120.32,120.31,120.31,200.0,120.313
2026-05-19 14:02:00-04:00,120.41,120.43,120.27,120.32,905.0,120.334
2026-05-19 14:03:00-04:00,120.32,120.32,120.32,120.32,200.0,120.32
2026-05-19 14:04:00-04:00,120.31,120.32,120.31,120.31,600.0,120.315
2026-05-19 14:05:00-04:00,120.42,120.43,120.26,120.27,2365.0,120.35
2026-05-19 14:06:00-04:00,120.2,120.21,120.04,120.07,1100.0,120.13
2026-05-19 14:07:00-04:00,120.07,120.2,120.07,120.09,1363.0,120.102
2026-05-19 14:08:00-04:00,120.0,120.1,120.0,120.09,400.0,120.056
2026-05-19 14:09:00-04:00,120.09,120.29,120.09,120.22,1997.0,120.199
2026-05-19 14:10:00-04:00,120.22,120.36,120.22,120.23,1300.0,120.329
2026-05-19 14:11:00-04:00,120.23,120.24,120.23,120.24,300.0,120.238
2026-05-19 14:12:00-04:00,120.24,120.24,120.15,120.22,400.0,120.191
2026-05-19 14:13:00-04:00,120.21,120.21,120.11,120.11,1119.0,120.177
2026-05-19 14:14:00-04:00,120.1,120.1,120.06,120.06,500.0,120.078
2026-05-19 14:15:00-04:00,120.07,120.08,120.07,120.07,200.0,120.075
2026-05-19 14:16:00-04:00,120.09,120.09,120.07,120.07,547.0,120.074
2026-05-19 14:17:00-04:00,120.07,120.25,120.05,120.24,3107.0,120.17
2026-05-19 14:18:00-04:00,120.25,120.26,120.11,120.16,1057.0,120.156
2026-05-19 14:19:00-04:00,120.08,120.15,120.08,120.15,225.0,120.119
2026-05-19 14:20:00-04:00,120.04,120.11,120.02,120.07,800.0,120.059
2026-05-19 14:21:00-04:00,120.14,120.25,120.14,120.24,2663.0,120.176
2026-05-19 14:22:00-04:00,120.2,120.2,120.2,120.2,562.0,120.2
2026-05-19 14:23:00-04:00,120.2,120.22,120.13,120.2,900.0,120.188
2026-05-19 14:24:00-04:00,120.2,120.21,120.2,120.2,200.0,120.205
2026-05-19 14:25:00-04:00,120.18,120.19,120.18,120.18,100.0,120.185
2026-05-19 14:26:00-04:00,120.16,120.22,120.12,120.21,2243.0,120.187
2026-05-19 14:27:00-04:00,120.21,120.21,120.11,120.16,1189.0,120.167
2026-05-19 14:28:00-04:00,120.1,120.22,120.1,120.18,1216.0,120.183
2026-05-19 14:29:00-04:00,120.19,120.23,120.17,120.22,800.0,120.198
2026-05-19 14:30:00-04:00,120.22,120.23,120.22,120.22,400.0,120.225
2026-05-19 14:31:00-04:00,120.22,120.33,120.22,120.33,2261.0,120.264
2026-05-19 14:32:00-04:00,120.33,120.33,120.22,120.23,3400.0,120.273
2026-05-19 14:33:00-04:00,120.17,120.29,120.0,120.29,6181.0,120.137
2026-05-19 14:34:00-04:00,120.25,120.29,120.25,120.29,200.0,120.27
2026-05-19 14:35:00-04:00,120.3,120.41,120.3,120.4,2122.0,120.345
2026-05-19 14:36:00-04:00,120.4,120.45,120.22,120.22,1264.0,120.386
2026-05-19 14:37:00-04:00,120.24,120.28,120.13,120.21,3836.0,120.204
2026-05-19 14:38:00-04:00,120.21,120.22,120.1,120.22,1900.0,120.184
2026-05-19 14:39:00-04:00,120.21,120.22,120.21,120.22,400.0,120.216
2026-05-19 14:40:00-04:00,120.22,120.28,120.13,120.27,2906.0,120.175
2026-05-19 14:41:00-04:00,120.19,120.19,120.09,120.13,1931.0,120.154
2026-05-19 14:42:00-04:00,120.16,120.21,120.12,120.13,1050.0,120.14
2026-05-19 14:43:00-04:00,120.19,120.54,120.19,120.51,8161.0,120.313
2026-05-19 14:44:00-04:00,120.51,120.51,120.38,120.45,12001.0,120.392
2026-05-19 14:45:00-04:00,120.43,120.49,120.39,120.45,3701.0,120.436
2026-05-19 14:46:00-04:00,120.37,120.48,120.37,120.41,1026.0,120.41
2026-05-19 14:47:00-04:00,120.41,120.45,120.39,120.44,2533.0,120.42
2026-05-19 14:48:00-04:00,120.4,120.4,120.37,120.38,2343.0,120.392
2026-05-19 14:49:00-04:00,120.41,120.46,120.31,120.33,3957.0,120.434
2026-05-19 14:50:00-04:00,120.21,120.21,120.15,120.16,700.0,120.183
2026-05-19 14:51:00-04:00,120.09,120.1,120.07,120.07,1727.0,120.084
2026-05-19 14:52:00-04:00,120.07,120.18,119.9,119.91,5364.0,120.083
2026-05-19 14:53:00-04:00,119.82,119.82,119.82,119.82,100.0,119.82
2026-05-19 14:54:00-04:00,119.85,119.96,119.81,119.94,5682.0,119.887
2026-05-19 14:55:00-04:00,119.94,119.95,119.92,119.92,3534.0,119.934
2026-05-19 14:56:00-04:00,119.9,119.99,119.9,119.98,3567.0,119.943
2026-05-19 14:57:00-04:00,119.98,120.09,119.9,119.96,2873.0,119.972
2026-05-19 14:58:00-04:00,119.9,120.11,119.9,120.03,2222.0,119.988
2026-05-19 14:59:00-04:00,119.98,120.01,119.98,119.99,500.0,119.989
2026-05-19 15:00:00-04:00,119.98,120.21,119.98,120.2,4275.0,120.083
2026-05-19 15:01:00-04:00,120.2,120.2,120.08,120.08,1200.0,120.118
2026-05-19 15:02:00-04:00,120.13,120.13,120.13,120.13,304.0,120.13
2026-05-19 15:03:00-04:00,120.11,120.11,120.1,120.1,241.0,120.107
2026-05-19 15:04:00-04:00,120.1,120.11,120.0,120.05,1870.0,120.036
2026-05-19 15:05:00-04:00,120.1,120.12,120.1,120.12,500.0,120.114
2026-05-19 15:06:00-04:00,120.12,120.12,119.98,120.07,2958.0,120.037
2026-05-19 15:07:00-04:00,120.08,120.14,120.06,120.09,2036.0,120.106
2026-05-19 15:08:00-04:00,119.99,120.12,119.99,120.12,823.0,120.075
2026-05-19 15:09:00-04:00,120.22,120.26,120.14,120.14,1805.0,120.212
2026-05-19 15:10:00-04:00,120.2,120.34,120.18,120.26,3662.0,120.265
2026-05-19 15:11:00-04:00,120.24,120.25,120.2,120.2,300.0,120.23
2026-05-19 15:12:00-04:00,120.23,120.23,120.23,120.23,333.0,120.23
2026-05-19 15:13:00-04:00,120.16,120.17,120.04,120.04,1800.0,120.107
2026-05-19 15:14:00-04:00,120.04,120.18,120.04,120.14,1730.0,120.101
2026-05-19 15:15:00-04:00,120.18,120.18,120.15,120.15,825.0,120.167
2026-05-19 15:16:00-04:00,120.15,120.15,120.0,120.08,2560.0,120.097
2026-05-19 15:17:00-04:00,119.99,120.02,119.98,120.01,1244.0,120.007
2026-05-19 15:18:00-04:00,120.03,120.25,120.03,120.24,1625.0,120.124
2026-05-19 15:19:00-04:00,120.24,121.19,120.24,120.81,30768.0,120.631
2026-05-19 15:20:00-04:00,120.83,120.98,120.72,120.73,4887.0,120.791
2026-05-19 15:21:00-04:00,120.69,120.77,120.62,120.66,5461.0,120.708
2026-05-19 15:22:00-04:00,120.66,120.66,120.55,120.61,2432.0,120.601
2026-05-19 15:23:00-04:00,120.56,120.63,120.35,120.41,8289.0,120.565
2026-05-19 15:24:00-04:00,120.34,120.34,120.22,120.22,3138.0,120.268
2026-05-19 15:25:00-04:00,120.2,120.22,120.09,120.18,6259.0,120.162
2026-05-19 15:26:00-04:00,120.17,120.3,120.16,120.3,4199.0,120.2
2026-05-19 15:27:00-04:00,120.3,120.33,120.27,120.33,1900.0,120.3
2026-05-19 15:28:00-04:00,120.33,120.47,120.33,120.47,4921.0,120.426
2026-05-19 15:29:00-04:00,120.47,120.47,120.35,120.35,3284.0,120.399
2026-05-19 15:30:00-04:00,120.34,120.35,120.19,120.19,2988.0,120.251
2026-05-19 15:31:00-04:00,120.13,120.41,120.13,120.41,4703.0,120.238
2026-05-19 15:32:00-04:00,120.35,120.36,120.19,120.34,2157.0,120.307
2026-05-19 15:33:00-04:00,120.36,120.43,120.31,120.35,4607.0,120.377
2026-05-19 15:34:00-04:00,120.3,120.35,120.23,120.26,4920.0,120.289
2026-05-19 15:35:00-04:00,120.3,120.46,120.24,120.46,6864.0,120.361
2026-05-19 15:36:00-04:00,120.5,120.65,120.49,120.49,5102.0,120.54
2026-05-19 15:37:00-04:00,120.48,120.65,120.47,120.65,2148.0,120.534
2026-05-19 15:38:00-04:00,120.58,120.61,120.47,120.55,11167.0,120.532
2026-05-19 15:39:00-04:00,120.58,120.69,120.54,120.54,1802.0,120.611
2026-05-19 15:40:00-04:00,120.54,120.55,120.35,120.42,3774.0,120.439
2026-05-19 15:41:00-04:00,120.42,120.54,120.34,120.54,4696.0,120.435
2026-05-19 15:42:00-04:00,120.59,120.61,120.55,120.59,2645.0,120.591
2026-05-19 15:43:00-04:00,120.57,120.62,120.57,120.57,2500.0,120.598
2026-05-19 15:44:00-04:00,120.54,120.58,120.51,120.58,2209.0,120.555
2026-05-19 15:45:00-04:00,120.59,120.68,120.34,120.34,8514.0,120.561
2026-05-19 15:46:00-04:00,120.36,120.45,120.3,120.45,475.0,120.372
2026-05-19 15:47:00-04:00,120.38,120.46,120.34,120.39,2440.0,120.433
2026-05-19 15:48:00-04:00,120.39,120.45,120.32,120.33,8500.0,120.396
2026-05-19 15:49:00-04:00,120.29,120.42,120.29,120.35,3630.0,120.377
2026-05-19 15:50:00-04:00,120.35,120.42,120.3,120.36,4445.0,120.359
2026-05-19 15:51:00-04:00,120.33,120.34,120.24,120.25,6574.0,120.282
2026-05-19 15:52:00-04:00,120.32,120.38,120.28,120.37,9726.0,120.329
2026-05-19 15:53:00-04:00,120.37,120.46,120.34,120.36,5163.0,120.379
2026-05-19 15:54:00-04:00,120.37,120.55,120.23,120.55,15180.0,120.355
2026-05-19 15:55:00-04:00,120.58,120.72,120.45,120.71,16627.0,120.578
2026-05-19 15:56:00-04:00,120.71,120.74,120.51,120.51,14390.0,120.588
2026-05-19 15:57:00-04:00,120.54,120.61,120.49,120.58,23023.0,120.555
2026-05-19 15:58:00-04:00,120.58,120.63,120.55,120.57,32466.0,120.585
2026-05-19 15:59:00-04:00,120.57,120.64,120.52,120.54,50458.0,120.573
2026-05-20 09:30:00-04:00,121.25,122.48,121.06,121.76,24345.0,121.418
2026-05-20 09:31:00-04:00,121.76,121.8,120.58,120.65,6279.0,120.915
2026-05-20 09:32:00-04:00,121.11,121.42,121.0,121.42,2956.0,121.057
2026-05-20 09:33:00-04:00,121.11,121.53,120.81,121.43,3900.0,121.223
2026-05-20 09:34:00-04:00,121.2,121.4,120.92,120.96,1500.0,121.116
2026-05-20 09:35:00-04:00,120.77,120.87,120.27,120.41,28841.0,120.458
2026-05-20 09:36:00-04:00,120.41,120.66,120.27,120.66,8470.0,120.423
2026-05-20 09:37:00-04:00,120.65,120.95,120.21,120.95,4560.0,120.791
2026-05-20 09:38:00-04:00,120.5,120.6,120.5,120.6,1400.0,120.507
2026-05-20 09:39:00-04:00,120.6,120.6,120.6,120.6,2450.0,120.6
2026-05-20 09:40:00-04:00,121.0,121.0,120.9,120.9,200.0,120.95
2026-05-20 09:41:00-04:00,120.85,120.85,120.84,120.85,100.0,120.848
2026-05-20 09:42:00-04:00,120.87,120.87,120.87,120.87,100.0,120.87
2026-05-20 09:43:00-04:00,121.0,121.0,120.62,120.71,6915.0,120.726
2026-05-20 09:44:00-04:00,120.62,120.88,120.5,120.68,2515.0,120.662
2026-05-20 09:45:00-04:00,120.69,121.43,120.69,121.42,6689.0,121.075
2026-05-20 09:46:00-04:00,121.27,121.61,121.27,121.31,3312.0,121.423
2026-05-20 09:47:00-04:00,121.31,121.42,120.97,120.97,4610.0,121.26
2026-05-20 09:48:00-04:00,121.02,121.86,121.01,121.76,7706.0,121.601
2026-05-20 09:49:00-04:00,121.53,121.62,121.36,121.36,2471.0,121.498
2026-05-20 09:50:00-04:00,121.36,121.39,121.28,121.34,6928.0,121.358
2026-05-20 09:51:00-04:00,121.19,121.19,121.01,121.13,1160.0,121.126
2026-05-20 09:52:00-04:00,121.13,121.13,121.13,121.13,300.0,121.13
2026-05-20 09:53:00-04:00,121.13,121.28,121.13,121.13,500.0,121.159
2026-05-20 09:54:00-04:00,121.31,121.31,121.04,121.25,500.0,121.181
2026-05-20 09:55:00-04:00,121.05,121.38,120.7,120.7,1667.0,121.133
2026-05-20 09:56:00-04:00,120.88,120.93,120.6,120.6,12303.0,120.818
2026-05-20 09:57:00-04:00,120.6,120.84,120.48,120.82,3836.0,120.67
2026-05-20 09:58:00-04:00,120.99,121.36,120.99,121.36,700.0,121.046
2026-05-20 09:59:00-04:00,121.19,121.2,121.17,121.17,200.0,121.185
2026-05-20 10:00:00-04:00,121.13,121.44,121.13,121.44,1062.0,121.316
2026-05-20 10:01:00-04:00,121.53,121.53,121.41,121.41,1200.0,121.519
2026-05-20 10:02:00-04:00,121.62,121.81,121.6,121.6,1058.0,121.695
2026-05-20 10:03:00-04:00,121.55,121.55,121.55,121.55,1500.0,121.55
2026-05-20 10:04:00-04:00,121.55,121.55,121.55,121.55,450.0,121.55
2026-05-20 10:05:00-04:00,121.55,121.55,121.05,121.05,300.0,121.275
2026-05-20 10:06:00-04:00,120.92,121.02,120.92,121.02,900.0,120.937
2026-05-20 10:07:00-04:00,121.28,121.29,121.25,121.25,700.0,121.273
2026-05-20 10:08:00-04:00,121.07,121.24,121.04,121.04,300.0,121.118
2026-05-20 10:09:00-04:00,120.85,121.04,120.85,121.03,520.0,120.957
2026-05-20 10:10:00-04:00,120.96,120.97,120.96,120.96,225.0,120.965
2026-05-20 10:11:00-04:00,121.07,121.07,120.75,121.0,970.0,120.834
2026-05-20 10:12:00-04:00,120.85,120.86,120.73,120.73,208.0,120.79
2026-05-20 10:13:00-04:00,120.82,121.0,120.82,121.0,1000.0,120.959
2026-05-20 10:14:00-04:00,121.14,121.51,121.14,121.51,1798.0,121.331
2026-05-20 10:15:00-04:00,121.33,121.84,121.33,121.72,3979.0,121.66
2026-05-20 10:16:00-04:00,121.92,122.39,121.76,122.38,6390.0,122.044
2026-05-20 10:17:00-04:00,122.44,123.0,122.29,122.3,11614.0,122.711
2026-05-20 10:18:00-04:00,122.41,122.52,122.32,122.32,1660.0,122.39
2026-05-20 10:19:00-04:00,122.28,122.36,122.18,122.36,1998.0,122.298
2026-05-20 10:20:00-04:00,122.45,122.53,122.44,122.44,2100.0,122.481
2026-05-20 10:21:00-04:00,122.2,122.2,122.03,122.2,1948.0,122.14
2026-05-20 10:22:00-04:00,122.3,122.3,122.22,122.22,400.0,122.24
2026-05-20 10:23:00-04:00,122.46,122.46,122.02,122.05,1501.0,122.129
2026-05-20 10:24:00-04:00,122.04,122.05,121.84,121.84,1300.0,121.968
2026-05-20 10:25:00-04:00,122.09,122.25,121.93,122.12,4301.0,122.106
2026-05-20 10:26:00-04:00,122.31,122.43,122.3,122.3,942.0,122.347
2026-05-20 10:27:00-04:00,122.31,122.31,122.3,122.3,1200.0,122.308
2026-05-20 10:28:00-04:00,122.24,122.31,122.24,122.31,944.0,122.295
2026-05-20 10:29:00-04:00,122.31,122.31,122.31,122.31,1841.0,122.31
2026-05-20 10:30:00-04:00,122.46,122.54,122.22,122.41,8213.0,122.401
2026-05-20 10:31:00-04:00,122.33,122.5,122.32,122.49,1200.0,122.414
2026-05-20 10:32:00-04:00,122.5,122.88,122.5,122.7,5970.0,122.708
2026-05-20 10:33:00-04:00,122.78,122.8,122.7,122.79,1400.0,122.768
2026-05-20 10:34:00-04:00,122.83,122.84,122.76,122.84,1300.0,122.792
2026-05-20 10:35:00-04:00,122.78,122.86,122.52,122.64,3500.0,122.704
2026-05-20 10:36:00-04:00,122.64,123.21,122.64,123.17,8322.0,122.974
2026-05-20 10:37:00-04:00,123.11,123.4,123.02,123.16,8220.0,123.187
2026-05-20 10:38:00-04:00,123.12,123.21,122.79,122.98,10784.0,122.945
2026-05-20 10:39:00-04:00,122.96,123.0,122.56,122.63,4467.0,122.815
2026-05-20 10:40:00-04:00,122.41,122.87,122.41,122.78,1368.0,122.731
2026-05-20 10:41:00-04:00,122.92,122.97,122.86,122.86,434.0,122.922
2026-05-20 10:42:00-04:00,122.76,122.96,122.75,122.75,1091.0,122.801
2026-05-20 10:43:00-04:00,122.75,122.75,122.43,122.43,14399.0,122.552
2026-05-20 10:44:00-04:00,122.43,122.43,122.05,122.05,7264.0,122.23
2026-05-20 10:45:00-04:00,122.07,122.26,121.95,122.01,2372.0,122.108
2026-05-20 10:46:00-04:00,121.98,122.03,121.88,121.97,2019.0,121.936
2026-05-20 10:47:00-04:00,121.97,122.0,121.75,121.75,1131.0,121.932
2026-05-20 10:48:00-04:00,121.86,122.24,121.86,122.24,2360.0,122.063
2026-05-20 10:49:00-04:00,122.09,122.43,122.09,122.42,2624.0,122.324
2026-05-20 10:50:00-04:00,122.42,122.42,122.22,122.22,227.0,122.308
2026-05-20 10:51:00-04:00,122.24,122.82,122.24,122.81,5020.0,122.586
2026-05-20 10:52:00-04:00,122.71,122.72,122.65,122.66,775.0,122.695
2026-05-20 10:53:00-04:00,122.72,122.72,122.67,122.72,400.0,122.708
2026-05-20 10:54:00-04:00,122.8,123.0,122.8,122.88,5820.0,122.971
2026-05-20 10:55:00-04:00,123.0,123.0,122.88,122.88,713.0,122.944
2026-05-20 10:56:00-04:00,123.19,123.29,123.11,123.11,800.0,123.16
2026-05-20 10:57:00-04:00,123.11,123.12,123.11,123.11,200.0,123.115
2026-05-20 10:58:00-04:00,123.09,123.12,123.0,123.1,775.0,123.096
2026-05-20 10:59:00-04:00,123.01,123.11,122.84,122.84,4934.0,122.962
2026-05-20 11:00:00-04:00,122.89,122.97,122.82,122.87,1210.0,122.864
2026-05-20 11:01:00-04:00,122.8,123.0,122.8,122.91,3115.0,122.839
2026-05-20 11:02:00-04:00,122.87,122.97,122.87,122.96,541.0,122.94
2026-05-20 11:03:00-04:00,122.97,123.01,122.97,123.01,200.0,122.99
2026-05-20 11:04:00-04:00,123.0,123.09,122.88,123.08,2100.0,123.035
2026-05-20 11:05:00-04:00,123.01,123.01,123.01,123.01,100.0,123.01
2026-05-20 11:06:00-04:00,123.04,123.3,123.03,123.1,1387.0,123.097
2026-05-20 11:07:00-04:00,123.11,123.11,123.06,123.08,456.0,123.075
2026-05-20 11:08:00-04:00,123.02,123.32,123.01,123.2,7151.0,123.099
2026-05-20 11:09:00-04:00,123.09,123.23,123.09,123.18,1182.0,123.187
2026-05-20 11:10:00-04:00,123.15,123.18,123.14,123.16,1469.0,123.153
2026-05-20 11:11:00-04:00,123.05,123.1,123.05,123.1,200.0,123.075
2026-05-20 11:12:00-04:00,123.07,123.08,122.89,122.89,2365.0,122.964
2026-05-20 11:13:00-04:00,122.94,122.94,122.94,122.94,100.0,122.94
2026-05-20 11:14:00-04:00,122.88,122.99,122.88,122.98,200.0,122.931
2026-05-20 11:15:00-04:00,122.95,123.63,122.95,123.55,8607.0,123.298
2026-05-20 11:16:00-04:00,123.63,123.72,123.46,123.66,2340.0,123.595
2026-05-20 11:17:00-04:00,123.65,123.69,123.43,123.52,3375.0,123.522
2026-05-20 11:18:00-04:00,123.4,123.5,123.17,123.5,3500.0,123.333
2026-05-20 11:19:00-04:00,123.5,123.5,123.42,123.5,300.0,123.475
2026-05-20 11:20:00-04:00,123.49,123.74,123.49,123.74,858.0,123.573
2026-05-20 11:21:00-04:00,123.47,123.58,123.46,123.58,705.0,123.554
2026-05-20 11:22:00-04:00,123.58,123.83,123.57,123.57,573.0,123.617
2026-05-20 11:23:00-04:00,123.61,123.8,123.57,123.58,1393.0,123.62
2026-05-20 11:24:00-04:00,123.83,124.07,123.79,123.98,6324.0,123.907
2026-05-20 11:25:00-04:00,124.08,124.09,123.76,123.82,4180.0,123.885
2026-05-20 11:26:00-04:00,123.89,123.93,123.74,123.81,6992.0,123.824
2026-05-20 11:27:00-04:00,123.81,123.88,123.8,123.8,403.0,123.824
2026-05-20 11:28:00-04:00,123.72,123.72,123.39,123.39,2406.0,123.529
2026-05-20 11:29:00-04:00,123.5,123.6,123.28,123.55,2192.0,123.392
2026-05-20 11:30:00-04:00,123.58,123.59,123.51,123.56,1250.0,123.534
2026-05-20 11:31:00-04:00,123.56,123.66,123.56,123.66,800.0,123.643
2026-05-20 11:32:00-04:00,123.55,123.67,123.53,123.56,1212.0,123.587
2026-05-20 11:33:00-04:00,123.67,123.86,123.53,123.54,8148.0,123.72
2026-05-20 11:34:00-04:00,123.66,123.67,123.66,123.67,550.0,123.665
2026-05-20 11:35:00-04:00,123.67,123.67,123.5,123.54,1300.0,123.55
2026-05-20 11:36:00-04:00,123.58,123.58,123.57,123.57,492.0,123.578
2026-05-20 11:37:00-04:00,123.57,123.57,123.57,123.57,0.0,123.57
2026-05-20 11:38:00-04:00,123.58,123.59,123.58,123.59,893.0,123.586
2026-05-20 11:39:00-04:00,123.59,123.6,123.49,123.59,913.0,123.584
2026-05-20 11:40:00-04:00,123.59,123.71,123.59,123.7,400.0,123.623
2026-05-20 11:41:00-04:00,123.52,123.61,123.52,123.6,831.0,123.593
2026-05-20 11:42:00-04:00,123.49,123.61,123.49,123.58,425.0,123.542
2026-05-20 11:43:00-04:00,123.55,123.61,123.55,123.55,421.0,123.57
2026-05-20 11:44:00-04:00,123.51,123.52,123.41,123.49,4019.0,123.479
2026-05-20 11:45:00-04:00,123.49,123.49,123.48,123.49,499.0,123.489
2026-05-20 11:46:00-04:00,123.49,123.49,123.39,123.39,274.0,123.427
2026-05-20 11:47:00-04:00,123.49,123.49,123.49,123.49,100.0,123.49
2026-05-20 11:48:00-04:00,123.49,123.57,123.39,123.49,1700.0,123.436
2026-05-20 11:49:00-04:00,123.49,123.49,123.49,123.49,0.0,123.49
2026-05-20 11:50:00-04:00,123.49,123.49,123.49,123.49,300.0,123.49
2026-05-20 11:51:00-04:00,123.49,123.49,123.34,123.42,2189.0,123.405
2026-05-20 11:52:00-04:00,123.42,123.42,123.41,123.41,400.0,123.418
2026-05-20 11:53:00-04:00,123.42,123.7,123.38,123.6,25545.0,123.532
2026-05-20 11:54:00-04:00,123.53,123.57,123.5,123.57,955.0,123.536
2026-05-20 11:55:00-04:00,123.46,123.46,123.46,123.46,100.0,123.46
2026-05-20 11:56:00-04:00,123.58,123.59,123.5,123.5,900.0,123.566
2026-05-20 11:57:00-04:00,123.48,123.49,123.36,123.37,4000.0,123.456
2026-05-20 11:58:00-04:00,123.34,123.5,123.33,123.37,1733.0,123.401
2026-05-20 11:59:00-04:00,123.37,123.37,123.24,123.24,1100.0,123.252
2026-05-20 12:00:00-04:00,123.36,123.52,123.31,123.32,2348.0,123.419
2026-05-20 12:01:00-04:00,123.36,123.51,123.23,123.43,2087.0,123.357
2026-05-20 12:02:00-04:00,123.6,123.6,123.44,123.49,435.0,123.492
2026-05-20 12:03:00-04:00,123.5,123.5,123.44,123.44,300.0,123.463
2026-05-20 12:04:00-04:00,123.42,123.43,123.42,123.43,526.0,123.428
2026-05-20 12:05:00-04:00,123.51,123.54,123.42,123.54,400.0,123.494
2026-05-20 12:06:00-04:00,123.42,123.55,123.42,123.52,1250.0,123.497
2026-05-20 12:07:00-04:00,123.55,123.59,123.44,123.44,3075.0,123.48
2026-05-20 12:08:00-04:00,123.34,123.38,123.22,123.23,2787.0,123.297
2026-05-20 12:09:00-04:00,123.27,123.27,123.27,123.27,100.0,123.27
2026-05-20 12:10:00-04:00,123.32,123.32,123.32,123.32,100.0,123.32
2026-05-20 12:11:00-04:00,123.29,123.29,123.29,123.29,200.0,123.29
2026-05-20 12:12:00-04:00,123.3,123.47,123.3,123.47,1600.0,123.391
2026-05-20 12:13:00-04:00,123.47,123.58,123.47,123.54,1400.0,123.514
2026-05-20 12:14:00-04:00,123.6,123.77,123.59,123.74,1690.0,123.665
2026-05-20 12:15:00-04:00,123.67,123.74,123.67,123.71,2500.0,123.698
2026-05-20 12:16:00-04:00,123.75,123.76,123.59,123.59,900.0,123.706
2026-05-20 12:17:00-04:00,123.71,123.72,123.71,123.71,400.0,123.714
2026-05-20 12:18:00-04:00,123.71,123.72,123.68,123.68,200.0,123.698
2026-05-20 12:19:00-04:00,123.64,123.67,123.54,123.63,1990.0,123.611
2026-05-20 12:20:00-04:00,123.54,123.54,123.38,123.42,9820.0,123.454
2026-05-20 12:21:00-04:00,123.42,123.65,123.42,123.57,4479.0,123.507
2026-05-20 12:22:00-04:00,123.72,123.86,123.58,123.68,12913.0,123.706
2026-05-20 12:23:00-04:00,123.8,123.87,123.77,123.8,2705.0,123.796
2026-05-20 12:24:00-04:00,123.8,123.88,123.79,123.88,1000.0,123.806
2026-05-20 12:25:00-04:00,123.75,123.83,123.69,123.77,4398.0,123.735
2026-05-20 12:26:00-04:00,123.74,123.74,123.67,123.67,900.0,123.693
2026-05-20 12:27:00-04:00,123.68,123.7,123.67,123.67,1000.0,123.68
2026-05-20 12:28:00-04:00,123.57,123.57,123.46,123.47,1100.0,123.539
2026-05-20 12:29:00-04:00,123.4,123.4,123.36,123.36,1540.0,123.395
2026-05-20 12:30:00-04:00,123.36,123.36,123.36,123.36,0.0,123.36
2026-05-20 12:31:00-04:00,123.2,123.38,123.19,123.22,7600.0,123.234
2026-05-20 12:32:00-04:00,123.23,123.45,123.23,123.34,2170.0,123.386
2026-05-20 12:33:00-04:00,123.31,123.45,123.31,123.45,2176.0,123.343
2026-05-20 12:34:00-04:00,123.31,123.6,123.31,123.56,7958.0,123.452
2026-05-20 12:35:00-04:00,123.49,123.55,123.45,123.52,1695.0,123.498
2026-05-20 12:36:00-04:00,123.52,123.52,123.51,123.52,605.0,123.515
2026-05-20 12:37:00-04:00,123.57,123.57,123.39,123.39,400.0,123.525
2026-05-20 12:38:00-04:00,123.52,123.63,123.42,123.6,3227.0,123.561
2026-05-20 12:39:00-04:00,123.6,123.67,123.6,123.67,400.0,123.618
2026-05-20 12:40:00-04:00,123.54,123.57,123.54,123.57,489.0,123.552
2026-05-20 12:41:00-04:00,123.56,123.67,123.56,123.56,600.0,123.603
2026-05-20 12:42:00-04:00,123.67,123.67,123.56,123.56,200.0,123.615
2026-05-20 12:43:00-04:00,123.56,123.72,123.56,123.69,2860.0,123.644
2026-05-20 12:44:00-04:00,123.65,123.82,123.57,123.73,6400.0,123.639
2026-05-20 12:45:00-04:00,123.89,123.99,123.81,123.97,1500.0,123.85
2026-05-20 12:46:00-04:00,123.98,124.09,123.86,123.86,2187.0,123.993
2026-05-20 12:47:00-04:00,123.83,123.84,123.8,123.8,800.0,123.813
2026-05-20 12:48:00-04:00,123.76,123.76,123.76,123.76,400.0,123.76
2026-05-20 12:49:00-04:00,123.76,123.76,123.6,123.64,4779.0,123.732
2026-05-20 12:50:00-04:00,123.63,123.63,123.54,123.6,1416.0,123.56
2026-05-20 12:51:00-04:00,123.58,123.61,123.58,123.61,560.0,123.597
2026-05-20 12:52:00-04:00,123.61,123.61,123.61,123.61,0.0,123.61
2026-05-20 12:53:00-04:00,123.65,123.65,123.65,123.65,100.0,123.65
2026-05-20 12:54:00-04:00,123.57,123.76,123.57,123.7,3850.0,123.669
2026-05-20 12:55:00-04:00,123.78,123.78,123.78,123.78,100.0,123.78
2026-05-20 12:56:00-04:00,123.82,123.94,123.78,123.78,1780.0,123.837
2026-05-20 12:57:00-04:00,123.78,123.8,123.77,123.8,500.0,123.786
2026-05-20 12:58:00-04:00,123.87,123.87,123.87,123.87,100.0,123.87
2026-05-20 12:59:00-04:00,124.0,124.19,124.0,124.11,5100.0,124.064
2026-05-20 13:00:00-04:00,123.95,124.08,123.91,124.06,1399.0,123.953
2026-05-20 13:01:00-04:00,124.08,124.22,123.98,124.14,1600.0,124.063
2026-05-20 13:02:00-04:00,124.14,124.14,123.98,123.98,1051.0,124.053
2026-05-20 13:03:00-04:00,124.05,124.05,124.05,124.05,4689.0,124.05
2026-05-20 13:04:00-04:00,123.92,123.92,123.85,123.9,2170.0,123.881
2026-05-20 13:05:00-04:00,123.83,123.9,123.83,123.9,900.0,123.838
2026-05-20 13:06:00-04:00,123.86,123.86,123.86,123.86,100.0,123.86
2026-05-20 13:07:00-04:00,123.86,123.86,123.86,123.86,0.0,123.86
2026-05-20 13:08:00-04:00,123.68,123.84,123.68,123.75,3364.0,123.74
2026-05-20 13:09:00-04:00,123.91,123.91,123.83,123.84,1100.0,123.845
2026-05-20 13:10:00-04:00,123.88,123.95,123.88,123.95,379.0,123.926
2026-05-20 13:11:00-04:00,123.92,124.02,123.92,124.0,2142.0,123.96
2026-05-20 13:12:00-04:00,124.0,124.01,124.0,124.0,400.0,124.0
2026-05-20 13:13:00-04:00,124.0,124.25,123.93,124.03,4448.0,124.101
2026-05-20 13:14:00-04:00,124.19,124.3,124.18,124.3,1105.0,124.192
2026-05-20 13:15:00-04:00,124.28,124.44,124.22,124.25,2700.0,124.288
2026-05-20 13:16:00-04:00,124.3,124.47,124.28,124.28,650.0,124.342
2026-05-20 13:17:00-04:00,124.27,124.27,124.27,124.27,100.0,124.27
2026-05-20 13:18:00-04:00,124.16,124.17,124.16,124.16,221.0,124.165
2026-05-20 13:19:00-04:00,124.22,124.22,124.16,124.16,500.0,124.172
2026-05-20 13:20:00-04:00,124.16,124.16,124.02,124.05,2190.0,124.087
2026-05-20 13:21:00-04:00,123.97,124.01,123.83,123.83,2223.0,123.873
2026-05-20 13:22:00-04:00,123.85,123.89,123.8,123.8,2324.0,123.865
2026-05-20 13:23:00-04:00,123.89,124.08,123.81,124.08,3215.0,123.933
2026-05-20 13:24:00-04:00,124.08,124.08,124.07,124.07,400.0,124.073
2026-05-20 13:25:00-04:00,124.06,124.11,124.01,124.1,1000.0,124.079
2026-05-20 13:26:00-04:00,124.1,124.21,124.1,124.21,575.0,124.14
2026-05-20 13:27:00-04:00,124.28,124.29,124.28,124.28,200.0,124.285
2026-05-20 13:28:00-04:00,124.28,124.41,124.28,124.41,285.0,124.366
2026-05-20 13:29:00-04:00,124.27,124.34,124.25,124.29,5743.0,124.283
2026-05-20 13:30:00-04:00,124.33,124.47,124.13,124.47,8804.0,124.305
2026-05-20 13:31:00-04:00,124.32,124.32,124.3,124.3,4200.0,124.32
2026-05-20 13:32:00-04:00,124.3,124.45,124.2,124.41,8268.0,124.324
2026-05-20 13:33:00-04:00,124.37,124.37,124.06,124.1,12153.0,124.178
2026-05-20 13:34:00-04:00,124.2,124.39,124.2,124.39,412.0,124.246
2026-05-20 13:35:00-04:00,124.29,124.3,124.29,124.3,649.0,124.297
2026-05-20 13:36:00-04:00,124.44,124.55,124.42,124.54,664.0,124.488
2026-05-20 13:37:00-04:00,124.4,124.44,124.4,124.44,650.0,124.431
2026-05-20 13:38:00-04:00,124.49,124.49,124.49,124.49,200.0,124.49
2026-05-20 13:39:00-04:00,124.57,124.67,124.51,124.67,9667.0,124.585
2026-05-20 13:40:00-04:00,124.77,124.83,124.77,124.83,1529.0,124.778
2026-05-20 13:41:00-04:00,124.83,124.85,124.76,124.85,1650.0,124.81
2026-05-20 13:42:00-04:00,124.86,124.87,124.86,124.86,100.0,124.865
2026-05-20 13:43:00-04:00,124.91,124.91,124.89,124.89,300.0,124.901
2026-05-20 13:44:00-04:00,124.98,125.03,124.89,124.9,4369.0,124.97
2026-05-20 13:45:00-04:00,124.75,124.76,124.69,124.69,1600.0,124.738
2026-05-20 13:46:00-04:00,124.82,124.82,124.78,124.79,700.0,124.792
2026-05-20 13:47:00-04:00,124.79,124.79,124.6,124.79,1600.0,124.705
2026-05-20 13:48:00-04:00,124.79,124.79,124.58,124.66,1800.0,124.742
2026-05-20 13:49:00-04:00,124.57,124.68,124.57,124.68,300.0,124.642
2026-05-20 13:50:00-04:00,124.67,124.67,124.62,124.63,6337.0,124.66
2026-05-20 13:51:00-04:00,124.62,124.69,124.62,124.63,509.0,124.647
2026-05-20 13:52:00-04:00,124.64,124.65,124.64,124.64,300.0,124.645
2026-05-20 13:53:00-04:00,124.64,124.64,124.64,124.64,0.0,124.64
2026-05-20 13:54:00-04:00,124.61,124.61,124.46,124.53,2269.0,124.519
2026-05-20 13:55:00-04:00,124.53,124.54,124.53,124.53,100.0,124.535
2026-05-20 13:56:00-04:00,124.53,124.54,124.09,124.15,5657.0,124.331
2026-05-20 13:57:00-04:00,124.19,124.19,124.08,124.08,200.0,124.135
2026-05-20 13:58:00-04:00,124.08,124.08,124.08,124.08,0.0,124.08
2026-05-20 13:59:00-04:00,124.17,124.18,124.15,124.17,300.0,124.167
2026-05-20 14:00:00-04:00,123.94,124.2,123.93,124.19,1220.0,124.044
2026-05-20 14:01:00-04:00,124.19,124.44,124.05,124.19,3600.0,124.197
2026-05-20 14:02:00-04:00,124.18,124.44,123.95,124.36,7231.0,124.202
2026-05-20 14:03:00-04:00,124.2,124.28,124.01,124.18,2137.0,124.165
2026-05-20 14:04:00-04:00,124.24,124.46,123.84,123.92,3016.0,124.18
2026-05-20 14:05:00-04:00,123.92,123.95,123.85,123.85,1364.0,123.914
2026-05-20 14:06:00-04:00,123.98,123.99,123.98,123.99,300.0,123.985
2026-05-20 14:07:00-04:00,123.85,123.96,123.65,123.66,7790.0,123.747
2026-05-20 14:08:00-04:00,123.54,123.63,123.51,123.63,835.0,123.549
2026-05-20 14:09:00-04:00,123.6,123.7,123.5,123.58,1805.0,123.549
2026-05-20 14:10:00-04:00,123.61,123.61,123.61,123.61,100.0,123.61
2026-05-20 14:11:00-04:00,123.61,123.61,123.43,123.43,859.0,123.518
2026-05-20 14:12:00-04:00,123.52,123.52,123.36,123.36,1214.0,123.457
2026-05-20 14:13:00-04:00,123.52,123.52,123.52,123.52,200.0,123.52
2026-05-20 14:14:00-04:00,123.39,123.58,123.38,123.38,1500.0,123.54
2026-05-20 14:15:00-04:00,123.54,123.57,123.47,123.47,1000.0,123.524
2026-05-20 14:16:00-04:00,123.56,123.57,123.46,123.47,2850.0,123.517
2026-05-20 14:17:00-04:00,123.47,123.47,123.47,123.47,0.0,123.47
2026-05-20 14:18:00-04:00,123.59,123.62,123.57,123.57,1900.0,123.594
2026-05-20 14:19:00-04:00,123.59,123.6,123.59,123.59,300.0,123.595
2026-05-20 14:20:00-04:00,123.66,123.67,123.45,123.45,4541.0,123.526
2026-05-20 14:21:00-04:00,123.49,123.61,123.49,123.61,5497.0,123.543
2026-05-20 14:22:00-04:00,123.52,123.66,123.52,123.61,1459.0,123.553
2026-05-20 14:23:00-04:00,123.61,123.62,123.42,123.5,1981.0,123.535
2026-05-20 14:24:00-04:00,123.52,123.95,123.52,123.82,7367.0,123.642
2026-05-20 14:25:00-04:00,123.69,123.82,123.62,123.63,1902.0,123.687
2026-05-20 14:26:00-04:00,123.69,123.69,123.63,123.63,200.0,123.663
2026-05-20 14:27:00-04:00,123.64,123.64,123.64,123.64,100.0,123.64
2026-05-20 14:28:00-04:00,123.67,123.68,123.67,123.67,654.0,123.675
2026-05-20 14:29:00-04:00,123.67,123.68,123.67,123.67,500.0,123.674
2026-05-20 14:30:00-04:00,123.67,123.68,123.67,123.67,300.0,123.674
2026-05-20 14:31:00-04:00,123.65,123.7,123.61,123.7,860.0,123.646
2026-05-20 14:32:00-04:00,123.69,123.85,123.66,123.78,4590.0,123.743
2026-05-20 14:33:00-04:00,123.83,124.06,123.72,123.93,6395.0,123.89
2026-05-20 14:34:00-04:00,123.92,123.92,123.81,123.81,508.0,123.841
2026-05-20 14:35:00-04:00,123.87,123.87,123.75,123.81,2177.0,123.785
2026-05-20 14:36:00-04:00,123.83,123.87,123.83,123.83,2460.0,123.849
2026-05-20 14:37:00-04:00,123.81,123.82,123.81,123.81,200.0,123.815
2026-05-20 14:38:00-04:00,123.9,123.98,123.89,123.89,926.0,123.928
2026-05-20 14:39:00-04:00,123.89,123.97,123.82,123.89,5700.0,123.894
2026-05-20 14:40:00-04:00,123.89,123.9,123.89,123.89,1300.0,123.895
2026-05-20 14:41:00-04:00,123.89,123.97,123.85,123.85,1776.0,123.887
2026-05-20 14:42:00-04:00,123.87,123.9,123.86,123.89,900.0,123.889
2026-05-20 14:43:00-04:00,123.97,124.19,123.97,124.11,1416.0,124.045
2026-05-20 14:44:00-04:00,124.18,124.36,123.91,123.91,4252.0,124.181
2026-05-20 14:45:00-04:00,123.93,123.93,123.68,123.83,868.0,123.817
2026-05-20 14:46:00-04:00,123.82,123.83,123.82,123.82,200.0,123.825
2026-05-20 14:47:00-04:00,123.82,123.83,123.82,123.82,200.0,123.825
2026-05-20 14:48:00-04:00,123.82,123.82,123.82,123.82,200.0,123.82
2026-05-20 14:49:00-04:00,123.82,123.82,123.82,123.82,0.0,123.82
2026-05-20 14:50:00-04:00,123.74,123.82,123.62,123.62,637.0,123.673
2026-05-20 14:51:00-04:00,123.6,123.61,123.45,123.46,5153.0,123.552
2026-05-20 14:52:00-04:00,123.49,123.67,123.49,123.51,9695.0,123.503
2026-05-20 14:53:00-04:00,123.51,123.51,123.51,123.51,500.0,123.51
2026-05-20 14:54:00-04:00,123.51,123.54,123.51,123.54,467.0,123.523
2026-05-20 14:55:00-04:00,123.66,123.66,123.53,123.54,5165.0,123.639
2026-05-20 14:56:00-04:00,123.54,123.58,123.42,123.51,1402.0,123.51
2026-05-20 14:57:00-04:00,123.51,123.51,123.38,123.51,4117.0,123.494
2026-05-20 14:58:00-04:00,123.51,123.55,123.51,123.54,700.0,123.526
2026-05-20 14:59:00-04:00,123.54,123.68,123.54,123.55,1903.0,123.627
2026-05-20 15:00:00-04:00,123.55,123.66,123.51,123.51,674.0,123.575
2026-05-20 15:01:00-04:00,123.56,123.62,123.54,123.54,2309.0,123.563
2026-05-20 15:02:00-04:00,123.62,123.62,123.53,123.54,1620.0,123.59
2026-05-20 15:03:00-04:00,123.48,123.59,123.45,123.52,4690.0,123.512
2026-05-20 15:04:00-04:00,123.52,123.53,123.52,123.52,1000.0,123.525
2026-05-20 15:05:00-04:00,123.54,123.55,123.49,123.55,650.0,123.533
2026-05-20 15:06:00-04:00,123.54,123.72,123.54,123.71,7336.0,123.586
2026-05-20 15:07:00-04:00,123.65,123.7,123.5,123.64,6175.0,123.628
2026-05-20 15:08:00-04:00,123.67,123.68,123.58,123.58,1867.0,123.614
2026-05-20 15:09:00-04:00,123.67,123.85,123.67,123.85,3286.0,123.73
2026-05-20 15:10:00-04:00,123.9,123.94,123.9,123.94,845.0,123.916
2026-05-20 15:11:00-04:00,124.03,124.14,123.96,124.03,1645.0,124.038
2026-05-20 15:12:00-04:00,124.09,124.1,124.09,124.09,298.0,124.095
2026-05-20 15:13:00-04:00,124.09,124.1,123.92,123.98,6081.0,123.983
2026-05-20 15:14:00-04:00,123.99,124.1,123.98,124.09,7080.0,124.004
2026-05-20 15:15:00-04:00,124.08,124.1,123.66,123.66,9577.0,123.942
2026-05-20 15:16:00-04:00,123.66,123.67,123.6,123.66,1292.0,123.654
2026-05-20 15:17:00-04:00,123.66,123.66,123.6,123.63,1883.0,123.636
2026-05-20 15:18:00-04:00,123.55,123.62,123.55,123.62,1200.0,123.608
2026-05-20 15:19:00-04:00,123.62,123.62,123.62,123.62,800.0,123.62
2026-05-20 15:20:00-04:00,123.64,123.74,123.62,123.66,4529.0,123.655
2026-05-20 15:21:00-04:00,123.71,123.78,123.71,123.78,2209.0,123.735
2026-05-20 15:22:00-04:00,123.78,123.86,123.73,123.79,5551.0,123.801
2026-05-20 15:23:00-04:00,123.75,123.76,123.72,123.74,700.0,123.744
2026-05-20 15:24:00-04:00,123.75,123.82,123.69,123.74,2200.0,123.748
2026-05-20 15:25:00-04:00,123.74,123.79,123.65,123.73,1457.0,123.734
2026-05-20 15:26:00-04:00,123.73,123.78,123.73,123.77,967.0,123.74
2026-05-20 15:27:00-04:00,123.73,123.79,123.69,123.73,1200.0,123.734
2026-05-20 15:28:00-04:00,123.73,123.79,123.66,123.73,1204.0,123.737
2026-05-20 15:29:00-04:00,123.73,123.92,123.71,123.92,3919.0,123.787
2026-05-20 15:30:00-04:00,123.92,124.0,123.79,123.88,7283.0,123.894
2026-05-20 15:31:00-04:00,123.88,123.89,123.83,123.88,1000.0,123.869
2026-05-20 15:32:00-04:00,123.88,123.88,123.6,123.65,9297.0,123.702
2026-05-20 15:33:00-04:00,123.62,123.9,123.62,123.81,3091.0,123.759
2026-05-20 15:34:00-04:00,123.81,124.1,123.81,124.04,3201.0,123.949
2026-05-20 15:35:00-04:00,124.08,124.23,124.02,124.23,1000.0,124.13
2026-05-20 15:36:00-04:00,124.24,124.29,124.2,124.2,1475.0,124.246
2026-05-20 15:37:00-04:00,124.2,124.23,124.09,124.21,2224.0,124.152
2026-05-20 15:38:00-04:00,124.22,124.31,124.12,124.12,2481.0,124.23
2026-05-20 15:39:00-04:00,124.25,124.39,124.17,124.39,4949.0,124.238
2026-05-20 15:40:00-04:00,124.38,124.39,124.24,124.36,720.0,124.322
2026-05-20 15:41:00-04:00,124.37,124.37,124.13,124.13,1000.0,124.244
2026-05-20 15:42:00-04:00,124.13,124.13,123.92,124.09,2511.0,124.022
2026-05-20 15:43:00-04:00,124.14,124.14,124.14,124.14,300.0,124.14
2026-05-20 15:44:00-04:00,124.14,124.14,123.99,124.06,700.0,124.087
2026-05-20 15:45:00-04:00,124.05,124.28,123.99,124.1,14551.0,124.155
2026-05-20 15:46:00-04:00,124.1,124.1,123.92,123.95,2854.0,123.991
2026-05-20 15:47:00-04:00,123.87,123.95,123.86,123.92,600.0,123.913
2026-05-20 15:48:00-04:00,123.92,123.92,123.88,123.91,401.0,123.909
2026-05-20 15:49:00-04:00,123.98,124.17,123.98,124.1,2002.0,124.069
2026-05-20 15:50:00-04:00,124.1,124.21,124.03,124.13,2061.0,124.172
2026-05-20 15:51:00-04:00,124.13,124.14,124.08,124.1,1999.0,124.111
2026-05-20 15:52:00-04:00,124.09,124.21,124.09,124.17,2509.0,124.18
2026-05-20 15:53:00-04:00,124.05,124.38,124.05,124.33,4929.0,124.222
2026-05-20 15:54:00-04:00,124.32,124.32,124.19,124.23,4798.0,124.27
2026-05-20 15:55:00-04:00,124.17,124.17,123.93,123.93,12839.0,124.068
2026-05-20 15:56:00-04:00,123.93,123.94,123.73,123.77,4874.0,123.841
2026-05-20 15:57:00-04:00,123.77,124.14,123.73,124.14,9838.0,123.935
2026-05-20 15:58:00-04:00,124.17,124.19,124.08,124.08,10875.0,124.118
2026-05-20 15:59:00-04:00,124.09,124.26,124.08,124.22,28395.0,124.194
2026-05-21 09:30:00-04:00,123.47,123.52,123.29,123.52,16337.0,123.299
2026-05-21 09:31:00-04:00,123.11,123.12,122.65,123.02,2024.0,123.006
2026-05-21 09:32:00-04:00,123.02,123.39,123.02,123.12,600.0,123.215
2026-05-21 09:33:00-04:00,123.39,123.45,122.93,122.93,2769.0,123.177
2026-05-21 09:34:00-04:00,123.22,123.22,122.48,122.52,2026.0,122.869
2026-05-21 09:35:00-04:00,122.86,123.14,122.8,123.01,2900.0,122.973
2026-05-21 09:36:00-04:00,123.01,123.36,122.73,123.01,1000.0,122.988
2026-05-21 09:37:00-04:00,122.68,123.01,122.38,122.86,3996.0,122.711
2026-05-21 09:38:00-04:00,122.93,123.31,122.67,123.15,2830.0,123.09
2026-05-21 09:39:00-04:00,122.97,122.97,122.53,122.53,1735.0,122.842
2026-05-21 09:40:00-04:00,122.44,123.28,122.44,123.28,400.0,122.736
2026-05-21 09:41:00-04:00,122.43,122.43,122.43,122.43,100.0,122.43
2026-05-21 09:42:00-04:00,122.44,122.93,122.36,122.89,1985.0,122.636
2026-05-21 09:43:00-04:00,122.9,122.9,122.58,122.58,400.0,122.816
2026-05-21 09:44:00-04:00,123.05,123.05,122.28,122.28,1278.0,122.775
2026-05-21 09:45:00-04:00,122.4,122.4,122.4,122.4,100.0,122.4
2026-05-21 09:46:00-04:00,122.65,123.13,122.65,123.13,3341.0,122.903
2026-05-21 09:47:00-04:00,123.13,123.3,122.92,122.92,1017.0,123.147
2026-05-21 09:48:00-04:00,123.25,123.29,123.05,123.29,1318.0,123.159
2026-05-21 09:49:00-04:00,123.28,123.29,123.11,123.29,496.0,123.248
2026-05-21 09:50:00-04:00,123.31,123.64,123.3,123.64,1943.0,123.446
2026-05-21 09:51:00-04:00,123.58,123.59,123.4,123.45,616.0,123.526
2026-05-21 09:52:00-04:00,123.69,123.71,123.56,123.71,1042.0,123.674
2026-05-21 09:53:00-04:00,123.88,123.88,123.67,123.7,1004.0,123.764
2026-05-21 09:54:00-04:00,123.67,123.79,123.57,123.79,600.0,123.713
2026-05-21 09:55:00-04:00,123.93,123.93,123.79,123.79,700.0,123.847
2026-05-21 09:56:00-04:00,123.79,123.88,123.75,123.8,400.0,123.805
2026-05-21 09:57:00-04:00,123.61,123.61,123.44,123.5,730.0,123.538
2026-05-21 09:58:00-04:00,123.61,123.62,123.48,123.57,654.0,123.577
2026-05-21 09:59:00-04:00,123.57,124.02,123.56,123.73,1573.0,123.773
2026-05-21 10:00:00-04:00,123.78,123.78,123.77,123.78,583.0,123.775
2026-05-21 10:01:00-04:00,123.78,123.78,123.78,123.78,0.0,123.78
2026-05-21 10:02:00-04:00,123.78,123.78,123.78,123.78,100.0,123.78
2026-05-21 10:03:00-04:00,123.78,124.27,123.78,124.27,1888.0,124.12
2026-05-21 10:04:00-04:00,124.26,124.26,124.25,124.26,500.0,124.255
2026-05-21 10:05:00-04:00,124.26,124.26,124.25,124.26,150.0,124.255
2026-05-21 10:06:00-04:00,124.05,124.25,123.87,123.92,3294.0,124.078
2026-05-21 10:07:00-04:00,124.13,124.44,124.12,124.35,934.0,124.292
2026-05-21 10:08:00-04:00,124.41,124.56,124.41,124.49,1380.0,124.469
2026-05-21 10:09:00-04:00,124.58,124.65,124.58,124.65,734.0,124.634
2026-05-21 10:10:00-04:00,124.65,124.7,124.63,124.7,3242.0,124.651
2026-05-21 10:11:00-04:00,124.73,124.77,124.71,124.77,6540.0,124.75
2026-05-21 10:12:00-04:00,124.67,124.7,124.54,124.65,1491.0,124.647
2026-05-21 10:13:00-04:00,124.6,124.6,124.56,124.56,1592.0,124.593
2026-05-21 10:14:00-04:00,124.48,124.6,124.45,124.6,600.0,124.556
2026-05-21 10:15:00-04:00,124.37,124.61,124.36,124.61,2005.0,124.398
2026-05-21 10:16:00-04:00,124.45,124.45,124.45,124.45,100.0,124.45
2026-05-21 10:17:00-04:00,124.7,124.77,124.48,124.68,1041.0,124.696
2026-05-21 10:18:00-04:00,124.64,124.64,124.63,124.64,100.0,124.635
2026-05-21 10:19:00-04:00,124.64,124.64,124.6,124.61,873.0,124.628
2026-05-21 10:20:00-04:00,124.61,124.7,124.56,124.7,1111.0,124.596
2026-05-21 10:21:00-04:00,124.47,124.47,124.32,124.46,4028.0,124.437
2026-05-21 10:22:00-04:00,124.47,124.72,124.47,124.63,1600.0,124.648
2026-05-21 10:23:00-04:00,124.66,124.78,124.46,124.47,1001.0,124.572
2026-05-21 10:24:00-04:00,124.57,124.61,124.57,124.57,300.0,124.583
2026-05-21 10:25:00-04:00,124.79,124.88,124.68,124.78,2922.0,124.792
2026-05-21 10:26:00-04:00,124.77,124.77,124.77,124.77,100.0,124.77
2026-05-21 10:27:00-04:00,124.76,125.09,124.76,125.07,4529.0,124.973
2026-05-21 10:28:00-04:00,125.07,125.07,124.89,124.97,322.0,124.983
2026-05-21 10:29:00-04:00,125.05,125.05,125.05,125.05,100.0,125.05
2026-05-21 10:30:00-04:00,124.98,124.98,124.87,124.97,300.0,124.938
2026-05-21 10:31:00-04:00,124.84,124.9,124.79,124.9,700.0,124.84
2026-05-21 10:32:00-04:00,124.79,124.79,124.58,124.58,815.0,124.673
2026-05-21 10:33:00-04:00,124.7,124.7,124.7,124.7,200.0,124.7
2026-05-21 10:34:00-04:00,124.74,124.74,124.57,124.65,2500.0,124.591
2026-05-21 10:35:00-04:00,124.71,124.8,124.71,124.8,370.0,124.759
2026-05-21 10:36:00-04:00,124.65,124.65,124.65,124.65,200.0,124.65
2026-05-21 10:37:00-04:00,124.81,125.01,124.81,125.01,1696.0,124.936
2026-05-21 10:38:00-04:00,125.03,125.03,124.73,124.73,900.0,124.797
2026-05-21 10:39:00-04:00,125.03,125.05,124.94,124.95,1312.0,124.957
2026-05-21 10:40:00-04:00,124.9,124.9,124.9,124.9,100.0,124.9
2026-05-21 10:41:00-04:00,124.97,125.01,124.91,125.0,2148.0,124.963
2026-05-21 10:42:00-04:00,124.91,124.99,124.9,124.99,200.0,124.948
2026-05-21 10:43:00-04:00,124.8,124.8,124.75,124.75,400.0,124.775
2026-05-21 10:44:00-04:00,124.82,124.82,124.72,124.72,500.0,124.778
2026-05-21 10:45:00-04:00,124.9,124.94,124.87,124.87,400.0,124.903
2026-05-21 10:46:00-04:00,124.87,124.87,124.87,124.87,0.0,124.87
2026-05-21 10:47:00-04:00,124.8,124.8,124.61,124.64,1691.0,124.736
2026-05-21 10:48:00-04:00,124.64,124.64,124.64,124.64,0.0,124.64
2026-05-21 10:49:00-04:00,124.52,124.79,124.45,124.79,500.0,124.596
2026-05-21 10:50:00-04:00,124.79,124.79,124.79,124.79,0.0,124.79
2026-05-21 10:51:00-04:00,124.76,124.9,124.75,124.84,450.0,124.841
2026-05-21 10:52:00-04:00,125.0,125.0,124.97,124.98,250.0,124.985
2026-05-21 10:53:00-04:00,124.97,124.97,124.96,124.97,100.0,124.965
2026-05-21 10:54:00-04:00,124.89,125.23,124.88,125.03,2986.0,125.053
2026-05-21 10:55:00-04:00,125.25,125.5,125.25,125.3,2464.0,125.34
2026-05-21 10:56:00-04:00,125.47,125.62,125.47,125.57,1400.0,125.54
2026-05-21 10:57:00-04:00,125.58,125.78,125.57,125.59,1295.0,125.655
2026-05-21 10:58:00-04:00,125.59,125.59,125.58,125.59,100.0,125.585
2026-05-21 10:59:00-04:00,125.69,125.69,125.68,125.69,878.0,125.686
2026-05-21 11:00:00-04:00,125.69,125.69,125.47,125.55,2069.0,125.596
2026-05-21 11:01:00-04:00,125.55,125.55,125.55,125.55,350.0,125.55
2026-05-21 11:02:00-04:00,125.47,125.5,125.47,125.5,315.0,125.49
2026-05-21 11:03:00-04:00,125.6,125.6,125.59,125.6,200.0,125.595
2026-05-21 11:04:00-04:00,125.39,125.4,125.39,125.39,200.0,125.39
2026-05-21 11:05:00-04:00,125.4,125.42,125.07,125.12,3961.0,125.228
2026-05-21 11:06:00-04:00,125.12,125.12,125.12,125.12,0.0,125.12
2026-05-21 11:07:00-04:00,125.08,125.21,125.0,125.19,23523.0,125.022
2026-05-21 11:08:00-04:00,125.16,125.16,125.15,125.16,300.0,125.155
2026-05-21 11:09:00-04:00,125.01,125.16,125.01,125.16,747.0,125.08
2026-05-21 11:10:00-04:00,125.27,125.3,125.06,125.26,3869.0,125.194
2026-05-21 11:11:00-04:00,125.26,125.35,125.21,125.35,300.0,125.273
2026-05-21 11:12:00-04:00,125.39,125.47,125.39,125.47,400.0,125.44
2026-05-21 11:13:00-04:00,125.7,125.88,125.51,125.84,4590.0,125.8
2026-05-21 11:14:00-04:00,125.81,125.81,125.64,125.69,1336.0,125.746
2026-05-21 11:15:00-04:00,125.6,125.6,125.6,125.6,184.0,125.6
2026-05-21 11:16:00-04:00,125.6,125.6,125.6,125.6,0.0,125.6
2026-05-21 11:17:00-04:00,125.6,125.6,125.6,125.6,0.0,125.6
2026-05-21 11:18:00-04:00,125.71,125.71,125.71,125.71,298.0,125.71
2026-05-21 11:19:00-04:00,125.71,125.92,125.71,125.73,400.0,125.768
2026-05-21 11:20:00-04:00,125.73,125.76,125.73,125.76,300.0,125.738
2026-05-21 11:21:00-04:00,125.52,125.52,125.38,125.38,900.0,125.461
2026-05-21 11:22:00-04:00,125.43,125.46,125.39,125.46,900.0,125.432
2026-05-21 11:23:00-04:00,125.65,125.65,125.51,125.52,200.0,125.583
2026-05-21 11:24:00-04:00,125.38,125.54,125.35,125.48,1617.0,125.449
2026-05-21 11:25:00-04:00,125.48,125.48,125.48,125.48,407.0,125.48
2026-05-21 11:26:00-04:00,125.48,125.65,125.48,125.65,1100.0,125.634
2026-05-21 11:27:00-04:00,125.65,125.65,125.65,125.65,141.0,125.65
2026-05-21 11:28:00-04:00,125.73,125.75,125.71,125.71,300.0,125.73
2026-05-21 11:29:00-04:00,125.56,125.93,125.53,125.79,13676.0,125.707
2026-05-21 11:30:00-04:00,125.75,125.91,125.54,125.75,855.0,125.704
2026-05-21 11:31:00-04:00,125.75,125.82,125.75,125.82,653.0,125.761
2026-05-21 11:32:00-04:00,125.73,125.73,125.73,125.73,180.0,125.73
2026-05-21 11:33:00-04:00,125.73,125.73,125.73,125.73,0.0,125.73
2026-05-21 11:34:00-04:00,125.76,125.76,125.75,125.76,200.0,125.755
2026-05-21 11:35:00-04:00,125.8,125.8,125.7,125.71,900.0,125.716
2026-05-21 11:36:00-04:00,125.71,125.71,125.51,125.71,1105.0,125.583
2026-05-21 11:37:00-04:00,125.58,125.71,125.58,125.71,1628.0,125.639
2026-05-21 11:38:00-04:00,125.71,125.71,125.6,125.6,666.0,125.675
2026-05-21 11:39:00-04:00,125.64,125.76,125.64,125.76,700.0,125.659
2026-05-21 11:40:00-04:00,125.76,125.76,125.76,125.76,0.0,125.76
2026-05-21 11:41:00-04:00,125.58,125.76,125.58,125.75,681.0,125.688
2026-05-21 11:42:00-04:00,125.7,125.75,125.68,125.68,653.0,125.709
2026-05-21 11:43:00-04:00,125.7,125.93,125.7,125.76,444.0,125.764
2026-05-21 11:44:00-04:00,125.58,125.59,125.58,125.58,500.0,125.584
2026-05-21 11:45:00-04:00,125.58,125.58,125.45,125.57,800.0,125.531
2026-05-21 11:46:00-04:00,125.66,125.66,125.66,125.66,100.0,125.66
2026-05-21 11:47:00-04:00,125.66,125.66,125.66,125.66,0.0,125.66
2026-05-21 11:48:00-04:00,125.77,125.77,125.66,125.66,400.0,125.688
2026-05-21 11:49:00-04:00,125.82,125.82,125.82,125.82,200.0,125.82
2026-05-21 11:50:00-04:00,125.82,125.82,125.82,125.82,0.0,125.82
2026-05-21 11:51:00-04:00,125.82,125.82,125.82,125.82,0.0,125.82
2026-05-21 11:52:00-04:00,125.72,125.72,125.69,125.69,399.0,125.707
2026-05-21 11:53:00-04:00,125.67,125.72,125.66,125.72,325.0,125.686
2026-05-21 11:54:00-04:00,125.73,125.84,125.58,125.58,2743.0,125.617
2026-05-21 11:55:00-04:00,125.58,125.58,125.58,125.58,0.0,125.58
2026-05-21 11:56:00-04:00,125.71,125.91,125.71,125.9,2969.0,125.852
2026-05-21 11:57:00-04:00,125.93,125.94,125.93,125.94,300.0,125.933
2026-05-21 11:58:00-04:00,125.9,125.97,125.87,125.87,2159.0,125.915
2026-05-21 11:59:00-04:00,125.9,126.02,125.87,125.96,8609.0,125.934
2026-05-21 12:00:00-04:00,126.09,126.12,126.0,126.12,853.0,126.08
2026-05-21 12:01:00-04:00,126.12,126.29,126.12,126.17,4033.0,126.194
2026-05-21 12:02:00-04:00,126.08,126.14,126.0,126.14,550.0,126.058
2026-05-21 12:03:00-04:00,126.13,126.15,126.01,126.15,605.0,126.12
2026-05-21 12:04:00-04:00,126.09,126.28,125.99,126.06,600.0,126.094
2026-05-21 12:05:00-04:00,125.98,126.12,125.93,126.03,1175.0,125.998
2026-05-21 12:06:00-04:00,125.97,125.97,125.97,125.97,100.0,125.97
2026-05-21 12:07:00-04:00,126.15,126.15,126.01,126.1,600.0,126.095
2026-05-21 12:08:00-04:00,126.07,126.24,126.06,126.24,1205.0,126.114
2026-05-21 12:09:00-04:00,126.14,126.25,126.13,126.25,300.0,126.212
2026-05-21 12:10:00-04:00,126.25,126.25,126.25,126.25,100.0,126.25
2026-05-21 12:11:00-04:00,126.1,126.13,125.92,125.92,2725.0,125.976
2026-05-21 12:12:00-04:00,126.07,126.07,126.07,126.07,100.0,126.07
2026-05-21 12:13:00-04:00,125.94,125.94,125.9,125.91,300.0,125.917
2026-05-21 12:14:00-04:00,125.91,125.91,125.91,125.91,0.0,125.91
2026-05-21 12:15:00-04:00,125.91,125.91,125.91,125.91,0.0,125.91
2026-05-21 12:16:00-04:00,126.07,126.07,126.06,126.07,200.0,126.065
2026-05-21 12:17:00-04:00,126.07,126.16,126.06,126.16,200.0,126.113
2026-05-21 12:18:00-04:00,126.24,126.24,126.24,126.24,100.0,126.24
2026-05-21 12:19:00-04:00,126.15,126.15,126.14,126.14,200.0,126.143
2026-05-21 12:20:00-04:00,126.2,126.2,126.15,126.16,200.0,126.178
2026-05-21 12:21:00-04:00,126.16,126.16,126.04,126.04,1000.0,126.065
2026-05-21 12:22:00-04:00,126.13,126.13,125.64,125.74,1500.0,125.898
2026-05-21 12:23:00-04:00,125.8,125.8,125.62,125.67,900.0,125.678
2026-05-21 12:24:00-04:00,125.56,125.65,125.55,125.61,1200.0,125.603
2026-05-21 12:25:00-04:00,125.48,125.53,125.38,125.53,400.0,125.475
2026-05-21 12:26:00-04:00,125.54,125.7,125.49,125.49,3505.0,125.541
2026-05-21 12:27:00-04:00,125.46,125.46,125.45,125.45,752.0,125.452
2026-05-21 12:28:00-04:00,125.51,125.51,125.51,125.51,100.0,125.51
2026-05-21 12:29:00-04:00,125.41,125.41,125.33,125.41,300.0,125.383
2026-05-21 12:30:00-04:00,125.41,125.41,125.41,125.41,0.0,125.41
2026-05-21 12:31:00-04:00,125.41,125.43,125.41,125.43,200.0,125.418
2026-05-21 12:32:00-04:00,125.3,125.3,125.22,125.22,2861.0,125.262
2026-05-21 12:33:00-04:00,125.24,125.24,125.0,125.23,600.0,125.151
2026-05-21 12:34:00-04:00,125.15,125.16,125.11,125.11,400.0,125.137
2026-05-21 12:35:00-04:00,125.11,125.13,125.11,125.13,200.0,125.12
2026-05-21 12:36:00-04:00,125.15,125.15,125.15,125.15,100.0,125.15
2026-05-21 12:37:00-04:00,125.14,125.16,125.11,125.13,400.0,125.135
2026-05-21 12:38:00-04:00,125.11,125.11,125.0,125.0,791.0,125.087
2026-05-21 12:39:00-04:00,125.1,125.1,124.96,125.1,1300.0,125.075
2026-05-21 12:40:00-04:00,124.99,125.1,124.96,125.1,711.0,125.046
2026-05-21 12:41:00-04:00,125.21,125.21,124.97,124.99,1629.0,125.12
2026-05-21 12:42:00-04:00,125.09,125.1,125.09,125.1,315.0,125.094
2026-05-21 12:43:00-04:00,124.97,125.0,124.91,124.98,5300.0,124.982
2026-05-21 12:44:00-04:00,124.98,125.06,124.92,125.01,925.0,125.012
2026-05-21 12:45:00-04:00,125.02,125.02,125.02,125.02,100.0,125.02
2026-05-21 12:46:00-04:00,124.96,124.96,124.89,124.95,1914.0,124.911
2026-05-21 12:47:00-04:00,125.02,125.02,125.02,125.02,300.0,125.02
2026-05-21 12:48:00-04:00,124.9,125.07,124.9,125.07,1671.0,124.979
2026-05-21 12:49:00-04:00,124.91,125.07,124.91,125.04,839.0,124.982
2026-05-21 12:50:00-04:00,125.04,125.04,125.04,125.04,0.0,125.04
2026-05-21 12:51:00-04:00,125.04,125.04,125.04,125.04,0.0,125.04
2026-05-21 12:52:00-04:00,125.1,125.18,125.09,125.18,1400.0,125.146
2026-05-21 12:53:00-04:00,125.15,125.16,125.06,125.16,600.0,125.094
2026-05-21 12:54:00-04:00,125.22,125.23,125.22,125.23,300.0,125.223
2026-05-21 12:55:00-04:00,125.34,125.34,125.33,125.34,120.0,125.34
2026-05-21 12:56:00-04:00,125.34,125.34,125.34,125.34,0.0,125.34
2026-05-21 12:57:00-04:00,125.34,125.34,125.26,125.27,200.0,125.303
2026-05-21 12:58:00-04:00,125.27,125.27,125.26,125.27,261.0,125.265
2026-05-21 12:59:00-04:00,125.26,125.27,125.26,125.26,100.0,125.263
2026-05-21 13:00:00-04:00,125.29,125.29,125.29,125.29,100.0,125.29
2026-05-21 13:01:00-04:00,125.34,125.34,125.22,125.22,844.0,125.306
2026-05-21 13:02:00-04:00,125.22,125.22,125.22,125.22,0.0,125.22
2026-05-21 13:03:00-04:00,125.22,125.22,125.22,125.22,0.0,125.22
2026-05-21 13:04:00-04:00,125.22,125.22,125.22,125.22,0.0,125.22
2026-05-21 13:05:00-04:00,125.26,125.26,125.25,125.26,525.0,125.256
2026-05-21 13:06:00-04:00,125.35,125.35,125.35,125.35,500.0,125.35
2026-05-21 13:07:00-04:00,125.38,125.38,125.36,125.36,400.0,125.37
2026-05-21 13:08:00-04:00,125.32,125.38,125.32,125.33,400.0,125.336
2026-05-21 13:09:00-04:00,125.4,125.4,125.33,125.35,2402.0,125.37
2026-05-21 13:10:00-04:00,125.39,125.82,125.39,125.81,2625.0,125.517
2026-05-21 13:11:00-04:00,125.95,126.04,125.83,125.87,1600.0,125.929
2026-05-21 13:12:00-04:00,125.86,125.86,125.58,125.67,1002.0,125.735
2026-05-21 13:13:00-04:00,125.67,125.67,125.67,125.67,0.0,125.67
2026-05-21 13:14:00-04:00,125.74,125.75,125.74,125.75,400.0,125.743
2026-05-21 13:15:00-04:00,125.58,126.01,125.58,125.96,1507.0,125.902
2026-05-21 13:16:00-04:00,126.14,126.5,126.14,126.5,3501.0,126.276
2026-05-21 13:17:00-04:00,126.62,126.62,126.17,126.18,1540.0,126.293
2026-05-21 13:18:00-04:00,126.14,126.31,126.08,126.24,1159.0,126.182
2026-05-21 13:19:00-04:00,126.26,126.26,126.13,126.13,258.0,126.21
2026-05-21 13:20:00-04:00,126.18,126.5,126.12,126.5,2047.0,126.322
2026-05-21 13:21:00-04:00,126.5,126.5,126.5,126.5,200.0,126.5
2026-05-21 13:22:00-04:00,126.5,126.5,126.5,126.5,0.0,126.5
2026-05-21 13:23:00-04:00,126.25,126.42,126.22,126.42,1000.0,126.315
2026-05-21 13:24:00-04:00,126.44,126.44,126.44,126.44,100.0,126.44
2026-05-21 13:25:00-04:00,126.4,126.69,126.4,126.69,500.0,126.542
2026-05-21 13:26:00-04:00,126.58,126.58,126.57,126.58,172.0,126.576
2026-05-21 13:27:00-04:00,126.47,126.48,126.47,126.48,841.0,126.474
2026-05-21 13:28:00-04:00,126.48,126.48,126.48,126.48,0.0,126.48
2026-05-21 13:29:00-04:00,126.48,126.48,126.48,126.48,0.0,126.48
2026-05-21 13:30:00-04:00,126.52,126.52,126.52,126.52,200.0,126.52
2026-05-21 13:31:00-04:00,126.56,126.67,126.48,126.67,800.0,126.523
2026-05-21 13:32:00-04:00,126.56,126.84,126.55,126.79,3757.0,126.695
2026-05-21 13:33:00-04:00,126.66,126.66,126.66,126.66,100.0,126.66
2026-05-21 13:34:00-04:00,126.67,126.67,126.67,126.67,600.0,126.67
2026-05-21 13:35:00-04:00,126.74,126.87,126.74,126.86,3270.0,126.78
2026-05-21 13:36:00-04:00,126.94,127.0,126.74,126.99,6794.0,126.895
2026-05-21 13:37:00-04:00,126.82,126.82,126.65,126.77,700.0,126.771
2026-05-21 13:38:00-04:00,126.77,126.77,126.62,126.65,1400.0,126.678
2026-05-21 13:39:00-04:00,126.6,126.6,126.59,126.6,250.0,126.595
2026-05-21 13:40:00-04:00,126.71,126.8,126.63,126.74,1650.0,126.749
2026-05-21 13:41:00-04:00,126.99,127.08,126.99,127.0,3984.0,127.014
2026-05-21 13:42:00-04:00,127.03,127.03,127.03,127.03,600.0,127.03
2026-05-21 13:43:00-04:00,127.02,127.02,126.95,126.95,800.0,126.996
2026-05-21 13:44:00-04:00,127.04,127.04,126.95,127.03,1200.0,127.021
2026-05-21 13:45:00-04:00,127.02,127.1,127.01,127.04,1640.0,127.06
2026-05-21 13:46:00-04:00,127.13,127.2,126.98,127.19,3515.0,127.112
2026-05-21 13:47:00-04:00,127.24,127.49,127.24,127.37,16431.0,127.394
2026-05-21 13:48:00-04:00,127.37,127.37,127.24,127.24,1200.0,127.309
2026-05-21 13:49:00-04:00,127.27,127.27,127.27,127.27,965.0,127.27
2026-05-21 13:50:00-04:00,127.27,127.34,127.17,127.26,1150.0,127.233
2026-05-21 13:51:00-04:00,127.33,127.42,127.25,127.34,2601.0,127.342
2026-05-21 13:52:00-04:00,127.43,127.5,127.36,127.5,2903.0,127.423
2026-05-21 13:53:00-04:00,127.6,127.6,127.41,127.47,2300.0,127.493
2026-05-21 13:54:00-04:00,127.47,127.61,127.47,127.56,3269.0,127.53
2026-05-21 13:55:00-04:00,127.56,127.76,127.35,127.35,6906.0,127.587
2026-05-21 13:56:00-04:00,127.34,127.34,127.3,127.3,200.0,127.32
2026-05-21 13:57:00-04:00,127.23,127.41,127.23,127.31,1900.0,127.302
2026-05-21 13:58:00-04:00,127.28,127.28,127.27,127.28,200.0,127.275
2026-05-21 13:59:00-04:00,127.23,127.23,127.23,127.23,599.0,127.23
2026-05-21 14:00:00-04:00,127.28,127.55,127.27,127.55,2801.0,127.448
2026-05-21 14:01:00-04:00,127.65,127.65,127.56,127.58,700.0,127.586
2026-05-21 14:02:00-04:00,127.4,127.4,127.29,127.29,1000.0,127.365
2026-05-21 14:03:00-04:00,127.29,127.38,127.29,127.29,324.0,127.322
2026-05-21 14:04:00-04:00,127.4,127.5,127.18,127.18,1304.0,127.31
2026-05-21 14:05:00-04:00,127.1,127.1,127.09,127.1,500.0,127.098
2026-05-21 14:06:00-04:00,127.09,127.09,127.01,127.01,400.0,127.071
2026-05-21 14:07:00-04:00,126.99,127.2,126.99,127.2,1300.0,127.097
2026-05-21 14:08:00-04:00,127.15,127.15,127.08,127.08,450.0,127.102
2026-05-21 14:09:00-04:00,127.08,127.08,127.08,127.08,0.0,127.08
2026-05-21 14:10:00-04:00,127.11,127.15,126.9,126.9,1957.0,127.003
2026-05-21 14:11:00-04:00,126.9,126.9,126.9,126.9,0.0,126.9
2026-05-21 14:12:00-04:00,127.03,127.03,126.98,126.98,200.0,127.005
2026-05-21 14:13:00-04:00,126.98,126.98,126.98,126.98,0.0,126.98
2026-05-21 14:14:00-04:00,126.98,126.98,126.98,126.98,0.0,126.98
2026-05-21 14:15:00-04:00,126.8,126.8,126.57,126.74,1813.0,126.697
2026-05-21 14:16:00-04:00,126.75,126.76,126.75,126.75,298.0,126.75
2026-05-21 14:17:00-04:00,126.57,126.57,126.56,126.56,300.0,126.563
2026-05-21 14:18:00-04:00,126.56,126.56,126.56,126.56,0.0,126.56
2026-05-21 14:19:00-04:00,126.56,126.56,126.56,126.56,0.0,126.56
2026-05-21 14:20:00-04:00,126.71,126.88,126.7,126.88,300.0,126.815
2026-05-21 14:21:00-04:00,126.88,126.88,126.88,126.88,0.0,126.88
2026-05-21 14:22:00-04:00,126.74,126.84,126.74,126.74,300.0,126.773
2026-05-21 14:23:00-04:00,126.62,126.77,126.56,126.77,1900.0,126.62
2026-05-21 14:24:00-04:00,126.77,126.77,126.59,126.77,875.0,126.723
2026-05-21 14:25:00-04:00,126.78,126.78,126.78,126.78,100.0,126.78
2026-05-21 14:26:00-04:00,126.7,126.71,126.56,126.56,1000.0,126.603
2026-05-21 14:27:00-04:00,126.55,126.59,126.55,126.59,724.0,126.577
2026-05-21 14:28:00-04:00,126.62,126.62,126.6,126.62,600.0,126.608
2026-05-21 14:29:00-04:00,126.52,126.52,126.44,126.44,960.0,126.488
2026-05-21 14:30:00-04:00,126.45,126.56,126.4,126.49,2000.0,126.462
2026-05-21 14:31:00-04:00,126.69,126.69,126.53,126.53,300.0,126.607
2026-05-21 14:32:00-04:00,126.62,126.62,126.62,126.62,100.0,126.62
2026-05-21 14:33:00-04:00,126.46,126.46,126.46,126.46,100.0,126.46
2026-05-21 14:34:00-04:00,126.54,126.64,126.54,126.6,400.0,126.604
2026-05-21 14:35:00-04:00,126.68,126.68,126.68,126.68,150.0,126.68
2026-05-21 14:36:00-04:00,126.68,126.68,126.68,126.68,0.0,126.68
2026-05-21 14:37:00-04:00,126.64,126.64,126.64,126.64,100.0,126.64
2026-05-21 14:38:00-04:00,126.62,126.64,126.62,126.63,400.0,126.631
2026-05-21 14:39:00-04:00,126.52,126.52,126.36,126.49,1259.0,126.443
2026-05-21 14:40:00-04:00,126.53,126.53,126.53,126.53,700.0,126.53
2026-05-21 14:41:00-04:00,126.59,126.73,126.59,126.62,535.0,126.627
2026-05-21 14:42:00-04:00,126.62,126.62,126.62,126.62,0.0,126.62
2026-05-21 14:43:00-04:00,126.66,126.66,126.66,126.66,200.0,126.66
2026-05-21 14:44:00-04:00,126.59,126.65,126.59,126.65,400.0,126.605
2026-05-21 14:45:00-04:00,126.66,126.66,126.54,126.65,300.0,126.617
2026-05-21 14:46:00-04:00,126.69,126.69,126.67,126.68,200.0,126.683
2026-05-21 14:47:00-04:00,126.58,126.58,126.57,126.57,445.0,126.574
2026-05-21 14:48:00-04:00,126.55,126.55,126.25,126.41,3970.0,126.428
2026-05-21 14:49:00-04:00,126.55,126.74,126.31,126.4,5444.0,126.674
2026-05-21 14:50:00-04:00,126.28,126.44,126.28,126.39,820.0,126.38
2026-05-21 14:51:00-04:00,126.39,126.53,126.38,126.53,1000.0,126.424
2026-05-21 14:52:00-04:00,126.49,126.5,126.09,126.21,7873.0,126.382
2026-05-21 14:53:00-04:00,126.21,126.29,126.06,126.06,1800.0,126.186
2026-05-21 14:54:00-04:00,126.0,126.02,125.71,125.71,2938.0,125.86
2026-05-21 14:55:00-04:00,125.68,125.91,125.67,125.9,2019.0,125.806
2026-05-21 14:56:00-04:00,125.88,125.93,125.88,125.88,900.0,125.891
2026-05-21 14:57:00-04:00,125.87,126.42,125.78,126.24,5296.0,126.101
2026-05-21 14:58:00-04:00,126.08,126.08,126.0,126.0,400.0,126.053
2026-05-21 14:59:00-04:00,126.08,126.08,126.08,126.08,350.0,126.08
2026-05-21 15:00:00-04:00,126.08,126.08,126.08,126.08,0.0,126.08
2026-05-21 15:01:00-04:00,126.09,126.09,126.09,126.09,1027.0,126.09
2026-05-21 15:02:00-04:00,126.1,126.1,125.77,125.78,2005.0,125.918
2026-05-21 15:03:00-04:00,125.78,126.02,125.77,126.02,821.0,125.851
2026-05-21 15:04:00-04:00,126.02,126.02,126.02,126.02,0.0,126.02
2026-05-21 15:05:00-04:00,126.02,126.02,126.02,126.02,0.0,126.02
2026-05-21 15:06:00-04:00,125.91,126.01,125.86,125.87,1432.0,125.903
2026-05-21 15:07:00-04:00,125.9,126.0,125.9,125.95,819.0,125.935
2026-05-21 15:08:00-04:00,126.1,126.1,126.1,126.1,548.0,126.1
2026-05-21 15:09:00-04:00,126.05,126.2,126.0,126.14,5794.0,126.033
2026-05-21 15:10:00-04:00,126.21,126.23,126.16,126.19,404.0,126.195
2026-05-21 15:11:00-04:00,126.23,126.23,126.16,126.16,1700.0,126.198
2026-05-21 15:12:00-04:00,126.06,126.37,126.04,126.37,3793.0,126.243
2026-05-21 15:13:00-04:00,126.13,126.16,126.11,126.11,525.0,126.13
2026-05-21 15:14:00-04:00,126.11,126.11,125.88,125.91,3449.0,126.004
2026-05-21 15:15:00-04:00,125.87,125.87,125.84,125.85,500.0,125.858
2026-05-21 15:16:00-04:00,125.91,125.91,125.8,125.8,905.0,125.881
2026-05-21 15:17:00-04:00,125.78,125.79,125.75,125.79,1320.0,125.771
2026-05-21 15:18:00-04:00,125.8,125.8,125.8,125.8,300.0,125.8
2026-05-21 15:19:00-04:00,125.71,125.86,125.7,125.8,2485.0,125.758
2026-05-21 15:20:00-04:00,125.8,125.8,125.77,125.77,300.0,125.79
2026-05-21 15:21:00-04:00,125.68,125.75,125.67,125.74,658.0,125.685
2026-05-21 15:22:00-04:00,125.74,125.74,125.74,125.74,0.0,125.74
2026-05-21 15:23:00-04:00,125.63,125.69,125.59,125.62,3958.0,125.624
2026-05-21 15:24:00-04:00,125.62,125.62,125.51,125.51,539.0,125.562
2026-05-21 15:25:00-04:00,125.61,125.61,125.52,125.52,1300.0,125.58
2026-05-21 15:26:00-04:00,125.59,125.59,125.59,125.59,100.0,125.59
2026-05-21 15:27:00-04:00,125.58,125.65,125.53,125.62,5880.0,125.573
2026-05-21 15:28:00-04:00,125.61,125.65,125.61,125.61,2081.0,125.628
2026-05-21 15:29:00-04:00,125.6,125.61,125.44,125.48,1665.0,125.515
2026-05-21 15:30:00-04:00,125.48,125.53,125.44,125.45,1328.0,125.49
2026-05-21 15:31:00-04:00,125.46,125.46,125.45,125.46,100.0,125.458
2026-05-21 15:32:00-04:00,125.44,125.44,125.37,125.42,400.0,125.418
2026-05-21 15:33:00-04:00,125.44,125.44,125.27,125.28,1119.0,125.362
2026-05-21 15:34:00-04:00,125.26,125.26,125.23,125.24,200.0,125.248
2026-05-21 15:35:00-04:00,125.32,125.33,125.29,125.31,800.0,125.315
2026-05-21 15:36:00-04:00,125.34,125.42,125.31,125.42,700.0,125.357
2026-05-21 15:37:00-04:00,125.36,125.43,125.36,125.43,394.0,125.385
2026-05-21 15:38:00-04:00,125.38,125.38,125.38,125.38,300.0,125.38
2026-05-21 15:39:00-04:00,125.37,125.46,125.36,125.4,484.0,125.41
2026-05-21 15:40:00-04:00,125.4,125.49,125.4,125.45,1600.0,125.442
2026-05-21 15:41:00-04:00,125.45,125.45,125.26,125.27,3156.0,125.384
2026-05-21 15:42:00-04:00,125.27,125.27,125.23,125.24,800.0,125.244
2026-05-21 15:43:00-04:00,125.14,125.25,125.14,125.25,999.0,125.225
2026-05-21 15:44:00-04:00,125.27,125.27,125.19,125.27,400.0,125.25
2026-05-21 15:45:00-04:00,125.21,125.22,125.07,125.1,2392.0,125.156
2026-05-21 15:46:00-04:00,125.04,125.04,124.9,125.01,3150.0,124.957
2026-05-21 15:47:00-04:00,125.01,125.07,125.0,125.07,2855.0,125.027
2026-05-21 15:48:00-04:00,125.06,125.07,125.05,125.07,2900.0,125.055
2026-05-21 15:49:00-04:00,125.03,125.14,125.02,125.02,2896.0,125.052
2026-05-21 15:50:00-04:00,125.01,125.14,125.01,125.12,2004.0,125.111
2026-05-21 15:51:00-04:00,125.03,125.12,125.03,125.03,600.0,125.075
2026-05-21 15:52:00-04:00,125.03,125.17,125.03,125.17,1400.0,125.106
2026-05-21 15:53:00-04:00,125.07,125.19,125.06,125.09,3315.0,125.088
2026-05-21 15:54:00-04:00,125.06,125.12,124.79,124.93,6683.0,124.98
2026-05-21 15:55:00-04:00,124.91,125.04,124.87,125.0,6143.0,124.948
2026-05-21 15:56:00-04:00,125.07,125.16,125.0,125.13,2288.0,125.102
2026-05-21 15:57:00-04:00,125.14,125.24,125.03,125.1,5668.0,125.084
2026-05-21 15:58:00-04:00,125.11,125.17,125.04,125.07,18079.0,125.096
2026-05-21 15:59:00-04:00,125.08,125.14,125.06,125.1,35929.0,125.099
2026-05-22 09:30:00-04:00,125.16,126.99,125.15,126.97,16132.0,125.956
2026-05-22 09:31:00-04:00,127.01,127.49,127.01,127.29,1912.0,127.281
2026-05-22 09:32:00-04:00,126.88,126.88,126.3,126.61,2417.0,126.474
2026-05-22 09:33:00-04:00,126.0,127.21,126.0,127.21,400.0,126.302
2026-05-22 09:34:00-04:00,127.03,127.2,126.25,126.78,6809.0,126.686
2026-05-22 09:35:00-04:00,126.54,126.96,125.52,126.88,2006.0,126.589
2026-05-22 09:36:00-04:00,126.59,127.14,126.59,126.8,3284.0,126.858
2026-05-22 09:37:00-04:00,126.94,127.41,126.94,127.3,5754.0,127.197
2026-05-22 09:38:00-04:00,127.51,127.88,127.29,127.29,3737.0,127.458
2026-05-22 09:39:00-04:00,127.44,127.46,127.44,127.46,600.0,127.452
2026-05-22 09:40:00-04:00,127.44,127.44,127.12,127.12,2000.0,127.287
2026-05-22 09:41:00-04:00,126.82,127.02,126.82,127.02,1240.0,126.877
2026-05-22 09:42:00-04:00,127.12,127.12,126.64,126.64,400.0,127.0
2026-05-22 09:43:00-04:00,126.68,126.68,126.5,126.5,300.0,126.617
2026-05-22 09:44:00-04:00,126.62,126.68,126.26,126.26,2070.0,126.522
2026-05-22 09:45:00-04:00,126.27,126.77,126.26,126.77,1100.0,126.343
2026-05-22 09:46:00-04:00,126.77,127.0,126.72,126.89,600.0,126.814
2026-05-22 09:47:00-04:00,126.73,126.95,126.54,126.61,2600.0,126.635
2026-05-22 09:48:00-04:00,126.77,126.78,126.75,126.75,820.0,126.768
2026-05-22 09:49:00-04:00,126.5,126.61,126.49,126.61,300.0,126.567
2026-05-22 09:50:00-04:00,126.56,126.84,126.56,126.61,884.0,126.686
2026-05-22 09:51:00-04:00,126.55,126.65,126.44,126.44,600.0,126.548
2026-05-22 09:52:00-04:00,126.48,126.84,126.48,126.81,2700.0,126.699
2026-05-22 09:53:00-04:00,126.87,126.95,126.44,126.62,1900.0,126.718
2026-05-22 09:54:00-04:00,126.33,126.84,126.32,126.32,1200.0,126.66
2026-05-22 09:55:00-04:00,126.68,126.71,126.33,126.42,2131.0,126.569
2026-05-22 09:56:00-04:00,126.49,126.81,126.35,126.8,4645.0,126.594
2026-05-22 09:57:00-04:00,126.48,126.66,126.0,126.23,12751.0,126.29
2026-05-22 09:58:00-04:00,125.94,126.11,125.77,125.79,2621.0,125.902
2026-05-22 09:59:00-04:00,126.37,126.54,126.2,126.35,3700.0,126.376
2026-05-22 10:00:00-04:00,126.35,126.49,126.05,126.33,1752.0,126.368
2026-05-22 10:01:00-04:00,126.34,126.34,126.27,126.27,300.0,126.293
2026-05-22 10:02:00-04:00,126.1,126.1,126.1,126.1,100.0,126.1
2026-05-22 10:03:00-04:00,126.33,126.58,126.23,126.43,400.0,126.391
2026-05-22 10:04:00-04:00,126.41,126.61,126.1,126.12,1933.0,126.282
2026-05-22 10:05:00-04:00,126.31,126.36,126.06,126.25,3122.0,126.155
2026-05-22 10:06:00-04:00,126.24,126.57,126.16,126.16,3230.0,126.348
2026-05-22 10:07:00-04:00,126.45,126.45,126.08,126.3,2960.0,126.195
2026-05-22 10:08:00-04:00,126.21,126.37,126.2,126.26,1642.0,126.298
2026-05-22 10:09:00-04:00,126.34,126.42,126.12,126.42,1405.0,126.273
2026-05-22 10:10:00-04:00,126.45,126.51,126.18,126.19,3283.0,126.379
2026-05-22 10:11:00-04:00,126.36,126.46,126.11,126.17,700.0,126.263
2026-05-22 10:12:00-04:00,126.11,126.44,126.09,126.29,1428.0,126.232
2026-05-22 10:13:00-04:00,126.43,126.43,126.3,126.37,900.0,126.34
2026-05-22 10:14:00-04:00,126.34,126.38,126.19,126.24,805.0,126.272
2026-05-22 10:15:00-04:00,126.24,126.27,126.14,126.21,1530.0,126.201
2026-05-22 10:16:00-04:00,126.21,126.36,126.2,126.36,1708.0,126.258
2026-05-22 10:17:00-04:00,126.34,126.34,125.79,125.89,4440.0,126.091
2026-05-22 10:18:00-04:00,125.87,126.02,125.82,125.91,400.0,125.903
2026-05-22 10:19:00-04:00,125.91,125.91,125.72,125.74,850.0,125.769
2026-05-22 10:20:00-04:00,125.64,125.76,125.6,125.76,1073.0,125.622
2026-05-22 10:21:00-04:00,125.61,125.66,125.42,125.42,2014.0,125.555
2026-05-22 10:22:00-04:00,125.5,125.68,125.5,125.64,1821.0,125.529
2026-05-22 10:23:00-04:00,125.62,125.63,125.56,125.56,677.0,125.606
2026-05-22 10:24:00-04:00,125.74,125.74,125.18,125.66,1153.0,125.44
2026-05-22 10:25:00-04:00,125.35,125.7,125.35,125.7,973.0,125.559
2026-05-22 10:26:00-04:00,125.78,125.78,125.5,125.61,750.0,125.648
2026-05-22 10:27:00-04:00,125.61,125.7,125.61,125.7,300.0,125.64
2026-05-22 10:28:00-04:00,125.73,125.73,125.61,125.73,500.0,125.688
2026-05-22 10:29:00-04:00,125.75,126.0,125.75,125.84,2774.0,125.842
2026-05-22 10:30:00-04:00,125.92,125.92,125.82,125.92,454.0,125.886
2026-05-22 10:31:00-04:00,125.82,125.82,125.74,125.74,300.0,125.78
2026-05-22 10:32:00-04:00,125.77,125.77,125.76,125.77,1000.0,125.765
2026-05-22 10:33:00-04:00,125.77,125.77,125.49,125.49,5121.0,125.595
2026-05-22 10:34:00-04:00,125.63,125.63,125.49,125.59,300.0,125.572
2026-05-22 10:35:00-04:00,125.5,125.5,125.43,125.5,501.0,125.456
2026-05-22 10:36:00-04:00,125.5,125.5,125.49,125.5,115.0,125.495
2026-05-22 10:37:00-04:00,125.53,125.53,125.52,125.53,400.0,125.525
2026-05-22 10:38:00-04:00,125.63,125.83,125.54,125.83,1053.0,125.644
2026-05-22 10:39:00-04:00,125.83,125.96,125.83,125.89,900.0,125.858
2026-05-22 10:40:00-04:00,126.0,126.0,125.75,125.88,1897.0,125.873
2026-05-22 10:41:00-04:00,125.84,125.84,125.84,125.84,100.0,125.84
2026-05-22 10:42:00-04:00,125.68,125.84,125.67,125.84,400.0,125.718
2026-05-22 10:43:00-04:00,125.81,125.82,125.64,125.68,2363.0,125.682
2026-05-22 10:44:00-04:00,125.81,125.81,125.68,125.68,2050.0,125.748
2026-05-22 10:45:00-04:00,125.68,125.7,125.68,125.69,1338.0,125.688
2026-05-22 10:46:00-04:00,125.51,125.62,125.46,125.61,1849.0,125.558
2026-05-22 10:47:00-04:00,125.61,125.61,125.61,125.61,0.0,125.61
2026-05-22 10:48:00-04:00,125.72,125.85,125.71,125.8,505.0,125.797
2026-05-22 10:49:00-04:00,125.87,125.91,125.87,125.9,458.0,125.889
2026-05-22 10:50:00-04:00,125.95,125.96,125.8,125.92,950.0,125.876
2026-05-22 10:51:00-04:00,125.92,125.92,125.92,125.92,0.0,125.92
2026-05-22 10:52:00-04:00,125.83,125.83,125.7,125.76,5612.0,125.82
2026-05-22 10:53:00-04:00,125.76,125.77,125.76,125.77,700.0,125.769
2026-05-22 10:54:00-04:00,125.76,125.76,125.49,125.55,5782.0,125.627
2026-05-22 10:55:00-04:00,125.52,125.54,125.38,125.46,1685.0,125.443
2026-05-22 10:56:00-04:00,125.46,125.46,125.38,125.41,612.0,125.415
2026-05-22 10:57:00-04:00,125.41,125.41,125.37,125.37,510.0,125.391
2026-05-22 10:58:00-04:00,125.37,125.4,125.2,125.36,6686.0,125.295
2026-05-22 10:59:00-04:00,125.31,125.32,125.31,125.32,200.0,125.313
2026-05-22 11:00:00-04:00,125.31,125.34,125.11,125.17,1888.0,125.2
2026-05-22 11:01:00-04:00,125.24,125.41,125.23,125.29,1403.0,125.333
2026-05-22 11:02:00-04:00,125.28,125.28,125.27,125.28,100.0,125.275
2026-05-22 11:03:00-04:00,125.3,125.3,125.26,125.26,300.0,125.283
2026-05-22 11:04:00-04:00,125.28,125.28,125.25,125.25,1298.0,125.266
2026-05-22 11:05:00-04:00,125.41,125.41,125.25,125.28,2613.0,125.271
2026-05-22 11:06:00-04:00,125.28,125.49,125.24,125.49,7574.0,125.308
2026-05-22 11:07:00-04:00,125.33,125.49,125.29,125.49,5584.0,125.446
2026-05-22 11:08:00-04:00,125.38,125.58,125.38,125.57,1275.0,125.488
2026-05-22 11:09:00-04:00,125.58,125.89,125.56,125.8,2450.0,125.742
2026-05-22 11:10:00-04:00,125.99,125.99,125.8,125.88,1650.0,125.888
2026-05-22 11:11:00-04:00,125.69,125.75,125.55,125.55,675.0,125.634
2026-05-22 11:12:00-04:00,125.74,125.88,125.74,125.88,200.0,125.809
2026-05-22 11:13:00-04:00,125.69,125.75,125.67,125.68,1200.0,125.685
2026-05-22 11:14:00-04:00,125.68,125.68,125.63,125.64,569.0,125.658
2026-05-22 11:15:00-04:00,125.64,125.8,125.62,125.63,675.0,125.69
2026-05-22 11:16:00-04:00,125.79,125.8,125.65,125.71,1523.0,125.736
2026-05-22 11:17:00-04:00,125.71,125.71,125.7,125.71,100.0,125.705
2026-05-22 11:18:00-04:00,125.89,125.89,125.89,125.89,375.0,125.89
2026-05-22 11:19:00-04:00,125.88,125.88,125.71,125.86,400.0,125.79
2026-05-22 11:20:00-04:00,125.8,125.8,125.73,125.73,300.0,125.777
2026-05-22 11:21:00-04:00,125.79,125.79,125.78,125.79,257.0,125.787
2026-05-22 11:22:00-04:00,125.79,125.81,125.78,125.81,1500.0,125.787
2026-05-22 11:23:00-04:00,125.8,125.8,125.61,125.61,300.0,125.73
2026-05-22 11:24:00-04:00,125.77,125.82,125.77,125.81,1814.0,125.792
2026-05-22 11:25:00-04:00,125.74,125.88,125.74,125.83,1628.0,125.81
2026-05-22 11:26:00-04:00,125.88,125.88,125.77,125.77,200.0,125.823
2026-05-22 11:27:00-04:00,125.78,125.83,125.77,125.78,700.0,125.783
2026-05-22 11:28:00-04:00,125.85,125.85,125.73,125.73,655.0,125.832
2026-05-22 11:29:00-04:00,125.72,125.74,125.72,125.74,200.0,125.728
2026-05-22 11:30:00-04:00,125.74,125.81,125.5,125.61,6066.0,125.741
2026-05-22 11:31:00-04:00,125.63,125.63,125.63,125.63,500.0,125.63
2026-05-22 11:32:00-04:00,125.63,125.63,125.63,125.63,0.0,125.63
2026-05-22 11:33:00-04:00,125.4,125.4,125.4,125.4,100.0,125.4
2026-05-22 11:34:00-04:00,125.4,125.4,125.4,125.4,0.0,125.4
2026-05-22 11:35:00-04:00,125.59,125.59,125.4,125.57,500.0,125.478
2026-05-22 11:36:00-04:00,125.61,125.61,125.43,125.46,781.0,125.536
2026-05-22 11:37:00-04:00,125.46,125.46,125.46,125.46,0.0,125.46
2026-05-22 11:38:00-04:00,125.43,125.58,125.4,125.41,400.0,125.462
2026-05-22 11:39:00-04:00,125.43,125.44,125.43,125.44,600.0,125.435
2026-05-22 11:40:00-04:00,125.35,125.46,125.26,125.46,1367.0,125.316
2026-05-22 11:41:00-04:00,125.46,125.46,125.46,125.46,0.0,125.46
2026-05-22 11:42:00-04:00,125.46,125.46,125.46,125.46,0.0,125.46
2026-05-22 11:43:00-04:00,125.36,125.37,125.35,125.37,400.0,125.359
2026-05-22 11:44:00-04:00,125.37,125.37,125.36,125.37,320.0,125.365
2026-05-22 11:45:00-04:00,125.37,125.5,125.36,125.5,628.0,125.386
2026-05-22 11:46:00-04:00,125.5,125.75,125.48,125.49,2769.0,125.598
2026-05-22 11:47:00-04:00,125.49,125.63,125.49,125.5,818.0,125.54
2026-05-22 11:48:00-04:00,125.5,125.63,125.49,125.63,200.0,125.56
2026-05-22 11:49:00-04:00,125.5,125.75,125.49,125.75,800.0,125.586
2026-05-22 11:50:00-04:00,125.56,125.75,125.52,125.53,2064.0,125.599
2026-05-22 11:51:00-04:00,125.46,125.47,125.14,125.26,4867.0,125.349
2026-05-22 11:52:00-04:00,125.26,125.46,125.18,125.46,2306.0,125.297
2026-05-22 11:53:00-04:00,125.52,125.68,125.44,125.46,5213.0,125.552
2026-05-22 11:54:00-04:00,125.46,125.56,125.46,125.47,1287.0,125.487
2026-05-22 11:55:00-04:00,125.45,125.56,125.32,125.34,2741.0,125.404
2026-05-22 11:56:00-04:00,125.45,125.5,125.28,125.5,4726.0,125.397
2026-05-22 11:57:00-04:00,125.4,125.67,125.4,125.67,1790.0,125.536
2026-05-22 11:58:00-04:00,125.62,125.66,125.56,125.56,1552.0,125.63
2026-05-22 11:59:00-04:00,125.68,125.75,125.67,125.68,2114.0,125.71
2026-05-22 12:00:00-04:00,125.73,125.89,125.68,125.77,1782.0,125.773
2026-05-22 12:01:00-04:00,125.76,125.86,125.65,125.79,1926.0,125.751
2026-05-22 12:02:00-04:00,125.71,125.89,125.62,125.63,760.0,125.757
2026-05-22 12:03:00-04:00,125.87,125.97,125.77,125.97,2044.0,125.836
2026-05-22 12:04:00-04:00,126.01,126.04,125.89,126.04,882.0,125.965
2026-05-22 12:05:00-04:00,125.97,125.97,125.85,125.87,1100.0,125.888
2026-05-22 12:06:00-04:00,125.81,125.85,125.81,125.85,400.0,125.838
2026-05-22 12:07:00-04:00,125.85,125.85,125.84,125.85,200.0,125.845
2026-05-22 12:08:00-04:00,125.85,125.85,125.84,125.85,112.0,125.845
2026-05-22 12:09:00-04:00,125.83,125.83,125.83,125.83,212.0,125.83
2026-05-22 12:10:00-04:00,125.82,125.86,125.82,125.86,300.0,125.837
2026-05-22 12:11:00-04:00,125.86,125.86,125.76,125.76,300.0,125.823
2026-05-22 12:12:00-04:00,125.82,125.82,125.81,125.82,100.0,125.815
2026-05-22 12:13:00-04:00,125.91,125.97,125.87,125.92,1409.0,125.925
2026-05-22 12:14:00-04:00,125.87,125.9,125.78,125.79,911.0,125.836
2026-05-22 12:15:00-04:00,125.79,125.79,125.79,125.79,0.0,125.79
2026-05-22 12:16:00-04:00,125.9,125.92,125.83,125.88,1752.0,125.879
2026-05-22 12:17:00-04:00,125.99,125.99,125.88,125.96,500.0,125.918
2026-05-22 12:18:00-04:00,125.75,126.0,125.75,125.82,4659.0,125.885
2026-05-22 12:19:00-04:00,125.8,125.8,125.72,125.72,600.0,125.74
2026-05-22 12:20:00-04:00,125.81,125.81,125.81,125.81,100.0,125.81
2026-05-22 12:21:00-04:00,125.81,125.81,125.81,125.81,0.0,125.81
2026-05-22 12:22:00-04:00,125.81,125.81,125.81,125.81,0.0,125.81
2026-05-22 12:23:00-04:00,125.64,125.75,125.64,125.75,300.0,125.707
2026-05-22 12:24:00-04:00,125.78,125.78,125.68,125.68,400.0,125.755
2026-05-22 12:25:00-04:00,125.62,125.68,125.6,125.68,411.0,125.631
2026-05-22 12:26:00-04:00,125.7,125.7,125.65,125.66,347.0,125.682
2026-05-22 12:27:00-04:00,125.85,125.9,125.85,125.89,1376.0,125.876
2026-05-22 12:28:00-04:00,125.9,125.9,125.81,125.82,300.0,125.842
2026-05-22 12:29:00-04:00,125.82,125.82,125.81,125.82,344.0,125.815
2026-05-22 12:30:00-04:00,125.82,125.82,125.82,125.82,0.0,125.82
2026-05-22 12:31:00-04:00,125.82,125.82,125.82,125.82,0.0,125.82
2026-05-22 12:32:00-04:00,125.9,126.1,125.84,126.1,4427.0,126.0
2026-05-22 12:33:00-04:00,126.09,126.16,126.08,126.16,400.0,126.104
2026-05-22 12:34:00-04:00,126.14,126.14,126.13,126.14,220.0,126.135
2026-05-22 12:35:00-04:00,126.14,126.14,126.14,126.14,100.0,126.14
2026-05-22 12:36:00-04:00,126.23,126.23,126.23,126.23,300.0,126.23
2026-05-22 12:37:00-04:00,126.22,126.29,126.22,126.22,1787.0,126.268
2026-05-22 12:38:00-04:00,126.22,126.26,126.22,126.22,400.0,126.23
2026-05-22 12:39:00-04:00,126.21,126.37,126.21,126.37,800.0,126.291
2026-05-22 12:40:00-04:00,126.37,126.37,126.37,126.37,0.0,126.37
2026-05-22 12:41:00-04:00,126.29,126.29,126.28,126.29,108.0,126.288
2026-05-22 12:42:00-04:00,126.4,126.43,126.3,126.3,1009.0,126.376
2026-05-22 12:43:00-04:00,126.4,126.4,126.39,126.39,278.0,126.395
2026-05-22 12:44:00-04:00,126.43,126.43,126.43,126.43,400.0,126.43
2026-05-22 12:45:00-04:00,126.42,126.48,126.42,126.47,400.0,126.446
2026-05-22 12:46:00-04:00,126.53,126.79,126.53,126.79,3060.0,126.67
2026-05-22 12:47:00-04:00,126.79,127.0,126.74,126.96,2000.0,126.856
2026-05-22 12:48:00-04:00,126.96,126.98,126.81,126.9,1638.0,126.911
2026-05-22 12:49:00-04:00,126.92,126.92,126.77,126.89,2288.0,126.851
2026-05-22 12:50:00-04:00,126.98,126.98,126.79,126.98,1421.0,126.856
2026-05-22 12:51:00-04:00,126.89,126.89,126.7,126.7,1748.0,126.792
2026-05-22 12:52:00-04:00,126.8,126.8,126.68,126.79,2026.0,126.715
2026-05-22 12:53:00-04:00,126.85,126.85,126.84,126.85,100.0,126.845
2026-05-22 12:54:00-04:00,126.81,126.93,126.81,126.91,1164.0,126.871
2026-05-22 12:55:00-04:00,126.93,126.93,126.87,126.93,969.0,126.906
2026-05-22 12:56:00-04:00,126.97,126.97,126.85,126.91,1463.0,126.88
2026-05-22 12:57:00-04:00,126.97,126.97,126.91,126.91,532.0,126.921
2026-05-22 12:58:00-04:00,126.98,127.01,126.93,127.0,1060.0,126.982
2026-05-22 12:59:00-04:00,126.96,127.11,126.95,127.1,2648.0,127.071
2026-05-22 13:00:00-04:00,127.1,127.1,126.91,127.02,1755.0,127.002
2026-05-22 13:01:00-04:00,127.0,127.02,126.84,126.85,2288.0,126.974
2026-05-22 13:02:00-04:00,126.99,126.99,126.99,126.99,200.0,126.99
2026-05-22 13:03:00-04:00,126.84,126.84,126.58,126.65,3723.0,126.703
2026-05-22 13:04:00-04:00,126.65,126.65,126.64,126.65,300.0,126.645
2026-05-22 13:05:00-04:00,126.64,126.65,126.64,126.65,450.0,126.642
2026-05-22 13:06:00-04:00,126.46,126.82,126.45,126.78,4209.0,126.651
2026-05-22 13:07:00-04:00,126.78,126.78,126.46,126.46,350.0,126.554
2026-05-22 13:08:00-04:00,126.8,126.8,126.45,126.69,3300.0,126.519
2026-05-22 13:09:00-04:00,126.7,126.7,126.7,126.7,600.0,126.7
2026-05-22 13:10:00-04:00,126.85,126.85,126.75,126.76,512.0,126.816
2026-05-22 13:11:00-04:00,126.76,126.89,126.75,126.89,3285.0,126.848
2026-05-22 13:12:00-04:00,126.84,126.84,126.51,126.51,530.0,126.572
2026-05-22 13:13:00-04:00,126.83,126.83,126.83,126.83,100.0,126.83
2026-05-22 13:14:00-04:00,126.89,126.89,126.89,126.89,100.0,126.89
2026-05-22 13:15:00-04:00,126.85,126.88,126.83,126.88,900.0,126.856
2026-05-22 13:16:00-04:00,126.88,126.88,126.7,126.7,600.0,126.76
2026-05-22 13:17:00-04:00,126.88,126.88,126.71,126.88,614.0,126.8
2026-05-22 13:18:00-04:00,126.88,126.89,126.88,126.89,200.0,126.885
2026-05-22 13:19:00-04:00,126.89,126.95,126.65,126.73,4503.0,126.772
2026-05-22 13:20:00-04:00,126.76,126.9,126.75,126.9,428.0,126.815
2026-05-22 13:21:00-04:00,126.83,126.83,126.75,126.82,460.0,126.78
2026-05-22 13:22:00-04:00,126.82,126.82,126.82,126.82,0.0,126.82
2026-05-22 13:23:00-04:00,126.72,126.72,126.71,126.72,200.0,126.715
2026-05-22 13:24:00-04:00,126.59,126.68,126.48,126.59,2901.0,126.533
2026-05-22 13:25:00-04:00,126.8,126.8,126.69,126.7,675.0,126.71
2026-05-22 13:26:00-04:00,126.69,126.69,126.68,126.69,338.0,126.685
2026-05-22 13:27:00-04:00,126.69,126.82,126.68,126.82,300.0,126.758
2026-05-22 13:28:00-04:00,126.82,127.0,126.79,127.0,4964.0,126.909
2026-05-22 13:29:00-04:00,127.04,127.28,127.02,127.28,4760.0,127.187
2026-05-22 13:30:00-04:00,127.28,127.28,127.05,127.12,1200.0,127.183
2026-05-22 13:31:00-04:00,127.1,127.1,127.1,127.1,300.0,127.1
2026-05-22 13:32:00-04:00,127.22,127.22,127.13,127.16,1000.0,127.16
2026-05-22 13:33:00-04:00,127.15,127.15,127.0,127.15,1000.0,127.135
2026-05-22 13:34:00-04:00,127.15,127.15,126.99,127.0,400.0,127.035
2026-05-22 13:35:00-04:00,126.89,127.01,126.89,127.01,300.0,126.943
2026-05-22 13:36:00-04:00,126.97,127.03,126.84,126.88,1855.0,126.912
2026-05-22 13:37:00-04:00,126.79,126.79,126.79,126.79,250.0,126.79
2026-05-22 13:38:00-04:00,126.92,126.99,126.82,126.82,5400.0,126.915
2026-05-22 13:39:00-04:00,126.82,126.83,126.77,126.83,2476.0,126.786
2026-05-22 13:40:00-04:00,126.81,126.81,126.8,126.81,100.0,126.805
2026-05-22 13:41:00-04:00,126.8,126.87,126.79,126.82,300.0,126.827
2026-05-22 13:42:00-04:00,126.89,126.91,126.88,126.91,500.0,126.89
2026-05-22 13:43:00-04:00,126.91,126.91,126.91,126.91,0.0,126.91
2026-05-22 13:44:00-04:00,126.99,126.99,126.88,126.99,1611.0,126.942
2026-05-22 13:45:00-04:00,126.94,126.94,126.86,126.87,2741.0,126.877
2026-05-22 13:46:00-04:00,126.93,126.93,126.86,126.87,1230.0,126.88
2026-05-22 13:47:00-04:00,126.87,126.9,126.77,126.77,2457.0,126.82
2026-05-22 13:48:00-04:00,126.77,126.77,126.76,126.77,248.0,126.765
2026-05-22 13:49:00-04:00,126.77,126.86,126.76,126.86,200.0,126.81
2026-05-22 13:50:00-04:00,126.77,126.77,126.76,126.77,200.0,126.765
2026-05-22 13:51:00-04:00,126.77,126.77,126.77,126.77,0.0,126.77
2026-05-22 13:52:00-04:00,126.77,126.77,126.77,126.77,0.0,126.77
2026-05-22 13:53:00-04:00,126.78,126.88,126.77,126.78,1700.0,126.781
2026-05-22 13:54:00-04:00,126.78,126.78,126.63,126.7,1500.0,126.724
2026-05-22 13:55:00-04:00,126.75,126.75,126.74,126.75,300.0,126.745
2026-05-22 13:56:00-04:00,126.75,126.76,126.74,126.75,500.0,126.751
2026-05-22 13:57:00-04:00,126.75,126.75,126.75,126.75,353.0,126.75
2026-05-22 13:58:00-04:00,126.75,126.75,126.75,126.75,300.0,126.75
2026-05-22 13:59:00-04:00,126.74,126.74,126.54,126.54,1931.0,126.639
2026-05-22 14:00:00-04:00,126.59,126.59,126.58,126.59,493.0,126.585
2026-05-22 14:01:00-04:00,126.59,126.59,126.4,126.5,7312.0,126.419
2026-05-22 14:02:00-04:00,126.5,126.5,126.2,126.29,1300.0,126.328
2026-05-22 14:03:00-04:00,126.3,126.3,126.3,126.3,124.0,126.3
2026-05-22 14:04:00-04:00,126.28,126.31,126.25,126.29,533.0,126.275
2026-05-22 14:05:00-04:00,126.39,126.39,126.39,126.39,200.0,126.39
2026-05-22 14:06:00-04:00,126.39,126.39,126.39,126.39,0.0,126.39
2026-05-22 14:07:00-04:00,126.31,126.31,126.31,126.31,486.0,126.31
2026-05-22 14:08:00-04:00,126.19,126.37,126.09,126.09,1582.0,126.206
2026-05-22 14:09:00-04:00,126.08,126.17,126.07,126.17,3344.0,126.096
2026-05-22 14:10:00-04:00,126.14,126.21,126.13,126.2,1225.0,126.163
2026-05-22 14:11:00-04:00,126.2,126.2,126.2,126.2,100.0,126.2
2026-05-22 14:12:00-04:00,126.13,126.13,126.12,126.13,200.0,126.128
2026-05-22 14:13:00-04:00,126.05,126.19,125.95,126.19,1256.0,126.042
2026-05-22 14:14:00-04:00,126.15,126.19,125.89,126.1,512.0,126.103
2026-05-22 14:15:00-04:00,126.17,126.25,126.15,126.16,2830.0,126.204
2026-05-22 14:16:00-04:00,126.16,126.16,126.16,126.16,100.0,126.16
2026-05-22 14:17:00-04:00,126.11,126.12,126.04,126.12,1054.0,126.057
2026-05-22 14:18:00-04:00,126.13,126.13,126.11,126.11,200.0,126.12
2026-05-22 14:19:00-04:00,126.04,126.17,125.97,126.16,665.0,126.081
2026-05-22 14:20:00-04:00,126.17,126.17,126.11,126.11,918.0,126.159
2026-05-22 14:21:00-04:00,126.12,126.2,126.02,126.06,1510.0,126.123
2026-05-22 14:22:00-04:00,126.19,126.19,125.89,125.89,2425.0,126.033
2026-05-22 14:23:00-04:00,125.89,125.93,125.87,125.88,1050.0,125.892
2026-05-22 14:24:00-04:00,125.88,125.88,125.88,125.88,0.0,125.88
2026-05-22 14:25:00-04:00,125.93,125.93,125.9,125.9,300.0,125.91
2026-05-22 14:26:00-04:00,125.82,125.83,125.77,125.77,1360.0,125.797
2026-05-22 14:27:00-04:00,125.83,125.83,125.82,125.83,158.0,125.825
2026-05-22 14:28:00-04:00,125.9,125.9,125.88,125.89,400.0,125.893
2026-05-22 14:29:00-04:00,125.88,125.91,125.88,125.91,500.0,125.888
2026-05-22 14:30:00-04:00,125.86,125.87,125.76,125.8,909.0,125.818
2026-05-22 14:31:00-04:00,125.76,125.76,125.69,125.74,2114.0,125.741
2026-05-22 14:32:00-04:00,125.76,125.82,125.76,125.79,620.0,125.793
2026-05-22 14:33:00-04:00,125.81,125.99,125.81,125.93,2769.0,125.894
2026-05-22 14:34:00-04:00,125.86,125.88,125.86,125.88,500.0,125.872
2026-05-22 14:35:00-04:00,125.87,125.87,125.87,125.87,550.0,125.87
2026-05-22 14:36:00-04:00,125.94,125.94,125.87,125.87,400.0,125.886
2026-05-22 14:37:00-04:00,125.87,125.87,125.81,125.81,467.0,125.834
2026-05-22 14:38:00-04:00,125.87,125.87,125.85,125.85,420.0,125.865
2026-05-22 14:39:00-04:00,125.9,126.0,125.86,126.0,1297.0,125.905
2026-05-22 14:40:00-04:00,125.9,125.9,125.9,125.9,300.0,125.9
2026-05-22 14:41:00-04:00,125.8,125.8,125.8,125.8,100.0,125.8
2026-05-22 14:42:00-04:00,125.81,125.85,125.78,125.85,700.0,125.806
2026-05-22 14:43:00-04:00,125.85,125.85,125.85,125.85,0.0,125.85
2026-05-22 14:44:00-04:00,125.77,125.78,125.67,125.67,300.0,125.738
2026-05-22 14:45:00-04:00,125.85,126.0,125.83,125.93,13367.0,125.9
2026-05-22 14:46:00-04:00,125.69,125.69,125.57,125.6,2000.0,125.631
2026-05-22 14:47:00-04:00,125.63,125.63,125.48,125.48,1210.0,125.522
2026-05-22 14:48:00-04:00,125.5,125.62,125.46,125.54,1937.0,125.513
2026-05-22 14:49:00-04:00,125.42,125.52,125.38,125.39,1858.0,125.422
2026-05-22 14:50:00-04:00,125.44,125.5,125.44,125.45,1800.0,125.453
2026-05-22 14:51:00-04:00,125.54,125.54,125.4,125.41,800.0,125.474
2026-05-22 14:52:00-04:00,125.5,125.55,125.49,125.5,300.0,125.513
2026-05-22 14:53:00-04:00,125.49,125.49,125.38,125.38,259.0,125.448
2026-05-22 14:54:00-04:00,125.38,125.38,125.38,125.38,0.0,125.38
2026-05-22 14:55:00-04:00,125.49,125.49,125.48,125.49,200.0,125.485
2026-05-22 14:56:00-04:00,125.4,125.49,125.4,125.47,513.0,125.431
2026-05-22 14:57:00-04:00,125.47,125.47,125.36,125.38,1300.0,125.408
2026-05-22 14:58:00-04:00,125.45,125.45,125.41,125.42,1514.0,125.422
2026-05-22 14:59:00-04:00,125.42,125.42,125.42,125.42,0.0,125.42
2026-05-22 15:00:00-04:00,125.52,125.52,125.42,125.42,1100.0,125.491
2026-05-22 15:01:00-04:00,125.52,125.55,125.4,125.41,2445.0,125.488
2026-05-22 15:02:00-04:00,125.51,125.54,125.46,125.46,300.0,125.503
2026-05-22 15:03:00-04:00,125.42,125.47,125.36,125.41,400.0,125.415
2026-05-22 15:04:00-04:00,125.41,125.42,125.41,125.42,399.0,125.414
2026-05-22 15:05:00-04:00,125.42,125.5,125.41,125.5,200.0,125.455
2026-05-22 15:06:00-04:00,125.51,125.51,125.5,125.51,100.0,125.505
2026-05-22 15:07:00-04:00,125.51,125.51,125.42,125.51,400.0,125.468
2026-05-22 15:08:00-04:00,125.49,125.5,125.45,125.47,1568.0,125.481
2026-05-22 15:09:00-04:00,125.39,125.39,125.35,125.38,1815.0,125.368
2026-05-22 15:10:00-04:00,125.37,125.37,125.36,125.37,300.0,125.365
2026-05-22 15:11:00-04:00,125.37,125.37,125.37,125.37,0.0,125.37
2026-05-22 15:12:00-04:00,125.35,125.39,125.34,125.39,200.0,125.368
2026-05-22 15:13:00-04:00,125.35,125.39,125.35,125.39,236.0,125.373
2026-05-22 15:14:00-04:00,125.32,125.32,125.14,125.26,4345.0,125.234
2026-05-22 15:15:00-04:00,125.23,125.29,125.22,125.23,522.0,125.24
2026-05-22 15:16:00-04:00,125.27,125.27,125.16,125.25,716.0,125.201
2026-05-22 15:17:00-04:00,125.23,125.29,125.22,125.29,200.0,125.255
2026-05-22 15:18:00-04:00,125.23,125.35,125.23,125.31,3050.0,125.315
2026-05-22 15:19:00-04:00,125.33,125.41,125.18,125.23,2419.0,125.303
2026-05-22 15:20:00-04:00,125.31,125.31,125.3,125.31,237.0,125.31
2026-05-22 15:21:00-04:00,125.22,125.22,125.12,125.12,790.0,125.172
2026-05-22 15:22:00-04:00,125.2,125.3,125.16,125.29,891.0,125.231
2026-05-22 15:23:00-04:00,125.32,125.32,125.31,125.31,300.0,125.313
2026-05-22 15:24:00-04:00,125.31,125.31,125.23,125.26,1215.0,125.256
2026-05-22 15:25:00-04:00,125.23,125.24,125.17,125.17,600.0,125.194
2026-05-22 15:26:00-04:00,125.23,125.24,125.16,125.2,722.0,125.198
2026-05-22 15:27:00-04:00,125.17,125.21,125.16,125.21,200.0,125.188
2026-05-22 15:28:00-04:00,125.21,125.22,125.17,125.22,1226.0,125.193
2026-05-22 15:29:00-04:00,125.18,125.19,125.09,125.17,5276.0,125.116
2026-05-22 15:30:00-04:00,125.14,125.15,125.08,125.15,2850.0,125.108
2026-05-22 15:31:00-04:00,125.14,125.27,125.14,125.23,2061.0,125.198
2026-05-22 15:32:00-04:00,125.27,125.4,125.27,125.4,1362.0,125.345
2026-05-22 15:33:00-04:00,125.42,125.54,125.32,125.34,3370.0,125.394
2026-05-22 15:34:00-04:00,125.34,125.38,125.2,125.26,1739.0,125.285
2026-05-22 15:35:00-04:00,125.32,125.32,125.32,125.32,100.0,125.32
2026-05-22 15:36:00-04:00,125.31,125.31,125.29,125.29,200.0,125.3
2026-05-22 15:37:00-04:00,125.29,125.34,125.21,125.33,1220.0,125.292
2026-05-22 15:38:00-04:00,125.32,125.38,125.32,125.38,1405.0,125.332
2026-05-22 15:39:00-04:00,125.38,125.41,125.32,125.41,2278.0,125.382
2026-05-22 15:40:00-04:00,125.38,125.38,125.29,125.29,1895.0,125.349
2026-05-22 15:41:00-04:00,125.36,125.36,125.21,125.24,1816.0,125.275
2026-05-22 15:42:00-04:00,125.26,125.3,125.21,125.25,8393.0,125.234
2026-05-22 15:43:00-04:00,125.29,125.29,125.16,125.19,2137.0,125.203
2026-05-22 15:44:00-04:00,125.24,125.29,125.14,125.27,3175.0,125.214
2026-05-22 15:45:00-04:00,125.29,125.41,125.25,125.4,4573.0,125.323
2026-05-22 15:46:00-04:00,125.37,125.42,125.18,125.19,4336.0,125.317
2026-05-22 15:47:00-04:00,125.26,125.48,125.25,125.48,3236.0,125.351
2026-05-22 15:48:00-04:00,125.48,125.55,125.48,125.55,2815.0,125.523
2026-05-22 15:49:00-04:00,125.52,125.59,125.51,125.51,1271.0,125.539
2026-05-22 15:50:00-04:00,125.51,125.58,125.26,125.29,10403.0,125.414
2026-05-22 15:51:00-04:00,125.29,125.51,125.28,125.51,5482.0,125.388
2026-05-22 15:52:00-04:00,125.53,125.53,125.43,125.48,2156.0,125.463
2026-05-22 15:53:00-04:00,125.43,125.52,125.35,125.43,4387.0,125.404
2026-05-22 15:54:00-04:00,125.35,125.47,125.27,125.41,13028.0,125.363
2026-05-22 15:55:00-04:00,125.26,125.58,125.13,125.54,18192.0,125.452
2026-05-22 15:56:00-04:00,125.54,125.68,125.54,125.64,9074.0,125.61
2026-05-22 15:57:00-04:00,125.64,125.68,125.37,125.62,11927.0,125.576
2026-05-22 15:58:00-04:00,125.58,125.6,125.52,125.55,21988.0,125.554
2026-05-22 15:59:00-04:00,125.54,125.63,125.53,125.55,55785.0,125.557
2026-05-26 09:30:00-04:00,127.0,127.81,126.43,127.8,45374.0,126.545
2026-05-26 09:31:00-04:00,127.06,127.07,126.77,126.78,548.0,126.889
2026-05-26 09:32:00-04:00,127.09,127.09,126.79,126.79,513.0,126.848
2026-05-26 09:33:00-04:00,126.99,126.99,126.78,126.78,278.0,126.914
2026-05-26 09:34:00-04:00,126.59,127.03,126.45,127.03,5351.0,126.718
2026-05-26 09:35:00-04:00,127.03,127.29,126.44,126.44,1370.0,126.796
2026-05-26 09:36:00-04:00,126.46,126.46,125.72,125.99,2090.0,126.023
2026-05-26 09:37:00-04:00,125.72,126.23,125.72,126.09,1751.0,126.007
2026-05-26 09:38:00-04:00,126.08,126.08,126.08,126.08,100.0,126.08
2026-05-26 09:39:00-04:00,125.87,125.87,125.28,125.4,6015.0,125.499
2026-05-26 09:40:00-04:00,125.43,125.84,125.43,125.84,900.0,125.564
2026-05-26 09:41:00-04:00,125.62,125.92,125.54,125.92,2733.0,125.638
2026-05-26 09:42:00-04:00,125.73,125.74,125.53,125.7,2919.0,125.651
2026-05-26 09:43:00-04:00,125.53,126.15,125.52,126.09,3540.0,125.931
2026-05-26 09:44:00-04:00,126.14,126.3,125.5,125.81,31264.0,125.759
2026-05-26 09:45:00-04:00,125.85,125.85,125.49,125.74,1822.0,125.633
2026-05-26 09:46:00-04:00,125.74,125.95,125.52,125.95,800.0,125.719
2026-05-26 09:47:00-04:00,125.91,126.01,125.76,125.95,6456.0,125.849
2026-05-26 09:48:00-04:00,125.98,126.0,125.71,125.85,1800.0,125.892
2026-05-26 09:49:00-04:00,125.98,126.47,125.98,126.46,8042.0,126.155
2026-05-26 09:50:00-04:00,126.23,126.24,126.22,126.23,3225.0,126.231
2026-05-26 09:51:00-04:00,126.23,126.24,126.18,126.24,5050.0,126.23
2026-05-26 09:52:00-04:00,126.24,126.24,126.24,126.24,900.0,126.24
2026-05-26 09:53:00-04:00,126.48,126.64,126.44,126.64,1020.0,126.508
2026-05-26 09:54:00-04:00,126.55,126.84,126.55,126.7,1693.0,126.692
2026-05-26 09:55:00-04:00,126.71,126.87,126.33,126.33,3601.0,126.57
2026-05-26 09:56:00-04:00,126.44,126.45,126.42,126.42,500.0,126.442
2026-05-26 09:57:00-04:00,126.41,126.41,126.05,126.35,1200.0,126.212
2026-05-26 09:58:00-04:00,126.27,126.55,126.27,126.55,529.0,126.406
2026-05-26 09:59:00-04:00,126.67,126.89,126.6,126.89,615.0,126.736
2026-05-26 10:00:00-04:00,126.82,127.2,126.82,127.2,1300.0,127.074
2026-05-26 10:01:00-04:00,127.22,127.59,127.22,127.55,2131.0,127.446
2026-05-26 10:02:00-04:00,127.5,127.81,127.39,127.81,3262.0,127.55
2026-05-26 10:03:00-04:00,127.74,127.89,127.6,127.89,1120.0,127.825
2026-05-26 10:04:00-04:00,127.84,128.08,127.84,128.08,5952.0,127.96
2026-05-26 10:05:00-04:00,128.03,128.36,128.02,128.28,2300.0,128.183
2026-05-26 10:06:00-04:00,128.38,128.4,128.15,128.16,2100.0,128.308
2026-05-26 10:07:00-04:00,128.31,128.73,128.3,128.73,2365.0,128.553
2026-05-26 10:08:00-04:00,128.6,128.6,128.54,128.57,2251.0,128.596
2026-05-26 10:09:00-04:00,128.49,128.5,128.32,128.32,3321.0,128.413
2026-05-26 10:10:00-04:00,128.56,128.57,128.41,128.42,2902.0,128.49
2026-05-26 10:11:00-04:00,128.31,128.5,128.31,128.5,400.0,128.403
2026-05-26 10:12:00-04:00,128.44,129.01,128.33,128.95,11084.0,128.747
2026-05-26 10:13:00-04:00,128.95,129.1,128.85,128.95,2194.0,128.965
2026-05-26 10:14:00-04:00,128.98,129.13,128.98,129.11,2651.0,129.079
2026-05-26 10:15:00-04:00,129.07,129.07,128.82,128.89,1200.0,128.942
2026-05-26 10:16:00-04:00,128.95,129.15,128.86,128.92,1000.0,128.98
2026-05-26 10:17:00-04:00,128.82,128.82,128.82,128.82,300.0,128.82
2026-05-26 10:18:00-04:00,128.82,128.83,128.25,128.26,4305.0,128.566
2026-05-26 10:19:00-04:00,128.52,128.52,128.52,128.52,250.0,128.52
2026-05-26 10:20:00-04:00,128.65,128.86,128.65,128.86,720.0,128.711
2026-05-26 10:21:00-04:00,128.87,128.98,128.71,128.72,1775.0,128.844
2026-05-26 10:22:00-04:00,128.98,128.98,128.7,128.89,1318.0,128.834
2026-05-26 10:23:00-04:00,128.8,128.99,128.8,128.87,5517.0,128.932
2026-05-26 10:24:00-04:00,128.76,128.78,128.6,128.72,1559.0,128.728
2026-05-26 10:25:00-04:00,128.71,129.0,128.7,129.0,4671.0,128.856
2026-05-26 10:26:00-04:00,129.04,129.1,128.95,129.1,550.0,129.039
2026-05-26 10:27:00-04:00,129.09,129.09,128.8,128.94,3171.0,128.853
2026-05-26 10:28:00-04:00,128.94,128.94,128.69,128.69,1200.0,128.818
2026-05-26 10:29:00-04:00,128.66,128.8,128.64,128.8,400.0,128.725
2026-05-26 10:30:00-04:00,128.86,128.86,128.54,128.55,2185.0,128.632
2026-05-26 10:31:00-04:00,128.68,128.68,128.42,128.54,500.0,128.542
2026-05-26 10:32:00-04:00,128.43,128.51,128.37,128.38,1594.0,128.398
2026-05-26 10:33:00-04:00,128.36,128.36,128.36,128.36,100.0,128.36
2026-05-26 10:34:00-04:00,128.36,128.36,128.36,128.36,0.0,128.36
2026-05-26 10:35:00-04:00,128.41,128.42,128.27,128.27,447.0,128.335
2026-05-26 10:36:00-04:00,128.55,128.59,128.43,128.43,1213.0,128.533
2026-05-26 10:37:00-04:00,128.43,128.43,128.43,128.43,298.0,128.43
2026-05-26 10:38:00-04:00,128.41,128.41,128.25,128.28,1083.0,128.298
2026-05-26 10:39:00-04:00,128.34,128.39,128.27,128.27,4220.0,128.311
2026-05-26 10:40:00-04:00,128.39,128.39,128.39,128.39,152.0,128.39
2026-05-26 10:41:00-04:00,128.51,128.8,128.51,128.59,4220.0,128.616
2026-05-26 10:42:00-04:00,128.64,128.79,128.64,128.7,5765.0,128.733
2026-05-26 10:43:00-04:00,128.6,128.78,128.6,128.72,3353.0,128.709
2026-05-26 10:44:00-04:00,128.54,128.55,128.43,128.44,1789.0,128.502
2026-05-26 10:45:00-04:00,128.55,128.55,128.55,128.55,100.0,128.55
2026-05-26 10:46:00-04:00,128.4,128.56,128.4,128.56,400.0,128.494
2026-05-26 10:47:00-04:00,128.5,128.5,128.43,128.43,550.0,128.475
2026-05-26 10:48:00-04:00,128.48,128.51,128.37,128.38,2563.0,128.462
2026-05-26 10:49:00-04:00,128.55,128.65,128.48,128.59,5517.0,128.554
2026-05-26 10:50:00-04:00,128.56,128.67,128.55,128.59,1150.0,128.598
2026-05-26 10:51:00-04:00,128.67,128.67,128.52,128.63,923.0,128.568
2026-05-26 10:52:00-04:00,128.66,128.68,128.33,128.36,5011.0,128.512
2026-05-26 10:53:00-04:00,128.29,128.47,128.29,128.41,3873.0,128.391
2026-05-26 10:54:00-04:00,128.41,128.46,128.36,128.45,925.0,128.416
2026-05-26 10:55:00-04:00,128.46,128.66,128.46,128.66,15377.0,128.625
2026-05-26 10:56:00-04:00,128.63,128.67,128.47,128.47,3495.0,128.572
2026-05-26 10:57:00-04:00,128.48,128.5,128.47,128.5,640.0,128.486
2026-05-26 10:58:00-04:00,128.5,128.55,128.41,128.5,1185.0,128.502
2026-05-26 10:59:00-04:00,128.5,128.5,128.39,128.4,800.0,128.423
2026-05-26 11:00:00-04:00,128.35,128.54,128.35,128.44,950.0,128.439
2026-05-26 11:01:00-04:00,128.44,128.54,128.44,128.54,400.0,128.493
2026-05-26 11:02:00-04:00,128.63,128.63,128.63,128.63,200.0,128.63
2026-05-26 11:03:00-04:00,128.69,128.69,128.69,128.69,400.0,128.69
2026-05-26 11:04:00-04:00,128.7,128.72,128.7,128.72,389.0,128.705
2026-05-26 11:05:00-04:00,128.68,128.74,128.57,128.63,1686.0,128.659
2026-05-26 11:06:00-04:00,128.61,128.62,128.55,128.59,2324.0,128.589
2026-05-26 11:07:00-04:00,128.49,128.49,128.29,128.3,2100.0,128.418
2026-05-26 11:08:00-04:00,128.34,128.43,128.29,128.43,940.0,128.351
2026-05-26 11:09:00-04:00,128.47,128.59,128.46,128.59,1536.0,128.505
2026-05-26 11:10:00-04:00,128.61,128.61,128.31,128.36,900.0,128.441
2026-05-26 11:11:00-04:00,128.44,128.44,128.29,128.29,1042.0,128.312
2026-05-26 11:12:00-04:00,128.54,128.54,128.15,128.15,1342.0,128.464
2026-05-26 11:13:00-04:00,128.15,128.15,128.15,128.15,0.0,128.15
2026-05-26 11:14:00-04:00,128.28,128.28,128.24,128.25,794.0,128.254
2026-05-26 11:15:00-04:00,128.29,128.3,128.29,128.29,100.0,128.295
2026-05-26 11:16:00-04:00,128.24,128.24,128.24,128.24,200.0,128.24
2026-05-26 11:17:00-04:00,128.27,128.27,128.27,128.27,100.0,128.27
2026-05-26 11:18:00-04:00,128.32,128.37,128.32,128.32,709.0,128.332
2026-05-26 11:19:00-04:00,128.39,128.4,128.39,128.39,100.0,128.395
2026-05-26 11:20:00-04:00,128.34,128.39,128.34,128.38,221.0,128.363
2026-05-26 11:21:00-04:00,128.32,128.33,128.3,128.32,400.0,128.316
2026-05-26 11:22:00-04:00,128.32,128.33,128.32,128.32,600.0,128.321
2026-05-26 11:23:00-04:00,128.34,128.34,128.25,128.25,1000.0,128.275
2026-05-26 11:24:00-04:00,128.25,128.27,127.83,127.86,6428.0,128.012
2026-05-26 11:25:00-04:00,127.86,127.86,127.86,127.86,0.0,127.86
2026-05-26 11:26:00-04:00,127.86,128.06,127.86,127.9,1507.0,127.989
2026-05-26 11:27:00-04:00,128.01,128.01,127.88,127.91,1360.0,127.931
2026-05-26 11:28:00-04:00,128.05,128.06,127.92,127.92,1200.0,127.942
2026-05-26 11:29:00-04:00,128.11,128.11,127.85,127.89,2278.0,127.917
2026-05-26 11:30:00-04:00,127.97,127.97,127.83,127.85,850.0,127.872
2026-05-26 11:31:00-04:00,127.84,127.89,127.81,127.81,1315.0,127.84
2026-05-26 11:32:00-04:00,127.81,127.81,127.81,127.81,0.0,127.81
2026-05-26 11:33:00-04:00,127.83,127.84,127.83,127.83,200.0,127.834
2026-05-26 11:34:00-04:00,127.78,127.78,127.69,127.69,424.0,127.733
2026-05-26 11:35:00-04:00,127.79,127.79,127.77,127.77,200.0,127.78
2026-05-26 11:36:00-04:00,127.85,127.85,127.79,127.8,400.0,127.807
2026-05-26 11:37:00-04:00,127.8,127.81,127.8,127.8,426.0,127.805
2026-05-26 11:38:00-04:00,127.91,128.09,127.91,128.09,1190.0,128.028
2026-05-26 11:39:00-04:00,128.07,128.08,128.05,128.05,929.0,128.055
2026-05-26 11:40:00-04:00,127.96,127.96,127.94,127.96,600.0,127.952
2026-05-26 11:41:00-04:00,127.96,128.15,127.96,128.12,670.0,128.086
2026-05-26 11:42:00-04:00,128.08,128.08,128.08,128.08,100.0,128.08
2026-05-26 11:43:00-04:00,127.97,128.01,127.89,127.89,400.0,127.955
2026-05-26 11:44:00-04:00,127.96,127.97,127.78,127.78,536.0,127.907
2026-05-26 11:45:00-04:00,127.77,127.78,127.76,127.78,501.0,127.77
2026-05-26 11:46:00-04:00,127.68,127.68,127.61,127.61,500.0,127.66
2026-05-26 11:47:00-04:00,127.59,127.65,127.59,127.65,200.0,127.62
2026-05-26 11:48:00-04:00,127.71,127.77,127.59,127.59,1000.0,127.68
2026-05-26 11:49:00-04:00,127.71,127.72,127.71,127.71,200.0,127.715
2026-05-26 11:50:00-04:00,127.73,127.78,127.73,127.78,200.0,127.755
2026-05-26 11:51:00-04:00,127.77,127.77,127.76,127.77,200.0,127.765
2026-05-26 11:52:00-04:00,127.77,127.77,127.77,127.77,0.0,127.77
2026-05-26 11:53:00-04:00,127.59,127.59,127.45,127.49,1541.0,127.513
2026-05-26 11:54:00-04:00,127.49,127.49,127.49,127.49,0.0,127.49
2026-05-26 11:55:00-04:00,127.44,127.58,127.44,127.57,707.0,127.506
2026-05-26 11:56:00-04:00,127.52,127.58,127.52,127.54,725.0,127.566
2026-05-26 11:57:00-04:00,127.49,127.49,127.47,127.47,300.0,127.483
2026-05-26 11:58:00-04:00,127.55,127.64,127.44,127.57,1950.0,127.57
2026-05-26 11:59:00-04:00,127.64,127.64,127.44,127.45,547.0,127.557
2026-05-26 12:00:00-04:00,127.52,127.52,127.52,127.52,100.0,127.52
2026-05-26 12:01:00-04:00,127.52,127.57,127.44,127.51,1908.0,127.48
2026-05-26 12:02:00-04:00,127.56,127.79,127.53,127.79,4400.0,127.659
2026-05-26 12:03:00-04:00,127.8,127.85,127.73,127.74,1000.0,127.78
2026-05-26 12:04:00-04:00,127.63,127.63,127.62,127.62,403.0,127.627
2026-05-26 12:05:00-04:00,127.67,127.67,127.67,127.67,100.0,127.67
2026-05-26 12:06:00-04:00,127.67,127.67,127.67,127.67,115.0,127.67
2026-05-26 12:07:00-04:00,127.76,127.81,127.76,127.81,600.0,127.787
2026-05-26 12:08:00-04:00,127.77,127.79,127.73,127.77,1826.0,127.762
2026-05-26 12:09:00-04:00,127.71,127.72,127.45,127.45,3112.0,127.56
2026-05-26 12:10:00-04:00,127.45,127.45,127.35,127.35,533.0,127.381
2026-05-26 12:11:00-04:00,127.35,127.35,127.35,127.35,0.0,127.35
2026-05-26 12:12:00-04:00,127.31,127.4,127.31,127.4,200.0,127.355
2026-05-26 12:13:00-04:00,127.39,127.39,127.23,127.3,768.0,127.307
2026-05-26 12:14:00-04:00,127.33,127.34,127.22,127.3,650.0,127.274
2026-05-26 12:15:00-04:00,127.3,127.31,127.22,127.22,1098.0,127.288
2026-05-26 12:16:00-04:00,127.2,127.4,127.19,127.4,900.0,127.331
2026-05-26 12:17:00-04:00,127.43,127.5,127.43,127.46,1300.0,127.465
2026-05-26 12:18:00-04:00,127.44,127.52,127.44,127.52,800.0,127.486
2026-05-26 12:19:00-04:00,127.52,127.52,127.52,127.52,0.0,127.52
2026-05-26 12:20:00-04:00,127.59,127.69,127.59,127.65,970.0,127.656
2026-05-26 12:21:00-04:00,127.65,127.65,127.65,127.65,0.0,127.65
2026-05-26 12:22:00-04:00,127.64,127.65,127.64,127.64,100.0,127.645
2026-05-26 12:23:00-04:00,127.61,127.65,127.61,127.65,300.0,127.627
2026-05-26 12:24:00-04:00,127.63,127.65,127.63,127.65,1600.0,127.649
2026-05-26 12:25:00-04:00,127.62,127.65,127.61,127.61,1100.0,127.627
2026-05-26 12:26:00-04:00,127.61,127.61,127.61,127.61,0.0,127.61
2026-05-26 12:27:00-04:00,127.63,127.63,127.56,127.58,955.0,127.592
2026-05-26 12:28:00-04:00,127.61,127.66,127.61,127.65,690.0,127.646
2026-05-26 12:29:00-04:00,127.67,127.75,127.67,127.74,1934.0,127.723
2026-05-26 12:30:00-04:00,127.74,127.75,127.68,127.68,550.0,127.721
2026-05-26 12:31:00-04:00,127.66,127.78,127.62,127.78,900.0,127.652
2026-05-26 12:32:00-04:00,127.66,127.84,127.66,127.84,1100.0,127.72
2026-05-26 12:33:00-04:00,127.81,127.81,127.71,127.71,600.0,127.737
2026-05-26 12:34:00-04:00,127.71,127.71,127.71,127.71,100.0,127.71
2026-05-26 12:35:00-04:00,127.83,127.83,127.82,127.83,188.0,127.827
2026-05-26 12:36:00-04:00,127.83,127.83,127.83,127.83,0.0,127.83
2026-05-26 12:37:00-04:00,127.64,127.64,127.59,127.59,500.0,127.622
2026-05-26 12:38:00-04:00,127.59,127.59,127.59,127.59,0.0,127.59
2026-05-26 12:39:00-04:00,127.59,127.59,127.59,127.59,0.0,127.59
2026-05-26 12:40:00-04:00,127.58,127.61,127.57,127.61,450.0,127.584
2026-05-26 12:41:00-04:00,127.61,127.61,127.61,127.61,0.0,127.61
2026-05-26 12:42:00-04:00,127.52,127.54,127.52,127.54,1200.0,127.537
2026-05-26 12:43:00-04:00,127.54,127.54,127.54,127.54,0.0,127.54
2026-05-26 12:44:00-04:00,127.54,127.54,127.54,127.54,0.0,127.54
2026-05-26 12:45:00-04:00,127.59,127.76,127.59,127.76,1953.0,127.63
2026-05-26 12:46:00-04:00,127.69,127.74,127.69,127.73,1294.0,127.698
2026-05-26 12:47:00-04:00,127.73,127.73,127.73,127.73,100.0,127.73
2026-05-26 12:48:00-04:00,127.78,127.8,127.78,127.8,316.0,127.793
2026-05-26 12:49:00-04:00,127.79,127.79,127.73,127.73,300.0,127.75
2026-05-26 12:50:00-04:00,127.8,127.8,127.8,127.8,135.0,127.8
2026-05-26 12:51:00-04:00,127.84,127.85,127.84,127.85,200.0,127.845
2026-05-26 12:52:00-04:00,127.85,127.85,127.85,127.85,0.0,127.85
2026-05-26 12:53:00-04:00,127.85,127.85,127.85,127.85,0.0,127.85
2026-05-26 12:54:00-04:00,127.87,127.9,127.86,127.9,1907.0,127.88
2026-05-26 12:55:00-04:00,127.92,127.92,127.91,127.92,989.0,127.92
2026-05-26 12:56:00-04:00,127.9,127.9,127.89,127.89,1200.0,127.898
2026-05-26 12:57:00-04:00,127.89,127.89,127.89,127.89,0.0,127.89
2026-05-26 12:58:00-04:00,127.88,127.95,127.88,127.93,1279.0,127.927
2026-05-26 12:59:00-04:00,127.89,127.9,127.82,127.86,963.0,127.846
2026-05-26 13:00:00-04:00,127.86,127.86,127.86,127.86,0.0,127.86
2026-05-26 13:01:00-04:00,127.85,127.85,127.76,127.76,300.0,127.79
2026-05-26 13:02:00-04:00,127.77,127.8,127.73,127.73,2200.0,127.743
2026-05-26 13:03:00-04:00,127.77,127.78,127.77,127.77,155.0,127.774
2026-05-26 13:04:00-04:00,127.77,127.77,127.77,127.77,0.0,127.77
2026-05-26 13:05:00-04:00,127.78,127.79,127.78,127.78,600.0,127.781
2026-05-26 13:06:00-04:00,127.71,127.71,127.71,127.71,250.0,127.71
2026-05-26 13:07:00-04:00,127.7,127.81,127.68,127.68,1158.0,127.722
2026-05-26 13:08:00-04:00,127.74,127.81,127.74,127.74,672.0,127.784
2026-05-26 13:09:00-04:00,127.8,127.8,127.8,127.8,417.0,127.8
2026-05-26 13:10:00-04:00,127.81,127.85,127.81,127.81,811.0,127.817
2026-05-26 13:11:00-04:00,127.86,127.9,127.86,127.9,550.0,127.88
2026-05-26 13:12:00-04:00,127.79,127.79,127.79,127.79,100.0,127.79
2026-05-26 13:13:00-04:00,127.79,127.79,127.79,127.79,0.0,127.79
2026-05-26 13:14:00-04:00,127.86,127.86,127.86,127.86,390.0,127.86
2026-05-26 13:15:00-04:00,127.86,127.86,127.86,127.86,0.0,127.86
2026-05-26 13:16:00-04:00,127.92,127.92,127.86,127.86,500.0,127.898
2026-05-26 13:17:00-04:00,127.81,127.81,127.81,127.81,200.0,127.81
2026-05-26 13:18:00-04:00,127.78,127.81,127.78,127.8,301.0,127.787
2026-05-26 13:19:00-04:00,127.82,127.82,127.82,127.82,100.0,127.82
2026-05-26 13:20:00-04:00,127.84,127.84,127.78,127.78,200.0,127.81
2026-05-26 13:21:00-04:00,127.83,127.92,127.81,127.92,3099.0,127.847
2026-05-26 13:22:00-04:00,127.93,127.94,127.87,127.88,1690.0,127.893
2026-05-26 13:23:00-04:00,127.82,127.85,127.82,127.84,600.0,127.824
2026-05-26 13:24:00-04:00,127.81,127.83,127.8,127.83,306.0,127.815
2026-05-26 13:25:00-04:00,127.77,127.79,127.74,127.79,800.0,127.768
2026-05-26 13:26:00-04:00,127.77,127.77,127.77,127.77,100.0,127.77
2026-05-26 13:27:00-04:00,127.83,127.89,127.83,127.89,500.0,127.862
2026-05-26 13:28:00-04:00,127.93,127.93,127.74,127.77,2435.0,127.883
2026-05-26 13:29:00-04:00,127.77,127.77,127.77,127.77,0.0,127.77
2026-05-26 13:30:00-04:00,127.81,127.81,127.81,127.81,200.0,127.81
2026-05-26 13:31:00-04:00,127.7,127.7,127.66,127.66,600.0,127.68
2026-05-26 13:32:00-04:00,127.71,127.8,127.67,127.8,2707.0,127.721
2026-05-26 13:33:00-04:00,127.83,127.83,127.76,127.76,394.0,127.812
2026-05-26 13:34:00-04:00,127.76,127.76,127.76,127.76,200.0,127.76
2026-05-26 13:35:00-04:00,127.74,127.74,127.74,127.74,100.0,127.74
2026-05-26 13:36:00-04:00,127.87,127.87,127.74,127.74,212.0,127.809
2026-05-26 13:37:00-04:00,127.84,127.84,127.84,127.84,100.0,127.84
2026-05-26 13:38:00-04:00,127.78,127.78,127.72,127.78,1100.0,127.775
2026-05-26 13:39:00-04:00,127.78,127.78,127.68,127.69,800.0,127.714
2026-05-26 13:40:00-04:00,127.69,127.69,127.69,127.69,0.0,127.69
2026-05-26 13:41:00-04:00,127.69,127.69,127.69,127.69,0.0,127.69
2026-05-26 13:42:00-04:00,127.69,127.73,127.58,127.58,1100.0,127.665
2026-05-26 13:43:00-04:00,127.64,127.67,127.64,127.66,535.0,127.649
2026-05-26 13:44:00-04:00,127.66,127.66,127.66,127.66,0.0,127.66
2026-05-26 13:45:00-04:00,127.64,127.64,127.58,127.58,325.0,127.602
2026-05-26 13:46:00-04:00,127.64,127.64,127.48,127.48,700.0,127.556
2026-05-26 13:47:00-04:00,127.48,127.48,127.48,127.48,0.0,127.48
2026-05-26 13:48:00-04:00,127.55,127.67,127.49,127.49,1400.0,127.57
2026-05-26 13:49:00-04:00,127.39,127.51,127.39,127.51,1314.0,127.419
2026-05-26 13:50:00-04:00,127.4,127.63,127.4,127.58,2113.0,127.531
2026-05-26 13:51:00-04:00,127.57,127.57,127.57,127.57,500.0,127.57
2026-05-26 13:52:00-04:00,127.57,127.57,127.57,127.57,0.0,127.57
2026-05-26 13:53:00-04:00,127.65,127.75,127.63,127.72,2720.0,127.696
2026-05-26 13:54:00-04:00,127.7,127.71,127.62,127.62,850.0,127.654
2026-05-26 13:55:00-04:00,127.6,127.6,127.25,127.45,15478.0,127.319
2026-05-26 13:56:00-04:00,127.45,127.58,127.45,127.55,1100.0,127.518
2026-05-26 13:57:00-04:00,127.57,127.57,127.57,127.57,100.0,127.57
2026-05-26 13:58:00-04:00,127.57,127.57,127.57,127.57,0.0,127.57
2026-05-26 13:59:00-04:00,127.62,127.62,127.62,127.62,100.0,127.62
2026-05-26 14:00:00-04:00,127.62,127.69,127.6,127.68,533.0,127.655
2026-05-26 14:01:00-04:00,127.62,127.63,127.62,127.62,927.0,127.621
2026-05-26 14:02:00-04:00,127.62,127.62,127.62,127.62,0.0,127.62
2026-05-26 14:03:00-04:00,127.52,127.52,127.32,127.32,2376.0,127.445
2026-05-26 14:04:00-04:00,127.25,127.37,127.25,127.37,1200.0,127.31
2026-05-26 14:05:00-04:00,127.42,127.42,127.32,127.32,1300.0,127.354
2026-05-26 14:06:00-04:00,127.26,127.26,127.25,127.25,900.0,127.251
2026-05-26 14:07:00-04:00,127.25,127.25,127.25,127.25,0.0,127.25
2026-05-26 14:08:00-04:00,127.26,127.27,127.26,127.26,211.0,127.261
2026-05-26 14:09:00-04:00,127.26,127.26,127.26,127.26,0.0,127.26
2026-05-26 14:10:00-04:00,127.35,127.35,127.35,127.35,350.0,127.35
2026-05-26 14:11:00-04:00,127.33,127.42,127.33,127.34,3537.0,127.371
2026-05-26 14:12:00-04:00,127.26,127.35,127.26,127.35,4700.0,127.273
2026-05-26 14:13:00-04:00,127.35,127.35,127.35,127.35,939.0,127.35
2026-05-26 14:14:00-04:00,127.35,127.35,127.35,127.35,100.0,127.35
2026-05-26 14:15:00-04:00,127.4,127.48,127.35,127.48,1109.0,127.442
2026-05-26 14:16:00-04:00,127.48,127.52,127.48,127.49,671.0,127.492
2026-05-26 14:17:00-04:00,127.46,127.46,127.28,127.31,2875.0,127.391
2026-05-26 14:18:00-04:00,127.38,127.39,127.37,127.39,290.0,127.383
2026-05-26 14:19:00-04:00,127.38,127.38,127.38,127.38,350.0,127.38
2026-05-26 14:20:00-04:00,127.36,127.42,127.36,127.36,800.0,127.368
2026-05-26 14:21:00-04:00,127.36,127.36,127.36,127.36,0.0,127.36
2026-05-26 14:22:00-04:00,127.35,127.44,127.31,127.32,1372.0,127.33
2026-05-26 14:23:00-04:00,127.39,127.39,127.32,127.32,1000.0,127.331
2026-05-26 14:24:00-04:00,127.34,127.35,127.34,127.34,200.0,127.343
2026-05-26 14:25:00-04:00,127.34,127.35,127.34,127.34,600.0,127.341
2026-05-26 14:26:00-04:00,127.38,127.46,127.38,127.46,800.0,127.404
2026-05-26 14:27:00-04:00,127.47,127.48,127.4,127.48,433.0,127.453
2026-05-26 14:28:00-04:00,127.46,127.49,127.37,127.39,3609.0,127.449
2026-05-26 14:29:00-04:00,127.38,127.38,127.38,127.38,300.0,127.38
2026-05-26 14:30:00-04:00,127.41,127.41,127.41,127.41,161.0,127.41
2026-05-26 14:31:00-04:00,127.41,127.41,127.41,127.41,0.0,127.41
2026-05-26 14:32:00-04:00,127.49,127.57,127.47,127.51,1995.0,127.516
2026-05-26 14:33:00-04:00,127.51,127.51,127.43,127.43,1614.0,127.447
2026-05-26 14:34:00-04:00,127.43,127.43,127.43,127.43,0.0,127.43
2026-05-26 14:35:00-04:00,127.41,127.41,127.38,127.38,400.0,127.395
2026-05-26 14:36:00-04:00,127.37,127.4,127.37,127.4,222.0,127.386
2026-05-26 14:37:00-04:00,127.3,127.3,127.27,127.28,400.0,127.285
2026-05-26 14:38:00-04:00,127.26,127.31,127.25,127.31,500.0,127.272
2026-05-26 14:39:00-04:00,127.35,127.38,127.33,127.36,1173.0,127.347
2026-05-26 14:40:00-04:00,127.32,127.32,127.32,127.32,100.0,127.32
2026-05-26 14:41:00-04:00,127.34,127.34,127.34,127.34,400.0,127.34
2026-05-26 14:42:00-04:00,127.34,127.34,127.34,127.34,0.0,127.34
2026-05-26 14:43:00-04:00,127.36,127.46,127.36,127.46,1700.0,127.422
2026-05-26 14:44:00-04:00,127.44,127.89,127.44,127.47,8336.0,127.593
2026-05-26 14:45:00-04:00,127.5,127.57,127.36,127.57,2482.0,127.456
2026-05-26 14:46:00-04:00,127.66,127.69,127.54,127.67,1198.0,127.606
2026-05-26 14:47:00-04:00,127.64,127.64,127.64,127.64,100.0,127.64
2026-05-26 14:48:00-04:00,127.75,127.78,127.71,127.71,900.0,127.742
2026-05-26 14:49:00-04:00,127.71,127.71,127.61,127.61,600.0,127.653
2026-05-26 14:50:00-04:00,127.69,127.69,127.66,127.66,559.0,127.682
2026-05-26 14:51:00-04:00,127.66,127.66,127.66,127.66,0.0,127.66
2026-05-26 14:52:00-04:00,127.6,127.6,127.24,127.37,10906.0,127.483
2026-05-26 14:53:00-04:00,127.37,127.39,127.34,127.38,1296.0,127.368
2026-05-26 14:54:00-04:00,127.3,127.3,127.3,127.3,200.0,127.3
2026-05-26 14:55:00-04:00,127.3,127.31,127.22,127.26,1500.0,127.273
2026-05-26 14:56:00-04:00,127.19,127.19,127.1,127.13,2189.0,127.155
2026-05-26 14:57:00-04:00,127.13,127.13,127.13,127.13,0.0,127.13
2026-05-26 14:58:00-04:00,127.1,127.11,127.1,127.1,100.0,127.105
2026-05-26 14:59:00-04:00,127.1,127.18,127.09,127.09,6983.0,127.117
2026-05-26 15:00:00-04:00,127.09,127.15,127.09,127.15,1430.0,127.137
2026-05-26 15:01:00-04:00,127.1,127.18,127.1,127.11,6604.0,127.113
2026-05-26 15:02:00-04:00,127.21,127.21,127.1,127.16,5161.0,127.125
2026-05-26 15:03:00-04:00,127.2,127.25,127.16,127.17,1250.0,127.222
2026-05-26 15:04:00-04:00,127.32,127.32,127.24,127.24,242.0,127.289
2026-05-26 15:05:00-04:00,127.24,127.24,127.24,127.24,100.0,127.24
2026-05-26 15:06:00-04:00,127.3,127.32,127.3,127.32,400.0,127.313
2026-05-26 15:07:00-04:00,127.27,127.28,127.27,127.28,698.0,127.271
2026-05-26 15:08:00-04:00,127.28,127.28,127.28,127.28,100.0,127.28
2026-05-26 15:09:00-04:00,127.3,127.34,127.28,127.31,1318.0,127.315
2026-05-26 15:10:00-04:00,127.25,127.25,127.23,127.24,1100.0,127.238
2026-05-26 15:11:00-04:00,127.23,127.23,127.2,127.21,800.0,127.213
2026-05-26 15:12:00-04:00,127.2,127.22,127.18,127.22,788.0,127.195
2026-05-26 15:13:00-04:00,127.25,127.26,127.22,127.26,1185.0,127.251
2026-05-26 15:14:00-04:00,127.32,127.33,127.24,127.3,600.0,127.292
2026-05-26 15:15:00-04:00,127.33,127.5,127.31,127.48,1260.0,127.412
2026-05-26 15:16:00-04:00,127.49,127.56,127.43,127.56,1200.0,127.507
2026-05-26 15:17:00-04:00,127.53,127.6,127.53,127.56,1207.0,127.576
2026-05-26 15:18:00-04:00,127.56,127.56,127.37,127.38,3958.0,127.453
2026-05-26 15:19:00-04:00,127.38,127.39,127.37,127.38,400.0,127.379
2026-05-26 15:20:00-04:00,127.38,127.4,127.25,127.25,2776.0,127.342
2026-05-26 15:21:00-04:00,127.28,127.29,127.25,127.29,326.0,127.273
2026-05-26 15:22:00-04:00,127.36,127.4,127.36,127.37,500.0,127.374
2026-05-26 15:23:00-04:00,127.4,127.4,127.4,127.4,100.0,127.4
2026-05-26 15:24:00-04:00,127.37,127.37,127.37,127.37,300.0,127.37
2026-05-26 15:25:00-04:00,127.28,127.29,127.27,127.28,920.0,127.276
2026-05-26 15:26:00-04:00,127.27,127.38,127.27,127.38,3982.0,127.341
2026-05-26 15:27:00-04:00,127.38,127.41,127.3,127.41,700.0,127.371
2026-05-26 15:28:00-04:00,127.42,127.49,127.42,127.49,900.0,127.458
2026-05-26 15:29:00-04:00,127.46,127.47,127.46,127.46,200.0,127.463
2026-05-26 15:30:00-04:00,127.58,127.58,127.51,127.52,500.0,127.528
2026-05-26 15:31:00-04:00,127.52,127.56,127.51,127.52,1260.0,127.548
2026-05-26 15:32:00-04:00,127.52,127.53,127.52,127.53,200.0,127.525
2026-05-26 15:33:00-04:00,127.58,127.58,127.38,127.41,25970.0,127.415
2026-05-26 15:34:00-04:00,127.42,127.67,127.38,127.53,4554.0,127.53
2026-05-26 15:35:00-04:00,127.54,127.55,127.54,127.54,700.0,127.545
2026-05-26 15:36:00-04:00,127.54,127.58,127.51,127.51,825.0,127.554
2026-05-26 15:37:00-04:00,127.5,127.5,127.41,127.47,3959.0,127.458
2026-05-26 15:38:00-04:00,127.45,127.46,127.45,127.45,100.0,127.455
2026-05-26 15:39:00-04:00,127.45,127.52,127.45,127.45,500.0,127.47
2026-05-26 15:40:00-04:00,127.46,127.57,127.46,127.52,950.0,127.505
2026-05-26 15:41:00-04:00,127.52,127.57,127.46,127.47,1550.0,127.492
2026-05-26 15:42:00-04:00,127.48,127.48,127.39,127.41,2896.0,127.423
2026-05-26 15:43:00-04:00,127.39,127.39,127.17,127.18,3020.0,127.304
2026-05-26 15:44:00-04:00,127.17,127.25,127.16,127.24,2200.0,127.207
2026-05-26 15:45:00-04:00,127.25,127.27,127.19,127.27,798.0,127.239
2026-05-26 15:46:00-04:00,127.3,127.32,127.27,127.27,991.0,127.29
2026-05-26 15:47:00-04:00,127.25,127.3,127.18,127.18,825.0,127.236
2026-05-26 15:48:00-04:00,127.26,127.33,127.23,127.25,2200.0,127.284
2026-05-26 15:49:00-04:00,127.25,127.35,127.24,127.33,2991.0,127.302
2026-05-26 15:50:00-04:00,127.27,127.45,127.21,127.44,4630.0,127.329
2026-05-26 15:51:00-04:00,127.48,127.64,127.44,127.63,4957.0,127.574
2026-05-26 15:52:00-04:00,127.63,127.73,127.59,127.67,5171.0,127.654
2026-05-26 15:53:00-04:00,127.73,127.73,127.34,127.34,10501.0,127.552
2026-05-26 15:54:00-04:00,127.34,127.42,127.3,127.42,3136.0,127.346
2026-05-26 15:55:00-04:00,127.36,127.38,127.29,127.36,2500.0,127.34
2026-05-26 15:56:00-04:00,127.3,127.42,127.26,127.39,7060.0,127.364
2026-05-26 15:57:00-04:00,127.41,127.46,127.37,127.46,9656.0,127.411
2026-05-26 15:58:00-04:00,127.45,127.47,127.34,127.42,32419.0,127.403
2026-05-26 15:59:00-04:00,127.42,127.7,127.42,127.69,48892.0,127.545
2026-05-27 09:30:00-04:00,128.19,128.19,127.82,127.83,18413.0,128.027
2026-05-27 09:31:00-04:00,127.8,127.8,127.8,127.8,111.0,127.8
2026-05-27 09:32:00-04:00,128.28,128.3,127.82,128.3,908.0,128.194
2026-05-27 09:33:00-04:00,127.83,128.56,127.82,128.56,4211.0,128.271
2026-05-27 09:34:00-04:00,128.49,128.49,128.15,128.16,800.0,128.247
2026-05-27 09:35:00-04:00,127.84,127.93,127.78,127.84,700.0,127.84
2026-05-27 09:36:00-04:00,127.65,128.13,127.65,128.13,900.0,128.016
2026-05-27 09:37:00-04:00,128.41,128.9,127.89,128.9,16940.0,128.031
2026-05-27 09:38:00-04:00,128.9,128.9,128.59,128.59,934.0,128.798
2026-05-27 09:39:00-04:00,128.9,128.9,128.21,128.21,2870.0,128.753
2026-05-27 09:40:00-04:00,128.17,128.17,128.08,128.13,546.0,128.136
2026-05-27 09:41:00-04:00,127.91,128.43,127.78,128.43,3806.0,128.192
2026-05-27 09:42:00-04:00,128.43,128.82,128.43,128.48,700.0,128.601
2026-05-27 09:43:00-04:00,128.4,128.4,128.4,128.4,400.0,128.4
2026-05-27 09:44:00-04:00,128.78,129.16,128.64,129.16,5530.0,128.974
2026-05-27 09:45:00-04:00,129.21,129.36,128.97,129.17,2061.0,129.182
2026-05-27 09:46:00-04:00,129.17,129.36,128.93,128.93,2674.0,129.135
2026-05-27 09:47:00-04:00,129.12,129.36,129.11,129.17,1481.0,129.32
2026-05-27 09:48:00-04:00,129.39,129.6,128.78,129.09,6694.0,129.183
2026-05-27 09:49:00-04:00,128.89,129.0,128.75,128.88,1100.0,128.853
2026-05-27 09:50:00-04:00,128.86,128.87,128.72,128.8,1798.0,128.818
2026-05-27 09:51:00-04:00,128.89,129.11,128.89,129.11,1806.0,129.016
2026-05-27 09:52:00-04:00,128.94,129.17,128.74,128.74,3116.0,128.912
2026-05-27 09:53:00-04:00,128.7,128.8,128.46,128.68,2200.0,128.652
2026-05-27 09:54:00-04:00,128.85,129.03,128.72,128.89,2802.0,128.863
2026-05-27 09:55:00-04:00,128.77,128.77,128.37,128.38,2100.0,128.493
2026-05-27 09:56:00-04:00,128.43,128.43,128.43,128.43,100.0,128.43
2026-05-27 09:57:00-04:00,128.56,128.78,128.56,128.78,2634.0,128.72
2026-05-27 09:58:00-04:00,128.79,129.0,128.75,128.84,4998.0,128.846
2026-05-27 09:59:00-04:00,128.88,129.42,128.77,129.31,8930.0,129.083
2026-05-27 10:00:00-04:00,129.33,129.65,129.32,129.63,15795.0,129.558
2026-05-27 10:01:00-04:00,129.64,129.88,129.53,129.86,18055.0,129.702
2026-05-27 10:02:00-04:00,129.95,130.21,129.78,129.78,28715.0,130.004
2026-05-27 10:03:00-04:00,129.76,129.83,129.44,129.49,2200.0,129.552
2026-05-27 10:04:00-04:00,129.49,129.49,129.49,129.49,0.0,129.49
2026-05-27 10:05:00-04:00,129.73,129.73,129.72,129.73,100.0,129.73
2026-05-27 10:06:00-04:00,129.62,130.15,129.62,130.11,4588.0,129.78
2026-05-27 10:07:00-04:00,130.04,130.17,129.91,130.12,1038.0,130.087
2026-05-27 10:08:00-04:00,130.21,130.3,130.11,130.25,2391.0,130.231
2026-05-27 10:09:00-04:00,130.22,130.49,130.21,130.38,1230.0,130.363
2026-05-27 10:10:00-04:00,130.46,130.5,130.15,130.31,10379.0,130.314
2026-05-27 10:11:00-04:00,130.48,130.5,130.31,130.31,1382.0,130.378
2026-05-27 10:12:00-04:00,130.31,130.57,130.3,130.48,2421.0,130.441
2026-05-27 10:13:00-04:00,130.54,130.87,130.44,130.8,5782.0,130.637
2026-05-27 10:14:00-04:00,130.8,130.99,130.8,130.97,2387.0,130.844
2026-05-27 10:15:00-04:00,130.89,130.98,130.53,130.53,3178.0,130.765
2026-05-27 10:16:00-04:00,130.5,130.52,130.23,130.51,946.0,130.332
2026-05-27 10:17:00-04:00,130.69,130.79,130.52,130.67,4393.0,130.674
2026-05-27 10:18:00-04:00,130.54,130.82,130.54,130.82,1317.0,130.604
2026-05-27 10:19:00-04:00,130.66,130.92,130.66,130.78,6396.0,130.737
2026-05-27 10:20:00-04:00,130.65,130.9,130.65,130.9,2996.0,130.77
2026-05-27 10:21:00-04:00,130.87,131.05,130.85,130.88,12266.0,130.979
2026-05-27 10:22:00-04:00,130.89,131.14,130.78,131.13,14187.0,130.966
2026-05-27 10:23:00-04:00,131.1,131.1,130.98,130.98,900.0,130.997
2026-05-27 10:24:00-04:00,130.98,130.98,130.73,130.88,3633.0,130.851
2026-05-27 10:25:00-04:00,130.78,130.99,130.77,130.82,2382.0,130.838
2026-05-27 10:26:00-04:00,130.94,130.94,130.56,130.62,3693.0,130.726
2026-05-27 10:27:00-04:00,130.94,130.94,130.74,130.8,1741.0,130.797
2026-05-27 10:28:00-04:00,130.78,130.79,130.61,130.7,518.0,130.698
2026-05-27 10:29:00-04:00,130.76,130.77,130.59,130.76,3050.0,130.743
2026-05-27 10:30:00-04:00,130.69,130.9,130.6,130.9,6600.0,130.753
2026-05-27 10:31:00-04:00,130.9,131.08,130.73,131.08,5317.0,130.939
2026-05-27 10:32:00-04:00,131.03,131.16,131.02,131.07,1000.0,131.082
2026-05-27 10:33:00-04:00,131.07,131.13,130.77,130.92,10459.0,130.962
2026-05-27 10:34:00-04:00,130.95,131.05,130.91,131.03,2319.0,131.009
2026-05-27 10:35:00-04:00,130.93,131.0,130.88,130.89,650.0,130.918
2026-05-27 10:36:00-04:00,130.84,130.89,130.63,130.74,3192.0,130.753
2026-05-27 10:37:00-04:00,130.74,130.88,130.73,130.78,1705.0,130.754
2026-05-27 10:38:00-04:00,130.87,131.05,130.68,131.0,8301.0,130.856
2026-05-27 10:39:00-04:00,131.0,131.09,130.95,131.04,1888.0,130.994
2026-05-27 10:40:00-04:00,130.97,131.0,130.76,130.76,2849.0,130.889
2026-05-27 10:41:00-04:00,130.71,130.73,130.63,130.66,1300.0,130.69
2026-05-27 10:42:00-04:00,130.6,130.7,130.53,130.64,3752.0,130.618
2026-05-27 10:43:00-04:00,130.64,130.73,130.62,130.73,748.0,130.649
2026-05-27 10:44:00-04:00,130.74,130.88,130.73,130.74,850.0,130.761
2026-05-27 10:45:00-04:00,130.74,130.87,130.69,130.72,2200.0,130.736
2026-05-27 10:46:00-04:00,130.74,130.89,130.73,130.81,2310.0,130.783
2026-05-27 10:47:00-04:00,130.83,130.95,130.76,130.87,1449.0,130.803
2026-05-27 10:48:00-04:00,130.93,130.93,130.63,130.63,1200.0,130.748
2026-05-27 10:49:00-04:00,130.61,130.65,130.56,130.56,800.0,130.604
2026-05-27 10:50:00-04:00,130.55,130.55,130.33,130.37,2006.0,130.412
2026-05-27 10:51:00-04:00,130.36,130.71,130.35,130.71,20356.0,130.531
2026-05-27 10:52:00-04:00,130.76,130.99,130.76,130.87,15112.0,130.82
2026-05-27 10:53:00-04:00,130.92,130.92,130.75,130.75,1466.0,130.828
2026-05-27 10:54:00-04:00,130.84,130.84,130.73,130.79,1700.0,130.746
2026-05-27 10:55:00-04:00,130.9,130.9,130.5,130.5,2400.0,130.611
2026-05-27 10:56:00-04:00,130.58,130.59,130.5,130.5,621.0,130.543
2026-05-27 10:57:00-04:00,130.67,130.86,130.55,130.86,4630.0,130.656
2026-05-27 10:58:00-04:00,130.87,130.87,130.69,130.7,2773.0,130.789
2026-05-27 10:59:00-04:00,130.87,130.87,130.87,130.87,100.0,130.87
2026-05-27 11:00:00-04:00,130.87,130.91,130.82,130.91,1870.0,130.857
2026-05-27 11:01:00-04:00,130.93,130.93,130.77,130.9,2520.0,130.819
2026-05-27 11:02:00-04:00,130.88,131.1,130.77,131.01,4598.0,130.957
2026-05-27 11:03:00-04:00,131.01,131.01,130.83,131.01,4357.0,130.958
2026-05-27 11:04:00-04:00,131.01,131.1,130.9,130.94,7831.0,131.022
2026-05-27 11:05:00-04:00,130.84,131.0,130.7,130.7,13919.0,130.915
2026-05-27 11:06:00-04:00,130.73,130.73,130.72,130.73,370.0,130.725
2026-05-27 11:07:00-04:00,130.62,130.84,130.62,130.84,1506.0,130.709
2026-05-27 11:08:00-04:00,130.9,131.0,130.88,130.98,1386.0,130.948
2026-05-27 11:09:00-04:00,131.07,131.07,131.05,131.05,200.0,131.06
2026-05-27 11:10:00-04:00,131.07,131.07,130.85,130.85,2612.0,130.9
2026-05-27 11:11:00-04:00,130.86,130.91,130.86,130.86,513.0,130.876
2026-05-27 11:12:00-04:00,130.82,130.83,130.74,130.79,4281.0,130.765
2026-05-27 11:13:00-04:00,130.72,131.03,130.72,131.03,1650.0,130.922
2026-05-27 11:14:00-04:00,130.98,131.33,130.98,131.29,4376.0,131.207
2026-05-27 11:15:00-04:00,131.39,131.41,131.3,131.37,15569.0,131.342
2026-05-27 11:16:00-04:00,131.37,131.46,131.26,131.46,4786.0,131.361
2026-05-27 11:17:00-04:00,131.38,131.59,131.37,131.54,11071.0,131.483
2026-05-27 11:18:00-04:00,131.59,131.83,131.59,131.83,7510.0,131.693
2026-05-27 11:19:00-04:00,131.81,131.9,131.61,131.63,3650.0,131.762
2026-05-27 11:20:00-04:00,131.58,131.61,131.24,131.24,4148.0,131.46
2026-05-27 11:21:00-04:00,131.28,131.44,131.24,131.44,5000.0,131.323
2026-05-27 11:22:00-04:00,131.49,131.5,131.45,131.46,1025.0,131.487
2026-05-27 11:23:00-04:00,131.51,131.51,131.35,131.42,1100.0,131.417
2026-05-27 11:24:00-04:00,131.44,131.53,131.42,131.46,400.0,131.461
2026-05-27 11:25:00-04:00,131.37,131.63,131.33,131.63,5111.0,131.442
2026-05-27 11:26:00-04:00,131.63,131.76,131.49,131.64,4164.0,131.667
2026-05-27 11:27:00-04:00,131.61,131.61,131.49,131.49,200.0,131.551
2026-05-27 11:28:00-04:00,131.66,131.73,131.65,131.73,1200.0,131.714
2026-05-27 11:29:00-04:00,131.61,131.61,131.61,131.61,457.0,131.61
2026-05-27 11:30:00-04:00,131.71,131.89,131.71,131.89,702.0,131.796
2026-05-27 11:31:00-04:00,131.86,131.98,131.85,131.85,2525.0,131.916
2026-05-27 11:32:00-04:00,131.72,131.81,131.71,131.71,800.0,131.744
2026-05-27 11:33:00-04:00,131.93,132.23,131.93,132.18,8696.0,132.037
2026-05-27 11:34:00-04:00,132.25,132.25,132.08,132.21,700.0,132.166
2026-05-27 11:35:00-04:00,132.19,132.25,132.15,132.18,1500.0,132.185
2026-05-27 11:36:00-04:00,132.11,132.22,132.1,132.15,1450.0,132.156
2026-05-27 11:37:00-04:00,132.23,132.41,132.2,132.34,3225.0,132.263
2026-05-27 11:38:00-04:00,132.34,132.44,132.31,132.38,1721.0,132.347
2026-05-27 11:39:00-04:00,132.3,132.31,132.15,132.31,1632.0,132.255
2026-05-27 11:40:00-04:00,132.31,132.5,132.31,132.5,1319.0,132.381
2026-05-27 11:41:00-04:00,132.52,132.8,132.43,132.6,10040.0,132.561
2026-05-27 11:42:00-04:00,132.52,132.63,132.4,132.56,18179.0,132.5
2026-05-27 11:43:00-04:00,132.57,132.66,132.57,132.59,2260.0,132.62
2026-05-27 11:44:00-04:00,132.5,132.63,132.29,132.31,9722.0,132.506
2026-05-27 11:45:00-04:00,132.35,132.41,132.31,132.31,1988.0,132.331
2026-05-27 11:46:00-04:00,132.19,132.19,132.0,132.03,2233.0,132.06
2026-05-27 11:47:00-04:00,132.12,132.24,132.07,132.17,2066.0,132.149
2026-05-27 11:48:00-04:00,132.13,132.25,131.88,131.91,3569.0,132.039
2026-05-27 11:49:00-04:00,131.91,132.19,131.9,132.11,2490.0,132.045
2026-05-27 11:50:00-04:00,131.97,132.09,131.97,132.09,1200.0,131.985
2026-05-27 11:51:00-04:00,131.99,131.99,131.87,131.96,1238.0,131.957
2026-05-27 11:52:00-04:00,131.82,131.9,131.82,131.9,300.0,131.85
2026-05-27 11:53:00-04:00,131.92,132.07,131.91,132.01,1500.0,132.006
2026-05-27 11:54:00-04:00,132.01,132.01,131.84,131.84,1681.0,131.902
2026-05-27 11:55:00-04:00,131.93,131.93,131.69,131.9,1650.0,131.806
2026-05-27 11:56:00-04:00,131.74,131.78,131.54,131.7,1400.0,131.659
2026-05-27 11:57:00-04:00,131.7,131.7,131.69,131.7,100.0,131.695
2026-05-27 11:58:00-04:00,131.61,131.76,131.5,131.7,2336.0,131.639
2026-05-27 11:59:00-04:00,131.6,131.65,131.52,131.54,1662.0,131.581
2026-05-27 12:00:00-04:00,131.5,131.8,131.44,131.8,2783.0,131.652
2026-05-27 12:01:00-04:00,131.87,131.9,131.85,131.86,500.0,131.868
2026-05-27 12:02:00-04:00,131.86,131.88,131.74,131.88,2600.0,131.807
2026-05-27 12:03:00-04:00,131.87,131.87,131.86,131.86,300.0,131.862
2026-05-27 12:04:00-04:00,131.73,131.73,131.67,131.67,800.0,131.711
2026-05-27 12:05:00-04:00,131.62,131.65,131.62,131.65,317.0,131.636
2026-05-27 12:06:00-04:00,131.63,131.63,131.62,131.63,265.0,131.625
2026-05-27 12:07:00-04:00,131.63,131.74,131.62,131.74,1502.0,131.648
2026-05-27 12:08:00-04:00,131.62,131.68,131.51,131.68,651.0,131.604
2026-05-27 12:09:00-04:00,131.72,131.75,131.62,131.75,1660.0,131.698
2026-05-27 12:10:00-04:00,131.76,131.81,131.75,131.76,400.0,131.77
2026-05-27 12:11:00-04:00,131.8,131.81,131.75,131.81,1834.0,131.77
2026-05-27 12:12:00-04:00,131.71,131.77,131.63,131.71,1866.0,131.699
2026-05-27 12:13:00-04:00,131.55,131.56,131.46,131.47,2030.0,131.515
2026-05-27 12:14:00-04:00,131.46,131.52,131.34,131.52,2150.0,131.375
2026-05-27 12:15:00-04:00,131.47,131.57,131.47,131.57,1236.0,131.528
2026-05-27 12:16:00-04:00,131.55,131.69,131.51,131.66,5166.0,131.607
2026-05-27 12:17:00-04:00,131.66,131.66,131.48,131.57,3805.0,131.557
2026-05-27 12:18:00-04:00,131.51,131.51,131.51,131.51,100.0,131.51
2026-05-27 12:19:00-04:00,131.56,131.75,131.56,131.74,2852.0,131.71
2026-05-27 12:20:00-04:00,131.75,131.9,131.71,131.9,1300.0,131.803
2026-05-27 12:21:00-04:00,131.98,132.04,131.94,131.96,1982.0,131.979
2026-05-27 12:22:00-04:00,131.95,132.03,131.9,132.03,4740.0,131.981
2026-05-27 12:23:00-04:00,131.94,132.1,131.94,132.05,2310.0,132.031
2026-05-27 12:24:00-04:00,132.05,132.15,132.04,132.14,4928.0,132.135
2026-05-27 12:25:00-04:00,132.15,132.15,132.02,132.04,1440.0,132.066
2026-05-27 12:26:00-04:00,132.11,132.12,132.11,132.12,500.0,132.114
2026-05-27 12:27:00-04:00,132.25,132.27,132.03,132.14,4361.0,132.216
2026-05-27 12:28:00-04:00,132.13,132.2,131.98,132.03,3800.0,132.093
2026-05-27 12:29:00-04:00,132.09,132.09,131.99,132.0,833.0,132.053
2026-05-27 12:30:00-04:00,132.02,132.1,131.95,131.95,3201.0,132.012
2026-05-27 12:31:00-04:00,132.04,132.04,132.04,132.04,237.0,132.04
2026-05-27 12:32:00-04:00,132.09,132.11,132.06,132.11,912.0,132.083
2026-05-27 12:33:00-04:00,132.09,132.1,131.99,132.0,1470.0,132.036
2026-05-27 12:34:00-04:00,132.04,132.1,132.04,132.1,800.0,132.058
2026-05-27 12:35:00-04:00,132.14,132.15,131.93,131.93,1679.0,132.049
2026-05-27 12:36:00-04:00,132.14,132.25,132.05,132.25,2916.0,132.169
2026-05-27 12:37:00-04:00,132.25,132.25,132.2,132.2,660.0,132.218
2026-05-27 12:38:00-04:00,132.2,132.37,132.2,132.37,14119.0,132.3
2026-05-27 12:39:00-04:00,132.29,132.38,132.21,132.32,4283.0,132.29
2026-05-27 12:40:00-04:00,132.18,132.32,132.17,132.18,2433.0,132.233
2026-05-27 12:41:00-04:00,132.2,132.2,132.09,132.11,1026.0,132.133
2026-05-27 12:42:00-04:00,131.98,132.06,131.98,132.06,1104.0,131.987
2026-05-27 12:43:00-04:00,132.12,132.13,131.95,131.95,1499.0,132.039
2026-05-27 12:44:00-04:00,132.02,132.02,132.01,132.02,200.0,132.015
2026-05-27 12:45:00-04:00,131.94,131.94,131.84,131.84,2017.0,131.875
2026-05-27 12:46:00-04:00,131.8,131.9,131.76,131.81,5310.0,131.819
2026-05-27 12:47:00-04:00,131.74,131.75,131.64,131.65,3702.0,131.686
2026-05-27 12:48:00-04:00,131.62,131.62,131.48,131.55,1415.0,131.542
2026-05-27 12:49:00-04:00,131.55,131.6,131.48,131.55,907.0,131.533
2026-05-27 12:50:00-04:00,131.54,131.54,131.45,131.49,1235.0,131.492
2026-05-27 12:51:00-04:00,131.44,131.45,131.43,131.45,700.0,131.439
2026-05-27 12:52:00-04:00,131.39,131.48,131.39,131.47,2608.0,131.447
2026-05-27 12:53:00-04:00,131.41,131.43,131.32,131.32,900.0,131.384
2026-05-27 12:54:00-04:00,131.36,131.38,131.29,131.34,2100.0,131.331
2026-05-27 12:55:00-04:00,131.41,131.42,131.38,131.38,350.0,131.402
2026-05-27 12:56:00-04:00,131.38,131.42,131.34,131.42,2839.0,131.406
2026-05-27 12:57:00-04:00,131.38,131.38,131.34,131.38,600.0,131.363
2026-05-27 12:58:00-04:00,131.34,131.34,131.27,131.27,824.0,131.325
2026-05-27 12:59:00-04:00,131.24,131.28,131.23,131.23,1765.0,131.264
2026-05-27 13:00:00-04:00,131.22,131.28,131.21,131.21,972.0,131.244
2026-05-27 13:01:00-04:00,131.18,131.21,131.03,131.05,1649.0,131.12
2026-05-27 13:02:00-04:00,131.09,131.11,130.9,130.9,3000.0,131.047
2026-05-27 13:03:00-04:00,130.98,131.21,130.96,131.16,7129.0,131.119
2026-05-27 13:04:00-04:00,131.08,131.08,131.07,131.07,625.0,131.072
2026-05-27 13:05:00-04:00,131.03,131.25,131.0,131.25,6364.0,131.125
2026-05-27 13:06:00-04:00,131.27,131.53,131.26,131.49,18620.0,131.413
2026-05-27 13:07:00-04:00,131.4,131.46,131.33,131.39,5419.0,131.39
2026-05-27 13:08:00-04:00,131.31,131.31,131.13,131.21,6250.0,131.255
2026-05-27 13:09:00-04:00,131.1,131.11,131.05,131.06,3995.0,131.075
2026-05-27 13:10:00-04:00,131.02,131.2,130.99,131.13,10241.0,131.051
2026-05-27 13:11:00-04:00,131.14,131.22,131.13,131.13,1261.0,131.184
2026-05-27 13:12:00-04:00,131.19,131.19,130.79,130.98,52446.0,131.057
2026-05-27 13:13:00-04:00,130.98,131.01,130.94,131.0,5629.0,130.993
2026-05-27 13:14:00-04:00,130.96,130.96,130.85,130.89,5621.0,130.904
2026-05-27 13:15:00-04:00,130.86,130.99,130.79,130.79,2863.0,130.913
2026-05-27 13:16:00-04:00,130.8,130.87,130.75,130.87,1695.0,130.81
2026-05-27 13:17:00-04:00,130.87,131.01,130.86,131.01,2696.0,130.961
2026-05-27 13:18:00-04:00,131.0,131.0,130.93,130.95,1159.0,130.945
2026-05-27 13:19:00-04:00,130.9,131.0,130.9,131.0,5437.0,130.987
2026-05-27 13:20:00-04:00,130.92,130.92,130.91,130.91,615.0,130.911
2026-05-27 13:21:00-04:00,130.99,130.99,130.83,130.83,903.0,130.889
2026-05-27 13:22:00-04:00,130.85,130.9,130.8,130.87,4104.0,130.878
2026-05-27 13:23:00-04:00,130.83,130.83,130.82,130.83,350.0,130.825
2026-05-27 13:24:00-04:00,130.83,130.89,130.82,130.89,1201.0,130.876
2026-05-27 13:25:00-04:00,130.94,130.94,130.89,130.89,950.0,130.906
2026-05-27 13:26:00-04:00,130.9,130.92,130.89,130.92,1003.0,130.902
2026-05-27 13:27:00-04:00,130.85,130.85,130.83,130.83,700.0,130.844
2026-05-27 13:28:00-04:00,130.83,130.83,130.82,130.83,200.0,130.825
2026-05-27 13:29:00-04:00,130.9,130.92,130.9,130.92,1740.0,130.903
2026-05-27 13:30:00-04:00,130.93,130.98,130.9,130.91,1300.0,130.934
2026-05-27 13:31:00-04:00,130.98,131.01,130.91,131.0,2750.0,130.977
2026-05-27 13:32:00-04:00,130.96,130.96,130.87,130.9,500.0,130.906
2026-05-27 13:33:00-04:00,130.95,131.07,130.89,131.01,4031.0,131.011
2026-05-27 13:34:00-04:00,131.05,131.06,131.04,131.06,2800.0,131.049
2026-05-27 13:35:00-04:00,131.06,131.07,131.0,131.06,900.0,131.043
2026-05-27 13:36:00-04:00,131.06,131.11,131.06,131.11,400.0,131.073
2026-05-27 13:37:00-04:00,131.07,131.18,131.06,131.13,5695.0,131.126
2026-05-27 13:38:00-04:00,131.11,131.16,131.03,131.03,1700.0,131.12
2026-05-27 13:39:00-04:00,131.1,131.1,131.03,131.03,800.0,131.05
2026-05-27 13:40:00-04:00,130.98,130.99,130.79,130.83,500.0,130.902
2026-05-27 13:41:00-04:00,130.75,130.82,130.74,130.74,500.0,130.758
2026-05-27 13:42:00-04:00,130.79,130.79,130.79,130.79,100.0,130.79
2026-05-27 13:43:00-04:00,130.87,130.87,130.87,130.87,100.0,130.87
2026-05-27 13:44:00-04:00,130.79,130.8,130.78,130.78,450.0,130.789
2026-05-27 13:45:00-04:00,130.71,130.81,130.67,130.68,1593.0,130.721
2026-05-27 13:46:00-04:00,130.69,130.77,130.63,130.64,1416.0,130.687
2026-05-27 13:47:00-04:00,130.69,130.69,130.69,130.69,100.0,130.69
2026-05-27 13:48:00-04:00,130.7,130.7,130.65,130.65,251.0,130.677
2026-05-27 13:49:00-04:00,130.77,130.77,130.72,130.72,200.0,130.745
2026-05-27 13:50:00-04:00,130.77,130.87,130.74,130.85,615.0,130.79
2026-05-27 13:51:00-04:00,130.81,130.92,130.72,130.74,3354.0,130.808
2026-05-27 13:52:00-04:00,130.71,130.71,130.7,130.7,300.0,130.707
2026-05-27 13:53:00-04:00,130.7,130.7,130.7,130.7,2648.0,130.7
2026-05-27 13:54:00-04:00,130.7,130.79,130.69,130.71,850.0,130.712
2026-05-27 13:55:00-04:00,130.77,130.79,130.69,130.69,2444.0,130.733
2026-05-27 13:56:00-04:00,130.63,130.64,130.61,130.64,1200.0,130.622
2026-05-27 13:57:00-04:00,130.63,130.75,130.58,130.65,4652.0,130.688
2026-05-27 13:58:00-04:00,130.64,130.64,130.63,130.64,300.0,130.635
2026-05-27 13:59:00-04:00,130.64,130.7,130.63,130.7,300.0,130.677
2026-05-27 14:00:00-04:00,130.73,130.74,130.64,130.66,1646.0,130.681
2026-05-27 14:01:00-04:00,130.7,130.7,130.57,130.57,1095.0,130.619
2026-05-27 14:02:00-04:00,130.64,130.68,130.63,130.64,1078.0,130.648
2026-05-27 14:03:00-04:00,130.64,130.64,130.5,130.5,1200.0,130.563
2026-05-27 14:04:00-04:00,130.46,130.47,130.45,130.47,460.0,130.465
2026-05-27 14:05:00-04:00,130.47,130.48,130.47,130.48,600.0,130.473
2026-05-27 14:06:00-04:00,130.48,130.6,130.47,130.59,2076.0,130.572
2026-05-27 14:07:00-04:00,130.6,130.68,130.6,130.63,1189.0,130.621
2026-05-27 14:08:00-04:00,130.6,130.6,130.52,130.59,1854.0,130.561
2026-05-27 14:09:00-04:00,130.54,130.62,130.54,130.58,2060.0,130.561
2026-05-27 14:10:00-04:00,130.57,130.63,130.56,130.61,2190.0,130.597
2026-05-27 14:11:00-04:00,130.56,130.59,130.41,130.42,4215.0,130.544
2026-05-27 14:12:00-04:00,130.47,130.51,130.47,130.51,503.0,130.478
2026-05-27 14:13:00-04:00,130.53,130.64,130.53,130.64,1471.0,130.562
2026-05-27 14:14:00-04:00,130.67,130.73,130.67,130.73,1000.0,130.7
2026-05-27 14:15:00-04:00,130.7,130.99,130.7,130.96,6867.0,130.901
2026-05-27 14:16:00-04:00,130.95,131.07,130.81,131.03,14936.0,131.008
2026-05-27 14:17:00-04:00,131.03,131.04,131.03,131.03,1160.0,131.032
2026-05-27 14:18:00-04:00,131.03,131.07,131.03,131.07,500.0,131.046
2026-05-27 14:19:00-04:00,131.05,131.32,131.05,131.25,4714.0,131.188
2026-05-27 14:20:00-04:00,131.25,131.46,131.25,131.34,8615.0,131.363
2026-05-27 14:21:00-04:00,131.28,131.3,131.2,131.3,636.0,131.265
2026-05-27 14:22:00-04:00,131.3,131.42,131.3,131.42,3716.0,131.354
2026-05-27 14:23:00-04:00,131.38,131.38,131.15,131.15,4533.0,131.301
2026-05-27 14:24:00-04:00,131.25,131.25,131.1,131.13,500.0,131.195
2026-05-27 14:25:00-04:00,131.22,131.22,131.1,131.1,1539.0,131.164
2026-05-27 14:26:00-04:00,131.2,131.2,130.98,130.98,1425.0,131.083
2026-05-27 14:27:00-04:00,131.09,131.24,131.06,131.09,1228.0,131.108
2026-05-27 14:28:00-04:00,131.19,131.19,131.06,131.09,950.0,131.135
2026-05-27 14:29:00-04:00,130.99,131.08,130.99,131.08,1357.0,131.056
2026-05-27 14:30:00-04:00,131.02,131.1,131.02,131.09,1031.0,131.042
2026-05-27 14:31:00-04:00,131.09,131.09,130.99,130.99,1245.0,131.045
2026-05-27 14:32:00-04:00,131.03,131.03,130.76,130.77,961.0,130.861
2026-05-27 14:33:00-04:00,130.72,131.0,130.71,131.0,3565.0,130.899
2026-05-27 14:34:00-04:00,131.0,131.05,131.0,131.0,1161.0,131.031
2026-05-27 14:35:00-04:00,130.98,131.02,130.97,130.97,1200.0,130.987
2026-05-27 14:36:00-04:00,131.01,131.01,130.93,130.93,900.0,130.956
2026-05-27 14:37:00-04:00,130.88,130.92,130.86,130.91,1737.0,130.887
2026-05-27 14:38:00-04:00,130.93,131.02,130.91,130.98,1750.0,130.953
2026-05-27 14:39:00-04:00,131.01,131.05,131.0,131.05,400.0,131.018
2026-05-27 14:40:00-04:00,131.08,131.08,130.98,131.07,951.0,131.017
2026-05-27 14:41:00-04:00,131.01,131.16,131.0,131.16,869.0,131.116
2026-05-27 14:42:00-04:00,131.28,131.28,131.21,131.26,1800.0,131.229
2026-05-27 14:43:00-04:00,131.14,131.14,131.13,131.13,400.0,131.135
2026-05-27 14:44:00-04:00,131.17,131.17,131.1,131.1,300.0,131.122
2026-05-27 14:45:00-04:00,131.09,131.16,131.09,131.13,900.0,131.128
2026-05-27 14:46:00-04:00,131.13,131.13,131.13,131.13,400.0,131.13
2026-05-27 14:47:00-04:00,131.18,131.22,131.18,131.22,200.0,131.2
2026-05-27 14:48:00-04:00,131.23,131.23,131.11,131.12,4296.0,131.176
2026-05-27 14:49:00-04:00,131.04,131.07,131.04,131.07,200.0,131.055
2026-05-27 14:50:00-04:00,131.01,131.14,131.01,131.14,2004.0,131.067
2026-05-27 14:51:00-04:00,131.15,131.24,131.14,131.24,1444.0,131.183
2026-05-27 14:52:00-04:00,131.33,131.33,131.24,131.31,347.0,131.298
2026-05-27 14:53:00-04:00,131.34,131.34,131.15,131.32,1560.0,131.218
2026-05-27 14:54:00-04:00,131.17,131.17,131.06,131.15,2214.0,131.107
2026-05-27 14:55:00-04:00,131.16,131.24,131.14,131.14,1980.0,131.162
2026-05-27 14:56:00-04:00,131.08,131.09,131.08,131.09,252.0,131.084
2026-05-27 14:57:00-04:00,131.08,131.08,131.06,131.06,700.0,131.071
2026-05-27 14:58:00-04:00,131.12,131.12,131.07,131.12,971.0,131.107
2026-05-27 14:59:00-04:00,131.05,131.11,131.03,131.04,1351.0,131.053
2026-05-27 15:00:00-04:00,131.11,131.22,131.08,131.22,13973.0,131.148
2026-05-27 15:01:00-04:00,131.12,131.36,131.12,131.33,4062.0,131.247
2026-05-27 15:02:00-04:00,131.33,131.45,131.33,131.44,822.0,131.412
2026-05-27 15:03:00-04:00,131.41,131.63,131.41,131.59,4200.0,131.527
2026-05-27 15:04:00-04:00,131.59,131.59,131.47,131.48,2255.0,131.508
2026-05-27 15:05:00-04:00,131.43,131.58,131.43,131.58,544.0,131.523
2026-05-27 15:06:00-04:00,131.4,131.44,131.27,131.27,2702.0,131.4
2026-05-27 15:07:00-04:00,131.17,131.33,131.15,131.33,1795.0,131.23
2026-05-27 15:08:00-04:00,131.3,131.3,131.27,131.28,600.0,131.292
2026-05-27 15:09:00-04:00,131.28,131.28,131.28,131.28,0.0,131.28
2026-05-27 15:10:00-04:00,131.39,131.4,131.3,131.3,1146.0,131.317
2026-05-27 15:11:00-04:00,131.33,131.4,131.22,131.22,553.0,131.318
2026-05-27 15:12:00-04:00,131.33,131.33,131.21,131.23,889.0,131.235
2026-05-27 15:13:00-04:00,131.24,131.27,131.24,131.27,346.0,131.254
2026-05-27 15:14:00-04:00,131.21,131.27,131.19,131.25,3264.0,131.229
2026-05-27 15:15:00-04:00,131.3,131.3,131.25,131.28,1360.0,131.28
2026-05-27 15:16:00-04:00,131.28,131.55,131.27,131.55,1101.0,131.384
2026-05-27 15:17:00-04:00,131.43,131.5,131.43,131.5,700.0,131.446
2026-05-27 15:18:00-04:00,131.49,131.49,131.25,131.25,2625.0,131.368
2026-05-27 15:19:00-04:00,131.24,131.33,131.16,131.31,2481.0,131.273
2026-05-27 15:20:00-04:00,131.24,131.24,131.18,131.18,500.0,131.213
2026-05-27 15:21:00-04:00,131.1,131.1,131.04,131.08,300.0,131.073
2026-05-27 15:22:00-04:00,131.0,131.06,130.94,130.94,3478.0,131.016
2026-05-27 15:23:00-04:00,131.0,131.0,130.86,130.87,3558.0,130.909
2026-05-27 15:24:00-04:00,130.86,130.86,130.85,130.86,600.0,130.855
2026-05-27 15:25:00-04:00,130.84,130.84,130.79,130.8,1558.0,130.818
2026-05-27 15:26:00-04:00,130.78,130.83,130.76,130.81,3555.0,130.799
2026-05-27 15:27:00-04:00,130.81,131.0,130.81,130.96,7193.0,130.966
2026-05-27 15:28:00-04:00,130.96,130.96,130.92,130.93,500.0,130.937
2026-05-27 15:29:00-04:00,130.98,130.98,130.93,130.94,300.0,130.952
2026-05-27 15:30:00-04:00,130.94,131.21,130.93,131.21,7134.0,131.073
2026-05-27 15:31:00-04:00,131.16,131.27,131.16,131.27,1400.0,131.2
2026-05-27 15:32:00-04:00,131.23,131.28,131.09,131.25,3435.0,131.189
2026-05-27 15:33:00-04:00,131.24,131.31,131.24,131.24,2244.0,131.259
2026-05-27 15:34:00-04:00,131.1,131.33,131.09,131.33,899.0,131.267
2026-05-27 15:35:00-04:00,131.2,131.2,131.06,131.06,1100.0,131.118
2026-05-27 15:36:00-04:00,130.99,131.05,130.95,131.05,2746.0,131.021
2026-05-27 15:37:00-04:00,131.02,131.08,130.98,131.06,1937.0,131.042
2026-05-27 15:38:00-04:00,131.09,131.09,130.98,130.98,400.0,131.033
2026-05-27 15:39:00-04:00,130.99,131.1,130.99,131.0,1500.0,131.012
2026-05-27 15:40:00-04:00,130.98,130.99,130.85,130.94,3438.0,130.917
2026-05-27 15:41:00-04:00,130.94,130.95,130.92,130.93,335.0,130.939
2026-05-27 15:42:00-04:00,130.93,130.93,130.83,130.84,3240.0,130.891
2026-05-27 15:43:00-04:00,130.88,130.88,130.81,130.81,1323.0,130.843
2026-05-27 15:44:00-04:00,130.84,131.07,130.8,131.07,6741.0,130.908
2026-05-27 15:45:00-04:00,130.92,131.05,130.92,130.93,1875.0,130.968
2026-05-27 15:46:00-04:00,130.96,131.05,130.88,131.01,3079.0,130.959
2026-05-27 15:47:00-04:00,130.96,131.1,130.96,131.03,4286.0,131.027
2026-05-27 15:48:00-04:00,131.05,131.09,131.02,131.06,3672.0,131.058
2026-05-27 15:49:00-04:00,131.06,131.39,131.06,131.34,6702.0,131.274
2026-05-27 15:50:00-04:00,131.38,131.67,131.38,131.67,17644.0,131.541
2026-05-27 15:51:00-04:00,131.65,131.65,131.58,131.62,5048.0,131.606
2026-05-27 15:52:00-04:00,131.62,131.68,131.6,131.66,6384.0,131.648
2026-05-27 15:53:00-04:00,131.7,132.5,131.66,131.76,18478.0,131.797
2026-05-27 15:54:00-04:00,131.71,131.79,131.52,131.53,12422.0,131.682
2026-05-27 15:55:00-04:00,131.53,131.67,131.47,131.53,9180.0,131.521
2026-05-27 15:56:00-04:00,131.53,131.72,131.49,131.55,30702.0,131.62
2026-05-27 15:57:00-04:00,131.55,131.66,131.33,131.52,29563.0,131.503
2026-05-27 15:58:00-04:00,131.56,131.95,131.54,131.94,32825.0,131.735
2026-05-27 15:59:00-04:00,131.94,132.26,131.85,131.96,108222.0,132.018
2026-05-28 09:30:00-04:00,131.35,132.0,130.5,130.5,25255.0,131.457
2026-05-28 09:31:00-04:00,130.94,131.37,130.51,130.82,4571.0,130.858
2026-05-28 09:32:00-04:00,130.93,131.33,130.49,130.67,7708.0,130.903
2026-05-28 09:33:00-04:00,130.76,130.76,130.14,130.14,3063.0,130.677
2026-05-28 09:34:00-04:00,130.31,130.54,129.67,129.94,18603.0,130.192
2026-05-28 09:35:00-04:00,130.06,130.09,129.22,129.57,12825.0,129.803
2026-05-28 09:36:00-04:00,129.49,129.93,129.48,129.69,8679.0,129.782
2026-05-28 09:37:00-04:00,129.62,129.95,129.59,129.59,2600.0,129.744
2026-05-28 09:38:00-04:00,129.76,130.22,129.51,130.06,9447.0,130.044
2026-05-28 09:39:00-04:00,129.69,129.77,129.55,129.77,2630.0,129.735
2026-05-28 09:40:00-04:00,129.76,129.76,129.5,129.65,4818.0,129.619
2026-05-28 09:41:00-04:00,129.59,129.6,129.22,129.51,4279.0,129.511
2026-05-28 09:42:00-04:00,129.98,129.98,129.78,129.78,500.0,129.907
2026-05-28 09:43:00-04:00,129.85,130.07,129.85,130.07,500.0,129.894
2026-05-28 09:44:00-04:00,129.52,130.1,129.52,129.99,2199.0,129.965
2026-05-28 09:45:00-04:00,130.2,130.43,129.89,130.12,3976.0,130.185
2026-05-28 09:46:00-04:00,130.13,130.14,129.71,129.81,2309.0,129.893
2026-05-28 09:47:00-04:00,130.03,130.24,130.03,130.23,888.0,130.144
2026-05-28 09:48:00-04:00,130.24,130.35,130.2,130.2,1210.0,130.267
2026-05-28 09:49:00-04:00,130.35,130.45,130.03,130.18,1775.0,130.171
2026-05-28 09:50:00-04:00,130.11,130.49,130.1,130.41,4501.0,130.25
2026-05-28 09:51:00-04:00,130.61,130.61,130.49,130.49,500.0,130.562
2026-05-28 09:52:00-04:00,130.63,130.85,130.63,130.85,320.0,130.781
2026-05-28 09:53:00-04:00,130.67,130.67,130.49,130.5,841.0,130.615
2026-05-28 09:54:00-04:00,130.46,130.54,130.41,130.5,2581.0,130.465
2026-05-28 09:55:00-04:00,130.48,130.48,130.24,130.24,2036.0,130.375
2026-05-28 09:56:00-04:00,130.22,130.4,130.22,130.4,2106.0,130.258
2026-05-28 09:57:00-04:00,130.46,130.46,130.45,130.45,400.0,130.453
2026-05-28 09:58:00-04:00,130.5,130.72,130.5,130.72,6139.0,130.52
2026-05-28 09:59:00-04:00,130.62,130.73,130.52,130.73,1199.0,130.671
2026-05-28 10:00:00-04:00,130.72,131.0,130.67,130.85,2100.0,130.845
2026-05-28 10:01:00-04:00,130.89,131.09,130.88,130.92,2470.0,131.059
2026-05-28 10:02:00-04:00,130.98,131.1,130.72,130.82,1070.0,130.869
2026-05-28 10:03:00-04:00,130.82,130.82,130.6,130.73,1773.0,130.74
2026-05-28 10:04:00-04:00,130.75,130.76,130.51,130.63,1608.0,130.637
2026-05-28 10:05:00-04:00,130.54,130.55,129.78,129.85,8174.0,130.014
2026-05-28 10:06:00-04:00,129.77,130.0,129.77,129.85,1879.0,129.823
2026-05-28 10:07:00-04:00,129.73,129.95,129.51,129.7,1037.0,129.731
2026-05-28 10:08:00-04:00,129.7,129.7,129.28,129.57,5517.0,129.548
2026-05-28 10:09:00-04:00,129.43,129.68,129.25,129.46,8016.0,129.384
2026-05-28 10:10:00-04:00,129.46,129.65,129.23,129.31,1400.0,129.433
2026-05-28 10:11:00-04:00,129.41,129.42,129.41,129.41,600.0,129.413
2026-05-28 10:12:00-04:00,129.41,129.86,129.09,129.78,8529.0,129.34
2026-05-28 10:13:00-04:00,129.97,130.6,129.87,130.38,1435.0,130.142
2026-05-28 10:14:00-04:00,130.6,130.62,130.25,130.25,759.0,130.485
2026-05-28 10:15:00-04:00,130.12,130.27,129.87,129.87,1046.0,130.155
2026-05-28 10:16:00-04:00,129.87,129.95,129.31,129.33,3400.0,129.642
2026-05-28 10:17:00-04:00,129.31,129.58,129.11,129.12,4127.0,129.374
2026-05-28 10:18:00-04:00,129.29,129.29,128.87,129.05,8383.0,129.023
2026-05-28 10:19:00-04:00,129.05,129.05,128.9,128.95,537.0,128.975
2026-05-28 10:20:00-04:00,128.95,128.96,128.75,128.82,1921.0,128.829
2026-05-28 10:21:00-04:00,128.82,129.03,128.77,128.98,1737.0,128.842
2026-05-28 10:22:00-04:00,128.99,128.99,128.94,128.94,450.0,128.955
2026-05-28 10:23:00-04:00,128.94,129.14,128.75,129.02,5865.0,129.027
2026-05-28 10:24:00-04:00,129.18,129.4,129.05,129.36,2558.0,129.333
2026-05-28 10:25:00-04:00,129.26,129.26,129.0,129.0,1700.0,129.061
2026-05-28 10:26:00-04:00,128.98,129.25,128.98,129.17,1426.0,129.178
2026-05-28 10:27:00-04:00,129.17,129.18,129.17,129.18,719.0,129.176
2026-05-28 10:28:00-04:00,129.31,129.31,129.05,129.08,1465.0,129.153
2026-05-28 10:29:00-04:00,129.03,129.18,128.9,128.9,3972.0,129.03
2026-05-28 10:30:00-04:00,128.74,128.74,128.49,128.66,10218.0,128.587
2026-05-28 10:31:00-04:00,128.61,128.62,128.51,128.51,950.0,128.573
2026-05-28 10:32:00-04:00,128.45,128.45,128.12,128.16,4382.0,128.245
2026-05-28 10:33:00-04:00,128.18,128.32,128.16,128.3,6138.0,128.262
2026-05-28 10:34:00-04:00,128.36,128.63,128.36,128.63,3629.0,128.535
2026-05-28 10:35:00-04:00,128.67,128.67,128.55,128.56,2699.0,128.605
2026-05-28 10:36:00-04:00,128.56,128.57,128.43,128.43,1075.0,128.514
2026-05-28 10:37:00-04:00,128.45,128.45,128.44,128.44,200.0,128.448
2026-05-28 10:38:00-04:00,128.51,128.64,128.41,128.64,2349.0,128.554
2026-05-28 10:39:00-04:00,128.62,128.62,128.4,128.4,9196.0,128.541
2026-05-28 10:40:00-04:00,128.34,128.69,128.34,128.6,791.0,128.575
2026-05-28 10:41:00-04:00,128.69,128.74,128.69,128.73,200.0,128.71
2026-05-28 10:42:00-04:00,128.77,128.83,128.57,128.72,2161.0,128.71
2026-05-28 10:43:00-04:00,128.84,128.97,128.84,128.97,700.0,128.889
2026-05-28 10:44:00-04:00,128.84,128.85,128.84,128.84,100.0,128.845
2026-05-28 10:45:00-04:00,128.91,129.03,128.91,129.03,900.0,128.993
2026-05-28 10:46:00-04:00,128.94,129.03,128.77,128.77,3496.0,128.922
2026-05-28 10:47:00-04:00,128.88,129.04,128.88,128.99,366.0,128.974
2026-05-28 10:48:00-04:00,128.81,129.34,128.81,128.99,3367.0,129.005
2026-05-28 10:49:00-04:00,129.14,129.15,129.14,129.14,210.0,129.145
2026-05-28 10:50:00-04:00,128.93,129.03,128.86,128.95,660.0,128.957
2026-05-28 10:51:00-04:00,129.13,129.13,129.02,129.02,200.0,129.075
2026-05-28 10:52:00-04:00,129.1,129.21,128.97,128.97,3373.0,129.166
2026-05-28 10:53:00-04:00,129.2,129.21,129.2,129.2,400.0,129.2
2026-05-28 10:54:00-04:00,129.2,129.36,129.2,129.2,1695.0,129.221
2026-05-28 10:55:00-04:00,129.32,129.33,129.2,129.2,400.0,129.291
2026-05-28 10:56:00-04:00,129.15,129.15,128.99,129.03,1300.0,129.062
2026-05-28 10:57:00-04:00,129.03,129.03,129.03,129.03,0.0,129.03
2026-05-28 10:58:00-04:00,128.89,129.1,128.89,129.01,1939.0,129.018
2026-05-28 10:59:00-04:00,129.01,129.14,129.01,129.14,800.0,129.061
2026-05-28 11:00:00-04:00,129.11,129.11,129.1,129.11,150.0,129.107
2026-05-28 11:01:00-04:00,129.12,129.39,129.12,129.39,2130.0,129.224
2026-05-28 11:02:00-04:00,129.31,129.35,129.24,129.3,768.0,129.324
2026-05-28 11:03:00-04:00,129.31,129.31,129.2,129.2,560.0,129.254
2026-05-28 11:04:00-04:00,129.23,129.23,129.21,129.22,200.0,129.223
2026-05-28 11:05:00-04:00,129.15,129.22,129.15,129.2,1143.0,129.199
2026-05-28 11:06:00-04:00,129.07,129.12,128.99,129.03,2535.0,129.047
2026-05-28 11:07:00-04:00,129.16,129.16,129.04,129.04,1328.0,129.073
2026-05-28 11:08:00-04:00,129.01,129.02,128.72,128.72,1452.0,128.887
2026-05-28 11:09:00-04:00,128.78,128.78,128.72,128.76,459.0,128.756
2026-05-28 11:10:00-04:00,128.75,128.76,128.67,128.71,1110.0,128.71
2026-05-28 11:11:00-04:00,128.67,128.76,128.67,128.72,2382.0,128.68
2026-05-28 11:12:00-04:00,128.72,128.72,128.72,128.72,100.0,128.72
2026-05-28 11:13:00-04:00,128.79,128.79,128.79,128.79,100.0,128.79
2026-05-28 11:14:00-04:00,128.75,128.81,128.74,128.81,1300.0,128.787
2026-05-28 11:15:00-04:00,128.75,128.75,128.71,128.72,212.0,128.729
2026-05-28 11:16:00-04:00,128.62,128.72,128.62,128.65,867.0,128.652
2026-05-28 11:17:00-04:00,128.62,128.94,128.62,128.91,5818.0,128.791
2026-05-28 11:18:00-04:00,128.95,129.16,128.87,128.95,4951.0,129.014
2026-05-28 11:19:00-04:00,129.0,129.02,128.99,129.01,4100.0,129.004
2026-05-28 11:20:00-04:00,129.01,129.01,129.01,129.01,569.0,129.01
2026-05-28 11:21:00-04:00,129.15,129.15,129.1,129.1,450.0,129.114
2026-05-28 11:22:00-04:00,129.03,129.05,128.96,128.96,944.0,129.01
2026-05-28 11:23:00-04:00,129.0,129.08,128.95,129.04,1822.0,129.005
2026-05-28 11:24:00-04:00,129.19,129.3,129.19,129.3,300.0,129.237
2026-05-28 11:25:00-04:00,129.15,129.21,129.1,129.2,1145.0,129.169
2026-05-28 11:26:00-04:00,129.22,129.38,129.22,129.22,400.0,129.26
2026-05-28 11:27:00-04:00,129.22,129.25,129.08,129.25,1435.0,129.149
2026-05-28 11:28:00-04:00,129.13,129.39,129.13,129.2,1300.0,129.265
2026-05-28 11:29:00-04:00,129.23,129.4,129.21,129.38,2727.0,129.262
2026-05-28 11:30:00-04:00,129.34,129.39,129.34,129.34,653.0,129.365
2026-05-28 11:31:00-04:00,129.34,129.43,129.22,129.26,5224.0,129.28
2026-05-28 11:32:00-04:00,129.26,129.26,129.26,129.26,0.0,129.26
2026-05-28 11:33:00-04:00,129.1,129.13,129.03,129.1,1756.0,129.086
2026-05-28 11:34:00-04:00,129.02,129.18,129.02,129.15,2593.0,129.161
2026-05-28 11:35:00-04:00,129.23,129.44,129.15,129.39,1731.0,129.268
2026-05-28 11:36:00-04:00,129.44,129.57,129.44,129.57,1488.0,129.507
2026-05-28 11:37:00-04:00,129.53,129.54,129.5,129.52,1220.0,129.517
2026-05-28 11:38:00-04:00,129.61,129.67,129.57,129.61,1762.0,129.619
2026-05-28 11:39:00-04:00,129.67,129.67,129.53,129.53,200.0,129.6
2026-05-28 11:40:00-04:00,129.53,129.53,129.5,129.51,600.0,129.507
2026-05-28 11:41:00-04:00,129.46,129.59,129.37,129.56,1600.0,129.513
2026-05-28 11:42:00-04:00,129.63,129.63,129.63,129.63,444.0,129.63
2026-05-28 11:43:00-04:00,129.68,129.68,129.65,129.65,877.0,129.675
2026-05-28 11:44:00-04:00,129.65,129.69,129.64,129.64,1749.0,129.661
2026-05-28 11:45:00-04:00,129.64,129.72,129.62,129.69,3743.0,129.686
2026-05-28 11:46:00-04:00,129.56,129.64,129.5,129.5,2507.0,129.559
2026-05-28 11:47:00-04:00,129.51,129.67,129.5,129.59,1000.0,129.57
2026-05-28 11:48:00-04:00,129.61,129.62,129.51,129.52,2912.0,129.551
2026-05-28 11:49:00-04:00,129.54,129.55,129.47,129.54,976.0,129.537
2026-05-28 11:50:00-04:00,129.55,129.67,129.52,129.66,1848.0,129.58
2026-05-28 11:51:00-04:00,129.66,129.67,129.59,129.6,1138.0,129.647
2026-05-28 11:52:00-04:00,129.6,129.68,129.6,129.68,1000.0,129.61
2026-05-28 11:53:00-04:00,129.65,129.73,129.65,129.72,531.0,129.686
2026-05-28 11:54:00-04:00,129.66,129.66,129.58,129.66,500.0,129.622
2026-05-28 11:55:00-04:00,129.61,129.7,129.61,129.66,710.0,129.657
2026-05-28 11:56:00-04:00,129.69,129.69,129.66,129.66,994.0,129.67
2026-05-28 11:57:00-04:00,129.66,129.74,129.66,129.66,2192.0,129.697
2026-05-28 11:58:00-04:00,129.59,129.67,129.59,129.66,300.0,129.64
2026-05-28 11:59:00-04:00,129.6,129.67,129.59,129.59,400.0,129.63
2026-05-28 12:00:00-04:00,129.65,129.66,129.52,129.62,1831.0,129.611
2026-05-28 12:01:00-04:00,129.59,129.59,129.58,129.58,300.0,129.587
2026-05-28 12:02:00-04:00,129.55,129.59,129.49,129.59,755.0,129.555
2026-05-28 12:03:00-04:00,129.57,129.57,129.46,129.46,1170.0,129.476
2026-05-28 12:04:00-04:00,129.54,129.59,129.39,129.54,3425.0,129.484
2026-05-28 12:05:00-04:00,129.57,129.65,129.56,129.65,486.0,129.6
2026-05-28 12:06:00-04:00,129.66,129.66,129.66,129.66,137.0,129.66
2026-05-28 12:07:00-04:00,129.7,129.87,129.69,129.84,3450.0,129.762
2026-05-28 12:08:00-04:00,129.89,129.94,129.79,129.94,538.0,129.868
2026-05-28 12:09:00-04:00,129.87,129.87,129.87,129.87,500.0,129.87
2026-05-28 12:10:00-04:00,129.81,129.81,129.76,129.76,612.0,129.802
2026-05-28 12:11:00-04:00,129.75,129.84,129.75,129.84,935.0,129.819
2026-05-28 12:12:00-04:00,129.82,129.93,129.79,129.93,1000.0,129.848
2026-05-28 12:13:00-04:00,129.86,129.86,129.65,129.67,900.0,129.714
2026-05-28 12:14:00-04:00,129.67,129.67,129.39,129.44,1200.0,129.499
2026-05-28 12:15:00-04:00,129.44,129.44,129.44,129.44,340.0,129.44
2026-05-28 12:16:00-04:00,129.33,129.42,129.33,129.41,554.0,129.354
2026-05-28 12:17:00-04:00,129.35,129.51,129.35,129.51,1201.0,129.461
2026-05-28 12:18:00-04:00,129.56,129.69,129.56,129.61,700.0,129.615
2026-05-28 12:19:00-04:00,129.52,129.52,129.42,129.43,1045.0,129.481
2026-05-28 12:20:00-04:00,129.44,129.44,129.44,129.44,141.0,129.44
2026-05-28 12:21:00-04:00,129.43,129.44,129.41,129.44,300.0,129.427
2026-05-28 12:22:00-04:00,129.35,129.35,129.32,129.32,300.0,129.337
2026-05-28 12:23:00-04:00,129.38,129.44,129.38,129.44,400.0,129.421
2026-05-28 12:24:00-04:00,129.59,129.65,129.56,129.64,866.0,129.616
2026-05-28 12:25:00-04:00,129.64,129.65,129.5,129.51,791.0,129.547
2026-05-28 12:26:00-04:00,129.55,129.55,129.55,129.55,300.0,129.55
2026-05-28 12:27:00-04:00,129.53,129.82,129.53,129.76,2925.0,129.636
2026-05-28 12:28:00-04:00,129.77,129.77,129.73,129.73,900.0,129.766
2026-05-28 12:29:00-04:00,129.78,129.78,129.71,129.77,900.0,129.724
2026-05-28 12:30:00-04:00,129.77,129.85,129.77,129.84,1115.0,129.789
2026-05-28 12:31:00-04:00,129.85,129.86,129.8,129.8,1018.0,129.815
2026-05-28 12:32:00-04:00,129.85,129.9,129.68,129.68,5675.0,129.797
2026-05-28 12:33:00-04:00,129.68,129.68,129.68,129.68,0.0,129.68
2026-05-28 12:34:00-04:00,129.69,129.74,129.65,129.73,863.0,129.71
2026-05-28 12:35:00-04:00,129.67,129.74,129.63,129.63,1000.0,129.664
2026-05-28 12:36:00-04:00,129.63,129.64,129.63,129.63,208.0,129.635
2026-05-28 12:37:00-04:00,129.62,129.7,129.62,129.62,508.0,129.667
2026-05-28 12:38:00-04:00,129.62,129.7,129.52,129.52,3175.0,129.583
2026-05-28 12:39:00-04:00,129.51,129.52,129.46,129.46,366.0,129.5
2026-05-28 12:40:00-04:00,129.51,129.52,129.51,129.51,100.0,129.515
2026-05-28 12:41:00-04:00,129.49,129.53,129.49,129.53,321.0,129.511
2026-05-28 12:42:00-04:00,129.51,129.51,129.45,129.45,653.0,129.492
2026-05-28 12:43:00-04:00,129.43,129.5,129.43,129.5,1141.0,129.476
2026-05-28 12:44:00-04:00,129.49,129.56,129.49,129.54,1504.0,129.519
2026-05-28 12:45:00-04:00,129.57,129.57,129.55,129.56,642.0,129.563
2026-05-28 12:46:00-04:00,129.56,129.78,129.56,129.74,2468.0,129.706
2026-05-28 12:47:00-04:00,129.78,129.78,129.72,129.72,400.0,129.744
2026-05-28 12:48:00-04:00,129.75,129.78,129.75,129.77,520.0,129.768
2026-05-28 12:49:00-04:00,129.72,129.72,129.68,129.69,700.0,129.713
2026-05-28 12:50:00-04:00,129.64,129.73,129.63,129.69,1719.0,129.674
2026-05-28 12:51:00-04:00,129.72,129.74,129.69,129.69,800.0,129.713
2026-05-28 12:52:00-04:00,129.79,129.8,129.79,129.79,100.0,129.793
2026-05-28 12:53:00-04:00,129.79,129.82,129.76,129.82,500.0,129.796
2026-05-28 12:54:00-04:00,129.89,130.04,129.89,130.0,4684.0,129.973
2026-05-28 12:55:00-04:00,130.05,130.21,130.05,130.14,3274.0,130.143
2026-05-28 12:56:00-04:00,130.14,130.14,130.14,130.14,0.0,130.14
2026-05-28 12:57:00-04:00,130.14,130.14,130.14,130.14,0.0,130.14
2026-05-28 12:58:00-04:00,130.14,130.14,130.14,130.14,100.0,130.14
2026-05-28 12:59:00-04:00,130.15,130.2,130.14,130.2,688.0,130.17
2026-05-28 13:00:00-04:00,130.2,130.24,130.2,130.24,899.0,130.204
2026-05-28 13:01:00-04:00,130.18,130.38,130.18,130.38,597.0,130.296
2026-05-28 13:02:00-04:00,130.38,130.48,130.37,130.37,750.0,130.39
2026-05-28 13:03:00-04:00,130.38,130.38,130.3,130.34,1099.0,130.35
2026-05-28 13:04:00-04:00,130.34,130.37,130.34,130.36,920.0,130.363
2026-05-28 13:05:00-04:00,130.36,130.37,130.36,130.36,100.0,130.365
2026-05-28 13:06:00-04:00,130.29,130.32,129.96,130.05,10179.0,130.242
2026-05-28 13:07:00-04:00,130.04,130.05,130.04,130.04,200.0,130.045
2026-05-28 13:08:00-04:00,130.04,130.05,130.04,130.04,1100.0,130.045
2026-05-28 13:09:00-04:00,130.04,130.08,129.99,130.08,1400.0,130.043
2026-05-28 13:10:00-04:00,130.06,130.34,130.05,130.29,1884.0,130.219
2026-05-28 13:11:00-04:00,130.29,130.3,130.2,130.29,600.0,130.279
2026-05-28 13:12:00-04:00,130.29,130.29,130.29,130.29,0.0,130.29
2026-05-28 13:13:00-04:00,130.28,130.41,130.28,130.41,548.0,130.344
2026-05-28 13:14:00-04:00,130.36,130.37,130.26,130.34,3499.0,130.324
2026-05-28 13:15:00-04:00,130.37,130.37,130.28,130.34,1291.0,130.312
2026-05-28 13:16:00-04:00,130.34,130.34,130.34,130.34,0.0,130.34
2026-05-28 13:17:00-04:00,130.34,130.34,130.26,130.27,1383.0,130.272
2026-05-28 13:18:00-04:00,130.24,130.28,130.05,130.06,1500.0,130.212
2026-05-28 13:19:00-04:00,130.07,130.08,130.07,130.07,170.0,130.075
2026-05-28 13:20:00-04:00,130.08,130.08,130.01,130.01,338.0,130.059
2026-05-28 13:21:00-04:00,130.01,130.01,130.01,130.01,0.0,130.01
2026-05-28 13:22:00-04:00,130.25,130.26,130.21,130.23,820.0,130.236
2026-05-28 13:23:00-04:00,130.22,130.23,130.22,130.22,350.0,130.225
2026-05-28 13:24:00-04:00,130.19,130.28,130.18,130.23,632.0,130.208
2026-05-28 13:25:00-04:00,130.17,130.23,130.17,130.21,700.0,130.218
2026-05-28 13:26:00-04:00,130.26,130.32,130.24,130.24,4612.0,130.264
2026-05-28 13:27:00-04:00,130.25,130.26,130.24,130.25,652.0,130.249
2026-05-28 13:28:00-04:00,130.22,130.24,130.22,130.24,721.0,130.225
2026-05-28 13:29:00-04:00,130.28,130.28,130.21,130.21,500.0,130.25
2026-05-28 13:30:00-04:00,130.21,130.21,130.21,130.21,0.0,130.21
2026-05-28 13:31:00-04:00,130.28,130.33,130.25,130.25,2491.0,130.301
2026-05-28 13:32:00-04:00,130.25,130.25,130.25,130.25,0.0,130.25
2026-05-28 13:33:00-04:00,130.29,130.36,130.29,130.34,868.0,130.323
2026-05-28 13:34:00-04:00,130.34,130.34,130.34,130.34,0.0,130.34
2026-05-28 13:35:00-04:00,130.37,130.37,130.37,130.37,100.0,130.37
2026-05-28 13:36:00-04:00,130.33,130.45,130.33,130.42,3812.0,130.375
2026-05-28 13:37:00-04:00,130.37,130.37,130.32,130.32,2000.0,130.368
2026-05-28 13:38:00-04:00,130.37,130.39,130.37,130.39,400.0,130.385
2026-05-28 13:39:00-04:00,130.39,130.39,130.39,130.39,0.0,130.39
2026-05-28 13:40:00-04:00,130.31,130.43,130.31,130.4,2123.0,130.394
2026-05-28 13:41:00-04:00,130.37,130.37,130.28,130.32,1481.0,130.289
2026-05-28 13:42:00-04:00,130.24,130.31,130.2,130.2,300.0,130.25
2026-05-28 13:43:00-04:00,130.21,130.36,130.21,130.35,650.0,130.29
2026-05-28 13:44:00-04:00,130.3,130.3,130.3,130.3,100.0,130.3
2026-05-28 13:45:00-04:00,130.35,130.36,130.35,130.35,400.0,130.355
2026-05-28 13:46:00-04:00,130.35,130.36,130.22,130.3,1755.0,130.284
2026-05-28 13:47:00-04:00,130.32,130.33,130.19,130.25,500.0,130.256
2026-05-28 13:48:00-04:00,130.39,130.39,130.39,130.39,300.0,130.39
2026-05-28 13:49:00-04:00,130.35,130.35,130.31,130.31,200.0,130.33
2026-05-28 13:50:00-04:00,130.3,130.3,130.3,130.3,569.0,130.3
2026-05-28 13:51:00-04:00,130.28,130.28,130.28,130.28,100.0,130.28
2026-05-28 13:52:00-04:00,130.29,130.39,130.28,130.39,900.0,130.341
2026-05-28 13:53:00-04:00,130.35,130.43,130.35,130.43,300.0,130.379
2026-05-28 13:54:00-04:00,130.43,130.43,130.39,130.4,1350.0,130.399
2026-05-28 13:55:00-04:00,130.44,130.44,130.43,130.44,120.0,130.435
2026-05-28 13:56:00-04:00,130.43,130.43,130.35,130.35,900.0,130.391
2026-05-28 13:57:00-04:00,130.35,130.35,130.35,130.35,0.0,130.35
2026-05-28 13:58:00-04:00,130.3,130.39,130.3,130.39,500.0,130.346
2026-05-28 13:59:00-04:00,130.31,130.32,130.31,130.32,300.0,130.317
2026-05-28 14:00:00-04:00,130.39,130.39,130.32,130.35,625.0,130.353
2026-05-28 14:01:00-04:00,130.35,130.35,130.35,130.35,0.0,130.35
2026-05-28 14:02:00-04:00,130.35,130.36,130.28,130.33,1207.0,130.315
2026-05-28 14:03:00-04:00,130.28,130.3,130.28,130.29,1200.0,130.283
2026-05-28 14:04:00-04:00,130.26,130.33,130.26,130.32,1578.0,130.318
2026-05-28 14:05:00-04:00,130.32,130.32,130.32,130.32,150.0,130.32
2026-05-28 14:06:00-04:00,130.38,130.42,130.35,130.36,2053.0,130.392
2026-05-28 14:07:00-04:00,130.3,130.36,130.3,130.35,800.0,130.348
2026-05-28 14:08:00-04:00,130.36,130.36,130.36,130.36,200.0,130.36
2026-05-28 14:09:00-04:00,130.35,130.36,130.25,130.26,1575.0,130.306
2026-05-28 14:10:00-04:00,130.21,130.4,130.21,130.4,2452.0,130.323
2026-05-28 14:11:00-04:00,130.35,130.39,130.35,130.39,576.0,130.379
2026-05-28 14:12:00-04:00,130.35,130.36,130.35,130.35,100.0,130.355
2026-05-28 14:13:00-04:00,130.31,130.36,130.31,130.31,1209.0,130.315
2026-05-28 14:14:00-04:00,130.38,130.38,130.3,130.31,200.0,130.343
2026-05-28 14:15:00-04:00,130.24,130.31,130.24,130.31,1800.0,130.255
2026-05-28 14:16:00-04:00,130.31,130.31,130.19,130.19,1386.0,130.232
2026-05-28 14:17:00-04:00,130.19,130.22,130.15,130.15,700.0,130.188
2026-05-28 14:18:00-04:00,130.15,130.15,130.15,130.15,0.0,130.15
2026-05-28 14:19:00-04:00,130.13,130.13,130.08,130.09,2000.0,130.094
2026-05-28 14:20:00-04:00,130.09,130.09,130.08,130.09,200.0,130.085
2026-05-28 14:21:00-04:00,130.01,130.05,130.01,130.05,300.0,130.023
2026-05-28 14:22:00-04:00,130.01,130.01,129.9,129.97,1300.0,129.982
2026-05-28 14:23:00-04:00,129.92,130.09,129.92,130.09,2400.0,130.014
2026-05-28 14:24:00-04:00,130.12,130.15,130.07,130.07,2406.0,130.107
2026-05-28 14:25:00-04:00,130.07,130.07,129.98,130.07,700.0,130.044
2026-05-28 14:26:00-04:00,129.99,130.06,129.98,130.02,1427.0,130.014
2026-05-28 14:27:00-04:00,130.03,130.03,129.99,129.99,200.0,130.01
2026-05-28 14:28:00-04:00,130.09,130.09,130.09,130.09,200.0,130.09
2026-05-28 14:29:00-04:00,130.09,130.12,130.08,130.12,420.0,130.097
2026-05-28 14:30:00-04:00,130.11,130.24,130.08,130.24,3714.0,130.154
2026-05-28 14:31:00-04:00,130.26,130.26,130.21,130.21,720.0,130.234
2026-05-28 14:32:00-04:00,130.21,130.25,130.21,130.22,569.0,130.219
2026-05-28 14:33:00-04:00,130.27,130.33,130.27,130.33,4081.0,130.272
2026-05-28 14:34:00-04:00,130.28,130.38,130.28,130.38,800.0,130.326
2026-05-28 14:35:00-04:00,130.43,130.43,130.3,130.3,1599.0,130.384
2026-05-28 14:36:00-04:00,130.35,130.35,130.35,130.35,100.0,130.35
2026-05-28 14:37:00-04:00,130.37,130.38,130.3,130.36,903.0,130.365
2026-05-28 14:38:00-04:00,130.37,130.37,130.37,130.37,100.0,130.37
2026-05-28 14:39:00-04:00,130.36,130.37,130.3,130.3,400.0,130.35
2026-05-28 14:40:00-04:00,130.3,130.34,130.26,130.26,804.0,130.293
2026-05-28 14:41:00-04:00,130.31,130.32,130.26,130.31,906.0,130.309
2026-05-28 14:42:00-04:00,130.4,130.42,130.4,130.41,2000.0,130.414
2026-05-28 14:43:00-04:00,130.41,130.44,130.38,130.39,2507.0,130.415
2026-05-28 14:44:00-04:00,130.45,130.45,130.45,130.45,100.0,130.45
2026-05-28 14:45:00-04:00,130.42,130.61,130.4,130.56,5408.0,130.492
2026-05-28 14:46:00-04:00,130.47,130.47,130.47,130.47,583.0,130.47
2026-05-28 14:47:00-04:00,130.51,130.53,130.49,130.51,1234.0,130.513
2026-05-28 14:48:00-04:00,130.49,130.54,130.45,130.54,1549.0,130.511
2026-05-28 14:49:00-04:00,130.5,130.53,130.47,130.51,1300.0,130.505
2026-05-28 14:50:00-04:00,130.52,130.57,130.52,130.52,1866.0,130.538
2026-05-28 14:51:00-04:00,130.53,130.55,130.52,130.54,482.0,130.538
2026-05-28 14:52:00-04:00,130.51,130.52,130.47,130.47,600.0,130.493
2026-05-28 14:53:00-04:00,130.5,130.5,130.45,130.47,2024.0,130.475
2026-05-28 14:54:00-04:00,130.45,130.45,130.22,130.28,4872.0,130.331
2026-05-28 14:55:00-04:00,130.22,130.42,130.21,130.37,2709.0,130.305
2026-05-28 14:56:00-04:00,130.54,130.65,130.54,130.65,900.0,130.589
2026-05-28 14:57:00-04:00,130.63,130.65,130.63,130.65,699.0,130.647
2026-05-28 14:58:00-04:00,130.55,130.74,130.51,130.51,2325.0,130.626
2026-05-28 14:59:00-04:00,130.63,130.63,130.59,130.59,590.0,130.616
2026-05-28 15:00:00-04:00,130.63,130.69,130.49,130.59,7186.0,130.605
2026-05-28 15:01:00-04:00,130.47,130.59,130.47,130.59,1794.0,130.568
2026-05-28 15:02:00-04:00,130.63,130.64,130.63,130.63,500.0,130.635
2026-05-28 15:03:00-04:00,130.64,130.64,130.64,130.64,108.0,130.64
2026-05-28 15:04:00-04:00,130.59,130.59,130.59,130.59,300.0,130.59
2026-05-28 15:05:00-04:00,130.56,130.69,130.56,130.68,2042.0,130.649
2026-05-28 15:06:00-04:00,130.62,130.62,130.62,130.62,100.0,130.62
2026-05-28 15:07:00-04:00,130.68,130.75,130.67,130.72,1457.0,130.706
2026-05-28 15:08:00-04:00,130.7,130.73,130.67,130.7,859.0,130.703
2026-05-28 15:09:00-04:00,130.7,130.7,130.7,130.7,356.0,130.7
2026-05-28 15:10:00-04:00,130.66,130.7,130.66,130.7,300.0,130.687
2026-05-28 15:11:00-04:00,130.69,130.7,130.65,130.65,1473.0,130.662
2026-05-28 15:12:00-04:00,130.73,130.73,130.52,130.55,1690.0,130.587
2026-05-28 15:13:00-04:00,130.65,130.65,130.56,130.6,2273.0,130.644
2026-05-28 15:14:00-04:00,130.61,130.67,130.61,130.61,1530.0,130.638
2026-05-28 15:15:00-04:00,130.61,130.75,130.61,130.73,3018.0,130.718
2026-05-28 15:16:00-04:00,130.73,130.74,130.73,130.73,100.0,130.735
2026-05-28 15:17:00-04:00,130.74,130.74,130.67,130.67,750.0,130.715
2026-05-28 15:18:00-04:00,130.72,130.93,130.71,130.92,2029.0,130.828
2026-05-28 15:19:00-04:00,130.93,131.01,130.93,130.96,1871.0,130.991
2026-05-28 15:20:00-04:00,131.0,131.0,131.0,131.0,200.0,131.0
2026-05-28 15:21:00-04:00,130.91,130.96,130.82,130.91,1000.0,130.891
2026-05-28 15:22:00-04:00,130.94,130.94,130.84,130.84,1050.0,130.851
2026-05-28 15:23:00-04:00,130.84,130.88,130.77,130.88,1309.0,130.842
2026-05-28 15:24:00-04:00,130.87,130.88,130.77,130.87,800.0,130.846
2026-05-28 15:25:00-04:00,130.87,130.87,130.77,130.87,1054.0,130.829
2026-05-28 15:26:00-04:00,130.86,130.86,130.64,130.78,3053.0,130.719
2026-05-28 15:27:00-04:00,130.83,130.92,130.83,130.91,1386.0,130.876
2026-05-28 15:28:00-04:00,130.91,130.97,130.9,130.94,1100.0,130.927
2026-05-28 15:29:00-04:00,130.94,131.03,130.94,131.03,932.0,131.001
2026-05-28 15:30:00-04:00,131.04,131.1,131.04,131.1,2033.0,131.067
2026-05-28 15:31:00-04:00,131.03,131.04,130.92,130.92,1100.0,130.966
2026-05-28 15:32:00-04:00,130.94,130.97,130.9,130.96,419.0,130.944
2026-05-28 15:33:00-04:00,130.89,131.01,130.89,130.97,1577.0,130.956
2026-05-28 15:34:00-04:00,130.9,131.01,130.9,130.97,2496.0,130.975
2026-05-28 15:35:00-04:00,130.97,130.97,130.81,130.81,1600.0,130.881
2026-05-28 15:36:00-04:00,130.8,130.86,130.8,130.8,500.0,130.823
2026-05-28 15:37:00-04:00,130.8,130.86,130.79,130.79,1000.0,130.806
2026-05-28 15:38:00-04:00,130.79,130.8,130.76,130.76,612.0,130.781
2026-05-28 15:39:00-04:00,130.76,130.82,130.71,130.71,2314.0,130.785
2026-05-28 15:40:00-04:00,130.67,130.72,130.61,130.61,2971.0,130.655
2026-05-28 15:41:00-04:00,130.59,130.65,130.59,130.65,800.0,130.628
2026-05-28 15:42:00-04:00,130.63,130.65,130.6,130.65,600.0,130.632
2026-05-28 15:43:00-04:00,130.59,130.6,130.52,130.56,1400.0,130.568
2026-05-28 15:44:00-04:00,130.56,130.56,130.5,130.51,2767.0,130.543
2026-05-28 15:45:00-04:00,130.5,130.54,130.46,130.48,1714.0,130.505
2026-05-28 15:46:00-04:00,130.44,130.5,130.44,130.48,2550.0,130.483
2026-05-28 15:47:00-04:00,130.44,130.57,130.44,130.53,3869.0,130.521
2026-05-28 15:48:00-04:00,130.52,130.55,130.52,130.55,400.0,130.528
2026-05-28 15:49:00-04:00,130.55,130.64,130.52,130.64,2784.0,130.568
2026-05-28 15:50:00-04:00,130.59,130.62,130.52,130.52,2166.0,130.582
2026-05-28 15:51:00-04:00,130.54,130.55,130.5,130.54,2610.0,130.518
2026-05-28 15:52:00-04:00,130.54,130.6,130.39,130.59,7132.0,130.487
2026-05-28 15:53:00-04:00,130.6,130.82,130.58,130.82,8924.0,130.718
2026-05-28 15:54:00-04:00,130.77,130.83,130.66,130.73,3268.0,130.763
2026-05-28 15:55:00-04:00,130.86,131.0,130.82,130.94,4777.0,130.942
2026-05-28 15:56:00-04:00,130.94,131.0,130.85,130.92,8065.0,130.92
2026-05-28 15:57:00-04:00,130.92,130.94,130.81,130.84,4862.0,130.882
2026-05-28 15:58:00-04:00,130.84,131.06,130.78,131.02,27416.0,130.952
2026-05-28 15:59:00-04:00,131.01,131.09,130.97,131.07,18776.0,131.029
2026-05-29 09:30:00-04:00,130.98,131.09,130.5,130.6,14942.0,131.01
2026-05-29 09:31:00-04:00,130.71,131.21,130.38,131.21,3128.0,130.899
2026-05-29 09:32:00-04:00,131.5,131.77,131.48,131.59,5172.0,131.583
2026-05-29 09:33:00-04:00,131.9,132.39,131.47,131.59,11513.0,132.113
2026-05-29 09:34:00-04:00,131.6,131.6,130.64,130.99,1634.0,131.109
2026-05-29 09:35:00-04:00,131.0,131.0,130.62,130.66,1208.0,130.723
2026-05-29 09:36:00-04:00,130.44,130.56,130.34,130.34,2120.0,130.51
2026-05-29 09:37:00-04:00,130.24,130.29,130.0,130.0,4251.0,130.16
2026-05-29 09:38:00-04:00,130.22,130.47,130.06,130.38,2031.0,130.332
2026-05-29 09:39:00-04:00,130.52,130.81,130.51,130.67,2484.0,130.589
2026-05-29 09:40:00-04:00,130.81,131.0,130.67,130.99,2795.0,130.906
2026-05-29 09:41:00-04:00,131.0,131.2,130.99,131.2,659.0,131.096
2026-05-29 09:42:00-04:00,131.28,131.88,131.28,131.88,1700.0,131.845
2026-05-29 09:43:00-04:00,131.38,131.83,131.37,131.68,510.0,131.56
2026-05-29 09:44:00-04:00,131.68,131.68,131.54,131.54,200.0,131.61
2026-05-29 09:45:00-04:00,131.86,132.1,131.68,131.68,4767.0,131.92
2026-05-29 09:46:00-04:00,131.54,131.58,131.17,131.38,1598.0,131.358
2026-05-29 09:47:00-04:00,131.1,131.18,131.1,131.18,2600.0,131.103
2026-05-29 09:48:00-04:00,131.06,131.06,131.06,131.06,100.0,131.06
2026-05-29 09:49:00-04:00,130.98,131.06,130.53,130.59,1511.0,130.763
2026-05-29 09:50:00-04:00,130.76,130.94,130.76,130.94,861.0,130.785
2026-05-29 09:51:00-04:00,130.93,130.98,130.81,130.81,1100.0,130.927
2026-05-29 09:52:00-04:00,130.87,130.87,130.77,130.77,300.0,130.832
2026-05-29 09:53:00-04:00,130.59,130.9,130.59,130.75,1600.0,130.694
2026-05-29 09:54:00-04:00,130.9,131.19,130.9,131.18,1191.0,131.1
2026-05-29 09:55:00-04:00,131.28,131.42,131.27,131.42,200.0,131.348
2026-05-29 09:56:00-04:00,131.12,131.33,131.0,131.0,802.0,131.153
2026-05-29 09:57:00-04:00,131.0,131.0,131.0,131.0,0.0,131.0
2026-05-29 09:58:00-04:00,131.38,131.47,131.33,131.33,300.0,131.393
2026-05-29 09:59:00-04:00,131.3,131.41,131.22,131.37,1300.0,131.372
2026-05-29 10:00:00-04:00,131.35,131.99,131.24,131.99,3105.0,131.566
2026-05-29 10:01:00-04:00,131.75,131.98,131.75,131.98,822.0,131.778
2026-05-29 10:02:00-04:00,131.71,132.19,131.7,132.05,3748.0,132.004
2026-05-29 10:03:00-04:00,132.05,132.24,132.0,132.23,1829.0,132.119
2026-05-29 10:04:00-04:00,132.21,132.36,132.06,132.36,1282.0,132.184
2026-05-29 10:05:00-04:00,132.4,132.49,132.2,132.2,1122.0,132.341
2026-05-29 10:06:00-04:00,132.13,132.16,132.13,132.16,340.0,132.142
2026-05-29 10:07:00-04:00,132.11,132.12,131.86,131.86,2324.0,132.023
2026-05-29 10:08:00-04:00,131.8,131.8,131.74,131.75,200.0,131.773
2026-05-29 10:09:00-04:00,131.76,131.76,131.59,131.65,840.0,131.681
2026-05-29 10:10:00-04:00,131.64,131.74,131.39,131.48,1346.0,131.522
2026-05-29 10:11:00-04:00,131.16,131.28,131.16,131.28,695.0,131.177
2026-05-29 10:12:00-04:00,131.15,131.46,131.0,131.45,2660.0,131.189
2026-05-29 10:13:00-04:00,131.33,131.43,131.33,131.43,1084.0,131.383
2026-05-29 10:14:00-04:00,131.35,131.35,131.35,131.35,300.0,131.35
2026-05-29 10:15:00-04:00,131.22,131.22,131.18,131.18,300.0,131.207
2026-05-29 10:16:00-04:00,131.13,131.19,131.13,131.19,1140.0,131.136
2026-05-29 10:17:00-04:00,131.05,131.1,130.97,130.97,3980.0,131.019
2026-05-29 10:18:00-04:00,131.03,131.08,131.0,131.04,713.0,131.035
2026-05-29 10:19:00-04:00,131.06,131.19,130.92,131.06,2347.0,131.094
2026-05-29 10:20:00-04:00,131.06,131.08,130.92,130.98,15777.0,131.001
2026-05-29 10:21:00-04:00,131.04,131.07,130.97,131.04,650.0,131.037
2026-05-29 10:22:00-04:00,131.1,131.17,131.1,131.17,936.0,131.142
2026-05-29 10:23:00-04:00,131.16,131.22,131.06,131.21,1481.0,131.148
2026-05-29 10:24:00-04:00,131.16,131.16,131.16,131.16,172.0,131.16
2026-05-29 10:25:00-04:00,131.01,131.1,131.01,131.1,738.0,131.022
2026-05-29 10:26:00-04:00,131.06,131.07,130.9,130.91,1451.0,130.977
2026-05-29 10:27:00-04:00,130.97,131.08,130.86,131.08,4437.0,130.963
2026-05-29 10:28:00-04:00,131.09,131.28,131.09,131.28,1500.0,131.187
2026-05-29 10:29:00-04:00,131.25,131.25,131.08,131.09,800.0,131.189
2026-05-29 10:30:00-04:00,131.06,131.18,131.06,131.18,215.0,131.116
2026-05-29 10:31:00-04:00,131.18,131.18,131.18,131.18,0.0,131.18
2026-05-29 10:32:00-04:00,131.2,131.2,131.01,131.01,968.0,131.082
2026-05-29 10:33:00-04:00,131.0,131.2,131.0,131.2,800.0,131.101
2026-05-29 10:34:00-04:00,131.25,131.29,131.21,131.21,1093.0,131.248
2026-05-29 10:35:00-04:00,131.12,131.15,131.12,131.15,200.0,131.135
2026-05-29 10:36:00-04:00,131.22,131.22,131.22,131.22,400.0,131.22
2026-05-29 10:37:00-04:00,131.24,131.24,131.06,131.06,874.0,131.15
2026-05-29 10:38:00-04:00,131.01,131.1,131.01,131.1,800.0,131.054
2026-05-29 10:39:00-04:00,131.05,131.05,130.99,131.0,4262.0,131.014
2026-05-29 10:40:00-04:00,131.04,131.26,131.02,131.19,4489.0,131.121
2026-05-29 10:41:00-04:00,131.1,131.29,131.1,131.22,400.0,131.204
2026-05-29 10:42:00-04:00,131.28,131.28,131.2,131.2,434.0,131.242
2026-05-29 10:43:00-04:00,131.18,131.18,131.04,131.05,1435.0,131.118
2026-05-29 10:44:00-04:00,131.08,131.08,130.76,130.76,700.0,130.892
2026-05-29 10:45:00-04:00,130.67,130.79,130.51,130.77,4442.0,130.646
2026-05-29 10:46:00-04:00,130.76,130.76,130.55,130.55,200.0,130.657
2026-05-29 10:47:00-04:00,130.75,130.75,130.74,130.75,389.0,130.745
2026-05-29 10:48:00-04:00,130.78,130.92,130.78,130.88,931.0,130.849
2026-05-29 10:49:00-04:00,130.8,130.8,130.77,130.78,367.0,130.782
2026-05-29 10:50:00-04:00,130.7,130.85,130.67,130.85,1001.0,130.766
2026-05-29 10:51:00-04:00,130.95,131.1,130.76,130.95,4576.0,130.966
2026-05-29 10:52:00-04:00,130.95,131.1,130.94,131.03,660.0,131.032
2026-05-29 10:53:00-04:00,131.26,131.26,131.26,131.26,240.0,131.26
2026-05-29 10:54:00-04:00,131.26,131.26,131.26,131.26,0.0,131.26
2026-05-29 10:55:00-04:00,131.19,131.2,131.18,131.2,200.0,131.19
2026-05-29 10:56:00-04:00,131.2,131.35,131.11,131.35,846.0,131.265
2026-05-29 10:57:00-04:00,131.37,131.39,131.37,131.39,689.0,131.381
2026-05-29 10:58:00-04:00,131.35,131.4,131.35,131.4,242.0,131.37
2026-05-29 10:59:00-04:00,131.27,131.34,131.2,131.2,600.0,131.261
2026-05-29 11:00:00-04:00,131.36,131.38,131.26,131.35,2149.0,131.313
2026-05-29 11:01:00-04:00,131.3,131.47,131.3,131.47,1200.0,131.328
2026-05-29 11:02:00-04:00,131.42,131.49,131.14,131.37,7165.0,131.304
2026-05-29 11:03:00-04:00,131.38,131.5,131.31,131.49,3506.0,131.395
2026-05-29 11:04:00-04:00,131.36,131.54,131.24,131.54,8314.0,131.358
2026-05-29 11:05:00-04:00,131.39,131.39,131.39,131.39,104.0,131.39
2026-05-29 11:06:00-04:00,131.41,131.56,131.4,131.56,1000.0,131.525
2026-05-29 11:07:00-04:00,131.56,131.6,131.55,131.6,500.0,131.564
2026-05-29 11:08:00-04:00,131.56,131.68,131.55,131.68,300.0,131.597
2026-05-29 11:09:00-04:00,131.75,131.78,131.75,131.76,1120.0,131.767
2026-05-29 11:10:00-04:00,131.76,131.76,131.74,131.76,331.0,131.754
2026-05-29 11:11:00-04:00,131.84,131.87,131.7,131.87,812.0,131.803
2026-05-29 11:12:00-04:00,131.87,131.95,131.86,131.88,950.0,131.883
2026-05-29 11:13:00-04:00,131.88,131.88,131.88,131.88,0.0,131.88
2026-05-29 11:14:00-04:00,131.94,131.95,131.88,131.9,2155.0,131.911
2026-05-29 11:15:00-04:00,131.95,131.95,131.83,131.94,921.0,131.924
2026-05-29 11:16:00-04:00,131.89,131.89,131.81,131.88,1100.0,131.851
2026-05-29 11:17:00-04:00,131.81,131.81,131.73,131.73,700.0,131.762
2026-05-29 11:18:00-04:00,131.73,131.73,131.73,131.73,0.0,131.73
2026-05-29 11:19:00-04:00,131.7,131.75,131.7,131.75,1599.0,131.741
2026-05-29 11:20:00-04:00,131.61,131.68,131.57,131.68,1076.0,131.607
2026-05-29 11:21:00-04:00,131.68,131.68,131.68,131.68,124.0,131.68
2026-05-29 11:22:00-04:00,131.66,131.78,131.52,131.67,2872.0,131.637
2026-05-29 11:23:00-04:00,131.8,131.8,131.75,131.75,200.0,131.775
2026-05-29 11:24:00-04:00,131.8,131.91,131.77,131.77,2042.0,131.84
2026-05-29 11:25:00-04:00,131.83,131.83,131.58,131.58,518.0,131.689
2026-05-29 11:26:00-04:00,131.82,131.82,131.68,131.68,1600.0,131.81
2026-05-29 11:27:00-04:00,131.68,131.68,131.68,131.68,0.0,131.68
2026-05-29 11:28:00-04:00,131.68,131.68,131.68,131.68,0.0,131.68
2026-05-29 11:29:00-04:00,131.74,131.87,131.57,131.57,500.0,131.732
2026-05-29 11:30:00-04:00,131.64,131.77,131.63,131.7,704.0,131.698
2026-05-29 11:31:00-04:00,131.8,131.8,131.8,131.8,144.0,131.8
2026-05-29 11:32:00-04:00,131.97,132.27,131.95,132.26,3336.0,132.015
2026-05-29 11:33:00-04:00,132.13,132.15,132.0,132.15,1289.0,132.106
2026-05-29 11:34:00-04:00,132.1,132.1,132.1,132.1,160.0,132.1
2026-05-29 11:35:00-04:00,132.09,132.1,132.09,132.09,1205.0,132.095
2026-05-29 11:36:00-04:00,131.99,132.01,131.99,132.01,1500.0,132.003
2026-05-29 11:37:00-04:00,132.1,132.1,131.81,131.91,3400.0,131.934
2026-05-29 11:38:00-04:00,131.97,131.97,131.86,131.96,400.0,131.917
2026-05-29 11:39:00-04:00,131.97,132.06,131.97,131.97,1423.0,131.976
2026-05-29 11:40:00-04:00,131.96,131.96,131.96,131.96,100.0,131.96
2026-05-29 11:41:00-04:00,132.04,132.04,131.89,131.89,291.0,131.988
2026-05-29 11:42:00-04:00,131.87,131.87,131.87,131.87,100.0,131.87
2026-05-29 11:43:00-04:00,131.78,131.78,131.76,131.76,400.0,131.775
2026-05-29 11:44:00-04:00,131.81,131.88,131.81,131.87,734.0,131.865
2026-05-29 11:45:00-04:00,131.94,131.94,131.93,131.94,183.0,131.935
2026-05-29 11:46:00-04:00,131.94,131.94,131.94,131.94,0.0,131.94
2026-05-29 11:47:00-04:00,131.93,131.93,131.87,131.87,307.0,131.89
2026-05-29 11:48:00-04:00,131.94,131.94,131.87,131.94,600.0,131.906
2026-05-29 11:49:00-04:00,131.94,132.07,131.93,132.06,2297.0,131.974
2026-05-29 11:50:00-04:00,132.04,132.04,132.03,132.04,100.0,132.035
2026-05-29 11:51:00-04:00,131.94,132.01,131.87,131.92,1790.0,131.929
2026-05-29 11:52:00-04:00,131.99,131.99,131.96,131.97,1000.0,131.968
2026-05-29 11:53:00-04:00,132.0,132.0,131.82,131.85,1205.0,131.908
2026-05-29 11:54:00-04:00,131.91,131.92,131.91,131.91,1067.0,131.916
2026-05-29 11:55:00-04:00,132.0,132.0,131.96,131.97,665.0,131.988
2026-05-29 11:56:00-04:00,131.97,131.97,131.89,131.94,1565.0,131.924
2026-05-29 11:57:00-04:00,131.94,131.94,131.94,131.94,0.0,131.94
2026-05-29 11:58:00-04:00,132.05,132.29,131.98,132.29,8782.0,132.102
2026-05-29 11:59:00-04:00,132.12,132.12,132.11,132.11,200.0,132.113
2026-05-29 12:00:00-04:00,132.14,132.21,132.12,132.19,3102.0,132.142
2026-05-29 12:01:00-04:00,132.19,132.19,132.19,132.19,100.0,132.19
2026-05-29 12:02:00-04:00,132.17,132.17,132.17,132.17,100.0,132.17
2026-05-29 12:03:00-04:00,132.15,132.15,132.15,132.15,100.0,132.15
2026-05-29 12:04:00-04:00,132.18,132.3,132.1,132.25,2522.0,132.233
2026-05-29 12:05:00-04:00,132.26,132.26,132.17,132.23,4938.0,132.204
2026-05-29 12:06:00-04:00,132.21,132.48,132.21,132.47,8494.0,132.372
2026-05-29 12:07:00-04:00,132.46,132.46,132.42,132.42,311.0,132.433
2026-05-29 12:08:00-04:00,132.58,132.58,132.45,132.45,500.0,132.488
2026-05-29 12:09:00-04:00,132.42,132.59,132.39,132.54,3150.0,132.544
2026-05-29 12:10:00-04:00,132.54,132.6,132.54,132.58,600.0,132.572
2026-05-29 12:11:00-04:00,132.72,132.86,132.65,132.86,6365.0,132.732
2026-05-29 12:12:00-04:00,132.84,132.84,132.84,132.84,1000.0,132.84
2026-05-29 12:13:00-04:00,132.84,132.87,132.8,132.87,635.0,132.835
2026-05-29 12:14:00-04:00,132.87,132.87,132.76,132.81,1194.0,132.809
2026-05-29 12:15:00-04:00,132.76,132.76,132.73,132.73,300.0,132.75
2026-05-29 12:16:00-04:00,132.67,132.67,132.66,132.66,799.0,132.667
2026-05-29 12:17:00-04:00,132.66,132.83,132.65,132.81,2850.0,132.734
2026-05-29 12:18:00-04:00,132.81,132.81,132.69,132.8,2743.0,132.766
2026-05-29 12:19:00-04:00,132.77,132.77,132.76,132.77,2460.0,132.765
2026-05-29 12:20:00-04:00,132.75,132.75,132.41,132.43,2750.0,132.501
2026-05-29 12:21:00-04:00,132.4,132.4,132.29,132.3,200.0,132.348
2026-05-29 12:22:00-04:00,132.3,132.4,132.3,132.4,920.0,132.339
2026-05-29 12:23:00-04:00,132.37,132.4,132.31,132.31,400.0,132.361
2026-05-29 12:24:00-04:00,132.48,132.48,132.48,132.48,100.0,132.48
2026-05-29 12:25:00-04:00,132.32,132.32,132.24,132.27,4570.0,132.295
2026-05-29 12:26:00-04:00,132.16,132.32,132.16,132.23,1557.0,132.213
2026-05-29 12:27:00-04:00,132.19,132.19,132.19,132.19,100.0,132.19
2026-05-29 12:28:00-04:00,132.18,132.27,132.18,132.27,666.0,132.232
2026-05-29 12:29:00-04:00,132.21,132.23,132.2,132.2,2971.0,132.226
2026-05-29 12:30:00-04:00,132.24,132.24,132.23,132.24,168.0,132.235
2026-05-29 12:31:00-04:00,132.33,132.44,132.19,132.34,6716.0,132.344
2026-05-29 12:32:00-04:00,132.21,132.45,132.21,132.4,1725.0,132.275
2026-05-29 12:33:00-04:00,132.49,132.51,132.49,132.51,300.0,132.503
2026-05-29 12:34:00-04:00,132.43,132.5,132.41,132.5,1470.0,132.426
2026-05-29 12:35:00-04:00,132.42,132.42,132.41,132.42,600.0,132.415
2026-05-29 12:36:00-04:00,132.4,132.4,132.31,132.31,1200.0,132.338
2026-05-29 12:37:00-04:00,132.44,132.45,132.38,132.4,1142.0,132.414
2026-05-29 12:38:00-04:00,132.41,132.41,132.4,132.41,1300.0,132.405
2026-05-29 12:39:00-04:00,132.5,132.5,132.5,132.5,200.0,132.5
2026-05-29 12:40:00-04:00,132.47,132.47,132.37,132.41,1979.0,132.415
2026-05-29 12:41:00-04:00,132.45,132.45,132.34,132.34,500.0,132.366
2026-05-29 12:42:00-04:00,132.37,132.37,132.37,132.37,200.0,132.37
2026-05-29 12:43:00-04:00,132.34,132.34,132.34,132.34,200.0,132.34
2026-05-29 12:44:00-04:00,132.44,132.44,132.35,132.36,1329.0,132.372
2026-05-29 12:45:00-04:00,132.36,132.39,132.28,132.36,2100.0,132.307
2026-05-29 12:46:00-04:00,132.41,132.41,132.36,132.36,771.0,132.373
2026-05-29 12:47:00-04:00,132.31,132.31,132.29,132.29,750.0,132.303
2026-05-29 12:48:00-04:00,132.29,132.29,132.29,132.29,0.0,132.29
2026-05-29 12:49:00-04:00,132.33,132.35,132.32,132.32,1556.0,132.333
2026-05-29 12:50:00-04:00,132.34,132.34,132.33,132.34,900.0,132.334
2026-05-29 12:51:00-04:00,132.34,132.34,132.33,132.34,100.0,132.335
2026-05-29 12:52:00-04:00,132.34,132.34,132.34,132.34,0.0,132.34
2026-05-29 12:53:00-04:00,132.34,132.34,132.34,132.34,0.0,132.34
2026-05-29 12:54:00-04:00,132.39,132.41,132.38,132.41,1060.0,132.4
2026-05-29 12:55:00-04:00,132.41,132.43,132.31,132.34,1701.0,132.386
2026-05-29 12:56:00-04:00,132.28,132.28,132.28,132.28,400.0,132.28
2026-05-29 12:57:00-04:00,132.29,132.29,132.28,132.29,300.0,132.285
2026-05-29 12:58:00-04:00,132.12,132.45,132.12,132.45,235.0,132.26
2026-05-29 12:59:00-04:00,132.12,132.12,132.12,132.12,300.0,132.12
2026-05-29 13:00:00-04:00,132.08,132.17,132.07,132.17,1387.0,132.082
2026-05-29 13:01:00-04:00,132.12,132.12,132.11,132.12,200.0,132.115
2026-05-29 13:02:00-04:00,132.12,132.12,132.05,132.05,301.0,132.073
2026-05-29 13:03:00-04:00,132.12,132.12,132.12,132.12,864.0,132.12
2026-05-29 13:04:00-04:00,132.12,132.12,132.12,132.12,186.0,132.12
2026-05-29 13:05:00-04:00,132.13,132.15,132.12,132.15,200.0,132.138
2026-05-29 13:06:00-04:00,132.06,132.08,132.02,132.02,600.0,132.057
2026-05-29 13:07:00-04:00,132.09,132.1,132.09,132.1,600.0,132.098
2026-05-29 13:08:00-04:00,132.03,132.03,132.03,132.03,610.0,132.03
2026-05-29 13:09:00-04:00,132.11,132.15,132.03,132.03,1295.0,132.117
2026-05-29 13:10:00-04:00,132.11,132.14,132.1,132.14,500.0,132.126
2026-05-29 13:11:00-04:00,132.11,132.15,132.02,132.11,3950.0,132.078
2026-05-29 13:12:00-04:00,132.09,132.2,132.09,132.2,900.0,132.156
2026-05-29 13:13:00-04:00,132.15,132.15,132.11,132.14,400.0,132.131
2026-05-29 13:14:00-04:00,132.22,132.22,132.14,132.15,200.0,132.183
2026-05-29 13:15:00-04:00,132.09,132.1,132.09,132.1,430.0,132.092
2026-05-29 13:16:00-04:00,132.1,132.5,132.09,132.3,12685.0,132.311
2026-05-29 13:17:00-04:00,132.3,132.31,132.3,132.31,460.0,132.302
2026-05-29 13:18:00-04:00,132.32,132.32,132.32,132.32,100.0,132.32
2026-05-29 13:19:00-04:00,132.34,132.45,132.34,132.45,800.0,132.406
2026-05-29 13:20:00-04:00,132.44,132.49,132.35,132.45,5890.0,132.414
2026-05-29 13:21:00-04:00,132.37,132.45,132.34,132.34,5000.0,132.399
2026-05-29 13:22:00-04:00,132.36,132.5,132.36,132.42,2235.0,132.42
2026-05-29 13:23:00-04:00,132.49,132.49,132.49,132.49,100.0,132.49
2026-05-29 13:24:00-04:00,132.44,132.52,132.44,132.45,4231.0,132.487
2026-05-29 13:25:00-04:00,132.49,132.63,132.45,132.52,7636.0,132.552
2026-05-29 13:26:00-04:00,132.56,132.56,132.54,132.54,803.0,132.548
2026-05-29 13:27:00-04:00,132.62,132.62,132.58,132.58,1205.0,132.603
2026-05-29 13:28:00-04:00,132.6,132.72,132.57,132.72,1446.0,132.664
2026-05-29 13:29:00-04:00,132.72,132.75,132.54,132.75,21332.0,132.681
2026-05-29 13:30:00-04:00,132.68,132.79,132.67,132.73,2210.0,132.733
2026-05-29 13:31:00-04:00,132.73,132.78,132.57,132.78,11913.0,132.686
2026-05-29 13:32:00-04:00,132.75,132.75,132.68,132.69,727.0,132.718
2026-05-29 13:33:00-04:00,132.69,132.96,132.69,132.78,15589.0,132.836
2026-05-29 13:34:00-04:00,132.69,132.77,132.63,132.7,3264.0,132.684
2026-05-29 13:35:00-04:00,132.77,132.83,132.77,132.83,800.0,132.793
2026-05-29 13:36:00-04:00,132.83,133.23,132.82,133.23,34856.0,133.02
2026-05-29 13:37:00-04:00,133.21,133.35,133.14,133.31,6394.0,133.255
2026-05-29 13:38:00-04:00,133.24,133.46,133.2,133.45,9019.0,133.322
2026-05-29 13:39:00-04:00,133.4,133.4,133.04,133.13,5310.0,133.207
2026-05-29 13:40:00-04:00,133.04,133.04,132.87,132.97,2070.0,132.923
2026-05-29 13:41:00-04:00,132.97,133.02,132.77,132.86,3561.0,132.908
2026-05-29 13:42:00-04:00,132.71,132.76,132.59,132.59,1866.0,132.654
2026-05-29 13:43:00-04:00,132.61,133.04,132.59,132.97,15262.0,132.733
2026-05-29 13:44:00-04:00,133.02,133.07,132.75,132.76,13981.0,132.969
2026-05-29 13:45:00-04:00,132.76,133.04,132.61,132.76,10074.0,132.798
2026-05-29 13:46:00-04:00,132.64,132.75,132.51,132.63,1909.0,132.626
2026-05-29 13:47:00-04:00,132.51,132.57,132.4,132.42,1648.0,132.462
2026-05-29 13:48:00-04:00,132.42,132.59,132.11,132.22,5902.0,132.316
2026-05-29 13:49:00-04:00,132.11,132.21,132.0,132.04,1036.0,132.102
2026-05-29 13:50:00-04:00,132.11,132.26,132.05,132.26,3002.0,132.207
2026-05-29 13:51:00-04:00,132.19,132.28,132.15,132.15,761.0,132.22
2026-05-29 13:52:00-04:00,132.22,132.33,132.21,132.28,2600.0,132.255
2026-05-29 13:53:00-04:00,132.28,132.32,132.2,132.2,1627.0,132.274
2026-05-29 13:54:00-04:00,132.2,132.2,132.15,132.17,1334.0,132.187
2026-05-29 13:55:00-04:00,132.09,132.15,132.01,132.15,1843.0,132.072
2026-05-29 13:56:00-04:00,132.11,132.11,131.83,131.84,2985.0,131.967
2026-05-29 13:57:00-04:00,131.84,132.0,131.83,131.92,2032.0,131.976
2026-05-29 13:58:00-04:00,131.68,131.9,131.68,131.9,252.0,131.813
2026-05-29 13:59:00-04:00,131.9,131.9,131.9,131.9,1100.0,131.9
2026-05-29 14:00:00-04:00,131.81,131.81,131.81,131.81,100.0,131.81
2026-05-29 14:01:00-04:00,131.8,131.95,131.8,131.8,1600.0,131.837
2026-05-29 14:02:00-04:00,131.72,131.76,131.55,131.62,4147.0,131.674
2026-05-29 14:03:00-04:00,131.62,131.62,131.47,131.47,200.0,131.543
2026-05-29 14:04:00-04:00,131.53,131.56,131.36,131.46,3687.0,131.465
2026-05-29 14:05:00-04:00,131.44,131.58,131.29,131.5,1800.0,131.377
2026-05-29 14:06:00-04:00,131.44,131.58,131.39,131.39,1045.0,131.509
2026-05-29 14:07:00-04:00,131.48,131.6,131.47,131.48,3838.0,131.562
2026-05-29 14:08:00-04:00,131.48,131.48,131.48,131.48,0.0,131.48
2026-05-29 14:09:00-04:00,131.3,131.35,131.29,131.29,1700.0,131.306
2026-05-29 14:10:00-04:00,131.29,131.29,131.2,131.23,639.0,131.238
2026-05-29 14:11:00-04:00,131.23,131.23,131.09,131.11,6617.0,131.148
2026-05-29 14:12:00-04:00,131.14,131.14,131.14,131.14,120.0,131.14
2026-05-29 14:13:00-04:00,131.04,131.04,131.04,131.04,100.0,131.04
2026-05-29 14:14:00-04:00,131.04,131.05,131.04,131.04,954.0,131.041
2026-05-29 14:15:00-04:00,131.08,131.13,130.99,131.09,21165.0,131.017
2026-05-29 14:16:00-04:00,131.08,131.08,131.08,131.08,994.0,131.08
2026-05-29 14:17:00-04:00,131.12,131.12,130.99,131.0,950.0,131.043
2026-05-29 14:18:00-04:00,131.11,131.12,131.11,131.12,1370.0,131.116
2026-05-29 14:19:00-04:00,131.08,131.08,131.07,131.08,300.0,131.078
2026-05-29 14:20:00-04:00,131.08,131.08,130.93,130.93,1400.0,131.01
2026-05-29 14:21:00-04:00,130.99,131.05,130.97,131.02,3359.0,130.999
2026-05-29 14:22:00-04:00,130.97,131.03,130.97,130.97,300.0,130.99
2026-05-29 14:23:00-04:00,131.0,131.0,130.75,130.76,1319.0,130.848
2026-05-29 14:24:00-04:00,130.73,131.06,130.73,131.06,4292.0,130.853
2026-05-29 14:25:00-04:00,130.98,130.98,130.92,130.92,619.0,130.97
2026-05-29 14:26:00-04:00,130.93,130.93,130.78,130.78,1182.0,130.889
2026-05-29 14:27:00-04:00,130.74,130.74,130.68,130.68,300.0,130.7
2026-05-29 14:28:00-04:00,130.76,130.76,130.67,130.67,287.0,130.725
2026-05-29 14:29:00-04:00,130.66,130.77,130.66,130.74,1000.0,130.741
2026-05-29 14:30:00-04:00,130.82,130.85,130.76,130.76,2285.0,130.814
2026-05-29 14:31:00-04:00,130.82,130.85,130.77,130.78,2852.0,130.813
2026-05-29 14:32:00-04:00,130.85,130.98,130.85,130.91,2757.0,130.898
2026-05-29 14:33:00-04:00,130.79,130.79,130.79,130.79,200.0,130.79
2026-05-29 14:34:00-04:00,130.99,131.01,130.99,130.99,600.0,130.997
2026-05-29 14:35:00-04:00,130.99,130.99,130.71,130.71,3000.0,130.819
2026-05-29 14:36:00-04:00,130.77,130.83,130.71,130.78,3092.0,130.797
2026-05-29 14:37:00-04:00,130.81,130.81,130.74,130.77,1184.0,130.78
2026-05-29 14:38:00-04:00,130.79,130.79,130.75,130.76,200.0,130.773
2026-05-29 14:39:00-04:00,130.78,130.79,130.78,130.79,200.0,130.785
2026-05-29 14:40:00-04:00,130.73,130.87,130.7,130.7,5099.0,130.77
2026-05-29 14:41:00-04:00,130.77,130.77,130.72,130.77,500.0,130.752
2026-05-29 14:42:00-04:00,130.7,130.85,130.67,130.84,8040.0,130.772
2026-05-29 14:43:00-04:00,130.86,130.86,130.84,130.84,500.0,130.844
2026-05-29 14:44:00-04:00,130.84,130.9,130.82,130.9,649.0,130.878
2026-05-29 14:45:00-04:00,130.84,130.9,130.73,130.73,2000.0,130.802
2026-05-29 14:46:00-04:00,130.79,130.82,130.78,130.78,2260.0,130.801
2026-05-29 14:47:00-04:00,130.74,130.78,130.69,130.74,1152.0,130.743
2026-05-29 14:48:00-04:00,130.74,130.83,130.74,130.83,2283.0,130.79
2026-05-29 14:49:00-04:00,130.83,130.84,130.8,130.81,978.0,130.816
2026-05-29 14:50:00-04:00,130.8,130.8,130.8,130.8,300.0,130.8
2026-05-29 14:51:00-04:00,130.77,130.91,130.77,130.82,6572.0,130.852
2026-05-29 14:52:00-04:00,130.82,130.87,130.77,130.82,3102.0,130.821
2026-05-29 14:53:00-04:00,130.82,130.82,130.4,130.48,2219.0,130.615
2026-05-29 14:54:00-04:00,130.48,130.63,130.4,130.55,4330.0,130.567
2026-05-29 14:55:00-04:00,130.55,130.61,130.47,130.47,1423.0,130.554
2026-05-29 14:56:00-04:00,130.55,130.63,130.55,130.63,2165.0,130.611
2026-05-29 14:57:00-04:00,130.61,130.61,130.6,130.61,1267.0,130.605
2026-05-29 14:58:00-04:00,130.64,130.7,130.63,130.7,4245.0,130.665
2026-05-29 14:59:00-04:00,130.69,130.69,130.63,130.65,2355.0,130.661
2026-05-29 15:00:00-04:00,130.7,130.8,130.68,130.78,2510.0,130.719
2026-05-29 15:01:00-04:00,130.81,130.81,130.58,130.58,2140.0,130.677
2026-05-29 15:02:00-04:00,130.58,130.58,130.58,130.58,100.0,130.58
2026-05-29 15:03:00-04:00,130.68,130.8,130.63,130.8,4902.0,130.699
2026-05-29 15:04:00-04:00,130.78,130.78,130.77,130.77,300.0,130.772
2026-05-29 15:05:00-04:00,130.78,130.82,130.77,130.82,700.0,130.794
2026-05-29 15:06:00-04:00,130.82,130.9,130.81,130.9,2824.0,130.847
2026-05-29 15:07:00-04:00,130.85,130.85,130.79,130.79,1277.0,130.83
2026-05-29 15:08:00-04:00,130.79,130.79,130.77,130.78,882.0,130.784
2026-05-29 15:09:00-04:00,130.71,130.82,130.69,130.82,1503.0,130.782
2026-05-29 15:10:00-04:00,130.82,130.87,130.79,130.86,1870.0,130.842
2026-05-29 15:11:00-04:00,130.9,130.95,130.89,130.95,2677.0,130.939
2026-05-29 15:12:00-04:00,130.91,130.95,130.86,130.86,1400.0,130.912
2026-05-29 15:13:00-04:00,130.9,130.93,130.83,130.88,1351.0,130.875
2026-05-29 15:14:00-04:00,130.85,130.85,130.81,130.83,790.0,130.828
2026-05-29 15:15:00-04:00,130.83,130.93,130.83,130.93,2465.0,130.891
2026-05-29 15:16:00-04:00,130.97,131.0,130.93,130.96,1691.0,130.971
2026-05-29 15:17:00-04:00,130.95,130.95,130.9,130.9,350.0,130.936
2026-05-29 15:18:00-04:00,130.99,131.0,130.83,130.93,8063.0,130.913
2026-05-29 15:19:00-04:00,130.94,130.98,130.91,130.98,1904.0,130.952
2026-05-29 15:20:00-04:00,131.02,131.07,131.02,131.04,1900.0,131.04
2026-05-29 15:21:00-04:00,131.04,131.04,130.95,130.97,4264.0,130.994
2026-05-29 15:22:00-04:00,130.95,131.06,130.93,131.0,5258.0,130.989
2026-05-29 15:23:00-04:00,131.09,131.17,131.09,131.17,2044.0,131.126
2026-05-29 15:24:00-04:00,131.24,131.24,131.22,131.23,849.0,131.231
2026-05-29 15:25:00-04:00,131.23,131.25,131.22,131.25,400.0,131.238
2026-05-29 15:26:00-04:00,131.23,131.31,131.22,131.25,2759.0,131.25
2026-05-29 15:27:00-04:00,131.28,131.28,131.25,131.28,1300.0,131.271
2026-05-29 15:28:00-04:00,131.32,131.34,131.22,131.22,3300.0,131.277
2026-05-29 15:29:00-04:00,131.26,131.3,131.18,131.3,6276.0,131.232
2026-05-29 15:30:00-04:00,131.35,131.49,131.35,131.44,3161.0,131.393
2026-05-29 15:31:00-04:00,131.48,131.48,131.38,131.4,1900.0,131.425
2026-05-29 15:32:00-04:00,131.4,131.4,131.36,131.4,1184.0,131.39
2026-05-29 15:33:00-04:00,131.41,131.48,131.35,131.36,1763.0,131.407
2026-05-29 15:34:00-04:00,131.38,131.41,131.37,131.38,2977.0,131.39
2026-05-29 15:35:00-04:00,131.42,131.5,131.38,131.5,5067.0,131.434
2026-05-29 15:36:00-04:00,131.49,131.56,131.48,131.56,600.0,131.522
2026-05-29 15:37:00-04:00,131.56,131.67,131.53,131.53,4033.0,131.595
2026-05-29 15:38:00-04:00,131.53,131.53,131.53,131.53,0.0,131.53
2026-05-29 15:39:00-04:00,131.52,131.63,131.46,131.48,7210.0,131.563
2026-05-29 15:40:00-04:00,131.52,131.6,131.5,131.5,5503.0,131.561
2026-05-29 15:41:00-04:00,131.56,131.56,131.18,131.18,13761.0,131.293
2026-05-29 15:42:00-04:00,131.19,131.26,131.07,131.13,3997.0,131.175
2026-05-29 15:43:00-04:00,131.14,131.14,130.97,131.06,5906.0,131.071
2026-05-29 15:44:00-04:00,131.06,131.15,131.02,131.06,3274.0,131.09
2026-05-29 15:45:00-04:00,131.06,131.09,130.56,130.56,7775.0,130.801
2026-05-29 15:46:00-04:00,130.63,130.64,130.51,130.56,2186.0,130.585
2026-05-29 15:47:00-04:00,130.56,130.58,130.48,130.52,6306.0,130.54
2026-05-29 15:48:00-04:00,130.47,130.67,130.47,130.64,7006.0,130.611
2026-05-29 15:49:00-04:00,130.57,130.57,130.53,130.55,1720.0,130.547
2026-05-29 15:50:00-04:00,130.47,130.53,130.22,130.42,19011.0,130.313
2026-05-29 15:51:00-04:00,130.44,130.44,130.33,130.34,5995.0,130.385
2026-05-29 15:52:00-04:00,130.35,130.46,130.21,130.26,31862.0,130.354
2026-05-29 15:53:00-04:00,130.28,130.33,130.17,130.21,14554.0,130.25
2026-05-29 15:54:00-04:00,130.17,130.44,130.1,130.11,15096.0,130.261
2026-05-29 15:55:00-04:00,130.0,130.23,129.88,130.16,22501.0,130.079
2026-05-29 15:56:00-04:00,130.19,130.3,130.12,130.3,18256.0,130.191
2026-05-29 15:57:00-04:00,130.28,130.29,130.02,130.09,19393.0,130.104
2026-05-29 15:58:00-04:00,130.06,130.12,130.04,130.08,26645.0,130.085
2026-05-29 15:59:00-04:00,130.07,130.25,130.07,130.22,20994.0,130.136
2026-06-01 09:30:00-04:00,130.18,131.0,129.95,129.95,20896.0,130.225
2026-06-01 09:31:00-04:00,129.36,129.8,128.76,128.76,14598.0,129.018
2026-06-01 09:32:00-04:00,128.89,129.26,128.76,129.26,1700.0,128.956
2026-06-01 09:33:00-04:00,129.41,129.83,128.86,128.86,17332.0,129.321
2026-06-01 09:34:00-04:00,128.76,129.37,128.76,129.37,719.0,128.983
2026-06-01 09:35:00-04:00,129.6,129.6,129.4,129.4,408.0,129.551
2026-06-01 09:36:00-04:00,129.4,130.0,129.4,129.93,3446.0,129.674
2026-06-01 09:37:00-04:00,130.55,130.56,130.24,130.56,3378.0,130.403
2026-06-01 09:38:00-04:00,130.56,130.6,130.56,130.6,3430.0,130.571
2026-06-01 09:39:00-04:00,130.66,130.87,130.46,130.5,3214.0,130.636
2026-06-01 09:40:00-04:00,130.31,130.31,129.75,130.0,2795.0,130.016
2026-06-01 09:41:00-04:00,129.41,129.44,128.84,128.84,5019.0,129.089
2026-06-01 09:42:00-04:00,128.91,129.02,128.72,128.75,7260.0,128.832
2026-06-01 09:43:00-04:00,128.72,128.92,128.72,128.77,2760.0,128.742
2026-06-01 09:44:00-04:00,128.85,129.2,128.85,128.91,2041.0,128.96
2026-06-01 09:45:00-04:00,128.81,128.82,128.8,128.82,750.0,128.808
2026-06-01 09:46:00-04:00,128.85,129.14,128.85,129.14,1500.0,129.002
2026-06-01 09:47:00-04:00,128.87,129.15,128.79,129.0,1300.0,129.003
2026-06-01 09:48:00-04:00,129.19,129.29,128.81,128.81,2172.0,129.056
2026-06-01 09:49:00-04:00,128.99,128.99,128.41,128.45,13751.0,128.603
2026-06-01 09:50:00-04:00,128.38,128.42,128.04,128.12,18867.0,128.126
2026-06-01 09:51:00-04:00,128.17,128.21,127.7,128.02,19695.0,127.908
2026-06-01 09:52:00-04:00,128.01,128.33,127.99,128.07,4684.0,128.137
2026-06-01 09:53:00-04:00,128.08,128.13,128.0,128.0,925.0,128.094
2026-06-01 09:54:00-04:00,128.18,128.18,128.18,128.18,100.0,128.18
2026-06-01 09:55:00-04:00,128.15,128.17,127.9,128.05,1819.0,128.02
2026-06-01 09:56:00-04:00,128.05,128.48,127.91,128.13,12855.0,128.14
2026-06-01 09:57:00-04:00,127.93,128.21,127.93,127.98,8205.0,128.032
2026-06-01 09:58:00-04:00,127.98,128.38,127.98,128.28,7927.0,128.125
2026-06-01 09:59:00-04:00,128.1,128.27,128.02,128.02,797.0,128.124
2026-06-01 10:00:00-04:00,128.21,128.21,127.66,127.66,4048.0,127.882
2026-06-01 10:01:00-04:00,127.66,127.87,127.66,127.87,1472.0,127.775
2026-06-01 10:02:00-04:00,127.89,128.13,127.89,128.13,2633.0,128.015
2026-06-01 10:03:00-04:00,128.02,128.21,128.02,128.21,2529.0,128.094
2026-06-01 10:04:00-04:00,128.33,128.98,128.29,128.78,13208.0,128.597
2026-06-01 10:05:00-04:00,128.64,128.66,128.61,128.64,2149.0,128.639
2026-06-01 10:06:00-04:00,128.62,128.73,128.4,128.73,5862.0,128.424
2026-06-01 10:07:00-04:00,128.52,128.59,128.28,128.43,3118.0,128.451
2026-06-01 10:08:00-04:00,128.43,128.43,128.41,128.41,300.0,128.423
2026-06-01 10:09:00-04:00,128.43,128.55,128.42,128.55,2134.0,128.498
2026-06-01 10:10:00-04:00,128.34,128.37,128.34,128.34,500.0,128.347
2026-06-01 10:11:00-04:00,128.27,128.27,128.08,128.08,1629.0,128.173
2026-06-01 10:12:00-04:00,128.0,128.0,127.65,127.67,4115.0,127.763
2026-06-01 10:13:00-04:00,127.78,127.78,127.43,127.52,2734.0,127.612
2026-06-01 10:14:00-04:00,127.38,127.54,127.38,127.51,3612.0,127.462
2026-06-01 10:15:00-04:00,127.47,127.51,127.4,127.5,1634.0,127.445
2026-06-01 10:16:00-04:00,127.62,127.91,127.52,127.9,969.0,127.751
2026-06-01 10:17:00-04:00,127.89,128.14,127.89,128.0,2154.0,127.959
2026-06-01 10:18:00-04:00,128.09,128.11,127.8,127.8,1564.0,127.935
2026-06-01 10:19:00-04:00,127.81,127.81,127.65,127.69,3078.0,127.706
2026-06-01 10:20:00-04:00,127.58,127.67,127.5,127.6,876.0,127.6
2026-06-01 10:21:00-04:00,127.65,127.77,127.62,127.77,2521.0,127.643
2026-06-01 10:22:00-04:00,127.77,127.77,127.77,127.77,161.0,127.77
2026-06-01 10:23:00-04:00,127.65,127.65,127.5,127.5,400.0,127.6
2026-06-01 10:24:00-04:00,127.5,127.61,127.5,127.61,1356.0,127.548
2026-06-01 10:25:00-04:00,127.61,127.61,127.61,127.61,202.0,127.61
2026-06-01 10:26:00-04:00,127.52,127.66,127.37,127.41,7961.0,127.513
2026-06-01 10:27:00-04:00,127.39,127.39,127.39,127.39,696.0,127.39
2026-06-01 10:28:00-04:00,127.39,127.52,127.39,127.52,462.0,127.455
2026-06-01 10:29:00-04:00,127.4,127.4,127.25,127.25,1708.0,127.306
2026-06-01 10:30:00-04:00,127.26,127.54,127.25,127.54,3862.0,127.323
2026-06-01 10:31:00-04:00,127.54,127.54,127.38,127.39,1580.0,127.48
2026-06-01 10:32:00-04:00,127.34,127.36,127.17,127.36,1543.0,127.333
2026-06-01 10:33:00-04:00,127.27,127.27,127.17,127.21,1384.0,127.192
2026-06-01 10:34:00-04:00,127.21,127.21,127.08,127.18,5159.0,127.123
2026-06-01 10:35:00-04:00,127.11,127.17,127.0,127.11,807.0,127.133
2026-06-01 10:36:00-04:00,127.13,127.13,126.97,126.98,2858.0,127.047
2026-06-01 10:37:00-04:00,127.04,127.21,127.04,127.17,3471.0,127.135
2026-06-01 10:38:00-04:00,127.14,127.16,127.03,127.12,1300.0,127.104
2026-06-01 10:39:00-04:00,127.12,127.21,127.07,127.17,2350.0,127.116
2026-06-01 10:40:00-04:00,127.27,127.3,127.15,127.29,1902.0,127.241
2026-06-01 10:41:00-04:00,127.16,127.17,127.03,127.06,2438.0,127.105
2026-06-01 10:42:00-04:00,127.24,127.29,127.17,127.17,1794.0,127.253
2026-06-01 10:43:00-04:00,127.17,127.17,127.17,127.17,0.0,127.17
2026-06-01 10:44:00-04:00,127.16,127.16,127.16,127.16,305.0,127.16
2026-06-01 10:45:00-04:00,127.29,127.5,127.29,127.49,2264.0,127.431
2026-06-01 10:46:00-04:00,127.44,127.55,127.44,127.55,1125.0,127.461
2026-06-01 10:47:00-04:00,127.49,127.65,127.39,127.65,1861.0,127.492
2026-06-01 10:48:00-04:00,127.83,127.91,127.39,127.89,2559.0,127.692
2026-06-01 10:49:00-04:00,127.74,127.82,127.74,127.8,2651.0,127.773
2026-06-01 10:50:00-04:00,127.74,127.75,127.66,127.75,1231.0,127.724
2026-06-01 10:51:00-04:00,127.76,127.89,127.62,127.86,5110.0,127.763
2026-06-01 10:52:00-04:00,127.71,127.73,127.63,127.72,2000.0,127.705
2026-06-01 10:53:00-04:00,127.82,128.0,127.63,128.0,5114.0,127.796
2026-06-01 10:54:00-04:00,127.91,127.91,127.49,127.52,9291.0,127.711
2026-06-01 10:55:00-04:00,127.49,127.66,127.49,127.52,2845.0,127.556
2026-06-01 10:56:00-04:00,127.51,127.56,127.5,127.53,1684.0,127.505
2026-06-01 10:57:00-04:00,127.52,127.56,127.45,127.45,1626.0,127.527
2026-06-01 10:58:00-04:00,127.53,127.74,127.53,127.72,1433.0,127.675
2026-06-01 10:59:00-04:00,127.71,127.71,127.71,127.71,0.0,127.71
2026-06-01 11:00:00-04:00,127.64,127.64,127.64,127.64,633.0,127.64
2026-06-01 11:01:00-04:00,127.73,127.81,127.63,127.81,3033.0,127.724
2026-06-01 11:02:00-04:00,127.95,128.0,127.86,128.0,4538.0,127.943
2026-06-01 11:03:00-04:00,127.9,127.93,127.82,127.82,5263.0,127.897
2026-06-01 11:04:00-04:00,127.8,128.27,127.8,128.27,3549.0,127.926
2026-06-01 11:05:00-04:00,128.24,128.25,128.14,128.25,1659.0,128.189
2026-06-01 11:06:00-04:00,128.24,128.38,128.04,128.04,2398.0,128.234
2026-06-01 11:07:00-04:00,128.08,128.29,128.08,128.29,929.0,128.148
2026-06-01 11:08:00-04:00,128.08,128.36,128.08,128.3,1500.0,128.165
2026-06-01 11:09:00-04:00,128.09,128.29,128.09,128.2,3393.0,128.166
2026-06-01 11:10:00-04:00,128.27,128.27,128.05,128.14,2327.0,128.157
2026-06-01 11:11:00-04:00,128.11,128.22,128.11,128.22,1852.0,128.155
2026-06-01 11:12:00-04:00,128.1,128.39,128.07,128.39,6032.0,128.18
2026-06-01 11:13:00-04:00,128.3,128.37,128.25,128.3,1400.0,128.299
2026-06-01 11:14:00-04:00,128.2,128.2,128.19,128.19,1350.0,128.199
2026-06-01 11:15:00-04:00,128.27,128.27,128.2,128.27,1095.0,128.264
2026-06-01 11:16:00-04:00,128.26,128.48,128.26,128.48,2711.0,128.362
2026-06-01 11:17:00-04:00,128.53,128.53,128.53,128.53,250.0,128.53
2026-06-01 11:18:00-04:00,128.54,128.54,128.46,128.5,1302.0,128.503
2026-06-01 11:19:00-04:00,128.52,128.71,128.52,128.69,760.0,128.647
2026-06-01 11:20:00-04:00,128.68,128.88,128.68,128.88,1396.0,128.79
2026-06-01 11:21:00-04:00,128.87,128.94,128.87,128.94,619.0,128.896
2026-06-01 11:22:00-04:00,128.94,129.1,128.94,128.94,3411.0,129.011
2026-06-01 11:23:00-04:00,128.98,129.1,128.98,128.99,600.0,129.003
2026-06-01 11:24:00-04:00,129.1,129.19,129.04,129.04,500.0,129.115
2026-06-01 11:25:00-04:00,129.04,129.19,129.04,129.19,1256.0,129.052
2026-06-01 11:26:00-04:00,128.9,128.95,128.8,128.89,2717.0,128.878
2026-06-01 11:27:00-04:00,128.87,128.9,128.84,128.84,1084.0,128.864
2026-06-01 11:28:00-04:00,128.95,128.95,128.94,128.95,555.0,128.945
2026-06-01 11:29:00-04:00,129.09,129.09,129.09,129.09,100.0,129.09
2026-06-01 11:30:00-04:00,129.1,129.32,129.05,129.22,2666.0,129.145
2026-06-01 11:31:00-04:00,129.14,129.14,129.13,129.13,200.0,129.135
2026-06-01 11:32:00-04:00,129.23,129.26,129.1,129.14,3570.0,129.118
2026-06-01 11:33:00-04:00,129.13,129.13,129.13,129.13,0.0,129.13
2026-06-01 11:34:00-04:00,129.14,129.42,129.14,129.39,3485.0,129.326
2026-06-01 11:35:00-04:00,129.32,129.42,129.31,129.31,400.0,129.34
2026-06-01 11:36:00-04:00,129.3,129.48,129.26,129.48,6642.0,129.305
2026-06-01 11:37:00-04:00,129.49,129.73,129.33,129.66,10623.0,129.652
2026-06-01 11:38:00-04:00,129.66,129.79,129.54,129.62,5903.0,129.637
2026-06-01 11:39:00-04:00,129.5,129.62,129.5,129.62,400.0,129.59
2026-06-01 11:40:00-04:00,129.48,129.49,129.47,129.49,678.0,129.481
2026-06-01 11:41:00-04:00,129.47,129.47,129.46,129.46,706.0,129.462
2026-06-01 11:42:00-04:00,129.46,129.67,129.46,129.66,2400.0,129.589
2026-06-01 11:43:00-04:00,129.49,129.65,129.3,129.3,10650.0,129.474
2026-06-01 11:44:00-04:00,129.4,129.49,129.31,129.44,1893.0,129.403
2026-06-01 11:45:00-04:00,129.38,129.5,129.37,129.43,2842.0,129.424
2026-06-01 11:46:00-04:00,129.44,129.68,129.44,129.68,15244.0,129.504
2026-06-01 11:47:00-04:00,129.64,129.78,129.6,129.6,1300.0,129.648
2026-06-01 11:48:00-04:00,129.72,129.73,129.51,129.51,5414.0,129.601
2026-06-01 11:49:00-04:00,129.51,129.51,129.37,129.37,400.0,129.464
2026-06-01 11:50:00-04:00,129.2,129.27,129.19,129.24,1689.0,129.235
2026-06-01 11:51:00-04:00,129.38,129.81,129.38,129.81,1300.0,129.546
2026-06-01 11:52:00-04:00,129.69,129.88,129.69,129.78,800.0,129.746
2026-06-01 11:53:00-04:00,129.88,129.99,129.88,129.99,540.0,129.906
2026-06-01 11:54:00-04:00,129.9,129.98,129.9,129.98,1200.0,129.907
2026-06-01 11:55:00-04:00,129.99,129.99,129.83,129.83,400.0,129.918
2026-06-01 11:56:00-04:00,129.75,129.93,129.75,129.93,900.0,129.803
2026-06-01 11:57:00-04:00,129.92,129.92,129.83,129.83,400.0,129.875
2026-06-01 11:58:00-04:00,129.82,129.95,129.79,129.9,4060.0,129.869
2026-06-01 11:59:00-04:00,129.9,130.0,129.9,129.99,1975.0,129.93
2026-06-01 12:00:00-04:00,129.94,130.03,129.94,130.03,3839.0,130.0
2026-06-01 12:01:00-04:00,129.92,129.92,129.86,129.88,900.0,129.902
2026-06-01 12:02:00-04:00,129.96,129.96,129.96,129.96,100.0,129.96
2026-06-01 12:03:00-04:00,129.82,129.82,129.78,129.78,300.0,129.793
2026-06-01 12:04:00-04:00,129.78,129.78,129.78,129.78,0.0,129.78
2026-06-01 12:05:00-04:00,129.74,129.88,129.74,129.88,352.0,129.84
2026-06-01 12:06:00-04:00,129.68,129.8,129.68,129.8,1400.0,129.704
2026-06-01 12:07:00-04:00,129.73,129.73,129.62,129.69,1500.0,129.689
2026-06-01 12:08:00-04:00,129.61,129.61,129.61,129.61,100.0,129.61
2026-06-01 12:09:00-04:00,129.61,129.61,129.61,129.61,0.0,129.61
2026-06-01 12:10:00-04:00,129.59,129.6,129.49,129.54,700.0,129.541
2026-06-01 12:11:00-04:00,129.48,129.48,129.48,129.48,100.0,129.48
2026-06-01 12:12:00-04:00,129.42,129.5,129.42,129.5,1200.0,129.491
2026-06-01 12:13:00-04:00,129.37,129.58,129.35,129.55,1050.0,129.421
2026-06-01 12:14:00-04:00,129.41,129.6,129.4,129.6,965.0,129.425
2026-06-01 12:15:00-04:00,129.36,129.37,129.3,129.3,500.0,129.354
2026-06-01 12:16:00-04:00,129.3,129.3,129.3,129.3,0.0,129.3
2026-06-01 12:17:00-04:00,129.29,129.29,129.17,129.17,700.0,129.22
2026-06-01 12:18:00-04:00,129.27,129.28,129.27,129.28,453.0,129.277
2026-06-01 12:19:00-04:00,129.22,129.23,129.07,129.23,1200.0,129.096
2026-06-01 12:20:00-04:00,129.23,129.23,129.08,129.08,200.0,129.155
2026-06-01 12:21:00-04:00,129.16,129.16,129.16,129.16,300.0,129.16
2026-06-01 12:22:00-04:00,129.19,129.2,129.17,129.17,900.0,129.194
2026-06-01 12:23:00-04:00,129.29,129.38,129.23,129.38,1077.0,129.323
2026-06-01 12:24:00-04:00,129.4,129.4,129.4,129.4,100.0,129.4
2026-06-01 12:25:00-04:00,129.32,129.36,129.31,129.35,3540.0,129.334
2026-06-01 12:26:00-04:00,129.3,129.3,129.3,129.3,100.0,129.3
2026-06-01 12:27:00-04:00,129.26,129.26,129.25,129.25,700.0,129.251
2026-06-01 12:28:00-04:00,129.21,129.21,129.21,129.21,300.0,129.21
2026-06-01 12:29:00-04:00,129.21,129.21,129.14,129.14,300.0,129.177
2026-06-01 12:30:00-04:00,129.05,129.18,129.05,129.07,2144.0,129.075
2026-06-01 12:31:00-04:00,129.13,129.15,129.11,129.15,1757.0,129.135
2026-06-01 12:32:00-04:00,129.16,129.21,129.12,129.12,3573.0,129.141
2026-06-01 12:33:00-04:00,129.08,129.08,129.08,129.08,100.0,129.08
2026-06-01 12:34:00-04:00,129.13,129.13,129.13,129.13,140.0,129.13
2026-06-01 12:35:00-04:00,129.16,129.19,129.13,129.19,624.0,129.158
2026-06-01 12:36:00-04:00,129.21,129.21,129.11,129.18,1600.0,129.151
2026-06-01 12:37:00-04:00,129.17,129.37,129.17,129.36,1737.0,129.217
2026-06-01 12:38:00-04:00,129.37,129.38,129.32,129.33,400.0,129.351
2026-06-01 12:39:00-04:00,129.33,129.33,129.26,129.26,500.0,129.296
2026-06-01 12:40:00-04:00,129.27,129.33,129.23,129.33,1400.0,129.267
2026-06-01 12:41:00-04:00,129.21,129.21,129.21,129.21,100.0,129.21
2026-06-01 12:42:00-04:00,129.21,129.21,129.21,129.21,0.0,129.21
2026-06-01 12:43:00-04:00,129.23,129.23,129.18,129.18,415.0,129.192
2026-06-01 12:44:00-04:00,129.33,129.36,129.24,129.25,1600.0,129.316
2026-06-01 12:45:00-04:00,129.25,129.25,129.25,129.25,100.0,129.25
2026-06-01 12:46:00-04:00,129.21,129.21,129.21,129.21,300.0,129.21
2026-06-01 12:47:00-04:00,129.19,129.19,129.11,129.16,1008.0,129.139
2026-06-01 12:48:00-04:00,129.22,129.22,129.22,129.22,100.0,129.22
2026-06-01 12:49:00-04:00,129.05,129.27,128.83,129.16,8360.0,128.986
2026-06-01 12:50:00-04:00,129.01,129.06,129.01,129.06,400.0,129.023
2026-06-01 12:51:00-04:00,129.06,129.07,129.06,129.06,400.0,129.064
2026-06-01 12:52:00-04:00,129.06,129.06,129.06,129.06,451.0,129.06
2026-06-01 12:53:00-04:00,129.06,129.06,129.06,129.06,200.0,129.06
2026-06-01 12:54:00-04:00,128.99,129.05,128.99,129.04,300.0,129.027
2026-06-01 12:55:00-04:00,128.99,129.07,128.99,129.03,1795.0,129.02
2026-06-01 12:56:00-04:00,129.03,129.05,129.03,129.05,500.0,129.037
2026-06-01 12:57:00-04:00,129.05,129.21,129.04,129.11,3167.0,129.101
2026-06-01 12:58:00-04:00,129.03,129.17,129.03,129.12,1018.0,129.093
2026-06-01 12:59:00-04:00,129.11,129.11,129.11,129.11,0.0,129.11
2026-06-01 13:00:00-04:00,129.09,129.09,128.83,128.83,900.0,128.937
2026-06-01 13:01:00-04:00,128.89,128.97,128.84,128.96,2784.0,128.904
2026-06-01 13:02:00-04:00,128.93,128.93,128.92,128.92,444.0,128.928
2026-06-01 13:03:00-04:00,128.93,128.93,128.93,128.93,100.0,128.93
2026-06-01 13:04:00-04:00,129.0,129.0,129.0,129.0,100.0,129.0
2026-06-01 13:05:00-04:00,128.96,128.96,128.96,128.96,300.0,128.96
2026-06-01 13:06:00-04:00,128.94,129.03,128.94,128.94,4084.0,129.001
2026-06-01 13:07:00-04:00,128.87,128.87,128.82,128.82,700.0,128.839
2026-06-01 13:08:00-04:00,128.69,129.22,128.68,129.15,5542.0,129.032
2026-06-01 13:09:00-04:00,129.06,129.06,129.06,129.06,100.0,129.06
2026-06-01 13:10:00-04:00,129.08,129.09,129.06,129.09,1107.0,129.08
2026-06-01 13:11:00-04:00,128.99,128.99,128.88,128.88,1101.0,128.89
2026-06-01 13:12:00-04:00,129.06,129.19,129.06,129.1,500.0,129.118
2026-06-01 13:13:00-04:00,129.14,129.14,129.04,129.04,200.0,129.09
2026-06-01 13:14:00-04:00,129.03,129.03,128.99,128.99,600.0,129.013
2026-06-01 13:15:00-04:00,128.94,128.95,128.89,128.89,900.0,128.927
2026-06-01 13:16:00-04:00,128.95,128.95,128.86,128.89,1100.0,128.914
2026-06-01 13:17:00-04:00,128.89,128.89,128.89,128.89,0.0,128.89
2026-06-01 13:18:00-04:00,128.97,128.97,128.87,128.87,400.0,128.933
2026-06-01 13:19:00-04:00,128.92,128.93,128.87,128.93,1200.0,128.879
2026-06-01 13:20:00-04:00,128.98,129.06,128.98,129.06,1800.0,129.01
2026-06-01 13:21:00-04:00,129.19,129.19,129.19,129.19,300.0,129.19
2026-06-01 13:22:00-04:00,129.21,129.21,129.12,129.16,700.0,129.161
2026-06-01 13:23:00-04:00,129.17,129.26,129.17,129.25,400.0,129.223
2026-06-01 13:24:00-04:00,129.25,129.37,129.22,129.33,1977.0,129.302
2026-06-01 13:25:00-04:00,129.27,129.37,129.17,129.36,7394.0,129.312
2026-06-01 13:26:00-04:00,129.44,129.45,129.24,129.3,1890.0,129.332
2026-06-01 13:27:00-04:00,129.24,129.37,129.24,129.37,692.0,129.295
2026-06-01 13:28:00-04:00,129.21,129.27,128.82,129.11,37008.0,129.016
2026-06-01 13:29:00-04:00,129.11,129.46,129.11,129.46,5509.0,129.157
2026-06-01 13:30:00-04:00,129.46,129.53,129.45,129.5,1949.0,129.475
2026-06-01 13:31:00-04:00,129.41,129.41,129.41,129.41,300.0,129.41
2026-06-01 13:32:00-04:00,129.38,129.38,129.31,129.31,424.0,129.343
2026-06-01 13:33:00-04:00,129.32,129.68,129.32,129.68,3234.0,129.524
2026-06-01 13:34:00-04:00,129.56,129.56,129.56,129.56,125.0,129.56
2026-06-01 13:35:00-04:00,129.56,129.56,129.56,129.56,0.0,129.56
2026-06-01 13:36:00-04:00,129.56,129.56,129.37,129.51,7180.0,129.506
2026-06-01 13:37:00-04:00,129.54,129.61,129.54,129.54,701.0,129.561
2026-06-01 13:38:00-04:00,129.54,129.54,129.46,129.46,564.0,129.512
2026-06-01 13:39:00-04:00,129.43,129.54,129.42,129.54,300.0,129.462
2026-06-01 13:40:00-04:00,129.31,129.41,129.31,129.41,300.0,129.36
2026-06-01 13:41:00-04:00,129.41,129.41,129.41,129.41,100.0,129.41
2026-06-01 13:42:00-04:00,129.54,129.55,129.52,129.55,725.0,129.534
2026-06-01 13:43:00-04:00,129.55,129.82,129.55,129.78,2313.0,129.675
2026-06-01 13:44:00-04:00,129.65,129.65,129.65,129.65,100.0,129.65
2026-06-01 13:45:00-04:00,129.67,129.67,129.65,129.65,200.0,129.66
2026-06-01 13:46:00-04:00,129.65,129.78,129.65,129.66,1000.0,129.694
2026-06-01 13:47:00-04:00,129.57,129.71,129.56,129.71,508.0,129.645
2026-06-01 13:48:00-04:00,129.63,129.69,129.63,129.64,1410.0,129.659
2026-06-01 13:49:00-04:00,129.57,129.69,129.55,129.55,800.0,129.574
2026-06-01 13:50:00-04:00,129.58,129.73,129.58,129.73,701.0,129.697
2026-06-01 13:51:00-04:00,129.77,129.77,129.6,129.6,370.0,129.724
2026-06-01 13:52:00-04:00,129.73,129.75,129.73,129.75,200.0,129.74
2026-06-01 13:53:00-04:00,129.75,129.77,129.75,129.77,638.0,129.753
2026-06-01 13:54:00-04:00,129.71,129.78,129.69,129.78,500.0,129.715
2026-06-01 13:55:00-04:00,129.87,130.0,129.84,130.0,4853.0,129.939
2026-06-01 13:56:00-04:00,130.08,130.15,129.99,130.11,2151.0,130.102
2026-06-01 13:57:00-04:00,130.13,130.13,130.13,130.13,100.0,130.13
2026-06-01 13:58:00-04:00,130.02,130.02,129.96,129.96,300.0,129.98
2026-06-01 13:59:00-04:00,129.92,129.96,129.92,129.96,200.0,129.94
2026-06-01 14:00:00-04:00,129.95,129.96,129.94,129.96,1325.0,129.957
2026-06-01 14:01:00-04:00,129.96,129.96,129.96,129.96,0.0,129.96
2026-06-01 14:02:00-04:00,129.84,129.9,129.79,129.9,1300.0,129.831
2026-06-01 14:03:00-04:00,129.93,129.93,129.79,129.8,650.0,129.838
2026-06-01 14:04:00-04:00,129.8,129.89,129.79,129.89,1241.0,129.858
2026-06-01 14:05:00-04:00,129.81,129.81,129.71,129.71,1200.0,129.727
2026-06-01 14:06:00-04:00,129.83,129.83,129.83,129.83,1225.0,129.83
2026-06-01 14:07:00-04:00,129.74,129.8,129.65,129.8,1254.0,129.74
2026-06-01 14:08:00-04:00,129.9,129.9,129.81,129.81,204.0,129.856
2026-06-01 14:09:00-04:00,129.81,129.81,129.79,129.79,200.0,129.8
2026-06-01 14:10:00-04:00,129.81,129.81,129.81,129.81,100.0,129.81
2026-06-01 14:11:00-04:00,129.81,129.9,129.81,129.88,680.0,129.849
2026-06-01 14:12:00-04:00,129.93,129.96,129.88,129.92,2599.0,129.928
2026-06-01 14:13:00-04:00,129.84,129.87,129.56,129.61,3071.0,129.648
2026-06-01 14:14:00-04:00,129.62,129.63,129.6,129.6,300.0,129.617
2026-06-01 14:15:00-04:00,129.53,129.65,129.53,129.65,1146.0,129.566
2026-06-01 14:16:00-04:00,129.66,129.78,129.66,129.71,1213.0,129.746
2026-06-01 14:17:00-04:00,129.7,129.71,129.56,129.71,1932.0,129.699
2026-06-01 14:18:00-04:00,129.72,129.72,129.71,129.72,300.0,129.717
2026-06-01 14:19:00-04:00,129.64,129.64,129.56,129.56,1100.0,129.588
2026-06-01 14:20:00-04:00,129.6,129.6,129.6,129.6,100.0,129.6
2026-06-01 14:21:00-04:00,129.54,129.58,129.52,129.58,700.0,129.539
2026-06-01 14:22:00-04:00,129.57,129.64,129.57,129.64,1759.0,129.606
2026-06-01 14:23:00-04:00,129.65,129.65,129.65,129.65,300.0,129.65
2026-06-01 14:24:00-04:00,129.65,129.65,129.65,129.65,0.0,129.65
2026-06-01 14:25:00-04:00,129.71,129.71,129.66,129.66,500.0,129.68
2026-06-01 14:26:00-04:00,129.6,129.94,129.6,129.92,17782.0,129.677
2026-06-01 14:27:00-04:00,129.82,129.82,129.79,129.79,1115.0,129.806
2026-06-01 14:28:00-04:00,129.81,129.82,129.81,129.81,700.0,129.813
2026-06-01 14:29:00-04:00,129.66,129.79,129.65,129.66,800.0,129.681
2026-06-01 14:30:00-04:00,129.7,129.7,129.61,129.61,600.0,129.632
2026-06-01 14:31:00-04:00,129.64,129.67,129.61,129.67,500.0,129.634
2026-06-01 14:32:00-04:00,129.62,129.7,129.57,129.61,1639.0,129.626
2026-06-01 14:33:00-04:00,129.53,129.68,129.53,129.63,901.0,129.601
2026-06-01 14:34:00-04:00,129.69,129.7,129.63,129.64,1366.0,129.658
2026-06-01 14:35:00-04:00,129.64,129.74,129.64,129.71,3427.0,129.672
2026-06-01 14:36:00-04:00,129.78,129.79,129.69,129.78,300.0,129.752
2026-06-01 14:37:00-04:00,129.78,129.93,129.78,129.78,700.0,129.803
2026-06-01 14:38:00-04:00,129.85,129.91,129.85,129.91,200.0,129.88
2026-06-01 14:39:00-04:00,129.79,129.92,129.79,129.83,1100.0,129.834
2026-06-01 14:40:00-04:00,129.83,129.97,129.74,129.75,5160.0,129.856
2026-06-01 14:41:00-04:00,129.76,129.76,129.76,129.76,300.0,129.76
2026-06-01 14:42:00-04:00,129.84,129.84,129.84,129.84,171.0,129.84
2026-06-01 14:43:00-04:00,129.78,129.95,129.75,129.95,2053.0,129.828
2026-06-01 14:44:00-04:00,129.95,130.25,129.95,130.07,5690.0,130.089
2026-06-01 14:45:00-04:00,130.17,130.17,130.17,130.17,200.0,130.17
2026-06-01 14:46:00-04:00,130.23,130.23,130.15,130.21,400.0,130.185
2026-06-01 14:47:00-04:00,130.25,130.28,130.25,130.27,400.0,130.266
2026-06-01 14:48:00-04:00,130.26,130.26,130.26,130.26,200.0,130.26
2026-06-01 14:49:00-04:00,130.28,130.28,130.27,130.27,822.0,130.273
2026-06-01 14:50:00-04:00,130.27,130.28,130.19,130.2,1445.0,130.229
2026-06-01 14:51:00-04:00,130.25,130.25,130.16,130.16,1959.0,130.186
2026-06-01 14:52:00-04:00,130.15,130.19,130.07,130.07,3208.0,130.136
2026-06-01 14:53:00-04:00,130.17,130.17,130.13,130.13,300.0,130.157
2026-06-01 14:54:00-04:00,130.2,130.2,130.2,130.2,169.0,130.2
2026-06-01 14:55:00-04:00,130.27,130.31,130.24,130.3,1609.0,130.288
2026-06-01 14:56:00-04:00,130.26,130.3,130.17,130.23,2576.0,130.244
2026-06-01 14:57:00-04:00,130.23,130.23,130.23,130.23,0.0,130.23
2026-06-01 14:58:00-04:00,130.25,130.32,130.25,130.28,635.0,130.283
2026-06-01 14:59:00-04:00,130.23,130.23,130.17,130.17,1186.0,130.179
2026-06-01 15:00:00-04:00,130.17,130.17,130.12,130.13,1724.0,130.135
2026-06-01 15:01:00-04:00,130.13,130.19,130.1,130.16,1715.0,130.157
2026-06-01 15:02:00-04:00,130.16,130.17,130.09,130.11,3940.0,130.135
2026-06-01 15:03:00-04:00,130.15,130.23,130.14,130.23,400.0,130.204
2026-06-01 15:04:00-04:00,130.19,130.27,130.19,130.22,300.0,130.228
2026-06-01 15:05:00-04:00,130.25,130.3,130.23,130.25,2174.0,130.242
2026-06-01 15:06:00-04:00,130.26,130.26,130.16,130.22,902.0,130.212
2026-06-01 15:07:00-04:00,130.21,130.27,130.21,130.22,525.0,130.223
2026-06-01 15:08:00-04:00,130.29,130.29,130.28,130.29,648.0,130.287
2026-06-01 15:09:00-04:00,130.21,130.23,130.12,130.14,1851.0,130.159
2026-06-01 15:10:00-04:00,130.15,130.15,130.11,130.11,200.0,130.13
2026-06-01 15:11:00-04:00,130.16,130.18,130.12,130.12,2314.0,130.161
2026-06-01 15:12:00-04:00,130.16,130.16,130.16,130.16,200.0,130.16
2026-06-01 15:13:00-04:00,130.09,130.09,130.07,130.07,800.0,130.078
2026-06-01 15:14:00-04:00,130.05,130.06,130.02,130.05,2607.0,130.034
2026-06-01 15:15:00-04:00,130.05,130.1,129.98,130.05,3351.0,130.041
2026-06-01 15:16:00-04:00,129.96,130.02,129.96,130.02,400.0,129.975
2026-06-01 15:17:00-04:00,129.97,130.03,129.93,129.99,5036.0,129.985
2026-06-01 15:18:00-04:00,129.99,130.06,129.93,130.02,1354.0,129.99
2026-06-01 15:19:00-04:00,129.97,130.05,129.97,130.01,792.0,130.001
2026-06-01 15:20:00-04:00,130.01,130.01,129.95,130.01,1508.0,130.006
2026-06-01 15:21:00-04:00,130.01,130.04,129.73,129.76,3225.0,129.898
2026-06-01 15:22:00-04:00,129.74,129.74,129.64,129.73,3058.0,129.703
2026-06-01 15:23:00-04:00,129.74,129.77,129.67,129.7,2101.0,129.729
2026-06-01 15:24:00-04:00,129.79,129.85,129.74,129.8,2325.0,129.789
2026-06-01 15:25:00-04:00,129.8,129.86,129.8,129.86,1066.0,129.844
2026-06-01 15:26:00-04:00,129.88,129.92,129.81,129.81,1201.0,129.854
2026-06-01 15:27:00-04:00,129.8,129.87,129.77,129.83,1401.0,129.817
2026-06-01 15:28:00-04:00,129.77,129.86,129.77,129.81,1362.0,129.818
2026-06-01 15:29:00-04:00,129.71,129.78,129.71,129.78,400.0,129.748
2026-06-01 15:30:00-04:00,129.7,129.8,129.67,129.67,2903.0,129.722
2026-06-01 15:31:00-04:00,129.68,129.7,129.64,129.67,1786.0,129.661
2026-06-01 15:32:00-04:00,129.62,129.63,129.62,129.63,427.0,129.622
2026-06-01 15:33:00-04:00,129.62,129.63,129.54,129.56,900.0,129.591
2026-06-01 15:34:00-04:00,129.57,129.57,129.45,129.47,1674.0,129.524
2026-06-01 15:35:00-04:00,129.43,129.43,129.34,129.35,1911.0,129.396
2026-06-01 15:36:00-04:00,129.42,129.53,129.41,129.41,3159.0,129.462
2026-06-01 15:37:00-04:00,129.43,129.43,129.35,129.37,2632.0,129.368
2026-06-01 15:38:00-04:00,129.35,129.47,129.35,129.43,625.0,129.4
2026-06-01 15:39:00-04:00,129.47,129.47,129.39,129.41,3342.0,129.439
2026-06-01 15:40:00-04:00,129.45,129.48,129.37,129.39,2931.0,129.442
2026-06-01 15:41:00-04:00,129.55,129.65,129.48,129.56,4491.0,129.597
2026-06-01 15:42:00-04:00,129.56,129.57,129.44,129.57,2365.0,129.529
2026-06-01 15:43:00-04:00,129.53,129.54,129.42,129.47,2400.0,129.486
2026-06-01 15:44:00-04:00,129.47,129.54,129.41,129.47,3940.0,129.487
2026-06-01 15:45:00-04:00,129.48,129.48,129.34,129.41,2310.0,129.415
2026-06-01 15:46:00-04:00,129.36,129.37,129.31,129.36,2070.0,129.348
2026-06-01 15:47:00-04:00,129.39,129.49,129.36,129.49,3592.0,129.426
2026-06-01 15:48:00-04:00,129.44,129.45,129.41,129.45,1177.0,129.435
2026-06-01 15:49:00-04:00,129.41,129.48,129.4,129.46,4558.0,129.433
2026-06-01 15:50:00-04:00,129.39,129.42,129.19,129.21,5780.0,129.297
2026-06-01 15:51:00-04:00,129.18,129.27,129.17,129.24,3869.0,129.227
2026-06-01 15:52:00-04:00,129.27,129.35,129.24,129.33,4422.0,129.305
2026-06-01 15:53:00-04:00,129.3,129.42,129.29,129.4,3914.0,129.363
2026-06-01 15:54:00-04:00,129.45,129.48,129.19,129.2,10534.0,129.336
2026-06-01 15:55:00-04:00,129.17,129.17,128.89,128.94,18096.0,129.014
2026-06-01 15:56:00-04:00,128.99,128.99,128.9,128.96,20771.0,128.936
2026-06-01 15:57:00-04:00,128.97,129.1,128.97,129.0,27935.0,129.05
2026-06-01 15:58:00-04:00,129.0,129.04,128.92,128.92,23151.0,128.993
2026-06-01 15:59:00-04:00,128.92,129.12,128.89,129.03,58637.0,129.001
