time,open,high,low,close,volume,wap
2026-05-04 09:30:00-04:00,43.08,43.11,42.4,42.83,28739.0,43.042
2026-05-04 09:31:00-04:00,42.7,42.71,42.3,42.7,3095.0,42.476
2026-05-04 09:32:00-04:00,42.3,42.84,42.3,42.7,3432.0,42.65
2026-05-04 09:33:00-04:00,42.89,43.81,42.89,43.77,18588.0,43.474
2026-05-04 09:34:00-04:00,43.12,43.88,43.12,43.8,10263.0,43.641
2026-05-04 09:35:00-04:00,43.56,43.86,42.58,42.64,8277.0,43.175
2026-05-04 09:36:00-04:00,42.98,42.98,42.35,42.38,1870.0,42.675
2026-05-04 09:37:00-04:00,42.6,42.6,42.38,42.38,1104.0,42.541
2026-05-04 09:38:00-04:00,42.38,42.38,41.79,41.87,11702.0,41.993
2026-05-04 09:39:00-04:00,41.87,42.27,41.8,42.1,22601.0,41.998
2026-05-04 09:40:00-04:00,42.1,42.45,41.88,42.28,13750.0,42.248
2026-05-04 09:41:00-04:00,42.3,42.3,42.12,42.12,505.0,42.239
2026-05-04 09:42:00-04:00,42.08,42.09,41.68,41.68,8863.0,41.83
2026-05-04 09:43:00-04:00,41.78,42.0,41.78,41.87,5148.0,41.889
2026-05-04 09:44:00-04:00,41.88,42.0,41.88,41.9,1217.0,41.909
2026-05-04 09:45:00-04:00,41.9,42.12,41.9,42.11,1329.0,42.012
2026-05-04 09:46:00-04:00,42.16,42.33,42.07,42.32,1200.0,42.173
2026-05-04 09:47:00-04:00,42.11,42.11,42.0,42.0,3347.0,42.031
2026-05-04 09:48:00-04:00,41.96,41.96,41.84,41.84,300.0,41.883
2026-05-04 09:49:00-04:00,41.88,42.09,41.77,41.95,1146.0,41.936
2026-05-04 09:50:00-04:00,42.09,42.09,41.85,42.07,400.0,42.021
2026-05-04 09:51:00-04:00,41.88,42.09,41.85,41.94,1190.0,41.983
2026-05-04 09:52:00-04:00,42.0,42.12,42.0,42.09,1598.0,42.074
2026-05-04 09:53:00-04:00,41.93,41.97,41.37,41.51,21623.0,41.67
2026-05-04 09:54:00-04:00,41.55,41.59,41.46,41.51,4238.0,41.532
2026-05-04 09:55:00-04:00,41.55,41.8,41.51,41.77,4698.0,41.625
2026-05-04 09:56:00-04:00,41.8,41.85,41.79,41.85,7763.0,41.833
2026-05-04 09:57:00-04:00,41.85,41.99,41.82,41.87,4086.0,41.896
2026-05-04 09:58:00-04:00,41.97,41.97,41.43,41.75,8330.0,41.637
2026-05-04 09:59:00-04:00,41.5,41.52,41.14,41.14,97207.0,41.259
2026-05-04 10:00:00-04:00,41.08,41.22,41.01,41.1,31533.0,41.1
2026-05-04 10:01:00-04:00,41.04,41.12,40.81,40.85,14194.0,40.947
2026-05-04 10:02:00-04:00,40.91,41.14,40.85,41.11,6482.0,41.043
2026-05-04 10:03:00-04:00,41.09,41.1,41.08,41.09,2760.0,41.093
2026-05-04 10:04:00-04:00,41.04,41.27,41.03,41.25,5157.0,41.19
2026-05-04 10:05:00-04:00,41.22,41.36,41.14,41.16,6208.0,41.229
2026-05-04 10:06:00-04:00,41.16,41.21,41.05,41.09,3195.0,41.122
2026-05-04 10:07:00-04:00,41.0,41.1,41.0,41.1,4026.0,41.032
2026-05-04 10:08:00-04:00,41.08,41.08,40.96,40.96,2286.0,40.998
2026-05-04 10:09:00-04:00,40.91,41.04,40.8,40.91,3729.0,40.857
2026-05-04 10:10:00-04:00,40.92,41.0,40.88,40.88,4013.0,40.941
2026-05-04 10:11:00-04:00,40.88,41.26,40.87,41.25,9769.0,41.163
2026-05-04 10:12:00-04:00,41.25,41.3,41.25,41.26,2241.0,41.277
2026-05-04 10:13:00-04:00,41.26,41.35,41.2,41.32,3078.0,41.27
2026-05-04 10:14:00-04:00,41.33,41.49,41.22,41.22,4619.0,41.324
2026-05-04 10:15:00-04:00,41.18,41.23,41.17,41.22,600.0,41.202
2026-05-04 10:16:00-04:00,41.45,41.45,41.12,41.12,2529.0,41.226
2026-05-04 10:17:00-04:00,41.09,41.09,41.01,41.08,3596.0,41.058
2026-05-04 10:18:00-04:00,41.07,41.3,41.04,41.29,9502.0,41.107
2026-05-04 10:19:00-04:00,41.32,41.32,41.22,41.24,896.0,41.272
2026-05-04 10:20:00-04:00,41.1,41.48,41.1,41.26,1700.0,41.266
2026-05-04 10:21:00-04:00,41.25,41.25,41.12,41.13,2376.0,41.192
2026-05-04 10:22:00-04:00,41.2,41.2,41.12,41.19,1760.0,41.168
2026-05-04 10:23:00-04:00,41.15,41.17,41.15,41.15,726.0,41.153
2026-05-04 10:24:00-04:00,41.02,41.18,41.0,41.11,4535.0,41.072
2026-05-04 10:25:00-04:00,41.12,41.24,41.12,41.21,3967.0,41.19
2026-05-04 10:26:00-04:00,41.22,41.25,41.03,41.13,3254.0,41.212
2026-05-04 10:27:00-04:00,41.05,41.14,41.02,41.13,2077.0,41.065
2026-05-04 10:28:00-04:00,41.02,41.1,41.01,41.01,800.0,41.06
2026-05-04 10:29:00-04:00,41.07,41.13,41.06,41.1,1272.0,41.088
2026-05-04 10:30:00-04:00,41.1,41.1,41.01,41.01,1200.0,41.063
2026-05-04 10:31:00-04:00,41.01,41.2,40.97,41.02,22245.0,41.025
2026-05-04 10:32:00-04:00,41.02,41.02,40.9,40.93,13429.0,40.962
2026-05-04 10:33:00-04:00,40.98,41.04,40.88,40.88,9264.0,40.999
2026-05-04 10:34:00-04:00,40.94,40.94,40.83,40.83,2657.0,40.866
2026-05-04 10:35:00-04:00,40.84,40.84,40.74,40.79,4282.0,40.796
2026-05-04 10:36:00-04:00,40.74,40.88,40.71,40.85,8389.0,40.784
2026-05-04 10:37:00-04:00,40.86,41.0,40.86,40.88,934.0,40.908
2026-05-04 10:38:00-04:00,41.0,41.05,40.99,41.05,1311.0,41.006
2026-05-04 10:39:00-04:00,41.06,41.1,41.0,41.09,1190.0,41.057
2026-05-04 10:40:00-04:00,41.06,41.26,41.02,41.23,9835.0,41.16
2026-05-04 10:41:00-04:00,41.22,41.25,41.15,41.15,1067.0,41.2
2026-05-04 10:42:00-04:00,41.15,41.15,41.09,41.15,5658.0,41.147
2026-05-04 10:43:00-04:00,41.16,41.21,41.09,41.18,5860.0,41.156
2026-05-04 10:44:00-04:00,41.18,41.19,41.13,41.13,1528.0,41.15
2026-05-04 10:45:00-04:00,41.17,41.17,41.05,41.14,4080.0,41.11
2026-05-04 10:46:00-04:00,41.17,41.17,41.09,41.13,5736.0,41.105
2026-05-04 10:47:00-04:00,41.08,41.11,41.07,41.07,622.0,41.083
2026-05-04 10:48:00-04:00,41.08,41.09,40.95,40.97,15040.0,41.036
2026-05-04 10:49:00-04:00,40.95,40.95,40.87,40.87,1226.0,40.908
2026-05-04 10:50:00-04:00,40.91,41.0,40.88,40.96,1661.0,40.952
2026-05-04 10:51:00-04:00,40.94,40.97,40.75,40.75,4752.0,40.837
2026-05-04 10:52:00-04:00,40.84,40.84,40.68,40.74,8988.0,40.71
2026-05-04 10:53:00-04:00,40.69,40.76,40.68,40.72,2964.0,40.712
2026-05-04 10:54:00-04:00,40.73,40.78,40.73,40.74,2543.0,40.761
2026-05-04 10:55:00-04:00,40.74,40.86,40.74,40.83,7689.0,40.786
2026-05-04 10:56:00-04:00,40.82,40.82,40.61,40.61,7175.0,40.691
2026-05-04 10:57:00-04:00,40.6,40.64,40.49,40.51,11106.0,40.551
2026-05-04 10:58:00-04:00,40.54,40.65,40.5,40.61,7647.0,40.597
2026-05-04 10:59:00-04:00,40.58,40.61,40.45,40.5,10762.0,40.524
2026-05-04 11:00:00-04:00,40.48,40.56,40.43,40.53,4179.0,40.506
2026-05-04 11:01:00-04:00,40.5,40.54,40.41,40.54,1799.0,40.486
2026-05-04 11:02:00-04:00,40.52,40.6,40.52,40.54,2499.0,40.554
2026-05-04 11:03:00-04:00,40.62,40.62,40.53,40.61,2535.0,40.571
2026-05-04 11:04:00-04:00,40.58,40.76,40.57,40.73,4710.0,40.65
2026-05-04 11:05:00-04:00,40.73,40.81,40.7,40.79,2239.0,40.745
2026-05-04 11:06:00-04:00,40.84,40.86,40.68,40.72,5098.0,40.777
2026-05-04 11:07:00-04:00,40.73,40.75,40.66,40.7,5335.0,40.698
2026-05-04 11:08:00-04:00,40.73,40.83,40.65,40.83,1000.0,40.677
2026-05-04 11:09:00-04:00,40.65,40.77,40.57,40.59,2191.0,40.631
2026-05-04 11:10:00-04:00,40.57,40.82,40.57,40.58,1936.0,40.676
2026-05-04 11:11:00-04:00,40.71,40.72,40.71,40.72,200.0,40.718
2026-05-04 11:12:00-04:00,40.61,40.61,40.51,40.51,3777.0,40.56
2026-05-04 11:13:00-04:00,40.5,40.53,40.45,40.49,6436.0,40.502
2026-05-04 11:14:00-04:00,40.44,40.54,40.44,40.53,5732.0,40.493
2026-05-04 11:15:00-04:00,40.55,40.66,40.46,40.46,5408.0,40.569
2026-05-04 11:16:00-04:00,40.46,40.47,40.35,40.35,3127.0,40.429
2026-05-04 11:17:00-04:00,40.41,40.41,40.26,40.29,3506.0,40.308
2026-05-04 11:18:00-04:00,40.28,40.34,40.25,40.33,501.0,40.287
2026-05-04 11:19:00-04:00,40.24,40.32,40.17,40.2,4616.0,40.213
2026-05-04 11:20:00-04:00,40.24,40.28,40.18,40.23,2150.0,40.259
2026-05-04 11:21:00-04:00,40.22,40.26,40.22,40.22,2319.0,40.223
2026-05-04 11:22:00-04:00,40.17,40.28,40.17,40.24,3203.0,40.225
2026-05-04 11:23:00-04:00,40.17,40.27,40.17,40.22,8276.0,40.176
2026-05-04 11:24:00-04:00,40.24,40.24,40.17,40.21,2197.0,40.21
2026-05-04 11:25:00-04:00,40.21,40.26,40.15,40.23,4145.0,40.196
2026-05-04 11:26:00-04:00,40.23,40.43,40.21,40.4,6338.0,40.343
2026-05-04 11:27:00-04:00,40.4,40.43,40.39,40.43,1414.0,40.404
2026-05-04 11:28:00-04:00,40.46,40.5,40.45,40.47,2511.0,40.479
2026-05-04 11:29:00-04:00,40.45,40.5,40.41,40.46,5510.0,40.444
2026-05-04 11:30:00-04:00,40.49,40.49,40.41,40.41,1224.0,40.464
2026-05-04 11:31:00-04:00,40.48,40.48,40.47,40.47,487.0,40.473
2026-05-04 11:32:00-04:00,40.45,40.47,40.36,40.36,4367.0,40.426
2026-05-04 11:33:00-04:00,40.39,40.46,40.39,40.39,1676.0,40.448
2026-05-04 11:34:00-04:00,40.4,40.41,40.34,40.34,3714.0,40.37
2026-05-04 11:35:00-04:00,40.34,40.4,40.3,40.36,3700.0,40.33
2026-05-04 11:36:00-04:00,40.32,40.42,40.31,40.42,3010.0,40.336
2026-05-04 11:37:00-04:00,40.47,40.47,40.4,40.42,525.0,40.427
2026-05-04 11:38:00-04:00,40.35,40.35,40.31,40.31,856.0,40.326
2026-05-04 11:39:00-04:00,40.4,40.46,40.33,40.34,4920.0,40.386
2026-05-04 11:40:00-04:00,40.33,40.46,40.2,40.22,9764.0,40.27
2026-05-04 11:41:00-04:00,40.39,40.46,40.38,40.46,1250.0,40.424
2026-05-04 11:42:00-04:00,40.43,40.46,40.42,40.42,823.0,40.428
2026-05-04 11:43:00-04:00,40.38,40.49,40.38,40.48,2433.0,40.459
2026-05-04 11:44:00-04:00,40.48,40.56,40.43,40.43,4529.0,40.504
2026-05-04 11:45:00-04:00,40.47,40.5,40.32,40.45,9223.0,40.391
2026-05-04 11:46:00-04:00,40.43,40.6,40.43,40.6,2201.0,40.504
2026-05-04 11:47:00-04:00,40.59,40.79,40.44,40.44,4944.0,40.513
2026-05-04 11:48:00-04:00,40.45,40.55,40.45,40.55,2700.0,40.521
2026-05-04 11:49:00-04:00,40.5,40.54,40.36,40.39,2966.0,40.431
2026-05-04 11:50:00-04:00,40.36,40.42,40.34,40.4,4338.0,40.36
2026-05-04 11:51:00-04:00,40.38,40.4,40.35,40.39,1535.0,40.374
2026-05-04 11:52:00-04:00,40.39,40.46,40.35,40.41,2762.0,40.393
2026-05-04 11:53:00-04:00,40.43,40.43,40.43,40.43,200.0,40.43
2026-05-04 11:54:00-04:00,40.43,40.46,40.36,40.36,300.0,40.414
2026-05-04 11:55:00-04:00,40.41,40.43,40.36,40.39,2045.0,40.391
2026-05-04 11:56:00-04:00,40.41,40.45,40.4,40.41,1693.0,40.427
2026-05-04 11:57:00-04:00,40.41,40.48,40.4,40.46,2399.0,40.463
2026-05-04 11:58:00-04:00,40.48,40.51,40.48,40.51,1495.0,40.492
2026-05-04 11:59:00-04:00,40.53,40.57,40.49,40.52,4600.0,40.518
2026-05-04 12:00:00-04:00,40.47,40.53,40.44,40.52,2313.0,40.47
2026-05-04 12:01:00-04:00,40.52,40.52,40.52,40.52,607.0,40.52
2026-05-04 12:02:00-04:00,40.48,40.5,40.41,40.46,5407.0,40.449
2026-05-04 12:03:00-04:00,40.46,40.53,40.46,40.48,6018.0,40.503
2026-05-04 12:04:00-04:00,40.48,40.53,40.46,40.46,6203.0,40.504
2026-05-04 12:05:00-04:00,40.5,40.62,40.5,40.59,5374.0,40.563
2026-05-04 12:06:00-04:00,40.59,40.6,40.59,40.6,2870.0,40.593
2026-05-04 12:07:00-04:00,40.61,40.77,40.6,40.65,10071.0,40.666
2026-05-04 12:08:00-04:00,40.68,40.68,40.45,40.49,11234.0,40.583
2026-05-04 12:09:00-04:00,40.51,40.56,40.4,40.42,6949.0,40.497
2026-05-04 12:10:00-04:00,40.43,40.43,40.35,40.35,4636.0,40.393
2026-05-04 12:11:00-04:00,40.38,40.46,40.37,40.39,4076.0,40.411
2026-05-04 12:12:00-04:00,40.4,40.42,40.34,40.38,8863.0,40.361
2026-05-04 12:13:00-04:00,40.35,40.38,40.26,40.34,24299.0,40.349
2026-05-04 12:14:00-04:00,40.37,40.46,40.34,40.46,2029.0,40.416
2026-05-04 12:15:00-04:00,40.47,40.47,40.39,40.45,2503.0,40.415
2026-05-04 12:16:00-04:00,40.37,40.4,40.37,40.4,800.0,40.385
2026-05-04 12:17:00-04:00,40.38,40.43,40.38,40.39,2200.0,40.4
2026-05-04 12:18:00-04:00,40.43,40.45,40.43,40.43,900.0,40.436
2026-05-04 12:19:00-04:00,40.43,40.51,40.43,40.51,2164.0,40.452
2026-05-04 12:20:00-04:00,40.5,40.56,40.5,40.56,800.0,40.51
2026-05-04 12:21:00-04:00,40.58,40.58,40.52,40.52,1817.0,40.539
2026-05-04 12:22:00-04:00,40.56,40.59,40.43,40.48,4902.0,40.503
2026-05-04 12:23:00-04:00,40.48,40.48,40.35,40.35,900.0,40.407
2026-05-04 12:24:00-04:00,40.34,40.39,40.34,40.38,1919.0,40.354
2026-05-04 12:25:00-04:00,40.38,40.39,40.34,40.34,3113.0,40.36
2026-05-04 12:26:00-04:00,40.38,40.4,40.36,40.39,1850.0,40.39
2026-05-04 12:27:00-04:00,40.36,40.4,40.34,40.38,11788.0,40.355
2026-05-04 12:28:00-04:00,40.38,40.4,40.34,40.4,4946.0,40.375
2026-05-04 12:29:00-04:00,40.37,40.42,40.34,40.35,6857.0,40.383
2026-05-04 12:30:00-04:00,40.35,40.35,40.23,40.29,10183.0,40.31
2026-05-04 12:31:00-04:00,40.31,40.32,40.28,40.31,1629.0,40.309
2026-05-04 12:32:00-04:00,40.28,40.35,40.28,40.28,850.0,40.331
2026-05-04 12:33:00-04:00,40.36,40.39,40.36,40.38,220.0,40.374
2026-05-04 12:34:00-04:00,40.36,40.39,40.25,40.32,5689.0,40.315
2026-05-04 12:35:00-04:00,40.32,40.34,40.31,40.32,1548.0,40.329
2026-05-04 12:36:00-04:00,40.36,40.42,40.33,40.37,3639.0,40.389
2026-05-04 12:37:00-04:00,40.32,40.32,40.32,40.32,117.0,40.32
2026-05-04 12:38:00-04:00,40.36,40.37,40.3,40.34,675.0,40.33
2026-05-04 12:39:00-04:00,40.33,40.34,40.26,40.27,1832.0,40.291
2026-05-04 12:40:00-04:00,40.26,40.39,40.26,40.36,730.0,40.31
2026-05-04 12:41:00-04:00,40.37,40.44,40.37,40.43,420.0,40.416
2026-05-04 12:42:00-04:00,40.49,40.49,40.48,40.49,143.0,40.488
2026-05-04 12:43:00-04:00,40.49,40.53,40.46,40.49,6865.0,40.51
2026-05-04 12:44:00-04:00,40.51,40.55,40.48,40.54,1656.0,40.514
2026-05-04 12:45:00-04:00,40.53,40.54,40.53,40.53,700.0,40.535
2026-05-04 12:46:00-04:00,40.54,40.54,40.53,40.53,700.0,40.536
2026-05-04 12:47:00-04:00,40.53,40.54,40.53,40.53,100.0,40.535
2026-05-04 12:48:00-04:00,40.54,40.54,40.44,40.48,3785.0,40.485
2026-05-04 12:49:00-04:00,40.45,40.46,40.44,40.45,2072.0,40.446
2026-05-04 12:50:00-04:00,40.48,40.55,40.45,40.55,2117.0,40.503
2026-05-04 12:51:00-04:00,40.54,40.57,40.54,40.54,1217.0,40.542
2026-05-04 12:52:00-04:00,40.53,40.58,40.53,40.58,993.0,40.564
2026-05-04 12:53:00-04:00,40.57,40.57,40.57,40.57,400.0,40.57
2026-05-04 12:54:00-04:00,40.57,40.57,40.57,40.57,100.0,40.57
2026-05-04 12:55:00-04:00,40.57,40.58,40.57,40.58,400.0,40.576
2026-05-04 12:56:00-04:00,40.54,40.54,40.51,40.51,670.0,40.526
2026-05-04 12:57:00-04:00,40.53,40.57,40.53,40.57,2776.0,40.547
2026-05-04 12:58:00-04:00,40.54,40.54,40.52,40.52,1372.0,40.539
2026-05-04 12:59:00-04:00,40.52,40.56,40.52,40.56,800.0,40.543
2026-05-04 13:00:00-04:00,40.59,40.71,40.53,40.71,18852.0,40.6
2026-05-04 13:01:00-04:00,40.69,40.81,40.69,40.81,914.0,40.732
2026-05-04 13:02:00-04:00,40.84,40.84,40.72,40.73,3176.0,40.779
2026-05-04 13:03:00-04:00,40.78,40.82,40.77,40.77,2935.0,40.806
2026-05-04 13:04:00-04:00,40.77,40.9,40.77,40.89,2188.0,40.829
2026-05-04 13:05:00-04:00,40.89,41.2,40.89,41.06,9510.0,41.017
2026-05-04 13:06:00-04:00,41.06,41.07,41.02,41.03,1400.0,41.033
2026-05-04 13:07:00-04:00,41.08,41.09,41.05,41.09,3752.0,41.077
2026-05-04 13:08:00-04:00,41.12,41.28,41.1,41.17,16518.0,41.187
2026-05-04 13:09:00-04:00,41.17,41.29,41.17,41.19,300.0,41.218
2026-05-04 13:10:00-04:00,41.25,41.28,41.16,41.24,4293.0,41.223
2026-05-04 13:11:00-04:00,41.24,41.25,41.21,41.24,1505.0,41.238
2026-05-04 13:12:00-04:00,41.24,41.53,41.16,41.41,92777.0,41.361
2026-05-04 13:13:00-04:00,41.41,41.42,41.3,41.41,4189.0,41.357
2026-05-04 13:14:00-04:00,41.41,41.41,41.3,41.33,4230.0,41.355
2026-05-04 13:15:00-04:00,41.36,41.38,41.21,41.27,6407.0,41.265
2026-05-04 13:16:00-04:00,41.27,41.28,41.25,41.25,1900.0,41.278
2026-05-04 13:17:00-04:00,41.28,41.5,41.28,41.42,4162.0,41.414
2026-05-04 13:18:00-04:00,41.42,41.43,41.33,41.35,2165.0,41.372
2026-05-04 13:19:00-04:00,41.38,41.42,41.32,41.32,2712.0,41.374
2026-05-04 13:20:00-04:00,41.32,41.39,41.32,41.33,1590.0,41.349
2026-05-04 13:21:00-04:00,41.38,41.38,41.21,41.21,3534.0,41.3
2026-05-04 13:22:00-04:00,41.22,41.25,40.93,41.03,23084.0,41.109
2026-05-04 13:23:00-04:00,41.02,41.08,41.01,41.08,3729.0,41.036
2026-05-04 13:24:00-04:00,41.12,41.16,41.09,41.09,1044.0,41.114
2026-05-04 13:25:00-04:00,41.04,41.07,41.0,41.06,3247.0,41.041
2026-05-04 13:26:00-04:00,40.99,41.06,40.97,41.05,4877.0,41.001
2026-05-04 13:27:00-04:00,41.05,41.1,41.0,41.0,14422.0,41.066
2026-05-04 13:28:00-04:00,41.0,41.01,41.0,41.0,465.0,41.005
2026-05-04 13:29:00-04:00,41.04,41.04,40.95,40.98,2661.0,40.978
2026-05-04 13:30:00-04:00,40.98,40.99,40.93,40.96,645.0,40.949
2026-05-04 13:31:00-04:00,40.98,41.04,40.93,40.94,1140.0,40.958
2026-05-04 13:32:00-04:00,40.94,40.96,40.92,40.92,1700.0,40.948
2026-05-04 13:33:00-04:00,40.92,40.97,40.92,40.94,900.0,40.954
2026-05-04 13:34:00-04:00,40.95,41.03,40.95,41.01,2888.0,41.003
2026-05-04 13:35:00-04:00,40.99,41.01,40.97,40.98,1545.0,40.989
2026-05-04 13:36:00-04:00,41.0,41.07,41.0,41.06,5189.0,41.04
2026-05-04 13:37:00-04:00,41.06,41.07,41.02,41.06,2505.0,41.044
2026-05-04 13:38:00-04:00,41.1,41.13,41.04,41.09,2377.0,41.083
2026-05-04 13:39:00-04:00,41.09,41.16,41.08,41.16,3000.0,41.131
2026-05-04 13:40:00-04:00,41.16,41.21,41.13,41.17,3819.0,41.181
2026-05-04 13:41:00-04:00,41.14,41.18,41.14,41.17,200.0,41.158
2026-05-04 13:42:00-04:00,41.18,41.19,41.18,41.19,300.0,41.187
2026-05-04 13:43:00-04:00,41.13,41.25,41.09,41.18,10504.0,41.158
2026-05-04 13:44:00-04:00,41.2,41.2,41.18,41.19,2100.0,41.188
2026-05-04 13:45:00-04:00,41.19,41.2,41.19,41.2,2840.0,41.191
2026-05-04 13:46:00-04:00,41.24,41.24,41.2,41.21,1959.0,41.208
2026-05-04 13:47:00-04:00,41.22,41.22,41.15,41.16,2059.0,41.182
2026-05-04 13:48:00-04:00,41.19,41.2,41.13,41.13,1629.0,41.147
2026-05-04 13:49:00-04:00,41.15,41.17,41.03,41.05,8299.0,41.084
2026-05-04 13:50:00-04:00,41.05,41.06,40.95,41.02,10862.0,40.998
2026-05-04 13:51:00-04:00,41.02,41.07,41.01,41.02,3211.0,41.031
2026-05-04 13:52:00-04:00,41.08,41.08,41.0,41.01,2414.0,41.024
2026-05-04 13:53:00-04:00,41.03,41.05,41.0,41.01,2218.0,41.026
2026-05-04 13:54:00-04:00,41.03,41.04,41.0,41.0,801.0,41.02
2026-05-04 13:55:00-04:00,41.02,41.15,41.0,41.1,4260.0,41.073
2026-05-04 13:56:00-04:00,41.15,41.15,41.09,41.1,2006.0,41.102
2026-05-04 13:57:00-04:00,41.1,41.1,41.1,41.1,200.0,41.1
2026-05-04 13:58:00-04:00,41.05,41.11,41.05,41.1,200.0,41.08
2026-05-04 13:59:00-04:00,41.07,41.1,41.03,41.04,4136.0,41.063
2026-05-04 14:00:00-04:00,41.04,41.11,41.03,41.11,4955.0,41.054
2026-05-04 14:01:00-04:00,41.1,41.12,41.09,41.09,1121.0,41.098
2026-05-04 14:02:00-04:00,41.1,41.15,41.07,41.1,12002.0,41.109
2026-05-04 14:03:00-04:00,41.1,41.11,41.1,41.11,700.0,41.109
2026-05-04 14:04:00-04:00,41.11,41.18,41.05,41.17,13825.0,41.117
2026-05-04 14:05:00-04:00,41.19,41.35,41.19,41.23,9162.0,41.269
2026-05-04 14:06:00-04:00,41.27,41.35,41.24,41.29,6550.0,41.287
2026-05-04 14:07:00-04:00,41.28,41.35,41.28,41.34,6694.0,41.313
2026-05-04 14:08:00-04:00,41.35,41.41,41.35,41.39,8046.0,41.398
2026-05-04 14:09:00-04:00,41.39,41.4,41.32,41.33,1806.0,41.355
2026-05-04 14:10:00-04:00,41.33,41.65,41.27,41.6,11819.0,41.502
2026-05-04 14:11:00-04:00,41.59,41.84,41.59,41.7,16126.0,41.704
2026-05-04 14:12:00-04:00,41.7,41.83,41.7,41.79,8436.0,41.75
2026-05-04 14:13:00-04:00,41.77,41.84,41.7,41.78,7107.0,41.766
2026-05-04 14:14:00-04:00,41.78,41.79,41.68,41.74,17851.0,41.721
2026-05-04 14:15:00-04:00,41.72,41.74,41.62,41.68,1930.0,41.675
2026-05-04 14:16:00-04:00,41.65,41.7,41.52,41.58,12514.0,41.601
2026-05-04 14:17:00-04:00,41.61,41.62,41.53,41.54,2192.0,41.552
2026-05-04 14:18:00-04:00,41.59,41.59,41.52,41.56,1500.0,41.539
2026-05-04 14:19:00-04:00,41.49,41.55,41.49,41.55,3322.0,41.507
2026-05-04 14:20:00-04:00,41.55,41.62,41.55,41.62,1040.0,41.572
2026-05-04 14:21:00-04:00,41.62,41.62,41.62,41.62,0.0,41.62
2026-05-04 14:22:00-04:00,41.62,41.63,41.61,41.63,800.0,41.623
2026-05-04 14:23:00-04:00,41.58,41.62,41.58,41.62,929.0,41.584
2026-05-04 14:24:00-04:00,41.65,41.65,41.6,41.6,1922.0,41.625
2026-05-04 14:25:00-04:00,41.6,41.61,41.6,41.6,100.0,41.605
2026-05-04 14:26:00-04:00,41.56,41.59,41.54,41.54,3108.0,41.545
2026-05-04 14:27:00-04:00,41.55,41.57,41.54,41.54,1400.0,41.551
2026-05-04 14:28:00-04:00,41.61,41.63,41.57,41.63,4594.0,41.608
2026-05-04 14:29:00-04:00,41.63,41.66,41.61,41.63,4386.0,41.626
2026-05-04 14:30:00-04:00,41.63,41.74,41.63,41.73,8849.0,41.678
2026-05-04 14:31:00-04:00,41.73,41.73,41.56,41.56,1548.0,41.645
2026-05-04 14:32:00-04:00,41.6,41.65,41.58,41.63,2605.0,41.613
2026-05-04 14:33:00-04:00,41.63,41.67,41.63,41.66,700.0,41.639
2026-05-04 14:34:00-04:00,41.67,41.67,41.67,41.67,300.0,41.67
2026-05-04 14:35:00-04:00,41.57,41.65,41.56,41.61,1200.0,41.59
2026-05-04 14:36:00-04:00,41.65,41.65,41.56,41.56,960.0,41.605
2026-05-04 14:37:00-04:00,41.55,41.62,41.5,41.5,8361.0,41.596
2026-05-04 14:38:00-04:00,41.5,41.56,41.5,41.52,2700.0,41.515
2026-05-04 14:39:00-04:00,41.5,41.51,41.5,41.5,1075.0,41.501
2026-05-04 14:40:00-04:00,41.52,41.52,41.45,41.45,1928.0,41.474
2026-05-04 14:41:00-04:00,41.5,41.51,41.5,41.5,441.0,41.501
2026-05-04 14:42:00-04:00,41.5,41.51,41.46,41.46,568.0,41.487
2026-05-04 14:43:00-04:00,41.45,41.46,41.45,41.45,600.0,41.452
2026-05-04 14:44:00-04:00,41.49,41.49,41.45,41.48,1927.0,41.474
2026-05-04 14:45:00-04:00,41.45,41.47,41.29,41.34,5932.0,41.409
2026-05-04 14:46:00-04:00,41.35,41.35,41.34,41.35,1800.0,41.347
2026-05-04 14:47:00-04:00,41.35,41.35,41.35,41.35,100.0,41.35
2026-05-04 14:48:00-04:00,41.35,41.36,41.2,41.29,6241.0,41.271
2026-05-04 14:49:00-04:00,41.2,41.27,41.19,41.22,3654.0,41.227
2026-05-04 14:50:00-04:00,41.23,41.34,41.22,41.34,1717.0,41.239
2026-05-04 14:51:00-04:00,41.28,41.28,41.27,41.27,700.0,41.277
2026-05-04 14:52:00-04:00,41.28,41.28,41.16,41.16,5154.0,41.23
2026-05-04 14:53:00-04:00,41.16,41.16,41.16,41.16,845.0,41.16
2026-05-04 14:54:00-04:00,41.18,41.18,41.14,41.14,810.0,41.152
2026-05-04 14:55:00-04:00,41.14,41.17,41.14,41.15,930.0,41.15
2026-05-04 14:56:00-04:00,41.15,41.24,41.12,41.22,6996.0,41.169
2026-05-04 14:57:00-04:00,41.22,41.3,41.22,41.3,2624.0,41.261
2026-05-04 14:58:00-04:00,41.3,41.32,41.3,41.32,1235.0,41.305
2026-05-04 14:59:00-04:00,41.32,41.32,41.21,41.21,1770.0,41.246
2026-05-04 15:00:00-04:00,41.23,41.3,41.19,41.23,2126.0,41.223
2026-05-04 15:01:00-04:00,41.26,41.26,41.22,41.22,418.0,41.231
2026-05-04 15:02:00-04:00,41.22,41.22,41.11,41.15,800.0,41.155
2026-05-04 15:03:00-04:00,41.12,41.12,41.03,41.08,4521.0,41.078
2026-05-04 15:04:00-04:00,41.04,41.04,41.04,41.04,444.0,41.04
2026-05-04 15:05:00-04:00,41.04,41.07,41.02,41.02,1474.0,41.045
2026-05-04 15:06:00-04:00,41.09,41.13,41.08,41.08,2800.0,41.11
2026-05-04 15:07:00-04:00,41.09,41.11,41.02,41.06,1775.0,41.079
2026-05-04 15:08:00-04:00,41.1,41.13,41.06,41.07,11881.0,41.088
2026-05-04 15:09:00-04:00,41.08,41.08,41.01,41.04,3770.0,41.038
2026-05-04 15:10:00-04:00,41.01,41.04,41.0,41.04,663.0,41.022
2026-05-04 15:11:00-04:00,41.08,41.08,41.04,41.04,1143.0,41.049
2026-05-04 15:12:00-04:00,41.02,41.08,41.02,41.04,1317.0,41.048
2026-05-04 15:13:00-04:00,41.08,41.13,41.08,41.13,2784.0,41.093
2026-05-04 15:14:00-04:00,41.13,41.16,41.12,41.13,1400.0,41.132
2026-05-04 15:15:00-04:00,41.13,41.13,41.06,41.09,3424.0,41.094
2026-05-04 15:16:00-04:00,41.11,41.13,41.05,41.1,3783.0,41.086
2026-05-04 15:17:00-04:00,41.05,41.11,41.05,41.06,8744.0,41.068
2026-05-04 15:18:00-04:00,41.06,41.13,41.06,41.09,2788.0,41.092
2026-05-04 15:19:00-04:00,41.1,41.1,41.01,41.02,2000.0,41.047
2026-05-04 15:20:00-04:00,41.02,41.1,41.01,41.09,2404.0,41.026
2026-05-04 15:21:00-04:00,41.11,41.11,41.1,41.1,809.0,41.106
2026-05-04 15:22:00-04:00,41.1,41.11,41.1,41.1,500.0,41.105
2026-05-04 15:23:00-04:00,41.1,41.15,41.07,41.15,2030.0,41.12
2026-05-04 15:24:00-04:00,41.13,41.16,41.13,41.15,600.0,41.145
2026-05-04 15:25:00-04:00,41.15,41.15,41.08,41.09,2920.0,41.111
2026-05-04 15:26:00-04:00,41.11,41.2,41.06,41.18,16724.0,41.122
2026-05-04 15:27:00-04:00,41.22,41.34,41.22,41.34,2500.0,41.289
2026-05-04 15:28:00-04:00,41.3,41.3,41.24,41.25,1594.0,41.271
2026-05-04 15:29:00-04:00,41.32,41.32,41.13,41.13,5580.0,41.198
2026-05-04 15:30:00-04:00,41.1,41.12,41.04,41.06,5517.0,41.068
2026-05-04 15:31:00-04:00,41.1,41.21,41.08,41.13,4371.0,41.143
2026-05-04 15:32:00-04:00,41.12,41.13,41.08,41.08,4181.0,41.121
2026-05-04 15:33:00-04:00,41.09,41.23,41.05,41.23,4129.0,41.141
2026-05-04 15:34:00-04:00,41.17,41.25,41.15,41.21,3353.0,41.2
2026-05-04 15:35:00-04:00,41.21,41.24,41.19,41.2,1949.0,41.21
2026-05-04 15:36:00-04:00,41.21,41.25,41.15,41.21,5481.0,41.179
2026-05-04 15:37:00-04:00,41.21,41.21,41.17,41.21,520.0,41.202
2026-05-04 15:38:00-04:00,41.18,41.22,41.12,41.12,4677.0,41.159
2026-05-04 15:39:00-04:00,41.12,41.12,41.03,41.09,4000.0,41.07
2026-05-04 15:40:00-04:00,41.09,41.15,41.05,41.11,4158.0,41.102
2026-05-04 15:41:00-04:00,41.11,41.15,41.11,41.14,1252.0,41.141
2026-05-04 15:42:00-04:00,41.16,41.16,41.08,41.11,8489.0,41.123
2026-05-04 15:43:00-04:00,41.09,41.16,41.04,41.15,25836.0,41.093
2026-05-04 15:44:00-04:00,41.17,41.37,41.17,41.34,4185.0,41.257
2026-05-04 15:45:00-04:00,41.31,41.32,41.21,41.22,4903.0,41.273
2026-05-04 15:46:00-04:00,41.19,41.31,41.16,41.3,6522.0,41.215
2026-05-04 15:47:00-04:00,41.38,41.38,41.31,41.31,2166.0,41.325
2026-05-04 15:48:00-04:00,41.31,41.37,41.3,41.34,5489.0,41.33
2026-05-04 15:49:00-04:00,41.31,41.35,41.23,41.23,8355.0,41.277
2026-05-04 15:50:00-04:00,41.26,41.32,41.23,41.29,9058.0,41.277
2026-05-04 15:51:00-04:00,41.27,41.39,41.27,41.36,12543.0,41.312
2026-05-04 15:52:00-04:00,41.35,41.39,41.31,41.34,14716.0,41.351
2026-05-04 15:53:00-04:00,41.34,41.44,41.33,41.37,15522.0,41.377
2026-05-04 15:54:00-04:00,41.4,41.55,41.33,41.55,16364.0,41.441
2026-05-04 15:55:00-04:00,41.55,41.82,41.55,41.74,43328.0,41.738
2026-05-04 15:56:00-04:00,41.73,41.74,41.47,41.47,31414.0,41.566
2026-05-04 15:57:00-04:00,41.48,41.51,41.45,41.45,28823.0,41.487
2026-05-04 15:58:00-04:00,41.45,41.48,41.43,41.48,42547.0,41.456
2026-05-04 15:59:00-04:00,41.48,41.57,41.45,41.54,79943.0,41.5
2026-05-05 09:30:00-04:00,42.85,43.39,42.76,43.12,46021.0,42.972
2026-05-05 09:31:00-04:00,43.2,43.4,42.81,43.27,16260.0,43.172
2026-05-05 09:32:00-04:00,43.35,43.55,42.8,42.96,30752.0,43.372
2026-05-05 09:33:00-04:00,42.9,43.14,42.76,42.81,16025.0,43.04
2026-05-05 09:34:00-04:00,42.8,42.97,42.65,42.78,5159.0,42.757
2026-05-05 09:35:00-04:00,42.88,43.0,42.63,42.73,7934.0,42.83
2026-05-05 09:36:00-04:00,42.78,43.03,42.78,42.84,5427.0,42.91
2026-05-05 09:37:00-04:00,42.84,42.95,42.72,42.83,21132.0,42.881
2026-05-05 09:38:00-04:00,42.89,42.95,42.77,42.84,11420.0,42.876
2026-05-05 09:39:00-04:00,42.91,42.96,42.72,42.86,2946.0,42.81
2026-05-05 09:40:00-04:00,42.99,43.5,42.85,43.5,25160.0,43.169
2026-05-05 09:41:00-04:00,43.41,43.44,43.12,43.19,5271.0,43.261
2026-05-05 09:42:00-04:00,43.19,43.27,42.92,43.07,7763.0,43.127
2026-05-05 09:43:00-04:00,43.05,43.05,42.87,42.95,2460.0,42.934
2026-05-05 09:44:00-04:00,42.94,43.2,42.93,43.2,17886.0,43.109
2026-05-05 09:45:00-04:00,43.28,43.35,43.21,43.27,22936.0,43.288
2026-05-05 09:46:00-04:00,43.27,43.37,43.2,43.29,30400.0,43.296
2026-05-05 09:47:00-04:00,43.29,43.32,43.11,43.14,30111.0,43.22
2026-05-05 09:48:00-04:00,43.17,43.29,43.03,43.2,30101.0,43.178
2026-05-05 09:49:00-04:00,43.21,43.29,43.04,43.13,33842.0,43.168
2026-05-05 09:50:00-04:00,43.15,43.27,42.97,42.99,24382.0,43.186
2026-05-05 09:51:00-04:00,43.05,43.16,42.65,42.66,9809.0,42.914
2026-05-05 09:52:00-04:00,42.66,42.71,42.34,42.41,11006.0,42.549
2026-05-05 09:53:00-04:00,42.41,42.53,42.3,42.52,12263.0,42.448
2026-05-05 09:54:00-04:00,42.53,42.66,42.42,42.45,9443.0,42.536
2026-05-05 09:55:00-04:00,42.35,42.83,42.31,42.77,3074.0,42.516
2026-05-05 09:56:00-04:00,42.71,42.86,42.65,42.85,1732.0,42.75
2026-05-05 09:57:00-04:00,42.98,42.98,42.76,42.85,6323.0,42.793
2026-05-05 09:58:00-04:00,42.98,43.03,42.75,42.75,1575.0,42.891
2026-05-05 09:59:00-04:00,42.76,42.86,42.63,42.63,12507.0,42.715
2026-05-05 10:00:00-04:00,42.6,42.66,42.42,42.52,38440.0,42.578
2026-05-05 10:01:00-04:00,42.53,42.77,42.38,42.48,16583.0,42.567
2026-05-05 10:02:00-04:00,42.41,42.42,42.24,42.28,2855.0,42.339
2026-05-05 10:03:00-04:00,42.28,42.33,42.23,42.28,11364.0,42.272
2026-05-05 10:04:00-04:00,42.35,42.47,42.25,42.37,62410.0,42.372
2026-05-05 10:05:00-04:00,42.37,42.38,42.05,42.05,19062.0,42.253
2026-05-05 10:06:00-04:00,42.05,42.05,41.7,41.82,21426.0,41.815
2026-05-05 10:07:00-04:00,41.93,41.98,41.8,41.9,13384.0,41.899
2026-05-05 10:08:00-04:00,41.89,41.97,41.88,41.88,21045.0,41.948
2026-05-05 10:09:00-04:00,41.8,41.93,41.65,41.81,14625.0,41.769
2026-05-05 10:10:00-04:00,41.84,41.9,41.68,41.87,21119.0,41.769
2026-05-05 10:11:00-04:00,41.77,41.81,41.7,41.72,5492.0,41.737
2026-05-05 10:12:00-04:00,41.77,41.95,41.68,41.95,295227.0,41.802
2026-05-05 10:13:00-04:00,41.95,42.11,41.95,42.0,3154.0,42.016
2026-05-05 10:14:00-04:00,41.95,42.05,41.95,42.04,2900.0,41.988
2026-05-05 10:15:00-04:00,41.95,41.95,41.62,41.62,2617.0,41.714
2026-05-05 10:16:00-04:00,41.78,41.79,41.64,41.68,868.0,41.721
2026-05-05 10:17:00-04:00,41.78,42.16,41.78,42.13,5950.0,41.95
2026-05-05 10:18:00-04:00,42.06,42.15,41.89,41.95,7104.0,42.063
2026-05-05 10:19:00-04:00,41.9,42.13,41.9,42.11,4691.0,42.02
2026-05-05 10:20:00-04:00,42.2,42.2,42.05,42.07,2000.0,42.124
2026-05-05 10:21:00-04:00,42.15,42.15,42.0,42.09,14984.0,42.093
2026-05-05 10:22:00-04:00,42.09,42.2,42.03,42.1,16358.0,42.112
2026-05-05 10:23:00-04:00,42.02,42.16,41.91,42.1,14125.0,42.071
2026-05-05 10:24:00-04:00,42.13,42.35,42.08,42.09,24003.0,42.19
2026-05-05 10:25:00-04:00,42.12,42.23,42.1,42.18,38852.0,42.151
2026-05-05 10:26:00-04:00,42.18,42.19,42.07,42.18,1900.0,42.152
2026-05-05 10:27:00-04:00,42.09,42.8,42.09,42.61,10977.0,42.589
2026-05-05 10:28:00-04:00,42.61,42.61,42.5,42.53,10895.0,42.551
2026-05-05 10:29:00-04:00,42.6,42.84,42.6,42.69,44622.0,42.791
2026-05-05 10:30:00-04:00,42.67,42.78,42.62,42.77,25609.0,42.649
2026-05-05 10:31:00-04:00,42.74,42.79,42.51,42.63,6678.0,42.681
2026-05-05 10:32:00-04:00,42.63,42.85,42.63,42.82,5264.0,42.705
2026-05-05 10:33:00-04:00,42.81,42.81,42.73,42.73,300.0,42.76
2026-05-05 10:34:00-04:00,42.79,43.0,42.65,43.0,25096.0,42.878
2026-05-05 10:35:00-04:00,42.91,43.07,42.91,43.0,2962.0,42.98
2026-05-05 10:36:00-04:00,42.92,43.02,42.9,43.02,2780.0,42.937
2026-05-05 10:37:00-04:00,42.99,43.0,42.61,42.75,5145.0,42.82
2026-05-05 10:38:00-04:00,42.59,42.59,42.41,42.47,14600.0,42.499
2026-05-05 10:39:00-04:00,42.48,42.48,42.33,42.44,2675.0,42.421
2026-05-05 10:40:00-04:00,42.37,42.38,42.3,42.38,2600.0,42.318
2026-05-05 10:41:00-04:00,42.33,42.33,42.25,42.28,4179.0,42.276
2026-05-05 10:42:00-04:00,42.34,42.44,42.22,42.44,18511.0,42.359
2026-05-05 10:43:00-04:00,42.5,42.5,42.32,42.32,3873.0,42.38
2026-05-05 10:44:00-04:00,42.35,42.55,42.32,42.53,22002.0,42.448
2026-05-05 10:45:00-04:00,42.59,42.67,42.59,42.67,617.0,42.648
2026-05-05 10:46:00-04:00,42.78,42.99,42.78,42.79,1863.0,42.815
2026-05-05 10:47:00-04:00,42.74,42.85,42.74,42.82,5241.0,42.803
2026-05-05 10:48:00-04:00,42.8,42.86,42.61,42.61,5287.0,42.736
2026-05-05 10:49:00-04:00,42.49,42.64,42.48,42.48,891.0,42.54
2026-05-05 10:50:00-04:00,42.55,42.7,42.47,42.52,102395.0,42.697
2026-05-05 10:51:00-04:00,42.56,42.61,42.42,42.52,2112.0,42.507
2026-05-05 10:52:00-04:00,42.43,42.7,42.43,42.65,1720.0,42.528
2026-05-05 10:53:00-04:00,42.69,42.69,42.64,42.64,2385.0,42.683
2026-05-05 10:54:00-04:00,42.64,42.78,42.54,42.6,2458.0,42.652
2026-05-05 10:55:00-04:00,42.6,42.64,42.57,42.64,6357.0,42.601
2026-05-05 10:56:00-04:00,42.57,42.69,42.5,42.67,2427.0,42.575
2026-05-05 10:57:00-04:00,42.65,42.67,42.57,42.66,3920.0,42.634
2026-05-05 10:58:00-04:00,42.67,42.85,42.67,42.81,4328.0,42.736
2026-05-05 10:59:00-04:00,42.82,42.82,42.7,42.72,6510.0,42.748
2026-05-05 11:00:00-04:00,42.71,42.79,42.68,42.71,7049.0,42.705
2026-05-05 11:01:00-04:00,42.76,42.77,42.7,42.71,2195.0,42.746
2026-05-05 11:02:00-04:00,42.71,42.81,42.71,42.81,1575.0,42.794
2026-05-05 11:03:00-04:00,42.85,43.01,42.85,42.98,11070.0,42.925
2026-05-05 11:04:00-04:00,43.0,43.03,42.92,42.92,4800.0,43.003
2026-05-05 11:05:00-04:00,42.9,42.9,42.84,42.86,11538.0,42.892
2026-05-05 11:06:00-04:00,42.84,43.07,42.84,43.0,2066.0,42.925
2026-05-05 11:07:00-04:00,43.04,43.1,42.85,42.95,23177.0,43.02
2026-05-05 11:08:00-04:00,42.94,43.09,42.93,43.02,7880.0,43.021
2026-05-05 11:09:00-04:00,43.01,43.05,43.0,43.0,2051.0,43.029
2026-05-05 11:10:00-04:00,43.03,43.08,43.0,43.04,6849.0,43.017
2026-05-05 11:11:00-04:00,43.0,43.02,42.96,42.99,7109.0,43.001
2026-05-05 11:12:00-04:00,42.99,43.05,42.99,43.05,6203.0,43.002
2026-05-05 11:13:00-04:00,43.01,43.1,42.99,43.01,12601.0,43.019
2026-05-05 11:14:00-04:00,43.0,43.1,42.99,43.04,44568.0,43.025
2026-05-05 11:15:00-04:00,43.04,43.15,43.02,43.09,6548.0,43.069
2026-05-05 11:16:00-04:00,43.17,43.27,43.17,43.27,14198.0,43.222
2026-05-05 11:17:00-04:00,43.24,43.44,43.24,43.39,7052.0,43.377
2026-05-05 11:18:00-04:00,43.43,43.6,43.43,43.59,11249.0,43.516
2026-05-05 11:19:00-04:00,43.59,43.66,43.57,43.57,5505.0,43.602
2026-05-05 11:20:00-04:00,43.57,43.57,43.4,43.46,7885.0,43.48
2026-05-05 11:21:00-04:00,43.46,43.51,43.3,43.51,8763.0,43.378
2026-05-05 11:22:00-04:00,43.51,43.51,43.39,43.42,1439.0,43.462
2026-05-05 11:23:00-04:00,43.36,43.39,43.27,43.31,5543.0,43.345
2026-05-05 11:24:00-04:00,43.25,43.32,43.15,43.15,4520.0,43.214
2026-05-05 11:25:00-04:00,43.14,43.16,42.82,42.9,8938.0,42.985
2026-05-05 11:26:00-04:00,42.9,42.94,42.8,42.92,2312.0,42.901
2026-05-05 11:27:00-04:00,42.92,42.99,42.91,42.92,1172.0,42.952
2026-05-05 11:28:00-04:00,42.8,42.95,42.8,42.92,7514.0,42.894
2026-05-05 11:29:00-04:00,42.92,42.93,42.86,42.93,600.0,42.913
2026-05-05 11:30:00-04:00,42.97,42.97,42.84,42.84,3993.0,42.886
2026-05-05 11:31:00-04:00,42.84,42.95,42.84,42.95,1547.0,42.879
2026-05-05 11:32:00-04:00,42.88,42.89,42.79,42.79,4084.0,42.83
2026-05-05 11:33:00-04:00,42.81,42.83,42.8,42.82,1085.0,42.815
2026-05-05 11:34:00-04:00,42.82,42.95,42.82,42.93,19171.0,42.884
2026-05-05 11:35:00-04:00,42.91,42.95,42.91,42.95,2379.0,42.929
2026-05-05 11:36:00-04:00,42.92,42.93,42.9,42.9,600.0,42.921
2026-05-05 11:37:00-04:00,42.92,42.96,42.87,42.88,7238.0,42.91
2026-05-05 11:38:00-04:00,42.91,42.93,42.91,42.92,1000.0,42.922
2026-05-05 11:39:00-04:00,42.92,43.0,42.92,42.96,5437.0,42.955
2026-05-05 11:40:00-04:00,42.93,42.95,42.8,42.8,6475.0,42.867
2026-05-05 11:41:00-04:00,42.8,42.8,42.62,42.69,9175.0,42.7
2026-05-05 11:42:00-04:00,42.7,42.9,42.7,42.9,3369.0,42.769
2026-05-05 11:43:00-04:00,42.84,42.91,42.84,42.88,3818.0,42.869
2026-05-05 11:44:00-04:00,42.87,43.3,42.85,43.14,32734.0,43.098
2026-05-05 11:45:00-04:00,43.14,43.26,43.14,43.24,2100.0,43.219
2026-05-05 11:46:00-04:00,43.28,43.3,43.23,43.28,1883.0,43.262
2026-05-05 11:47:00-04:00,43.24,43.25,43.24,43.24,2020.0,43.241
2026-05-05 11:48:00-04:00,43.24,43.25,43.2,43.23,1152.0,43.227
2026-05-05 11:49:00-04:00,43.18,43.26,43.18,43.23,468.0,43.231
2026-05-05 11:50:00-04:00,43.23,43.44,43.23,43.35,8941.0,43.361
2026-05-05 11:51:00-04:00,43.31,43.32,43.21,43.21,1623.0,43.263
2026-05-05 11:52:00-04:00,43.21,43.21,43.08,43.17,1479.0,43.17
2026-05-05 11:53:00-04:00,43.15,43.25,43.11,43.11,2955.0,43.184
2026-05-05 11:54:00-04:00,43.09,43.29,43.09,43.13,1000.0,43.195
2026-05-05 11:55:00-04:00,43.2,43.21,43.13,43.16,1800.0,43.193
2026-05-05 11:56:00-04:00,43.21,43.22,43.07,43.07,3329.0,43.159
2026-05-05 11:57:00-04:00,43.14,43.16,43.12,43.15,828.0,43.139
2026-05-05 11:58:00-04:00,43.15,43.15,43.1,43.1,2950.0,43.144
2026-05-05 11:59:00-04:00,43.13,43.27,43.13,43.27,2150.0,43.204
2026-05-05 12:00:00-04:00,43.29,43.32,43.23,43.28,1173.0,43.285
2026-05-05 12:01:00-04:00,43.24,43.44,43.23,43.39,11911.0,43.416
2026-05-05 12:02:00-04:00,43.39,43.41,43.33,43.41,4552.0,43.365
2026-05-05 12:03:00-04:00,43.37,43.5,43.37,43.48,8372.0,43.442
2026-05-05 12:04:00-04:00,43.55,43.85,43.55,43.81,19575.0,43.739
2026-05-05 12:05:00-04:00,43.83,43.83,43.77,43.79,3914.0,43.79
2026-05-05 12:06:00-04:00,43.83,43.89,43.8,43.88,3846.0,43.863
2026-05-05 12:07:00-04:00,43.87,43.88,43.65,43.72,8049.0,43.746
2026-05-05 12:08:00-04:00,43.75,43.87,43.72,43.8,15648.0,43.81
2026-05-05 12:09:00-04:00,43.79,43.85,43.73,43.73,4144.0,43.798
2026-05-05 12:10:00-04:00,43.75,43.81,43.66,43.81,1340.0,43.706
2026-05-05 12:11:00-04:00,43.82,43.82,43.73,43.73,1113.0,43.747
2026-05-05 12:12:00-04:00,43.77,43.83,43.74,43.78,3156.0,43.787
2026-05-05 12:13:00-04:00,43.65,43.78,43.65,43.7,1223.0,43.741
2026-05-05 12:14:00-04:00,43.7,43.7,43.63,43.64,1345.0,43.658
2026-05-05 12:15:00-04:00,43.64,43.69,43.56,43.61,2645.0,43.635
2026-05-05 12:16:00-04:00,43.61,43.62,43.57,43.57,1879.0,43.603
2026-05-05 12:17:00-04:00,43.57,43.6,43.52,43.53,3658.0,43.565
2026-05-05 12:18:00-04:00,43.59,43.59,43.55,43.55,423.0,43.563
2026-05-05 12:19:00-04:00,43.51,43.56,43.51,43.55,851.0,43.547
2026-05-05 12:20:00-04:00,43.55,43.55,43.38,43.44,5027.0,43.487
2026-05-05 12:21:00-04:00,43.5,43.53,43.39,43.39,1120.0,43.511
2026-05-05 12:22:00-04:00,43.39,43.53,43.39,43.52,693.0,43.5
2026-05-05 12:23:00-04:00,43.52,43.53,43.47,43.47,1386.0,43.488
2026-05-05 12:24:00-04:00,43.5,43.51,43.5,43.51,400.0,43.505
2026-05-05 12:25:00-04:00,43.51,43.51,43.51,43.51,514.0,43.51
2026-05-05 12:26:00-04:00,43.51,43.56,43.51,43.54,3496.0,43.536
2026-05-05 12:27:00-04:00,43.54,43.54,43.46,43.46,2152.0,43.505
2026-05-05 12:28:00-04:00,43.44,43.44,43.24,43.41,2787.0,43.336
2026-05-05 12:29:00-04:00,43.36,43.48,43.36,43.45,1146.0,43.434
2026-05-05 12:30:00-04:00,43.4,43.4,43.39,43.39,354.0,43.397
2026-05-05 12:31:00-04:00,43.33,43.34,43.26,43.31,2395.0,43.32
2026-05-05 12:32:00-04:00,43.3,43.3,43.25,43.3,1100.0,43.29
2026-05-05 12:33:00-04:00,43.25,43.3,43.25,43.3,2052.0,43.283
2026-05-05 12:34:00-04:00,43.34,43.34,43.32,43.32,879.0,43.327
2026-05-05 12:35:00-04:00,43.32,43.33,43.3,43.32,320.0,43.316
2026-05-05 12:36:00-04:00,43.32,43.33,43.26,43.26,600.0,43.302
2026-05-05 12:37:00-04:00,43.2,43.2,43.2,43.2,300.0,43.2
2026-05-05 12:38:00-04:00,43.25,43.26,43.24,43.24,500.0,43.249
2026-05-05 12:39:00-04:00,43.29,43.29,43.2,43.2,1219.0,43.267
2026-05-05 12:40:00-04:00,43.2,43.24,43.2,43.24,1637.0,43.21
2026-05-05 12:41:00-04:00,43.26,43.32,43.16,43.16,8695.0,43.196
2026-05-05 12:42:00-04:00,43.34,43.34,43.28,43.34,593.0,43.323
2026-05-05 12:43:00-04:00,43.28,43.28,43.27,43.27,600.0,43.276
2026-05-05 12:44:00-04:00,43.29,43.29,43.28,43.28,229.0,43.287
2026-05-05 12:45:00-04:00,43.28,43.3,43.28,43.28,310.0,43.29
2026-05-05 12:46:00-04:00,43.29,43.3,43.26,43.29,922.0,43.279
2026-05-05 12:47:00-04:00,43.29,43.34,43.29,43.31,500.0,43.32
2026-05-05 12:48:00-04:00,43.31,43.51,43.31,43.5,2732.0,43.448
2026-05-05 12:49:00-04:00,43.53,43.53,43.53,43.53,500.0,43.53
2026-05-05 12:50:00-04:00,43.5,43.51,43.45,43.49,2330.0,43.491
2026-05-05 12:51:00-04:00,43.49,43.49,43.39,43.45,2336.0,43.461
2026-05-05 12:52:00-04:00,43.44,43.44,43.43,43.43,340.0,43.433
2026-05-05 12:53:00-04:00,43.35,43.35,43.3,43.34,1123.0,43.334
2026-05-05 12:54:00-04:00,43.31,43.38,43.31,43.38,5600.0,43.357
2026-05-05 12:55:00-04:00,43.34,43.46,43.26,43.35,17374.0,43.356
2026-05-05 12:56:00-04:00,43.48,43.53,43.35,43.48,3385.0,43.417
2026-05-05 12:57:00-04:00,43.52,43.52,43.51,43.52,1316.0,43.52
2026-05-05 12:58:00-04:00,43.51,43.65,43.51,43.51,1100.0,43.528
2026-05-05 12:59:00-04:00,43.39,43.42,43.35,43.41,1400.0,43.396
2026-05-05 13:00:00-04:00,43.31,43.42,43.26,43.34,3498.0,43.313
2026-05-05 13:01:00-04:00,43.28,43.34,43.25,43.25,650.0,43.273
2026-05-05 13:02:00-04:00,43.28,43.34,43.04,43.05,8621.0,43.15
2026-05-05 13:03:00-04:00,43.05,43.23,43.04,43.04,13810.0,43.087
2026-05-05 13:04:00-04:00,43.03,43.04,42.93,42.98,6866.0,43.002
2026-05-05 13:05:00-04:00,43.02,43.14,42.94,43.14,6040.0,43.014
2026-05-05 13:06:00-04:00,43.1,43.11,43.0,43.0,1226.0,43.04
2026-05-05 13:07:00-04:00,42.9,43.01,42.72,42.76,30926.0,42.845
2026-05-05 13:08:00-04:00,42.73,42.75,42.67,42.67,3716.0,42.724
2026-05-05 13:09:00-04:00,42.68,42.78,42.67,42.77,1093.0,42.722
2026-05-05 13:10:00-04:00,42.75,43.08,42.75,43.01,6024.0,42.881
2026-05-05 13:11:00-04:00,42.99,43.06,42.99,43.06,500.0,43.01
2026-05-05 13:12:00-04:00,43.01,43.08,42.96,43.01,2862.0,43.033
2026-05-05 13:13:00-04:00,43.06,43.06,43.05,43.06,1312.0,43.059
2026-05-05 13:14:00-04:00,42.97,43.06,42.96,42.96,2274.0,42.98
2026-05-05 13:15:00-04:00,42.96,43.0,42.89,42.93,2222.0,42.928
2026-05-05 13:16:00-04:00,42.93,43.09,42.93,43.09,3403.0,42.993
2026-05-05 13:17:00-04:00,43.09,43.15,43.09,43.14,1300.0,43.116
2026-05-05 13:18:00-04:00,43.14,43.3,43.14,43.24,2948.0,43.214
2026-05-05 13:19:00-04:00,43.34,43.34,43.25,43.25,1340.0,43.293
2026-05-05 13:20:00-04:00,43.27,43.35,43.15,43.22,16207.0,43.195
2026-05-05 13:21:00-04:00,43.26,43.27,43.26,43.27,1214.0,43.267
2026-05-05 13:22:00-04:00,43.27,43.36,43.27,43.31,3800.0,43.299
2026-05-05 13:23:00-04:00,43.31,43.42,43.31,43.32,2488.0,43.327
2026-05-05 13:24:00-04:00,43.34,43.4,43.27,43.35,8679.0,43.287
2026-05-05 13:25:00-04:00,43.3,43.36,43.24,43.24,6227.0,43.291
2026-05-05 13:26:00-04:00,43.23,43.37,43.23,43.34,1300.0,43.306
2026-05-05 13:27:00-04:00,43.34,43.34,43.24,43.33,1302.0,43.323
2026-05-05 13:28:00-04:00,43.23,43.3,43.18,43.23,1371.0,43.232
2026-05-05 13:29:00-04:00,43.23,43.28,43.17,43.17,1320.0,43.239
2026-05-05 13:30:00-04:00,43.17,43.23,43.16,43.16,3887.0,43.191
2026-05-05 13:31:00-04:00,43.16,43.21,43.16,43.16,758.0,43.178
2026-05-05 13:32:00-04:00,43.16,43.24,43.16,43.23,5386.0,43.223
2026-05-05 13:33:00-04:00,43.24,43.24,43.17,43.2,1987.0,43.189
2026-05-05 13:34:00-04:00,43.22,43.23,43.16,43.23,1039.0,43.216
2026-05-05 13:35:00-04:00,43.23,43.23,43.16,43.21,2027.0,43.21
2026-05-05 13:36:00-04:00,43.21,43.33,43.09,43.27,32233.0,43.198
2026-05-05 13:37:00-04:00,43.32,43.34,43.28,43.3,726.0,43.312
2026-05-05 13:38:00-04:00,43.28,43.29,43.28,43.29,200.0,43.288
2026-05-05 13:39:00-04:00,43.29,43.3,43.28,43.28,1300.0,43.287
2026-05-05 13:40:00-04:00,43.34,43.35,43.18,43.33,22104.0,43.3
2026-05-05 13:41:00-04:00,43.31,43.37,43.27,43.37,3002.0,43.343
2026-05-05 13:42:00-04:00,43.38,43.43,43.38,43.43,2788.0,43.405
2026-05-05 13:43:00-04:00,43.41,43.41,43.29,43.29,2239.0,43.385
2026-05-05 13:44:00-04:00,43.29,43.3,43.28,43.28,800.0,43.289
2026-05-05 13:45:00-04:00,43.28,43.29,43.22,43.23,2479.0,43.245
2026-05-05 13:46:00-04:00,43.23,43.23,43.23,43.23,1029.0,43.23
2026-05-05 13:47:00-04:00,43.23,43.28,43.1,43.11,2802.0,43.226
2026-05-05 13:48:00-04:00,43.18,43.18,43.18,43.18,100.0,43.18
2026-05-05 13:49:00-04:00,43.18,43.18,43.17,43.17,400.0,43.175
2026-05-05 13:50:00-04:00,43.16,43.21,43.13,43.2,3476.0,43.174
2026-05-05 13:51:00-04:00,43.22,43.23,43.22,43.23,600.0,43.228
2026-05-05 13:52:00-04:00,43.24,43.31,43.23,43.31,3343.0,43.258
2026-05-05 13:53:00-04:00,43.31,43.37,43.3,43.35,3341.0,43.327
2026-05-05 13:54:00-04:00,43.35,43.36,43.31,43.32,3644.0,43.337
2026-05-05 13:55:00-04:00,43.32,43.41,43.31,43.37,3233.0,43.345
2026-05-05 13:56:00-04:00,43.42,43.45,43.39,43.41,3295.0,43.421
2026-05-05 13:57:00-04:00,43.44,43.47,43.35,43.35,5558.0,43.409
2026-05-05 13:58:00-04:00,43.33,43.33,43.24,43.25,3624.0,43.284
2026-05-05 13:59:00-04:00,43.25,43.28,43.21,43.24,7285.0,43.244
2026-05-05 14:00:00-04:00,43.21,43.27,43.21,43.22,3681.0,43.232
2026-05-05 14:01:00-04:00,43.23,43.3,43.23,43.27,5180.0,43.279
2026-05-05 14:02:00-04:00,43.27,43.27,43.23,43.24,1127.0,43.252
2026-05-05 14:03:00-04:00,43.24,43.26,43.24,43.24,600.0,43.248
2026-05-05 14:04:00-04:00,43.27,43.53,43.27,43.31,5502.0,43.343
2026-05-05 14:05:00-04:00,43.48,43.58,43.42,43.55,2345.0,43.506
2026-05-05 14:06:00-04:00,43.52,43.83,43.41,43.82,21292.0,43.671
2026-05-05 14:07:00-04:00,43.75,43.82,43.7,43.76,3117.0,43.746
2026-05-05 14:08:00-04:00,43.85,43.9,43.8,43.89,4326.0,43.853
2026-05-05 14:09:00-04:00,43.88,43.94,43.85,43.91,3721.0,43.913
2026-05-05 14:10:00-04:00,43.95,44.2,43.92,44.15,23656.0,44.035
2026-05-05 14:11:00-04:00,44.14,44.19,44.05,44.09,2549.0,44.127
2026-05-05 14:12:00-04:00,44.08,44.2,44.0,44.1,3144.0,44.138
2026-05-05 14:13:00-04:00,44.17,44.28,44.1,44.26,9222.0,44.173
2026-05-05 14:14:00-04:00,44.23,44.32,44.17,44.32,15810.0,44.222
2026-05-05 14:15:00-04:00,44.34,44.39,44.28,44.36,11853.0,44.348
2026-05-05 14:16:00-04:00,44.35,44.39,44.2,44.31,6707.0,44.301
2026-05-05 14:17:00-04:00,44.32,44.4,44.32,44.35,2962.0,44.34
2026-05-05 14:18:00-04:00,44.34,44.34,44.22,44.22,1902.0,44.272
2026-05-05 14:19:00-04:00,44.24,44.35,44.18,44.3,6331.0,44.242
2026-05-05 14:20:00-04:00,44.33,44.69,44.33,44.49,21010.0,44.521
2026-05-05 14:21:00-04:00,44.71,44.71,44.6,44.6,1609.0,44.645
2026-05-05 14:22:00-04:00,44.6,44.63,44.52,44.58,4771.0,44.581
2026-05-05 14:23:00-04:00,44.64,44.66,44.59,44.64,4813.0,44.609
2026-05-05 14:24:00-04:00,44.65,44.67,44.43,44.52,5813.0,44.591
2026-05-05 14:25:00-04:00,44.42,44.54,44.42,44.46,4543.0,44.507
2026-05-05 14:26:00-04:00,44.43,44.59,44.43,44.57,4301.0,44.567
2026-05-05 14:27:00-04:00,44.5,44.56,44.43,44.5,5973.0,44.502
2026-05-05 14:28:00-04:00,44.52,44.62,44.51,44.62,1642.0,44.593
2026-05-05 14:29:00-04:00,44.64,44.76,44.63,44.74,3610.0,44.719
2026-05-05 14:30:00-04:00,44.77,44.8,44.75,44.8,8818.0,44.785
2026-05-05 14:31:00-04:00,44.75,44.87,44.75,44.77,4289.0,44.822
2026-05-05 14:32:00-04:00,44.78,44.82,44.73,44.81,3123.0,44.783
2026-05-05 14:33:00-04:00,44.81,44.82,44.73,44.73,3831.0,44.758
2026-05-05 14:34:00-04:00,44.74,44.75,44.67,44.7,8146.0,44.712
2026-05-05 14:35:00-04:00,44.7,44.7,44.62,44.63,2200.0,44.672
2026-05-05 14:36:00-04:00,44.63,44.65,44.55,44.55,3348.0,44.613
2026-05-05 14:37:00-04:00,44.57,44.68,44.55,44.61,4875.0,44.611
2026-05-05 14:38:00-04:00,44.65,44.65,44.56,44.61,1094.0,44.597
2026-05-05 14:39:00-04:00,44.6,44.68,44.41,44.42,11355.0,44.621
2026-05-05 14:40:00-04:00,44.42,44.43,44.33,44.41,4754.0,44.416
2026-05-05 14:41:00-04:00,44.44,44.47,44.36,44.41,10941.0,44.406
2026-05-05 14:42:00-04:00,44.4,44.42,44.23,44.23,3372.0,44.324
2026-05-05 14:43:00-04:00,44.22,44.33,44.22,44.3,2062.0,44.27
2026-05-05 14:44:00-04:00,44.29,44.3,44.24,44.25,1900.0,44.291
2026-05-05 14:45:00-04:00,44.25,44.35,44.25,44.29,2999.0,44.291
2026-05-05 14:46:00-04:00,44.29,44.36,44.29,44.36,6933.0,44.351
2026-05-05 14:47:00-04:00,44.36,44.4,44.22,44.36,5656.0,44.301
2026-05-05 14:48:00-04:00,44.37,44.51,44.36,44.48,8261.0,44.447
2026-05-05 14:49:00-04:00,44.54,44.54,44.36,44.43,3087.0,44.45
2026-05-05 14:50:00-04:00,44.43,44.6,44.38,44.6,5248.0,44.497
2026-05-05 14:51:00-04:00,44.6,44.61,44.53,44.53,1313.0,44.587
2026-05-05 14:52:00-04:00,44.53,44.62,44.39,44.39,7874.0,44.506
2026-05-05 14:53:00-04:00,44.36,44.44,44.26,44.26,6600.0,44.42
2026-05-05 14:54:00-04:00,44.34,44.44,44.34,44.44,2407.0,44.379
2026-05-05 14:55:00-04:00,44.44,44.58,44.44,44.46,1602.0,44.487
2026-05-05 14:56:00-04:00,44.5,44.56,44.5,44.55,1833.0,44.543
2026-05-05 14:57:00-04:00,44.55,44.58,44.49,44.55,4349.0,44.533
2026-05-05 14:58:00-04:00,44.48,44.58,44.48,44.55,1900.0,44.527
2026-05-05 14:59:00-04:00,44.55,44.6,44.45,44.52,12093.0,44.528
2026-05-05 15:00:00-04:00,44.48,44.57,44.45,44.52,1924.0,44.508
2026-05-05 15:01:00-04:00,44.56,44.56,44.52,44.52,2546.0,44.523
2026-05-05 15:02:00-04:00,44.47,44.52,44.41,44.41,9232.0,44.452
2026-05-05 15:03:00-04:00,44.45,44.61,44.45,44.61,8730.0,44.579
2026-05-05 15:04:00-04:00,44.57,44.67,44.53,44.67,3349.0,44.618
2026-05-05 15:05:00-04:00,44.63,44.75,44.63,44.75,3319.0,44.711
2026-05-05 15:06:00-04:00,44.73,44.74,44.67,44.67,2397.0,44.708
2026-05-05 15:07:00-04:00,44.63,44.72,44.63,44.72,2072.0,44.665
2026-05-05 15:08:00-04:00,44.7,44.72,44.62,44.64,6725.0,44.68
2026-05-05 15:09:00-04:00,44.61,44.65,44.56,44.61,4485.0,44.625
2026-05-05 15:10:00-04:00,44.61,44.7,44.58,44.7,9332.0,44.657
2026-05-05 15:11:00-04:00,44.74,44.79,44.69,44.76,13800.0,44.742
2026-05-05 15:12:00-04:00,44.76,44.76,44.66,44.66,2410.0,44.701
2026-05-05 15:13:00-04:00,44.7,44.96,44.69,44.7,25051.0,44.778
2026-05-05 15:14:00-04:00,44.85,44.91,44.83,44.91,2935.0,44.895
2026-05-05 15:15:00-04:00,44.91,44.91,44.78,44.82,17734.0,44.814
2026-05-05 15:16:00-04:00,44.84,44.97,44.84,44.96,2217.0,44.89
2026-05-05 15:17:00-04:00,44.93,45.0,44.86,44.88,8453.0,44.921
2026-05-05 15:18:00-04:00,44.83,44.97,44.83,44.97,2400.0,44.93
2026-05-05 15:19:00-04:00,44.97,44.98,44.84,44.86,9895.0,44.932
2026-05-05 15:20:00-04:00,44.83,44.83,44.75,44.8,2656.0,44.786
2026-05-05 15:21:00-04:00,44.73,44.77,44.55,44.58,19424.0,44.708
2026-05-05 15:22:00-04:00,44.58,44.81,44.55,44.69,22307.0,44.692
2026-05-05 15:23:00-04:00,44.7,44.84,44.7,44.78,6685.0,44.77
2026-05-05 15:24:00-04:00,44.8,44.82,44.58,44.58,17269.0,44.727
2026-05-05 15:25:00-04:00,44.61,44.63,44.56,44.56,27876.0,44.625
2026-05-05 15:26:00-04:00,44.57,44.66,44.57,44.6,2526.0,44.63
2026-05-05 15:27:00-04:00,44.57,44.64,44.54,44.63,4220.0,44.583
2026-05-05 15:28:00-04:00,44.66,44.66,44.45,44.51,16413.0,44.497
2026-05-05 15:29:00-04:00,44.51,44.58,44.41,44.47,35772.0,44.52
2026-05-05 15:30:00-04:00,44.49,44.57,44.48,44.53,3856.0,44.542
2026-05-05 15:31:00-04:00,44.54,44.56,44.42,44.5,3584.0,44.494
2026-05-05 15:32:00-04:00,44.5,44.57,44.45,44.47,9786.0,44.531
2026-05-05 15:33:00-04:00,44.45,44.55,44.42,44.55,10236.0,44.484
2026-05-05 15:34:00-04:00,44.55,44.56,44.36,44.42,6625.0,44.471
2026-05-05 15:35:00-04:00,44.47,44.53,44.38,44.46,7657.0,44.45
2026-05-05 15:36:00-04:00,44.5,44.55,44.47,44.47,7109.0,44.521
2026-05-05 15:37:00-04:00,44.47,44.52,44.47,44.51,1843.0,44.499
2026-05-05 15:38:00-04:00,44.5,44.61,44.46,44.52,11954.0,44.528
2026-05-05 15:39:00-04:00,44.52,44.58,44.49,44.5,4129.0,44.531
2026-05-05 15:40:00-04:00,44.57,44.57,44.48,44.51,6117.0,44.521
2026-05-05 15:41:00-04:00,44.48,44.67,44.48,44.67,8367.0,44.525
2026-05-05 15:42:00-04:00,44.65,44.78,44.65,44.76,6609.0,44.708
2026-05-05 15:43:00-04:00,44.76,44.91,44.71,44.89,23340.0,44.795
2026-05-05 15:44:00-04:00,44.89,45.0,44.86,44.91,21025.0,44.965
2026-05-05 15:45:00-04:00,44.93,44.95,44.91,44.91,8726.0,44.927
2026-05-05 15:46:00-04:00,44.95,44.95,44.81,44.81,11535.0,44.901
2026-05-05 15:47:00-04:00,44.82,44.91,44.82,44.88,5859.0,44.876
2026-05-05 15:48:00-04:00,44.91,44.91,44.78,44.91,14851.0,44.867
2026-05-05 15:49:00-04:00,44.88,44.88,44.81,44.86,8637.0,44.867
2026-05-05 15:50:00-04:00,44.88,44.97,44.79,44.8,16690.0,44.863
2026-05-05 15:51:00-04:00,44.82,44.83,44.52,44.6,21666.0,44.69
2026-05-05 15:52:00-04:00,44.6,44.61,44.52,44.58,16530.0,44.559
2026-05-05 15:53:00-04:00,44.58,44.62,44.53,44.55,17994.0,44.572
2026-05-05 15:54:00-04:00,44.56,44.61,44.44,44.46,30604.0,44.545
2026-05-05 15:55:00-04:00,44.46,44.63,44.46,44.63,35825.0,44.554
2026-05-05 15:56:00-04:00,44.64,44.65,44.57,44.59,29735.0,44.621
2026-05-05 15:57:00-04:00,44.59,44.72,44.59,44.7,46636.0,44.674
2026-05-05 15:58:00-04:00,44.7,44.78,44.63,44.64,46993.0,44.684
2026-05-05 15:59:00-04:00,44.64,44.69,44.58,44.63,98429.0,44.626
2026-05-06 09:30:00-04:00,40.86,41.11,40.04,40.85,177016.0,40.703
2026-05-06 09:31:00-04:00,40.8,42.07,40.8,42.0,67951.0,41.514
2026-05-06 09:32:00-04:00,41.84,42.0,41.51,41.86,31582.0,41.843
2026-05-06 09:33:00-04:00,41.85,41.93,41.35,41.5,35857.0,41.572
2026-05-06 09:34:00-04:00,41.35,41.5,41.13,41.23,75112.0,41.3
2026-05-06 09:35:00-04:00,41.1,41.15,40.36,40.59,88407.0,40.777
2026-05-06 09:36:00-04:00,40.62,41.29,40.62,40.88,47604.0,41.004
2026-05-06 09:37:00-04:00,40.87,40.88,40.0,40.13,98633.0,40.351
2026-05-06 09:38:00-04:00,40.15,40.68,40.0,40.4,72065.0,40.278
2026-05-06 09:39:00-04:00,40.41,40.72,40.36,40.52,29010.0,40.461
2026-05-06 09:40:00-04:00,40.5,40.53,40.3,40.36,121894.0,40.407
2026-05-06 09:41:00-04:00,40.35,40.59,40.2,40.25,79853.0,40.373
2026-05-06 09:42:00-04:00,40.24,40.44,40.21,40.41,13788.0,40.329
2026-05-06 09:43:00-04:00,40.41,40.46,40.16,40.21,34647.0,40.345
2026-05-06 09:44:00-04:00,40.2,40.38,40.11,40.27,26972.0,40.204
2026-05-06 09:45:00-04:00,40.27,40.27,40.02,40.02,43014.0,40.088
2026-05-06 09:46:00-04:00,40.02,40.03,39.26,39.33,135066.0,39.681
2026-05-06 09:47:00-04:00,39.34,39.43,39.1,39.18,70364.0,39.251
2026-05-06 09:48:00-04:00,39.21,39.27,38.88,39.09,82311.0,39.074
2026-05-06 09:49:00-04:00,39.02,39.34,39.01,39.18,37685.0,39.145
2026-05-06 09:50:00-04:00,39.18,39.2,38.9,38.91,36578.0,39.047
2026-05-06 09:51:00-04:00,38.9,39.2,38.85,39.09,29410.0,39.031
2026-05-06 09:52:00-04:00,39.13,39.26,39.11,39.16,57317.0,39.188
2026-05-06 09:53:00-04:00,39.16,39.16,39.0,39.11,61221.0,39.074
2026-05-06 09:54:00-04:00,39.11,39.2,38.91,38.98,156517.0,38.99
2026-05-06 09:55:00-04:00,38.98,39.26,38.95,39.04,83578.0,39.093
2026-05-06 09:56:00-04:00,39.05,39.26,38.97,39.17,27783.0,39.126
2026-05-06 09:57:00-04:00,39.12,39.28,39.0,39.04,30116.0,39.1
2026-05-06 09:58:00-04:00,39.06,39.36,39.06,39.21,39879.0,39.265
2026-05-06 09:59:00-04:00,39.18,39.26,39.01,39.01,18778.0,39.112
2026-05-06 10:00:00-04:00,39.1,39.12,38.6,38.6,79149.0,38.82
2026-05-06 10:01:00-04:00,38.6,38.63,38.29,38.47,42712.0,38.481
2026-05-06 10:02:00-04:00,38.48,38.71,38.47,38.49,21280.0,38.589
2026-05-06 10:03:00-04:00,38.47,38.56,38.39,38.5,26623.0,38.489
2026-05-06 10:04:00-04:00,38.39,38.56,38.35,38.51,18445.0,38.452
2026-05-06 10:05:00-04:00,38.47,38.81,38.47,38.59,23544.0,38.655
2026-05-06 10:06:00-04:00,38.58,38.82,38.56,38.77,21380.0,38.693
2026-05-06 10:07:00-04:00,38.8,38.91,38.61,38.73,35271.0,38.772
2026-05-06 10:08:00-04:00,38.71,38.72,38.53,38.54,19165.0,38.595
2026-05-06 10:09:00-04:00,38.51,38.71,38.5,38.56,43776.0,38.554
2026-05-06 10:10:00-04:00,38.54,38.62,38.43,38.48,18508.0,38.527
2026-05-06 10:11:00-04:00,38.44,38.5,38.37,38.38,12008.0,38.437
2026-05-06 10:12:00-04:00,38.38,38.38,38.08,38.08,62589.0,38.206
2026-05-06 10:13:00-04:00,38.08,38.39,38.05,38.07,84872.0,38.107
2026-05-06 10:14:00-04:00,38.05,38.07,37.9,38.04,101255.0,37.981
2026-05-06 10:15:00-04:00,38.04,38.13,37.83,38.07,69951.0,38.05
2026-05-06 10:16:00-04:00,38.1,38.39,38.05,38.13,52493.0,38.172
2026-05-06 10:17:00-04:00,38.15,38.17,38.03,38.07,18556.0,38.103
2026-05-06 10:18:00-04:00,38.05,38.33,38.03,38.31,13089.0,38.21
2026-05-06 10:19:00-04:00,38.35,38.73,38.33,38.6,33144.0,38.558
2026-05-06 10:20:00-04:00,38.62,38.97,38.61,38.91,29702.0,38.782
2026-05-06 10:21:00-04:00,38.82,39.24,38.82,39.18,34913.0,39.041
2026-05-06 10:22:00-04:00,39.15,39.24,39.08,39.18,19000.0,39.181
2026-05-06 10:23:00-04:00,39.18,39.33,39.15,39.28,35522.0,39.246
2026-05-06 10:24:00-04:00,39.28,39.28,39.07,39.19,40015.0,39.18
2026-05-06 10:25:00-04:00,39.16,39.61,39.14,39.57,51999.0,39.327
2026-05-06 10:26:00-04:00,39.59,39.67,39.3,39.5,22130.0,39.461
2026-05-06 10:27:00-04:00,39.5,39.59,39.27,39.3,16062.0,39.44
2026-05-06 10:28:00-04:00,39.24,39.44,39.18,39.27,17078.0,39.268
2026-05-06 10:29:00-04:00,39.29,39.38,39.24,39.24,17110.0,39.319
2026-05-06 10:30:00-04:00,39.29,39.37,39.27,39.37,16662.0,39.324
2026-05-06 10:31:00-04:00,39.36,39.78,39.35,39.49,28424.0,39.508
2026-05-06 10:32:00-04:00,39.48,39.89,39.45,39.89,20598.0,39.726
2026-05-06 10:33:00-04:00,39.89,39.89,39.68,39.81,28284.0,39.777
2026-05-06 10:34:00-04:00,39.77,39.84,39.44,39.46,10694.0,39.631
2026-05-06 10:35:00-04:00,39.48,39.63,39.44,39.63,13631.0,39.523
2026-05-06 10:36:00-04:00,39.64,39.95,39.63,39.93,12527.0,39.845
2026-05-06 10:37:00-04:00,39.94,40.14,39.94,40.07,14816.0,40.048
2026-05-06 10:38:00-04:00,40.03,40.04,39.75,39.77,15721.0,39.84
2026-05-06 10:39:00-04:00,39.77,39.77,39.58,39.67,30632.0,39.671
2026-05-06 10:40:00-04:00,39.74,39.81,39.61,39.65,7923.0,39.668
2026-05-06 10:41:00-04:00,39.63,39.75,39.57,39.67,8684.0,39.655
2026-05-06 10:42:00-04:00,39.69,39.8,39.65,39.7,10984.0,39.717
2026-05-06 10:43:00-04:00,39.68,39.74,39.65,39.7,6122.0,39.688
2026-05-06 10:44:00-04:00,39.7,39.87,39.69,39.82,13726.0,39.798
2026-05-06 10:45:00-04:00,39.8,40.07,39.78,39.88,16295.0,39.952
2026-05-06 10:46:00-04:00,39.93,40.04,39.88,39.98,6035.0,39.935
2026-05-06 10:47:00-04:00,39.99,40.36,39.92,40.27,30945.0,40.205
2026-05-06 10:48:00-04:00,40.17,40.28,40.17,40.23,10302.0,40.223
2026-05-06 10:49:00-04:00,40.21,40.46,40.21,40.44,16265.0,40.35
2026-05-06 10:50:00-04:00,40.45,40.64,40.33,40.56,44468.0,40.528
2026-05-06 10:51:00-04:00,40.56,40.72,40.38,40.44,34079.0,40.557
2026-05-06 10:52:00-04:00,40.44,40.5,40.24,40.25,22156.0,40.357
2026-05-06 10:53:00-04:00,40.25,40.33,40.2,40.32,19702.0,40.262
2026-05-06 10:54:00-04:00,40.32,40.46,40.23,40.39,21636.0,40.356
2026-05-06 10:55:00-04:00,40.42,40.49,40.3,40.37,12776.0,40.421
2026-05-06 10:56:00-04:00,40.39,40.42,40.02,40.04,16544.0,40.196
2026-05-06 10:57:00-04:00,40.05,40.12,39.73,39.73,22844.0,39.97
2026-05-06 10:58:00-04:00,39.75,39.87,39.74,39.75,7243.0,39.795
2026-05-06 10:59:00-04:00,39.73,39.82,39.57,39.62,17366.0,39.684
2026-05-06 11:00:00-04:00,39.6,39.7,39.46,39.68,13704.0,39.541
2026-05-06 11:01:00-04:00,39.7,39.7,39.47,39.55,9091.0,39.621
2026-05-06 11:02:00-04:00,39.55,39.84,39.55,39.64,21190.0,39.774
2026-05-06 11:03:00-04:00,39.63,39.74,39.61,39.7,6244.0,39.69
2026-05-06 11:04:00-04:00,39.7,39.82,39.68,39.8,9361.0,39.739
2026-05-06 11:05:00-04:00,39.8,39.8,39.6,39.62,4431.0,39.668
2026-05-06 11:06:00-04:00,39.6,39.78,39.57,39.66,11207.0,39.669
2026-05-06 11:07:00-04:00,39.66,39.74,39.59,39.73,8651.0,39.664
2026-05-06 11:08:00-04:00,39.74,39.78,39.71,39.72,5590.0,39.743
2026-05-06 11:09:00-04:00,39.71,39.77,39.71,39.77,4026.0,39.75
2026-05-06 11:10:00-04:00,39.79,39.79,39.69,39.72,11027.0,39.725
2026-05-06 11:11:00-04:00,39.71,39.72,39.67,39.68,10315.0,39.682
2026-05-06 11:12:00-04:00,39.68,39.69,39.61,39.63,4165.0,39.644
2026-05-06 11:13:00-04:00,39.62,39.67,39.61,39.63,18394.0,39.656
2026-05-06 11:14:00-04:00,39.63,39.63,39.38,39.46,33149.0,39.514
2026-05-06 11:15:00-04:00,39.45,39.6,39.44,39.54,12800.0,39.515
2026-05-06 11:16:00-04:00,39.55,39.64,39.52,39.61,8135.0,39.565
2026-05-06 11:17:00-04:00,39.63,39.72,39.56,39.61,14001.0,39.656
2026-05-06 11:18:00-04:00,39.64,39.67,39.43,39.57,16387.0,39.523
2026-05-06 11:19:00-04:00,39.57,39.62,39.55,39.59,6485.0,39.576
2026-05-06 11:20:00-04:00,39.58,39.59,39.49,39.52,11609.0,39.523
2026-05-06 11:21:00-04:00,39.53,39.58,39.46,39.53,12728.0,39.54
2026-05-06 11:22:00-04:00,39.52,39.65,39.41,39.65,15358.0,39.537
2026-05-06 11:23:00-04:00,39.59,39.61,39.5,39.58,9107.0,39.535
2026-05-06 11:24:00-04:00,39.54,39.81,39.51,39.77,10045.0,39.717
2026-05-06 11:25:00-04:00,39.81,40.0,39.81,40.0,10982.0,39.878
2026-05-06 11:26:00-04:00,40.0,40.1,39.96,40.08,17216.0,40.051
2026-05-06 11:27:00-04:00,40.06,40.18,40.03,40.14,17485.0,40.106
2026-05-06 11:28:00-04:00,40.16,40.33,40.15,40.26,11966.0,40.252
2026-05-06 11:29:00-04:00,40.24,40.43,40.23,40.41,8421.0,40.327
2026-05-06 11:30:00-04:00,40.41,40.6,40.41,40.58,10102.0,40.521
2026-05-06 11:31:00-04:00,40.55,40.79,40.47,40.79,27480.0,40.557
2026-05-06 11:32:00-04:00,40.75,40.83,40.68,40.7,14802.0,40.747
2026-05-06 11:33:00-04:00,40.7,40.98,40.7,40.96,50908.0,40.802
2026-05-06 11:34:00-04:00,40.95,41.11,40.92,41.1,50393.0,41.003
2026-05-06 11:35:00-04:00,41.13,41.29,41.12,41.23,22980.0,41.225
2026-05-06 11:36:00-04:00,41.19,41.32,41.12,41.25,33339.0,41.225
2026-05-06 11:37:00-04:00,41.23,41.53,41.11,41.45,54371.0,41.392
2026-05-06 11:38:00-04:00,41.5,41.7,41.44,41.55,10137.0,41.592
2026-05-06 11:39:00-04:00,41.52,41.67,41.41,41.52,27875.0,41.491
2026-05-06 11:40:00-04:00,41.45,41.68,41.45,41.66,17484.0,41.59
2026-05-06 11:41:00-04:00,41.66,41.83,41.64,41.68,25595.0,41.71
2026-05-06 11:42:00-04:00,41.68,41.75,41.65,41.73,13898.0,41.678
2026-05-06 11:43:00-04:00,41.79,41.79,41.7,41.7,12774.0,41.724
2026-05-06 11:44:00-04:00,41.7,41.79,41.66,41.69,16870.0,41.709
2026-05-06 11:45:00-04:00,41.69,41.76,41.54,41.73,28655.0,41.646
2026-05-06 11:46:00-04:00,41.73,41.89,41.72,41.88,8309.0,41.771
2026-05-06 11:47:00-04:00,41.9,42.01,41.61,41.61,71694.0,41.929
2026-05-06 11:48:00-04:00,41.64,41.64,41.52,41.59,24487.0,41.581
2026-05-06 11:49:00-04:00,41.59,41.74,41.57,41.63,9381.0,41.619
2026-05-06 11:50:00-04:00,41.7,41.7,41.51,41.53,28967.0,41.573
2026-05-06 11:51:00-04:00,41.52,41.52,41.08,41.15,40664.0,41.371
2026-05-06 11:52:00-04:00,41.11,41.17,41.07,41.12,5074.0,41.123
2026-05-06 11:53:00-04:00,41.17,41.2,41.1,41.18,3262.0,41.165
2026-05-06 11:54:00-04:00,41.13,41.22,41.08,41.22,5921.0,41.151
2026-05-06 11:55:00-04:00,41.16,41.2,41.12,41.14,8605.0,41.17
2026-05-06 11:56:00-04:00,41.1,41.27,41.01,41.17,10985.0,41.072
2026-05-06 11:57:00-04:00,41.19,41.27,41.17,41.23,5297.0,41.235
2026-05-06 11:58:00-04:00,41.23,41.54,41.23,41.54,4198.0,41.436
2026-05-06 11:59:00-04:00,41.64,41.71,41.54,41.71,7672.0,41.637
2026-05-06 12:00:00-04:00,41.63,41.68,41.33,41.33,10864.0,41.531
2026-05-06 12:01:00-04:00,41.34,41.39,41.19,41.21,14677.0,41.256
2026-05-06 12:02:00-04:00,41.25,41.39,41.15,41.21,10317.0,41.224
2026-05-06 12:03:00-04:00,41.42,41.8,41.42,41.79,17558.0,41.621
2026-05-06 12:04:00-04:00,41.8,41.89,41.61,41.64,10131.0,41.681
2026-05-06 12:05:00-04:00,41.61,41.64,41.49,41.54,8837.0,41.585
2026-05-06 12:06:00-04:00,41.57,41.68,41.34,41.34,12426.0,41.499
2026-05-06 12:07:00-04:00,41.34,41.36,41.34,41.34,3300.0,41.351
2026-05-06 12:08:00-04:00,41.37,41.55,41.37,41.48,2180.0,41.445
2026-05-06 12:09:00-04:00,41.53,41.54,41.37,41.54,2121.0,41.49
2026-05-06 12:10:00-04:00,41.5,41.66,41.49,41.56,5413.0,41.574
2026-05-06 12:11:00-04:00,41.5,41.5,41.17,41.17,12876.0,41.412
2026-05-06 12:12:00-04:00,41.15,41.16,41.03,41.04,12472.0,41.098
2026-05-06 12:13:00-04:00,41.08,41.15,41.04,41.04,8916.0,41.072
2026-05-06 12:14:00-04:00,41.04,41.06,41.01,41.04,20789.0,41.043
2026-05-06 12:15:00-04:00,41.0,41.05,40.93,41.03,6541.0,41.001
2026-05-06 12:16:00-04:00,41.04,41.05,41.01,41.01,3516.0,41.028
2026-05-06 12:17:00-04:00,41.02,41.22,40.98,41.12,11454.0,41.093
2026-05-06 12:18:00-04:00,41.13,41.15,41.1,41.12,6699.0,41.124
2026-05-06 12:19:00-04:00,41.12,41.14,40.92,40.99,17181.0,41.057
2026-05-06 12:20:00-04:00,41.03,41.14,40.95,41.11,24587.0,41.035
2026-05-06 12:21:00-04:00,41.11,41.25,41.11,41.14,16746.0,41.161
2026-05-06 12:22:00-04:00,41.13,41.22,41.13,41.21,1993.0,41.186
2026-05-06 12:23:00-04:00,41.27,41.29,41.24,41.25,3610.0,41.254
2026-05-06 12:24:00-04:00,41.25,41.26,41.16,41.16,7702.0,41.215
2026-05-06 12:25:00-04:00,41.18,41.28,41.18,41.24,3261.0,41.241
2026-05-06 12:26:00-04:00,41.24,41.24,41.24,41.24,0.0,41.24
2026-05-06 12:27:00-04:00,41.23,41.29,41.23,41.27,3422.0,41.274
2026-05-06 12:28:00-04:00,41.27,41.29,41.24,41.24,4223.0,41.262
2026-05-06 12:29:00-04:00,41.23,41.27,41.17,41.24,4467.0,41.219
2026-05-06 12:30:00-04:00,41.21,41.29,41.21,41.29,11098.0,41.245
2026-05-06 12:31:00-04:00,41.28,41.38,41.28,41.29,5106.0,41.311
2026-05-06 12:32:00-04:00,41.27,41.28,41.23,41.25,3340.0,41.256
2026-05-06 12:33:00-04:00,41.26,41.34,41.26,41.34,3045.0,41.312
2026-05-06 12:34:00-04:00,41.3,41.35,41.21,41.21,8312.0,41.292
2026-05-06 12:35:00-04:00,41.16,41.17,41.05,41.05,5508.0,41.129
2026-05-06 12:36:00-04:00,41.03,41.11,41.03,41.06,1280.0,41.082
2026-05-06 12:37:00-04:00,41.07,41.09,41.01,41.01,12972.0,41.044
2026-05-06 12:38:00-04:00,41.0,41.0,40.71,40.74,10110.0,40.789
2026-05-06 12:39:00-04:00,40.72,40.8,40.72,40.75,7828.0,40.749
2026-05-06 12:40:00-04:00,40.71,40.82,40.69,40.81,7813.0,40.731
2026-05-06 12:41:00-04:00,40.83,40.83,40.79,40.79,10258.0,40.826
2026-05-06 12:42:00-04:00,40.81,40.81,40.75,40.8,2677.0,40.796
2026-05-06 12:43:00-04:00,40.77,40.79,40.66,40.68,8134.0,40.714
2026-05-06 12:44:00-04:00,40.75,40.78,40.57,40.63,17157.0,40.682
2026-05-06 12:45:00-04:00,40.58,40.65,40.58,40.61,3010.0,40.613
2026-05-06 12:46:00-04:00,40.61,40.78,40.58,40.75,10486.0,40.682
2026-05-06 12:47:00-04:00,40.73,40.73,40.61,40.61,7705.0,40.64
2026-05-06 12:48:00-04:00,40.61,40.68,40.61,40.68,1713.0,40.621
2026-05-06 12:49:00-04:00,40.68,40.74,40.65,40.74,1347.0,40.676
2026-05-06 12:50:00-04:00,40.67,40.71,40.64,40.64,6611.0,40.677
2026-05-06 12:51:00-04:00,40.63,40.71,40.62,40.64,10774.0,40.645
2026-05-06 12:52:00-04:00,40.63,40.63,40.55,40.55,17512.0,40.576
2026-05-06 12:53:00-04:00,40.55,40.55,40.51,40.53,7349.0,40.538
2026-05-06 12:54:00-04:00,40.55,40.55,40.4,40.43,5367.0,40.476
2026-05-06 12:55:00-04:00,40.41,40.45,40.35,40.44,7197.0,40.394
2026-05-06 12:56:00-04:00,40.46,40.46,40.37,40.38,4152.0,40.395
2026-05-06 12:57:00-04:00,40.38,40.39,40.37,40.38,498.0,40.383
2026-05-06 12:58:00-04:00,40.39,40.39,40.35,40.37,700.0,40.369
2026-05-06 12:59:00-04:00,40.35,40.35,40.27,40.3,5021.0,40.301
2026-05-06 13:00:00-04:00,40.27,40.36,40.27,40.33,4897.0,40.316
2026-05-06 13:01:00-04:00,40.35,40.4,40.35,40.39,4003.0,40.377
2026-05-06 13:02:00-04:00,40.31,40.51,40.31,40.43,1365.0,40.44
2026-05-06 13:03:00-04:00,40.43,40.45,40.37,40.4,4488.0,40.419
2026-05-06 13:04:00-04:00,40.39,40.44,40.39,40.39,2408.0,40.405
2026-05-06 13:05:00-04:00,40.39,40.39,40.32,40.32,9471.0,40.34
2026-05-06 13:06:00-04:00,40.31,40.4,40.3,40.36,3189.0,40.331
2026-05-06 13:07:00-04:00,40.36,40.37,40.33,40.36,4931.0,40.361
2026-05-06 13:08:00-04:00,40.33,40.36,40.3,40.3,3553.0,40.323
2026-05-06 13:09:00-04:00,40.3,40.31,40.3,40.3,704.0,40.3
2026-05-06 13:10:00-04:00,40.3,40.33,40.28,40.31,6995.0,40.308
2026-05-06 13:11:00-04:00,40.3,40.31,40.24,40.24,2234.0,40.262
2026-05-06 13:12:00-04:00,40.23,40.23,40.21,40.21,2593.0,40.214
2026-05-06 13:13:00-04:00,40.2,40.51,40.19,40.45,10332.0,40.283
2026-05-06 13:14:00-04:00,40.45,40.46,40.41,40.45,2130.0,40.45
2026-05-06 13:15:00-04:00,40.41,40.47,40.35,40.35,2519.0,40.385
2026-05-06 13:16:00-04:00,40.35,40.38,40.31,40.34,2998.0,40.346
2026-05-06 13:17:00-04:00,40.39,40.45,40.34,40.44,5636.0,40.393
2026-05-06 13:18:00-04:00,40.47,40.99,40.47,40.96,12856.0,40.783
2026-05-06 13:19:00-04:00,40.93,40.94,40.88,40.88,1825.0,40.895
2026-05-06 13:20:00-04:00,40.91,40.91,40.71,40.73,7599.0,40.8
2026-05-06 13:21:00-04:00,40.73,40.77,40.7,40.7,1276.0,40.729
2026-05-06 13:22:00-04:00,40.73,40.9,40.73,40.87,3912.0,40.802
2026-05-06 13:23:00-04:00,40.89,40.93,40.89,40.92,3736.0,40.91
2026-05-06 13:24:00-04:00,40.93,40.95,40.82,40.95,7458.0,40.863
2026-05-06 13:25:00-04:00,40.91,40.97,40.87,40.94,3794.0,40.935
2026-05-06 13:26:00-04:00,40.96,40.97,40.85,40.85,2386.0,40.875
2026-05-06 13:27:00-04:00,40.86,40.87,40.72,40.76,5366.0,40.821
2026-05-06 13:28:00-04:00,40.74,40.82,40.73,40.76,900.0,40.769
2026-05-06 13:29:00-04:00,40.72,40.78,40.71,40.77,3234.0,40.733
2026-05-06 13:30:00-04:00,40.77,40.84,40.71,40.84,8919.0,40.765
2026-05-06 13:31:00-04:00,40.83,40.87,40.78,40.83,3910.0,40.832
2026-05-06 13:32:00-04:00,40.81,40.9,40.81,40.89,1689.0,40.874
2026-05-06 13:33:00-04:00,40.85,40.95,40.85,40.89,3381.0,40.902
2026-05-06 13:34:00-04:00,40.87,41.0,40.85,40.99,4438.0,40.905
2026-05-06 13:35:00-04:00,41.09,41.23,41.09,41.14,5514.0,41.153
2026-05-06 13:36:00-04:00,41.12,41.19,41.11,41.15,3415.0,41.14
2026-05-06 13:37:00-04:00,41.15,41.15,41.02,41.05,4816.0,41.07
2026-05-06 13:38:00-04:00,41.07,41.07,41.05,41.05,500.0,41.056
2026-05-06 13:39:00-04:00,41.05,41.05,41.02,41.05,2225.0,41.043
2026-05-06 13:40:00-04:00,41.08,41.11,41.06,41.07,1185.0,41.083
2026-05-06 13:41:00-04:00,41.08,41.16,41.07,41.11,2264.0,41.119
2026-05-06 13:42:00-04:00,41.11,41.18,41.03,41.12,4269.0,41.114
2026-05-06 13:43:00-04:00,41.13,41.19,41.12,41.16,3142.0,41.145
2026-05-06 13:44:00-04:00,41.11,41.13,41.1,41.13,450.0,41.109
2026-05-06 13:45:00-04:00,41.09,41.16,41.09,41.12,8776.0,41.114
2026-05-06 13:46:00-04:00,41.1,41.15,41.1,41.1,1500.0,41.108
2026-05-06 13:47:00-04:00,41.15,41.15,41.1,41.15,800.0,41.13
2026-05-06 13:48:00-04:00,41.15,41.16,41.1,41.11,1310.0,41.124
2026-05-06 13:49:00-04:00,41.11,41.14,41.06,41.09,13708.0,41.079
2026-05-06 13:50:00-04:00,41.09,41.17,41.09,41.17,2823.0,41.133
2026-05-06 13:51:00-04:00,41.08,41.12,41.05,41.09,5677.0,41.075
2026-05-06 13:52:00-04:00,41.06,41.11,41.06,41.11,6233.0,41.082
2026-05-06 13:53:00-04:00,41.09,41.17,41.07,41.17,6248.0,41.104
2026-05-06 13:54:00-04:00,41.17,41.24,41.16,41.23,4120.0,41.223
2026-05-06 13:55:00-04:00,41.23,41.28,41.23,41.28,2000.0,41.247
2026-05-06 13:56:00-04:00,41.3,41.46,41.3,41.46,1915.0,41.388
2026-05-06 13:57:00-04:00,41.44,41.51,41.43,41.51,5898.0,41.46
2026-05-06 13:58:00-04:00,41.52,41.55,41.22,41.22,9470.0,41.484
2026-05-06 13:59:00-04:00,41.24,41.27,41.04,41.08,4248.0,41.17
2026-05-06 14:00:00-04:00,41.12,41.12,41.07,41.07,1387.0,41.081
2026-05-06 14:01:00-04:00,41.07,41.11,41.07,41.09,2146.0,41.087
2026-05-06 14:02:00-04:00,41.06,41.09,40.82,40.95,7895.0,40.972
2026-05-06 14:03:00-04:00,40.89,40.92,40.8,40.85,4188.0,40.846
2026-05-06 14:04:00-04:00,40.85,40.92,40.75,40.78,4323.0,40.835
2026-05-06 14:05:00-04:00,40.75,40.76,40.55,40.55,7678.0,40.709
2026-05-06 14:06:00-04:00,40.59,40.62,40.56,40.58,3982.0,40.58
2026-05-06 14:07:00-04:00,40.58,40.6,40.57,40.6,2044.0,40.578
2026-05-06 14:08:00-04:00,40.55,40.72,40.55,40.63,11548.0,40.59
2026-05-06 14:09:00-04:00,40.64,40.66,40.59,40.66,1853.0,40.631
2026-05-06 14:10:00-04:00,40.59,40.65,40.54,40.55,1847.0,40.623
2026-05-06 14:11:00-04:00,40.59,40.6,40.59,40.6,1236.0,40.594
2026-05-06 14:12:00-04:00,40.6,40.68,40.54,40.55,6396.0,40.601
2026-05-06 14:13:00-04:00,40.56,40.6,40.55,40.6,1088.0,40.579
2026-05-06 14:14:00-04:00,40.57,40.59,40.55,40.57,1900.0,40.563
2026-05-06 14:15:00-04:00,40.57,40.57,40.57,40.57,504.0,40.57
2026-05-06 14:16:00-04:00,40.57,40.64,40.57,40.63,2857.0,40.619
2026-05-06 14:17:00-04:00,40.63,40.66,40.62,40.65,2288.0,40.638
2026-05-06 14:18:00-04:00,40.61,40.63,40.54,40.56,9609.0,40.573
2026-05-06 14:19:00-04:00,40.56,40.63,40.56,40.62,2897.0,40.599
2026-05-06 14:20:00-04:00,40.62,40.79,40.62,40.79,3555.0,40.679
2026-05-06 14:21:00-04:00,40.76,40.88,40.76,40.83,1206.0,40.829
2026-05-06 14:22:00-04:00,40.86,40.91,40.79,40.91,940.0,40.864
2026-05-06 14:23:00-04:00,40.91,40.91,40.79,40.89,1610.0,40.884
2026-05-06 14:24:00-04:00,40.89,40.9,40.84,40.89,2084.0,40.875
2026-05-06 14:25:00-04:00,40.81,40.85,40.77,40.8,6526.0,40.8
2026-05-06 14:26:00-04:00,40.79,40.82,40.73,40.77,4302.0,40.778
2026-05-06 14:27:00-04:00,40.77,40.84,40.73,40.84,2132.0,40.789
2026-05-06 14:28:00-04:00,40.83,41.06,40.83,41.04,1146.0,40.936
2026-05-06 14:29:00-04:00,41.0,41.07,40.95,40.98,11008.0,41.008
2026-05-06 14:30:00-04:00,40.96,40.98,40.84,40.9,5126.0,40.933
2026-05-06 14:31:00-04:00,40.88,40.99,40.84,40.99,5671.0,40.886
2026-05-06 14:32:00-04:00,40.99,40.99,40.97,40.99,1903.0,40.984
2026-05-06 14:33:00-04:00,40.99,40.99,40.96,40.98,1102.0,40.981
2026-05-06 14:34:00-04:00,40.98,40.98,40.86,40.88,4707.0,40.914
2026-05-06 14:35:00-04:00,40.89,40.9,40.84,40.84,2159.0,40.868
2026-05-06 14:36:00-04:00,40.87,40.88,40.75,40.88,14766.0,40.807
2026-05-06 14:37:00-04:00,40.89,40.89,40.8,40.85,707.0,40.853
2026-05-06 14:38:00-04:00,40.82,40.83,40.81,40.81,1000.0,40.818
2026-05-06 14:39:00-04:00,40.8,40.81,40.61,40.66,6501.0,40.711
2026-05-06 14:40:00-04:00,40.66,40.8,40.66,40.75,1831.0,40.711
2026-05-06 14:41:00-04:00,40.79,40.81,40.67,40.67,2983.0,40.774
2026-05-06 14:42:00-04:00,40.64,40.76,40.64,40.76,2130.0,40.7
2026-05-06 14:43:00-04:00,40.68,40.79,40.68,40.75,1430.0,40.726
2026-05-06 14:44:00-04:00,40.77,40.77,40.65,40.65,2260.0,40.701
2026-05-06 14:45:00-04:00,40.64,40.76,40.64,40.76,2546.0,40.695
2026-05-06 14:46:00-04:00,40.74,40.74,40.64,40.7,2154.0,40.713
2026-05-06 14:47:00-04:00,40.67,40.69,40.62,40.65,4597.0,40.643
2026-05-06 14:48:00-04:00,40.65,40.67,40.6,40.61,4382.0,40.624
2026-05-06 14:49:00-04:00,40.6,40.6,40.53,40.53,3928.0,40.562
2026-05-06 14:50:00-04:00,40.5,40.51,40.28,40.34,12513.0,40.407
2026-05-06 14:51:00-04:00,40.36,40.36,40.27,40.29,3519.0,40.3
2026-05-06 14:52:00-04:00,40.25,40.34,40.24,40.24,796.0,40.279
2026-05-06 14:53:00-04:00,40.24,40.28,40.24,40.27,1200.0,40.267
2026-05-06 14:54:00-04:00,40.27,40.32,40.27,40.3,2605.0,40.285
2026-05-06 14:55:00-04:00,40.3,40.39,40.3,40.37,4881.0,40.361
2026-05-06 14:56:00-04:00,40.37,40.37,40.27,40.29,7182.0,40.316
2026-05-06 14:57:00-04:00,40.31,40.31,40.31,40.31,100.0,40.31
2026-05-06 14:58:00-04:00,40.29,40.3,40.29,40.3,900.0,40.296
2026-05-06 14:59:00-04:00,40.27,40.31,40.22,40.22,10801.0,40.26
2026-05-06 15:00:00-04:00,40.23,40.25,40.18,40.18,3433.0,40.22
2026-05-06 15:01:00-04:00,40.19,40.19,39.88,39.95,28542.0,40.027
2026-05-06 15:02:00-04:00,39.98,40.12,39.95,40.11,9437.0,40.051
2026-05-06 15:03:00-04:00,40.12,40.18,40.1,40.14,5885.0,40.147
2026-05-06 15:04:00-04:00,40.14,40.14,40.05,40.07,12225.0,40.073
2026-05-06 15:05:00-04:00,40.08,40.09,40.06,40.06,1633.0,40.073
2026-05-06 15:06:00-04:00,40.05,40.14,40.05,40.11,6338.0,40.089
2026-05-06 15:07:00-04:00,40.11,40.24,40.11,40.2,3734.0,40.149
2026-05-06 15:08:00-04:00,40.25,40.35,40.23,40.28,4783.0,40.268
2026-05-06 15:09:00-04:00,40.23,40.34,40.23,40.31,6024.0,40.263
2026-05-06 15:10:00-04:00,40.35,40.41,40.24,40.25,11225.0,40.337
2026-05-06 15:11:00-04:00,40.27,40.36,40.22,40.27,8982.0,40.26
2026-05-06 15:12:00-04:00,40.41,40.55,40.41,40.46,5376.0,40.455
2026-05-06 15:13:00-04:00,40.39,40.45,40.3,40.3,5976.0,40.345
2026-05-06 15:14:00-04:00,40.31,40.34,40.29,40.32,7575.0,40.311
2026-05-06 15:15:00-04:00,40.32,40.33,40.25,40.25,2994.0,40.272
2026-05-06 15:16:00-04:00,40.25,40.26,40.18,40.23,5618.0,40.236
2026-05-06 15:17:00-04:00,40.22,40.22,40.18,40.21,1796.0,40.2
2026-05-06 15:18:00-04:00,40.18,40.18,40.08,40.14,8339.0,40.141
2026-05-06 15:19:00-04:00,40.14,40.18,40.14,40.18,4199.0,40.156
2026-05-06 15:20:00-04:00,40.17,40.18,40.14,40.14,3556.0,40.153
2026-05-06 15:21:00-04:00,40.14,40.23,40.13,40.23,7428.0,40.176
2026-05-06 15:22:00-04:00,40.22,40.27,40.21,40.24,3406.0,40.242
2026-05-06 15:23:00-04:00,40.23,40.24,40.19,40.22,4400.0,40.204
2026-05-06 15:24:00-04:00,40.2,40.24,40.19,40.21,3156.0,40.21
2026-05-06 15:25:00-04:00,40.21,40.33,40.21,40.33,8260.0,40.292
2026-05-06 15:26:00-04:00,40.34,40.46,40.27,40.27,13668.0,40.379
2026-05-06 15:27:00-04:00,40.26,40.27,40.2,40.2,1815.0,40.234
2026-05-06 15:28:00-04:00,40.2,40.25,40.12,40.23,16678.0,40.223
2026-05-06 15:29:00-04:00,40.21,40.29,40.19,40.23,5910.0,40.213
2026-05-06 15:30:00-04:00,40.25,40.34,40.25,40.29,4707.0,40.3
2026-05-06 15:31:00-04:00,40.28,40.29,40.15,40.16,5820.0,40.2
2026-05-06 15:32:00-04:00,40.16,40.17,40.13,40.14,5054.0,40.149
2026-05-06 15:33:00-04:00,40.14,40.19,40.11,40.16,7109.0,40.139
2026-05-06 15:34:00-04:00,40.16,40.2,40.13,40.15,7766.0,40.173
2026-05-06 15:35:00-04:00,40.16,40.17,40.14,40.14,2002.0,40.157
2026-05-06 15:36:00-04:00,40.14,40.15,40.09,40.09,10216.0,40.124
2026-05-06 15:37:00-04:00,40.09,40.11,40.04,40.1,17708.0,40.061
2026-05-06 15:38:00-04:00,40.1,40.15,40.09,40.12,5731.0,40.126
2026-05-06 15:39:00-04:00,40.12,40.17,40.11,40.14,7896.0,40.131
2026-05-06 15:40:00-04:00,40.16,40.18,40.1,40.11,18203.0,40.117
2026-05-06 15:41:00-04:00,40.11,40.25,40.11,40.2,13584.0,40.186
2026-05-06 15:42:00-04:00,40.22,40.27,40.18,40.23,7545.0,40.21
2026-05-06 15:43:00-04:00,40.23,40.29,40.18,40.29,14810.0,40.198
2026-05-06 15:44:00-04:00,40.34,40.4,40.33,40.4,5204.0,40.378
2026-05-06 15:45:00-04:00,40.4,40.43,40.3,40.3,9091.0,40.375
2026-05-06 15:46:00-04:00,40.3,40.38,40.25,40.37,16761.0,40.294
2026-05-06 15:47:00-04:00,40.33,40.42,40.32,40.4,8269.0,40.391
2026-05-06 15:48:00-04:00,40.4,40.49,40.38,40.48,17234.0,40.401
2026-05-06 15:49:00-04:00,40.47,40.66,40.46,40.63,15194.0,40.587
2026-05-06 15:50:00-04:00,40.65,41.0,40.65,40.85,27142.0,40.855
2026-05-06 15:51:00-04:00,40.85,40.96,40.85,40.93,20099.0,40.919
2026-05-06 15:52:00-04:00,40.93,41.0,40.88,40.9,23137.0,40.943
2026-05-06 15:53:00-04:00,40.93,40.94,40.9,40.91,12620.0,40.926
2026-05-06 15:54:00-04:00,40.91,40.91,40.68,40.73,59678.0,40.78
2026-05-06 15:55:00-04:00,40.72,40.84,40.59,40.64,34240.0,40.726
2026-05-06 15:56:00-04:00,40.64,40.65,40.51,40.52,42677.0,40.585
2026-05-06 15:57:00-04:00,40.51,40.56,40.48,40.55,54126.0,40.521
2026-05-06 15:58:00-04:00,40.55,40.58,40.55,40.56,39572.0,40.569
2026-05-06 15:59:00-04:00,40.56,40.74,40.55,40.6,88868.0,40.595
2026-05-07 09:30:00-04:00,40.83,40.97,40.73,40.81,34024.0,40.824
2026-05-07 09:31:00-04:00,40.72,40.72,40.12,40.31,15287.0,40.395
2026-05-07 09:32:00-04:00,40.27,40.39,40.15,40.26,9887.0,40.271
2026-05-07 09:33:00-04:00,40.3,40.5,40.23,40.34,15235.0,40.386
2026-05-07 09:34:00-04:00,40.41,40.45,40.29,40.44,7586.0,40.37
2026-05-07 09:35:00-04:00,40.48,40.62,40.48,40.52,6092.0,40.568
2026-05-07 09:36:00-04:00,40.48,40.51,40.22,40.33,8669.0,40.339
2026-05-07 09:37:00-04:00,40.3,40.35,40.16,40.35,2948.0,40.267
2026-05-07 09:38:00-04:00,40.27,40.32,40.11,40.11,13339.0,40.169
2026-05-07 09:39:00-04:00,40.09,40.09,39.77,39.93,7425.0,39.918
2026-05-07 09:40:00-04:00,40.0,40.06,39.82,40.06,17209.0,39.932
2026-05-07 09:41:00-04:00,40.04,40.11,39.96,40.08,2815.0,40.035
2026-05-07 09:42:00-04:00,40.16,40.16,39.92,39.97,12090.0,40.039
2026-05-07 09:43:00-04:00,39.97,40.21,39.95,40.0,5473.0,40.052
2026-05-07 09:44:00-04:00,39.98,40.08,39.97,40.04,3096.0,40.018
2026-05-07 09:45:00-04:00,40.1,40.18,39.96,39.96,5162.0,40.081
2026-05-07 09:46:00-04:00,39.95,40.18,39.85,40.18,11260.0,39.941
2026-05-07 09:47:00-04:00,40.18,40.19,39.9,39.96,26407.0,40.065
2026-05-07 09:48:00-04:00,40.05,40.33,39.93,40.27,22271.0,40.022
2026-05-07 09:49:00-04:00,40.33,40.7,40.32,40.7,2596.0,40.525
2026-05-07 09:50:00-04:00,40.7,40.92,40.52,40.69,15213.0,40.63
2026-05-07 09:51:00-04:00,40.71,40.72,40.54,40.71,10025.0,40.647
2026-05-07 09:52:00-04:00,40.72,40.81,40.72,40.77,1069.0,40.777
2026-05-07 09:53:00-04:00,40.77,40.89,40.74,40.77,7819.0,40.823
2026-05-07 09:54:00-04:00,40.82,40.84,40.71,40.77,11112.0,40.782
2026-05-07 09:55:00-04:00,40.75,40.85,40.72,40.74,3591.0,40.785
2026-05-07 09:56:00-04:00,40.75,40.88,40.69,40.78,5862.0,40.793
2026-05-07 09:57:00-04:00,40.86,40.87,40.47,40.48,8404.0,40.717
2026-05-07 09:58:00-04:00,40.44,40.46,40.14,40.18,9255.0,40.308
2026-05-07 09:59:00-04:00,40.19,40.24,40.09,40.09,27180.0,40.218
2026-05-07 10:00:00-04:00,40.09,40.21,40.08,40.2,5839.0,40.118
2026-05-07 10:01:00-04:00,40.22,40.33,40.22,40.25,3340.0,40.257
2026-05-07 10:02:00-04:00,40.21,40.21,39.86,40.08,16672.0,40.017
2026-05-07 10:03:00-04:00,40.0,40.11,40.0,40.05,4744.0,40.05
2026-05-07 10:04:00-04:00,40.05,40.09,39.91,39.93,27285.0,39.945
2026-05-07 10:05:00-04:00,39.9,40.0,39.85,39.98,5665.0,39.913
2026-05-07 10:06:00-04:00,39.93,39.93,39.38,39.38,52449.0,39.697
2026-05-07 10:07:00-04:00,39.44,39.48,39.42,39.48,2100.0,39.454
2026-05-07 10:08:00-04:00,39.43,39.47,39.28,39.31,7594.0,39.368
2026-05-07 10:09:00-04:00,39.29,39.4,39.27,39.4,10719.0,39.35
2026-05-07 10:10:00-04:00,39.41,39.5,39.35,39.36,11055.0,39.421
2026-05-07 10:11:00-04:00,39.36,39.5,39.33,39.37,7449.0,39.411
2026-05-07 10:12:00-04:00,39.38,39.41,39.3,39.38,12700.0,39.346
2026-05-07 10:13:00-04:00,39.46,39.56,39.46,39.53,4346.0,39.525
2026-05-07 10:14:00-04:00,39.49,39.65,39.49,39.56,7946.0,39.559
2026-05-07 10:15:00-04:00,39.56,39.64,39.54,39.6,19538.0,39.569
2026-05-07 10:16:00-04:00,39.55,39.6,39.45,39.55,11610.0,39.55
2026-05-07 10:17:00-04:00,39.57,39.71,39.57,39.62,13843.0,39.662
2026-05-07 10:18:00-04:00,39.61,39.74,39.5,39.62,18747.0,39.691
2026-05-07 10:19:00-04:00,39.62,39.63,39.56,39.6,6087.0,39.585
2026-05-07 10:20:00-04:00,39.58,39.58,39.55,39.58,2866.0,39.557
2026-05-07 10:21:00-04:00,39.61,39.66,39.52,39.57,8172.0,39.602
2026-05-07 10:22:00-04:00,39.56,39.61,39.54,39.54,2350.0,39.562
2026-05-07 10:23:00-04:00,39.53,39.54,39.3,39.33,22062.0,39.403
2026-05-07 10:24:00-04:00,39.34,39.5,39.33,39.41,3780.0,39.377
2026-05-07 10:25:00-04:00,39.43,39.48,39.3,39.31,9424.0,39.381
2026-05-07 10:26:00-04:00,39.3,39.31,39.19,39.2,17457.0,39.237
2026-05-07 10:27:00-04:00,39.24,39.27,39.21,39.22,7040.0,39.251
2026-05-07 10:28:00-04:00,39.2,39.21,39.13,39.15,6797.0,39.175
2026-05-07 10:29:00-04:00,39.13,39.16,39.07,39.07,7539.0,39.119
2026-05-07 10:30:00-04:00,39.05,39.09,39.01,39.02,9088.0,39.033
2026-05-07 10:31:00-04:00,39.02,39.13,39.02,39.13,8719.0,39.058
2026-05-07 10:32:00-04:00,39.09,39.24,39.07,39.2,9294.0,39.202
2026-05-07 10:33:00-04:00,39.2,39.2,39.12,39.12,4568.0,39.16
2026-05-07 10:34:00-04:00,39.12,39.2,39.12,39.14,3900.0,39.162
2026-05-07 10:35:00-04:00,39.16,39.18,39.1,39.11,5507.0,39.145
2026-05-07 10:36:00-04:00,39.16,39.18,39.08,39.09,5148.0,39.129
2026-05-07 10:37:00-04:00,39.07,39.21,39.05,39.16,14137.0,39.09
2026-05-07 10:38:00-04:00,39.18,39.22,39.14,39.21,814.0,39.185
2026-05-07 10:39:00-04:00,39.22,39.27,39.2,39.25,2004.0,39.241
2026-05-07 10:40:00-04:00,39.25,39.25,39.17,39.18,1137.0,39.219
2026-05-07 10:41:00-04:00,39.17,39.24,39.17,39.17,2827.0,39.202
2026-05-07 10:42:00-04:00,39.17,39.34,39.11,39.33,4699.0,39.25
2026-05-07 10:43:00-04:00,39.27,39.28,39.16,39.18,3179.0,39.213
2026-05-07 10:44:00-04:00,39.18,39.19,39.1,39.11,7787.0,39.11
2026-05-07 10:45:00-04:00,39.1,39.14,39.05,39.14,6295.0,39.081
2026-05-07 10:46:00-04:00,39.14,39.21,39.08,39.21,2921.0,39.151
2026-05-07 10:47:00-04:00,39.14,39.15,39.05,39.14,22099.0,39.094
2026-05-07 10:48:00-04:00,39.12,39.12,39.0,39.0,9686.0,39.038
2026-05-07 10:49:00-04:00,39.0,39.01,38.88,38.9,53729.0,38.964
2026-05-07 10:50:00-04:00,38.9,38.98,38.9,38.9,10271.0,38.925
2026-05-07 10:51:00-04:00,38.93,39.03,38.88,39.03,13433.0,38.935
2026-05-07 10:52:00-04:00,39.01,39.01,38.92,38.95,1332.0,38.953
2026-05-07 10:53:00-04:00,38.92,39.07,38.92,39.02,8314.0,38.999
2026-05-07 10:54:00-04:00,39.03,39.1,38.96,39.05,2903.0,39.039
2026-05-07 10:55:00-04:00,39.05,39.14,39.05,39.11,3920.0,39.076
2026-05-07 10:56:00-04:00,39.14,39.15,39.06,39.15,3782.0,39.113
2026-05-07 10:57:00-04:00,39.05,39.1,39.04,39.08,5493.0,39.073
2026-05-07 10:58:00-04:00,39.06,39.07,39.04,39.04,3786.0,39.053
2026-05-07 10:59:00-04:00,39.04,39.08,39.02,39.02,5015.0,39.038
2026-05-07 11:00:00-04:00,39.03,39.03,39.0,39.0,3012.0,39.007
2026-05-07 11:01:00-04:00,39.0,39.01,38.82,38.82,125394.0,38.93
2026-05-07 11:02:00-04:00,38.83,38.88,38.75,38.79,48030.0,38.819
2026-05-07 11:03:00-04:00,38.79,38.84,38.75,38.8,13825.0,38.788
2026-05-07 11:04:00-04:00,38.82,38.95,38.81,38.95,2400.0,38.873
2026-05-07 11:05:00-04:00,38.95,39.02,38.94,38.95,7125.0,38.974
2026-05-07 11:06:00-04:00,38.91,38.96,38.87,38.89,4936.0,38.905
2026-05-07 11:07:00-04:00,38.87,38.87,38.8,38.8,3800.0,38.832
2026-05-07 11:08:00-04:00,38.79,38.89,38.75,38.76,21322.0,38.769
2026-05-07 11:09:00-04:00,38.86,38.86,38.83,38.84,2481.0,38.845
2026-05-07 11:10:00-04:00,38.84,38.85,38.76,38.78,5095.0,38.805
2026-05-07 11:11:00-04:00,38.78,38.79,38.61,38.63,6948.0,38.673
2026-05-07 11:12:00-04:00,38.61,38.62,38.52,38.52,4842.0,38.587
2026-05-07 11:13:00-04:00,38.52,38.58,38.51,38.56,5477.0,38.546
2026-05-07 11:14:00-04:00,38.56,38.57,38.56,38.56,1600.0,38.566
2026-05-07 11:15:00-04:00,38.56,38.57,38.38,38.41,35236.0,38.463
2026-05-07 11:16:00-04:00,38.38,38.41,38.27,38.34,43251.0,38.341
2026-05-07 11:17:00-04:00,38.38,38.59,38.37,38.55,3733.0,38.45
2026-05-07 11:18:00-04:00,38.51,38.58,38.45,38.48,12806.0,38.508
2026-05-07 11:19:00-04:00,38.45,38.47,38.42,38.43,1439.0,38.44
2026-05-07 11:20:00-04:00,38.42,38.42,38.35,38.38,8970.0,38.371
2026-05-07 11:21:00-04:00,38.38,38.4,38.29,38.29,13819.0,38.333
2026-05-07 11:22:00-04:00,38.23,38.32,38.23,38.31,7693.0,38.271
2026-05-07 11:23:00-04:00,38.32,38.48,38.32,38.46,2620.0,38.403
2026-05-07 11:24:00-04:00,38.42,38.52,38.39,38.49,1495.0,38.441
2026-05-07 11:25:00-04:00,38.42,38.5,38.42,38.49,4283.0,38.461
2026-05-07 11:26:00-04:00,38.49,38.55,38.49,38.53,8386.0,38.524
2026-05-07 11:27:00-04:00,38.48,38.53,38.45,38.47,2557.0,38.477
2026-05-07 11:28:00-04:00,38.46,38.49,38.4,38.46,5827.0,38.436
2026-05-07 11:29:00-04:00,38.47,38.49,38.46,38.49,912.0,38.484
2026-05-07 11:30:00-04:00,38.48,38.51,38.4,38.43,3140.0,38.442
2026-05-07 11:31:00-04:00,38.42,38.53,38.42,38.52,4157.0,38.466
2026-05-07 11:32:00-04:00,38.49,38.53,38.49,38.53,1292.0,38.523
2026-05-07 11:33:00-04:00,38.53,38.66,38.53,38.63,7690.0,38.619
2026-05-07 11:34:00-04:00,38.63,38.71,38.63,38.7,4618.0,38.657
2026-05-07 11:35:00-04:00,38.7,38.76,38.67,38.72,4595.0,38.715
2026-05-07 11:36:00-04:00,38.73,38.8,38.71,38.73,10810.0,38.745
2026-05-07 11:37:00-04:00,38.74,38.86,38.71,38.86,15733.0,38.738
2026-05-07 11:38:00-04:00,38.94,38.94,38.74,38.79,8357.0,38.881
2026-05-07 11:39:00-04:00,38.76,38.77,38.74,38.77,3819.0,38.752
2026-05-07 11:40:00-04:00,38.77,38.77,38.71,38.71,2892.0,38.746
2026-05-07 11:41:00-04:00,38.74,38.83,38.71,38.77,8791.0,38.765
2026-05-07 11:42:00-04:00,38.77,38.91,38.77,38.84,3586.0,38.809
2026-05-07 11:43:00-04:00,38.88,38.97,38.88,38.93,1997.0,38.93
2026-05-07 11:44:00-04:00,38.94,38.94,38.86,38.92,1427.0,38.908
2026-05-07 11:45:00-04:00,38.9,38.91,38.9,38.9,400.0,38.901
2026-05-07 11:46:00-04:00,38.85,38.85,38.8,38.84,2500.0,38.823
2026-05-07 11:47:00-04:00,38.8,38.81,38.76,38.78,3498.0,38.786
2026-05-07 11:48:00-04:00,38.78,38.93,38.78,38.93,5238.0,38.833
2026-05-07 11:49:00-04:00,38.93,38.93,38.84,38.84,1300.0,38.876
2026-05-07 11:50:00-04:00,38.86,38.86,38.79,38.8,5811.0,38.804
2026-05-07 11:51:00-04:00,38.8,38.81,38.75,38.81,6663.0,38.78
2026-05-07 11:52:00-04:00,38.79,38.79,38.69,38.71,7332.0,38.738
2026-05-07 11:53:00-04:00,38.71,38.81,38.71,38.8,1647.0,38.762
2026-05-07 11:54:00-04:00,38.75,38.84,38.74,38.83,2411.0,38.81
2026-05-07 11:55:00-04:00,38.84,38.84,38.73,38.73,3682.0,38.756
2026-05-07 11:56:00-04:00,38.75,38.75,38.62,38.62,4710.0,38.695
2026-05-07 11:57:00-04:00,38.62,38.66,38.52,38.56,4613.0,38.588
2026-05-07 11:58:00-04:00,38.52,38.52,38.51,38.51,2449.0,38.519
2026-05-07 11:59:00-04:00,38.52,38.54,38.48,38.49,7889.0,38.509
2026-05-07 12:00:00-04:00,38.49,38.5,38.43,38.46,14101.0,38.467
2026-05-07 12:01:00-04:00,38.45,38.46,38.37,38.38,5175.0,38.407
2026-05-07 12:02:00-04:00,38.37,38.44,38.36,38.43,3260.0,38.399
2026-05-07 12:03:00-04:00,38.38,38.48,38.38,38.48,5890.0,38.413
2026-05-07 12:04:00-04:00,38.46,38.46,38.39,38.41,4434.0,38.422
2026-05-07 12:05:00-04:00,38.38,38.4,38.35,38.35,2220.0,38.371
2026-05-07 12:06:00-04:00,38.35,38.36,38.23,38.23,10011.0,38.314
2026-05-07 12:07:00-04:00,38.23,38.23,38.15,38.17,11555.0,38.207
2026-05-07 12:08:00-04:00,38.17,38.26,38.15,38.24,16527.0,38.196
2026-05-07 12:09:00-04:00,38.25,38.27,38.21,38.27,3418.0,38.236
2026-05-07 12:10:00-04:00,38.27,38.27,38.26,38.26,639.0,38.264
2026-05-07 12:11:00-04:00,38.27,38.28,38.22,38.22,5113.0,38.236
2026-05-07 12:12:00-04:00,38.22,38.23,38.2,38.21,7041.0,38.209
2026-05-07 12:13:00-04:00,38.22,38.25,38.21,38.21,5832.0,38.226
2026-05-07 12:14:00-04:00,38.21,38.22,38.11,38.2,19677.0,38.17
2026-05-07 12:15:00-04:00,38.23,38.23,38.17,38.19,4115.0,38.201
2026-05-07 12:16:00-04:00,38.18,38.19,38.17,38.17,1844.0,38.176
2026-05-07 12:17:00-04:00,38.17,38.2,38.15,38.2,8425.0,38.172
2026-05-07 12:18:00-04:00,38.23,38.25,38.15,38.16,9147.0,38.179
2026-05-07 12:19:00-04:00,38.17,38.2,38.12,38.13,4019.0,38.173
2026-05-07 12:20:00-04:00,38.13,38.13,38.11,38.11,2500.0,38.123
2026-05-07 12:21:00-04:00,38.12,38.21,38.1,38.15,13317.0,38.114
2026-05-07 12:22:00-04:00,38.15,38.24,38.12,38.16,8421.0,38.153
2026-05-07 12:23:00-04:00,38.17,38.17,38.1,38.1,10680.0,38.131
2026-05-07 12:24:00-04:00,38.12,38.14,38.07,38.14,4627.0,38.109
2026-05-07 12:25:00-04:00,38.16,38.19,38.16,38.18,1900.0,38.18
2026-05-07 12:26:00-04:00,38.19,38.2,38.18,38.18,1625.0,38.185
2026-05-07 12:27:00-04:00,38.18,38.23,38.18,38.23,5767.0,38.217
2026-05-07 12:28:00-04:00,38.25,38.27,38.23,38.25,2790.0,38.251
2026-05-07 12:29:00-04:00,38.26,38.27,38.23,38.23,2212.0,38.256
2026-05-07 12:30:00-04:00,38.24,38.28,38.19,38.22,3675.0,38.244
2026-05-07 12:31:00-04:00,38.18,38.19,38.16,38.16,800.0,38.185
2026-05-07 12:32:00-04:00,38.15,38.15,38.02,38.02,17265.0,38.091
2026-05-07 12:33:00-04:00,38.05,38.06,38.01,38.02,13250.0,38.037
2026-05-07 12:34:00-04:00,38.02,38.05,38.02,38.05,3100.0,38.036
2026-05-07 12:35:00-04:00,38.05,38.05,38.01,38.02,3919.0,38.032
2026-05-07 12:36:00-04:00,38.02,38.02,38.0,38.0,17883.0,38.006
2026-05-07 12:37:00-04:00,38.0,38.06,38.0,38.0,91974.0,38.013
2026-05-07 12:38:00-04:00,38.0,38.01,38.0,38.0,9281.0,38.004
2026-05-07 12:39:00-04:00,38.0,38.01,37.85,37.86,27731.0,37.942
2026-05-07 12:40:00-04:00,37.85,37.96,37.8,37.93,26485.0,37.845
2026-05-07 12:41:00-04:00,37.93,37.98,37.81,37.92,6270.0,37.914
2026-05-07 12:42:00-04:00,37.87,37.9,37.84,37.84,575.0,37.872
2026-05-07 12:43:00-04:00,37.88,37.9,37.85,37.85,4132.0,37.857
2026-05-07 12:44:00-04:00,37.85,37.91,37.82,37.89,27345.0,37.863
2026-05-07 12:45:00-04:00,37.89,37.9,37.88,37.88,1467.0,37.891
2026-05-07 12:46:00-04:00,37.89,37.95,37.86,37.93,5122.0,37.906
2026-05-07 12:47:00-04:00,37.91,37.98,37.87,37.98,7903.0,37.898
2026-05-07 12:48:00-04:00,37.96,37.96,37.94,37.94,600.0,37.943
2026-05-07 12:49:00-04:00,37.96,37.98,37.95,37.95,4825.0,37.966
2026-05-07 12:50:00-04:00,37.95,37.98,37.95,37.98,1500.0,37.966
2026-05-07 12:51:00-04:00,37.95,38.01,37.94,37.94,6204.0,37.97
2026-05-07 12:52:00-04:00,37.93,38.06,37.93,38.01,18110.0,38.025
2026-05-07 12:53:00-04:00,37.99,38.02,37.99,38.02,1900.0,38.008
2026-05-07 12:54:00-04:00,38.03,38.07,37.99,38.03,11825.0,38.039
2026-05-07 12:55:00-04:00,38.03,38.05,37.97,37.98,5682.0,38.028
2026-05-07 12:56:00-04:00,37.93,37.94,37.88,37.88,6545.0,37.918
2026-05-07 12:57:00-04:00,37.89,37.89,37.84,37.84,6020.0,37.855
2026-05-07 12:58:00-04:00,37.84,37.86,37.82,37.82,3644.0,37.841
2026-05-07 12:59:00-04:00,37.82,37.93,37.8,37.93,10984.0,37.843
2026-05-07 13:00:00-04:00,37.93,37.99,37.93,37.97,4303.0,37.948
2026-05-07 13:01:00-04:00,37.98,38.0,37.95,37.96,6332.0,37.956
2026-05-07 13:02:00-04:00,37.95,37.95,37.89,37.93,6781.0,37.926
2026-05-07 13:03:00-04:00,37.94,38.05,37.94,38.05,5992.0,38.007
2026-05-07 13:04:00-04:00,38.05,38.07,38.0,38.0,4313.0,38.033
2026-05-07 13:05:00-04:00,37.99,38.05,37.99,38.0,2912.0,38.025
2026-05-07 13:06:00-04:00,38.05,38.06,38.0,38.02,6928.0,38.044
2026-05-07 13:07:00-04:00,38.02,38.05,38.0,38.03,3307.0,38.03
2026-05-07 13:08:00-04:00,38.0,38.35,38.0,38.18,69516.0,38.079
2026-05-07 13:09:00-04:00,38.19,38.29,38.19,38.22,9378.0,38.245
2026-05-07 13:10:00-04:00,38.22,38.34,38.21,38.3,5046.0,38.267
2026-05-07 13:11:00-04:00,38.3,38.3,38.15,38.23,4470.0,38.207
2026-05-07 13:12:00-04:00,38.21,38.23,38.17,38.2,2298.0,38.211
2026-05-07 13:13:00-04:00,38.25,38.35,38.25,38.28,2818.0,38.289
2026-05-07 13:14:00-04:00,38.34,38.56,38.23,38.56,12253.0,38.365
2026-05-07 13:15:00-04:00,38.53,38.57,38.52,38.52,1003.0,38.532
2026-05-07 13:16:00-04:00,38.5,38.56,38.5,38.51,10006.0,38.539
2026-05-07 13:17:00-04:00,38.52,38.54,38.49,38.49,1696.0,38.523
2026-05-07 13:18:00-04:00,38.47,38.47,38.27,38.27,8998.0,38.36
2026-05-07 13:19:00-04:00,38.31,38.36,38.31,38.34,4474.0,38.334
2026-05-07 13:20:00-04:00,38.31,38.31,38.18,38.29,1744.0,38.245
2026-05-07 13:21:00-04:00,38.21,38.37,38.2,38.34,4623.0,38.343
2026-05-07 13:22:00-04:00,38.37,38.47,38.37,38.41,18937.0,38.379
2026-05-07 13:23:00-04:00,38.46,38.55,38.46,38.51,6984.0,38.509
2026-05-07 13:24:00-04:00,38.49,38.5,38.45,38.47,2214.0,38.478
2026-05-07 13:25:00-04:00,38.47,38.48,38.4,38.4,6345.0,38.447
2026-05-07 13:26:00-04:00,38.35,38.48,38.35,38.43,5449.0,38.418
2026-05-07 13:27:00-04:00,38.38,38.41,38.33,38.36,4264.0,38.366
2026-05-07 13:28:00-04:00,38.38,38.56,38.37,38.52,7665.0,38.464
2026-05-07 13:29:00-04:00,38.52,38.55,38.42,38.44,4147.0,38.478
2026-05-07 13:30:00-04:00,38.46,38.47,38.32,38.32,2875.0,38.384
2026-05-07 13:31:00-04:00,38.32,38.36,38.32,38.32,1400.0,38.329
2026-05-07 13:32:00-04:00,38.32,38.41,38.31,38.41,3400.0,38.369
2026-05-07 13:33:00-04:00,38.39,38.42,38.37,38.42,1761.0,38.397
2026-05-07 13:34:00-04:00,38.37,38.44,38.37,38.4,4367.0,38.418
2026-05-07 13:35:00-04:00,38.38,38.43,38.38,38.38,312.0,38.398
2026-05-07 13:36:00-04:00,38.45,38.6,38.38,38.6,6961.0,38.534
2026-05-07 13:37:00-04:00,38.65,38.74,38.65,38.73,4005.0,38.682
2026-05-07 13:38:00-04:00,38.7,38.74,38.58,38.6,6215.0,38.668
2026-05-07 13:39:00-04:00,38.6,38.61,38.56,38.59,1856.0,38.583
2026-05-07 13:40:00-04:00,38.59,38.64,38.58,38.58,4900.0,38.61
2026-05-07 13:41:00-04:00,38.57,38.58,38.55,38.56,1555.0,38.564
2026-05-07 13:42:00-04:00,38.56,38.56,38.42,38.42,1816.0,38.521
2026-05-07 13:43:00-04:00,38.51,38.51,38.43,38.46,1678.0,38.472
2026-05-07 13:44:00-04:00,38.47,38.48,38.37,38.37,3606.0,38.421
2026-05-07 13:45:00-04:00,38.36,38.39,38.35,38.37,7305.0,38.368
2026-05-07 13:46:00-04:00,38.36,38.42,38.36,38.4,4204.0,38.391
2026-05-07 13:47:00-04:00,38.36,38.37,38.33,38.33,700.0,38.341
2026-05-07 13:48:00-04:00,38.29,38.29,38.18,38.18,6517.0,38.217
2026-05-07 13:49:00-04:00,38.23,38.23,38.15,38.15,2610.0,38.191
2026-05-07 13:50:00-04:00,38.14,38.21,38.14,38.15,2232.0,38.174
2026-05-07 13:51:00-04:00,38.17,38.27,38.16,38.16,2565.0,38.216
2026-05-07 13:52:00-04:00,38.26,38.26,38.2,38.25,1328.0,38.215
2026-05-07 13:53:00-04:00,38.24,38.24,38.23,38.23,1549.0,38.239
2026-05-07 13:54:00-04:00,38.24,38.24,38.21,38.21,2200.0,38.23
2026-05-07 13:55:00-04:00,38.22,38.3,38.22,38.3,2878.0,38.248
2026-05-07 13:56:00-04:00,38.3,38.41,38.3,38.34,3965.0,38.328
2026-05-07 13:57:00-04:00,38.38,38.38,38.34,38.34,2100.0,38.344
2026-05-07 13:58:00-04:00,38.33,38.35,38.25,38.28,1375.0,38.314
2026-05-07 13:59:00-04:00,38.28,38.34,38.28,38.31,3087.0,38.304
2026-05-07 14:00:00-04:00,38.31,38.32,38.25,38.25,1000.0,38.296
2026-05-07 14:01:00-04:00,38.24,38.34,38.24,38.34,3717.0,38.31
2026-05-07 14:02:00-04:00,38.38,38.42,38.37,38.38,1670.0,38.385
2026-05-07 14:03:00-04:00,38.38,38.45,38.37,38.44,3800.0,38.425
2026-05-07 14:04:00-04:00,38.45,38.48,38.45,38.48,1952.0,38.465
2026-05-07 14:05:00-04:00,38.47,38.47,38.45,38.47,3020.0,38.467
2026-05-07 14:06:00-04:00,38.46,38.48,38.43,38.43,3870.0,38.447
2026-05-07 14:07:00-04:00,38.47,38.47,38.42,38.43,634.0,38.439
2026-05-07 14:08:00-04:00,38.45,38.53,38.45,38.53,6433.0,38.485
2026-05-07 14:09:00-04:00,38.53,38.54,38.39,38.39,6085.0,38.49
2026-05-07 14:10:00-04:00,38.38,38.47,38.38,38.47,3689.0,38.415
2026-05-07 14:11:00-04:00,38.46,38.5,38.46,38.5,2137.0,38.476
2026-05-07 14:12:00-04:00,38.48,38.51,38.45,38.51,4409.0,38.49
2026-05-07 14:13:00-04:00,38.5,38.51,38.47,38.47,437.0,38.493
2026-05-07 14:14:00-04:00,38.45,38.51,38.45,38.47,2959.0,38.468
2026-05-07 14:15:00-04:00,38.45,38.49,38.42,38.45,1800.0,38.473
2026-05-07 14:16:00-04:00,38.45,38.45,38.32,38.33,6626.0,38.359
2026-05-07 14:17:00-04:00,38.33,38.34,38.33,38.34,1900.0,38.335
2026-05-07 14:18:00-04:00,38.33,38.35,38.32,38.34,2954.0,38.336
2026-05-07 14:19:00-04:00,38.34,38.35,38.3,38.32,4431.0,38.337
2026-05-07 14:20:00-04:00,38.32,38.33,38.27,38.28,5480.0,38.286
2026-05-07 14:21:00-04:00,38.28,38.29,38.26,38.26,4274.0,38.264
2026-05-07 14:22:00-04:00,38.26,38.32,38.26,38.29,4563.0,38.288
2026-05-07 14:23:00-04:00,38.29,38.31,38.29,38.31,1905.0,38.302
2026-05-07 14:24:00-04:00,38.31,38.35,38.31,38.32,6526.0,38.326
2026-05-07 14:25:00-04:00,38.28,38.28,38.28,38.28,100.0,38.28
2026-05-07 14:26:00-04:00,38.28,38.28,38.2,38.22,9533.0,38.223
2026-05-07 14:27:00-04:00,38.21,38.22,38.12,38.12,2546.0,38.178
2026-05-07 14:28:00-04:00,38.15,38.22,38.13,38.17,5200.0,38.194
2026-05-07 14:29:00-04:00,38.17,38.18,38.06,38.09,7902.0,38.114
2026-05-07 14:30:00-04:00,38.13,38.13,38.13,38.13,1221.0,38.13
2026-05-07 14:31:00-04:00,38.11,38.3,38.11,38.3,4549.0,38.198
2026-05-07 14:32:00-04:00,38.27,38.28,38.15,38.25,1530.0,38.231
2026-05-07 14:33:00-04:00,38.18,38.25,38.18,38.19,1130.0,38.206
2026-05-07 14:34:00-04:00,38.2,38.21,38.17,38.2,800.0,38.195
2026-05-07 14:35:00-04:00,38.2,38.21,38.11,38.17,1800.0,38.173
2026-05-07 14:36:00-04:00,38.14,38.2,38.14,38.18,4526.0,38.158
2026-05-07 14:37:00-04:00,38.18,38.21,38.08,38.08,2350.0,38.158
2026-05-07 14:38:00-04:00,38.14,38.14,37.99,38.0,15842.0,38.036
2026-05-07 14:39:00-04:00,38.0,38.0,37.93,37.95,19178.0,37.97
2026-05-07 14:40:00-04:00,37.95,37.95,37.88,37.89,8305.0,37.915
2026-05-07 14:41:00-04:00,37.9,37.91,37.87,37.88,3896.0,37.889
2026-05-07 14:42:00-04:00,37.88,37.91,37.88,37.89,3613.0,37.888
2026-05-07 14:43:00-04:00,37.89,37.91,37.86,37.86,7766.0,37.874
2026-05-07 14:44:00-04:00,37.86,37.88,37.75,37.75,14198.0,37.819
2026-05-07 14:45:00-04:00,37.77,37.77,37.7,37.72,15544.0,37.731
2026-05-07 14:46:00-04:00,37.73,37.73,37.71,37.71,2727.0,37.72
2026-05-07 14:47:00-04:00,37.72,37.77,37.71,37.75,12833.0,37.73
2026-05-07 14:48:00-04:00,37.78,37.78,37.72,37.72,2781.0,37.742
2026-05-07 14:49:00-04:00,37.71,37.72,37.62,37.63,11502.0,37.651
2026-05-07 14:50:00-04:00,37.61,37.69,37.61,37.69,12074.0,37.642
2026-05-07 14:51:00-04:00,37.7,37.7,37.66,37.66,3794.0,37.683
2026-05-07 14:52:00-04:00,37.67,37.71,37.61,37.66,6085.0,37.655
2026-05-07 14:53:00-04:00,37.65,37.66,37.65,37.65,300.0,37.651
2026-05-07 14:54:00-04:00,37.63,37.63,37.56,37.61,12348.0,37.592
2026-05-07 14:55:00-04:00,37.59,37.69,37.55,37.68,12967.0,37.608
2026-05-07 14:56:00-04:00,37.64,37.7,37.63,37.68,10754.0,37.657
2026-05-07 14:57:00-04:00,37.71,37.71,37.67,37.71,4182.0,37.689
2026-05-07 14:58:00-04:00,37.7,37.71,37.66,37.71,4366.0,37.695
2026-05-07 14:59:00-04:00,37.7,37.73,37.68,37.69,3546.0,37.701
2026-05-07 15:00:00-04:00,37.69,37.73,37.68,37.72,4819.0,37.698
2026-05-07 15:01:00-04:00,37.78,37.88,37.78,37.86,3223.0,37.841
2026-05-07 15:02:00-04:00,37.84,37.84,37.8,37.8,900.0,37.82
2026-05-07 15:03:00-04:00,37.84,37.84,37.76,37.77,670.0,37.797
2026-05-07 15:04:00-04:00,37.78,37.8,37.73,37.73,1743.0,37.761
2026-05-07 15:05:00-04:00,37.7,37.7,37.67,37.68,1701.0,37.682
2026-05-07 15:06:00-04:00,37.67,37.74,37.67,37.73,2432.0,37.706
2026-05-07 15:07:00-04:00,37.72,37.81,37.68,37.71,17431.0,37.755
2026-05-07 15:08:00-04:00,37.69,37.69,37.65,37.66,600.0,37.662
2026-05-07 15:09:00-04:00,37.66,37.74,37.65,37.73,5082.0,37.704
2026-05-07 15:10:00-04:00,37.76,37.85,37.73,37.84,4820.0,37.796
2026-05-07 15:11:00-04:00,37.84,37.86,37.77,37.8,6885.0,37.834
2026-05-07 15:12:00-04:00,37.79,37.81,37.75,37.81,500.0,37.79
2026-05-07 15:13:00-04:00,37.81,37.99,37.79,37.95,6149.0,37.862
2026-05-07 15:14:00-04:00,37.95,37.95,37.83,37.84,5147.0,37.878
2026-05-07 15:15:00-04:00,37.84,37.85,37.82,37.82,762.0,37.84
2026-05-07 15:16:00-04:00,37.84,37.86,37.83,37.86,1505.0,37.848
2026-05-07 15:17:00-04:00,37.86,37.87,37.78,37.78,7001.0,37.837
2026-05-07 15:18:00-04:00,37.77,37.79,37.76,37.77,3000.0,37.779
2026-05-07 15:19:00-04:00,37.79,37.79,37.76,37.76,1400.0,37.764
2026-05-07 15:20:00-04:00,37.75,37.81,37.72,37.79,13437.0,37.784
2026-05-07 15:21:00-04:00,37.78,37.83,37.72,37.83,13400.0,37.741
2026-05-07 15:22:00-04:00,37.84,37.95,37.83,37.91,1637.0,37.87
2026-05-07 15:23:00-04:00,37.95,37.97,37.91,37.93,7182.0,37.946
2026-05-07 15:24:00-04:00,37.95,38.04,37.94,38.01,11863.0,37.997
2026-05-07 15:25:00-04:00,38.04,38.05,37.95,37.96,5666.0,38.021
2026-05-07 15:26:00-04:00,37.98,38.0,37.95,38.0,6643.0,37.973
2026-05-07 15:27:00-04:00,38.03,38.04,38.0,38.0,9453.0,38.022
2026-05-07 15:28:00-04:00,38.03,38.1,38.02,38.04,7573.0,38.053
2026-05-07 15:29:00-04:00,38.05,38.08,37.98,37.99,2348.0,38.022
2026-05-07 15:30:00-04:00,38.01,38.01,37.98,37.98,1284.0,37.991
2026-05-07 15:31:00-04:00,37.98,38.04,37.98,38.04,3209.0,38.014
2026-05-07 15:32:00-04:00,38.02,38.14,38.01,38.04,14898.0,38.061
2026-05-07 15:33:00-04:00,38.04,38.04,37.94,37.95,13664.0,38.017
2026-05-07 15:34:00-04:00,37.95,37.96,37.93,37.93,6107.0,37.945
2026-05-07 15:35:00-04:00,37.93,37.97,37.93,37.93,4702.0,37.946
2026-05-07 15:36:00-04:00,37.93,37.97,37.93,37.94,4285.0,37.947
2026-05-07 15:37:00-04:00,37.94,38.03,37.91,38.0,8790.0,37.95
2026-05-07 15:38:00-04:00,38.01,38.02,37.95,38.02,5810.0,37.997
2026-05-07 15:39:00-04:00,38.02,38.03,38.0,38.02,4372.0,38.011
2026-05-07 15:40:00-04:00,38.04,38.04,38.02,38.04,3270.0,38.028
2026-05-07 15:41:00-04:00,38.05,38.13,38.0,38.0,11721.0,38.059
2026-05-07 15:42:00-04:00,37.98,38.01,37.97,37.97,17467.0,37.986
2026-05-07 15:43:00-04:00,37.98,38.09,37.98,38.08,8666.0,38.039
2026-05-07 15:44:00-04:00,38.09,38.1,38.07,38.07,3944.0,38.083
2026-05-07 15:45:00-04:00,38.07,38.19,38.07,38.17,10287.0,38.121
2026-05-07 15:46:00-04:00,38.17,38.18,38.09,38.1,6015.0,38.13
2026-05-07 15:47:00-04:00,38.09,38.14,38.09,38.13,8359.0,38.111
2026-05-07 15:48:00-04:00,38.13,38.18,38.1,38.18,12347.0,38.152
2026-05-07 15:49:00-04:00,38.19,38.23,38.19,38.23,12567.0,38.214
2026-05-07 15:50:00-04:00,38.24,38.4,38.24,38.4,11297.0,38.334
2026-05-07 15:51:00-04:00,38.38,38.5,38.38,38.48,13059.0,38.458
2026-05-07 15:52:00-04:00,38.48,38.52,38.47,38.5,21477.0,38.489
2026-05-07 15:53:00-04:00,38.5,38.53,38.5,38.52,21283.0,38.514
2026-05-07 15:54:00-04:00,38.52,38.53,38.46,38.47,25035.0,38.49
2026-05-07 15:55:00-04:00,38.48,38.51,38.42,38.46,36002.0,38.472
2026-05-07 15:56:00-04:00,38.46,38.52,38.46,38.52,32476.0,38.488
2026-05-07 15:57:00-04:00,38.52,38.64,38.51,38.63,26824.0,38.558
2026-05-07 15:58:00-04:00,38.64,38.66,38.58,38.59,39118.0,38.631
2026-05-07 15:59:00-04:00,38.59,38.67,38.58,38.6,85262.0,38.621
2026-05-08 09:30:00-04:00,39.06,39.7,39.06,39.69,32197.0,39.319
2026-05-08 09:31:00-04:00,39.48,39.9,39.41,39.75,11031.0,39.727
2026-05-08 09:32:00-04:00,39.84,40.13,39.54,39.78,20265.0,39.859
2026-05-08 09:33:00-04:00,39.93,40.35,39.93,40.23,12128.0,40.196
2026-05-08 09:34:00-04:00,40.2,40.35,40.15,40.17,11825.0,40.272
2026-05-08 09:35:00-04:00,40.21,40.23,40.06,40.08,6638.0,40.149
2026-05-08 09:36:00-04:00,40.16,40.26,40.01,40.11,31544.0,40.109
2026-05-08 09:37:00-04:00,40.11,40.29,40.11,40.29,9919.0,40.192
2026-05-08 09:38:00-04:00,40.27,40.33,40.14,40.25,10888.0,40.28
2026-05-08 09:39:00-04:00,40.25,40.54,40.25,40.54,125759.0,40.457
2026-05-08 09:40:00-04:00,40.56,40.86,40.55,40.8,35467.0,40.709
2026-05-08 09:41:00-04:00,40.77,40.85,40.69,40.76,8333.0,40.74
2026-05-08 09:42:00-04:00,40.7,41.1,40.64,40.95,39248.0,40.901
2026-05-08 09:43:00-04:00,40.95,41.02,40.22,40.34,24191.0,40.774
2026-05-08 09:44:00-04:00,40.55,40.55,40.21,40.24,5506.0,40.329
2026-05-08 09:45:00-04:00,40.25,40.29,39.68,39.75,35376.0,39.906
2026-05-08 09:46:00-04:00,39.96,39.96,39.51,39.6,9161.0,39.607
2026-05-08 09:47:00-04:00,39.6,39.7,39.51,39.63,12132.0,39.585
2026-05-08 09:48:00-04:00,39.6,39.63,39.46,39.46,24717.0,39.556
2026-05-08 09:49:00-04:00,39.47,39.56,39.43,39.46,9034.0,39.478
2026-05-08 09:50:00-04:00,39.47,39.48,39.32,39.34,9474.0,39.413
2026-05-08 09:51:00-04:00,39.38,39.39,39.2,39.21,12023.0,39.274
2026-05-08 09:52:00-04:00,39.22,39.32,39.16,39.16,16587.0,39.25
2026-05-08 09:53:00-04:00,39.17,39.22,39.04,39.04,8147.0,39.149
2026-05-08 09:54:00-04:00,39.01,39.08,39.0,39.0,15553.0,39.028
2026-05-08 09:55:00-04:00,39.03,39.36,39.02,39.3,12421.0,39.125
2026-05-08 09:56:00-04:00,39.28,39.38,39.19,39.19,5444.0,39.253
2026-05-08 09:57:00-04:00,39.17,39.31,39.09,39.15,2795.0,39.169
2026-05-08 09:58:00-04:00,39.15,39.18,39.08,39.13,9675.0,39.148
2026-05-08 09:59:00-04:00,39.13,39.2,38.95,38.95,12431.0,39.029
2026-05-08 10:00:00-04:00,39.03,39.05,38.96,39.0,6879.0,39.0
2026-05-08 10:01:00-04:00,39.0,39.04,38.83,38.91,7746.0,38.929
2026-05-08 10:02:00-04:00,38.89,38.95,38.78,38.91,5395.0,38.879
2026-05-08 10:03:00-04:00,38.91,38.99,38.91,38.91,10021.0,38.932
2026-05-08 10:04:00-04:00,38.89,38.91,38.84,38.9,4375.0,38.882
2026-05-08 10:05:00-04:00,38.9,39.05,38.9,38.96,13102.0,39.004
2026-05-08 10:06:00-04:00,38.99,39.06,38.9,39.02,12717.0,38.994
2026-05-08 10:07:00-04:00,39.01,39.11,38.96,39.08,6830.0,39.026
2026-05-08 10:08:00-04:00,39.04,39.2,39.02,39.13,5168.0,39.099
2026-05-08 10:09:00-04:00,39.11,39.19,39.09,39.1,3611.0,39.114
2026-05-08 10:10:00-04:00,39.13,39.17,39.09,39.09,2854.0,39.138
2026-05-08 10:11:00-04:00,39.07,39.13,39.04,39.11,4447.0,39.081
2026-05-08 10:12:00-04:00,39.1,39.12,39.02,39.11,7569.0,39.047
2026-05-08 10:13:00-04:00,39.12,39.12,38.93,39.03,4680.0,39.015
2026-05-08 10:14:00-04:00,38.98,38.99,38.86,38.95,1130.0,38.928
2026-05-08 10:15:00-04:00,38.95,39.23,38.94,39.21,10312.0,39.048
2026-05-08 10:16:00-04:00,39.24,39.25,39.19,39.23,1022.0,39.214
2026-05-08 10:17:00-04:00,39.31,39.32,39.15,39.23,3650.0,39.254
2026-05-08 10:18:00-04:00,39.23,39.43,39.22,39.39,10513.0,39.365
2026-05-08 10:19:00-04:00,39.38,39.38,39.28,39.32,2206.0,39.343
2026-05-08 10:20:00-04:00,39.28,39.3,39.18,39.28,2792.0,39.243
2026-05-08 10:21:00-04:00,39.26,39.26,39.11,39.17,3250.0,39.183
2026-05-08 10:22:00-04:00,39.11,39.11,39.06,39.06,438.0,39.093
2026-05-08 10:23:00-04:00,39.04,39.09,38.99,39.03,5597.0,39.038
2026-05-08 10:24:00-04:00,39.09,39.09,39.0,39.02,1746.0,39.028
2026-05-08 10:25:00-04:00,38.98,38.99,38.92,38.94,1335.0,38.959
2026-05-08 10:26:00-04:00,38.95,38.95,38.89,38.89,4110.0,38.943
2026-05-08 10:27:00-04:00,38.92,38.92,38.75,38.75,8583.0,38.799
2026-05-08 10:28:00-04:00,38.73,38.82,38.73,38.8,1453.0,38.791
2026-05-08 10:29:00-04:00,38.8,38.8,38.68,38.71,3670.0,38.726
2026-05-08 10:30:00-04:00,38.76,38.82,38.71,38.71,3891.0,38.79
2026-05-08 10:31:00-04:00,38.82,38.94,38.82,38.93,1833.0,38.889
2026-05-08 10:32:00-04:00,38.92,38.99,38.78,38.78,4837.0,38.877
2026-05-08 10:33:00-04:00,38.86,38.87,38.75,38.78,3988.0,38.759
2026-05-08 10:34:00-04:00,38.8,38.82,38.72,38.82,5213.0,38.743
2026-05-08 10:35:00-04:00,38.81,38.82,38.75,38.75,2016.0,38.785
2026-05-08 10:36:00-04:00,38.84,38.84,38.75,38.82,1925.0,38.772
2026-05-08 10:37:00-04:00,38.81,38.81,38.77,38.77,3295.0,38.794
2026-05-08 10:38:00-04:00,38.77,38.82,38.73,38.79,2088.0,38.758
2026-05-08 10:39:00-04:00,38.85,39.0,38.83,38.96,5938.0,38.924
2026-05-08 10:40:00-04:00,38.9,38.95,38.88,38.95,3631.0,38.928
2026-05-08 10:41:00-04:00,38.8,38.84,38.76,38.84,800.0,38.804
2026-05-08 10:42:00-04:00,38.87,38.88,38.85,38.86,4696.0,38.861
2026-05-08 10:43:00-04:00,38.88,38.9,38.86,38.89,800.0,38.877
2026-05-08 10:44:00-04:00,38.95,39.11,38.95,39.06,13621.0,39.026
2026-05-08 10:45:00-04:00,39.15,39.16,39.1,39.13,2400.0,39.139
2026-05-08 10:46:00-04:00,39.14,39.17,39.14,39.16,300.0,39.157
2026-05-08 10:47:00-04:00,39.19,39.29,39.19,39.28,5511.0,39.254
2026-05-08 10:48:00-04:00,39.31,39.34,39.19,39.2,3911.0,39.278
2026-05-08 10:49:00-04:00,39.19,39.29,39.19,39.25,1275.0,39.248
2026-05-08 10:50:00-04:00,39.23,39.43,39.22,39.42,3687.0,39.316
2026-05-08 10:51:00-04:00,39.42,39.43,39.37,39.37,1542.0,39.39
2026-05-08 10:52:00-04:00,39.4,39.46,39.37,39.39,2000.0,39.381
2026-05-08 10:53:00-04:00,39.44,39.46,39.29,39.38,3342.0,39.422
2026-05-08 10:54:00-04:00,39.43,39.52,39.38,39.39,9046.0,39.437
2026-05-08 10:55:00-04:00,39.45,39.45,39.37,39.38,1530.0,39.415
2026-05-08 10:56:00-04:00,39.36,39.39,39.24,39.3,4804.0,39.31
2026-05-08 10:57:00-04:00,39.25,39.25,39.25,39.25,220.0,39.25
2026-05-08 10:58:00-04:00,39.25,39.26,39.15,39.15,1084.0,39.223
2026-05-08 10:59:00-04:00,39.14,39.15,38.98,38.98,2990.0,39.065
2026-05-08 11:00:00-04:00,39.06,39.11,38.98,38.98,5596.0,39.068
2026-05-08 11:01:00-04:00,39.0,39.01,38.96,39.01,5535.0,38.993
2026-05-08 11:02:00-04:00,38.99,39.07,38.95,39.0,9289.0,38.997
2026-05-08 11:03:00-04:00,39.01,39.08,38.97,38.99,3074.0,39.022
2026-05-08 11:04:00-04:00,38.97,39.05,38.97,38.99,7536.0,39.022
2026-05-08 11:05:00-04:00,39.0,39.0,38.9,38.9,2180.0,38.971
2026-05-08 11:06:00-04:00,38.93,38.93,38.86,38.92,8134.0,38.889
2026-05-08 11:07:00-04:00,38.93,38.93,38.92,38.92,300.0,38.923
2026-05-08 11:08:00-04:00,38.88,39.03,38.85,39.03,2000.0,38.943
2026-05-08 11:09:00-04:00,39.1,39.1,39.07,39.07,200.0,39.087
2026-05-08 11:10:00-04:00,39.0,39.1,39.0,39.05,1021.0,39.07
2026-05-08 11:11:00-04:00,39.05,39.06,38.96,38.98,3534.0,39.005
2026-05-08 11:12:00-04:00,39.0,39.05,39.0,39.05,335.0,39.025
2026-05-08 11:13:00-04:00,39.06,39.07,39.03,39.06,1680.0,39.058
2026-05-08 11:14:00-04:00,39.06,39.07,38.99,38.99,1240.0,39.019
2026-05-08 11:15:00-04:00,39.02,39.07,39.01,39.01,3597.0,39.025
2026-05-08 11:16:00-04:00,39.01,39.01,38.92,38.92,2058.0,38.968
2026-05-08 11:17:00-04:00,38.94,39.31,38.93,39.31,4265.0,39.091
2026-05-08 11:18:00-04:00,39.29,39.55,39.29,39.36,14419.0,39.439
2026-05-08 11:19:00-04:00,39.59,39.59,39.41,39.5,2000.0,39.476
2026-05-08 11:20:00-04:00,39.5,39.59,39.5,39.59,4631.0,39.546
2026-05-08 11:21:00-04:00,39.56,39.77,39.56,39.77,4639.0,39.651
2026-05-08 11:22:00-04:00,39.73,39.77,39.67,39.75,6903.0,39.712
2026-05-08 11:23:00-04:00,39.69,39.7,39.6,39.63,2802.0,39.667
2026-05-08 11:24:00-04:00,39.62,39.71,39.57,39.71,1758.0,39.654
2026-05-08 11:25:00-04:00,39.74,39.9,39.71,39.9,4644.0,39.777
2026-05-08 11:26:00-04:00,39.85,39.98,39.85,39.95,10446.0,39.937
2026-05-08 11:27:00-04:00,39.98,40.01,39.88,39.91,12146.0,39.994
2026-05-08 11:28:00-04:00,39.9,39.96,39.86,39.89,15649.0,39.88
2026-05-08 11:29:00-04:00,39.93,40.0,39.91,40.0,9047.0,39.963
2026-05-08 11:30:00-04:00,40.0,40.04,39.97,39.99,5762.0,40.009
2026-05-08 11:31:00-04:00,40.01,40.13,40.0,40.1,2920.0,40.057
2026-05-08 11:32:00-04:00,40.06,40.19,40.06,40.19,2730.0,40.142
2026-05-08 11:33:00-04:00,40.12,40.35,40.12,40.33,11957.0,40.222
2026-05-08 11:34:00-04:00,40.26,40.33,40.2,40.2,2733.0,40.277
2026-05-08 11:35:00-04:00,40.23,40.35,40.12,40.3,4995.0,40.234
2026-05-08 11:36:00-04:00,40.33,40.42,40.25,40.42,659.0,40.312
2026-05-08 11:37:00-04:00,40.33,40.49,40.25,40.45,15683.0,40.421
2026-05-08 11:38:00-04:00,40.4,40.45,40.32,40.4,3445.0,40.402
2026-05-08 11:39:00-04:00,40.3,40.39,40.3,40.34,6712.0,40.357
2026-05-08 11:40:00-04:00,40.37,40.44,40.37,40.44,2236.0,40.393
2026-05-08 11:41:00-04:00,40.43,40.67,40.38,40.56,13183.0,40.495
2026-05-08 11:42:00-04:00,40.55,40.63,40.5,40.51,11069.0,40.551
2026-05-08 11:43:00-04:00,40.55,40.63,40.45,40.47,5908.0,40.511
2026-05-08 11:44:00-04:00,40.48,40.59,40.43,40.51,4300.0,40.505
2026-05-08 11:45:00-04:00,40.56,40.56,40.48,40.49,1606.0,40.526
2026-05-08 11:46:00-04:00,40.45,40.56,40.39,40.39,8089.0,40.463
2026-05-08 11:47:00-04:00,40.4,40.65,40.39,40.6,8452.0,40.553
2026-05-08 11:48:00-04:00,40.57,40.95,40.57,40.95,51599.0,40.712
2026-05-08 11:49:00-04:00,40.89,40.98,40.8,40.8,25591.0,40.936
2026-05-08 11:50:00-04:00,40.97,40.97,40.76,40.76,1847.0,40.855
2026-05-08 11:51:00-04:00,40.76,40.8,40.76,40.8,3057.0,40.777
2026-05-08 11:52:00-04:00,40.73,40.82,40.69,40.82,7654.0,40.759
2026-05-08 11:53:00-04:00,40.78,40.79,40.71,40.76,3909.0,40.75
2026-05-08 11:54:00-04:00,40.77,40.97,40.74,40.95,16723.0,40.882
2026-05-08 11:55:00-04:00,40.97,40.97,40.79,40.84,3000.0,40.891
2026-05-08 11:56:00-04:00,40.79,40.84,40.66,40.66,5070.0,40.77
2026-05-08 11:57:00-04:00,40.71,40.72,40.58,40.67,1705.0,40.668
2026-05-08 11:58:00-04:00,40.66,40.67,40.61,40.61,1500.0,40.647
2026-05-08 11:59:00-04:00,40.61,40.73,40.61,40.64,6430.0,40.666
2026-05-08 12:00:00-04:00,40.69,40.7,40.59,40.6,2682.0,40.66
2026-05-08 12:01:00-04:00,40.56,40.58,40.4,40.47,4067.0,40.464
2026-05-08 12:02:00-04:00,40.46,40.48,40.46,40.46,1450.0,40.465
2026-05-08 12:03:00-04:00,40.52,40.54,40.51,40.53,1248.0,40.523
2026-05-08 12:04:00-04:00,40.54,40.64,40.52,40.62,2119.0,40.579
2026-05-08 12:05:00-04:00,40.61,40.62,40.41,40.41,2896.0,40.532
2026-05-08 12:06:00-04:00,40.41,40.59,40.41,40.59,2849.0,40.466
2026-05-08 12:07:00-04:00,40.64,40.66,40.59,40.59,1900.0,40.625
2026-05-08 12:08:00-04:00,40.59,40.75,40.56,40.7,14120.0,40.655
2026-05-08 12:09:00-04:00,40.7,40.8,40.63,40.76,13526.0,40.756
2026-05-08 12:10:00-04:00,40.8,40.84,40.75,40.8,2815.0,40.784
2026-05-08 12:11:00-04:00,40.8,40.85,40.75,40.85,13000.0,40.793
2026-05-08 12:12:00-04:00,40.8,40.88,40.78,40.86,6069.0,40.844
2026-05-08 12:13:00-04:00,40.87,40.91,40.87,40.87,6819.0,40.892
2026-05-08 12:14:00-04:00,40.84,40.89,40.76,40.76,1790.0,40.832
2026-05-08 12:15:00-04:00,40.76,40.82,40.74,40.81,3710.0,40.782
2026-05-08 12:16:00-04:00,40.75,40.75,40.68,40.68,3796.0,40.725
2026-05-08 12:17:00-04:00,40.7,40.7,40.37,40.42,2700.0,40.512
2026-05-08 12:18:00-04:00,40.35,40.46,40.34,40.45,7334.0,40.396
2026-05-08 12:19:00-04:00,40.44,40.49,40.4,40.42,6294.0,40.447
2026-05-08 12:20:00-04:00,40.44,40.45,40.34,40.34,1317.0,40.421
2026-05-08 12:21:00-04:00,40.3,40.43,40.29,40.35,3674.0,40.325
2026-05-08 12:22:00-04:00,40.29,40.4,40.27,40.31,10335.0,40.333
2026-05-08 12:23:00-04:00,40.3,40.45,40.3,40.45,2365.0,40.38
2026-05-08 12:24:00-04:00,40.45,40.51,40.45,40.51,3460.0,40.471
2026-05-08 12:25:00-04:00,40.45,40.52,40.39,40.48,18377.0,40.445
2026-05-08 12:26:00-04:00,40.45,40.48,40.44,40.45,500.0,40.455
2026-05-08 12:27:00-04:00,40.42,40.42,40.24,40.38,8916.0,40.303
2026-05-08 12:28:00-04:00,40.46,40.46,40.24,40.41,2309.0,40.366
2026-05-08 12:29:00-04:00,40.46,40.47,40.33,40.37,2255.0,40.4
2026-05-08 12:30:00-04:00,40.35,40.4,40.33,40.35,1375.0,40.359
2026-05-08 12:31:00-04:00,40.35,40.39,40.3,40.33,8590.0,40.349
2026-05-08 12:32:00-04:00,40.36,40.42,40.29,40.39,5532.0,40.357
2026-05-08 12:33:00-04:00,40.4,40.58,40.4,40.5,2101.0,40.517
2026-05-08 12:34:00-04:00,40.51,40.52,40.5,40.5,4400.0,40.501
2026-05-08 12:35:00-04:00,40.52,40.52,40.38,40.39,3550.0,40.425
2026-05-08 12:36:00-04:00,40.39,40.39,40.39,40.39,400.0,40.39
2026-05-08 12:37:00-04:00,40.39,40.53,40.31,40.52,1416.0,40.484
2026-05-08 12:38:00-04:00,40.47,40.47,40.47,40.47,779.0,40.47
2026-05-08 12:39:00-04:00,40.47,40.5,40.44,40.44,800.0,40.474
2026-05-08 12:40:00-04:00,40.44,40.47,40.42,40.45,1400.0,40.441
2026-05-08 12:41:00-04:00,40.42,40.43,40.39,40.39,1700.0,40.415
2026-05-08 12:42:00-04:00,40.39,40.4,40.35,40.35,1174.0,40.386
2026-05-08 12:43:00-04:00,40.41,40.48,40.4,40.48,3316.0,40.439
2026-05-08 12:44:00-04:00,40.45,40.45,40.4,40.43,1100.0,40.419
2026-05-08 12:45:00-04:00,40.39,40.44,40.39,40.4,800.0,40.419
2026-05-08 12:46:00-04:00,40.39,40.47,40.36,40.36,1533.0,40.406
2026-05-08 12:47:00-04:00,40.44,40.44,40.37,40.37,1654.0,40.42
2026-05-08 12:48:00-04:00,40.41,40.46,40.4,40.41,1592.0,40.426
2026-05-08 12:49:00-04:00,40.38,40.46,40.38,40.43,2652.0,40.453
2026-05-08 12:50:00-04:00,40.44,40.46,40.44,40.46,200.0,40.451
2026-05-08 12:51:00-04:00,40.45,40.57,40.43,40.52,7682.0,40.487
2026-05-08 12:52:00-04:00,40.54,40.57,40.51,40.56,6917.0,40.556
2026-05-08 12:53:00-04:00,40.64,40.74,40.63,40.73,2789.0,40.695
2026-05-08 12:54:00-04:00,40.77,40.77,40.67,40.71,5516.0,40.702
2026-05-08 12:55:00-04:00,40.72,40.72,40.63,40.66,3000.0,40.685
2026-05-08 12:56:00-04:00,40.61,40.61,40.49,40.52,2575.0,40.546
2026-05-08 12:57:00-04:00,40.52,40.68,40.52,40.68,2073.0,40.597
2026-05-08 12:58:00-04:00,40.68,40.68,40.57,40.57,2164.0,40.612
2026-05-08 12:59:00-04:00,40.54,40.58,40.53,40.58,500.0,40.546
2026-05-08 13:00:00-04:00,40.62,40.62,40.49,40.49,1300.0,40.562
2026-05-08 13:01:00-04:00,40.56,40.56,40.49,40.5,700.0,40.517
2026-05-08 13:02:00-04:00,40.54,40.75,40.54,40.75,7388.0,40.644
2026-05-08 13:03:00-04:00,40.75,40.76,40.75,40.75,818.0,40.754
2026-05-08 13:04:00-04:00,40.75,40.76,40.7,40.73,2623.0,40.73
2026-05-08 13:05:00-04:00,40.71,40.74,40.71,40.73,449.0,40.729
2026-05-08 13:06:00-04:00,40.71,40.75,40.59,40.64,9106.0,40.706
2026-05-08 13:07:00-04:00,40.61,40.62,40.61,40.61,300.0,40.615
2026-05-08 13:08:00-04:00,40.58,40.69,40.58,40.63,7262.0,40.655
2026-05-08 13:09:00-04:00,40.65,40.73,40.65,40.68,5518.0,40.678
2026-05-08 13:10:00-04:00,40.67,40.68,40.67,40.67,620.0,40.675
2026-05-08 13:11:00-04:00,40.63,40.71,40.63,40.63,1052.0,40.676
2026-05-08 13:12:00-04:00,40.68,40.7,40.61,40.63,6263.0,40.646
2026-05-08 13:13:00-04:00,40.58,40.64,40.58,40.64,4992.0,40.628
2026-05-08 13:14:00-04:00,40.64,40.64,40.57,40.59,3554.0,40.604
2026-05-08 13:15:00-04:00,40.61,40.61,40.51,40.52,3499.0,40.565
2026-05-08 13:16:00-04:00,40.5,40.5,40.38,40.38,3493.0,40.41
2026-05-08 13:17:00-04:00,40.38,40.47,40.38,40.47,1111.0,40.431
2026-05-08 13:18:00-04:00,40.43,40.56,40.43,40.52,4456.0,40.507
2026-05-08 13:19:00-04:00,40.52,40.59,40.47,40.56,1429.0,40.55
2026-05-08 13:20:00-04:00,40.57,40.57,40.56,40.57,2225.0,40.569
2026-05-08 13:21:00-04:00,40.57,40.58,40.5,40.5,2900.0,40.508
2026-05-08 13:22:00-04:00,40.54,40.61,40.5,40.59,2200.0,40.557
2026-05-08 13:23:00-04:00,40.59,40.64,40.59,40.61,1400.0,40.608
2026-05-08 13:24:00-04:00,40.57,40.57,40.49,40.52,1899.0,40.544
2026-05-08 13:25:00-04:00,40.51,40.57,40.51,40.57,813.0,40.558
2026-05-08 13:26:00-04:00,40.56,40.8,40.56,40.8,4566.0,40.688
2026-05-08 13:27:00-04:00,40.76,40.93,40.75,40.93,3767.0,40.845
2026-05-08 13:28:00-04:00,40.93,40.97,40.88,40.96,3512.0,40.934
2026-05-08 13:29:00-04:00,40.95,41.14,40.95,41.14,21078.0,41.034
2026-05-08 13:30:00-04:00,41.13,41.15,41.09,41.12,12712.0,41.111
2026-05-08 13:31:00-04:00,41.13,41.24,41.1,41.24,22221.0,41.169
2026-05-08 13:32:00-04:00,41.21,41.34,41.18,41.25,45380.0,41.274
2026-05-08 13:33:00-04:00,41.19,41.22,41.16,41.21,15653.0,41.191
2026-05-08 13:34:00-04:00,41.21,41.34,41.15,41.3,15936.0,41.269
2026-05-08 13:35:00-04:00,41.31,41.35,41.23,41.29,12410.0,41.326
2026-05-08 13:36:00-04:00,41.29,41.3,41.13,41.27,7955.0,41.196
2026-05-08 13:37:00-04:00,41.17,41.29,41.12,41.14,14342.0,41.193
2026-05-08 13:38:00-04:00,41.12,41.18,41.02,41.02,1976.0,41.089
2026-05-08 13:39:00-04:00,41.12,41.14,41.02,41.11,1906.0,41.074
2026-05-08 13:40:00-04:00,41.04,41.19,41.04,41.16,6408.0,41.067
2026-05-08 13:41:00-04:00,41.16,41.18,41.12,41.16,1307.0,41.145
2026-05-08 13:42:00-04:00,41.16,41.24,41.11,41.24,7101.0,41.151
2026-05-08 13:43:00-04:00,41.23,41.24,41.13,41.13,9599.0,41.192
2026-05-08 13:44:00-04:00,41.11,41.16,41.08,41.16,13415.0,41.107
2026-05-08 13:45:00-04:00,41.16,41.16,41.03,41.07,10392.0,41.087
2026-05-08 13:46:00-04:00,41.05,41.1,41.0,41.08,3865.0,41.036
2026-05-08 13:47:00-04:00,41.03,41.04,40.88,40.89,6734.0,40.948
2026-05-08 13:48:00-04:00,40.91,40.94,40.87,40.89,2451.0,40.92
2026-05-08 13:49:00-04:00,40.91,40.94,40.89,40.91,1517.0,40.917
2026-05-08 13:50:00-04:00,40.94,40.98,40.81,40.91,3592.0,40.925
2026-05-08 13:51:00-04:00,40.82,40.88,40.76,40.81,3873.0,40.811
2026-05-08 13:52:00-04:00,40.81,40.88,40.78,40.78,2191.0,40.808
2026-05-08 13:53:00-04:00,40.73,41.05,40.72,41.04,11321.0,40.823
2026-05-08 13:54:00-04:00,41.04,41.16,41.04,41.05,12416.0,41.115
2026-05-08 13:55:00-04:00,41.11,41.2,41.1,41.2,4942.0,41.128
2026-05-08 13:56:00-04:00,41.2,41.35,41.2,41.35,2368.0,41.277
2026-05-08 13:57:00-04:00,41.34,41.36,41.3,41.35,2029.0,41.346
2026-05-08 13:58:00-04:00,41.25,41.25,41.17,41.18,1000.0,41.207
2026-05-08 13:59:00-04:00,41.13,41.18,41.13,41.17,500.0,41.166
2026-05-08 14:00:00-04:00,41.14,41.3,41.14,41.29,2910.0,41.258
2026-05-08 14:01:00-04:00,41.28,41.28,41.27,41.28,2075.0,41.28
2026-05-08 14:02:00-04:00,41.25,41.27,41.24,41.27,1300.0,41.257
2026-05-08 14:03:00-04:00,41.22,41.35,41.22,41.3,2604.0,41.296
2026-05-08 14:04:00-04:00,41.3,41.41,41.3,41.39,8466.0,41.373
2026-05-08 14:05:00-04:00,41.44,41.46,41.38,41.38,1480.0,41.437
2026-05-08 14:06:00-04:00,41.42,41.62,41.38,41.53,13532.0,41.535
2026-05-08 14:07:00-04:00,41.5,41.6,41.48,41.54,4498.0,41.501
2026-05-08 14:08:00-04:00,41.53,41.54,41.52,41.52,750.0,41.53
2026-05-08 14:09:00-04:00,41.56,41.57,41.53,41.55,2966.0,41.549
2026-05-08 14:10:00-04:00,41.58,41.6,41.52,41.56,2530.0,41.565
2026-05-08 14:11:00-04:00,41.56,41.59,41.52,41.53,2015.0,41.544
2026-05-08 14:12:00-04:00,41.53,41.64,41.53,41.59,6149.0,41.582
2026-05-08 14:13:00-04:00,41.61,41.62,41.51,41.56,14397.0,41.541
2026-05-08 14:14:00-04:00,41.55,41.64,41.52,41.62,3522.0,41.565
2026-05-08 14:15:00-04:00,41.62,41.64,41.58,41.58,3518.0,41.607
2026-05-08 14:16:00-04:00,41.58,41.59,41.54,41.58,2203.0,41.566
2026-05-08 14:17:00-04:00,41.53,41.58,41.53,41.57,286.0,41.546
2026-05-08 14:18:00-04:00,41.57,41.58,41.4,41.51,19575.0,41.486
2026-05-08 14:19:00-04:00,41.48,41.58,41.48,41.54,1987.0,41.534
2026-05-08 14:20:00-04:00,41.5,41.51,41.47,41.5,5415.0,41.496
2026-05-08 14:21:00-04:00,41.48,41.5,41.47,41.48,3105.0,41.486
2026-05-08 14:22:00-04:00,41.48,41.53,41.47,41.53,1744.0,41.504
2026-05-08 14:23:00-04:00,41.53,41.54,41.41,41.42,4100.0,41.501
2026-05-08 14:24:00-04:00,41.48,41.49,41.43,41.48,1100.0,41.45
2026-05-08 14:25:00-04:00,41.44,41.49,41.43,41.48,400.0,41.446
2026-05-08 14:26:00-04:00,41.44,41.55,41.44,41.53,2800.0,41.512
2026-05-08 14:27:00-04:00,41.55,41.55,41.47,41.47,4164.0,41.513
2026-05-08 14:28:00-04:00,41.46,41.51,41.43,41.43,2925.0,41.449
2026-05-08 14:29:00-04:00,41.39,41.46,41.29,41.29,4120.0,41.4
2026-05-08 14:30:00-04:00,41.36,41.36,41.27,41.29,2224.0,41.297
2026-05-08 14:31:00-04:00,41.2,41.27,41.03,41.04,3185.0,41.141
2026-05-08 14:32:00-04:00,41.04,41.16,41.04,41.15,853.0,41.097
2026-05-08 14:33:00-04:00,41.09,41.12,41.08,41.12,1270.0,41.095
2026-05-08 14:34:00-04:00,41.1,41.13,41.06,41.1,1388.0,41.106
2026-05-08 14:35:00-04:00,41.11,41.14,41.08,41.11,2124.0,41.108
2026-05-08 14:36:00-04:00,41.13,41.16,41.09,41.09,3545.0,41.131
2026-05-08 14:37:00-04:00,41.08,41.15,41.08,41.15,931.0,41.111
2026-05-08 14:38:00-04:00,41.14,41.16,41.12,41.12,3963.0,41.141
2026-05-08 14:39:00-04:00,41.14,41.14,41.02,41.02,4708.0,41.116
2026-05-08 14:40:00-04:00,41.01,41.02,40.95,40.98,4439.0,40.992
2026-05-08 14:41:00-04:00,40.98,40.98,40.94,40.94,500.0,40.972
2026-05-08 14:42:00-04:00,40.95,41.0,40.92,40.92,5694.0,40.927
2026-05-08 14:43:00-04:00,40.93,40.98,40.93,40.93,603.0,40.961
2026-05-08 14:44:00-04:00,40.91,40.92,40.68,40.71,2370.0,40.81
2026-05-08 14:45:00-04:00,40.67,40.75,40.65,40.71,1937.0,40.704
2026-05-08 14:46:00-04:00,40.66,40.66,40.55,40.55,2334.0,40.622
2026-05-08 14:47:00-04:00,40.56,40.62,40.56,40.61,1400.0,40.585
2026-05-08 14:48:00-04:00,40.56,40.62,40.53,40.53,900.0,40.587
2026-05-08 14:49:00-04:00,40.53,40.62,40.46,40.48,6578.0,40.513
2026-05-08 14:50:00-04:00,40.51,40.56,40.49,40.49,1305.0,40.52
2026-05-08 14:51:00-04:00,40.55,40.55,40.33,40.42,5980.0,40.412
2026-05-08 14:52:00-04:00,40.51,40.51,40.4,40.41,2425.0,40.471
2026-05-08 14:53:00-04:00,40.41,40.47,40.41,40.47,2993.0,40.449
2026-05-08 14:54:00-04:00,40.43,40.43,40.37,40.37,1500.0,40.394
2026-05-08 14:55:00-04:00,40.39,40.43,40.36,40.42,5468.0,40.409
2026-05-08 14:56:00-04:00,40.43,40.47,40.41,40.44,3100.0,40.441
2026-05-08 14:57:00-04:00,40.45,40.46,40.37,40.44,2828.0,40.408
2026-05-08 14:58:00-04:00,40.38,40.45,40.36,40.39,3054.0,40.401
2026-05-08 14:59:00-04:00,40.35,40.35,40.08,40.3,20221.0,40.259
2026-05-08 15:00:00-04:00,40.25,40.38,40.22,40.23,1815.0,40.251
2026-05-08 15:01:00-04:00,40.36,40.43,40.26,40.42,1924.0,40.375
2026-05-08 15:02:00-04:00,40.44,40.49,40.37,40.39,9596.0,40.449
2026-05-08 15:03:00-04:00,40.4,40.5,40.4,40.49,6330.0,40.477
2026-05-08 15:04:00-04:00,40.48,40.5,40.46,40.5,720.0,40.481
2026-05-08 15:05:00-04:00,40.52,40.53,40.52,40.53,500.0,40.522
2026-05-08 15:06:00-04:00,40.57,40.62,40.54,40.61,2346.0,40.586
2026-05-08 15:07:00-04:00,40.55,40.59,40.55,40.56,300.0,40.565
2026-05-08 15:08:00-04:00,40.59,40.69,40.59,40.68,1100.0,40.634
2026-05-08 15:09:00-04:00,40.75,40.82,40.69,40.79,5330.0,40.769
2026-05-08 15:10:00-04:00,40.8,40.8,40.74,40.75,2225.0,40.757
2026-05-08 15:11:00-04:00,40.75,40.76,40.73,40.73,619.0,40.749
2026-05-08 15:12:00-04:00,40.73,40.8,40.73,40.79,2300.0,40.747
2026-05-08 15:13:00-04:00,40.8,40.81,40.79,40.8,690.0,40.797
2026-05-08 15:14:00-04:00,40.77,40.88,40.74,40.74,5075.0,40.821
2026-05-08 15:15:00-04:00,40.73,40.81,40.72,40.8,4538.0,40.792
2026-05-08 15:16:00-04:00,40.8,40.8,40.77,40.77,1679.0,40.794
2026-05-08 15:17:00-04:00,40.8,40.87,40.72,40.84,7152.0,40.782
2026-05-08 15:18:00-04:00,40.84,40.86,40.84,40.85,500.0,40.848
2026-05-08 15:19:00-04:00,40.87,40.88,40.8,40.81,1120.0,40.823
2026-05-08 15:20:00-04:00,40.8,40.82,40.77,40.82,838.0,40.805
2026-05-08 15:21:00-04:00,40.83,40.85,40.77,40.77,2900.0,40.812
2026-05-08 15:22:00-04:00,40.76,40.85,40.76,40.85,2824.0,40.833
2026-05-08 15:23:00-04:00,40.87,40.9,40.79,40.88,5759.0,40.861
2026-05-08 15:24:00-04:00,40.86,40.86,40.79,40.79,2797.0,40.842
2026-05-08 15:25:00-04:00,40.76,40.85,40.74,40.75,2790.0,40.796
2026-05-08 15:26:00-04:00,40.75,40.8,40.73,40.73,6213.0,40.745
2026-05-08 15:27:00-04:00,40.73,40.79,40.68,40.69,2285.0,40.714
2026-05-08 15:28:00-04:00,40.68,40.75,40.66,40.66,4167.0,40.691
2026-05-08 15:29:00-04:00,40.65,40.66,40.53,40.53,1511.0,40.615
2026-05-08 15:30:00-04:00,40.54,40.64,40.53,40.6,3544.0,40.591
2026-05-08 15:31:00-04:00,40.61,40.74,40.61,40.74,5813.0,40.69
2026-05-08 15:32:00-04:00,40.74,40.88,40.74,40.87,9009.0,40.801
2026-05-08 15:33:00-04:00,40.86,41.01,40.82,41.0,7068.0,40.892
2026-05-08 15:34:00-04:00,40.98,41.12,40.97,41.12,2834.0,41.041
2026-05-08 15:35:00-04:00,41.13,41.18,41.09,41.16,3273.0,41.123
2026-05-08 15:36:00-04:00,41.17,41.37,41.17,41.34,4796.0,41.31
2026-05-08 15:37:00-04:00,41.33,41.37,41.31,41.35,2440.0,41.331
2026-05-08 15:38:00-04:00,41.39,41.39,41.31,41.33,10447.0,41.353
2026-05-08 15:39:00-04:00,41.35,41.47,41.31,41.31,15198.0,41.369
2026-05-08 15:40:00-04:00,41.28,41.28,41.23,41.26,2482.0,41.259
2026-05-08 15:41:00-04:00,41.27,41.33,41.26,41.32,11769.0,41.296
2026-05-08 15:42:00-04:00,41.35,41.45,41.28,41.38,19325.0,41.365
2026-05-08 15:43:00-04:00,41.41,41.45,41.39,41.44,7979.0,41.427
2026-05-08 15:44:00-04:00,41.44,41.56,41.44,41.46,16086.0,41.507
2026-05-08 15:45:00-04:00,41.45,41.46,41.41,41.45,8279.0,41.436
2026-05-08 15:46:00-04:00,41.43,41.45,41.39,41.39,7923.0,41.429
2026-05-08 15:47:00-04:00,41.41,41.42,41.31,41.31,4528.0,41.357
2026-05-08 15:48:00-04:00,41.31,41.36,41.29,41.35,8221.0,41.334
2026-05-08 15:49:00-04:00,41.33,41.35,41.3,41.3,10375.0,41.327
2026-05-08 15:50:00-04:00,41.31,41.61,41.29,41.57,30767.0,41.468
2026-05-08 15:51:00-04:00,41.57,41.59,41.55,41.56,5848.0,41.57
2026-05-08 15:52:00-04:00,41.56,41.59,41.44,41.49,15470.0,41.549
2026-05-08 15:53:00-04:00,41.49,41.57,41.49,41.52,12996.0,41.523
2026-05-08 15:54:00-04:00,41.52,41.54,41.41,41.41,19242.0,41.51
2026-05-08 15:55:00-04:00,41.44,41.57,41.43,41.48,25934.0,41.507
2026-05-08 15:56:00-04:00,41.49,41.6,41.49,41.55,33266.0,41.551
2026-05-08 15:57:00-04:00,41.55,41.58,41.48,41.55,41349.0,41.538
2026-05-08 15:58:00-04:00,41.55,41.56,41.38,41.38,48865.0,41.456
2026-05-08 15:59:00-04:00,41.38,41.39,41.24,41.29,105846.0,41.305
2026-05-11 09:30:00-04:00,41.31,42.44,41.24,42.17,59705.0,41.604
2026-05-11 09:31:00-04:00,42.1,42.17,41.87,42.13,17052.0,42.085
2026-05-11 09:32:00-04:00,42.34,42.71,42.34,42.44,13406.0,42.508
2026-05-11 09:33:00-04:00,42.42,42.7,42.3,42.47,11517.0,42.459
2026-05-11 09:34:00-04:00,42.5,42.71,42.37,42.37,20453.0,42.533
2026-05-11 09:35:00-04:00,42.35,42.35,42.05,42.14,10943.0,42.192
2026-05-11 09:36:00-04:00,42.1,42.14,41.9,41.91,13151.0,42.021
2026-05-11 09:37:00-04:00,41.84,41.91,41.53,41.9,14925.0,41.738
2026-05-11 09:38:00-04:00,41.81,41.81,41.66,41.66,6052.0,41.726
2026-05-11 09:39:00-04:00,41.73,41.74,41.46,41.46,2445.0,41.634
2026-05-11 09:40:00-04:00,41.48,41.78,41.48,41.75,10210.0,41.589
2026-05-11 09:41:00-04:00,41.65,41.82,41.56,41.56,3972.0,41.703
2026-05-11 09:42:00-04:00,41.66,41.67,41.28,41.57,38782.0,41.441
2026-05-11 09:43:00-04:00,41.51,41.72,41.5,41.62,35780.0,41.538
2026-05-11 09:44:00-04:00,41.56,41.56,41.3,41.31,2240.0,41.41
2026-05-11 09:45:00-04:00,41.57,41.65,41.4,41.59,4103.0,41.573
2026-05-11 09:46:00-04:00,41.63,41.81,41.59,41.59,3003.0,41.724
2026-05-11 09:47:00-04:00,41.73,41.85,41.59,41.71,13825.0,41.776
2026-05-11 09:48:00-04:00,41.72,41.74,41.58,41.7,3357.0,41.677
2026-05-11 09:49:00-04:00,41.79,41.83,41.7,41.7,3159.0,41.764
2026-05-11 09:50:00-04:00,41.68,41.75,41.56,41.56,1368.0,41.644
2026-05-11 09:51:00-04:00,41.57,41.78,41.57,41.72,4815.0,41.669
2026-05-11 09:52:00-04:00,41.72,41.83,41.71,41.75,8305.0,41.77
2026-05-11 09:53:00-04:00,41.83,42.47,41.83,42.2,15941.0,42.242
2026-05-11 09:54:00-04:00,42.19,42.33,42.08,42.32,7224.0,42.174
2026-05-11 09:55:00-04:00,42.19,42.2,42.06,42.06,818.0,42.169
2026-05-11 09:56:00-04:00,42.01,42.07,41.86,41.86,3111.0,42.005
2026-05-11 09:57:00-04:00,41.84,42.01,41.83,42.01,5170.0,41.939
2026-05-11 09:58:00-04:00,42.01,42.01,41.6,41.6,10624.0,41.815
2026-05-11 09:59:00-04:00,41.5,41.75,41.35,41.74,12834.0,41.524
2026-05-11 10:00:00-04:00,41.82,42.0,41.82,41.87,2319.0,41.946
2026-05-11 10:01:00-04:00,41.83,41.83,41.71,41.71,697.0,41.782
2026-05-11 10:02:00-04:00,41.77,41.97,41.77,41.92,2664.0,41.933
2026-05-11 10:03:00-04:00,41.9,41.96,41.72,41.96,324.0,41.85
2026-05-11 10:04:00-04:00,41.85,41.86,41.72,41.72,900.0,41.765
2026-05-11 10:05:00-04:00,41.85,41.86,41.6,41.75,18188.0,41.704
2026-05-11 10:06:00-04:00,41.74,41.8,41.74,41.76,961.0,41.761
2026-05-11 10:07:00-04:00,41.8,41.8,41.77,41.78,463.0,41.785
2026-05-11 10:08:00-04:00,41.79,41.94,41.76,41.89,13575.0,41.791
2026-05-11 10:09:00-04:00,41.94,42.08,41.84,42.07,10353.0,41.909
2026-05-11 10:10:00-04:00,42.07,42.2,42.06,42.11,8873.0,42.14
2026-05-11 10:11:00-04:00,42.06,42.1,41.96,42.1,1736.0,42.051
2026-05-11 10:12:00-04:00,42.19,42.29,42.19,42.28,2693.0,42.207
2026-05-11 10:13:00-04:00,42.17,42.21,41.92,41.92,2768.0,42.142
2026-05-11 10:14:00-04:00,41.93,42.0,41.93,42.0,2050.0,41.952
2026-05-11 10:15:00-04:00,42.0,42.18,41.99,42.09,5078.0,42.03
2026-05-11 10:16:00-04:00,42.13,42.13,42.0,42.0,3979.0,42.018
2026-05-11 10:17:00-04:00,42.05,42.05,41.83,41.83,9051.0,41.901
2026-05-11 10:18:00-04:00,41.95,41.95,41.88,41.88,300.0,41.928
2026-05-11 10:19:00-04:00,41.83,41.83,41.71,41.71,1024.0,41.772
2026-05-11 10:20:00-04:00,41.83,41.84,41.71,41.8,1634.0,41.758
2026-05-11 10:21:00-04:00,41.88,41.88,41.79,41.87,3397.0,41.822
2026-05-11 10:22:00-04:00,41.94,41.98,41.86,41.92,1900.0,41.933
2026-05-11 10:23:00-04:00,41.94,41.96,41.91,41.91,687.0,41.928
2026-05-11 10:24:00-04:00,41.86,41.95,41.84,41.95,3010.0,41.921
2026-05-11 10:25:00-04:00,42.0,42.04,41.92,41.95,1719.0,42.002
2026-05-11 10:26:00-04:00,41.95,41.95,41.81,41.84,3105.0,41.854
2026-05-11 10:27:00-04:00,41.86,41.87,41.67,41.67,2636.0,41.809
2026-05-11 10:28:00-04:00,41.66,41.74,41.64,41.74,9327.0,41.703
2026-05-11 10:29:00-04:00,41.66,41.69,41.6,41.67,7433.0,41.641
2026-05-11 10:30:00-04:00,41.67,41.72,41.43,41.56,25719.0,41.575
2026-05-11 10:31:00-04:00,41.4,41.43,41.15,41.15,6152.0,41.261
2026-05-11 10:32:00-04:00,41.21,41.21,41.16,41.16,300.0,41.177
2026-05-11 10:33:00-04:00,41.18,41.2,41.16,41.2,700.0,41.186
2026-05-11 10:34:00-04:00,41.22,41.31,41.22,41.24,10951.0,41.292
2026-05-11 10:35:00-04:00,41.26,41.31,41.21,41.29,2600.0,41.254
2026-05-11 10:36:00-04:00,41.32,41.39,41.26,41.39,3111.0,41.307
2026-05-11 10:37:00-04:00,41.36,41.5,41.36,41.5,1557.0,41.424
2026-05-11 10:38:00-04:00,41.47,41.49,41.4,41.4,1951.0,41.426
2026-05-11 10:39:00-04:00,41.42,41.43,41.32,41.32,1125.0,41.416
2026-05-11 10:40:00-04:00,41.41,41.55,41.41,41.52,1400.0,41.521
2026-05-11 10:41:00-04:00,41.58,41.72,41.58,41.72,2857.0,41.653
2026-05-11 10:42:00-04:00,41.72,41.72,41.72,41.72,0.0,41.72
2026-05-11 10:43:00-04:00,41.63,41.63,41.63,41.63,100.0,41.63
2026-05-11 10:44:00-04:00,41.63,41.63,41.35,41.35,1057.0,41.473
2026-05-11 10:45:00-04:00,41.52,41.56,41.52,41.54,1200.0,41.539
2026-05-11 10:46:00-04:00,41.57,41.57,41.45,41.45,2900.0,41.552
2026-05-11 10:47:00-04:00,41.39,41.4,41.31,41.34,3161.0,41.352
2026-05-11 10:48:00-04:00,41.32,41.38,41.31,41.33,1702.0,41.321
2026-05-11 10:49:00-04:00,41.3,41.39,41.3,41.39,900.0,41.353
2026-05-11 10:50:00-04:00,41.43,41.45,41.29,41.34,5096.0,41.421
2026-05-11 10:51:00-04:00,41.3,41.35,41.22,41.34,6601.0,41.293
2026-05-11 10:52:00-04:00,41.4,41.42,41.33,41.33,3550.0,41.384
2026-05-11 10:53:00-04:00,41.41,41.41,41.41,41.41,100.0,41.41
2026-05-11 10:54:00-04:00,41.41,41.42,41.36,41.37,930.0,41.391
2026-05-11 10:55:00-04:00,41.42,41.42,41.42,41.42,129.0,41.42
2026-05-11 10:56:00-04:00,41.35,41.38,41.3,41.38,2600.0,41.332
2026-05-11 10:57:00-04:00,41.45,41.5,41.38,41.46,1900.0,41.447
2026-05-11 10:58:00-04:00,41.6,41.6,41.53,41.53,680.0,41.551
2026-05-11 10:59:00-04:00,41.56,41.56,41.49,41.52,1890.0,41.531
2026-05-11 11:00:00-04:00,41.59,41.6,41.47,41.51,2334.0,41.572
2026-05-11 11:01:00-04:00,41.52,41.52,41.52,41.52,232.0,41.52
2026-05-11 11:02:00-04:00,41.55,41.62,41.55,41.59,745.0,41.582
2026-05-11 11:03:00-04:00,41.61,41.74,41.61,41.73,1100.0,41.683
2026-05-11 11:04:00-04:00,41.73,41.81,41.73,41.73,10429.0,41.765
2026-05-11 11:05:00-04:00,41.77,41.9,41.77,41.85,1040.0,41.843
2026-05-11 11:06:00-04:00,41.8,41.84,41.78,41.84,1729.0,41.798
2026-05-11 11:07:00-04:00,41.78,41.88,41.75,41.85,6418.0,41.818
2026-05-11 11:08:00-04:00,41.95,42.0,41.91,41.99,1024.0,41.972
2026-05-11 11:09:00-04:00,41.93,42.02,41.93,41.98,5149.0,41.985
2026-05-11 11:10:00-04:00,41.98,42.03,41.78,41.78,16194.0,41.904
2026-05-11 11:11:00-04:00,41.79,41.8,41.63,41.7,10756.0,41.741
2026-05-11 11:12:00-04:00,41.73,41.78,41.72,41.76,7283.0,41.758
2026-05-11 11:13:00-04:00,41.77,42.06,41.77,41.96,3861.0,41.872
2026-05-11 11:14:00-04:00,42.09,42.14,42.08,42.13,1484.0,42.11
2026-05-11 11:15:00-04:00,42.1,42.15,42.09,42.12,2153.0,42.12
2026-05-11 11:16:00-04:00,42.12,42.13,42.08,42.09,757.0,42.106
2026-05-11 11:17:00-04:00,42.13,42.18,42.04,42.12,7901.0,42.104
2026-05-11 11:18:00-04:00,42.17,42.17,42.11,42.11,300.0,42.148
2026-05-11 11:19:00-04:00,42.12,42.22,42.12,42.22,4334.0,42.193
2026-05-11 11:20:00-04:00,42.22,42.31,42.19,42.23,5006.0,42.243
2026-05-11 11:21:00-04:00,42.24,42.4,42.24,42.35,7948.0,42.35
2026-05-11 11:22:00-04:00,42.32,42.36,42.3,42.35,2015.0,42.332
2026-05-11 11:23:00-04:00,42.3,42.5,42.29,42.48,19560.0,42.439
2026-05-11 11:24:00-04:00,42.49,42.51,42.48,42.49,1346.0,42.488
2026-05-11 11:25:00-04:00,42.45,42.53,42.45,42.45,4344.0,42.49
2026-05-11 11:26:00-04:00,42.5,42.56,42.42,42.51,9912.0,42.508
2026-05-11 11:27:00-04:00,42.49,42.51,42.49,42.51,2119.0,42.505
2026-05-11 11:28:00-04:00,42.51,42.54,42.5,42.53,1400.0,42.531
2026-05-11 11:29:00-04:00,42.55,42.67,42.55,42.61,3725.0,42.609
2026-05-11 11:30:00-04:00,42.6,42.6,42.5,42.5,1500.0,42.56
2026-05-11 11:31:00-04:00,42.42,42.49,42.35,42.43,1662.0,42.422
2026-05-11 11:32:00-04:00,42.42,42.42,42.29,42.29,4551.0,42.344
2026-05-11 11:33:00-04:00,42.32,42.4,42.32,42.35,2478.0,42.37
2026-05-11 11:34:00-04:00,42.4,42.5,42.32,42.49,3275.0,42.412
2026-05-11 11:35:00-04:00,42.43,42.54,42.4,42.4,7332.0,42.491
2026-05-11 11:36:00-04:00,42.46,42.46,42.4,42.4,1038.0,42.438
2026-05-11 11:37:00-04:00,42.4,42.42,42.34,42.42,1727.0,42.378
2026-05-11 11:38:00-04:00,42.43,42.43,42.26,42.26,600.0,42.33
2026-05-11 11:39:00-04:00,42.27,42.27,42.27,42.27,1000.0,42.27
2026-05-11 11:40:00-04:00,42.23,42.25,42.18,42.2,1703.0,42.23
2026-05-11 11:41:00-04:00,42.18,42.19,42.11,42.12,2780.0,42.17
2026-05-11 11:42:00-04:00,42.12,42.12,42.09,42.11,2100.0,42.111
2026-05-11 11:43:00-04:00,42.11,42.15,42.11,42.13,1760.0,42.127
2026-05-11 11:44:00-04:00,42.13,42.2,42.12,42.2,2818.0,42.133
2026-05-11 11:45:00-04:00,42.29,42.29,42.22,42.25,951.0,42.245
2026-05-11 11:46:00-04:00,42.2,42.3,42.19,42.19,900.0,42.213
2026-05-11 11:47:00-04:00,42.22,42.22,42.19,42.19,500.0,42.208
2026-05-11 11:48:00-04:00,42.2,42.22,42.19,42.21,1830.0,42.207
2026-05-11 11:49:00-04:00,42.15,42.31,42.15,42.27,2136.0,42.247
2026-05-11 11:50:00-04:00,42.28,42.41,42.24,42.24,2100.0,42.32
2026-05-11 11:51:00-04:00,42.45,42.45,42.34,42.34,265.0,42.383
2026-05-11 11:52:00-04:00,42.35,42.36,42.28,42.28,1300.0,42.349
2026-05-11 11:53:00-04:00,42.34,42.35,42.32,42.32,500.0,42.332
2026-05-11 11:54:00-04:00,42.29,42.29,42.29,42.29,530.0,42.29
2026-05-11 11:55:00-04:00,42.28,42.32,42.28,42.32,1050.0,42.295
2026-05-11 11:56:00-04:00,42.26,42.33,42.2,42.22,2848.0,42.275
2026-05-11 11:57:00-04:00,42.17,42.24,42.12,42.24,4583.0,42.192
2026-05-11 11:58:00-04:00,42.22,42.35,42.19,42.35,1647.0,42.227
2026-05-11 11:59:00-04:00,42.36,42.52,42.36,42.48,9460.0,42.442
2026-05-11 12:00:00-04:00,42.52,42.53,42.42,42.42,1700.0,42.49
2026-05-11 12:01:00-04:00,42.41,42.45,42.4,42.45,300.0,42.422
2026-05-11 12:02:00-04:00,42.47,42.51,42.37,42.47,13907.0,42.469
2026-05-11 12:03:00-04:00,42.46,42.5,42.42,42.45,2868.0,42.46
2026-05-11 12:04:00-04:00,42.46,42.53,42.45,42.52,3884.0,42.49
2026-05-11 12:05:00-04:00,42.53,42.58,42.53,42.54,3967.0,42.549
2026-05-11 12:06:00-04:00,42.5,42.58,42.5,42.54,1537.0,42.547
2026-05-11 12:07:00-04:00,42.5,42.51,42.37,42.37,3145.0,42.484
2026-05-11 12:08:00-04:00,42.45,42.45,42.37,42.37,250.0,42.402
2026-05-11 12:09:00-04:00,42.45,42.45,42.39,42.41,1590.0,42.415
2026-05-11 12:10:00-04:00,42.37,42.38,42.37,42.38,300.0,42.373
2026-05-11 12:11:00-04:00,42.4,42.47,42.4,42.47,686.0,42.446
2026-05-11 12:12:00-04:00,42.46,42.59,42.46,42.59,1313.0,42.522
2026-05-11 12:13:00-04:00,42.56,42.82,41.26,42.75,58609.0,42.358
2026-05-11 12:14:00-04:00,42.68,42.78,42.68,42.78,3100.0,42.751
2026-05-11 12:15:00-04:00,42.76,42.76,42.7,42.75,1100.0,42.742
2026-05-11 12:16:00-04:00,42.77,42.77,42.7,42.7,700.0,42.719
2026-05-11 12:17:00-04:00,42.66,42.7,42.64,42.66,2970.0,42.661
2026-05-11 12:18:00-04:00,42.69,42.7,42.37,42.41,5072.0,42.577
2026-05-11 12:19:00-04:00,42.41,42.42,41.85,42.12,32586.0,42.183
2026-05-11 12:20:00-04:00,42.3,42.3,42.26,42.27,300.0,42.282
2026-05-11 12:21:00-04:00,42.18,42.44,42.14,42.41,5000.0,42.255
2026-05-11 12:22:00-04:00,42.51,42.57,42.51,42.55,3260.0,42.555
2026-05-11 12:23:00-04:00,42.55,42.61,42.55,42.6,1200.0,42.597
2026-05-11 12:24:00-04:00,42.59,42.61,42.59,42.61,1233.0,42.6
2026-05-11 12:25:00-04:00,42.61,42.61,42.48,42.48,1000.0,42.52
2026-05-11 12:26:00-04:00,42.37,42.6,42.37,42.6,2349.0,42.5
2026-05-11 12:27:00-04:00,42.6,42.64,42.55,42.59,1733.0,42.61
2026-05-11 12:28:00-04:00,42.62,42.66,42.62,42.64,600.0,42.64
2026-05-11 12:29:00-04:00,42.67,42.67,42.54,42.54,4985.0,42.546
2026-05-11 12:30:00-04:00,42.6,42.6,42.6,42.6,958.0,42.6
2026-05-11 12:31:00-04:00,42.6,42.66,42.6,42.6,1858.0,42.612
2026-05-11 12:32:00-04:00,42.66,42.66,42.6,42.6,889.0,42.619
2026-05-11 12:33:00-04:00,42.65,42.65,42.6,42.6,3230.0,42.619
2026-05-11 12:34:00-04:00,42.58,42.59,42.58,42.59,500.0,42.582
2026-05-11 12:35:00-04:00,42.59,42.6,42.59,42.59,300.0,42.595
2026-05-11 12:36:00-04:00,42.58,42.58,42.43,42.45,2428.0,42.524
2026-05-11 12:37:00-04:00,42.45,42.46,42.37,42.41,900.0,42.4
2026-05-11 12:38:00-04:00,42.41,42.51,42.41,42.45,7163.0,42.42
2026-05-11 12:39:00-04:00,42.37,42.46,42.32,42.36,1600.0,42.373
2026-05-11 12:40:00-04:00,42.36,42.36,42.36,42.36,100.0,42.36
2026-05-11 12:41:00-04:00,42.27,42.27,42.18,42.18,490.0,42.223
2026-05-11 12:42:00-04:00,42.18,42.18,41.96,41.96,1830.0,42.035
2026-05-11 12:43:00-04:00,41.71,41.97,41.71,41.96,3464.0,41.826
2026-05-11 12:44:00-04:00,41.96,41.96,41.96,41.96,0.0,41.96
2026-05-11 12:45:00-04:00,42.03,42.15,42.03,42.08,3400.0,42.102
2026-05-11 12:46:00-04:00,42.08,42.3,42.01,42.25,3784.0,42.102
2026-05-11 12:47:00-04:00,42.2,42.37,42.2,42.37,478.0,42.305
2026-05-11 12:48:00-04:00,42.34,42.34,42.34,42.34,200.0,42.34
2026-05-11 12:49:00-04:00,42.41,42.41,42.3,42.3,1681.0,42.391
2026-05-11 12:50:00-04:00,42.27,42.28,42.27,42.27,100.0,42.275
2026-05-11 12:51:00-04:00,42.27,42.28,42.23,42.23,897.0,42.25
2026-05-11 12:52:00-04:00,42.23,42.23,42.23,42.23,0.0,42.23
2026-05-11 12:53:00-04:00,42.24,42.25,42.2,42.21,889.0,42.224
2026-05-11 12:54:00-04:00,42.16,42.16,42.16,42.16,100.0,42.16
2026-05-11 12:55:00-04:00,42.23,42.29,42.23,42.23,2982.0,42.26
2026-05-11 12:56:00-04:00,42.23,42.23,42.23,42.23,0.0,42.23
2026-05-11 12:57:00-04:00,42.29,42.3,42.28,42.3,500.0,42.286
2026-05-11 12:58:00-04:00,42.28,42.33,42.28,42.33,1681.0,42.306
2026-05-11 12:59:00-04:00,42.35,42.5,42.33,42.44,6383.0,42.428
2026-05-11 13:00:00-04:00,42.54,42.58,42.5,42.5,2741.0,42.54
2026-05-11 13:01:00-04:00,42.5,42.5,42.5,42.5,808.0,42.5
2026-05-11 13:02:00-04:00,42.42,42.42,42.39,42.4,1607.0,42.399
2026-05-11 13:03:00-04:00,42.35,42.35,42.21,42.21,641.0,42.329
2026-05-11 13:04:00-04:00,42.21,42.21,42.21,42.21,0.0,42.21
2026-05-11 13:05:00-04:00,42.32,42.5,42.32,42.38,2411.0,42.414
2026-05-11 13:06:00-04:00,42.37,42.37,42.17,42.24,2024.0,42.236
2026-05-11 13:07:00-04:00,42.23,42.24,42.23,42.23,100.0,42.235
2026-05-11 13:08:00-04:00,42.23,42.23,42.23,42.23,300.0,42.23
2026-05-11 13:09:00-04:00,42.23,42.32,42.22,42.3,737.0,42.286
2026-05-11 13:10:00-04:00,42.31,42.35,42.31,42.35,730.0,42.345
2026-05-11 13:11:00-04:00,42.4,42.4,42.4,42.4,100.0,42.4
2026-05-11 13:12:00-04:00,42.39,42.39,42.29,42.31,1424.0,42.332
2026-05-11 13:13:00-04:00,42.32,42.43,42.32,42.36,1891.0,42.387
2026-05-11 13:14:00-04:00,42.42,42.42,42.4,42.4,900.0,42.41
2026-05-11 13:15:00-04:00,42.4,42.4,42.4,42.4,0.0,42.4
2026-05-11 13:16:00-04:00,42.46,42.46,42.46,42.46,200.0,42.46
2026-05-11 13:17:00-04:00,42.4,42.4,42.36,42.36,800.0,42.372
2026-05-11 13:18:00-04:00,42.4,42.43,42.3,42.3,780.0,42.376
2026-05-11 13:19:00-04:00,42.26,42.29,42.26,42.28,200.0,42.273
2026-05-11 13:20:00-04:00,42.3,42.36,42.27,42.35,4297.0,42.316
2026-05-11 13:21:00-04:00,42.35,42.41,42.33,42.41,1737.0,42.358
2026-05-11 13:22:00-04:00,42.45,42.45,42.45,42.45,100.0,42.45
2026-05-11 13:23:00-04:00,42.42,42.42,42.32,42.32,2057.0,42.376
2026-05-11 13:24:00-04:00,42.49,42.5,42.49,42.5,200.0,42.495
2026-05-11 13:25:00-04:00,42.54,42.58,42.51,42.51,1960.0,42.548
2026-05-11 13:26:00-04:00,42.51,42.53,42.38,42.38,1890.0,42.5
2026-05-11 13:27:00-04:00,42.38,42.38,42.38,42.38,0.0,42.38
2026-05-11 13:28:00-04:00,42.35,42.36,42.35,42.35,120.0,42.355
2026-05-11 13:29:00-04:00,42.44,42.44,42.42,42.42,1500.0,42.436
2026-05-11 13:30:00-04:00,42.42,42.42,42.42,42.42,0.0,42.42
2026-05-11 13:31:00-04:00,42.43,42.43,42.36,42.36,982.0,42.383
2026-05-11 13:32:00-04:00,42.3,42.33,42.24,42.25,800.0,42.273
2026-05-11 13:33:00-04:00,42.27,42.27,42.23,42.23,400.0,42.255
2026-05-11 13:34:00-04:00,42.23,42.23,42.23,42.23,0.0,42.23
2026-05-11 13:35:00-04:00,42.19,42.28,42.19,42.22,704.0,42.22
2026-05-11 13:36:00-04:00,42.21,42.3,42.21,42.3,3099.0,42.218
2026-05-11 13:37:00-04:00,42.21,42.21,42.2,42.2,200.0,42.208
2026-05-11 13:38:00-04:00,42.22,42.22,42.22,42.22,100.0,42.22
2026-05-11 13:39:00-04:00,42.22,42.22,42.22,42.22,300.0,42.22
2026-05-11 13:40:00-04:00,42.23,42.29,42.23,42.29,700.0,42.273
2026-05-11 13:41:00-04:00,42.29,42.29,42.29,42.29,0.0,42.29
2026-05-11 13:42:00-04:00,42.19,42.19,42.15,42.15,500.0,42.18
2026-05-11 13:43:00-04:00,42.2,42.25,42.2,42.22,3888.0,42.223
2026-05-11 13:44:00-04:00,42.22,42.29,42.22,42.29,221.0,42.258
2026-05-11 13:45:00-04:00,42.28,42.34,42.28,42.34,1072.0,42.309
2026-05-11 13:46:00-04:00,42.34,42.34,42.34,42.34,0.0,42.34
2026-05-11 13:47:00-04:00,42.31,42.31,42.28,42.28,6619.0,42.3
2026-05-11 13:48:00-04:00,42.33,42.45,42.32,42.45,2513.0,42.403
2026-05-11 13:49:00-04:00,42.39,42.4,42.39,42.39,125.0,42.395
2026-05-11 13:50:00-04:00,42.43,42.44,42.43,42.44,448.0,42.435
2026-05-11 13:51:00-04:00,42.42,42.5,42.41,42.48,3665.0,42.442
2026-05-11 13:52:00-04:00,42.53,42.54,42.47,42.47,338.0,42.498
2026-05-11 13:53:00-04:00,42.47,42.47,42.47,42.47,0.0,42.47
2026-05-11 13:54:00-04:00,42.46,42.46,42.38,42.38,1082.0,42.404
2026-05-11 13:55:00-04:00,42.38,42.38,42.38,42.38,1420.0,42.38
2026-05-11 13:56:00-04:00,42.38,42.42,42.32,42.33,400.0,42.361
2026-05-11 13:57:00-04:00,42.35,42.45,42.34,42.45,7876.0,42.394
2026-05-11 13:58:00-04:00,42.53,42.55,42.49,42.49,1800.0,42.522
2026-05-11 13:59:00-04:00,42.41,42.46,42.4,42.46,1026.0,42.416
2026-05-11 14:00:00-04:00,42.45,42.51,42.4,42.45,1437.0,42.451
2026-05-11 14:01:00-04:00,42.49,42.49,42.37,42.37,2093.0,42.46
2026-05-11 14:02:00-04:00,42.42,42.42,42.35,42.36,1000.0,42.403
2026-05-11 14:03:00-04:00,42.41,42.41,42.37,42.37,414.0,42.387
2026-05-11 14:04:00-04:00,42.41,42.41,42.37,42.38,500.0,42.381
2026-05-11 14:05:00-04:00,42.32,42.37,42.31,42.36,300.0,42.331
2026-05-11 14:06:00-04:00,42.32,42.32,42.16,42.24,4036.0,42.242
2026-05-11 14:07:00-04:00,42.24,42.25,42.24,42.24,400.0,42.244
2026-05-11 14:08:00-04:00,42.2,42.27,42.2,42.24,1750.0,42.246
2026-05-11 14:09:00-04:00,42.24,42.26,42.24,42.25,400.0,42.246
2026-05-11 14:10:00-04:00,42.25,42.27,42.24,42.27,700.0,42.255
2026-05-11 14:11:00-04:00,42.22,42.27,42.22,42.27,500.0,42.247
2026-05-11 14:12:00-04:00,42.27,42.31,42.26,42.31,1012.0,42.273
2026-05-11 14:13:00-04:00,42.31,42.43,42.31,42.42,2001.0,42.345
2026-05-11 14:14:00-04:00,42.42,42.42,42.42,42.42,0.0,42.42
2026-05-11 14:15:00-04:00,42.49,42.5,42.44,42.44,535.0,42.469
2026-05-11 14:16:00-04:00,42.45,42.48,42.45,42.48,200.0,42.465
2026-05-11 14:17:00-04:00,42.44,42.52,42.44,42.48,1100.0,42.454
2026-05-11 14:18:00-04:00,42.52,42.71,42.52,42.71,9946.0,42.601
2026-05-11 14:19:00-04:00,42.69,42.69,42.67,42.69,750.0,42.685
2026-05-11 14:20:00-04:00,42.67,42.72,42.65,42.67,1371.0,42.682
2026-05-11 14:21:00-04:00,42.66,42.74,42.66,42.71,1400.0,42.715
2026-05-11 14:22:00-04:00,42.71,42.72,42.67,42.71,1569.0,42.698
2026-05-11 14:23:00-04:00,42.74,42.8,42.74,42.74,2363.0,42.772
2026-05-11 14:24:00-04:00,42.81,42.81,42.81,42.81,200.0,42.81
2026-05-11 14:25:00-04:00,42.76,42.79,42.75,42.79,507.0,42.764
2026-05-11 14:26:00-04:00,42.75,42.75,42.7,42.74,2100.0,42.718
2026-05-11 14:27:00-04:00,42.73,42.75,42.7,42.75,1300.0,42.737
2026-05-11 14:28:00-04:00,42.73,42.73,42.6,42.6,2518.0,42.675
2026-05-11 14:29:00-04:00,42.42,42.59,42.42,42.56,1100.0,42.451
2026-05-11 14:30:00-04:00,42.48,42.5,42.45,42.5,3146.0,42.484
2026-05-11 14:31:00-04:00,42.45,42.53,42.45,42.53,703.0,42.494
2026-05-11 14:32:00-04:00,42.48,42.48,42.48,42.48,200.0,42.48
2026-05-11 14:33:00-04:00,42.48,42.57,42.48,42.57,1486.0,42.532
2026-05-11 14:34:00-04:00,42.44,42.53,42.44,42.53,800.0,42.485
2026-05-11 14:35:00-04:00,42.53,42.56,42.53,42.56,200.0,42.545
2026-05-11 14:36:00-04:00,42.56,42.56,42.36,42.39,1600.0,42.475
2026-05-11 14:37:00-04:00,42.38,42.45,42.36,42.45,900.0,42.398
2026-05-11 14:38:00-04:00,42.41,42.44,42.4,42.43,957.0,42.414
2026-05-11 14:39:00-04:00,42.38,42.38,42.28,42.28,1200.0,42.33
2026-05-11 14:40:00-04:00,42.2,42.21,42.11,42.14,899.0,42.134
2026-05-11 14:41:00-04:00,42.11,42.11,42.03,42.08,1910.0,42.092
2026-05-11 14:42:00-04:00,42.08,42.16,42.08,42.14,500.0,42.14
2026-05-11 14:43:00-04:00,42.01,42.1,42.01,42.1,300.0,42.07
2026-05-11 14:44:00-04:00,42.1,42.1,42.1,42.1,0.0,42.1
2026-05-11 14:45:00-04:00,42.1,42.1,42.1,42.1,0.0,42.1
2026-05-11 14:46:00-04:00,42.04,42.12,42.04,42.12,4300.0,42.093
2026-05-11 14:47:00-04:00,42.13,42.13,42.13,42.13,100.0,42.13
2026-05-11 14:48:00-04:00,42.14,42.15,42.09,42.09,2740.0,42.106
2026-05-11 14:49:00-04:00,42.05,42.06,42.0,42.0,3904.0,42.041
2026-05-11 14:50:00-04:00,42.0,42.06,41.97,42.06,3922.0,42.005
2026-05-11 14:51:00-04:00,42.03,42.06,42.03,42.06,1036.0,42.055
2026-05-11 14:52:00-04:00,42.09,42.09,42.08,42.09,340.0,42.085
2026-05-11 14:53:00-04:00,42.05,42.06,42.0,42.0,637.0,42.037
2026-05-11 14:54:00-04:00,41.96,41.96,41.92,41.92,400.0,41.941
2026-05-11 14:55:00-04:00,41.92,41.97,41.91,41.92,742.0,41.937
2026-05-11 14:56:00-04:00,41.96,42.11,41.96,42.1,1604.0,42.052
2026-05-11 14:57:00-04:00,42.04,42.04,42.04,42.04,100.0,42.04
2026-05-11 14:58:00-04:00,41.94,41.94,41.81,41.81,4038.0,41.856
2026-05-11 14:59:00-04:00,41.8,41.8,41.56,41.58,8026.0,41.716
2026-05-11 15:00:00-04:00,41.71,41.87,41.63,41.85,2143.0,41.781
2026-05-11 15:01:00-04:00,41.87,41.91,41.87,41.91,319.0,41.883
2026-05-11 15:02:00-04:00,41.84,41.94,41.84,41.93,2122.0,41.868
2026-05-11 15:03:00-04:00,41.94,41.97,41.93,41.95,1485.0,41.944
2026-05-11 15:04:00-04:00,41.97,42.01,41.97,41.98,600.0,41.988
2026-05-11 15:05:00-04:00,42.02,42.07,42.02,42.07,251.0,42.051
2026-05-11 15:06:00-04:00,42.04,42.12,42.04,42.12,1440.0,42.074
2026-05-11 15:07:00-04:00,42.14,42.23,42.14,42.23,1831.0,42.174
2026-05-11 15:08:00-04:00,42.28,42.31,42.18,42.18,1542.0,42.237
2026-05-11 15:09:00-04:00,42.17,42.17,42.15,42.16,622.0,42.16
2026-05-11 15:10:00-04:00,42.11,42.15,42.11,42.15,200.0,42.133
2026-05-11 15:11:00-04:00,42.16,42.16,42.12,42.14,752.0,42.131
2026-05-11 15:12:00-04:00,42.09,42.2,42.09,42.2,1939.0,42.127
2026-05-11 15:13:00-04:00,42.2,42.2,42.12,42.12,1365.0,42.141
2026-05-11 15:14:00-04:00,42.14,42.14,42.05,42.05,790.0,42.101
2026-05-11 15:15:00-04:00,42.03,42.05,42.02,42.02,500.0,42.028
2026-05-11 15:16:00-04:00,42.04,42.04,42.0,42.0,900.0,42.012
2026-05-11 15:17:00-04:00,41.96,41.97,41.91,41.91,734.0,41.948
2026-05-11 15:18:00-04:00,41.9,41.9,41.88,41.88,300.0,41.894
2026-05-11 15:19:00-04:00,41.91,41.92,41.85,41.85,2315.0,41.872
2026-05-11 15:20:00-04:00,41.85,41.89,41.8,41.8,620.0,41.851
2026-05-11 15:21:00-04:00,41.79,41.79,41.73,41.76,1400.0,41.756
2026-05-11 15:22:00-04:00,41.68,41.69,41.68,41.69,200.0,41.684
2026-05-11 15:23:00-04:00,41.68,41.68,41.61,41.66,2727.0,41.66
2026-05-11 15:24:00-04:00,41.66,41.66,41.63,41.63,781.0,41.643
2026-05-11 15:25:00-04:00,41.7,41.7,41.62,41.65,2269.0,41.627
2026-05-11 15:26:00-04:00,41.65,41.65,41.56,41.61,3065.0,41.621
2026-05-11 15:27:00-04:00,41.61,41.62,41.54,41.54,3161.0,41.597
2026-05-11 15:28:00-04:00,41.56,41.58,41.54,41.58,499.0,41.552
2026-05-11 15:29:00-04:00,41.53,41.62,41.52,41.62,7058.0,41.557
2026-05-11 15:30:00-04:00,41.63,41.72,41.63,41.69,1654.0,41.663
2026-05-11 15:31:00-04:00,41.73,41.79,41.73,41.75,1370.0,41.755
2026-05-11 15:32:00-04:00,41.8,41.84,41.76,41.76,2181.0,41.797
2026-05-11 15:33:00-04:00,41.73,41.73,41.73,41.73,200.0,41.73
2026-05-11 15:34:00-04:00,41.75,41.76,41.72,41.74,988.0,41.742
2026-05-11 15:35:00-04:00,41.74,41.74,41.74,41.74,500.0,41.74
2026-05-11 15:36:00-04:00,41.78,41.83,41.78,41.83,1200.0,41.805
2026-05-11 15:37:00-04:00,41.83,41.84,41.83,41.83,300.0,41.833
2026-05-11 15:38:00-04:00,41.84,41.91,41.82,41.9,4596.0,41.855
2026-05-11 15:39:00-04:00,41.89,41.89,41.89,41.89,100.0,41.89
2026-05-11 15:40:00-04:00,41.88,41.93,41.88,41.91,1025.0,41.904
2026-05-11 15:41:00-04:00,41.9,41.93,41.89,41.89,1615.0,41.909
2026-05-11 15:42:00-04:00,41.88,41.88,41.86,41.88,1860.0,41.87
2026-05-11 15:43:00-04:00,41.9,41.91,41.85,41.88,7143.0,41.87
2026-05-11 15:44:00-04:00,41.87,41.92,41.84,41.87,13466.0,41.855
2026-05-11 15:45:00-04:00,41.87,41.88,41.76,41.76,4019.0,41.804
2026-05-11 15:46:00-04:00,41.74,41.75,41.63,41.65,5678.0,41.695
2026-05-11 15:47:00-04:00,41.65,41.66,41.65,41.66,950.0,41.657
2026-05-11 15:48:00-04:00,41.65,41.75,41.65,41.74,3593.0,41.718
2026-05-11 15:49:00-04:00,41.73,41.76,41.71,41.73,4132.0,41.728
2026-05-11 15:50:00-04:00,41.78,41.84,41.78,41.8,1895.0,41.801
2026-05-11 15:51:00-04:00,41.82,41.83,41.65,41.65,6933.0,41.755
2026-05-11 15:52:00-04:00,41.66,41.66,41.58,41.58,3099.0,41.615
2026-05-11 15:53:00-04:00,41.57,41.65,41.56,41.65,5487.0,41.6
2026-05-11 15:54:00-04:00,41.64,41.66,41.59,41.6,5383.0,41.63
2026-05-11 15:55:00-04:00,41.65,41.91,41.63,41.76,14719.0,41.778
2026-05-11 15:56:00-04:00,41.76,41.83,41.58,41.74,19716.0,41.682
2026-05-11 15:57:00-04:00,41.74,41.79,41.72,41.77,16691.0,41.759
2026-05-11 15:58:00-04:00,41.77,41.77,41.67,41.73,37022.0,41.712
2026-05-11 15:59:00-04:00,41.74,41.84,41.71,41.71,55146.0,41.798
2026-05-12 09:30:00-04:00,40.83,41.0,40.46,40.82,68428.0,40.839
2026-05-12 09:31:00-04:00,40.83,41.1,40.68,40.8,2819.0,40.885
2026-05-12 09:32:00-04:00,40.78,41.22,40.76,40.86,14374.0,41.074
2026-05-12 09:33:00-04:00,40.85,41.2,40.72,41.0,6611.0,41.087
2026-05-12 09:34:00-04:00,41.07,41.08,40.69,40.85,3638.0,40.94
2026-05-12 09:35:00-04:00,40.84,40.88,40.6,40.6,11513.0,40.785
2026-05-12 09:36:00-04:00,40.61,40.68,40.51,40.61,3232.0,40.596
2026-05-12 09:37:00-04:00,40.67,40.77,40.6,40.7,5002.0,40.717
2026-05-12 09:38:00-04:00,40.77,40.77,40.67,40.68,1218.0,40.731
2026-05-12 09:39:00-04:00,40.77,40.87,40.6,40.86,1355.0,40.701
2026-05-12 09:40:00-04:00,40.99,40.99,40.7,40.86,408.0,40.814
2026-05-12 09:41:00-04:00,40.99,40.99,40.74,40.8,1746.0,40.835
2026-05-12 09:42:00-04:00,40.84,40.92,40.58,40.59,2647.0,40.699
2026-05-12 09:43:00-04:00,40.64,40.75,40.57,40.68,1960.0,40.634
2026-05-12 09:44:00-04:00,40.7,40.7,40.5,40.51,12361.0,40.548
2026-05-12 09:45:00-04:00,40.6,40.66,40.22,40.27,12371.0,40.488
2026-05-12 09:46:00-04:00,40.41,40.41,40.22,40.29,4660.0,40.344
2026-05-12 09:47:00-04:00,40.3,40.38,40.02,40.09,10112.0,40.236
2026-05-12 09:48:00-04:00,40.04,40.14,39.87,39.93,15650.0,39.974
2026-05-12 09:49:00-04:00,39.93,39.99,39.87,39.94,14447.0,39.926
2026-05-12 09:50:00-04:00,39.91,39.98,39.73,39.98,22518.0,39.871
2026-05-12 09:51:00-04:00,39.93,40.14,39.83,39.97,9918.0,39.946
2026-05-12 09:52:00-04:00,39.82,39.88,39.75,39.82,7711.0,39.791
2026-05-12 09:53:00-04:00,39.82,39.88,39.59,39.86,15213.0,39.736
2026-05-12 09:54:00-04:00,39.91,39.93,39.82,39.82,1038.0,39.862
2026-05-12 09:55:00-04:00,39.73,39.75,39.62,39.74,4408.0,39.651
2026-05-12 09:56:00-04:00,39.7,39.8,39.68,39.71,1458.0,39.709
2026-05-12 09:57:00-04:00,39.6,39.7,39.6,39.7,1688.0,39.655
2026-05-12 09:58:00-04:00,39.65,39.69,39.5,39.55,11508.0,39.592
2026-05-12 09:59:00-04:00,39.58,39.59,39.46,39.57,5352.0,39.506
2026-05-12 10:00:00-04:00,39.59,39.8,39.55,39.72,4344.0,39.65
2026-05-12 10:01:00-04:00,39.77,39.95,39.76,39.91,4356.0,39.886
2026-05-12 10:02:00-04:00,39.93,39.93,39.73,39.73,914.0,39.85
2026-05-12 10:03:00-04:00,39.88,39.9,39.73,39.73,2003.0,39.848
2026-05-12 10:04:00-04:00,39.86,39.92,39.85,39.89,1651.0,39.881
2026-05-12 10:05:00-04:00,40.0,40.08,40.0,40.06,2351.0,40.045
2026-05-12 10:06:00-04:00,40.06,40.1,39.99,39.99,1905.0,40.051
2026-05-12 10:07:00-04:00,40.02,40.07,39.88,40.06,6615.0,39.982
2026-05-12 10:08:00-04:00,40.0,40.01,39.84,39.97,3693.0,39.937
2026-05-12 10:09:00-04:00,39.97,40.0,39.94,39.98,3004.0,39.985
2026-05-12 10:10:00-04:00,40.02,40.02,39.77,39.79,1876.0,39.837
2026-05-12 10:11:00-04:00,39.85,39.9,39.77,39.82,1700.0,39.829
2026-05-12 10:12:00-04:00,39.82,40.05,39.82,39.95,1460.0,39.956
2026-05-12 10:13:00-04:00,39.98,40.1,39.95,39.95,713.0,39.995
2026-05-12 10:14:00-04:00,40.01,40.02,39.92,39.96,1908.0,39.971
2026-05-12 10:15:00-04:00,39.93,39.94,39.87,39.94,495.0,39.924
2026-05-12 10:16:00-04:00,39.95,39.96,39.8,39.89,5077.0,39.864
2026-05-12 10:17:00-04:00,39.9,39.9,39.8,39.8,1452.0,39.825
2026-05-12 10:18:00-04:00,39.77,39.89,39.74,39.89,8673.0,39.808
2026-05-12 10:19:00-04:00,39.93,39.93,39.83,39.84,4164.0,39.847
2026-05-12 10:20:00-04:00,39.7,39.81,39.7,39.81,651.0,39.753
2026-05-12 10:21:00-04:00,39.74,39.81,39.71,39.71,2501.0,39.763
2026-05-12 10:22:00-04:00,39.83,39.88,39.78,39.82,5888.0,39.833
2026-05-12 10:23:00-04:00,39.84,39.85,39.83,39.84,300.0,39.842
2026-05-12 10:24:00-04:00,39.84,39.86,39.81,39.81,1201.0,39.838
2026-05-12 10:25:00-04:00,39.84,39.85,39.74,39.74,2221.0,39.803
2026-05-12 10:26:00-04:00,39.76,39.83,39.71,39.81,5271.0,39.752
2026-05-12 10:27:00-04:00,39.81,39.81,39.77,39.77,600.0,39.804
2026-05-12 10:28:00-04:00,39.7,39.7,39.62,39.66,1720.0,39.678
2026-05-12 10:29:00-04:00,39.61,39.61,39.55,39.61,920.0,39.601
2026-05-12 10:30:00-04:00,39.59,39.61,39.53,39.59,8084.0,39.555
2026-05-12 10:31:00-04:00,39.52,39.67,39.52,39.66,2500.0,39.602
2026-05-12 10:32:00-04:00,39.71,39.75,39.53,39.53,1087.0,39.657
2026-05-12 10:33:00-04:00,39.64,39.79,39.6,39.61,2513.0,39.645
2026-05-12 10:34:00-04:00,39.57,39.58,39.5,39.52,1653.0,39.547
2026-05-12 10:35:00-04:00,39.55,39.6,39.54,39.6,1713.0,39.575
2026-05-12 10:36:00-04:00,39.58,39.67,39.56,39.65,911.0,39.627
2026-05-12 10:37:00-04:00,39.7,39.77,39.68,39.74,2449.0,39.734
2026-05-12 10:38:00-04:00,39.68,39.89,39.68,39.82,3188.0,39.784
2026-05-12 10:39:00-04:00,39.82,39.99,39.82,39.99,1508.0,39.942
2026-05-12 10:40:00-04:00,40.03,40.18,39.99,40.18,6916.0,40.011
2026-05-12 10:41:00-04:00,40.07,40.08,40.07,40.07,300.0,40.073
2026-05-12 10:42:00-04:00,40.1,40.11,40.1,40.11,300.0,40.107
2026-05-12 10:43:00-04:00,40.1,40.11,40.07,40.1,1553.0,40.096
2026-05-12 10:44:00-04:00,40.06,40.07,39.99,39.99,3080.0,40.045
2026-05-12 10:45:00-04:00,39.96,39.99,39.86,39.93,4976.0,39.941
2026-05-12 10:46:00-04:00,39.83,39.94,39.83,39.93,350.0,39.86
2026-05-12 10:47:00-04:00,39.83,39.94,39.83,39.86,1080.0,39.879
2026-05-12 10:48:00-04:00,39.88,39.9,39.85,39.89,959.0,39.882
2026-05-12 10:49:00-04:00,39.92,39.93,39.91,39.92,300.0,39.92
2026-05-12 10:50:00-04:00,39.92,39.93,39.71,39.71,3615.0,39.825
2026-05-12 10:51:00-04:00,39.75,39.76,39.66,39.66,450.0,39.69
2026-05-12 10:52:00-04:00,39.67,39.85,39.67,39.85,1770.0,39.758
2026-05-12 10:53:00-04:00,39.9,39.91,39.9,39.91,200.0,39.905
2026-05-12 10:54:00-04:00,39.91,39.91,39.83,39.86,700.0,39.863
2026-05-12 10:55:00-04:00,39.86,39.87,39.8,39.8,1400.0,39.83
2026-05-12 10:56:00-04:00,39.76,39.9,39.76,39.89,1400.0,39.835
2026-05-12 10:57:00-04:00,39.89,39.93,39.77,39.93,393.0,39.878
2026-05-12 10:58:00-04:00,39.93,39.93,39.93,39.93,0.0,39.93
2026-05-12 10:59:00-04:00,39.86,39.98,39.72,39.72,501.0,39.818
2026-05-12 11:00:00-04:00,39.75,39.8,39.69,39.69,1216.0,39.761
2026-05-12 11:01:00-04:00,39.71,39.71,39.71,39.71,100.0,39.71
2026-05-12 11:02:00-04:00,39.74,39.74,39.65,39.65,2146.0,39.728
2026-05-12 11:03:00-04:00,39.66,39.72,39.64,39.7,2689.0,39.692
2026-05-12 11:04:00-04:00,39.68,39.69,39.64,39.67,1584.0,39.667
2026-05-12 11:05:00-04:00,39.63,39.68,39.61,39.66,2170.0,39.632
2026-05-12 11:06:00-04:00,39.66,39.75,39.65,39.67,2486.0,39.705
2026-05-12 11:07:00-04:00,39.69,39.69,39.66,39.66,320.0,39.681
2026-05-12 11:08:00-04:00,39.71,39.72,39.65,39.66,1169.0,39.692
2026-05-12 11:09:00-04:00,39.71,39.82,39.71,39.76,1036.0,39.734
2026-05-12 11:10:00-04:00,39.69,39.69,39.69,39.69,114.0,39.69
2026-05-12 11:11:00-04:00,39.72,39.78,39.67,39.67,1935.0,39.72
2026-05-12 11:12:00-04:00,39.7,39.7,39.59,39.69,1603.0,39.641
2026-05-12 11:13:00-04:00,39.64,39.64,39.55,39.55,1924.0,39.564
2026-05-12 11:14:00-04:00,39.53,39.53,39.52,39.52,300.0,39.523
2026-05-12 11:15:00-04:00,39.52,39.54,39.48,39.51,14152.0,39.503
2026-05-12 11:16:00-04:00,39.47,39.47,39.36,39.4,10658.0,39.41
2026-05-12 11:17:00-04:00,39.4,39.4,39.33,39.38,1755.0,39.357
2026-05-12 11:18:00-04:00,39.35,39.35,39.26,39.26,807.0,39.309
2026-05-12 11:19:00-04:00,39.33,39.45,39.31,39.45,6824.0,39.394
2026-05-12 11:20:00-04:00,39.42,39.46,39.42,39.45,1324.0,39.434
2026-05-12 11:21:00-04:00,39.48,39.48,39.43,39.43,400.0,39.458
2026-05-12 11:22:00-04:00,39.48,39.48,39.3,39.3,1012.0,39.392
2026-05-12 11:23:00-04:00,39.3,39.39,39.3,39.36,849.0,39.337
2026-05-12 11:24:00-04:00,39.27,39.28,39.21,39.21,1625.0,39.243
2026-05-12 11:25:00-04:00,39.3,39.32,39.22,39.22,4348.0,39.274
2026-05-12 11:26:00-04:00,39.3,39.34,39.28,39.3,2917.0,39.301
2026-05-12 11:27:00-04:00,39.33,39.39,39.25,39.29,9676.0,39.371
2026-05-12 11:28:00-04:00,39.34,39.34,39.11,39.21,7957.0,39.196
2026-05-12 11:29:00-04:00,39.18,39.19,39.07,39.18,8048.0,39.113
2026-05-12 11:30:00-04:00,39.12,39.31,39.12,39.22,1498.0,39.236
2026-05-12 11:31:00-04:00,39.28,39.36,39.19,39.19,1220.0,39.299
2026-05-12 11:32:00-04:00,39.23,39.33,39.14,39.33,7639.0,39.155
2026-05-12 11:33:00-04:00,39.33,39.34,39.25,39.34,1947.0,39.302
2026-05-12 11:34:00-04:00,39.26,39.38,39.26,39.38,1728.0,39.348
2026-05-12 11:35:00-04:00,39.35,39.35,39.3,39.35,844.0,39.328
2026-05-12 11:36:00-04:00,39.41,39.45,39.41,39.45,804.0,39.433
2026-05-12 11:37:00-04:00,39.45,39.45,39.45,39.45,100.0,39.45
2026-05-12 11:38:00-04:00,39.42,39.43,39.42,39.42,100.0,39.425
2026-05-12 11:39:00-04:00,39.48,39.48,39.4,39.4,940.0,39.443
2026-05-12 11:40:00-04:00,39.39,39.44,39.35,39.42,6434.0,39.414
2026-05-12 11:41:00-04:00,39.41,39.44,39.37,39.37,1533.0,39.41
2026-05-12 11:42:00-04:00,39.35,39.42,39.26,39.33,5581.0,39.354
2026-05-12 11:43:00-04:00,39.41,39.42,39.4,39.41,803.0,39.41
2026-05-12 11:44:00-04:00,39.41,39.43,39.41,39.41,1600.0,39.414
2026-05-12 11:45:00-04:00,39.42,39.5,39.41,39.5,4284.0,39.485
2026-05-12 11:46:00-04:00,39.46,39.47,39.45,39.45,1167.0,39.453
2026-05-12 11:47:00-04:00,39.43,39.43,39.41,39.42,400.0,39.418
2026-05-12 11:48:00-04:00,39.37,39.47,39.37,39.47,300.0,39.418
2026-05-12 11:49:00-04:00,39.41,39.41,39.41,39.41,200.0,39.41
2026-05-12 11:50:00-04:00,39.36,39.44,39.36,39.41,908.0,39.379
2026-05-12 11:51:00-04:00,39.41,39.47,39.38,39.47,1261.0,39.444
2026-05-12 11:52:00-04:00,39.45,39.45,39.39,39.41,1306.0,39.432
2026-05-12 11:53:00-04:00,39.37,39.45,39.37,39.41,621.0,39.409
2026-05-12 11:54:00-04:00,39.37,39.41,39.3,39.39,13145.0,39.367
2026-05-12 11:55:00-04:00,39.35,39.36,39.25,39.32,3464.0,39.3
2026-05-12 11:56:00-04:00,39.35,39.37,39.33,39.36,617.0,39.354
2026-05-12 11:57:00-04:00,39.32,39.33,39.32,39.32,100.0,39.325
2026-05-12 11:58:00-04:00,39.25,39.3,39.21,39.21,620.0,39.253
2026-05-12 11:59:00-04:00,39.26,39.3,39.16,39.17,1878.0,39.211
2026-05-12 12:00:00-04:00,39.1,39.26,39.1,39.26,2422.0,39.172
2026-05-12 12:01:00-04:00,39.27,39.28,39.21,39.21,506.0,39.263
2026-05-12 12:02:00-04:00,39.29,39.34,39.26,39.31,2857.0,39.285
2026-05-12 12:03:00-04:00,39.3,39.41,39.3,39.41,315.0,39.357
2026-05-12 12:04:00-04:00,39.37,39.4,39.29,39.35,1394.0,39.36
2026-05-12 12:05:00-04:00,39.35,39.54,39.35,39.54,2199.0,39.465
2026-05-12 12:06:00-04:00,39.55,39.55,39.55,39.55,300.0,39.55
2026-05-12 12:07:00-04:00,39.56,39.58,39.53,39.57,300.0,39.555
2026-05-12 12:08:00-04:00,39.57,39.58,39.48,39.48,1541.0,39.546
2026-05-12 12:09:00-04:00,39.48,39.49,39.48,39.48,1150.0,39.485
2026-05-12 12:10:00-04:00,39.43,39.43,39.43,39.43,200.0,39.43
2026-05-12 12:11:00-04:00,39.47,39.47,39.38,39.38,696.0,39.419
2026-05-12 12:12:00-04:00,39.4,39.4,39.31,39.33,2275.0,39.346
2026-05-12 12:13:00-04:00,39.31,39.31,39.24,39.24,3112.0,39.292
2026-05-12 12:14:00-04:00,39.28,39.39,39.25,39.39,7684.0,39.321
2026-05-12 12:15:00-04:00,39.37,39.4,39.29,39.35,1428.0,39.362
2026-05-12 12:16:00-04:00,39.29,39.3,39.28,39.28,1220.0,39.29
2026-05-12 12:17:00-04:00,39.29,39.29,39.24,39.29,706.0,39.282
2026-05-12 12:18:00-04:00,39.28,39.29,39.24,39.24,1711.0,39.258
2026-05-12 12:19:00-04:00,39.26,39.26,39.26,39.26,602.0,39.26
2026-05-12 12:20:00-04:00,39.21,39.38,39.21,39.38,17235.0,39.27
2026-05-12 12:21:00-04:00,39.34,39.42,39.32,39.32,1565.0,39.373
2026-05-12 12:22:00-04:00,39.41,39.41,39.4,39.41,264.0,39.409
2026-05-12 12:23:00-04:00,39.41,39.41,39.41,39.41,0.0,39.41
2026-05-12 12:24:00-04:00,39.41,39.41,39.41,39.41,0.0,39.41
2026-05-12 12:25:00-04:00,39.31,39.37,39.28,39.36,6162.0,39.315
2026-05-12 12:26:00-04:00,39.34,39.38,39.33,39.35,4632.0,39.351
2026-05-12 12:27:00-04:00,39.39,39.39,39.39,39.39,200.0,39.39
2026-05-12 12:28:00-04:00,39.34,39.39,39.34,39.39,1237.0,39.373
2026-05-12 12:29:00-04:00,39.41,39.42,39.27,39.33,5936.0,39.393
2026-05-12 12:30:00-04:00,39.35,39.37,39.28,39.28,764.0,39.329
2026-05-12 12:31:00-04:00,39.35,39.35,39.34,39.34,900.0,39.349
2026-05-12 12:32:00-04:00,39.34,39.35,39.34,39.34,100.0,39.345
2026-05-12 12:33:00-04:00,39.34,39.35,39.34,39.35,300.0,39.343
2026-05-12 12:34:00-04:00,39.35,39.35,39.25,39.25,2200.0,39.302
2026-05-12 12:35:00-04:00,39.26,39.26,39.22,39.25,644.0,39.246
2026-05-12 12:36:00-04:00,39.3,39.33,39.23,39.31,18315.0,39.298
2026-05-12 12:37:00-04:00,39.32,39.35,39.3,39.3,1017.0,39.331
2026-05-12 12:38:00-04:00,39.24,39.24,39.16,39.16,1229.0,39.194
2026-05-12 12:39:00-04:00,39.16,39.17,39.16,39.16,500.0,39.162
2026-05-12 12:40:00-04:00,39.21,39.22,39.19,39.19,626.0,39.21
2026-05-12 12:41:00-04:00,39.21,39.21,38.87,38.91,150505.0,38.996
2026-05-12 12:42:00-04:00,38.95,38.95,38.94,38.95,201.0,38.945
2026-05-12 12:43:00-04:00,38.94,38.94,38.9,38.91,1350.0,38.911
2026-05-12 12:44:00-04:00,38.86,38.93,38.86,38.93,810.0,38.906
2026-05-12 12:45:00-04:00,38.97,38.97,38.86,38.86,4449.0,38.94
2026-05-12 12:46:00-04:00,38.95,38.95,38.9,38.92,2900.0,38.922
2026-05-12 12:47:00-04:00,38.83,38.84,38.78,38.83,3940.0,38.813
2026-05-12 12:48:00-04:00,38.8,38.85,38.74,38.74,2645.0,38.805
2026-05-12 12:49:00-04:00,38.73,38.73,38.64,38.65,2183.0,38.672
2026-05-12 12:50:00-04:00,38.65,38.71,38.62,38.67,2045.0,38.674
2026-05-12 12:51:00-04:00,38.66,38.71,38.65,38.71,2100.0,38.667
2026-05-12 12:52:00-04:00,38.67,38.71,38.62,38.66,5293.0,38.673
2026-05-12 12:53:00-04:00,38.7,38.7,38.6,38.6,5152.0,38.678
2026-05-12 12:54:00-04:00,38.59,38.66,38.57,38.66,3705.0,38.632
2026-05-12 12:55:00-04:00,38.63,38.65,38.51,38.64,4290.0,38.631
2026-05-12 12:56:00-04:00,38.61,38.67,38.6,38.6,3100.0,38.656
2026-05-12 12:57:00-04:00,38.6,38.63,38.6,38.6,600.0,38.615
2026-05-12 12:58:00-04:00,38.6,38.62,38.58,38.58,2358.0,38.603
2026-05-12 12:59:00-04:00,38.6,38.64,38.6,38.63,1944.0,38.615
2026-05-12 13:00:00-04:00,38.61,38.7,38.61,38.7,1707.0,38.652
2026-05-12 13:01:00-04:00,38.75,38.81,38.74,38.77,2946.0,38.756
2026-05-12 13:02:00-04:00,38.79,38.83,38.79,38.83,261.0,38.81
2026-05-12 13:03:00-04:00,38.81,38.89,38.81,38.89,1101.0,38.834
2026-05-12 13:04:00-04:00,38.93,38.94,38.91,38.94,1788.0,38.93
2026-05-12 13:05:00-04:00,38.96,39.0,38.96,38.99,1362.0,38.974
2026-05-12 13:06:00-04:00,39.03,39.14,39.03,39.13,200.0,39.083
2026-05-12 13:07:00-04:00,39.13,39.17,39.13,39.17,542.0,39.146
2026-05-12 13:08:00-04:00,39.17,39.18,39.13,39.15,908.0,39.156
2026-05-12 13:09:00-04:00,39.13,39.17,39.13,39.17,763.0,39.152
2026-05-12 13:10:00-04:00,39.14,39.29,39.14,39.27,5937.0,39.275
2026-05-12 13:11:00-04:00,39.3,39.36,39.29,39.31,2028.0,39.317
2026-05-12 13:12:00-04:00,39.31,39.31,39.31,39.31,0.0,39.31
2026-05-12 13:13:00-04:00,39.31,39.35,39.31,39.35,800.0,39.315
2026-05-12 13:14:00-04:00,39.35,39.35,39.35,39.35,0.0,39.35
2026-05-12 13:15:00-04:00,39.32,39.32,39.32,39.32,900.0,39.32
2026-05-12 13:16:00-04:00,39.34,39.36,39.27,39.36,8637.0,39.307
2026-05-12 13:17:00-04:00,39.36,39.38,39.35,39.35,400.0,39.362
2026-05-12 13:18:00-04:00,39.36,39.41,39.36,39.41,4216.0,39.382
2026-05-12 13:19:00-04:00,39.43,39.52,39.43,39.52,5386.0,39.475
2026-05-12 13:20:00-04:00,39.55,39.6,39.54,39.54,5184.0,39.564
2026-05-12 13:21:00-04:00,39.6,39.63,39.6,39.63,1430.0,39.602
2026-05-12 13:22:00-04:00,39.63,39.63,39.58,39.58,1335.0,39.613
2026-05-12 13:23:00-04:00,39.57,39.59,39.57,39.59,1600.0,39.571
2026-05-12 13:24:00-04:00,39.6,39.62,39.55,39.55,1833.0,39.615
2026-05-12 13:25:00-04:00,39.53,39.54,39.47,39.52,2320.0,39.508
2026-05-12 13:26:00-04:00,39.46,39.46,39.46,39.46,101.0,39.46
2026-05-12 13:27:00-04:00,39.46,39.5,39.33,39.36,7983.0,39.393
2026-05-12 13:28:00-04:00,39.36,39.4,39.3,39.4,1407.0,39.386
2026-05-12 13:29:00-04:00,39.4,39.43,39.32,39.32,4831.0,39.384
2026-05-12 13:30:00-04:00,39.35,39.36,39.35,39.36,400.0,39.356
2026-05-12 13:31:00-04:00,39.4,39.41,39.37,39.37,1352.0,39.403
2026-05-12 13:32:00-04:00,39.37,39.37,39.37,39.37,0.0,39.37
2026-05-12 13:33:00-04:00,39.25,39.25,39.24,39.24,598.0,39.247
2026-05-12 13:34:00-04:00,39.29,39.34,39.29,39.34,1016.0,39.306
2026-05-12 13:35:00-04:00,39.34,39.34,39.25,39.29,4785.0,39.321
2026-05-12 13:36:00-04:00,39.2,39.2,39.15,39.15,3575.0,39.17
2026-05-12 13:37:00-04:00,39.1,39.13,39.1,39.13,600.0,39.114
2026-05-12 13:38:00-04:00,39.11,39.11,39.06,39.06,1322.0,39.099
2026-05-12 13:39:00-04:00,39.01,39.09,39.01,39.09,1741.0,39.063
2026-05-12 13:40:00-04:00,39.1,39.12,39.08,39.1,4418.0,39.102
2026-05-12 13:41:00-04:00,39.12,39.17,39.11,39.13,2453.0,39.136
2026-05-12 13:42:00-04:00,39.17,39.17,39.17,39.17,100.0,39.17
2026-05-12 13:43:00-04:00,39.08,39.14,39.08,39.14,1733.0,39.091
2026-05-12 13:44:00-04:00,39.14,39.14,39.14,39.14,0.0,39.14
2026-05-12 13:45:00-04:00,39.19,39.19,39.14,39.14,1294.0,39.15
2026-05-12 13:46:00-04:00,39.14,39.14,39.14,39.14,300.0,39.14
2026-05-12 13:47:00-04:00,39.1,39.14,39.06,39.14,700.0,39.114
2026-05-12 13:48:00-04:00,39.15,39.16,39.12,39.16,976.0,39.147
2026-05-12 13:49:00-04:00,39.16,39.19,39.16,39.18,1300.0,39.169
2026-05-12 13:50:00-04:00,39.18,39.18,39.1,39.1,1224.0,39.152
2026-05-12 13:51:00-04:00,39.15,39.17,39.13,39.17,3052.0,39.151
2026-05-12 13:52:00-04:00,39.16,39.17,39.16,39.16,514.0,39.165
2026-05-12 13:53:00-04:00,39.14,39.2,39.13,39.2,1610.0,39.16
2026-05-12 13:54:00-04:00,39.2,39.22,39.17,39.17,561.0,39.2
2026-05-12 13:55:00-04:00,39.2,39.24,39.2,39.24,476.0,39.223
2026-05-12 13:56:00-04:00,39.24,39.44,39.24,39.36,5419.0,39.361
2026-05-12 13:57:00-04:00,39.35,39.39,39.34,39.34,1280.0,39.357
2026-05-12 13:58:00-04:00,39.33,39.4,39.33,39.34,1863.0,39.349
2026-05-12 13:59:00-04:00,39.37,39.39,39.37,39.39,500.0,39.382
2026-05-12 14:00:00-04:00,39.39,39.41,39.36,39.41,1324.0,39.378
2026-05-12 14:01:00-04:00,39.42,39.45,39.4,39.45,1806.0,39.416
2026-05-12 14:02:00-04:00,39.41,39.53,39.41,39.49,3309.0,39.469
2026-05-12 14:03:00-04:00,39.43,39.43,39.43,39.43,117.0,39.43
2026-05-12 14:04:00-04:00,39.49,39.52,39.45,39.52,1308.0,39.506
2026-05-12 14:05:00-04:00,39.52,39.52,39.52,39.52,0.0,39.52
2026-05-12 14:06:00-04:00,39.51,39.51,39.43,39.43,1556.0,39.475
2026-05-12 14:07:00-04:00,39.43,39.44,39.39,39.4,2923.0,39.407
2026-05-12 14:08:00-04:00,39.38,39.42,39.38,39.41,306.0,39.401
2026-05-12 14:09:00-04:00,39.41,39.44,39.4,39.44,300.0,39.42
2026-05-12 14:10:00-04:00,39.44,39.52,39.44,39.51,1894.0,39.457
2026-05-12 14:11:00-04:00,39.52,39.56,39.52,39.56,895.0,39.539
2026-05-12 14:12:00-04:00,39.55,39.55,39.51,39.51,1202.0,39.513
2026-05-12 14:13:00-04:00,39.49,39.5,39.49,39.5,200.0,39.495
2026-05-12 14:14:00-04:00,39.54,39.6,39.52,39.6,1464.0,39.553
2026-05-12 14:15:00-04:00,39.57,39.63,39.56,39.57,1750.0,39.593
2026-05-12 14:16:00-04:00,39.61,39.61,39.42,39.42,2561.0,39.502
2026-05-12 14:17:00-04:00,39.4,39.54,39.4,39.54,1420.0,39.477
2026-05-12 14:18:00-04:00,39.49,39.58,39.49,39.53,5331.0,39.506
2026-05-12 14:19:00-04:00,39.57,39.6,39.56,39.6,600.0,39.574
2026-05-12 14:20:00-04:00,39.68,39.68,39.64,39.64,300.0,39.657
2026-05-12 14:21:00-04:00,39.65,39.73,39.65,39.72,1583.0,39.704
2026-05-12 14:22:00-04:00,39.77,39.81,39.73,39.73,3820.0,39.781
2026-05-12 14:23:00-04:00,39.81,39.81,39.8,39.8,200.0,39.808
2026-05-12 14:24:00-04:00,39.8,39.83,39.8,39.8,5562.0,39.801
2026-05-12 14:25:00-04:00,39.8,39.83,39.74,39.74,1474.0,39.797
2026-05-12 14:26:00-04:00,39.79,39.86,39.79,39.81,1763.0,39.83
2026-05-12 14:27:00-04:00,39.81,39.82,39.73,39.73,1400.0,39.748
2026-05-12 14:28:00-04:00,39.78,39.79,39.72,39.77,2743.0,39.763
2026-05-12 14:29:00-04:00,39.73,39.73,39.51,39.67,4640.0,39.65
2026-05-12 14:30:00-04:00,39.75,39.81,39.74,39.77,3568.0,39.767
2026-05-12 14:31:00-04:00,39.85,39.85,39.83,39.84,300.0,39.843
2026-05-12 14:32:00-04:00,39.77,39.86,39.75,39.86,1302.0,39.827
2026-05-12 14:33:00-04:00,39.91,39.92,39.86,39.86,3219.0,39.91
2026-05-12 14:34:00-04:00,39.84,39.97,39.84,39.89,1910.0,39.945
2026-05-12 14:35:00-04:00,39.89,39.9,39.85,39.89,1600.0,39.892
2026-05-12 14:36:00-04:00,39.87,39.87,39.85,39.85,200.0,39.863
2026-05-12 14:37:00-04:00,39.9,39.92,39.89,39.92,670.0,39.899
2026-05-12 14:38:00-04:00,39.87,39.87,39.87,39.87,300.0,39.87
2026-05-12 14:39:00-04:00,39.9,39.9,39.9,39.9,100.0,39.9
2026-05-12 14:40:00-04:00,39.86,39.87,39.86,39.87,200.0,39.865
2026-05-12 14:41:00-04:00,39.88,39.88,39.82,39.82,1645.0,39.853
2026-05-12 14:42:00-04:00,39.78,39.83,39.78,39.83,750.0,39.81
2026-05-12 14:43:00-04:00,39.77,39.82,39.76,39.82,200.0,39.793
2026-05-12 14:44:00-04:00,39.82,39.82,39.82,39.82,0.0,39.82
2026-05-12 14:45:00-04:00,39.7,39.73,39.65,39.68,1200.0,39.683
2026-05-12 14:46:00-04:00,39.68,39.68,39.68,39.68,0.0,39.68
2026-05-12 14:47:00-04:00,39.68,39.7,39.68,39.69,600.0,39.69
2026-05-12 14:48:00-04:00,39.75,39.77,39.66,39.66,5879.0,39.724
2026-05-12 14:49:00-04:00,39.77,39.85,39.77,39.85,3889.0,39.802
2026-05-12 14:50:00-04:00,39.82,39.82,39.79,39.81,500.0,39.804
2026-05-12 14:51:00-04:00,39.84,39.92,39.83,39.85,2936.0,39.863
2026-05-12 14:52:00-04:00,39.91,39.96,39.9,39.91,4300.0,39.907
2026-05-12 14:53:00-04:00,39.91,40.05,39.9,40.05,4935.0,40.038
2026-05-12 14:54:00-04:00,40.01,40.09,40.0,40.02,2197.0,40.031
2026-05-12 14:55:00-04:00,40.02,40.08,40.02,40.03,600.0,40.035
2026-05-12 14:56:00-04:00,40.07,40.09,40.07,40.07,410.0,40.08
2026-05-12 14:57:00-04:00,40.09,40.09,39.92,39.92,1840.0,40.021
2026-05-12 14:58:00-04:00,40.01,40.01,39.76,39.78,8280.0,39.874
2026-05-12 14:59:00-04:00,39.7,39.73,39.63,39.7,7336.0,39.69
2026-05-12 15:00:00-04:00,39.79,39.88,39.79,39.86,1614.0,39.839
2026-05-12 15:01:00-04:00,39.86,39.86,39.86,39.86,100.0,39.86
2026-05-12 15:02:00-04:00,39.89,39.94,39.89,39.91,2374.0,39.912
2026-05-12 15:03:00-04:00,40.03,40.1,40.01,40.01,3928.0,40.076
2026-05-12 15:04:00-04:00,40.05,40.1,40.05,40.1,1150.0,40.059
2026-05-12 15:05:00-04:00,40.05,40.06,40.01,40.06,730.0,40.041
2026-05-12 15:06:00-04:00,40.09,40.23,40.09,40.23,4749.0,40.164
2026-05-12 15:07:00-04:00,40.17,40.3,40.17,40.3,8649.0,40.285
2026-05-12 15:08:00-04:00,40.31,40.4,40.31,40.4,5446.0,40.354
2026-05-12 15:09:00-04:00,40.4,40.46,40.38,40.4,8367.0,40.429
2026-05-12 15:10:00-04:00,40.43,40.48,40.42,40.44,1844.0,40.444
2026-05-12 15:11:00-04:00,40.4,40.49,40.33,40.48,1773.0,40.419
2026-05-12 15:12:00-04:00,40.47,40.5,40.41,40.45,5782.0,40.457
2026-05-12 15:13:00-04:00,40.44,40.47,40.4,40.43,2079.0,40.434
2026-05-12 15:14:00-04:00,40.47,40.47,40.38,40.39,912.0,40.433
2026-05-12 15:15:00-04:00,40.46,40.46,40.39,40.39,987.0,40.408
2026-05-12 15:16:00-04:00,40.4,40.43,40.35,40.41,2700.0,40.409
2026-05-12 15:17:00-04:00,40.46,40.46,40.38,40.38,1775.0,40.411
2026-05-12 15:18:00-04:00,40.4,40.4,40.4,40.4,230.0,40.4
2026-05-12 15:19:00-04:00,40.44,40.44,40.32,40.33,900.0,40.349
2026-05-12 15:20:00-04:00,40.38,40.38,40.25,40.27,7150.0,40.344
2026-05-12 15:21:00-04:00,40.29,40.29,40.26,40.27,252.0,40.275
2026-05-12 15:22:00-04:00,40.23,40.26,40.21,40.24,3051.0,40.239
2026-05-12 15:23:00-04:00,40.24,40.25,40.21,40.23,1493.0,40.222
2026-05-12 15:24:00-04:00,40.23,40.24,40.2,40.23,500.0,40.226
2026-05-12 15:25:00-04:00,40.23,40.28,40.23,40.25,2200.0,40.25
2026-05-12 15:26:00-04:00,40.27,40.27,40.22,40.22,1700.0,40.243
2026-05-12 15:27:00-04:00,40.21,40.22,40.13,40.13,2134.0,40.165
2026-05-12 15:28:00-04:00,40.11,40.11,40.02,40.05,927.0,40.058
2026-05-12 15:29:00-04:00,40.01,40.04,40.01,40.03,307.0,40.018
2026-05-12 15:30:00-04:00,40.06,40.16,40.04,40.13,2626.0,40.113
2026-05-12 15:31:00-04:00,40.13,40.14,40.1,40.13,1712.0,40.133
2026-05-12 15:32:00-04:00,40.17,40.19,40.15,40.16,3011.0,40.177
2026-05-12 15:33:00-04:00,40.13,40.2,40.13,40.13,1432.0,40.165
2026-05-12 15:34:00-04:00,40.21,40.21,40.17,40.17,1372.0,40.199
2026-05-12 15:35:00-04:00,40.17,40.24,40.17,40.2,1849.0,40.21
2026-05-12 15:36:00-04:00,40.18,40.18,40.18,40.18,300.0,40.18
2026-05-12 15:37:00-04:00,40.23,40.25,40.22,40.22,1305.0,40.238
2026-05-12 15:38:00-04:00,40.27,40.34,40.27,40.28,2400.0,40.287
2026-05-12 15:39:00-04:00,40.35,40.39,40.34,40.34,631.0,40.359
2026-05-12 15:40:00-04:00,40.34,40.35,40.32,40.32,1976.0,40.334
2026-05-12 15:41:00-04:00,40.35,40.36,40.35,40.35,800.0,40.351
2026-05-12 15:42:00-04:00,40.38,40.39,40.32,40.38,3858.0,40.366
2026-05-12 15:43:00-04:00,40.38,40.39,40.33,40.39,1703.0,40.373
2026-05-12 15:44:00-04:00,40.36,40.47,40.36,40.45,12252.0,40.42
2026-05-12 15:45:00-04:00,40.46,40.46,40.31,40.31,3111.0,40.403
2026-05-12 15:46:00-04:00,40.31,40.38,40.31,40.35,2362.0,40.351
2026-05-12 15:47:00-04:00,40.32,40.38,40.32,40.35,1000.0,40.357
2026-05-12 15:48:00-04:00,40.37,40.42,40.36,40.41,2240.0,40.394
2026-05-12 15:49:00-04:00,40.41,40.46,40.4,40.46,2147.0,40.429
2026-05-12 15:50:00-04:00,40.48,40.6,40.44,40.46,11253.0,40.523
2026-05-12 15:51:00-04:00,40.48,40.52,40.46,40.49,4413.0,40.488
2026-05-12 15:52:00-04:00,40.49,40.49,40.45,40.48,2606.0,40.464
2026-05-12 15:53:00-04:00,40.48,40.52,40.43,40.43,3106.0,40.473
2026-05-12 15:54:00-04:00,40.5,40.52,40.31,40.31,8820.0,40.435
2026-05-12 15:55:00-04:00,40.31,40.41,40.28,40.3,18052.0,40.352
2026-05-12 15:56:00-04:00,40.31,40.31,40.25,40.28,11356.0,40.277
2026-05-12 15:57:00-04:00,40.27,40.34,40.2,40.22,19942.0,40.27
2026-05-12 15:58:00-04:00,40.24,40.35,40.24,40.35,20865.0,40.292
2026-05-12 15:59:00-04:00,40.35,40.45,40.34,40.42,55606.0,40.405
2026-05-13 09:30:00-04:00,41.26,41.42,40.12,40.19,41429.0,41.128
2026-05-13 09:31:00-04:00,40.31,40.79,40.19,40.78,11870.0,40.486
2026-05-13 09:32:00-04:00,40.72,41.23,40.51,40.84,16770.0,40.87
2026-05-13 09:33:00-04:00,40.89,41.01,40.73,40.84,3949.0,40.941
2026-05-13 09:34:00-04:00,40.74,41.06,40.73,40.91,19895.0,40.944
2026-05-13 09:35:00-04:00,40.99,41.0,40.45,40.67,25097.0,40.634
2026-05-13 09:36:00-04:00,40.41,40.8,40.35,40.48,6551.0,40.524
2026-05-13 09:37:00-04:00,40.48,40.56,40.2,40.2,13035.0,40.339
2026-05-13 09:38:00-04:00,40.2,40.2,39.91,40.05,8651.0,40.06
2026-05-13 09:39:00-04:00,39.92,39.95,39.75,39.86,7947.0,39.862
2026-05-13 09:40:00-04:00,39.91,40.39,39.81,40.39,3865.0,39.96
2026-05-13 09:41:00-04:00,40.5,40.65,40.25,40.34,3445.0,40.474
2026-05-13 09:42:00-04:00,40.31,40.56,40.3,40.42,15173.0,40.374
2026-05-13 09:43:00-04:00,40.41,40.42,40.29,40.33,11020.0,40.41
2026-05-13 09:44:00-04:00,40.22,40.22,39.92,39.92,2824.0,39.994
2026-05-13 09:45:00-04:00,39.98,40.03,39.86,39.96,7638.0,39.957
2026-05-13 09:46:00-04:00,39.89,39.97,39.87,39.97,13406.0,39.917
2026-05-13 09:47:00-04:00,40.05,40.13,39.96,39.96,2300.0,40.063
2026-05-13 09:48:00-04:00,39.9,40.14,39.88,40.07,4107.0,39.973
2026-05-13 09:49:00-04:00,40.1,40.33,40.06,40.26,15104.0,40.206
2026-05-13 09:50:00-04:00,40.33,40.36,39.97,39.97,11665.0,40.13
2026-05-13 09:51:00-04:00,39.94,40.09,39.94,40.09,2600.0,39.956
2026-05-13 09:52:00-04:00,40.2,40.21,39.98,40.01,16375.0,40.143
2026-05-13 09:53:00-04:00,39.97,40.07,39.89,39.99,11703.0,39.985
2026-05-13 09:54:00-04:00,39.99,40.09,39.98,40.05,2655.0,40.032
2026-05-13 09:55:00-04:00,39.99,40.12,39.91,40.12,3702.0,40.042
2026-05-13 09:56:00-04:00,40.13,40.13,39.99,40.08,6822.0,40.021
2026-05-13 09:57:00-04:00,40.05,40.15,40.0,40.0,4788.0,40.072
2026-05-13 09:58:00-04:00,40.03,40.09,39.92,40.02,2178.0,40.018
2026-05-13 09:59:00-04:00,39.92,40.33,39.88,40.33,19267.0,40.12
2026-05-13 10:00:00-04:00,40.34,40.4,40.18,40.18,4311.0,40.291
2026-05-13 10:01:00-04:00,40.17,40.31,40.17,40.27,8000.0,40.208
2026-05-13 10:02:00-04:00,40.27,40.31,40.24,40.31,1779.0,40.266
2026-05-13 10:03:00-04:00,40.41,40.77,40.32,40.71,9055.0,40.525
2026-05-13 10:04:00-04:00,40.71,41.0,40.71,40.91,39629.0,40.882
2026-05-13 10:05:00-04:00,40.95,41.02,40.8,40.84,116607.0,40.996
2026-05-13 10:06:00-04:00,40.91,41.0,40.84,40.99,5504.0,40.91
2026-05-13 10:07:00-04:00,40.97,41.07,40.89,41.06,5290.0,40.963
2026-05-13 10:08:00-04:00,41.07,41.12,40.9,41.03,15588.0,41.015
2026-05-13 10:09:00-04:00,41.02,41.32,41.02,41.32,9435.0,41.192
2026-05-13 10:10:00-04:00,41.35,41.57,41.32,41.36,15329.0,41.464
2026-05-13 10:11:00-04:00,41.29,41.3,41.13,41.13,3525.0,41.248
2026-05-13 10:12:00-04:00,41.4,41.4,41.2,41.26,10839.0,41.363
2026-05-13 10:13:00-04:00,41.23,41.57,41.22,41.48,12991.0,41.437
2026-05-13 10:14:00-04:00,41.57,41.68,41.54,41.56,11367.0,41.583
2026-05-13 10:15:00-04:00,41.64,41.64,41.51,41.61,2425.0,41.579
2026-05-13 10:16:00-04:00,41.68,41.79,41.62,41.67,8473.0,41.72
2026-05-13 10:17:00-04:00,41.77,41.82,41.58,41.59,6731.0,41.758
2026-05-13 10:18:00-04:00,41.59,41.75,41.54,41.73,8878.0,41.638
2026-05-13 10:19:00-04:00,41.74,41.88,41.65,41.88,13891.0,41.758
2026-05-13 10:20:00-04:00,41.88,42.13,41.8,42.13,21931.0,41.951
2026-05-13 10:21:00-04:00,42.08,42.18,41.88,41.9,10497.0,42.033
2026-05-13 10:22:00-04:00,41.89,42.01,41.71,42.01,8113.0,41.832
2026-05-13 10:23:00-04:00,42.06,42.14,41.96,42.04,8914.0,42.053
2026-05-13 10:24:00-04:00,42.07,42.39,42.07,42.38,11721.0,42.218
2026-05-13 10:25:00-04:00,42.38,42.45,42.31,42.4,24624.0,42.384
2026-05-13 10:26:00-04:00,42.39,42.95,42.39,42.63,38032.0,42.711
2026-05-13 10:27:00-04:00,42.61,42.8,42.46,42.47,16911.0,42.554
2026-05-13 10:28:00-04:00,42.45,42.61,42.31,42.31,10603.0,42.525
2026-05-13 10:29:00-04:00,42.41,42.41,42.18,42.18,12663.0,42.266
2026-05-13 10:30:00-04:00,42.18,42.37,41.89,42.37,16008.0,42.143
2026-05-13 10:31:00-04:00,42.37,42.74,42.33,42.5,36248.0,42.477
2026-05-13 10:32:00-04:00,42.6,42.69,42.22,42.36,10015.0,42.349
2026-05-13 10:33:00-04:00,42.29,42.54,42.28,42.5,17453.0,42.416
2026-05-13 10:34:00-04:00,42.5,42.5,42.35,42.45,8288.0,42.452
2026-05-13 10:35:00-04:00,42.39,42.6,42.33,42.59,5591.0,42.441
2026-05-13 10:36:00-04:00,42.5,42.57,42.2,42.24,7792.0,42.427
2026-05-13 10:37:00-04:00,42.01,42.21,41.9,42.19,5794.0,42.033
2026-05-13 10:38:00-04:00,42.1,42.24,41.95,42.23,5400.0,41.988
2026-05-13 10:39:00-04:00,42.04,42.44,42.01,42.43,3772.0,42.192
2026-05-13 10:40:00-04:00,42.5,42.59,42.37,42.59,11270.0,42.486
2026-05-13 10:41:00-04:00,42.47,42.75,42.41,42.75,11264.0,42.586
2026-05-13 10:42:00-04:00,42.71,42.71,42.54,42.55,14838.0,42.638
2026-05-13 10:43:00-04:00,42.66,42.8,42.6,42.74,24510.0,42.71
2026-05-13 10:44:00-04:00,42.73,42.74,42.5,42.59,11444.0,42.609
2026-05-13 10:45:00-04:00,42.59,42.7,42.52,42.57,2851.0,42.603
2026-05-13 10:46:00-04:00,42.67,43.0,42.67,42.92,30047.0,42.829
2026-05-13 10:47:00-04:00,42.92,43.28,42.92,43.28,34002.0,43.104
2026-05-13 10:48:00-04:00,43.29,43.83,43.29,43.36,53839.0,43.557
2026-05-13 10:49:00-04:00,43.41,43.7,43.29,43.61,50476.0,43.502
2026-05-13 10:50:00-04:00,43.49,43.6,43.36,43.42,15804.0,43.449
2026-05-13 10:51:00-04:00,43.45,43.62,43.44,43.45,13027.0,43.552
2026-05-13 10:52:00-04:00,43.52,43.61,43.5,43.55,13695.0,43.545
2026-05-13 10:53:00-04:00,43.59,43.63,43.43,43.43,11949.0,43.533
2026-05-13 10:54:00-04:00,43.52,43.53,43.36,43.44,5100.0,43.439
2026-05-13 10:55:00-04:00,43.47,43.52,43.21,43.41,25874.0,43.343
2026-05-13 10:56:00-04:00,43.41,43.65,43.4,43.4,43963.0,43.498
2026-05-13 10:57:00-04:00,43.45,43.51,43.38,43.45,4706.0,43.468
2026-05-13 10:58:00-04:00,43.45,43.51,43.4,43.43,11076.0,43.453
2026-05-13 10:59:00-04:00,43.39,43.4,43.16,43.26,16606.0,43.32
2026-05-13 11:00:00-04:00,43.26,43.39,43.19,43.31,6530.0,43.25
2026-05-13 11:01:00-04:00,43.37,43.48,43.33,43.4,10342.0,43.395
2026-05-13 11:02:00-04:00,43.42,43.54,43.42,43.47,2626.0,43.456
2026-05-13 11:03:00-04:00,43.55,43.76,43.53,43.68,24391.0,43.693
2026-05-13 11:04:00-04:00,43.64,43.69,43.54,43.58,5305.0,43.605
2026-05-13 11:05:00-04:00,43.57,43.75,43.48,43.75,5299.0,43.652
2026-05-13 11:06:00-04:00,43.75,44.11,43.75,43.94,70204.0,43.94
2026-05-13 11:07:00-04:00,43.94,43.97,43.88,43.97,6980.0,43.935
2026-05-13 11:08:00-04:00,43.94,44.16,43.91,44.13,26868.0,44.063
2026-05-13 11:09:00-04:00,44.14,44.2,44.0,44.07,6615.0,44.13
2026-05-13 11:10:00-04:00,44.07,44.09,43.84,43.87,14438.0,44.003
2026-05-13 11:11:00-04:00,43.83,43.92,43.81,43.91,10382.0,43.84
2026-05-13 11:12:00-04:00,43.82,43.82,43.61,43.7,14419.0,43.69
2026-05-13 11:13:00-04:00,43.7,43.7,43.38,43.63,18666.0,43.604
2026-05-13 11:14:00-04:00,43.63,43.64,43.4,43.43,11114.0,43.432
2026-05-13 11:15:00-04:00,43.53,43.76,43.45,43.74,26525.0,43.538
2026-05-13 11:16:00-04:00,43.64,43.67,43.54,43.64,7226.0,43.601
2026-05-13 11:17:00-04:00,43.65,43.81,43.48,43.71,21112.0,43.591
2026-05-13 11:18:00-04:00,43.71,43.72,43.53,43.61,7881.0,43.616
2026-05-13 11:19:00-04:00,43.61,43.62,43.53,43.59,5180.0,43.574
2026-05-13 11:20:00-04:00,43.63,43.66,43.54,43.63,10851.0,43.608
2026-05-13 11:21:00-04:00,43.66,43.66,43.07,43.14,30128.0,43.318
2026-05-13 11:22:00-04:00,43.17,43.25,43.17,43.23,4910.0,43.214
2026-05-13 11:23:00-04:00,43.23,43.24,42.86,42.86,9121.0,43.098
2026-05-13 11:24:00-04:00,42.92,43.12,42.92,43.02,16480.0,43.032
2026-05-13 11:25:00-04:00,43.09,43.09,42.98,42.98,6324.0,43.034
2026-05-13 11:26:00-04:00,42.98,43.09,42.98,43.09,6696.0,43.051
2026-05-13 11:27:00-04:00,43.09,43.1,42.93,42.93,5094.0,43.009
2026-05-13 11:28:00-04:00,43.0,43.09,43.0,43.06,9520.0,43.033
2026-05-13 11:29:00-04:00,43.05,43.05,42.94,43.04,3896.0,43.015
2026-05-13 11:30:00-04:00,43.0,43.15,42.95,43.03,2155.0,43.018
2026-05-13 11:31:00-04:00,43.04,43.06,42.99,43.06,1700.0,43.051
2026-05-13 11:32:00-04:00,43.09,43.09,43.01,43.06,4225.0,43.044
2026-05-13 11:33:00-04:00,43.16,43.16,43.13,43.13,548.0,43.146
2026-05-13 11:34:00-04:00,43.13,43.4,43.13,43.4,11728.0,43.29
2026-05-13 11:35:00-04:00,43.4,43.4,43.3,43.32,3747.0,43.342
2026-05-13 11:36:00-04:00,43.31,43.55,43.31,43.49,13189.0,43.472
2026-05-13 11:37:00-04:00,43.51,43.58,43.51,43.52,3208.0,43.545
2026-05-13 11:38:00-04:00,43.56,43.56,43.41,43.41,1094.0,43.52
2026-05-13 11:39:00-04:00,43.45,43.55,43.4,43.55,5761.0,43.477
2026-05-13 11:40:00-04:00,43.52,43.52,43.46,43.52,1961.0,43.474
2026-05-13 11:41:00-04:00,43.52,43.52,43.33,43.33,1250.0,43.404
2026-05-13 11:42:00-04:00,43.34,43.35,43.29,43.34,1227.0,43.339
2026-05-13 11:43:00-04:00,43.35,43.35,43.28,43.3,2482.0,43.298
2026-05-13 11:44:00-04:00,43.35,43.6,43.35,43.6,8010.0,43.516
2026-05-13 11:45:00-04:00,43.63,43.68,43.47,43.47,1100.0,43.557
2026-05-13 11:46:00-04:00,43.54,43.56,43.43,43.55,2380.0,43.499
2026-05-13 11:47:00-04:00,43.56,43.58,43.49,43.57,3734.0,43.518
2026-05-13 11:48:00-04:00,43.6,43.6,43.48,43.48,2729.0,43.579
2026-05-13 11:49:00-04:00,43.46,43.46,43.2,43.26,3997.0,43.316
2026-05-13 11:50:00-04:00,43.24,43.28,43.17,43.23,4191.0,43.248
2026-05-13 11:51:00-04:00,43.18,43.19,43.12,43.18,1500.0,43.159
2026-05-13 11:52:00-04:00,43.13,43.13,42.89,42.89,3099.0,43.042
2026-05-13 11:53:00-04:00,42.9,42.94,42.85,42.88,1970.0,42.876
2026-05-13 11:54:00-04:00,42.84,42.93,42.75,42.91,11349.0,42.825
2026-05-13 11:55:00-04:00,42.9,42.92,42.87,42.92,2000.0,42.899
2026-05-13 11:56:00-04:00,42.88,42.91,42.7,42.7,7289.0,42.759
2026-05-13 11:57:00-04:00,42.76,42.76,42.56,42.56,8736.0,42.672
2026-05-13 11:58:00-04:00,42.52,42.53,42.41,42.45,4634.0,42.471
2026-05-13 11:59:00-04:00,42.45,42.49,42.37,42.46,5217.0,42.423
2026-05-13 12:00:00-04:00,42.46,42.5,42.34,42.46,9826.0,42.466
2026-05-13 12:01:00-04:00,42.53,42.6,42.5,42.51,9542.0,42.558
2026-05-13 12:02:00-04:00,42.5,42.51,42.44,42.5,4296.0,42.477
2026-05-13 12:03:00-04:00,42.54,42.56,42.52,42.52,1700.0,42.543
2026-05-13 12:04:00-04:00,42.51,42.55,42.43,42.43,4403.0,42.506
2026-05-13 12:05:00-04:00,42.39,42.54,42.38,42.53,11816.0,42.452
2026-05-13 12:06:00-04:00,42.48,42.65,42.46,42.61,5264.0,42.557
2026-05-13 12:07:00-04:00,42.57,42.62,42.55,42.6,3260.0,42.59
2026-05-13 12:08:00-04:00,42.56,42.73,42.56,42.64,2718.0,42.644
2026-05-13 12:09:00-04:00,42.67,42.68,42.67,42.67,403.0,42.673
2026-05-13 12:10:00-04:00,42.71,42.72,42.64,42.68,1402.0,42.684
2026-05-13 12:11:00-04:00,42.64,42.68,42.56,42.67,3247.0,42.624
2026-05-13 12:12:00-04:00,42.66,42.71,42.63,42.63,1989.0,42.655
2026-05-13 12:13:00-04:00,42.66,42.69,42.61,42.68,1245.0,42.655
2026-05-13 12:14:00-04:00,42.68,42.8,42.68,42.71,3868.0,42.732
2026-05-13 12:15:00-04:00,42.79,42.86,42.68,42.68,2330.0,42.786
2026-05-13 12:16:00-04:00,42.6,42.64,42.59,42.61,5363.0,42.605
2026-05-13 12:17:00-04:00,42.5,42.62,42.5,42.5,1252.0,42.556
2026-05-13 12:18:00-04:00,42.51,42.62,42.51,42.62,2500.0,42.607
2026-05-13 12:19:00-04:00,42.6,42.61,42.56,42.56,200.0,42.583
2026-05-13 12:20:00-04:00,42.51,42.7,42.48,42.66,4338.0,42.564
2026-05-13 12:21:00-04:00,42.66,42.66,42.62,42.63,831.0,42.626
2026-05-13 12:22:00-04:00,42.66,42.8,42.65,42.73,2042.0,42.739
2026-05-13 12:23:00-04:00,42.78,42.9,42.78,42.85,4525.0,42.828
2026-05-13 12:24:00-04:00,42.86,42.94,42.86,42.93,702.0,42.887
2026-05-13 12:25:00-04:00,42.9,42.9,42.65,42.73,9766.0,42.836
2026-05-13 12:26:00-04:00,42.71,42.73,42.7,42.7,560.0,42.715
2026-05-13 12:27:00-04:00,42.7,42.73,42.64,42.73,300.0,42.69
2026-05-13 12:28:00-04:00,42.66,42.67,42.66,42.66,500.0,42.662
2026-05-13 12:29:00-04:00,42.71,42.73,42.71,42.71,1000.0,42.717
2026-05-13 12:30:00-04:00,42.72,42.81,42.68,42.81,4372.0,42.748
2026-05-13 12:31:00-04:00,42.81,42.97,42.79,42.96,4227.0,42.855
2026-05-13 12:32:00-04:00,42.99,43.07,42.97,43.0,6876.0,43.02
2026-05-13 12:33:00-04:00,43.0,43.05,42.95,43.01,5270.0,42.996
2026-05-13 12:34:00-04:00,43.01,43.07,42.97,43.02,6521.0,43.03
2026-05-13 12:35:00-04:00,43.0,43.09,42.92,42.97,16121.0,43.01
2026-05-13 12:36:00-04:00,43.0,43.01,42.92,42.92,2697.0,42.98
2026-05-13 12:37:00-04:00,42.91,42.93,42.85,42.87,5810.0,42.887
2026-05-13 12:38:00-04:00,42.94,42.95,42.87,42.88,3299.0,42.893
2026-05-13 12:39:00-04:00,42.86,42.94,42.82,42.89,2300.0,42.864
2026-05-13 12:40:00-04:00,42.92,42.92,42.83,42.88,2302.0,42.892
2026-05-13 12:41:00-04:00,42.89,42.9,42.84,42.85,5492.0,42.873
2026-05-13 12:42:00-04:00,42.85,42.88,42.84,42.84,4640.0,42.87
2026-05-13 12:43:00-04:00,42.83,42.89,42.82,42.85,1128.0,42.841
2026-05-13 12:44:00-04:00,42.85,42.88,42.77,42.77,2543.0,42.819
2026-05-13 12:45:00-04:00,42.73,42.77,42.73,42.77,3570.0,42.753
2026-05-13 12:46:00-04:00,42.75,42.75,42.61,42.66,6140.0,42.669
2026-05-13 12:47:00-04:00,42.67,42.71,42.6,42.62,3720.0,42.659
2026-05-13 12:48:00-04:00,42.62,42.62,42.54,42.54,2092.0,42.581
2026-05-13 12:49:00-04:00,42.54,42.54,42.42,42.43,6966.0,42.465
2026-05-13 12:50:00-04:00,42.45,42.46,42.34,42.37,9690.0,42.37
2026-05-13 12:51:00-04:00,42.37,42.39,42.35,42.38,2397.0,42.366
2026-05-13 12:52:00-04:00,42.38,42.47,42.38,42.47,2921.0,42.419
2026-05-13 12:53:00-04:00,42.45,42.5,42.38,42.38,3880.0,42.444
2026-05-13 12:54:00-04:00,42.39,42.39,42.21,42.23,5300.0,42.292
2026-05-13 12:55:00-04:00,42.27,42.28,42.25,42.27,355.0,42.265
2026-05-13 12:56:00-04:00,42.27,42.28,42.25,42.28,1639.0,42.269
2026-05-13 12:57:00-04:00,42.27,42.27,42.21,42.21,2722.0,42.251
2026-05-13 12:58:00-04:00,42.23,42.3,42.21,42.29,3406.0,42.265
2026-05-13 12:59:00-04:00,42.29,42.4,42.29,42.36,3191.0,42.347
2026-05-13 13:00:00-04:00,42.41,42.41,42.33,42.34,2029.0,42.367
2026-05-13 13:01:00-04:00,42.37,42.37,42.24,42.25,848.0,42.305
2026-05-13 13:02:00-04:00,42.25,42.3,42.21,42.22,2950.0,42.243
2026-05-13 13:03:00-04:00,42.2,42.26,42.2,42.26,1839.0,42.247
2026-05-13 13:04:00-04:00,42.26,42.26,42.25,42.26,3299.0,42.257
2026-05-13 13:05:00-04:00,42.28,42.28,42.24,42.27,1453.0,42.257
2026-05-13 13:06:00-04:00,42.27,42.28,42.25,42.27,960.0,42.272
2026-05-13 13:07:00-04:00,42.26,42.27,42.22,42.22,3348.0,42.243
2026-05-13 13:08:00-04:00,42.25,42.3,42.23,42.28,2460.0,42.269
2026-05-13 13:09:00-04:00,42.27,42.3,42.26,42.3,1257.0,42.279
2026-05-13 13:10:00-04:00,42.32,42.34,42.29,42.29,1108.0,42.321
2026-05-13 13:11:00-04:00,42.3,42.31,42.26,42.26,1432.0,42.291
2026-05-13 13:12:00-04:00,42.29,42.29,42.23,42.23,2650.0,42.264
2026-05-13 13:13:00-04:00,42.26,42.31,42.26,42.31,2249.0,42.288
2026-05-13 13:14:00-04:00,42.32,42.37,42.31,42.31,2475.0,42.352
2026-05-13 13:15:00-04:00,42.33,42.47,42.33,42.43,1900.0,42.416
2026-05-13 13:16:00-04:00,42.45,42.52,42.45,42.52,1117.0,42.502
2026-05-13 13:17:00-04:00,42.46,42.56,42.46,42.54,2398.0,42.531
2026-05-13 13:18:00-04:00,42.58,42.62,42.56,42.59,1300.0,42.594
2026-05-13 13:19:00-04:00,42.6,42.61,42.6,42.6,969.0,42.607
2026-05-13 13:20:00-04:00,42.6,42.63,42.58,42.6,2056.0,42.601
2026-05-13 13:21:00-04:00,42.59,42.6,42.54,42.57,3476.0,42.578
2026-05-13 13:22:00-04:00,42.55,42.6,42.55,42.59,535.0,42.573
2026-05-13 13:23:00-04:00,42.59,42.63,42.59,42.59,2490.0,42.606
2026-05-13 13:24:00-04:00,42.58,42.58,42.53,42.55,1553.0,42.552
2026-05-13 13:25:00-04:00,42.64,42.64,42.6,42.6,300.0,42.628
2026-05-13 13:26:00-04:00,42.6,42.62,42.56,42.58,990.0,42.594
2026-05-13 13:27:00-04:00,42.59,42.61,42.55,42.59,1421.0,42.582
2026-05-13 13:28:00-04:00,42.65,42.66,42.63,42.63,1292.0,42.637
2026-05-13 13:29:00-04:00,42.62,42.62,42.49,42.49,7340.0,42.571
2026-05-13 13:30:00-04:00,42.47,42.47,42.35,42.35,1253.0,42.428
2026-05-13 13:31:00-04:00,42.29,42.29,42.24,42.26,2707.0,42.259
2026-05-13 13:32:00-04:00,42.28,42.44,42.28,42.36,4198.0,42.344
2026-05-13 13:33:00-04:00,42.38,42.38,42.3,42.3,612.0,42.349
2026-05-13 13:34:00-04:00,42.29,42.29,42.29,42.29,200.0,42.29
2026-05-13 13:35:00-04:00,42.31,42.4,42.28,42.33,8170.0,42.335
2026-05-13 13:36:00-04:00,42.28,42.28,42.2,42.27,4297.0,42.25
2026-05-13 13:37:00-04:00,42.27,42.38,42.27,42.38,812.0,42.326
2026-05-13 13:38:00-04:00,42.38,42.38,42.32,42.32,2337.0,42.333
2026-05-13 13:39:00-04:00,42.28,42.3,42.26,42.26,3376.0,42.293
2026-05-13 13:40:00-04:00,42.29,42.37,42.29,42.37,1000.0,42.32
2026-05-13 13:41:00-04:00,42.29,42.34,42.29,42.34,1354.0,42.305
2026-05-13 13:42:00-04:00,42.38,42.39,42.34,42.35,2100.0,42.368
2026-05-13 13:43:00-04:00,42.4,42.5,42.38,42.46,1718.0,42.428
2026-05-13 13:44:00-04:00,42.46,42.49,42.38,42.41,2751.0,42.453
2026-05-13 13:45:00-04:00,42.43,42.5,42.43,42.48,900.0,42.479
2026-05-13 13:46:00-04:00,42.54,42.54,42.51,42.51,514.0,42.516
2026-05-13 13:47:00-04:00,42.54,42.85,42.54,42.78,13961.0,42.743
2026-05-13 13:48:00-04:00,42.78,42.79,42.78,42.78,1117.0,42.782
2026-05-13 13:49:00-04:00,42.84,42.96,42.84,42.96,2325.0,42.888
2026-05-13 13:50:00-04:00,42.96,43.08,42.93,43.01,6609.0,43.011
2026-05-13 13:51:00-04:00,43.08,43.23,43.06,43.19,9499.0,43.118
2026-05-13 13:52:00-04:00,43.25,43.41,43.12,43.33,13254.0,43.269
2026-05-13 13:53:00-04:00,43.26,43.38,43.26,43.35,854.0,43.327
2026-05-13 13:54:00-04:00,43.4,43.45,43.34,43.35,4555.0,43.406
2026-05-13 13:55:00-04:00,43.34,43.35,43.22,43.29,6445.0,43.24
2026-05-13 13:56:00-04:00,43.26,43.26,43.22,43.22,1882.0,43.24
2026-05-13 13:57:00-04:00,43.27,43.35,43.2,43.2,1071.0,43.312
2026-05-13 13:58:00-04:00,43.2,43.27,43.12,43.18,6636.0,43.227
2026-05-13 13:59:00-04:00,43.12,43.14,43.0,43.11,10035.0,43.069
2026-05-13 14:00:00-04:00,43.01,43.03,42.98,43.03,500.0,43.016
2026-05-13 14:01:00-04:00,43.02,43.03,43.02,43.02,200.0,43.023
2026-05-13 14:02:00-04:00,43.07,43.09,43.02,43.02,658.0,43.052
2026-05-13 14:03:00-04:00,43.03,43.03,42.9,43.01,3208.0,42.983
2026-05-13 14:04:00-04:00,43.0,43.07,43.0,43.07,400.0,43.038
2026-05-13 14:05:00-04:00,43.01,43.08,42.93,42.93,5633.0,43.061
2026-05-13 14:06:00-04:00,42.96,43.0,42.95,42.99,700.0,42.973
2026-05-13 14:07:00-04:00,43.05,43.1,43.03,43.1,2086.0,43.075
2026-05-13 14:08:00-04:00,43.07,43.17,43.07,43.14,700.0,43.117
2026-05-13 14:09:00-04:00,43.17,43.31,43.14,43.27,9818.0,43.236
2026-05-13 14:10:00-04:00,43.28,43.32,43.23,43.26,6618.0,43.267
2026-05-13 14:11:00-04:00,43.24,43.25,43.14,43.14,3064.0,43.185
2026-05-13 14:12:00-04:00,43.2,43.21,43.12,43.12,3602.0,43.153
2026-05-13 14:13:00-04:00,43.08,43.08,43.03,43.06,1042.0,43.059
2026-05-13 14:14:00-04:00,43.07,43.18,43.04,43.14,1918.0,43.105
2026-05-13 14:15:00-04:00,43.16,43.28,43.15,43.26,6252.0,43.236
2026-05-13 14:16:00-04:00,43.27,43.27,43.21,43.27,1600.0,43.263
2026-05-13 14:17:00-04:00,43.25,43.26,43.11,43.11,4548.0,43.132
2026-05-13 14:18:00-04:00,43.12,43.19,43.12,43.19,700.0,43.164
2026-05-13 14:19:00-04:00,43.12,43.23,43.1,43.21,1493.0,43.13
2026-05-13 14:20:00-04:00,43.21,43.35,43.21,43.35,3426.0,43.28
2026-05-13 14:21:00-04:00,43.38,43.38,43.29,43.3,3518.0,43.313
2026-05-13 14:22:00-04:00,43.33,43.5,43.31,43.43,9133.0,43.408
2026-05-13 14:23:00-04:00,43.38,43.38,43.21,43.32,3859.0,43.324
2026-05-13 14:24:00-04:00,43.34,43.4,43.31,43.34,5636.0,43.368
2026-05-13 14:25:00-04:00,43.29,43.4,43.29,43.33,1500.0,43.34
2026-05-13 14:26:00-04:00,43.33,43.45,43.33,43.37,2320.0,43.378
2026-05-13 14:27:00-04:00,43.33,43.34,43.26,43.26,1000.0,43.3
2026-05-13 14:28:00-04:00,43.31,43.36,43.22,43.24,12658.0,43.291
2026-05-13 14:29:00-04:00,43.24,43.27,43.04,43.04,4053.0,43.138
2026-05-13 14:30:00-04:00,42.99,43.21,42.99,43.1,4546.0,43.081
2026-05-13 14:31:00-04:00,43.16,43.17,43.1,43.1,5435.0,43.111
2026-05-13 14:32:00-04:00,43.05,43.05,43.05,43.05,100.0,43.05
2026-05-13 14:33:00-04:00,43.1,43.11,43.03,43.11,14427.0,43.094
2026-05-13 14:34:00-04:00,43.11,43.16,43.1,43.16,3959.0,43.123
2026-05-13 14:35:00-04:00,43.15,43.21,43.15,43.2,1008.0,43.196
2026-05-13 14:36:00-04:00,43.17,43.17,43.14,43.17,1164.0,43.167
2026-05-13 14:37:00-04:00,43.17,43.3,43.16,43.3,3505.0,43.204
2026-05-13 14:38:00-04:00,43.36,43.44,43.24,43.38,7263.0,43.337
2026-05-13 14:39:00-04:00,43.34,43.38,43.34,43.38,800.0,43.374
2026-05-13 14:40:00-04:00,43.45,43.45,43.27,43.27,9089.0,43.39
2026-05-13 14:41:00-04:00,43.37,43.37,43.32,43.32,200.0,43.345
2026-05-13 14:42:00-04:00,43.3,43.37,43.3,43.36,924.0,43.329
2026-05-13 14:43:00-04:00,43.35,43.39,43.32,43.32,5272.0,43.362
2026-05-13 14:44:00-04:00,43.35,43.37,43.27,43.29,2804.0,43.311
2026-05-13 14:45:00-04:00,43.29,43.29,43.25,43.25,960.0,43.254
2026-05-13 14:46:00-04:00,43.23,43.23,43.04,43.06,1890.0,43.087
2026-05-13 14:47:00-04:00,43.0,43.02,42.97,43.0,4385.0,42.992
2026-05-13 14:48:00-04:00,42.97,43.05,42.97,43.04,1300.0,43.039
2026-05-13 14:49:00-04:00,42.99,43.05,42.91,42.94,3605.0,42.955
2026-05-13 14:50:00-04:00,42.98,43.09,42.95,43.09,725.0,42.998
2026-05-13 14:51:00-04:00,43.04,43.04,43.03,43.03,300.0,43.033
2026-05-13 14:52:00-04:00,43.03,43.11,43.03,43.07,5803.0,43.077
2026-05-13 14:53:00-04:00,43.04,43.12,43.03,43.05,2143.0,43.076
2026-05-13 14:54:00-04:00,43.08,43.08,42.98,43.02,3005.0,43.02
2026-05-13 14:55:00-04:00,43.06,43.07,42.99,43.0,230.0,43.036
2026-05-13 14:56:00-04:00,43.0,43.0,42.91,42.91,1400.0,42.951
2026-05-13 14:57:00-04:00,42.94,42.94,42.8,42.81,1693.0,42.855
2026-05-13 14:58:00-04:00,42.82,42.92,42.81,42.86,3007.0,42.882
2026-05-13 14:59:00-04:00,42.85,42.86,42.65,42.67,3520.0,42.784
2026-05-13 15:00:00-04:00,42.76,42.82,42.69,42.69,9929.0,42.743
2026-05-13 15:01:00-04:00,42.74,42.74,42.7,42.74,1500.0,42.732
2026-05-13 15:02:00-04:00,42.78,42.78,42.63,42.68,2053.0,42.694
2026-05-13 15:03:00-04:00,42.62,42.62,42.53,42.59,2277.0,42.598
2026-05-13 15:04:00-04:00,42.54,42.72,42.53,42.66,6004.0,42.628
2026-05-13 15:05:00-04:00,42.64,42.71,42.63,42.63,1800.0,42.636
2026-05-13 15:06:00-04:00,42.64,42.64,42.63,42.63,383.0,42.639
2026-05-13 15:07:00-04:00,42.63,42.73,42.6,42.68,2188.0,42.638
2026-05-13 15:08:00-04:00,42.71,42.94,42.66,42.84,11701.0,42.804
2026-05-13 15:09:00-04:00,42.83,43.11,42.81,43.07,9123.0,42.97
2026-05-13 15:10:00-04:00,43.03,43.03,43.0,43.0,2824.0,43.02
2026-05-13 15:11:00-04:00,43.09,43.09,42.98,42.98,2253.0,43.017
2026-05-13 15:12:00-04:00,43.0,43.0,42.95,42.99,3050.0,42.978
2026-05-13 15:13:00-04:00,43.0,43.01,42.98,43.0,3958.0,42.994
2026-05-13 15:14:00-04:00,42.91,42.98,42.91,42.95,459.0,42.934
2026-05-13 15:15:00-04:00,42.95,43.01,42.89,42.97,5726.0,42.902
2026-05-13 15:16:00-04:00,43.02,43.02,42.83,42.85,6573.0,42.911
2026-05-13 15:17:00-04:00,42.9,43.02,42.85,43.0,5207.0,42.941
2026-05-13 15:18:00-04:00,43.0,43.16,43.0,43.14,5388.0,43.081
2026-05-13 15:19:00-04:00,43.1,43.16,43.08,43.15,2699.0,43.109
2026-05-13 15:20:00-04:00,43.13,43.21,43.01,43.01,4199.0,43.099
2026-05-13 15:21:00-04:00,43.04,43.06,42.89,42.89,2400.0,42.98
2026-05-13 15:22:00-04:00,42.86,42.87,42.75,42.75,1300.0,42.802
2026-05-13 15:23:00-04:00,42.75,42.8,42.73,42.73,3478.0,42.758
2026-05-13 15:24:00-04:00,42.72,42.74,42.7,42.72,2444.0,42.719
2026-05-13 15:25:00-04:00,42.71,42.74,42.68,42.73,3120.0,42.711
2026-05-13 15:26:00-04:00,42.73,42.78,42.72,42.78,1798.0,42.764
2026-05-13 15:27:00-04:00,42.82,42.88,42.79,42.88,3759.0,42.827
2026-05-13 15:28:00-04:00,42.85,42.9,42.76,42.76,5146.0,42.855
2026-05-13 15:29:00-04:00,42.76,42.76,42.67,42.72,1375.0,42.731
2026-05-13 15:30:00-04:00,42.71,42.85,42.71,42.84,3334.0,42.796
2026-05-13 15:31:00-04:00,42.84,42.85,42.84,42.84,1188.0,42.848
2026-05-13 15:32:00-04:00,42.85,42.91,42.8,42.91,1873.0,42.86
2026-05-13 15:33:00-04:00,42.91,42.92,42.85,42.89,15577.0,42.873
2026-05-13 15:34:00-04:00,42.89,42.89,42.84,42.84,2675.0,42.844
2026-05-13 15:35:00-04:00,42.91,42.91,42.8,42.8,2593.0,42.865
2026-05-13 15:36:00-04:00,42.8,42.82,42.7,42.7,5140.0,42.753
2026-05-13 15:37:00-04:00,42.7,42.74,42.65,42.7,2918.0,42.681
2026-05-13 15:38:00-04:00,42.75,42.76,42.72,42.75,2252.0,42.743
2026-05-13 15:39:00-04:00,42.76,42.81,42.74,42.81,4744.0,42.758
2026-05-13 15:40:00-04:00,42.77,42.84,42.75,42.84,3315.0,42.791
2026-05-13 15:41:00-04:00,42.84,42.84,42.79,42.81,1414.0,42.814
2026-05-13 15:42:00-04:00,42.81,42.82,42.77,42.82,4365.0,42.783
2026-05-13 15:43:00-04:00,42.82,42.85,42.8,42.83,3084.0,42.826
2026-05-13 15:44:00-04:00,42.83,42.85,42.81,42.81,1430.0,42.819
2026-05-13 15:45:00-04:00,42.83,42.83,42.68,42.68,13608.0,42.762
2026-05-13 15:46:00-04:00,42.7,42.71,42.63,42.68,7690.0,42.672
2026-05-13 15:47:00-04:00,42.66,42.76,42.64,42.7,6949.0,42.692
2026-05-13 15:48:00-04:00,42.72,42.73,42.66,42.67,2728.0,42.705
2026-05-13 15:49:00-04:00,42.7,42.7,42.58,42.63,5010.0,42.617
2026-05-13 15:50:00-04:00,42.59,42.65,42.57,42.63,6740.0,42.608
2026-05-13 15:51:00-04:00,42.63,42.63,42.43,42.45,11323.0,42.51
2026-05-13 15:52:00-04:00,42.42,42.56,42.4,42.53,11515.0,42.477
2026-05-13 15:53:00-04:00,42.53,42.54,42.47,42.48,18691.0,42.496
2026-05-13 15:54:00-04:00,42.48,42.62,42.45,42.61,11280.0,42.508
2026-05-13 15:55:00-04:00,42.62,42.66,42.59,42.63,11690.0,42.63
2026-05-13 15:56:00-04:00,42.63,42.78,42.61,42.76,22375.0,42.686
2026-05-13 15:57:00-04:00,42.75,42.79,42.71,42.77,21777.0,42.747
2026-05-13 15:58:00-04:00,42.77,42.78,42.74,42.77,31333.0,42.755
2026-05-13 15:59:00-04:00,42.77,42.8,42.74,42.77,46867.0,42.777
2026-05-14 09:30:00-04:00,42.61,42.7,42.21,42.59,28708.0,42.541
2026-05-14 09:31:00-04:00,42.62,42.78,42.59,42.7,5300.0,42.633
2026-05-14 09:32:00-04:00,42.7,42.77,42.52,42.52,3870.0,42.623
2026-05-14 09:33:00-04:00,42.55,42.73,42.52,42.62,4554.0,42.685
2026-05-14 09:34:00-04:00,42.69,42.72,42.55,42.69,2579.0,42.651
2026-05-14 09:35:00-04:00,42.72,42.81,42.41,42.64,14720.0,42.661
2026-05-14 09:36:00-04:00,42.7,42.8,42.7,42.8,748.0,42.769
2026-05-14 09:37:00-04:00,42.65,42.65,41.87,41.99,33196.0,42.063
2026-05-14 09:38:00-04:00,41.99,42.0,41.87,41.89,3261.0,41.884
2026-05-14 09:39:00-04:00,41.87,42.0,41.68,42.0,9240.0,41.8
2026-05-14 09:40:00-04:00,42.02,42.06,41.82,42.01,5177.0,41.897
2026-05-14 09:41:00-04:00,42.01,42.08,41.68,41.82,8645.0,41.996
2026-05-14 09:42:00-04:00,41.88,42.14,41.82,42.05,13954.0,41.986
2026-05-14 09:43:00-04:00,42.05,42.34,42.0,42.2,4404.0,42.114
2026-05-14 09:44:00-04:00,42.2,42.2,42.1,42.11,2864.0,42.13
2026-05-14 09:45:00-04:00,42.11,42.19,41.86,41.93,4252.0,42.011
2026-05-14 09:46:00-04:00,41.91,42.22,41.85,41.85,13913.0,42.1
2026-05-14 09:47:00-04:00,41.91,41.99,41.91,41.99,880.0,41.948
2026-05-14 09:48:00-04:00,42.03,42.33,42.01,42.02,21691.0,42.087
2026-05-14 09:49:00-04:00,42.1,42.2,42.1,42.17,1100.0,42.15
2026-05-14 09:50:00-04:00,42.18,42.48,42.18,42.41,5402.0,42.372
2026-05-14 09:51:00-04:00,42.32,42.32,42.2,42.21,2661.0,42.264
2026-05-14 09:52:00-04:00,42.17,42.29,42.17,42.24,3337.0,42.212
2026-05-14 09:53:00-04:00,42.25,42.5,42.24,42.5,12012.0,42.343
2026-05-14 09:54:00-04:00,42.5,42.72,42.47,42.72,4023.0,42.586
2026-05-14 09:55:00-04:00,42.67,42.82,42.63,42.82,2426.0,42.723
2026-05-14 09:56:00-04:00,42.75,42.88,42.47,42.47,16862.0,42.78
2026-05-14 09:57:00-04:00,42.43,42.43,42.13,42.16,4124.0,42.251
2026-05-14 09:58:00-04:00,42.16,42.48,42.16,42.48,11025.0,42.32
2026-05-14 09:59:00-04:00,42.48,42.68,42.34,42.68,3538.0,42.421
2026-05-14 10:00:00-04:00,42.68,42.9,42.68,42.79,3008.0,42.77
2026-05-14 10:01:00-04:00,42.8,43.4,42.8,43.32,7864.0,43.098
2026-05-14 10:02:00-04:00,43.4,43.63,43.27,43.48,15012.0,43.467
2026-05-14 10:03:00-04:00,43.49,43.56,43.04,43.09,3743.0,43.277
2026-05-14 10:04:00-04:00,43.12,43.18,43.09,43.1,1912.0,43.108
2026-05-14 10:05:00-04:00,43.1,43.11,42.92,42.98,2155.0,43.027
2026-05-14 10:06:00-04:00,42.98,42.98,42.87,42.95,5239.0,42.929
2026-05-14 10:07:00-04:00,42.94,43.13,42.9,43.13,3600.0,42.984
2026-05-14 10:08:00-04:00,43.25,43.45,43.25,43.43,1767.0,43.368
2026-05-14 10:09:00-04:00,43.45,44.13,43.27,44.13,21429.0,43.659
2026-05-14 10:10:00-04:00,44.03,44.06,43.65,43.92,7491.0,43.88
2026-05-14 10:11:00-04:00,43.92,44.1,43.71,44.1,16598.0,43.915
2026-05-14 10:12:00-04:00,44.11,44.11,43.9,43.98,8190.0,43.978
2026-05-14 10:13:00-04:00,43.99,44.44,43.99,44.34,30288.0,44.298
2026-05-14 10:14:00-04:00,44.36,44.55,44.35,44.4,12509.0,44.445
2026-05-14 10:15:00-04:00,44.42,44.75,44.42,44.57,12083.0,44.613
2026-05-14 10:16:00-04:00,44.57,44.63,44.49,44.59,8940.0,44.567
2026-05-14 10:17:00-04:00,44.55,44.6,44.33,44.57,10808.0,44.514
2026-05-14 10:18:00-04:00,44.52,44.65,44.52,44.58,3745.0,44.587
2026-05-14 10:19:00-04:00,44.58,44.81,44.56,44.8,15030.0,44.669
2026-05-14 10:20:00-04:00,44.78,44.91,44.73,44.9,7536.0,44.848
2026-05-14 10:21:00-04:00,44.87,45.16,44.79,44.91,38592.0,44.996
2026-05-14 10:22:00-04:00,44.91,44.97,44.84,44.84,7335.0,44.902
2026-05-14 10:23:00-04:00,44.85,45.12,44.85,44.96,12297.0,45.027
2026-05-14 10:24:00-04:00,44.93,45.16,44.86,45.16,2609.0,44.998
2026-05-14 10:25:00-04:00,45.11,45.24,45.07,45.07,9002.0,45.162
2026-05-14 10:26:00-04:00,45.16,45.22,45.06,45.14,5609.0,45.151
2026-05-14 10:27:00-04:00,45.05,45.05,44.78,44.85,8822.0,44.891
2026-05-14 10:28:00-04:00,44.92,45.0,44.84,44.85,5170.0,44.951
2026-05-14 10:29:00-04:00,44.91,44.95,44.81,44.82,3692.0,44.861
2026-05-14 10:30:00-04:00,44.75,45.0,44.6,44.87,6122.0,44.884
2026-05-14 10:31:00-04:00,44.88,44.88,44.74,44.79,17865.0,44.812
2026-05-14 10:32:00-04:00,44.78,44.88,44.71,44.83,2298.0,44.772
2026-05-14 10:33:00-04:00,44.88,44.88,44.75,44.85,1904.0,44.816
2026-05-14 10:34:00-04:00,44.79,44.84,44.75,44.78,3004.0,44.781
2026-05-14 10:35:00-04:00,44.85,44.96,44.81,44.93,3134.0,44.9
2026-05-14 10:36:00-04:00,44.96,45.16,44.93,45.11,8028.0,45.046
2026-05-14 10:37:00-04:00,45.17,45.22,44.97,45.01,4718.0,45.126
2026-05-14 10:38:00-04:00,45.02,45.02,44.89,44.89,4433.0,44.941
2026-05-14 10:39:00-04:00,44.93,45.04,44.87,45.03,2480.0,44.965
2026-05-14 10:40:00-04:00,44.98,45.04,44.83,44.9,10593.0,44.892
2026-05-14 10:41:00-04:00,44.91,44.92,44.81,44.88,9799.0,44.839
2026-05-14 10:42:00-04:00,44.78,44.96,44.78,44.88,7660.0,44.838
2026-05-14 10:43:00-04:00,45.0,45.1,44.95,45.1,4707.0,45.017
2026-05-14 10:44:00-04:00,45.12,45.12,44.97,44.97,3560.0,45.021
2026-05-14 10:45:00-04:00,44.97,45.08,44.97,45.08,510.0,45.031
2026-05-14 10:46:00-04:00,45.02,45.22,45.01,45.16,7902.0,45.153
2026-05-14 10:47:00-04:00,45.14,45.3,45.03,45.04,19266.0,45.178
2026-05-14 10:48:00-04:00,45.04,45.23,44.95,45.23,5458.0,45.07
2026-05-14 10:49:00-04:00,45.2,45.66,45.19,45.6,31083.0,45.477
2026-05-14 10:50:00-04:00,45.64,45.86,45.59,45.73,13746.0,45.772
2026-05-14 10:51:00-04:00,45.68,46.16,45.68,46.09,38386.0,45.916
2026-05-14 10:52:00-04:00,46.08,46.42,46.0,46.0,12566.0,46.243
2026-05-14 10:53:00-04:00,46.01,46.1,45.95,46.03,11916.0,46.025
2026-05-14 10:54:00-04:00,46.02,46.04,45.81,45.92,17782.0,45.914
2026-05-14 10:55:00-04:00,46.0,46.19,45.88,45.98,7507.0,45.982
2026-05-14 10:56:00-04:00,45.95,45.95,45.56,45.58,11933.0,45.683
2026-05-14 10:57:00-04:00,45.56,45.87,45.53,45.75,4081.0,45.622
2026-05-14 10:58:00-04:00,45.73,45.74,45.4,45.48,2465.0,45.533
2026-05-14 10:59:00-04:00,45.44,45.56,45.4,45.5,3412.0,45.484
2026-05-14 11:00:00-04:00,45.51,45.51,45.25,45.36,7190.0,45.381
2026-05-14 11:01:00-04:00,45.39,45.45,45.26,45.27,13448.0,45.344
2026-05-14 11:02:00-04:00,45.27,45.49,45.25,45.42,12390.0,45.347
2026-05-14 11:03:00-04:00,45.4,45.85,45.39,45.83,31087.0,45.654
2026-05-14 11:04:00-04:00,45.68,45.73,45.53,45.54,4000.0,45.667
2026-05-14 11:05:00-04:00,45.54,45.95,45.54,45.94,19955.0,45.803
2026-05-14 11:06:00-04:00,45.98,46.13,45.85,46.13,12053.0,45.974
2026-05-14 11:07:00-04:00,46.17,46.36,46.08,46.28,21001.0,46.228
2026-05-14 11:08:00-04:00,46.28,46.56,46.23,46.36,14643.0,46.416
2026-05-14 11:09:00-04:00,46.33,46.37,46.24,46.29,8728.0,46.287
2026-05-14 11:10:00-04:00,46.31,46.41,46.24,46.34,7562.0,46.313
2026-05-14 11:11:00-04:00,46.34,46.48,46.28,46.36,3891.0,46.356
2026-05-14 11:12:00-04:00,46.36,46.37,46.13,46.34,13558.0,46.23
2026-05-14 11:13:00-04:00,46.4,46.56,46.39,46.48,7625.0,46.461
2026-05-14 11:14:00-04:00,46.44,46.56,46.4,46.43,6161.0,46.44
2026-05-14 11:15:00-04:00,46.49,46.68,46.42,46.49,13832.0,46.579
2026-05-14 11:16:00-04:00,46.4,46.47,46.38,46.38,1425.0,46.418
2026-05-14 11:17:00-04:00,46.39,46.47,46.33,46.36,5311.0,46.422
2026-05-14 11:18:00-04:00,46.4,46.47,46.34,46.47,18187.0,46.397
2026-05-14 11:19:00-04:00,46.5,47.15,46.5,47.05,30610.0,46.975
2026-05-14 11:20:00-04:00,47.01,47.05,46.87,46.93,12568.0,46.954
2026-05-14 11:21:00-04:00,46.86,47.0,46.74,46.91,17333.0,46.874
2026-05-14 11:22:00-04:00,46.93,46.97,46.8,46.85,12259.0,46.865
2026-05-14 11:23:00-04:00,46.8,46.8,46.31,46.33,25249.0,46.55
2026-05-14 11:24:00-04:00,46.34,46.47,46.31,46.44,20195.0,46.336
2026-05-14 11:25:00-04:00,46.38,46.52,46.33,46.36,5293.0,46.389
2026-05-14 11:26:00-04:00,46.44,46.61,46.44,46.5,8231.0,46.534
2026-05-14 11:27:00-04:00,46.54,46.7,46.48,46.7,10957.0,46.612
2026-05-14 11:28:00-04:00,46.71,46.82,46.63,46.82,4048.0,46.77
2026-05-14 11:29:00-04:00,46.89,46.89,46.75,46.8,6499.0,46.813
2026-05-14 11:30:00-04:00,46.85,46.92,46.85,46.88,5585.0,46.88
2026-05-14 11:31:00-04:00,46.87,47.06,46.81,46.88,32700.0,46.969
2026-05-14 11:32:00-04:00,46.99,47.33,46.92,47.32,32541.0,47.114
2026-05-14 11:33:00-04:00,47.28,47.33,47.2,47.29,6604.0,47.264
2026-05-14 11:34:00-04:00,47.29,47.37,47.21,47.3,5718.0,47.285
2026-05-14 11:35:00-04:00,47.28,47.45,47.24,47.29,15461.0,47.322
2026-05-14 11:36:00-04:00,47.29,47.45,47.2,47.42,10658.0,47.347
2026-05-14 11:37:00-04:00,47.45,47.75,47.42,47.59,33398.0,47.61
2026-05-14 11:38:00-04:00,47.56,47.64,47.52,47.64,15213.0,47.577
2026-05-14 11:39:00-04:00,47.64,47.71,47.44,47.58,11448.0,47.578
2026-05-14 11:40:00-04:00,47.58,47.78,47.58,47.74,15779.0,47.708
2026-05-14 11:41:00-04:00,47.75,47.82,47.68,47.76,15050.0,47.764
2026-05-14 11:42:00-04:00,47.8,47.8,47.54,47.77,13455.0,47.641
2026-05-14 11:43:00-04:00,47.66,47.91,47.66,47.86,14782.0,47.797
2026-05-14 11:44:00-04:00,47.85,47.9,47.67,47.87,7304.0,47.792
2026-05-14 11:45:00-04:00,47.91,47.94,47.72,47.81,15887.0,47.784
2026-05-14 11:46:00-04:00,47.81,47.86,47.72,47.82,6839.0,47.786
2026-05-14 11:47:00-04:00,47.82,47.9,47.8,47.88,4804.0,47.863
2026-05-14 11:48:00-04:00,47.9,47.91,47.79,47.8,16806.0,47.841
2026-05-14 11:49:00-04:00,47.8,48.1,47.71,48.03,31169.0,47.977
2026-05-14 11:50:00-04:00,48.04,48.15,47.99,48.01,15639.0,48.035
2026-05-14 11:51:00-04:00,48.01,48.04,47.8,47.89,12810.0,47.922
2026-05-14 11:52:00-04:00,47.99,47.99,47.8,47.89,7400.0,47.951
2026-05-14 11:53:00-04:00,47.95,48.11,47.89,48.06,16838.0,48.009
2026-05-14 11:54:00-04:00,47.99,48.2,47.99,48.05,17930.0,48.142
2026-05-14 11:55:00-04:00,48.1,48.1,47.93,48.01,12688.0,48.028
2026-05-14 11:56:00-04:00,47.95,47.97,47.8,47.92,9334.0,47.897
2026-05-14 11:57:00-04:00,47.95,48.16,47.95,48.15,10905.0,48.008
2026-05-14 11:58:00-04:00,48.18,48.32,48.16,48.18,17706.0,48.221
2026-05-14 11:59:00-04:00,48.23,48.26,48.02,48.05,18609.0,48.148
2026-05-14 12:00:00-04:00,47.99,48.1,47.92,48.01,15947.0,48.01
2026-05-14 12:01:00-04:00,48.04,48.19,48.04,48.17,9920.0,48.106
2026-05-14 12:02:00-04:00,48.1,48.25,48.1,48.18,4229.0,48.162
2026-05-14 12:03:00-04:00,48.25,48.4,48.23,48.3,13745.0,48.329
2026-05-14 12:04:00-04:00,48.35,48.67,48.35,48.64,24739.0,48.51
2026-05-14 12:05:00-04:00,48.64,48.66,48.53,48.59,12158.0,48.604
2026-05-14 12:06:00-04:00,48.62,48.73,48.56,48.68,12730.0,48.67
2026-05-14 12:07:00-04:00,48.66,48.69,48.39,48.42,7633.0,48.535
2026-05-14 12:08:00-04:00,48.31,48.41,48.31,48.41,1136.0,48.381
2026-05-14 12:09:00-04:00,48.41,48.48,48.02,48.11,6426.0,48.298
2026-05-14 12:10:00-04:00,48.11,48.46,48.11,48.39,8503.0,48.394
2026-05-14 12:11:00-04:00,48.41,48.49,48.32,48.49,3907.0,48.388
2026-05-14 12:12:00-04:00,48.53,48.7,48.53,48.7,9690.0,48.645
2026-05-14 12:13:00-04:00,48.7,48.79,48.58,48.64,12921.0,48.682
2026-05-14 12:14:00-04:00,48.72,48.72,48.52,48.6,7320.0,48.604
2026-05-14 12:15:00-04:00,48.68,48.8,48.68,48.72,3132.0,48.717
2026-05-14 12:16:00-04:00,48.76,48.94,48.7,48.93,11843.0,48.81
2026-05-14 12:17:00-04:00,48.91,49.04,48.56,48.7,48894.0,48.863
2026-05-14 12:18:00-04:00,48.67,48.67,48.32,48.32,7625.0,48.52
2026-05-14 12:19:00-04:00,48.32,48.49,48.13,48.19,9720.0,48.253
2026-05-14 12:20:00-04:00,48.27,48.38,48.21,48.29,10517.0,48.275
2026-05-14 12:21:00-04:00,48.29,48.46,48.24,48.42,3342.0,48.366
2026-05-14 12:22:00-04:00,48.36,48.49,48.32,48.41,4844.0,48.367
2026-05-14 12:23:00-04:00,48.36,48.4,48.29,48.32,3260.0,48.343
2026-05-14 12:24:00-04:00,48.32,48.45,48.32,48.44,6323.0,48.37
2026-05-14 12:25:00-04:00,48.27,48.56,48.23,48.54,24212.0,48.471
2026-05-14 12:26:00-04:00,48.54,48.65,48.53,48.62,3445.0,48.578
2026-05-14 12:27:00-04:00,48.62,48.75,48.59,48.75,4255.0,48.692
2026-05-14 12:28:00-04:00,48.71,48.9,48.7,48.72,24014.0,48.814
2026-05-14 12:29:00-04:00,48.82,49.0,48.76,48.92,33318.0,48.89
2026-05-14 12:30:00-04:00,48.95,49.11,48.95,49.11,15029.0,49.067
2026-05-14 12:31:00-04:00,49.09,49.2,49.05,49.08,13180.0,49.121
2026-05-14 12:32:00-04:00,49.06,49.13,49.06,49.07,6659.0,49.101
2026-05-14 12:33:00-04:00,49.07,49.09,48.77,48.97,17020.0,48.975
2026-05-14 12:34:00-04:00,49.03,49.06,48.64,48.65,14097.0,48.889
2026-05-14 12:35:00-04:00,48.75,48.76,48.73,48.73,3543.0,48.75
2026-05-14 12:36:00-04:00,48.7,48.83,48.6,48.83,9304.0,48.679
2026-05-14 12:37:00-04:00,48.78,49.05,48.74,49.04,6279.0,48.923
2026-05-14 12:38:00-04:00,49.03,49.1,48.8,48.99,8952.0,48.919
2026-05-14 12:39:00-04:00,48.88,48.98,48.87,48.88,2150.0,48.896
2026-05-14 12:40:00-04:00,48.87,48.88,48.69,48.73,3931.0,48.79
2026-05-14 12:41:00-04:00,48.64,48.79,48.62,48.79,5841.0,48.708
2026-05-14 12:42:00-04:00,48.8,49.07,48.74,49.06,20720.0,48.98
2026-05-14 12:43:00-04:00,48.92,49.06,48.89,48.96,3690.0,48.945
2026-05-14 12:44:00-04:00,48.99,48.99,48.77,48.78,20284.0,48.862
2026-05-14 12:45:00-04:00,48.78,48.87,48.65,48.78,52547.0,48.805
2026-05-14 12:46:00-04:00,48.78,48.87,48.63,48.7,10329.0,48.735
2026-05-14 12:47:00-04:00,48.72,48.9,48.72,48.84,5281.0,48.827
2026-05-14 12:48:00-04:00,48.92,49.09,48.75,49.05,18140.0,48.946
2026-05-14 12:49:00-04:00,49.0,49.29,49.0,49.25,8952.0,49.152
2026-05-14 12:50:00-04:00,49.14,49.37,49.0,49.04,14047.0,49.227
2026-05-14 12:51:00-04:00,48.98,49.0,48.74,48.8,9248.0,48.797
2026-05-14 12:52:00-04:00,48.81,48.86,48.69,48.75,6892.0,48.766
2026-05-14 12:53:00-04:00,48.65,48.91,48.49,48.65,36842.0,48.708
2026-05-14 12:54:00-04:00,48.65,48.66,48.5,48.56,6117.0,48.57
2026-05-14 12:55:00-04:00,48.56,49.03,48.56,48.93,35090.0,48.793
2026-05-14 12:56:00-04:00,48.93,49.0,48.78,48.97,5802.0,48.913
2026-05-14 12:57:00-04:00,49.03,49.04,48.96,49.02,3094.0,49.005
2026-05-14 12:58:00-04:00,49.08,49.2,49.05,49.1,8759.0,49.103
2026-05-14 12:59:00-04:00,49.06,49.2,49.01,49.01,2580.0,49.103
2026-05-14 13:00:00-04:00,49.01,49.16,49.01,49.16,4398.0,49.142
2026-05-14 13:01:00-04:00,49.18,49.28,49.1,49.28,16693.0,49.189
2026-05-14 13:02:00-04:00,49.28,49.45,49.23,49.38,17610.0,49.352
2026-05-14 13:03:00-04:00,49.37,49.51,49.34,49.46,18757.0,49.424
2026-05-14 13:04:00-04:00,49.47,49.52,49.05,49.05,12673.0,49.32
2026-05-14 13:05:00-04:00,49.11,49.16,49.09,49.16,3448.0,49.124
2026-05-14 13:06:00-04:00,49.14,49.15,48.85,49.0,7524.0,48.989
2026-05-14 13:07:00-04:00,48.99,48.99,48.8,48.86,5715.0,48.881
2026-05-14 13:08:00-04:00,48.88,48.88,48.75,48.78,23208.0,48.834
2026-05-14 13:09:00-04:00,48.82,48.82,48.74,48.82,5223.0,48.801
2026-05-14 13:10:00-04:00,48.82,48.82,48.57,48.63,11217.0,48.662
2026-05-14 13:11:00-04:00,48.64,48.64,48.25,48.4,8516.0,48.471
2026-05-14 13:12:00-04:00,48.29,48.3,48.0,48.14,14555.0,48.097
2026-05-14 13:13:00-04:00,48.11,48.22,48.0,48.11,5746.0,48.048
2026-05-14 13:14:00-04:00,48.11,48.12,47.84,47.9,15691.0,47.982
2026-05-14 13:15:00-04:00,47.88,47.99,47.88,47.95,8493.0,47.93
2026-05-14 13:16:00-04:00,47.94,47.94,47.65,47.65,10148.0,47.793
2026-05-14 13:17:00-04:00,47.67,47.84,47.66,47.77,10798.0,47.755
2026-05-14 13:18:00-04:00,47.77,47.78,47.51,47.62,9826.0,47.664
2026-05-14 13:19:00-04:00,47.6,47.76,47.55,47.65,10157.0,47.651
2026-05-14 13:20:00-04:00,47.7,47.77,47.62,47.75,6776.0,47.723
2026-05-14 13:21:00-04:00,47.75,47.81,47.65,47.67,7877.0,47.722
2026-05-14 13:22:00-04:00,47.66,47.72,47.62,47.72,1150.0,47.674
2026-05-14 13:23:00-04:00,47.72,47.74,47.6,47.62,5928.0,47.695
2026-05-14 13:24:00-04:00,47.63,47.63,47.31,47.31,17941.0,47.475
2026-05-14 13:25:00-04:00,47.33,47.52,47.31,47.39,10341.0,47.389
2026-05-14 13:26:00-04:00,47.46,47.65,47.41,47.59,13054.0,47.51
2026-05-14 13:27:00-04:00,47.61,47.77,47.61,47.77,3136.0,47.645
2026-05-14 13:28:00-04:00,47.67,47.78,47.67,47.7,5416.0,47.692
2026-05-14 13:29:00-04:00,47.7,47.7,47.55,47.66,6616.0,47.615
2026-05-14 13:30:00-04:00,47.65,47.92,47.65,47.91,3907.0,47.827
2026-05-14 13:31:00-04:00,47.91,47.99,47.85,47.86,6768.0,47.909
2026-05-14 13:32:00-04:00,47.86,47.89,47.75,47.76,5609.0,47.813
2026-05-14 13:33:00-04:00,47.75,47.78,47.68,47.76,7508.0,47.738
2026-05-14 13:34:00-04:00,47.75,48.0,47.75,48.0,4396.0,47.888
2026-05-14 13:35:00-04:00,47.98,48.06,47.98,48.0,4701.0,48.0
2026-05-14 13:36:00-04:00,47.97,48.06,47.94,48.05,4206.0,48.01
2026-05-14 13:37:00-04:00,48.05,48.18,48.05,48.15,1900.0,48.102
2026-05-14 13:38:00-04:00,48.18,48.18,48.05,48.13,1600.0,48.126
2026-05-14 13:39:00-04:00,48.17,48.17,48.1,48.14,1857.0,48.147
2026-05-14 13:40:00-04:00,48.14,48.17,47.99,48.06,10871.0,48.087
2026-05-14 13:41:00-04:00,48.08,48.16,48.07,48.1,1202.0,48.104
2026-05-14 13:42:00-04:00,48.1,48.4,48.05,48.4,11870.0,48.233
2026-05-14 13:43:00-04:00,48.31,48.44,48.31,48.44,7027.0,48.381
2026-05-14 13:44:00-04:00,48.31,48.38,48.25,48.38,6031.0,48.338
2026-05-14 13:45:00-04:00,48.31,48.38,48.31,48.38,3499.0,48.356
2026-05-14 13:46:00-04:00,48.4,48.46,48.29,48.31,8654.0,48.376
2026-05-14 13:47:00-04:00,48.34,48.36,48.31,48.36,1055.0,48.335
2026-05-14 13:48:00-04:00,48.37,48.38,48.33,48.35,3878.0,48.35
2026-05-14 13:49:00-04:00,48.35,48.36,48.26,48.27,2769.0,48.298
2026-05-14 13:50:00-04:00,48.29,48.41,48.28,48.41,3279.0,48.352
2026-05-14 13:51:00-04:00,48.39,48.44,48.36,48.42,939.0,48.4
2026-05-14 13:52:00-04:00,48.42,48.56,48.35,48.35,11546.0,48.494
2026-05-14 13:53:00-04:00,48.3,48.44,48.3,48.44,3028.0,48.426
2026-05-14 13:54:00-04:00,48.44,48.55,48.34,48.45,3369.0,48.414
2026-05-14 13:55:00-04:00,48.45,48.48,48.38,48.38,803.0,48.444
2026-05-14 13:56:00-04:00,48.45,48.5,48.4,48.4,2711.0,48.461
2026-05-14 13:57:00-04:00,48.5,48.5,48.4,48.45,2276.0,48.439
2026-05-14 13:58:00-04:00,48.44,48.53,48.36,48.5,5111.0,48.443
2026-05-14 13:59:00-04:00,48.46,48.47,48.44,48.47,1800.0,48.459
2026-05-14 14:00:00-04:00,48.5,48.77,48.48,48.6,11971.0,48.559
2026-05-14 14:01:00-04:00,48.6,48.61,48.35,48.39,7441.0,48.501
2026-05-14 14:02:00-04:00,48.39,48.42,48.31,48.34,4435.0,48.379
2026-05-14 14:03:00-04:00,48.38,48.39,48.25,48.34,3524.0,48.338
2026-05-14 14:04:00-04:00,48.35,48.5,48.32,48.43,5387.0,48.387
2026-05-14 14:05:00-04:00,48.46,48.47,48.46,48.47,517.0,48.468
2026-05-14 14:06:00-04:00,48.47,48.47,48.45,48.45,1447.0,48.462
2026-05-14 14:07:00-04:00,48.45,48.45,48.12,48.21,6123.0,48.292
2026-05-14 14:08:00-04:00,48.2,48.2,48.14,48.2,7645.0,48.178
2026-05-14 14:09:00-04:00,48.16,48.16,48.12,48.12,400.0,48.146
2026-05-14 14:10:00-04:00,48.16,48.25,48.15,48.21,911.0,48.229
2026-05-14 14:11:00-04:00,48.25,48.32,48.25,48.31,2481.0,48.3
2026-05-14 14:12:00-04:00,48.37,48.38,48.36,48.36,1242.0,48.37
2026-05-14 14:13:00-04:00,48.39,48.41,48.34,48.36,6668.0,48.393
2026-05-14 14:14:00-04:00,48.41,48.53,48.3,48.38,25420.0,48.405
2026-05-14 14:15:00-04:00,48.38,48.39,48.31,48.35,1928.0,48.377
2026-05-14 14:16:00-04:00,48.38,48.39,48.2,48.31,6435.0,48.295
2026-05-14 14:17:00-04:00,48.15,48.21,48.04,48.16,11248.0,48.127
2026-05-14 14:18:00-04:00,48.1,48.17,47.91,47.91,5484.0,48.051
2026-05-14 14:19:00-04:00,47.91,47.93,47.83,47.91,6305.0,47.899
2026-05-14 14:20:00-04:00,47.93,48.23,47.86,48.19,5109.0,48.037
2026-05-14 14:21:00-04:00,48.22,48.22,47.98,47.98,5014.0,48.137
2026-05-14 14:22:00-04:00,48.08,48.08,47.78,47.78,7310.0,47.868
2026-05-14 14:23:00-04:00,47.78,47.79,47.51,47.51,13288.0,47.684
2026-05-14 14:24:00-04:00,47.59,47.78,47.59,47.68,6269.0,47.684
2026-05-14 14:25:00-04:00,47.68,47.77,47.68,47.77,700.0,47.758
2026-05-14 14:26:00-04:00,47.76,47.76,47.75,47.76,1013.0,47.756
2026-05-14 14:27:00-04:00,47.75,47.76,47.55,47.57,6438.0,47.641
2026-05-14 14:28:00-04:00,47.55,47.56,47.47,47.47,2830.0,47.497
2026-05-14 14:29:00-04:00,47.42,47.56,47.42,47.56,4664.0,47.483
2026-05-14 14:30:00-04:00,47.57,47.62,47.42,47.54,7866.0,47.538
2026-05-14 14:31:00-04:00,47.54,47.74,47.54,47.72,3671.0,47.632
2026-05-14 14:32:00-04:00,47.79,47.9,47.77,47.8,2902.0,47.832
2026-05-14 14:33:00-04:00,47.84,47.91,47.8,47.86,3921.0,47.866
2026-05-14 14:34:00-04:00,47.77,47.83,47.72,47.83,1891.0,47.772
2026-05-14 14:35:00-04:00,47.73,47.94,47.73,47.9,1504.0,47.893
2026-05-14 14:36:00-04:00,47.94,47.94,47.75,47.75,5430.0,47.801
2026-05-14 14:37:00-04:00,47.81,47.82,47.8,47.81,900.0,47.811
2026-05-14 14:38:00-04:00,47.82,47.86,47.8,47.84,1944.0,47.83
2026-05-14 14:39:00-04:00,47.81,47.85,47.7,47.73,5168.0,47.769
2026-05-14 14:40:00-04:00,47.73,47.77,47.73,47.77,1920.0,47.768
2026-05-14 14:41:00-04:00,47.7,47.7,47.6,47.61,2662.0,47.669
2026-05-14 14:42:00-04:00,47.66,47.67,47.61,47.64,3021.0,47.651
2026-05-14 14:43:00-04:00,47.67,47.68,47.54,47.55,3984.0,47.6
2026-05-14 14:44:00-04:00,47.52,47.58,47.52,47.52,1865.0,47.559
2026-05-14 14:45:00-04:00,47.56,47.57,47.56,47.57,1255.0,47.564
2026-05-14 14:46:00-04:00,47.52,47.64,47.34,47.64,9601.0,47.463
2026-05-14 14:47:00-04:00,47.63,47.69,47.62,47.67,1402.0,47.653
2026-05-14 14:48:00-04:00,47.67,47.75,47.67,47.67,2429.0,47.71
2026-05-14 14:49:00-04:00,47.71,48.11,47.71,48.09,41109.0,47.977
2026-05-14 14:50:00-04:00,48.04,48.36,47.95,48.27,13016.0,48.181
2026-05-14 14:51:00-04:00,48.23,48.45,48.23,48.4,4717.0,48.304
2026-05-14 14:52:00-04:00,48.49,48.52,47.94,47.99,19620.0,48.295
2026-05-14 14:53:00-04:00,48.0,48.29,47.96,48.28,18290.0,48.097
2026-05-14 14:54:00-04:00,48.28,48.33,48.26,48.32,2196.0,48.296
2026-05-14 14:55:00-04:00,48.35,48.71,48.35,48.7,18108.0,48.488
2026-05-14 14:56:00-04:00,48.71,48.78,48.58,48.68,5382.0,48.665
2026-05-14 14:57:00-04:00,48.58,48.65,48.53,48.63,3785.0,48.585
2026-05-14 14:58:00-04:00,48.6,48.73,48.4,48.44,7413.0,48.54
2026-05-14 14:59:00-04:00,48.47,48.47,48.3,48.45,2654.0,48.41
2026-05-14 15:00:00-04:00,48.45,48.6,48.44,48.6,1800.0,48.523
2026-05-14 15:01:00-04:00,48.52,48.67,48.51,48.57,4753.0,48.608
2026-05-14 15:02:00-04:00,48.5,48.65,48.5,48.59,4981.0,48.616
2026-05-14 15:03:00-04:00,48.49,48.6,48.48,48.58,1947.0,48.521
2026-05-14 15:04:00-04:00,48.55,48.71,48.55,48.63,5270.0,48.634
2026-05-14 15:05:00-04:00,48.68,48.7,48.63,48.67,3321.0,48.668
2026-05-14 15:06:00-04:00,48.73,48.73,48.65,48.72,2129.0,48.682
2026-05-14 15:07:00-04:00,48.66,48.71,48.57,48.65,2928.0,48.641
2026-05-14 15:08:00-04:00,48.65,48.7,48.63,48.66,1783.0,48.661
2026-05-14 15:09:00-04:00,48.65,48.67,48.53,48.59,7920.0,48.613
2026-05-14 15:10:00-04:00,48.61,48.65,48.59,48.61,4130.0,48.623
2026-05-14 15:11:00-04:00,48.57,48.9,48.57,48.84,15795.0,48.718
2026-05-14 15:12:00-04:00,48.85,48.85,48.36,48.39,15087.0,48.624
2026-05-14 15:13:00-04:00,48.39,48.44,48.39,48.44,3014.0,48.408
2026-05-14 15:14:00-04:00,48.45,48.47,48.3,48.38,5803.0,48.38
2026-05-14 15:15:00-04:00,48.38,48.47,48.3,48.41,2174.0,48.41
2026-05-14 15:16:00-04:00,48.46,48.46,48.35,48.41,2980.0,48.401
2026-05-14 15:17:00-04:00,48.41,48.42,48.12,48.12,6433.0,48.29
2026-05-14 15:18:00-04:00,48.12,48.37,48.1,48.27,7396.0,48.211
2026-05-14 15:19:00-04:00,48.37,48.46,48.37,48.46,2100.0,48.393
2026-05-14 15:20:00-04:00,48.47,48.7,48.47,48.6,7505.0,48.595
2026-05-14 15:21:00-04:00,48.66,48.78,48.6,48.73,5872.0,48.678
2026-05-14 15:22:00-04:00,48.74,48.8,48.69,48.72,11969.0,48.733
2026-05-14 15:23:00-04:00,48.75,48.77,48.72,48.74,5743.0,48.737
2026-05-14 15:24:00-04:00,48.74,48.77,48.61,48.64,11174.0,48.702
2026-05-14 15:25:00-04:00,48.69,48.82,48.64,48.77,5955.0,48.742
2026-05-14 15:26:00-04:00,48.77,48.77,48.67,48.67,3779.0,48.713
2026-05-14 15:27:00-04:00,48.75,48.75,48.6,48.64,9345.0,48.655
2026-05-14 15:28:00-04:00,48.63,48.65,48.59,48.63,7086.0,48.621
2026-05-14 15:29:00-04:00,48.64,48.69,48.57,48.62,3461.0,48.622
2026-05-14 15:30:00-04:00,48.63,48.69,48.58,48.64,6434.0,48.635
2026-05-14 15:31:00-04:00,48.64,48.83,48.64,48.75,11144.0,48.711
2026-05-14 15:32:00-04:00,48.75,48.77,48.72,48.77,6698.0,48.755
2026-05-14 15:33:00-04:00,48.77,48.84,48.76,48.82,5645.0,48.793
2026-05-14 15:34:00-04:00,48.79,48.85,48.65,48.66,17657.0,48.722
2026-05-14 15:35:00-04:00,48.62,48.76,48.61,48.75,7765.0,48.676
2026-05-14 15:36:00-04:00,48.75,48.86,48.75,48.83,2900.0,48.801
2026-05-14 15:37:00-04:00,48.83,48.9,48.8,48.89,16493.0,48.845
2026-05-14 15:38:00-04:00,48.89,49.13,48.89,49.09,24738.0,49.005
2026-05-14 15:39:00-04:00,49.13,49.17,49.09,49.14,5142.0,49.13
2026-05-14 15:40:00-04:00,49.14,49.27,49.14,49.15,5997.0,49.206
2026-05-14 15:41:00-04:00,49.15,49.27,49.14,49.23,8546.0,49.216
2026-05-14 15:42:00-04:00,49.22,49.59,49.21,49.4,30554.0,49.449
2026-05-14 15:43:00-04:00,49.44,49.44,49.17,49.2,12641.0,49.286
2026-05-14 15:44:00-04:00,49.22,49.24,49.11,49.11,7655.0,49.176
2026-05-14 15:45:00-04:00,49.09,49.45,49.09,49.38,14715.0,49.25
2026-05-14 15:46:00-04:00,49.4,49.5,49.35,49.47,11371.0,49.434
2026-05-14 15:47:00-04:00,49.43,49.62,49.43,49.59,34185.0,49.573
2026-05-14 15:48:00-04:00,49.59,49.59,49.44,49.47,13021.0,49.532
2026-05-14 15:49:00-04:00,49.47,49.6,49.47,49.59,10962.0,49.547
2026-05-14 15:50:00-04:00,49.56,49.78,49.56,49.69,18637.0,49.692
2026-05-14 15:51:00-04:00,49.72,49.76,49.61,49.68,22016.0,49.725
2026-05-14 15:52:00-04:00,49.68,49.99,49.57,49.89,25192.0,49.78
2026-05-14 15:53:00-04:00,49.89,50.0,49.8,49.91,37709.0,49.912
2026-05-14 15:54:00-04:00,49.92,50.44,49.86,50.43,55502.0,50.104
2026-05-14 15:55:00-04:00,50.46,50.46,50.2,50.29,36337.0,50.347
2026-05-14 15:56:00-04:00,50.29,50.46,50.21,50.44,99132.0,50.395
2026-05-14 15:57:00-04:00,50.44,50.46,50.07,50.14,87798.0,50.377
2026-05-14 15:58:00-04:00,50.13,50.18,49.99,50.07,68948.0,50.042
2026-05-14 15:59:00-04:00,50.07,50.27,50.05,50.2,114586.0,50.155
2026-05-15 09:30:00-04:00,48.1,48.88,47.5,48.39,119641.0,48.19
2026-05-15 09:31:00-04:00,48.47,48.79,48.03,48.39,21058.0,48.315
2026-05-15 09:32:00-04:00,48.4,48.62,47.8,47.8,18240.0,48.223
2026-05-15 09:33:00-04:00,47.8,48.63,47.8,48.29,20579.0,48.31
2026-05-15 09:34:00-04:00,48.28,48.51,48.12,48.5,14808.0,48.307
2026-05-15 09:35:00-04:00,48.51,48.95,48.3,48.75,17944.0,48.653
2026-05-15 09:36:00-04:00,48.84,49.0,48.8,48.81,23057.0,48.894
2026-05-15 09:37:00-04:00,48.93,49.3,48.72,49.3,32405.0,48.897
2026-05-15 09:38:00-04:00,49.3,49.34,49.02,49.16,14249.0,49.162
2026-05-15 09:39:00-04:00,49.11,49.11,48.67,48.86,8645.0,48.95
2026-05-15 09:40:00-04:00,48.72,49.03,48.72,48.8,3230.0,48.858
2026-05-15 09:41:00-04:00,49.13,49.15,48.5,48.87,48949.0,48.775
2026-05-15 09:42:00-04:00,48.93,49.6,48.89,49.41,36106.0,49.111
2026-05-15 09:43:00-04:00,49.41,49.56,49.27,49.39,7163.0,49.429
2026-05-15 09:44:00-04:00,49.41,49.57,49.3,49.46,8500.0,49.432
2026-05-15 09:45:00-04:00,49.47,50.2,49.47,49.99,25575.0,49.937
2026-05-15 09:46:00-04:00,49.98,49.98,49.55,49.56,23619.0,49.888
2026-05-15 09:47:00-04:00,49.64,49.75,49.25,49.67,15501.0,49.582
2026-05-15 09:48:00-04:00,49.87,50.0,49.74,49.87,15561.0,49.948
2026-05-15 09:49:00-04:00,49.99,50.09,49.92,50.04,45487.0,50.005
2026-05-15 09:50:00-04:00,50.05,50.06,49.57,49.65,12672.0,49.751
2026-05-15 09:51:00-04:00,49.43,49.6,49.23,49.57,3283.0,49.516
2026-05-15 09:52:00-04:00,49.52,49.6,49.41,49.41,4295.0,49.526
2026-05-15 09:53:00-04:00,49.51,49.68,49.41,49.64,16469.0,49.565
2026-05-15 09:54:00-04:00,49.7,50.34,49.61,50.28,60081.0,49.886
2026-05-15 09:55:00-04:00,50.27,50.94,50.27,50.52,51546.0,50.694
2026-05-15 09:56:00-04:00,50.47,50.47,50.09,50.09,10707.0,50.284
2026-05-15 09:57:00-04:00,50.15,50.15,49.71,49.88,5900.0,49.928
2026-05-15 09:58:00-04:00,49.76,49.89,49.26,49.7,12025.0,49.561
2026-05-15 09:59:00-04:00,49.7,50.0,49.65,49.76,6126.0,49.834
2026-05-15 10:00:00-04:00,49.81,49.82,49.54,49.75,4458.0,49.662
2026-05-15 10:01:00-04:00,49.76,50.0,49.72,50.0,2927.0,49.881
2026-05-15 10:02:00-04:00,50.14,50.6,50.14,50.35,13983.0,50.476
2026-05-15 10:03:00-04:00,50.35,50.44,50.2,50.38,23199.0,50.339
2026-05-15 10:04:00-04:00,50.35,50.44,50.09,50.19,11530.0,50.296
2026-05-15 10:05:00-04:00,50.23,50.36,50.2,50.27,4608.0,50.324
2026-05-15 10:06:00-04:00,50.26,50.51,50.1,50.45,13993.0,50.348
2026-05-15 10:07:00-04:00,50.37,50.6,50.3,50.6,7699.0,50.445
2026-05-15 10:08:00-04:00,50.74,51.08,50.74,50.99,25717.0,50.949
2026-05-15 10:09:00-04:00,50.92,51.1,50.87,50.91,26649.0,51.009
2026-05-15 10:10:00-04:00,50.81,50.81,50.49,50.54,17954.0,50.62
2026-05-15 10:11:00-04:00,50.7,50.75,50.41,50.67,9722.0,50.58
2026-05-15 10:12:00-04:00,50.45,51.38,50.44,51.32,68600.0,51.059
2026-05-15 10:13:00-04:00,51.34,51.87,51.32,51.78,32323.0,51.593
2026-05-15 10:14:00-04:00,51.82,52.25,51.71,51.91,20302.0,51.978
2026-05-15 10:15:00-04:00,51.95,52.48,51.65,52.45,20422.0,52.025
2026-05-15 10:16:00-04:00,52.45,52.65,52.19,52.46,18920.0,52.497
2026-05-15 10:17:00-04:00,52.48,52.49,52.29,52.37,12838.0,52.404
2026-05-15 10:18:00-04:00,52.4,52.52,52.29,52.5,13275.0,52.394
2026-05-15 10:19:00-04:00,52.52,52.95,52.29,52.9,66226.0,52.607
2026-05-15 10:20:00-04:00,52.88,52.94,52.5,52.6,19246.0,52.746
2026-05-15 10:21:00-04:00,52.6,52.91,52.41,52.49,53190.0,52.765
2026-05-15 10:22:00-04:00,52.5,52.58,52.11,52.34,13086.0,52.388
2026-05-15 10:23:00-04:00,52.34,52.8,52.33,52.71,14492.0,52.55
2026-05-15 10:24:00-04:00,52.7,52.81,52.55,52.55,11029.0,52.707
2026-05-15 10:25:00-04:00,52.55,53.16,52.55,52.95,36545.0,52.997
2026-05-15 10:26:00-04:00,52.88,53.17,52.87,53.09,20310.0,53.018
2026-05-15 10:27:00-04:00,53.1,53.18,52.68,52.68,49503.0,52.941
2026-05-15 10:28:00-04:00,52.85,52.96,52.54,52.94,49515.0,52.708
2026-05-15 10:29:00-04:00,52.92,52.92,52.62,52.62,9971.0,52.743
2026-05-15 10:30:00-04:00,52.81,53.44,52.81,53.37,31061.0,53.233
2026-05-15 10:31:00-04:00,53.37,53.47,53.25,53.39,24873.0,53.375
2026-05-15 10:32:00-04:00,53.39,53.48,52.86,53.11,22584.0,53.251
2026-05-15 10:33:00-04:00,53.09,53.16,52.61,53.05,32385.0,52.944
2026-05-15 10:34:00-04:00,53.05,53.25,52.8,53.0,9092.0,53.021
2026-05-15 10:35:00-04:00,53.23,53.42,53.19,53.37,10520.0,53.331
2026-05-15 10:36:00-04:00,53.36,53.36,52.85,52.95,11996.0,53.081
2026-05-15 10:37:00-04:00,52.94,53.28,52.86,53.28,10280.0,53.032
2026-05-15 10:38:00-04:00,53.3,53.4,53.2,53.37,14633.0,53.25
2026-05-15 10:39:00-04:00,53.4,53.62,53.39,53.5,20872.0,53.495
2026-05-15 10:40:00-04:00,53.5,54.25,53.5,54.13,72117.0,53.94
2026-05-15 10:41:00-04:00,54.11,54.24,54.01,54.18,28843.0,54.125
2026-05-15 10:42:00-04:00,54.17,54.17,53.87,54.05,24434.0,53.982
2026-05-15 10:43:00-04:00,54.09,54.49,54.04,54.48,34196.0,54.219
2026-05-15 10:44:00-04:00,54.48,54.67,54.29,54.67,24052.0,54.488
2026-05-15 10:45:00-04:00,54.69,54.87,54.4,54.55,72870.0,54.707
2026-05-15 10:46:00-04:00,54.43,54.7,54.28,54.45,27108.0,54.475
2026-05-15 10:47:00-04:00,54.4,54.65,54.29,54.36,9905.0,54.397
2026-05-15 10:48:00-04:00,54.36,54.45,54.09,54.3,11947.0,54.229
2026-05-15 10:49:00-04:00,54.31,54.59,54.31,54.49,41770.0,54.473
2026-05-15 10:50:00-04:00,54.49,54.57,54.31,54.4,21540.0,54.441
2026-05-15 10:51:00-04:00,54.39,54.51,54.31,54.45,18232.0,54.441
2026-05-15 10:52:00-04:00,54.45,54.81,54.4,54.79,32824.0,54.542
2026-05-15 10:53:00-04:00,54.85,55.4,54.81,55.32,97961.0,55.09
2026-05-15 10:54:00-04:00,55.27,55.49,55.15,55.43,37832.0,55.339
2026-05-15 10:55:00-04:00,55.5,55.67,54.84,55.15,34389.0,55.359
2026-05-15 10:56:00-04:00,55.0,55.1,54.5,54.7,36645.0,54.821
2026-05-15 10:57:00-04:00,54.73,54.83,54.55,54.65,18040.0,54.72
2026-05-15 10:58:00-04:00,54.68,54.75,54.34,54.5,16747.0,54.553
2026-05-15 10:59:00-04:00,54.5,54.89,54.37,54.65,18653.0,54.611
2026-05-15 11:00:00-04:00,54.66,54.84,54.43,54.84,8727.0,54.633
2026-05-15 11:01:00-04:00,54.62,55.1,54.62,54.9,19939.0,54.928
2026-05-15 11:02:00-04:00,54.86,54.89,54.51,54.51,18306.0,54.74
2026-05-15 11:03:00-04:00,54.72,54.73,54.6,54.66,5477.0,54.664
2026-05-15 11:04:00-04:00,54.71,54.79,54.37,54.77,18034.0,54.546
2026-05-15 11:05:00-04:00,54.75,54.85,54.55,54.57,15339.0,54.728
2026-05-15 11:06:00-04:00,54.51,54.56,54.41,54.47,3966.0,54.503
2026-05-15 11:07:00-04:00,54.48,54.71,54.4,54.45,24544.0,54.561
2026-05-15 11:08:00-04:00,54.45,54.63,54.39,54.58,3114.0,54.506
2026-05-15 11:09:00-04:00,54.57,54.96,54.57,54.96,10129.0,54.806
2026-05-15 11:10:00-04:00,54.97,55.18,54.79,55.05,15534.0,54.977
2026-05-15 11:11:00-04:00,55.18,55.4,55.1,55.27,20660.0,55.253
2026-05-15 11:12:00-04:00,55.32,55.4,55.06,55.2,29042.0,55.214
2026-05-15 11:13:00-04:00,55.29,55.29,55.03,55.03,9000.0,55.102
2026-05-15 11:14:00-04:00,55.18,55.18,55.05,55.17,7181.0,55.106
2026-05-15 11:15:00-04:00,55.19,55.67,55.18,55.67,33629.0,55.433
2026-05-15 11:16:00-04:00,55.5,55.77,55.49,55.65,30921.0,55.655
2026-05-15 11:17:00-04:00,55.65,55.69,55.37,55.6,28524.0,55.558
2026-05-15 11:18:00-04:00,55.6,55.89,55.6,55.85,19540.0,55.732
2026-05-15 11:19:00-04:00,55.82,56.2,55.71,56.0,46490.0,55.981
2026-05-15 11:20:00-04:00,55.87,56.52,55.77,56.5,48249.0,56.265
2026-05-15 11:21:00-04:00,56.52,56.94,56.5,56.92,43738.0,56.735
2026-05-15 11:22:00-04:00,56.9,56.98,56.63,56.74,114118.0,56.83
2026-05-15 11:23:00-04:00,56.75,57.23,56.71,57.08,54033.0,56.945
2026-05-15 11:24:00-04:00,57.09,57.15,56.85,57.07,41298.0,57.006
2026-05-15 11:25:00-04:00,57.07,57.1,56.97,57.03,14838.0,57.042
2026-05-15 11:26:00-04:00,57.08,57.27,56.93,57.2,26106.0,57.075
2026-05-15 11:27:00-04:00,57.17,57.46,57.1,57.34,30111.0,57.351
2026-05-15 11:28:00-04:00,57.29,57.33,57.06,57.15,37456.0,57.18
2026-05-15 11:29:00-04:00,57.1,57.13,56.92,57.02,21764.0,57.024
2026-05-15 11:30:00-04:00,57.02,57.47,56.95,57.46,23386.0,57.238
2026-05-15 11:31:00-04:00,57.4,57.87,57.4,57.87,45320.0,57.629
2026-05-15 11:32:00-04:00,57.87,57.93,57.57,57.62,71352.0,57.789
2026-05-15 11:33:00-04:00,57.64,57.65,57.29,57.39,41689.0,57.522
2026-05-15 11:34:00-04:00,57.36,57.41,57.21,57.33,18506.0,57.283
2026-05-15 11:35:00-04:00,57.36,57.51,57.29,57.32,10332.0,57.395
2026-05-15 11:36:00-04:00,57.41,57.53,57.31,57.45,3811.0,57.433
2026-05-15 11:37:00-04:00,57.37,57.74,57.34,57.67,10372.0,57.534
2026-05-15 11:38:00-04:00,57.78,58.24,57.77,58.13,72464.0,58.018
2026-05-15 11:39:00-04:00,58.16,58.23,57.92,58.09,53543.0,58.072
2026-05-15 11:40:00-04:00,58.18,58.18,57.89,58.15,34520.0,58.074
2026-05-15 11:41:00-04:00,58.13,58.4,58.12,58.4,35653.0,58.29
2026-05-15 11:42:00-04:00,58.4,58.76,58.4,58.7,53047.0,58.568
2026-05-15 11:43:00-04:00,58.76,58.83,58.51,58.77,31244.0,58.618
2026-05-15 11:44:00-04:00,58.81,58.95,58.58,58.8,32459.0,58.757
2026-05-15 11:45:00-04:00,58.68,58.8,58.41,58.41,36927.0,58.549
2026-05-15 11:46:00-04:00,58.41,58.69,58.41,58.68,19018.0,58.558
2026-05-15 11:47:00-04:00,58.69,58.92,58.61,58.81,32121.0,58.715
2026-05-15 11:48:00-04:00,58.8,59.18,58.8,58.85,54873.0,58.997
2026-05-15 11:49:00-04:00,58.93,59.01,58.61,58.83,18271.0,58.787
2026-05-15 11:50:00-04:00,58.81,58.85,58.54,58.75,54070.0,58.63
2026-05-15 11:51:00-04:00,58.7,58.82,58.58,58.68,26087.0,58.656
2026-05-15 11:52:00-04:00,58.56,58.6,58.43,58.6,25874.0,58.514
2026-05-15 11:53:00-04:00,58.55,58.55,57.71,57.88,66535.0,58.118
2026-05-15 11:54:00-04:00,57.9,58.02,57.84,57.95,58830.0,57.909
2026-05-15 11:55:00-04:00,57.9,57.9,57.49,57.71,66274.0,57.612
2026-05-15 11:56:00-04:00,57.71,57.75,57.54,57.59,36429.0,57.629
2026-05-15 11:57:00-04:00,57.54,57.56,57.05,57.28,60926.0,57.21
2026-05-15 11:58:00-04:00,57.28,57.54,57.23,57.29,41791.0,57.364
2026-05-15 11:59:00-04:00,57.42,57.44,57.2,57.32,17914.0,57.306
2026-05-15 12:00:00-04:00,57.37,57.61,57.18,57.51,34066.0,57.34
2026-05-15 12:01:00-04:00,57.47,57.8,57.47,57.75,31656.0,57.683
2026-05-15 12:02:00-04:00,57.73,57.86,57.67,57.75,11365.0,57.762
2026-05-15 12:03:00-04:00,57.75,57.78,56.7,56.87,37986.0,57.242
2026-05-15 12:04:00-04:00,56.76,56.81,56.3,56.41,35307.0,56.524
2026-05-15 12:05:00-04:00,56.37,56.55,56.36,56.47,23658.0,56.433
2026-05-15 12:06:00-04:00,56.55,56.62,56.1,56.59,16411.0,56.405
2026-05-15 12:07:00-04:00,56.59,56.73,56.41,56.45,7077.0,56.55
2026-05-15 12:08:00-04:00,56.46,56.7,56.43,56.61,30866.0,56.521
2026-05-15 12:09:00-04:00,56.61,56.8,56.6,56.77,19111.0,56.681
2026-05-15 12:10:00-04:00,56.78,56.99,56.74,56.89,26512.0,56.849
2026-05-15 12:11:00-04:00,56.83,57.08,56.75,57.02,32056.0,56.919
2026-05-15 12:12:00-04:00,57.01,57.01,56.8,56.83,8559.0,56.915
2026-05-15 12:13:00-04:00,56.84,56.88,56.41,56.55,21981.0,56.594
2026-05-15 12:14:00-04:00,56.62,56.8,56.4,56.66,36224.0,56.562
2026-05-15 12:15:00-04:00,56.66,56.72,56.47,56.67,9911.0,56.569
2026-05-15 12:16:00-04:00,56.74,56.86,56.69,56.86,4076.0,56.763
2026-05-15 12:17:00-04:00,56.83,56.87,56.51,56.81,12207.0,56.728
2026-05-15 12:18:00-04:00,56.88,57.28,56.76,57.26,30234.0,57.117
2026-05-15 12:19:00-04:00,57.3,57.4,57.21,57.4,16042.0,57.342
2026-05-15 12:20:00-04:00,57.46,57.95,57.34,57.93,25397.0,57.663
2026-05-15 12:21:00-04:00,57.95,58.2,57.9,58.15,27345.0,58.066
2026-05-15 12:22:00-04:00,58.18,58.27,57.97,58.0,19718.0,58.129
2026-05-15 12:23:00-04:00,58.04,58.5,57.89,58.42,23723.0,58.065
2026-05-15 12:24:00-04:00,58.42,58.51,58.36,58.5,37720.0,58.466
2026-05-15 12:25:00-04:00,58.52,58.88,58.46,58.86,34709.0,58.583
2026-05-15 12:26:00-04:00,58.87,59.14,58.26,58.5,43528.0,58.826
2026-05-15 12:27:00-04:00,58.47,58.48,58.28,58.3,18313.0,58.393
2026-05-15 12:28:00-04:00,58.34,58.34,57.82,57.88,21355.0,58.067
2026-05-15 12:29:00-04:00,57.88,58.0,57.74,57.75,20233.0,57.878
2026-05-15 12:30:00-04:00,57.74,58.2,57.7,58.18,22243.0,57.971
2026-05-15 12:31:00-04:00,58.18,58.39,58.16,58.16,12108.0,58.237
2026-05-15 12:32:00-04:00,58.14,58.14,58.0,58.12,18837.0,58.042
2026-05-15 12:33:00-04:00,58.16,58.19,58.01,58.15,6060.0,58.12
2026-05-15 12:34:00-04:00,58.19,58.41,58.19,58.25,3826.0,58.279
2026-05-15 12:35:00-04:00,58.28,58.35,58.14,58.31,20244.0,58.229
2026-05-15 12:36:00-04:00,58.3,58.43,58.23,58.32,30793.0,58.34
2026-05-15 12:37:00-04:00,58.32,58.4,58.15,58.21,14356.0,58.245
2026-05-15 12:38:00-04:00,58.14,58.36,58.12,58.32,21656.0,58.213
2026-05-15 12:39:00-04:00,58.36,58.86,58.36,58.78,32176.0,58.6
2026-05-15 12:40:00-04:00,58.79,58.83,58.62,58.72,31076.0,58.73
2026-05-15 12:41:00-04:00,58.75,58.81,58.68,58.8,9275.0,58.751
2026-05-15 12:42:00-04:00,58.85,58.85,58.72,58.81,4072.0,58.8
2026-05-15 12:43:00-04:00,58.82,59.55,58.74,59.5,49274.0,59.111
2026-05-15 12:44:00-04:00,59.55,59.9,59.54,59.8,55519.0,59.779
2026-05-15 12:45:00-04:00,59.79,60.14,59.2,59.2,140487.0,59.805
2026-05-15 12:46:00-04:00,59.3,59.31,59.14,59.18,19504.0,59.244
2026-05-15 12:47:00-04:00,59.13,59.17,58.95,59.07,15741.0,59.029
2026-05-15 12:48:00-04:00,59.09,59.35,58.85,59.32,20790.0,59.068
2026-05-15 12:49:00-04:00,59.29,59.75,59.25,59.75,24615.0,59.372
2026-05-15 12:50:00-04:00,59.67,59.72,59.32,59.32,25740.0,59.528
2026-05-15 12:51:00-04:00,59.36,59.39,59.08,59.26,18092.0,59.238
2026-05-15 12:52:00-04:00,59.18,59.48,59.09,59.35,29606.0,59.241
2026-05-15 12:53:00-04:00,59.32,59.44,59.18,59.41,14839.0,59.297
2026-05-15 12:54:00-04:00,59.43,59.5,59.34,59.39,22435.0,59.42
2026-05-15 12:55:00-04:00,59.43,59.53,59.38,59.49,5797.0,59.459
2026-05-15 12:56:00-04:00,59.58,59.75,59.51,59.7,21012.0,59.609
2026-05-15 12:57:00-04:00,59.7,59.91,59.7,59.86,17042.0,59.802
2026-05-15 12:58:00-04:00,59.88,60.0,59.6,59.63,25034.0,59.825
2026-05-15 12:59:00-04:00,59.6,59.75,59.6,59.74,23083.0,59.681
2026-05-15 13:00:00-04:00,59.71,59.71,59.53,59.62,8581.0,59.623
2026-05-15 13:01:00-04:00,59.63,59.8,59.53,59.8,21434.0,59.625
2026-05-15 13:02:00-04:00,59.78,59.9,59.73,59.8,7991.0,59.808
2026-05-15 13:03:00-04:00,59.77,59.84,59.64,59.68,14535.0,59.734
2026-05-15 13:04:00-04:00,59.68,59.79,59.58,59.78,15365.0,59.671
2026-05-15 13:05:00-04:00,59.75,59.78,59.46,59.55,31605.0,59.619
2026-05-15 13:06:00-04:00,59.52,59.75,59.52,59.68,3704.0,59.636
2026-05-15 13:07:00-04:00,59.68,59.9,59.58,59.86,24454.0,59.726
2026-05-15 13:08:00-04:00,59.84,59.95,59.84,59.91,6960.0,59.89
2026-05-15 13:09:00-04:00,59.92,60.17,59.92,60.05,40060.0,60.04
2026-05-15 13:10:00-04:00,60.09,60.13,59.93,59.93,11775.0,60.049
2026-05-15 13:11:00-04:00,59.96,60.16,59.96,60.02,21828.0,60.031
2026-05-15 13:12:00-04:00,60.02,60.22,59.99,60.2,27308.0,60.109
2026-05-15 13:13:00-04:00,60.2,60.25,60.1,60.25,7676.0,60.2
2026-05-15 13:14:00-04:00,60.24,60.4,60.15,60.27,20566.0,60.293
2026-05-15 13:15:00-04:00,60.27,60.35,60.11,60.2,15903.0,60.202
2026-05-15 13:16:00-04:00,60.13,60.2,59.95,59.98,20601.0,60.058
2026-05-15 13:17:00-04:00,59.95,60.15,59.95,60.08,7170.0,60.06
2026-05-15 13:18:00-04:00,60.11,60.2,60.05,60.16,4938.0,60.158
2026-05-15 13:19:00-04:00,60.16,60.25,60.15,60.2,14226.0,60.205
2026-05-15 13:20:00-04:00,60.2,60.28,60.06,60.28,10514.0,60.172
2026-05-15 13:21:00-04:00,60.3,60.35,60.0,60.19,22071.0,60.201
2026-05-15 13:22:00-04:00,60.12,60.45,60.09,60.45,17922.0,60.25
2026-05-15 13:23:00-04:00,60.46,60.5,60.39,60.4,11346.0,60.448
2026-05-15 13:24:00-04:00,60.49,60.63,60.27,60.6,36254.0,60.433
2026-05-15 13:25:00-04:00,60.54,60.84,60.54,60.77,32474.0,60.706
2026-05-15 13:26:00-04:00,60.8,61.2,60.75,61.08,54352.0,61.043
2026-05-15 13:27:00-04:00,61.09,61.75,61.02,61.57,106552.0,61.439
2026-05-15 13:28:00-04:00,61.57,61.88,61.44,61.84,74046.0,61.65
2026-05-15 13:29:00-04:00,61.85,61.86,60.99,61.2,66308.0,61.397
2026-05-15 13:30:00-04:00,61.23,61.4,61.14,61.32,28120.0,61.221
2026-05-15 13:31:00-04:00,61.3,61.57,61.21,61.45,21097.0,61.415
2026-05-15 13:32:00-04:00,61.45,61.46,61.11,61.21,13177.0,61.321
2026-05-15 13:33:00-04:00,61.25,61.26,61.06,61.17,27560.0,61.141
2026-05-15 13:34:00-04:00,61.26,61.36,61.14,61.26,9038.0,61.275
2026-05-15 13:35:00-04:00,61.29,61.46,61.29,61.42,11566.0,61.364
2026-05-15 13:36:00-04:00,61.45,61.47,61.02,61.11,38413.0,61.3
2026-05-15 13:37:00-04:00,61.09,61.2,60.91,61.16,31211.0,61.073
2026-05-15 13:38:00-04:00,61.16,61.35,61.06,61.29,13003.0,61.188
2026-05-15 13:39:00-04:00,61.29,61.29,61.1,61.19,9360.0,61.184
2026-05-15 13:40:00-04:00,61.24,61.24,60.91,60.94,13429.0,61.069
2026-05-15 13:41:00-04:00,60.97,61.14,60.51,61.04,23640.0,60.915
2026-05-15 13:42:00-04:00,61.01,61.2,60.95,61.19,10039.0,61.086
2026-05-15 13:43:00-04:00,61.23,61.23,60.97,61.17,15066.0,61.141
2026-05-15 13:44:00-04:00,61.17,61.27,61.05,61.18,19938.0,61.18
2026-05-15 13:45:00-04:00,61.24,61.29,61.05,61.15,14573.0,61.199
2026-05-15 13:46:00-04:00,61.15,61.26,60.98,61.04,12921.0,61.119
2026-05-15 13:47:00-04:00,61.02,61.15,61.01,61.11,13966.0,61.075
2026-05-15 13:48:00-04:00,61.17,61.31,61.0,61.19,26913.0,61.171
2026-05-15 13:49:00-04:00,61.27,61.27,61.1,61.19,5669.0,61.172
2026-05-15 13:50:00-04:00,61.2,61.25,61.11,61.13,9407.0,61.158
2026-05-15 13:51:00-04:00,61.11,61.16,61.1,61.1,8964.0,61.126
2026-05-15 13:52:00-04:00,61.11,61.11,60.72,61.07,23123.0,60.964
2026-05-15 13:53:00-04:00,61.1,61.45,61.07,61.33,36209.0,61.317
2026-05-15 13:54:00-04:00,61.38,61.49,61.36,61.43,12804.0,61.423
2026-05-15 13:55:00-04:00,61.38,61.84,61.38,61.64,52720.0,61.667
2026-05-15 13:56:00-04:00,61.75,61.75,61.57,61.57,12826.0,61.642
2026-05-15 13:57:00-04:00,61.56,61.56,61.17,61.21,13282.0,61.349
2026-05-15 13:58:00-04:00,61.15,61.3,61.12,61.28,9042.0,61.19
2026-05-15 13:59:00-04:00,61.2,61.36,61.2,61.23,9149.0,61.262
2026-05-15 14:00:00-04:00,61.24,61.42,61.24,61.34,20879.0,61.31
2026-05-15 14:01:00-04:00,61.34,61.58,61.3,61.53,40675.0,61.475
2026-05-15 14:02:00-04:00,61.53,61.57,61.36,61.5,10426.0,61.478
2026-05-15 14:03:00-04:00,61.49,61.61,61.43,61.57,4796.0,61.546
2026-05-15 14:04:00-04:00,61.55,61.68,61.51,61.66,12263.0,61.595
2026-05-15 14:05:00-04:00,61.66,61.68,61.31,61.38,10095.0,61.464
2026-05-15 14:06:00-04:00,61.44,61.73,61.44,61.73,6144.0,61.616
2026-05-15 14:07:00-04:00,61.8,62.0,61.79,61.86,23505.0,61.902
2026-05-15 14:08:00-04:00,61.86,62.02,61.78,61.85,31420.0,61.918
2026-05-15 14:09:00-04:00,61.85,61.88,61.75,61.78,19400.0,61.82
2026-05-15 14:10:00-04:00,61.78,62.01,61.67,61.95,48582.0,61.862
2026-05-15 14:11:00-04:00,61.92,62.04,61.92,61.92,7122.0,61.988
2026-05-15 14:12:00-04:00,61.95,62.1,61.82,62.08,12281.0,61.946
2026-05-15 14:13:00-04:00,62.05,62.09,61.73,61.8,14146.0,61.967
2026-05-15 14:14:00-04:00,61.81,61.89,61.7,61.85,7554.0,61.773
2026-05-15 14:15:00-04:00,61.9,61.99,61.5,61.52,22346.0,61.779
2026-05-15 14:16:00-04:00,61.52,61.52,61.33,61.34,12466.0,61.386
2026-05-15 14:17:00-04:00,61.38,61.4,61.2,61.2,11021.0,61.294
2026-05-15 14:18:00-04:00,61.21,61.3,61.03,61.09,30505.0,61.161
2026-05-15 14:19:00-04:00,61.13,61.26,61.05,61.21,14388.0,61.124
2026-05-15 14:20:00-04:00,61.2,61.46,61.12,61.38,9435.0,61.244
2026-05-15 14:21:00-04:00,61.38,61.45,61.29,61.32,21319.0,61.356
2026-05-15 14:22:00-04:00,61.28,61.85,61.18,61.8,37549.0,61.478
2026-05-15 14:23:00-04:00,61.73,61.87,61.16,61.7,44462.0,61.592
2026-05-15 14:24:00-04:00,61.79,61.8,61.67,61.78,11487.0,61.762
2026-05-15 14:25:00-04:00,61.7,61.79,61.48,61.48,12976.0,61.657
2026-05-15 14:26:00-04:00,61.5,61.67,61.34,61.47,20485.0,61.461
2026-05-15 14:27:00-04:00,61.46,61.76,61.41,61.66,23916.0,61.649
2026-05-15 14:28:00-04:00,61.77,61.77,61.6,61.64,14715.0,61.67
2026-05-15 14:29:00-04:00,61.64,61.66,61.53,61.61,6200.0,61.587
2026-05-15 14:30:00-04:00,61.66,61.76,61.56,61.69,14068.0,61.649
2026-05-15 14:31:00-04:00,61.71,61.72,61.41,61.52,7196.0,61.545
2026-05-15 14:32:00-04:00,61.46,61.95,61.46,61.77,29244.0,61.737
2026-05-15 14:33:00-04:00,61.7,61.7,61.39,61.52,23727.0,61.554
2026-05-15 14:34:00-04:00,61.53,61.58,61.32,61.37,13048.0,61.408
2026-05-15 14:35:00-04:00,61.38,61.4,61.11,61.18,13235.0,61.226
2026-05-15 14:36:00-04:00,61.22,61.71,61.21,61.62,14944.0,61.548
2026-05-15 14:37:00-04:00,61.63,61.65,61.56,61.63,17210.0,61.597
2026-05-15 14:38:00-04:00,61.59,61.84,61.57,61.79,28975.0,61.745
2026-05-15 14:39:00-04:00,61.79,61.93,61.78,61.86,15026.0,61.86
2026-05-15 14:40:00-04:00,61.86,61.86,61.5,61.52,18070.0,61.757
2026-05-15 14:41:00-04:00,61.54,61.69,61.51,61.69,8278.0,61.582
2026-05-15 14:42:00-04:00,61.68,61.93,61.64,61.93,13215.0,61.77
2026-05-15 14:43:00-04:00,61.91,61.99,61.86,61.9,33080.0,61.95
2026-05-15 14:44:00-04:00,61.92,62.29,61.92,62.15,47155.0,62.136
2026-05-15 14:45:00-04:00,62.15,62.21,61.84,61.9,17873.0,62.039
2026-05-15 14:46:00-04:00,61.9,61.98,61.83,61.98,21395.0,61.9
2026-05-15 14:47:00-04:00,61.95,62.21,61.9,62.17,16121.0,62.032
2026-05-15 14:48:00-04:00,62.17,62.47,62.13,62.32,32970.0,62.366
2026-05-15 14:49:00-04:00,62.3,62.7,62.3,62.63,21124.0,62.521
2026-05-15 14:50:00-04:00,62.68,62.81,62.59,62.66,39928.0,62.732
2026-05-15 14:51:00-04:00,62.72,62.97,62.71,62.94,14419.0,62.851
2026-05-15 14:52:00-04:00,62.93,63.0,62.8,62.86,31443.0,62.924
2026-05-15 14:53:00-04:00,62.9,62.96,62.55,62.67,50621.0,62.779
2026-05-15 14:54:00-04:00,62.67,62.88,62.44,62.78,17588.0,62.652
2026-05-15 14:55:00-04:00,62.8,62.94,62.67,62.78,36565.0,62.816
2026-05-15 14:56:00-04:00,62.76,62.94,62.67,62.77,12346.0,62.826
2026-05-15 14:57:00-04:00,62.69,62.96,62.69,62.93,15569.0,62.871
2026-05-15 14:58:00-04:00,62.99,63.28,62.93,63.23,47270.0,63.066
2026-05-15 14:59:00-04:00,63.18,63.28,63.0,63.27,14658.0,63.083
2026-05-15 15:00:00-04:00,63.28,63.41,63.16,63.3,17407.0,63.328
2026-05-15 15:01:00-04:00,63.27,63.53,63.27,63.4,31517.0,63.449
2026-05-15 15:02:00-04:00,63.42,63.51,63.23,63.32,35469.0,63.41
2026-05-15 15:03:00-04:00,63.24,63.3,62.48,62.59,54501.0,62.968
2026-05-15 15:04:00-04:00,62.58,62.68,62.12,62.51,51797.0,62.376
2026-05-15 15:05:00-04:00,62.52,62.89,62.49,62.67,45658.0,62.709
2026-05-15 15:06:00-04:00,62.61,62.68,62.26,62.41,31863.0,62.523
2026-05-15 15:07:00-04:00,62.36,62.45,62.02,62.12,36028.0,62.135
2026-05-15 15:08:00-04:00,62.1,62.28,61.9,61.97,41928.0,62.101
2026-05-15 15:09:00-04:00,61.95,62.09,61.93,61.96,19832.0,62.0
2026-05-15 15:10:00-04:00,62.02,62.24,61.96,62.16,11337.0,62.091
2026-05-15 15:11:00-04:00,62.23,62.32,62.17,62.21,13829.0,62.242
2026-05-15 15:12:00-04:00,62.18,62.35,62.08,62.2,18434.0,62.163
2026-05-15 15:13:00-04:00,62.22,62.32,62.1,62.29,10666.0,62.24
2026-05-15 15:14:00-04:00,62.34,62.5,62.26,62.42,35556.0,62.398
2026-05-15 15:15:00-04:00,62.44,62.98,62.4,62.98,38762.0,62.683
2026-05-15 15:16:00-04:00,62.91,63.1,62.75,62.97,51731.0,62.915
2026-05-15 15:17:00-04:00,62.94,63.0,62.84,62.9,15860.0,62.917
2026-05-15 15:18:00-04:00,62.86,63.04,62.45,62.57,52486.0,62.927
2026-05-15 15:19:00-04:00,62.58,62.81,62.12,62.81,42769.0,62.436
2026-05-15 15:20:00-04:00,62.8,62.86,62.69,62.79,15035.0,62.761
2026-05-15 15:21:00-04:00,62.71,62.75,62.07,62.08,61710.0,62.574
2026-05-15 15:22:00-04:00,62.05,62.13,61.81,61.89,18146.0,62.008
2026-05-15 15:23:00-04:00,61.88,61.89,61.01,61.11,51821.0,61.381
2026-05-15 15:24:00-04:00,61.05,61.25,60.66,60.84,40599.0,60.962
2026-05-15 15:25:00-04:00,60.85,61.02,60.4,60.69,35509.0,60.791
2026-05-15 15:26:00-04:00,60.85,61.28,60.64,61.18,37257.0,60.923
2026-05-15 15:27:00-04:00,61.18,61.45,61.13,61.4,30497.0,61.376
2026-05-15 15:28:00-04:00,61.41,61.41,61.06,61.16,25866.0,61.226
2026-05-15 15:29:00-04:00,61.16,61.3,61.02,61.28,23479.0,61.138
2026-05-15 15:30:00-04:00,61.3,62.04,61.3,62.02,40930.0,61.676
2026-05-15 15:31:00-04:00,61.85,62.5,61.85,62.38,54101.0,62.278
2026-05-15 15:32:00-04:00,62.31,62.34,61.95,62.25,27816.0,62.132
2026-05-15 15:33:00-04:00,62.25,62.34,62.06,62.2,30148.0,62.244
2026-05-15 15:34:00-04:00,62.25,62.58,62.17,62.45,36034.0,62.342
2026-05-15 15:35:00-04:00,62.56,62.75,62.38,62.75,40752.0,62.562
2026-05-15 15:36:00-04:00,62.8,62.84,62.61,62.64,19234.0,62.727
2026-05-15 15:37:00-04:00,62.61,62.61,62.29,62.32,24609.0,62.432
2026-05-15 15:38:00-04:00,62.24,62.44,62.24,62.44,12169.0,62.33
2026-05-15 15:39:00-04:00,62.41,62.68,62.38,62.65,11259.0,62.566
2026-05-15 15:40:00-04:00,62.57,62.88,62.57,62.79,42917.0,62.772
2026-05-15 15:41:00-04:00,62.81,63.15,62.81,63.0,46118.0,63.057
2026-05-15 15:42:00-04:00,63.04,63.11,62.79,62.86,18617.0,62.962
2026-05-15 15:43:00-04:00,62.8,62.91,62.76,62.76,18713.0,62.836
2026-05-15 15:44:00-04:00,62.76,62.87,62.62,62.67,29324.0,62.737
2026-05-15 15:45:00-04:00,62.66,62.69,62.2,62.23,53731.0,62.524
2026-05-15 15:46:00-04:00,62.23,62.24,61.97,62.15,43577.0,62.097
2026-05-15 15:47:00-04:00,62.11,62.7,62.01,62.27,62934.0,62.405
2026-05-15 15:48:00-04:00,62.23,62.24,61.85,61.92,19678.0,62.071
2026-05-15 15:49:00-04:00,61.97,61.97,61.38,61.45,35806.0,61.81
2026-05-15 15:50:00-04:00,61.38,61.95,61.37,61.52,97903.0,61.684
2026-05-15 15:51:00-04:00,61.52,61.8,61.44,61.76,48433.0,61.659
2026-05-15 15:52:00-04:00,61.75,61.79,61.64,61.73,29987.0,61.736
2026-05-15 15:53:00-04:00,61.73,62.13,61.73,62.12,60877.0,61.885
2026-05-15 15:54:00-04:00,62.11,62.12,61.03,61.48,57092.0,61.73
2026-05-15 15:55:00-04:00,61.52,61.99,61.44,61.82,89210.0,61.721
2026-05-15 15:56:00-04:00,61.8,61.89,61.64,61.87,63152.0,61.764
2026-05-15 15:57:00-04:00,61.87,61.9,61.64,61.8,61185.0,61.815
2026-05-15 15:58:00-04:00,61.8,61.91,61.74,61.89,82633.0,61.86
2026-05-15 15:59:00-04:00,61.89,61.93,61.67,61.71,148440.0,61.843
2026-05-18 09:30:00-04:00,59.2,60.2,58.04,58.3,329816.0,59.21
2026-05-18 09:31:00-04:00,58.3,58.73,58.11,58.73,40704.0,58.478
2026-05-18 09:32:00-04:00,58.65,58.66,57.13,58.09,107173.0,57.899
2026-05-18 09:33:00-04:00,57.9,58.07,57.31,57.77,60676.0,57.7
2026-05-18 09:34:00-04:00,57.8,58.58,57.66,58.11,36187.0,57.976
2026-05-18 09:35:00-04:00,58.08,59.17,57.76,58.92,26073.0,58.564
2026-05-18 09:36:00-04:00,58.78,58.78,58.14,58.25,20726.0,58.445
2026-05-18 09:37:00-04:00,58.27,58.88,58.27,58.28,12326.0,58.541
2026-05-18 09:38:00-04:00,58.43,58.72,58.23,58.39,21146.0,58.427
2026-05-18 09:39:00-04:00,58.39,58.61,58.1,58.42,38785.0,58.376
2026-05-18 09:40:00-04:00,58.48,58.7,57.8,58.19,72045.0,58.175
2026-05-18 09:41:00-04:00,58.25,58.26,57.33,57.53,69872.0,57.851
2026-05-18 09:42:00-04:00,57.44,57.5,57.13,57.14,33201.0,57.319
2026-05-18 09:43:00-04:00,57.21,57.53,57.0,57.38,40040.0,57.184
2026-05-18 09:44:00-04:00,57.4,57.48,56.66,56.7,19072.0,57.019
2026-05-18 09:45:00-04:00,56.66,57.24,56.5,57.0,39975.0,56.899
2026-05-18 09:46:00-04:00,57.27,57.49,57.0,57.16,13776.0,57.248
2026-05-18 09:47:00-04:00,57.21,57.33,56.87,57.12,37135.0,56.984
2026-05-18 09:48:00-04:00,57.22,57.75,57.12,57.61,15979.0,57.411
2026-05-18 09:49:00-04:00,57.51,57.51,56.59,56.7,20905.0,57.101
2026-05-18 09:50:00-04:00,56.55,57.34,56.54,57.34,19565.0,56.799
2026-05-18 09:51:00-04:00,57.36,57.88,57.34,57.63,22713.0,57.694
2026-05-18 09:52:00-04:00,57.63,58.33,57.63,57.85,13911.0,58.01
2026-05-18 09:53:00-04:00,57.95,58.0,57.51,57.52,5564.0,57.785
2026-05-18 09:54:00-04:00,57.43,57.44,56.62,57.02,16826.0,57.08
2026-05-18 09:55:00-04:00,57.02,57.09,56.8,56.8,13123.0,56.979
2026-05-18 09:56:00-04:00,56.75,57.0,56.41,56.5,23358.0,56.72
2026-05-18 09:57:00-04:00,56.5,56.71,56.24,56.25,21995.0,56.448
2026-05-18 09:58:00-04:00,56.3,56.6,56.24,56.54,16040.0,56.381
2026-05-18 09:59:00-04:00,56.52,56.82,56.39,56.67,11150.0,56.579
2026-05-18 10:00:00-04:00,56.64,56.65,56.08,56.2,10438.0,56.269
2026-05-18 10:01:00-04:00,56.32,56.42,56.13,56.23,11672.0,56.27
2026-05-18 10:02:00-04:00,56.4,56.9,56.23,56.47,16834.0,56.617
2026-05-18 10:03:00-04:00,56.4,56.65,56.38,56.41,14935.0,56.489
2026-05-18 10:04:00-04:00,56.38,56.78,56.26,56.67,6565.0,56.438
2026-05-18 10:05:00-04:00,56.67,56.8,56.53,56.63,4058.0,56.648
2026-05-18 10:06:00-04:00,56.43,57.62,56.42,57.62,12190.0,57.101
2026-05-18 10:07:00-04:00,57.62,58.2,57.62,57.73,26615.0,57.919
2026-05-18 10:08:00-04:00,57.81,58.2,57.81,57.95,6166.0,58.023
2026-05-18 10:09:00-04:00,57.96,58.04,57.24,57.24,22525.0,57.683
2026-05-18 10:10:00-04:00,57.24,57.44,57.02,57.27,8787.0,57.287
2026-05-18 10:11:00-04:00,57.32,57.34,56.93,57.19,14949.0,57.155
2026-05-18 10:12:00-04:00,57.22,57.7,57.22,57.49,6662.0,57.473
2026-05-18 10:13:00-04:00,57.49,57.79,57.36,57.52,7487.0,57.58
2026-05-18 10:14:00-04:00,57.43,57.43,57.32,57.35,2902.0,57.374
2026-05-18 10:15:00-04:00,57.27,57.59,57.26,57.51,5750.0,57.401
2026-05-18 10:16:00-04:00,57.51,57.6,57.2,57.29,7352.0,57.423
2026-05-18 10:17:00-04:00,57.27,57.29,56.75,56.9,8738.0,57.072
2026-05-18 10:18:00-04:00,56.96,56.96,56.68,56.73,7392.0,56.762
2026-05-18 10:19:00-04:00,56.74,56.79,56.64,56.7,9546.0,56.707
2026-05-18 10:20:00-04:00,56.77,56.9,56.67,56.9,7222.0,56.79
2026-05-18 10:21:00-04:00,56.84,57.06,56.7,56.7,5543.0,56.86
2026-05-18 10:22:00-04:00,56.72,56.85,56.62,56.67,4370.0,56.76
2026-05-18 10:23:00-04:00,56.66,56.73,56.42,56.47,7663.0,56.543
2026-05-18 10:24:00-04:00,56.66,56.85,56.54,56.74,15361.0,56.725
2026-05-18 10:25:00-04:00,56.73,56.86,56.6,56.71,3300.0,56.728
2026-05-18 10:26:00-04:00,56.65,56.75,56.6,56.6,3474.0,56.657
2026-05-18 10:27:00-04:00,56.59,56.69,56.43,56.69,4155.0,56.545
2026-05-18 10:28:00-04:00,56.69,56.79,56.5,56.5,6440.0,56.58
2026-05-18 10:29:00-04:00,56.45,56.45,56.22,56.31,3815.0,56.314
2026-05-18 10:30:00-04:00,56.31,56.31,55.8,55.85,22634.0,56.031
2026-05-18 10:31:00-04:00,55.86,56.0,55.58,55.75,29446.0,55.805
2026-05-18 10:32:00-04:00,55.62,55.81,55.28,55.29,42441.0,55.574
2026-05-18 10:33:00-04:00,55.28,55.43,55.0,55.03,32954.0,55.245
2026-05-18 10:34:00-04:00,55.0,55.06,54.66,54.81,26852.0,54.89
2026-05-18 10:35:00-04:00,54.91,55.3,54.86,55.21,27941.0,55.04
2026-05-18 10:36:00-04:00,55.18,55.29,55.08,55.22,9194.0,55.205
2026-05-18 10:37:00-04:00,55.27,55.55,55.21,55.5,20571.0,55.44
2026-05-18 10:38:00-04:00,55.41,55.72,55.41,55.59,13874.0,55.658
2026-05-18 10:39:00-04:00,55.62,55.67,55.4,55.52,8917.0,55.545
2026-05-18 10:40:00-04:00,55.51,55.72,55.36,55.47,12475.0,55.494
2026-05-18 10:41:00-04:00,55.47,55.87,55.47,55.6,11132.0,55.658
2026-05-18 10:42:00-04:00,55.84,55.88,55.59,55.86,14897.0,55.741
2026-05-18 10:43:00-04:00,55.68,55.9,55.6,55.68,7867.0,55.775
2026-05-18 10:44:00-04:00,55.6,55.65,55.51,55.61,3247.0,55.575
2026-05-18 10:45:00-04:00,55.56,56.25,55.48,55.78,27908.0,55.85
2026-05-18 10:46:00-04:00,55.77,56.35,55.72,56.16,17200.0,56.083
2026-05-18 10:47:00-04:00,56.16,56.28,55.9,56.09,29563.0,56.048
2026-05-18 10:48:00-04:00,56.08,56.18,56.02,56.03,15653.0,56.111
2026-05-18 10:49:00-04:00,56.02,56.17,55.93,56.05,8227.0,56.046
2026-05-18 10:50:00-04:00,56.05,56.45,56.02,56.31,16532.0,56.217
2026-05-18 10:51:00-04:00,56.02,56.49,56.02,56.44,4800.0,56.355
2026-05-18 10:52:00-04:00,56.39,56.77,56.39,56.55,16930.0,56.656
2026-05-18 10:53:00-04:00,56.55,56.75,56.21,56.47,12800.0,56.564
2026-05-18 10:54:00-04:00,56.34,56.34,55.65,55.68,31641.0,55.848
2026-05-18 10:55:00-04:00,55.6,55.89,55.6,55.89,7640.0,55.745
2026-05-18 10:56:00-04:00,55.68,56.2,55.61,56.19,9930.0,56.037
2026-05-18 10:57:00-04:00,56.07,56.07,55.76,56.0,12715.0,55.955
2026-05-18 10:58:00-04:00,55.84,56.09,55.84,55.98,5558.0,56.004
2026-05-18 10:59:00-04:00,55.92,55.99,55.7,55.87,7573.0,55.876
2026-05-18 11:00:00-04:00,55.84,55.94,55.6,55.61,15585.0,55.756
2026-05-18 11:01:00-04:00,55.88,56.1,55.61,56.1,15744.0,55.8
2026-05-18 11:02:00-04:00,55.97,56.09,55.65,55.67,14311.0,55.87
2026-05-18 11:03:00-04:00,55.79,55.82,55.67,55.69,3074.0,55.78
2026-05-18 11:04:00-04:00,55.7,56.03,55.7,55.98,15413.0,55.804
2026-05-18 11:05:00-04:00,56.05,56.22,55.85,56.11,10935.0,56.015
2026-05-18 11:06:00-04:00,56.17,56.17,55.81,55.81,11730.0,56.043
2026-05-18 11:07:00-04:00,55.77,55.92,55.76,55.88,6680.0,55.853
2026-05-18 11:08:00-04:00,55.9,55.96,55.81,55.9,5097.0,55.896
2026-05-18 11:09:00-04:00,55.8,55.97,55.74,55.75,7446.0,55.851
2026-05-18 11:10:00-04:00,55.75,55.87,55.51,55.72,26948.0,55.633
2026-05-18 11:11:00-04:00,55.57,55.73,55.57,55.7,5601.0,55.645
2026-05-18 11:12:00-04:00,55.83,55.91,55.57,55.74,5542.0,55.758
2026-05-18 11:13:00-04:00,55.63,55.87,55.55,55.86,17720.0,55.637
2026-05-18 11:14:00-04:00,55.8,55.81,55.62,55.79,4504.0,55.792
2026-05-18 11:15:00-04:00,55.68,56.88,55.59,56.88,35786.0,56.309
2026-05-18 11:16:00-04:00,56.75,57.0,56.62,56.7,29539.0,56.847
2026-05-18 11:17:00-04:00,56.7,56.7,56.22,56.31,5430.0,56.432
2026-05-18 11:18:00-04:00,56.32,56.51,56.12,56.24,9600.0,56.34
2026-05-18 11:19:00-04:00,56.23,56.24,55.76,55.87,12909.0,55.993
2026-05-18 11:20:00-04:00,55.86,55.97,55.73,55.88,16131.0,55.842
2026-05-18 11:21:00-04:00,55.9,56.8,55.89,56.52,25619.0,56.29
2026-05-18 11:22:00-04:00,56.43,56.43,56.16,56.28,11170.0,56.261
2026-05-18 11:23:00-04:00,56.36,56.43,56.28,56.43,3105.0,56.359
2026-05-18 11:24:00-04:00,56.46,56.54,56.45,56.54,705.0,56.501
2026-05-18 11:25:00-04:00,56.6,57.3,56.52,57.24,23705.0,56.947
2026-05-18 11:26:00-04:00,56.92,57.43,56.91,57.31,15372.0,57.166
2026-05-18 11:27:00-04:00,57.29,57.3,56.91,57.21,11605.0,57.127
2026-05-18 11:28:00-04:00,57.15,57.15,56.84,56.91,3650.0,56.98
2026-05-18 11:29:00-04:00,56.91,56.91,56.6,56.61,12250.0,56.733
2026-05-18 11:30:00-04:00,56.56,56.65,56.49,56.49,4396.0,56.586
2026-05-18 11:31:00-04:00,56.49,56.99,56.48,56.82,12031.0,56.59
2026-05-18 11:32:00-04:00,56.54,56.94,56.54,56.77,3171.0,56.802
2026-05-18 11:33:00-04:00,56.77,56.83,56.58,56.82,3698.0,56.758
2026-05-18 11:34:00-04:00,56.8,56.93,56.71,56.77,13086.0,56.836
2026-05-18 11:35:00-04:00,56.86,56.9,56.79,56.82,5626.0,56.851
2026-05-18 11:36:00-04:00,56.83,57.2,56.83,57.1,11707.0,57.063
2026-05-18 11:37:00-04:00,57.0,57.12,56.92,57.11,4492.0,57.01
2026-05-18 11:38:00-04:00,57.0,57.49,57.0,57.33,28276.0,57.32
2026-05-18 11:39:00-04:00,57.4,57.48,57.15,57.16,13324.0,57.39
2026-05-18 11:40:00-04:00,57.15,57.26,57.15,57.26,2145.0,57.218
2026-05-18 11:41:00-04:00,57.34,57.44,57.26,57.35,7192.0,57.395
2026-05-18 11:42:00-04:00,57.27,57.43,57.18,57.22,11327.0,57.257
2026-05-18 11:43:00-04:00,57.21,57.22,56.93,57.06,10308.0,57.058
2026-05-18 11:44:00-04:00,56.9,56.93,56.84,56.85,5051.0,56.874
2026-05-18 11:45:00-04:00,56.74,56.92,56.72,56.91,5152.0,56.84
2026-05-18 11:46:00-04:00,56.78,56.97,56.78,56.91,4686.0,56.896
2026-05-18 11:47:00-04:00,56.84,56.92,56.8,56.84,5157.0,56.852
2026-05-18 11:48:00-04:00,56.85,56.92,56.62,56.62,5561.0,56.777
2026-05-18 11:49:00-04:00,56.66,56.72,56.63,56.67,10395.0,56.699
2026-05-18 11:50:00-04:00,56.64,56.66,56.5,56.55,8982.0,56.563
2026-05-18 11:51:00-04:00,56.55,56.92,56.55,56.8,7400.0,56.697
2026-05-18 11:52:00-04:00,56.82,56.84,56.71,56.8,10148.0,56.773
2026-05-18 11:53:00-04:00,56.74,56.94,56.72,56.93,6527.0,56.837
2026-05-18 11:54:00-04:00,56.92,56.92,56.65,56.71,7634.0,56.728
2026-05-18 11:55:00-04:00,56.67,56.8,56.51,56.74,16219.0,56.668
2026-05-18 11:56:00-04:00,56.65,57.19,56.65,57.05,9870.0,56.951
2026-05-18 11:57:00-04:00,57.05,57.15,56.9,57.13,1712.0,57.072
2026-05-18 11:58:00-04:00,57.09,57.09,57.04,57.04,300.0,57.07
2026-05-18 11:59:00-04:00,56.95,56.95,56.79,56.83,1299.0,56.851
2026-05-18 12:00:00-04:00,56.79,56.79,56.5,56.63,14578.0,56.615
2026-05-18 12:01:00-04:00,56.56,56.81,56.5,56.56,11111.0,56.622
2026-05-18 12:02:00-04:00,56.59,56.6,56.58,56.6,643.0,56.593
2026-05-18 12:03:00-04:00,56.57,56.57,56.4,56.49,8837.0,56.478
2026-05-18 12:04:00-04:00,56.39,56.45,56.14,56.14,14969.0,56.265
2026-05-18 12:05:00-04:00,56.18,56.21,56.06,56.21,3172.0,56.127
2026-05-18 12:06:00-04:00,56.14,56.21,56.03,56.06,9245.0,56.115
2026-05-18 12:07:00-04:00,56.06,56.09,55.83,55.85,8450.0,55.944
2026-05-18 12:08:00-04:00,55.8,55.86,55.7,55.74,8181.0,55.795
2026-05-18 12:09:00-04:00,55.71,55.91,55.61,55.9,7498.0,55.759
2026-05-18 12:10:00-04:00,55.84,56.08,55.8,56.08,4236.0,55.941
2026-05-18 12:11:00-04:00,55.95,56.34,55.95,56.29,17081.0,56.208
2026-05-18 12:12:00-04:00,56.2,56.23,56.07,56.07,2174.0,56.124
2026-05-18 12:13:00-04:00,56.15,56.28,56.15,56.16,1503.0,56.229
2026-05-18 12:14:00-04:00,56.24,56.4,56.15,56.4,2098.0,56.261
2026-05-18 12:15:00-04:00,56.23,57.0,56.21,56.84,16049.0,56.708
2026-05-18 12:16:00-04:00,56.82,56.88,56.67,56.67,14171.0,56.734
2026-05-18 12:17:00-04:00,56.64,56.92,56.64,56.75,2149.0,56.762
2026-05-18 12:18:00-04:00,56.61,56.8,56.61,56.7,5562.0,56.707
2026-05-18 12:19:00-04:00,56.66,56.78,56.62,56.67,2382.0,56.73
2026-05-18 12:20:00-04:00,56.66,56.86,56.66,56.77,2632.0,56.731
2026-05-18 12:21:00-04:00,56.85,57.12,56.85,57.04,8588.0,57.008
2026-05-18 12:22:00-04:00,57.02,57.03,56.61,56.77,17716.0,56.876
2026-05-18 12:23:00-04:00,56.7,56.7,56.23,56.25,12846.0,56.333
2026-05-18 12:24:00-04:00,56.24,56.26,56.09,56.11,8028.0,56.196
2026-05-18 12:25:00-04:00,56.11,56.12,55.7,55.7,12561.0,55.958
2026-05-18 12:26:00-04:00,55.61,55.86,55.6,55.74,8240.0,55.759
2026-05-18 12:27:00-04:00,55.74,55.88,55.72,55.79,4679.0,55.792
2026-05-18 12:28:00-04:00,55.77,55.81,55.59,55.73,7764.0,55.726
2026-05-18 12:29:00-04:00,55.57,55.73,55.55,55.64,7821.0,55.601
2026-05-18 12:30:00-04:00,55.5,55.58,55.42,55.5,10906.0,55.499
2026-05-18 12:31:00-04:00,55.48,55.88,55.46,55.78,16937.0,55.602
2026-05-18 12:32:00-04:00,55.78,55.79,55.61,55.61,2134.0,55.668
2026-05-18 12:33:00-04:00,55.57,55.8,55.57,55.75,5520.0,55.734
2026-05-18 12:34:00-04:00,55.79,55.81,55.66,55.66,5993.0,55.727
2026-05-18 12:35:00-04:00,55.63,55.64,55.51,55.59,902.0,55.585
2026-05-18 12:36:00-04:00,55.64,55.71,55.54,55.7,4889.0,55.608
2026-05-18 12:37:00-04:00,55.6,55.61,55.58,55.58,700.0,55.601
2026-05-18 12:38:00-04:00,55.56,55.74,55.56,55.61,2875.0,55.66
2026-05-18 12:39:00-04:00,55.67,55.69,55.56,55.6,3483.0,55.648
2026-05-18 12:40:00-04:00,55.63,55.9,55.58,55.76,10810.0,55.754
2026-05-18 12:41:00-04:00,55.73,55.83,55.73,55.83,727.0,55.802
2026-05-18 12:42:00-04:00,55.83,55.9,55.76,55.9,3552.0,55.869
2026-05-18 12:43:00-04:00,55.85,55.89,55.77,55.77,1404.0,55.849
2026-05-18 12:44:00-04:00,55.81,56.04,55.77,55.96,3328.0,55.875
2026-05-18 12:45:00-04:00,55.96,56.14,55.91,56.0,17242.0,56.077
2026-05-18 12:46:00-04:00,56.09,56.09,55.99,56.02,3003.0,56.043
2026-05-18 12:47:00-04:00,55.92,56.01,55.91,55.97,2253.0,55.97
2026-05-18 12:48:00-04:00,55.9,56.04,55.83,55.95,6025.0,55.938
2026-05-18 12:49:00-04:00,55.9,55.94,55.9,55.9,704.0,55.907
2026-05-18 12:50:00-04:00,56.04,56.39,55.97,56.24,5193.0,56.236
2026-05-18 12:51:00-04:00,56.38,56.52,56.25,56.52,6504.0,56.456
2026-05-18 12:52:00-04:00,56.47,56.55,56.4,56.51,2121.0,56.507
2026-05-18 12:53:00-04:00,56.47,56.53,56.24,56.34,12773.0,56.417
2026-05-18 12:54:00-04:00,56.21,56.33,56.21,56.3,13143.0,56.238
2026-05-18 12:55:00-04:00,56.2,56.25,56.1,56.11,3433.0,56.197
2026-05-18 12:56:00-04:00,56.11,56.29,55.99,55.99,2600.0,56.141
2026-05-18 12:57:00-04:00,55.89,55.94,55.88,55.9,1337.0,55.924
2026-05-18 12:58:00-04:00,55.9,56.02,55.87,56.02,6154.0,55.919
2026-05-18 12:59:00-04:00,55.96,55.97,55.86,55.91,3652.0,55.923
2026-05-18 13:00:00-04:00,55.95,55.97,55.75,55.84,8005.0,55.843
2026-05-18 13:01:00-04:00,55.84,55.84,55.61,55.73,9167.0,55.747
2026-05-18 13:02:00-04:00,55.79,55.87,55.74,55.78,1776.0,55.801
2026-05-18 13:03:00-04:00,55.87,55.93,55.7,55.79,10862.0,55.794
2026-05-18 13:04:00-04:00,55.81,55.84,55.57,55.7,4464.0,55.667
2026-05-18 13:05:00-04:00,55.77,55.87,55.69,55.86,1751.0,55.813
2026-05-18 13:06:00-04:00,55.83,55.9,55.76,55.77,1219.0,55.864
2026-05-18 13:07:00-04:00,55.87,55.87,55.72,55.72,200.0,55.798
2026-05-18 13:08:00-04:00,55.8,55.97,55.74,55.94,4264.0,55.836
2026-05-18 13:09:00-04:00,55.89,56.13,55.81,56.12,2395.0,56.018
2026-05-18 13:10:00-04:00,56.13,56.21,56.02,56.16,1712.0,56.129
2026-05-18 13:11:00-04:00,56.15,56.27,55.96,56.0,9844.0,56.123
2026-05-18 13:12:00-04:00,56.02,56.02,55.94,55.94,1989.0,55.991
2026-05-18 13:13:00-04:00,55.88,55.94,55.83,55.87,3857.0,55.871
2026-05-18 13:14:00-04:00,55.85,55.85,55.73,55.75,2597.0,55.787
2026-05-18 13:15:00-04:00,55.7,55.9,55.65,55.89,10570.0,55.736
2026-05-18 13:16:00-04:00,55.77,56.21,55.76,56.21,2780.0,56.029
2026-05-18 13:17:00-04:00,56.13,56.21,55.95,56.04,1000.0,56.089
2026-05-18 13:18:00-04:00,56.04,56.15,55.99,56.13,2848.0,56.089
2026-05-18 13:19:00-04:00,56.13,56.16,56.03,56.03,3788.0,56.117
2026-05-18 13:20:00-04:00,55.99,56.09,55.94,55.99,8390.0,56.032
2026-05-18 13:21:00-04:00,56.02,56.05,55.95,56.04,3108.0,56.011
2026-05-18 13:22:00-04:00,56.04,56.04,55.74,55.74,1400.0,55.909
2026-05-18 13:23:00-04:00,55.72,55.77,55.42,55.43,10277.0,55.527
2026-05-18 13:24:00-04:00,55.38,55.47,55.26,55.41,3975.0,55.403
2026-05-18 13:25:00-04:00,55.37,55.42,55.3,55.3,4893.0,55.348
2026-05-18 13:26:00-04:00,55.3,55.3,55.01,55.1,17630.0,55.165
2026-05-18 13:27:00-04:00,55.12,55.14,55.01,55.07,5811.0,55.07
2026-05-18 13:28:00-04:00,55.07,55.07,54.83,54.9,9359.0,54.943
2026-05-18 13:29:00-04:00,54.95,55.12,54.9,55.1,10089.0,55.037
2026-05-18 13:30:00-04:00,54.9,54.97,54.9,54.96,458.0,54.952
2026-05-18 13:31:00-04:00,54.95,54.99,54.83,54.93,12826.0,54.898
2026-05-18 13:32:00-04:00,54.93,54.99,54.84,54.89,6924.0,54.898
2026-05-18 13:33:00-04:00,54.89,54.95,54.79,54.86,8391.0,54.867
2026-05-18 13:34:00-04:00,54.85,54.94,54.77,54.94,1735.0,54.85
2026-05-18 13:35:00-04:00,54.87,54.94,54.8,54.87,8120.0,54.876
2026-05-18 13:36:00-04:00,54.87,54.88,54.77,54.87,5686.0,54.844
2026-05-18 13:37:00-04:00,54.81,54.81,54.71,54.79,1449.0,54.778
2026-05-18 13:38:00-04:00,54.72,54.88,54.72,54.76,4287.0,54.804
2026-05-18 13:39:00-04:00,54.77,54.92,54.71,54.84,4372.0,54.822
2026-05-18 13:40:00-04:00,54.78,54.83,54.74,54.77,1174.0,54.777
2026-05-18 13:41:00-04:00,54.8,54.88,54.78,54.84,2849.0,54.813
2026-05-18 13:42:00-04:00,54.84,54.88,54.71,54.79,4116.0,54.757
2026-05-18 13:43:00-04:00,54.78,54.87,54.71,54.82,4378.0,54.818
2026-05-18 13:44:00-04:00,54.84,54.84,54.7,54.75,2472.0,54.757
2026-05-18 13:45:00-04:00,54.71,54.78,54.7,54.78,3221.0,54.748
2026-05-18 13:46:00-04:00,54.77,54.77,54.6,54.64,10431.0,54.678
2026-05-18 13:47:00-04:00,54.66,54.84,54.58,54.82,6053.0,54.617
2026-05-18 13:48:00-04:00,54.77,54.77,54.61,54.65,4573.0,54.662
2026-05-18 13:49:00-04:00,54.64,54.69,54.61,54.61,4741.0,54.663
2026-05-18 13:50:00-04:00,54.58,54.8,54.58,54.77,6994.0,54.638
2026-05-18 13:51:00-04:00,54.72,54.87,54.72,54.8,3011.0,54.814
2026-05-18 13:52:00-04:00,54.83,55.12,54.8,55.07,19833.0,54.983
2026-05-18 13:53:00-04:00,55.05,55.06,54.95,54.99,7366.0,55.024
2026-05-18 13:54:00-04:00,54.97,54.98,54.89,54.94,6337.0,54.939
2026-05-18 13:55:00-04:00,54.92,54.99,54.87,54.89,4539.0,54.946
2026-05-18 13:56:00-04:00,54.98,55.01,54.87,54.99,1300.0,54.98
2026-05-18 13:57:00-04:00,54.96,54.96,54.88,54.89,1273.0,54.933
2026-05-18 13:58:00-04:00,54.87,54.87,54.62,54.71,6861.0,54.712
2026-05-18 13:59:00-04:00,54.69,54.76,54.65,54.75,16829.0,54.675
2026-05-18 14:00:00-04:00,54.68,54.86,54.59,54.84,4599.0,54.769
2026-05-18 14:01:00-04:00,54.89,54.98,54.79,54.82,4199.0,54.911
2026-05-18 14:02:00-04:00,54.73,54.73,54.66,54.71,3850.0,54.672
2026-05-18 14:03:00-04:00,54.7,54.75,54.62,54.69,3255.0,54.674
2026-05-18 14:04:00-04:00,54.7,54.79,54.68,54.7,3220.0,54.739
2026-05-18 14:05:00-04:00,54.69,54.77,54.64,54.7,1129.0,54.712
2026-05-18 14:06:00-04:00,54.7,54.9,54.7,54.86,5587.0,54.796
2026-05-18 14:07:00-04:00,54.83,54.83,54.58,54.62,2834.0,54.687
2026-05-18 14:08:00-04:00,54.56,54.65,54.41,54.59,44495.0,54.516
2026-05-18 14:09:00-04:00,54.63,54.64,54.51,54.51,8371.0,54.584
2026-05-18 14:10:00-04:00,54.5,54.58,54.46,54.54,3218.0,54.508
2026-05-18 14:11:00-04:00,54.5,54.69,54.5,54.55,5897.0,54.639
2026-05-18 14:12:00-04:00,54.59,54.59,54.35,54.38,8062.0,54.474
2026-05-18 14:13:00-04:00,54.4,54.52,54.35,54.46,2573.0,54.418
2026-05-18 14:14:00-04:00,54.45,54.45,54.39,54.39,980.0,54.428
2026-05-18 14:15:00-04:00,54.43,54.9,54.39,54.79,22860.0,54.719
2026-05-18 14:16:00-04:00,54.84,54.91,54.55,54.63,8828.0,54.713
2026-05-18 14:17:00-04:00,54.55,54.73,54.55,54.67,4101.0,54.645
2026-05-18 14:18:00-04:00,54.66,54.73,54.49,54.55,11988.0,54.573
2026-05-18 14:19:00-04:00,54.5,54.54,54.38,54.53,6960.0,54.473
2026-05-18 14:20:00-04:00,54.44,54.46,54.39,54.41,5870.0,54.413
2026-05-18 14:21:00-04:00,54.44,54.47,54.37,54.37,14518.0,54.402
2026-05-18 14:22:00-04:00,54.43,54.47,54.36,54.42,8055.0,54.415
2026-05-18 14:23:00-04:00,54.38,54.39,54.25,54.29,4835.0,54.335
2026-05-18 14:24:00-04:00,54.31,54.49,54.3,54.45,2631.0,54.377
2026-05-18 14:25:00-04:00,54.45,54.49,54.32,54.32,3655.0,54.423
2026-05-18 14:26:00-04:00,54.27,54.32,54.14,54.14,3189.0,54.225
2026-05-18 14:27:00-04:00,54.16,54.29,54.16,54.26,5667.0,54.227
2026-05-18 14:28:00-04:00,54.28,54.35,54.22,54.35,5925.0,54.271
2026-05-18 14:29:00-04:00,54.32,54.43,54.24,54.32,5058.0,54.345
2026-05-18 14:30:00-04:00,54.27,54.51,54.27,54.51,7219.0,54.364
2026-05-18 14:31:00-04:00,54.52,54.55,54.43,54.5,5246.0,54.525
2026-05-18 14:32:00-04:00,54.59,54.89,54.52,54.52,26567.0,54.738
2026-05-18 14:33:00-04:00,54.58,54.63,54.37,54.41,6852.0,54.534
2026-05-18 14:34:00-04:00,54.38,54.38,54.22,54.23,14364.0,54.349
2026-05-18 14:35:00-04:00,54.22,54.22,53.82,53.92,43609.0,53.966
2026-05-18 14:36:00-04:00,53.93,53.94,53.62,53.62,21240.0,53.767
2026-05-18 14:37:00-04:00,53.62,53.64,53.55,53.6,17357.0,53.597
2026-05-18 14:38:00-04:00,53.57,53.58,53.33,53.54,22528.0,53.469
2026-05-18 14:39:00-04:00,53.56,53.87,53.56,53.7,12092.0,53.749
2026-05-18 14:40:00-04:00,53.69,53.7,53.58,53.6,704.0,53.664
2026-05-18 14:41:00-04:00,53.59,53.69,53.58,53.66,2437.0,53.629
2026-05-18 14:42:00-04:00,53.64,53.73,53.63,53.63,2953.0,53.685
2026-05-18 14:43:00-04:00,53.75,54.01,53.75,53.96,8463.0,53.939
2026-05-18 14:44:00-04:00,53.86,54.0,53.86,53.94,2278.0,53.949
2026-05-18 14:45:00-04:00,53.98,54.15,53.94,54.1,15130.0,54.003
2026-05-18 14:46:00-04:00,54.03,54.3,54.03,54.25,4842.0,54.179
2026-05-18 14:47:00-04:00,54.25,54.28,54.18,54.22,5470.0,54.221
2026-05-18 14:48:00-04:00,54.18,54.18,54.06,54.06,7041.0,54.111
2026-05-18 14:49:00-04:00,54.05,54.05,53.82,53.82,4030.0,53.98
2026-05-18 14:50:00-04:00,53.8,53.94,53.79,53.94,6690.0,53.864
2026-05-18 14:51:00-04:00,53.99,53.99,53.73,53.81,5725.0,53.827
2026-05-18 14:52:00-04:00,53.76,53.84,53.7,53.84,4438.0,53.747
2026-05-18 14:53:00-04:00,53.92,54.16,53.86,54.0,13041.0,54.092
2026-05-18 14:54:00-04:00,53.95,53.95,53.81,53.82,2529.0,53.902
2026-05-18 14:55:00-04:00,53.8,53.95,53.75,53.95,6443.0,53.829
2026-05-18 14:56:00-04:00,53.87,53.99,53.87,53.99,536.0,53.945
2026-05-18 14:57:00-04:00,53.93,54.16,53.93,54.13,5249.0,54.106
2026-05-18 14:58:00-04:00,54.02,54.15,54.02,54.02,3093.0,54.095
2026-05-18 14:59:00-04:00,54.1,54.23,54.01,54.2,4114.0,54.131
2026-05-18 15:00:00-04:00,54.29,54.47,54.19,54.41,4078.0,54.349
2026-05-18 15:01:00-04:00,54.46,55.33,54.43,55.3,14989.0,54.916
2026-05-18 15:02:00-04:00,55.27,55.62,55.0,55.3,29694.0,55.332
2026-05-18 15:03:00-04:00,55.24,55.38,54.83,54.84,7917.0,55.089
2026-05-18 15:04:00-04:00,54.71,54.94,54.69,54.94,3445.0,54.769
2026-05-18 15:05:00-04:00,54.86,54.96,54.72,54.72,7465.0,54.877
2026-05-18 15:06:00-04:00,54.73,54.73,54.34,54.45,9563.0,54.452
2026-05-18 15:07:00-04:00,54.39,54.45,54.23,54.45,11091.0,54.368
2026-05-18 15:08:00-04:00,54.54,54.57,54.4,54.53,2402.0,54.518
2026-05-18 15:09:00-04:00,54.54,54.62,54.47,54.57,18191.0,54.524
2026-05-18 15:10:00-04:00,54.62,54.76,54.51,54.75,4943.0,54.635
2026-05-18 15:11:00-04:00,54.83,54.87,54.67,54.87,4720.0,54.782
2026-05-18 15:12:00-04:00,54.88,55.08,54.84,55.0,15297.0,54.946
2026-05-18 15:13:00-04:00,54.86,54.92,54.83,54.92,3849.0,54.864
2026-05-18 15:14:00-04:00,54.92,54.94,54.64,54.64,4877.0,54.833
2026-05-18 15:15:00-04:00,54.7,54.8,54.58,54.73,2716.0,54.731
2026-05-18 15:16:00-04:00,54.71,54.83,54.69,54.71,8594.0,54.741
2026-05-18 15:17:00-04:00,54.67,54.83,54.67,54.8,5225.0,54.749
2026-05-18 15:18:00-04:00,54.86,54.88,54.76,54.87,1212.0,54.825
2026-05-18 15:19:00-04:00,54.82,54.87,54.66,54.68,9339.0,54.753
2026-05-18 15:20:00-04:00,54.69,54.83,54.69,54.82,4925.0,54.729
2026-05-18 15:21:00-04:00,54.84,54.85,54.6,54.63,8300.0,54.75
2026-05-18 15:22:00-04:00,54.61,54.83,54.6,54.6,6158.0,54.646
2026-05-18 15:23:00-04:00,54.6,54.67,54.57,54.62,2668.0,54.641
2026-05-18 15:24:00-04:00,54.62,54.62,54.48,54.51,5580.0,54.541
2026-05-18 15:25:00-04:00,54.52,54.52,54.4,54.44,4957.0,54.447
2026-05-18 15:26:00-04:00,54.39,54.43,54.39,54.4,6436.0,54.404
2026-05-18 15:27:00-04:00,54.39,54.39,54.01,54.01,6719.0,54.237
2026-05-18 15:28:00-04:00,54.01,54.05,53.91,53.99,21066.0,53.959
2026-05-18 15:29:00-04:00,53.96,54.15,53.96,54.14,7757.0,54.095
2026-05-18 15:30:00-04:00,54.11,54.37,54.06,54.36,24092.0,54.155
2026-05-18 15:31:00-04:00,54.4,54.46,54.33,54.45,5734.0,54.436
2026-05-18 15:32:00-04:00,54.49,54.53,54.47,54.49,5443.0,54.502
2026-05-18 15:33:00-04:00,54.49,54.57,54.42,54.54,14335.0,54.483
2026-05-18 15:34:00-04:00,54.54,54.55,54.48,54.51,8528.0,54.503
2026-05-18 15:35:00-04:00,54.54,54.95,54.46,54.95,17721.0,54.8
2026-05-18 15:36:00-04:00,54.93,55.15,54.91,54.95,12505.0,55.031
2026-05-18 15:37:00-04:00,54.94,55.0,54.72,54.81,8349.0,54.888
2026-05-18 15:38:00-04:00,54.79,54.93,54.78,54.8,4936.0,54.826
2026-05-18 15:39:00-04:00,54.79,54.9,54.79,54.87,6749.0,54.845
2026-05-18 15:40:00-04:00,54.86,55.25,54.83,54.98,16158.0,55.04
2026-05-18 15:41:00-04:00,54.93,55.03,54.92,54.94,5828.0,54.978
2026-05-18 15:42:00-04:00,54.93,55.28,54.91,55.19,8083.0,55.037
2026-05-18 15:43:00-04:00,55.21,55.39,55.18,55.31,25278.0,55.299
2026-05-18 15:44:00-04:00,55.3,55.38,55.27,55.33,13286.0,55.335
2026-05-18 15:45:00-04:00,55.34,55.49,55.28,55.45,30204.0,55.369
2026-05-18 15:46:00-04:00,55.39,55.53,55.24,55.24,30945.0,55.388
2026-05-18 15:47:00-04:00,55.22,55.31,55.13,55.15,7966.0,55.209
2026-05-18 15:48:00-04:00,55.08,55.19,54.84,55.17,30725.0,54.997
2026-05-18 15:49:00-04:00,55.13,55.24,55.13,55.13,5766.0,55.161
2026-05-18 15:50:00-04:00,55.14,55.26,55.08,55.11,20957.0,55.138
2026-05-18 15:51:00-04:00,55.09,55.25,55.01,55.25,14369.0,55.089
2026-05-18 15:52:00-04:00,55.24,55.46,55.21,55.34,16063.0,55.323
2026-05-18 15:53:00-04:00,55.34,55.46,55.29,55.3,29972.0,55.401
2026-05-18 15:54:00-04:00,55.31,55.44,55.28,55.4,27517.0,55.319
2026-05-18 15:55:00-04:00,55.41,55.42,55.1,55.13,41669.0,55.283
2026-05-18 15:56:00-04:00,55.12,55.24,55.12,55.18,26796.0,55.18
2026-05-18 15:57:00-04:00,55.18,55.26,55.15,55.2,40833.0,55.224
2026-05-18 15:58:00-04:00,55.2,55.26,55.14,55.21,42021.0,55.17
2026-05-18 15:59:00-04:00,55.22,55.28,55.17,55.23,98213.0,55.209
2026-05-19 09:30:00-04:00,53.69,54.3,52.91,53.78,59350.0,53.397
2026-05-19 09:31:00-04:00,53.45,53.45,52.25,52.56,16396.0,52.655
2026-05-19 09:32:00-04:00,52.41,53.0,52.32,52.79,17820.0,52.648
2026-05-19 09:33:00-04:00,52.79,53.3,52.76,52.98,18770.0,53.138
2026-05-19 09:34:00-04:00,52.91,53.0,52.62,53.0,20752.0,52.794
2026-05-19 09:35:00-04:00,53.0,53.3,52.93,53.18,8678.0,53.162
2026-05-19 09:36:00-04:00,53.18,54.0,53.18,53.8,29348.0,53.602
2026-05-19 09:37:00-04:00,53.8,54.5,53.79,53.86,18246.0,54.243
2026-05-19 09:38:00-04:00,53.94,54.0,53.48,53.55,14819.0,53.63
2026-05-19 09:39:00-04:00,53.42,53.42,53.17,53.17,3029.0,53.29
2026-05-19 09:40:00-04:00,53.32,53.63,53.15,53.3,16158.0,53.436
2026-05-19 09:41:00-04:00,53.38,53.38,52.81,52.9,21600.0,53.022
2026-05-19 09:42:00-04:00,52.92,53.25,52.86,52.91,14120.0,53.095
2026-05-19 09:43:00-04:00,52.99,53.16,52.95,53.14,4716.0,53.01
2026-05-19 09:44:00-04:00,53.15,53.3,52.99,53.01,14557.0,53.051
2026-05-19 09:45:00-04:00,53.01,53.07,52.79,52.79,7434.0,52.978
2026-05-19 09:46:00-04:00,52.79,53.1,52.79,53.0,2439.0,53.041
2026-05-19 09:47:00-04:00,53.11,53.94,53.04,53.9,15650.0,53.631
2026-05-19 09:48:00-04:00,53.89,53.89,53.5,53.75,7192.0,53.697
2026-05-19 09:49:00-04:00,53.57,53.75,53.2,53.35,25140.0,53.334
2026-05-19 09:50:00-04:00,53.27,53.27,52.6,52.88,10193.0,52.88
2026-05-19 09:51:00-04:00,52.71,53.09,52.7,53.09,5831.0,52.813
2026-05-19 09:52:00-04:00,53.05,53.48,53.0,53.34,18770.0,53.22
2026-05-19 09:53:00-04:00,53.25,53.25,52.76,52.92,31315.0,52.928
2026-05-19 09:54:00-04:00,52.88,53.26,52.77,53.16,12993.0,52.937
2026-05-19 09:55:00-04:00,53.07,53.15,53.0,53.14,1345.0,53.079
2026-05-19 09:56:00-04:00,52.79,53.19,52.74,53.05,3051.0,52.877
2026-05-19 09:57:00-04:00,53.13,53.14,53.07,53.12,1297.0,53.084
2026-05-19 09:58:00-04:00,53.05,53.14,53.0,53.14,1943.0,53.061
2026-05-19 09:59:00-04:00,53.3,53.38,53.05,53.05,5966.0,53.207
2026-05-19 10:00:00-04:00,53.01,53.2,52.91,53.03,5270.0,53.074
2026-05-19 10:01:00-04:00,52.85,52.91,52.45,52.51,9879.0,52.668
2026-05-19 10:02:00-04:00,52.51,52.65,52.3,52.65,3985.0,52.521
2026-05-19 10:03:00-04:00,52.63,52.65,52.56,52.59,12887.0,52.598
2026-05-19 10:04:00-04:00,52.58,52.59,52.5,52.52,8162.0,52.569
2026-05-19 10:05:00-04:00,52.52,52.57,51.85,51.89,53561.0,52.139
2026-05-19 10:06:00-04:00,51.85,51.97,51.75,51.8,22213.0,51.898
2026-05-19 10:07:00-04:00,51.82,51.99,51.74,51.74,20007.0,51.918
2026-05-19 10:08:00-04:00,51.73,51.83,51.61,51.7,9954.0,51.695
2026-05-19 10:09:00-04:00,51.7,51.71,51.35,51.6,29508.0,51.506
2026-05-19 10:10:00-04:00,51.62,51.99,51.58,51.91,15573.0,51.897
2026-05-19 10:11:00-04:00,51.85,51.85,51.52,51.67,5238.0,51.696
2026-05-19 10:12:00-04:00,51.69,51.83,51.6,51.76,8626.0,51.732
2026-05-19 10:13:00-04:00,51.79,51.85,51.56,51.56,5948.0,51.722
2026-05-19 10:14:00-04:00,51.47,51.48,51.1,51.17,13566.0,51.207
2026-05-19 10:15:00-04:00,51.18,51.26,50.8,50.91,31094.0,51.047
2026-05-19 10:16:00-04:00,50.9,50.94,50.8,50.83,17610.0,50.865
2026-05-19 10:17:00-04:00,50.76,50.78,50.26,50.28,72327.0,50.477
2026-05-19 10:18:00-04:00,50.38,50.75,50.32,50.71,23947.0,50.517
2026-05-19 10:19:00-04:00,50.75,50.95,50.54,50.69,12720.0,50.724
2026-05-19 10:20:00-04:00,50.67,50.68,50.26,50.32,17850.0,50.347
2026-05-19 10:21:00-04:00,50.33,50.52,50.27,50.42,13475.0,50.387
2026-05-19 10:22:00-04:00,50.41,50.5,50.24,50.32,25606.0,50.32
2026-05-19 10:23:00-04:00,50.3,50.58,50.29,50.33,6594.0,50.454
2026-05-19 10:24:00-04:00,50.38,50.52,50.33,50.49,18263.0,50.415
2026-05-19 10:25:00-04:00,50.51,50.76,50.38,50.76,8829.0,50.498
2026-05-19 10:26:00-04:00,50.71,50.81,50.65,50.72,8682.0,50.761
2026-05-19 10:27:00-04:00,50.77,51.19,50.7,51.12,25697.0,50.968
2026-05-19 10:28:00-04:00,51.11,51.17,50.81,50.92,7987.0,50.989
2026-05-19 10:29:00-04:00,50.92,51.09,50.85,51.08,7701.0,50.956
2026-05-19 10:30:00-04:00,51.15,51.37,51.02,51.37,4890.0,51.132
2026-05-19 10:31:00-04:00,51.39,51.77,51.27,51.46,7920.0,51.49
2026-05-19 10:32:00-04:00,51.39,51.5,51.23,51.3,8000.0,51.348
2026-05-19 10:33:00-04:00,51.25,51.32,50.96,51.07,6371.0,51.143
2026-05-19 10:34:00-04:00,51.14,51.14,50.87,51.02,6948.0,51.012
2026-05-19 10:35:00-04:00,51.02,51.33,51.01,51.2,15159.0,51.233
2026-05-19 10:36:00-04:00,51.27,51.38,51.2,51.36,6529.0,51.34
2026-05-19 10:37:00-04:00,51.41,51.65,51.3,51.46,10389.0,51.484
2026-05-19 10:38:00-04:00,51.5,51.9,51.5,51.9,13786.0,51.804
2026-05-19 10:39:00-04:00,51.89,51.89,51.61,51.79,3380.0,51.772
2026-05-19 10:40:00-04:00,51.64,51.64,51.49,51.57,6531.0,51.539
2026-05-19 10:41:00-04:00,51.57,51.65,51.57,51.64,1499.0,51.622
2026-05-19 10:42:00-04:00,51.7,51.9,51.66,51.66,17605.0,51.784
2026-05-19 10:43:00-04:00,51.78,51.78,51.49,51.49,8748.0,51.539
2026-05-19 10:44:00-04:00,51.41,51.41,51.01,51.09,6485.0,51.081
2026-05-19 10:45:00-04:00,51.09,51.32,51.08,51.32,2300.0,51.177
2026-05-19 10:46:00-04:00,51.03,51.21,51.0,51.21,5395.0,51.053
2026-05-19 10:47:00-04:00,51.07,51.08,50.8,50.88,6772.0,50.995
2026-05-19 10:48:00-04:00,50.81,50.9,50.81,50.88,2877.0,50.844
2026-05-19 10:49:00-04:00,50.84,51.02,50.84,50.95,3632.0,50.941
2026-05-19 10:50:00-04:00,51.0,51.08,50.93,51.08,2867.0,51.005
2026-05-19 10:51:00-04:00,50.97,51.27,50.97,51.1,12258.0,51.177
2026-05-19 10:52:00-04:00,51.13,51.21,51.13,51.18,1299.0,51.186
2026-05-19 10:53:00-04:00,51.22,51.45,51.16,51.31,10975.0,51.362
2026-05-19 10:54:00-04:00,51.34,51.44,51.27,51.27,3252.0,51.379
2026-05-19 10:55:00-04:00,51.21,51.21,51.06,51.06,900.0,51.152
2026-05-19 10:56:00-04:00,51.1,51.23,51.06,51.2,3602.0,51.14
2026-05-19 10:57:00-04:00,51.37,51.52,51.37,51.52,3161.0,51.47
2026-05-19 10:58:00-04:00,51.49,51.51,51.4,51.4,1747.0,51.458
2026-05-19 10:59:00-04:00,51.44,51.63,51.44,51.59,3414.0,51.518
2026-05-19 11:00:00-04:00,51.67,51.89,51.67,51.8,12717.0,51.857
2026-05-19 11:01:00-04:00,51.91,52.0,51.7,51.7,6144.0,51.9
2026-05-19 11:02:00-04:00,51.67,51.75,51.62,51.62,1926.0,51.719
2026-05-19 11:03:00-04:00,51.64,51.84,51.61,51.66,7418.0,51.699
2026-05-19 11:04:00-04:00,51.64,51.64,51.64,51.64,1355.0,51.64
2026-05-19 11:05:00-04:00,51.55,51.56,51.23,51.23,14104.0,51.355
2026-05-19 11:06:00-04:00,51.24,51.28,51.23,51.28,2116.0,51.259
2026-05-19 11:07:00-04:00,51.25,51.25,51.02,51.07,3676.0,51.151
2026-05-19 11:08:00-04:00,51.09,51.17,51.08,51.17,3572.0,51.136
2026-05-19 11:09:00-04:00,51.11,51.31,51.11,51.24,1658.0,51.205
2026-05-19 11:10:00-04:00,51.36,51.46,51.35,51.46,2916.0,51.406
2026-05-19 11:11:00-04:00,51.42,51.43,51.3,51.34,925.0,51.348
2026-05-19 11:12:00-04:00,51.39,51.52,51.39,51.52,978.0,51.423
2026-05-19 11:13:00-04:00,51.53,51.63,51.53,51.63,1200.0,51.567
2026-05-19 11:14:00-04:00,51.63,51.64,51.57,51.62,600.0,51.617
2026-05-19 11:15:00-04:00,51.75,52.11,51.75,51.89,7429.0,51.887
2026-05-19 11:16:00-04:00,52.0,52.0,51.88,51.88,1312.0,51.912
2026-05-19 11:17:00-04:00,51.74,51.78,51.67,51.78,2600.0,51.734
2026-05-19 11:18:00-04:00,51.71,51.71,51.61,51.61,333.0,51.639
2026-05-19 11:19:00-04:00,51.66,51.67,51.4,51.41,2894.0,51.514
2026-05-19 11:20:00-04:00,51.36,51.49,51.36,51.44,3320.0,51.442
2026-05-19 11:21:00-04:00,51.52,51.63,51.5,51.6,2600.0,51.571
2026-05-19 11:22:00-04:00,51.63,51.8,51.63,51.7,1945.0,51.723
2026-05-19 11:23:00-04:00,51.64,51.65,51.56,51.64,825.0,51.626
2026-05-19 11:24:00-04:00,51.56,51.65,51.56,51.64,4113.0,51.583
2026-05-19 11:25:00-04:00,51.64,51.85,51.61,51.85,3019.0,51.694
2026-05-19 11:26:00-04:00,51.85,51.91,51.79,51.85,2646.0,51.859
2026-05-19 11:27:00-04:00,51.85,51.94,51.54,51.75,3482.0,51.8
2026-05-19 11:28:00-04:00,51.66,51.69,51.47,51.69,3420.0,51.545
2026-05-19 11:29:00-04:00,51.61,51.74,51.57,51.74,758.0,51.648
2026-05-19 11:30:00-04:00,51.66,51.66,51.6,51.61,400.0,51.621
2026-05-19 11:31:00-04:00,51.69,51.78,51.69,51.75,1342.0,51.743
2026-05-19 11:32:00-04:00,51.72,51.76,51.65,51.67,2595.0,51.71
2026-05-19 11:33:00-04:00,51.67,51.74,51.6,51.61,1750.0,51.629
2026-05-19 11:34:00-04:00,51.61,51.76,51.61,51.63,2000.0,51.698
2026-05-19 11:35:00-04:00,51.67,51.77,51.61,51.63,2560.0,51.655
2026-05-19 11:36:00-04:00,51.64,51.69,51.58,51.65,1290.0,51.632
2026-05-19 11:37:00-04:00,51.7,51.91,51.7,51.89,3200.0,51.757
2026-05-19 11:38:00-04:00,51.9,51.91,51.82,51.86,2594.0,51.865
2026-05-19 11:39:00-04:00,51.87,51.87,51.71,51.83,600.0,51.788
2026-05-19 11:40:00-04:00,51.71,51.76,51.36,51.37,11506.0,51.548
2026-05-19 11:41:00-04:00,51.38,51.44,51.38,51.42,1658.0,51.43
2026-05-19 11:42:00-04:00,51.42,51.42,51.4,51.4,324.0,51.411
2026-05-19 11:43:00-04:00,51.31,51.32,51.3,51.3,4097.0,51.302
2026-05-19 11:44:00-04:00,51.3,51.55,51.3,51.55,6222.0,51.406
2026-05-19 11:45:00-04:00,51.68,51.75,51.5,51.71,1798.0,51.627
2026-05-19 11:46:00-04:00,51.75,51.75,51.68,51.68,200.0,51.715
2026-05-19 11:47:00-04:00,51.73,51.73,51.44,51.44,1169.0,51.599
2026-05-19 11:48:00-04:00,51.53,51.6,51.53,51.56,800.0,51.582
2026-05-19 11:49:00-04:00,51.54,51.54,51.54,51.54,100.0,51.54
2026-05-19 11:50:00-04:00,51.53,51.6,51.53,51.53,700.0,51.551
2026-05-19 11:51:00-04:00,51.44,51.44,51.3,51.3,3500.0,51.358
2026-05-19 11:52:00-04:00,51.22,51.3,51.22,51.3,2526.0,51.272
2026-05-19 11:53:00-04:00,51.35,51.41,51.27,51.27,500.0,51.352
2026-05-19 11:54:00-04:00,51.25,51.35,51.21,51.21,11581.0,51.226
2026-05-19 11:55:00-04:00,51.21,51.22,51.16,51.2,3817.0,51.2
2026-05-19 11:56:00-04:00,51.23,51.24,51.15,51.2,800.0,51.193
2026-05-19 11:57:00-04:00,51.18,51.23,51.09,51.13,2500.0,51.168
2026-05-19 11:58:00-04:00,51.09,51.19,51.09,51.19,1361.0,51.118
2026-05-19 11:59:00-04:00,51.18,51.32,51.18,51.27,1040.0,51.23
2026-05-19 12:00:00-04:00,51.3,51.41,51.3,51.41,1738.0,51.363
2026-05-19 12:01:00-04:00,51.42,51.57,51.38,51.38,6765.0,51.495
2026-05-19 12:02:00-04:00,51.45,51.85,51.45,51.83,14885.0,51.76
2026-05-19 12:03:00-04:00,51.77,52.13,51.77,51.97,13325.0,51.965
2026-05-19 12:04:00-04:00,51.97,52.0,51.85,51.91,2105.0,51.95
2026-05-19 12:05:00-04:00,51.87,51.88,51.59,51.71,15133.0,51.706
2026-05-19 12:06:00-04:00,51.68,51.73,51.61,51.61,1307.0,51.689
2026-05-19 12:07:00-04:00,51.63,51.79,51.58,51.7,1397.0,51.664
2026-05-19 12:08:00-04:00,51.7,51.72,51.7,51.71,300.0,51.705
2026-05-19 12:09:00-04:00,51.64,51.64,51.5,51.5,1600.0,51.612
2026-05-19 12:10:00-04:00,51.48,51.51,51.42,51.45,1400.0,51.478
2026-05-19 12:11:00-04:00,51.51,51.62,51.51,51.61,2320.0,51.584
2026-05-19 12:12:00-04:00,51.5,51.62,51.4,51.62,1430.0,51.508
2026-05-19 12:13:00-04:00,51.52,51.53,51.52,51.52,411.0,51.524
2026-05-19 12:14:00-04:00,51.43,51.43,51.37,51.43,1490.0,51.399
2026-05-19 12:15:00-04:00,51.52,51.52,51.5,51.5,290.0,51.512
2026-05-19 12:16:00-04:00,51.63,51.66,51.59,51.66,500.0,51.614
2026-05-19 12:17:00-04:00,51.66,51.88,51.65,51.81,11450.0,51.828
2026-05-19 12:18:00-04:00,51.8,51.8,51.68,51.7,1400.0,51.747
2026-05-19 12:19:00-04:00,51.69,51.69,51.58,51.58,4337.0,51.633
2026-05-19 12:20:00-04:00,51.52,51.58,51.52,51.58,636.0,51.556
2026-05-19 12:21:00-04:00,51.6,51.6,51.6,51.6,112.0,51.6
2026-05-19 12:22:00-04:00,51.59,51.6,51.52,51.56,4919.0,51.568
2026-05-19 12:23:00-04:00,51.56,51.65,51.56,51.64,848.0,51.605
2026-05-19 12:24:00-04:00,51.71,51.71,51.69,51.7,1400.0,51.705
2026-05-19 12:25:00-04:00,51.81,51.89,51.78,51.89,995.0,51.841
2026-05-19 12:26:00-04:00,52.06,52.07,51.83,51.84,4326.0,51.991
2026-05-19 12:27:00-04:00,51.9,51.9,51.78,51.88,2233.0,51.833
2026-05-19 12:28:00-04:00,51.97,52.05,51.93,52.04,3235.0,52.004
2026-05-19 12:29:00-04:00,52.11,52.2,52.02,52.16,12389.0,52.18
2026-05-19 12:30:00-04:00,52.22,52.46,52.22,52.39,2687.0,52.318
2026-05-19 12:31:00-04:00,52.5,52.58,52.47,52.57,2657.0,52.512
2026-05-19 12:32:00-04:00,52.6,52.65,52.59,52.64,2081.0,52.608
2026-05-19 12:33:00-04:00,52.77,53.2,52.75,53.2,22568.0,52.968
2026-05-19 12:34:00-04:00,53.05,53.33,52.92,53.31,11715.0,53.182
2026-05-19 12:35:00-04:00,53.21,53.49,53.14,53.49,19078.0,53.299
2026-05-19 12:36:00-04:00,53.37,53.38,52.91,53.07,10861.0,53.128
2026-05-19 12:37:00-04:00,52.98,53.49,52.92,53.28,10011.0,53.204
2026-05-19 12:38:00-04:00,53.25,53.47,53.25,53.41,7515.0,53.327
2026-05-19 12:39:00-04:00,53.42,53.43,53.19,53.33,3100.0,53.292
2026-05-19 12:40:00-04:00,53.34,53.35,53.27,53.35,5320.0,53.331
2026-05-19 12:41:00-04:00,53.34,53.42,53.34,53.34,6273.0,53.407
2026-05-19 12:42:00-04:00,53.34,53.35,53.01,53.05,8744.0,53.184
2026-05-19 12:43:00-04:00,53.11,53.16,52.89,52.89,4017.0,53.008
2026-05-19 12:44:00-04:00,53.03,53.1,52.96,53.07,7371.0,53.052
2026-05-19 12:45:00-04:00,53.1,53.2,53.1,53.14,1390.0,53.163
2026-05-19 12:46:00-04:00,53.13,53.14,53.0,53.0,6981.0,53.082
2026-05-19 12:47:00-04:00,52.92,52.95,52.88,52.95,635.0,52.915
2026-05-19 12:48:00-04:00,53.0,53.04,52.99,52.99,2510.0,53.006
2026-05-19 12:49:00-04:00,53.0,53.12,52.93,53.01,1892.0,53.053
2026-05-19 12:50:00-04:00,52.97,53.02,52.92,53.02,939.0,52.981
2026-05-19 12:51:00-04:00,53.09,53.21,53.09,53.2,2021.0,53.172
2026-05-19 12:52:00-04:00,53.28,53.28,53.17,53.23,1988.0,53.233
2026-05-19 12:53:00-04:00,53.24,53.24,53.03,53.11,2917.0,53.122
2026-05-19 12:54:00-04:00,53.11,53.11,53.04,53.04,450.0,53.063
2026-05-19 12:55:00-04:00,53.09,53.26,53.09,53.17,3740.0,53.168
2026-05-19 12:56:00-04:00,53.19,53.19,53.0,53.09,2343.0,53.081
2026-05-19 12:57:00-04:00,53.13,53.13,53.13,53.13,100.0,53.13
2026-05-19 12:58:00-04:00,53.06,53.09,53.05,53.09,918.0,53.071
2026-05-19 12:59:00-04:00,53.13,53.14,53.12,53.13,4334.0,53.13
2026-05-19 13:00:00-04:00,53.11,53.14,53.07,53.12,1735.0,53.099
2026-05-19 13:01:00-04:00,53.17,53.21,53.17,53.21,1455.0,53.195
2026-05-19 13:02:00-04:00,53.23,53.3,53.2,53.29,4098.0,53.262
2026-05-19 13:03:00-04:00,53.29,53.33,53.15,53.15,6432.0,53.286
2026-05-19 13:04:00-04:00,53.16,53.36,53.16,53.34,2800.0,53.236
2026-05-19 13:05:00-04:00,53.3,53.5,53.3,53.42,4841.0,53.461
2026-05-19 13:06:00-04:00,53.5,53.75,53.5,53.63,26494.0,53.653
2026-05-19 13:07:00-04:00,53.65,53.65,53.5,53.58,4102.0,53.596
2026-05-19 13:08:00-04:00,53.59,53.65,53.59,53.59,1615.0,53.618
2026-05-19 13:09:00-04:00,53.64,53.92,53.64,53.92,6221.0,53.812
2026-05-19 13:10:00-04:00,53.95,54.23,53.77,53.77,26087.0,54.028
2026-05-19 13:11:00-04:00,53.98,54.03,53.76,53.99,11986.0,53.892
2026-05-19 13:12:00-04:00,53.94,54.33,53.91,54.27,5341.0,54.124
2026-05-19 13:13:00-04:00,54.32,54.46,54.25,54.46,4124.0,54.295
2026-05-19 13:14:00-04:00,54.43,54.5,54.27,54.4,7574.0,54.451
2026-05-19 13:15:00-04:00,54.42,54.5,54.35,54.4,5206.0,54.437
2026-05-19 13:16:00-04:00,54.4,54.47,54.38,54.38,4026.0,54.418
2026-05-19 13:17:00-04:00,54.38,54.38,54.27,54.37,4891.0,54.336
2026-05-19 13:18:00-04:00,54.27,54.55,54.21,54.5,11207.0,54.409
2026-05-19 13:19:00-04:00,54.49,54.64,54.49,54.57,3429.0,54.553
2026-05-19 13:20:00-04:00,54.64,54.65,54.43,54.43,6568.0,54.567
2026-05-19 13:21:00-04:00,54.45,54.55,54.25,54.25,6650.0,54.407
2026-05-19 13:22:00-04:00,54.22,54.36,54.16,54.36,4969.0,54.245
2026-05-19 13:23:00-04:00,54.29,54.3,54.14,54.17,700.0,54.209
2026-05-19 13:24:00-04:00,54.06,54.2,54.06,54.12,12795.0,54.101
2026-05-19 13:25:00-04:00,54.1,54.24,54.0,54.0,1381.0,54.118
2026-05-19 13:26:00-04:00,54.0,54.14,53.93,53.93,5732.0,53.996
2026-05-19 13:27:00-04:00,53.96,54.02,53.87,54.02,2422.0,53.95
2026-05-19 13:28:00-04:00,53.95,54.0,53.9,53.93,1050.0,53.936
2026-05-19 13:29:00-04:00,54.0,54.05,53.94,53.95,7596.0,54.005
2026-05-19 13:30:00-04:00,54.0,54.13,53.97,53.97,1447.0,54.042
2026-05-19 13:31:00-04:00,53.97,54.27,53.97,54.13,8623.0,54.119
2026-05-19 13:32:00-04:00,54.13,54.13,54.01,54.03,6440.0,54.064
2026-05-19 13:33:00-04:00,54.08,54.19,54.05,54.18,2500.0,54.14
2026-05-19 13:34:00-04:00,54.18,54.19,54.18,54.18,190.0,54.185
2026-05-19 13:35:00-04:00,54.14,54.14,53.98,53.98,6444.0,54.067
2026-05-19 13:36:00-04:00,53.95,53.96,53.81,53.82,3112.0,53.898
2026-05-19 13:37:00-04:00,53.9,54.05,53.82,53.95,8924.0,53.925
2026-05-19 13:38:00-04:00,54.02,54.19,54.02,54.18,700.0,54.116
2026-05-19 13:39:00-04:00,54.01,54.09,54.01,54.07,1578.0,54.063
2026-05-19 13:40:00-04:00,54.02,54.02,53.94,54.0,2412.0,53.992
2026-05-19 13:41:00-04:00,53.95,54.0,53.92,53.92,800.0,53.953
2026-05-19 13:42:00-04:00,53.88,53.89,53.85,53.85,400.0,53.859
2026-05-19 13:43:00-04:00,53.67,53.77,53.67,53.77,800.0,53.707
2026-05-19 13:44:00-04:00,53.76,53.8,53.74,53.76,3543.0,53.763
2026-05-19 13:45:00-04:00,53.75,53.76,53.54,53.62,4096.0,53.608
2026-05-19 13:46:00-04:00,53.5,53.6,53.4,53.42,1997.0,53.518
2026-05-19 13:47:00-04:00,53.36,53.58,53.36,53.58,12215.0,53.372
2026-05-19 13:48:00-04:00,53.65,53.65,53.65,53.65,100.0,53.65
2026-05-19 13:49:00-04:00,53.6,53.67,53.6,53.67,686.0,53.637
2026-05-19 13:50:00-04:00,53.61,53.61,53.6,53.6,1574.0,53.604
2026-05-19 13:51:00-04:00,53.6,53.98,53.6,53.97,12834.0,53.753
2026-05-19 13:52:00-04:00,53.91,54.24,53.81,54.14,35388.0,54.019
2026-05-19 13:53:00-04:00,54.22,54.53,54.1,54.15,33261.0,54.226
2026-05-19 13:54:00-04:00,54.12,54.12,53.8,53.8,4802.0,53.971
2026-05-19 13:55:00-04:00,53.81,54.18,53.81,54.02,10067.0,54.021
2026-05-19 13:56:00-04:00,54.1,54.44,54.03,54.33,3576.0,54.264
2026-05-19 13:57:00-04:00,54.39,54.58,54.22,54.58,7937.0,54.444
2026-05-19 13:58:00-04:00,54.69,55.23,54.6,55.07,43839.0,54.907
2026-05-19 13:59:00-04:00,55.05,55.12,54.69,54.86,26837.0,54.924
2026-05-19 14:00:00-04:00,54.89,55.03,54.88,55.03,4201.0,54.947
2026-05-19 14:01:00-04:00,55.1,55.55,55.08,55.31,32580.0,55.374
2026-05-19 14:02:00-04:00,55.3,55.45,55.19,55.45,17119.0,55.29
2026-05-19 14:03:00-04:00,55.4,55.48,55.16,55.3,5543.0,55.374
2026-05-19 14:04:00-04:00,55.3,55.35,55.18,55.31,5785.0,55.288
2026-05-19 14:05:00-04:00,55.25,55.35,55.24,55.27,3898.0,55.289
2026-05-19 14:06:00-04:00,55.28,55.4,55.26,55.27,2628.0,55.341
2026-05-19 14:07:00-04:00,55.2,55.28,55.2,55.28,750.0,55.247
2026-05-19 14:08:00-04:00,55.32,55.33,55.07,55.25,20832.0,55.223
2026-05-19 14:09:00-04:00,55.18,55.27,55.17,55.17,1716.0,55.212
2026-05-19 14:10:00-04:00,55.18,55.54,55.18,55.54,9572.0,55.273
2026-05-19 14:11:00-04:00,55.5,55.54,55.34,55.42,7581.0,55.43
2026-05-19 14:12:00-04:00,55.3,55.3,55.23,55.23,7283.0,55.261
2026-05-19 14:13:00-04:00,55.22,55.32,55.22,55.31,4406.0,55.263
2026-05-19 14:14:00-04:00,55.27,55.44,55.27,55.38,3984.0,55.39
2026-05-19 14:15:00-04:00,55.44,55.54,55.4,55.43,7655.0,55.445
2026-05-19 14:16:00-04:00,55.42,55.7,55.35,55.7,9055.0,55.481
2026-05-19 14:17:00-04:00,55.69,55.73,55.6,55.6,11221.0,55.686
2026-05-19 14:18:00-04:00,55.59,55.73,55.56,55.64,18158.0,55.676
2026-05-19 14:19:00-04:00,55.57,55.57,55.43,55.5,2400.0,55.5
2026-05-19 14:20:00-04:00,55.35,55.46,55.15,55.16,6595.0,55.275
2026-05-19 14:21:00-04:00,55.19,55.23,55.04,55.21,13741.0,55.126
2026-05-19 14:22:00-04:00,55.16,55.29,55.15,55.29,3864.0,55.18
2026-05-19 14:23:00-04:00,55.23,55.48,55.23,55.38,3573.0,55.355
2026-05-19 14:24:00-04:00,55.26,55.31,55.24,55.24,3000.0,55.296
2026-05-19 14:25:00-04:00,55.26,55.37,55.24,55.32,2362.0,55.3
2026-05-19 14:26:00-04:00,55.26,55.42,55.25,55.42,1094.0,55.393
2026-05-19 14:27:00-04:00,55.35,55.42,55.3,55.3,3967.0,55.358
2026-05-19 14:28:00-04:00,55.25,55.25,55.23,55.23,700.0,55.244
2026-05-19 14:29:00-04:00,55.27,55.52,55.26,55.52,7804.0,55.414
2026-05-19 14:30:00-04:00,55.5,55.55,55.31,55.36,6771.0,55.465
2026-05-19 14:31:00-04:00,55.35,55.45,55.35,55.39,2756.0,55.404
2026-05-19 14:32:00-04:00,55.39,55.42,55.33,55.42,1885.0,55.386
2026-05-19 14:33:00-04:00,55.47,55.55,55.47,55.55,4467.0,55.529
2026-05-19 14:34:00-04:00,55.55,55.57,55.48,55.56,2293.0,55.527
2026-05-19 14:35:00-04:00,55.47,55.56,55.47,55.56,3482.0,55.493
2026-05-19 14:36:00-04:00,55.55,55.59,55.54,55.57,2284.0,55.555
2026-05-19 14:37:00-04:00,55.55,55.55,55.42,55.42,6128.0,55.476
2026-05-19 14:38:00-04:00,55.41,55.43,55.31,55.43,2450.0,55.388
2026-05-19 14:39:00-04:00,55.36,55.48,55.28,55.33,2631.0,55.391
2026-05-19 14:40:00-04:00,55.28,55.35,55.25,55.3,1636.0,55.289
2026-05-19 14:41:00-04:00,55.29,55.32,55.1,55.28,9145.0,55.22
2026-05-19 14:42:00-04:00,55.28,55.28,55.1,55.16,7094.0,55.126
2026-05-19 14:43:00-04:00,55.16,55.28,55.16,55.25,1190.0,55.237
2026-05-19 14:44:00-04:00,55.19,55.19,55.03,55.03,2601.0,55.113
2026-05-19 14:45:00-04:00,55.07,55.07,54.76,54.78,11331.0,54.886
2026-05-19 14:46:00-04:00,54.76,54.81,54.72,54.72,4345.0,54.777
2026-05-19 14:47:00-04:00,54.67,54.76,54.66,54.66,2520.0,54.711
2026-05-19 14:48:00-04:00,54.64,54.68,54.6,54.67,3976.0,54.631
2026-05-19 14:49:00-04:00,54.7,55.18,54.7,55.18,11500.0,55.068
2026-05-19 14:50:00-04:00,54.94,55.02,54.86,54.97,4004.0,54.939
2026-05-19 14:51:00-04:00,54.99,55.04,54.99,55.04,1200.0,55.003
2026-05-19 14:52:00-04:00,54.95,54.95,54.86,54.94,2512.0,54.912
2026-05-19 14:53:00-04:00,54.98,54.99,54.84,54.84,3731.0,54.913
2026-05-19 14:54:00-04:00,54.83,54.84,54.54,54.54,6238.0,54.667
2026-05-19 14:55:00-04:00,54.55,54.66,54.46,54.46,14890.0,54.534
2026-05-19 14:56:00-04:00,54.46,54.5,54.44,54.45,4207.0,54.464
2026-05-19 14:57:00-04:00,54.43,54.43,54.17,54.27,7020.0,54.259
2026-05-19 14:58:00-04:00,54.19,54.36,54.19,54.34,5383.0,54.277
2026-05-19 14:59:00-04:00,54.34,54.54,54.34,54.5,1365.0,54.45
2026-05-19 15:00:00-04:00,54.56,54.94,54.56,54.88,14910.0,54.836
2026-05-19 15:01:00-04:00,54.89,54.94,54.79,54.79,3857.0,54.848
2026-05-19 15:02:00-04:00,54.78,54.8,54.73,54.73,2799.0,54.758
2026-05-19 15:03:00-04:00,54.74,54.74,54.54,54.55,33377.0,54.581
2026-05-19 15:04:00-04:00,54.6,54.63,54.54,54.54,3340.0,54.576
2026-05-19 15:05:00-04:00,54.52,54.53,54.45,54.45,1641.0,54.501
2026-05-19 15:06:00-04:00,54.44,54.44,54.27,54.33,2180.0,54.374
2026-05-19 15:07:00-04:00,54.31,54.39,54.29,54.39,4997.0,54.361
2026-05-19 15:08:00-04:00,54.38,54.49,54.27,54.42,4351.0,54.342
2026-05-19 15:09:00-04:00,54.45,54.71,54.45,54.7,3964.0,54.641
2026-05-19 15:10:00-04:00,54.77,54.96,54.76,54.96,1857.0,54.863
2026-05-19 15:11:00-04:00,55.02,55.15,54.91,54.98,16675.0,55.068
2026-05-19 15:12:00-04:00,54.9,54.9,54.82,54.88,3200.0,54.86
2026-05-19 15:13:00-04:00,54.88,54.99,54.87,54.99,1200.0,54.944
2026-05-19 15:14:00-04:00,54.94,55.02,54.94,55.02,4207.0,54.995
2026-05-19 15:15:00-04:00,55.0,55.02,54.95,54.98,25603.0,54.986
2026-05-19 15:16:00-04:00,54.94,54.97,54.94,54.94,2516.0,54.953
2026-05-19 15:17:00-04:00,54.95,54.98,54.92,54.92,2022.0,54.947
2026-05-19 15:18:00-04:00,54.95,54.95,54.62,54.67,19292.0,54.738
2026-05-19 15:19:00-04:00,54.71,54.74,54.7,54.71,6790.0,54.719
2026-05-19 15:20:00-04:00,54.72,54.72,54.41,54.47,7372.0,54.59
2026-05-19 15:21:00-04:00,54.48,54.61,54.35,54.51,8429.0,54.462
2026-05-19 15:22:00-04:00,54.46,54.46,54.38,54.38,600.0,54.438
2026-05-19 15:23:00-04:00,54.31,54.32,54.06,54.06,4102.0,54.151
2026-05-19 15:24:00-04:00,54.13,54.2,54.09,54.09,3445.0,54.174
2026-05-19 15:25:00-04:00,54.09,54.16,54.09,54.15,1387.0,54.129
2026-05-19 15:26:00-04:00,54.18,54.24,54.11,54.24,6358.0,54.166
2026-05-19 15:27:00-04:00,54.23,54.47,54.21,54.47,3598.0,54.306
2026-05-19 15:28:00-04:00,54.52,54.59,54.47,54.54,2537.0,54.501
2026-05-19 15:29:00-04:00,54.57,54.65,54.55,54.59,18806.0,54.601
2026-05-19 15:30:00-04:00,54.54,54.67,54.42,54.52,13637.0,54.583
2026-05-19 15:31:00-04:00,54.45,54.46,54.41,54.45,4129.0,54.427
2026-05-19 15:32:00-04:00,54.45,54.62,54.41,54.62,11371.0,54.501
2026-05-19 15:33:00-04:00,54.62,54.62,54.53,54.55,1025.0,54.552
2026-05-19 15:34:00-04:00,54.49,54.5,54.45,54.45,1886.0,54.469
2026-05-19 15:35:00-04:00,54.39,54.4,54.21,54.21,7430.0,54.37
2026-05-19 15:36:00-04:00,54.24,54.36,54.2,54.32,5641.0,54.266
2026-05-19 15:37:00-04:00,54.31,54.36,54.31,54.35,300.0,54.338
2026-05-19 15:38:00-04:00,54.34,54.51,54.27,54.5,12542.0,54.385
2026-05-19 15:39:00-04:00,54.51,54.61,54.5,54.5,6758.0,54.536
2026-05-19 15:40:00-04:00,54.46,54.49,54.35,54.39,2189.0,54.432
2026-05-19 15:41:00-04:00,54.33,54.38,54.33,54.38,1235.0,54.35
2026-05-19 15:42:00-04:00,54.34,54.42,54.34,54.38,4503.0,54.378
2026-05-19 15:43:00-04:00,54.36,54.49,54.35,54.48,4764.0,54.419
2026-05-19 15:44:00-04:00,54.45,54.49,54.41,54.48,6920.0,54.442
2026-05-19 15:45:00-04:00,54.44,54.48,54.36,54.39,6797.0,54.408
2026-05-19 15:46:00-04:00,54.39,54.39,54.3,54.32,6072.0,54.33
2026-05-19 15:47:00-04:00,54.32,54.41,54.28,54.31,4982.0,54.345
2026-05-19 15:48:00-04:00,54.27,54.29,54.22,54.23,2124.0,54.256
2026-05-19 15:49:00-04:00,54.22,54.37,54.13,54.37,17192.0,54.248
2026-05-19 15:50:00-04:00,54.37,54.69,54.32,54.6,8270.0,54.455
2026-05-19 15:51:00-04:00,54.53,54.58,54.41,54.47,5818.0,54.482
2026-05-19 15:52:00-04:00,54.47,54.48,54.35,54.41,15028.0,54.432
2026-05-19 15:53:00-04:00,54.37,54.42,54.37,54.41,2717.0,54.403
2026-05-19 15:54:00-04:00,54.41,54.41,54.19,54.21,26620.0,54.278
2026-05-19 15:55:00-04:00,54.24,54.45,54.21,54.45,21755.0,54.351
2026-05-19 15:56:00-04:00,54.46,54.48,54.39,54.39,18714.0,54.436
2026-05-19 15:57:00-04:00,54.39,54.42,54.33,54.41,15576.0,54.372
2026-05-19 15:58:00-04:00,54.41,54.52,54.36,54.49,46184.0,54.437
2026-05-19 15:59:00-04:00,54.48,54.59,54.46,54.51,76489.0,54.537
2026-05-20 09:30:00-04:00,55.91,56.55,55.89,56.03,52433.0,56.035
2026-05-20 09:31:00-04:00,55.85,55.92,53.92,53.92,42783.0,54.796
2026-05-20 09:32:00-04:00,53.93,55.15,53.93,54.76,6649.0,54.657
2026-05-20 09:33:00-04:00,54.76,54.99,54.2,54.6,33105.0,54.503
2026-05-20 09:34:00-04:00,54.48,54.56,53.5,53.83,22122.0,53.985
2026-05-20 09:35:00-04:00,53.89,54.25,53.56,54.25,32029.0,53.769
2026-05-20 09:36:00-04:00,54.26,54.65,54.26,54.65,4433.0,54.44
2026-05-20 09:37:00-04:00,54.8,54.89,54.43,54.5,11064.0,54.713
2026-05-20 09:38:00-04:00,54.64,54.64,53.88,53.94,14027.0,54.192
2026-05-20 09:39:00-04:00,53.92,53.94,53.36,53.58,9478.0,53.602
2026-05-20 09:40:00-04:00,53.59,53.97,53.36,53.86,25053.0,53.771
2026-05-20 09:41:00-04:00,53.84,53.86,53.7,53.72,7516.0,53.79
2026-05-20 09:42:00-04:00,53.82,53.86,53.59,53.75,13281.0,53.753
2026-05-20 09:43:00-04:00,53.66,53.82,53.66,53.77,3696.0,53.743
2026-05-20 09:44:00-04:00,53.77,54.55,53.75,54.27,29922.0,54.261
2026-05-20 09:45:00-04:00,54.13,54.47,54.0,54.4,10437.0,54.289
2026-05-20 09:46:00-04:00,54.35,55.84,54.35,55.6,42048.0,55.254
2026-05-20 09:47:00-04:00,55.65,55.65,54.71,54.71,21803.0,55.15
2026-05-20 09:48:00-04:00,54.74,54.95,54.64,54.64,3489.0,54.728
2026-05-20 09:49:00-04:00,54.48,54.64,54.15,54.55,16251.0,54.398
2026-05-20 09:50:00-04:00,54.55,54.74,54.13,54.25,7356.0,54.344
2026-05-20 09:51:00-04:00,54.13,54.13,53.85,53.95,8977.0,53.981
2026-05-20 09:52:00-04:00,53.79,54.03,53.75,53.87,4646.0,53.858
2026-05-20 09:53:00-04:00,53.85,53.86,53.61,53.61,3723.0,53.763
2026-05-20 09:54:00-04:00,53.61,53.8,53.6,53.74,5870.0,53.69
2026-05-20 09:55:00-04:00,53.81,53.81,53.5,53.61,4700.0,53.634
2026-05-20 09:56:00-04:00,53.61,53.79,53.61,53.7,5751.0,53.683
2026-05-20 09:57:00-04:00,53.71,53.89,53.69,53.81,6297.0,53.733
2026-05-20 09:58:00-04:00,53.8,54.24,53.78,54.24,9487.0,54.01
2026-05-20 09:59:00-04:00,54.27,54.4,54.12,54.12,4289.0,54.227
2026-05-20 10:00:00-04:00,54.22,54.65,54.04,54.41,6385.0,54.361
2026-05-20 10:01:00-04:00,54.41,54.96,54.34,54.82,17737.0,54.744
2026-05-20 10:02:00-04:00,54.7,54.93,54.54,54.71,1792.0,54.774
2026-05-20 10:03:00-04:00,54.73,55.07,54.72,54.82,8895.0,54.851
2026-05-20 10:04:00-04:00,54.82,55.49,54.82,55.49,6951.0,55.246
2026-05-20 10:05:00-04:00,55.27,55.49,54.9,54.95,5881.0,55.102
2026-05-20 10:06:00-04:00,54.81,54.84,54.55,54.69,11053.0,54.614
2026-05-20 10:07:00-04:00,54.7,54.9,54.62,54.74,12413.0,54.813
2026-05-20 10:08:00-04:00,54.72,54.85,54.38,54.69,5921.0,54.533
2026-05-20 10:09:00-04:00,54.44,54.44,54.16,54.23,12311.0,54.312
2026-05-20 10:10:00-04:00,54.25,54.26,54.08,54.09,3855.0,54.166
2026-05-20 10:11:00-04:00,54.12,54.28,53.9,54.01,14370.0,54.157
2026-05-20 10:12:00-04:00,54.12,54.27,54.07,54.07,7672.0,54.189
2026-05-20 10:13:00-04:00,54.1,54.1,53.76,53.82,17724.0,53.877
2026-05-20 10:14:00-04:00,53.96,54.3,53.8,53.95,15833.0,54.092
2026-05-20 10:15:00-04:00,53.97,54.11,53.8,54.1,4722.0,54.004
2026-05-20 10:16:00-04:00,54.21,54.24,53.98,54.2,6023.0,54.132
2026-05-20 10:17:00-04:00,54.24,54.51,53.72,53.8,18466.0,54.254
2026-05-20 10:18:00-04:00,53.81,54.09,53.62,53.8,13798.0,53.688
2026-05-20 10:19:00-04:00,53.72,54.22,53.72,53.75,15813.0,53.947
2026-05-20 10:20:00-04:00,53.78,53.96,53.53,53.7,7216.0,53.684
2026-05-20 10:21:00-04:00,53.7,54.33,53.69,54.25,17286.0,54.099
2026-05-20 10:22:00-04:00,54.21,54.21,53.92,53.93,2885.0,54.028
2026-05-20 10:23:00-04:00,53.93,53.93,53.72,53.76,5135.0,53.864
2026-05-20 10:24:00-04:00,53.91,53.92,53.01,53.13,29344.0,53.372
2026-05-20 10:25:00-04:00,53.18,53.64,53.02,53.63,7670.0,53.317
2026-05-20 10:26:00-04:00,53.73,53.98,53.63,53.73,13667.0,53.846
2026-05-20 10:27:00-04:00,53.79,54.23,53.68,54.23,3283.0,53.904
2026-05-20 10:28:00-04:00,54.24,54.24,53.95,54.24,7607.0,54.122
2026-05-20 10:29:00-04:00,54.19,54.24,54.0,54.04,3318.0,54.064
2026-05-20 10:30:00-04:00,54.09,54.3,53.99,54.3,9359.0,54.073
2026-05-20 10:31:00-04:00,54.32,54.32,53.98,54.02,6746.0,54.144
2026-05-20 10:32:00-04:00,54.03,54.03,53.46,53.61,12318.0,53.718
2026-05-20 10:33:00-04:00,53.52,53.52,52.95,53.02,21180.0,53.146
2026-05-20 10:34:00-04:00,53.14,53.28,53.03,53.21,6623.0,53.171
2026-05-20 10:35:00-04:00,53.21,53.52,53.2,53.49,7286.0,53.391
2026-05-20 10:36:00-04:00,53.45,53.69,53.41,53.56,16143.0,53.595
2026-05-20 10:37:00-04:00,53.56,53.87,53.43,53.86,5713.0,53.714
2026-05-20 10:38:00-04:00,53.75,53.79,53.63,53.64,3137.0,53.688
2026-05-20 10:39:00-04:00,53.64,53.98,53.64,53.84,10175.0,53.91
2026-05-20 10:40:00-04:00,53.89,54.12,53.84,54.02,11596.0,54.04
2026-05-20 10:41:00-04:00,54.11,54.44,54.0,54.4,17128.0,54.16
2026-05-20 10:42:00-04:00,54.47,54.5,54.23,54.38,18221.0,54.435
2026-05-20 10:43:00-04:00,54.38,54.51,54.37,54.51,14497.0,54.48
2026-05-20 10:44:00-04:00,54.5,54.65,54.27,54.56,15527.0,54.529
2026-05-20 10:45:00-04:00,54.58,54.89,54.53,54.78,22502.0,54.667
2026-05-20 10:46:00-04:00,54.77,54.83,54.56,54.83,5967.0,54.656
2026-05-20 10:47:00-04:00,54.8,54.9,54.69,54.9,8930.0,54.765
2026-05-20 10:48:00-04:00,54.76,55.0,54.76,54.99,11800.0,54.935
2026-05-20 10:49:00-04:00,55.0,55.04,54.85,54.89,5340.0,54.957
2026-05-20 10:50:00-04:00,54.8,54.8,54.62,54.65,19494.0,54.713
2026-05-20 10:51:00-04:00,54.64,54.77,54.59,54.77,4784.0,54.679
2026-05-20 10:52:00-04:00,54.77,54.83,54.66,54.8,4586.0,54.76
2026-05-20 10:53:00-04:00,54.67,55.19,54.67,55.05,11475.0,54.983
2026-05-20 10:54:00-04:00,55.13,55.21,55.0,55.16,9536.0,55.116
2026-05-20 10:55:00-04:00,55.18,55.4,55.18,55.23,19815.0,55.277
2026-05-20 10:56:00-04:00,55.22,55.61,55.21,55.6,12258.0,55.451
2026-05-20 10:57:00-04:00,55.58,55.64,54.94,54.94,30939.0,55.294
2026-05-20 10:58:00-04:00,55.13,55.13,54.72,54.85,11024.0,54.839
2026-05-20 10:59:00-04:00,54.85,54.85,54.71,54.72,4193.0,54.784
2026-05-20 11:00:00-04:00,54.88,55.07,54.81,55.07,4919.0,54.959
2026-05-20 11:01:00-04:00,54.93,55.09,54.76,54.93,3109.0,54.94
2026-05-20 11:02:00-04:00,55.06,55.06,54.75,54.83,16197.0,54.907
2026-05-20 11:03:00-04:00,54.83,54.83,54.29,54.34,14283.0,54.557
2026-05-20 11:04:00-04:00,54.29,54.61,54.27,54.43,13257.0,54.434
2026-05-20 11:05:00-04:00,54.4,54.72,54.4,54.63,10501.0,54.566
2026-05-20 11:06:00-04:00,54.7,55.15,54.56,55.14,5951.0,54.86
2026-05-20 11:07:00-04:00,55.16,55.16,54.92,54.99,6911.0,55.038
2026-05-20 11:08:00-04:00,54.81,54.98,54.6,54.8,5507.0,54.808
2026-05-20 11:09:00-04:00,54.7,54.87,54.6,54.87,5534.0,54.752
2026-05-20 11:10:00-04:00,54.87,55.06,54.86,55.05,2482.0,54.958
2026-05-20 11:11:00-04:00,55.02,55.03,54.73,54.88,2850.0,54.869
2026-05-20 11:12:00-04:00,54.9,54.9,54.66,54.82,9529.0,54.827
2026-05-20 11:13:00-04:00,54.75,55.31,54.75,55.3,7740.0,54.913
2026-05-20 11:14:00-04:00,55.23,55.37,55.17,55.21,5681.0,55.257
2026-05-20 11:15:00-04:00,55.07,55.5,55.07,55.41,8400.0,55.289
2026-05-20 11:16:00-04:00,55.42,55.51,55.34,55.51,5735.0,55.458
2026-05-20 11:17:00-04:00,55.5,55.59,55.25,55.25,13517.0,55.406
2026-05-20 11:18:00-04:00,55.15,55.29,55.05,55.15,9368.0,55.17
2026-05-20 11:19:00-04:00,55.15,55.18,55.05,55.17,2280.0,55.111
2026-05-20 11:20:00-04:00,55.13,55.29,55.12,55.28,6864.0,55.232
2026-05-20 11:21:00-04:00,55.28,55.37,55.14,55.27,7013.0,55.26
2026-05-20 11:22:00-04:00,55.27,55.3,55.18,55.18,3172.0,55.251
2026-05-20 11:23:00-04:00,55.24,55.48,55.19,55.36,4499.0,55.313
2026-05-20 11:24:00-04:00,55.21,55.27,55.14,55.25,1381.0,55.226
2026-05-20 11:25:00-04:00,55.17,55.37,55.16,55.37,3704.0,55.26
2026-05-20 11:26:00-04:00,55.31,55.31,55.2,55.2,5036.0,55.275
2026-05-20 11:27:00-04:00,55.21,55.21,54.43,54.64,51351.0,54.632
2026-05-20 11:28:00-04:00,54.66,55.1,54.62,55.1,9428.0,54.85
2026-05-20 11:29:00-04:00,55.1,55.11,54.93,54.95,6470.0,55.031
2026-05-20 11:30:00-04:00,55.18,55.18,54.99,54.99,1824.0,55.151
2026-05-20 11:31:00-04:00,54.91,55.1,54.89,54.89,383.0,54.962
2026-05-20 11:32:00-04:00,55.03,55.44,55.03,55.25,8277.0,55.338
2026-05-20 11:33:00-04:00,55.21,55.56,55.21,55.47,19221.0,55.461
2026-05-20 11:34:00-04:00,55.41,55.55,55.24,55.5,4560.0,55.435
2026-05-20 11:35:00-04:00,55.45,55.57,55.35,55.57,10163.0,55.412
2026-05-20 11:36:00-04:00,55.65,56.05,55.62,55.89,13670.0,55.841
2026-05-20 11:37:00-04:00,55.89,56.25,55.87,56.06,17862.0,56.144
2026-05-20 11:38:00-04:00,55.97,56.18,55.87,56.14,6525.0,56.018
2026-05-20 11:39:00-04:00,56.06,56.17,56.03,56.03,1601.0,56.067
2026-05-20 11:40:00-04:00,55.96,56.07,55.84,56.06,11283.0,55.92
2026-05-20 11:41:00-04:00,56.09,56.09,55.67,55.67,7968.0,55.752
2026-05-20 11:42:00-04:00,55.73,55.87,55.73,55.87,2168.0,55.815
2026-05-20 11:43:00-04:00,55.86,55.87,55.72,55.72,1468.0,55.828
2026-05-20 11:44:00-04:00,55.79,56.03,55.79,55.96,1921.0,55.931
2026-05-20 11:45:00-04:00,55.96,56.01,55.91,56.0,1020.0,55.962
2026-05-20 11:46:00-04:00,56.07,56.07,55.9,56.0,6831.0,56.005
2026-05-20 11:47:00-04:00,56.09,56.49,56.0,56.47,17000.0,56.183
2026-05-20 11:48:00-04:00,56.47,56.61,56.41,56.6,21856.0,56.487
2026-05-20 11:49:00-04:00,56.61,56.61,56.44,56.54,8034.0,56.527
2026-05-20 11:50:00-04:00,56.44,56.8,56.44,56.72,24186.0,56.698
2026-05-20 11:51:00-04:00,56.72,57.26,56.62,57.11,12639.0,56.971
2026-05-20 11:52:00-04:00,57.11,57.11,56.9,56.95,9131.0,57.0
2026-05-20 11:53:00-04:00,56.95,57.06,56.66,56.96,20094.0,56.86
2026-05-20 11:54:00-04:00,57.01,57.28,56.95,57.01,26492.0,57.119
2026-05-20 11:55:00-04:00,57.26,57.6,57.14,57.35,23116.0,57.423
2026-05-20 11:56:00-04:00,57.4,57.47,57.01,57.2,10734.0,57.293
2026-05-20 11:57:00-04:00,57.19,57.35,56.97,57.29,19579.0,57.128
2026-05-20 11:58:00-04:00,57.21,57.47,57.15,57.43,14079.0,57.344
2026-05-20 11:59:00-04:00,57.49,57.54,57.28,57.28,6389.0,57.448
2026-05-20 12:00:00-04:00,57.28,57.4,56.69,56.69,15030.0,57.142
2026-05-20 12:01:00-04:00,56.9,56.91,56.77,56.91,7036.0,56.891
2026-05-20 12:02:00-04:00,56.9,56.98,56.9,56.91,2940.0,56.913
2026-05-20 12:03:00-04:00,56.84,57.0,56.83,56.96,9006.0,56.934
2026-05-20 12:04:00-04:00,56.9,56.9,56.69,56.89,10074.0,56.857
2026-05-20 12:05:00-04:00,56.87,57.02,56.85,56.85,6092.0,56.927
2026-05-20 12:06:00-04:00,56.92,57.1,56.92,57.05,18454.0,57.041
2026-05-20 12:07:00-04:00,57.04,57.5,57.0,57.38,57478.0,57.201
2026-05-20 12:08:00-04:00,57.21,57.55,57.01,57.24,3816.0,57.297
2026-05-20 12:09:00-04:00,57.45,57.5,57.25,57.5,6252.0,57.439
2026-05-20 12:10:00-04:00,57.43,57.49,57.29,57.44,4640.0,57.381
2026-05-20 12:11:00-04:00,57.29,57.6,57.29,57.6,4120.0,57.486
2026-05-20 12:12:00-04:00,57.57,57.99,57.54,57.94,26093.0,57.899
2026-05-20 12:13:00-04:00,57.86,58.22,57.85,57.88,28128.0,58.028
2026-05-20 12:14:00-04:00,57.88,57.88,57.48,57.55,5414.0,57.723
2026-05-20 12:15:00-04:00,57.55,57.56,57.15,57.49,13496.0,57.364
2026-05-20 12:16:00-04:00,57.35,57.48,57.35,57.42,5106.0,57.397
2026-05-20 12:17:00-04:00,57.39,57.52,57.32,57.43,11769.0,57.349
2026-05-20 12:18:00-04:00,57.5,57.51,57.45,57.46,1394.0,57.469
2026-05-20 12:19:00-04:00,57.34,57.46,57.0,57.0,20004.0,57.08
2026-05-20 12:20:00-04:00,57.07,57.14,56.75,56.8,15295.0,56.862
2026-05-20 12:21:00-04:00,56.75,56.84,56.67,56.74,6304.0,56.746
2026-05-20 12:22:00-04:00,56.74,56.81,56.71,56.71,3129.0,56.773
2026-05-20 12:23:00-04:00,56.66,56.66,56.24,56.28,16653.0,56.42
2026-05-20 12:24:00-04:00,56.28,56.44,56.21,56.21,7058.0,56.32
2026-05-20 12:25:00-04:00,56.2,56.25,55.87,56.21,23064.0,56.045
2026-05-20 12:26:00-04:00,56.22,56.26,56.06,56.2,5821.0,56.163
2026-05-20 12:27:00-04:00,56.15,56.27,56.09,56.21,4255.0,56.207
2026-05-20 12:28:00-04:00,56.27,56.75,56.1,56.31,25959.0,56.444
2026-05-20 12:29:00-04:00,56.63,56.81,56.14,56.19,26867.0,56.557
2026-05-20 12:30:00-04:00,56.52,56.78,56.52,56.64,1131.0,56.578
2026-05-20 12:31:00-04:00,56.64,56.9,56.64,56.69,4474.0,56.726
2026-05-20 12:32:00-04:00,56.79,57.5,56.77,57.45,39551.0,56.977
2026-05-20 12:33:00-04:00,57.33,57.68,57.3,57.3,5143.0,57.482
2026-05-20 12:34:00-04:00,57.5,57.6,57.26,57.55,54413.0,57.422
2026-05-20 12:35:00-04:00,57.55,57.55,57.5,57.52,1040.0,57.527
2026-05-20 12:36:00-04:00,57.5,57.73,57.5,57.67,18680.0,57.629
2026-05-20 12:37:00-04:00,57.68,57.71,57.37,57.5,19814.0,57.608
2026-05-20 12:38:00-04:00,57.5,57.65,57.25,57.51,43169.0,57.514
2026-05-20 12:39:00-04:00,57.52,57.52,56.96,57.02,8738.0,57.365
2026-05-20 12:40:00-04:00,57.05,57.11,56.88,56.92,6430.0,57.065
2026-05-20 12:41:00-04:00,56.84,56.95,56.58,56.95,12819.0,56.723
2026-05-20 12:42:00-04:00,56.95,57.1,56.94,57.0,3229.0,57.051
2026-05-20 12:43:00-04:00,56.99,56.99,56.84,56.89,1449.0,56.939
2026-05-20 12:44:00-04:00,56.8,56.99,56.8,56.9,1398.0,56.928
2026-05-20 12:45:00-04:00,56.8,56.8,56.73,56.73,700.0,56.783
2026-05-20 12:46:00-04:00,56.8,56.8,56.67,56.67,11101.0,56.791
2026-05-20 12:47:00-04:00,56.61,56.63,56.54,56.58,14959.0,56.584
2026-05-20 12:48:00-04:00,56.57,56.57,56.5,56.53,4953.0,56.525
2026-05-20 12:49:00-04:00,56.52,56.52,56.37,56.43,5438.0,56.439
2026-05-20 12:50:00-04:00,56.46,56.47,56.34,56.43,2191.0,56.405
2026-05-20 12:51:00-04:00,56.47,56.56,56.47,56.53,1620.0,56.526
2026-05-20 12:52:00-04:00,56.52,56.66,56.43,56.48,8062.0,56.563
2026-05-20 12:53:00-04:00,56.51,56.51,56.39,56.41,2372.0,56.423
2026-05-20 12:54:00-04:00,56.35,56.36,56.32,56.34,3050.0,56.338
2026-05-20 12:55:00-04:00,56.31,56.4,56.2,56.3,9252.0,56.326
2026-05-20 12:56:00-04:00,56.28,56.28,56.1,56.27,6235.0,56.194
2026-05-20 12:57:00-04:00,56.23,56.31,56.15,56.31,6429.0,56.219
2026-05-20 12:58:00-04:00,56.36,56.53,56.36,56.53,813.0,56.463
2026-05-20 12:59:00-04:00,56.47,56.47,56.41,56.41,3000.0,56.457
2026-05-20 13:00:00-04:00,56.45,56.45,56.14,56.14,3477.0,56.296
2026-05-20 13:01:00-04:00,56.25,56.36,56.22,56.36,734.0,56.261
2026-05-20 13:02:00-04:00,56.3,56.37,56.17,56.25,2949.0,56.291
2026-05-20 13:03:00-04:00,56.27,56.29,56.24,56.24,3226.0,56.246
2026-05-20 13:04:00-04:00,56.2,56.26,56.05,56.1,3510.0,56.112
2026-05-20 13:05:00-04:00,56.02,56.04,55.85,55.92,12228.0,55.92
2026-05-20 13:06:00-04:00,55.92,56.06,55.92,56.01,6550.0,56.015
2026-05-20 13:07:00-04:00,56.0,56.05,55.87,55.88,4698.0,55.928
2026-05-20 13:08:00-04:00,55.9,55.93,55.88,55.9,1647.0,55.913
2026-05-20 13:09:00-04:00,55.92,55.93,55.72,55.75,10034.0,55.799
2026-05-20 13:10:00-04:00,55.71,55.87,55.55,55.77,24138.0,55.656
2026-05-20 13:11:00-04:00,55.77,55.77,55.6,55.65,7573.0,55.698
2026-05-20 13:12:00-04:00,55.68,55.76,55.68,55.76,932.0,55.712
2026-05-20 13:13:00-04:00,55.82,55.91,55.76,55.91,1149.0,55.846
2026-05-20 13:14:00-04:00,55.87,55.89,55.69,55.88,1119.0,55.845
2026-05-20 13:15:00-04:00,56.09,56.09,56.0,56.0,615.0,56.031
2026-05-20 13:16:00-04:00,56.0,56.0,55.79,55.79,2250.0,55.947
2026-05-20 13:17:00-04:00,55.67,55.75,55.65,55.7,8777.0,55.666
2026-05-20 13:18:00-04:00,55.69,56.19,55.69,56.13,6519.0,55.971
2026-05-20 13:19:00-04:00,56.16,56.3,56.15,56.18,2424.0,56.205
2026-05-20 13:20:00-04:00,56.24,56.24,55.99,56.24,1070.0,56.128
2026-05-20 13:21:00-04:00,56.06,56.38,56.06,56.17,3043.0,56.214
2026-05-20 13:22:00-04:00,56.01,56.11,55.96,55.96,770.0,56.003
2026-05-20 13:23:00-04:00,56.11,56.13,56.0,56.11,2350.0,56.062
2026-05-20 13:24:00-04:00,56.22,56.48,56.14,56.44,1628.0,56.355
2026-05-20 13:25:00-04:00,56.47,56.51,56.41,56.41,1165.0,56.47
2026-05-20 13:26:00-04:00,56.3,56.3,56.23,56.23,2100.0,56.296
2026-05-20 13:27:00-04:00,56.22,56.3,56.22,56.3,872.0,56.273
2026-05-20 13:28:00-04:00,56.45,56.49,56.22,56.48,4350.0,56.398
2026-05-20 13:29:00-04:00,56.29,56.3,56.26,56.29,1400.0,56.291
2026-05-20 13:30:00-04:00,56.42,56.54,56.3,56.41,10507.0,56.451
2026-05-20 13:31:00-04:00,56.42,56.44,56.32,56.44,1748.0,56.379
2026-05-20 13:32:00-04:00,56.36,56.36,56.05,56.21,10738.0,56.128
2026-05-20 13:33:00-04:00,56.18,56.18,56.13,56.13,737.0,56.172
2026-05-20 13:34:00-04:00,56.16,56.18,56.16,56.17,1087.0,56.17
2026-05-20 13:35:00-04:00,56.16,56.26,56.1,56.18,7462.0,56.197
2026-05-20 13:36:00-04:00,56.26,56.46,56.21,56.38,6566.0,56.321
2026-05-20 13:37:00-04:00,56.31,56.43,56.26,56.42,1900.0,56.362
2026-05-20 13:38:00-04:00,56.42,56.59,56.42,56.59,620.0,56.496
2026-05-20 13:39:00-04:00,56.5,56.51,56.5,56.5,400.0,56.506
2026-05-20 13:40:00-04:00,56.5,56.55,56.39,56.39,1856.0,56.481
2026-05-20 13:41:00-04:00,56.39,56.39,56.28,56.28,720.0,56.345
2026-05-20 13:42:00-04:00,56.33,56.33,56.24,56.24,4013.0,56.312
2026-05-20 13:43:00-04:00,56.21,56.24,56.09,56.14,2597.0,56.149
2026-05-20 13:44:00-04:00,56.25,56.31,56.21,56.21,920.0,56.25
2026-05-20 13:45:00-04:00,56.2,56.27,56.01,56.18,10684.0,56.037
2026-05-20 13:46:00-04:00,56.17,56.22,56.04,56.17,958.0,56.145
2026-05-20 13:47:00-04:00,56.21,56.21,56.12,56.2,311.0,56.179
2026-05-20 13:48:00-04:00,56.18,56.31,56.16,56.16,2025.0,56.24
2026-05-20 13:49:00-04:00,56.09,56.17,56.09,56.17,1446.0,56.148
2026-05-20 13:50:00-04:00,56.17,56.17,56.05,56.15,3730.0,56.134
2026-05-20 13:51:00-04:00,56.15,56.16,56.15,56.15,792.0,56.151
2026-05-20 13:52:00-04:00,56.15,56.18,56.07,56.17,767.0,56.14
2026-05-20 13:53:00-04:00,56.09,56.09,56.09,56.09,100.0,56.09
2026-05-20 13:54:00-04:00,56.09,56.09,56.04,56.07,1107.0,56.062
2026-05-20 13:55:00-04:00,56.07,56.14,56.07,56.14,682.0,56.116
2026-05-20 13:56:00-04:00,56.1,56.15,56.08,56.15,2350.0,56.117
2026-05-20 13:57:00-04:00,56.11,56.12,55.94,56.02,3000.0,56.035
2026-05-20 13:58:00-04:00,56.09,56.18,56.09,56.1,1545.0,56.126
2026-05-20 13:59:00-04:00,56.09,56.4,56.09,56.33,2353.0,56.239
2026-05-20 14:00:00-04:00,56.29,56.5,56.22,56.5,12032.0,56.464
2026-05-20 14:01:00-04:00,56.39,56.47,56.39,56.39,2143.0,56.42
2026-05-20 14:02:00-04:00,56.47,56.98,56.47,56.94,15918.0,56.762
2026-05-20 14:03:00-04:00,56.71,56.72,56.49,56.56,1641.0,56.556
2026-05-20 14:04:00-04:00,56.48,56.49,56.48,56.49,453.0,56.488
2026-05-20 14:05:00-04:00,56.6,56.6,56.35,56.35,650.0,56.421
2026-05-20 14:06:00-04:00,56.38,56.38,56.26,56.28,1200.0,56.326
2026-05-20 14:07:00-04:00,56.22,56.26,56.14,56.25,3058.0,56.2
2026-05-20 14:08:00-04:00,56.19,56.2,56.09,56.09,3154.0,56.142
2026-05-20 14:09:00-04:00,56.13,56.23,56.1,56.16,1527.0,56.171
2026-05-20 14:10:00-04:00,56.3,56.44,56.25,56.25,2529.0,56.335
2026-05-20 14:11:00-04:00,56.25,56.26,56.25,56.25,100.0,56.255
2026-05-20 14:12:00-04:00,56.25,56.25,56.25,56.25,220.0,56.25
2026-05-20 14:13:00-04:00,56.23,56.24,56.23,56.23,400.0,56.235
2026-05-20 14:14:00-04:00,56.23,56.23,56.19,56.19,891.0,56.219
2026-05-20 14:15:00-04:00,56.35,56.38,56.26,56.34,2320.0,56.33
2026-05-20 14:16:00-04:00,56.42,56.58,56.4,56.58,5607.0,56.485
2026-05-20 14:17:00-04:00,56.49,56.58,56.4,56.41,2330.0,56.464
2026-05-20 14:18:00-04:00,56.39,56.39,56.36,56.37,614.0,56.37
2026-05-20 14:19:00-04:00,56.35,56.36,56.35,56.35,100.0,56.355
2026-05-20 14:20:00-04:00,56.29,56.3,56.12,56.12,685.0,56.222
2026-05-20 14:21:00-04:00,56.25,56.26,56.25,56.25,425.0,56.254
2026-05-20 14:22:00-04:00,56.38,56.38,56.24,56.24,505.0,56.296
2026-05-20 14:23:00-04:00,56.24,56.29,56.2,56.23,3176.0,56.253
2026-05-20 14:24:00-04:00,56.26,56.45,56.25,56.38,2893.0,56.389
2026-05-20 14:25:00-04:00,56.46,56.46,56.18,56.19,2175.0,56.312
2026-05-20 14:26:00-04:00,56.35,56.43,56.35,56.37,3105.0,56.383
2026-05-20 14:27:00-04:00,56.43,56.45,56.28,56.29,1886.0,56.354
2026-05-20 14:28:00-04:00,56.43,56.53,56.22,56.47,4716.0,56.406
2026-05-20 14:29:00-04:00,56.56,56.73,56.42,56.66,3720.0,56.561
2026-05-20 14:30:00-04:00,56.46,56.74,56.46,56.68,5543.0,56.589
2026-05-20 14:31:00-04:00,56.55,56.61,56.44,56.44,2107.0,56.493
2026-05-20 14:32:00-04:00,56.55,56.55,56.37,56.55,852.0,56.472
2026-05-20 14:33:00-04:00,56.38,56.47,56.34,56.46,3717.0,56.384
2026-05-20 14:34:00-04:00,56.46,56.56,56.39,56.56,831.0,56.515
2026-05-20 14:35:00-04:00,56.42,56.54,56.38,56.38,1326.0,56.43
2026-05-20 14:36:00-04:00,56.38,56.38,56.38,56.38,400.0,56.38
2026-05-20 14:37:00-04:00,56.49,56.49,56.37,56.48,1800.0,56.465
2026-05-20 14:38:00-04:00,56.47,56.56,56.42,56.45,2128.0,56.472
2026-05-20 14:39:00-04:00,56.56,56.56,56.44,56.45,1044.0,56.49
2026-05-20 14:40:00-04:00,56.44,56.44,56.43,56.43,900.0,56.437
2026-05-20 14:41:00-04:00,56.35,56.41,56.23,56.35,16028.0,56.324
2026-05-20 14:42:00-04:00,56.38,56.39,56.38,56.38,280.0,56.385
2026-05-20 14:43:00-04:00,56.47,56.52,56.38,56.52,3976.0,56.469
2026-05-20 14:44:00-04:00,56.49,56.5,56.3,56.3,3100.0,56.346
2026-05-20 14:45:00-04:00,56.28,56.39,56.28,56.34,5207.0,56.353
2026-05-20 14:46:00-04:00,56.34,56.35,56.01,56.23,10573.0,56.121
2026-05-20 14:47:00-04:00,56.2,56.2,55.95,56.02,6793.0,56.051
2026-05-20 14:48:00-04:00,56.06,56.36,56.05,56.14,1450.0,56.163
2026-05-20 14:49:00-04:00,56.14,56.14,56.14,56.14,0.0,56.14
2026-05-20 14:50:00-04:00,56.13,56.14,55.94,56.14,570.0,56.051
2026-05-20 14:51:00-04:00,56.14,56.23,56.0,56.21,1113.0,56.111
2026-05-20 14:52:00-04:00,56.22,56.22,56.0,56.22,360.0,56.128
2026-05-20 14:53:00-04:00,56.11,56.22,56.11,56.11,620.0,56.147
2026-05-20 14:54:00-04:00,56.12,56.12,55.98,55.98,2514.0,56.042
2026-05-20 14:55:00-04:00,55.88,55.89,55.66,55.67,11681.0,55.766
2026-05-20 14:56:00-04:00,55.65,55.67,55.58,55.66,6868.0,55.621
2026-05-20 14:57:00-04:00,55.6,55.75,55.44,55.64,13651.0,55.564
2026-05-20 14:58:00-04:00,55.78,55.8,55.5,55.73,9688.0,55.676
2026-05-20 14:59:00-04:00,55.85,56.09,55.72,56.0,13345.0,55.98
2026-05-20 15:00:00-04:00,56.1,56.25,56.07,56.2,1520.0,56.167
2026-05-20 15:01:00-04:00,56.33,56.33,56.09,56.09,2409.0,56.133
2026-05-20 15:02:00-04:00,56.09,56.18,56.09,56.17,2583.0,56.134
2026-05-20 15:03:00-04:00,56.15,56.23,56.15,56.23,1662.0,56.188
2026-05-20 15:04:00-04:00,56.19,56.23,55.98,55.98,7461.0,56.171
2026-05-20 15:05:00-04:00,55.98,56.06,55.75,55.85,3837.0,55.892
2026-05-20 15:06:00-04:00,55.85,55.98,55.73,55.87,16211.0,55.881
2026-05-20 15:07:00-04:00,55.85,55.89,55.84,55.87,800.0,55.862
2026-05-20 15:08:00-04:00,55.87,56.03,55.87,55.97,13986.0,55.96
2026-05-20 15:09:00-04:00,55.97,56.09,55.9,56.09,3070.0,55.975
2026-05-20 15:10:00-04:00,56.12,56.32,56.03,56.15,4537.0,56.191
2026-05-20 15:11:00-04:00,56.09,56.11,56.04,56.05,1930.0,56.067
2026-05-20 15:12:00-04:00,56.05,56.06,56.04,56.04,2490.0,56.05
2026-05-20 15:13:00-04:00,56.11,56.15,55.99,56.08,8900.0,56.067
2026-05-20 15:14:00-04:00,56.07,56.34,55.98,56.31,25020.0,56.128
2026-05-20 15:15:00-04:00,56.26,56.28,56.03,56.09,12245.0,56.146
2026-05-20 15:16:00-04:00,56.09,56.29,56.07,56.26,7181.0,56.136
2026-05-20 15:17:00-04:00,56.28,56.33,56.2,56.21,2170.0,56.25
2026-05-20 15:18:00-04:00,56.21,56.34,56.2,56.2,1700.0,56.212
2026-05-20 15:19:00-04:00,56.2,56.3,56.19,56.3,1367.0,56.206
2026-05-20 15:20:00-04:00,56.21,56.48,56.21,56.45,5887.0,56.377
2026-05-20 15:21:00-04:00,56.45,56.55,56.37,56.4,5790.0,56.472
2026-05-20 15:22:00-04:00,56.43,56.48,56.18,56.18,10365.0,56.376
2026-05-20 15:23:00-04:00,56.15,56.19,56.03,56.1,6213.0,56.116
2026-05-20 15:24:00-04:00,56.11,56.3,56.08,56.3,5343.0,56.184
2026-05-20 15:25:00-04:00,56.3,56.31,56.2,56.2,2286.0,56.246
2026-05-20 15:26:00-04:00,56.22,56.23,56.02,56.04,5170.0,56.148
2026-05-20 15:27:00-04:00,56.03,56.08,56.02,56.04,1784.0,56.051
2026-05-20 15:28:00-04:00,56.02,56.37,56.02,56.2,14566.0,56.191
2026-05-20 15:29:00-04:00,56.31,56.42,56.27,56.38,3734.0,56.357
2026-05-20 15:30:00-04:00,56.42,56.83,56.42,56.74,8849.0,56.68
2026-05-20 15:31:00-04:00,56.72,56.79,56.55,56.78,7661.0,56.623
2026-05-20 15:32:00-04:00,56.69,56.81,56.68,56.8,3371.0,56.721
2026-05-20 15:33:00-04:00,56.84,56.98,56.84,56.93,4596.0,56.894
2026-05-20 15:34:00-04:00,56.99,57.13,56.92,56.96,14294.0,57.012
2026-05-20 15:35:00-04:00,56.92,57.19,56.89,57.11,9702.0,57.046
2026-05-20 15:36:00-04:00,57.08,57.22,57.04,57.14,6819.0,57.161
2026-05-20 15:37:00-04:00,57.1,57.23,57.07,57.2,11802.0,57.186
2026-05-20 15:38:00-04:00,57.2,57.2,56.9,56.9,5878.0,57.032
2026-05-20 15:39:00-04:00,56.87,57.0,56.86,56.87,7266.0,56.909
2026-05-20 15:40:00-04:00,56.87,56.94,56.68,56.73,10041.0,56.823
2026-05-20 15:41:00-04:00,56.73,56.89,56.72,56.84,8585.0,56.811
2026-05-20 15:42:00-04:00,56.84,56.86,56.81,56.84,6342.0,56.839
2026-05-20 15:43:00-04:00,56.86,56.95,56.86,56.89,8757.0,56.891
2026-05-20 15:44:00-04:00,56.91,56.91,56.67,56.8,17413.0,56.824
2026-05-20 15:45:00-04:00,56.78,56.83,56.51,56.64,27144.0,56.682
2026-05-20 15:46:00-04:00,56.58,56.65,56.48,56.48,11857.0,56.557
2026-05-20 15:47:00-04:00,56.48,56.51,56.29,56.36,23514.0,56.407
2026-05-20 15:48:00-04:00,56.39,56.39,56.33,56.37,7002.0,56.357
2026-05-20 15:49:00-04:00,56.37,56.37,56.21,56.26,13176.0,56.3
2026-05-20 15:50:00-04:00,56.25,56.31,56.1,56.11,13750.0,56.239
2026-05-20 15:51:00-04:00,56.11,56.32,56.05,56.32,16494.0,56.179
2026-05-20 15:52:00-04:00,56.32,56.37,56.17,56.18,8218.0,56.285
2026-05-20 15:53:00-04:00,56.19,56.21,56.08,56.1,14977.0,56.165
2026-05-20 15:54:00-04:00,56.1,56.23,56.07,56.17,24750.0,56.162
2026-05-20 15:55:00-04:00,56.18,56.36,56.14,56.35,24293.0,56.304
2026-05-20 15:56:00-04:00,56.35,56.45,56.29,56.3,28766.0,56.38
2026-05-20 15:57:00-04:00,56.32,56.47,56.22,56.43,32571.0,56.369
2026-05-20 15:58:00-04:00,56.43,56.48,56.19,56.22,60219.0,56.338
2026-05-20 15:59:00-04:00,56.22,56.27,56.17,56.2,67387.0,56.221
2026-05-21 09:30:00-04:00,56.01,56.43,55.86,56.26,49682.0,56.051
2026-05-21 09:31:00-04:00,56.39,57.59,56.23,57.38,5613.0,57.223
2026-05-21 09:32:00-04:00,57.8,57.8,56.18,57.5,8825.0,57.225
2026-05-21 09:33:00-04:00,57.4,57.95,57.01,57.79,22714.0,57.567
2026-05-21 09:34:00-04:00,57.95,58.87,57.92,58.23,39389.0,58.435
2026-05-21 09:35:00-04:00,58.24,58.75,58.0,58.47,35239.0,58.467
2026-05-21 09:36:00-04:00,58.39,59.23,58.36,59.18,42894.0,58.85
2026-05-21 09:37:00-04:00,59.13,59.66,58.85,58.98,46828.0,59.359
2026-05-21 09:38:00-04:00,58.91,59.34,58.74,58.79,11714.0,59.087
2026-05-21 09:39:00-04:00,58.9,58.9,58.45,58.7,13400.0,58.644
2026-05-21 09:40:00-04:00,58.7,59.15,58.16,58.81,20629.0,58.699
2026-05-21 09:41:00-04:00,58.65,58.8,58.25,58.39,13660.0,58.534
2026-05-21 09:42:00-04:00,58.41,59.34,58.21,58.84,15956.0,58.69
2026-05-21 09:43:00-04:00,58.85,59.01,58.53,58.53,14702.0,58.783
2026-05-21 09:44:00-04:00,58.51,59.0,57.75,58.76,25588.0,58.309
2026-05-21 09:45:00-04:00,58.95,59.63,58.83,59.58,31852.0,59.4
2026-05-21 09:46:00-04:00,59.58,59.99,59.19,59.19,31381.0,59.64
2026-05-21 09:47:00-04:00,59.02,59.38,58.59,58.72,11849.0,58.896
2026-05-21 09:48:00-04:00,58.72,58.81,58.4,58.59,8439.0,58.61
2026-05-21 09:49:00-04:00,58.59,58.63,58.0,58.21,12444.0,58.365
2026-05-21 09:50:00-04:00,58.18,58.18,57.11,57.28,25012.0,57.564
2026-05-21 09:51:00-04:00,57.29,57.47,57.18,57.43,7597.0,57.316
2026-05-21 09:52:00-04:00,57.35,57.71,57.21,57.3,9431.0,57.5
2026-05-21 09:53:00-04:00,57.21,57.48,57.01,57.18,11163.0,57.192
2026-05-21 09:54:00-04:00,57.25,57.7,57.18,57.41,12021.0,57.479
2026-05-21 09:55:00-04:00,57.41,57.48,57.2,57.21,8288.0,57.358
2026-05-21 09:56:00-04:00,57.17,57.27,56.52,56.53,22778.0,56.745
2026-05-21 09:57:00-04:00,56.52,56.9,56.32,56.9,20053.0,56.772
2026-05-21 09:58:00-04:00,56.89,57.39,56.8,57.15,11155.0,56.986
2026-05-21 09:59:00-04:00,57.11,57.74,57.1,57.66,27442.0,57.504
2026-05-21 10:00:00-04:00,57.8,57.8,57.16,57.16,9494.0,57.554
2026-05-21 10:01:00-04:00,57.25,57.68,57.16,57.48,8805.0,57.446
2026-05-21 10:02:00-04:00,57.46,58.2,57.45,58.0,17437.0,57.736
2026-05-21 10:03:00-04:00,58.19,58.58,58.0,58.45,42880.0,58.328
2026-05-21 10:04:00-04:00,58.41,58.77,58.4,58.63,9049.0,58.594
2026-05-21 10:05:00-04:00,58.53,58.6,58.34,58.34,11386.0,58.485
2026-05-21 10:06:00-04:00,58.34,59.13,58.26,59.13,22768.0,58.831
2026-05-21 10:07:00-04:00,59.12,59.5,59.0,59.35,21723.0,59.234
2026-05-21 10:08:00-04:00,59.32,59.89,59.32,59.89,10446.0,59.629
2026-05-21 10:09:00-04:00,59.85,60.31,59.14,59.14,62263.0,60.126
2026-05-21 10:10:00-04:00,59.48,59.8,59.14,59.66,15056.0,59.37
2026-05-21 10:11:00-04:00,59.51,60.16,59.51,60.07,13378.0,59.872
2026-05-21 10:12:00-04:00,59.85,60.17,59.85,60.17,6477.0,59.998
2026-05-21 10:13:00-04:00,60.17,60.41,60.07,60.34,9670.0,60.239
2026-05-21 10:14:00-04:00,60.35,60.39,60.09,60.15,20551.0,60.279
2026-05-21 10:15:00-04:00,60.15,60.31,59.21,59.21,45091.0,59.806
2026-05-21 10:16:00-04:00,59.21,59.72,59.21,59.63,13880.0,59.584
2026-05-21 10:17:00-04:00,59.55,59.97,59.4,59.43,9252.0,59.686
2026-05-21 10:18:00-04:00,59.41,59.6,59.31,59.5,5654.0,59.443
2026-05-21 10:19:00-04:00,59.52,59.54,59.02,59.32,33481.0,59.226
2026-05-21 10:20:00-04:00,59.21,59.43,59.04,59.25,21626.0,59.285
2026-05-21 10:21:00-04:00,59.24,59.27,58.82,59.27,16128.0,59.019
2026-05-21 10:22:00-04:00,59.22,59.25,58.97,59.12,17220.0,59.138
2026-05-21 10:23:00-04:00,59.11,59.12,58.6,58.79,9922.0,58.836
2026-05-21 10:24:00-04:00,58.79,59.06,58.79,58.91,2050.0,58.893
2026-05-21 10:25:00-04:00,58.85,58.86,58.64,58.85,5550.0,58.744
2026-05-21 10:26:00-04:00,58.97,58.97,58.71,58.71,3763.0,58.804
2026-05-21 10:27:00-04:00,58.71,58.89,58.71,58.88,2056.0,58.804
2026-05-21 10:28:00-04:00,58.9,58.95,58.36,58.45,9062.0,58.586
2026-05-21 10:29:00-04:00,58.46,58.71,58.45,58.71,14632.0,58.59
2026-05-21 10:30:00-04:00,58.7,59.21,58.68,59.07,13906.0,59.054
2026-05-21 10:31:00-04:00,59.0,59.05,58.83,58.94,2887.0,58.99
2026-05-21 10:32:00-04:00,58.73,58.91,58.73,58.89,2000.0,58.86
2026-05-21 10:33:00-04:00,58.89,58.89,58.53,58.53,5872.0,58.722
2026-05-21 10:34:00-04:00,58.6,58.8,58.6,58.8,800.0,58.708
2026-05-21 10:35:00-04:00,58.86,59.28,58.8,59.27,4016.0,58.949
2026-05-21 10:36:00-04:00,59.34,59.58,59.19,59.51,5811.0,59.389
2026-05-21 10:37:00-04:00,59.57,59.82,59.54,59.54,2981.0,59.662
2026-05-21 10:38:00-04:00,59.7,59.75,59.6,59.75,16083.0,59.631
2026-05-21 10:39:00-04:00,59.73,59.8,59.65,59.66,3725.0,59.732
2026-05-21 10:40:00-04:00,59.65,59.8,59.65,59.78,1811.0,59.709
2026-05-21 10:41:00-04:00,59.78,59.87,59.73,59.79,4350.0,59.791
2026-05-21 10:42:00-04:00,59.85,59.85,59.63,59.8,5220.0,59.773
2026-05-21 10:43:00-04:00,59.87,59.87,59.74,59.82,2000.0,59.784
2026-05-21 10:44:00-04:00,59.73,59.86,59.73,59.85,7174.0,59.784
2026-05-21 10:45:00-04:00,59.84,59.88,59.7,59.85,8465.0,59.791
2026-05-21 10:46:00-04:00,59.77,59.77,59.54,59.54,3056.0,59.619
2026-05-21 10:47:00-04:00,59.39,59.46,59.39,59.4,2353.0,59.405
2026-05-21 10:48:00-04:00,59.42,59.44,59.26,59.33,2856.0,59.37
2026-05-21 10:49:00-04:00,59.27,59.27,59.06,59.12,12004.0,59.131
2026-05-21 10:50:00-04:00,59.06,59.22,58.99,59.21,3917.0,59.086
2026-05-21 10:51:00-04:00,59.1,59.31,58.8,59.31,6416.0,58.939
2026-05-21 10:52:00-04:00,59.19,59.49,59.19,59.41,2820.0,59.278
2026-05-21 10:53:00-04:00,59.49,59.66,59.49,59.52,2603.0,59.589
2026-05-21 10:54:00-04:00,59.48,59.49,59.3,59.45,2150.0,59.394
2026-05-21 10:55:00-04:00,59.46,59.79,59.46,59.59,2572.0,59.627
2026-05-21 10:56:00-04:00,59.7,59.9,59.65,59.65,2941.0,59.801
2026-05-21 10:57:00-04:00,59.59,59.71,59.58,59.71,450.0,59.641
2026-05-21 10:58:00-04:00,59.71,59.79,59.54,59.71,2967.0,59.706
2026-05-21 10:59:00-04:00,59.71,59.78,59.59,59.72,3065.0,59.683
2026-05-21 11:00:00-04:00,59.68,59.78,59.51,59.64,5399.0,59.629
2026-05-21 11:01:00-04:00,59.74,59.74,59.58,59.65,2200.0,59.693
2026-05-21 11:02:00-04:00,59.75,60.3,59.74,60.0,13578.0,60.024
2026-05-21 11:03:00-04:00,60.17,60.26,59.97,60.15,4824.0,60.043
2026-05-21 11:04:00-04:00,60.15,60.6,60.15,60.43,13194.0,60.425
2026-05-21 11:05:00-04:00,60.35,60.35,60.12,60.12,4534.0,60.218
2026-05-21 11:06:00-04:00,60.21,60.35,60.18,60.18,3400.0,60.257
2026-05-21 11:07:00-04:00,60.15,60.28,60.06,60.28,1740.0,60.162
2026-05-21 11:08:00-04:00,60.12,60.32,60.12,60.27,4033.0,60.257
2026-05-21 11:09:00-04:00,60.22,60.39,60.2,60.33,9920.0,60.308
2026-05-21 11:10:00-04:00,60.32,60.35,60.07,60.3,35278.0,60.208
2026-05-21 11:11:00-04:00,60.33,60.33,60.1,60.19,7067.0,60.177
2026-05-21 11:12:00-04:00,60.11,60.31,60.1,60.31,5734.0,60.21
2026-05-21 11:13:00-04:00,60.35,60.8,60.28,60.76,19328.0,60.513
2026-05-21 11:14:00-04:00,60.77,60.9,60.53,60.58,15165.0,60.768
2026-05-21 11:15:00-04:00,60.65,60.78,60.41,60.41,6570.0,60.592
2026-05-21 11:16:00-04:00,60.46,60.56,60.36,60.5,6992.0,60.498
2026-05-21 11:17:00-04:00,60.4,60.77,60.4,60.66,5402.0,60.597
2026-05-21 11:18:00-04:00,60.6,60.78,60.45,60.53,10227.0,60.658
2026-05-21 11:19:00-04:00,60.54,60.85,60.54,60.81,2539.0,60.712
2026-05-21 11:20:00-04:00,60.81,60.82,60.72,60.73,5792.0,60.755
2026-05-21 11:21:00-04:00,60.73,60.74,60.34,60.34,8884.0,60.568
2026-05-21 11:22:00-04:00,60.47,60.53,60.34,60.37,3317.0,60.44
2026-05-21 11:23:00-04:00,60.32,60.37,60.2,60.36,3958.0,60.303
2026-05-21 11:24:00-04:00,60.36,60.36,60.05,60.06,4287.0,60.248
2026-05-21 11:25:00-04:00,60.13,60.26,60.11,60.13,6504.0,60.165
2026-05-21 11:26:00-04:00,60.21,60.34,60.19,60.28,3874.0,60.262
2026-05-21 11:27:00-04:00,60.34,60.53,60.33,60.52,6349.0,60.441
2026-05-21 11:28:00-04:00,60.49,60.55,60.4,60.48,4884.0,60.473
2026-05-21 11:29:00-04:00,60.48,60.52,60.31,60.31,2703.0,60.461
2026-05-21 11:30:00-04:00,60.33,60.33,60.08,60.23,6095.0,60.12
2026-05-21 11:31:00-04:00,60.16,60.27,60.04,60.2,2451.0,60.168
2026-05-21 11:32:00-04:00,60.09,60.23,60.07,60.23,4544.0,60.119
2026-05-21 11:33:00-04:00,60.2,60.23,60.11,60.17,2846.0,60.159
2026-05-21 11:34:00-04:00,60.11,60.23,59.68,59.69,21807.0,59.995
2026-05-21 11:35:00-04:00,59.64,59.81,59.51,59.81,4325.0,59.65
2026-05-21 11:36:00-04:00,59.82,60.23,59.82,60.17,5352.0,60.05
2026-05-21 11:37:00-04:00,60.18,60.21,60.03,60.13,3276.0,60.149
2026-05-21 11:38:00-04:00,60.06,60.25,60.05,60.18,5241.0,60.182
2026-05-21 11:39:00-04:00,60.15,60.19,60.11,60.11,2650.0,60.13
2026-05-21 11:40:00-04:00,60.08,60.08,59.91,59.91,8689.0,60.025
2026-05-21 11:41:00-04:00,59.98,60.14,59.98,60.14,1666.0,60.073
2026-05-21 11:42:00-04:00,60.17,60.33,59.97,60.15,5527.0,60.136
2026-05-21 11:43:00-04:00,60.42,60.5,60.28,60.42,12482.0,60.484
2026-05-21 11:44:00-04:00,60.35,60.35,60.28,60.34,2008.0,60.335
2026-05-21 11:45:00-04:00,60.34,60.41,60.18,60.18,3885.0,60.27
2026-05-21 11:46:00-04:00,60.2,60.5,60.2,60.42,12905.0,60.394
2026-05-21 11:47:00-04:00,60.42,60.6,60.42,60.56,4940.0,60.558
2026-05-21 11:48:00-04:00,60.5,60.9,60.5,60.81,13931.0,60.653
2026-05-21 11:49:00-04:00,60.83,60.85,60.66,60.66,3647.0,60.769
2026-05-21 11:50:00-04:00,60.7,60.7,60.5,60.64,2810.0,60.662
2026-05-21 11:51:00-04:00,60.62,60.75,60.48,60.59,1600.0,60.612
2026-05-21 11:52:00-04:00,60.67,60.76,60.62,60.63,1850.0,60.681
2026-05-21 11:53:00-04:00,60.75,60.77,60.25,60.34,7274.0,60.524
2026-05-21 11:54:00-04:00,60.25,60.66,60.25,60.6,1363.0,60.546
2026-05-21 11:55:00-04:00,60.59,60.66,60.32,60.41,3302.0,60.51
2026-05-21 11:56:00-04:00,60.52,60.6,60.37,60.37,4637.0,60.492
2026-05-21 11:57:00-04:00,60.4,61.39,60.26,61.37,54838.0,60.931
2026-05-21 11:58:00-04:00,61.35,61.43,60.93,61.42,16193.0,61.215
2026-05-21 11:59:00-04:00,61.47,61.49,61.01,61.2,32498.0,61.332
2026-05-21 12:00:00-04:00,61.2,61.43,61.18,61.36,6001.0,61.253
2026-05-21 12:01:00-04:00,61.43,61.54,61.36,61.44,11763.0,61.47
2026-05-21 12:02:00-04:00,61.47,61.8,61.44,61.69,30330.0,61.636
2026-05-21 12:03:00-04:00,61.69,62.48,61.59,62.33,102705.0,62.26
2026-05-21 12:04:00-04:00,62.42,62.43,62.23,62.31,11772.0,62.312
2026-05-21 12:05:00-04:00,62.33,62.45,62.13,62.21,12951.0,62.305
2026-05-21 12:06:00-04:00,62.21,62.47,62.2,62.44,11768.0,62.393
2026-05-21 12:07:00-04:00,62.29,62.63,62.29,62.54,32169.0,62.532
2026-05-21 12:08:00-04:00,62.63,62.89,62.45,62.6,15732.0,62.68
2026-05-21 12:09:00-04:00,62.51,62.63,62.37,62.57,14919.0,62.467
2026-05-21 12:10:00-04:00,62.54,62.72,62.4,62.66,27756.0,62.599
2026-05-21 12:11:00-04:00,62.6,63.2,62.4,62.85,55008.0,62.851
2026-05-21 12:12:00-04:00,62.92,63.19,62.83,63.19,15691.0,63.006
2026-05-21 12:13:00-04:00,63.16,63.36,62.95,63.25,14237.0,63.155
2026-05-21 12:14:00-04:00,63.22,63.22,62.42,62.6,12577.0,62.832
2026-05-21 12:15:00-04:00,62.6,62.76,62.44,62.75,20566.0,62.587
2026-05-21 12:16:00-04:00,62.86,63.15,62.61,62.61,12778.0,62.892
2026-05-21 12:17:00-04:00,62.67,62.87,62.45,62.53,7982.0,62.649
2026-05-21 12:18:00-04:00,62.54,62.62,62.39,62.6,9719.0,62.53
2026-05-21 12:19:00-04:00,62.64,62.74,62.51,62.58,1140.0,62.637
2026-05-21 12:20:00-04:00,62.56,62.62,62.25,62.36,9123.0,62.435
2026-05-21 12:21:00-04:00,62.32,62.41,62.05,62.41,34179.0,62.194
2026-05-21 12:22:00-04:00,62.32,62.39,62.16,62.16,4782.0,62.293
2026-05-21 12:23:00-04:00,62.33,62.46,62.2,62.44,4110.0,62.306
2026-05-21 12:24:00-04:00,62.35,62.6,62.35,62.57,17694.0,62.515
2026-05-21 12:25:00-04:00,62.52,62.75,62.51,62.74,3199.0,62.666
2026-05-21 12:26:00-04:00,62.8,63.01,62.78,62.85,14932.0,62.88
2026-05-21 12:27:00-04:00,62.92,62.93,62.6,62.64,7857.0,62.701
2026-05-21 12:28:00-04:00,62.67,62.84,62.46,62.83,12732.0,62.692
2026-05-21 12:29:00-04:00,62.92,63.59,62.89,63.44,20560.0,63.362
2026-05-21 12:30:00-04:00,63.34,63.44,63.11,63.4,6510.0,63.262
2026-05-21 12:31:00-04:00,63.45,63.68,63.43,63.59,8577.0,63.558
2026-05-21 12:32:00-04:00,63.61,63.75,63.53,63.72,15684.0,63.636
2026-05-21 12:33:00-04:00,63.7,63.74,63.54,63.67,14686.0,63.647
2026-05-21 12:34:00-04:00,63.66,63.95,63.56,63.82,16521.0,63.782
2026-05-21 12:35:00-04:00,63.87,63.95,63.67,63.91,6977.0,63.848
2026-05-21 12:36:00-04:00,63.9,64.18,63.82,63.96,14501.0,64.004
2026-05-21 12:37:00-04:00,63.99,64.26,63.98,64.2,11081.0,64.158
2026-05-21 12:38:00-04:00,64.2,64.54,64.2,64.34,12438.0,64.374
2026-05-21 12:39:00-04:00,64.45,64.51,64.27,64.46,12921.0,64.389
2026-05-21 12:40:00-04:00,64.31,64.78,64.2,64.71,31723.0,64.577
2026-05-21 12:41:00-04:00,64.64,64.83,64.6,64.83,10912.0,64.726
2026-05-21 12:42:00-04:00,64.75,65.16,64.74,64.98,44563.0,65.003
2026-05-21 12:43:00-04:00,64.86,64.99,64.17,64.24,73562.0,64.704
2026-05-21 12:44:00-04:00,64.39,64.93,64.31,64.93,16407.0,64.579
2026-05-21 12:45:00-04:00,64.77,65.16,64.66,64.84,6900.0,64.901
2026-05-21 12:46:00-04:00,64.83,64.98,64.64,64.69,14160.0,64.765
2026-05-21 12:47:00-04:00,64.69,64.87,64.51,64.58,6064.0,64.718
2026-05-21 12:48:00-04:00,64.51,64.7,64.45,64.57,12099.0,64.551
2026-05-21 12:49:00-04:00,64.45,64.6,64.28,64.35,17043.0,64.422
2026-05-21 12:50:00-04:00,64.35,64.42,63.94,63.95,20781.0,64.17
2026-05-21 12:51:00-04:00,63.95,64.57,63.95,64.57,11981.0,64.275
2026-05-21 12:52:00-04:00,64.49,64.64,64.35,64.43,13620.0,64.595
2026-05-21 12:53:00-04:00,64.21,64.21,63.67,63.73,16168.0,63.869
2026-05-21 12:54:00-04:00,63.67,63.79,63.36,63.59,13986.0,63.577
2026-05-21 12:55:00-04:00,63.7,63.72,63.36,63.6,8824.0,63.609
2026-05-21 12:56:00-04:00,63.6,64.0,63.59,63.99,13722.0,63.797
2026-05-21 12:57:00-04:00,63.77,64.04,63.77,63.79,1701.0,63.908
2026-05-21 12:58:00-04:00,63.82,63.82,63.41,63.75,5582.0,63.704
2026-05-21 12:59:00-04:00,63.76,63.9,63.6,63.81,4864.0,63.751
2026-05-21 13:00:00-04:00,63.87,64.1,63.53,64.09,4647.0,63.842
2026-05-21 13:01:00-04:00,63.96,64.1,63.87,64.05,4102.0,63.999
2026-05-21 13:02:00-04:00,63.95,64.18,63.95,64.13,2980.0,64.078
2026-05-21 13:03:00-04:00,64.02,64.07,63.76,63.81,4253.0,63.93
2026-05-21 13:04:00-04:00,63.93,64.03,63.9,63.93,1657.0,63.951
2026-05-21 13:05:00-04:00,63.91,64.07,63.9,64.0,2556.0,63.974
2026-05-21 13:06:00-04:00,63.84,64.05,63.53,63.54,6101.0,63.748
2026-05-21 13:07:00-04:00,63.7,63.88,63.57,63.72,2833.0,63.767
2026-05-21 13:08:00-04:00,63.63,63.82,63.62,63.82,742.0,63.706
2026-05-21 13:09:00-04:00,63.78,63.78,63.63,63.75,4000.0,63.748
2026-05-21 13:10:00-04:00,63.75,64.27,63.75,64.24,20271.0,64.057
2026-05-21 13:11:00-04:00,64.4,64.5,64.3,64.34,11345.0,64.417
2026-05-21 13:12:00-04:00,64.35,64.35,64.0,64.21,5183.0,64.182
2026-05-21 13:13:00-04:00,64.16,64.31,64.03,64.07,2797.0,64.188
2026-05-21 13:14:00-04:00,64.07,64.07,63.6,63.9,8329.0,63.805
2026-05-21 13:15:00-04:00,63.72,63.89,63.72,63.89,3914.0,63.806
2026-05-21 13:16:00-04:00,63.89,64.15,63.88,64.14,4981.0,64.012
2026-05-21 13:17:00-04:00,64.11,64.3,63.78,63.81,8593.0,64.077
2026-05-21 13:18:00-04:00,63.77,63.87,63.61,63.87,2791.0,63.742
2026-05-21 13:19:00-04:00,63.92,63.98,63.82,63.89,3165.0,63.907
2026-05-21 13:20:00-04:00,63.89,64.0,63.81,63.99,5468.0,63.952
2026-05-21 13:21:00-04:00,63.91,64.38,63.77,64.18,27135.0,64.013
2026-05-21 13:22:00-04:00,64.23,64.23,64.1,64.21,2695.0,64.166
2026-05-21 13:23:00-04:00,64.11,64.19,63.72,63.88,11990.0,63.865
2026-05-21 13:24:00-04:00,64.2,64.49,64.2,64.49,2110.0,64.256
2026-05-21 13:25:00-04:00,64.49,64.5,64.22,64.49,14371.0,64.384
2026-05-21 13:26:00-04:00,64.52,64.58,64.47,64.58,2569.0,64.529
2026-05-21 13:27:00-04:00,64.5,64.51,64.13,64.13,7322.0,64.365
2026-05-21 13:28:00-04:00,64.33,64.6,64.33,64.5,2130.0,64.502
2026-05-21 13:29:00-04:00,64.49,64.62,64.26,64.62,3852.0,64.477
2026-05-21 13:30:00-04:00,64.54,64.9,64.4,64.8,12762.0,64.679
2026-05-21 13:31:00-04:00,64.88,64.94,64.78,64.86,7681.0,64.866
2026-05-21 13:32:00-04:00,64.82,65.0,64.7,64.74,23811.0,64.937
2026-05-21 13:33:00-04:00,64.78,64.84,64.69,64.79,3665.0,64.761
2026-05-21 13:34:00-04:00,64.74,64.74,64.37,64.55,8411.0,64.522
2026-05-21 13:35:00-04:00,64.61,64.72,64.42,64.71,6683.0,64.697
2026-05-21 13:36:00-04:00,64.69,64.72,64.45,64.66,6045.0,64.604
2026-05-21 13:37:00-04:00,64.66,64.66,64.16,64.29,6011.0,64.448
2026-05-21 13:38:00-04:00,64.28,64.43,64.28,64.28,2205.0,64.353
2026-05-21 13:39:00-04:00,64.24,64.25,64.06,64.16,7015.0,64.129
2026-05-21 13:40:00-04:00,64.16,64.23,64.11,64.14,4500.0,64.177
2026-05-21 13:41:00-04:00,64.14,64.15,63.9,63.99,7230.0,64.017
2026-05-21 13:42:00-04:00,64.02,64.03,63.75,63.85,9552.0,63.853
2026-05-21 13:43:00-04:00,63.85,63.86,63.8,63.84,1955.0,63.848
2026-05-21 13:44:00-04:00,63.88,63.94,63.77,63.77,11408.0,63.887
2026-05-21 13:45:00-04:00,63.8,64.0,63.77,63.81,7548.0,63.887
2026-05-21 13:46:00-04:00,63.97,64.03,63.85,63.86,8944.0,63.977
2026-05-21 13:47:00-04:00,63.85,63.91,63.8,63.9,2837.0,63.869
2026-05-21 13:48:00-04:00,63.85,63.9,63.65,63.73,6348.0,63.8
2026-05-21 13:49:00-04:00,63.74,63.85,63.69,63.82,5536.0,63.782
2026-05-21 13:50:00-04:00,63.85,63.95,63.64,63.8,6767.0,63.744
2026-05-21 13:51:00-04:00,63.8,63.9,63.69,63.69,3077.0,63.791
2026-05-21 13:52:00-04:00,63.8,63.94,63.69,63.69,5304.0,63.807
2026-05-21 13:53:00-04:00,63.75,63.87,63.42,63.56,24944.0,63.65
2026-05-21 13:54:00-04:00,63.56,63.74,63.52,63.74,5912.0,63.583
2026-05-21 13:55:00-04:00,63.83,64.0,63.82,63.99,13922.0,63.977
2026-05-21 13:56:00-04:00,63.85,63.99,63.8,63.99,6963.0,63.863
2026-05-21 13:57:00-04:00,63.85,64.0,63.85,63.98,8920.0,63.895
2026-05-21 13:58:00-04:00,63.88,64.34,63.81,63.99,16994.0,64.058
2026-05-21 13:59:00-04:00,63.99,64.18,63.98,64.01,1504.0,64.053
2026-05-21 14:00:00-04:00,64.11,64.15,63.95,64.02,3160.0,64.071
2026-05-21 14:01:00-04:00,63.96,64.02,63.29,63.51,18700.0,63.579
2026-05-21 14:02:00-04:00,63.52,63.53,63.5,63.52,1250.0,63.518
2026-05-21 14:03:00-04:00,63.54,63.59,63.52,63.58,1408.0,63.537
2026-05-21 14:04:00-04:00,63.54,63.59,63.46,63.53,4250.0,63.534
2026-05-21 14:05:00-04:00,63.48,63.54,63.35,63.35,7688.0,63.394
2026-05-21 14:06:00-04:00,63.46,63.7,63.4,63.43,7595.0,63.532
2026-05-21 14:07:00-04:00,63.47,63.61,63.47,63.6,2707.0,63.563
2026-05-21 14:08:00-04:00,63.59,63.71,63.59,63.63,8232.0,63.668
2026-05-21 14:09:00-04:00,63.69,63.69,63.38,63.38,5853.0,63.523
2026-05-21 14:10:00-04:00,63.44,63.58,63.3,63.5,2051.0,63.496
2026-05-21 14:11:00-04:00,63.35,63.57,63.3,63.48,4375.0,63.37
2026-05-21 14:12:00-04:00,63.4,63.48,63.3,63.38,15319.0,63.383
2026-05-21 14:13:00-04:00,63.39,63.45,63.39,63.45,1641.0,63.426
2026-05-21 14:14:00-04:00,63.48,63.82,63.41,63.44,22039.0,63.635
2026-05-21 14:15:00-04:00,63.34,63.44,63.33,63.36,6627.0,63.367
2026-05-21 14:16:00-04:00,63.42,63.67,63.39,63.39,5597.0,63.446
2026-05-21 14:17:00-04:00,63.52,63.52,63.39,63.48,1392.0,63.476
2026-05-21 14:18:00-04:00,63.63,63.65,63.39,63.65,4777.0,63.499
2026-05-21 14:19:00-04:00,63.72,63.82,63.67,63.7,3302.0,63.774
2026-05-21 14:20:00-04:00,63.67,63.7,62.95,63.02,46125.0,63.162
2026-05-21 14:21:00-04:00,63.01,63.04,62.72,62.83,29833.0,62.867
2026-05-21 14:22:00-04:00,62.74,62.9,62.74,62.9,11345.0,62.868
2026-05-21 14:23:00-04:00,62.75,63.0,62.74,63.0,23039.0,62.923
2026-05-21 14:24:00-04:00,62.99,63.24,62.99,63.17,7886.0,63.143
2026-05-21 14:25:00-04:00,63.33,63.43,63.25,63.33,6900.0,63.33
2026-05-21 14:26:00-04:00,63.41,63.46,63.23,63.31,8644.0,63.362
2026-05-21 14:27:00-04:00,63.17,63.17,63.11,63.11,1500.0,63.13
2026-05-21 14:28:00-04:00,63.09,63.37,63.09,63.29,14282.0,63.278
2026-05-21 14:29:00-04:00,63.36,63.37,63.11,63.23,5640.0,63.27
2026-05-21 14:30:00-04:00,63.23,63.35,63.16,63.33,6484.0,63.24
2026-05-21 14:31:00-04:00,63.33,63.68,63.33,63.54,33027.0,63.487
2026-05-21 14:32:00-04:00,63.43,63.57,63.28,63.3,5690.0,63.377
2026-05-21 14:33:00-04:00,63.41,63.42,62.92,63.02,12981.0,62.967
2026-05-21 14:34:00-04:00,62.96,63.0,62.9,62.97,3751.0,62.966
2026-05-21 14:35:00-04:00,62.97,63.14,62.96,62.97,9742.0,63.011
2026-05-21 14:36:00-04:00,62.99,63.08,62.89,62.95,4634.0,62.945
2026-05-21 14:37:00-04:00,62.99,63.08,62.99,63.07,3520.0,63.064
2026-05-21 14:38:00-04:00,63.12,63.2,63.07,63.11,12533.0,63.097
2026-05-21 14:39:00-04:00,63.21,63.89,63.11,63.64,57423.0,63.529
2026-05-21 14:40:00-04:00,63.6,63.68,63.01,63.25,25981.0,63.322
2026-05-21 14:41:00-04:00,63.24,63.67,63.22,63.55,22071.0,63.359
2026-05-21 14:42:00-04:00,63.55,63.56,63.37,63.43,14185.0,63.424
2026-05-21 14:43:00-04:00,63.43,63.53,63.34,63.41,10835.0,63.435
2026-05-21 14:44:00-04:00,63.42,63.44,63.27,63.3,2650.0,63.33
2026-05-21 14:45:00-04:00,63.3,63.34,62.94,62.94,49168.0,63.219
2026-05-21 14:46:00-04:00,62.91,63.15,62.82,62.82,14457.0,63.025
2026-05-21 14:47:00-04:00,62.89,63.07,62.78,62.95,23197.0,62.952
2026-05-21 14:48:00-04:00,62.86,63.15,62.86,63.08,8343.0,62.986
2026-05-21 14:49:00-04:00,63.1,63.15,63.1,63.13,2486.0,63.13
2026-05-21 14:50:00-04:00,62.97,63.27,62.93,62.96,6085.0,63.052
2026-05-21 14:51:00-04:00,62.9,62.9,62.59,62.83,10644.0,62.74
2026-05-21 14:52:00-04:00,62.88,62.88,62.57,62.78,6214.0,62.704
2026-05-21 14:53:00-04:00,62.71,62.8,62.61,62.66,9273.0,62.709
2026-05-21 14:54:00-04:00,62.69,62.86,62.51,62.76,20091.0,62.723
2026-05-21 14:55:00-04:00,62.74,62.89,62.72,62.82,4530.0,62.771
2026-05-21 14:56:00-04:00,62.78,62.9,62.73,62.82,5584.0,62.831
2026-05-21 14:57:00-04:00,62.88,63.02,62.77,63.01,19458.0,62.883
2026-05-21 14:58:00-04:00,62.94,62.94,62.86,62.86,2568.0,62.892
2026-05-21 14:59:00-04:00,62.82,63.08,62.74,62.98,20903.0,62.963
2026-05-21 15:00:00-04:00,63.01,63.27,62.97,63.08,28063.0,63.052
2026-05-21 15:01:00-04:00,63.29,63.3,63.11,63.21,8522.0,63.207
2026-05-21 15:02:00-04:00,63.2,63.23,62.78,62.78,17848.0,62.954
2026-05-21 15:03:00-04:00,62.85,63.09,62.84,63.04,25586.0,63.024
2026-05-21 15:04:00-04:00,63.05,63.2,62.99,63.2,9399.0,63.092
2026-05-21 15:05:00-04:00,63.2,63.2,62.95,62.97,6994.0,63.019
2026-05-21 15:06:00-04:00,62.97,63.02,62.95,62.97,10425.0,62.97
2026-05-21 15:07:00-04:00,62.97,63.06,62.88,62.95,24718.0,62.961
2026-05-21 15:08:00-04:00,62.97,63.16,62.97,63.16,14187.0,63.023
2026-05-21 15:09:00-04:00,63.19,63.25,63.1,63.13,5960.0,63.17
2026-05-21 15:10:00-04:00,63.15,63.3,63.15,63.24,6250.0,63.241
2026-05-21 15:11:00-04:00,63.27,63.34,63.14,63.21,12093.0,63.27
2026-05-21 15:12:00-04:00,63.16,63.21,63.07,63.18,13118.0,63.142
2026-05-21 15:13:00-04:00,63.15,63.27,63.15,63.2,2684.0,63.212
2026-05-21 15:14:00-04:00,63.22,63.26,63.07,63.15,9293.0,63.137
2026-05-21 15:15:00-04:00,63.23,63.26,63.16,63.16,8680.0,63.194
2026-05-21 15:16:00-04:00,63.11,63.17,63.08,63.08,6945.0,63.123
2026-05-21 15:17:00-04:00,63.08,63.08,62.57,62.68,52676.0,62.812
2026-05-21 15:18:00-04:00,62.7,62.79,62.69,62.75,3805.0,62.719
2026-05-21 15:19:00-04:00,62.77,62.84,62.73,62.84,7355.0,62.796
2026-05-21 15:20:00-04:00,62.84,63.09,62.7,63.09,13012.0,62.814
2026-05-21 15:21:00-04:00,63.01,63.02,62.76,62.79,5747.0,62.895
2026-05-21 15:22:00-04:00,62.8,62.93,62.8,62.88,10446.0,62.897
2026-05-21 15:23:00-04:00,62.98,63.25,62.81,63.13,14699.0,63.036
2026-05-21 15:24:00-04:00,63.12,63.2,62.97,63.18,16111.0,63.142
2026-05-21 15:25:00-04:00,63.19,63.2,63.07,63.07,9217.0,63.149
2026-05-21 15:26:00-04:00,63.08,63.13,62.96,63.04,3614.0,63.015
2026-05-21 15:27:00-04:00,62.97,63.02,62.87,62.87,4526.0,62.921
2026-05-21 15:28:00-04:00,62.94,62.97,62.87,62.92,3846.0,62.913
2026-05-21 15:29:00-04:00,62.96,63.11,62.92,63.05,16293.0,63.005
2026-05-21 15:30:00-04:00,63.05,63.24,63.02,63.23,18271.0,63.116
2026-05-21 15:31:00-04:00,63.23,63.8,63.2,63.57,45744.0,63.519
2026-05-21 15:32:00-04:00,63.49,63.49,63.3,63.38,8429.0,63.39
2026-05-21 15:33:00-04:00,63.38,63.5,63.26,63.39,18934.0,63.374
2026-05-21 15:34:00-04:00,63.47,63.54,63.35,63.35,27448.0,63.468
2026-05-21 15:35:00-04:00,63.38,63.61,63.31,63.49,36511.0,63.402
2026-05-21 15:36:00-04:00,63.49,63.57,63.43,63.52,11171.0,63.506
2026-05-21 15:37:00-04:00,63.52,63.64,63.5,63.54,24738.0,63.549
2026-05-21 15:38:00-04:00,63.57,63.69,63.49,63.64,13771.0,63.591
2026-05-21 15:39:00-04:00,63.65,63.84,63.64,63.77,23726.0,63.763
2026-05-21 15:40:00-04:00,63.77,64.0,63.75,63.79,14310.0,63.838
2026-05-21 15:41:00-04:00,63.77,64.01,63.74,63.75,50169.0,63.875
2026-05-21 15:42:00-04:00,63.75,63.75,63.46,63.52,13793.0,63.55
2026-05-21 15:43:00-04:00,63.52,63.76,63.51,63.74,24022.0,63.592
2026-05-21 15:44:00-04:00,63.63,63.71,63.55,63.71,6936.0,63.622
2026-05-21 15:45:00-04:00,63.71,63.71,63.54,63.63,18833.0,63.639
2026-05-21 15:46:00-04:00,63.63,63.7,63.63,63.7,7463.0,63.671
2026-05-21 15:47:00-04:00,63.67,63.87,63.59,63.8,30586.0,63.707
2026-05-21 15:48:00-04:00,63.88,64.2,63.88,64.2,9165.0,64.034
2026-05-21 15:49:00-04:00,64.2,64.2,63.79,63.88,17155.0,63.995
2026-05-21 15:50:00-04:00,63.85,63.91,63.68,63.77,66731.0,63.849
2026-05-21 15:51:00-04:00,63.77,63.8,63.35,63.7,30875.0,63.591
2026-05-21 15:52:00-04:00,63.81,63.81,63.51,63.71,13893.0,63.62
2026-05-21 15:53:00-04:00,63.64,63.65,63.35,63.39,68668.0,63.568
2026-05-21 15:54:00-04:00,63.33,63.5,63.1,63.2,36622.0,63.255
2026-05-21 15:55:00-04:00,63.25,63.25,62.91,62.91,48639.0,63.08
2026-05-21 15:56:00-04:00,62.86,62.95,62.81,62.84,39314.0,62.866
2026-05-21 15:57:00-04:00,62.87,63.01,62.85,62.94,46288.0,62.912
2026-05-21 15:58:00-04:00,62.91,62.95,62.74,62.86,71879.0,62.827
2026-05-21 15:59:00-04:00,62.85,63.09,62.82,62.93,98408.0,62.921
2026-05-22 09:30:00-04:00,62.8,62.8,60.82,60.97,113243.0,61.742
2026-05-22 09:31:00-04:00,60.66,61.85,60.26,61.48,26073.0,60.934
2026-05-22 09:32:00-04:00,61.49,62.0,61.28,61.44,34082.0,61.702
2026-05-22 09:33:00-04:00,61.6,61.6,59.12,59.42,81041.0,60.023
2026-05-22 09:34:00-04:00,59.19,60.28,58.76,58.98,58817.0,59.405
2026-05-22 09:35:00-04:00,58.99,59.54,58.5,59.23,52575.0,59.098
2026-05-22 09:36:00-04:00,59.5,59.9,59.3,59.48,33962.0,59.575
2026-05-22 09:37:00-04:00,59.47,59.92,59.09,59.4,25916.0,59.433
2026-05-22 09:38:00-04:00,59.4,59.59,58.9,59.32,41850.0,59.211
2026-05-22 09:39:00-04:00,59.48,59.67,59.01,59.29,40941.0,59.415
2026-05-22 09:40:00-04:00,59.34,59.61,59.28,59.52,7937.0,59.44
2026-05-22 09:41:00-04:00,59.65,60.43,59.65,60.37,32663.0,60.094
2026-05-22 09:42:00-04:00,60.44,60.5,60.06,60.5,22875.0,60.351
2026-05-22 09:43:00-04:00,60.3,60.8,60.18,60.8,9925.0,60.58
2026-05-22 09:44:00-04:00,60.75,60.98,60.56,60.96,13702.0,60.766
2026-05-22 09:45:00-04:00,60.98,61.4,60.95,61.02,40627.0,61.222
2026-05-22 09:46:00-04:00,60.76,61.28,60.76,61.05,22965.0,61.151
2026-05-22 09:47:00-04:00,61.05,61.25,60.72,61.19,26256.0,61.03
2026-05-22 09:48:00-04:00,61.12,61.78,61.11,61.52,17176.0,61.524
2026-05-22 09:49:00-04:00,61.65,61.88,61.33,61.81,22586.0,61.607
2026-05-22 09:50:00-04:00,61.8,61.99,61.3,61.54,44922.0,61.576
2026-05-22 09:51:00-04:00,61.72,62.04,61.6,61.91,12673.0,61.892
2026-05-22 09:52:00-04:00,61.75,62.1,61.67,62.04,33721.0,61.911
2026-05-22 09:53:00-04:00,62.02,62.7,62.02,62.67,11520.0,62.317
2026-05-22 09:54:00-04:00,62.27,62.8,62.27,62.6,18705.0,62.589
2026-05-22 09:55:00-04:00,62.6,63.07,62.53,62.75,43729.0,62.869
2026-05-22 09:56:00-04:00,62.7,63.2,62.42,63.04,47120.0,62.774
2026-05-22 09:57:00-04:00,63.15,63.15,62.5,62.5,8042.0,62.789
2026-05-22 09:58:00-04:00,62.61,62.61,62.29,62.32,3261.0,62.438
2026-05-22 09:59:00-04:00,62.44,62.89,62.44,62.8,10852.0,62.73
2026-05-22 10:00:00-04:00,63.0,63.1,62.8,62.8,10693.0,62.975
2026-05-22 10:01:00-04:00,62.95,62.95,62.49,62.49,11152.0,62.847
2026-05-22 10:02:00-04:00,62.38,62.5,61.85,62.48,17647.0,62.13
2026-05-22 10:03:00-04:00,62.36,62.51,62.0,62.06,3801.0,62.305
2026-05-22 10:04:00-04:00,62.17,62.23,61.97,62.16,2867.0,62.147
2026-05-22 10:05:00-04:00,62.12,62.19,62.01,62.01,2997.0,62.095
2026-05-22 10:06:00-04:00,62.03,62.19,62.0,62.19,4314.0,62.098
2026-05-22 10:07:00-04:00,62.25,62.3,61.74,61.98,5591.0,61.954
2026-05-22 10:08:00-04:00,61.94,62.0,61.94,62.0,796.0,61.978
2026-05-22 10:09:00-04:00,62.0,62.0,61.4,61.56,3790.0,61.739
2026-05-22 10:10:00-04:00,61.6,62.33,61.6,62.04,22788.0,62.042
2026-05-22 10:11:00-04:00,61.93,62.38,61.67,62.32,9614.0,62.091
2026-05-22 10:12:00-04:00,62.22,62.32,61.99,62.03,3023.0,62.153
2026-05-22 10:13:00-04:00,61.95,62.04,61.6,61.76,13318.0,61.796
2026-05-22 10:14:00-04:00,61.74,61.74,61.29,61.34,10858.0,61.494
2026-05-22 10:15:00-04:00,61.28,61.62,61.2,61.52,6872.0,61.378
2026-05-22 10:16:00-04:00,61.46,61.7,61.22,61.41,10988.0,61.427
2026-05-22 10:17:00-04:00,61.41,61.58,60.9,61.0,46075.0,61.253
2026-05-22 10:18:00-04:00,60.95,61.3,60.9,60.99,7416.0,61.206
2026-05-22 10:19:00-04:00,61.28,61.43,60.78,60.78,20839.0,61.033
2026-05-22 10:20:00-04:00,60.9,60.91,60.55,60.55,25531.0,60.744
2026-05-22 10:21:00-04:00,60.6,60.72,60.49,60.68,20451.0,60.633
2026-05-22 10:22:00-04:00,60.79,61.45,60.66,61.22,15681.0,60.953
2026-05-22 10:23:00-04:00,61.01,61.1,60.8,61.02,6456.0,61.037
2026-05-22 10:24:00-04:00,61.0,61.01,60.73,60.83,7577.0,60.906
2026-05-22 10:25:00-04:00,60.82,60.97,60.72,60.72,1748.0,60.906
2026-05-22 10:26:00-04:00,60.66,60.66,60.15,60.46,12228.0,60.336
2026-05-22 10:27:00-04:00,60.47,60.62,60.38,60.5,7081.0,60.45
2026-05-22 10:28:00-04:00,60.55,60.8,60.55,60.7,4673.0,60.688
2026-05-22 10:29:00-04:00,60.73,60.8,60.62,60.78,5373.0,60.734
2026-05-22 10:30:00-04:00,60.83,61.2,60.83,60.96,15900.0,61.028
2026-05-22 10:31:00-04:00,60.96,61.04,60.81,61.03,2919.0,60.98
2026-05-22 10:32:00-04:00,61.05,61.27,61.01,61.09,12044.0,61.144
2026-05-22 10:33:00-04:00,61.1,61.23,61.1,61.22,2020.0,61.202
2026-05-22 10:34:00-04:00,61.2,61.3,61.05,61.18,18156.0,61.229
2026-05-22 10:35:00-04:00,61.25,61.25,61.1,61.18,3100.0,61.211
2026-05-22 10:36:00-04:00,61.34,61.36,61.25,61.32,4005.0,61.275
2026-05-22 10:37:00-04:00,61.25,61.87,61.25,61.8,5948.0,61.53
2026-05-22 10:38:00-04:00,61.73,61.85,61.49,61.85,12686.0,61.63
2026-05-22 10:39:00-04:00,61.65,61.85,61.65,61.8,5109.0,61.808
2026-05-22 10:40:00-04:00,61.85,61.97,61.66,61.66,4744.0,61.855
2026-05-22 10:41:00-04:00,61.62,61.77,61.62,61.76,951.0,61.714
2026-05-22 10:42:00-04:00,61.81,62.08,61.81,62.02,6264.0,61.953
2026-05-22 10:43:00-04:00,62.0,62.23,61.95,61.95,15342.0,62.075
2026-05-22 10:44:00-04:00,62.03,62.18,61.91,61.91,8990.0,62.096
2026-05-22 10:45:00-04:00,62.03,62.11,62.03,62.11,200.0,62.07
2026-05-22 10:46:00-04:00,61.8,61.84,61.8,61.84,6999.0,61.828
2026-05-22 10:47:00-04:00,61.95,62.57,61.88,62.31,17474.0,62.231
2026-05-22 10:48:00-04:00,62.35,62.55,62.3,62.52,7930.0,62.428
2026-05-22 10:49:00-04:00,62.52,62.52,62.01,62.02,10022.0,62.17
2026-05-22 10:50:00-04:00,62.0,62.02,61.81,62.02,5183.0,61.906
2026-05-22 10:51:00-04:00,61.89,61.95,61.87,61.95,600.0,61.925
2026-05-22 10:52:00-04:00,61.95,62.14,61.94,62.07,1563.0,62.04
2026-05-22 10:53:00-04:00,62.01,62.45,61.82,62.36,7225.0,62.094
2026-05-22 10:54:00-04:00,62.28,62.4,62.11,62.16,3293.0,62.244
2026-05-22 10:55:00-04:00,62.17,62.25,62.17,62.2,3067.0,62.193
2026-05-22 10:56:00-04:00,62.2,62.54,62.2,62.35,11580.0,62.431
2026-05-22 10:57:00-04:00,62.37,62.37,62.26,62.31,4629.0,62.317
2026-05-22 10:58:00-04:00,62.31,62.56,62.17,62.49,7428.0,62.337
2026-05-22 10:59:00-04:00,62.44,62.96,62.43,62.91,14195.0,62.62
2026-05-22 11:00:00-04:00,62.91,62.98,62.54,62.98,7266.0,62.724
2026-05-22 11:01:00-04:00,62.82,62.99,62.63,62.63,4962.0,62.821
2026-05-22 11:02:00-04:00,62.81,62.81,62.33,62.49,7177.0,62.539
2026-05-22 11:03:00-04:00,62.44,62.7,62.33,62.6,7072.0,62.48
2026-05-22 11:04:00-04:00,62.61,62.78,62.61,62.78,900.0,62.747
2026-05-22 11:05:00-04:00,62.69,63.18,62.67,63.0,21638.0,62.991
2026-05-22 11:06:00-04:00,62.92,63.01,62.85,62.93,2293.0,62.965
2026-05-22 11:07:00-04:00,62.94,63.0,62.83,62.83,6136.0,62.932
2026-05-22 11:08:00-04:00,62.75,62.83,62.63,62.66,3563.0,62.678
2026-05-22 11:09:00-04:00,62.65,62.74,62.51,62.65,8037.0,62.575
2026-05-22 11:10:00-04:00,62.65,62.66,62.35,62.35,3187.0,62.514
2026-05-22 11:11:00-04:00,62.41,62.75,62.41,62.72,2758.0,62.619
2026-05-22 11:12:00-04:00,62.56,62.99,62.56,62.96,5698.0,62.772
2026-05-22 11:13:00-04:00,62.94,63.15,62.94,63.09,10058.0,63.049
2026-05-22 11:14:00-04:00,63.09,63.17,63.08,63.13,7162.0,63.116
2026-05-22 11:15:00-04:00,63.11,63.11,62.99,63.06,5497.0,63.053
2026-05-22 11:16:00-04:00,63.02,63.02,62.88,62.95,3490.0,62.926
2026-05-22 11:17:00-04:00,62.95,63.4,62.95,63.11,57529.0,63.147
2026-05-22 11:18:00-04:00,63.15,63.24,62.94,63.06,27455.0,63.099
2026-05-22 11:19:00-04:00,63.06,63.07,62.71,62.85,7370.0,62.893
2026-05-22 11:20:00-04:00,62.88,62.91,62.79,62.8,1347.0,62.839
2026-05-22 11:21:00-04:00,62.8,62.9,62.75,62.9,13495.0,62.853
2026-05-22 11:22:00-04:00,62.85,62.87,62.68,62.8,5000.0,62.782
2026-05-22 11:23:00-04:00,62.85,62.85,62.85,62.85,723.0,62.85
2026-05-22 11:24:00-04:00,62.72,62.73,62.6,62.63,1400.0,62.649
2026-05-22 11:25:00-04:00,62.66,62.66,62.59,62.63,1370.0,62.647
2026-05-22 11:26:00-04:00,62.66,62.66,62.62,62.63,1745.0,62.649
2026-05-22 11:27:00-04:00,62.5,62.5,62.5,62.5,100.0,62.5
2026-05-22 11:28:00-04:00,62.46,62.59,62.46,62.58,3193.0,62.546
2026-05-22 11:29:00-04:00,62.6,62.81,62.6,62.8,1600.0,62.68
2026-05-22 11:30:00-04:00,62.72,62.72,62.6,62.63,1499.0,62.621
2026-05-22 11:31:00-04:00,62.84,62.84,62.5,62.6,3601.0,62.555
2026-05-22 11:32:00-04:00,62.71,62.71,62.64,62.64,1301.0,62.651
2026-05-22 11:33:00-04:00,62.59,62.64,62.51,62.52,2670.0,62.549
2026-05-22 11:34:00-04:00,62.52,62.63,62.51,62.62,2628.0,62.593
2026-05-22 11:35:00-04:00,62.78,62.8,62.57,62.58,1739.0,62.651
2026-05-22 11:36:00-04:00,62.65,62.66,62.05,62.35,9563.0,62.3
2026-05-22 11:37:00-04:00,62.33,62.35,62.17,62.34,2410.0,62.253
2026-05-22 11:38:00-04:00,62.4,62.69,62.38,62.68,4025.0,62.595
2026-05-22 11:39:00-04:00,62.78,62.82,62.71,62.71,1282.0,62.772
2026-05-22 11:40:00-04:00,62.5,62.65,62.5,62.51,836.0,62.526
2026-05-22 11:41:00-04:00,62.45,62.45,61.92,62.03,19276.0,62.235
2026-05-22 11:42:00-04:00,62.16,62.16,61.55,61.65,8688.0,61.788
2026-05-22 11:43:00-04:00,61.69,61.75,61.56,61.67,4960.0,61.646
2026-05-22 11:44:00-04:00,61.67,61.75,61.67,61.74,524.0,61.715
2026-05-22 11:45:00-04:00,61.83,61.83,61.54,61.63,12479.0,61.733
2026-05-22 11:46:00-04:00,61.51,61.52,61.5,61.51,1700.0,61.513
2026-05-22 11:47:00-04:00,61.39,61.5,61.31,61.5,1390.0,61.41
2026-05-22 11:48:00-04:00,61.58,61.58,61.41,61.44,2981.0,61.507
2026-05-22 11:49:00-04:00,61.43,61.5,61.43,61.5,250.0,61.474
2026-05-22 11:50:00-04:00,61.45,61.68,61.39,61.56,8303.0,61.519
2026-05-22 11:51:00-04:00,61.57,61.58,61.32,61.32,3405.0,61.446
2026-05-22 11:52:00-04:00,61.27,61.33,61.27,61.3,2893.0,61.321
2026-05-22 11:53:00-04:00,61.24,61.29,61.15,61.15,1813.0,61.24
2026-05-22 11:54:00-04:00,61.27,61.28,61.19,61.27,800.0,61.263
2026-05-22 11:55:00-04:00,61.23,61.23,61.15,61.16,1400.0,61.161
2026-05-22 11:56:00-04:00,61.14,61.23,61.03,61.23,18235.0,61.089
2026-05-22 11:57:00-04:00,61.26,61.31,61.06,61.22,2400.0,61.261
2026-05-22 11:58:00-04:00,61.25,61.96,61.19,61.89,36640.0,61.492
2026-05-22 11:59:00-04:00,61.85,62.0,61.8,61.82,2385.0,61.858
2026-05-22 12:00:00-04:00,61.75,61.79,61.67,61.69,7844.0,61.688
2026-05-22 12:01:00-04:00,61.83,61.84,61.83,61.83,800.0,61.835
2026-05-22 12:02:00-04:00,61.73,61.74,61.67,61.67,2013.0,61.707
2026-05-22 12:03:00-04:00,61.66,61.75,61.66,61.73,1120.0,61.73
2026-05-22 12:04:00-04:00,61.69,61.76,61.69,61.76,2085.0,61.729
2026-05-22 12:05:00-04:00,61.71,61.85,61.5,61.5,3101.0,61.685
2026-05-22 12:06:00-04:00,61.46,61.5,61.3,61.42,3788.0,61.397
2026-05-22 12:07:00-04:00,61.42,61.43,61.42,61.42,735.0,61.425
2026-05-22 12:08:00-04:00,61.37,61.41,61.32,61.35,860.0,61.365
2026-05-22 12:09:00-04:00,61.22,61.36,61.22,61.26,1904.0,61.279
2026-05-22 12:10:00-04:00,61.47,61.47,61.36,61.36,450.0,61.388
2026-05-22 12:11:00-04:00,61.38,61.38,61.31,61.31,422.0,61.347
2026-05-22 12:12:00-04:00,61.38,61.44,61.3,61.3,1250.0,61.366
2026-05-22 12:13:00-04:00,61.34,61.34,61.2,61.2,2088.0,61.238
2026-05-22 12:14:00-04:00,61.26,61.26,61.26,61.26,200.0,61.26
2026-05-22 12:15:00-04:00,61.32,61.32,61.31,61.31,200.0,61.315
2026-05-22 12:16:00-04:00,61.31,61.44,61.3,61.35,855.0,61.341
2026-05-22 12:17:00-04:00,61.28,61.31,61.28,61.3,459.0,61.291
2026-05-22 12:18:00-04:00,61.31,61.33,61.31,61.32,1100.0,61.314
2026-05-22 12:19:00-04:00,61.32,61.44,61.19,61.32,1900.0,61.368
2026-05-22 12:20:00-04:00,61.34,61.41,61.34,61.4,406.0,61.375
2026-05-22 12:21:00-04:00,61.41,61.52,61.39,61.5,6004.0,61.487
2026-05-22 12:22:00-04:00,61.42,61.57,61.32,61.55,3988.0,61.411
2026-05-22 12:23:00-04:00,61.49,61.68,61.32,61.37,6600.0,61.565
2026-05-22 12:24:00-04:00,61.5,61.51,61.5,61.51,300.0,61.503
2026-05-22 12:25:00-04:00,61.67,61.67,61.48,61.52,1697.0,61.499
2026-05-22 12:26:00-04:00,61.55,61.64,61.48,61.64,1116.0,61.599
2026-05-22 12:27:00-04:00,61.64,61.68,61.53,61.53,1400.0,61.591
2026-05-22 12:28:00-04:00,61.6,61.68,61.6,61.68,500.0,61.623
2026-05-22 12:29:00-04:00,61.61,61.62,61.3,61.5,10416.0,61.423
2026-05-22 12:30:00-04:00,61.46,61.56,61.35,61.51,1350.0,61.482
2026-05-22 12:31:00-04:00,61.43,61.43,61.27,61.34,612.0,61.366
2026-05-22 12:32:00-04:00,61.4,61.41,61.36,61.37,1240.0,61.374
2026-05-22 12:33:00-04:00,61.38,61.4,61.26,61.39,2447.0,61.338
2026-05-22 12:34:00-04:00,61.39,61.5,61.39,61.5,1301.0,61.479
2026-05-22 12:35:00-04:00,61.49,61.9,61.35,61.89,12645.0,61.829
2026-05-22 12:36:00-04:00,62.0,62.1,61.85,62.03,4515.0,62.019
2026-05-22 12:37:00-04:00,62.11,62.11,61.91,61.97,1800.0,62.026
2026-05-22 12:38:00-04:00,61.98,62.01,61.98,62.0,1724.0,61.998
2026-05-22 12:39:00-04:00,61.99,62.0,61.95,61.95,1130.0,61.967
2026-05-22 12:40:00-04:00,62.01,62.1,61.9,62.09,3577.0,61.983
2026-05-22 12:41:00-04:00,62.13,62.14,62.13,62.13,300.0,62.135
2026-05-22 12:42:00-04:00,62.08,62.2,62.08,62.13,2650.0,62.149
2026-05-22 12:43:00-04:00,62.13,62.4,62.0,62.3,3800.0,62.305
2026-05-22 12:44:00-04:00,62.3,62.31,61.99,62.07,3074.0,62.128
2026-05-22 12:45:00-04:00,62.05,62.05,62.05,62.05,189.0,62.05
2026-05-22 12:46:00-04:00,62.03,62.08,61.81,61.85,10435.0,61.9
2026-05-22 12:47:00-04:00,61.9,61.9,61.7,61.77,4945.0,61.813
2026-05-22 12:48:00-04:00,61.73,61.84,61.51,61.65,6478.0,61.785
2026-05-22 12:49:00-04:00,61.65,61.69,61.65,61.65,905.0,61.678
2026-05-22 12:50:00-04:00,61.69,61.71,61.59,61.59,7917.0,61.599
2026-05-22 12:51:00-04:00,61.71,61.74,61.6,61.73,1023.0,61.687
2026-05-22 12:52:00-04:00,61.73,61.73,61.68,61.7,435.0,61.711
2026-05-22 12:53:00-04:00,61.77,61.83,61.73,61.82,1746.0,61.778
2026-05-22 12:54:00-04:00,61.85,62.1,61.73,62.04,10106.0,62.053
2026-05-22 12:55:00-04:00,62.1,62.1,61.79,61.79,1972.0,61.954
2026-05-22 12:56:00-04:00,61.85,62.06,61.72,61.89,9129.0,61.806
2026-05-22 12:57:00-04:00,61.91,62.2,61.8,61.86,7201.0,62.092
2026-05-22 12:58:00-04:00,61.86,61.86,61.86,61.86,0.0,61.86
2026-05-22 12:59:00-04:00,61.91,61.91,61.9,61.9,301.0,61.907
2026-05-22 13:00:00-04:00,61.9,61.9,61.9,61.9,0.0,61.9
2026-05-22 13:01:00-04:00,61.96,61.96,61.84,61.84,1300.0,61.951
2026-05-22 13:02:00-04:00,61.84,61.84,61.84,61.84,0.0,61.84
2026-05-22 13:03:00-04:00,61.98,61.99,61.98,61.98,100.0,61.985
2026-05-22 13:04:00-04:00,61.88,61.88,61.88,61.88,120.0,61.88
2026-05-22 13:05:00-04:00,61.93,61.98,61.73,61.97,7803.0,61.778
2026-05-22 13:06:00-04:00,61.98,61.98,61.97,61.98,1500.0,61.98
2026-05-22 13:07:00-04:00,61.89,61.92,61.83,61.92,1158.0,61.884
2026-05-22 13:08:00-04:00,61.92,61.92,61.92,61.92,1100.0,61.92
2026-05-22 13:09:00-04:00,61.92,62.23,61.92,62.09,12235.0,62.091
2026-05-22 13:10:00-04:00,62.0,62.11,62.0,62.0,631.0,62.058
2026-05-22 13:11:00-04:00,62.07,62.08,61.5,61.5,9949.0,61.601
2026-05-22 13:12:00-04:00,61.55,61.62,61.55,61.6,500.0,61.588
2026-05-22 13:13:00-04:00,61.61,61.61,61.61,61.61,100.0,61.61
2026-05-22 13:14:00-04:00,61.5,61.72,61.45,61.55,8600.0,61.657
2026-05-22 13:15:00-04:00,61.55,61.58,61.52,61.52,2117.0,61.546
2026-05-22 13:16:00-04:00,61.52,61.52,61.52,61.52,0.0,61.52
2026-05-22 13:17:00-04:00,61.65,61.74,61.65,61.68,1400.0,61.688
2026-05-22 13:18:00-04:00,61.69,61.69,61.69,61.69,112.0,61.69
2026-05-22 13:19:00-04:00,61.68,61.72,61.67,61.67,300.0,61.69
2026-05-22 13:20:00-04:00,61.76,61.81,61.68,61.81,975.0,61.736
2026-05-22 13:21:00-04:00,61.83,61.88,61.7,61.88,913.0,61.796
2026-05-22 13:22:00-04:00,61.88,61.88,61.64,61.67,8513.0,61.675
2026-05-22 13:23:00-04:00,61.6,61.63,61.58,61.58,470.0,61.596
2026-05-22 13:24:00-04:00,61.58,61.68,61.57,61.67,2358.0,61.638
2026-05-22 13:25:00-04:00,61.67,61.67,61.67,61.67,0.0,61.67
2026-05-22 13:26:00-04:00,61.73,61.82,61.69,61.82,600.0,61.731
2026-05-22 13:27:00-04:00,61.75,61.76,61.68,61.74,542.0,61.731
2026-05-22 13:28:00-04:00,61.68,61.95,61.68,61.88,2600.0,61.835
2026-05-22 13:29:00-04:00,61.88,61.91,61.63,61.8,2336.0,61.81
2026-05-22 13:30:00-04:00,61.5,61.56,61.5,61.56,1834.0,61.507
2026-05-22 13:31:00-04:00,61.45,61.63,61.32,61.63,2198.0,61.455
2026-05-22 13:32:00-04:00,61.53,61.55,61.53,61.54,200.0,61.538
2026-05-22 13:33:00-04:00,61.54,61.54,61.54,61.54,200.0,61.54
2026-05-22 13:34:00-04:00,61.59,61.6,61.59,61.59,300.0,61.592
2026-05-22 13:35:00-04:00,61.61,61.62,61.4,61.4,335.0,61.551
2026-05-22 13:36:00-04:00,61.52,61.53,61.5,61.5,686.0,61.518
2026-05-22 13:37:00-04:00,61.61,61.62,61.5,61.5,2005.0,61.593
2026-05-22 13:38:00-04:00,61.65,61.65,61.56,61.6,400.0,61.605
2026-05-22 13:39:00-04:00,61.6,61.61,61.53,61.53,2200.0,61.577
2026-05-22 13:40:00-04:00,61.59,61.7,61.53,61.68,3784.0,61.618
2026-05-22 13:41:00-04:00,61.72,61.91,61.68,61.9,10533.0,61.86
2026-05-22 13:42:00-04:00,61.79,61.89,61.79,61.89,1800.0,61.809
2026-05-22 13:43:00-04:00,61.81,61.9,61.7,61.9,919.0,61.835
2026-05-22 13:44:00-04:00,61.92,61.96,61.86,61.95,1430.0,61.915
2026-05-22 13:45:00-04:00,61.95,61.97,61.76,61.76,1300.0,61.893
2026-05-22 13:46:00-04:00,61.73,61.73,61.47,61.51,7935.0,61.532
2026-05-22 13:47:00-04:00,61.53,61.57,61.53,61.57,679.0,61.559
2026-05-22 13:48:00-04:00,61.57,61.57,61.57,61.57,0.0,61.57
2026-05-22 13:49:00-04:00,61.58,61.61,61.58,61.59,778.0,61.59
2026-05-22 13:50:00-04:00,61.64,61.64,61.64,61.64,100.0,61.64
2026-05-22 13:51:00-04:00,61.63,61.68,61.55,61.55,1456.0,61.629
2026-05-22 13:52:00-04:00,61.62,61.63,61.54,61.54,400.0,61.586
2026-05-22 13:53:00-04:00,61.51,61.55,61.51,61.52,1300.0,61.523
2026-05-22 13:54:00-04:00,61.52,61.53,61.45,61.53,400.0,61.508
2026-05-22 13:55:00-04:00,61.52,61.56,61.52,61.55,940.0,61.549
2026-05-22 13:56:00-04:00,61.55,61.7,61.55,61.69,4946.0,61.636
2026-05-22 13:57:00-04:00,61.68,61.68,61.61,61.61,600.0,61.655
2026-05-22 13:58:00-04:00,61.64,61.64,61.57,61.57,200.0,61.605
2026-05-22 13:59:00-04:00,61.64,61.64,61.57,61.57,2704.0,61.626
2026-05-22 14:00:00-04:00,61.57,61.6,61.5,61.56,2115.0,61.554
2026-05-22 14:01:00-04:00,61.56,61.56,61.56,61.56,125.0,61.56
2026-05-22 14:02:00-04:00,61.56,61.56,61.47,61.51,1060.0,61.52
2026-05-22 14:03:00-04:00,61.5,61.79,61.42,61.67,4170.0,61.63
2026-05-22 14:04:00-04:00,61.67,61.77,61.54,61.67,2906.0,61.679
2026-05-22 14:05:00-04:00,61.78,61.94,61.77,61.86,1680.0,61.829
2026-05-22 14:06:00-04:00,61.89,61.89,61.7,61.7,447.0,61.774
2026-05-22 14:07:00-04:00,61.88,61.88,61.66,61.7,1300.0,61.733
2026-05-22 14:08:00-04:00,61.78,61.8,61.66,61.73,1664.0,61.758
2026-05-22 14:09:00-04:00,61.73,61.74,61.73,61.74,200.0,61.735
2026-05-22 14:10:00-04:00,61.76,61.77,61.66,61.73,2559.0,61.727
2026-05-22 14:11:00-04:00,61.72,61.76,61.62,61.67,868.0,61.701
2026-05-22 14:12:00-04:00,61.69,61.69,61.38,61.55,3955.0,61.523
2026-05-22 14:13:00-04:00,61.56,61.56,61.47,61.47,1827.0,61.53
2026-05-22 14:14:00-04:00,61.58,61.61,61.37,61.5,5558.0,61.529
2026-05-22 14:15:00-04:00,61.49,61.67,61.49,61.63,1987.0,61.564
2026-05-22 14:16:00-04:00,61.62,61.74,61.62,61.68,1614.0,61.684
2026-05-22 14:17:00-04:00,61.74,61.75,61.66,61.66,420.0,61.704
2026-05-22 14:18:00-04:00,61.8,61.8,61.69,61.77,1229.0,61.75
2026-05-22 14:19:00-04:00,61.58,61.71,61.58,61.71,882.0,61.676
2026-05-22 14:20:00-04:00,61.7,61.71,61.59,61.6,320.0,61.665
2026-05-22 14:21:00-04:00,61.6,61.6,61.6,61.6,0.0,61.6
2026-05-22 14:22:00-04:00,61.71,61.88,61.71,61.87,2674.0,61.812
2026-05-22 14:23:00-04:00,61.82,61.86,61.82,61.85,868.0,61.847
2026-05-22 14:24:00-04:00,61.92,62.25,61.9,62.1,10360.0,62.128
2026-05-22 14:25:00-04:00,62.23,62.23,62.22,62.23,200.0,62.23
2026-05-22 14:26:00-04:00,62.19,62.39,62.13,62.22,12423.0,62.291
2026-05-22 14:27:00-04:00,62.08,62.25,62.08,62.18,400.0,62.176
2026-05-22 14:28:00-04:00,62.15,62.16,61.99,61.99,323.0,62.092
2026-05-22 14:29:00-04:00,62.01,62.03,61.91,62.0,6334.0,61.961
2026-05-22 14:30:00-04:00,61.88,61.88,61.88,61.88,200.0,61.88
2026-05-22 14:31:00-04:00,61.92,62.11,61.91,62.11,1853.0,61.979
2026-05-22 14:32:00-04:00,62.11,62.11,62.11,62.11,0.0,62.11
2026-05-22 14:33:00-04:00,62.13,62.13,61.87,61.98,3268.0,62.007
2026-05-22 14:34:00-04:00,61.98,62.03,61.9,61.9,1673.0,61.994
2026-05-22 14:35:00-04:00,61.96,61.96,61.83,61.86,2285.0,61.871
2026-05-22 14:36:00-04:00,61.75,61.77,61.66,61.72,1022.0,61.708
2026-05-22 14:37:00-04:00,61.72,61.73,61.55,61.56,725.0,61.62
2026-05-22 14:38:00-04:00,61.64,61.67,61.52,61.67,1100.0,61.625
2026-05-22 14:39:00-04:00,61.7,61.7,61.61,61.67,900.0,61.654
2026-05-22 14:40:00-04:00,61.69,61.74,61.65,61.67,860.0,61.691
2026-05-22 14:41:00-04:00,61.62,61.72,61.59,61.71,1584.0,61.656
2026-05-22 14:42:00-04:00,61.64,61.68,61.64,61.64,1300.0,61.648
2026-05-22 14:43:00-04:00,61.64,62.06,61.64,61.98,3463.0,61.922
2026-05-22 14:44:00-04:00,61.94,62.02,61.89,61.93,1361.0,61.937
2026-05-22 14:45:00-04:00,61.83,61.84,61.83,61.83,400.0,61.835
2026-05-22 14:46:00-04:00,61.96,62.02,61.95,61.95,400.0,61.973
2026-05-22 14:47:00-04:00,61.94,61.94,61.94,61.94,300.0,61.94
2026-05-22 14:48:00-04:00,61.92,61.92,61.92,61.92,100.0,61.92
2026-05-22 14:49:00-04:00,61.95,62.07,61.91,62.07,832.0,61.995
2026-05-22 14:50:00-04:00,62.12,62.14,62.02,62.14,925.0,62.098
2026-05-22 14:51:00-04:00,62.08,62.09,62.08,62.08,300.0,62.085
2026-05-22 14:52:00-04:00,62.16,62.16,62.16,62.16,154.0,62.16
2026-05-22 14:53:00-04:00,62.17,62.31,62.17,62.21,1529.0,62.252
2026-05-22 14:54:00-04:00,62.2,62.29,62.2,62.28,1020.0,62.258
2026-05-22 14:55:00-04:00,62.28,62.28,62.14,62.21,1000.0,62.21
2026-05-22 14:56:00-04:00,62.21,62.23,62.06,62.14,7163.0,62.126
2026-05-22 14:57:00-04:00,62.2,62.2,62.05,62.12,3020.0,62.096
2026-05-22 14:58:00-04:00,62.07,62.2,61.94,61.98,4306.0,62.099
2026-05-22 14:59:00-04:00,61.95,62.24,61.94,62.16,7053.0,62.109
2026-05-22 15:00:00-04:00,62.13,62.14,62.12,62.14,400.0,62.129
2026-05-22 15:01:00-04:00,62.14,62.14,62.06,62.08,1104.0,62.073
2026-05-22 15:02:00-04:00,62.15,62.15,62.15,62.15,100.0,62.15
2026-05-22 15:03:00-04:00,62.08,62.09,62.03,62.08,2019.0,62.076
2026-05-22 15:04:00-04:00,62.08,62.24,62.08,62.09,1066.0,62.105
2026-05-22 15:05:00-04:00,62.01,62.15,61.85,62.02,9271.0,62.032
2026-05-22 15:06:00-04:00,61.94,61.94,61.74,61.84,3488.0,61.822
2026-05-22 15:07:00-04:00,61.86,62.23,61.81,62.21,11840.0,61.992
2026-05-22 15:08:00-04:00,62.23,62.23,62.1,62.18,2211.0,62.187
2026-05-22 15:09:00-04:00,62.11,62.16,62.11,62.15,725.0,62.14
2026-05-22 15:10:00-04:00,62.18,62.29,62.12,62.27,8941.0,62.23
2026-05-22 15:11:00-04:00,62.22,62.24,62.21,62.21,519.0,62.223
2026-05-22 15:12:00-04:00,62.23,62.23,62.1,62.11,2008.0,62.13
2026-05-22 15:13:00-04:00,62.17,62.22,62.16,62.22,1257.0,62.188
2026-05-22 15:14:00-04:00,62.22,62.22,62.22,62.22,500.0,62.22
2026-05-22 15:15:00-04:00,62.34,62.35,62.3,62.34,4387.0,62.338
2026-05-22 15:16:00-04:00,62.37,62.42,62.34,62.42,2600.0,62.384
2026-05-22 15:17:00-04:00,62.38,62.44,62.34,62.44,1200.0,62.367
2026-05-22 15:18:00-04:00,62.43,63.0,62.43,62.88,16280.0,62.654
2026-05-22 15:19:00-04:00,62.85,63.01,62.79,62.89,20395.0,62.944
2026-05-22 15:20:00-04:00,62.86,62.93,62.74,62.82,3029.0,62.839
2026-05-22 15:21:00-04:00,62.81,62.88,62.7,62.77,2733.0,62.791
2026-05-22 15:22:00-04:00,62.77,62.78,62.66,62.68,975.0,62.69
2026-05-22 15:23:00-04:00,62.6,62.65,62.53,62.54,2700.0,62.571
2026-05-22 15:24:00-04:00,62.51,62.53,62.38,62.53,2497.0,62.482
2026-05-22 15:25:00-04:00,62.52,62.63,62.51,62.63,600.0,62.543
2026-05-22 15:26:00-04:00,62.63,62.67,62.48,62.55,13450.0,62.554
2026-05-22 15:27:00-04:00,62.5,62.53,62.46,62.52,1058.0,62.496
2026-05-22 15:28:00-04:00,62.52,62.55,62.44,62.52,2694.0,62.512
2026-05-22 15:29:00-04:00,62.52,62.6,62.46,62.56,6308.0,62.552
2026-05-22 15:30:00-04:00,62.56,62.74,62.56,62.6,3286.0,62.668
2026-05-22 15:31:00-04:00,62.6,62.65,62.54,62.63,2829.0,62.596
2026-05-22 15:32:00-04:00,62.74,62.75,62.71,62.71,1242.0,62.738
2026-05-22 15:33:00-04:00,62.61,62.75,62.54,62.65,5006.0,62.65
2026-05-22 15:34:00-04:00,62.65,62.77,62.64,62.77,1719.0,62.712
2026-05-22 15:35:00-04:00,62.73,62.78,62.62,62.62,4425.0,62.726
2026-05-22 15:36:00-04:00,62.62,62.74,62.44,62.44,10837.0,62.584
2026-05-22 15:37:00-04:00,62.43,62.43,62.09,62.21,16929.0,62.213
2026-05-22 15:38:00-04:00,62.21,62.31,62.21,62.23,1791.0,62.245
2026-05-22 15:39:00-04:00,62.33,62.38,62.23,62.33,3693.0,62.313
2026-05-22 15:40:00-04:00,62.33,62.42,62.32,62.41,5088.0,62.353
2026-05-22 15:41:00-04:00,62.41,62.46,62.32,62.44,5638.0,62.363
2026-05-22 15:42:00-04:00,62.43,62.46,62.23,62.32,11414.0,62.362
2026-05-22 15:43:00-04:00,62.32,62.39,62.24,62.34,1462.0,62.336
2026-05-22 15:44:00-04:00,62.33,62.34,62.22,62.26,2836.0,62.281
2026-05-22 15:45:00-04:00,62.25,62.27,61.91,61.91,34488.0,62.191
2026-05-22 15:46:00-04:00,61.98,62.03,61.9,61.93,11789.0,61.959
2026-05-22 15:47:00-04:00,61.94,62.3,61.9,62.28,15027.0,62.146
2026-05-22 15:48:00-04:00,62.23,62.5,62.05,62.13,20435.0,62.372
2026-05-22 15:49:00-04:00,61.97,62.12,61.93,61.97,5444.0,62.008
2026-05-22 15:50:00-04:00,62.0,62.08,61.91,61.94,3592.0,61.979
2026-05-22 15:51:00-04:00,61.94,62.17,61.94,62.1,16423.0,62.044
2026-05-22 15:52:00-04:00,62.13,62.18,62.06,62.12,7586.0,62.105
2026-05-22 15:53:00-04:00,62.06,62.2,62.06,62.13,13582.0,62.137
2026-05-22 15:54:00-04:00,62.16,62.17,61.76,61.96,22904.0,61.924
2026-05-22 15:55:00-04:00,62.03,62.13,61.9,62.04,15878.0,62.023
2026-05-22 15:56:00-04:00,62.08,62.27,62.06,62.07,22568.0,62.147
2026-05-22 15:57:00-04:00,62.09,62.1,61.93,62.06,26489.0,62.046
2026-05-22 15:58:00-04:00,62.07,62.08,61.97,61.99,27155.0,62.02
2026-05-22 15:59:00-04:00,61.99,62.01,61.85,61.88,74781.0,61.965
2026-05-26 09:30:00-04:00,66.5,66.5,64.59,65.66,194156.0,65.388
2026-05-26 09:31:00-04:00,65.06,65.75,63.77,63.92,41104.0,64.512
2026-05-26 09:32:00-04:00,63.92,64.37,63.15,63.23,45471.0,63.783
2026-05-26 09:33:00-04:00,63.0,64.99,63.0,64.41,63610.0,63.779
2026-05-26 09:34:00-04:00,64.41,65.33,64.38,64.78,25096.0,64.913
2026-05-26 09:35:00-04:00,64.82,64.92,64.06,64.47,21781.0,64.396
2026-05-26 09:36:00-04:00,64.59,64.7,64.11,64.65,23597.0,64.322
2026-05-26 09:37:00-04:00,64.65,65.87,64.64,65.68,41597.0,65.383
2026-05-26 09:38:00-04:00,65.68,66.17,65.53,66.03,42518.0,65.837
2026-05-26 09:39:00-04:00,66.0,67.42,65.85,66.35,51855.0,66.762
2026-05-26 09:40:00-04:00,66.36,66.94,66.28,66.73,79481.0,66.762
2026-05-26 09:41:00-04:00,66.73,66.74,66.1,66.34,33475.0,66.533
2026-05-26 09:42:00-04:00,66.21,66.71,66.12,66.69,15745.0,66.415
2026-05-26 09:43:00-04:00,66.88,66.89,66.42,66.42,18061.0,66.679
2026-05-26 09:44:00-04:00,66.6,66.81,66.21,66.6,18711.0,66.463
2026-05-26 09:45:00-04:00,66.78,67.8,66.73,67.63,23353.0,67.401
2026-05-26 09:46:00-04:00,67.62,68.32,67.56,67.69,40826.0,67.976
2026-05-26 09:47:00-04:00,67.83,67.95,67.59,67.77,36103.0,67.769
2026-05-26 09:48:00-04:00,67.85,68.15,67.68,68.02,17816.0,67.942
2026-05-26 09:49:00-04:00,68.0,68.08,67.39,67.39,16684.0,67.756
2026-05-26 09:50:00-04:00,67.12,67.71,67.12,67.33,19746.0,67.36
2026-05-26 09:51:00-04:00,67.15,67.56,66.72,67.38,13915.0,67.217
2026-05-26 09:52:00-04:00,67.33,67.99,67.12,67.67,16745.0,67.51
2026-05-26 09:53:00-04:00,67.58,67.69,67.27,67.39,9018.0,67.477
2026-05-26 09:54:00-04:00,67.44,67.78,67.22,67.65,14109.0,67.47
2026-05-26 09:55:00-04:00,67.72,68.11,67.52,68.11,15942.0,67.799
2026-05-26 09:56:00-04:00,68.08,68.45,67.9,68.16,29049.0,68.192
2026-05-26 09:57:00-04:00,68.19,68.29,67.95,68.09,9000.0,68.101
2026-05-26 09:58:00-04:00,68.28,68.29,67.9,68.17,23290.0,68.089
2026-05-26 09:59:00-04:00,68.26,68.97,68.2,68.97,28256.0,68.649
2026-05-26 10:00:00-04:00,68.99,70.33,68.98,70.33,67737.0,69.501
2026-05-26 10:01:00-04:00,70.26,70.5,69.7,69.82,25359.0,69.969
2026-05-26 10:02:00-04:00,69.9,69.98,69.5,69.66,23062.0,69.725
2026-05-26 10:03:00-04:00,69.66,69.66,69.21,69.35,34157.0,69.477
2026-05-26 10:04:00-04:00,69.31,69.65,69.31,69.52,5288.0,69.503
2026-05-26 10:05:00-04:00,69.42,69.5,69.0,69.13,31596.0,69.191
2026-05-26 10:06:00-04:00,69.1,69.52,69.1,69.51,9788.0,69.344
2026-05-26 10:07:00-04:00,69.5,69.51,69.25,69.33,8192.0,69.352
2026-05-26 10:08:00-04:00,69.31,69.5,69.17,69.5,4667.0,69.259
2026-05-26 10:09:00-04:00,69.47,69.71,69.37,69.38,8852.0,69.511
2026-05-26 10:10:00-04:00,69.37,69.38,68.9,68.95,16778.0,69.077
2026-05-26 10:11:00-04:00,69.1,69.36,68.92,69.1,16221.0,69.108
2026-05-26 10:12:00-04:00,69.16,69.16,68.7,69.0,38500.0,68.933
2026-05-26 10:13:00-04:00,69.0,69.86,68.98,69.4,13774.0,69.631
2026-05-26 10:14:00-04:00,69.63,69.95,69.63,69.87,7951.0,69.783
2026-05-26 10:15:00-04:00,69.87,69.9,69.72,69.83,3846.0,69.822
2026-05-26 10:16:00-04:00,69.72,69.74,69.31,69.31,22111.0,69.578
2026-05-26 10:17:00-04:00,69.32,69.56,68.89,69.53,39069.0,69.226
2026-05-26 10:18:00-04:00,69.63,69.7,69.5,69.67,4880.0,69.584
2026-05-26 10:19:00-04:00,69.63,69.82,69.63,69.72,6958.0,69.727
2026-05-26 10:20:00-04:00,69.75,69.9,69.64,69.64,13216.0,69.76
2026-05-26 10:21:00-04:00,69.72,69.77,69.55,69.76,13259.0,69.646
2026-05-26 10:22:00-04:00,69.8,70.0,69.43,69.44,65213.0,69.96
2026-05-26 10:23:00-04:00,69.39,69.46,69.07,69.2,9896.0,69.224
2026-05-26 10:24:00-04:00,69.09,69.37,69.08,69.23,7038.0,69.216
2026-05-26 10:25:00-04:00,69.36,69.45,69.2,69.33,3870.0,69.332
2026-05-26 10:26:00-04:00,69.36,69.64,69.18,69.47,23169.0,69.388
2026-05-26 10:27:00-04:00,69.46,69.47,68.89,68.91,18493.0,69.169
2026-05-26 10:28:00-04:00,68.81,68.89,68.42,68.76,49027.0,68.663
2026-05-26 10:29:00-04:00,68.87,69.21,68.79,69.15,9361.0,69.014
2026-05-26 10:30:00-04:00,69.16,69.17,68.88,69.08,6851.0,69.029
2026-05-26 10:31:00-04:00,68.96,69.0,68.78,68.78,4881.0,68.935
2026-05-26 10:32:00-04:00,69.01,69.01,68.71,68.82,3924.0,68.842
2026-05-26 10:33:00-04:00,68.72,68.83,68.61,68.69,5257.0,68.745
2026-05-26 10:34:00-04:00,68.75,68.88,68.43,68.54,12162.0,68.594
2026-05-26 10:35:00-04:00,68.63,68.93,68.63,68.91,2641.0,68.828
2026-05-26 10:36:00-04:00,68.94,69.04,68.65,68.68,28822.0,68.891
2026-05-26 10:37:00-04:00,68.76,68.96,68.63,68.63,4763.0,68.773
2026-05-26 10:38:00-04:00,68.67,68.88,68.32,68.6,6753.0,68.507
2026-05-26 10:39:00-04:00,68.54,68.63,68.46,68.54,6901.0,68.505
2026-05-26 10:40:00-04:00,68.53,68.54,68.34,68.41,4458.0,68.462
2026-05-26 10:41:00-04:00,68.41,68.48,68.0,68.28,37118.0,68.162
2026-05-26 10:42:00-04:00,68.34,68.6,68.2,68.44,12106.0,68.462
2026-05-26 10:43:00-04:00,68.49,68.57,68.38,68.44,10992.0,68.448
2026-05-26 10:44:00-04:00,68.55,68.63,68.36,68.51,51161.0,68.545
2026-05-26 10:45:00-04:00,68.51,69.2,68.51,68.54,99979.0,68.758
2026-05-26 10:46:00-04:00,68.71,69.5,68.71,69.46,21299.0,69.31
2026-05-26 10:47:00-04:00,69.48,69.8,69.36,69.65,6284.0,69.631
2026-05-26 10:48:00-04:00,69.65,70.21,69.63,69.82,37475.0,69.975
2026-05-26 10:49:00-04:00,69.88,70.12,69.79,70.12,9346.0,69.96
2026-05-26 10:50:00-04:00,70.09,70.4,70.04,70.27,17927.0,70.245
2026-05-26 10:51:00-04:00,70.19,70.39,70.12,70.14,16519.0,70.248
2026-05-26 10:52:00-04:00,70.28,70.82,70.26,70.7,52984.0,70.61
2026-05-26 10:53:00-04:00,70.79,70.81,70.56,70.72,16604.0,70.681
2026-05-26 10:54:00-04:00,70.73,70.8,70.59,70.73,17336.0,70.698
2026-05-26 10:55:00-04:00,70.72,70.82,70.65,70.66,9917.0,70.723
2026-05-26 10:56:00-04:00,70.6,70.77,70.5,70.74,16042.0,70.628
2026-05-26 10:57:00-04:00,70.7,70.7,70.42,70.61,11318.0,70.562
2026-05-26 10:58:00-04:00,70.63,70.95,70.58,70.85,13136.0,70.748
2026-05-26 10:59:00-04:00,70.85,70.92,70.55,70.55,11204.0,70.796
2026-05-26 11:00:00-04:00,70.71,71.2,70.71,71.0,43548.0,71.066
2026-05-26 11:01:00-04:00,71.0,71.07,70.23,70.23,10902.0,70.625
2026-05-26 11:02:00-04:00,70.24,70.34,70.05,70.23,27338.0,70.194
2026-05-26 11:03:00-04:00,70.13,70.5,70.13,70.48,14129.0,70.277
2026-05-26 11:04:00-04:00,70.49,70.5,70.04,70.29,15558.0,70.228
2026-05-26 11:05:00-04:00,70.33,70.76,70.31,70.56,9791.0,70.51
2026-05-26 11:06:00-04:00,70.56,70.57,70.01,70.01,17306.0,70.237
2026-05-26 11:07:00-04:00,70.08,70.09,69.87,69.93,10819.0,69.963
2026-05-26 11:08:00-04:00,69.91,70.03,69.81,69.97,14414.0,69.911
2026-05-26 11:09:00-04:00,69.94,70.02,69.87,70.02,10933.0,69.934
2026-05-26 11:10:00-04:00,70.02,70.02,69.88,69.91,4200.0,69.95
2026-05-26 11:11:00-04:00,69.88,70.33,69.74,70.0,52210.0,69.944
2026-05-26 11:12:00-04:00,70.0,70.05,69.57,69.79,10916.0,69.786
2026-05-26 11:13:00-04:00,69.75,69.75,69.55,69.59,2598.0,69.645
2026-05-26 11:14:00-04:00,69.59,69.82,69.52,69.78,3271.0,69.671
2026-05-26 11:15:00-04:00,69.75,70.3,69.65,70.11,29785.0,69.926
2026-05-26 11:16:00-04:00,70.11,70.29,69.93,70.08,26072.0,70.099
2026-05-26 11:17:00-04:00,70.2,70.2,69.96,70.02,8165.0,70.075
2026-05-26 11:18:00-04:00,69.93,70.05,69.66,69.83,8236.0,69.906
2026-05-26 11:19:00-04:00,69.83,69.83,69.78,69.78,600.0,69.808
2026-05-26 11:20:00-04:00,69.71,69.9,69.63,69.63,16683.0,69.796
2026-05-26 11:21:00-04:00,69.59,70.3,69.59,70.3,26085.0,69.927
2026-05-26 11:22:00-04:00,70.17,70.52,70.04,70.52,56584.0,70.265
2026-05-26 11:23:00-04:00,70.52,71.4,70.47,71.3,41153.0,70.973
2026-05-26 11:24:00-04:00,71.21,71.88,71.06,71.6,44303.0,71.566
2026-05-26 11:25:00-04:00,71.84,72.3,71.79,72.12,33822.0,72.031
2026-05-26 11:26:00-04:00,72.13,72.52,71.83,72.52,35157.0,72.146
2026-05-26 11:27:00-04:00,72.55,72.65,72.02,72.03,15169.0,72.401
2026-05-26 11:28:00-04:00,72.29,72.5,72.16,72.17,31384.0,72.289
2026-05-26 11:29:00-04:00,72.14,72.14,71.7,71.74,15690.0,71.909
2026-05-26 11:30:00-04:00,71.96,72.1,71.8,71.83,10845.0,71.889
2026-05-26 11:31:00-04:00,71.8,72.1,71.8,71.94,6652.0,71.979
2026-05-26 11:32:00-04:00,72.0,72.0,71.87,71.97,6177.0,71.926
2026-05-26 11:33:00-04:00,71.95,71.95,71.3,71.36,20511.0,71.614
2026-05-26 11:34:00-04:00,71.42,72.23,71.42,72.17,46896.0,72.02
2026-05-26 11:35:00-04:00,72.17,72.26,71.89,72.14,14187.0,72.083
2026-05-26 11:36:00-04:00,71.97,72.39,71.9,72.13,29995.0,72.125
2026-05-26 11:37:00-04:00,72.03,72.25,71.84,72.16,14359.0,72.009
2026-05-26 11:38:00-04:00,72.16,72.33,72.04,72.16,22398.0,72.155
2026-05-26 11:39:00-04:00,72.16,72.45,72.04,72.16,14577.0,72.234
2026-05-26 11:40:00-04:00,72.12,72.12,71.81,71.81,7184.0,71.988
2026-05-26 11:41:00-04:00,71.9,71.96,71.78,71.78,8298.0,71.874
2026-05-26 11:42:00-04:00,71.63,71.83,71.58,71.76,7177.0,71.711
2026-05-26 11:43:00-04:00,71.83,71.94,71.68,71.92,7064.0,71.834
2026-05-26 11:44:00-04:00,71.85,71.89,71.71,71.81,4341.0,71.788
2026-05-26 11:45:00-04:00,71.87,72.32,71.87,72.13,6723.0,72.123
2026-05-26 11:46:00-04:00,72.14,72.5,71.96,72.23,19973.0,72.251
2026-05-26 11:47:00-04:00,72.14,72.2,71.78,72.02,6374.0,71.995
2026-05-26 11:48:00-04:00,71.99,72.25,71.78,72.08,10200.0,72.101
2026-05-26 11:49:00-04:00,71.95,71.99,71.48,71.51,9221.0,71.762
2026-05-26 11:50:00-04:00,71.49,72.16,71.49,72.16,10721.0,71.842
2026-05-26 11:51:00-04:00,72.05,72.11,71.78,71.78,7392.0,71.948
2026-05-26 11:52:00-04:00,71.8,71.81,71.54,71.64,12150.0,71.658
2026-05-26 11:53:00-04:00,71.53,71.56,71.38,71.48,10473.0,71.442
2026-05-26 11:54:00-04:00,71.44,71.89,71.42,71.61,23143.0,71.632
2026-05-26 11:55:00-04:00,71.44,71.51,71.22,71.5,23851.0,71.402
2026-05-26 11:56:00-04:00,71.23,71.51,71.1,71.51,7869.0,71.269
2026-05-26 11:57:00-04:00,71.5,71.61,71.31,71.37,6830.0,71.455
2026-05-26 11:58:00-04:00,71.36,71.55,71.36,71.47,9364.0,71.436
2026-05-26 11:59:00-04:00,71.42,71.72,71.4,71.67,8946.0,71.523
2026-05-26 12:00:00-04:00,71.77,71.89,71.69,71.87,5251.0,71.806
2026-05-26 12:01:00-04:00,71.8,71.99,71.74,71.98,11072.0,71.845
2026-05-26 12:02:00-04:00,71.99,72.19,71.91,72.15,11971.0,72.082
2026-05-26 12:03:00-04:00,72.11,72.39,72.11,72.38,3264.0,72.249
2026-05-26 12:04:00-04:00,72.38,72.46,72.24,72.46,8187.0,72.337
2026-05-26 12:05:00-04:00,72.47,72.69,72.43,72.59,24344.0,72.568
2026-05-26 12:06:00-04:00,72.63,72.69,72.35,72.65,14066.0,72.538
2026-05-26 12:07:00-04:00,72.53,72.67,72.35,72.6,15668.0,72.521
2026-05-26 12:08:00-04:00,72.6,72.69,72.45,72.67,25944.0,72.576
2026-05-26 12:09:00-04:00,72.67,72.85,72.61,72.83,8337.0,72.715
2026-05-26 12:10:00-04:00,72.72,73.35,72.72,73.21,44400.0,73.087
2026-05-26 12:11:00-04:00,73.16,73.44,73.12,73.15,19722.0,73.247
2026-05-26 12:12:00-04:00,73.21,73.25,72.9,72.95,17221.0,73.052
2026-05-26 12:13:00-04:00,73.01,73.38,72.95,73.23,9499.0,73.06
2026-05-26 12:14:00-04:00,73.23,73.55,73.23,73.35,10599.0,73.381
2026-05-26 12:15:00-04:00,73.4,73.57,73.36,73.54,19820.0,73.469
2026-05-26 12:16:00-04:00,73.56,73.72,73.37,73.66,6148.0,73.559
2026-05-26 12:17:00-04:00,73.68,73.86,73.6,73.73,17700.0,73.712
2026-05-26 12:18:00-04:00,73.69,74.17,73.66,74.11,17308.0,73.888
2026-05-26 12:19:00-04:00,74.07,74.43,74.04,74.28,26542.0,74.204
2026-05-26 12:20:00-04:00,74.28,74.77,74.19,74.77,40062.0,74.421
2026-05-26 12:21:00-04:00,74.64,74.76,74.43,74.43,26863.0,74.634
2026-05-26 12:22:00-04:00,74.43,74.86,74.35,74.84,28572.0,74.65
2026-05-26 12:23:00-04:00,74.85,74.88,74.43,74.8,22668.0,74.673
2026-05-26 12:24:00-04:00,74.77,74.84,74.68,74.77,11927.0,74.76
2026-05-26 12:25:00-04:00,74.77,74.83,74.57,74.64,21634.0,74.734
2026-05-26 12:26:00-04:00,74.63,74.91,74.47,74.91,32232.0,74.769
2026-05-26 12:27:00-04:00,74.8,74.83,74.51,74.61,8277.0,74.701
2026-05-26 12:28:00-04:00,74.63,74.74,74.25,74.45,32211.0,74.513
2026-05-26 12:29:00-04:00,74.41,74.78,74.27,74.55,52149.0,74.553
2026-05-26 12:30:00-04:00,74.64,75.25,74.56,75.17,64732.0,74.919
2026-05-26 12:31:00-04:00,75.2,75.24,74.92,75.02,15962.0,75.055
2026-05-26 12:32:00-04:00,75.02,75.23,74.62,75.23,36593.0,74.914
2026-05-26 12:33:00-04:00,75.27,75.3,75.12,75.27,12560.0,75.23
2026-05-26 12:34:00-04:00,75.23,75.65,75.19,75.52,29921.0,75.447
2026-05-26 12:35:00-04:00,75.47,75.7,75.43,75.61,22299.0,75.618
2026-05-26 12:36:00-04:00,75.73,75.73,75.06,75.13,36427.0,75.496
2026-05-26 12:37:00-04:00,75.19,75.22,74.81,74.81,15701.0,74.993
2026-05-26 12:38:00-04:00,74.8,75.04,74.74,74.92,17109.0,74.896
2026-05-26 12:39:00-04:00,74.94,74.94,74.39,74.39,3638.0,74.603
2026-05-26 12:40:00-04:00,74.31,74.45,73.69,73.8,17816.0,73.919
2026-05-26 12:41:00-04:00,73.78,73.88,73.31,73.61,15213.0,73.568
2026-05-26 12:42:00-04:00,73.55,73.58,73.33,73.33,8113.0,73.413
2026-05-26 12:43:00-04:00,73.3,73.31,72.92,72.97,8264.0,73.075
2026-05-26 12:44:00-04:00,72.96,73.08,72.48,72.82,21691.0,72.678
2026-05-26 12:45:00-04:00,72.75,72.91,72.72,72.75,7421.0,72.805
2026-05-26 12:46:00-04:00,72.86,72.99,72.84,72.85,7472.0,72.922
2026-05-26 12:47:00-04:00,72.86,72.99,72.72,72.72,14944.0,72.86
2026-05-26 12:48:00-04:00,72.83,72.83,72.69,72.8,3724.0,72.736
2026-05-26 12:49:00-04:00,72.86,72.88,72.71,72.74,5750.0,72.825
2026-05-26 12:50:00-04:00,72.82,72.84,72.74,72.74,520.0,72.813
2026-05-26 12:51:00-04:00,72.82,72.91,72.72,72.85,2276.0,72.857
2026-05-26 12:52:00-04:00,72.93,72.97,72.85,72.9,2688.0,72.912
2026-05-26 12:53:00-04:00,72.94,72.97,72.88,72.91,3726.0,72.92
2026-05-26 12:54:00-04:00,72.84,72.84,72.35,72.7,4963.0,72.588
2026-05-26 12:55:00-04:00,72.68,72.68,72.23,72.26,7263.0,72.441
2026-05-26 12:56:00-04:00,72.52,72.53,72.21,72.26,2857.0,72.314
2026-05-26 12:57:00-04:00,72.39,72.65,72.26,72.51,8831.0,72.534
2026-05-26 12:58:00-04:00,72.57,72.6,72.42,72.53,3268.0,72.521
2026-05-26 12:59:00-04:00,72.55,72.56,72.14,72.44,4152.0,72.406
2026-05-26 13:00:00-04:00,72.35,72.51,72.16,72.51,1082.0,72.305
2026-05-26 13:01:00-04:00,72.34,72.46,72.13,72.4,4962.0,72.384
2026-05-26 13:02:00-04:00,72.34,72.55,72.34,72.53,3039.0,72.501
2026-05-26 13:03:00-04:00,72.42,72.42,72.17,72.31,14800.0,72.34
2026-05-26 13:04:00-04:00,72.16,72.39,72.16,72.35,4403.0,72.299
2026-05-26 13:05:00-04:00,72.36,72.36,72.17,72.18,623.0,72.271
2026-05-26 13:06:00-04:00,72.33,72.5,72.17,72.34,4304.0,72.358
2026-05-26 13:07:00-04:00,72.34,72.5,71.89,71.92,7056.0,72.137
2026-05-26 13:08:00-04:00,72.02,72.04,71.87,72.03,2403.0,71.931
2026-05-26 13:09:00-04:00,71.9,71.91,71.54,71.62,9484.0,71.712
2026-05-26 13:10:00-04:00,71.62,71.8,71.6,71.63,2479.0,71.713
2026-05-26 13:11:00-04:00,71.74,71.84,71.6,71.74,4975.0,71.714
2026-05-26 13:12:00-04:00,71.73,71.75,71.5,71.67,7989.0,71.655
2026-05-26 13:13:00-04:00,71.55,71.63,71.5,71.63,2628.0,71.583
2026-05-26 13:14:00-04:00,71.5,72.28,71.5,72.2,11481.0,71.828
2026-05-26 13:15:00-04:00,72.19,72.34,72.03,72.08,5850.0,72.207
2026-05-26 13:16:00-04:00,72.08,72.08,71.59,71.59,5209.0,71.827
2026-05-26 13:17:00-04:00,71.67,71.7,71.5,71.51,8161.0,71.596
2026-05-26 13:18:00-04:00,71.7,71.7,71.7,71.7,100.0,71.7
2026-05-26 13:19:00-04:00,71.69,71.7,71.43,71.56,4468.0,71.545
2026-05-26 13:20:00-04:00,71.57,71.67,71.44,71.5,4568.0,71.549
2026-05-26 13:21:00-04:00,71.42,71.42,71.2,71.25,6678.0,71.332
2026-05-26 13:22:00-04:00,71.26,71.26,70.62,70.79,21650.0,71.024
2026-05-26 13:23:00-04:00,70.74,71.16,70.66,71.16,37741.0,70.787
2026-05-26 13:24:00-04:00,71.12,71.14,70.85,70.91,6299.0,70.975
2026-05-26 13:25:00-04:00,70.91,70.91,70.6,70.63,5231.0,70.747
2026-05-26 13:26:00-04:00,70.71,70.71,70.5,70.5,3058.0,70.589
2026-05-26 13:27:00-04:00,70.5,70.66,70.49,70.64,9521.0,70.533
2026-05-26 13:28:00-04:00,70.78,70.78,70.52,70.53,10281.0,70.568
2026-05-26 13:29:00-04:00,70.66,70.66,70.5,70.65,6615.0,70.562
2026-05-26 13:30:00-04:00,70.5,70.64,70.31,70.59,8563.0,70.493
2026-05-26 13:31:00-04:00,70.62,71.31,70.62,71.01,7255.0,70.955
2026-05-26 13:32:00-04:00,71.14,71.15,70.85,70.85,4612.0,71.026
2026-05-26 13:33:00-04:00,70.88,71.14,70.61,70.61,3333.0,70.917
2026-05-26 13:34:00-04:00,70.8,71.02,70.79,70.91,2878.0,70.9
2026-05-26 13:35:00-04:00,70.98,70.99,70.77,70.97,2686.0,70.888
2026-05-26 13:36:00-04:00,71.05,71.36,71.05,71.16,3789.0,71.185
2026-05-26 13:37:00-04:00,71.27,71.29,70.99,71.23,4142.0,71.138
2026-05-26 13:38:00-04:00,71.0,71.26,70.98,71.15,5340.0,71.043
2026-05-26 13:39:00-04:00,71.15,71.28,71.05,71.27,7683.0,71.195
2026-05-26 13:40:00-04:00,71.27,71.3,71.27,71.27,1586.0,71.288
2026-05-26 13:41:00-04:00,71.28,71.4,71.21,71.33,4703.0,71.294
2026-05-26 13:42:00-04:00,71.36,71.52,71.32,71.4,5234.0,71.449
2026-05-26 13:43:00-04:00,71.32,71.4,71.1,71.26,5085.0,71.239
2026-05-26 13:44:00-04:00,71.11,71.28,71.08,71.23,1216.0,71.139
2026-05-26 13:45:00-04:00,71.12,71.31,71.07,71.28,2995.0,71.246
2026-05-26 13:46:00-04:00,71.28,71.37,71.23,71.36,1032.0,71.293
2026-05-26 13:47:00-04:00,71.38,71.54,71.3,71.53,8086.0,71.47
2026-05-26 13:48:00-04:00,71.59,71.64,71.55,71.57,4276.0,71.618
2026-05-26 13:49:00-04:00,71.52,71.54,71.41,71.42,1960.0,71.487
2026-05-26 13:50:00-04:00,71.39,71.47,71.39,71.4,1100.0,71.415
2026-05-26 13:51:00-04:00,71.45,71.45,71.33,71.35,900.0,71.373
2026-05-26 13:52:00-04:00,71.41,71.5,71.35,71.44,6109.0,71.388
2026-05-26 13:53:00-04:00,71.49,71.51,71.39,71.44,2348.0,71.443
2026-05-26 13:54:00-04:00,71.44,71.51,71.44,71.51,200.0,71.478
2026-05-26 13:55:00-04:00,71.5,71.53,71.36,71.53,2805.0,71.387
2026-05-26 13:56:00-04:00,71.45,71.66,71.45,71.66,3223.0,71.541
2026-05-26 13:57:00-04:00,71.57,71.57,71.48,71.49,1299.0,71.509
2026-05-26 13:58:00-04:00,71.58,71.64,71.49,71.64,7050.0,71.572
2026-05-26 13:59:00-04:00,71.52,71.58,71.39,71.39,2199.0,71.455
2026-05-26 14:00:00-04:00,71.5,71.52,71.32,71.46,6100.0,71.376
2026-05-26 14:01:00-04:00,71.46,71.69,71.32,71.69,6371.0,71.397
2026-05-26 14:02:00-04:00,71.69,71.7,71.57,71.6,1232.0,71.629
2026-05-26 14:03:00-04:00,71.68,72.07,71.63,72.06,11956.0,71.929
2026-05-26 14:04:00-04:00,72.0,72.19,72.0,72.09,1752.0,72.088
2026-05-26 14:05:00-04:00,72.02,72.08,71.9,72.02,9245.0,72.004
2026-05-26 14:06:00-04:00,72.09,72.35,72.05,72.25,4797.0,72.127
2026-05-26 14:07:00-04:00,72.25,72.53,72.25,72.53,2570.0,72.369
2026-05-26 14:08:00-04:00,72.51,72.64,72.34,72.53,14999.0,72.522
2026-05-26 14:09:00-04:00,72.53,72.53,72.32,72.45,3520.0,72.39
2026-05-26 14:10:00-04:00,72.46,72.62,72.46,72.58,2950.0,72.527
2026-05-26 14:11:00-04:00,72.61,72.65,72.51,72.51,2659.0,72.582
2026-05-26 14:12:00-04:00,72.6,72.6,72.46,72.47,4582.0,72.547
2026-05-26 14:13:00-04:00,72.42,72.56,72.32,72.5,7049.0,72.419
2026-05-26 14:14:00-04:00,72.5,72.61,72.37,72.5,8250.0,72.431
2026-05-26 14:15:00-04:00,72.52,72.74,72.44,72.58,5616.0,72.648
2026-05-26 14:16:00-04:00,72.56,72.56,72.07,72.16,14831.0,72.366
2026-05-26 14:17:00-04:00,72.13,72.14,71.84,71.98,2749.0,71.955
2026-05-26 14:18:00-04:00,71.9,71.98,71.85,71.98,1400.0,71.883
2026-05-26 14:19:00-04:00,71.9,72.09,71.8,72.09,1871.0,71.958
2026-05-26 14:20:00-04:00,72.09,72.21,71.98,72.11,5294.0,72.05
2026-05-26 14:21:00-04:00,72.16,72.24,72.08,72.13,6533.0,72.205
2026-05-26 14:22:00-04:00,72.11,72.19,72.01,72.01,800.0,72.112
2026-05-26 14:23:00-04:00,72.1,72.19,72.0,72.1,3300.0,72.097
2026-05-26 14:24:00-04:00,72.1,72.11,71.85,71.85,3180.0,72.029
2026-05-26 14:25:00-04:00,71.92,72.0,71.92,71.98,1556.0,71.974
2026-05-26 14:26:00-04:00,72.04,72.09,71.97,72.09,800.0,72.056
2026-05-26 14:27:00-04:00,71.97,71.97,71.82,71.86,1600.0,71.886
2026-05-26 14:28:00-04:00,71.75,71.76,71.64,71.66,3574.0,71.713
2026-05-26 14:29:00-04:00,71.56,71.67,71.56,71.62,1630.0,71.616
2026-05-26 14:30:00-04:00,71.67,71.77,71.63,71.76,2204.0,71.723
2026-05-26 14:31:00-04:00,71.9,71.9,71.82,71.88,817.0,71.847
2026-05-26 14:32:00-04:00,71.88,71.98,71.74,71.81,4658.0,71.797
2026-05-26 14:33:00-04:00,71.73,71.87,71.73,71.82,688.0,71.803
2026-05-26 14:34:00-04:00,71.82,71.87,71.67,71.75,3741.0,71.76
2026-05-26 14:35:00-04:00,71.67,71.77,71.67,71.75,1440.0,71.732
2026-05-26 14:36:00-04:00,71.75,71.84,71.75,71.76,1100.0,71.787
2026-05-26 14:37:00-04:00,71.84,71.97,71.76,71.92,3300.0,71.863
2026-05-26 14:38:00-04:00,71.92,71.92,71.5,71.64,2805.0,71.694
2026-05-26 14:39:00-04:00,71.64,71.8,71.64,71.8,1201.0,71.754
2026-05-26 14:40:00-04:00,71.78,71.84,71.76,71.76,1360.0,71.784
2026-05-26 14:41:00-04:00,71.76,71.89,71.64,71.64,900.0,71.824
2026-05-26 14:42:00-04:00,71.77,71.89,71.6,71.72,11943.0,71.694
2026-05-26 14:43:00-04:00,71.7,71.7,71.43,71.51,2214.0,71.507
2026-05-26 14:44:00-04:00,71.51,71.53,71.33,71.51,5619.0,71.472
2026-05-26 14:45:00-04:00,71.62,71.64,71.43,71.43,8104.0,71.524
2026-05-26 14:46:00-04:00,71.44,71.44,71.32,71.32,4982.0,71.349
2026-05-26 14:47:00-04:00,71.39,71.4,71.3,71.3,800.0,71.361
2026-05-26 14:48:00-04:00,71.3,71.3,70.97,71.03,5192.0,71.085
2026-05-26 14:49:00-04:00,71.01,71.18,70.94,71.18,4025.0,71.071
2026-05-26 14:50:00-04:00,71.19,71.2,70.74,70.74,18730.0,70.972
2026-05-26 14:51:00-04:00,70.73,70.74,70.64,70.64,2477.0,70.698
2026-05-26 14:52:00-04:00,70.65,70.67,70.53,70.54,2740.0,70.614
2026-05-26 14:53:00-04:00,70.69,70.69,70.24,70.29,3921.0,70.417
2026-05-26 14:54:00-04:00,70.3,70.45,70.17,70.39,5133.0,70.336
2026-05-26 14:55:00-04:00,70.41,70.58,70.36,70.55,3668.0,70.498
2026-05-26 14:56:00-04:00,70.36,70.59,70.36,70.48,3949.0,70.525
2026-05-26 14:57:00-04:00,70.43,70.53,70.14,70.26,9804.0,70.363
2026-05-26 14:58:00-04:00,70.18,70.33,69.8,69.84,13501.0,69.921
2026-05-26 14:59:00-04:00,69.91,70.28,69.84,70.24,15603.0,70.009
2026-05-26 15:00:00-04:00,70.27,70.4,70.21,70.27,2707.0,70.274
2026-05-26 15:01:00-04:00,70.34,70.51,70.29,70.35,4944.0,70.407
2026-05-26 15:02:00-04:00,70.35,70.38,70.14,70.34,8238.0,70.283
2026-05-26 15:03:00-04:00,70.3,70.3,70.16,70.28,7313.0,70.277
2026-05-26 15:04:00-04:00,70.28,70.49,70.28,70.41,3981.0,70.414
2026-05-26 15:05:00-04:00,70.29,70.55,70.29,70.48,5631.0,70.401
2026-05-26 15:06:00-04:00,70.48,70.79,70.43,70.7,9551.0,70.692
2026-05-26 15:07:00-04:00,70.79,71.15,70.78,70.88,9177.0,70.948
2026-05-26 15:08:00-04:00,70.88,70.92,70.83,70.86,2565.0,70.872
2026-05-26 15:09:00-04:00,70.8,71.01,70.79,71.01,3651.0,70.883
2026-05-26 15:10:00-04:00,71.0,71.05,70.92,71.04,4010.0,70.985
2026-05-26 15:11:00-04:00,71.08,71.09,70.79,70.88,17469.0,70.971
2026-05-26 15:12:00-04:00,70.94,71.09,70.89,70.94,5668.0,70.991
2026-05-26 15:13:00-04:00,70.94,70.95,70.83,70.9,5878.0,70.914
2026-05-26 15:14:00-04:00,70.91,70.91,70.64,70.75,5708.0,70.799
2026-05-26 15:15:00-04:00,70.79,70.95,70.73,70.92,3231.0,70.855
2026-05-26 15:16:00-04:00,70.89,70.9,70.78,70.78,5438.0,70.846
2026-05-26 15:17:00-04:00,70.78,70.96,70.78,70.95,4840.0,70.891
2026-05-26 15:18:00-04:00,70.99,71.0,70.69,70.73,12914.0,70.858
2026-05-26 15:19:00-04:00,70.64,70.74,70.43,70.55,13388.0,70.537
2026-05-26 15:20:00-04:00,70.58,70.75,70.55,70.68,3086.0,70.664
2026-05-26 15:21:00-04:00,70.62,70.68,70.51,70.51,8366.0,70.576
2026-05-26 15:22:00-04:00,70.53,70.59,70.2,70.42,18107.0,70.456
2026-05-26 15:23:00-04:00,70.23,70.54,70.23,70.52,7280.0,70.428
2026-05-26 15:24:00-04:00,70.52,70.68,70.44,70.54,7088.0,70.529
2026-05-26 15:25:00-04:00,70.41,70.58,70.38,70.39,1640.0,70.506
2026-05-26 15:26:00-04:00,70.42,70.59,70.31,70.54,23242.0,70.496
2026-05-26 15:27:00-04:00,70.46,70.47,70.31,70.45,1250.0,70.441
2026-05-26 15:28:00-04:00,70.54,70.57,70.2,70.3,14363.0,70.342
2026-05-26 15:29:00-04:00,70.46,70.55,70.41,70.55,3748.0,70.501
2026-05-26 15:30:00-04:00,70.67,70.86,70.55,70.86,2300.0,70.674
2026-05-26 15:31:00-04:00,70.9,70.93,70.61,70.83,13519.0,70.805
2026-05-26 15:32:00-04:00,70.82,71.18,70.79,71.13,7812.0,70.955
2026-05-26 15:33:00-04:00,71.13,71.28,71.13,71.2,3330.0,71.219
2026-05-26 15:34:00-04:00,71.14,71.3,71.1,71.1,5043.0,71.184
2026-05-26 15:35:00-04:00,71.11,71.25,70.99,71.05,7965.0,71.126
2026-05-26 15:36:00-04:00,71.16,71.18,70.99,71.1,16475.0,71.083
2026-05-26 15:37:00-04:00,70.99,71.32,70.99,71.19,14879.0,71.215
2026-05-26 15:38:00-04:00,71.06,71.1,70.92,71.06,6236.0,71.018
2026-05-26 15:39:00-04:00,71.05,71.06,70.91,71.04,9113.0,71.002
2026-05-26 15:40:00-04:00,70.91,71.09,70.88,70.91,27467.0,70.978
2026-05-26 15:41:00-04:00,70.92,70.96,70.55,70.73,11776.0,70.764
2026-05-26 15:42:00-04:00,70.73,70.84,70.65,70.74,22019.0,70.748
2026-05-26 15:43:00-04:00,70.68,70.78,70.63,70.64,30339.0,70.715
2026-05-26 15:44:00-04:00,70.68,70.74,70.48,70.58,13801.0,70.66
2026-05-26 15:45:00-04:00,70.48,70.54,70.39,70.52,22540.0,70.472
2026-05-26 15:46:00-04:00,70.47,70.61,70.47,70.59,30231.0,70.526
2026-05-26 15:47:00-04:00,70.57,70.62,70.54,70.58,9350.0,70.594
2026-05-26 15:48:00-04:00,70.57,70.65,70.5,70.61,12645.0,70.599
2026-05-26 15:49:00-04:00,70.66,70.69,70.6,70.64,9075.0,70.649
2026-05-26 15:50:00-04:00,70.58,70.77,70.57,70.72,36778.0,70.705
2026-05-26 15:51:00-04:00,70.74,70.79,70.56,70.67,36287.0,70.673
2026-05-26 15:52:00-04:00,70.68,70.75,70.6,70.69,9159.0,70.684
2026-05-26 15:53:00-04:00,70.64,70.88,70.63,70.81,35175.0,70.816
2026-05-26 15:54:00-04:00,70.83,70.98,70.68,70.75,59751.0,70.867
2026-05-26 15:55:00-04:00,70.75,71.07,70.75,70.98,42146.0,70.951
2026-05-26 15:56:00-04:00,70.98,70.99,70.05,70.06,62979.0,70.711
2026-05-26 15:57:00-04:00,70.08,70.67,69.97,70.67,64817.0,70.245
2026-05-26 15:58:00-04:00,70.65,70.74,70.46,70.73,152009.0,70.661
2026-05-26 15:59:00-04:00,70.68,71.39,70.57,70.7,260964.0,70.944
2026-05-27 09:30:00-04:00,70.22,72.2,70.11,71.74,138195.0,70.611
2026-05-27 09:31:00-04:00,71.74,72.63,71.0,71.77,31484.0,71.835
2026-05-27 09:32:00-04:00,72.0,73.96,71.91,73.69,73215.0,72.886
2026-05-27 09:33:00-04:00,73.66,74.22,73.19,73.41,51281.0,73.708
2026-05-27 09:34:00-04:00,73.63,73.81,72.7,73.18,21964.0,73.125
2026-05-27 09:35:00-04:00,73.1,73.33,72.49,72.98,7224.0,72.841
2026-05-27 09:36:00-04:00,72.97,73.4,72.66,72.97,14472.0,73.053
2026-05-27 09:37:00-04:00,72.84,73.69,72.74,72.74,18524.0,73.255
2026-05-27 09:38:00-04:00,72.83,73.22,72.39,73.22,15219.0,72.904
2026-05-27 09:39:00-04:00,73.16,73.5,72.55,72.72,26604.0,72.913
2026-05-27 09:40:00-04:00,72.72,73.29,72.07,72.07,28716.0,72.685
2026-05-27 09:41:00-04:00,72.48,72.48,71.71,71.81,37823.0,72.031
2026-05-27 09:42:00-04:00,71.94,72.07,71.5,71.99,38056.0,71.761
2026-05-27 09:43:00-04:00,72.16,72.39,71.47,71.67,20411.0,71.709
2026-05-27 09:44:00-04:00,71.78,71.9,71.44,71.78,8909.0,71.602
2026-05-27 09:45:00-04:00,71.94,72.4,71.75,71.91,23249.0,72.037
2026-05-27 09:46:00-04:00,71.91,71.91,70.14,70.15,34472.0,70.736
2026-05-27 09:47:00-04:00,70.25,70.25,68.78,69.47,95178.0,69.317
2026-05-27 09:48:00-04:00,69.48,70.06,69.31,69.54,58485.0,69.676
2026-05-27 09:49:00-04:00,69.72,70.77,69.3,70.58,129331.0,69.812
2026-05-27 09:50:00-04:00,70.58,72.17,70.58,71.85,21252.0,71.58
2026-05-27 09:51:00-04:00,71.91,73.23,71.85,73.01,33926.0,72.515
2026-05-27 09:52:00-04:00,72.88,73.81,72.56,73.78,36666.0,73.268
2026-05-27 09:53:00-04:00,73.82,74.2,73.45,73.61,53884.0,73.905
2026-05-27 09:54:00-04:00,73.63,74.0,72.36,72.51,26198.0,73.036
2026-05-27 09:55:00-04:00,72.52,73.03,72.14,72.16,20629.0,72.474
2026-05-27 09:56:00-04:00,72.31,72.89,72.16,72.89,11992.0,72.478
2026-05-27 09:57:00-04:00,73.0,73.31,72.36,73.09,27969.0,72.949
2026-05-27 09:58:00-04:00,73.31,73.34,72.48,72.8,8093.0,72.939
2026-05-27 09:59:00-04:00,72.78,73.99,72.78,73.84,3798.0,73.605
2026-05-27 10:00:00-04:00,73.96,74.3,73.0,73.1,23106.0,73.681
2026-05-27 10:01:00-04:00,73.09,73.26,72.51,73.1,24247.0,72.948
2026-05-27 10:02:00-04:00,73.09,74.4,72.66,73.99,15528.0,73.707
2026-05-27 10:03:00-04:00,73.97,74.23,73.6,74.2,17711.0,73.895
2026-05-27 10:04:00-04:00,74.4,74.4,73.91,74.19,29199.0,74.217
2026-05-27 10:05:00-04:00,74.02,74.27,73.85,74.13,27275.0,74.045
2026-05-27 10:06:00-04:00,74.12,74.45,73.88,74.1,23936.0,74.256
2026-05-27 10:07:00-04:00,74.13,74.31,73.95,73.99,15133.0,74.126
2026-05-27 10:08:00-04:00,74.01,74.01,73.71,73.71,19818.0,73.809
2026-05-27 10:09:00-04:00,73.73,74.0,73.16,73.16,23481.0,73.658
2026-05-27 10:10:00-04:00,73.47,73.78,73.18,73.76,17950.0,73.503
2026-05-27 10:11:00-04:00,73.72,74.14,73.14,73.14,27719.0,73.651
2026-05-27 10:12:00-04:00,73.09,73.71,73.04,73.2,21968.0,73.429
2026-05-27 10:13:00-04:00,73.41,73.81,73.01,73.72,35314.0,73.321
2026-05-27 10:14:00-04:00,73.64,74.55,73.63,74.39,48088.0,74.084
2026-05-27 10:15:00-04:00,74.38,75.07,74.38,74.73,56414.0,74.853
2026-05-27 10:16:00-04:00,74.55,75.29,74.12,75.29,43900.0,74.713
2026-05-27 10:17:00-04:00,75.31,75.58,74.84,75.01,23066.0,75.253
2026-05-27 10:18:00-04:00,74.95,75.41,74.51,74.56,29090.0,74.86
2026-05-27 10:19:00-04:00,74.56,74.75,74.17,74.46,9350.0,74.41
2026-05-27 10:20:00-04:00,74.7,74.7,73.92,73.92,18339.0,74.223
2026-05-27 10:21:00-04:00,74.08,74.17,73.83,73.84,33567.0,74.043
2026-05-27 10:22:00-04:00,73.97,73.97,73.01,73.11,15674.0,73.48
2026-05-27 10:23:00-04:00,73.32,73.82,73.29,73.4,8093.0,73.494
2026-05-27 10:24:00-04:00,73.42,73.52,73.0,73.06,46348.0,73.277
2026-05-27 10:25:00-04:00,73.03,73.11,72.57,72.57,13194.0,72.822
2026-05-27 10:26:00-04:00,72.57,72.87,72.3,72.3,32217.0,72.573
2026-05-27 10:27:00-04:00,72.31,72.63,71.84,72.06,16847.0,72.275
2026-05-27 10:28:00-04:00,71.73,71.76,71.51,71.66,18041.0,71.644
2026-05-27 10:29:00-04:00,71.7,72.25,71.7,72.09,9010.0,71.953
2026-05-27 10:30:00-04:00,72.03,72.22,71.44,71.5,19068.0,71.948
2026-05-27 10:31:00-04:00,71.58,71.71,71.16,71.55,26878.0,71.377
2026-05-27 10:32:00-04:00,71.53,72.0,71.49,71.72,15224.0,71.794
2026-05-27 10:33:00-04:00,71.66,72.06,71.42,71.95,15983.0,71.72
2026-05-27 10:34:00-04:00,72.06,72.35,71.83,72.18,22540.0,72.013
2026-05-27 10:35:00-04:00,72.16,72.71,72.16,72.34,72057.0,72.435
2026-05-27 10:36:00-04:00,72.51,73.0,72.5,72.59,21981.0,72.768
2026-05-27 10:37:00-04:00,72.54,72.7,72.03,72.3,32996.0,72.378
2026-05-27 10:38:00-04:00,72.25,72.89,72.23,72.82,21427.0,72.476
2026-05-27 10:39:00-04:00,72.8,72.9,72.51,72.84,5845.0,72.702
2026-05-27 10:40:00-04:00,72.77,73.1,72.64,73.08,29699.0,72.807
2026-05-27 10:41:00-04:00,73.03,73.32,72.91,73.21,19085.0,73.132
2026-05-27 10:42:00-04:00,73.25,73.3,73.06,73.3,26296.0,73.199
2026-05-27 10:43:00-04:00,73.22,73.88,73.01,73.63,40569.0,73.516
2026-05-27 10:44:00-04:00,73.67,73.75,73.23,73.43,13866.0,73.543
2026-05-27 10:45:00-04:00,73.1,73.11,72.86,73.1,4329.0,73.075
2026-05-27 10:46:00-04:00,73.06,73.87,73.06,73.76,7920.0,73.342
2026-05-27 10:47:00-04:00,73.8,74.14,73.76,74.01,11086.0,74.003
2026-05-27 10:48:00-04:00,73.96,74.03,73.67,73.76,7658.0,73.876
2026-05-27 10:49:00-04:00,73.9,73.92,73.38,73.44,6545.0,73.587
2026-05-27 10:50:00-04:00,73.43,74.05,73.42,73.94,9104.0,73.63
2026-05-27 10:51:00-04:00,74.01,74.41,74.0,74.41,10000.0,74.122
2026-05-27 10:52:00-04:00,74.4,74.4,73.77,73.89,5034.0,74.154
2026-05-27 10:53:00-04:00,74.04,74.25,73.9,74.25,3282.0,74.042
2026-05-27 10:54:00-04:00,73.94,74.11,73.62,73.62,7763.0,73.907
2026-05-27 10:55:00-04:00,73.5,73.56,72.94,73.05,7399.0,73.245
2026-05-27 10:56:00-04:00,73.06,73.06,72.58,72.6,6224.0,72.786
2026-05-27 10:57:00-04:00,72.8,73.15,72.72,72.85,5216.0,72.966
2026-05-27 10:58:00-04:00,72.86,73.25,72.8,73.01,5135.0,72.986
2026-05-27 10:59:00-04:00,73.26,73.34,73.1,73.25,1834.0,73.266
2026-05-27 11:00:00-04:00,73.33,73.48,72.59,72.78,10986.0,73.118
2026-05-27 11:01:00-04:00,72.78,72.97,72.63,72.7,7032.0,72.782
2026-05-27 11:02:00-04:00,72.69,72.82,72.69,72.82,3010.0,72.783
2026-05-27 11:03:00-04:00,72.81,72.98,72.74,72.88,6129.0,72.842
2026-05-27 11:04:00-04:00,72.89,73.03,72.79,72.8,12729.0,72.894
2026-05-27 11:05:00-04:00,72.91,73.07,72.79,72.97,3526.0,72.902
2026-05-27 11:06:00-04:00,73.1,73.2,72.81,73.13,2948.0,72.956
2026-05-27 11:07:00-04:00,73.08,73.17,72.89,73.11,6170.0,73.043
2026-05-27 11:08:00-04:00,73.16,73.17,72.79,73.11,7272.0,72.991
2026-05-27 11:09:00-04:00,73.03,73.09,72.87,73.05,1620.0,73.006
2026-05-27 11:10:00-04:00,72.87,73.12,72.87,73.05,13839.0,73.048
2026-05-27 11:11:00-04:00,73.05,73.36,72.93,72.98,7247.0,73.088
2026-05-27 11:12:00-04:00,73.0,73.11,72.86,73.01,4778.0,72.975
2026-05-27 11:13:00-04:00,72.98,73.29,72.86,73.29,2787.0,73.077
2026-05-27 11:14:00-04:00,73.29,73.49,73.09,73.31,21751.0,73.287
2026-05-27 11:15:00-04:00,73.31,73.35,72.94,73.06,8435.0,73.129
2026-05-27 11:16:00-04:00,73.1,73.13,73.07,73.12,2340.0,73.077
2026-05-27 11:17:00-04:00,73.23,73.31,72.8,72.88,15760.0,73.053
2026-05-27 11:18:00-04:00,72.88,73.22,72.8,73.11,10007.0,73.016
2026-05-27 11:19:00-04:00,73.22,73.33,73.22,73.28,7780.0,73.3
2026-05-27 11:20:00-04:00,73.28,73.6,73.28,73.49,4528.0,73.442
2026-05-27 11:21:00-04:00,73.37,73.37,72.95,72.97,7568.0,73.159
2026-05-27 11:22:00-04:00,73.0,73.17,72.55,72.77,33438.0,72.929
2026-05-27 11:23:00-04:00,72.85,72.97,72.85,72.97,1500.0,72.921
2026-05-27 11:24:00-04:00,73.02,73.14,73.01,73.14,6200.0,73.026
2026-05-27 11:25:00-04:00,73.37,73.45,73.29,73.38,1702.0,73.397
2026-05-27 11:26:00-04:00,73.4,73.4,73.0,73.0,8979.0,73.127
2026-05-27 11:27:00-04:00,73.28,73.66,72.92,73.66,8003.0,73.255
2026-05-27 11:28:00-04:00,73.63,73.63,73.25,73.28,3561.0,73.483
2026-05-27 11:29:00-04:00,73.44,73.45,72.96,73.27,9419.0,73.281
2026-05-27 11:30:00-04:00,73.41,74.0,73.32,73.91,6842.0,73.601
2026-05-27 11:31:00-04:00,73.9,73.98,73.65,73.65,1480.0,73.813
2026-05-27 11:32:00-04:00,73.77,73.9,73.61,73.8,17079.0,73.812
2026-05-27 11:33:00-04:00,73.79,73.79,73.69,73.78,953.0,73.763
2026-05-27 11:34:00-04:00,73.78,73.78,73.63,73.63,900.0,73.763
2026-05-27 11:35:00-04:00,73.63,73.73,73.35,73.36,7000.0,73.58
2026-05-27 11:36:00-04:00,73.31,73.31,72.88,72.91,3768.0,73.061
2026-05-27 11:37:00-04:00,72.84,73.27,72.67,73.09,8355.0,72.888
2026-05-27 11:38:00-04:00,73.03,73.15,72.76,72.77,5241.0,72.964
2026-05-27 11:39:00-04:00,72.71,72.74,72.66,72.73,4617.0,72.704
2026-05-27 11:40:00-04:00,72.78,72.93,72.29,72.29,12588.0,72.655
2026-05-27 11:41:00-04:00,72.4,72.58,72.4,72.55,7602.0,72.466
2026-05-27 11:42:00-04:00,72.47,72.72,72.45,72.54,20009.0,72.508
2026-05-27 11:43:00-04:00,72.54,72.6,72.39,72.39,12012.0,72.534
2026-05-27 11:44:00-04:00,72.37,72.5,72.15,72.36,17332.0,72.262
2026-05-27 11:45:00-04:00,72.35,72.69,72.34,72.34,2299.0,72.474
2026-05-27 11:46:00-04:00,72.35,72.36,72.0,72.27,8698.0,72.17
2026-05-27 11:47:00-04:00,72.27,72.31,72.0,72.14,7723.0,72.08
2026-05-27 11:48:00-04:00,72.14,72.15,71.6,71.72,15802.0,71.888
2026-05-27 11:49:00-04:00,71.73,71.82,71.58,71.72,7601.0,71.695
2026-05-27 11:50:00-04:00,71.59,72.13,71.59,71.93,6018.0,71.893
2026-05-27 11:51:00-04:00,71.97,72.14,71.79,71.97,1733.0,71.893
2026-05-27 11:52:00-04:00,71.8,72.07,71.79,71.98,5423.0,71.836
2026-05-27 11:53:00-04:00,72.14,72.64,72.14,72.57,6518.0,72.515
2026-05-27 11:54:00-04:00,72.63,72.8,72.59,72.8,625.0,72.7
2026-05-27 11:55:00-04:00,72.63,72.64,72.63,72.63,100.0,72.635
2026-05-27 11:56:00-04:00,72.63,72.8,72.5,72.8,6280.0,72.683
2026-05-27 11:57:00-04:00,72.8,73.0,72.8,72.87,2584.0,72.881
2026-05-27 11:58:00-04:00,72.89,73.0,72.87,73.0,2208.0,72.971
2026-05-27 11:59:00-04:00,73.0,73.0,72.82,72.89,1758.0,72.893
2026-05-27 12:00:00-04:00,72.88,72.88,72.67,72.67,8529.0,72.786
2026-05-27 12:01:00-04:00,72.75,72.93,72.75,72.82,899.0,72.818
2026-05-27 12:02:00-04:00,72.8,72.8,72.7,72.73,1896.0,72.767
2026-05-27 12:03:00-04:00,72.72,72.93,72.72,72.77,747.0,72.799
2026-05-27 12:04:00-04:00,72.82,72.89,72.69,72.88,5760.0,72.753
2026-05-27 12:05:00-04:00,72.89,72.89,72.65,72.66,3673.0,72.682
2026-05-27 12:06:00-04:00,72.75,72.79,72.5,72.52,7148.0,72.592
2026-05-27 12:07:00-04:00,72.52,72.84,72.52,72.77,2931.0,72.719
2026-05-27 12:08:00-04:00,72.85,73.09,72.79,73.02,5984.0,72.934
2026-05-27 12:09:00-04:00,73.11,73.17,73.02,73.12,2898.0,73.099
2026-05-27 12:10:00-04:00,73.2,73.21,72.9,72.99,7437.0,73.048
2026-05-27 12:11:00-04:00,72.99,73.75,72.99,73.74,17965.0,73.274
2026-05-27 12:12:00-04:00,73.62,73.78,73.56,73.78,4434.0,73.635
2026-05-27 12:13:00-04:00,73.83,73.84,73.75,73.8,6818.0,73.795
2026-05-27 12:14:00-04:00,73.82,73.82,73.6,73.8,11899.0,73.66
2026-05-27 12:15:00-04:00,73.81,73.87,73.63,73.74,2864.0,73.768
2026-05-27 12:16:00-04:00,73.73,73.89,73.52,73.52,6427.0,73.746
2026-05-27 12:17:00-04:00,73.53,73.53,73.5,73.5,1600.0,73.502
2026-05-27 12:18:00-04:00,73.4,73.4,73.27,73.38,2120.0,73.352
2026-05-27 12:19:00-04:00,73.38,73.64,73.37,73.64,2126.0,73.504
2026-05-27 12:20:00-04:00,73.56,73.56,73.56,73.56,100.0,73.56
2026-05-27 12:21:00-04:00,73.61,73.87,73.48,73.77,7296.0,73.626
2026-05-27 12:22:00-04:00,73.78,74.05,73.75,74.01,10346.0,73.924
2026-05-27 12:23:00-04:00,74.08,74.17,74.04,74.11,2848.0,74.124
2026-05-27 12:24:00-04:00,74.12,74.41,74.12,74.41,2228.0,74.268
2026-05-27 12:25:00-04:00,74.34,74.49,74.28,74.38,6130.0,74.34
2026-05-27 12:26:00-04:00,74.28,74.48,74.21,74.31,7834.0,74.317
2026-05-27 12:27:00-04:00,74.35,74.6,74.35,74.57,5643.0,74.524
2026-05-27 12:28:00-04:00,74.51,74.53,74.46,74.52,5966.0,74.508
2026-05-27 12:29:00-04:00,74.52,74.61,74.51,74.58,6806.0,74.565
2026-05-27 12:30:00-04:00,74.69,74.77,74.68,74.69,2250.0,74.73
2026-05-27 12:31:00-04:00,74.6,74.63,74.59,74.62,1904.0,74.601
2026-05-27 12:32:00-04:00,74.51,74.64,74.51,74.64,4053.0,74.558
2026-05-27 12:33:00-04:00,74.65,74.66,74.53,74.57,3410.0,74.595
2026-05-27 12:34:00-04:00,74.54,74.69,74.52,74.68,2301.0,74.578
2026-05-27 12:35:00-04:00,74.64,74.68,74.54,74.64,2949.0,74.589
2026-05-27 12:36:00-04:00,74.65,74.77,74.65,74.7,5690.0,74.714
2026-05-27 12:37:00-04:00,74.77,74.83,74.71,74.71,6495.0,74.784
2026-05-27 12:38:00-04:00,74.62,74.77,74.55,74.55,3154.0,74.626
2026-05-27 12:39:00-04:00,74.5,74.58,74.47,74.58,1350.0,74.52
2026-05-27 12:40:00-04:00,74.55,74.7,74.49,74.7,1929.0,74.575
2026-05-27 12:41:00-04:00,74.8,74.8,74.71,74.77,1773.0,74.729
2026-05-27 12:42:00-04:00,74.66,74.88,74.66,74.88,6241.0,74.795
2026-05-27 12:43:00-04:00,74.88,75.0,74.8,74.84,13492.0,74.919
2026-05-27 12:44:00-04:00,74.8,74.9,74.62,74.66,5766.0,74.743
2026-05-27 12:45:00-04:00,74.77,74.93,74.71,74.83,4433.0,74.839
2026-05-27 12:46:00-04:00,74.83,74.92,74.83,74.87,1369.0,74.878
2026-05-27 12:47:00-04:00,74.92,75.05,74.65,74.77,20829.0,74.951
2026-05-27 12:48:00-04:00,74.66,75.0,74.54,74.88,20048.0,74.738
2026-05-27 12:49:00-04:00,74.98,75.17,74.98,75.13,6659.0,75.064
2026-05-27 12:50:00-04:00,75.14,75.18,75.04,75.07,6820.0,75.08
2026-05-27 12:51:00-04:00,75.03,75.03,74.73,74.8,6454.0,74.845
2026-05-27 12:52:00-04:00,74.85,74.9,74.84,74.87,1837.0,74.854
2026-05-27 12:53:00-04:00,74.87,74.94,74.84,74.84,2304.0,74.894
2026-05-27 12:54:00-04:00,74.84,74.95,74.84,74.95,3368.0,74.872
2026-05-27 12:55:00-04:00,74.88,74.89,74.69,74.75,3628.0,74.766
2026-05-27 12:56:00-04:00,74.69,74.7,74.48,74.66,6105.0,74.594
2026-05-27 12:57:00-04:00,74.61,74.71,74.49,74.62,3135.0,74.613
2026-05-27 12:58:00-04:00,74.74,74.88,74.74,74.88,2654.0,74.797
2026-05-27 12:59:00-04:00,74.89,74.9,74.75,74.85,5480.0,74.839
2026-05-27 13:00:00-04:00,74.86,74.86,74.84,74.84,947.0,74.845
2026-05-27 13:01:00-04:00,74.84,74.86,74.77,74.77,1435.0,74.831
2026-05-27 13:02:00-04:00,74.93,74.93,74.85,74.86,1300.0,74.858
2026-05-27 13:03:00-04:00,74.87,74.92,74.7,74.7,3125.0,74.771
2026-05-27 13:04:00-04:00,74.66,74.66,74.49,74.56,3718.0,74.552
2026-05-27 13:05:00-04:00,74.45,74.57,74.34,74.57,7295.0,74.481
2026-05-27 13:06:00-04:00,74.53,74.59,74.41,74.59,12263.0,74.488
2026-05-27 13:07:00-04:00,74.5,74.51,74.34,74.41,6656.0,74.432
2026-05-27 13:08:00-04:00,74.47,74.75,74.43,74.55,14842.0,74.616
2026-05-27 13:09:00-04:00,74.52,74.53,74.35,74.41,11474.0,74.475
2026-05-27 13:10:00-04:00,74.39,74.63,74.39,74.58,4751.0,74.55
2026-05-27 13:11:00-04:00,74.51,74.54,74.15,74.19,14810.0,74.36
2026-05-27 13:12:00-04:00,74.12,74.4,74.12,74.25,2429.0,74.325
2026-05-27 13:13:00-04:00,74.38,74.44,74.34,74.44,3601.0,74.374
2026-05-27 13:14:00-04:00,74.36,74.53,74.36,74.49,1342.0,74.459
2026-05-27 13:15:00-04:00,74.62,74.72,74.48,74.72,2827.0,74.548
2026-05-27 13:16:00-04:00,74.65,74.91,74.65,74.91,5567.0,74.768
2026-05-27 13:17:00-04:00,74.91,74.99,74.85,74.99,1982.0,74.917
2026-05-27 13:18:00-04:00,74.92,75.06,74.82,75.06,12212.0,74.895
2026-05-27 13:19:00-04:00,75.03,75.1,74.95,75.07,3352.0,75.026
2026-05-27 13:20:00-04:00,75.12,75.25,75.12,75.2,8880.0,75.204
2026-05-27 13:21:00-04:00,75.21,75.23,75.17,75.17,1965.0,75.199
2026-05-27 13:22:00-04:00,75.22,75.28,75.16,75.28,4169.0,75.212
2026-05-27 13:23:00-04:00,75.23,75.43,75.23,75.39,8746.0,75.352
2026-05-27 13:24:00-04:00,75.41,75.42,75.35,75.41,5199.0,75.379
2026-05-27 13:25:00-04:00,75.4,75.4,75.32,75.36,5243.0,75.36
2026-05-27 13:26:00-04:00,75.36,75.4,75.13,75.13,9606.0,75.23
2026-05-27 13:27:00-04:00,75.13,75.14,74.93,75.05,5466.0,75.046
2026-05-27 13:28:00-04:00,74.97,75.02,74.95,75.0,1499.0,74.991
2026-05-27 13:29:00-04:00,74.9,75.11,74.85,74.96,3696.0,74.962
2026-05-27 13:30:00-04:00,75.0,75.11,75.0,75.11,880.0,75.027
2026-05-27 13:31:00-04:00,74.95,74.98,74.89,74.96,1996.0,74.946
2026-05-27 13:32:00-04:00,75.0,75.01,74.97,75.01,790.0,75.003
2026-05-27 13:33:00-04:00,75.03,75.09,74.92,75.06,3634.0,75.018
2026-05-27 13:34:00-04:00,75.13,75.13,74.93,74.93,2916.0,75.009
2026-05-27 13:35:00-04:00,74.91,74.92,74.63,74.63,1826.0,74.76
2026-05-27 13:36:00-04:00,74.6,74.72,74.55,74.69,8908.0,74.58
2026-05-27 13:37:00-04:00,74.74,74.74,74.61,74.74,809.0,74.699
2026-05-27 13:38:00-04:00,74.55,74.69,74.52,74.69,3000.0,74.565
2026-05-27 13:39:00-04:00,74.69,74.69,74.5,74.53,6133.0,74.544
2026-05-27 13:40:00-04:00,74.53,74.67,74.49,74.61,12224.0,74.526
2026-05-27 13:41:00-04:00,74.6,74.6,74.6,74.6,250.0,74.6
2026-05-27 13:42:00-04:00,74.59,74.6,74.59,74.6,750.0,74.593
2026-05-27 13:43:00-04:00,74.67,74.67,74.63,74.63,400.0,74.653
2026-05-27 13:44:00-04:00,74.62,74.75,74.4,74.4,12041.0,74.556
2026-05-27 13:45:00-04:00,74.39,74.39,74.2,74.26,3063.0,74.3
2026-05-27 13:46:00-04:00,74.21,74.3,74.19,74.29,1400.0,74.268
2026-05-27 13:47:00-04:00,74.35,74.85,74.31,74.69,5931.0,74.543
2026-05-27 13:48:00-04:00,74.69,74.7,74.69,74.69,300.0,74.695
2026-05-27 13:49:00-04:00,74.71,74.71,74.67,74.67,1000.0,74.684
2026-05-27 13:50:00-04:00,74.77,74.77,74.07,74.19,8675.0,74.348
2026-05-27 13:51:00-04:00,74.24,74.29,74.11,74.29,3958.0,74.205
2026-05-27 13:52:00-04:00,74.4,74.42,74.22,74.33,2221.0,74.294
2026-05-27 13:53:00-04:00,74.33,74.33,74.15,74.15,1897.0,74.241
2026-05-27 13:54:00-04:00,74.13,74.15,74.09,74.09,3336.0,74.116
2026-05-27 13:55:00-04:00,74.0,74.18,73.85,73.85,7672.0,73.971
2026-05-27 13:56:00-04:00,73.79,73.81,73.72,73.72,1368.0,73.778
2026-05-27 13:57:00-04:00,73.65,73.65,73.11,73.42,6342.0,73.434
2026-05-27 13:58:00-04:00,73.56,73.88,73.28,73.88,6664.0,73.73
2026-05-27 13:59:00-04:00,73.98,74.03,73.93,74.03,950.0,73.97
2026-05-27 14:00:00-04:00,74.02,74.02,73.78,73.78,2554.0,73.874
2026-05-27 14:01:00-04:00,73.74,73.74,73.58,73.67,1607.0,73.668
2026-05-27 14:02:00-04:00,73.67,73.9,73.67,73.77,1020.0,73.799
2026-05-27 14:03:00-04:00,73.78,74.01,73.78,74.01,741.0,73.966
2026-05-27 14:04:00-04:00,73.82,74.09,73.82,74.04,998.0,74.026
2026-05-27 14:05:00-04:00,74.03,74.23,74.03,74.19,7792.0,74.133
2026-05-27 14:06:00-04:00,74.13,74.37,74.13,74.37,700.0,74.283
2026-05-27 14:07:00-04:00,74.36,74.47,74.36,74.37,600.0,74.383
2026-05-27 14:08:00-04:00,74.36,74.55,74.17,74.38,10276.0,74.341
2026-05-27 14:09:00-04:00,74.43,74.44,74.28,74.36,3132.0,74.388
2026-05-27 14:10:00-04:00,74.43,74.45,74.31,74.31,7025.0,74.374
2026-05-27 14:11:00-04:00,74.3,74.41,74.13,74.13,4769.0,74.224
2026-05-27 14:12:00-04:00,74.05,74.17,74.05,74.16,1350.0,74.147
2026-05-27 14:13:00-04:00,74.15,74.25,74.04,74.25,3694.0,74.172
2026-05-27 14:14:00-04:00,74.27,74.29,74.17,74.28,1320.0,74.216
2026-05-27 14:15:00-04:00,74.28,74.29,74.14,74.15,4949.0,74.19
2026-05-27 14:16:00-04:00,74.09,74.1,73.98,74.08,4612.0,74.036
2026-05-27 14:17:00-04:00,74.15,74.28,74.15,74.28,700.0,74.207
2026-05-27 14:18:00-04:00,74.34,74.4,74.34,74.39,2999.0,74.346
2026-05-27 14:19:00-04:00,74.32,74.35,74.21,74.24,3844.0,74.274
2026-05-27 14:20:00-04:00,74.28,74.36,74.18,74.18,1329.0,74.212
2026-05-27 14:21:00-04:00,74.19,74.2,74.02,74.09,3584.0,74.138
2026-05-27 14:22:00-04:00,74.04,74.04,74.04,74.04,370.0,74.04
2026-05-27 14:23:00-04:00,74.03,74.3,74.0,74.15,5755.0,74.166
2026-05-27 14:24:00-04:00,74.15,74.21,73.92,74.16,5564.0,74.011
2026-05-27 14:25:00-04:00,74.23,74.23,74.23,74.23,143.0,74.23
2026-05-27 14:26:00-04:00,74.23,74.3,73.87,73.87,4468.0,74.18
2026-05-27 14:27:00-04:00,73.86,73.91,73.74,73.74,5304.0,73.84
2026-05-27 14:28:00-04:00,73.79,73.81,73.72,73.81,2499.0,73.753
2026-05-27 14:29:00-04:00,73.81,74.01,73.59,73.98,9416.0,73.731
2026-05-27 14:30:00-04:00,73.94,73.94,73.84,73.84,520.0,73.898
2026-05-27 14:31:00-04:00,73.8,73.8,73.77,73.77,1533.0,73.794
2026-05-27 14:32:00-04:00,73.8,73.87,73.44,73.44,9608.0,73.74
2026-05-27 14:33:00-04:00,73.44,73.84,73.44,73.83,6182.0,73.62
2026-05-27 14:34:00-04:00,73.82,73.82,73.82,73.82,200.0,73.82
2026-05-27 14:35:00-04:00,73.84,73.95,73.84,73.91,1920.0,73.917
2026-05-27 14:36:00-04:00,73.96,74.05,73.93,73.93,2114.0,73.968
2026-05-27 14:37:00-04:00,74.02,74.07,73.62,73.62,6628.0,73.851
2026-05-27 14:38:00-04:00,73.64,73.75,73.6,73.68,3441.0,73.659
2026-05-27 14:39:00-04:00,73.64,73.64,73.44,73.5,4162.0,73.516
2026-05-27 14:40:00-04:00,73.44,73.52,73.41,73.51,1731.0,73.456
2026-05-27 14:41:00-04:00,73.51,73.62,73.5,73.54,3146.0,73.557
2026-05-27 14:42:00-04:00,73.65,73.85,73.57,73.85,2605.0,73.684
2026-05-27 14:43:00-04:00,73.76,73.81,73.75,73.77,2119.0,73.764
2026-05-27 14:44:00-04:00,73.76,73.76,73.63,73.63,1659.0,73.669
2026-05-27 14:45:00-04:00,73.66,73.8,73.61,73.73,2215.0,73.715
2026-05-27 14:46:00-04:00,73.73,73.84,73.66,73.66,3406.0,73.771
2026-05-27 14:47:00-04:00,73.66,73.76,73.58,73.72,1921.0,73.694
2026-05-27 14:48:00-04:00,73.75,73.76,73.73,73.73,2586.0,73.739
2026-05-27 14:49:00-04:00,73.64,73.69,73.52,73.55,2965.0,73.61
2026-05-27 14:50:00-04:00,73.57,73.57,73.48,73.48,1411.0,73.509
2026-05-27 14:51:00-04:00,73.38,73.49,73.38,73.48,408.0,73.457
2026-05-27 14:52:00-04:00,73.6,73.69,73.57,73.69,1799.0,73.633
2026-05-27 14:53:00-04:00,73.75,73.91,73.73,73.74,7013.0,73.816
2026-05-27 14:54:00-04:00,73.74,73.84,73.69,73.77,1625.0,73.763
2026-05-27 14:55:00-04:00,73.78,73.78,73.68,73.73,1978.0,73.709
2026-05-27 14:56:00-04:00,73.71,73.78,73.57,73.59,6315.0,73.681
2026-05-27 14:57:00-04:00,73.66,73.67,73.59,73.61,750.0,73.634
2026-05-27 14:58:00-04:00,73.64,73.77,73.55,73.74,4126.0,73.637
2026-05-27 14:59:00-04:00,73.76,73.79,73.63,73.78,6081.0,73.715
2026-05-27 15:00:00-04:00,73.81,73.92,73.61,73.61,4147.0,73.761
2026-05-27 15:01:00-04:00,73.74,73.94,73.74,73.94,788.0,73.834
2026-05-27 15:02:00-04:00,73.9,74.04,73.89,73.97,4401.0,73.974
2026-05-27 15:03:00-04:00,73.98,73.98,73.75,73.75,2050.0,73.859
2026-05-27 15:04:00-04:00,73.74,73.86,73.69,73.86,3246.0,73.775
2026-05-27 15:05:00-04:00,73.93,73.93,73.8,73.81,2060.0,73.839
2026-05-27 15:06:00-04:00,73.84,73.84,73.49,73.49,16067.0,73.613
2026-05-27 15:07:00-04:00,73.6,73.82,73.6,73.82,1000.0,73.724
2026-05-27 15:08:00-04:00,73.92,73.92,73.73,73.73,2043.0,73.77
2026-05-27 15:09:00-04:00,73.69,73.69,73.65,73.65,600.0,73.666
2026-05-27 15:10:00-04:00,73.76,73.87,73.66,73.77,1567.0,73.78
2026-05-27 15:11:00-04:00,73.81,73.9,73.76,73.89,3476.0,73.881
2026-05-27 15:12:00-04:00,73.91,74.2,73.88,73.98,7301.0,73.991
2026-05-27 15:13:00-04:00,74.01,74.01,73.65,73.65,2250.0,73.798
2026-05-27 15:14:00-04:00,73.67,73.73,73.67,73.73,400.0,73.713
2026-05-27 15:15:00-04:00,73.77,73.93,73.75,73.75,3246.0,73.864
2026-05-27 15:16:00-04:00,73.78,73.79,73.78,73.78,300.0,73.785
2026-05-27 15:17:00-04:00,73.78,74.38,73.7,74.2,13353.0,74.078
2026-05-27 15:18:00-04:00,74.3,74.3,73.96,74.25,5800.0,74.154
2026-05-27 15:19:00-04:00,74.16,74.36,74.09,74.24,2359.0,74.2
2026-05-27 15:20:00-04:00,74.27,74.68,74.13,74.68,10161.0,74.385
2026-05-27 15:21:00-04:00,74.65,74.76,74.52,74.69,6841.0,74.71
2026-05-27 15:22:00-04:00,74.65,74.72,74.63,74.63,3426.0,74.667
2026-05-27 15:23:00-04:00,74.66,74.67,74.44,74.48,2681.0,74.55
2026-05-27 15:24:00-04:00,74.42,74.5,74.29,74.36,1746.0,74.395
2026-05-27 15:25:00-04:00,74.37,74.48,74.34,74.34,1278.0,74.408
2026-05-27 15:26:00-04:00,74.25,74.27,74.16,74.16,2265.0,74.223
2026-05-27 15:27:00-04:00,74.25,74.3,74.23,74.29,1476.0,74.254
2026-05-27 15:28:00-04:00,74.25,74.46,74.22,74.27,18210.0,74.304
2026-05-27 15:29:00-04:00,74.24,74.3,73.94,73.98,29952.0,74.16
2026-05-27 15:30:00-04:00,74.07,74.07,73.72,73.87,7566.0,73.914
2026-05-27 15:31:00-04:00,73.87,74.01,73.61,73.92,7652.0,73.768
2026-05-27 15:32:00-04:00,73.87,74.03,73.81,73.91,7184.0,73.868
2026-05-27 15:33:00-04:00,74.0,74.15,73.93,74.12,2131.0,74.065
2026-05-27 15:34:00-04:00,74.07,74.12,74.04,74.08,4428.0,74.074
2026-05-27 15:35:00-04:00,74.08,74.31,74.04,74.3,4744.0,74.159
2026-05-27 15:36:00-04:00,74.25,74.25,73.94,73.94,10844.0,74.143
2026-05-27 15:37:00-04:00,73.88,73.89,73.88,73.88,300.0,73.885
2026-05-27 15:38:00-04:00,73.85,73.99,73.79,73.94,7063.0,73.875
2026-05-27 15:39:00-04:00,73.79,74.01,73.74,73.84,13334.0,73.902
2026-05-27 15:40:00-04:00,73.84,74.01,73.83,73.83,2250.0,73.886
2026-05-27 15:41:00-04:00,73.85,73.94,73.7,73.89,2068.0,73.862
2026-05-27 15:42:00-04:00,73.85,74.05,73.84,73.84,8707.0,73.945
2026-05-27 15:43:00-04:00,73.77,73.87,73.72,73.84,8013.0,73.775
2026-05-27 15:44:00-04:00,73.89,73.93,73.45,73.45,6962.0,73.69
2026-05-27 15:45:00-04:00,73.53,73.63,73.45,73.52,19917.0,73.555
2026-05-27 15:46:00-04:00,73.52,73.76,73.52,73.69,10154.0,73.639
2026-05-27 15:47:00-04:00,73.69,73.77,73.62,73.68,4133.0,73.676
2026-05-27 15:48:00-04:00,73.67,73.7,73.57,73.57,4703.0,73.644
2026-05-27 15:49:00-04:00,73.55,73.68,73.5,73.67,3049.0,73.578
2026-05-27 15:50:00-04:00,73.59,73.59,73.21,73.22,15981.0,73.439
2026-05-27 15:51:00-04:00,73.22,73.3,73.2,73.2,5476.0,73.262
2026-05-27 15:52:00-04:00,73.24,73.49,73.2,73.34,8345.0,73.286
2026-05-27 15:53:00-04:00,73.37,73.43,73.27,73.29,17126.0,73.344
2026-05-27 15:54:00-04:00,73.3,73.3,72.91,72.99,15977.0,73.098
2026-05-27 15:55:00-04:00,72.91,73.17,72.8,73.13,19697.0,73.043
2026-05-27 15:56:00-04:00,73.12,73.27,73.05,73.06,17551.0,73.141
2026-05-27 15:57:00-04:00,73.06,73.36,73.05,73.08,27867.0,73.162
2026-05-27 15:58:00-04:00,73.05,73.24,72.99,73.22,46337.0,73.116
2026-05-27 15:59:00-04:00,73.22,73.45,73.21,73.24,82404.0,73.285
2026-05-28 09:30:00-04:00,72.48,73.0,71.6,73.0,62456.0,72.353
2026-05-28 09:31:00-04:00,72.85,72.92,72.25,72.47,13106.0,72.453
2026-05-28 09:32:00-04:00,72.47,73.03,72.23,72.23,5154.0,72.603
2026-05-28 09:33:00-04:00,72.69,72.7,72.46,72.69,504.0,72.648
2026-05-28 09:34:00-04:00,72.31,72.83,72.31,72.46,6300.0,72.366
2026-05-28 09:35:00-04:00,72.47,72.47,71.45,71.55,21947.0,72.041
2026-05-28 09:36:00-04:00,71.66,72.4,71.66,72.11,5372.0,72.013
2026-05-28 09:37:00-04:00,71.99,72.2,71.79,72.0,18524.0,72.027
2026-05-28 09:38:00-04:00,71.85,72.69,71.85,72.41,21427.0,72.382
2026-05-28 09:39:00-04:00,72.64,72.64,72.41,72.64,2710.0,72.556
2026-05-28 09:40:00-04:00,72.68,72.8,72.57,72.61,640.0,72.692
2026-05-28 09:41:00-04:00,72.65,72.9,72.5,72.5,2932.0,72.735
2026-05-28 09:42:00-04:00,72.51,72.61,72.18,72.25,3950.0,72.325
2026-05-28 09:43:00-04:00,72.25,72.29,71.45,71.45,20681.0,71.986
2026-05-28 09:44:00-04:00,71.5,71.98,71.5,71.66,3002.0,71.768
2026-05-28 09:45:00-04:00,71.83,72.21,71.41,71.95,5132.0,71.901
2026-05-28 09:46:00-04:00,72.31,72.81,72.01,72.8,9091.0,72.342
2026-05-28 09:47:00-04:00,72.98,72.98,72.38,72.8,7178.0,72.854
2026-05-28 09:48:00-04:00,72.83,73.0,72.51,72.96,11105.0,72.838
2026-05-28 09:49:00-04:00,73.0,73.33,72.58,72.58,12933.0,73.09
2026-05-28 09:50:00-04:00,72.97,72.98,72.55,72.7,2754.0,72.712
2026-05-28 09:51:00-04:00,72.62,72.73,71.9,72.3,1068.0,72.365
2026-05-28 09:52:00-04:00,72.44,72.44,71.65,72.16,13855.0,71.952
2026-05-28 09:53:00-04:00,72.13,72.13,71.42,71.58,9585.0,71.718
2026-05-28 09:54:00-04:00,71.84,71.95,71.22,71.22,10263.0,71.465
2026-05-28 09:55:00-04:00,71.25,71.57,71.25,71.56,3347.0,71.441
2026-05-28 09:56:00-04:00,71.52,71.8,71.39,71.41,4841.0,71.561
2026-05-28 09:57:00-04:00,71.7,71.99,71.63,71.75,5280.0,71.821
2026-05-28 09:58:00-04:00,71.97,72.9,71.97,72.9,20451.0,72.626
2026-05-28 09:59:00-04:00,72.74,72.84,72.6,72.8,5757.0,72.777
2026-05-28 10:00:00-04:00,72.9,73.71,72.9,73.58,34054.0,73.296
2026-05-28 10:01:00-04:00,73.65,73.69,73.13,73.34,8917.0,73.405
2026-05-28 10:02:00-04:00,73.31,73.31,72.71,72.74,7096.0,72.929
2026-05-28 10:03:00-04:00,72.74,72.77,72.35,72.5,11087.0,72.514
2026-05-28 10:04:00-04:00,72.49,72.64,72.44,72.64,2092.0,72.561
2026-05-28 10:05:00-04:00,72.5,72.72,72.44,72.72,4969.0,72.501
2026-05-28 10:06:00-04:00,72.62,72.86,72.26,72.26,1308.0,72.573
2026-05-28 10:07:00-04:00,72.3,72.33,72.29,72.3,600.0,72.305
2026-05-28 10:08:00-04:00,72.42,72.61,72.42,72.6,327.0,72.479
2026-05-28 10:09:00-04:00,72.6,72.86,72.51,72.77,871.0,72.687
2026-05-28 10:10:00-04:00,72.82,73.3,72.45,73.23,7523.0,72.931
2026-05-28 10:11:00-04:00,73.4,73.88,73.08,73.87,4953.0,73.544
2026-05-28 10:12:00-04:00,73.99,74.4,73.8,74.25,8389.0,74.186
2026-05-28 10:13:00-04:00,74.25,74.33,73.58,73.72,16442.0,74.006
2026-05-28 10:14:00-04:00,73.94,74.31,73.94,74.16,8231.0,74.126
2026-05-28 10:15:00-04:00,74.01,74.3,74.01,74.3,3497.0,74.193
2026-05-28 10:16:00-04:00,74.12,74.3,73.69,74.09,26704.0,73.958
2026-05-28 10:17:00-04:00,74.27,74.62,74.06,74.07,15763.0,74.236
2026-05-28 10:18:00-04:00,74.09,74.4,73.72,74.19,7821.0,73.902
2026-05-28 10:19:00-04:00,74.25,74.6,74.25,74.27,800.0,74.304
2026-05-28 10:20:00-04:00,74.27,74.98,74.27,74.33,21362.0,74.704
2026-05-28 10:21:00-04:00,74.33,74.4,74.11,74.32,19645.0,74.318
2026-05-28 10:22:00-04:00,74.32,74.32,74.0,74.09,13118.0,74.188
2026-05-28 10:23:00-04:00,74.0,74.28,74.0,74.28,941.0,74.11
2026-05-28 10:24:00-04:00,73.91,74.41,73.81,74.41,5098.0,73.934
2026-05-28 10:25:00-04:00,74.23,74.6,74.23,74.59,1831.0,74.508
2026-05-28 10:26:00-04:00,74.59,74.61,74.42,74.44,1466.0,74.513
2026-05-28 10:27:00-04:00,74.4,74.4,74.19,74.26,11578.0,74.265
2026-05-28 10:28:00-04:00,74.41,74.41,74.29,74.29,740.0,74.339
2026-05-28 10:29:00-04:00,74.34,74.55,74.27,74.49,2187.0,74.373
2026-05-28 10:30:00-04:00,74.5,74.5,74.21,74.26,2751.0,74.338
2026-05-28 10:31:00-04:00,74.22,74.42,74.18,74.18,5397.0,74.335
2026-05-28 10:32:00-04:00,74.23,74.23,74.11,74.19,2003.0,74.168
2026-05-28 10:33:00-04:00,74.23,74.4,74.12,74.31,4211.0,74.239
2026-05-28 10:34:00-04:00,74.46,74.7,74.31,74.69,27238.0,74.527
2026-05-28 10:35:00-04:00,74.83,75.14,74.83,75.04,8781.0,75.0
2026-05-28 10:36:00-04:00,75.09,75.09,74.4,74.4,5889.0,74.594
2026-05-28 10:37:00-04:00,74.4,74.63,74.29,74.6,4100.0,74.46
2026-05-28 10:38:00-04:00,74.61,74.81,74.6,74.73,2100.0,74.718
2026-05-28 10:39:00-04:00,74.83,74.84,74.63,74.71,2177.0,74.739
2026-05-28 10:40:00-04:00,74.92,75.07,74.61,74.61,6514.0,74.79
2026-05-28 10:41:00-04:00,74.88,74.93,74.61,74.93,2396.0,74.816
2026-05-28 10:42:00-04:00,74.68,74.83,74.25,74.38,6031.0,74.385
2026-05-28 10:43:00-04:00,74.2,74.48,74.1,74.3,2467.0,74.301
2026-05-28 10:44:00-04:00,74.24,74.27,74.08,74.14,3990.0,74.128
2026-05-28 10:45:00-04:00,74.02,74.33,74.02,74.25,5216.0,74.199
2026-05-28 10:46:00-04:00,74.25,74.32,73.98,74.11,9423.0,74.14
2026-05-28 10:47:00-04:00,74.11,74.11,74.11,74.11,0.0,74.11
2026-05-28 10:48:00-04:00,74.09,74.1,73.8,73.86,7372.0,73.956
2026-05-28 10:49:00-04:00,73.86,73.91,73.41,73.53,4260.0,73.579
2026-05-28 10:50:00-04:00,73.53,73.78,73.47,73.66,3974.0,73.65
2026-05-28 10:51:00-04:00,73.69,73.69,73.13,73.49,16100.0,73.433
2026-05-28 10:52:00-04:00,73.55,73.85,73.54,73.81,6591.0,73.751
2026-05-28 10:53:00-04:00,73.83,74.07,73.83,73.92,4504.0,73.946
2026-05-28 10:54:00-04:00,73.84,73.85,73.84,73.84,1000.0,73.848
2026-05-28 10:55:00-04:00,73.75,73.77,73.55,73.77,3394.0,73.702
2026-05-28 10:56:00-04:00,73.61,73.67,73.13,73.41,7054.0,73.497
2026-05-28 10:57:00-04:00,73.5,73.5,73.22,73.22,1842.0,73.338
2026-05-28 10:58:00-04:00,73.22,73.3,73.02,73.3,1650.0,73.21
2026-05-28 10:59:00-04:00,73.2,73.21,73.19,73.19,337.0,73.2
2026-05-28 11:00:00-04:00,73.21,73.38,73.21,73.38,800.0,73.277
2026-05-28 11:01:00-04:00,73.2,73.2,73.19,73.19,1271.0,73.196
2026-05-28 11:02:00-04:00,73.24,73.34,72.92,73.0,14338.0,73.119
2026-05-28 11:03:00-04:00,72.8,72.84,72.56,72.84,9959.0,72.738
2026-05-28 11:04:00-04:00,72.55,72.84,72.44,72.84,7749.0,72.537
2026-05-28 11:05:00-04:00,72.67,72.76,72.67,72.73,1150.0,72.723
2026-05-28 11:06:00-04:00,72.72,72.72,72.32,72.44,7912.0,72.462
2026-05-28 11:07:00-04:00,72.4,72.65,72.4,72.58,2057.0,72.526
2026-05-28 11:08:00-04:00,72.66,72.66,72.0,72.23,11478.0,72.086
2026-05-28 11:09:00-04:00,72.24,72.36,72.01,72.29,3181.0,72.2
2026-05-28 11:10:00-04:00,72.29,72.29,72.08,72.19,10064.0,72.161
2026-05-28 11:11:00-04:00,72.19,72.19,71.9,72.0,16789.0,72.037
2026-05-28 11:12:00-04:00,72.02,72.39,72.02,72.34,7701.0,72.29
2026-05-28 11:13:00-04:00,72.41,72.47,72.26,72.3,10517.0,72.366
2026-05-28 11:14:00-04:00,72.2,72.3,72.1,72.3,2739.0,72.223
2026-05-28 11:15:00-04:00,72.31,72.33,72.23,72.33,1128.0,72.274
2026-05-28 11:16:00-04:00,72.33,72.42,72.26,72.42,500.0,72.369
2026-05-28 11:17:00-04:00,72.27,72.67,72.27,72.67,3486.0,72.479
2026-05-28 11:18:00-04:00,72.67,72.97,72.59,72.71,6680.0,72.839
2026-05-28 11:19:00-04:00,72.77,72.77,72.61,72.75,640.0,72.739
2026-05-28 11:20:00-04:00,72.6,72.65,72.46,72.46,10773.0,72.54
2026-05-28 11:21:00-04:00,72.4,72.4,72.38,72.39,796.0,72.391
2026-05-28 11:22:00-04:00,72.3,72.61,72.3,72.59,11911.0,72.411
2026-05-28 11:23:00-04:00,72.52,72.73,72.51,72.6,5743.0,72.606
2026-05-28 11:24:00-04:00,72.58,72.67,72.37,72.55,2599.0,72.499
2026-05-28 11:25:00-04:00,72.46,72.56,72.36,72.56,3634.0,72.399
2026-05-28 11:26:00-04:00,72.32,72.5,72.32,72.49,994.0,72.395
2026-05-28 11:27:00-04:00,72.5,72.56,72.27,72.37,4897.0,72.416
2026-05-28 11:28:00-04:00,72.5,72.51,72.47,72.47,740.0,72.489
2026-05-28 11:29:00-04:00,72.74,72.74,72.37,72.5,1583.0,72.536
2026-05-28 11:30:00-04:00,72.5,72.61,71.8,71.85,18999.0,72.053
2026-05-28 11:31:00-04:00,71.95,72.07,71.81,71.98,9498.0,71.991
2026-05-28 11:32:00-04:00,72.08,72.08,71.81,71.81,4022.0,71.916
2026-05-28 11:33:00-04:00,71.94,71.96,71.94,71.95,443.0,71.95
2026-05-28 11:34:00-04:00,72.13,72.3,72.13,72.14,1305.0,72.204
2026-05-28 11:35:00-04:00,72.15,72.15,72.15,72.15,143.0,72.15
2026-05-28 11:36:00-04:00,72.01,72.02,71.81,71.81,2868.0,71.974
2026-05-28 11:37:00-04:00,72.16,72.16,71.8,71.81,3019.0,71.992
2026-05-28 11:38:00-04:00,71.91,72.04,71.81,72.04,1054.0,71.938
2026-05-28 11:39:00-04:00,72.14,72.19,72.0,72.16,2751.0,72.086
2026-05-28 11:40:00-04:00,72.19,72.3,72.09,72.09,1840.0,72.2
2026-05-28 11:41:00-04:00,72.08,72.14,71.96,72.08,1372.0,72.048
2026-05-28 11:42:00-04:00,72.03,72.04,71.93,71.93,400.0,72.009
2026-05-28 11:43:00-04:00,71.93,71.93,71.81,71.81,2197.0,71.908
2026-05-28 11:44:00-04:00,71.79,71.84,71.62,71.64,5248.0,71.712
2026-05-28 11:45:00-04:00,71.66,71.72,71.55,71.7,1924.0,71.632
2026-05-28 11:46:00-04:00,71.55,71.77,71.5,71.5,5241.0,71.571
2026-05-28 11:47:00-04:00,71.46,71.5,71.25,71.35,1919.0,71.367
2026-05-28 11:48:00-04:00,71.25,71.42,71.25,71.34,6178.0,71.267
2026-05-28 11:49:00-04:00,71.58,71.66,71.33,71.47,600.0,71.543
2026-05-28 11:50:00-04:00,71.37,71.55,71.03,71.03,8378.0,71.224
2026-05-28 11:51:00-04:00,71.0,71.21,70.88,71.09,16285.0,71.012
2026-05-28 11:52:00-04:00,71.07,71.08,71.04,71.04,2673.0,71.06
2026-05-28 11:53:00-04:00,71.17,71.17,71.08,71.08,1178.0,71.159
2026-05-28 11:54:00-04:00,70.95,71.07,70.95,70.95,1081.0,70.975
2026-05-28 11:55:00-04:00,70.89,70.94,70.6,70.72,9979.0,70.767
2026-05-28 11:56:00-04:00,70.75,70.98,70.71,70.88,5743.0,70.89
2026-05-28 11:57:00-04:00,70.88,71.15,70.88,71.14,1483.0,71.016
2026-05-28 11:58:00-04:00,71.15,71.3,71.0,71.0,708.0,71.173
2026-05-28 11:59:00-04:00,71.14,71.43,71.14,71.3,2360.0,71.303
2026-05-28 12:00:00-04:00,71.44,71.76,71.37,71.58,9210.0,71.639
2026-05-28 12:01:00-04:00,71.47,71.7,71.39,71.49,2275.0,71.476
2026-05-28 12:02:00-04:00,71.45,71.52,71.45,71.51,1000.0,71.465
2026-05-28 12:03:00-04:00,71.48,71.49,71.47,71.47,330.0,71.476
2026-05-28 12:04:00-04:00,71.56,71.64,71.55,71.63,2001.0,71.602
2026-05-28 12:05:00-04:00,71.56,71.77,71.54,71.77,2141.0,71.633
2026-05-28 12:06:00-04:00,71.77,71.78,71.56,71.69,3662.0,71.682
2026-05-28 12:07:00-04:00,71.65,72.0,71.65,71.98,4946.0,71.896
2026-05-28 12:08:00-04:00,71.98,72.14,71.56,71.56,3077.0,71.871
2026-05-28 12:09:00-04:00,71.62,71.64,71.62,71.64,566.0,71.635
2026-05-28 12:10:00-04:00,71.74,71.74,71.5,71.52,1300.0,71.574
2026-05-28 12:11:00-04:00,71.52,71.59,71.46,71.59,700.0,71.53
2026-05-28 12:12:00-04:00,71.47,71.68,71.32,71.33,1286.0,71.566
2026-05-28 12:13:00-04:00,71.32,71.55,71.25,71.41,3088.0,71.333
2026-05-28 12:14:00-04:00,71.45,71.55,71.25,71.5,1756.0,71.372
2026-05-28 12:15:00-04:00,71.62,71.62,71.62,71.62,669.0,71.62
2026-05-28 12:16:00-04:00,71.48,71.59,71.48,71.48,846.0,71.497
2026-05-28 12:17:00-04:00,71.49,71.84,71.49,71.84,4454.0,71.703
2026-05-28 12:18:00-04:00,71.3,71.64,71.28,71.28,1851.0,71.476
2026-05-28 12:19:00-04:00,71.32,71.41,71.28,71.4,1576.0,71.357
2026-05-28 12:20:00-04:00,71.5,71.5,71.17,71.17,1578.0,71.445
2026-05-28 12:21:00-04:00,71.1,71.1,70.8,70.87,3487.0,70.994
2026-05-28 12:22:00-04:00,70.91,71.02,70.7,70.91,10164.0,70.87
2026-05-28 12:23:00-04:00,70.91,71.64,70.91,71.64,6723.0,71.201
2026-05-28 12:24:00-04:00,71.38,71.38,71.12,71.37,1146.0,71.344
2026-05-28 12:25:00-04:00,71.37,71.38,71.37,71.38,500.0,71.374
2026-05-28 12:26:00-04:00,71.36,71.36,71.36,71.36,698.0,71.36
2026-05-28 12:27:00-04:00,71.36,71.37,71.35,71.35,1320.0,71.364
2026-05-28 12:28:00-04:00,71.47,71.47,71.13,71.36,1600.0,71.292
2026-05-28 12:29:00-04:00,71.29,71.29,71.2,71.22,1000.0,71.237
2026-05-28 12:30:00-04:00,71.15,71.35,71.1,71.1,2000.0,71.297
2026-05-28 12:31:00-04:00,71.14,71.15,71.0,71.0,1642.0,71.108
2026-05-28 12:32:00-04:00,71.08,71.14,71.0,71.08,1649.0,71.053
2026-05-28 12:33:00-04:00,71.14,71.15,71.14,71.14,200.0,71.145
2026-05-28 12:34:00-04:00,71.05,71.06,71.0,71.01,1300.0,71.026
2026-05-28 12:35:00-04:00,71.02,71.1,70.93,71.02,4904.0,71.024
2026-05-28 12:36:00-04:00,70.86,70.98,70.86,70.86,1505.0,70.88
2026-05-28 12:37:00-04:00,70.97,70.97,70.93,70.93,298.0,70.946
2026-05-28 12:38:00-04:00,71.0,71.05,70.95,71.04,2380.0,71.007
2026-05-28 12:39:00-04:00,71.11,71.26,71.04,71.25,10822.0,71.098
2026-05-28 12:40:00-04:00,71.27,71.27,71.06,71.06,580.0,71.198
2026-05-28 12:41:00-04:00,71.15,71.73,71.15,71.62,3420.0,71.38
2026-05-28 12:42:00-04:00,71.54,71.62,71.38,71.62,700.0,71.501
2026-05-28 12:43:00-04:00,71.6,72.02,71.6,71.69,2328.0,71.901
2026-05-28 12:44:00-04:00,71.99,72.0,71.43,71.56,3187.0,71.63
2026-05-28 12:45:00-04:00,71.56,71.58,71.47,71.47,1100.0,71.561
2026-05-28 12:46:00-04:00,71.59,71.85,71.59,71.72,2586.0,71.758
2026-05-28 12:47:00-04:00,71.72,71.98,71.7,71.88,1987.0,71.81
2026-05-28 12:48:00-04:00,72.1,72.26,71.89,72.23,6472.0,71.986
2026-05-28 12:49:00-04:00,72.24,72.64,72.24,72.5,6045.0,72.455
2026-05-28 12:50:00-04:00,72.64,72.65,72.25,72.35,15988.0,72.512
2026-05-28 12:51:00-04:00,72.35,72.35,72.35,72.35,0.0,72.35
2026-05-28 12:52:00-04:00,72.41,72.54,72.26,72.32,5040.0,72.374
2026-05-28 12:53:00-04:00,72.34,72.54,72.34,72.4,1250.0,72.371
2026-05-28 12:54:00-04:00,72.54,73.01,72.35,72.82,20098.0,72.789
2026-05-28 12:55:00-04:00,72.9,73.27,72.89,73.27,16238.0,73.137
2026-05-28 12:56:00-04:00,73.27,73.3,73.17,73.28,1451.0,73.248
2026-05-28 12:57:00-04:00,73.19,73.74,73.14,73.35,22325.0,73.348
2026-05-28 12:58:00-04:00,73.35,73.4,73.18,73.4,3020.0,73.305
2026-05-28 12:59:00-04:00,73.48,73.51,73.48,73.5,4528.0,73.501
2026-05-28 13:00:00-04:00,73.64,73.85,73.4,73.85,6139.0,73.557
2026-05-28 13:01:00-04:00,73.64,73.84,73.58,73.83,930.0,73.656
2026-05-28 13:02:00-04:00,73.65,73.7,73.31,73.32,6323.0,73.514
2026-05-28 13:03:00-04:00,73.25,73.56,73.25,73.56,2250.0,73.348
2026-05-28 13:04:00-04:00,73.56,73.56,73.26,73.48,2427.0,73.47
2026-05-28 13:05:00-04:00,73.6,73.63,73.6,73.63,385.0,73.618
2026-05-28 13:06:00-04:00,73.47,73.51,73.47,73.51,867.0,73.492
2026-05-28 13:07:00-04:00,73.5,74.0,73.5,74.0,9882.0,73.735
2026-05-28 13:08:00-04:00,74.0,74.13,73.92,74.1,7614.0,74.014
2026-05-28 13:09:00-04:00,74.11,74.19,73.94,73.94,3391.0,74.048
2026-05-28 13:10:00-04:00,73.94,73.94,73.75,73.81,5020.0,73.865
2026-05-28 13:11:00-04:00,73.79,73.84,73.71,73.84,3502.0,73.753
2026-05-28 13:12:00-04:00,73.85,73.99,73.45,73.45,12190.0,73.73
2026-05-28 13:13:00-04:00,73.46,73.64,73.42,73.46,2979.0,73.503
2026-05-28 13:14:00-04:00,73.55,73.75,73.55,73.75,300.0,73.683
2026-05-28 13:15:00-04:00,73.56,73.58,73.36,73.37,1784.0,73.544
2026-05-28 13:16:00-04:00,73.51,73.81,73.37,73.45,1849.0,73.607
2026-05-28 13:17:00-04:00,73.43,73.5,73.23,73.36,1450.0,73.425
2026-05-28 13:18:00-04:00,73.3,73.3,73.19,73.29,739.0,73.283
2026-05-28 13:19:00-04:00,73.26,73.26,73.26,73.26,200.0,73.26
2026-05-28 13:20:00-04:00,73.22,73.23,73.22,73.22,100.0,73.225
2026-05-28 13:21:00-04:00,73.15,73.34,73.15,73.33,2696.0,73.236
2026-05-28 13:22:00-04:00,73.33,73.33,73.18,73.18,1485.0,73.21
2026-05-28 13:23:00-04:00,73.41,73.41,73.25,73.34,2316.0,73.277
2026-05-28 13:24:00-04:00,73.19,73.34,73.09,73.11,990.0,73.203
2026-05-28 13:25:00-04:00,73.2,73.2,72.94,72.94,2956.0,73.044
2026-05-28 13:26:00-04:00,72.96,73.07,72.91,72.92,1336.0,72.972
2026-05-28 13:27:00-04:00,72.75,72.75,72.42,72.67,5074.0,72.517
2026-05-28 13:28:00-04:00,72.58,72.84,72.57,72.75,4180.0,72.674
2026-05-28 13:29:00-04:00,72.8,73.18,72.74,73.17,6705.0,72.866
2026-05-28 13:30:00-04:00,73.1,73.1,73.1,73.1,100.0,73.1
2026-05-28 13:31:00-04:00,73.2,73.29,73.1,73.28,397.0,73.172
2026-05-28 13:32:00-04:00,73.22,73.23,73.1,73.13,2603.0,73.159
2026-05-28 13:33:00-04:00,73.1,73.19,73.1,73.19,200.0,73.145
2026-05-28 13:34:00-04:00,73.02,73.02,73.02,73.02,101.0,73.02
2026-05-28 13:35:00-04:00,73.08,73.12,72.97,72.97,500.0,73.07
2026-05-28 13:36:00-04:00,73.09,73.18,72.97,72.97,608.0,73.059
2026-05-28 13:37:00-04:00,73.09,73.15,72.92,73.02,2148.0,73.019
2026-05-28 13:38:00-04:00,73.16,73.41,73.11,73.33,2745.0,73.264
2026-05-28 13:39:00-04:00,73.43,73.43,73.33,73.34,1210.0,73.348
2026-05-28 13:40:00-04:00,73.34,73.35,73.34,73.34,250.0,73.345
2026-05-28 13:41:00-04:00,73.42,73.7,73.42,73.56,4322.0,73.641
2026-05-28 13:42:00-04:00,73.51,73.51,73.33,73.33,1600.0,73.436
2026-05-28 13:43:00-04:00,73.38,73.38,73.17,73.17,1592.0,73.342
2026-05-28 13:44:00-04:00,73.43,73.43,73.31,73.31,200.0,73.373
2026-05-28 13:45:00-04:00,73.31,73.32,73.31,73.31,100.0,73.315
2026-05-28 13:46:00-04:00,73.28,73.28,73.14,73.16,5351.0,73.179
2026-05-28 13:47:00-04:00,73.31,73.31,73.31,73.31,170.0,73.31
2026-05-28 13:48:00-04:00,73.35,73.35,73.24,73.35,508.0,73.328
2026-05-28 13:49:00-04:00,73.34,73.46,73.25,73.46,1205.0,73.329
2026-05-28 13:50:00-04:00,73.46,73.46,73.26,73.3,2207.0,73.362
2026-05-28 13:51:00-04:00,73.4,73.4,73.35,73.35,340.0,73.379
2026-05-28 13:52:00-04:00,73.4,73.47,73.4,73.4,1681.0,73.404
2026-05-28 13:53:00-04:00,73.4,73.4,73.4,73.4,0.0,73.4
2026-05-28 13:54:00-04:00,73.41,73.48,73.4,73.48,245.0,73.436
2026-05-28 13:55:00-04:00,73.31,73.31,73.19,73.19,2260.0,73.293
2026-05-28 13:56:00-04:00,73.19,73.19,73.06,73.06,1400.0,73.139
2026-05-28 13:57:00-04:00,73.04,73.04,72.6,72.65,4804.0,72.817
2026-05-28 13:58:00-04:00,72.59,72.7,72.58,72.63,3803.0,72.623
2026-05-28 13:59:00-04:00,72.7,72.79,72.6,72.76,1327.0,72.716
2026-05-28 14:00:00-04:00,72.92,72.95,72.85,72.85,700.0,72.894
2026-05-28 14:01:00-04:00,72.88,72.98,72.8,72.95,1400.0,72.898
2026-05-28 14:02:00-04:00,72.97,73.27,72.97,73.05,1741.0,73.107
2026-05-28 14:03:00-04:00,73.12,73.22,73.12,73.22,820.0,73.154
2026-05-28 14:04:00-04:00,73.26,73.42,73.26,73.41,617.0,73.351
2026-05-28 14:05:00-04:00,73.41,73.41,73.27,73.39,1990.0,73.29
2026-05-28 14:06:00-04:00,73.19,73.24,72.86,72.98,8364.0,73.09
2026-05-28 14:07:00-04:00,72.97,72.97,72.93,72.93,306.0,72.957
2026-05-28 14:08:00-04:00,73.12,73.12,73.12,73.12,570.0,73.12
2026-05-28 14:09:00-04:00,73.0,73.0,72.94,72.94,3588.0,72.95
2026-05-28 14:10:00-04:00,72.95,73.02,72.81,73.02,3385.0,72.924
2026-05-28 14:11:00-04:00,72.87,72.88,72.78,72.78,1775.0,72.82
2026-05-28 14:12:00-04:00,72.86,72.99,72.86,72.86,600.0,72.923
2026-05-28 14:13:00-04:00,72.81,72.81,72.81,72.81,100.0,72.81
2026-05-28 14:14:00-04:00,72.75,72.75,72.75,72.75,100.0,72.75
2026-05-28 14:15:00-04:00,72.75,72.85,72.75,72.85,200.0,72.8
2026-05-28 14:16:00-04:00,72.85,72.85,72.85,72.85,0.0,72.85
2026-05-28 14:17:00-04:00,72.7,72.84,72.63,72.84,400.0,72.701
2026-05-28 14:18:00-04:00,72.84,72.84,72.84,72.84,0.0,72.84
2026-05-28 14:19:00-04:00,72.68,72.72,72.58,72.66,1576.0,72.661
2026-05-28 14:20:00-04:00,72.73,72.78,72.55,72.55,700.0,72.681
2026-05-28 14:21:00-04:00,72.63,72.79,72.62,72.69,1060.0,72.73
2026-05-28 14:22:00-04:00,72.73,72.81,72.73,72.81,497.0,72.783
2026-05-28 14:23:00-04:00,72.87,72.87,72.87,72.87,100.0,72.87
2026-05-28 14:24:00-04:00,72.87,73.19,72.86,73.08,8999.0,73.064
2026-05-28 14:25:00-04:00,73.2,73.27,73.16,73.27,2122.0,73.221
2026-05-28 14:26:00-04:00,73.27,73.31,73.25,73.31,600.0,73.279
2026-05-28 14:27:00-04:00,73.04,73.48,73.03,73.44,5851.0,73.14
2026-05-28 14:28:00-04:00,73.33,73.5,73.14,73.14,300.0,73.325
2026-05-28 14:29:00-04:00,73.14,73.14,73.14,73.14,0.0,73.14
2026-05-28 14:30:00-04:00,73.3,73.51,73.29,73.5,4610.0,73.473
2026-05-28 14:31:00-04:00,73.42,73.51,73.42,73.5,2300.0,73.426
2026-05-28 14:32:00-04:00,73.5,73.5,73.31,73.33,1404.0,73.377
2026-05-28 14:33:00-04:00,73.19,73.19,73.15,73.15,200.0,73.17
2026-05-28 14:34:00-04:00,73.1,73.13,73.1,73.1,2720.0,73.11
2026-05-28 14:35:00-04:00,73.04,73.05,72.89,72.91,5913.0,72.944
2026-05-28 14:36:00-04:00,72.98,72.98,72.95,72.95,380.0,72.966
2026-05-28 14:37:00-04:00,73.08,73.13,73.0,73.13,628.0,73.092
2026-05-28 14:38:00-04:00,73.13,73.13,73.01,73.01,700.0,73.044
2026-05-28 14:39:00-04:00,72.92,72.96,72.9,72.96,900.0,72.936
2026-05-28 14:40:00-04:00,73.2,73.2,72.99,72.99,423.0,73.043
2026-05-28 14:41:00-04:00,72.99,72.99,72.99,72.99,0.0,72.99
2026-05-28 14:42:00-04:00,72.99,72.99,72.99,72.99,0.0,72.99
2026-05-28 14:43:00-04:00,73.18,73.18,72.99,73.01,500.0,73.095
2026-05-28 14:44:00-04:00,73.01,73.19,72.98,73.19,633.0,73.053
2026-05-28 14:45:00-04:00,73.06,73.21,73.06,73.21,200.0,73.138
2026-05-28 14:46:00-04:00,73.02,73.12,73.01,73.01,1299.0,73.028
2026-05-28 14:47:00-04:00,73.0,73.22,73.0,73.11,300.0,73.112
2026-05-28 14:48:00-04:00,73.22,73.22,72.97,72.97,1468.0,73.009
2026-05-28 14:49:00-04:00,73.01,73.14,73.01,73.13,769.0,73.093
2026-05-28 14:50:00-04:00,73.21,73.21,73.21,73.21,100.0,73.21
2026-05-28 14:51:00-04:00,73.21,73.21,73.21,73.21,0.0,73.21
2026-05-28 14:52:00-04:00,73.1,73.19,73.1,73.19,200.0,73.148
2026-05-28 14:53:00-04:00,73.17,73.3,73.17,73.29,2631.0,73.214
2026-05-28 14:54:00-04:00,73.24,73.36,73.24,73.36,970.0,73.263
2026-05-28 14:55:00-04:00,73.36,73.36,73.24,73.24,200.0,73.3
2026-05-28 14:56:00-04:00,73.11,73.18,73.11,73.18,514.0,73.124
2026-05-28 14:57:00-04:00,73.16,73.36,73.15,73.25,1297.0,73.255
2026-05-28 14:58:00-04:00,73.15,73.15,72.98,73.1,3477.0,73.072
2026-05-28 14:59:00-04:00,73.23,73.24,73.1,73.14,700.0,73.167
2026-05-28 15:00:00-04:00,73.26,73.26,73.1,73.1,498.0,73.178
2026-05-28 15:01:00-04:00,73.17,73.18,73.17,73.17,100.0,73.175
2026-05-28 15:02:00-04:00,73.08,73.09,72.96,72.96,1616.0,73.029
2026-05-28 15:03:00-04:00,73.08,73.26,73.08,73.17,1329.0,73.2
2026-05-28 15:04:00-04:00,73.32,73.38,73.32,73.38,631.0,73.358
2026-05-28 15:05:00-04:00,73.31,73.34,73.15,73.15,1841.0,73.216
2026-05-28 15:06:00-04:00,73.15,73.15,73.15,73.15,0.0,73.15
2026-05-28 15:07:00-04:00,73.27,73.28,73.27,73.27,200.0,73.275
2026-05-28 15:08:00-04:00,73.27,73.66,73.27,73.59,5412.0,73.446
2026-05-28 15:09:00-04:00,73.58,73.59,73.58,73.58,240.0,73.585
2026-05-28 15:10:00-04:00,73.7,73.7,73.57,73.57,332.0,73.609
2026-05-28 15:11:00-04:00,73.45,73.45,73.27,73.27,950.0,73.379
2026-05-28 15:12:00-04:00,73.29,73.29,73.21,73.21,773.0,73.28
2026-05-28 15:13:00-04:00,73.17,73.17,73.14,73.14,200.0,73.158
2026-05-28 15:14:00-04:00,73.26,73.26,73.23,73.23,337.0,73.241
2026-05-28 15:15:00-04:00,73.09,73.21,73.09,73.21,224.0,73.144
2026-05-28 15:16:00-04:00,73.19,73.19,72.88,72.94,1105.0,73.009
2026-05-28 15:17:00-04:00,72.87,72.89,72.87,72.88,1000.0,72.876
2026-05-28 15:18:00-04:00,72.88,72.88,72.87,72.88,100.0,72.875
2026-05-28 15:19:00-04:00,72.88,72.98,72.87,72.98,300.0,72.912
2026-05-28 15:20:00-04:00,72.88,72.99,72.77,72.77,500.0,72.886
2026-05-28 15:21:00-04:00,72.98,73.06,72.95,73.06,991.0,72.992
2026-05-28 15:22:00-04:00,72.99,73.0,72.86,72.86,1470.0,72.903
2026-05-28 15:23:00-04:00,72.91,73.12,72.9,73.12,1227.0,73.034
2026-05-28 15:24:00-04:00,73.02,73.02,72.84,72.84,1120.0,72.95
2026-05-28 15:25:00-04:00,72.86,72.87,72.69,72.71,2224.0,72.777
2026-05-28 15:26:00-04:00,72.77,72.89,72.77,72.77,1700.0,72.822
2026-05-28 15:27:00-04:00,72.85,72.96,72.77,72.95,1319.0,72.839
2026-05-28 15:28:00-04:00,73.04,73.05,72.89,73.05,2169.0,72.904
2026-05-28 15:29:00-04:00,73.04,73.1,73.04,73.1,500.0,73.057
2026-05-28 15:30:00-04:00,73.1,73.14,72.98,73.08,2804.0,73.026
2026-05-28 15:31:00-04:00,73.21,73.61,73.21,73.53,4719.0,73.401
2026-05-28 15:32:00-04:00,73.44,73.53,73.4,73.43,2114.0,73.424
2026-05-28 15:33:00-04:00,73.42,73.85,73.42,73.85,2622.0,73.69
2026-05-28 15:34:00-04:00,73.86,73.87,73.77,73.77,832.0,73.838
2026-05-28 15:35:00-04:00,73.88,74.0,73.83,73.94,2776.0,73.933
2026-05-28 15:36:00-04:00,73.86,73.94,73.73,73.73,2238.0,73.824
2026-05-28 15:37:00-04:00,73.79,73.87,73.79,73.83,3969.0,73.829
2026-05-28 15:38:00-04:00,73.77,73.83,73.72,73.73,1359.0,73.766
2026-05-28 15:39:00-04:00,73.73,73.9,73.72,73.9,13269.0,73.819
2026-05-28 15:40:00-04:00,73.83,73.83,73.59,73.59,5181.0,73.695
2026-05-28 15:41:00-04:00,73.66,73.66,73.43,73.5,1893.0,73.488
2026-05-28 15:42:00-04:00,73.48,73.49,73.48,73.48,100.0,73.485
2026-05-28 15:43:00-04:00,73.35,73.35,73.32,73.32,400.0,73.333
2026-05-28 15:44:00-04:00,73.32,73.32,73.28,73.31,500.0,73.295
2026-05-28 15:45:00-04:00,73.32,73.41,73.22,73.3,1305.0,73.316
2026-05-28 15:46:00-04:00,73.23,73.23,72.98,73.08,5310.0,73.086
2026-05-28 15:47:00-04:00,73.0,73.19,73.0,73.1,8672.0,73.04
2026-05-28 15:48:00-04:00,73.04,73.1,72.98,73.08,4876.0,73.042
2026-05-28 15:49:00-04:00,73.04,73.14,72.98,73.08,1844.0,73.072
2026-05-28 15:50:00-04:00,73.14,73.4,73.09,73.28,2140.0,73.207
2026-05-28 15:51:00-04:00,73.34,73.37,73.19,73.37,3855.0,73.27
2026-05-28 15:52:00-04:00,73.21,73.4,73.21,73.31,849.0,73.294
2026-05-28 15:53:00-04:00,73.39,73.41,73.3,73.33,3201.0,73.366
2026-05-28 15:54:00-04:00,73.33,73.44,73.25,73.33,8054.0,73.329
2026-05-28 15:55:00-04:00,73.47,73.67,73.25,73.62,9867.0,73.452
2026-05-28 15:56:00-04:00,73.6,73.61,73.25,73.38,15913.0,73.401
2026-05-28 15:57:00-04:00,73.42,73.44,73.25,73.33,15212.0,73.374
2026-05-28 15:58:00-04:00,73.32,73.44,73.19,73.22,36349.0,73.328
2026-05-28 15:59:00-04:00,73.22,73.25,73.11,73.16,56068.0,73.194
2026-05-29 09:30:00-04:00,78.24,78.24,76.0,77.0,218357.0,77.752
2026-05-29 09:31:00-04:00,76.28,80.64,76.28,78.97,106710.0,79.551
2026-05-29 09:32:00-04:00,78.97,79.19,77.65,78.08,13858.0,78.553
2026-05-29 09:33:00-04:00,77.55,78.66,77.06,78.66,13386.0,77.882
2026-05-29 09:34:00-04:00,78.57,78.85,77.71,77.71,25592.0,78.514
2026-05-29 09:35:00-04:00,77.71,78.7,77.42,78.29,18762.0,78.098
2026-05-29 09:36:00-04:00,77.99,79.8,77.99,79.64,45149.0,78.773
2026-05-29 09:37:00-04:00,79.67,79.77,78.75,79.51,22921.0,79.286
2026-05-29 09:38:00-04:00,79.68,79.95,78.87,78.87,21833.0,79.498
2026-05-29 09:39:00-04:00,79.05,79.05,77.75,77.76,18548.0,78.492
2026-05-29 09:40:00-04:00,77.95,79.0,77.21,77.52,23767.0,77.877
2026-05-29 09:41:00-04:00,77.55,78.36,77.47,78.21,3996.0,78.01
2026-05-29 09:42:00-04:00,78.5,78.5,77.42,77.91,11961.0,77.817
2026-05-29 09:43:00-04:00,77.83,78.26,77.75,77.84,7316.0,78.031
2026-05-29 09:44:00-04:00,78.1,78.1,77.11,77.35,10355.0,77.493
2026-05-29 09:45:00-04:00,77.64,77.84,76.81,77.84,33303.0,77.142
2026-05-29 09:46:00-04:00,77.63,78.99,77.63,78.5,8438.0,78.426
2026-05-29 09:47:00-04:00,78.5,79.3,78.5,79.03,6988.0,79.029
2026-05-29 09:48:00-04:00,79.05,79.59,79.0,79.44,8459.0,79.287
2026-05-29 09:49:00-04:00,79.47,79.79,79.25,79.65,8409.0,79.493
2026-05-29 09:50:00-04:00,79.5,80.63,79.43,80.49,41670.0,80.008
2026-05-29 09:51:00-04:00,80.48,80.56,79.59,79.7,29458.0,80.248
2026-05-29 09:52:00-04:00,79.85,80.23,79.27,79.92,14083.0,79.689
2026-05-29 09:53:00-04:00,79.94,80.7,79.92,80.37,14641.0,80.292
2026-05-29 09:54:00-04:00,80.38,81.2,80.38,81.11,45776.0,80.924
2026-05-29 09:55:00-04:00,81.11,81.11,80.26,80.28,9112.0,80.753
2026-05-29 09:56:00-04:00,80.54,80.95,80.23,80.36,16775.0,80.675
2026-05-29 09:57:00-04:00,80.36,80.68,80.36,80.67,3451.0,80.469
2026-05-29 09:58:00-04:00,80.63,80.99,80.5,80.72,13852.0,80.729
2026-05-29 09:59:00-04:00,80.72,81.25,80.6,80.6,13591.0,81.024
2026-05-29 10:00:00-04:00,80.85,81.16,80.24,80.24,8956.0,80.771
2026-05-29 10:01:00-04:00,80.23,80.34,80.0,80.0,7232.0,80.208
2026-05-29 10:02:00-04:00,80.0,80.31,79.5,80.1,27811.0,79.977
2026-05-29 10:03:00-04:00,80.12,80.12,79.49,79.69,7124.0,79.748
2026-05-29 10:04:00-04:00,79.57,79.98,79.29,79.63,5768.0,79.59
2026-05-29 10:05:00-04:00,79.58,80.0,79.58,79.85,5345.0,79.808
2026-05-29 10:06:00-04:00,79.72,79.82,79.3,79.41,2725.0,79.537
2026-05-29 10:07:00-04:00,79.61,79.61,79.2,79.2,3086.0,79.387
2026-05-29 10:08:00-04:00,79.13,79.7,79.0,79.57,26674.0,79.155
2026-05-29 10:09:00-04:00,79.58,79.58,79.36,79.54,3477.0,79.487
2026-05-29 10:10:00-04:00,79.53,79.77,78.8,78.8,7550.0,79.213
2026-05-29 10:11:00-04:00,78.94,79.38,78.89,79.11,7096.0,79.003
2026-05-29 10:12:00-04:00,79.06,79.25,78.99,79.19,5782.0,79.101
2026-05-29 10:13:00-04:00,79.1,79.1,78.26,78.41,13849.0,78.597
2026-05-29 10:14:00-04:00,78.41,78.42,77.5,77.89,29525.0,77.833
2026-05-29 10:15:00-04:00,77.97,78.14,77.83,77.9,9498.0,77.926
2026-05-29 10:16:00-04:00,77.94,77.99,77.0,77.47,21081.0,77.248
2026-05-29 10:17:00-04:00,77.23,77.37,76.86,77.0,7751.0,77.111
2026-05-29 10:18:00-04:00,77.0,77.76,76.97,77.75,15530.0,77.193
2026-05-29 10:19:00-04:00,77.7,77.84,77.37,77.42,9086.0,77.595
2026-05-29 10:20:00-04:00,77.26,77.35,77.21,77.31,2851.0,77.295
2026-05-29 10:21:00-04:00,77.34,77.34,76.78,76.82,14391.0,76.934
2026-05-29 10:22:00-04:00,76.8,77.6,76.72,77.3,8258.0,77.122
2026-05-29 10:23:00-04:00,77.43,77.91,77.2,77.2,6619.0,77.486
2026-05-29 10:24:00-04:00,77.39,77.42,76.99,77.0,16205.0,77.203
2026-05-29 10:25:00-04:00,77.39,77.39,76.91,77.22,4463.0,77.135
2026-05-29 10:26:00-04:00,77.22,77.57,76.98,77.16,12236.0,77.274
2026-05-29 10:27:00-04:00,77.09,77.35,76.73,77.23,29419.0,76.945
2026-05-29 10:28:00-04:00,77.19,77.2,76.99,77.02,9418.0,77.118
2026-05-29 10:29:00-04:00,77.12,77.66,77.12,77.23,8528.0,77.25
2026-05-29 10:30:00-04:00,77.18,77.32,76.85,77.16,23192.0,77.054
2026-05-29 10:31:00-04:00,77.23,77.43,77.1,77.17,5661.0,77.263
2026-05-29 10:32:00-04:00,77.15,77.28,76.44,76.44,24831.0,76.862
2026-05-29 10:33:00-04:00,76.52,76.98,76.52,76.7,4010.0,76.765
2026-05-29 10:34:00-04:00,76.85,76.99,76.57,76.78,6911.0,76.773
2026-05-29 10:35:00-04:00,76.76,76.76,76.03,76.03,4430.0,76.457
2026-05-29 10:36:00-04:00,76.09,76.3,76.05,76.17,9475.0,76.236
2026-05-29 10:37:00-04:00,76.16,76.16,75.5,75.5,30041.0,75.884
2026-05-29 10:38:00-04:00,75.71,76.0,75.5,75.91,9043.0,75.828
2026-05-29 10:39:00-04:00,75.93,76.05,75.55,75.6,7281.0,75.857
2026-05-29 10:40:00-04:00,75.53,75.53,75.31,75.44,6969.0,75.441
2026-05-29 10:41:00-04:00,75.54,75.64,75.35,75.49,4527.0,75.486
2026-05-29 10:42:00-04:00,75.42,75.55,74.83,75.03,27652.0,75.085
2026-05-29 10:43:00-04:00,74.97,75.02,74.45,74.57,8773.0,74.698
2026-05-29 10:44:00-04:00,74.31,74.86,74.18,74.82,19335.0,74.63
2026-05-29 10:45:00-04:00,74.76,75.13,74.61,74.79,19114.0,74.878
2026-05-29 10:46:00-04:00,74.76,75.01,74.63,74.9,5769.0,74.85
2026-05-29 10:47:00-04:00,74.89,74.96,74.78,74.78,1195.0,74.909
2026-05-29 10:48:00-04:00,74.94,75.12,74.75,75.0,9638.0,74.937
2026-05-29 10:49:00-04:00,75.02,75.47,75.0,75.4,7976.0,75.23
2026-05-29 10:50:00-04:00,75.23,75.71,75.2,75.66,7144.0,75.552
2026-05-29 10:51:00-04:00,75.44,75.65,75.06,75.54,11172.0,75.447
2026-05-29 10:52:00-04:00,75.38,76.2,75.38,76.0,11931.0,75.95
2026-05-29 10:53:00-04:00,76.14,76.21,75.6,75.67,5864.0,75.915
2026-05-29 10:54:00-04:00,75.9,76.14,75.5,75.75,10178.0,75.89
2026-05-29 10:55:00-04:00,75.75,76.31,75.62,75.99,29614.0,76.037
2026-05-29 10:56:00-04:00,75.99,76.19,75.66,75.93,4920.0,76.016
2026-05-29 10:57:00-04:00,75.94,76.09,75.15,75.3,10256.0,75.662
2026-05-29 10:58:00-04:00,75.19,75.43,75.02,75.31,3983.0,75.24
2026-05-29 10:59:00-04:00,75.34,76.0,75.25,75.69,20981.0,75.533
2026-05-29 11:00:00-04:00,76.03,76.09,75.6,75.6,2620.0,75.885
2026-05-29 11:01:00-04:00,75.97,75.99,75.7,75.7,1186.0,75.897
2026-05-29 11:02:00-04:00,75.94,75.94,75.51,75.52,7350.0,75.608
2026-05-29 11:03:00-04:00,75.69,75.69,75.18,75.18,2229.0,75.274
2026-05-29 11:04:00-04:00,75.14,75.84,74.94,75.7,33202.0,75.471
2026-05-29 11:05:00-04:00,75.54,75.68,75.54,75.64,500.0,75.606
2026-05-29 11:06:00-04:00,75.76,76.35,75.75,76.07,11338.0,76.075
2026-05-29 11:07:00-04:00,76.16,76.46,76.16,76.46,872.0,76.308
2026-05-29 11:08:00-04:00,76.35,76.8,76.35,76.8,5996.0,76.552
2026-05-29 11:09:00-04:00,76.8,77.26,76.66,76.91,19260.0,76.922
2026-05-29 11:10:00-04:00,76.99,77.0,76.51,76.73,4843.0,76.826
2026-05-29 11:11:00-04:00,76.68,76.85,76.53,76.84,2543.0,76.719
2026-05-29 11:12:00-04:00,76.78,76.79,76.52,76.53,2112.0,76.646
2026-05-29 11:13:00-04:00,76.54,76.68,76.49,76.51,1736.0,76.556
2026-05-29 11:14:00-04:00,76.52,76.82,76.23,76.23,4377.0,76.528
2026-05-29 11:15:00-04:00,76.3,76.54,76.23,76.47,5899.0,76.357
2026-05-29 11:16:00-04:00,76.6,76.61,76.22,76.22,1322.0,76.456
2026-05-29 11:17:00-04:00,76.43,76.43,76.05,76.05,6652.0,76.265
2026-05-29 11:18:00-04:00,76.29,76.45,76.26,76.45,1621.0,76.366
2026-05-29 11:19:00-04:00,76.5,76.5,76.36,76.36,320.0,76.433
2026-05-29 11:20:00-04:00,76.46,76.65,76.07,76.2,4845.0,76.444
2026-05-29 11:21:00-04:00,76.06,76.06,75.8,75.9,3979.0,75.858
2026-05-29 11:22:00-04:00,75.9,76.63,75.8,76.48,4902.0,76.083
2026-05-29 11:23:00-04:00,76.49,76.58,76.29,76.58,1221.0,76.532
2026-05-29 11:24:00-04:00,76.47,76.47,76.29,76.29,720.0,76.335
2026-05-29 11:25:00-04:00,76.3,76.3,76.13,76.17,3425.0,76.188
2026-05-29 11:26:00-04:00,76.25,76.58,76.25,76.58,1675.0,76.353
2026-05-29 11:27:00-04:00,76.73,76.73,76.47,76.61,3503.0,76.578
2026-05-29 11:28:00-04:00,76.6,76.76,76.59,76.67,1513.0,76.662
2026-05-29 11:29:00-04:00,76.67,76.76,76.42,76.73,3120.0,76.627
2026-05-29 11:30:00-04:00,76.77,76.96,76.76,76.83,2149.0,76.869
2026-05-29 11:31:00-04:00,76.96,77.31,76.96,77.2,2714.0,77.203
2026-05-29 11:32:00-04:00,77.25,77.26,76.9,76.94,2493.0,77.063
2026-05-29 11:33:00-04:00,77.03,77.62,76.88,77.27,14063.0,77.279
2026-05-29 11:34:00-04:00,77.33,77.55,77.17,77.43,3462.0,77.421
2026-05-29 11:35:00-04:00,77.33,77.4,77.13,77.13,656.0,77.246
2026-05-29 11:36:00-04:00,77.14,77.37,76.96,77.36,3556.0,77.196
2026-05-29 11:37:00-04:00,77.05,77.11,76.79,76.89,4726.0,76.993
2026-05-29 11:38:00-04:00,77.1,77.25,77.1,77.21,2667.0,77.216
2026-05-29 11:39:00-04:00,77.09,77.09,76.9,77.07,1854.0,76.988
2026-05-29 11:40:00-04:00,77.0,77.13,77.0,77.13,489.0,77.08
2026-05-29 11:41:00-04:00,77.11,77.12,77.11,77.11,100.0,77.115
2026-05-29 11:42:00-04:00,77.1,77.21,76.88,76.97,2979.0,77.044
2026-05-29 11:43:00-04:00,76.95,77.13,76.92,77.05,2542.0,77.042
2026-05-29 11:44:00-04:00,77.03,77.08,77.03,77.08,378.0,77.043
2026-05-29 11:45:00-04:00,77.09,77.3,77.0,77.3,2636.0,77.169
2026-05-29 11:46:00-04:00,77.31,77.31,77.31,77.31,134.0,77.31
2026-05-29 11:47:00-04:00,77.11,77.12,76.98,76.98,1492.0,77.106
2026-05-29 11:48:00-04:00,77.12,77.12,76.9,76.9,759.0,76.985
2026-05-29 11:49:00-04:00,76.96,77.24,76.92,77.24,2613.0,77.057
2026-05-29 11:50:00-04:00,77.28,77.39,77.24,77.38,2503.0,77.292
2026-05-29 11:51:00-04:00,77.3,77.49,77.24,77.42,3321.0,77.375
2026-05-29 11:52:00-04:00,77.3,77.39,77.3,77.38,722.0,77.349
2026-05-29 11:53:00-04:00,77.17,77.3,77.09,77.3,1321.0,77.187
2026-05-29 11:54:00-04:00,77.09,77.29,76.77,76.91,5844.0,77.136
2026-05-29 11:55:00-04:00,77.07,77.26,76.68,76.97,7816.0,77.003
2026-05-29 11:56:00-04:00,76.88,76.93,76.88,76.93,313.0,76.898
2026-05-29 11:57:00-04:00,76.89,76.89,76.64,76.88,2727.0,76.805
2026-05-29 11:58:00-04:00,77.02,77.03,76.8,76.83,2340.0,76.863
2026-05-29 11:59:00-04:00,76.84,76.94,76.72,76.8,3100.0,76.777
2026-05-29 12:00:00-04:00,77.0,77.08,77.0,77.05,3311.0,77.013
2026-05-29 12:01:00-04:00,77.02,77.02,76.9,76.98,3109.0,76.946
2026-05-29 12:02:00-04:00,77.16,77.21,77.13,77.13,825.0,77.175
2026-05-29 12:03:00-04:00,77.06,77.17,77.06,77.1,365.0,77.112
2026-05-29 12:04:00-04:00,77.22,77.59,77.22,77.5,8209.0,77.464
2026-05-29 12:05:00-04:00,77.47,77.58,77.33,77.33,4339.0,77.484
2026-05-29 12:06:00-04:00,77.32,77.4,77.22,77.36,3047.0,77.317
2026-05-29 12:07:00-04:00,77.34,77.45,77.34,77.45,2486.0,77.408
2026-05-29 12:08:00-04:00,77.51,77.77,77.51,77.77,2581.0,77.615
2026-05-29 12:09:00-04:00,77.64,77.76,77.39,77.39,1861.0,77.636
2026-05-29 12:10:00-04:00,77.39,77.51,77.3,77.51,6424.0,77.366
2026-05-29 12:11:00-04:00,77.51,77.75,77.51,77.75,7839.0,77.612
2026-05-29 12:12:00-04:00,77.66,77.71,77.49,77.63,6576.0,77.578
2026-05-29 12:13:00-04:00,77.63,77.63,77.42,77.42,740.0,77.515
2026-05-29 12:14:00-04:00,77.32,77.32,77.32,77.32,300.0,77.32
2026-05-29 12:15:00-04:00,77.6,77.6,77.38,77.38,1779.0,77.483
2026-05-29 12:16:00-04:00,77.37,77.69,77.29,77.54,2519.0,77.566
2026-05-29 12:17:00-04:00,77.53,77.54,77.47,77.47,325.0,77.495
2026-05-29 12:18:00-04:00,77.24,77.24,77.21,77.22,300.0,77.225
2026-05-29 12:19:00-04:00,77.22,77.23,77.22,77.22,540.0,77.224
2026-05-29 12:20:00-04:00,77.22,77.38,77.22,77.34,2840.0,77.338
2026-05-29 12:21:00-04:00,77.33,77.34,77.31,77.31,380.0,77.326
2026-05-29 12:22:00-04:00,77.34,77.45,77.31,77.31,1792.0,77.419
2026-05-29 12:23:00-04:00,77.27,77.31,77.15,77.24,2395.0,77.257
2026-05-29 12:24:00-04:00,77.16,77.24,77.02,77.19,4398.0,77.138
2026-05-29 12:25:00-04:00,77.09,77.09,76.84,76.9,5029.0,77.0
2026-05-29 12:26:00-04:00,77.03,77.03,76.79,76.8,650.0,76.889
2026-05-29 12:27:00-04:00,76.66,76.82,76.65,76.82,1439.0,76.691
2026-05-29 12:28:00-04:00,76.66,76.73,76.66,76.67,1395.0,76.679
2026-05-29 12:29:00-04:00,76.72,76.79,76.52,76.52,2185.0,76.69
2026-05-29 12:30:00-04:00,76.64,76.65,76.64,76.64,300.0,76.642
2026-05-29 12:31:00-04:00,76.66,76.91,76.59,76.78,5697.0,76.688
2026-05-29 12:32:00-04:00,76.78,76.85,76.78,76.85,618.0,76.794
2026-05-29 12:33:00-04:00,76.77,76.78,76.77,76.77,100.0,76.775
2026-05-29 12:34:00-04:00,76.88,76.94,76.88,76.94,908.0,76.899
2026-05-29 12:35:00-04:00,76.94,76.94,76.94,76.94,0.0,76.94
2026-05-29 12:36:00-04:00,76.81,76.82,76.81,76.81,284.0,76.812
2026-05-29 12:37:00-04:00,76.8,76.97,76.64,76.73,2363.0,76.766
2026-05-29 12:38:00-04:00,76.9,76.9,76.9,76.9,100.0,76.9
2026-05-29 12:39:00-04:00,76.5,76.73,76.3,76.42,2181.0,76.447
2026-05-29 12:40:00-04:00,76.6,76.6,76.43,76.43,200.0,76.515
2026-05-29 12:41:00-04:00,76.13,76.28,76.13,76.27,220.0,76.207
2026-05-29 12:42:00-04:00,76.49,76.49,76.49,76.49,886.0,76.49
2026-05-29 12:43:00-04:00,76.4,76.4,76.39,76.39,202.0,76.395
2026-05-29 12:44:00-04:00,76.4,76.59,76.28,76.59,2650.0,76.437
2026-05-29 12:45:00-04:00,76.6,76.6,76.59,76.6,200.0,76.6
2026-05-29 12:46:00-04:00,76.35,76.58,76.1,76.54,2126.0,76.494
2026-05-29 12:47:00-04:00,76.62,76.63,76.62,76.63,200.0,76.625
2026-05-29 12:48:00-04:00,76.48,76.48,76.44,76.47,727.0,76.459
2026-05-29 12:49:00-04:00,76.47,76.47,76.47,76.47,0.0,76.47
2026-05-29 12:50:00-04:00,76.46,76.64,76.41,76.63,4658.0,76.535
2026-05-29 12:51:00-04:00,76.78,76.79,76.69,76.69,525.0,76.748
2026-05-29 12:52:00-04:00,76.64,76.68,76.59,76.68,400.0,76.648
2026-05-29 12:53:00-04:00,76.69,76.94,76.69,76.91,1600.0,76.858
2026-05-29 12:54:00-04:00,76.87,77.0,76.85,77.0,4375.0,76.948
2026-05-29 12:55:00-04:00,77.06,77.13,77.02,77.02,1201.0,77.085
2026-05-29 12:56:00-04:00,77.03,77.06,76.91,76.91,1271.0,76.988
2026-05-29 12:57:00-04:00,76.94,76.95,76.88,76.94,420.0,76.925
2026-05-29 12:58:00-04:00,76.93,77.39,76.92,77.0,7346.0,77.112
2026-05-29 12:59:00-04:00,77.14,77.15,77.03,77.03,2233.0,77.102
2026-05-29 13:00:00-04:00,76.92,76.96,76.74,76.91,2382.0,76.85
2026-05-29 13:01:00-04:00,76.91,76.92,76.8,76.8,1015.0,76.903
2026-05-29 13:02:00-04:00,76.91,77.14,76.9,76.94,5428.0,76.981
2026-05-29 13:03:00-04:00,77.05,77.3,77.03,77.03,2281.0,77.148
2026-05-29 13:04:00-04:00,77.1,77.16,77.1,77.16,1200.0,77.105
2026-05-29 13:05:00-04:00,77.1,77.41,77.05,77.2,21300.0,77.214
2026-05-29 13:06:00-04:00,77.22,77.27,77.14,77.14,1454.0,77.209
2026-05-29 13:07:00-04:00,77.0,77.0,76.85,76.9,413.0,76.939
2026-05-29 13:08:00-04:00,76.88,77.09,76.88,77.09,1235.0,76.988
2026-05-29 13:09:00-04:00,77.1,77.12,77.1,77.1,1970.0,77.102
2026-05-29 13:10:00-04:00,77.09,77.09,77.09,77.09,200.0,77.09
2026-05-29 13:11:00-04:00,77.1,77.17,77.06,77.06,4293.0,77.12
2026-05-29 13:12:00-04:00,77.13,77.27,77.13,77.27,1474.0,77.157
2026-05-29 13:13:00-04:00,77.23,77.36,77.23,77.31,802.0,77.321
2026-05-29 13:14:00-04:00,77.33,77.37,77.33,77.35,700.0,77.351
2026-05-29 13:15:00-04:00,77.33,77.37,77.3,77.36,986.0,77.343
2026-05-29 13:16:00-04:00,77.32,77.32,77.24,77.32,1246.0,77.288
2026-05-29 13:17:00-04:00,77.32,77.41,77.25,77.26,5941.0,77.371
2026-05-29 13:18:00-04:00,77.3,77.44,77.29,77.44,2172.0,77.339
2026-05-29 13:19:00-04:00,77.36,77.5,77.36,77.41,1703.0,77.442
2026-05-29 13:20:00-04:00,77.36,77.37,77.2,77.2,1754.0,77.354
2026-05-29 13:21:00-04:00,77.21,77.21,77.06,77.06,462.0,77.133
2026-05-29 13:22:00-04:00,77.0,77.22,76.99,77.07,4038.0,77.07
2026-05-29 13:23:00-04:00,77.05,77.17,77.05,77.17,524.0,77.074
2026-05-29 13:24:00-04:00,77.21,77.21,77.21,77.21,100.0,77.21
2026-05-29 13:25:00-04:00,77.3,77.32,77.29,77.31,413.0,77.301
2026-05-29 13:26:00-04:00,77.16,77.16,77.05,77.05,950.0,77.099
2026-05-29 13:27:00-04:00,77.15,77.15,77.13,77.13,400.0,77.135
2026-05-29 13:28:00-04:00,77.05,77.06,76.99,76.99,1150.0,77.04
2026-05-29 13:29:00-04:00,76.98,76.98,76.04,76.09,9474.0,76.56
2026-05-29 13:30:00-04:00,76.09,76.25,75.87,76.06,6111.0,76.027
2026-05-29 13:31:00-04:00,76.06,76.08,75.98,75.98,7864.0,76.01
2026-05-29 13:32:00-04:00,76.0,76.18,75.78,75.98,4065.0,75.87
2026-05-29 13:33:00-04:00,75.98,76.15,75.98,75.98,1463.0,76.021
2026-05-29 13:34:00-04:00,75.98,76.35,75.98,76.34,3989.0,76.205
2026-05-29 13:35:00-04:00,76.34,76.5,76.34,76.5,2428.0,76.42
2026-05-29 13:36:00-04:00,76.33,76.65,76.28,76.49,4868.0,76.51
2026-05-29 13:37:00-04:00,76.41,76.6,76.4,76.5,5178.0,76.53
2026-05-29 13:38:00-04:00,76.6,76.64,76.55,76.55,1558.0,76.621
2026-05-29 13:39:00-04:00,76.52,76.52,76.38,76.38,600.0,76.477
2026-05-29 13:40:00-04:00,76.48,76.49,75.78,75.99,10489.0,76.161
2026-05-29 13:41:00-04:00,76.03,76.27,75.8,75.94,7711.0,75.955
2026-05-29 13:42:00-04:00,75.81,75.89,75.7,75.7,2177.0,75.797
2026-05-29 13:43:00-04:00,75.68,75.68,75.5,75.66,9839.0,75.586
2026-05-29 13:44:00-04:00,75.92,75.92,75.58,75.59,2494.0,75.674
2026-05-29 13:45:00-04:00,75.58,75.59,75.27,75.29,8515.0,75.438
2026-05-29 13:46:00-04:00,75.35,75.5,75.35,75.48,1758.0,75.4
2026-05-29 13:47:00-04:00,75.48,75.71,75.4,75.4,3282.0,75.519
2026-05-29 13:48:00-04:00,75.52,75.53,75.26,75.35,1654.0,75.361
2026-05-29 13:49:00-04:00,75.28,75.4,75.1,75.33,9303.0,75.256
2026-05-29 13:50:00-04:00,75.34,75.41,75.1,75.28,4118.0,75.301
2026-05-29 13:51:00-04:00,75.28,75.56,75.28,75.56,1303.0,75.48
2026-05-29 13:52:00-04:00,75.58,75.7,75.55,75.69,3659.0,75.612
2026-05-29 13:53:00-04:00,75.59,75.69,75.41,75.41,3805.0,75.561
2026-05-29 13:54:00-04:00,75.41,75.41,75.4,75.41,375.0,75.408
2026-05-29 13:55:00-04:00,75.56,75.57,75.42,75.42,1754.0,75.453
2026-05-29 13:56:00-04:00,75.42,75.42,75.42,75.42,0.0,75.42
2026-05-29 13:57:00-04:00,75.26,75.61,75.26,75.36,971.0,75.397
2026-05-29 13:58:00-04:00,75.31,75.31,75.1,75.15,7262.0,75.124
2026-05-29 13:59:00-04:00,75.35,75.47,75.16,75.16,3069.0,75.304
2026-05-29 14:00:00-04:00,75.3,75.7,75.16,75.59,6452.0,75.367
2026-05-29 14:01:00-04:00,75.7,75.85,75.58,75.61,5309.0,75.667
2026-05-29 14:02:00-04:00,75.74,75.99,75.71,75.99,1554.0,75.86
2026-05-29 14:03:00-04:00,75.89,76.14,75.84,75.93,5723.0,76.043
2026-05-29 14:04:00-04:00,75.91,75.99,75.91,75.98,300.0,75.94
2026-05-29 14:05:00-04:00,75.99,76.08,75.99,76.08,625.0,76.02
2026-05-29 14:06:00-04:00,76.05,76.16,76.04,76.16,1685.0,76.098
2026-05-29 14:07:00-04:00,76.16,76.3,76.16,76.3,2348.0,76.261
2026-05-29 14:08:00-04:00,76.25,76.39,76.2,76.39,6553.0,76.3
2026-05-29 14:09:00-04:00,76.38,76.38,76.28,76.31,706.0,76.31
2026-05-29 14:10:00-04:00,76.18,76.45,76.18,76.25,331.0,76.308
2026-05-29 14:11:00-04:00,76.27,76.28,76.09,76.09,662.0,76.175
2026-05-29 14:12:00-04:00,76.09,76.12,75.98,76.12,1425.0,76.051
2026-05-29 14:13:00-04:00,75.93,76.13,75.92,76.09,3394.0,76.089
2026-05-29 14:14:00-04:00,76.25,76.44,76.09,76.33,3306.0,76.289
2026-05-29 14:15:00-04:00,76.39,76.39,76.32,76.32,1400.0,76.325
2026-05-29 14:16:00-04:00,76.55,76.66,76.55,76.66,801.0,76.572
2026-05-29 14:17:00-04:00,76.65,76.99,76.6,76.99,3350.0,76.765
2026-05-29 14:18:00-04:00,77.0,77.07,76.92,77.07,2825.0,76.989
2026-05-29 14:19:00-04:00,77.21,77.3,77.16,77.16,7016.0,77.217
2026-05-29 14:20:00-04:00,77.12,77.12,77.05,77.08,700.0,77.091
2026-05-29 14:21:00-04:00,77.05,77.05,76.62,76.65,733.0,76.789
2026-05-29 14:22:00-04:00,76.54,76.62,76.54,76.62,200.0,76.58
2026-05-29 14:23:00-04:00,76.77,76.95,76.75,76.93,3087.0,76.855
2026-05-29 14:24:00-04:00,76.91,76.97,76.9,76.97,732.0,76.93
2026-05-29 14:25:00-04:00,76.87,76.93,76.85,76.92,702.0,76.896
2026-05-29 14:26:00-04:00,76.97,77.27,76.97,77.21,5284.0,77.167
2026-05-29 14:27:00-04:00,77.14,77.15,77.03,77.03,2720.0,77.105
2026-05-29 14:28:00-04:00,76.95,76.96,76.81,76.81,481.0,76.857
2026-05-29 14:29:00-04:00,76.89,76.89,76.6,76.72,4056.0,76.771
2026-05-29 14:30:00-04:00,76.66,76.83,76.65,76.83,593.0,76.733
2026-05-29 14:31:00-04:00,76.8,76.86,76.71,76.86,1020.0,76.831
2026-05-29 14:32:00-04:00,76.86,76.86,76.86,76.86,0.0,76.86
2026-05-29 14:33:00-04:00,76.86,76.86,76.86,76.86,0.0,76.86
2026-05-29 14:34:00-04:00,76.56,76.56,76.51,76.51,400.0,76.545
2026-05-29 14:35:00-04:00,76.65,76.65,76.65,76.65,232.0,76.65
2026-05-29 14:36:00-04:00,76.64,76.71,76.64,76.71,426.0,76.678
2026-05-29 14:37:00-04:00,76.72,76.73,76.72,76.73,660.0,76.727
2026-05-29 14:38:00-04:00,76.6,76.72,76.59,76.64,1127.0,76.683
2026-05-29 14:39:00-04:00,76.79,76.94,76.19,76.19,9819.0,76.538
2026-05-29 14:40:00-04:00,76.62,76.62,76.41,76.48,1620.0,76.542
2026-05-29 14:41:00-04:00,76.62,76.67,76.3,76.33,4670.0,76.416
2026-05-29 14:42:00-04:00,76.3,76.51,76.3,76.34,1252.0,76.326
2026-05-29 14:43:00-04:00,76.38,76.49,76.29,76.41,700.0,76.361
2026-05-29 14:44:00-04:00,76.31,76.32,76.3,76.3,1017.0,76.31
2026-05-29 14:45:00-04:00,76.29,76.4,76.27,76.39,5269.0,76.323
2026-05-29 14:46:00-04:00,76.38,76.46,76.34,76.35,4411.0,76.366
2026-05-29 14:47:00-04:00,76.34,76.38,76.26,76.26,4353.0,76.29
2026-05-29 14:48:00-04:00,76.29,76.29,76.19,76.2,2300.0,76.213
2026-05-29 14:49:00-04:00,76.01,76.01,75.9,76.01,2256.0,75.981
2026-05-29 14:50:00-04:00,75.95,75.96,75.73,75.8,3282.0,75.859
2026-05-29 14:51:00-04:00,75.8,75.9,75.75,75.75,1366.0,75.863
2026-05-29 14:52:00-04:00,75.75,75.75,75.75,75.75,335.0,75.75
2026-05-29 14:53:00-04:00,75.69,75.77,75.57,75.57,1600.0,75.652
2026-05-29 14:54:00-04:00,75.68,75.79,75.67,75.78,714.0,75.724
2026-05-29 14:55:00-04:00,75.64,75.68,75.38,75.45,4620.0,75.527
2026-05-29 14:56:00-04:00,75.46,75.52,75.36,75.38,2263.0,75.442
2026-05-29 14:57:00-04:00,75.38,75.64,75.38,75.5,2000.0,75.511
2026-05-29 14:58:00-04:00,75.5,75.54,75.32,75.42,4356.0,75.444
2026-05-29 14:59:00-04:00,75.42,75.62,75.42,75.44,983.0,75.463
2026-05-29 15:00:00-04:00,75.39,75.45,75.35,75.42,600.0,75.399
2026-05-29 15:01:00-04:00,75.25,75.32,75.15,75.31,1950.0,75.237
2026-05-29 15:02:00-04:00,75.4,75.42,75.22,75.22,1008.0,75.353
2026-05-29 15:03:00-04:00,75.26,75.26,75.07,75.07,1100.0,75.087
2026-05-29 15:04:00-04:00,75.19,75.37,75.19,75.37,3348.0,75.238
2026-05-29 15:05:00-04:00,75.47,75.54,75.12,75.39,5511.0,75.435
2026-05-29 15:06:00-04:00,75.39,75.39,75.24,75.24,200.0,75.315
2026-05-29 15:07:00-04:00,75.3,75.31,75.29,75.3,899.0,75.299
2026-05-29 15:08:00-04:00,75.3,75.6,75.3,75.52,2121.0,75.484
2026-05-29 15:09:00-04:00,75.54,75.54,75.42,75.45,1225.0,75.476
2026-05-29 15:10:00-04:00,75.47,75.53,75.46,75.5,1455.0,75.474
2026-05-29 15:11:00-04:00,75.44,75.6,75.43,75.48,2499.0,75.503
2026-05-29 15:12:00-04:00,75.54,75.7,75.54,75.64,4907.0,75.616
2026-05-29 15:13:00-04:00,75.6,75.6,75.45,75.45,799.0,75.561
2026-05-29 15:14:00-04:00,75.44,75.61,75.44,75.61,600.0,75.547
2026-05-29 15:15:00-04:00,75.68,75.86,75.63,75.86,2052.0,75.774
2026-05-29 15:16:00-04:00,75.71,75.72,75.56,75.67,1182.0,75.682
2026-05-29 15:17:00-04:00,75.68,75.68,75.56,75.67,1966.0,75.648
2026-05-29 15:18:00-04:00,75.6,75.67,75.51,75.51,2307.0,75.553
2026-05-29 15:19:00-04:00,75.36,75.66,75.28,75.66,7116.0,75.397
2026-05-29 15:20:00-04:00,75.55,75.68,75.55,75.68,540.0,75.626
2026-05-29 15:21:00-04:00,75.7,75.71,75.62,75.62,925.0,75.685
2026-05-29 15:22:00-04:00,75.68,75.85,75.62,75.84,2623.0,75.762
2026-05-29 15:23:00-04:00,75.81,75.95,75.74,75.95,1081.0,75.887
2026-05-29 15:24:00-04:00,75.95,75.98,75.84,75.84,2025.0,75.926
2026-05-29 15:25:00-04:00,75.91,75.91,75.9,75.9,300.0,75.903
2026-05-29 15:26:00-04:00,75.9,75.9,75.74,75.9,4035.0,75.818
2026-05-29 15:27:00-04:00,75.89,75.99,75.8,75.99,4117.0,75.88
2026-05-29 15:28:00-04:00,75.99,76.21,75.96,76.17,7721.0,76.067
2026-05-29 15:29:00-04:00,76.11,76.13,75.97,76.06,3431.0,76.088
2026-05-29 15:30:00-04:00,76.19,76.21,76.11,76.21,6388.0,76.205
2026-05-29 15:31:00-04:00,76.3,76.32,76.29,76.31,3100.0,76.299
2026-05-29 15:32:00-04:00,76.31,76.4,76.31,76.32,1400.0,76.368
2026-05-29 15:33:00-04:00,76.28,76.37,76.25,76.32,1350.0,76.314
2026-05-29 15:34:00-04:00,76.36,76.51,76.34,76.48,5185.0,76.403
2026-05-29 15:35:00-04:00,76.52,76.52,76.32,76.46,6155.0,76.405
2026-05-29 15:36:00-04:00,76.54,76.6,76.42,76.56,7936.0,76.543
2026-05-29 15:37:00-04:00,76.54,76.59,76.51,76.52,1601.0,76.539
2026-05-29 15:38:00-04:00,76.54,76.62,76.53,76.54,3279.0,76.555
2026-05-29 15:39:00-04:00,76.52,76.52,76.36,76.36,3457.0,76.444
2026-05-29 15:40:00-04:00,76.36,76.45,76.36,76.45,2900.0,76.437
2026-05-29 15:41:00-04:00,76.4,76.42,76.38,76.4,4171.0,76.404
2026-05-29 15:42:00-04:00,76.47,76.57,76.4,76.43,6240.0,76.487
2026-05-29 15:43:00-04:00,76.38,76.44,76.15,76.15,4710.0,76.328
2026-05-29 15:44:00-04:00,76.09,76.16,75.96,76.0,4103.0,76.03
2026-05-29 15:45:00-04:00,76.05,76.26,76.01,76.26,4215.0,76.145
2026-05-29 15:46:00-04:00,76.25,76.31,76.2,76.29,1300.0,76.257
2026-05-29 15:47:00-04:00,76.25,76.27,76.22,76.26,2120.0,76.24
2026-05-29 15:48:00-04:00,76.26,76.3,76.19,76.25,872.0,76.26
2026-05-29 15:49:00-04:00,76.17,76.23,76.1,76.17,3514.0,76.171
2026-05-29 15:50:00-04:00,76.23,76.4,76.08,76.24,8379.0,76.275
2026-05-29 15:51:00-04:00,76.24,76.28,76.13,76.13,1991.0,76.214
2026-05-29 15:52:00-04:00,76.12,76.22,76.04,76.05,17033.0,76.124
2026-05-29 15:53:00-04:00,76.16,76.16,76.01,76.02,3897.0,76.061
2026-05-29 15:54:00-04:00,76.03,76.18,76.0,76.1,8215.0,76.069
2026-05-29 15:55:00-04:00,76.0,76.17,75.9,76.16,10567.0,76.047
2026-05-29 15:56:00-04:00,76.16,76.21,75.94,76.11,22055.0,76.07
2026-05-29 15:57:00-04:00,76.12,76.2,76.05,76.17,9463.0,76.115
2026-05-29 15:58:00-04:00,76.19,76.21,76.07,76.2,20711.0,76.146
2026-05-29 15:59:00-04:00,76.22,76.4,76.21,76.33,36348.0,76.31
2026-06-01 09:30:00-04:00,73.45,73.9,71.24,71.64,45572.0,73.079
2026-06-01 09:31:00-04:00,71.54,71.93,70.79,70.8,34271.0,71.312
2026-06-01 09:32:00-04:00,71.0,72.54,70.78,72.28,23955.0,71.471
2026-06-01 09:33:00-04:00,72.28,72.28,71.51,71.56,8802.0,71.898
2026-06-01 09:34:00-04:00,71.53,71.53,71.21,71.26,8300.0,71.432
2026-06-01 09:35:00-04:00,71.38,71.9,70.78,71.57,19471.0,71.269
2026-06-01 09:36:00-04:00,71.76,71.92,71.1,71.35,10996.0,71.552
2026-06-01 09:37:00-04:00,71.35,71.59,70.51,70.81,13147.0,70.805
2026-06-01 09:38:00-04:00,70.67,71.06,70.57,70.77,20610.0,70.892
2026-06-01 09:39:00-04:00,70.9,70.93,70.1,70.25,12429.0,70.408
2026-06-01 09:40:00-04:00,70.32,70.51,70.13,70.3,6968.0,70.329
2026-06-01 09:41:00-04:00,70.51,71.0,70.5,70.84,14067.0,70.715
2026-06-01 09:42:00-04:00,70.64,71.12,70.59,71.12,3586.0,70.904
2026-06-01 09:43:00-04:00,71.07,71.67,70.89,71.48,19493.0,71.354
2026-06-01 09:44:00-04:00,71.63,71.9,71.25,71.25,14511.0,71.674
2026-06-01 09:45:00-04:00,71.82,71.82,70.69,70.87,10725.0,71.134
2026-06-01 09:46:00-04:00,70.92,70.92,70.74,70.81,2900.0,70.821
2026-06-01 09:47:00-04:00,70.72,71.14,70.67,70.77,4640.0,70.864
2026-06-01 09:48:00-04:00,70.87,71.7,70.87,71.7,7743.0,71.372
2026-06-01 09:49:00-04:00,71.52,71.7,71.13,71.5,7784.0,71.426
2026-06-01 09:50:00-04:00,71.29,71.51,70.85,71.49,11782.0,71.123
2026-06-01 09:51:00-04:00,71.5,71.7,70.85,70.86,11972.0,71.256
2026-06-01 09:52:00-04:00,70.7,71.05,70.66,70.68,7307.0,70.762
2026-06-01 09:53:00-04:00,70.91,70.91,70.35,70.42,12438.0,70.646
2026-06-01 09:54:00-04:00,70.58,70.58,69.53,69.82,36157.0,69.913
2026-06-01 09:55:00-04:00,69.93,69.99,69.65,69.8,8841.0,69.837
2026-06-01 09:56:00-04:00,69.95,69.95,69.6,69.64,5495.0,69.674
2026-06-01 09:57:00-04:00,69.61,69.95,69.52,69.8,12421.0,69.798
2026-06-01 09:58:00-04:00,69.9,70.2,69.7,69.97,17912.0,69.978
2026-06-01 09:59:00-04:00,70.13,70.29,69.97,70.04,26252.0,70.144
2026-06-01 10:00:00-04:00,70.18,70.4,70.1,70.3,31407.0,70.211
2026-06-01 10:01:00-04:00,70.36,70.99,70.18,70.99,3813.0,70.502
2026-06-01 10:02:00-04:00,70.96,71.3,70.86,71.06,58627.0,71.052
2026-06-01 10:03:00-04:00,71.08,71.5,70.69,70.83,15071.0,71.123
2026-06-01 10:04:00-04:00,70.87,71.45,70.7,71.03,7957.0,70.943
2026-06-01 10:05:00-04:00,71.14,72.0,70.79,72.0,41086.0,71.697
2026-06-01 10:06:00-04:00,72.0,72.2,71.83,72.2,25038.0,72.038
2026-06-01 10:07:00-04:00,72.24,72.72,72.0,72.67,11173.0,72.399
2026-06-01 10:08:00-04:00,72.67,73.23,72.67,73.12,12708.0,72.958
2026-06-01 10:09:00-04:00,73.0,73.17,72.77,73.04,13300.0,72.949
2026-06-01 10:10:00-04:00,73.14,73.19,72.88,73.03,12689.0,73.022
2026-06-01 10:11:00-04:00,72.98,73.65,72.98,73.5,19390.0,73.339
2026-06-01 10:12:00-04:00,73.4,73.55,73.19,73.32,11319.0,73.25
2026-06-01 10:13:00-04:00,73.2,73.33,73.09,73.33,6450.0,73.218
2026-06-01 10:14:00-04:00,73.1,73.2,72.78,72.78,5280.0,72.973
2026-06-01 10:15:00-04:00,72.87,72.87,72.15,72.31,7773.0,72.544
2026-06-01 10:16:00-04:00,72.5,72.51,72.11,72.39,13269.0,72.373
2026-06-01 10:17:00-04:00,72.35,72.41,72.12,72.28,7455.0,72.291
2026-06-01 10:18:00-04:00,72.28,72.29,72.02,72.03,7672.0,72.144
2026-06-01 10:19:00-04:00,72.01,72.1,71.89,71.94,10564.0,71.989
2026-06-01 10:20:00-04:00,71.88,72.58,71.88,72.58,14309.0,72.231
2026-06-01 10:21:00-04:00,72.5,73.02,72.41,72.86,6778.0,72.707
2026-06-01 10:22:00-04:00,73.02,73.03,72.33,72.7,4449.0,72.756
2026-06-01 10:23:00-04:00,72.7,72.92,72.65,72.83,3817.0,72.753
2026-06-01 10:24:00-04:00,72.99,73.21,72.97,73.08,6292.0,73.072
2026-06-01 10:25:00-04:00,73.13,73.29,73.07,73.12,2030.0,73.167
2026-06-01 10:26:00-04:00,73.01,73.07,72.75,72.84,8985.0,72.937
2026-06-01 10:27:00-04:00,72.84,72.92,72.64,72.74,4117.0,72.748
2026-06-01 10:28:00-04:00,72.61,72.93,72.61,72.93,2480.0,72.813
2026-06-01 10:29:00-04:00,72.88,72.96,72.62,72.62,4384.0,72.852
2026-06-01 10:30:00-04:00,72.75,72.87,72.58,72.87,4132.0,72.696
2026-06-01 10:31:00-04:00,72.76,72.76,72.63,72.63,600.0,72.668
2026-06-01 10:32:00-04:00,72.54,72.79,72.45,72.78,2295.0,72.654
2026-06-01 10:33:00-04:00,72.79,72.96,72.79,72.96,2934.0,72.871
2026-06-01 10:34:00-04:00,72.87,72.95,72.64,72.77,5665.0,72.761
2026-06-01 10:35:00-04:00,72.91,73.06,72.75,72.89,11108.0,72.896
2026-06-01 10:36:00-04:00,72.73,72.9,72.73,72.85,1073.0,72.846
2026-06-01 10:37:00-04:00,72.87,73.11,72.86,72.96,4484.0,72.99
2026-06-01 10:38:00-04:00,72.87,73.02,72.83,72.88,970.0,72.901
2026-06-01 10:39:00-04:00,72.91,72.91,72.76,72.76,300.0,72.81
2026-06-01 10:40:00-04:00,73.1,73.16,73.03,73.03,2808.0,73.124
2026-06-01 10:41:00-04:00,73.12,73.5,73.12,73.13,10187.0,73.302
2026-06-01 10:42:00-04:00,73.03,73.09,72.85,72.96,6929.0,73.037
2026-06-01 10:43:00-04:00,72.91,72.96,72.73,72.78,2450.0,72.852
2026-06-01 10:44:00-04:00,72.61,72.91,72.61,72.79,2208.0,72.853
2026-06-01 10:45:00-04:00,72.93,73.09,72.86,72.95,2528.0,73.005
2026-06-01 10:46:00-04:00,73.0,73.09,72.9,72.9,2610.0,73.023
2026-06-01 10:47:00-04:00,72.88,72.93,72.79,72.88,8357.0,72.859
2026-06-01 10:48:00-04:00,72.9,73.03,72.88,72.94,2897.0,72.956
2026-06-01 10:49:00-04:00,72.94,73.04,72.94,72.97,1740.0,72.985
2026-06-01 10:50:00-04:00,72.98,73.2,72.86,72.86,6686.0,73.067
2026-06-01 10:51:00-04:00,73.13,73.23,73.13,73.16,2350.0,73.184
2026-06-01 10:52:00-04:00,73.17,73.17,72.96,73.06,2777.0,73.02
2026-06-01 10:53:00-04:00,73.15,73.17,73.14,73.17,300.0,73.162
2026-06-01 10:54:00-04:00,73.21,73.36,73.21,73.24,3137.0,73.25
2026-06-01 10:55:00-04:00,73.19,73.4,73.18,73.23,3440.0,73.245
2026-06-01 10:56:00-04:00,73.25,73.32,73.11,73.11,3151.0,73.246
2026-06-01 10:57:00-04:00,73.22,73.22,72.95,73.12,9059.0,73.071
2026-06-01 10:58:00-04:00,72.83,72.98,72.83,72.98,741.0,72.85
2026-06-01 10:59:00-04:00,73.0,73.39,73.0,73.34,6594.0,73.288
2026-06-01 11:00:00-04:00,73.25,73.25,73.13,73.13,300.0,73.21
2026-06-01 11:01:00-04:00,73.11,73.64,73.09,73.57,6815.0,73.433
2026-06-01 11:02:00-04:00,73.9,74.13,73.73,73.91,16184.0,73.925
2026-06-01 11:03:00-04:00,73.84,73.89,73.47,73.47,7441.0,73.668
2026-06-01 11:04:00-04:00,73.4,73.45,73.4,73.45,300.0,73.433
2026-06-01 11:05:00-04:00,73.38,73.45,73.21,73.23,5564.0,73.346
2026-06-01 11:06:00-04:00,73.31,73.55,73.22,73.54,3640.0,73.37
2026-06-01 11:07:00-04:00,73.57,73.72,73.57,73.71,3021.0,73.633
2026-06-01 11:08:00-04:00,73.61,73.8,73.55,73.59,7424.0,73.689
2026-06-01 11:09:00-04:00,73.69,73.7,73.35,73.45,4004.0,73.511
2026-06-01 11:10:00-04:00,73.57,73.57,73.45,73.45,915.0,73.498
2026-06-01 11:11:00-04:00,73.47,73.49,73.15,73.22,1750.0,73.29
2026-06-01 11:12:00-04:00,73.2,73.2,73.01,73.2,2204.0,73.174
2026-06-01 11:13:00-04:00,73.25,73.87,73.2,73.7,4540.0,73.448
2026-06-01 11:14:00-04:00,73.71,73.75,73.6,73.62,6547.0,73.687
2026-06-01 11:15:00-04:00,73.54,73.54,73.33,73.51,2828.0,73.485
2026-06-01 11:16:00-04:00,73.37,73.37,73.36,73.36,600.0,73.366
2026-06-01 11:17:00-04:00,73.47,73.54,73.4,73.46,3123.0,73.485
2026-06-01 11:18:00-04:00,73.51,73.77,73.51,73.76,2474.0,73.657
2026-06-01 11:19:00-04:00,73.88,73.98,73.77,73.77,1471.0,73.876
2026-06-01 11:20:00-04:00,73.77,73.93,73.77,73.84,1229.0,73.843
2026-06-01 11:21:00-04:00,73.84,73.84,73.54,73.65,7768.0,73.658
2026-06-01 11:22:00-04:00,73.65,73.74,73.57,73.57,1825.0,73.638
2026-06-01 11:23:00-04:00,73.69,73.69,73.47,73.47,1808.0,73.612
2026-06-01 11:24:00-04:00,73.5,73.89,73.5,73.89,2134.0,73.666
2026-06-01 11:25:00-04:00,73.95,73.95,73.95,73.95,200.0,73.95
2026-06-01 11:26:00-04:00,73.98,74.0,73.7,73.7,2754.0,73.884
2026-06-01 11:27:00-04:00,73.45,73.66,73.45,73.58,2600.0,73.638
2026-06-01 11:28:00-04:00,73.59,73.8,73.59,73.79,800.0,73.751
2026-06-01 11:29:00-04:00,73.95,74.01,73.65,73.68,6366.0,73.894
2026-06-01 11:30:00-04:00,73.65,73.78,73.49,73.78,1518.0,73.697
2026-06-01 11:31:00-04:00,73.61,73.9,73.6,73.64,2612.0,73.697
2026-06-01 11:32:00-04:00,73.63,73.63,73.51,73.61,1050.0,73.602
2026-06-01 11:33:00-04:00,73.61,73.71,73.55,73.62,1259.0,73.624
2026-06-01 11:34:00-04:00,73.53,73.53,73.29,73.29,5851.0,73.446
2026-06-01 11:35:00-04:00,73.21,73.38,73.16,73.35,4774.0,73.256
2026-06-01 11:36:00-04:00,73.21,73.4,73.05,73.4,3851.0,73.25
2026-06-01 11:37:00-04:00,73.25,73.37,73.25,73.37,925.0,73.28
2026-06-01 11:38:00-04:00,73.34,73.46,73.25,73.36,4570.0,73.421
2026-06-01 11:39:00-04:00,73.34,73.37,73.19,73.21,5320.0,73.265
2026-06-01 11:40:00-04:00,73.15,73.19,73.07,73.09,846.0,73.137
2026-06-01 11:41:00-04:00,73.22,73.22,73.22,73.22,800.0,73.22
2026-06-01 11:42:00-04:00,73.38,73.39,73.22,73.39,323.0,73.322
2026-06-01 11:43:00-04:00,73.2,73.34,73.2,73.24,775.0,73.261
2026-06-01 11:44:00-04:00,73.24,73.31,73.14,73.14,2226.0,73.223
2026-06-01 11:45:00-04:00,73.13,73.25,73.1,73.17,2796.0,73.141
2026-06-01 11:46:00-04:00,73.17,73.17,73.1,73.1,340.0,73.125
2026-06-01 11:47:00-04:00,73.17,73.17,73.01,73.14,10844.0,73.156
2026-06-01 11:48:00-04:00,73.13,73.13,73.03,73.03,486.0,73.105
2026-06-01 11:49:00-04:00,73.11,73.22,73.05,73.1,5691.0,73.14
2026-06-01 11:50:00-04:00,73.11,73.39,73.05,73.39,8400.0,73.191
2026-06-01 11:51:00-04:00,73.5,73.52,73.5,73.52,400.0,73.511
2026-06-01 11:52:00-04:00,73.51,73.74,73.41,73.44,3329.0,73.494
2026-06-01 11:53:00-04:00,73.27,73.29,72.7,73.11,10830.0,73.069
2026-06-01 11:54:00-04:00,72.88,73.32,72.87,72.95,5511.0,73.177
2026-06-01 11:55:00-04:00,73.08,73.22,73.08,73.2,325.0,73.169
2026-06-01 11:56:00-04:00,73.07,73.07,73.07,73.07,100.0,73.07
2026-06-01 11:57:00-04:00,73.09,73.23,73.08,73.13,5409.0,73.15
2026-06-01 11:58:00-04:00,73.18,73.27,72.87,73.27,4833.0,73.104
2026-06-01 11:59:00-04:00,72.75,73.0,72.75,73.0,412.0,72.903
2026-06-01 12:00:00-04:00,73.2,73.2,73.09,73.12,500.0,73.146
2026-06-01 12:01:00-04:00,73.12,73.12,73.12,73.12,0.0,73.12
2026-06-01 12:02:00-04:00,73.12,73.24,73.12,73.13,5082.0,73.197
2026-06-01 12:03:00-04:00,73.13,73.13,73.0,73.12,512.0,73.1
2026-06-01 12:04:00-04:00,73.12,73.12,72.95,73.12,3575.0,73.056
2026-06-01 12:05:00-04:00,73.12,73.12,73.12,73.12,100.0,73.12
2026-06-01 12:06:00-04:00,73.0,73.0,72.75,72.97,2557.0,72.938
2026-06-01 12:07:00-04:00,72.85,72.97,72.85,72.89,1509.0,72.904
2026-06-01 12:08:00-04:00,72.9,72.9,72.84,72.84,300.0,72.88
2026-06-01 12:09:00-04:00,72.84,72.85,72.84,72.84,820.0,72.843
2026-06-01 12:10:00-04:00,72.85,73.32,72.84,72.97,6232.0,72.971
2026-06-01 12:11:00-04:00,72.97,72.97,72.97,72.97,0.0,72.97
2026-06-01 12:12:00-04:00,73.02,73.03,72.81,72.97,955.0,72.945
2026-06-01 12:13:00-04:00,72.93,72.98,72.93,72.98,500.0,72.954
2026-06-01 12:14:00-04:00,72.99,72.99,72.7,72.85,4474.0,72.81
2026-06-01 12:15:00-04:00,72.76,72.86,72.72,72.73,1846.0,72.744
2026-06-01 12:16:00-04:00,72.61,72.73,72.61,72.64,1767.0,72.716
2026-06-01 12:17:00-04:00,72.55,72.64,72.36,72.42,2534.0,72.469
2026-06-01 12:18:00-04:00,72.44,72.65,72.44,72.64,1676.0,72.562
2026-06-01 12:19:00-04:00,72.73,72.75,72.58,72.73,1809.0,72.72
2026-06-01 12:20:00-04:00,72.72,72.72,72.72,72.72,1000.0,72.72
2026-06-01 12:21:00-04:00,72.75,72.75,72.73,72.73,200.0,72.74
2026-06-01 12:22:00-04:00,72.73,72.73,72.73,72.73,0.0,72.73
2026-06-01 12:23:00-04:00,72.49,72.75,72.49,72.75,4251.0,72.672
2026-06-01 12:24:00-04:00,72.65,72.76,72.65,72.76,200.0,72.705
2026-06-01 12:25:00-04:00,72.76,72.76,72.75,72.76,300.0,72.757
2026-06-01 12:26:00-04:00,72.76,72.99,72.76,72.78,600.0,72.82
2026-06-01 12:27:00-04:00,72.91,73.0,72.73,72.74,2400.0,72.913
2026-06-01 12:28:00-04:00,72.74,72.74,72.74,72.74,120.0,72.74
2026-06-01 12:29:00-04:00,72.75,72.85,72.75,72.75,2050.0,72.762
2026-06-01 12:30:00-04:00,72.75,72.75,72.75,72.75,0.0,72.75
2026-06-01 12:31:00-04:00,72.77,72.92,72.75,72.8,3124.0,72.836
2026-06-01 12:32:00-04:00,72.8,72.84,72.8,72.8,1832.0,72.811
2026-06-01 12:33:00-04:00,72.83,73.27,72.75,73.2,15630.0,73.032
2026-06-01 12:34:00-04:00,73.2,73.29,73.19,73.2,717.0,73.212
2026-06-01 12:35:00-04:00,73.19,73.2,73.18,73.18,2075.0,73.194
2026-06-01 12:36:00-04:00,73.2,73.55,73.18,73.33,8817.0,73.354
2026-06-01 12:37:00-04:00,73.34,73.36,73.17,73.19,8011.0,73.243
2026-06-01 12:38:00-04:00,73.2,73.2,73.13,73.13,325.0,73.175
2026-06-01 12:39:00-04:00,73.2,73.42,73.2,73.34,5933.0,73.306
2026-06-01 12:40:00-04:00,73.35,73.35,73.08,73.09,1200.0,73.128
2026-06-01 12:41:00-04:00,73.14,73.14,73.14,73.14,100.0,73.14
2026-06-01 12:42:00-04:00,73.0,73.02,72.79,72.79,1750.0,72.987
2026-06-01 12:43:00-04:00,72.79,72.85,72.76,72.85,960.0,72.8
2026-06-01 12:44:00-04:00,72.83,72.83,72.8,72.81,420.0,72.815
2026-06-01 12:45:00-04:00,72.77,72.77,72.76,72.76,1089.0,72.761
2026-06-01 12:46:00-04:00,72.76,72.76,72.76,72.76,0.0,72.76
2026-06-01 12:47:00-04:00,72.72,72.73,72.72,72.73,720.0,72.726
2026-06-01 12:48:00-04:00,72.77,72.77,72.62,72.63,1651.0,72.661
2026-06-01 12:49:00-04:00,72.76,72.76,72.76,72.76,206.0,72.76
2026-06-01 12:50:00-04:00,72.77,72.9,72.77,72.85,5557.0,72.86
2026-06-01 12:51:00-04:00,72.8,72.98,72.77,72.95,5395.0,72.828
2026-06-01 12:52:00-04:00,72.95,73.11,72.95,73.09,4327.0,73.031
2026-06-01 12:53:00-04:00,73.16,73.2,72.96,73.03,2681.0,73.098
2026-06-01 12:54:00-04:00,73.03,73.03,73.03,73.03,0.0,73.03
2026-06-01 12:55:00-04:00,73.3,73.3,73.18,73.18,420.0,73.271
2026-06-01 12:56:00-04:00,73.14,73.2,73.11,73.11,1050.0,73.15
2026-06-01 12:57:00-04:00,73.2,73.5,73.2,73.41,8802.0,73.325
2026-06-01 12:58:00-04:00,73.42,73.5,73.26,73.5,3626.0,73.33
2026-06-01 12:59:00-04:00,73.34,73.44,73.17,73.18,3779.0,73.196
2026-06-01 13:00:00-04:00,73.39,73.39,73.17,73.17,550.0,73.297
2026-06-01 13:01:00-04:00,73.17,73.23,73.16,73.2,900.0,73.194
2026-06-01 13:02:00-04:00,73.18,73.19,73.12,73.12,400.0,73.17
2026-06-01 13:03:00-04:00,73.14,73.14,72.95,73.12,821.0,73.084
2026-06-01 13:04:00-04:00,73.0,73.02,72.95,73.0,2784.0,72.97
2026-06-01 13:05:00-04:00,73.02,73.02,72.91,72.91,876.0,72.933
2026-06-01 13:06:00-04:00,72.99,72.99,72.97,72.99,491.0,72.985
2026-06-01 13:07:00-04:00,72.99,73.11,72.99,73.11,1750.0,73.066
2026-06-01 13:08:00-04:00,73.26,73.3,73.17,73.3,6655.0,73.223
2026-06-01 13:09:00-04:00,73.32,73.32,73.31,73.31,300.0,73.313
2026-06-01 13:10:00-04:00,73.31,73.42,73.31,73.32,880.0,73.355
2026-06-01 13:11:00-04:00,73.31,73.77,73.31,73.7,12716.0,73.61
2026-06-01 13:12:00-04:00,73.7,73.98,73.69,73.98,4019.0,73.908
2026-06-01 13:13:00-04:00,74.06,74.1,73.92,74.01,3327.0,74.066
2026-06-01 13:14:00-04:00,74.01,74.1,73.9,73.92,11134.0,73.992
2026-06-01 13:15:00-04:00,73.83,73.93,73.82,73.85,3009.0,73.869
2026-06-01 13:16:00-04:00,73.85,74.8,73.85,74.23,30510.0,74.58
2026-06-01 13:17:00-04:00,74.42,74.58,74.4,74.5,3822.0,74.502
2026-06-01 13:18:00-04:00,74.5,74.63,74.24,74.25,4029.0,74.407
2026-06-01 13:19:00-04:00,74.55,74.58,74.4,74.53,1081.0,74.5
2026-06-01 13:20:00-04:00,74.49,74.49,74.36,74.41,2921.0,74.477
2026-06-01 13:21:00-04:00,74.45,74.45,74.45,74.45,400.0,74.45
2026-06-01 13:22:00-04:00,74.39,74.39,74.27,74.36,950.0,74.353
2026-06-01 13:23:00-04:00,74.36,74.45,74.36,74.4,1330.0,74.424
2026-06-01 13:24:00-04:00,74.4,74.59,74.4,74.59,1538.0,74.495
2026-06-01 13:25:00-04:00,74.44,74.62,74.44,74.58,3847.0,74.563
2026-06-01 13:26:00-04:00,74.45,74.6,74.45,74.48,1377.0,74.51
2026-06-01 13:27:00-04:00,74.48,74.62,74.48,74.48,634.0,74.518
2026-06-01 13:28:00-04:00,74.64,74.89,74.6,74.6,7535.0,74.722
2026-06-01 13:29:00-04:00,74.6,74.62,74.51,74.55,5546.0,74.544
2026-06-01 13:30:00-04:00,74.74,74.74,74.54,74.55,3383.0,74.674
2026-06-01 13:31:00-04:00,74.5,74.5,74.4,74.4,825.0,74.421
2026-06-01 13:32:00-04:00,74.4,74.51,74.39,74.5,3654.0,74.477
2026-06-01 13:33:00-04:00,74.4,74.49,74.31,74.31,644.0,74.403
2026-06-01 13:34:00-04:00,74.32,74.38,74.25,74.26,4032.0,74.298
2026-06-01 13:35:00-04:00,74.25,74.45,74.22,74.32,3232.0,74.397
2026-06-01 13:36:00-04:00,74.47,74.58,74.27,74.27,3300.0,74.5
2026-06-01 13:37:00-04:00,74.26,74.49,74.26,74.48,1400.0,74.441
2026-06-01 13:38:00-04:00,74.45,74.45,74.45,74.45,200.0,74.45
2026-06-01 13:39:00-04:00,74.46,74.46,74.39,74.39,3033.0,74.437
2026-06-01 13:40:00-04:00,74.28,74.29,74.27,74.27,1300.0,74.281
2026-06-01 13:41:00-04:00,74.27,74.27,74.27,74.27,200.0,74.27
2026-06-01 13:42:00-04:00,74.26,74.26,74.07,74.07,2328.0,74.086
2026-06-01 13:43:00-04:00,74.27,74.6,74.26,74.41,6014.0,74.441
2026-06-01 13:44:00-04:00,74.52,74.52,74.35,74.4,3062.0,74.413
2026-06-01 13:45:00-04:00,74.42,74.42,74.41,74.41,300.0,74.413
2026-06-01 13:46:00-04:00,74.42,74.6,74.41,74.41,3000.0,74.432
2026-06-01 13:47:00-04:00,74.41,74.63,74.41,74.63,2040.0,74.599
2026-06-01 13:48:00-04:00,74.66,74.87,74.66,74.87,816.0,74.804
2026-06-01 13:49:00-04:00,74.87,75.13,74.87,75.13,3415.0,75.001
2026-06-01 13:50:00-04:00,75.22,75.31,75.16,75.16,3681.0,75.216
2026-06-01 13:51:00-04:00,75.16,75.32,75.12,75.12,1876.0,75.208
2026-06-01 13:52:00-04:00,75.1,75.19,75.05,75.19,1335.0,75.1
2026-06-01 13:53:00-04:00,75.03,75.07,74.73,74.73,2308.0,74.977
2026-06-01 13:54:00-04:00,74.84,74.86,74.71,74.71,8302.0,74.786
2026-06-01 13:55:00-04:00,74.75,74.8,74.65,74.66,1223.0,74.703
2026-06-01 13:56:00-04:00,74.65,75.02,74.65,75.02,2404.0,74.915
2026-06-01 13:57:00-04:00,74.82,74.82,74.79,74.79,400.0,74.803
2026-06-01 13:58:00-04:00,74.78,74.79,74.68,74.76,2060.0,74.765
2026-06-01 13:59:00-04:00,74.75,74.75,74.64,74.65,1156.0,74.687
2026-06-01 14:00:00-04:00,74.6,74.64,74.6,74.6,950.0,74.611
2026-06-01 14:01:00-04:00,74.64,74.66,74.63,74.65,1503.0,74.636
2026-06-01 14:02:00-04:00,74.65,74.72,74.63,74.65,3298.0,74.648
2026-06-01 14:03:00-04:00,74.5,74.7,74.5,74.62,2753.0,74.622
2026-06-01 14:04:00-04:00,74.7,74.79,74.68,74.79,1738.0,74.722
2026-06-01 14:05:00-04:00,74.8,74.89,74.8,74.85,4242.0,74.842
2026-06-01 14:06:00-04:00,74.88,74.88,74.88,74.88,200.0,74.88
2026-06-01 14:07:00-04:00,74.86,74.87,74.74,74.74,1213.0,74.8
2026-06-01 14:08:00-04:00,74.74,74.74,74.74,74.74,0.0,74.74
2026-06-01 14:09:00-04:00,74.64,74.72,74.62,74.67,2137.0,74.696
2026-06-01 14:10:00-04:00,74.62,74.75,74.61,74.72,4131.0,74.656
2026-06-01 14:11:00-04:00,74.67,74.67,74.5,74.57,2300.0,74.536
2026-06-01 14:12:00-04:00,74.46,74.47,74.39,74.39,2886.0,74.439
2026-06-01 14:13:00-04:00,74.4,74.6,74.4,74.6,4179.0,74.564
2026-06-01 14:14:00-04:00,74.56,74.67,74.56,74.67,300.0,74.6
2026-06-01 14:15:00-04:00,74.67,74.67,74.67,74.67,0.0,74.67
2026-06-01 14:16:00-04:00,74.6,74.6,74.57,74.57,1213.0,74.587
2026-06-01 14:17:00-04:00,74.49,74.49,74.49,74.49,100.0,74.49
2026-06-01 14:18:00-04:00,74.55,74.55,74.43,74.43,5150.0,74.436
2026-06-01 14:19:00-04:00,74.43,74.43,74.43,74.43,0.0,74.43
2026-06-01 14:20:00-04:00,74.58,74.58,74.58,74.58,100.0,74.58
2026-06-01 14:21:00-04:00,74.58,74.74,74.58,74.59,6853.0,74.655
2026-06-01 14:22:00-04:00,74.58,74.58,74.51,74.52,1274.0,74.54
2026-06-01 14:23:00-04:00,74.51,74.56,74.51,74.55,4286.0,74.524
2026-06-01 14:24:00-04:00,74.57,74.57,74.55,74.55,400.0,74.56
2026-06-01 14:25:00-04:00,74.5,74.57,74.5,74.57,600.0,74.528
2026-06-01 14:26:00-04:00,74.57,74.95,74.57,74.89,6019.0,74.743
2026-06-01 14:27:00-04:00,74.79,74.92,74.79,74.91,1100.0,74.873
2026-06-01 14:28:00-04:00,74.91,74.92,74.83,74.88,2429.0,74.861
2026-06-01 14:29:00-04:00,74.82,74.82,74.76,74.8,1090.0,74.78
2026-06-01 14:30:00-04:00,74.85,74.94,74.85,74.9,1120.0,74.875
2026-06-01 14:31:00-04:00,74.9,74.9,74.79,74.88,2302.0,74.845
2026-06-01 14:32:00-04:00,74.89,75.09,74.88,74.96,5220.0,74.945
2026-06-01 14:33:00-04:00,75.08,75.38,75.08,75.38,2491.0,75.17
2026-06-01 14:34:00-04:00,75.23,75.31,75.11,75.2,2800.0,75.212
2026-06-01 14:35:00-04:00,75.18,75.29,75.15,75.29,2930.0,75.2
2026-06-01 14:36:00-04:00,75.3,75.57,75.3,75.57,1900.0,75.451
2026-06-01 14:37:00-04:00,75.66,75.75,75.52,75.75,2324.0,75.638
2026-06-01 14:38:00-04:00,75.46,75.49,75.19,75.22,7018.0,75.363
2026-06-01 14:39:00-04:00,75.19,75.42,75.19,75.37,800.0,75.359
2026-06-01 14:40:00-04:00,75.33,75.33,75.01,75.01,4930.0,75.098
2026-06-01 14:41:00-04:00,75.01,75.19,74.88,75.19,15299.0,74.983
2026-06-01 14:42:00-04:00,75.37,75.37,75.18,75.37,920.0,75.325
2026-06-01 14:43:00-04:00,75.17,75.17,75.17,75.17,100.0,75.17
2026-06-01 14:44:00-04:00,75.17,75.37,75.17,75.18,1150.0,75.192
2026-06-01 14:45:00-04:00,75.23,75.23,75.21,75.22,876.0,75.217
2026-06-01 14:46:00-04:00,75.38,75.38,75.07,75.21,2840.0,75.229
2026-06-01 14:47:00-04:00,75.21,75.21,75.21,75.21,800.0,75.21
2026-06-01 14:48:00-04:00,75.05,75.28,75.03,75.28,2412.0,75.098
2026-06-01 14:49:00-04:00,75.06,75.15,74.88,74.97,12496.0,74.99
2026-06-01 14:50:00-04:00,74.91,74.91,74.9,74.91,500.0,74.905
2026-06-01 14:51:00-04:00,74.85,74.85,74.85,74.85,100.0,74.85
2026-06-01 14:52:00-04:00,74.85,75.03,74.83,74.97,9272.0,74.902
2026-06-01 14:53:00-04:00,75.02,75.03,74.96,75.03,1713.0,75.01
2026-06-01 14:54:00-04:00,75.02,75.04,74.9,75.04,5843.0,74.956
2026-06-01 14:55:00-04:00,75.0,75.02,74.99,75.02,490.0,75.009
2026-06-01 14:56:00-04:00,74.99,75.0,74.87,74.88,4779.0,74.942
2026-06-01 14:57:00-04:00,74.88,74.88,74.86,74.86,560.0,74.869
2026-06-01 14:58:00-04:00,74.81,74.81,74.74,74.74,4222.0,74.779
2026-06-01 14:59:00-04:00,74.65,74.86,74.62,74.8,4009.0,74.76
2026-06-01 15:00:00-04:00,74.79,74.79,74.78,74.78,1020.0,74.781
2026-06-01 15:01:00-04:00,74.77,74.93,74.77,74.93,2539.0,74.87
2026-06-01 15:02:00-04:00,74.86,75.85,74.86,75.58,23791.0,75.455
2026-06-01 15:03:00-04:00,75.59,76.93,75.59,76.93,35146.0,76.282
2026-06-01 15:04:00-04:00,76.93,76.93,76.44,76.46,10078.0,76.682
2026-06-01 15:05:00-04:00,76.45,76.59,76.42,76.44,4850.0,76.477
2026-06-01 15:06:00-04:00,76.4,76.44,76.06,76.35,5945.0,76.307
2026-06-01 15:07:00-04:00,76.34,76.54,76.28,76.53,3170.0,76.414
2026-06-01 15:08:00-04:00,76.36,76.42,75.57,75.81,7098.0,75.932
2026-06-01 15:09:00-04:00,75.81,75.9,75.81,75.9,330.0,75.837
2026-06-01 15:10:00-04:00,75.81,75.9,75.76,75.82,2504.0,75.804
2026-06-01 15:11:00-04:00,75.82,75.82,75.73,75.73,7740.0,75.779
2026-06-01 15:12:00-04:00,75.64,75.8,75.63,75.69,4712.0,75.665
2026-06-01 15:13:00-04:00,75.68,75.68,75.68,75.68,200.0,75.68
2026-06-01 15:14:00-04:00,75.6,75.7,75.54,75.54,1325.0,75.615
2026-06-01 15:15:00-04:00,75.67,75.8,75.56,75.69,5325.0,75.724
2026-06-01 15:16:00-04:00,75.68,76.32,75.67,76.26,47040.0,76.206
2026-06-01 15:17:00-04:00,76.14,76.25,76.01,76.13,5300.0,76.154
2026-06-01 15:18:00-04:00,76.13,76.25,76.12,76.12,4128.0,76.159
2026-06-01 15:19:00-04:00,76.01,76.21,76.01,76.12,1826.0,76.12
2026-06-01 15:20:00-04:00,76.12,76.21,75.97,76.05,6088.0,76.01
2026-06-01 15:21:00-04:00,76.05,76.05,75.69,76.04,2311.0,75.924
2026-06-01 15:22:00-04:00,75.85,75.96,75.81,75.88,1000.0,75.879
2026-06-01 15:23:00-04:00,75.75,75.75,75.58,75.73,5176.0,75.664
2026-06-01 15:24:00-04:00,75.68,75.93,75.68,75.92,5496.0,75.796
2026-06-01 15:25:00-04:00,75.84,75.84,75.83,75.84,320.0,75.835
2026-06-01 15:26:00-04:00,75.84,75.9,75.83,75.9,1977.0,75.855
2026-06-01 15:27:00-04:00,75.98,76.03,75.97,75.97,700.0,75.993
2026-06-01 15:28:00-04:00,75.97,76.06,75.96,75.96,2682.0,76.007
2026-06-01 15:29:00-04:00,75.95,76.0,75.92,75.94,3936.0,75.952
2026-06-01 15:30:00-04:00,75.94,75.94,75.84,75.84,7255.0,75.882
2026-06-01 15:31:00-04:00,75.78,75.9,75.74,75.79,3501.0,75.814
2026-06-01 15:32:00-04:00,75.79,75.9,75.79,75.89,5525.0,75.83
2026-06-01 15:33:00-04:00,75.89,76.1,75.89,75.98,4325.0,75.99
2026-06-01 15:34:00-04:00,76.05,76.05,75.97,75.98,1055.0,76.005
2026-06-01 15:35:00-04:00,75.97,76.28,75.97,76.06,5438.0,76.082
2026-06-01 15:36:00-04:00,75.98,75.98,75.62,75.63,4884.0,75.858
2026-06-01 15:37:00-04:00,75.61,75.7,75.58,75.59,1858.0,75.616
2026-06-01 15:38:00-04:00,75.59,75.85,75.59,75.78,6794.0,75.725
2026-06-01 15:39:00-04:00,75.76,75.92,75.68,75.71,9323.0,75.831
2026-06-01 15:40:00-04:00,75.59,75.72,75.59,75.72,350.0,75.683
2026-06-01 15:41:00-04:00,75.72,76.2,75.72,76.11,7297.0,75.916
2026-06-01 15:42:00-04:00,76.09,76.34,76.06,76.22,5078.0,76.175
2026-06-01 15:43:00-04:00,76.22,76.3,76.14,76.3,5839.0,76.238
2026-06-01 15:44:00-04:00,76.3,76.44,76.29,76.42,1145.0,76.375
2026-06-01 15:45:00-04:00,76.36,76.46,76.28,76.4,7412.0,76.368
2026-06-01 15:46:00-04:00,76.33,76.48,76.32,76.47,3670.0,76.397
2026-06-01 15:47:00-04:00,76.37,76.47,76.32,76.32,2742.0,76.387
2026-06-01 15:48:00-04:00,76.33,76.4,76.27,76.38,2807.0,76.349
2026-06-01 15:49:00-04:00,76.35,76.48,76.21,76.23,9057.0,76.374
2026-06-01 15:50:00-04:00,76.23,76.47,76.21,76.28,8788.0,76.329
2026-06-01 15:51:00-04:00,76.27,76.36,76.08,76.15,5850.0,76.227
2026-06-01 15:52:00-04:00,76.14,76.16,76.03,76.16,4005.0,76.111
2026-06-01 15:53:00-04:00,76.16,76.16,76.12,76.16,2901.0,76.152
2026-06-01 15:54:00-04:00,76.16,76.16,75.95,76.0,9331.0,76.079
2026-06-01 15:55:00-04:00,76.1,76.1,75.77,75.84,16292.0,75.904
2026-06-01 15:56:00-04:00,75.81,75.95,75.7,75.81,15340.0,75.825
2026-06-01 15:57:00-04:00,75.82,76.0,75.74,75.94,24314.0,75.886
2026-06-01 15:58:00-04:00,75.92,75.98,75.87,75.95,24297.0,75.933
2026-06-01 15:59:00-04:00,75.94,75.96,75.72,75.77,47836.0,75.848
