date,sym,H_pct,H_R,F_pct,F_R,F_early,D3_pct,D3_R,D3_early,D5_pct,D5_R,D5_early
2010-01-05,DAL,0.973805858575392,0.1604882017230937,0.973805858575392,0.1604882017230937,False,0.973805858575392,0.1604882017230937,False,0.973805858575392,0.1604882017230937,False
2010-01-07,DAL,-3.723096288525729,-0.7187520983662484,-1.8327573752699673,-0.34374548735541843,True,-1.281436633320466,-0.23437413517689804,True,-3.723096288525729,-0.7187520983662484,False
2010-01-20,DAL,-5.764559192176646,-1.0555515220189569,-0.9943765935008885,-0.166660907318587,True,-0.6962344813811377,-0.11110418179957489,True,-1.9633177316991153,-0.3472164030726891,True
2010-01-20,ZION,-2.498333676677152,-0.40186590423132185,-1.5501893278476473,-0.24299439698880526,True,-0.09999999999999562,0.0,True,-2.498333676677152,-0.40186590423132185,False
2010-03-01,UAL,5.000055691827502,1.1499984502814526,5.000055691827502,1.1499984502814526,False,5.000055691827502,1.1499984502814526,False,-2.9272058200472135,-0.6374993741521251,True
2010-03-05,CLF,-2.5225115116248764,-1.1052528113670606,-2.5225115116248764,-1.1052528113670606,False,-2.5225115116248764,-1.1052528113670606,False,-2.5225115116248764,-1.1052528113670606,False
2010-03-11,VECO,18.81758423892152,6.990752874273705,-0.37562198979354844,-0.10185260406548576,True,-0.3255080318074367,-0.08333362767779877,True,-0.7765240954223167,-0.25000088303339635,True
2010-03-12,CLF,9.065462722707194,1.9281088534737614,-0.6126447174563489,-0.10784341700123275,True,9.065462722707194,1.9281088534737614,False,-0.6126447174563489,-0.10784341700123275,True
2010-03-16,CLF,-2.6790795628354545,-1.1554161362540367,-2.6790795628354545,-1.1554161362540367,False,-2.6790795628354545,-1.1554161362540367,False,-2.6790795628354545,-1.1554161362540367,False
2010-03-17,ZION,-4.754828035887126,-1.0693013851087882,-4.754828035887126,-1.0693013851087882,False,-4.754828035887126,-1.0693013851087882,False,-4.754828035887126,-1.0693013851087882,False
2010-03-24,CLF,-3.902421500781359,-1.3124905472682706,-3.902421500781359,-1.3124905472682706,False,-3.902421500781359,-1.3124905472682706,False,-3.902421500781359,-1.3124905472682706,False
2010-04-05,VECO,1.9863188763397974,0.3632946387112905,1.9863188763397974,0.3632946387112905,False,1.9863188763397974,0.3632946387112905,False,1.9863188763397974,0.3632946387112905,False
2010-04-06,CENX,-7.49691137560195,-1.0999996532094598,-3.2788406447001304,-0.47272752493857473,True,-3.2788406447001304,-0.47272752493857473,True,-0.7724501986617084,-0.10000052018581038,True
2010-04-06,MGM,10.071881908193957,2.4642789178490245,10.071881908193957,2.4642789178490245,False,10.071881908193957,2.4642789178490245,False,10.071881908193957,2.4642789178490245,False
2010-04-06,RF,-4.074628561902119,-0.8717960274133875,-4.074628561902119,-0.8717960274133875,False,-4.074628561902119,-0.8717960274133875,False,-2.554919971222874,-0.5384627632992376,True
2010-04-06,VECO,-0.22625552127234833,-0.03797550870619139,-1.8044134160091942,-0.5126585029020638,True,-1.8044134160091942,-0.5126585029020638,True,-3.0038127738551093,-0.873417385341922,True
2010-04-06,ZION,8.87574999529328,1.7436034536831573,-1.5001563937382678,-0.271990365718609,True,-1.5001563937382678,-0.271990365718609,True,8.87574999529328,1.7436034536831573,False
2010-04-08,LVS,-1.5850214724589875,-0.220859436613317,-0.5537562118059007,-0.06748477591593488,True,-1.5850214724589875,-0.220859436613317,False,-2.2037793716472316,-0.3128840460544631,True
2010-04-12,ZION,6.11977590088132,1.2597556924599995,6.11977590088132,1.2597556924599995,False,6.11977590088132,1.2597556924599995,False,6.11977590088132,1.2597556924599995,False
2010-04-14,ZION,0.23933224632392386,0.05558552462091315,-3.2471599645265528,-0.5155317232278758,True,-3.626331065204808,-0.5776431929765296,True,0.23933224632392386,0.05558552462091315,False
2010-04-20,ZION,-3.6376347963197295,-0.45350700607789346,-3.6376347963197295,-0.45350700607789346,False,-3.6376347963197295,-0.45350700607789346,False,-3.6376347963197295,-0.45350700607789346,False
2010-04-21,ZION,-8.479970885278352,-1.7166701464691025,-8.479970885278352,-1.7166701464691025,False,-0.4115939546020208,-0.06383125275831808,True,-4.289103564379423,-0.8581544169885981,True
2010-04-26,LVS,-5.8604610126253736,-2.881671341983675,-5.8604610126253736,-2.881671341983675,False,-5.8604610126253736,-2.881671341983675,False,-5.8604610126253736,-2.881671341983675,False
2010-06-03,CRM,-7.764227542644919,-1.2310276573720769,-5.937418528463876,-0.9376057295025658,True,-7.764227542644919,-1.2310276573720769,False,-7.764227542644919,-1.2310276573720769,False
2010-06-11,CRM,-5.891793292675264,-0.910567090695052,-1.0515079790717443,-0.14959302041601194,True,-2.478790051036571,-0.3739857116251122,True,-1.0515079790717443,-0.14959302041601194,True
2010-06-11,DECK,-3.8855571285400736,-0.6380946152882001,-3.8855571285400736,-0.6380946152882001,False,-3.8855571285400736,-0.6380946152882001,False,-3.8855571285400736,-0.6380946152882001,False
2010-06-11,NTAP,-5.098743131415604,-0.9615363943558027,-5.098743131415604,-0.9615363943558027,False,-5.098743131415604,-0.9615363943558027,False,-5.098743131415604,-0.9615363943558027,False
2010-06-15,NTAP,-3.9888361186050316,-1.1258776828954407,-0.4864475026016961,-0.11188247730686329,True,-0.4864475026016961,-0.11188247730686329,True,-3.9888361186050316,-1.1258776828954407,False
2010-06-17,CRM,-5.452604959468077,-1.8772511283171187,-1.5204886658139425,-0.49818994131894706,True,-5.452604959468077,-1.8772511283171187,False,-5.452604959468077,-1.8772511283171187,False
2010-07-22,AAL,-2.2309179157490746,-0.5250003065850685,-2.2309179157490746,-0.5250003065850685,False,-2.2309179157490746,-0.5250003065850685,False,-2.2309179157490746,-0.5250003065850685,False
2010-07-22,SWKS,-2.9794234889745077,-0.9629571682054383,-2.9794234889745077,-0.9629571682054383,False,-2.9794234889745077,-0.9629571682054383,False,-2.9794234889745077,-0.9629571682054383,False
2010-07-23,AAL,-6.956476790108507,-1.2033901533828963,-6.956476790108507,-1.2033901533828963,False,-6.956476790108507,-1.2033901533828963,False,-6.956476790108507,-1.2033901533828963,False
2010-07-23,SWKS,-6.603415114109669,-1.184465554130723,-6.603415114109669,-1.184465554130723,False,-0.2599060933147272,-0.029123661353861182,True,-6.603415114109669,-1.184465554130723,False
2010-07-26,MELI,-4.303597665265476,-1.096005580014918,-4.303597665265476,-1.096005580014918,False,-4.303597665265476,-1.096005580014918,False,-4.303597665265476,-1.096005580014918,False
2010-07-26,SWKS,-5.481553644886864,-2.1915056914376496,-5.481553644886864,-2.1915056914376496,False,-5.481553644886864,-2.1915056914376496,False,-5.481553644886864,-2.1915056914376496,False
2010-08-02,KEY,-4.587116398167953,-1.000006116836654,-4.587116398167953,-1.000006116836654,False,-4.587116398167953,-1.000006116836654,False,-4.587116398167953,-1.000006116836654,False
2010-08-17,MELI,-2.3089759348557903,-1.1050404876717315,-2.3089759348557903,-1.1050404876717315,False,-2.3089759348557903,-1.1050404876717315,False,-2.3089759348557903,-1.1050404876717315,False
2010-10-29,SIRI,-4.0979814117527615,-1.1999944207361992,-4.0979814117527615,-1.1999944207361992,False,-4.0979814117527615,-1.1999944207361992,False,-4.0979814117527615,-1.1999944207361992,False
2010-11-18,HAL,5.446437888892076,1.0421421446906403,5.446437888892076,1.0421421446906403,False,-3.0271875162718778,-0.5500008360733,True,-2.7610584115065784,-0.4999967863461492,True
2010-11-22,FFIV,-1.2742688433853422,-0.15816209356911806,-1.2742688433853422,-0.15816209356911806,False,-1.2742688433853422,-0.15816209356911806,False,-0.13787069040097477,-0.00510079758350493,True
2010-12-01,FFIV,-3.919341936203625,-1.0948466257668712,-3.919341936203625,-1.0948466257668712,False,-3.919341936203625,-1.0948466257668712,False,-1.3875024857571823,-0.36907346232499605,True
2011-02-02,CRUS,-1.3438252724541477,-0.28282904179791735,-1.3438252724541477,-0.28282904179791735,False,-1.3438252724541477,-0.28282904179791735,False,-1.3438252724541477,-0.28282904179791735,False
2011-02-03,CRUS,-5.984397545248009,-1.2752303691856497,-5.984397545248009,-1.2752303691856497,False,-5.984397545248009,-1.2752303691856497,False,-5.984397545248009,-1.2752303691856497,False
2011-02-04,CRUS,-6.022065075876869,-1.0575539272188375,-2.3157365952249984,-0.3956830781052747,True,-3.040888989001408,-0.5251797573961249,True,-2.3157365952249984,-0.3956830781052747,True
2011-02-16,GT,-7.239288265769071,-2.018869601513848,-0.7004946727630954,-0.16980970589535974,True,-7.239288265769071,-2.018869601513848,False,-7.239288265769071,-2.018869601513848,False
2011-03-03,CDE,-8.211880321874789,-1.2017152403414961,-8.211880321874789,-1.2017152403414961,False,-8.211880321874789,-1.2017152403414961,False,-8.211880321874789,-1.2017152403414961,False
2011-03-29,LULU,4.529292323803948,1.3496758751371298,-0.1448367342049392,-0.013072205046374788,True,-0.1448367342049392,-0.013072205046374788,True,4.529292323803948,1.3496758751371298,False
2011-04-05,CDE,-8.131945978324895,-1.3785061390794027,-0.1544642336987379,-0.009347582854340186,True,-0.1544642336987379,-0.009347582854340186,True,-5.817652758196809,-0.9813088197515947,True
2011-05-25,CF,-2.0792456401109543,-0.6810836180166724,-2.0792456401109543,-0.6810836180166724,False,-2.0792456401109543,-0.6810836180166724,False,-0.6295778868928099,-0.1822344917260311,True
2011-06-30,DINO,3.4285114754454558,1.7651383068761575,3.4285114754454558,1.7651383068761575,False,3.4285114754454558,1.7651383068761575,False,3.4285114754454558,1.7651383068761575,False
2011-07-06,LULU,-3.0484276632691,-1.0981593512678594,-1.014177327345652,-0.3404907616517862,True,-3.0484276632691,-1.0981593512678594,False,-3.0484276632691,-1.0981593512678594,False
2011-08-10,EGO,-4.5148197608503,-0.656485490603696,-1.7940709748827544,-0.2519090416613504,True,-4.5148197608503,-0.656485490603696,False,-0.4079943750692717,-0.045798888600968465,True
2011-08-22,EGO,-5.196467709725608,-1.0729175242153506,-5.196467709725608,-1.0729175242153506,False,-5.196467709725608,-1.0729175242153506,False,-5.196467709725608,-1.0729175242153506,False
2011-08-23,CF,-2.093980103272826,-0.45019006342074963,-2.093980103272826,-0.45019006342074963,False,-2.093980103272826,-0.45019006342074963,False,-2.093980103272826,-0.45019006342074963,False
2011-08-30,RRC,-4.7076987126677015,-0.9177835931541752,-2.671476890945757,-0.5121991362405585,True,-2.671476890945757,-0.5121991362405585,True,-4.7076987126677015,-0.9177835931541752,False
2011-09-01,EGO,-1.4254711619413691,-0.5000008877136688,-1.4254711619413691,-0.5000008877136688,False,-1.4254711619413691,-0.5000008877136688,False,-1.4254711619413691,-0.5000008877136688,False
2011-09-06,IAG,-2.3445344497055673,-1.1228286391723776,-2.3445344497055673,-1.1228286391723776,False,-2.3445344497055673,-1.1228286391723776,False,-2.3445344497055673,-1.1228286391723776,False
2011-09-08,IAG,-4.420979189579827,-1.3378371942513039,-1.8895025864933235,-0.554055693022786,True,-4.420979189579827,-1.3378371942513039,False,-4.420979189579827,-1.3378371942513039,False
2011-09-14,RL,-2.3554012735948646,-0.4291901934003098,-2.3554012735948646,-0.4291901934003098,False,-2.3554012735948646,-0.4291901934003098,False,-2.3554012735948646,-0.4291901934003098,False
2011-09-15,RL,-5.421130390852312,-1.860937886248303,-0.43121924795195554,-0.11583599759707311,True,-5.421130390852312,-1.860937886248303,False,-2.91202220283103,-0.9834374033036033,True
2011-09-19,LVS,-9.016518826174593,-1.6259305922817013,-9.016518826174593,-1.6259305922817013,False,-9.016518826174593,-1.6259305922817013,False,-9.016518826174593,-1.6259305922817013,False
2011-09-20,IAG,-9.514642411801594,-1.7950824532863836,-9.514642411801594,-1.7950824532863836,False,-9.514642411801594,-1.7950824532863836,False,-9.514642411801594,-1.7950824532863836,False
2011-10-21,SGI,-3.105862669606874,-0.46666045981518667,-3.105862669606874,-0.46666045981518667,False,-3.105862669606874,-0.46666045981518667,False,-3.105862669606874,-0.46666045981518667,False
2011-10-21,USB,-2.2651463928262223,-1.0831147537900077,-2.2651463928262223,-1.0831147537900077,False,-2.2651463928262223,-1.0831147537900077,False,-2.2651463928262223,-1.0831147537900077,False
2011-10-24,SGI,-2.854344660525471,-1.0552451872121233,-2.854344660525471,-1.0552451872121233,False,-2.854344660525471,-1.0552451872121233,False,-2.854344660525471,-1.0552451872121233,False
2011-10-26,TNL,0.09895221318711664,0.06796785006320828,0.09895221318711664,0.06796785006320828,False,0.09895221318711664,0.06796785006320828,False,0.09895221318711664,0.06796785006320828,False
2011-10-27,DHI,-5.854983433080677,-1.5454607818529307,-1.7926416296232976,-0.45454713931541774,True,-5.854983433080677,-1.5454607818529307,False,-5.854983433080677,-1.5454607818529307,False
2011-10-27,JBL,-2.7502288592674535,-1.2174068566295884,-2.7502288592674535,-1.2174068566295884,False,-2.7502288592674535,-1.2174068566295884,False,-2.7502288592674535,-1.2174068566295884,False
2011-10-27,PH,-6.799758909455113,-1.3623183419247873,-0.3969446028948902,-0.06038024420377129,True,-6.799758909455113,-1.3623183419247873,False,-6.799758909455113,-1.3623183419247873,False
2011-10-27,TNL,-4.090035216687152,-1.0219015819559263,-1.3540083037037411,-0.32116836061530035,True,-4.090035216687152,-1.0219015819559263,False,-4.090035216687152,-1.0219015819559263,False
2011-10-27,TPR,-3.540182189779613,-0.9911151452410741,-3.540182189779613,-0.9911151452410741,False,-3.0311385130146333,-0.8444598607826406,True,-3.540182189779613,-0.9911151452410741,False
2011-10-27,WMB,-3.374969969301395,-1.1333412876585132,-3.374969969301395,-1.1333412876585132,False,-3.374969969301395,-1.1333412876585132,False,-3.374969969301395,-1.1333412876585132,False
2011-10-28,CRM,-6.414210760626387,-1.0878695316524638,-6.414210760626387,-1.0878695316524638,False,-6.414210760626387,-1.0878695316524638,False,-6.414210760626387,-1.0878695316524638,False
2011-10-28,JBL,-3.6629753551803104,-1.782378867023684,-3.6629753551803104,-1.782378867023684,False,-3.6629753551803104,-1.782378867023684,False,-3.6629753551803104,-1.782378867023684,False
2011-11-02,STX,-5.02627742564499,-1.4561413516449546,-5.02627742564499,-1.4561413516449546,False,-5.02627742564499,-1.4561413516449546,False,-5.02627742564499,-1.4561413516449546,False
2011-11-03,STX,-7.499427143083769,-2.031744208185196,-7.499427143083769,-2.031744208185196,False,-7.499427143083769,-2.031744208185196,False,-7.499427143083769,-2.031744208185196,False
2011-11-04,STX,-8.710703754748998,-1.1703649124742377,-2.279916763378087,-0.29629379486723567,True,-6.694309645558969,-0.8962970798868967,True,-2.279916763378087,-0.29629379486723567,True
2011-11-04,ULTA,-7.127736647037517,-1.260870122457671,-2.6445262331047243,-0.45652210153377804,True,-4.287019812102278,-0.7512074581570349,True,-2.6445262331047243,-0.45652210153377804,True
2011-11-08,DHI,-5.661979946230203,-1.8108042954744457,-5.661979946230203,-1.8108042954744457,False,-5.661979946230203,-1.8108042954744457,False,-5.661979946230203,-1.8108042954744457,False
2011-11-08,TOL,-6.890190856089608,-1.6296234215106002,-6.890190856089608,-1.6296234215106002,False,-6.890190856089608,-1.6296234215106002,False,-6.890190856089608,-1.6296234215106002,False
2011-11-16,LEN,-3.908632781347411,-1.0447699714627399,-3.908632781347411,-1.0447699714627399,False,-3.908632781347411,-1.0447699714627399,False,-3.908632781347411,-1.0447699714627399,False
2012-01-11,PHM,8.077738024232236,1.8000028123887615,-1.138431451647653,-0.22856926058281432,True,-2.6961114809398454,-0.5714303824748899,True,8.077738024232236,1.8000028123887615,False
2012-01-18,PHM,4.80935729889162,0.7358449376234008,-2.3659045946382293,-0.339627842014798,True,-6.645873449470728,-0.9811361338894508,True,4.80935729889162,0.7358449376234008,False
2012-02-03,MPC,-2.653469597497415,-1.1465083989525349,-2.653469597497415,-1.1465083989525349,False,-2.653469597497415,-1.1465083989525349,False,-2.653469597497415,-1.1465083989525349,False
2012-02-08,PHM,-3.797593568319317,-0.9411840718807079,-3.797593568319317,-0.9411840718807079,False,-3.797593568319317,-0.9411840718807079,False,-3.797593568319317,-0.9411840718807079,False
2012-02-09,PHM,-5.389499246510039,-1.0434728793326264,-3.1855360623829876,-0.6086914940811738,True,-5.389499246510039,-1.0434728793326264,False,-2.3039879749167715,-0.4347862757931726,True
2012-02-13,PHM,-5.597801834527925,-1.5625021002593467,-2.0792019816460514,-0.5624988579503724,True,-2.5190803007673885,-0.6875144220198366,True,-5.597801834527925,-1.5625021002593467,False
2012-03-08,DINO,-3.8178560322472994,-0.7691767635542314,-3.8178560322472994,-0.7691767635542314,False,-3.8178560322472994,-0.7691767635542314,False,-0.24638111104016017,-0.03028437579582457,True
2012-04-26,AAL,3.877601546009146,1.0263153726911398,3.877601546009146,1.0263153726911398,False,3.877601546009146,1.0263153726911398,False,3.877601546009146,1.0263153726911398,False
2012-04-27,AAL,-1.263362524749043,-0.1791084609845683,-1.263362524749043,-0.1791084609845683,False,-0.5847450094482702,-0.07463016107636733,True,-1.263362524749043,-0.1791084609845683,False
2012-05-02,DHI,-6.0990478229157725,-1.3966933648335105,-3.4812492489775346,-0.7872196605693784,True,-2.5504276875245764,-0.5705065525726102,True,-6.0990478229157725,-1.3966933648335105,False
2012-05-03,AAL,-4.952868211994767,-1.0400043769001746,-0.193330016756967,-0.020001290305705435,True,-4.952868211994767,-1.0400043769001746,False,-4.952868211994767,-1.0400043769001746,False
2012-05-23,CRUS,-6.6216095210388906,-1.4031014399753967,-1.1448954977151977,-0.22480560553929954,True,-6.6216095210388906,-1.4031014399753967,False,-6.6216095210388906,-1.4031014399753967,False
2012-05-23,EXPE,1.5044990164637457,0.22120175120179578,-1.4817579716624192,-0.19049390490896345,True,-0.5814898632385538,-0.06637984806560791,True,1.5044990164637457,0.22120175120179578,False
2012-05-29,CRUS,-11.866822581658393,-2.0,-11.866822581658393,-2.0,False,-11.866822581658393,-2.0,False,-11.866822581658393,-2.0,False
2012-05-31,AAL,-15.523439391603214,-2.8732374908643927,-4.48507661776133,-0.8168973351899711,True,-15.523439391603214,-2.8732374908643927,False,-15.523439391603214,-2.8732374908643927,False
2012-06-18,CRUS,-6.985222858095057,-1.1223402366533728,-6.985222858095057,-1.1223402366533728,False,-6.985222858095057,-1.1223402366533728,False,-6.985222858095057,-1.1223402366533728,False
2012-06-22,TRIP,-2.844071589694761,-0.5787040972107107,-1.9440212310792255,-0.38889023368657766,True,-2.5367409957947387,-0.513890382234737,True,-1.9440212310792255,-0.38889023368657766,True
2012-07-27,PHM,-3.5120933761696804,-1.1081014805683609,-3.5120933761696804,-1.1081014805683609,False,-3.5120933761696804,-1.1081014805683609,False,-3.5120933761696804,-1.1081014805683609,False
2012-08-09,PHM,20.647335825289414,5.595746748724683,-1.598836143649441,-0.4042498539727803,True,20.647335825289414,5.595746748724683,False,20.647335825289414,5.595746748724683,False
2012-08-10,STX,-5.860708458164789,-1.1939353602201928,-5.860708458164789,-1.1939353602201928,False,-0.3047163752278398,-0.04242848270757678,True,-5.860708458164789,-1.1939353602201928,False
2012-08-16,PHM,12.393743800024723,1.9999981660311663,-1.7168626218635747,-0.2588273243161194,True,-6.052893871806714,-0.9529390882953799,True,-2.1577965976371623,-0.3294120231064271,True
2012-08-17,CPRI,0.30294506491760287,0.05849556421920376,0.30294506491760287,0.05849556421920376,False,-0.5988833204284872,-0.0724229277109586,True,0.30294506491760287,0.05849556421920376,False
2012-08-24,OC,0.5627252516835322,0.16923234460065206,0.5627252516835322,0.16923234460065206,False,-0.16026374864212162,-0.015388843945851998,True,0.5627252516835322,0.16923234460065206,False
2012-09-12,TEX,-8.868238269855883,-1.6014988202757738,-8.868238269855883,-1.6014988202757738,False,-8.868238269855883,-1.6014988202757738,False,-8.868238269855883,-1.6014988202757738,False
2012-10-04,KBH,-5.125747968813651,-1.0958862932502893,-2.1102894588277064,-0.43835239591508457,True,-5.125747968813651,-1.0958862932502893,False,-5.125747968813651,-1.0958862932502893,False
2012-10-17,PHM,-3.7678926287803187,-1.422220909392562,-3.7678926287803187,-1.422220909392562,False,-3.7678926287803187,-1.422220909392562,False,-3.7678926287803187,-1.422220909392562,False
2012-11-01,URI,-5.93256993345011,-1.2326765460700286,-4.152358669990776,-0.8564402220217089,True,-2.981157278778938,-0.6089142596853393,True,-5.93256993345011,-1.2326765460700286,False
2012-11-29,REGN,-6.536552073443702,-0.9837282200559793,-6.0573972360318935,-0.9104967554519585,True,-3.8479974866901268,-0.5728239054521208,True,-3.26237928581108,-0.48332114934765513,True
2013-03-06,NOW,-3.670608169995088,-1.073171299033338,-0.8844531629435122,-0.2357728935314858,True,-3.670608169995088,-1.073171299033338,False,-3.670608169995088,-1.073171299033338,False
2013-03-20,TEX,-7.270453814118741,-1.2955689362065204,-4.053311638952092,-0.7142905996389166,True,-7.270453814118741,-1.2955689362065204,False,-7.270453814118741,-1.2955689362065204,False
2013-04-26,KBH,-4.029208045636078,-1.0531881373173881,-4.029208045636078,-1.0531881373173881,False,-4.029208045636078,-1.0531881373173881,False,-4.029208045636078,-1.0531881373173881,False
2013-05-02,CNX,-2.442944692074002,-1.009704900091482,-2.442944692074002,-1.009704900091482,False,-0.15731004768230322,-0.02469808022573409,True,-2.442944692074002,-1.009704900091482,False
2013-05-03,REGN,-4.339691909036528,-1.221863752942586,-4.339691909036528,-1.221863752942586,False,-1.0087702403137133,-0.26190427045549564,True,-4.339691909036528,-1.221863752942586,False
2013-05-08,DAL,-5.242105883564755,-2.3414568433638183,-5.242105883564755,-2.3414568433638183,False,-5.242105883564755,-2.3414568433638183,False,-5.242105883564755,-2.3414568433638183,False
2013-05-15,DAL,-4.475444996909458,-1.1690146496986296,-2.3140298765243124,-0.5915360294451281,True,-3.2629425446671743,-0.8450628846854868,True,-4.475444996909458,-1.1690146496986296,False
2013-06-07,ACAD,-1.333956428577741,-0.2413802175252285,-1.333956428577741,-0.2413802175252285,False,-1.333956428577741,-0.2413802175252285,False,-1.333956428577741,-0.2413802175252285,False
2013-06-20,GME,21.345134663280824,6.604543573400534,-0.49063833541628754,-0.12030644471145123,True,-2.2484193267218426,-0.6616572607289736,True,-0.27086423258995695,-0.05262173854325634,True
2013-07-18,MTG,9.368941308049074,2.2499969062511447,9.368941308049074,2.2499969062511447,False,9.368941308049074,2.2499969062511447,False,9.368941308049074,2.2499969062511447,False
2013-07-22,SRPT,-18.7961455342856,-4.01388832472966,-18.7961455342856,-4.01388832472966,False,-18.7961455342856,-4.01388832472966,False,-18.7961455342856,-4.01388832472966,False
2013-08-01,MTG,-3.3605958854115734,-1.2999986646192634,-3.3605958854115734,-1.2999986646192634,False,-3.3605958854115734,-1.2999986646192634,False,-3.3605958854115734,-1.2999986646192634,False
2013-08-09,ZG,-10.04189107855252,-1.5496696991086991,-3.1590419094453916,-0.4768212121733829,True,-1.8631938418943803,-0.2748338368274101,True,-3.1590419094453916,-0.4768212121733829,True
2013-10-03,SRPT,-12.445840760627123,-2.6525425920537935,-12.445840760627123,-2.6525425920537935,False,-1.3424744747226511,-0.26694953609413896,True,-12.445840760627123,-2.6525425920537935,False
2013-10-04,SRPT,-6.510406384382393,-1.2382670535531075,-6.510406384382393,-1.2382670535531075,False,-6.510406384382393,-1.2382670535531075,False,-6.510406384382393,-1.2382670535531075,False
2013-10-21,FSLR,-4.552118555237937,-1.0909094061732183,-2.1034554727912766,-0.49090975296375866,True,-4.552118555237937,-1.0909094061732183,False,-4.552118555237937,-1.0909094061732183,False
2013-11-04,FSLR,-6.081159070094915,-1.6666660938896145,-6.081159070094915,-1.6666660938896145,False,-6.081159070094915,-1.6666660938896145,False,-6.081159070094915,-1.6666660938896145,False
2013-11-04,TRIP,-2.7058151313361836,-0.4791663913426384,-4.337280559292613,-0.7791659547473113,True,-5.017063490982922,-0.90416681545969,True,-3.7254895288716563,-0.6666676824112064,True
2013-11-05,FSLR,-6.519837304264165,-2.2044216826842016,-6.519837304264165,-2.2044216826842016,False,-6.519837304264165,-2.2044216826842016,False,-6.519837304264165,-2.2044216826842016,False
2013-11-13,INCY,50.045560534383974,5.6976757940141765,50.045560534383974,5.6976757940141765,False,50.045560534383974,5.6976757940141765,False,50.045560534383974,5.6976757940141765,False
2013-11-14,INCY,52.79512196310549,13.233340892088526,52.79512196310549,13.233340892088526,False,52.79512196310549,13.233340892088526,False,52.79512196310549,13.233340892088526,False
2013-11-15,INCY,39.09319453888853,6.925654490354767,39.09319453888853,6.925654490354767,False,-1.530554654272068,-0.25278692848644363,True,39.09319453888853,6.925654490354767,False
2014-02-07,REGN,9.328553084954262,1.8280541608005774,9.328553084954262,1.8280541608005774,False,9.328553084954262,1.8280541608005774,False,9.328553084954262,1.8280541608005774,False
2014-02-10,REGN,7.813810930037227,3.6973861951067093,7.813810930037227,3.6973861951067093,False,7.813810930037227,3.6973861951067093,False,7.813810930037227,3.6973861951067093,False
2014-02-10,TSLA,16.339674023000565,4.465465222193463,16.339674023000565,4.465465222193463,False,16.339674023000565,4.465465222193463,False,16.339674023000565,4.465465222193463,False
2014-02-11,REGN,0.3744789531617225,0.06092938281470895,-0.8744407056523706,-0.09944844530523685,True,-0.8744407056523706,-0.09944844530523685,True,-0.7611888776922038,-0.08490541039447796,True
2014-03-21,ZG,-6.371801547938376,-1.459396629903961,-6.371801547938376,-1.459396629903961,False,-6.371801547938376,-1.459396629903961,False,-6.371801547938376,-1.459396629903961,False
2014-04-21,ZG,-10.027079743633188,-1.206368464674021,-10.027079743633188,-1.206368464674021,False,-10.027079743633188,-1.206368464674021,False,-10.027079743633188,-1.206368464674021,False
2014-04-30,ZG,-13.956915514534836,-1.7321827071401352,-1.7918881681452898,-0.21149435631632751,True,-0.7988302209905022,-0.08735722049809534,True,-13.956915514534836,-1.7321827071401352,False
2014-06-17,RH,-1.8034970667742092,-0.2987808471112186,-1.8034970667742092,-0.2987808471112186,False,-1.8034970667742092,-0.2987808471112186,False,-1.8034970667742092,-0.2987808471112186,False
2014-06-17,SYNA,-6.142149140134627,-1.109756324491296,-6.142149140134627,-1.109756324491296,False,-6.142149140134627,-1.109756324491296,False,-2.988281243202746,-0.5304881263626693,True
2014-06-19,RH,-4.312109665884921,-1.8195111240128323,-4.312109665884921,-1.8195111240128323,False,-1.73741898132284,-0.7073182532062018,True,-4.312109665884921,-1.8195111240128323,False
2014-06-20,RH,-3.5794118582448164,-1.3305078718520673,-3.5794118582448164,-1.3305078718520673,False,-3.5794118582448164,-1.3305078718520673,False,-3.5794118582448164,-1.3305078718520673,False
2014-06-27,RH,-4.060348112486855,-1.9811646385627109,-4.060348112486855,-1.9811646385627109,False,-4.060348112486855,-1.9811646385627109,False,-4.060348112486855,-1.9811646385627109,False
2014-09-10,UTHR,3.2622876540957217,0.7081183860473023,3.2622876540957217,0.7081183860473023,False,3.2622876540957217,0.7081183860473023,False,3.2622876540957217,0.7081183860473023,False
2014-09-12,UTHR,0.8127179181017269,0.3220364918511877,0.8127179181017269,0.3220364918511877,False,0.8127179181017269,0.3220364918511877,False,0.8127179181017269,0.3220364918511877,False
2014-09-15,UTHR,-0.5108590077034468,-0.1274501004162506,-0.5108590077034468,-0.1274501004162506,False,-0.5108590077034468,-0.1274501004162506,False,-0.5108590077034468,-0.1274501004162506,False
2014-09-17,UTHR,-2.583469327578637,-1.2423558417101754,-2.583469327578637,-1.2423558417101754,False,-2.583469327578637,-1.2423558417101754,False,-2.583469327578637,-1.2423558417101754,False
2014-09-22,UTHR,-4.272050332547557,-1.0449420222767043,-4.272050332547557,-1.0449420222767043,False,-4.272050332547557,-1.0449420222767043,False,-0.8252401421688091,-0.1816454357901715,True
2014-09-24,UTHR,-5.612819153096884,-1.3482944147974447,-0.4083050518290042,-0.07540352184442083,True,-2.6325145835962145,-0.619388224723041,True,-5.612819153096884,-1.3482944147974447,False
2014-09-29,AMBA,-18.193046614278263,-2.0909086405318775,-5.539154297852091,-0.6285715701185528,True,-5.4267768837072285,-0.6155847630182659,True,-1.7182621999968295,-0.18701319289971316,True
2014-11-03,AMBA,7.213413460956196,1.0357139613353255,-0.9826576335771503,-0.12500056766318046,True,-3.357418009878251,-0.4613103482727145,True,7.213413460956196,1.0357139613353255,False
2014-11-10,INCY,1.5620776779030157,0.5388123240712355,-2.100124278709853,-0.6484002675510716,True,1.5620776779030157,0.5388123240712355,False,-1.8747634602745051,-0.5753427998104846,True
2014-11-26,AMBA,-7.680528647507905,-1.1397267002847962,-7.680528647507905,-1.1397267002847962,False,-7.680528647507905,-1.1397267002847962,False,-7.680528647507905,-1.1397267002847962,False
2014-12-05,AXON,-6.140491613352593,-2.0833353201567206,-6.140491613352593,-2.0833353201567206,False,-6.140491613352593,-2.0833353201567206,False,-6.140491613352593,-2.0833353201567206,False
2014-12-10,IONS,-6.5388467840753295,-1.1701492401347329,-6.5388467840753295,-1.1701492401347329,False,-6.5388467840753295,-1.1701492401347329,False,-6.5388467840753295,-1.1701492401347329,False
2015-01-21,NEM,-4.291988646535681,-1.146070029622031,-0.7986681423582476,-0.19101259238147233,True,-4.291988646535681,-1.146070029622031,False,-0.3465429918246648,-0.0674036973304069,True
2015-02-26,INCY,1.7953233006012121,0.5253145914415676,-2.0295835304085807,-0.5348102793900354,True,1.7953233006012121,0.5253145914415676,False,1.7953233006012121,0.5253145914415676,False
2015-03-05,ALNY,-4.230239970314008,-1.082161163108069,-3.5851689449988657,-0.9131465741108878,True,-4.230239970314008,-1.082161163108069,False,-4.230239970314008,-1.082161163108069,False
2015-03-20,AMBA,-5.457172658500952,-1.3020143678602334,-5.457172658500952,-1.3020143678602334,False,-4.007427619820691,-0.9496664055259425,True,-5.457172658500952,-1.3020143678602334,False
2015-03-31,AMBA,-2.806340575127961,-1.0789440926448681,-2.806340575127961,-1.0789440926448681,False,-2.806340575127961,-1.0789440926448681,False,-2.806340575127961,-1.0789440926448681,False
2015-04-24,VTRS,-5.8031758912853775,-1.2955246039435324,-5.8031758912853775,-1.2955246039435324,False,-5.8031758912853775,-1.2955246039435324,False,-5.8031758912853775,-1.2955246039435324,False
2015-05-01,AXON,-3.403876213364255,-0.5721926770010343,-1.4277213864993157,-0.22994579862874814,True,-3.403876213364255,-0.5721926770010343,False,-1.4277213864993157,-0.22994579862874814,True
2015-05-04,AXON,-5.319941213478935,-1.1578945387103818,-5.319941213478935,-1.1578945387103818,False,-3.421777172331365,-0.7368411806484482,True,-5.319941213478935,-1.1578945387103818,False
2015-05-05,AXON,-5.9352217739401425,-2.7671204243200167,-5.9352217739401425,-2.7671204243200167,False,-5.9352217739401425,-2.7671204243200167,False,-5.9352217739401425,-2.7671204243200167,False
2015-05-26,ALNY,-3.3907593607155744,-0.8752587408816145,-3.3907593607155744,-0.8752587408816145,False,-3.3907593607155744,-0.8752587408816145,False,-3.3907593607155744,-0.8752587408816145,False
2015-05-27,AGIO,-10.725217677336977,-2.5143933248009183,-1.0814182241050727,-0.23224667074738684,True,-0.9191975230564158,-0.19385812566079844,True,-0.7407578459463979,-0.15163145825218266,True
2015-05-27,ALNY,-5.425763067981629,-1.922652166582364,-5.425763067981629,-1.922652166582364,False,-5.425763067981629,-1.922652166582364,False,-1.4620493388558664,-0.4917130332153094,True
2015-06-04,AMBA,-6.084853014629315,-1.2760091941511205,-6.084853014629315,-1.2760091941511205,False,-6.084853014629315,-1.2760091941511205,False,-6.084853014629315,-1.2760091941511205,False
2015-06-05,AMBA,-8.7765857555596,-1.7833008742711878,-8.7765857555596,-1.7833008742711878,False,-8.7765857555596,-1.7833008742711878,False,-8.7765857555596,-1.7833008742711878,False
2015-06-08,AMBA,-13.325567255129753,-2.7099822986471107,-13.325567255129753,-2.7099822986471107,False,-13.325567255129753,-2.7099822986471107,False,-13.325567255129753,-2.7099822986471107,False
2015-06-09,AMBA,-17.348474348569525,-3.404845062539929,-17.348474348569525,-3.404845062539929,False,-17.348474348569525,-3.404845062539929,False,-17.348474348569525,-3.404845062539929,False
2015-06-09,PGEN,-2.010145010965215,-0.39910281393313735,-4.0061456404307245,-0.8161441711385011,True,-4.0061456404307245,-0.8161441711385011,True,-2.5252456783341963,-0.5067271694797943,True
2015-06-12,AMBA,-20.232110962230877,-2.78362509436353,-20.232110962230877,-2.78362509436353,False,-20.232110962230877,-2.78362509436353,False,-20.232110962230877,-2.78362509436353,False
2015-06-17,AMBA,-22.889877264311288,-4.172155909182798,-2.4550395167421852,-0.43113843581429506,True,-22.889877264311288,-4.172155909182798,False,-22.889877264311288,-4.172155909182798,False
2015-06-18,AMBA,-5.898203355825687,-1.6442973181018312,-5.898203355825687,-1.6442973181018312,False,-5.898203355825687,-1.6442973181018312,False,-5.898203355825687,-1.6442973181018312,False
2015-07-29,PGEN,-4.637350065971893,-1.0968985482598064,-4.637350065971893,-1.0968985482598064,False,-4.637350065971893,-1.0968985482598064,False,-4.637350065971893,-1.0968985482598064,False
2015-07-31,PGEN,-8.89254184352046,-2.1338287941529135,-8.89254184352046,-2.1338287941529135,False,-8.89254184352046,-2.1338287941529135,False,-8.89254184352046,-2.1338287941529135,False
2015-08-03,WT,-5.50581421897829,-1.110236411448734,-5.50581421897829,-1.110236411448734,False,-5.50581421897829,-1.110236411448734,False,-5.50581421897829,-1.110236411448734,False
2015-09-02,INCY,-3.8456888103119953,-0.5173566583765709,-6.099595715731027,-0.8286675557659169,True,-2.653882670580204,-0.3527437198465919,True,-3.8456888103119953,-0.5173566583765709,False
2015-09-11,INCY,-9.522041345601382,-1.629287637452505,-3.9756235535101756,-0.6701844442766915,True,-0.26020644847795127,-0.027703379381495183,True,-3.9756235535101756,-0.6701844442766915,True
2015-09-17,DXCM,-4.4742287806115115,-1.0543742729084564,-1.9732691508950444,-0.4515371504324222,True,-4.4742287806115115,-1.0543742729084564,False,-4.4742287806115115,-1.0543742729084564,False
2015-10-09,FANG,-4.827998512724647,-1.6470661658588106,-4.827998512724647,-1.6470661658588106,False,-0.7754106699128918,-0.2352890043174916,True,-4.827998512724647,-1.6470661658588106,False
2015-10-23,SYNA,-3.3238293485006385,-0.43835576669612364,-4.801427407666072,-0.6392701328350808,True,-1.9022125585694187,-0.24505337673301647,True,-4.801427407666072,-0.6392701328350808,True
2015-11-17,NFLX,1.4449125140231336,0.3351847567512199,1.4449125140231336,0.3351847567512199,False,1.4449125140231336,0.3351847567512199,False,1.4449125140231336,0.3351847567512199,False
2015-11-18,NFLX,-1.525134172958869,-0.37969074009747267,-1.525134172958869,-0.37969074009747267,False,-1.525134172958869,-0.37969074009747267,False,-1.525134172958869,-0.37969074009747267,False
2015-12-02,NFLX,-3.7668198699783733,-1.1825000596047017,-3.7668198699783733,-1.1825000596047017,False,-2.8675553191032823,-0.8924993443482822,True,-3.7668198699783733,-1.1825000596047017,False
2016-02-03,AEM,6.66498346546954,1.3282918183474874,6.66498346546954,1.3282918183474874,False,6.66498346546954,1.3282918183474874,False,6.66498346546954,1.3282918183474874,False
2016-02-05,AEM,-0.05443472303545165,0.007794167838115008,-0.05443472303545165,0.007794167838115008,False,-0.7263491561156739,-0.10714014647221061,True,-0.05443472303545165,0.007794167838115008,False
2016-02-05,B,14.065717379091607,1.6016634067862043,14.065717379091607,1.6016634067862043,False,-0.6152124720051927,-0.058253100852384956,True,14.065717379091607,1.6016634067862043,False
2016-02-05,NEM,2.3304135564813286,0.2826479133189737,2.3304135564813286,0.2826479133189737,False,-0.5094612337023752,-0.04761879433331687,True,2.3304135564813286,0.2826479133189737,False
2016-02-19,FNV,6.613757812047388,3.268626752634944,6.613757812047388,3.268626752634944,False,6.613757812047388,3.268626752634944,False,6.613757812047388,3.268626752634944,False
2016-02-23,B,-1.947530310982189,-0.3910634523642501,-1.947530310982189,-0.3910634523642501,False,-1.947530310982189,-0.3910634523642501,False,-1.947530310982189,-0.3910634523642501,True
2016-03-02,STLD,15.438715519824054,2.8987125230460897,-3.706207573787088,-0.6727299332756336,True,15.438715519824054,2.8987125230460897,False,-0.7822316110511114,-0.12726877662756358,True
2016-03-04,ANF,-4.713544086985229,-0.9738550079972144,-4.713544086985229,-0.9738550079972144,False,-1.4314325204075613,-0.2810468922291274,True,-4.713544086985229,-0.9738550079972144,False
2016-03-04,FANG,-2.0466559494659466,-0.35322330521256673,-2.0466559494659466,-0.35322330521256673,False,-1.7967254324487771,-0.30787308124591733,True,-2.0466559494659466,-0.35322330521256673,False
2016-03-07,FANG,-2.368039395824929,-0.6838019884362179,-2.368039395824929,-0.6838019884362179,False,-1.6207658438335708,-0.45850292983162627,True,-0.401535241405772,-0.09091129459057705,True
2016-03-07,MLM,22.188786567511347,5.396654932187445,22.188786567511347,5.396654932187445,False,-0.9079088352624967,-0.19561429184900198,True,-0.14524801115757166,-0.010955639143729974,True
2016-03-16,WPM,-6.679564918949047,-0.8552914548280659,-0.21229500177675467,-0.014597462996825765,True,-6.679564918949047,-0.8552914548280659,False,-3.8621730356195294,-0.48905276999135133,True
2016-04-06,TSLA,-5.880401455109561,-1.2823735246736236,-5.880401455109561,-1.2823735246736236,False,-5.880401455109561,-1.2823735246736236,False,-5.880401455109561,-1.2823735246736236,False
2016-05-16,NEM,-5.461541392983306,-2.4675534422968264,-5.461541392983306,-2.4675534422968264,False,-5.461541392983306,-2.4675534422968264,False,-5.461541392983306,-2.4675534422968264,False
2016-05-17,NEM,-5.807429251776757,-2.4457962772015494,-5.807429251776757,-2.4457962772015494,False,-5.807429251776757,-2.4457962772015494,False,-5.807429251776757,-2.4457962772015494,False
2016-06-07,PTEN,-10.14614952762952,-1.7999996409870904,-2.0534031720728056,-0.3499972799293764,True,-2.0534031720728056,-0.3499972799293764,True,-3.0301596548911864,-0.5250057559200524,True
2016-06-15,B,-6.633314049433856,-1.576469151115997,-2.001504772329664,-0.4588274176927634,True,-3.7079515090781534,-0.8705879144562159,True,-6.633314049433856,-1.576469151115997,False
2016-07-06,AU,-2.2119750167726098,-1.0565157662694504,-2.2119750167726098,-1.0565157662694504,False,-2.2119750167726098,-1.0565157662694504,False,-2.2119750167726098,-1.0565157662694504,False
2016-07-26,CNX,-2.932377162333023,-0.3312107110784554,-2.932377162333023,-0.3312107110784554,False,-2.932377162333023,-0.3312107110784554,False,-2.932377162333023,-0.3312107110784554,False
2016-07-27,CNX,-5.708634106761674,-1.232558418055038,-5.708634106761674,-1.232558418055038,False,-2.0577293449896175,-0.4302323415127482,True,-0.47038155474134447,-0.08139537978389312,True
2016-07-28,TECK,5.5759988285842415,1.1917788325636884,5.5759988285842415,1.1917788325636884,False,-0.29574200902018044,-0.04109958265300266,True,5.5759988285842415,1.1917788325636884,False
2016-08-12,OVV,0.32579963265611817,0.20001293724925714,0.32579963265611817,0.20001293724925714,False,0.32579963265611817,0.20001293724925714,False,0.32579963265611817,0.20001293724925714,False
2016-08-18,OVV,-6.106841383003479,-1.1090898183179863,-0.19846277902637566,-0.018179948285376904,True,-6.106841383003479,-1.1090898183179863,False,-2.364907489099626,-0.41818747581720517,True
2016-08-23,SM,-4.848249122430161,-1.0285780395956705,-0.60117336041728,-0.10856547313839536,True,-0.60117336041728,-0.10856547313839536,True,-4.848249122430161,-1.0285780395956705,False
2016-10-11,PTEN,-4.043791766780924,-1.371433556851744,-1.085940675747436,-0.34285586251649414,True,-1.085940675747436,-0.34285586251649414,True,-0.6751142996469519,-0.19999307676554148,True
2016-11-21,FCX,0.8643482020432534,0.3888796873132243,0.8643482020432534,0.3888796873132243,False,0.8643482020432534,0.3888796873132243,False,0.8643482020432534,0.3888796873132243,False
2016-11-21,TRGP,-6.497837598699199,-1.9371369877493896,-2.0249944465234506,-0.5828497341556379,True,-2.0249944465234506,-0.5828497341556379,True,-6.497837598699199,-1.9371369877493896,False
2016-11-22,FCX,-3.206891857859892,-1.3428508921721245,-3.206891857859892,-1.3428508921721245,False,-3.206891857859892,-1.3428508921721245,False,-3.206891857859892,-1.3428508921721245,False
2016-11-23,CLF,-4.662940205794629,-0.4375004935269863,-4.662940205794629,-0.4375004935269863,False,-4.988855127766678,-0.46874962956201577,True,-4.662940205794629,-0.4375004935269863,False
2016-11-23,FCX,-9.718863308143796,-1.1470581917238292,-1.3948306611317796,-0.15440973316347145,True,-7.745760966016471,-0.9117639441456942,True,-7.375804684934013,-0.8676463213870853,True
2016-12-05,CNX,-7.792025091688017,-3.192313956098613,-1.351114751078537,-0.519232716084704,True,-7.792025091688017,-3.192313956098613,False,-7.792025091688017,-3.192313956098613,False
2016-12-06,RIG,5.791790543941046,1.0909086405318775,5.791790543941046,1.0909086405318775,False,5.791790543941046,1.0909086405318775,False,5.791790543941046,1.0909086405318775,False
2016-12-07,AMD,12.446022559783469,3.7499918043779523,12.446022559783469,3.7499918043779523,False,12.446022559783469,3.7499918043779523,False,12.446022559783469,3.7499918043779523,False
2016-12-07,RIG,3.609484225407713,1.0,3.609484225407713,1.0,False,3.609484225407713,1.0,False,3.609484225407713,1.0,False
2016-12-08,RIG,1.5837937832259896,0.5813949362147585,1.5837937832259896,0.5813949362147585,False,1.5837937832259896,0.5813949362147585,False,1.5837937832259896,0.5813949362147585,False
2016-12-09,RIG,-5.544748043823492,-1.5555559480141496,-5.544748043823492,-1.5555559480141496,False,-5.544748043823492,-1.5555559480141496,False,-5.544748043823492,-1.5555559480141496,False
2016-12-12,AMD,0.6486884031777767,0.2666662428116844,-0.28717656332932934,-0.06666815015910456,True,0.6486884031777767,0.2666662428116844,False,0.6486884031777767,0.2666662428116844,False
2016-12-16,ET,4.45086079464976,1.928578646388109,4.45086079464976,1.928578646388109,False,4.45086079464976,1.928578646388109,False,4.45086079464976,1.928578646388109,False
2016-12-20,AMD,-6.612814814016936,-2.083329801212224,-6.612814814016936,-2.083329801212224,False,-6.612814814016936,-2.083329801212224,False,-6.612814814016936,-2.083329801212224,False
2016-12-20,ET,-0.8466834144824334,-0.18420845689172882,-0.8466834144824334,-0.18420845689172882,False,-0.8466834144824334,-0.18420845689172882,False,-0.8466834144824334,-0.18420845689172882,False
2017-02-03,ACAD,-0.04539618355225389,0.011696180392891721,-0.04539618355225389,0.011696180392891721,False,-0.04539618355225389,0.011696180392891721,False,-0.04539618355225389,0.011696180392891721,False
2017-02-08,EXEL,0.038749556040565715,0.018404147017868216,0.038749556040565715,0.018404147017868216,False,-1.533810105752368,-0.19018476696427528,True,0.038749556040565715,0.018404147017868216,False
2017-02-09,EXEL,-5.430670055813256,-1.1428586998775663,-1.965733672247991,-0.40000036330476546,True,-5.430670055813256,-1.1428586998775663,False,-5.430670055813256,-1.1428586998775663,False
2017-02-14,ACAD,-7.805889810125309,-0.8947366072822833,-1.1324889434806602,-0.11988306050425417,True,-1.1324889434806602,-0.11988306050425417,True,-1.485044737875298,-0.1608185764702208,True
2017-02-16,LITE,-4.340881416545371,-1.25714111328125,-1.5457570338678757,-0.42857142857142855,True,-4.340881416545371,-1.25714111328125,False,-4.340881416545371,-1.25714111328125,False
2017-02-22,AMD,-2.7597347442994065,-1.3305326384689353,-1.2198869081150083,-0.5602235658404258,True,-2.7597347442994065,-1.3305326384689353,False,-2.7597347442994065,-1.3305326384689353,False
2017-02-27,AMD,-8.648356624632832,-1.397850642192427,-8.648356624632832,-1.397850642192427,False,-8.648356624632832,-1.397850642192427,False,-8.648356624632832,-1.397850642192427,False
2017-03-27,LITE,-6.929456432776993,-1.2374577544841805,-1.5766445571562686,-0.26755939888570074,True,-0.9306108031096194,-0.15050184291876487,True,-4.9913692529632225,-0.8862876382189073,True
2017-03-30,RH,22.447117281274213,3.826412660757008,22.447117281274213,3.826412660757008,False,22.447117281274213,3.826412660757008,False,22.447117281274213,3.826412660757008,False
2017-03-31,RH,18.978225573629146,4.598963672921187,18.978225573629146,4.598963672921187,False,-1.137093730809516,-0.25,True,18.978225573629146,4.598963672921187,False
2017-05-11,W,-6.077797575639921,-1.1556887526968425,-6.077797575639921,-1.1556887526968425,False,-6.077797575639921,-1.1556887526968425,False,-6.077797575639921,-1.1556887526968425,False
2017-05-22,LITE,3.385614739644756,0.5797106577207329,3.385614739644756,0.5797106577207329,False,-1.6685226438706162,-0.26086913254813154,True,3.385614739644756,0.5797106577207329,False
2017-06-02,AAOI,-4.382802539766979,-1.0958900530400022,-4.382802539766979,-1.0958900530400022,False,-4.382802539766979,-1.0958900530400022,False,-4.382802539766979,-1.0958900530400022,False
2017-06-02,TTD,-9.926543768644223,-2.1132083959369856,-9.926543768644223,-2.1132083959369856,False,-4.627227748673989,-0.9735850075124383,True,-9.926543768644223,-2.1132083959369856,False
2017-06-02,W,11.041388150312724,5.0666656494140625,11.041388150312724,5.0666656494140625,False,11.041388150312724,5.0666656494140625,False,11.041388150312724,5.0666656494140625,False
2017-06-21,ALNY,-5.6462020832797295,-1.4475302173672449,-5.6462020832797295,-1.4475302173672449,False,-1.9920948159020193,-0.49382701513870675,True,-5.6462020832797295,-1.4475302173672449,False
2017-06-27,RH,-5.066164902428935,-1.2382817156617314,-5.066164902428935,-1.2382817156617314,False,-5.066164902428935,-1.2382817156617314,False,-5.066164902428935,-1.2382817156617314,False
2017-07-14,AAOI,-23.366269815812622,-3.0061362830553633,-23.366269815812622,-3.0061362830553633,False,-23.366269815812622,-3.0061362830553633,False,-23.366269815812622,-3.0061362830553633,False
2017-07-18,AAOI,-28.451310427609023,-3.5977495970692828,-0.35492166165131966,-0.03234927386626778,True,-0.35492166165131966,-0.03234927386626778,True,-28.451310427609023,-3.5977495970692828,False
2017-07-24,LITE,-8.99914745582417,-1.2100000076294004,-8.99914745582417,-1.2100000076294004,False,-8.99914745582417,-1.2100000076294004,False,-8.99914745582417,-1.2100000076294004,False
2017-09-11,TTD,-7.047160189569721,-0.8065129339717954,-1.2386122204771466,-0.13218429653772584,True,-1.535642521718239,-0.16666727565373238,True,-0.8920808033095887,-0.09195461097601748,True
2017-09-12,TTD,-3.308518543228499,-1.2531673457069563,-3.308518543228499,-1.2531673457069563,False,-3.308518543228499,-1.2531673457069563,False,-3.308518543228499,-1.2531673457069563,False
2017-10-06,TTD,-2.7589064175916858,-0.4023527695811689,-2.7589064175916858,-0.4023527695811689,False,-2.7589064175916858,-0.4023527695811689,False,-2.7589064175916858,-0.4023527695811689,False
2017-10-17,IONS,-13.93802719446065,-3.6081678219764206,-13.93802719446065,-3.6081678219764206,False,-13.93802719446065,-3.6081678219764206,False,-13.93802719446065,-3.6081678219764206,False
2017-11-06,FSLR,-6.929186073196507,-2.400000435965402,-6.929186073196507,-2.400000435965402,False,-1.6121771377322194,-0.5314287458147321,True,-6.929186073196507,-2.400000435965402,False
2017-12-18,AEO,-1.8506386162394357,-0.5000016180345671,-1.8506386162394357,-0.5000016180345671,False,-1.8506386162394357,-0.5000016180345671,False,-1.8506386162394357,-0.5000016180345671,False
2018-01-22,NBIX,-4.441066403761985,-0.7628865817209376,-4.441066403761985,-0.7628865817209376,False,-4.441066403761985,-0.7628865817209376,False,-4.441066403761985,-0.7628865817209376,False
2018-01-22,SRPT,-7.788466005963826,-1.912877622059327,-7.788466005963826,-1.912877622059327,False,-7.788466005963826,-1.912877622059327,False,-7.788466005963826,-1.912877622059327,False
2018-01-23,NBIX,-5.26414108709708,-1.1435767051787622,-5.26414108709708,-1.1435767051787622,False,-5.26414108709708,-1.1435767051787622,False,-1.0441069810043002,-0.2090684070136599,True
2018-01-29,NBIX,-4.101524570487881,-2.0017631668273475,-4.101524570487881,-2.0017631668273475,False,-4.101524570487881,-2.0017631668273475,False,-4.101524570487881,-2.0017631668273475,False
2018-02-13,ANET,-14.82022628517154,-5.069409538717831,-14.82022628517154,-5.069409538717831,False,-14.82022628517154,-5.069409538717831,False,-14.82022628517154,-5.069409538717831,False
2018-02-13,MTCH,8.885423442012607,1.5213706485309497,8.885423442012607,1.5213706485309497,False,8.885423442012607,1.5213706485309497,False,8.885423442012607,1.5213706485309497,False
2018-02-14,ANET,-17.51151710558161,-4.715947343522263,-17.51151710558161,-4.715947343522263,False,-17.51151710558161,-4.715947343522263,False,-17.51151710558161,-4.715947343522263,False
2018-02-14,MTCH,-6.2768006087855515,-1.0623430736501678,-0.9346904078424972,-0.14355774608499997,True,-6.2768006087855515,-1.0623430736501678,False,-2.3656067386744057,-0.3896599192505152,True
2018-02-15,ANET,-19.07673483260172,-4.638270959370377,-19.07673483260172,-4.638270959370377,False,-19.07673483260172,-4.638270959370377,False,-19.07673483260172,-4.638270959370377,False
2018-02-15,MKSI,4.341642495215604,1.1094689206508814,-1.089595466741536,-0.24718905574895014,True,4.341642495215604,1.1094689206508814,False,4.341642495215604,1.1094689206508814,False
2018-02-20,MKSI,1.021123224589744,0.21452207774165744,-1.6834040240963541,-0.302977508362612,True,-1.6834040240963541,-0.302977508362612,True,-2.1196460340976104,-0.3864505292858138,True
2018-03-02,NFLX,1.7758280763243692,0.3170598567240477,1.7758280763243692,0.3170598567240477,False,1.7758280763243692,0.3170598567240477,False,1.7758280763243692,0.3170598567240477,False
2018-03-02,TEAM,-1.2340379375163266,-0.1279069509552638,-1.2340379375163266,-0.1279069509552638,False,-1.2340379375163266,-0.1279069509552638,False,-1.2340379375163266,-0.1279069509552638,False
2018-03-02,TWLO,3.648453371791655,0.4635753307859917,3.648453371791655,0.4635753307859917,False,3.648453371791655,0.4635753307859917,False,3.648453371791655,0.4635753307859917,False
2018-03-05,MU,4.087791540769834,0.6586101191601631,4.087791540769834,0.6586101191601631,False,4.087791540769834,0.6586101191601631,False,4.087791540769834,0.6586101191601631,False
2018-03-05,NBIX,-2.626451060984899,-0.4261681176780965,-2.626451060984899,-0.4261681176780965,False,-2.626451060984899,-0.4261681176780965,False,-2.626451060984899,-0.4261681176780965,False
2018-03-05,NFLX,-2.7336029325212623,-0.47701151315248597,-2.7336029325212623,-0.47701151315248597,False,-2.7336029325212623,-0.47701151315248597,False,-2.7336029325212623,-0.47701151315248597,False
2018-03-05,SRPT,0.29169547577419636,0.059449355226946186,0.29169547577419636,0.059449355226946186,False,0.29169547577419636,0.059449355226946186,False,0.29169547577419636,0.059449355226946186,False
2018-03-05,TEAM,-1.9256546164868198,-0.6564434407142606,-1.9256546164868198,-0.6564434407142606,False,-1.9256546164868198,-0.6564434407142606,False,-1.9256546164868198,-0.6564434407142606,False
2018-03-05,TWLO,1.2072194768087354,0.3333333333333333,1.2072194768087354,0.3333333333333333,False,1.2072194768087354,0.3333333333333333,False,1.2072194768087354,0.3333333333333333,False
2018-03-05,WLK,-0.6785347024417879,-0.11497830688871682,-0.6785347024417879,-0.11497830688871682,False,-0.6785347024417879,-0.11497830688871682,False,-0.6785347024417879,-0.11497830688871682,False
2018-03-06,AEO,-9.128686732973764,-2.9838761108182372,-9.128686732973764,-2.9838761108182372,False,-9.128686732973764,-2.9838761108182372,False,-9.128686732973764,-2.9838761108182372,False
2018-03-06,MELI,-5.737646469497438,-1.3422289881753169,-5.737646469497438,-1.3422289881753169,False,-5.737646469497438,-1.3422289881753169,False,-1.0355457257091008,-0.2227377327763223,True
2018-03-06,NFLX,-2.9704662494529614,-1.0711012535571407,-2.9704662494529614,-1.0711012535571407,False,-2.9704662494529614,-1.0711012535571407,False,-2.9704662494529614,-1.0711012535571407,False
2018-03-06,WLK,-2.428983030440694,-1.1188519971246975,-2.428983030440694,-1.1188519971246975,False,-2.428983030440694,-1.1188519971246975,False,-2.428983030440694,-1.1188519971246975,False
2018-03-07,AEO,-9.526504525771658,-3.880003906320812,-9.526504525771658,-3.880003906320812,False,-9.526504525771658,-3.880003906320812,False,-9.526504525771658,-3.880003906320812,False
2018-03-07,SRPT,-3.5961636094004477,-0.5383017574453701,-3.5961636094004477,-0.5383017574453701,False,-3.5961636094004477,-0.5383017574453701,False,-3.5961636094004477,-0.5383017574453701,False
2018-03-07,TWLO,-1.3738975422672237,-0.25316475255633203,-1.3738975422672237,-0.25316475255633203,False,-1.3738975422672237,-0.25316475255633203,False,-1.3738975422672237,-0.25316475255633203,False
2018-03-07,XYZ,1.7720858180509973,0.4377862119036025,1.7720858180509973,0.4377862119036025,False,1.7720858180509973,0.4377862119036025,False,1.7720858180509973,0.4377862119036025,False
2018-03-08,MU,-1.9281215041109805,-0.9145180110610266,-1.240316287829272,-0.5704433655974374,True,-1.9281215041109805,-0.9145180110610266,False,-1.9281215041109805,-0.9145180110610266,False
2018-03-08,XYZ,-1.2094963256251756,-0.3741949138985487,-1.2094963256251756,-0.3741949138985487,False,-0.9034223346618905,-0.27096669398483475,True,-1.2094963256251756,-0.3741949138985487,False
2018-03-09,ETSY,-4.716383462160737,-1.0023312026960738,-4.716383462160737,-1.0023312026960738,False,-4.716383462160737,-1.0023312026960738,False,-4.716383462160737,-1.0023312026960738,False
2018-03-12,NTNX,-8.099104446456499,-1.6612901985334947,-8.099104446456499,-1.6612901985334947,False,-8.099104446456499,-1.6612901985334947,False,-8.099104446456499,-1.6612901985334947,False
2018-03-12,SRPT,-9.41265519813999,-2.22658626984566,-9.41265519813999,-2.22658626984566,False,-9.41265519813999,-2.22658626984566,False,-0.5043485475937562,-0.09667671626929247,True
2018-03-12,TWLO,-3.6095798251713163,-1.0588250143752718,-3.6095798251713163,-1.0588250143752718,False,-3.6095798251713163,-1.0588250143752718,False,-3.6095798251713163,-1.0588250143752718,False
2018-03-13,NTNX,-5.979416838953744,-2.1369895226399813,-5.979416838953744,-2.1369895226399813,False,-5.979416838953744,-2.1369895226399813,False,-5.979416838953744,-2.1369895226399813,False
2018-03-13,SRPT,-11.429311491952102,-1.7945199752753898,-11.429311491952102,-1.7945199752753898,False,-11.429311491952102,-1.7945199752753898,False,-0.5694868642858864,-0.07436493883047816,True
2018-03-14,NTNX,-8.767456441370376,-1.4191621143472586,-1.7822871797069146,-0.27544854099257504,True,-3.1354369778999387,-0.49700591963324087,True,-2.349148455721058,-0.36826331917479194,True
2018-03-14,XYZ,-5.480941965469458,-2.085108340119527,-5.480941965469458,-2.085108340119527,False,-0.15490529128749003,-0.02127573230020859,True,-5.480941965469458,-2.085108340119527,False
2018-03-29,DXCM,-2.7955230599878615,-1.3484357478678641,-2.7955230599878615,-1.3484357478678641,False,-2.7955230599878615,-1.3484357478678641,False,-2.7955230599878615,-1.3484357478678641,False
2018-04-03,ANF,3.9590918935699437,1.030611933296766,3.9590918935699437,1.030611933296766,False,3.9590918935699437,1.030611933296766,False,3.9590918935699437,1.030611933296766,False
2018-04-04,ANF,-1.6961580289942015,-0.24137908302853936,-1.6961580289942015,-0.24137908302853936,False,-1.6961580289942015,-0.24137908302853936,False,-1.6961580289942015,-0.24137908302853936,False
2018-04-05,ANF,-3.060651749788029,-1.1969712227011389,-3.060651749788029,-1.1969712227011389,False,-3.060651749788029,-1.1969712227011389,False,-3.060651749788029,-1.1969712227011389,False
2018-04-06,ANF,-5.472085900662982,-1.3867936369898186,-5.472085900662982,-1.3867936369898186,False,-5.472085900662982,-1.3867936369898186,False,-5.472085900662982,-1.3867936369898186,False
2018-04-11,RIG,4.370035656158641,0.6944441868936058,4.370035656158641,0.6944441868936058,False,4.370035656158641,0.6944441868936058,False,4.370035656158641,0.6944441868936058,False
2018-04-13,RIG,0.6761445325909909,0.16981169421227363,0.6761445325909909,0.16981169421227363,False,0.6761445325909909,0.16981169421227363,False,0.6761445325909909,0.16981169421227363,False
2018-04-16,RIG,-1.283835816974543,-0.304346473996828,-1.283835816974543,-0.304346473996828,False,-1.283835816974543,-0.304346473996828,False,-1.283835816974543,-0.304346473996828,False
2018-04-17,AA,-9.17043424333236,-2.232752669525801,-9.17043424333236,-2.232752669525801,False,-9.17043424333236,-2.232752669525801,False,-9.17043424333236,-2.232752669525801,False
2018-04-17,RIG,-2.8463356990702398,-0.970587575312188,-2.8463356990702398,-0.970587575312188,False,-2.8463356990702398,-0.970587575312188,False,-2.8463356990702398,-0.970587575312188,False
2018-04-18,AA,-12.719931686554942,-3.488364784353885,-12.719931686554942,-3.488364784353885,False,-12.719931686554942,-3.488364784353885,False,-12.719931686554942,-3.488364784353885,False
2018-04-18,RIG,-3.316416428823505,-1.4814810890235803,-0.8236938881983628,-0.3333333333333333,True,-3.316416428823505,-1.4814810890235803,False,-3.316416428823505,-1.4814810890235803,False
2018-04-27,CHRD,11.09811763485653,5.041678669730341,11.09811763485653,5.041678669730341,False,11.09811763485653,5.041678669730341,False,11.09811763485653,5.041678669730341,False
2018-04-30,CHRD,8.780456549113474,2.8823644000230813,8.780456549113474,2.8823644000230813,False,-0.2812252481919126,-0.05882098525958122,True,8.780456549113474,2.8823644000230813,False
2018-05-09,BOX,-5.441960563931215,-2.3015885510488916,-5.441960563931215,-2.3015885510488916,False,-5.441960563931215,-2.3015885510488916,False,-5.441960563931215,-2.3015885510488916,False
2018-05-09,CLF,4.971698626305473,2.2777701959076646,4.971698626305473,2.2777701959076646,False,4.971698626305473,2.2777701959076646,False,4.971698626305473,2.2777701959076646,False
2018-05-10,BOX,-4.9362939882271295,-1.0072994326685463,-4.200333301142915,-0.8540141310779298,True,-4.9362939882271295,-1.0072994326685463,False,-4.9362939882271295,-1.0072994326685463,False
2018-05-16,CLF,-4.674365662289973,-1.9999996482900293,-1.5866640893228197,-0.649997808501077,True,-4.674365662289973,-1.9999996482900293,False,-4.674365662289973,-1.9999996482900293,False
2018-05-18,TTD,5.292606657165942,0.9239997863769531,-3.683401494561272,-0.6140003204345703,True,-3.216509480612211,-0.5340003967285156,True,-3.683401494561272,-0.6140003204345703,True
2018-05-22,AXON,0.30485255194095756,0.09541974729841093,0.30485255194095756,0.09541974729841093,False,0.30485255194095756,0.09541974729841093,False,0.30485255194095756,0.09541974729841093,False
2018-05-25,AXON,-1.7497018409289946,-0.6887405674557961,-1.7497018409289946,-0.6887405674557961,False,-1.7497018409289946,-0.6887405674557961,False,-1.7497018409289946,-0.6887405674557961,False
2018-05-29,THC,-3.0130836883480767,-0.7862577859054364,-0.41110811989721,-0.08396984353933648,True,-0.41110811989721,-0.08396984353933648,True,-3.0130836883480767,-0.7862577859054364,False
2018-05-30,THC,-4.12958207397748,-1.1297727484508224,-4.12958207397748,-1.1297727484508224,False,-4.12958207397748,-1.1297727484508224,False,-4.12958207397748,-1.1297727484508224,False
2018-06-01,TWLO,-1.0042109632462275,-0.1658694533237773,-1.0042109632462275,-0.1658694533237773,False,-1.0042109632462275,-0.1658694533237773,False,-1.0042109632462275,-0.1658694533237773,False
2018-06-20,W,-5.563869576765644,-2.360594922061126,-1.235801720869768,-0.4907085971002655,True,-5.563869576765644,-2.360594922061126,False,-5.563869576765644,-2.360594922061126,False
2018-07-17,TWLO,-6.696701407799346,-0.9186301065501726,-3.698200234633224,-0.5010708929499139,True,-3.698200234633224,-0.5010708929499139,True,-4.620813272916346,-0.6295502739721551,True
2018-08-02,SM,-3.7485878712345935,-0.4482770751318289,-0.6613124559647904,-0.06896462820006594,True,-3.7485878712345935,-0.4482770751318289,False,-3.36267180512181,-0.40086220355169516,True
2018-08-09,TWLO,2.0164996969587228,0.420918953215441,-0.6515725296750188,-0.10969400664069039,True,-1.600786957573239,-0.2984690600659398,True,-2.9476530701165924,-0.5663271065507725,True
2018-08-14,XYZ,-3.7396402705427696,-1.8207305005216579,-3.7396402705427696,-1.8207305005216579,False,-3.7396402705427696,-1.8207305005216579,False,-3.7396402705427696,-1.8207305005216579,False
2018-08-23,AMD,30.077811871597543,5.85216575003483,30.077811871597543,5.85216575003483,False,30.077811871597543,5.85216575003483,False,30.077811871597543,5.85216575003483,False
2018-08-23,TTD,1.8302702086516704,0.3718308799727061,1.8302702086516704,0.3718308799727061,False,1.8302702086516704,0.3718308799727061,False,1.8302702086516704,0.3718308799727061,False
2018-08-23,TWLO,-1.3160314315888082,-0.25225297762241883,-1.3160314315888082,-0.25225297762241883,False,-0.5094808412697418,-0.08494250954901171,True,-0.7948791610034003,-0.14414540027296918,True
2018-08-24,AMD,20.90701005517949,3.8473305116209993,20.90701005517949,3.8473305116209993,False,20.90701005517949,3.8473305116209993,False,20.90701005517949,3.8473305116209993,False
2018-08-24,ROKU,-5.37715814272358,-1.1633584236296115,-5.37715814272358,-1.1633584236296115,False,-5.37715814272358,-1.1633584236296115,False,-5.37715814272358,-1.1633584236296115,False
2018-08-27,ROKU,-6.617800943021744,-2.714291022316021,-6.617800943021744,-2.714291022316021,False,-6.617800943021744,-2.714291022316021,False,-6.617800943021744,-2.714291022316021,False
2018-09-04,ETSY,-6.551570208012433,-1.635000228881836,-6.551570208012433,-1.635000228881836,False,-6.551570208012433,-1.635000228881836,False,-6.551570208012433,-1.635000228881836,False
2018-09-05,AMD,1.6879523839884236,0.30538934466016643,-4.061543523373974,-0.6766473152641563,True,1.6879523839884236,0.30538934466016643,False,1.6879523839884236,0.30538934466016643,False
2018-09-10,MDB,-5.427469721013293,-0.83146051362646,-1.671848904472102,-0.2453191413365718,True,-2.619755130332587,-0.3932592777797621,True,-2.163794906495494,-0.3220973675750973,True
2018-09-10,ROKU,-2.8493151144292455,-0.48337629343734817,-2.8493151144292455,-0.48337629343734817,False,-2.8493151144292455,-0.48337629343734817,False,-2.8493151144292455,-0.48337629343734817,False
2018-09-11,CVNA,-9.71111659483584,-1.389796069302961,-9.71111659483584,-1.389796069302961,False,-9.71111659483584,-1.389796069302961,False,-9.71111659483584,-1.389796069302961,False
2018-09-12,CLF,4.120701838031115,0.7833313669089167,4.120701838031115,0.7833313669089167,False,4.120701838031115,0.7833313669089167,False,4.120701838031115,0.7833313669089167,False
2018-09-12,SRPT,-1.4324963214245352,-0.31308572257041745,-1.4324963214245352,-0.31308572257041745,False,-1.4324963214245352,-0.31308572257041745,False,-1.4324963214245352,-0.31308572257041745,False
2018-09-14,CLF,0.681533743345861,0.3103432663940029,0.681533743345861,0.3103432663940029,False,0.681533743345861,0.3103432663940029,False,0.681533743345861,0.3103432663940029,False
2018-09-18,CLF,-5.015578504660075,-1.276596228912931,-0.42770413351345205,-0.08510612955237601,True,-0.42770413351345205,-0.08510612955237601,True,-5.015578504660075,-1.276596228912931,False
2018-09-28,TDOC,-7.021836520317459,-1.59466552734375,-7.021836520317459,-1.59466552734375,False,-7.021836520317459,-1.59466552734375,False,-7.021836520317459,-1.59466552734375,False
2018-11-13,EAT,-5.564804274390507,-1.9790241572917182,-5.564804274390507,-1.9790241572917182,False,-5.564804274390507,-1.9790241572917182,False,-5.564804274390507,-1.9790241572917182,False
2018-11-28,EAT,-5.359532273099833,-1.1481476067507468,-3.757170658922809,-0.7983545915284442,True,-5.359532273099833,-1.1481476067507468,False,-5.359532273099833,-1.1481476067507468,False
2018-11-29,EAT,-4.585400359778051,-1.0619441904242488,-4.585400359778051,-1.0619441904242488,False,-4.585400359778051,-1.0619441904242488,False,-4.585400359778051,-1.0619441904242488,False
2018-12-03,WDAY,-4.489943526113295,-1.288463077473017,-4.489943526113295,-1.288463077473017,False,-4.489943526113295,-1.288463077473017,False,-4.489943526113295,-1.288463077473017,False
2019-01-07,TEAM,11.532624335637411,2.153691879190645,11.532624335637411,2.153691879190645,False,11.532624335637411,2.153691879190645,False,11.532624335637411,2.153691879190645,False
2019-01-17,OKTA,4.034052318871536,0.7181806674677528,4.034052318871536,0.7181806674677528,False,4.034052318871536,0.7181806674677528,False,4.034052318871536,0.7181806674677528,False
2019-01-18,TKO,-4.101339520027894,-1.4092758214609875,-4.101339520027894,-1.4092758214609875,False,-4.101339520027894,-1.4092758214609875,False,-4.101339520027894,-1.4092758214609875,False
2019-01-31,TWLO,-4.09548325724156,-0.5917551774900295,-4.09548325724156,-0.5917551774900295,False,-4.09548325724156,-0.5917551774900295,False,-1.177431686180491,-0.15957413350026023,True
2019-01-31,ZS,30.70947938095752,4.559632342562099,-0.20331659819217054,-0.01529028442238842,True,-0.20331659819217054,-0.01529028442238842,True,-0.8025639032784326,-0.10397556727573491,True
2019-02-04,TEAM,1.1911917117208923,0.4244371176104054,1.1911917117208923,0.4244371176104054,False,1.1911917117208923,0.4244371176104054,False,1.1911917117208923,0.4244371176104054,False
2019-02-04,TTD,-6.446132101405995,-1.6050004371011453,-6.446132101405995,-1.6050004371011453,False,-6.446132101405995,-1.6050004371011453,False,-6.446132101405995,-1.6050004371011453,False
2019-02-04,ZS,-2.788689022176544,-1.2941167670829172,-2.788689022176544,-1.2941167670829172,False,-2.788689022176544,-1.2941167670829172,False,-2.788689022176544,-1.2941167670829172,False
2019-02-06,CLF,-1.8139442062675186,-0.28358208226804077,-1.8139442062675186,-0.28358208226804077,False,-1.8139442062675186,-0.28358208226804077,False,-1.8139442062675186,-0.28358208226804077,False
2019-02-13,MAT,-19.129730861594194,-4.3918932503035,-19.129730861594194,-4.3918932503035,False,-19.129730861594194,-4.3918932503035,False,-19.129730861594194,-4.3918932503035,False
2019-02-14,TNDM,27.726991801497032,3.738421816337307,27.726991801497032,3.738421816337307,False,-0.6678952655023102,-0.07629398337747435,True,-2.0470761134302764,-0.2615802625178262,True
2019-02-15,TNDM,-4.951941747572799,-1.7482513751580564,-4.951941747572799,-1.7482513751580564,False,-4.951941747572799,-1.7482513751580564,False,-4.951941747572799,-1.7482513751580564,False
2019-02-15,TTD,-5.175884998531969,-1.602794016031614,-5.175884998531969,-1.602794016031614,False,-5.175884998531969,-1.602794016031614,False,-5.175884998531969,-1.602794016031614,False
2019-02-19,TTD,-7.2763744351824045,-2.2413147458769207,-7.2763744351824045,-2.2413147458769207,False,-7.2763744351824045,-2.2413147458769207,False,-7.2763744351824045,-2.2413147458769207,False
2019-02-27,ETSY,-6.369515101660568,-1.2195139097083665,-6.369515101660568,-1.2195139097083665,False,-3.9313703399036712,-0.7452585003773351,True,-2.4684792310625068,-0.4607044277429159,True
2019-03-06,ROKU,-15.602048695149584,-2.99731022912787,-0.962001322117079,-0.16666735030394514,True,-15.602048695149584,-2.99731022912787,False,-15.602048695149584,-2.99731022912787,False
2019-03-11,TTD,-8.628855587071975,-1.738782682115616,-8.628855587071975,-1.738782682115616,False,-8.628855587071975,-1.738782682115616,False,-0.4080938757477565,-0.06281127522292013,True
2019-03-18,MDB,-1.7805567047384296,-0.3965804608944012,-1.7805567047384296,-0.3965804608944012,False,-1.7805567047384296,-0.3965804608944012,False,-1.7805567047384296,-0.3965804608944012,False
2019-03-19,MDB,-2.3329496771142817,-1.1170333552347622,-2.3329496771142817,-1.1170333552347622,False,-2.3329496771142817,-1.1170333552347622,False,-2.3329496771142817,-1.1170333552347622,False
2019-03-21,MDB,-9.594734543544236,-1.2620277673270506,-1.3151221467845333,-0.16151245544603776,True,-2.9115824609573093,-0.3737118841590427,True,-5.568039798166385,-0.7268047386145701,True
2019-04-02,CVNA,6.1687527748134725,0.854663953900911,-3.775333400787848,-0.5010845201683515,True,-3.775333400787848,-0.5010845201683515,True,-4.443580665217428,-0.5921914547878695,True
2019-04-03,OKTA,-4.5297920005860925,-1.0421062775938468,-4.5297920005860925,-1.0421062775938468,False,-4.5297920005860925,-1.0421062775938468,False,-4.5297920005860925,-1.0421062775938468,False
2019-04-09,OKTA,7.893838006176154,1.3497265785140047,7.893838006176154,1.3497265785140047,False,7.893838006176154,1.3497265785140047,False,7.893838006176154,1.3497265785140047,False
2019-04-11,OKTA,-3.0663121390801207,-1.0561803852989753,-3.0663121390801207,-1.0561803852989753,False,-0.9415022657343326,-0.2996239591727102,True,-3.0663121390801207,-1.0561803852989753,False
2019-04-23,OKTA,-1.079228560646991,-0.191490209446567,-1.079228560646991,-0.191490209446567,False,-1.079228560646991,-0.191490209446567,False,-1.079228560646991,-0.191490209446567,False
2019-04-24,OKTA,-1.740785157142039,-0.8208029800610558,-1.740785157142039,-0.8208029800610558,False,-1.740785157142039,-0.8208029800610558,False,-1.740785157142039,-0.8208029800610558,False
2019-05-10,ZS,-7.519818469171101,-1.0270889335068938,-7.519818469171101,-1.0270889335068938,False,-7.519818469171101,-1.0270889335068938,False,-7.519818469171101,-1.0270889335068938,False
2019-05-13,MTCH,-5.036860657650085,-0.8658214815890319,-5.036860657650085,-0.8658214815890319,False,-5.036860657650085,-0.8658214815890319,False,-5.036860657650085,-0.8658214815890319,False
2019-05-15,MTCH,-7.038416721771748,-1.5391829533372325,-7.038416721771748,-1.5391829533372325,False,-7.038416721771748,-1.5391829533372325,False,-0.2554298230772551,-0.034479758670313325,True
2019-05-15,ZS,-5.256038779943601,-0.983730802871012,-5.256038779943601,-0.983730802871012,False,-5.256038779943601,-0.983730802871012,False,-5.256038779943601,-0.983730802871012,False
2019-05-16,MDB,-5.571859768549747,-1.0565036322331367,-0.862246435364643,-0.1471741166044084,True,-1.7742317174802742,-0.32325972622406157,True,-5.571859768549747,-1.0565036322331367,False
2019-05-16,MTCH,-6.392447653628025,-1.3238647687156764,-1.6258473103829847,-0.32102221708446477,True,-3.705328897005105,-0.7585232598042655,True,-6.392447653628025,-1.3238647687156764,False
2019-05-16,TWLO,-6.706225842304042,-1.477236360500546,-1.419835424356598,-0.2951320353371788,True,-3.37151687073167,-0.7315529003698522,True,-6.706225842304042,-1.477236360500546,False
2019-05-16,ZS,-6.720139166124461,-1.4759199023093466,-6.720139166124461,-1.4759199023093466,False,-3.365601577633776,-0.728046078865751,True,-6.720139166124461,-1.4759199023093466,False
2019-05-24,ROKU,-7.352580954583978,-1.219298363025525,-7.352580954583978,-1.219298363025525,False,-7.352580954583978,-1.219298363025525,False,-7.352580954583978,-1.219298363025525,False
2019-06-06,SNAP,5.1795623138541,0.5793658062147812,5.1795623138541,0.5793658062147812,False,-2.1250342929422352,-0.22222213812390962,True,5.1795623138541,0.5793658062147812,False
2019-06-07,GH,-4.214615220277037,-1.2343232245913363,-4.214615220277037,-1.2343232245913363,False,-4.214615220277037,-1.2343232245913363,False,-4.214615220277037,-1.2343232245913363,False
2019-07-01,SRPT,-6.686747712984313,-1.563636027354822,-3.801853655356766,-0.8787875284946063,True,-3.801853655356766,-0.8787875284946063,True,-6.686747712984313,-1.563636027354822,False
2019-08-08,FIVN,-5.097497540135529,-0.8882512845904886,-0.40629617321875394,-0.0544408410692952,True,-5.097497540135529,-0.8882512845904886,False,-5.097497540135529,-0.8882512845904886,False
2019-08-09,CVNA,-0.8550642212959073,-0.09305998673279212,-0.8550642212959073,-0.09305998673279212,False,-0.8550642212959073,-0.09305998673279212,False,-0.8550642212959073,-0.09305998673279212,False
2019-08-09,SHOP,-4.733444254634709,-1.092356997419612,-4.733444254634709,-1.092356997419612,False,-4.733444254634709,-1.092356997419612,False,-4.733444254634709,-1.092356997419612,False
2019-08-13,CVNA,-4.176042019294736,-1.175626296773576,-1.3178421841571997,-0.3512543026391799,True,-1.3178421841571997,-0.3512543026391799,True,-4.176042019294736,-1.175626296773576,False
2019-08-20,SHOP,-4.444843576767096,-1.041532604032604,-4.444843576767096,-1.041532604032604,False,-4.444843576767096,-1.041532604032604,False,-4.444843576767096,-1.041532604032604,False
2019-08-21,SHOP,-8.089233748174989,-2.527166918298146,-1.9152685837192054,-0.574208598371408,True,-8.089233748174989,-2.527166918298146,False,-8.089233748174989,-2.527166918298146,False
2019-08-27,ROKU,-2.057940958181752,-0.4956981227216859,-2.057940958181752,-0.4956981227216859,False,-2.057940958181752,-0.4956981227216859,False,-2.057940958181752,-0.4956981227216859,False
2019-08-27,SHOP,-3.0936662567875315,-1.4358041166242064,-3.0936662567875315,-1.4358041166242064,False,-3.0936662567875315,-1.4358041166242064,False,-3.0936662567875315,-1.4358041166242064,False
2019-09-03,ROKU,-8.216799524534261,-1.9014898927787343,-8.216799524534261,-1.9014898927787343,False,-8.216799524534261,-1.9014898927787343,False,-8.216799524534261,-1.9014898927787343,False
2019-09-04,ROKU,-14.75728419487235,-2.391388316819431,-14.75728419487235,-2.391388316819431,False,-4.7628765079695805,-0.7607649722607694,True,-14.75728419487235,-2.391388316819431,False
2019-09-05,APO,-5.1524206448607135,-1.4374984609349157,-0.759049985766606,-0.18751078083380457,True,-3.0777431111918547,-0.8472178862921768,True,-1.0031217634755136,-0.25695329749581475,True
2019-09-06,ROKU,-5.2958005406961615,-1.7624773478307216,-5.2958005406961615,-1.7624773478307216,False,-5.2958005406961615,-1.7624773478307216,False,-5.2958005406961615,-1.7624773478307216,False
2019-10-23,SEDG,-7.3968965082220635,-1.474614151267524,-7.3968965082220635,-1.474614151267524,False,-7.3968965082220635,-1.474614151267524,False,-7.3968965082220635,-1.474614151267524,False
2019-10-24,SEDG,-9.3787810748911,-3.6624431417617123,-0.4206984494459069,-0.12658341944559798,True,-1.6179552618832367,-0.5991546511889931,True,-9.3787810748911,-3.6624431417617123,False
2019-10-24,THO,-1.0842639930610969,-0.21768484475552002,-1.0842639930610969,-0.21768484475552002,False,-1.0842639930610969,-0.21768484475552002,False,-2.760618353916118,-0.5884359251268068,True
2019-11-12,DXCM,2.915858755457527,1.5086837195885485,2.915858755457527,1.5086837195885485,False,2.915858755457527,1.5086837195885485,False,2.915858755457527,1.5086837195885485,False
2019-11-15,ROKU,-13.58975226827761,-2.830666097005208,-13.58975226827761,-2.830666097005208,False,-13.58975226827761,-2.830666097005208,False,-13.58975226827761,-2.830666097005208,False
2019-11-18,ROKU,-15.112467856671802,-3.66615804017529,-0.9551774677651774,-0.20884079680681808,True,-2.7279581486815063,-0.6417672289470501,True,-1.3734032923230144,-0.3109747020348161,True
2019-11-19,ARWR,-4.355300049734575,-1.3354041682067612,-4.355300049734575,-1.3354041682067612,False,-4.355300049734575,-1.3354041682067612,False,-4.355300049734575,-1.3354041682067612,False
2019-11-19,OKTA,-3.3740639438619713,-1.2291678966035577,-3.3740639438619713,-1.2291678966035577,False,-3.3740639438619713,-1.2291678966035577,False,-3.3740639438619713,-1.2291678966035577,False
2019-11-22,AVTR,5.60809761757039,1.324324115337923,-0.27474176322154503,-0.0405414809793465,True,-0.5077196713224591,-0.09459421145285883,True,-1.4396535227817924,-0.3108102883448075,True
2019-11-26,ALNY,-3.7685790435022826,-0.6881883727999404,-1.711824465993625,-0.302361989025684,True,-0.5029529140878614,-0.07558989651654978,True,-3.7685790435022826,-0.6881883727999404,False
2019-11-26,TTD,-13.731614560842932,-4.9805773361692225,-13.731614560842932,-4.9805773361692225,False,-13.731614560842932,-4.9805773361692225,False,-13.731614560842932,-4.9805773361692225,False
2019-11-27,ARWR,-8.339858144323772,-1.2588493446649056,-8.339858144323772,-1.2588493446649056,False,-8.339858144323772,-1.2588493446649056,False,-8.339858144323772,-1.2588493446649056,False
2019-11-29,ARWR,-13.351828546683445,-1.8615368814877307,-13.351828546683445,-1.8615368814877307,False,-13.351828546683445,-1.8615368814877307,False,-13.351828546683445,-1.8615368814877307,False
2019-12-05,ALNY,-2.932040710983634,-1.35907292688459,-0.47814232262639694,-0.18146737481478864,True,-2.932040710983634,-1.35907292688459,False,-2.932040710983634,-1.35907292688459,False
2019-12-12,CVNA,-5.36540401823306,-1.7440248931592635,-5.36540401823306,-1.7440248931592635,False,-5.36540401823306,-1.7440248931592635,False,-5.36540401823306,-1.7440248931592635,False
2019-12-13,SHOP,27.219895689195134,6.970234280783728,27.219895689195134,6.970234280783728,False,27.219895689195134,6.970234280783728,False,27.219895689195134,6.970234280783728,False
2019-12-16,SHOP,24.613907640578233,9.156165779680542,-1.0039478769473862,-0.33490036209130153,True,-0.24473162218689326,-0.053621092446323286,True,-1.2426359129485758,-0.42333102465737693,True
2020-01-02,SEDG,-5.558420285901834,-1.098814276926046,-5.558420285901834,-1.098814276926046,False,-0.1196313183617892,-0.003951907651110333,True,-5.558420285901834,-1.098814276926046,False
2020-01-07,TTD,-2.6140838690350723,-1.1769633941308335,-0.9986542365079607,-0.42070320460566535,True,-0.9986542365079607,-0.42070320460566535,True,-2.6140838690350723,-1.1769633941308335,False
2020-01-08,APA,-2.298746539624635,-1.0434944496293475,-1.1688401136354594,-0.5072566146301722,True,-2.298746539624635,-1.0434944496293475,False,-2.298746539624635,-1.0434944496293475,False
2020-01-30,MDB,-1.6103230547253031,-0.2425695643268865,-2.2013134880665346,-0.3374871989934751,True,-1.6103230547253031,-0.2425695643268865,False,-2.3804050865548616,-0.3662506949117828,True
2020-02-04,TDOC,10.767173457112527,3.1233219949314686,-1.3219786903857829,-0.3512075091174251,True,-1.3219786903857829,-0.3512075091174251,True,10.767173457112527,3.1233219949314686,False
2020-02-06,ENPH,12.89168209669835,2.5075412236948544,-0.9852048916761122,-0.17085453144349066,True,12.89168209669835,2.5075412236948544,False,12.89168209669835,2.5075412236948544,False
2020-02-10,ALNY,-7.100299684357712,-1.2738582030726502,-2.228215247324644,-0.3872754843291465,True,-1.1641018247422759,-0.19363668692377256,True,-2.2434200156324016,-0.39004232570851505,True
2020-02-10,TNDM,-1.9625733615966048,-0.3032779837124842,-1.9625733615966048,-0.3032779837124842,False,-1.9625733615966048,-0.3032779837124842,False,-1.9625733615966048,-0.3032779837124842,False
2020-02-11,DT,-6.345123643118327,-1.2528095907555676,-6.345123643118327,-1.2528095907555676,False,-6.345123643118327,-1.2528095907555676,False,-1.6962866822596339,-0.3202247672604454,True
2020-02-12,ALNY,-4.0610102197099165,-1.003781519876776,-4.046088009466615,-1.0,True,-4.0610102197099165,-1.003781519876776,False,-4.0610102197099165,-1.003781519876776,False
2020-02-12,TNDM,-3.9352196088892955,-1.5097052320478206,-3.9352196088892955,-1.5097052320478206,False,-3.9352196088892955,-1.5097052320478206,False,-3.9352196088892955,-1.5097052320478206,False
2020-02-13,TNDM,-6.215941230868959,-1.6821191551067738,-6.215941230868959,-1.6821191551067738,False,-6.215941230868959,-1.6821191551067738,False,-6.215941230868959,-1.6821191551067738,False
2020-02-14,TNDM,-9.498990415500922,-4.701846130815864,-9.498990415500922,-4.701846130815864,False,-9.498990415500922,-4.701846130815864,False,-9.498990415500922,-4.701846130815864,False
2020-02-18,MDB,-6.880101986333852,-1.7964091552834758,-6.880101986333852,-1.7964091552834758,False,-6.880101986333852,-1.7964091552834758,False,-6.880101986333852,-1.7964091552834758,False
2020-02-18,TNDM,-13.048624476586815,-2.7488140091552706,-1.8190427734322834,-0.36492902134060357,True,-1.8190427734322834,-0.36492902134060357,True,-13.048624476586815,-2.7488140091552706,False
2020-02-18,ZM,26.383277390508038,6.401006162794922,26.383277390508038,6.401006162794922,False,26.383277390508038,6.401006162794922,False,26.383277390508038,6.401006162794922,False
2020-02-19,ZM,17.210689836593847,4.306219781302874,-2.18689806936603,-0.5191382800279623,True,17.210689836593847,4.306219781302874,False,17.210689836593847,4.306219781302874,False
2020-02-27,ZM,-7.625960211851915,-1.4369741972793215,-7.625960211851915,-1.4369741972793215,False,-7.625960211851915,-1.4369741972793215,False,-7.625960211851915,-1.4369741972793215,False
2020-03-04,ETSY,-19.670740828755502,-2.6529279659474185,-2.9964018353054716,-0.3926241472787393,True,-6.436886235905124,-0.8590018568719155,True,-19.670740828755502,-2.6529279659474185,False
2020-03-04,REGN,-5.929128855751935,-1.092218938870946,-5.929128855751935,-1.092218938870946,False,-3.9563822289574695,-0.7225803049175117,True,-5.929128855751935,-1.092218938870946,False
2020-03-06,GILD,-8.447855613388928,-1.3085930235825225,-8.447855613388928,-1.3085930235825225,False,-8.447855613388928,-1.3085930235825225,False,-8.447855613388928,-1.3085930235825225,False
2020-04-16,AKAM,-7.6264634071619914,-1.441228815663854,-0.5627294801429532,-0.08860722819758618,True,-2.4419839526089384,-0.4484622558731175,True,-3.4807675060154177,-0.6473770328960802,True
2020-04-16,TTWO,-5.073066215889483,-1.5774993896484375,-1.975735105279559,-0.5949993133544922,True,-0.9590532584318658,-0.27249908447265625,True,-1.8890408848798186,-0.5674991607666016,True
2020-04-17,INCY,-4.137980915069576,-1.0520845750979504,-4.137980915069576,-1.0520845750979504,False,-4.137980915069576,-1.0520845750979504,False,-4.137980915069576,-1.0520845750979504,False
2020-04-20,INCY,-3.57686943911472,-1.7393043717432415,-3.57686943911472,-1.7393043717432415,False,-3.57686943911472,-1.7393043717432415,False,-3.57686943911472,-1.7393043717432415,False
2020-04-22,DPZ,-3.775022194591483,-1.0269259589987398,-3.775022194591483,-1.0269259589987398,False,-3.775022194591483,-1.0269259589987398,False,-3.775022194591483,-1.0269259589987398,False
2020-04-23,SAM,18.348389007663506,1.992304690903443,18.348389007663506,1.992304690903443,False,18.348389007663506,1.992304690903443,False,18.348389007663506,1.992304690903443,False
2020-04-23,WPM,8.94819057497895,2.5445987416224622,8.94819057497895,2.5445987416224622,False,8.94819057497895,2.5445987416224622,False,-2.7540219460825477,-0.7463835833559245,True
2020-04-24,SAM,17.231622740809666,7.262398481111444,17.231622740809666,7.262398481111444,False,17.231622740809666,7.262398481111444,False,17.231622740809666,7.262398481111444,False
2020-04-24,WST,-3.7904622943172135,-1.0418394405543019,-2.0934907142662245,-0.5627742772767124,True,-3.1362167837723103,-0.8571420443118698,True,-2.0934907142662245,-0.5627742772767124,True
2020-04-27,ACAD,-6.995756522331073,-2.7121203363870183,-6.995756522331073,-2.7121203363870183,False,-6.995756522331073,-2.7121203363870183,False,-6.995756522331073,-2.7121203363870183,False
2020-04-27,CIEN,-5.555157951242362,-1.2775133240855663,-5.555157951242362,-1.2775133240855663,False,-5.555157951242362,-1.2775133240855663,False,-5.555157951242362,-1.2775133240855663,False
2020-04-27,SAM,12.567043843497638,2.8397078689000352,12.567043843497638,2.8397078689000352,False,12.567043843497638,2.8397078689000352,False,12.567043843497638,2.8397078689000352,False
2020-04-27,TW,-5.061917281441057,-1.0568156027759519,-5.061917281441057,-1.0568156027759519,False,-5.061917281441057,-1.0568156027759519,False,-5.061917281441057,-1.0568156027759519,False
2020-04-29,MPWR,-7.244569237087045,-2.063835407767566,-7.244569237087045,-2.063835407767566,False,-7.244569237087045,-2.063835407767566,False,-7.244569237087045,-2.063835407767566,False
2020-05-04,TEAM,5.395933275140476,0.7647052701960876,5.395933275140476,0.7647052701960876,False,5.395933275140476,0.7647052701960876,False,5.395933275140476,0.7647052701960876,False
2020-05-04,TECH,6.754152179390453,1.4501421486570858,6.754152179390453,1.4501421486570858,False,6.754152179390453,1.4501421486570858,False,6.754152179390453,1.4501421486570858,False
2020-05-04,WPM,1.9041829465849467,0.989940853088964,1.9041829465849467,0.989940853088964,False,1.9041829465849467,0.989940853088964,False,1.9041829465849467,0.989940853088964,False
2020-05-05,SAM,5.979354126102276,1.8194706905467024,-0.7752541256245511,-0.202094673999906,True,-0.7752541256245511,-0.202094673999906,True,-0.31822194846847335,-0.06531095755182625,True
2020-05-05,SFM,9.10473592261477,3.2031268626469256,9.10473592261477,3.2031268626469256,False,9.10473592261477,3.2031268626469256,False,9.10473592261477,3.2031268626469256,False
2020-05-05,TEAM,1.3852837853098023,0.4623863639545204,1.3852837853098023,0.4623863639545204,False,1.3852837853098023,0.4623863639545204,False,1.3852837853098023,0.4623863639545204,False
2020-05-05,TECH,2.660995279375415,0.7293035681833522,2.660995279375415,0.7293035681833522,False,2.660995279375415,0.7293035681833522,False,2.660995279375415,0.7293035681833522,False
2020-05-06,ETSY,-2.361134577003969,-0.28733730243756833,-2.361134577003969,-0.28733730243756833,False,-2.361134577003969,-0.28733730243756833,False,-2.361134577003969,-0.28733730243756833,False
2020-05-06,PPLI,-6.23838823565259,-1.157975977293337,-4.571677514132533,-0.8435594069291988,True,-2.437467988682657,-0.4409515453691306,True,-6.23838823565259,-1.157975977293337,False
2020-05-06,PZZA,-3.353066576474528,-0.6434087582238308,-3.353066576474528,-0.6434087582238308,False,-3.353066576474528,-0.6434087582238308,False,-3.353066576474528,-0.6434087582238308,False
2020-05-06,SFM,1.6571790999613658,0.2709679245329455,1.6571790999613658,0.2709679245329455,False,1.6571790999613658,0.2709679245329455,False,1.6571790999613658,0.2709679245329455,False
2020-05-06,TECH,-3.451528531831971,-0.5891867774661091,-3.451528531831971,-0.5891867774661091,False,-3.451528531831971,-0.5891867774661091,False,-3.451528531831971,-0.5891867774661091,False
2020-05-07,BIO,0.6445978844230884,0.3288576268905203,-0.9835350770856658,-0.3902203522241501,True,0.6445978844230884,0.3288576268905203,False,-0.6774452853352266,-0.25503334103829756,True
2020-05-07,DDOG,74.54518765296085,15.765943389947715,74.54518765296085,15.765943389947715,False,74.54518765296085,15.765943389947715,False,74.54518765296085,15.765943389947715,False
2020-05-07,DT,11.026448119637728,3.4134640601989146,-2.199921884831302,-0.6442314569773264,True,11.026448119637728,3.4134640601989146,False,11.026448119637728,3.4134640601989146,False
2020-05-07,HUBS,-5.01983177211253,-1.0879249832743614,-2.3690599944866584,-0.5017584281119527,True,-5.01983177211253,-1.0879249832743614,False,-5.01983177211253,-1.0879249832743614,False
2020-05-07,IPGP,5.555625465934513,1.9577481436906976,5.555625465934513,1.9577481436906976,False,5.555625465934513,1.9577481436906976,False,-1.0290386900734725,-0.32159551262075414,True
2020-05-07,PZZA,-8.031722379756799,-1.6831588415351466,-8.031722379756799,-1.6831588415351466,False,-1.061244402344593,-0.20398180082698478,True,-0.5030730904306432,-0.08553451614428177,True
2020-05-07,QLYS,-6.254223348210358,-1.5532863459901596,-6.254223348210358,-1.5532863459901596,False,-6.254223348210358,-1.5532863459901596,False,-6.254223348210358,-1.5532863459901596,False
2020-05-07,RGLD,-4.143000567795252,-0.6909564436381447,-4.143000567795252,-0.6909564436381447,False,-5.363258392874297,-0.8995008138404043,True,-5.091263637870972,-0.8530163957816113,True
2020-05-07,RNG,-3.409862390794615,-0.6281959035981809,-3.409862390794615,-0.6281959035981809,False,-3.409862390794615,-0.6281959035981809,False,-3.409862390794615,-0.6281959035981809,False
2020-05-07,TTD,-5.421366060242155,-1.8092730565230761,-2.269459728861945,-0.7376198123199926,True,-5.421366060242155,-1.8092730565230761,False,-5.421366060242155,-1.8092730565230761,False
2020-05-07,WIX,78.29308012360946,25.4480804290961,78.29308012360946,25.4480804290961,False,78.29308012360946,25.4480804290961,False,78.29308012360946,25.4480804290961,False
2020-05-08,DDOG,67.38992736662959,16.246530839642375,67.38992736662959,16.246530839642375,False,67.38992736662959,16.246530839642375,False,67.38992736662959,16.246530839642375,False
2020-05-08,IPGP,-4.6025423906547,-2.252397394024366,-4.6025423906547,-2.252397394024366,False,-4.6025423906547,-2.252397394024366,False,-4.6025423906547,-2.252397394024366,False
2020-05-08,PODD,-10.483998117454034,-1.2824727367145576,-10.483998117454034,-1.2824727367145576,False,-10.483998117454034,-1.2824727367145576,False,-10.483998117454034,-1.2824727367145576,False
2020-05-08,TWLO,23.64570474731842,2.9279833388277527,23.64570474731842,2.9279833388277527,False,23.64570474731842,2.9279833388277527,False,23.64570474731842,2.9279833388277527,False
2020-05-08,WIX,67.08740001295497,13.947335501378616,67.08740001295497,13.947335501378616,False,67.08740001295497,13.947335501378616,False,67.08740001295497,13.947335501378616,False
2020-05-11,APO,-7.682742583702668,-1.7449007357469406,-7.682742583702668,-1.7449007357469406,False,-7.682742583702668,-1.7449007357469406,False,-7.682742583702668,-1.7449007357469406,False
2020-05-11,DDOG,55.48362506052725,10.022654856331595,55.48362506052725,10.022654856331595,False,55.48362506052725,10.022654856331595,False,55.48362506052725,10.022654856331595,False
2020-05-11,DT,5.688145156404895,1.0718227619470135,-1.502287224157519,-0.2596692593267795,True,-1.5917910447761054,-0.2762431754308133,True,5.688145156404895,1.0718227619470135,False
2020-05-11,DXCM,-4.443279664903405,-1.0309695356545736,-4.443279664903405,-1.0309695356545736,False,-4.443279664903405,-1.0309695356545736,False,-4.443279664903405,-1.0309695356545736,False
2020-05-11,SFM,-7.223138249402071,-1.6578939883451091,-7.223138249402071,-1.6578939883451091,False,-7.223138249402071,-1.6578939883451091,False,-7.223138249402071,-1.6578939883451091,False
2020-05-11,SRPT,-6.5607293393269,-1.0629535724676835,-6.5607293393269,-1.0629535724676835,False,-6.5607293393269,-1.0629535724676835,False,-6.5607293393269,-1.0629535724676835,False
2020-05-11,TECH,-6.438938625410978,-1.683761037288288,-6.438938625410978,-1.683761037288288,False,-6.438938625410978,-1.683761037288288,False,-6.438938625410978,-1.683761037288288,False
2020-05-11,TNDM,-8.074903483838698,-1.014674457785076,-8.074903483838698,-1.014674457785076,False,-8.074903483838698,-1.014674457785076,False,-8.074903483838698,-1.014674457785076,False
2020-05-11,TWLO,19.058737020196702,4.7003944025713364,19.058737020196702,4.7003944025713364,False,19.058737020196702,4.7003944025713364,False,-1.8246617059998262,-0.42312759033463065,True
2020-05-11,WIX,61.16103736852835,11.324783316841952,61.16103736852835,11.324783316841952,False,61.16103736852835,11.324783316841952,False,61.16103736852835,11.324783316841952,False
2020-05-12,GH,-4.5431437000708605,-1.1911363780459454,-4.5431437000708605,-1.1911363780459454,False,-4.5431437000708605,-1.1911363780459454,False,-4.5431437000708605,-1.1911363780459454,False
2020-05-12,MDB,2.4790185127851383,0.6425800938760081,2.4790185127851383,0.6425800938760081,False,2.4790185127851383,0.6425800938760081,False,2.4790185127851383,0.6425800938760081,False
2020-05-12,TWLO,16.755309118989143,3.692757068833219,-0.6620143502705628,-0.12312930306387805,True,-0.6620143502705628,-0.12312930306387805,True,-3.803012795043146,-0.8112771221424846,True
2020-05-14,SAM,2.0874036274259127,0.4080662151314356,-0.9031672220381377,-0.14983307346912508,True,2.0874036274259127,0.4080662151314356,False,2.0874036274259127,0.4080662151314356,False
2020-05-15,RGEN,-8.929572740858962,-1.5171148551346432,-0.7901453940624485,-0.11858216249692212,True,-1.0960805396449664,-0.17114855134643078,True,-0.7901453940624485,-0.11858216249692212,True
2020-05-15,TEAM,-7.302832407606183,-1.8211373372810427,-2.1901039675796787,-0.5284541078783267,True,-1.525562284331531,-0.3604338620837951,True,-2.1901039675796787,-0.5284541078783267,True
2020-05-15,WIX,32.438981979081156,4.898581991220225,32.438981979081156,4.898581991220225,False,32.438981979081156,4.898581991220225,False,32.438981979081156,4.898581991220225,False
2020-05-18,GNRC,-4.38831904536766,-1.2010056223606247,-4.38831904536766,-1.2010056223606247,False,-4.38831904536766,-1.2010056223606247,False,-4.38831904536766,-1.2010056223606247,False
2020-05-18,NBIX,-6.9690039375303225,-1.518649313761627,-6.9690039375303225,-1.518649313761627,False,-2.7029944498777945,-0.5754889312894343,True,-4.534727198714036,-0.9804617202575833,True
2020-05-18,SRPT,10.257965535743384,4.38328129809595,10.257965535743384,4.38328129809595,False,-0.8014265517061091,-0.29682951497295634,True,10.257965535743384,4.38328129809595,False
2020-05-19,DT,-2.97607016157315,-0.7342677116623006,-2.97607016157315,-0.7342677116623006,False,-2.97607016157315,-0.7342677116623006,False,-1.6339033895815425,-0.3916092683785673,True
2020-05-19,PAAS,-3.852773571301355,-0.5872101628535141,-3.852773571301355,-0.5872101628535141,False,-3.852773571301355,-0.5872101628535141,False,-2.998179310424093,-0.4534886831082295,True
2020-05-21,SPOT,-3.62112345503181,-1.1646666230452136,-1.4327395700669532,-0.44082444546227834,True,-3.62112345503181,-1.1646666230452136,False,-3.62112345503181,-1.1646666230452136,False
2020-05-21,WIX,29.21660672888923,10.533074383581244,29.21660672888923,10.533074383581244,False,-0.5107953480650682,-0.1475934100290921,True,29.21660672888923,10.533074383581244,False
2020-05-22,DDOG,-8.611625331553263,-2.046052416936247,-8.611625331553263,-2.046052416936247,False,-8.611625331553263,-2.046052416936247,False,-8.611625331553263,-2.046052416936247,False
2020-05-22,TWLO,-7.894964241097924,-1.3005592452323886,-7.894964241097924,-1.3005592452323886,False,-7.894964241097924,-1.3005592452323886,False,-7.894964241097924,-1.3005592452323886,False
2020-05-26,OLLI,7.3012061500852985,2.69671936363409,7.3012061500852985,2.69671936363409,False,7.3012061500852985,2.69671936363409,False,7.3012061500852985,2.69671936363409,False
2020-05-27,AVTR,-4.541032709803224,-0.7904752562656334,-4.541032709803224,-0.7904752562656334,False,-2.2937625310148255,-0.390475619569739,True,-4.541032709803224,-0.7904752562656334,False
2020-05-27,DHI,-5.061003944008958,-1.45274408809115,-5.061003944008958,-1.45274408809115,False,-5.061003944008958,-1.45274408809115,False,-5.061003944008958,-1.45274408809115,False
2020-05-27,OLLI,-2.4021749546519113,-1.0401979803246508,-2.4021749546519113,-1.0401979803246508,False,-2.4021749546519113,-1.0401979803246508,False,-2.4021749546519113,-1.0401979803246508,False
2020-05-27,PH,-2.7498777913710173,-1.3256016965337833,-2.7498777913710173,-1.3256016965337833,False,-2.7498777913710173,-1.3256016965337833,False,-2.7498777913710173,-1.3256016965337833,False
2020-05-29,AVTR,-4.31507256923891,-1.1267609417478859,-4.31507256923891,-1.1267609417478859,False,-4.31507256923891,-1.1267609417478859,False,-4.31507256923891,-1.1267609417478859,False
2020-05-29,MDB,-14.796885007396659,-2.0547864917923153,-14.796885007396659,-2.0547864917923153,False,-14.796885007396659,-2.0547864917923153,False,-14.796885007396659,-2.0547864917923153,False
2020-05-29,SNAP,22.380834787258642,4.197039197373687,22.380834787258642,4.197039197373687,False,22.380834787258642,4.197039197373687,False,22.380834787258642,4.197039197373687,False
2020-05-29,VEEV,-5.88592929701508,-1.2836883928019294,-5.88592929701508,-1.2836883928019294,False,-1.7576847946968712,-0.3677802856966174,True,-5.88592929701508,-1.2836883928019294,False
2020-05-29,WIX,20.193000952807854,3.7616666158040366,-4.163998770402259,-0.7533340454101562,True,20.193000952807854,3.7616666158040366,False,-4.163998770402259,-0.7533340454101562,True
2020-06-01,DBX,-6.723709906382715,-1.2786883708132175,-6.723709906382715,-1.2786883708132175,False,-1.2039516510637698,-0.2131147284688696,True,-6.723709906382715,-1.2786883708132175,False
2020-06-01,DOCU,-4.961040348416941,-1.057452044422009,-4.961040348416941,-1.057452044422009,False,-4.961040348416941,-1.057452044422009,False,-4.961040348416941,-1.057452044422009,False
2020-06-01,ESTC,-8.427309742513458,-1.886360746446365,-3.1767588919117324,-0.6969690547658589,True,-4.34726748812703,-0.9621208910192931,True,-8.427309742513458,-1.886360746446365,False
2020-06-01,HUBS,2.1828815738494094,0.36865954898230513,-0.7843995413918673,-0.11052278363602551,True,-2.9360275844725816,-0.4579863722103055,True,2.1828815738494094,0.36865954898230513,False
2020-06-01,MKTX,-4.088163164578846,-1.3218611931737925,-4.088163164578846,-1.3218611931737925,False,-4.088163164578846,-1.3218611931737925,False,-4.088163164578846,-1.3218611931737925,False
2020-06-01,OKTA,-9.124690204405761,-1.6100675644253701,-9.124690204405761,-1.6100675644253701,False,-9.124690204405761,-1.6100675644253701,False,-9.124690204405761,-1.6100675644253701,False
2020-06-01,PAAS,-7.093864251509759,-1.7458976909386532,-7.093864251509759,-1.7458976909386532,False,-7.093864251509759,-1.7458976909386532,False,-7.093864251509759,-1.7458976909386532,False
2020-06-01,SNAP,18.560750217320702,4.397592604082646,18.560750217320702,4.397592604082646,False,-1.58262925824135,-0.3493964275127023,True,18.560750217320702,4.397592604082646,False
2020-06-02,DECK,-4.279892347994192,-1.0082732946813375,-4.279892347994192,-1.0082732946813375,False,-4.279892347994192,-1.0082732946813375,False,-4.279892347994192,-1.0082732946813375,False
2020-06-02,QRVO,-1.1570966968018814,-0.2323258098871865,-1.1570966968018814,-0.2323258098871865,False,-1.1570966968018814,-0.2323258098871865,False,-1.1570966968018814,-0.2323258098871865,False
2020-06-02,XYZ,74.56719942092896,11.69750415747497,74.56719942092896,11.69750415747497,False,74.56719942092896,11.69750415747497,False,74.56719942092896,11.69750415747497,False
2020-06-02,ZM,19.33471794669853,3.7602241738481808,-0.3305631129630663,-0.044609291132455146,True,-0.3305631129630663,-0.044609291132455146,True,-1.3729162473029548,-0.24628350447482653,True
2020-06-03,BMRN,-4.962234582513761,-1.4162294410769032,-4.962234582513761,-1.4162294410769032,False,-4.962234582513761,-1.4162294410769032,False,-4.962234582513761,-1.4162294410769032,False
2020-06-03,DECK,-4.134110337883314,-1.2016823154918561,-4.134110337883314,-1.2016823154918561,False,-4.134110337883314,-1.2016823154918561,False,-4.134110337883314,-1.2016823154918561,False
2020-06-03,LULU,-4.922445663362836,-1.3896804882816742,-1.3225896023797095,-0.3523127131345164,True,-2.7057276501671472,-0.7508905493168835,True,-0.25127733799682855,-0.0435934750972002,True
2020-06-03,PLNT,-4.800935787049916,-1.6728112057266213,-4.800935787049916,-1.6728112057266213,False,-4.800935787049916,-1.6728112057266213,False,-4.800935787049916,-1.6728112057266213,False
2020-06-03,QRVO,-5.05371146181672,-2.445413203178358,-5.05371146181672,-2.445413203178358,False,-5.05371146181672,-2.445413203178358,False,-5.05371146181672,-2.445413203178358,False
2020-06-03,RH,-10.139637993201974,-2.0744335051387304,-3.6436272795304765,-0.7321996234684115,True,-0.6246910477723775,-0.10841393784142465,True,-4.297540331689454,-0.8673139717909941,True
2020-06-03,RNR,-5.14193927669084,-0.7918404886464806,-5.14193927669084,-0.7918404886464806,False,-5.14193927669084,-0.7918404886464806,False,-5.14193927669084,-0.7918404886464806,False
2020-06-03,TER,15.392814402138105,6.594134386007866,15.392814402138105,6.594134386007866,False,15.392814402138105,6.594134386007866,False,15.392814402138105,6.594134386007866,False
2020-06-03,ZM,10.9142777985739,1.144780145861361,-7.363972115000303,-0.7549883169298308,True,-6.368358241641096,-0.6515081781491184,True,-1.3724196683048389,-0.1322502301210791,True
2020-06-04,CTVA,-10.270592811452133,-1.993507165775674,-10.270592811452133,-1.993507165775674,False,-2.0214748848156914,-0.37662248629450096,True,-10.270592811452133,-1.993507165775674,False
2020-06-04,RNR,-8.127493814008051,-1.6991354063908624,-2.743434911274584,-0.5595213096768185,True,-3.3416582201774063,-0.6861439429214974,True,-8.127493814008051,-1.6991354063908624,False
2020-06-04,THO,4.153019469325873,0.7186628242659352,4.153019469325873,0.7186628242659352,False,4.153019469325873,0.7186628242659352,False,4.153019469325873,0.7186628242659352,False
2020-06-05,ALB,-11.2986173667223,-2.676000122851301,-11.2986173667223,-2.676000122851301,False,-0.6334636938572706,-0.12747546090295417,True,-11.2986173667223,-2.676000122851301,False
2020-06-05,CACC,-7.915898848938043,-1.9661813811029198,-7.915898848938043,-1.9661813811029198,False,-7.915898848938043,-1.9661813811029198,False,-7.915898848938043,-1.9661813811029198,False
2020-06-05,MU,-2.425738719127499,-1.1062041528223643,-2.425738719127499,-1.1062041528223643,False,-2.425738719127499,-1.1062041528223643,False,-2.425738719127499,-1.1062041528223643,False
2020-06-05,SNAP,14.01001401662013,2.841584345392432,-0.8374550874748636,-0.14851444013664922,True,14.01001401662013,2.841584345392432,False,-0.8374550874748636,-0.14851444013664922,True
2020-06-05,TER,-2.5219217986557334,-1.1923019470185567,-2.5219217986557334,-1.1923019470185567,False,-2.5219217986557334,-1.1923019470185567,False,-2.5219217986557334,-1.1923019470185567,False
2020-06-08,IR,-5.635352281019508,-1.2049708713877414,-5.635352281019508,-1.2049708713877414,False,-5.635352281019508,-1.2049708713877414,False,-5.635352281019508,-1.2049708713877414,False
2020-06-08,SRPT,1.3396625473922805,0.23760380082851504,-0.6195213032504638,-0.08574247936594008,True,-3.905703192458352,-0.6280982616316828,True,-1.139052157578332,-0.171486535054257,True
2020-06-09,LPLA,-3.137997845101576,-1.01562729131466,-3.137997845101576,-1.01562729131466,False,-3.137997845101576,-1.01562729131466,False,-3.137997845101576,-1.01562729131466,False
2020-06-10,NVDA,-6.187650767484889,-2.6752630029263105,-6.187650767484889,-2.6752630029263105,False,-6.187650767484889,-2.6752630029263105,False,-6.187650767484889,-2.6752630029263105,False
2020-06-16,DT,-1.2755816267908513,-0.3919919824377207,-1.2755816267908513,-0.3919919824377207,False,-1.2755816267908513,-0.3919919824377207,False,-1.2755816267908513,-0.3919919824377207,False
2020-06-17,SPOT,31.100920311217294,4.627597136146249,31.100920311217294,4.627597136146249,False,31.100920311217294,4.627597136146249,False,31.100920311217294,4.627597136146249,False
2020-06-17,SRPT,-0.9807260165904416,-0.42105357087086687,-0.9807260165904416,-0.42105357087086687,False,-0.9807260165904416,-0.42105357087086687,False,-0.9807260165904416,-0.42105357087086687,False
2020-06-18,DDOG,-0.08846262552069768,0.002207977687804418,-0.08846262552069768,0.002207977687804418,False,-0.08846262552069768,0.002207977687804418,False,-0.08846262552069768,0.002207977687804418,False
2020-06-19,ESTC,-1.1692800702237534,-0.5349074888563023,-1.1692800702237534,-0.5349074888563023,False,-1.1692800702237534,-0.5349074888563023,False,-1.1692800702237534,-0.5349074888563023,False
2020-06-19,HUBS,-0.958739170216785,-0.3841463603742747,-0.958739170216785,-0.3841463603742747,False,-0.5043796741660788,-0.18089425221050934,True,-0.958739170216785,-0.3841463603742747,False
2020-06-19,TDOC,-7.132651597921467,-1.5703205528988324,-4.20155774345881,-0.9158366988289764,True,-2.341722968138472,-0.500554250663242,True,-4.20155774345881,-0.9158366988289764,True
2020-06-19,TER,0.842111057120912,0.2867597585167697,-1.1871041960214765,-0.3308927693581732,True,-1.7789543208785754,-0.5110401071898764,True,-1.1871041960214765,-0.3308927693581732,True
2020-06-22,ESTC,-4.131367520181519,-1.2483440195231383,-1.5542854309338456,-0.4503306908381712,True,-0.6346635214221985,-0.16556267968209218,True,-1.9285482642658187,-0.5662240613584345,True
2020-06-22,TER,-3.068108533477556,-1.2087412199226004,-3.068108533477556,-1.2087412199226004,False,-3.068108533477556,-1.2087412199226004,False,-3.068108533477556,-1.2087412199226004,False
2020-06-22,XYZ,40.34224973726834,8.48490700430439,40.34224973726834,8.48490700430439,False,40.34224973726834,8.48490700430439,False,-0.6178765196198688,-0.10865206899304297,True
2020-06-23,YETI,-5.683793676553095,-1.4285698066766273,-3.403743482559382,-0.8452368517854142,True,-3.403743482559382,-0.8452368517854142,True,-0.6351130059690735,-0.13690446455738167,True
2020-06-25,OKTA,-2.121320074281042,-0.3043480216434056,-0.45727682171873024,-0.053794792449096164,True,-2.052801129458206,-0.2940311967292011,True,-2.121320074281042,-0.3043480216434056,False
2020-06-26,SAM,44.11816414227169,8.565935586101086,44.11816414227169,8.565935586101086,False,-1.5465271297001446,-0.28022100095996244,True,-1.686566328465304,-0.3073493718324383,True
2020-06-26,TREX,-2.302757168838339,-0.4878049428859287,-2.302757168838339,-0.4878049428859287,False,-1.846470812117044,-0.3867594244198874,True,-0.3360118402435366,-0.05226529000975605,True
2020-07-01,OKTA,-5.232081795993915,-0.7557571840350281,-5.232081795993915,-0.7557571840350281,False,-1.7964782198002016,-0.24982563667901497,True,-5.232081795993915,-0.7557571840350281,False
2020-07-02,TEAM,-5.637002145686903,-2.0810284308167377,-5.637002145686903,-2.0810284308167377,False,-5.637002145686903,-2.0810284308167377,False,-5.637002145686903,-2.0810284308167377,False
2020-07-06,CRSP,2.621264889383316,0.45983923130071896,2.621264889383316,0.45983923130071896,False,2.621264889383316,0.45983923130071896,False,2.621264889383316,0.45983923130071896,False
2020-07-07,ALNY,-4.635227818489067,-1.12037026135403,-4.635227818489067,-1.12037026135403,False,-4.635227818489067,-1.12037026135403,False,-4.635227818489067,-1.12037026135403,False
2020-07-07,AU,5.4672517145797555,2.060242743005476,5.4672517145797555,2.060242743005476,False,5.4672517145797555,2.060242743005476,False,5.4672517145797555,2.060242743005476,False
2020-07-08,OKTA,-9.054480639500012,-1.9172341041965366,-0.577512993020711,-0.10223978723878435,True,-9.054480639500012,-1.9172341041965366,False,-9.054480639500012,-1.9172341041965366,False
2020-07-08,PAAS,-1.4843393567320264,-0.3020109877596249,-0.3153513783242195,-0.04698160329460961,True,-3.6992992673751344,-0.7852322638204599,True,-1.4843393567320264,-0.3020109877596249,False
2020-07-09,FTNT,-12.446761819903816,-4.421049269344406,-2.638837656518753,-0.9090907016803368,True,-12.446761819903816,-4.421049269344406,False,-12.446761819903816,-4.421049269344406,False
2020-07-20,PAAS,-10.296688794515019,-3.8315743884607096,-10.296688794515019,-3.8315743884607096,False,-0.3801124488675741,-0.10525688354315435,True,-10.296688794515019,-3.8315743884607096,False
2020-07-21,TXG,11.573608709257249,3.319405316893309,-0.6878768671322547,-0.16716352646717877,True,-0.6878768671322547,-0.16716352646717877,True,11.573608709257249,3.319405316893309,False
2020-07-27,PHM,0.6907063108934501,0.20957069535096853,-1.5459739644718642,-0.3832444044254099,True,-0.935931937500571,-0.22155740379779157,True,-0.5744659335948731,-0.12575358796804778,True
2020-07-30,AMD,5.447102473894706,1.3865839538823415,-1.0841581518912786,-0.24600553314402018,True,5.447102473894706,1.3865839538823415,False,5.447102473894706,1.3865839538823415,False
2020-07-31,KGC,-8.953672718712632,-1.5961633023622313,-8.953672718712632,-1.5961633023622313,False,-8.953672718712632,-1.5961633023622313,False,-8.953672718712632,-1.5961633023622313,False
2020-08-04,FSLR,13.10388657720992,2.9788727570185727,13.10388657720992,2.9788727570185727,False,13.10388657720992,2.9788727570185727,False,13.10388657720992,2.9788727570185727,False
2020-08-04,TDOC,-19.09859634678574,-3.4233523723898425,-19.09859634678574,-3.4233523723898425,False,-19.09859634678574,-3.4233523723898425,False,-19.09859634678574,-3.4233523723898425,False
2020-08-05,PODD,-5.382516484055353,-1.3186556713863389,-5.382516484055353,-1.3186556713863389,False,-5.382516484055353,-1.3186556713863389,False,-5.382516484055353,-1.3186556713863389,False
2020-08-13,HUBS,1.5282364555408172,0.21189191680324446,1.5282364555408172,0.21189191680324446,False,1.5282364555408172,0.21189191680324446,False,1.5282364555408172,0.21189191680324446,False
2020-08-19,CRSP,-8.919114972792986,-1.4799995422363281,-8.919114972792986,-1.4799995422363281,False,-8.919114972792986,-1.4799995422363281,False,-8.919114972792986,-1.4799995422363281,False
2020-08-20,TSLA,-17.614207819825207,-2.4230154463961044,-17.614207819825207,-2.4230154463961044,False,-17.614207819825207,-2.4230154463961044,False,-17.614207819825207,-2.4230154463961044,False
2020-08-20,ZM,68.32013607927496,11.915559567710599,-0.4472788029390876,-0.060479582475978844,True,-0.18595926860275958,-0.014970048937733222,True,68.32013607927496,11.915559567710599,False
2020-08-26,BILL,-12.588900723503613,-2.2037689755179892,-2.710347029306341,-0.4606171452459959,True,-4.0009579075192825,-0.6883560212160008,True,-2.972348626146029,-0.506849476131999,True
2020-08-27,BILL,-5.518748946156578,-1.4093157283557696,-5.518748946156578,-1.4093157283557696,False,-5.518748946156578,-1.4093157283557696,False,-5.518748946156578,-1.4093157283557696,False
2020-08-27,TSLA,-9.196506923247416,-2.1168806462428926,-1.2317637790187834,-0.26337679508611894,True,-9.196506923247416,-2.1168806462428926,False,-9.196506923247416,-2.1168806462428926,False
2020-08-28,CHWY,-10.00630874804673,-2.027397904527996,-10.00630874804673,-2.027397904527996,False,-10.00630874804673,-2.027397904527996,False,-10.00630874804673,-2.027397904527996,False
2020-08-31,AMD,-9.212374815807065,-1.4350092888263022,-9.212374815807065,-1.4350092888263022,False,-9.212374815807065,-1.4350092888263022,False,-9.212374815807065,-1.4350092888263022,False
2020-08-31,CRWD,7.3805462368420605,1.6422322024171718,-0.529277738534162,-0.09424094226295965,True,7.3805462368420605,1.6422322024171718,False,-0.1795005947626468,-0.01745306194185952,True
2020-09-01,PINS,-6.431557003072042,-1.1796110122459107,-6.431557003072042,-1.1796110122459107,False,-6.431557003072042,-1.1796110122459107,False,-6.431557003072042,-1.1796110122459107,False
2020-09-02,OKTA,-9.557544121124863,-2.2729159845250546,-9.557544121124863,-2.2729159845250546,False,-9.557544121124863,-2.2729159845250546,False,-9.557544121124863,-2.2729159845250546,False
2020-09-11,UBER,-7.07325053885951,-3.488369454156852,-7.07325053885951,-3.488369454156852,False,-7.07325053885951,-3.488369454156852,False,-7.07325053885951,-3.488369454156852,False
2020-09-14,GH,2.9232041429941655,0.5234891940362704,-0.7298366606935691,-0.10906067545753972,True,-2.425546766486598,-0.4026848816355581,True,2.9232041429941655,0.5234891940362704,False
2020-09-14,UBER,-2.444016790698765,-1.0229890601363647,-2.444016790698765,-1.0229890601363647,False,-2.444016790698765,-1.0229890601363647,False,-2.444016790698765,-1.0229890601363647,False
2020-09-16,AEO,-8.218121015824972,-1.5822834360673574,-4.9708827902701325,-0.9493720459508052,True,-8.218121015824972,-1.5822834360673574,False,-8.218121015824972,-1.5822834360673574,False
2020-09-18,KGC,-7.796151007158112,-1.8780497252044888,-7.796151007158112,-1.8780497252044888,False,-7.796151007158112,-1.8780497252044888,False,-7.796151007158112,-1.8780497252044888,False
2020-09-21,GH,-0.47480222366062574,-0.0666669209798177,-0.47480222366062574,-0.0666669209798177,False,-0.35298739043517025,-0.04499944051106771,True,-0.47480222366062574,-0.0666669209798177,False
2020-09-22,ROKU,-8.104659454351216,-1.3746676920290688,-8.104659454351216,-1.3746676920290688,False,-8.104659454351216,-1.3746676920290688,False,-8.104659454351216,-1.3746676920290688,False
2020-09-22,SNAP,102.63621090244104,18.971027633075657,-3.1608904629944714,-0.5652168504679227,True,-3.1608904629944714,-0.5652168504679227,True,102.63621090244104,18.971027633075657,False
2020-09-30,FIVN,8.825210120173567,4.4648374788261895,8.825210120173567,4.4648374788261895,False,8.825210120173567,4.4648374788261895,False,8.825210120173567,4.4648374788261895,False
2020-09-30,LEN,-1.7507153201887333,-0.5290100643427574,-1.7507153201887333,-0.5290100643427574,False,-1.7507153201887333,-0.5290100643427574,False,-1.6295959092319467,-0.49019453594741813,True
2020-10-01,LEN,-2.835883193244686,-1.368625909577128,-2.835883193244686,-1.368625909577128,False,-2.835883193244686,-1.368625909577128,False,-2.835883193244686,-1.368625909577128,False
2020-10-01,TTD,1.9307981345726497,0.3868324762464172,1.9307981345726497,0.3868324762464172,False,1.9307981345726497,0.3868324762464172,False,1.9307981345726497,0.3868324762464172,False
2020-10-02,SEDG,8.409932432641435,1.77317838759592,8.409932432641435,1.77317838759592,False,8.409932432641435,1.77317838759592,False,8.409932432641435,1.77317838759592,False
2020-10-05,XYZ,-2.8567491382351586,-0.5297246776134731,-2.8567491382351586,-0.5297246776134731,False,-2.8567491382351586,-0.5297246776134731,False,-2.8567491382351586,-0.5297246776134731,False
2020-10-06,ENPH,-0.039162463223967034,0.0170933111334752,-0.039162463223967034,0.0170933111334752,False,-0.039162463223967034,0.0170933111334752,False,-0.039162463223967034,0.0170933111334752,False
2020-10-06,MDB,0.8856652097509234,0.23275786470543527,0.8856652097509234,0.23275786470543527,False,0.8856652097509234,0.23275786470543527,False,0.8856652097509234,0.23275786470543527,False
2020-10-07,CLF,-5.551813117604747,-1.2352941176470589,-2.0470730186331747,-0.44117576935645153,True,-2.8259096535994526,-0.6176477600553132,True,-5.551813117604747,-1.2352941176470589,False
2020-10-08,ROKU,-2.529093338608639,-1.2062104362124324,-2.529093338608639,-1.2062104362124324,False,-2.529093338608639,-1.2062104362124324,False,-2.529093338608639,-1.2062104362124324,False
2020-10-09,ELAN,-3.8141471079868037,-1.2058840029021713,-3.8141471079868037,-1.2058840029021713,False,-3.8141471079868037,-1.2058840029021713,False,-3.8141471079868037,-1.2058840029021713,False
2020-10-13,NET,-8.433349373199817,-1.0142565574337263,-2.5096411157309277,-0.2932787518248005,True,-2.5096411157309277,-0.2932787518248005,True,-4.567877432300609,-0.5437878313484217,True
2020-10-14,NET,-7.315900207147359,-1.3373491068781755,-5.316900951106364,-0.9668672829931129,True,-5.34940576010602,-0.9728915178130293,True,-7.315900207147359,-1.3373491068781755,False
2020-10-22,CLF,-6.868082084946425,-1.5999994550438417,-6.868082084946425,-1.5999994550438417,False,-6.868082084946425,-1.5999994550438417,False,-6.868082084946425,-1.5999994550438417,False
2020-10-23,CLF,-8.054498859550714,-1.326922018853391,-8.054498859550714,-1.326922018853391,False,-8.054498859550714,-1.326922018853391,False,-8.054498859550714,-1.326922018853391,False
2020-10-28,CHWY,-6.123932560222761,-1.3151515011397843,-6.123932560222761,-1.3151515011397843,False,-6.123932560222761,-1.3151515011397843,False,-6.123932560222761,-1.3151515011397843,False
2020-11-16,ALB,31.21173066884428,6.822177151155408,-0.8985447246598133,-0.17398634500170349,True,-2.51889774855176,-0.5270276857475372,True,31.21173066884428,6.822177151155408,False
2020-11-16,RF,-3.3014704730936475,-1.6015360045490994,-3.3014704730936475,-1.6015360045490994,False,-1.0604535513897302,-0.48046700919946733,True,-3.3014704730936475,-1.6015360045490994,False
2020-11-16,UPWK,8.329872877642323,0.9058426760333117,8.329872877642323,0.9058426760333117,False,8.329872877642323,0.9058426760333117,False,8.329872877642323,0.9058426760333117,False
2020-11-17,BBWI,-5.287802112748164,-1.3834554907488446,-5.287802112748164,-1.3834554907488446,False,-5.287802112748164,-1.3834554907488446,False,-5.287802112748164,-1.3834554907488446,False
2020-11-19,BJ,-6.8530715463395575,-0.6543476782583745,-5.8210421573290665,-0.5543478441148324,True,-3.0839125479566407,-0.2891300994641178,True,-6.8530715463395575,-0.6543476782583745,False
2020-11-19,TSLA,58.808580178092065,25.150369144453443,-2.0338580893247333,-0.8256394004483726,True,58.808580178092065,25.150369144453443,False,58.808580178092065,25.150369144453443,False
2020-11-20,COHR,29.6628222883379,10.540995532838743,29.6628222883379,10.540995532838743,False,29.6628222883379,10.540995532838743,False,29.6628222883379,10.540995532838743,False
2020-11-20,STNE,11.65038809890919,4.910182447694702,11.65038809890919,4.910182447694702,False,11.65038809890919,4.910182447694702,False,11.65038809890919,4.910182447694702,False
2020-11-23,AA,17.407655131835625,6.087724994098772,17.407655131835625,6.087724994098772,False,17.407655131835625,6.087724994098772,False,17.407655131835625,6.087724994098772,False
2020-11-23,AEO,39.6668526355817,7.694921740690303,39.6668526355817,7.694921740690303,False,39.6668526355817,7.694921740690303,False,-1.6393784799497029,-0.29787111997686927,True
2020-11-23,ALB,26.179003492231782,7.007408274673501,26.179003492231782,7.007408274673501,False,26.179003492231782,7.007408274673501,False,26.179003492231782,7.007408274673501,False
2020-11-23,CPRI,17.808518722757825,6.046731837401157,-0.4044741295708223,-0.10280433806070718,True,-0.4044741295708223,-0.10280433806070718,True,-1.6500453147151606,-0.5233659187005782,True
2020-11-23,STNE,7.162088460647162,1.8992812480624452,7.162088460647162,1.8992812480624452,False,7.162088460647162,1.8992812480624452,False,7.162088460647162,1.8992812480624452,False
2020-11-23,XYZ,2.892054700460524,0.730905433100656,2.892054700460524,0.730905433100656,False,2.892054700460524,0.730905433100656,False,-2.3993593261986557,-0.56169234603585,True
2020-11-24,AA,-4.516625245032599,-1.1572343080867395,-1.7322360962763448,-0.42767486592460924,True,-4.516625245032599,-1.1572343080867395,False,-4.516625245032599,-1.1572343080867395,False
2020-11-24,ALB,-4.1340975559985385,-1.8653096945486645,-4.1340975559985385,-1.8653096945486645,False,-1.0393265392491071,-0.4343313159105099,True,-1.5636030644519623,-0.6767493713764755,True
2020-11-24,CPRI,-3.505863809884585,-1.209525124341056,-3.505863809884585,-1.209525124341056,False,-3.505863809884585,-1.209525124341056,False,-3.505863809884585,-1.209525124341056,False
2020-11-24,EQH,-4.396480086266056,-1.0506870919078943,-2.0598037588187292,-0.47926220318013063,True,-4.396480086266056,-1.0506870919078943,False,-4.396480086266056,-1.0506870919078943,False
2020-11-24,GAP,-19.703143182956943,-4.582602387086235,-19.703143182956943,-4.582602387086235,False,-19.703143182956943,-4.582602387086235,False,-19.703143182956943,-4.582602387086235,False
2020-11-24,HBAN,-6.6705597144242885,-1.6037684700029535,-3.7331353872531143,-0.8867902027489694,True,-6.6705597144242885,-1.6037684700029535,False,-6.6705597144242885,-1.6037684700029535,False
2020-11-24,HOG,-5.625328158547163,-1.055431577722428,-1.4027132998010128,-0.24884037904646517,True,-2.8502453892207344,-0.525343608013378,True,-4.273616724564471,-0.7972317223551213,True
2020-11-24,HWM,-2.8323770102558368,-1.366871941098471,-2.8323770102558368,-1.366871941098471,False,-2.8323770102558368,-1.366871941098471,False,-2.8323770102558368,-1.366871941098471,False
2020-11-24,LYB,-5.312377834756329,-1.2500825714780954,-2.2398079397104182,-0.5131893152307356,True,-5.312377834756329,-1.2500825714780954,False,-5.312377834756329,-1.2500825714780954,False
2020-11-24,MHK,-3.2943070890686066,-1.3426755588935737,-3.2943070890686066,-1.3426755588935737,False,-3.2943070890686066,-1.3426755588935737,False,-3.2943070890686066,-1.3426755588935737,False
2020-11-24,TSLA,42.7591179192746,8.16141106633179,42.7591179192746,8.16141106633179,False,42.7591179192746,8.16141106633179,False,42.7591179192746,8.16141106633179,False
2020-11-24,URI,-4.691874466844481,-1.2267103498020488,-2.200577919919999,-0.561165313541835,True,-4.691874466844481,-1.2267103498020488,False,-4.691874466844481,-1.2267103498020488,False
2020-11-24,WAB,-2.880401381036022,-1.0600019344833473,-2.880401381036022,-1.0600019344833473,False,-2.880401381036022,-1.0600019344833473,False,-2.880401381036022,-1.0600019344833473,False
2020-11-25,XYZ,-4.756696531621015,-1.1880250354059116,-0.2877671909516362,-0.047903513180136144,True,-4.756696531621015,-1.1880250354059116,False,-4.756696531621015,-1.1880250354059116,False
2020-11-30,CHWY,-8.281004543806862,-1.275099235682256,-8.281004543806862,-1.275099235682256,False,-8.281004543806862,-1.275099235682256,False,-8.281004543806862,-1.275099235682256,False
2020-11-30,CRSP,33.45554382639989,5.63624528713175,33.45554382639989,5.63624528713175,False,33.45554382639989,5.63624528713175,False,33.45554382639989,5.63624528713175,False
2020-11-30,MDB,-6.848910258711638,-1.2671454598367877,-6.848910258711638,-1.2671454598367877,False,-6.848910258711638,-1.2671454598367877,False,-6.848910258711638,-1.2671454598367877,False
2020-11-30,MELI,1.1000476350305686,0.24070765507723138,1.1000476350305686,0.24070765507723138,False,1.1000476350305686,0.24070765507723138,False,1.1000476350305686,0.24070765507723138,False
2020-11-30,NET,3.121614425774274,0.4859430798527436,3.121614425774274,0.4859430798527436,False,-1.3646903998278135,-0.19076384282232256,True,3.121614425774274,0.4859430798527436,False
2020-11-30,OKTA,-6.149041783016693,-1.7416309612769,-6.149041783016693,-1.7416309612769,False,-6.149041783016693,-1.7416309612769,False,-6.149041783016693,-1.7416309612769,False
2020-11-30,SPOT,7.889279586351022,1.2087399861254977,7.889279586351022,1.2087399861254977,False,7.889279586351022,1.2087399861254977,False,7.889279586351022,1.2087399861254977,False
2020-12-01,PSKY,-4.0987848231558734,-1.4693768308791322,-4.0987848231558734,-1.4693768308791322,False,-4.0987848231558734,-1.4693768308791322,False,-4.0987848231558734,-1.4693768308791322,False
2020-12-02,RNG,14.207199073875595,2.027539443292336,14.207199073875595,2.027539443292336,False,14.207199073875595,2.027539443292336,False,14.207199073875595,2.027539443292336,False
2020-12-02,TRIP,-4.640010851627128,-0.8024694265123677,-4.640010851627128,-0.8024694265123677,False,-4.640010851627128,-0.8024694265123677,False,-4.640010851627128,-0.8024694265123677,False
2020-12-02,UBER,-4.994892573770973,-0.5701749322598645,-4.994892573770973,-0.5701749322598645,False,-4.994892573770973,-0.5701749322598645,False,-4.994892573770973,-0.5701749322598645,False
2020-12-03,BAP,-2.4869857501318977,-1.194089920025969,-2.4869857501318977,-1.194089920025969,False,-0.6101777118774838,-0.25521646417083294,True,-1.217566953507027,-0.5590630082576517,True
2020-12-03,CRSP,20.58592886271621,2.8753699614681643,20.58592886271621,2.8753699614681643,False,20.58592886271621,2.8753699614681643,False,20.58592886271621,2.8753699614681643,False
2020-12-03,DECK,2.537400719254201,0.7216803161433374,2.537400719254201,0.7216803161433374,False,2.537400719254201,0.7216803161433374,False,2.537400719254201,0.7216803161433374,False
2020-12-03,RNG,11.486385869552862,3.502686646178253,-1.407138530771588,-0.3951617638137093,True,11.486385869552862,3.502686646178253,False,11.486385869552862,3.502686646178253,False
2020-12-03,ULTA,-3.5486910791130692,-1.4090261487140858,-3.5486910791130692,-1.4090261487140858,False,-3.5486910791130692,-1.4090261487140858,False,-3.5486910791130692,-1.4090261487140858,False
2020-12-04,AA,-8.39759123252232,-1.4071456428280307,-3.8486658644025096,-0.6357168833332253,True,-4.396234533774671,-0.7285762259622249,True,-3.8486658644025096,-0.6357168833332253,True
2020-12-04,BILL,8.625727918741976,2.3006251642549396,8.625727918741976,2.3006251642549396,False,8.625727918741976,2.3006251642549396,False,8.625727918741976,2.3006251642549396,False
2020-12-04,BKR,-4.2741373551600805,-0.8666653103512966,-4.2741373551600805,-0.8666653103512966,False,-4.2741373551600805,-0.8666653103512966,False,-4.2741373551600805,-0.8666653103512966,False
2020-12-04,CRWD,23.52802812302749,4.088936507961555,23.52802812302749,4.088936507961555,False,-0.7513520121376881,-0.11271939444529479,True,23.52802812302749,4.088936507961555,False
2020-12-04,DECK,-0.5051739968279115,-0.09940514041136514,-0.5051739968279115,-0.09940514041136514,False,-0.5051739968279115,-0.09940514041136514,False,-0.5051739968279115,-0.09940514041136514,False
2020-12-04,DRI,-2.4503347902251633,-1.1757552727489622,-2.4503347902251633,-1.1757552727489622,False,-2.4503347902251633,-1.1757552727489622,False,-2.4503347902251633,-1.1757552727489622,False
2020-12-04,MGM,-3.4089675213787674,-0.8405157694360376,-1.8470873059208321,-0.4437802491926897,True,-2.628027413649794,-0.6421480093143637,True,-1.8470873059208321,-0.4437802491926897,True
2020-12-04,XPO,-2.9257123120021,-1.2107162271821255,-2.9257123120021,-1.2107162271821255,False,-2.9257123120021,-1.2107162271821255,False,-2.9257123120021,-1.2107162271821255,False
2020-12-04,ZION,-2.6203286378271233,-1.088238413325989,-2.6203286378271233,-1.088238413325989,False,-2.6203286378271233,-1.088238413325989,False,-2.6203286378271233,-1.088238413325989,False
2020-12-07,BILL,5.530991867146005,2.8169043857658873,5.530991867146005,2.8169043857658873,False,5.530991867146005,2.8169043857658873,False,5.530991867146005,2.8169043857658873,False
2020-12-07,CRWD,21.023454529220075,7.80953245964013,21.023454529220075,7.80953245964013,False,21.023454529220075,7.80953245964013,False,21.023454529220075,7.80953245964013,False
2020-12-07,CVNA,-2.953178331052286,-0.4213229433199833,-0.3393745107851157,-0.0353479389430851,True,-2.953178331052286,-0.4213229433199833,False,-3.153943337129159,-0.4509694965533965,True
2020-12-07,IOVA,-0.31494295673983846,-0.025188524779189633,-0.31494295673983846,-0.025188524779189633,False,-0.31494295673983846,-0.025188524779189633,False,-0.31494295673983846,-0.025188524779189633,False
2020-12-07,SPOT,-6.959142169617759,-1.0204348356827446,-0.32795578359859817,-0.03391299040421196,True,-6.959142169617759,-1.0204348356827446,False,-6.430167736923485,-0.9417392896569293,True
2020-12-07,TSLA,23.537208780708493,3.920692546293723,-5.047971872813077,-0.8207177345254975,True,-2.3878735922871734,-0.37948850151306773,True,-0.40058159511266594,-0.049857325813916914,True
2020-12-08,BILL,4.222862226911066,2.1625123696403405,4.222862226911066,2.1625123696403405,False,4.222862226911066,2.1625123696403405,False,4.222862226911066,2.1625123696403405,False
2020-12-08,CHWY,13.462384912055695,2.4689658922097717,13.462384912055695,2.4689658922097717,False,13.462384912055695,2.4689658922097717,False,13.462384912055695,2.4689658922097717,False
2020-12-08,CRWD,-6.469361523519791,-1.6931152633742976,-6.469361523519791,-1.6931152633742976,False,-6.469361523519791,-1.6931152633742976,False,-6.469361523519791,-1.6931152633742976,False
2020-12-08,FND,5.312866320324109,0.9387356307974379,5.312866320324109,0.9387356307974379,False,5.312866320324109,0.9387356307974379,False,5.312866320324109,0.9387356307974379,False
2020-12-08,TSLA,-7.082411310400293,-1.4467823768136239,-7.082411310400293,-1.4467823768136239,False,-7.082411310400293,-1.4467823768136239,False,-7.082411310400293,-1.4467823768136239,False
2020-12-08,YETI,2.387575570518992,0.41439173071826135,2.387575570518992,0.41439173071826135,False,2.387575570518992,0.41439173071826135,False,2.387575570518992,0.41439173071826135,False
2020-12-09,YETI,-1.320311788203094,-0.2891174821980942,-2.0524857173509807,-0.46258485748095246,True,-1.320311788203094,-0.2891174821980942,False,-1.320311788203094,-0.2891174821980942,False
2020-12-10,FND,2.2002455115261013,0.7536253517544879,-0.7524688621844072,-0.2137672145467412,True,2.2002455115261013,0.7536253517544879,False,2.2002455115261013,0.7536253517544879,False
2020-12-10,IOVA,-6.321620949534265,-0.8126641879528065,-6.321620949534265,-0.8126641879528065,False,-3.4532131423568933,-0.43799457689079097,True,-6.584224160494813,-0.8469652530482342,True
2020-12-10,TWLO,1.0921901057765175,0.15010120097951987,1.0921901057765175,0.15010120097951987,False,1.0921901057765175,0.15010120097951987,False,1.0921901057765175,0.15010120097951987,False
2020-12-11,BILL,-4.406562779659359,-1.0147777326778815,-4.406562779659359,-1.0147777326778815,False,-0.622641733444468,-0.12315278341526481,True,-4.406562779659359,-1.0147777326778815,False
2020-12-11,MDB,-1.4816653532140247,-0.1737528402232015,-1.4816653532140247,-0.1737528402232015,False,-0.9848543413947402,-0.11127582713391863,True,-1.4816653532140247,-0.1737528402232015,False
2020-12-11,SRPT,-1.2654132605295845,-0.29018033523916786,-1.2654132605295845,-0.29018033523916786,False,-1.2654132605295845,-0.29018033523916786,False,-1.2654132605295845,-0.29018033523916786,False
2020-12-11,Z,10.015919132400267,2.327273282137784,10.015919132400267,2.327273282137784,False,10.015919132400267,2.327273282137784,False,10.015919132400267,2.327273282137784,False
2020-12-14,Z,3.6992518223375326,0.8793109344951053,3.6992518223375326,0.8793109344951053,False,3.6992518223375326,0.8793109344951053,False,3.6992518223375326,0.8793109344951053,False
2020-12-14,ZG,5.730718587567076,1.049673880522589,5.730718587567076,1.049673880522589,False,5.730718587567076,1.049673880522589,False,5.730718587567076,1.049673880522589,False
2020-12-15,FND,-2.536258986597074,-0.36666654556507816,-2.536258986597074,-0.36666654556507816,False,-2.536258986597074,-0.36666654556507816,False,-2.536258986597074,-0.36666654556507816,False
2020-12-16,CHWY,-4.592018945896865,-1.1882014585838063,-4.592018945896865,-1.1882014585838063,False,-4.592018945896865,-1.1882014585838063,False,-4.592018945896865,-1.1882014585838063,False
2020-12-16,ETSY,-5.7240346142046725,-0.9327267733487216,-5.7240346142046725,-0.9327267733487216,False,-5.7240346142046725,-0.9327267733487216,False,-5.7240346142046725,-0.9327267733487216,False
2020-12-16,PENN,-8.931380219585172,-1.1073449067339087,-8.931380219585172,-1.1073449067339087,False,-8.931380219585172,-1.1073449067339087,False,-8.931380219585172,-1.1073449067339087,False
2020-12-17,AG,-3.8047786270180453,-1.4687499662519239,-0.9670781211755152,-0.34375089294859856,True,-3.8047786270180453,-1.4687499662519239,False,-3.8047786270180453,-1.4687499662519239,False
2020-12-17,CHWY,-7.65261995600721,-1.8373773418244241,-0.14988825122746888,-0.012136654957158757,True,-7.65261995600721,-1.8373773418244241,False,-7.65261995600721,-1.8373773418244241,False
2020-12-17,CVNA,-7.633270643302921,-1.8141599642160875,-2.2129871272372283,-0.5088489226848062,True,-7.633270643302921,-1.8141599642160875,False,-7.633270643302921,-1.8141599642160875,False
2020-12-17,ETSY,-5.403041285041459,-2.092243615785955,-5.403041285041459,-2.092243615785955,False,-5.403041285041459,-2.092243615785955,False,-5.403041285041459,-2.092243615785955,False
2020-12-17,FOUR,3.261644415297914,0.817203595385175,3.261644415297914,0.817203595385175,False,3.261644415297914,0.817203595385175,False,3.261644415297914,0.817203595385175,False
2020-12-17,OKTA,-3.643201272298629,-1.0266809103818444,-3.643201272298629,-1.0266809103818444,False,-3.643201272298629,-1.0266809103818444,False,-3.643201272298629,-1.0266809103818444,False
2020-12-17,PENN,-5.744978280729209,-1.1239130182392347,-5.744978280729209,-1.1239130182392347,False,-5.744978280729209,-1.1239130182392347,False,-5.744978280729209,-1.1239130182392347,False
2020-12-17,SHOP,-2.8901285753411656,-1.1140035142310878,-0.8657180753804825,-0.30572520364220895,True,-2.8901285753411656,-1.1140035142310878,False,-2.8901285753411656,-1.1140035142310878,False
2020-12-17,TSLA,20.872895511933912,3.7810455625841013,20.872895511933912,3.7810455625841013,False,-2.4711240209447576,-0.4274721128815222,True,20.872895511933912,3.7810455625841013,False
2020-12-18,BILL,-4.878809928846913,-2.3443681506070666,-4.878809928846913,-2.3443681506070666,False,-4.878809928846913,-2.3443681506070666,False,-4.878809928846913,-2.3443681506070666,False
2020-12-18,BL,-5.194319295967172,-2.548433864916037,-5.194319295967172,-2.548433864916037,False,-5.194319295967172,-2.548433864916037,False,-5.194319295967172,-2.548433864916037,False
2020-12-18,ESTC,-4.9298847427316534,-1.2949395639657968,-4.9298847427316534,-1.2949395639657968,False,-4.9298847427316534,-1.2949395639657968,False,-0.913660029416505,-0.21815024991944526,True
2020-12-18,FND,-5.821049924178246,-2.2666664672056105,-5.821049924178246,-2.2666664672056105,False,-1.762864180235623,-0.6588228606305762,True,-5.821049924178246,-2.2666664672056105,False
2020-12-18,FOUR,-1.0186602289336169,-0.24029615004935834,-1.0186602289336169,-0.24029615004935834,False,-1.0186602289336169,-0.24029615004935834,False,-1.0186602289336169,-0.24029615004935834,False
2020-12-18,TSLA,14.069891635814841,1.4825459537235828,14.069891635814841,1.4825459537235828,False,-7.149715639847877,-0.7375869671678924,True,-4.602787392095385,-0.4711108172313635,True
2020-12-18,UPWK,-6.090536936914699,-1.153109890651437,-6.090536936914699,-1.153109890651437,False,-4.52454319924179,-0.8516739949003524,True,-6.090536936914699,-1.153109890651437,False
2020-12-18,ZS,-5.947598746672941,-2.1380607106153904,-5.947598746672941,-2.1380607106153904,False,-5.947598746672941,-2.1380607106153904,False,-5.947598746672941,-2.1380607106153904,False
2020-12-21,AG,-7.103358516213183,-1.6428576648461244,-7.103358516213183,-1.6428576648461244,False,-7.103358516213183,-1.6428576648461244,False,-7.103358516213183,-1.6428576648461244,False
2020-12-21,CHWY,-13.93622434679029,-2.0302917056169623,-13.93622434679029,-2.0302917056169623,False,-3.3358878024014333,-0.4748257906823259,True,-13.93622434679029,-2.0302917056169623,False
2020-12-21,CRWD,-4.920749443794838,-1.1480224761333326,-4.920749443794838,-1.1480224761333326,False,-4.920749443794838,-1.1480224761333326,False,-2.339563900681172,-0.5333340229968293,True
2020-12-21,NTRA,-6.497710535094993,-0.9963151787200165,-6.497710535094993,-0.9963151787200165,False,-6.497710535094993,-0.9963151787200165,False,-5.9866501128335425,-0.9167277617606182,True
2020-12-21,OKTA,-4.739476353418658,-2.059575409111013,-4.739476353418658,-2.059575409111013,False,-4.739476353418658,-2.059575409111013,False,-4.739476353418658,-2.059575409111013,False
2020-12-21,P,0.20699733289233185,0.08860710595188659,0.20699733289233185,0.08860710595188659,False,0.20699733289233185,0.08860710595188659,False,0.20699733289233185,0.08860710595188659,False
2020-12-21,ROKU,-3.937062525345096,-1.0906906627413426,-3.937062525345096,-1.0906906627413426,False,-3.937062525345096,-1.0906906627413426,False,-3.937062525345096,-1.0906906627413426,False
2020-12-21,ZS,-3.1743059513406418,-1.1370382091812803,-3.1743059513406418,-1.1370382091812803,False,-3.1743059513406418,-1.1370382091812803,False,-0.9912477824993308,-0.32962977614766004,True
2020-12-22,CRWD,-8.530643279083321,-1.4209748486978586,-8.530643279083321,-1.4209748486978586,False,-5.588579895198094,-0.9250935815888582,True,-8.530643279083321,-1.4209748486978586,False
2020-12-22,MDB,-5.0924517120977715,-1.416398422220037,-5.0924517120977715,-1.416398422220037,False,-5.0924517120977715,-1.416398422220037,False,-5.0924517120977715,-1.416398422220037,False
2020-12-22,NTRA,-10.81149419485454,-1.8297555901140783,-10.81149419485454,-1.8297555901140783,False,-4.643179638590666,-0.7760736447578894,True,-10.81149419485454,-1.8297555901140783,False
2020-12-22,OKTA,-4.677547899827527,-1.2339631658802157,-4.677547899827527,-1.2339631658802157,False,-4.677547899827527,-1.2339631658802157,False,-4.677547899827527,-1.2339631658802157,False
2020-12-22,P,-3.721370451997736,-1.2878767736901424,-3.721370451997736,-1.2878767736901424,False,-3.721370451997736,-1.2878767736901424,False,-2.3580298404949107,-0.8030286391353351,True
2020-12-22,RPRX,0.6032951924384448,0.10897511293459088,0.6032951924384448,0.10897511293459088,False,0.6032951924384448,0.10897511293459088,False,0.6032951924384448,0.10897511293459088,False
2020-12-22,SHOP,-6.29228752377016,-1.0286686372924396,-6.29228752377016,-1.0286686372924396,False,-6.29228752377016,-1.0286686372924396,False,-6.29228752377016,-1.0286686372924396,False
2020-12-22,ZS,-3.6817287474613387,-1.0945345621496623,-3.6817287474613387,-1.0945345621496623,False,-3.6817287474613387,-1.0945345621496623,False,-3.6817287474613387,-1.0945345621496623,False
2020-12-23,P,-5.5931193464257305,-2.3333266409008013,-5.5931193464257305,-2.3333266409008013,False,-5.5931193464257305,-2.3333266409008013,False,-5.5931193464257305,-2.3333266409008013,False
2020-12-30,AG,-8.154588151116341,-1.5492974555307346,-4.639848984051512,-0.873238500532144,True,-8.154588151116341,-1.5492974555307346,False,-8.154588151116341,-1.5492974555307346,False
2020-12-31,TSLA,12.344360464558124,6.038502559391409,12.344360464558124,6.038502559391409,False,12.344360464558124,6.038502559391409,False,12.344360464558124,6.038502559391409,False
2021-01-06,HQY,2.506135839610779,0.4128626534782602,-1.475102272573897,-0.2178429705888405,True,-3.1514109531594774,-0.4834029001198227,True,-0.9905402355095614,-0.14107891042108878,True
2021-01-06,LAD,14.24197817083033,2.886891257814315,14.24197817083033,2.886891257814315,False,14.24197817083033,2.886891257814315,False,14.24197817083033,2.886891257814315,False
2021-01-07,TSLA,-2.857061421356065,-0.5511744477472752,-2.857061421356065,-0.5511744477472752,False,-2.857061421356065,-0.5511744477472752,False,-2.857061421356065,-0.5511744477472752,False
2021-01-08,IONS,-3.1292877784075857,-0.6357396514860933,-3.1292877784075857,-0.6357396514860933,False,-2.376055650582724,-0.4776630455443416,True,-3.1292877784075857,-0.6357396514860933,False
2021-01-08,RPRX,-3.667559238942174,-1.0701775551071324,-3.667559238942174,-1.0701775551071324,False,-3.667559238942174,-1.0701775551071324,False,-3.667559238942174,-1.0701775551071324,False
2021-01-08,TSLA,-7.917501015640068,-1.6533732414654583,-7.917501015640068,-1.6533732414654583,False,-7.917501015640068,-1.6533732414654583,False,-7.917501015640068,-1.6533732414654583,False
2021-01-11,PENN,-2.768520002307503,-0.2581889223808127,-1.364556365288851,-0.12235038334410121,True,-2.768520002307503,-0.2581889223808127,False,-2.768520002307503,-0.2581889223808127,False
2021-01-12,HAL,-7.281218402342097,-1.0890408003448504,-6.377891820041339,-0.9520501883004178,True,-6.377891820041339,-0.9520501883004178,True,-7.281218402342097,-1.0890408003448504,False
2021-01-20,PODD,-2.988847149884059,-1.0762397046734191,-1.0379372511497396,-0.3494284251834158,True,-1.5120164856369989,-0.5260465945929177,True,-2.988847149884059,-1.0762397046734191,False
2021-01-20,TDOC,8.819913180002946,1.7559800054026298,8.819913180002946,1.7559800054026298,False,8.819913180002946,1.7559800054026298,False,8.819913180002946,1.7559800054026298,False
2021-01-21,HQY,-4.803529411764687,-1.1428571428571428,-4.803529411764687,-1.1428571428571428,False,-4.803529411764687,-1.1428571428571428,False,-2.1577941176470423,-0.5,True
2021-01-22,LAD,-5.425244620312183,-1.531455300515522,-5.425244620312183,-1.531455300515522,False,-5.425244620312183,-1.531455300515522,False,-5.425244620312183,-1.531455300515522,False
2021-01-22,TDOC,2.0890227227156752,0.28416421073233894,2.0890227227156752,0.28416421073233894,False,2.0890227227156752,0.28416421073233894,False,2.0890227227156752,0.28416421073233894,False
2021-01-25,ALNY,-11.648666838341423,-2.692305045917975,-11.648666838341423,-2.692305045917975,False,-11.648666838341423,-2.692305045917975,False,-11.648666838341423,-2.692305045917975,False
2021-01-25,QLYS,-5.248844726086622,-1.8346900166440956,-5.248844726086622,-1.8346900166440956,False,-5.248844726086622,-1.8346900166440956,False,-5.248844726086622,-1.8346900166440956,False
2021-01-25,UPWK,-6.14864740359782,-1.160869154181822,-6.14864740359782,-1.160869154181822,False,-3.5434281376123393,-0.6608699834641112,True,-6.14864740359782,-1.160869154181822,False
2021-01-26,HQY,-8.622274423807186,-1.3097043273130895,-8.622274423807186,-1.3097043273130895,False,-8.622274423807186,-1.3097043273130895,False,-8.622274423807186,-1.3097043273130895,False
2021-01-26,THO,-2.8359724900929426,-0.6427168739137497,-2.8359724900929426,-0.6427168739137497,False,-2.8359724900929426,-0.6427168739137497,False,-2.654133120074499,-0.6000003510408443,True
2021-01-27,BAND,-4.489774039600931,-0.6327508390513352,-1.809587291190364,-0.2464233427902232,True,-1.407010206903735,-0.18839507400754207,True,-4.489774039600931,-0.6327508390513352,False
2021-02-03,PINS,2.452522991537661,0.47931896062044976,2.452522991537661,0.47931896062044976,False,2.452522991537661,0.47931896062044976,False,2.452522991537661,0.47931896062044976,False
2021-02-04,BL,-6.689186234220753,-1.5993207377068293,-6.689186234220753,-1.5993207377068293,False,-6.689186234220753,-1.5993207377068293,False,-6.689186234220753,-1.5993207377068293,False
2021-02-04,LAD,-0.17253649889246173,-0.013156749403648698,-0.17253649889246173,-0.013156749403648698,False,-0.17253649889246173,-0.013156749403648698,False,-0.17253649889246173,-0.013156749403648698,False
2021-02-04,SHOP,3.020889267069974,1.4344036046954438,3.020889267069974,1.4344036046954438,False,3.020889267069974,1.4344036046954438,False,3.020889267069974,1.4344036046954438,False
2021-02-05,ARWR,-6.143181326764072,-0.45889279034907043,-2.607869171781866,-0.19043662929201513,True,-3.403308085016081,-0.25083878549237126,True,-2.607869171781866,-0.19043662929201513,True
2021-02-05,BL,-10.222196381064295,-2.154728150734193,-10.222196381064295,-2.154728150734193,False,-0.4432358281846324,-0.07306516031575656,True,-10.222196381064295,-2.154728150734193,False
2021-02-05,DBX,-5.6728974245725645,-1.1169358746194915,-1.4278378491066022,-0.26612901985334947,True,-3.8420905769453118,-0.7500003845461664,True,-1.4278378491066022,-0.26612901985334947,True
2021-02-05,DT,-9.056928397594616,-1.4364158153421431,-3.578246189807939,-0.5578037040058742,True,-1.8661549921291567,-0.283236936863436,True,-3.578246189807939,-0.5578037040058742,True
2021-02-05,ETSY,-7.884268077228797,-1.6666685504699148,-7.884268077228797,-1.6666685504699148,False,-2.4655531047067694,-0.5064821669765524,True,-7.884268077228797,-1.6666685504699148,False
2021-02-08,MPC,7.948764239593201,2.995884745906456,7.948764239593201,2.995884745906456,False,7.948764239593201,2.995884745906456,False,7.948764239593201,2.995884745906456,False
2021-02-08,NET,-5.781345836789215,-1.083455809017721,-5.781345836789215,-1.083455809017721,False,-5.781345836789215,-1.083455809017721,False,-5.781345836789215,-1.083455809017721,False
2021-02-09,SHOP,-9.359211001142231,-1.7240258646485425,-9.359211001142231,-1.7240258646485425,False,-9.359211001142231,-1.7240258646485425,False,-0.6572938374611309,-0.10376575173345857,True
2021-02-10,SHOP,-5.420708774810311,-1.4344943542219624,-0.5736408814333926,-0.12769636510864185,True,-5.420708774810311,-1.4344943542219624,False,-5.420708774810311,-1.4344943542219624,False
2021-02-10,TWLO,-5.094038658933744,-1.0009255457686614,-5.094038658933744,-1.0009255457686614,False,-2.877280954847349,-0.5566339480593873,True,-5.094038658933744,-1.0009255457686614,False
2021-02-16,CCJ,-5.764248507350218,-1.8113254443804319,-5.764248507350218,-1.8113254443804319,False,-5.764248507350218,-1.8113254443804319,False,-5.764248507350218,-1.8113254443804319,False
2021-02-16,MPC,2.599770089167673,1.3505603247461981,2.599770089167673,1.3505603247461981,False,2.599770089167673,1.3505603247461981,False,2.599770089167673,1.3505603247461981,False
2021-02-16,PINS,-3.295259030990732,-1.0714265227217972,-3.295259030990732,-1.0714265227217972,False,-3.295259030990732,-1.0714265227217972,False,-3.295259030990732,-1.0714265227217972,False
2021-02-17,EQT,-9.48501332956065,-0.9045262678389914,-4.218985073819857,-0.3969872034567709,True,-7.816567464759114,-0.7437216894984539,True,-3.0197909435067714,-0.2814090414428766,True
2021-02-17,EXPE,9.230597315992316,1.5907137366926296,9.230597315992316,1.5907137366926296,False,9.230597315992316,1.5907137366926296,False,9.230597315992316,1.5907137366926296,False
2021-02-17,FCX,-4.343854238557598,-0.9797283776921156,-4.343854238557598,-0.9797283776921156,False,-4.343854238557598,-0.9797283776921156,False,-4.343854238557598,-0.9797283776921156,False
2021-02-18,TRIP,28.371712158057893,6.049732338560108,28.371712158057893,6.049732338560108,False,28.371712158057893,6.049732338560108,False,28.371712158057893,6.049732338560108,False
2021-02-19,FIVN,-12.531436598117601,-2.857657180090338,-12.531436598117601,-2.857657180090338,False,-12.531436598117601,-2.857657180090338,False,-12.531436598117601,-2.857657180090338,False
2021-02-19,SNAP,-3.3187758017530897,-1.1787710687776114,-3.3187758017530897,-1.1787710687776114,False,-3.3187758017530897,-1.1787710687776114,False,-3.3187758017530897,-1.1787710687776114,False
2021-02-19,TRIP,23.610587811238997,5.603555571606892,23.610587811238997,5.603555571606892,False,23.610587811238997,5.603555571606892,False,23.610587811238997,5.603555571606892,False
2021-02-19,VLO,2.932174083238852,0.6477612157236462,2.932174083238852,0.6477612157236462,False,2.932174083238852,0.6477612157236462,False,2.932174083238852,0.6477612157236462,False
2021-02-22,DINO,-4.237644811911042,-1.2966513748747768,-4.237644811911042,-1.2966513748747768,False,-4.237644811911042,-1.2966513748747768,False,-4.237644811911042,-1.2966513748747768,False
2021-02-22,FOXA,-4.8540339227456455,-1.6666695581364903,-4.8540339227456455,-1.6666695581364903,False,-4.8540339227456455,-1.6666695581364903,False,-4.8540339227456455,-1.6666695581364903,False
2021-02-22,GAP,12.773299080572261,3.5730370576778743,12.773299080572261,3.5730370576778743,False,12.773299080572261,3.5730370576778743,False,12.773299080572261,3.5730370576778743,False
2021-02-22,PSKY,-5.600736264926083,-1.328470720231999,-5.600736264926083,-1.328470720231999,False,-5.600736264926083,-1.328470720231999,False,-5.600736264926083,-1.328470720231999,False
2021-02-22,VLO,-0.840362251155363,-0.20912340032002694,-0.840362251155363,-0.20912340032002694,False,-0.840362251155363,-0.20912340032002694,False,-0.840362251155363,-0.20912340032002694,False
2021-02-23,BFH,20.321909887234007,3.0342049329617886,20.321909887234007,3.0342049329617886,False,20.321909887234007,3.0342049329617886,False,20.321909887234007,3.0342049329617886,False
2021-02-23,DINO,-7.011587618578274,-1.1633372367243844,-2.152913158098396,-0.3455400484481718,True,-2.152913158098396,-0.3455400484481718,True,-4.478881805697464,-0.7370399596888338,True
2021-02-23,VLO,-2.8818885968636376,-0.6963714619695713,-2.8818885968636376,-0.6963714619695713,False,-2.8818885968636376,-0.6963714619695713,False,-2.8818885968636376,-0.6963714619695713,False
2021-02-23,WYNN,-8.397451104636023,-1.0490769192924034,-3.578642747629389,-0.4398174536952564,True,-3.578642747629389,-0.4398174536952564,True,-2.6485820816581267,-0.3222265012560157,True
2021-02-24,CVE,2.828792478739495,0.6371219103058214,-2.726805935039804,-0.5714285417912338,True,-2.4641485924071063,-0.514290745546272,True,-1.6760990616047373,-0.34286049703084803,True
2021-02-24,EOG,-10.886365701344873,-1.5745966925368324,-10.886365701344873,-1.5745966925368324,False,-10.886365701344873,-1.5745966925368324,False,-10.886365701344873,-1.5745966925368324,False
2021-02-24,SGI,6.8930080350646765,2.542563860698297,-2.294442609464911,-0.7978698787738984,True,6.8930080350646765,2.542563860698297,False,6.8930080350646765,2.542563860698297,False
2021-02-24,SLB,-4.687979243707411,-0.8231708480740694,-5.197757148688882,-0.9146347122466381,True,-2.444982743139921,-0.4207345610896259,True,-3.634462087971594,-0.6341498075501697,True
2021-02-24,TECK,-7.7140265614262145,-1.6306276865130445,-7.7140265614262145,-1.6306276865130445,False,-7.7140265614262145,-1.6306276865130445,False,-7.7140265614262145,-1.6306276865130445,False
2021-02-24,TRGP,-5.0744752560486415,-1.132869562079592,-5.0744752560486415,-1.132869562079592,False,-5.0744752560486415,-1.132869562079592,False,-5.0744752560486415,-1.132869562079592,False
2021-02-24,TRIP,-12.240819795815169,-1.479115702494831,-12.240819795815169,-1.479115702494831,False,-12.240819795815169,-1.479115702494831,False,-12.240819795815169,-1.479115702494831,False
2021-02-24,VLO,-5.803407686126329,-2.3350812103927616,-1.6089977824092039,-0.6178117648505874,True,-0.5603894566990357,-0.18849200845591504,True,-0.9056435256474293,-0.329845447238514,True
2021-02-26,BFH,13.685897971467364,2.082948915435046,13.685897971467364,2.082948915435046,False,13.685897971467364,2.082948915435046,False,13.685897971467364,2.082948915435046,False
2021-03-01,BFH,10.14587469748281,3.7127259156585066,10.14587469748281,3.7127259156585066,False,-2.418123994920771,-0.8400023702970565,True,10.14587469748281,3.7127259156585066,False
2021-03-01,FIVN,-11.667093971663341,-1.9514073083512307,-11.667093971663341,-1.9514073083512307,False,-11.667093971663341,-1.9514073083512307,False,-11.667093971663341,-1.9514073083512307,False
2021-03-01,WDC,-3.79569075269569,-1.2136331451549713,-3.79569075269569,-1.2136331451549713,False,-3.79569075269569,-1.2136331451549713,False,-3.79569075269569,-1.2136331451549713,False
2021-03-02,CCJ,-8.607616699478013,-1.1221373834340698,-8.607616699478013,-1.1221373834340698,False,-8.607616699478013,-1.1221373834340698,False,-8.607616699478013,-1.1221373834340698,False
2021-03-02,F,-5.037768775755328,-1.0163924105148066,-5.037768775755328,-1.0163924105148066,False,-5.037768775755328,-1.0163924105148066,False,-5.037768775755328,-1.0163924105148066,False
2021-03-02,GT,-4.959453309634429,-1.060242348199164,-4.959453309634429,-1.060242348199164,False,-4.959453309634429,-1.060242348199164,False,-0.3761112860977377,-0.060242348199163985,True
2021-03-03,CAR,34.47597581751961,12.68072752721611,34.47597581751961,12.68072752721611,False,34.47597581751961,12.68072752721611,False,34.47597581751961,12.68072752721611,False
2021-03-03,FOX,2.8086712573351567,0.7936510090486121,2.8086712573351567,0.7936510090486121,False,2.8086712573351567,0.7936510090486121,False,2.8086712573351567,0.7936510090486121,False
2021-03-03,FOXA,2.4646321055209515,0.5544903820252377,2.4646321055209515,0.5544903820252377,False,2.4646321055209515,0.5544903820252377,False,2.4646321055209515,0.5544903820252377,False
2021-03-03,GT,-4.036304638582299,-1.1746038473881477,-2.9192424720130132,-0.8412695048773546,True,-1.3766453748777179,-0.3809543993073006,True,-4.036304638582299,-1.1746038473881477,False
2021-03-03,NCLH,-13.012346961616178,-3.1470579160542584,-13.012346961616178,-3.1470579160542584,False,-13.012346961616178,-3.1470579160542584,False,-13.012346961616178,-3.1470579160542584,False
2021-03-03,OVV,-5.084127514793266,-1.389207358329095,-5.084127514793266,-1.389207358329095,False,-5.084127514793266,-1.389207358329095,False,-5.084127514793266,-1.389207358329095,False
2021-03-03,SGI,-5.259787763329175,-2.3846209997314873,-5.259787763329175,-2.3846209997314873,False,-5.259787763329175,-2.3846209997314873,False,-5.259787763329175,-2.3846209997314873,False
2021-03-03,URBN,2.4399184937389875,0.2765956213316884,2.4399184937389875,0.2765956213316884,False,2.4399184937389875,0.2765956213316884,False,2.4399184937389875,0.2765956213316884,False
2021-03-04,CVE,-0.44342076517201207,-0.054012751577864074,-0.44342076517201207,-0.054012751577864074,False,-0.44342076517201207,-0.054012751577864074,False,-0.44342076517201207,-0.054012751577864074,False
2021-03-04,DVN,-4.265598817976295,-0.8068899132226351,-4.265598817976295,-0.8068899132226351,False,-4.265598817976295,-0.8068899132226351,False,-4.265598817976295,-0.8068899132226351,False
2021-03-04,MUR,-8.592844131202302,-1.3675234533029565,-8.592844131202302,-1.3675234533029565,False,-3.1786338198631023,-0.4957236807545725,True,-8.592844131202302,-1.3675234533029565,False
2021-03-04,OVV,-5.884644442554872,-1.120565999016145,-5.884644442554872,-1.120565999016145,False,-5.884644442554872,-1.120565999016145,False,-5.884644442554872,-1.120565999016145,False
2021-03-04,OXY,-5.851410679557186,-1.2650982927170031,-5.851410679557186,-1.2650982927170031,False,-4.246333607434959,-0.9120405166763306,True,-5.851410679557186,-1.2650982927170031,False
2021-03-05,BFH,5.738050845316665,0.6558446368964813,5.738050845316665,0.6558446368964813,False,5.738050845316665,0.6558446368964813,False,5.738050845316665,0.6558446368964813,False
2021-03-05,CAR,31.281704465352444,4.904760334931675,31.281704465352444,4.904760334931675,False,31.281704465352444,4.904760334931675,False,31.281704465352444,4.904760334931675,False
2021-03-05,CVE,-4.080024083944022,-1.362179594877703,-4.080024083944022,-1.362179594877703,False,-4.080024083944022,-1.362179594877703,False,-4.080024083944022,-1.362179594877703,False
2021-03-05,EOG,-5.366875011728714,-1.187309462440869,-5.366875011728714,-1.187309462440869,False,-5.366875011728714,-1.187309462440869,False,-5.366875011728714,-1.187309462440869,False
2021-03-05,GAP,1.9495397819384264,0.4955838266072857,1.9495397819384264,0.4955838266072857,False,1.9495397819384264,0.4955838266072857,False,1.9495397819384264,0.4955838266072857,False
2021-03-05,HAL,-7.101528633684562,-0.932960101967452,-7.101528633684562,-0.932960101967452,False,-7.101528633684562,-0.932960101967452,False,-7.101528633684562,-0.932960101967452,False
2021-03-05,LYFT,-4.090519748910569,-0.8152862295643596,-4.090519748910569,-0.8152862295643596,False,-4.480218734089298,-0.8949039827099631,True,-4.090519748910569,-0.8152862295643596,False
2021-03-05,MUR,-6.230663731924397,-1.0517233955436154,-6.230663731924397,-1.0517233955436154,False,-6.230663731924397,-1.0517233955436154,False,-6.230663731924397,-1.0517233955436154,False
2021-03-05,URBN,-2.205044355137639,-0.30980287732977096,-2.205044355137639,-0.30980287732977096,False,-0.9526785105004645,-0.12549011394728535,True,-2.205044355137639,-0.30980287732977096,False
2021-03-08,ARMK,-3.794848529513273,-1.5000065744645235,-3.794848529513273,-1.5000065744645235,False,-1.4500388859561955,-0.5480785446389678,True,-3.794848529513273,-1.5000065744645235,False
2021-03-08,CF,-5.563183156301768,-1.3028840980437786,-0.7450951004389926,-0.15384513461139182,True,-5.563183156301768,-1.3028840980437786,False,-5.563183156301768,-1.3028840980437786,False
2021-03-08,GAP,-3.595450222681096,-0.664468390574961,-3.595450222681096,-0.664468390574961,False,-3.595450222681096,-0.664468390574961,False,-3.595450222681096,-0.664468390574961,False
2021-03-08,HAL,-3.75170674619661,-1.4590162221999092,-3.75170674619661,-1.4590162221999092,False,-3.75170674619661,-1.4590162221999092,False,-3.75170674619661,-1.4590162221999092,False
2021-03-08,SGI,-1.5817398628955788,-0.6470605342283631,-1.5817398628955788,-0.6470605342283631,False,-0.28861017247018095,-0.08236411938123486,True,-1.5817398628955788,-0.6470605342283631,False
2021-03-08,VAC,-3.54149854105714,-1.0143757367099138,-3.54149854105714,-1.0143757367099138,False,-3.54149854105714,-1.0143757367099138,False,-3.54149854105714,-1.0143757367099138,False
2021-03-09,BFH,2.1714012581810036,0.5520414535464068,2.1714012581810036,0.5520414535464068,False,2.1714012581810036,0.5520414535464068,False,2.1714012581810036,0.5520414535464068,False
2021-03-10,AA,-7.78844947438425,-1.4999981831047395,-1.5689292870344853,-0.2865846057780774,True,-3.0378648473891503,-0.5731704354659828,True,-7.78844947438425,-1.4999981831047395,False
2021-03-10,BA,-1.7662392601048176,-0.32825033248507796,-1.7662392601048176,-0.32825033248507796,False,-1.7662392601048176,-0.32825033248507796,False,-1.7662392601048176,-0.32825033248507796,False
2021-03-10,CZR,-8.013513531222511,-1.6504234959428443,-8.013513531222511,-1.6504234959428443,False,-8.013513531222511,-1.6504234959428443,False,-2.4872583488715185,-0.49788090388905054,True
2021-03-10,ET,-9.535833652205898,-1.619999039840519,-1.2649529555376846,-0.20000592835687153,True,-3.245292077484019,-0.5400021167553044,True,-5.225665263627302,-0.8800041534940525,True
2021-03-10,GAP,-7.658397367466694,-1.7812491798613854,-7.658397367466694,-1.7812491798613854,False,-7.658397367466694,-1.7812491798613854,False,-7.658397367466694,-1.7812491798613854,False
2021-03-11,BA,-4.363740079365066,-1.9724781687203048,-4.363740079365066,-1.9724781687203048,False,-4.363740079365066,-1.9724781687203048,False,-4.363740079365066,-1.9724781687203048,False
2021-03-11,BOX,-5.900666337365179,-1.0833337306980109,-5.900666337365179,-1.0833337306980109,False,-2.9110900531681914,-0.5249998013176612,True,-5.900666337365179,-1.0833337306980109,False
2021-03-12,AER,-7.006101619054707,-1.7689037161931733,-1.166265871085076,-0.2731094568038698,True,-7.006101619054707,-1.7689037161931733,False,-1.166265871085076,-0.2731094568038698,True
2021-03-12,BA,-6.768533952860147,-1.1446783887343668,-5.064266874115297,-0.8521346741096609,True,-2.1792771089937344,-0.3569155661019586,True,-5.064266874115297,-0.8521346741096609,True
2021-03-12,BOX,-5.1563446666274,-1.1485144401366492,-5.1563446666274,-1.1485144401366492,False,-5.1563446666274,-1.1485144401366492,False,-5.1563446666274,-1.1485144401366492,False
2021-03-12,LYFT,-7.343628406888897,-1.0366375111090649,-7.343628406888897,-1.0366375111090649,False,-0.7626223022240055,-0.09482804688457014,True,-7.343628406888897,-1.0366375111090649,False
2021-03-12,UAL,-3.526959093353066,-0.7201492855983808,-3.526959093353066,-0.7201492855983808,False,-3.526959093353066,-0.7201492855983808,False,-3.526959093353066,-0.7201492855983808,False
2021-03-15,ALK,-4.848951981135731,-1.0961547396349143,-1.7663024720911709,-0.38461651322304957,True,-2.0301360804946396,-0.4455146780129357,True,-4.848951981135731,-1.0961547396349143,False
2021-03-15,BFH,-8.782258696126624,-1.581099633489307,-0.4977764924057851,-0.07243786304524927,True,-1.9419591137409986,-0.33543355266958813,True,-4.467064197663901,-0.7952727330540224,True
2021-03-15,SGI,-6.074024764451727,-1.5704685576196762,-6.074024764451727,-1.5704685576196762,False,-2.423223269103434,-0.6107355158900467,True,-0.7892982683949121,-0.18120468193861997,True
2021-03-15,THO,-10.14941637048301,-2.546553122282254,-2.9984979888821433,-0.7344883355810153,True,-2.923614301884708,-0.7155125781936071,True,-3.7877672835056204,-0.9344916106416857,True
2021-03-17,BLDR,-5.634075931749847,-1.1637181510519965,-3.466733631334807,-0.707964452396425,True,-5.634075931749847,-1.1637181510519965,False,-5.634075931749847,-1.1637181510519965,False
2021-03-17,EXPE,-6.670887729702231,-1.2441229145666088,-2.9538650556996724,-0.5403469145922823,True,-6.670887729702231,-1.2441229145666088,False,-6.670887729702231,-1.2441229145666088,False
2021-03-17,PHM,2.879491804845049,0.5390074578380819,-4.020375244820329,-0.7092187637656087,True,-3.8635495189049616,-0.6808480746058673,True,-5.5493295485971625,-0.985815521336555,True
2021-03-17,THO,-6.305825267649934,-1.5241928249799201,-6.305825267649934,-1.5241928249799201,False,-6.305825267649934,-1.5241928249799201,False,-6.305825267649934,-1.5241928249799201,False
2021-03-17,UAL,-6.693977393291858,-1.1476319656741016,-2.788807501215712,-0.4679666389330749,True,-6.693977393291858,-1.1476319656741016,False,-6.693977393291858,-1.1476319656741016,False
2021-03-22,WSM,-7.968246121142987,-2.143710540640148,-7.968246121142987,-2.143710540640148,False,-7.968246121142987,-2.143710540640148,False,-7.968246121142987,-2.143710540640148,False
2021-03-23,SFM,-1.2590689374166273,-0.31250086923350495,-1.2590689374166273,-0.31250086923350495,False,-1.2590689374166273,-0.31250086923350495,False,-1.2590689374166273,-0.31250086923350495,False
2021-03-26,AMAT,1.6481912945216262,0.23759218370726903,1.6481912945216262,0.23759218370726903,False,1.6481912945216262,0.23759218370726903,False,1.6481912945216262,0.23759218370726903,False
2021-03-26,SFM,-7.178002887218391,-1.0366490578096446,-7.178002887218391,-1.0366490578096446,False,-4.890158404763401,-0.7015698179530453,True,-4.461192251880265,-0.6387431470256344,True
2021-03-31,AMAT,-2.1274653019149348,-0.5891402599291284,-2.1274653019149348,-0.5891402599291284,False,-2.1274653019149348,-0.5891402599291284,False,-2.1274653019149348,-0.5891402599291284,False
2021-03-31,ENTG,1.1069006886759507,0.6037522204481947,1.1069006886759507,0.6037522204481947,False,1.1069006886759507,0.6037522204481947,False,1.1069006886759507,0.6037522204481947,False
2021-03-31,LRCX,2.8872344590078836,1.4943644117097894,2.8872344590078836,1.4943644117097894,False,2.8872344590078836,1.4943644117097894,False,2.8872344590078836,1.4943644117097894,False
2021-04-01,AMAT,-4.704802909276594,-1.5092514371505181,-1.9433482021823516,-0.6041682951745725,True,-1.7809070377589542,-0.5509272410646329,True,-1.9433482021823516,-0.6041682951745725,True
2021-04-01,ENTG,-5.876124490557088,-1.014623013697586,-5.876124490557088,-1.014623013697586,False,-1.315180446602115,-0.21345628006000722,True,-5.876124490557088,-1.014623013697586,False
2021-04-01,LRCX,-4.207115397514962,-0.9002717757831268,-4.207115397514962,-0.9002717757831268,False,-4.207115397514962,-0.9002717757831268,False,-4.207115397514962,-0.9002717757831268,False
2021-04-01,QRVO,-4.737388404775411,-1.2079904274687163,-0.6388664190666259,-0.14036897906729603,True,-4.737388404775411,-1.2079904274687163,False,-0.6388664190666259,-0.14036897906729603,True
2021-04-05,AMKR,-6.200069282630348,-1.1338050286445076,-5.139200487994401,-0.9366239281748399,True,-3.2068832481516742,-0.5774688264928702,True,-6.200069282630348,-1.1338050286445076,False
2021-04-05,KBH,-3.3616818422508485,-1.1940316317386088,-3.3616818422508485,-1.1940316317386088,False,-3.3616818422508485,-1.1940316317386088,False,-3.3616818422508485,-1.1940316317386088,False
2021-04-05,LRCX,-6.009578666350773,-1.839454887987636,-6.009578666350773,-1.839454887987636,False,-6.009578666350773,-1.839454887987636,False,-1.692728860683463,-0.495763412830976,True
2021-04-08,SAM,-2.9424258950799325,-1.0166047096494906,-1.4385852372490575,-0.4787502319093526,True,-0.34316168465894425,-0.08696772508949983,True,-2.9424258950799325,-1.0166047096494906,False
2021-04-09,FND,-2.8679612361626328,-0.5533089679004589,-2.8679612361626328,-0.5533089679004589,False,-3.2909707812937694,-0.6378675851855177,True,-2.8679612361626328,-0.5533089679004589,False
2021-04-09,YETI,2.961757177039054,0.8642841183426794,2.961757177039054,0.8642841183426794,False,2.961757177039054,0.8642841183426794,False,2.961757177039054,0.8642841183426794,False
2021-04-12,FND,-6.841288209350083,-1.486327446881114,-6.841288209350083,-1.486327446881114,False,-6.841288209350083,-1.486327446881114,False,-6.841288209350083,-1.486327446881114,False
2021-04-12,YETI,-3.4917544511742236,-0.5044094416142566,-3.4917544511742236,-0.5044094416142566,False,-3.4917544511742236,-0.5044094416142566,False,-3.4917544511742236,-0.5044094416142566,False
2021-04-15,AEO,-1.2936703667759064,-0.5971337502630932,-1.2936703667759064,-0.5971337502630932,False,-1.2936703667759064,-0.5971337502630932,False,-1.2936703667759064,-0.5971337502630932,False
2021-04-16,RH,2.881958657122689,0.9234142768673781,2.881958657122689,0.9234142768673781,False,2.881958657122689,0.9234142768673781,False,2.881958657122689,0.9234142768673781,False
2021-04-16,YETI,-4.221880319307876,-1.8743464071868248,-4.221880319307876,-1.8743464071868248,False,-4.221880319307876,-1.8743464071868248,False,-4.221880319307876,-1.8743464071868248,False
2021-04-19,AEO,-3.624949679483838,-0.9687449067397257,-3.624949679483838,-0.9687449067397257,False,-3.624949679483838,-0.9687449067397257,False,-3.624949679483838,-0.9687449067397257,False
2021-04-19,RH,1.7682955839431862,0.7183935578480813,1.7682955839431862,0.7183935578480813,False,1.7682955839431862,0.7183935578480813,False,1.7682955839431862,0.7183935578480813,False
2021-04-21,RH,-0.6431084201760356,-0.12754585815590463,-0.6431084201760356,-0.12754585815590463,False,-0.6431084201760356,-0.12754585815590463,False,-0.6431084201760356,-0.12754585815590463,False
2021-04-22,AEO,-3.5755878801229053,-1.7386632716973098,-3.5755878801229053,-1.7386632716973098,False,-3.5755878801229053,-1.7386632716973098,False,-3.5755878801229053,-1.7386632716973098,False
2021-04-22,THC,17.24625302076084,5.945124163790136,-0.9539685650749464,-0.29268275663152804,True,17.24625302076084,5.945124163790136,False,17.24625302076084,5.945124163790136,False
2021-04-23,HUBS,-6.858567973617258,-1.2885584334793123,-6.858567973617258,-1.2885584334793123,False,-1.3072679917127845,-0.230172332107,True,-6.858567973617258,-1.2885584334793123,False
2021-04-23,RH,-5.12081687962448,-1.0194700558319245,-5.12081687962448,-1.0194700558319245,False,-5.12081687962448,-1.0194700558319245,False,-5.12081687962448,-1.0194700558319245,False
2021-04-26,FCX,4.174411406454015,0.7990394717676176,-3.5298092330418758,-0.641153295093565,True,-1.7636980216468436,-0.31100431427595265,True,-0.9702552674149219,-0.16268165205816984,True
2021-04-27,CZR,-3.9597184185824523,-1.1491235114864835,-3.9597184185824523,-1.1491235114864835,False,-3.9597184185824523,-1.1491235114864835,False,-3.9597184185824523,-1.1491235114864835,False
2021-04-27,RH,-8.372230203949721,-1.7169474625284602,-3.5191678180174124,-0.7096673284431781,True,-3.5191678180174124,-0.7096673284431781,True,-3.634216780482311,-0.7335463815280817,True
2021-05-04,CROX,-3.646924217229233,-0.5696595706988692,-3.646924217229233,-0.5696595706988692,False,-3.646924217229233,-0.5696595706988692,False,-3.646924217229233,-0.5696595706988692,False
2021-05-05,CROX,-8.003157777398716,-2.70418071112812,-8.003157777398716,-2.70418071112812,False,-2.101628659810342,-0.6848864422496651,True,-8.003157777398716,-2.70418071112812,False
2021-05-05,FCX,-2.0730273192405213,-0.3504297076023196,-2.0730273192405213,-0.3504297076023196,False,-2.0730273192405213,-0.3504297076023196,False,-2.0730273192405213,-0.3504297076023196,False
2021-05-06,URBN,-3.9461953889022428,-1.0942035996340105,-3.9461953889022428,-1.0942035996340105,False,-3.9461953889022428,-1.0942035996340105,False,-3.9461953889022428,-1.0942035996340105,False
2021-05-07,CLF,-5.542360224630024,-1.2777773068282965,-5.542360224630024,-1.2777773068282965,False,-5.542360224630024,-1.2777773068282965,False,-5.542360224630024,-1.2777773068282965,False
2021-05-07,CROX,-4.4037549517166825,-1.3875735571290881,-4.4037549517166825,-1.3875735571290881,False,-4.4037549517166825,-1.3875735571290881,False,-4.4037549517166825,-1.3875735571290881,False
2021-05-07,FCX,-7.487733536539108,-1.5776744492030996,-3.918901352906453,-0.815538765537307,True,-2.873254890567124,-0.5922375733146663,True,-3.918901352906453,-0.815538765537307,True
2021-05-17,AR,10.234210405091051,1.5411751506243758,10.234210405091051,1.5411751506243758,False,10.234210405091051,1.5411751506243758,False,10.234210405091051,1.5411751506243758,False
2021-05-17,CALY,-0.3318406095905794,-0.06722829153203057,-1.6359164016158172,-0.4453794173462584,True,-1.5199960968205124,-0.4117652715802431,True,-0.3318406095905794,-0.06722829153203057,False
2021-05-17,KSS,-6.0445675200291635,-1.0672266673503716,-6.0445675200291635,-1.0672266673503716,False,-6.0445675200291635,-1.0672266673503716,False,-6.0445675200291635,-1.0672266673503716,False
2021-05-17,M,-6.620737392061401,-1.0775848602864344,-5.107939745758676,-0.8275873918532789,True,-5.8904022026223375,-0.956893273468035,True,-6.620737392061401,-1.0775848602864344,False
2021-05-17,WDC,-3.8406171204562587,-0.5478943842106015,-5.436264148088458,-0.7816114467886028,True,-4.63843068457004,-0.6647514581502261,True,-3.382857849165356,-0.4808456256811452,True
2021-05-19,AR,8.10022801821312,1.514285363956278,-1.3377697100933297,-0.22857127286945694,True,-1.4924946126997132,-0.25714336317426495,True,-1.9566545651400018,-0.3428569093041854,True
2021-05-26,CALY,-5.12706809326903,-1.1130944001162575,-0.7989567859852112,-0.15476314821458576,True,-5.12706809326903,-1.1130944001162575,False,-2.2775050187174406,-0.48214358699551774,True
2021-05-27,ANF,-7.203513979083619,-1.1304349027944018,-2.8321200930959733,-0.4347825486027991,True,-5.632540365839002,-0.8804342117265914,True,-7.203513979083619,-1.1304349027944018,False
2021-05-27,BSY,7.128631167203861,1.999992794570639,-0.37802636885149743,-0.07692337892773615,True,7.128631167203861,1.999992794570639,False,7.128631167203861,1.999992794570639,False
2021-05-27,CCJ,-6.465325993214551,-1.3789517018243251,-3.015413620474503,-0.6315803114814054,True,-6.465325993214551,-1.3789517018243251,False,-6.465325993214551,-1.3789517018243251,False
2021-05-27,CNK,-5.562419673670494,-1.6374977575767231,-5.562419673670494,-1.6374977575767231,False,-5.562419673670494,-1.6374977575767231,False,-5.562419673670494,-1.6374977575767231,False
2021-06-01,CCJ,-8.988653272973556,-1.8800012482787194,-8.988653272973556,-1.8800012482787194,False,-8.988653272973556,-1.8800012482787194,False,-8.988653272973556,-1.8800012482787194,False
2021-06-02,BSY,3.7364485834708203,1.8095132117779016,3.7364485834708203,1.8095132117779016,False,3.7364485834708203,1.8095132117779016,False,3.7364485834708203,1.8095132117779016,False
2021-06-02,CNK,-11.14773792481894,-1.3663376557589204,-11.14773792481894,-1.3663376557589204,False,-11.14773792481894,-1.3663376557589204,False,-11.14773792481894,-1.3663376557589204,False
2021-06-02,CVE,2.329808381164042,0.7438928630671547,2.329808381164042,0.7438928630671547,False,2.329808381164042,0.7438928630671547,False,2.329808381164042,0.7438928630671547,False
2021-06-02,DVN,-4.675649398900945,-1.3055602611570603,-4.675649398900945,-1.3055602611570603,False,-4.675649398900945,-1.3055602611570603,False,-2.923273376890425,-0.8055585570293471,True
2021-06-02,OVV,-2.813262011594949,-0.7958402133060709,-2.813262011594949,-0.7958402133060709,False,-2.813262011594949,-0.7958402133060709,False,-2.813262011594949,-0.7958402133060709,False
2021-06-03,BSY,2.102690178824774,0.4634107939122901,2.102690178824774,0.4634107939122901,False,2.102690178824774,0.4634107939122901,False,2.102690178824774,0.4634107939122901,False
2021-06-04,BSY,-0.1324266019984418,-0.008857169633021059,-0.1324266019984418,-0.008857169633021059,False,-0.1324266019984418,-0.008857169633021059,False,-0.1324266019984418,-0.008857169633021059,False
2021-06-04,MRNA,85.3379155829943,20.15444887697827,85.3379155829943,20.15444887697827,False,85.3379155829943,20.15444887697827,False,85.3379155829943,20.15444887697827,False
2021-06-07,CCJ,-10.886653260864602,-5.396024642753655,-0.9796008284252521,-0.440020424424841,True,-10.886653260864602,-5.396024642753655,False,-10.886653260864602,-5.396024642753655,False
2021-06-07,MRNA,-8.284642884444047,-1.3673002637505962,-0.42775023732185585,-0.054752906420174545,True,-1.2698876143696736,-0.19543768326489122,True,-5.6353296237457915,-0.9247144635814152,True
2021-06-08,FANG,1.6059487563696657,0.33699936893988647,-2.742572123705435,-0.5220233812661527,True,-2.742572123705435,-0.5220233812661527,True,1.6059487563696657,0.33699936893988647,False
2021-06-08,NET,14.250138744849886,4.384349893084764,14.250138744849886,4.384349893084764,False,14.250138744849886,4.384349893084764,False,14.250138744849886,4.384349893084764,False
2021-06-10,CRWD,8.950588975224836,1.495663266149882,8.950588975224836,1.495663266149882,False,-0.21368318189128824,-0.018786817034703793,True,8.950588975224836,1.495663266149882,False
2021-06-11,CRWD,7.69218378820825,2.707205535317433,7.69218378820825,2.707205535317433,False,7.69218378820825,2.707205535317433,False,7.69218378820825,2.707205535317433,False
2021-06-14,SIG,-3.432985679315282,-1.110132596018352,-3.432985679315282,-1.110132596018352,False,-1.806165232306219,-0.5682801610373177,True,-3.432985679315282,-1.110132596018352,False
2021-06-16,ASAN,33.18975406258339,6.569726177503606,33.18975406258339,6.569726177503606,False,33.18975406258339,6.569726177503606,False,33.18975406258339,6.569726177503606,False
2021-06-17,MDB,-5.80591477979674,-1.3312492370605469,-5.80591477979674,-1.3312492370605469,False,-5.80591477979674,-1.3312492370605469,False,-5.80591477979674,-1.3312492370605469,False
2021-06-18,ASAN,14.07975929193939,2.2905042755534244,14.07975929193939,2.2905042755534244,False,14.07975929193939,2.2905042755534244,False,14.07975929193939,2.2905042755534244,False
2021-06-18,MDB,-5.956140472729229,-1.5988064465763405,-1.3467015195293803,-0.3403665666256094,True,-5.956140472729229,-1.5988064465763405,False,-1.3467015195293803,-0.3403665666256094,True
2021-06-21,ASAN,-6.07317675144041,-1.5344835524044105,-6.07317675144041,-1.5344835524044105,False,-6.07317675144041,-1.5344835524044105,False,-6.07317675144041,-1.5344835524044105,False
2021-06-23,ROKU,-3.82116712038977,-1.032963149620212,-3.82116712038977,-1.032963149620212,False,-3.82116712038977,-1.032963149620212,False,-3.82116712038977,-1.032963149620212,False
2021-06-24,CDNA,-3.476693976064691,-1.4222242567274306,-2.1787755434090803,-0.8755560980902778,True,-0.12110881552683293,-0.008890787760416666,True,-3.476693976064691,-1.4222242567274306,False
2021-06-24,UPWK,-3.736127284195195,-1.1807907412795398,-2.6574694527081304,-0.8305089494498863,True,-3.736127284195195,-1.1807907412795398,False,-0.6915233211464319,-0.1920904320089656,True
2021-06-25,AR,-3.8829723260312123,-1.3902427677900617,-3.8829723260312123,-1.3902427677900617,False,-3.8829723260312123,-1.3902427677900617,False,-3.8829723260312123,-1.3902427677900617,False
2021-06-25,ASAN,5.11021119302606,2.3028201932066064,5.11021119302606,2.3028201932066064,False,-1.215336788878662,-0.49295891941844594,True,5.11021119302606,2.3028201932066064,False
2021-06-25,FANG,-4.085143897090249,-1.3963679985425763,-4.085143897090249,-1.3963679985425763,False,-4.085143897090249,-1.3963679985425763,False,-4.085143897090249,-1.3963679985425763,False
2021-06-25,OVV,-3.900963400470489,-1.4367852466703137,-3.900963400470489,-1.4367852466703137,False,-3.900963400470489,-1.4367852466703137,False,-3.900963400470489,-1.4367852466703137,False
2021-06-25,OXY,-5.171923144545479,-1.2279442294881542,-5.171923144545479,-1.2279442294881542,False,-5.171923144545479,-1.2279442294881542,False,-5.171923144545479,-1.2279442294881542,False
2021-06-25,RRC,-3.221571535505578,-1.0000022919498033,-3.221571535505578,-1.0000022919498033,False,-3.221571535505578,-1.0000022919498033,False,-3.221571535505578,-1.0000022919498033,False
2021-06-25,SM,-8.201017784380326,-2.7000040864733563,-8.201017784380326,-2.7000040864733563,False,-8.201017784380326,-2.7000040864733563,False,-8.201017784380326,-2.7000040864733563,False
2021-06-29,MRNA,62.88989605072277,9.766024244624631,-0.16820935583843832,-0.010575255153495501,True,-0.16820935583843832,-0.010575255153495501,True,-5.454317346878928,-0.8301393763362782,True
2021-06-29,UPWK,-4.857113409243544,-1.2935776605759841,-1.449534577961196,-0.36697207571998025,True,-1.449534577961196,-0.36697207571998025,True,-4.857113409243544,-1.2935776605759841,False
2021-06-30,ROKU,-6.396249902981678,-1.1195819185686025,-6.396249902981678,-1.1195819185686025,False,-6.396249902981678,-1.1195819185686025,False,-6.396249902981678,-1.1195819185686025,False
2021-07-01,FANG,-8.559652894431578,-1.869185183003026,-1.6453840318851536,-0.3414571461141848,True,-8.559652894431578,-1.869185183003026,False,-8.559652894431578,-1.869185183003026,False
2021-07-02,RIG,-7.77332425997311,-1.2580643176535915,-7.77332425997311,-1.2580643176535915,False,-7.77332425997311,-1.2580643176535915,False,-7.77332425997311,-1.2580643176535915,False
2021-07-15,MRNA,47.068093454835655,8.648211801293067,47.068093454835655,8.648211801293067,False,47.068093454835655,8.648211801293067,False,47.068093454835655,8.648211801293067,False
2021-08-04,AMD,-5.502701314495186,-1.392626452028247,-5.502701314495186,-1.392626452028247,False,-5.502701314495186,-1.392626452028247,False,-5.502701314495186,-1.392626452028247,False
2021-08-05,ALB,-2.5093606496569096,-0.5111523154343321,-2.5093606496569096,-0.5111523154343321,False,-2.5093606496569096,-0.5111523154343321,False,-2.5093606496569096,-0.5111523154343321,False
2021-08-05,XYZ,-6.629505276494804,-1.08039873416588,-2.479843340354199,-0.39377864379520994,True,-3.196286879964469,-0.5123243314880714,True,-4.788758856876746,-0.7758212788363209,True
2021-08-06,ALB,-5.9900511244900825,-1.1428582136231153,-5.9900511244900825,-1.1428582136231153,False,-5.9900511244900825,-1.1428582136231153,False,-5.9900511244900825,-1.1428582136231153,False
2021-08-09,ALB,-6.549367883790347,-1.32123970784836,-6.549367883790347,-1.32123970784836,False,-6.549367883790347,-1.32123970784836,False,-2.4672125541972,-0.48495531343210374,True
2021-08-10,ALB,-5.590293589034474,-1.950969099723784,-1.6931435610940422,-0.5661216123899494,True,-1.6931435610940422,-0.5661216123899494,True,-5.590293589034474,-1.950969099723784,False
2021-08-10,CLF,-6.20762922579972,-1.2519681728207424,-0.7914308295852108,-0.14173247267386152,True,-0.7914308295852108,-0.14173247267386152,True,-6.20762922579972,-1.2519681728207424,False
2021-08-10,TTD,-5.957914230891115,-1.0961531877988384,-5.957914230891115,-1.0961531877988384,False,-5.957914230891115,-1.0961531877988384,False,-5.957914230891115,-1.0961531877988384,False
2021-08-12,STLD,-5.677161674570798,-1.356672290009377,-5.677161674570798,-1.356672290009377,False,-5.677161674570798,-1.356672290009377,False,-5.677161674570798,-1.356672290009377,False
2021-09-03,BILL,-5.515613955428765,-1.5940590469456757,-5.515613955428765,-1.5940590469456757,False,-1.4757762807132326,-0.4049529092903308,True,-5.515613955428765,-1.5940590469456757,False
2021-09-09,AMBA,23.798121747705927,3.7502678055968506,23.798121747705927,3.7502678055968506,False,23.798121747705927,3.7502678055968506,False,23.798121747705927,3.7502678055968506,False
2021-09-10,AA,-3.1287898438519353,-1.2000007785546467,-3.1287898438519353,-1.2000007785546467,False,-3.1287898438519353,-1.2000007785546467,False,-3.1287898438519353,-1.2000007785546467,False
2021-09-10,AMBA,22.14480035081222,9.118756875919424,22.14480035081222,9.118756875919424,False,22.14480035081222,9.118756875919424,False,22.14480035081222,9.118756875919424,False
2021-09-10,CELH,1.0475893011445578,0.19999912806919642,1.0475893011445578,0.19999912806919642,False,-0.7011241614496639,-0.10476248604910714,True,1.0475893011445578,0.19999912806919642,False
2021-09-13,ASO,-4.473897048380516,-1.2392635261458966,-4.473897048380516,-1.2392635261458966,False,-0.31653543432470427,-0.06135134478671533,True,-4.473897048380516,-1.2392635261458966,False
2021-09-15,AA,-4.490232498580031,-1.0460852982446467,-4.490232498580031,-1.0460852982446467,False,-4.490232498580031,-1.0460852982446467,False,-4.490232498580031,-1.0460852982446467,False
2021-09-15,AMBA,-5.122052719543138,-1.0172420422510984,-1.7238164617000766,-0.3289121930784938,True,-5.122052719543138,-1.0172420422510984,False,-5.122052719543138,-1.0172420422510984,False
2021-09-15,DOCN,25.95366941054228,3.291022468924385,25.95366941054228,3.291022468924385,False,-2.4774213740169295,-0.3003088369895775,True,25.95366941054228,3.291022468924385,False
2021-09-15,DVN,-7.185155124086504,-1.4827595956873136,-1.8795131472433797,-0.372411069131963,True,-7.185155124086504,-1.4827595956873136,False,-7.185155124086504,-1.4827595956873136,False
2021-09-15,TECK,-3.75491843833039,-1.2727402111579513,-3.75491843833039,-1.2727402111579513,False,-3.75491843833039,-1.2727402111579513,False,-3.75491843833039,-1.2727402111579513,False
2021-09-16,CELH,-6.92327716723069,-1.3687495678669435,-3.1741151787603963,-0.6166675806032458,True,-6.92327716723069,-1.3687495678669435,False,-6.92327716723069,-1.3687495678669435,False
2021-09-16,DOCN,-8.15601137713655,-1.2397867020808067,-5.166748807466565,-0.7797516041385759,True,-8.15601137713655,-1.2397867020808067,False,-8.15601137713655,-1.2397867020808067,False
2021-09-17,UPST,-4.565001639972653,-1.2954101192108627,-4.565001639972653,-1.2954101192108627,False,-4.565001639972653,-1.2954101192108627,False,-4.565001639972653,-1.2954101192108627,False
2021-09-22,SNAP,-5.415407615941311,-0.9126634572137728,-5.415407615941311,-0.9126634572137728,False,-5.415407615941311,-0.9126634572137728,False,-5.415407615941311,-0.9126634572137728,False
2021-09-23,AMBA,-5.645207893870249,-1.3949316311424524,-3.5479859457432448,-0.8673623697262289,True,-5.645207893870249,-1.3949316311424524,False,-5.645207893870249,-1.3949316311424524,False
2021-09-23,APA,28.593319042585126,3.8647697041724087,28.593319042585126,3.8647697041724087,False,28.593319042585126,3.8647697041724087,False,-0.6104223885549761,-0.0687499755845914,True
2021-09-23,DVN,23.668638376551506,3.376629877095179,23.668638376551506,3.376629877095179,False,23.668638376551506,3.376629877095179,False,23.668638376551506,3.376629877095179,False
2021-09-23,UPST,-6.917069837020305,-1.8589958872976107,-2.614051718920701,-0.6855748756667994,True,-6.917069837020305,-1.8589958872976107,False,-6.917069837020305,-1.8589958872976107,False
2021-09-24,APA,26.420873778491906,7.64951114299412,-0.6018027050070296,-0.14473676152589685,True,-3.0195950197128574,-0.8421093069126516,True,-0.6018027050070296,-0.14473676152589685,True
2021-09-24,SNAP,-10.550796987605498,-1.73800048828125,-10.550796987605498,-1.73800048828125,False,-10.550796987605498,-1.73800048828125,False,-10.550796987605498,-1.73800048828125,False
2021-09-27,APA,-6.846410826714114,-2.616665292738885,-6.846410826714114,-2.616665292738885,False,-6.846410826714114,-2.616665292738885,False,-6.846410826714114,-2.616665292738885,False
2021-09-27,CZR,-3.5963169302332245,-1.0682420742354581,-3.5963169302332245,-1.0682420742354581,False,-3.5963169302332245,-1.0682420742354581,False,-3.5963169302332245,-1.0682420742354581,False
2021-09-27,DVN,15.892049135086767,5.185192325474624,15.892049135086767,5.185192325474624,False,15.892049135086767,5.185192325474624,False,15.892049135086767,5.185192325474624,False
2021-09-27,FANG,12.613616541383838,3.0746885930891836,12.613616541383838,3.0746885930891836,False,-0.9479172482494078,-0.20506214597473682,True,12.613616541383838,3.0746885930891836,False
2021-09-27,OXY,5.296424282254055,1.3697435175371802,5.296424282254055,1.3697435175371802,False,-2.119543106184672,-0.5126090784188567,True,5.296424282254055,1.3697435175371802,False
2021-09-30,RRC,2.947509248206942,0.6571398255325103,2.947509248206942,0.6571398255325103,False,2.947509248206942,0.6571398255325103,False,2.947509248206942,0.6571398255325103,False
2021-10-01,DVN,10.190996598045492,3.7900109945631497,10.190996598045492,3.7900109945631497,False,10.190996598045492,3.7900109945631497,False,10.190996598045492,3.7900109945631497,False
2021-10-01,FANG,8.761655906057534,2.1641997496290197,8.761655906057534,2.1641997496290197,False,8.761655906057534,2.1641997496290197,False,8.761655906057534,2.1641997496290197,False
2021-10-01,OXY,2.049809408975976,0.48201504834912334,2.049809408975976,0.48201504834912334,False,2.049809408975976,0.48201504834912334,False,2.049809408975976,0.48201504834912334,False
2021-10-04,AR,-4.652082769589759,-1.0689648368560787,-4.652082769589759,-1.0689648368560787,False,-0.491576510506616,-0.09195384659231669,True,-3.036828496759887,-0.6896549456186929,True
2021-10-04,DVN,4.64481913640782,1.3939486734413642,4.64481913640782,1.3939486734413642,False,-1.0283012600321046,-0.27271941727907123,True,4.64481913640782,1.3939486734413642,False
2021-10-04,FANG,4.004193188875966,0.9803794478453667,4.004193188875966,0.9803794478453667,False,4.004193188875966,0.9803794478453667,False,4.004193188875966,0.9803794478453667,False
2021-10-05,DVN,-3.591280714548195,-1.1200043016053463,-3.591280714548195,-1.1200043016053463,False,-3.591280714548195,-1.1200043016053463,False,-3.591280714548195,-1.1200043016053463,False
2021-10-05,OXY,-2.4485329881445037,-1.0845074133763035,-2.4485329881445037,-1.0845074133763035,False,-2.4485329881445037,-1.0845074133763035,False,-2.4485329881445037,-1.0845074133763035,False
2021-10-05,SIG,-5.504271075303395,-1.3633769457163183,-1.528866866468641,-0.3604712119537598,True,-1.528866866468641,-0.3604712119537598,True,-5.504271075303395,-1.3633769457163183,False
2021-10-07,OVV,-2.1817481950597335,-0.3861408616483823,-2.1817481950597335,-0.3861408616483823,False,-2.1817481950597335,-0.3861408616483823,False,-2.1817481950597335,-0.3861408616483823,False
2021-10-08,APA,13.701092588111974,2.8265769270341856,13.701092588111974,2.8265769270341856,False,13.701092588111974,2.8265769270341856,False,13.701092588111974,2.8265769270341856,False
2021-10-08,APP,15.296517968576879,4.389441719459748,15.296517968576879,4.389441719459748,False,15.296517968576879,4.389441719459748,False,15.296517968576879,4.389441719459748,False
2021-10-08,CVE,7.343092052351856,3.723407730040945,7.343092052351856,3.723407730040945,False,-0.2772160268357687,-0.088652339587691,True,7.343092052351856,3.723407730040945,False
2021-10-08,FANG,-2.1689901713546367,-0.6215725225346576,-1.5733238477089666,-0.4426205755880129,True,-1.6551875584182905,-0.46721432855704303,True,-1.5733238477089666,-0.4426205755880129,True
2021-10-08,OVV,-2.415944830336829,-1.1585516910139342,-2.415944830336829,-1.1585516910139342,False,-2.415944830336829,-1.1585516910139342,False,-2.415944830336829,-1.1585516910139342,False
2021-10-08,OXY,-4.112267437642468,-2.0071372874649627,-4.112267437642468,-2.0071372874649627,False,-4.112267437642468,-2.0071372874649627,False,-4.112267437642468,-2.0071372874649627,False
2021-10-14,APA,5.6318021023321245,1.2742646852628092,5.6318021023321245,1.2742646852628092,False,5.6318021023321245,1.2742646852628092,False,5.6318021023321245,1.2742646852628092,False
2021-10-14,APP,9.642893915282723,3.0102010629242875,9.642893915282723,3.0102010629242875,False,9.642893915282723,3.0102010629242875,False,9.642893915282723,3.0102010629242875,False
2021-10-18,NET,3.0405391078525534,0.4124902624134144,3.0405391078525534,0.4124902624134144,False,3.0405391078525534,0.4124902624134144,False,3.0405391078525534,0.4124902624134144,False
2021-10-19,APP,4.058483773141422,1.5249022210009997,-1.5732370963064508,-0.5402311618308204,True,-1.5732370963064508,-0.5402311618308204,True,-1.8239979740552636,-0.6321843448368596,True
2021-10-25,RRC,-6.620967500894117,-1.8387134069689055,-6.620967500894117,-1.8387134069689055,False,-6.620967500894117,-1.8387134069689055,False,-6.620967500894117,-1.8387134069689055,False
2021-10-25,SM,0.6045182172622885,0.20909020155172442,0.6045182172622885,0.20909020155172442,False,-1.7540952405583694,-0.4909100982201417,True,0.6045182172622885,0.20909020155172442,False
2021-10-26,SM,-4.1717062873327695,-1.292451031078367,-4.1717062873327695,-1.292451031078367,False,-4.1717062873327695,-1.292451031078367,False,-4.1717062873327695,-1.292451031078367,False
2021-10-29,ENPH,2.156780477261567,0.7888373869975881,2.156780477261567,0.7888373869975881,False,2.156780477261567,0.7888373869975881,False,2.156780477261567,0.7888373869975881,False
2021-11-01,ENPH,-3.459069048234533,-1.0863696455267677,-0.7801611024397057,-0.219973559682222,True,-3.459069048234533,-1.0863696455267677,False,-3.459069048234533,-1.0863696455267677,False
2021-11-03,M,-0.3616399578942281,-0.045452930634080554,-0.3616399578942281,-0.045452930634080554,False,-0.3616399578942281,-0.045452930634080554,False,-2.5202491156313496,-0.42045342024727494,True
2021-11-09,DDOG,-4.045927251688334,-1.3287670159120006,-4.045927251688334,-1.3287670159120006,False,-4.045927251688334,-1.3287670159120006,False,-4.045927251688334,-1.3287670159120006,False
2021-11-09,HUBS,-5.196705356288552,-1.4235047299206303,-5.196705356288552,-1.4235047299206303,False,-5.196705356288552,-1.4235047299206303,False,-5.196705356288552,-1.4235047299206303,False
2021-11-12,U,-9.985722122117794,-1.1823708545016218,-3.607014550514777,-0.419452594319277,True,-2.5650729721638976,-0.2948323248926087,True,-3.607014550514777,-0.419452594319277,True
2021-11-15,TTD,-9.796425818479584,-1.7427605173955538,-9.796425818479584,-1.7427605173955538,False,-9.796425818479584,-1.7427605173955538,False,-2.1662971721968476,-0.37138025869777697,True
2021-11-16,ETSY,-9.674983860538005,-1.6449090503740684,-9.674983860538005,-1.6449090503740684,False,-9.674983860538005,-1.6449090503740684,False,-2.6166142005554467,-0.43233508641767754,True
2021-11-16,M,-5.7026412361285335,-1.1528637314046772,-5.7026412361285335,-1.1528637314046772,False,-5.7026412361285335,-1.1528637314046772,False,-5.7026412361285335,-1.1528637314046772,False
2021-11-16,RBLX,-3.893939274143675,-0.3681137250731256,-3.893939274143675,-0.3681137250731256,False,-3.893939274143675,-0.3681137250731256,False,-1.2269947980505356,-0.10934868042716955,True
2021-11-16,TTD,-7.59356663467022,-1.1265144552889774,-3.546859097027929,-0.5181693561222551,True,-3.546859097027929,-0.5181693561222551,True,-7.59356663467022,-1.1265144552889774,False
2021-11-17,RBLX,-7.97897309142461,-1.2061351611441666,-7.97897309142461,-1.2061351611441666,False,-3.690822645756616,-0.5496931389692914,True,-7.97897309142461,-1.2061351611441666,False
2021-11-18,ASO,-5.384840682105255,-1.565472835511762,-5.384840682105255,-1.565472835511762,False,-2.852939519421842,-0.8154743529080078,True,-5.384840682105255,-1.565472835511762,False
2021-11-18,SYNA,-1.4894092040209421,-0.47153513493097654,-1.4894092040209421,-0.47153513493097654,False,-0.5047834257296855,-0.13737465299416463,True,-0.9423973558556928,-0.2858912620625838,True
2021-11-19,ENPH,-6.535859739956562,-1.3553466400037428,-6.535859739956562,-1.3553466400037428,False,-6.535859739956562,-1.3553466400037428,False,-6.535859739956562,-1.3553466400037428,False
2021-11-19,LPX,-3.4835441210955125,-1.394116430504433,-1.399169650239692,-0.5352948537362164,True,-3.4835441210955125,-1.394116430504433,False,-3.4835441210955125,-1.394116430504433,False
2021-11-19,NVDA,-3.8543450992577277,-1.1472132745877877,-3.8543450992577277,-1.1472132745877877,False,-3.8543450992577277,-1.1472132745877877,False,-3.8543450992577277,-1.1472132745877877,False
2021-11-19,SYNA,-2.5643232346265252,-1.0472555231462743,-2.5643232346265252,-1.0472555231462743,False,-0.2721830877163328,-0.07317209328290511,True,-2.5643232346265252,-1.0472555231462743,False
2021-11-22,DDS,-6.435453544251316,-1.387393297070536,-6.435453544251316,-1.387393297070536,False,-6.435453544251316,-1.387393297070536,False,-6.435453544251316,-1.387393297070536,False
2021-11-22,F,-6.395686283924995,-1.1025653322827857,-3.66266485484812,-0.6239305108844938,True,-3.66266485484812,-0.6239305108844938,True,-6.395686283924995,-1.1025653322827857,False
2021-12-07,P,-4.479559118534735,-1.5051518011640712,-2.6797437512579143,-0.8865974516281264,True,-2.6797437512579143,-0.8865974516281264,True,-4.479559118534735,-1.5051518011640712,False
2021-12-08,KLIC,-15.845233848483572,-3.045448607640479,-2.5087757112231537,-0.4659062359095607,True,-15.845233848483572,-3.045448607640479,False,-15.845233848483572,-3.045448607640479,False
2021-12-21,LYV,0.8625708835001848,0.1830279672431237,0.8625708835001848,0.1830279672431237,False,0.8625708835001848,0.1830279672431237,False,0.8625708835001848,0.1830279672431237,False
2021-12-21,TNDM,-3.281043146844014,-1.1890531589835076,-3.281043146844014,-1.1890531589835076,False,-3.281043146844014,-1.1890531589835076,False,-3.281043146844014,-1.1890531589835076,False
2021-12-22,AA,-5.324173199103057,-1.174243726154606,-5.324173199103057,-1.174243726154606,False,-0.3022491849354918,-0.045459793823675994,True,-0.2685308618236884,-0.03788088557130586,True
2021-12-22,LYV,-1.4677715531377507,-0.5031441259665698,-1.4677715531377507,-0.5031441259665698,False,-1.4677715531377507,-0.5031441259665698,False,-1.4677715531377507,-0.5031441259665698,False
2022-01-04,DVN,-3.3295802000916,-0.9999915564105827,-3.3295802000916,-0.9999915564105827,False,-3.3295802000916,-0.9999915564105827,False,-3.3295802000916,-0.9999915564105827,False
2022-01-06,FANG,-4.675144981511983,-2.246026683257292,-1.8217434079486856,-0.8452369600530368,True,-4.675144981511983,-2.246026683257292,False,-4.675144981511983,-2.246026683257292,False
2022-01-11,DVN,-7.48586237578709,-1.8871784444577857,-7.48586237578709,-1.8871784444577857,False,-7.48586237578709,-1.8871784444577857,False,-1.8461212127099322,-0.44615539071502375,True
2022-01-11,EQT,-3.753100697822957,-1.2463825448584036,-3.753100697822957,-1.2463825448584036,False,-3.753100697822957,-1.2463825448584036,False,-3.753100697822957,-1.2463825448584036,False
2022-01-11,ZIM,-5.500961035752216,-0.9378568108466677,-5.500961035752216,-0.9378568108466677,False,-5.500961035752216,-0.9378568108466677,False,-5.500961035752216,-0.9378568108466677,False
2022-01-12,EQT,-8.165717743147297,-1.7008554306663832,-3.6262203124118604,-0.7435904849493948,True,-8.165717743147297,-1.7008554306663832,False,-8.165717743147297,-1.7008554306663832,False
2022-01-12,ZIM,-8.133966008488713,-2.208699246545196,-8.133966008488713,-2.208699246545196,False,-8.133966008488713,-2.208699246545196,False,-3.0415504258123223,-0.8086915232528533,True
2022-02-01,NOV,-5.907682543796753,-1.111113930588518,-5.907682543796753,-1.111113930588518,False,-5.907682543796753,-1.111113930588518,False,-5.907682543796753,-1.111113930588518,False
2022-02-01,OXY,-2.567625598779367,-0.4597226764567357,-2.567625598779367,-0.4597226764567357,False,-2.567625598779367,-0.4597226764567357,False,-2.567625598779367,-0.4597226764567357,False
2022-02-02,MOS,55.656401956591694,12.833304782615256,-0.8693441569432427,-0.17707792652157944,True,55.656401956591694,12.833304782615256,False,55.656401956591694,12.833304782615256,False
2022-02-02,NOV,-7.467756228648814,-2.8666670090906203,-7.467756228648814,-2.8666670090906203,False,-7.467756228648814,-2.8666670090906203,False,-7.467756228648814,-2.8666670090906203,False
2022-02-03,CVE,-6.407857529284174,-2.5526379059320288,-6.407857529284174,-2.5526379059320288,False,-6.407857529284174,-2.5526379059320288,False,-6.407857529284174,-2.5526379059320288,False
2022-02-03,NOV,-8.306562433676897,-3.29545944376708,-8.306562433676897,-3.29545944376708,False,-8.306562433676897,-3.29545944376708,False,-8.306562433676897,-3.29545944376708,False
2022-02-03,OXY,-4.297919092903914,-1.6310773126633331,-4.297919092903914,-1.6310773126633331,False,-1.7241874487851288,-0.6310686891760422,True,-4.297919092903914,-1.6310773126633331,False
2022-02-07,HAL,4.85639576873742,1.2794701538860507,4.85639576873742,1.2794701538860507,False,-0.40744045941648815,-0.07936430226205284,True,-0.5611510100253835,-0.1190439547793025,True
2022-02-07,ZIM,-3.2278573593359847,-1.0277816339233639,-1.1003525345312908,-0.3287055144542229,True,-3.2278573593359847,-1.0277816339233639,False,-3.2278573593359847,-1.0277816339233639,False
2022-02-08,EXPE,-0.1824565350771014,-0.01868729482524527,-1.017532302988661,-0.20794224061925246,True,-1.017532302988661,-0.20794224061925246,True,-0.1824565350771014,-0.01868729482524527,False
2022-02-08,MOS,53.0225856607882,17.057065593872846,53.0225856607882,17.057065593872846,False,53.0225856607882,17.057065593872846,False,53.0225856607882,17.057065593872846,False
2022-02-10,MOS,49.72246458204788,12.646381579362819,49.72246458204788,12.646381579362819,False,-0.840052803562425,-0.1878467920292341,True,49.72246458204788,12.646381579362819,False
2022-02-11,BKR,-2.844007222367444,-0.5000027828989565,-0.20291835969557948,-0.018753400442871947,True,-2.844007222367444,-0.5000027828989565,False,-0.20291835969557948,-0.018753400442871947,True
2022-02-11,CF,-6.611674089798651,-1.1209774356190394,-6.611674089798651,-1.1209774356190394,False,-6.611674089798651,-1.1209774356190394,False,-6.611674089798651,-1.1209774356190394,False
2022-02-11,DINO,-6.932435941734864,-1.0434814090301472,-6.932435941734864,-1.0434814090301472,False,-5.457252573492671,-0.8181845408563142,True,-6.932435941734864,-1.0434814090301472,False
2022-02-11,HAL,-3.5588829557625816,-1.0175422828546954,-3.5588829557625816,-1.0175422828546954,False,-3.5588829557625816,-1.0175422828546954,False,-3.5588829557625816,-1.0175422828546954,False
2022-02-11,OXY,-7.378803427452407,-1.4162877709448354,-7.378803427452407,-1.4162877709448354,False,-7.378803427452407,-1.4162877709448354,False,-7.378803427452407,-1.4162877709448354,False
2022-02-15,EXPE,-6.372509336177486,-1.1148354343110058,-1.4016579192735408,-0.23134830001576695,True,-1.4016579192735408,-0.23134830001576695,True,-6.372509336177486,-1.1148354343110058,False
2022-02-15,MAT,-4.643180448153051,-1.1734695466346958,-1.9567759994620082,-0.4795913600959124,True,-1.9567759994620082,-0.4795913600959124,True,-4.643180448153051,-1.1734695466346958,False
2022-02-16,BCRX,-10.266979784903963,-1.5112784542731066,-5.259364603876202,-0.7669176814096598,True,-10.266979784903963,-1.5112784542731066,False,-10.266979784903963,-1.5112784542731066,False
2022-02-16,BKR,-3.834240786574327,-1.563379343339443,-2.1185148627963675,-0.845072565236063,True,-3.834240786574327,-1.563379343339443,False,-3.834240786574327,-1.563379343339443,False
2022-02-16,EXPE,-4.363538250272813,-1.5724138125906653,-2.2644879097736887,-0.7982737545032866,True,-4.363538250272813,-1.5724138125906653,False,-4.363538250272813,-1.5724138125906653,False
2022-02-16,H,-4.301320647576311,-1.7637818945426158,-4.301320647576311,-1.7637818945426158,False,-4.301320647576311,-1.7637818945426158,False,-4.301320647576311,-1.7637818945426158,False
2022-02-16,SLB,-3.64821960100486,-1.4230738702059151,-3.64821960100486,-1.4230738702059151,False,-3.64821960100486,-1.4230738702059151,False,-3.64821960100486,-1.4230738702059151,False
2022-02-16,USFD,-2.262865329140001,-1.0819736513957037,-2.262865329140001,-1.0819736513957037,False,-2.262865329140001,-1.0819736513957037,False,-2.262865329140001,-1.0819736513957037,False
2022-02-24,CF,26.363349568491646,7.247401451575159,26.363349568491646,7.247401451575159,False,26.363349568491646,7.247401451575159,False,26.363349568491646,7.247401451575159,False
2022-02-24,PFGC,-6.059325655823046,-0.854546031028859,-6.059325655823046,-0.854546031028859,False,-6.059325655823046,-0.854546031028859,False,-1.784551105259781,-0.24155861656233218,True
2022-02-24,RRC,27.033468533019978,4.3783735265565085,-2.0261453015187363,-0.31081111455426164,True,-0.5187359446954857,-0.06756903831300726,True,27.033468533019978,4.3783735265565085,False
2022-02-25,EXE,2.6680250898306066,0.5574453225963099,2.6680250898306066,0.5574453225963099,False,2.6680250898306066,0.5574453225963099,False,2.6680250898306066,0.5574453225963099,False
2022-02-25,FCX,-4.025524383107197,-0.6999996431686569,-4.025524383107197,-0.6999996431686569,False,-4.025524383107197,-0.6999996431686569,False,-4.025524383107197,-0.6999996431686569,False
2022-02-25,NUE,21.037796259371465,3.297774979062049,21.037796259371465,3.297774979062049,False,21.037796259371465,3.297774979062049,False,21.037796259371465,3.297774979062049,False
2022-02-28,AR,41.52766729352141,16.186435198655158,41.52766729352141,16.186435198655158,False,41.52766729352141,16.186435198655158,False,41.52766729352141,16.186435198655158,False
2022-02-28,CF,22.26844336035241,9.563163226582668,22.26844336035241,9.563163226582668,False,22.26844336035241,9.563163226582668,False,22.26844336035241,9.563163226582668,False
2022-02-28,EXE,-0.21736613449833153,-0.03384727011855432,-0.21736613449833153,-0.03384727011855432,False,-0.21736613449833153,-0.03384727011855432,False,-0.21736613449833153,-0.03384727011855432,False
2022-02-28,FANG,-5.511174151517263,-1.0930639536058389,-5.511174151517263,-1.0930639536058389,False,-2.5525214334624047,-0.4954124002111085,True,-2.31988978950712,-0.4484205168683242,True
2022-02-28,FCX,-5.273158379473493,-2.5878731262998977,-5.273158379473493,-2.5878731262998977,False,-5.273158379473493,-2.5878731262998977,False,-5.273158379473493,-2.5878731262998977,False
2022-02-28,MOS,31.125887944546548,4.918893122946052,31.125887944546548,4.918893122946052,False,31.125887944546548,4.918893122946052,False,31.125887944546548,4.918893122946052,False
2022-02-28,NUE,-4.3981013870792225,-1.6549689653683433,-4.3981013870792225,-1.6549689653683433,False,-4.3981013870792225,-1.6549689653683433,False,-4.3981013870792225,-1.6549689653683433,False
2022-02-28,PR,-8.865553502714665,-1.5778703008998998,-2.376759776247417,-0.4098351156161146,True,-4.539684715256027,-0.7991790427600745,True,-8.865553502714665,-1.5778703008998998,False
2022-03-01,AR,35.83849046405499,13.215392605938607,35.83849046405499,13.215392605938607,False,35.83849046405499,13.215392605938607,False,35.83849046405499,13.215392605938607,False
2022-03-01,EQT,49.54755473071007,13.18477923494532,49.54755473071007,13.18477923494532,False,49.54755473071007,13.18477923494532,False,49.54755473071007,13.18477923494532,False
2022-03-01,OVV,-2.644893166612775,-1.1111168020201119,-2.644893166612775,-1.1111168020201119,False,-2.644893166612775,-1.1111168020201119,False,-2.644893166612775,-1.1111168020201119,False
2022-03-01,OXY,21.18691857757889,3.623684350297592,21.18691857757889,3.623684350297592,False,21.18691857757889,3.623684350297592,False,21.18691857757889,3.623684350297592,False
2022-03-02,ABG,-5.090533421061738,-1.2291659654358664,-5.090533421061738,-1.2291659654358664,False,-5.090533421061738,-1.2291659654358664,False,-5.090533421061738,-1.2291659654358664,False
2022-03-02,EXE,-2.8839384640615435,-1.3926655648131823,-2.8839384640615435,-1.3926655648131823,False,-2.8839384640615435,-1.3926655648131823,False,-2.8839384640615435,-1.3926655648131823,False
2022-03-02,OXY,17.226733473166814,6.211216918627755,17.226733473166814,6.211216918627755,False,17.226733473166814,6.211216918627755,False,17.226733473166814,6.211216918627755,False
2022-03-02,RRC,20.374078069154102,5.058821626868731,20.374078069154102,5.058821626868731,False,20.374078069154102,5.058821626868731,False,20.374078069154102,5.058821626868731,False
2022-03-03,CF,13.968736517196515,4.227583738162451,13.968736517196515,4.227583738162451,False,13.968736517196515,4.227583738162451,False,13.968736517196515,4.227583738162451,False
2022-03-03,STLD,-6.2066748450275036,-1.9224474597744765,-6.2066748450275036,-1.9224474597744765,False,-6.2066748450275036,-1.9224474597744765,False,-6.2066748450275036,-1.9224474597744765,False
2022-03-03,THC,-4.560487753399214,-1.7695686066375864,-0.1767156768837413,-0.03043471049707263,True,-4.560487753399214,-1.7695686066375864,False,-4.560487753399214,-1.7695686066375864,False
2022-03-04,AR,27.659517879742662,5.191173748162775,27.659517879742662,5.191173748162775,False,27.659517879742662,5.191173748162775,False,27.659517879742662,5.191173748162775,False
2022-03-04,CF,8.783238536935714,1.7037828845306615,8.783238536935714,1.7037828845306615,False,8.783238536935714,1.7037828845306615,False,8.783238536935714,1.7037828845306615,False
2022-03-04,EQT,38.53772158867822,8.352449549232139,38.53772158867822,8.352449549232139,False,-0.9721042794700886,-0.18852579024944102,True,38.53772158867822,8.352449549232139,False
2022-03-04,LNG,-3.9725740204628024,-1.0755430610185936,-3.9725740204628024,-1.0755430610185936,False,-3.9725740204628024,-1.0755430610185936,False,-3.9725740204628024,-1.0755430610185936,False
2022-03-04,MUR,7.954852208295095,1.559581190171505,-1.4915296344425801,-0.2694280897181404,True,-2.535181343391528,-0.4715000250282552,True,-1.4915296344425801,-0.2694280897181404,True
2022-03-04,SM,-4.785536701266832,-1.161487484721152,-4.785536701266832,-1.161487484721152,False,-2.3550785461766814,-0.559006507779402,True,-4.785536701266832,-1.161487484721152,False
2022-03-07,AR,-4.440683390299466,-1.0178558352052016,-4.440683390299466,-1.0178558352052016,False,-4.440683390299466,-1.0178558352052016,False,-3.564932752336758,-0.8124992549424986,True
2022-03-07,CNX,-4.307848108314875,-1.132353106171953,-4.307848108314875,-1.132353106171953,False,-4.307848108314875,-1.132353106171953,False,-4.307848108314875,-1.132353106171953,False
2022-03-07,RRC,-4.4749176560364825,-1.3448297771261848,-4.4749176560364825,-1.3448297771261848,False,-4.4749176560364825,-1.3448297771261848,False,-4.4749176560364825,-1.3448297771261848,False
2022-03-07,SM,-4.580851457404493,-1.0517245961146109,-4.580851457404493,-1.0517245961146109,False,-4.580851457404493,-1.0517245961146109,False,-4.580851457404493,-1.0517245961146109,False
2022-03-08,SLB,-5.687246871744725,-1.2413732844664158,-5.687246871744725,-1.2413732844664158,False,-5.687246871744725,-1.2413732844664158,False,-5.687246871744725,-1.2413732844664158,False
2022-03-09,CCJ,4.4818151302685525,0.46792495726773664,4.4818151302685525,0.46792495726773664,False,-4.866556844861431,-0.4867919906264963,True,-8.413768558617726,-0.8490564736724859,True
2022-03-10,NTR,-8.025385700147583,-1.5719862087399121,-0.5904395735146686,-0.09727782027958656,True,-4.4844698529070515,-0.8696518254344978,True,-8.025385700147583,-1.5719862087399121,False
2022-03-10,RGLD,2.9711763215683993,0.8904334661543317,2.9711763215683993,0.8904334661543317,False,-0.13670146042701736,-0.010640941840899346,True,2.9711763215683993,0.8904334661543317,False
2022-03-10,RRC,-9.231580606204298,-2.1239673485237733,-2.231872557408395,-0.4958646151656182,True,-9.231580606204298,-2.1239673485237733,False,-9.231580606204298,-2.1239673485237733,False
2022-03-10,TECK,-8.316722354288538,-1.8787950604879553,-1.0928972233491365,-0.22703096421737434,True,-8.316722354288538,-1.8787950604879553,False,-8.316722354288538,-1.8787950604879553,False
2022-03-11,PWR,1.5341934829650814,0.8175054942296498,1.5341934829650814,0.8175054942296498,False,-0.48902787249810487,-0.19461124186999457,True,1.5341934829650814,0.8175054942296498,False
2022-03-11,RGLD,2.235216465248348,0.603588281684855,-0.11456634199338005,-0.0037649928668573385,True,-1.7247794332826443,-0.41996013682083944,True,-0.11456634199338005,-0.0037649928668573385,True
2022-03-17,DE,-0.4817520300168704,-0.07009765635238328,-0.4817520300168704,-0.07009765635238328,False,-0.4817520300168704,-0.07009765635238328,False,-0.4817520300168704,-0.07009765635238328,False
2022-03-17,P,-1.0743959592831207,-0.13524516479032442,-1.0743959592831207,-0.13524516479032442,False,-1.0743959592831207,-0.13524516479032442,False,-1.0743959592831207,-0.13524516479032442,False
2022-03-17,WLK,-3.47449115970873,-0.8829791842765031,-3.47449115970873,-0.8829791842765031,False,-3.47449115970873,-0.8829791842765031,False,-3.47449115970873,-0.8829791842765031,False
2022-03-18,DE,-2.1687138892114417,-0.9427960292407687,-2.1687138892114417,-0.9427960292407687,False,-2.1687138892114417,-0.9427960292407687,False,-2.1687138892114417,-0.9427960292407687,False
2022-03-18,STLD,2.1406696001317473,0.36374005156022715,2.1406696001317473,0.36374005156022715,False,2.1406696001317473,0.36374005156022715,False,2.1406696001317473,0.36374005156022715,False
2022-03-21,AGCO,-0.6768073242240356,-0.18764495868274345,-0.6768073242240356,-0.18764495868274345,False,-0.6768073242240356,-0.18764495868274345,False,-0.6768073242240356,-0.18764495868274345,False
2022-03-21,CCJ,-6.1099741546486195,-1.0999994016823849,-1.8415235748768313,-0.3187492726401399,True,-1.0219807478813856,-0.1687491900855773,True,-4.163561584697266,-0.7437495065447339,True
2022-03-21,DE,-2.317728861928148,-1.1094191405343516,-2.317728861928148,-1.1094191405343516,False,-2.317728861928148,-1.1094191405343516,False,-2.317728861928148,-1.1094191405343516,False
2022-03-21,EQT,28.49230943117158,9.564700839047369,28.49230943117158,9.564700839047369,False,28.49230943117158,9.564700839047369,False,28.49230943117158,9.564700839047369,False
2022-03-21,NTR,-0.9700246199740739,-0.22064506124206057,-0.9700246199740739,-0.22064506124206057,False,-0.9700246199740739,-0.22064506124206057,False,-0.9700246199740739,-0.22064506124206057,False
2022-03-21,P,-4.517519962712332,-1.5979353468617272,-4.517519962712332,-1.5979353468617272,False,-4.517519962712332,-1.5979353468617272,False,-4.517519962712332,-1.5979353468617272,False
2022-03-22,DAR,-4.847898911872611,-1.0686813301977356,-4.847898911872611,-1.0686813301977356,False,-4.847898911872611,-1.0686813301977356,False,-4.847898911872611,-1.0686813301977356,False
2022-03-24,AGCO,-4.922773829825376,-1.7737834621013586,-4.922773829825376,-1.7737834621013586,False,-0.5753125958932739,-0.17481674481809628,True,-4.922773829825376,-1.7737834621013586,False
2022-03-24,EQT,18.79099550692606,3.1576067892747224,18.79099550692606,3.1576067892747224,False,18.79099550692606,3.1576067892747224,False,18.79099550692606,3.1576067892747224,False
2022-03-24,NUE,-4.359029631737414,-1.072414228488742,-4.359029631737414,-1.072414228488742,False,-2.0662014985750923,-0.49508518265172546,True,-2.948055207532571,-0.717133993461659,True
2022-03-24,P,-6.28218335636776,-1.6616559252662404,-6.28218335636776,-1.6616559252662404,False,-6.28218335636776,-1.6616559252662404,False,-1.2748899390961483,-0.31578856793756505,True
2022-03-25,AGCO,-3.929467457666922,-1.3064628991693483,-3.929467457666922,-1.3064628991693483,False,-3.929467457666922,-1.3064628991693483,False,-3.929467457666922,-1.3064628991693483,False
2022-03-25,EXE,-3.222047728438668,-0.8063609143849497,-3.222047728438668,-0.8063609143849497,False,-1.4540149533986424,-0.34971429999868925,True,-3.222047728438668,-0.8063609143849497,False
2022-03-28,AGCO,-4.356196550839845,-1.824207114319095,-4.356196550839845,-1.824207114319095,False,-4.356196550839845,-1.824207114319095,False,-4.356196550839845,-1.824207114319095,False
2022-03-29,COHR,-2.770529539164303,-1.275640304587892,-2.770529539164303,-1.275640304587892,False,-2.770529539164303,-1.275640304587892,False,-2.770529539164303,-1.275640304587892,False
2022-04-01,INSP,-4.655113980747806,-1.145146885610862,-4.655113980747806,-1.145146885610862,False,-3.991528373162407,-0.9783227413470015,True,-4.655113980747806,-1.145146885610862,False
2022-04-01,LNTH,-0.7336770537202914,-0.09585463040925964,-0.7336770537202914,-0.09585463040925964,False,-0.7336770537202914,-0.09585463040925964,False,-0.7336770537202914,-0.09585463040925964,False
2022-04-01,TECK,-8.557472612192424,-2.203700573476571,-8.557472612192424,-2.203700573476571,False,-8.557472612192424,-2.203700573476571,False,-8.557472612192424,-2.203700573476571,False
2022-04-04,TENB,-3.407168344617085,-1.1785709420029882,-3.407168344617085,-1.1785709420029882,False,-3.407168344617085,-1.1785709420029882,False,-3.407168344617085,-1.1785709420029882,False
2022-04-07,LNTH,-2.950917773942296,-1.0759487864177293,-2.950917773942296,-1.0759487864177293,False,-2.950917773942296,-1.0759487864177293,False,-2.950917773942296,-1.0759487864177293,False
2022-04-08,PR,-4.874661209712633,-1.071423825949714,-4.874661209712633,-1.071423825949714,False,-4.874661209712633,-1.071423825949714,False,-4.874661209712633,-1.071423825949714,False
2022-04-12,TENB,-4.1163616754635495,-1.6896548095414736,-4.1163616754635495,-1.6896548095414736,False,-4.1163616754635495,-1.6896548095414736,False,-4.1163616754635495,-1.6896548095414736,False
2022-04-13,TENB,-6.703781359767288,-2.4497057714836474,-6.703781359767288,-2.4497057714836474,False,-6.703781359767288,-2.4497057714836474,False,-6.703781359767288,-2.4497057714836474,False
2022-04-18,EQT,-7.700599400465253,-1.4008101289889394,-7.700599400465253,-1.4008101289889394,False,-7.700599400465253,-1.4008101289889394,False,-7.700599400465253,-1.4008101289889394,False
2022-05-03,OLN,-1.352892773107445,-0.2572620142290976,-1.352892773107445,-0.2572620142290976,False,-1.352892773107445,-0.2572620142290976,False,-3.7309405005923555,-0.7455570714256861,True
2022-05-03,VLO,9.191007444070294,2.129230027131566,9.191007444070294,2.129230027131566,False,9.191007444070294,2.129230027131566,False,-0.45402072616639816,-0.0811313051806399,True
2022-05-04,VLO,-7.723105499222013,-1.5186344306744206,-7.723105499222013,-1.5186344306744206,False,-7.723105499222013,-1.5186344306744206,False,-7.723105499222013,-1.5186344306744206,False
2022-05-05,WCC,-6.73287042518297,-2.021726567609399,-6.73287042518297,-2.021726567609399,False,-6.73287042518297,-2.021726567609399,False,-6.73287042518297,-2.021726567609399,False
2022-05-23,COP,2.4120378778725544,0.8430749559792855,2.4120378778725544,0.8430749559792855,False,2.4120378778725544,0.8430749559792855,False,2.4120378778725544,0.8430749559792855,False
2022-05-23,EXE,-2.7063890833794195,-0.44802768155932354,-2.7063890833794195,-0.44802768155932354,False,-2.7063890833794195,-0.44802768155932354,False,-2.7063890833794195,-0.44802768155932354,False
2022-05-24,EXE,-4.695621345702284,-1.260500032016875,-4.695621345702284,-1.260500032016875,False,-4.695621345702284,-1.260500032016875,False,-4.695621345702284,-1.260500032016875,False
2022-05-24,UTHR,6.820495031502675,1.5422177861876163,6.820495031502675,1.5422177861876163,False,6.820495031502675,1.5422177861876163,False,6.820495031502675,1.5422177861876163,False
2022-05-25,UTHR,-5.320906218008317,-1.0604437934027777,-5.320906218008317,-1.0604437934027777,False,-5.320906218008317,-1.0604437934027777,False,-0.17002218166543043,-0.014222547743055555,True
2022-05-26,ALB,-5.152497310395293,-0.7267664584322558,-5.152497310395293,-0.7267664584322558,False,-5.950815026733822,-0.8415988875784058,True,-1.781201860289567,-0.24182914840914313,True
2022-05-27,ALB,-11.462971023081678,-2.3071122487886275,-11.462971023081678,-2.3071122487886275,False,-11.462971023081678,-2.3071122487886275,False,-11.462971023081678,-2.3071122487886275,False
2022-05-27,UTHR,-6.317471507448372,-1.1451991385512605,-3.1472829514430227,-0.5612805473630044,True,-3.321051622560582,-0.5932870844629524,True,-4.333986521176626,-0.7798600622263304,True
2022-06-07,APA,-11.419502026974275,-1.7477493965451185,-5.1179272831320555,-0.7747760776138675,True,-5.1179272831320555,-0.7747760776138675,True,-11.419502026974275,-1.7477493965451185,False
2022-06-07,DAR,-5.282079179777946,-1.1133003352425623,-5.282079179777946,-1.1133003352425623,False,-5.282079179777946,-1.1133003352425623,False,-5.282079179777946,-1.1133003352425623,False
2022-06-07,SLB,-9.516904746567763,-2.2378608962423296,-3.6134779056190967,-0.8349532066427813,True,-3.6134779056190967,-0.8349532066427813,True,-9.516904746567763,-2.2378608962423296,False
2022-06-08,SLB,-4.858575467034062,-1.583898812740526,-4.858575467034062,-1.583898812740526,False,-4.858575467034062,-1.583898812740526,False,-4.858575467034062,-1.583898812740526,False
2022-07-20,LNTH,-7.5126884149666155,-1.8518510907203996,-7.5126884149666155,-1.8518510907203996,False,-7.5126884149666155,-1.8518510907203996,False,-7.5126884149666155,-1.8518510907203996,False
2022-07-28,LNTH,-6.075628851135159,-1.500001263146194,-6.075628851135159,-1.500001263146194,False,-6.075628851135159,-1.500001263146194,False,-6.075628851135159,-1.500001263146194,False
2022-08-08,SRPT,-5.75788327868348,-1.048171608026827,-2.314735976547413,-0.4102989149031625,True,-2.081604073509371,-0.36710922192904416,True,-2.278869003701133,-0.40365424926557625,True
2022-08-10,FSLR,11.858042371754923,2.3702435070934906,11.858042371754923,2.3702435070934906,False,11.858042371754923,2.3702435070934906,False,11.858042371754923,2.3702435070934906,False
2022-08-11,EXE,1.5569033583022136,0.5395118192733365,1.5569033583022136,0.5395118192733365,False,1.5569033583022136,0.5395118192733365,False,1.5569033583022136,0.5395118192733365,False
2022-08-12,ON,-3.176036154493716,-0.4649680084230987,-3.176036154493716,-0.4649680084230987,False,-4.131151767261861,-0.6093415404551713,True,-3.176036154493716,-0.4649680084230987,False
2022-08-15,ALB,-5.046846608800902,-1.7865362034246948,-5.046846608800902,-1.7865362034246948,False,-1.7079374715434699,-0.5807009460622643,True,-5.046846608800902,-1.7865362034246948,False
2022-08-16,QLYS,-2.6180290921158096,-1.2596443682420226,-1.3911341143557818,-0.6458900021789833,True,-1.3911341143557818,-0.6458900021789833,True,-2.6180290921158096,-1.2596443682420226,False
2022-08-18,ON,-5.940080245607128,-0.9029537359101598,-1.0824453516624843,-0.15189906016762142,True,-2.8290102389078453,-0.4219411184311125,True,-5.940080245607128,-0.9029537359101598,False
2022-08-22,AMR,-8.271939994166878,-0.9618108399164974,-0.7008892742715178,-0.07072271920700086,True,-8.271939994166878,-0.9618108399164974,False,-3.044304459705946,-0.3465350880428712,True
2022-08-23,OXY,-7.400854440679749,-1.623492786701139,-0.425074129152543,-0.07228681356550778,True,-0.425074129152543,-0.07228681356550778,True,-2.5110420187999654,-0.5361440031107712,True
2022-08-24,OXY,-3.9693724513409743,-1.5846962523805685,-1.9145924123507487,-0.7431638674260734,True,-3.9693724513409743,-1.5846962523805685,False,-3.9693724513409743,-1.5846962523805685,False
2022-08-24,SRPT,-8.453116635923019,-1.4845197673388644,-2.591129071935836,-0.44272461543003927,True,-3.993478187444668,-0.6919507514246066,True,-4.777401085149215,-0.8312698928223449,True
2022-08-29,FANG,-6.530771207549625,-1.3805832200996786,-6.530771207549625,-1.3805832200996786,False,-6.530771207549625,-1.3805832200996786,False,-6.530771207549625,-1.3805832200996786,False
2022-09-07,FSLR,-4.986276847629324,-0.7139755082472651,-4.986276847629324,-0.7139755082472651,False,-4.986276847629324,-0.7139755082472651,False,-4.986276847629324,-0.7139755082472651,False
2022-09-09,ALB,-4.509201770536528,-2.2057037371368393,-4.509201770536528,-2.2057037371368393,False,-4.509201770536528,-2.2057037371368393,False,-4.509201770536528,-2.2057037371368393,False
2022-10-05,LVS,-7.909328568939089,-2.503763698960912,-0.38142686504466733,-0.09022880294905722,True,-7.909328568939089,-2.503763698960912,False,-7.909328568939089,-2.503763698960912,False
2022-10-06,LVS,-8.872031214959401,-4.388209712335851,-1.4227824096901238,-0.661722065878004,True,-8.872031214959401,-4.388209712335851,False,-8.872031214959401,-4.388209712335851,False
2022-10-13,PBF,7.8093235716565195,1.2784606575119082,-5.816134671768483,-0.9239542705123167,True,7.8093235716565195,1.2784606575119082,False,7.8093235716565195,1.2784606575119082,False
2022-10-19,DINO,5.3317086029015925,1.61518538466238,-0.8863466938987671,-0.23382986461836386,True,-1.4384733969956844,-0.3980115331356282,True,5.3317086029015925,1.61518538466238,False
2022-10-19,SLB,12.978985025974485,3.6502980042025523,12.978985025974485,3.6502980042025523,False,12.978985025974485,3.6502980042025523,False,12.978985025974485,3.6502980042025523,False
2022-10-20,FTI,14.74308263978358,3.9487084510341752,14.74308263978358,3.9487084510341752,False,14.74308263978358,3.9487084510341752,False,14.74308263978358,3.9487084510341752,False
2022-10-21,EOG,1.1215945833453198,0.4881583706415848,-1.069891180166242,-0.38757580024057,True,-0.618255618739486,-0.20709883775590368,True,-1.069891180166242,-0.38757580024057,True
2022-10-21,FTI,-5.837860424696637,-1.2399978725589564,-5.837860424696637,-1.2399978725589564,False,-5.837860424696637,-1.2399978725589564,False,-5.837860424696637,-1.2399978725589564,False
2022-10-24,SLB,-1.499126860593261,-0.2931763822905799,-3.3582009909223145,-0.682731213443466,True,-1.0007943801998214,-0.18875460475591777,True,-0.32998971244302666,-0.048192593364628465,True
2022-11-04,HAL,-4.437762322535195,-1.8764124383017142,-4.437762322535195,-1.8764124383017142,False,-4.437762322535195,-1.8764124383017142,False,-4.437762322535195,-1.8764124383017142,False
2022-11-04,RNR,-4.82231615311471,-1.2631613968009294,-4.82231615311471,-1.2631613968009294,False,-0.9635791282566515,-0.23099677838751365,True,-4.82231615311471,-1.2631613968009294,False
2022-11-07,FTI,-5.118042690611899,-1.2978682075012413,-5.118042690611899,-1.2978682075012413,False,-5.118042690611899,-1.2978682075012413,False,-5.118042690611899,-1.2978682075012413,False
2022-11-08,DAR,-13.114572630416237,-6.247067165719723,-13.114572630416237,-6.247067165719723,False,-13.114572630416237,-6.247067165719723,False,-13.114572630416237,-6.247067165719723,False
2022-11-10,AXON,-7.385005373765598,-1.7187106224798387,-7.385005373765598,-1.7187106224798387,False,-7.385005373765598,-1.7187106224798387,False,-7.385005373765598,-1.7187106224798387,False
2022-11-11,MUR,-5.3014047129066455,-1.4505456186870724,-5.3014047129066455,-1.4505456186870724,False,-5.3014047129066455,-1.4505456186870724,False,-5.3014047129066455,-1.4505456186870724,False
2022-11-11,OVV,-5.566962037614602,-1.225680474348128,-5.566962037614602,-1.225680474348128,False,-4.247963897920524,-0.929964086635671,True,-5.566962037614602,-1.225680474348128,False
2022-11-15,OVV,-5.705974626938253,-1.0684085567411625,-5.705974626938253,-1.0684085567411625,False,-5.705974626938253,-1.0684085567411625,False,-5.705974626938253,-1.0684085567411625,False
2022-11-16,AXON,-11.406112002263244,-2.0960238339085597,-3.144955126586674,-0.5644998490400724,True,-2.239840600600766,-0.3967019695830546,True,-1.821287900468336,-0.31910708682859834,True
2022-11-23,SMCI,-5.052572652065677,-1.2625695942886066,-5.052572652065677,-1.2625695942886066,False,-5.052572652065677,-1.2625695942886066,False,-0.8779500235752534,-0.1983244092810144,True
2022-11-28,OLLI,-7.955278518264183,-2.1214745085578293,-2.911194094637828,-0.7592189884185475,True,-2.9433227624979903,-0.7678959754535435,True,-7.955278518264183,-2.1214745085578293,False
2022-11-30,INSP,-5.085709187841065,-1.0387928199542762,-0.9606042832746516,-0.17931040833024212,True,-2.834898956714978,-0.5698273390001289,True,-5.085709187841065,-1.0387928199542762,False
2022-11-30,LSCC,-8.100942858214347,-1.0542501117506498,-2.3644191729413766,-0.29837285535327,True,-3.5583883111351335,-0.4556970757200329,True,-4.73863077774986,-0.6112125911250669,True
2022-11-30,TPR,-2.799201692399834,-1.2289111332738654,-2.799201692399834,-1.2289111332738654,False,-1.7407049875121932,-0.7469914646426626,True,-2.799201692399834,-1.2289111332738654,False
2022-12-01,TPR,-3.554614715521822,-1.7281714434826598,-3.554614715521822,-1.7281714434826598,False,-3.554614715521822,-1.7281714434826598,False,-3.554614715521822,-1.7281714434826598,False
2022-12-02,ENPH,-7.914539886656259,-0.9954518541817963,-7.914539886656259,-0.9954518541817963,False,-7.914539886656259,-0.9954518541817963,False,-7.914539886656259,-0.9954518541817963,False
2022-12-08,ALNY,-3.7282843532881795,-1.2272738109945749,-2.905198451131252,-0.9488635008984054,True,-0.5325380461607535,-0.14630678431551045,True,-3.7282843532881795,-1.2272738109945749,False
2023-01-09,FOUR,4.73236309549084,2.0144903098471634,4.73236309549084,2.0144903098471634,False,4.73236309549084,2.0144903098471634,False,4.73236309549084,2.0144903098471634,False
2023-01-09,RIG,30.419092578848318,6.6666746139602155,30.419092578848318,6.6666746139602155,False,30.419092578848318,6.6666746139602155,False,30.419092578848318,6.6666746139602155,False
2023-01-10,RIG,26.788224895341315,5.370371809385215,26.788224895341315,5.370371809385215,False,26.788224895341315,5.370371809385215,False,26.788224895341315,5.370371809385215,False
2023-01-11,CROX,-3.1364505407742285,-0.590475602268475,-3.1364505407742285,-0.590475602268475,False,-3.1364505407742285,-0.590475602268475,False,-0.9325738425095974,-0.16190434669931567,True
2023-01-17,RIG,12.578994385026595,1.6382969009660513,-1.087972670711426,-0.12765938019321024,True,-1.087972670711426,-0.12765938019321024,True,12.578994385026595,1.6382969009660513,False
2023-01-23,RIG,9.686438709165849,3.050003576282097,9.686438709165849,3.050003576282097,False,9.686438709165849,3.050003576282097,False,9.686438709165849,3.050003576282097,False
2023-01-26,MELI,-3.878245329314503,-1.2055287162438793,-3.878245329314503,-1.2055287162438793,False,-0.6793947311691264,-0.184868087057629,True,-3.878245329314503,-1.2055287162438793,False
2023-01-26,RIG,2.601355993170212,0.4186055279864711,-0.550221228103418,-0.06976684871503423,True,2.601355993170212,0.4186055279864711,False,2.601355993170212,0.4186055279864711,False
2023-01-27,MELI,-4.967083836266417,-1.5539571557982572,-4.967083836266417,-1.5539571557982572,False,-4.967083836266417,-1.5539571557982572,False,-4.967083836266417,-1.5539571557982572,False
2023-02-01,PI,-10.23798112872479,-1.6406965809691099,-10.23798112872479,-1.6406965809691099,False,-10.23798112872479,-1.6406965809691099,False,-10.23798112872479,-1.6406965809691099,False
2023-02-01,RIG,-4.299575905431298,-0.7499991059305415,-2.619745543258776,-0.44999946355832493,True,-2.8997172702875296,-0.49999940395369435,True,-4.299575905431298,-0.7499991059305415,False
2023-02-02,ALGM,5.225809054625191,0.9125018874822179,5.225809054625191,0.9125018874822179,False,5.225809054625191,0.9125018874822179,False,5.225809054625191,0.9125018874822179,False
2023-02-02,CHWY,-9.7915096501799,-0.8870369559289563,-1.4556011375828284,-0.12407440635556642,True,-5.421226693088444,-0.48703709721400024,True,-8.678707584467347,-0.7851852741424351,True
2023-02-02,ETSY,-7.2758971720273955,-1.7557761841932982,-0.5720964670548494,-0.1155110941009397,True,-2.23793065796579,-0.5231022188201879,True,-7.2758971720273955,-1.7557761841932982,False
2023-02-02,FND,-6.2496941014462815,-1.88109770280706,-0.588385391702598,-0.14938964821034806,True,-6.2496941014462815,-1.88109770280706,False,-1.4156558745881984,-0.402439081122824,True
2023-02-02,MPWR,-3.8241940701375263,-1.4049365546337311,-3.8241940701375263,-1.4049365546337311,False,-3.8241940701375263,-1.4049365546337311,False,-3.8241940701375263,-1.4049365546337311,False
2023-02-02,THO,-4.103067232398259,-1.2996870169017065,-0.5663801020271306,-0.1514209300908564,True,-4.103067232398259,-1.2996870169017065,False,-4.103067232398259,-1.2996870169017065,False
2023-02-07,ALGM,0.9498967342576473,0.23809571865690318,-0.35664241282627285,-0.058201399933797825,True,-0.35664241282627285,-0.058201399933797825,True,0.9498967342576473,0.23809571865690318,False
2023-02-07,ON,-7.4037239438288145,-1.332621907575383,-2.1216657948717694,-0.36886883304485885,True,-2.1216657948717694,-0.36886883304485885,True,-7.4037239438288145,-1.332621907575383,False
2023-02-08,RIG,-6.8785206577334375,-1.69999809265258,-2.359508998494205,-0.5666665607029211,True,-2.492417937244279,-0.59999904632629,True,-6.8785206577334375,-1.69999809265258,False
2023-02-14,TOST,-20.32086738481011,-3.0059161647181245,-20.32086738481011,-3.0059161647181245,False,-20.32086738481011,-3.0059161647181245,False,-20.32086738481011,-3.0059161647181245,False
2023-02-14,WING,-3.2779176234185985,-0.487524261070851,-3.2779176234185985,-0.487524261070851,False,-3.2779176234185985,-0.487524261070851,False,-3.2779176234185985,-0.487524261070851,False
2023-02-15,ALGM,-6.716892908185078,-1.2854121973643886,-3.1907844652761126,-0.6004226010936013,True,-6.716892908185078,-1.2854121973643886,False,-6.716892908185078,-1.2854121973643886,False
2023-02-15,TOST,-22.931408349984668,-5.542056158063987,-22.931408349984668,-5.542056158063987,False,-22.931408349984668,-5.542056158063987,False,-22.931408349984668,-5.542056158063987,False
2023-02-15,WING,-4.804689815124524,-1.39626157893915,-0.6329438917034736,-0.1581675113465897,True,-4.804689815124524,-1.39626157893915,False,-4.804689815124524,-1.39626157893915,False
2023-02-24,SMCI,-5.5984715027618215,-0.8709678411732042,-0.4360176489985017,-0.053225803970669894,True,-5.5984715027618215,-0.8709678411732042,False,-0.4360176489985017,-0.053225803970669894,True
2023-03-02,PR,-9.537161624727014,-1.1837141315580797,-0.5196216148126914,-0.052633625989782,True,-1.6152206167907412,-0.19005587991879241,True,-7.683105874068868,-0.9511577676827226,True
2023-03-03,NTRA,-6.961670574893638,-1.7828416951036172,-6.961670574893638,-1.7828416951036172,False,-0.7706889145170944,-0.17426254265542598,True,-6.961670574893638,-1.7828416951036172,False
2023-03-21,AGL,-4.145254297994262,-1.2486187845303867,-4.145254297994262,-1.2486187845303867,False,-4.145254297994262,-1.2486187845303867,False,-2.6059097421203297,-0.7734806629834254,True
2023-03-22,SMCI,-8.768134506554444,-2.3405282031578754,-1.6186958558468596,-0.41007098816254095,True,-1.5565271187052505,-0.393284483231791,True,-8.768134506554444,-2.3405282031578754,False
2023-03-31,DUOL,-5.6305804000908015,-1.2503965835775708,-5.6305804000908015,-1.2503965835775708,False,-4.277720465911536,-0.9445314993761064,True,-5.6305804000908015,-1.2503965835775708,False
2023-03-31,FOUR,-3.7788994759874157,-1.0813949362147584,-3.7788994759874157,-1.0813949362147584,False,-3.7788994759874157,-1.0813949362147584,False,-3.7788994759874157,-1.0813949362147584,False
2023-03-31,RMBS,-4.896662437457674,-2.1769956316546373,-4.896662437457674,-2.1769956316546373,False,-4.896662437457674,-2.1769956316546373,False,-4.896662437457674,-2.1769956316546373,False
2023-04-04,ONON,-9.81522025272282,-3.807235532840945,-9.81522025272282,-3.807235532840945,False,-9.81522025272282,-3.807235532840945,False,-9.81522025272282,-3.807235532840945,False
2023-04-13,KGC,-3.1060191191174833,-1.503761440278883,-3.1060191191174833,-1.503761440278883,False,-3.1060191191174833,-1.503761440278883,False,-3.1060191191174833,-1.503761440278883,False
2023-04-17,IOT,-7.554058045307582,-1.4196443472603977,-7.554058045307582,-1.4196443472603977,False,-7.554058045307582,-1.4196443472603977,False,-0.47504655201103896,-0.07142857142857142,True
2023-04-18,DKNG,17.0520322152277,3.004184995307442,17.0520322152277,3.004184995307442,False,17.0520322152277,3.004184995307442,False,17.0520322152277,3.004184995307442,False
2023-04-19,DKNG,14.478966469362941,3.1200008392333984,14.478966469362941,3.1200008392333984,False,14.478966469362941,3.1200008392333984,False,-4.679287379219075,-0.9799995422363281,True
2023-05-05,ONON,-3.7843851537066464,-1.0775863486436448,-3.7843851537066464,-1.0775863486436448,False,-3.7843851537066464,-1.0775863486436448,False,-3.7843851537066464,-1.0775863486436448,False
2023-05-08,SHOP,-6.7136509848117125,-1.3786418674014598,-4.835120463973381,-0.9870547045519639,True,-2.3976946144506917,-0.4789635862641107,True,-4.446995253255488,-0.906148459798722,True
2023-05-16,SMCI,50.66313956472065,8.98908366183425,50.66313956472065,8.98908366183425,False,50.66313956472065,8.98908366183425,False,50.66313956472065,8.98908366183425,False
2023-05-17,RMBS,13.040020570158706,3.4851481782936222,13.040020570158706,3.4851481782936222,False,13.040020570158706,3.4851481782936222,False,13.040020570158706,3.4851481782936222,False
2023-05-17,SMCI,42.39056814170276,8.974008132976913,42.39056814170276,8.974008132976913,False,42.39056814170276,8.974008132976913,False,42.39056814170276,8.974008132976913,False
2023-05-17,STNE,-6.165932757680126,-1.3749996529999182,-6.165932757680126,-1.3749996529999182,False,-6.165932757680126,-1.3749996529999182,False,-6.165932757680126,-1.3749996529999182,False
2023-05-18,SMCI,33.5183310513379,6.075745457743087,-0.32472199082881514,-0.04061336694401058,True,-1.709546062366895,-0.2908886869642775,True,33.5183310513379,6.075745457743087,False
2023-05-19,RMBS,-3.69665267538113,-1.2441848086442753,-3.69665267538113,-1.2441848086442753,False,-3.69665267538113,-1.2441848086442753,False,-3.69665267538113,-1.2441848086442753,False
2023-05-22,VRT,99.66835899015531,18.942526969625664,99.66835899015531,18.942526969625664,False,99.66835899015531,18.942526969625664,False,99.66835899015531,18.942526969625664,False
2023-05-26,AMD,-7.039769959608579,-1.4364821777823062,-7.039769959608579,-1.4364821777823062,False,-7.039769959608579,-1.4364821777823062,False,-7.039769959608579,-1.4364821777823062,False
2023-05-26,PLTR,2.828942000670451,0.4819284445455569,2.828942000670451,0.4819284445455569,False,2.828942000670451,0.4819284445455569,False,2.828942000670451,0.4819284445455569,False
2023-05-26,RMBS,-6.335602708435174,-1.140110647315089,-4.096792196133699,-0.7307690292317254,True,-0.77614547875196,-0.1236256855197479,True,-5.058426925891746,-0.9065932511216167,True
2023-05-26,SMCI,0.2328928583114421,0.059983575160878794,0.2328928583114421,0.059983575160878794,False,0.2328928583114421,0.059983575160878794,False,0.2328928583114421,0.059983575160878794,False
2023-05-26,VRT,80.60931943994619,12.751991573960089,80.60931943994619,12.751991573960089,False,-1.8215486595918322,-0.2720029626518191,True,80.60931943994619,12.751991573960089,False
2023-05-31,MNDY,-7.1220165785645095,-1.0806664634765824,-2.984238089782456,-0.44387525170822945,True,-2.013580470680285,-0.29449406971503894,True,-7.1220165785645095,-1.0806664634765824,False
2023-05-31,PCOR,3.7512203908339368,1.035554673936632,3.7512203908339368,1.035554673936632,False,3.7512203908339368,1.035554673936632,False,3.7512203908339368,1.035554673936632,False
2023-06-02,PCOR,-0.7011571157749047,-0.3007289223486313,-0.7011571157749047,-0.3007289223486313,False,-0.7011571157749047,-0.3007289223486313,False,-0.7011571157749047,-0.3007289223486313,False
2023-06-05,CELH,-4.20382709228553,-1.0745468656691572,-4.20382709228553,-1.0745468656691572,False,-4.20382709228553,-1.0745468656691572,False,-4.20382709228553,-1.0745468656691572,False
2023-06-06,DUOL,-8.871429747138881,-2.505980917404391,-8.871429747138881,-2.505980917404391,False,-8.871429747138881,-2.505980917404391,False,-8.871429747138881,-2.505980917404391,False
2023-06-06,IOT,-5.5084743655468555,-1.357142248932652,-5.5084743655468555,-1.357142248932652,False,-5.5084743655468555,-1.357142248932652,False,-5.5084743655468555,-1.357142248932652,False
2023-06-07,NCLH,19.86650721105519,9.988247729392253,19.86650721105519,9.988247729392253,False,19.86650721105519,9.988247729392253,False,19.86650721105519,9.988247729392253,False
2023-06-07,NU,3.2812585184637135,0.8620690789149158,3.2812585184637135,0.8620690789149158,False,3.2812585184637135,0.8620690789149158,False,-0.641000847015073,-0.1379309210850842,True
2023-06-12,ACLS,-4.503790285240407,-1.1451140132988111,-4.503790285240407,-1.1451140132988111,False,-4.503790285240407,-1.1451140132988111,False,-4.503790285240407,-1.1451140132988111,False
2023-06-12,TOST,-6.438508199953323,-1.5806459551916783,-6.438508199953323,-1.5806459551916783,False,-0.7467843690559903,-0.16128985947152105,True,-6.438508199953323,-1.5806459551916783,False
2023-06-13,CCL,-4.921575936873778,-1.2333321424544692,-4.921575936873778,-1.2333321424544692,False,-4.921575936873778,-1.2333321424544692,False,-4.921575936873778,-1.2333321424544692,False
2023-06-13,CELH,-4.39914045679601,-1.0770510689769528,-4.39914045679601,-1.0770510689769528,False,-4.39914045679601,-1.0770510689769528,False,-4.39914045679601,-1.0770510689769528,False
2023-06-13,DOCN,-6.515275764488056,-1.6216196153552715,-6.515275764488056,-1.6216196153552715,False,-6.515275764488056,-1.6216196153552715,False,-6.515275764488056,-1.6216196153552715,False
2023-06-13,TOST,-8.453783892976558,-2.911765530859765,-8.453783892976558,-2.911765530859765,False,-8.453783892976558,-2.911765530859765,False,-8.453783892976558,-2.911765530859765,False
2023-06-14,CCL,-6.507049769741478,-2.439019108657891,-6.507049769741478,-2.439019108657891,False,-6.507049769741478,-2.439019108657891,False,-6.507049769741478,-2.439019108657891,False
2023-06-15,AXSM,-11.496867792225512,-2.342234304168765,-11.496867792225512,-2.342234304168765,False,-11.496867792225512,-2.342234304168765,False,-11.496867792225512,-2.342234304168765,False
2023-06-15,CCL,-9.524569916317386,-2.140843136120699,-2.084121879695453,-0.45070424911577395,True,-1.5260962377573557,-0.32394564093205536,True,-2.084121879695453,-0.45070424911577395,True
2023-06-15,SNOW,-9.305781617465227,-1.3927166103472313,-3.658803645554716,-0.5384013173552861,True,-9.305781617465227,-1.3927166103472313,False,-9.305781617465227,-1.3927166103472313,False
2023-06-20,STNE,-9.890730005243224,-1.463157711061977,-4.607958214404696,-0.6736835577141979,True,-4.607958214404696,-0.6736835577141979,True,-9.890730005243224,-1.463157711061977,False
2023-06-20,TSLA,-5.559109154739286,-1.124531247853699,-5.559109154739286,-1.124531247853699,False,-5.559109154739286,-1.124531247853699,False,-5.559109154739286,-1.124531247853699,False
2023-06-20,XP,-5.050943223856669,-1.0833314005477017,-0.8193653885826003,-0.157406594800675,True,-0.8193653885826003,-0.157406594800675,True,-5.050943223856669,-1.0833314005477017,False
2023-06-22,AXSM,-5.664453641188757,-1.4820279729711503,-2.5780054262855545,-0.6599881310440635,True,-5.664453641188757,-1.4820279729711503,False,-5.664453641188757,-1.4820279729711503,False
2023-06-28,NCLH,-3.183410669818841,-0.4248366909344769,-3.183410669818841,-0.4248366909344769,False,-3.183410669818841,-0.4248366909344769,False,-3.183410669818841,-0.4248366909344769,False
2023-06-28,PR,-0.2857952585184335,-0.05000385603728535,-0.2857952585184335,-0.05000385603728535,False,-0.2857952585184335,-0.05000385603728535,False,-1.9578012532514555,-0.49999783177595086,True
2023-06-30,MSTR,18.84677740414101,3.2197444756869675,18.84677740414101,3.2197444756869675,False,18.84677740414101,3.2197444756869675,False,18.84677740414101,3.2197444756869675,False
2023-06-30,NCLH,-6.298095328003502,-2.249999205271908,-6.298095328003502,-2.249999205271908,False,-0.23773856532689894,-0.05000111261932842,True,-6.298095328003502,-2.249999205271908,False
2023-07-05,CCL,-5.250987708686732,-2.41463429260912,-0.9845098834426158,-0.4146326913400375,True,-5.250987708686732,-2.41463429260912,False,-5.250987708686732,-2.41463429260912,False
2023-07-07,RIG,5.0720581414392765,0.9523810064441124,5.0720581414392765,0.9523810064441124,False,5.0720581414392765,0.9523810064441124,False,5.0720581414392765,0.9523810064441124,False
2023-07-10,HOOD,2.8423275880623864,0.4925371434753027,2.8423275880623864,0.4925371434753027,False,2.8423275880623864,0.4925371434753027,False,2.8423275880623864,0.4925371434753027,False
2023-07-10,RIG,1.6513184876037856,0.43750149011754047,-2.3516875291383865,-0.5625,True,1.6513184876037856,0.43750149011754047,False,-0.8505625097127916,-0.1875,True
2023-07-11,HOOD,-2.550168755210734,-0.5742572200683246,-2.550168755210734,-0.5742572200683246,False,-2.550168755210734,-0.5742572200683246,False,-2.550168755210734,-0.5742572200683246,False
2023-07-11,MSTR,-1.304824981446957,-0.3231459135813799,-1.304824981446957,-0.3231459135813799,False,-1.304824981446957,-0.3231459135813799,False,-1.304824981446957,-0.3231459135813799,False
2023-07-13,HOOD,-7.405581216246519,-1.4918038681677404,-0.6619654301097936,-0.11475366265862662,True,-7.405581216246519,-1.4918038681677404,False,-7.405581216246519,-1.4918038681677404,False
2023-07-19,HOOD,-4.518520798786555,-1.2803528383911749,-2.8425278962460347,-0.7947011084093851,True,-2.994894189760972,-0.838852222608183,True,-4.518520798786555,-1.2803528383911749,False
2023-07-31,RIG,-4.983923814861912,-1.7916696469017477,-4.983923814861912,-1.7916696469017477,False,-4.983923814861912,-1.7916696469017477,False,-4.983923814861912,-1.7916696469017477,False
2023-07-31,ROKU,-8.198156950765387,-1.477272201832211,-8.198156950765387,-1.477272201832211,False,-8.198156950765387,-1.477272201832211,False,-8.198156950765387,-1.477272201832211,False
2023-08-01,ROKU,-6.497454099396868,-1.6864873001406284,-6.497454099396868,-1.6864873001406284,False,-6.497454099396868,-1.6864873001406284,False,-6.497454099396868,-1.6864873001406284,False
2023-08-04,SMCI,-21.373624307303313,-4.026861934332513,-21.373624307303313,-4.026861934332513,False,-21.373624307303313,-4.026861934332513,False,-21.373624307303313,-4.026861934332513,False
2023-08-14,APP,-4.9529190063476465,-1.3310339928809893,-4.9529190063476465,-1.3310339928809893,False,-4.9529190063476465,-1.3310339928809893,False,-4.9529190063476465,-1.3310339928809893,False
2023-08-25,FSLY,-1.5128794432177057,-0.18674668339618392,-1.5128794432177057,-0.18674668339618392,False,-1.5128794432177057,-0.18674668339618392,False,-1.5128794432177057,-0.18674668339618392,False
2023-08-29,CELH,-3.5059922169693962,-1.4883696172885506,-3.5059922169693962,-1.4883696172885506,False,-3.5059922169693962,-1.4883696172885506,False,-3.5059922169693962,-1.4883696172885506,False
2023-09-01,NTRA,-5.039947424661394,-1.0164471125009098,-5.039947424661394,-1.0164471125009098,False,-5.039947424661394,-1.0164471125009098,False,-5.039947424661394,-1.0164471125009098,False
2023-11-02,MSTR,31.711787261771683,4.872768213489337,31.711787261771683,4.872768213489337,False,31.711787261771683,4.872768213489337,False,31.711787261771683,4.872768213489337,False
2023-11-07,MSTR,26.169192833250737,5.06965751604738,26.169192833250737,5.06965751604738,False,26.169192833250737,5.06965751604738,False,26.169192833250737,5.06965751604738,False
2023-11-14,DKNG,-1.6925065405113897,-0.21933102371494978,-1.6925065405113897,-0.21933102371494978,False,-1.6925065405113897,-0.21933102371494978,False,-1.6925065405113897,-0.21933102371494978,False
2023-11-14,PLTR,-3.809276586875268,-1.6818156202993666,-3.809276586875268,-1.6818156202993666,False,-3.809276586875268,-1.6818156202993666,False,-0.8017617482485356,-0.31818437970063335,True
2023-11-15,DASH,3.81774967024278,1.959854762502632,3.81774967024278,1.959854762502632,False,3.81774967024278,1.959854762502632,False,3.81774967024278,1.959854762502632,False
2023-11-17,DKNG,-3.173782480726422,-1.2291681567842072,-3.173782480726422,-1.2291681567842072,False,-3.173782480726422,-1.2291681567842072,False,-3.173782480726422,-1.2291681567842072,False
2023-11-17,PLTR,-6.3926013815385065,-1.5523465455388437,-6.3926013815385065,-1.5523465455388437,False,-4.002387732424942,-0.9626953541910058,True,-6.3926013815385065,-1.5523465455388437,False
2023-11-20,COIN,43.36553975378414,7.576360388259996,43.36553975378414,7.576360388259996,False,43.36553975378414,7.576360388259996,False,43.36553975378414,7.576360388259996,False
2023-11-20,GAP,10.563747172846773,2.1372952492742816,10.563747172846773,2.1372952492742816,False,10.563747172846773,2.1372952492742816,False,10.563747172846773,2.1372952492742816,False
2023-11-20,PLTR,-7.312890834412274,-1.974358410055142,-7.312890834412274,-1.974358410055142,False,-7.312890834412274,-1.974358410055142,False,-7.312890834412274,-1.974358410055142,False
2023-11-20,RMBS,-6.948059583793623,-1.2686174368089669,-3.1722914472430412,-0.5691484504830256,True,-3.1722914472430412,-0.5691484504830256,True,-2.842097938759465,-0.5079794087628416,True
2023-11-21,GAP,7.813066890788312,1.4116212499487222,-0.31151518400326145,-0.037732440853421145,True,7.813066890788312,1.4116212499487222,False,7.813066890788312,1.4116212499487222,False
2023-11-22,COIN,39.230444384821524,7.298813233956897,39.230444384821524,7.298813233956897,False,39.230444384821524,7.298813233956897,False,39.230444384821524,7.298813233956897,False
2023-11-24,COIN,31.648013055812875,4.854499527703996,31.648013055812875,4.854499527703996,False,31.648013055812875,4.854499527703996,False,31.648013055812875,4.854499527703996,False
2023-11-27,ANF,60.62877911415343,13.573106146796768,60.62877911415343,13.573106146796768,False,-0.7672082787716705,-0.14912351148648348,True,60.62877911415343,13.573106146796768,False
2023-11-27,COIN,26.996747729224737,4.278000595072957,26.996747729224737,4.278000595072957,False,26.996747729224737,4.278000595072957,False,26.996747729224737,4.278000595072957,False
2023-11-27,STNE,12.877876717591077,5.1621655708283685,12.877876717591077,5.1621655708283685,False,12.877876717591077,5.1621655708283685,False,12.877876717591077,5.1621655708283685,False
2023-11-28,COIN,18.577801061893695,2.796963913083733,18.577801061893695,2.796963913083733,False,18.577801061893695,2.796963913083733,False,18.577801061893695,2.796963913083733,False
2023-11-28,ROKU,-5.889189932797504,-1.3340524257860416,-3.214378913259274,-0.7176729028205744,True,-3.214378913259274,-0.7176729028205744,True,-1.6712176119288866,-0.3620690789149158,True
2023-11-29,IOT,11.408101782062857,3.951220703579304,11.408101782062857,3.951220703579304,False,11.408101782062857,3.951220703579304,False,11.408101782062857,3.951220703579304,False
2023-11-29,MDB,-7.965080633432588,-3.479491310040305,-7.965080633432588,-3.479491310040305,False,-7.965080633432588,-3.479491310040305,False,-7.965080633432588,-3.479491310040305,False
2023-11-29,NET,1.2273923476907564,0.3344053734477497,1.2273923476907564,0.3344053734477497,False,1.2273923476907564,0.3344053734477497,False,-2.205949369111113,-0.5305445571272269,True
2023-11-29,STNE,8.452223291088817,3.638883891568803,8.452223291088817,3.638883891568803,False,8.452223291088817,3.638883891568803,False,8.452223291088817,3.638883891568803,False
2023-11-30,STNE,6.435190287922928,2.081628981533804,6.435190287922928,2.081628981533804,False,6.435190287922928,2.081628981533804,False,6.435190287922928,2.081628981533804,False
2023-12-01,COIN,13.70889035539772,2.3451798765935323,13.70889035539772,2.3451798765935323,False,13.70889035539772,2.3451798765935323,False,13.70889035539772,2.3451798765935323,False
2023-12-01,S,19.960562570702013,4.6279031599865155,19.960562570702013,4.6279031599865155,False,19.960562570702013,4.6279031599865155,False,19.960562570702013,4.6279031599865155,False
2023-12-01,STNE,1.2407984400594763,0.24444559197040916,-3.5129203771613686,-0.622221295175493,True,-0.8922794339946739,-0.14444319851701296,True,-3.5129203771613686,-0.622221295175493,True
2023-12-04,ELAN,13.688896867146424,3.3396251878109564,-0.33370797570544364,-0.05660329827528813,True,-0.5674159514109116,-0.11320659655057626,True,-1.0348393322644212,-0.22641499248756175,True
2023-12-04,FIVN,-9.852935353044492,-1.125506052032239,-6.040636197053494,-0.6855599622751852,True,-7.584265161758862,-0.8636974848750675,True,-7.888315859606992,-0.8987854751226262,True
2023-12-04,NTRA,-4.498407603512806,-1.7999994738351368,-2.0548471094969836,-0.7999994738351368,True,-2.408746777108291,-0.9448289832653265,True,-4.498407603512806,-1.7999994738351368,False
2023-12-04,S,17.529519443318073,4.2960317478533705,17.529519443318073,4.2960317478533705,False,17.529519443318073,4.2960317478533705,False,17.529519443318073,4.2960317478533705,False
2023-12-04,VNO,-5.104691077066889,-1.0944856315428166,-5.104691077066889,-1.0944856315428166,False,-5.104691077066889,-1.0944856315428166,False,-1.9722690126387135,-0.40945015409760144,True
2023-12-06,SIG,4.554673233470238,1.3293383686093652,4.554673233470238,1.3293383686093652,False,4.554673233470238,1.3293383686093652,False,4.554673233470238,1.3293383686093652,False
2023-12-07,SIG,2.3738346140526483,1.2110407879967264,-0.24370561305258656,-0.07034963367485167,True,-1.0751730051013455,-0.4773861105437426,True,2.3738346140526483,1.2110407879967264,False
2023-12-12,S,-6.35671329283095,-1.2045458486258418,-6.35671329283095,-1.2045458486258418,False,-6.35671329283095,-1.2045458486258418,False,-6.35671329283095,-1.2045458486258418,False
2023-12-13,COIN,1.0824462983646042,0.13373381406306425,-1.8006066042786402,-0.1923373668009882,True,1.0824462983646042,0.13373381406306425,False,1.0824462983646042,0.13373381406306425,False
2023-12-13,DUOL,-2.767392210377626,-0.8036171584369807,-0.7775697346344237,-0.20413445861894258,True,-2.767392210377626,-0.8036171584369807,False,-2.767392210377626,-0.8036171584369807,False
2023-12-13,GTLB,-7.327534327559417,-1.23809446919735,-3.7755423713129144,-0.6296294801217069,True,-1.3972499021570266,-0.2222221100912802,True,-4.671265206920202,-0.7830690126702358,True
2023-12-13,NXT,-2.553615945151746,-0.4549358541968186,-2.553615945151746,-0.4549358541968186,False,-2.553615945151746,-0.4549358541968186,False,-2.553615945151746,-0.4549358541968186,False
2023-12-14,ASND,7.464275492093102,3.258062134424965,7.464275492093102,3.258062134424965,False,7.464275492093102,3.258062134424965,False,7.464275492093102,3.258062134424965,False
2023-12-14,COIN,-3.827882444060049,-1.264903428344303,-3.827882444060049,-1.264903428344303,False,-3.827882444060049,-1.264903428344303,False,-3.827882444060049,-1.264903428344303,False
2023-12-14,PATH,-3.7210958405162136,-1.2236842435482698,-3.7210958405162136,-1.2236842435482698,False,-3.7210958405162136,-1.2236842435482698,False,-3.7210958405162136,-1.2236842435482698,False
2023-12-14,SIG,-4.054151918587782,-0.7828616030084814,-1.831750796770355,-0.3428601714561974,True,-4.054151918587782,-0.7828616030084814,False,-0.783076359682538,-0.13523867188928285,True
2023-12-14,Z,-3.4454572975632654,-0.8865590987275854,-3.4454572975632654,-0.8865590987275854,False,-3.4454572975632654,-0.8865590987275854,False,-3.4454572975632654,-0.8865590987275854,False
2023-12-15,NXT,-5.445138117624142,-1.6953645060972067,-5.445138117624142,-1.6953645060972067,False,-5.445138117624142,-1.6953645060972067,False,-5.445138117624142,-1.6953645060972067,False
2023-12-18,Z,-3.8479040214854003,-1.7295069665057408,-3.8479040214854003,-1.7295069665057408,False,-3.8479040214854003,-1.7295069665057408,False,-3.8479040214854003,-1.7295069665057408,False
2023-12-19,COIN,-5.632103479318147,-1.1814562335664929,-5.632103479318147,-1.1814562335664929,False,-5.632103479318147,-1.1814562335664929,False,-5.632103479318147,-1.1814562335664929,False
2023-12-21,NCLH,-4.441502693868079,-1.181817281063755,-0.09999999999998968,0.0,True,-2.8194108860348717,-0.7402613809195892,True,-4.441502693868079,-1.181817281063755,False
2023-12-26,ROIV,-5.415567531406189,-1.2448973633863563,-2.1913750553226583,-0.48979667304394875,True,-2.1913750553226583,-0.48979667304394875,True,-5.415567531406189,-1.2448973633863563,False
2024-01-09,GKOS,6.343909887818389,1.077218894385915,6.343909887818389,1.077218894385915,False,6.343909887818389,1.077218894385915,False,6.343909887818389,1.077218894385915,False
2024-01-09,SMCI,-9.489309617280643,-1.2175722016208146,-1.3125543410949343,-0.15723972462838354,True,-1.3125543410949343,-0.15723972462838354,True,-7.514907230600672,-0.9615387381581862,True
2024-01-19,AMR,-6.040471954059989,-1.6738992085492062,-6.040471954059989,-1.6738992085492062,False,-3.3558342784612574,-0.9174251581406673,True,-6.040471954059989,-1.6738992085492062,False
2024-01-29,GTLB,-4.718512422599155,-0.8854161492657708,-1.7708185983440001,-0.32031304327094057,True,-1.797981746274809,-0.32552049702275104,True,-2.2870013182946276,-0.4192705591108586,True
2024-02-01,CLS,18.993443325182582,4.285713608749632,-0.23835614318885373,-0.031055414972562624,True,18.993443325182582,4.285713608749632,False,18.993443325182582,4.285713608749632,False
2024-02-02,NXT,-3.1162527149046286,-0.45811476236554954,-3.1162527149046286,-0.45811476236554954,False,-4.529588607376351,-0.6727751697388932,True,-3.1162527149046286,-0.45811476236554954,False
2024-02-05,CLS,16.38241294939417,6.548385112020805,16.38241294939417,6.548385112020805,False,16.38241294939417,6.548385112020805,False,16.38241294939417,6.548385112020805,False
2024-02-07,APP,49.654943092698126,12.020263301231907,-2.9084088720470103,-0.6784816141107209,True,-1.420365428651111,-0.3189861975454577,True,-1.8185777281985294,-0.4151900396728822,True
2024-02-07,APPF,-2.6531572619198536,-1.2772172395797181,-2.6531572619198536,-1.2772172395797181,False,-2.6531572619198536,-1.2772172395797181,False,-0.11713892482174788,-0.00857374928552086,True
2024-02-08,FSLY,-29.865943999851808,-4.779308040588358,-29.865943999851808,-4.779308040588358,False,-1.6892386400465187,-0.2551728583116948,True,-29.865943999851808,-4.779308040588358,False
2024-02-08,GTLB,-4.547177164168452,-1.246322745683223,-4.547177164168452,-1.246322745683223,False,-4.547177164168452,-1.246322745683223,False,-4.547177164168452,-1.246322745683223,False
2024-02-09,MDB,-5.840787456489281,-1.5110281566205004,-5.840787456489281,-1.5110281566205004,False,-5.840787456489281,-1.5110281566205004,False,-5.840787456489281,-1.5110281566205004,False
2024-02-09,SAIA,-4.439124346857878,-1.5414554850978017,-4.439124346857878,-1.5414554850978017,False,-0.5950994581371273,-0.17588197857641258,True,-4.439124346857878,-1.5414554850978017,False
2024-02-09,XPO,-0.03382834114329218,0.01663240575075818,-0.43911870830633204,-0.08523830370398569,True,-0.5631889910434739,-0.1164236679482787,True,-0.43911870830633204,-0.08523830370398569,True
2024-02-15,CLS,-6.1416225533480935,-1.8257578822645435,-0.9523455270018065,-0.2575759327225963,True,-6.1416225533480935,-1.8257578822645435,False,-6.1416225533480935,-1.8257578822645435,False
2024-02-16,APP,-7.52905602456799,-1.6181820956143467,-7.52905602456799,-1.6181820956143467,False,-7.52905602456799,-1.6181820956143467,False,-7.52905602456799,-1.6181820956143467,False
2024-02-22,WFRD,-4.867929109378473,-1.0753169319684375,-1.9737774173210783,-0.42259533171794716,True,-3.457962825573087,-0.7573254971758636,True,-4.867929109378473,-1.0753169319684375,False
2024-02-27,CELH,23.451613523238095,7.994985297105811,23.451613523238095,7.994985297105811,False,23.451613523238095,7.994985297105811,False,23.451613523238095,7.994985297105811,False
2024-02-29,SLG,5.948155098316461,1.7779493573125902,5.948155098316461,1.7779493573125902,False,5.948155098316461,1.7779493573125902,False,5.948155098316461,1.7779493573125902,False
2024-03-01,APP,14.62119696392736,3.7892598851176253,14.62119696392736,3.7892598851176253,False,14.62119696392736,3.7892598851176253,False,14.62119696392736,3.7892598851176253,False
2024-03-04,CLS,-7.498211165938105,-1.9071028341296246,-2.3258282423509837,-0.5737715853282304,True,-7.498211165938105,-1.9071028341296246,False,-7.498211165938105,-1.9071028341296246,False
2024-03-04,COHR,-4.6275583907030144,-1.0557476932401502,-4.6275583907030144,-1.0557476932401502,False,-3.9402073828906667,-0.8954694199804879,True,-4.6275583907030144,-1.0557476932401502,False
2024-03-04,TOST,-4.157010233680311,-0.818182248087921,-4.157010233680311,-0.818182248087921,False,-4.157010233680311,-0.818182248087921,False,-4.157010233680311,-0.818182248087921,False
2024-03-13,BROS,-2.4264453368959225,-1.001250877285119,-1.3504664485877573,-0.5381732417296482,True,-0.7397655342923595,-0.2753410072904184,True,-0.4780397405561781,-0.16269998519954357,True
2024-03-13,HIMS,-3.008595131757468,-0.4150941528938632,-3.339118881874872,-0.4622641679187397,True,-3.008595131757468,-0.4150941528938632,False,-3.008595131757468,-0.4150941528938632,False
2024-03-15,GAP,4.560666226693087,1.5942033611265949,4.560666226693087,1.5942033611265949,False,4.560666226693087,1.5942033611265949,False,4.560666226693087,1.5942033611265949,False
2024-03-15,TDW,5.837508034402152,2.1016260540818825,5.837508034402152,2.1016260540818825,False,5.837508034402152,2.1016260540818825,False,5.837508034402152,2.1016260540818825,False
2024-03-18,GAP,-0.09999999999999654,0.0,-0.09999999999999654,0.0,False,-0.09999999999999654,0.0,False,-0.09999999999999654,0.0,False
2024-03-18,HIMS,-6.4743621208353845,-0.8130078022933145,-6.4743621208353845,-0.8130078022933145,False,-6.4743621208353845,-0.8130078022933145,False,-6.4743621208353845,-0.8130078022933145,False
2024-03-19,GAP,-2.893859068359835,-0.546150466908124,-2.893859068359835,-0.546150466908124,False,-2.893859068359835,-0.546150466908124,False,-2.893859068359835,-0.546150466908124,False
2024-03-19,TDW,2.2295765931526774,1.165370982067365,2.2295765931526774,1.165370982067365,False,2.2295765931526774,1.165370982067365,False,2.2295765931526774,1.165370982067365,False
2024-03-20,GAP,-8.61739454640097,-1.306815037986143,-8.61739454640097,-1.306815037986143,False,-8.61739454640097,-1.306815037986143,False,-8.61739454640097,-1.306815037986143,False
2024-03-20,HIMS,-6.225572230646588,-1.3648643075677946,-1.0097367893534677,-0.20270224989883318,True,-1.1310381127154947,-0.22972990388506417,True,-4.588044853017248,-1.0,True
2024-03-21,ATMU,8.792228557747254,2.5148568387041803,8.792228557747254,2.5148568387041803,False,8.792228557747254,2.5148568387041803,False,8.792228557747254,2.5148568387041803,False
2024-03-21,BROS,-5.852314146219412,-1.496350974697678,-5.852314146219412,-1.496350974697678,False,-5.852314146219412,-1.496350974697678,False,-5.852314146219412,-1.496350974697678,False
2024-03-21,GAP,-6.662728020380985,-1.2466666067451888,-1.503796404781555,-0.26666747350723313,True,-2.7672102873745574,-0.5066676522492964,True,-3.363817995985916,-0.6200002336609773,True
2024-03-21,LYFT,-4.683507266029314,-1.044942640323863,-0.6914242344812249,-0.13483220714204583,True,-3.303533052855276,-0.7303377288011367,True,-4.683507266029314,-1.044942640323863,False
2024-03-21,ONON,-4.4786052959266485,-1.4181801157584817,-2.626120499010804,-0.8181815029182373,True,-4.4786052959266485,-1.4181801157584817,False,-4.4786052959266485,-1.4181801157584817,False
2024-03-22,ATMU,5.287147331682718,1.806823841960908,5.287147331682718,1.806823841960908,False,5.287147331682718,1.806823841960908,False,5.287147331682718,1.806823841960908,False
2024-03-25,ATMU,1.235709418905967,0.35344888625490717,1.235709418905967,0.35344888625490717,False,1.235709418905967,0.35344888625490717,False,1.235709418905967,0.35344888625490717,False
2024-03-25,CEG,-1.9147291292405038,-0.44040947032963496,-1.9147291292405038,-0.44040947032963496,False,-1.3863380493017294,-0.31217631867458534,True,-1.9147291292405038,-0.44040947032963496,False
2024-03-28,ATMU,-3.695104932682642,-1.7984516921874116,-3.695104932682642,-1.7984516921874116,False,-3.695104932682642,-1.7984516921874116,False,-3.695104932682642,-1.7984516921874116,False
2024-04-01,AEO,-2.1600568356101926,-1.0305436896499265,-2.1600568356101926,-1.0305436896499265,False,-2.1600568356101926,-1.0305436896499265,False,-2.1600568356101926,-1.0305436896499265,False
2024-04-02,ATMU,-3.918794933346322,-1.0241941791259666,-0.5209834941214542,-0.11290704311516453,True,-0.5209834941214542,-0.11290704311516453,True,-2.866370995818692,-0.7419359040412389,True
2024-04-03,AA,-5.422785424623719,-1.3943654028277015,-1.9549126237720034,-0.4859158845462762,True,-2.3581631932049225,-0.5915520501686319,True,-2.761413762637822,-0.6971882157909877,True
2024-04-11,CCJ,-4.357823230835548,-1.0591111765851227,-1.8427406541215638,-0.43349758893283447,True,-4.357823230835548,-1.0591111765851227,False,-4.357823230835548,-1.0591111765851227,False
2024-04-11,PAAS,-4.179588761323598,-1.0810806215240383,-2.3437703025079717,-0.5945934100488867,True,-4.179588761323598,-1.0810806215240383,False,-4.179588761323598,-1.0810806215240383,False
2024-04-26,HCC,-6.71299956433694,-1.6280768088760085,-6.71299956433694,-1.6280768088760085,False,-3.278232766310606,-0.7824599124344487,True,-6.71299956433694,-1.6280768088760085,False
2024-04-30,SMTC,3.3273151293919647,1.183486912790433,3.3273151293919647,1.183486912790433,False,3.3273151293919647,1.183486912790433,False,3.3273151293919647,1.183486912790433,False
2024-05-01,SNAP,-4.3853680109606366,-0.7311826082498013,-4.3853680109606366,-0.7311826082498013,False,-4.3853680109606366,-0.7311826082498013,False,-4.3853680109606366,-0.7311826082498013,False
2024-05-02,TMDX,11.21706128529914,1.6694303628119553,11.21706128529914,1.6694303628119553,False,11.21706128529914,1.6694303628119553,False,11.21706128529914,1.6694303628119553,False
2024-05-03,TMDX,8.130901703961722,2.4285736887626306,8.130901703961722,2.4285736887626306,False,-0.7013060845301577,-0.17741873105834208,True,8.130901703961722,2.4285736887626306,False
2024-05-06,VST,11.919484279733457,3.187906183173391,11.919484279733457,3.187906183173391,False,11.919484279733457,3.187906183173391,False,11.919484279733457,3.187906183173391,False
2024-05-07,MOD,-7.821457885268597,-1.7052628366570723,-1.7396196901396075,-0.3621055201480263,True,-1.7396196901396075,-0.3621055201480263,True,-7.821457885268597,-1.7052628366570723,False
2024-05-09,VST,-0.014175448209121998,0.022161418607521962,-0.014175448209121998,0.022161418607521962,False,-1.9237072427371695,-0.47091349480448946,True,-0.13219148723982602,-0.008312411884876634,True
2024-05-10,CAVA,-3.4877074938176906,-1.2350242242270397,-3.4877074938176906,-1.2350242242270397,False,-3.4877074938176906,-1.2350242242270397,False,-3.4877074938176906,-1.2350242242270397,False
2024-05-14,MMYT,-3.188156942085527,-1.1018526040654857,-3.188156942085527,-1.1018526040654857,False,-3.188156942085527,-1.1018526040654857,False,-3.188156942085527,-1.1018526040654857,False
2024-05-15,WDC,-4.8406695327213205,-1.9834293655385802,-4.8406695327213205,-1.9834293655385802,False,-4.8406695327213205,-1.9834293655385802,False,-4.8406695327213205,-1.9834293655385802,False
2024-05-17,AG,-9.289359370413711,-1.351852205384779,-9.289359370413711,-1.351852205384779,False,-9.289359370413711,-1.351852205384779,False,-9.289359370413711,-1.351852205384779,False
2024-05-20,AG,-4.358509335884147,-1.4782565962737524,-4.358509335884147,-1.4782565962737524,False,-4.358509335884147,-1.4782565962737524,False,-4.358509335884147,-1.4782565962737524,False
2024-05-20,HL,-4.592137259336245,-1.1200006087582028,-4.592137259336245,-1.1200006087582028,False,-4.592137259336245,-1.1200006087582028,False,-4.592137259336245,-1.1200006087582028,False
2024-05-20,MMYT,-8.990877060610531,-1.9416045115517555,-8.990877060610531,-1.9416045115517555,False,-8.990877060610531,-1.9416045115517555,False,-8.990877060610531,-1.9416045115517555,False
2024-05-22,CLS,-2.2704100955238893,-1.0733961650048822,-2.2704100955238893,-1.0733961650048822,False,-2.2704100955238893,-1.0733961650048822,False,-2.2704100955238893,-1.0733961650048822,False
2024-05-22,POWL,-7.713429914735591,-1.1407687064956076,-7.713429914735591,-1.1407687064956076,False,-7.713429914735591,-1.1407687064956076,False,-7.713429914735591,-1.1407687064956076,False
2024-05-24,CAVA,8.710252662399256,1.8743576150130776,8.710252662399256,1.8743576150130776,False,8.710252662399256,1.8743576150130776,False,8.710252662399256,1.8743576150130776,False
2024-05-24,ONON,-1.367072652678679,-0.3517227953034524,-1.367072652678679,-0.3517227953034524,False,-1.367072652678679,-0.3517227953034524,False,-1.367072652678679,-0.3517227953034524,False
2024-05-28,ONON,-5.119006432809239,-1.5441158321085169,-5.119006432809239,-1.5441158321085169,False,-5.119006432809239,-1.5441158321085169,False,-2.4900047998414934,-0.735293787656094,True
2024-05-29,CAVA,2.2581602974148445,0.14963985419624887,2.2581602974148445,0.14963985419624887,False,-0.2814016034881871,-0.01151105356438138,True,2.2581602974148445,0.14963985419624887,False
2024-05-29,DELL,-22.213823795272262,-2.6592890928671564,-22.213823795272262,-2.6592890928671564,False,-22.213823795272262,-2.6592890928671564,False,-22.213823795272262,-2.6592890928671564,False
2024-05-30,CAVA,-8.802034865554324,-1.249615297352517,-0.7437986742462969,-0.09244971827657916,True,-5.261138064027432,-0.7411412590503575,True,-8.802034865554324,-1.249615297352517,False
2024-05-30,HOOD,-4.4018797034177615,-1.0107529307530128,-4.4018797034177615,-1.0107529307530128,False,-4.4018797034177615,-1.0107529307530128,False,-4.4018797034177615,-1.0107529307530128,False
2024-06-06,HOOD,-5.495645660781717,-1.0114192013715488,-3.537544763945879,-0.6443712205010447,True,-5.495645660781717,-1.0114192013715488,False,-5.495645660781717,-1.0114192013715488,False
2024-06-10,BROS,-1.152637842044558,-0.22641621956210142,-4.51103833512381,-0.9487884477365781,True,-3.7340915841065527,-0.781671763213148,True,-1.5035139358405802,-0.30188760726910796,True
2024-06-12,COHR,2.1564267113951594,0.8071042399268817,2.1564267113951594,0.8071042399268817,False,2.1564267113951594,0.8071042399268817,False,2.1564267113951594,0.8071042399268817,False
2024-06-12,CRWD,-2.5357287758777347,-1.1105885225183822,-0.5992720355714107,-0.22764677159926472,True,-2.5357287758777347,-1.1105885225183822,False,-1.4494502786500547,-0.6152918198529411,True
2024-06-14,COHR,0.2761137905852043,0.1551706750268564,0.2761137905852043,0.1551706750268564,False,-1.1587068085886272,-0.43678337316116017,True,-0.09999999999997242,0.0,True
2024-06-25,CVNA,-4.1110577233306005,-0.4398977543519036,-4.1110577233306005,-0.4398977543519036,False,-4.1110577233306005,-0.4398977543519036,False,-0.9162003739637495,-0.08951372340503375,True
2024-06-26,BROS,-4.92151481944593,-1.6528938126194064,-0.24463955894515524,-0.04958479668593983,True,-4.92151481944593,-1.6528938126194064,False,-4.92151481944593,-1.6528938126194064,False
2024-06-27,BROS,-6.367647234181274,-2.2000050862759557,-1.7618692995871088,-0.5833322736925092,True,-0.7410015546930456,-0.2249977747542693,True,-6.367647234181274,-2.2000050862759557,False
2024-06-27,CRDO,-2.7832218854137505,-0.5316450500738795,-2.7832218854137505,-0.5316450500738795,False,-2.7832218854137505,-0.5316450500738795,False,-2.7832218854137505,-0.5316450500738795,False
2024-06-27,CVNA,-8.0430444573853,-1.2137929824907565,-3.2290815975738423,-0.4781614033703074,True,-4.12417476813757,-0.6149424342375702,True,-3.733039568440841,-0.5551722588162817,True
2024-07-08,PLTR,-4.069134841144009,-1.2790693032416032,-4.069134841144009,-1.2790693032416032,False,-0.31650314423312714,-0.06976898919465588,True,-4.069134841144009,-1.2790693032416032,False
2024-07-09,AMKR,-5.27147467908952,-1.9203598978068925,-5.27147467908952,-1.9203598978068925,False,-5.27147467908952,-1.9203598978068925,False,-5.27147467908952,-1.9203598978068925,False
2024-07-09,TSLA,-8.215480078068593,-1.7705749768200538,-8.215480078068593,-1.7705749768200538,False,-8.215480078068593,-1.7705749768200538,False,-8.215480078068593,-1.7705749768200538,False
2024-07-16,CLS,-10.257713384739791,-3.2474756524000807,-10.257713384739791,-3.2474756524000807,False,-10.257713384739791,-3.2474756524000807,False,-10.257713384739791,-3.2474756524000807,False
2024-07-16,HOOD,-7.404503851984773,-1.4062507450587702,-7.404503851984773,-1.4062507450587702,False,-7.404503851984773,-1.4062507450587702,False,-7.404503851984773,-1.4062507450587702,False
2024-07-22,COIN,-7.67305366846847,-1.632006524961946,-7.67305366846847,-1.632006524961946,False,-7.67305366846847,-1.632006524961946,False,-7.67305366846847,-1.632006524961946,False
2024-07-29,GH,-10.1006629874876,-1.5482459075638126,-10.1006629874876,-1.5482459075638126,False,-5.539450783050955,-0.8421049109234249,True,-10.1006629874876,-1.5482459075638126,False
2024-07-30,GH,-3.294874120249258,-1.148512271213071,-3.294874120249258,-1.148512271213071,False,-3.294874120249258,-1.148512271213071,False,-3.294874120249258,-1.148512271213071,False
2024-08-15,SHAK,-4.481765931369726,-1.3793107228202486,-2.03527734128311,-0.6091947471115691,True,-4.481765931369726,-1.3793107228202486,False,-4.481765931369726,-1.3793107228202486,False
2024-08-15,TRU,10.962266801826924,5.299477723346662,-0.16424675134700029,-0.030777980106631107,True,-0.17493111262132596,-0.035896418811453785,True,10.962266801826924,5.299477723346662,False
2024-08-19,VNO,25.60055895380468,9.107522566050978,25.60055895380468,9.107522566050978,False,25.60055895380468,9.107522566050978,False,25.60055895380468,9.107522566050978,False
2024-08-20,VNO,23.795878164732468,11.579728907197797,23.795878164732468,11.579728907197797,False,23.795878164732468,11.579728907197797,False,23.795878164732468,11.579728907197797,False
2024-08-21,ONON,14.043871731723401,4.019612047471826,14.043871731723401,4.019612047471826,False,14.043871731723401,4.019612047471826,False,14.043871731723401,4.019612047471826,False
2024-08-21,VNO,19.78002897464072,5.409444655271649,19.78002897464072,5.409444655271649,False,-0.7945067446792379,-0.18897838644237827,True,-1.5758067546887042,-0.40157360794334496,True
2024-08-22,INSM,-4.907116754260012,-1.520001220703125,-0.31506238557958594,-0.0680023193359375,True,-4.907116754260012,-1.520001220703125,False,-4.907116754260012,-1.520001220703125,False
2024-08-26,ONON,7.9787450145066625,2.0054024294436528,7.9787450145066625,2.0054024294436528,False,7.9787450145066625,2.0054024294436528,False,7.9787450145066625,2.0054024294436528,False
2024-08-26,Z,-2.132701537761308,-1.0168591984799003,-2.132701537761308,-1.0168591984799003,False,-2.132701537761308,-1.0168591984799003,False,-2.132701537761308,-1.0168591984799003,False
2024-08-27,ONON,-6.649310329455465,-1.0753429310479974,-2.060619080333118,-0.3219175397800016,True,-2.060619080333118,-0.3219175397800016,True,-4.730399607863102,-0.7602735609960024,True
2024-08-29,SMTC,-4.5774224774272865,-1.2341768331695586,-4.5774224774272865,-1.2341768331695586,False,-4.5774224774272865,-1.2341768331695586,False,-4.5774224774272865,-1.2341768331695586,False
2024-08-30,NU,-4.973984520025018,-1.042858135457212,-4.973984520025018,-1.042858135457212,False,-4.973984520025018,-1.042858135457212,False,-4.973984520025018,-1.042858135457212,False
2024-09-10,IOT,-3.5662282897427358,-1.0445858015482328,-3.5662282897427358,-1.0445858015482328,False,-3.5662282897427358,-1.0445858015482328,False,-3.5662282897427358,-1.0445858015482328,False
2024-09-12,ONON,1.0411241209183746,0.2731715032704063,-0.9558372607346636,-0.2048772318313345,True,1.0411241209183746,0.2731715032704063,False,1.0411241209183746,0.2731715032704063,False
2024-09-12,OSCR,-2.5749545596894676,-0.5531916620504798,-2.5749545596894676,-0.5531916620504798,False,-2.5749545596894676,-0.5531916620504798,False,-2.5749545596894676,-0.5531916620504798,False
2024-09-13,APP,204.06150557132835,34.632534315043465,204.06150557132835,34.632534315043465,False,204.06150557132835,34.632534315043465,False,204.06150557132835,34.632534315043465,False
2024-09-16,APP,175.99255273962535,38.282253452836784,175.99255273962535,38.282253452836784,False,175.99255273962535,38.282253452836784,False,175.99255273962535,38.282253452836784,False
2024-09-17,APP,159.49340758972963,30.943586701887856,159.49340758972963,30.943586701887856,False,159.49340758972963,30.943586701887856,False,159.49340758972963,30.943586701887856,False
2024-09-19,SMTC,-8.796014990460773,-2.3045945134182944,-0.2951728188626233,-0.051724175730217856,True,-8.796014990460773,-2.3045945134182944,False,-8.796014990460773,-2.3045945134182944,False
2024-09-19,TLN,-2.7788588808266357,-1.1720706699797183,-2.7788588808266357,-1.1720706699797183,False,-2.7788588808266357,-1.1720706699797183,False,-2.7788588808266357,-1.1720706699797183,False
2024-09-20,CAVA,-4.003623275418466,-1.2450493834154817,-4.003623275418466,-1.2450493834154817,False,-1.6133333732209272,-0.4826733140709686,True,-4.003623275418466,-1.2450493834154817,False
2024-09-20,TLN,-4.530400251249074,-1.3399028848900314,-1.1152969508447939,-0.30706013820612654,True,-4.530400251249074,-1.3399028848900314,False,-1.1152969508447939,-0.30706013820612654,True
2024-09-20,VRT,12.967292541093785,5.5178617297556585,12.967292541093785,5.5178617297556585,False,12.967292541093785,5.5178617297556585,False,12.967292541093785,5.5178617297556585,False
2024-09-24,APP,148.55509994400308,60.181770783507126,-1.1298549824000115,-0.41692815459676646,True,-1.1298549824000115,-0.41692815459676646,True,148.55509994400308,60.181770783507126,False
2024-09-24,GEV,-2.298672435985095,-1.0998861610730861,-2.298672435985095,-1.0998861610730861,False,-2.298672435985095,-1.0998861610730861,False,-2.298672435985095,-1.0998861610730861,False
2024-09-24,HL,-5.754889657965901,-1.0810819381077335,-3.917038488066978,-0.7297280081669362,True,-3.917038488066978,-0.7297280081669362,True,-5.754889657965901,-1.0810819381077335,False
2024-09-25,TLN,-6.3015120911968205,-1.3919724729323173,-6.3015120911968205,-1.3919724729323173,False,-6.3015120911968205,-1.3919724729323173,False,-6.3015120911968205,-1.3919724729323173,False
2024-09-25,VST,4.121937603553122,0.9349430872960273,-1.2415113528065722,-0.2527863385470867,True,-0.5532503936354516,-0.10037176342612275,True,4.121937603553122,0.9349430872960273,False
2024-09-26,LITE,-5.117564557301242,-1.342974646430891,-0.4242108307944089,-0.08677654684514839,True,-5.117564557301242,-1.342974646430891,False,-5.117564557301242,-1.342974646430891,False
2024-10-01,AVAV,3.186054555177636,0.6528701049455463,-1.5867731509786624,-0.29539063542942123,True,-1.5867731509786624,-0.29539063542942123,True,-1.6483225524024263,-0.307619210303066,True
2024-10-02,VST,-1.1045317957283458,-0.22175496684632373,-1.1045317957283458,-0.22175496684632373,False,-1.1045317957283458,-0.22175496684632373,False,-1.048720713764135,-0.20943441643342336,True
2024-10-03,CEG,-5.537664037977783,-1.6104590541018518,-5.537664037977783,-1.6104590541018518,False,-5.537664037977783,-1.6104590541018518,False,-5.537664037977783,-1.6104590541018518,False
2024-10-03,VST,-6.340722874717897,-1.2841582151291167,-6.340722874717897,-1.2841582151291167,False,-3.4882566099784755,-0.6972040976689076,True,-6.340722874717897,-1.2841582151291167,False
2024-10-04,LITE,-3.32513244428713,-1.0471690304563595,-0.9135540124514417,-0.2641530483350307,True,-1.7270969412117392,-0.5283024979037186,True,-0.9135540124514417,-0.2641530483350307,True
2024-10-04,RDDT,125.6453421374596,25.435796836140373,125.6453421374596,25.435796836140373,False,-2.0056470117869836,-0.3854747174668664,True,125.6453421374596,25.435796836140373,False
2024-10-04,VST,-5.256001471793257,-1.2727256764756347,-5.256001471793257,-1.2727256764756347,False,-5.256001471793257,-1.2727256764756347,False,-5.256001471793257,-1.2727256764756347,False
2024-10-07,MSTR,87.74364905063257,22.434865423217243,87.74364905063257,22.434865423217243,False,-1.5770407083082538,-0.37722942834955847,True,87.74364905063257,22.434865423217243,False
2024-10-08,CVNA,27.657195085134617,5.765215768796193,27.657195085134617,5.765215768796193,False,27.657195085134617,5.765215768796193,False,27.657195085134617,5.765215768796193,False
2024-10-08,MSTR,-4.707476977448172,-1.1432258852066532,-4.707476977448172,-1.1432258852066532,False,-4.707476977448172,-1.1432258852066532,False,-4.707476977448172,-1.1432258852066532,False
2024-10-11,COHR,-6.204764119940017,-1.3831159287461212,-6.204764119940017,-1.3831159287461212,False,-3.481983198413901,-0.7662335088753586,True,-6.204764119940017,-1.3831159287461212,False
2024-10-11,CRDO,-5.011284206025963,-1.1325285700169363,-5.011284206025963,-1.1325285700169363,False,-5.011284206025963,-1.1325285700169363,False,-5.011284206025963,-1.1325285700169363,False
2024-10-11,HOOD,-10.6771246207992,-4.793105262638653,-10.6771246207992,-4.793105262638653,False,-10.6771246207992,-4.793105262638653,False,-10.6771246207992,-4.793105262638653,False
2024-10-14,HOOD,-13.093500847286633,-4.178570942002988,-0.7293150972436858,-0.20238100644411242,True,-2.6172603889747714,-0.8095240257764497,True,-0.21105809741548326,-0.03571509666168637,True
2024-10-18,RDDT,103.37109492654703,18.694180717741563,103.37109492654703,18.694180717741563,False,-4.07823381877594,-0.7187497339080352,True,103.37109492654703,18.694180717741563,False
2024-10-22,AG,-3.254984655970708,-1.0416647031965118,-3.254984655970708,-1.0416647031965118,False,-3.254984655970708,-1.0416647031965118,False,-3.254984655970708,-1.0416647031965118,False
2024-10-25,CLS,32.918948835879505,12.256719596579412,32.918948835879505,12.256719596579412,False,32.918948835879505,12.256719596579412,False,32.918948835879505,12.256719596579412,False
2024-10-28,CLS,-2.8013534035237546,-1.3513523779508538,-2.8013534035237546,-1.3513523779508538,False,-2.8013534035237546,-1.3513523779508538,False,-2.8013534035237546,-1.3513523779508538,False
2024-10-28,HOOD,-15.838179777739143,-7.873026402070597,-15.838179777739143,-7.873026402070597,False,-15.838179777739143,-7.873026402070597,False,-15.838179777739143,-7.873026402070597,False
2024-10-29,RBRK,50.90734423274169,12.091209012697975,-2.962411856760067,-0.6785301324959954,True,-2.962411856760067,-0.6785301324959954,True,-2.5635546362274084,-0.5839816690888646,True
2024-10-31,RDDT,-5.394919977693754,-1.4044443766276042,-5.394919977693754,-1.4044443766276042,False,-5.394919977693754,-1.4044443766276042,False,-5.394919977693754,-1.4044443766276042,False
2024-10-31,VSXY,40.06496314991125,9.96721703607236,40.06496314991125,9.96721703607236,False,40.06496314991125,9.96721703607236,False,40.06496314991125,9.96721703607236,False
2024-11-01,RVMD,-1.6421555137609192,-0.5120473206345267,-1.6421555137609192,-0.5120473206345267,False,-1.6421555137609192,-0.5120473206345267,False,-1.6421555137609192,-0.5120473206345267,False
2024-11-04,CLS,27.513403539165587,12.487514007104881,27.513403539165587,12.487514007104881,False,27.513403539165587,12.487514007104881,False,27.513403539165587,12.487514007104881,False
2024-11-04,RVMD,-3.0160234221187547,-0.9476742509764087,-3.0160234221187547,-0.9476742509764087,False,-3.0160234221187547,-0.9476742509764087,False,-3.0160234221187547,-0.9476742509764087,False
2024-11-04,VSXY,30.488142756825866,9.161296787213546,30.488142756825866,9.161296787213546,False,30.488142756825866,9.161296787213546,False,30.488142756825866,9.161296787213546,False
2024-11-05,CLS,21.930505620159455,7.826303893861732,21.930505620159455,7.826303893861732,False,21.930505620159455,7.826303893861732,False,21.930505620159455,7.826303893861732,False
2024-11-05,RVMD,-4.520693079070366,-1.4101123836302227,-4.520693079070366,-1.4101123836302227,False,-4.520693079070366,-1.4101123836302227,False,-4.520693079070366,-1.4101123836302227,False
2024-11-06,ALAB,-12.03250630394569,-1.0042847523224874,-12.03250630394569,-1.0042847523224874,False,-6.127338576168578,-0.5072835559390956,True,-9.13082437097712,-0.7600682526918626,True
2024-11-06,CLS,13.84364574102709,3.5093163875541404,13.84364574102709,3.5093163875541404,False,13.84364574102709,3.5093163875541404,False,13.84364574102709,3.5093163875541404,False
2024-11-06,SG,-5.812802839695852,-1.0672652720495535,-4.7806575195159535,-0.8744399835095564,True,-5.812802839695852,-1.0672652720495535,False,-5.812802839695852,-1.0672652720495535,False
2024-11-06,TGTX,16.454103744461634,4.411762725936564,16.454103744461634,4.411762725936564,False,16.454103744461634,4.411762725936564,False,16.454103744461634,4.411762725936564,False
2024-11-07,CLS,8.064204934491654,1.260398328982876,8.064204934491654,1.260398328982876,False,-1.5876001911237878,-0.2296572428217453,True,-5.780971956946339,-0.8770342757178254,True
2024-11-07,CRDO,-10.983536543168746,-2.680627927181218,-10.983536543168746,-2.680627927181218,False,-1.311643320779114,-0.29842918343502534,True,-10.983536543168746,-2.680627927181218,False
2024-11-07,SG,-6.044898317076706,-2.5876278118609406,-6.044898317076706,-2.5876278118609406,False,-6.044898317076706,-2.5876278118609406,False,-6.044898317076706,-2.5876278118609406,False
2024-11-07,TLN,1.4071703578690118,0.23718355834294547,1.4071703578690118,0.23718355834294547,False,1.4071703578690118,0.23718355834294547,False,-1.2376721076419146,-0.17903557969356354,True
2024-11-08,HOOD,21.30383339591236,4.917287151658387,21.30383339591236,4.917287151658387,False,21.30383339591236,4.917287151658387,False,21.30383339591236,4.917287151658387,False
2024-11-11,TGTX,2.923862433130349,0.6000004922192443,-4.00175297688167,-0.7741931911311937,True,2.923862433130349,0.6000004922192443,False,-3.77415149510631,-0.7290320754670545,True
2024-11-12,BILL,-4.950960107121799,-1.0909092660559296,-4.950960107121799,-1.0909092660559296,False,-4.950960107121799,-1.0909092660559296,False,-4.950960107121799,-1.0909092660559296,False
2024-11-19,GEO,-7.244309180142959,-0.667762974210003,-7.244309180142959,-0.667762974210003,False,-7.244309180142959,-0.667762974210003,False,-2.1060376853141936,-0.18749996078640513,True
2024-11-20,BROS,-2.6642787956546554,-0.4440788689411821,-2.7972409704874055,-0.4671051063034168,True,-1.4486204852436992,-0.2335525531517084,True,-2.6642787956546554,-0.4440788689411821,False
2024-11-20,NTRA,-7.64924205503198,-1.6467516665741893,-0.4691329239721832,-0.08052070039712422,True,-2.177829633643647,-0.4532467480995902,True,-7.64924205503198,-1.6467516665741893,False
2024-11-21,CLS,-6.483512477530665,-2.0068716900005246,-2.5921902001998394,-0.783503749147921,True,-6.483512477530665,-2.0068716900005246,False,-6.483512477530665,-2.0068716900005246,False
2024-11-21,GEO,-5.701091991963773,-1.504672114198521,-0.2739444421798438,-0.04672827226250829,True,-3.2310464081232158,-0.841121378710418,True,-0.8653648353685157,-0.20560689355209025,True
2024-11-22,AI,-5.3619254506990535,-0.5441983390255237,-0.7410418935742122,-0.06629777198430704,True,-2.851159354041833,-0.2845301334828302,True,-3.385367724805156,-0.33977897932581,True
2024-11-22,JOBY,1.8736228990246007,0.6249994678156172,1.8736228990246007,0.6249994678156172,False,1.8736228990246007,0.6249994678156172,False,1.8736228990246007,0.6249994678156172,False
2024-11-25,PCOR,-3.2277236800866707,-0.8044871559745198,-3.2277236800866707,-0.8044871559745198,False,-3.2277236800866707,-0.8044871559745198,False,-3.2277236800866707,-0.8044871559745198,False
2024-11-25,SMTC,15.348862925374645,4.257736073887199,15.348862925374645,4.257736073887199,False,15.348862925374645,4.257736073887199,False,15.348862925374645,4.257736073887199,False
2024-11-27,PCOR,-3.327357094269337,-1.469277719527061,-0.40678331413417,-0.1396653283209302,True,-3.327357094269337,-1.469277719527061,False,-3.327357094269337,-1.469277719527061,False
2024-11-29,CRDO,40.89256986404688,6.984348462975544,40.89256986404688,6.984348462975544,False,40.89256986404688,6.984348462975544,False,40.89256986404688,6.984348462975544,False
2024-12-02,VSXY,1.0921517696301504,0.1582278557416629,1.0921517696301504,0.1582278557416629,False,1.0921517696301504,0.1582278557416629,False,1.0921517696301504,0.1582278557416629,False
2024-12-03,SMTC,-7.937746716055448,-0.9358287315546362,-1.3391026771825727,-0.147949140060668,True,-1.3391026771825727,-0.147949140060668,True,-6.146259311679294,-0.7219247300641155,True
2024-12-04,COHR,-3.0979584762596106,-1.0909088657199264,-3.0979584762596106,-1.0909088657199264,False,-3.0979584762596106,-1.0909088657199264,False,-3.0979584762596106,-1.0909088657199264,False
2024-12-04,LITE,-8.451986488495242,-1.5413010145825856,-2.2696260824956953,-0.4003894027872105,True,-5.47138924438686,-0.99125252459347,True,-8.451986488495242,-1.5413010145825856,False
2024-12-04,NET,-1.625611833058475,-0.44709073734690746,-1.625611833058475,-0.44709073734690746,False,-1.625611833058475,-0.44709073734690746,False,-1.625611833058475,-0.44709073734690746,False
2024-12-04,SMTC,-5.480812304193125,-1.2196743619440227,-5.480812304193125,-1.2196743619440227,False,-5.480812304193125,-1.2196743619440227,False,-5.480812304193125,-1.2196743619440227,False
2024-12-04,VSXY,-3.4696202820929245,-0.5692315592561347,-3.4696202820929245,-0.5692315592561347,False,-3.4696202820929245,-0.5692315592561347,False,-3.4696202820929245,-0.5692315592561347,False
2024-12-06,PRMB,0.12917803608495676,0.048277945300677264,0.12917803608495676,0.048277945300677264,False,0.12917803608495676,0.048277945300677264,False,0.12917803608495676,0.048277945300677264,False
2024-12-09,AI,-8.493114142001556,-2.201257650386628,-8.493114142001556,-2.201257650386628,False,-8.493114142001556,-2.201257650386628,False,-8.493114142001556,-2.201257650386628,False
2024-12-09,NET,-2.4436117775282815,-1.0308886905445729,-2.4436117775282815,-1.0308886905445729,False,-2.4436117775282815,-1.0308886905445729,False,-2.4436117775282815,-1.0308886905445729,False
2024-12-11,TSLA,-5.024907178122226,-0.9347926534228371,-5.024907178122226,-0.9347926534228371,False,-5.024907178122226,-0.9347926534228371,False,-5.024907178122226,-0.9347926534228371,False
2024-12-16,TSLA,-9.157710780195329,-1.56159282024723,-9.157710780195329,-1.56159282024723,False,-5.8959810018811325,-0.9992549484596968,True,-9.157710780195329,-1.56159282024723,False
2024-12-17,TSLA,-8.375354622332708,-1.7776297032623123,-8.375354622332708,-1.7776297032623123,False,-8.375354622332708,-1.7776297032623123,False,-8.375354622332708,-1.7776297032623123,False
2024-12-20,DOCS,-7.6528576982738725,-1.0873355689345712,-0.18642235630207518,-0.012441661912929248,True,-7.6528576982738725,-1.0873355689345712,False,-7.6528576982738725,-1.0873355689345712,False
2024-12-23,DOCS,-8.208699201352667,-2.445596100707992,-0.7871803420743484,-0.20725464384964165,True,-0.7871803420743484,-0.20725464384964165,True,-8.208699201352667,-2.445596100707992,False
2025-01-03,CHWY,3.2353748417526647,0.8391611935998463,3.2353748417526647,0.8391611935998463,False,3.2353748417526647,0.8391611935998463,False,-0.32235266792251654,-0.055942656842711797,True
2025-01-10,VST,-17.874346622835056,-2.4047029973956797,-17.874346622835056,-2.4047029973956797,False,-17.874346622835056,-2.4047029973956797,False,-17.874346622835056,-2.4047029973956797,False
2025-01-14,BBIO,-12.942891208968149,-2.2262764847616325,-5.19504606296559,-0.8832108794036079,True,-5.19504606296559,-0.8832108794036079,True,-12.942891208968149,-2.2262764847616325,False
2025-01-14,VST,-19.69606557627434,-6.935688869716292,-19.69606557627434,-6.935688869716292,False,-19.69606557627434,-6.935688869716292,False,-19.69606557627434,-6.935688869716292,False
2025-01-16,TLN,-18.027485199639507,-6.818177764786897,-18.027485199639507,-6.818177764786897,False,-18.027485199639507,-6.818177764786897,False,-18.027485199639507,-6.818177764786897,False
2025-01-17,HOOD,7.061519917947978,2.9237254711796465,7.061519917947978,2.9237254711796465,False,7.061519917947978,2.9237254711796465,False,-0.9510796147496408,-0.34745740794620633,True
2025-01-21,HOOD,-4.617736644744866,-1.221621721935146,-4.617736644744866,-1.221621721935146,False,-4.617736644744866,-1.221621721935146,False,-4.617736644744866,-1.221621721935146,False
2025-01-22,CEG,-17.377128366422596,-4.2665180909088365,-17.377128366422596,-4.2665180909088365,False,-17.377128366422596,-4.2665180909088365,False,-17.377128366422596,-4.2665180909088365,False
2025-01-23,CEG,-20.660455617887987,-5.387292974644416,-20.660455617887987,-5.387292974644416,False,-20.660455617887987,-5.387292974644416,False,-20.660455617887987,-5.387292974644416,False
2025-01-24,BE,-24.877942040530357,-3.53588461728003,-24.877942040530357,-3.53588461728003,False,-24.877942040530357,-3.53588461728003,False,-24.877942040530357,-3.53588461728003,False
2025-01-30,GH,-6.0241473093436015,-1.8271611333896904,-6.0241473093436015,-1.8271611333896904,False,-6.0241473093436015,-1.8271611333896904,False,-6.0241473093436015,-1.8271611333896904,False
2025-02-04,KVYO,-7.906967571417106,-2.6595747558999303,-2.285949331665165,-0.7446803905601113,True,-2.285949331665165,-0.7446803905601113,True,-1.0576527827625446,-0.326240520746815,True
2025-02-07,HOOD,-4.609023326197451,-1.440000261579241,-4.609023326197451,-1.440000261579241,False,-4.609023326197451,-1.440000261579241,False,-4.609023326197451,-1.440000261579241,False
2025-02-10,MP,-7.149769245947056,-1.1180127093343948,-7.149769245947056,-1.1180127093343948,False,-4.564856096826332,-0.7080750713182262,True,-7.149769245947056,-1.1180127093343948,False
2025-02-10,NET,-6.995506273937224,-1.4949747635944002,-0.8706746987099026,-0.16708551623928675,True,-6.995506273937224,-1.4949747635944002,False,-2.232394813303423,-0.4623121646567638,True
2025-02-10,PLTR,-8.993968919554124,-1.308953907106112,-8.993968919554124,-1.308953907106112,False,-8.993968919554124,-1.308953907106112,False,-8.993968919554124,-1.308953907106112,False
2025-02-13,CVLT,-7.146326464259713,-1.9170373987268519,-7.146326464259713,-1.9170373987268519,False,-7.146326464259713,-1.9170373987268519,False,-7.146326464259713,-1.9170373987268519,False
2025-02-14,CVNA,-13.274643260374152,-3.0453439094604446,-13.274643260374152,-3.0453439094604446,False,-13.274643260374152,-3.0453439094604446,False,-13.274643260374152,-3.0453439094604446,False
2025-02-14,DUOL,-11.035387014431686,-3.165919017102739,-11.035387014431686,-3.165919017102739,False,-2.620175783759866,-0.7296195763092371,True,-11.035387014431686,-3.165919017102739,False
2025-02-14,FLG,-7.81173182203687,-1.416667485637174,-7.81173182203687,-1.416667485637174,False,-2.7461917994572227,-0.48611310268056523,True,-7.81173182203687,-1.416667485637174,False
2025-02-14,SHOP,-3.900206192773591,-1.091721525944157,-3.900206192773591,-1.091721525944157,False,-3.900206192773591,-1.091721525944157,False,-3.900206192773591,-1.091721525944157,False
2025-02-18,CVLT,-9.297098909439113,-3.60209109520237,-9.297098909439113,-3.60209109520237,False,-9.297098909439113,-3.60209109520237,False,-9.297098909439113,-3.60209109520237,False
2025-02-18,DUOL,-4.540565080933552,-1.3082047179011103,-4.540565080933552,-1.3082047179011103,False,-4.540565080933552,-1.3082047179011103,False,-4.540565080933552,-1.3082047179011103,False
2025-02-21,AXSM,-7.8347903159915075,-1.1382805562570775,-7.8347903159915075,-1.1382805562570775,False,-7.8347903159915075,-1.1382805562570775,False,-7.8347903159915075,-1.1382805562570775,False
2025-03-25,ZS,-3.0095901841275245,-1.3863135698839253,-3.0095901841275245,-1.3863135698839253,False,-3.0095901841275245,-1.3863135698839253,False,-3.0095901841275245,-1.3863135698839253,False
2025-04-10,IAG,-1.4074876601060307,-0.28125032596272626,-1.4074876601060307,-0.28125032596272626,False,-1.4074876601060307,-0.28125032596272626,False,-1.4074876601060307,-0.28125032596272626,False
2025-04-15,CASY,-2.835429241569775,-1.3683988201949888,-2.835429241569775,-1.3683988201949888,False,-2.835429241569775,-1.3683988201949888,False,-2.835429241569775,-1.3683988201949888,False
2025-04-28,SFM,-6.917985511700202,-3.0234977271187993,-6.917985511700202,-3.0234977271187993,False,-6.917985511700202,-3.0234977271187993,False,-6.917985511700202,-3.0234977271187993,False
2025-04-29,CDNS,-4.601095495420888,-1.0818784098820777,-4.601095495420888,-1.0818784098820777,False,-4.601095495420888,-1.0818784098820777,False,-4.601095495420888,-1.0818784098820777,False
2025-04-29,GEO,-13.664871345384915,-2.879195687599288,-13.664871345384915,-2.879195687599288,False,-13.664871345384915,-2.879195687599288,False,-4.020847033538911,-0.8322147393268466,True
2025-04-30,GLNG,-6.847980936643042,-1.5430142623910255,-6.847980936643042,-1.5430142623910255,False,-6.847980936643042,-1.5430142623910255,False,-6.847980936643042,-1.5430142623910255,False
2025-04-30,ITRI,-3.4589072100691225,-1.1097907464801806,-2.8481961853301714,-0.9080104049461981,True,-3.4589072100691225,-1.1097907464801806,False,-3.4589072100691225,-1.1097907464801806,False
2025-05-01,DUOL,24.37025691986085,9.792999267578125,24.37025691986085,9.792999267578125,False,24.37025691986085,9.792999267578125,False,24.37025691986085,9.792999267578125,False
2025-05-01,LRN,0.5566094959891356,0.09357328183613102,0.5566094959891356,0.09357328183613102,False,0.5566094959891356,0.09357328183613102,False,0.5566094959891356,0.09357328183613102,False
2025-05-02,BRBR,-19.56567953477706,-9.737708621699337,-19.56567953477706,-9.737708621699337,False,-19.56567953477706,-9.737708621699337,False,-19.56567953477706,-9.737708621699337,False
2025-05-02,CVSA,6.007082842352247,1.1477821527406296,6.007082842352247,1.1477821527406296,False,6.007082842352247,1.1477821527406296,False,6.007082842352247,1.1477821527406296,False
2025-05-02,LRN,-6.521106113471239,-1.1581912916340513,-2.004411458809995,-0.34350355348503603,True,-0.5510443160940011,-0.08135601402773132,True,-2.004411458809995,-0.34350355348503603,True
2025-05-02,RBLX,-4.578795868531788,-1.1487890643562004,-4.578795868531788,-1.1487890643562004,False,-4.578795868531788,-1.1487890643562004,False,-4.578795868531788,-1.1487890643562004,False
2025-05-06,TLN,17.59308647882253,3.251173064294669,-4.170900438872203,-0.7480436988836487,True,-4.170900438872203,-0.7480436988836487,True,17.59308647882253,3.251173064294669,False
2025-05-07,KGC,-12.329625601486434,-2.247059764635223,-3.6216135272207026,-0.647057916691332,True,-12.329625601486434,-2.247059764635223,False,-12.329625601486434,-2.247059764635223,False
2025-05-07,MOS,10.154449671614833,1.5345617125737525,10.154449671614833,1.5345617125737525,False,10.154449671614833,1.5345617125737525,False,10.154449671614833,1.5345617125737525,False
2025-05-07,ULS,0.9702821715839232,0.24803822601957984,0.9702821715839232,0.24803822601957984,False,0.9702821715839232,0.24803822601957984,False,-0.29987774121314664,-0.04632172866893814,True
2025-05-08,NTRA,-6.629310384798906,-2.5047161832923672,-6.629310384798906,-2.5047161832923672,False,-6.629310384798906,-2.5047161832923672,False,-6.629310384798906,-2.5047161832923672,False
2025-05-12,LOAR,-16.254341692283937,-2.080207385415906,-16.254341692283937,-2.080207385415906,False,-16.254341692283937,-2.080207385415906,False,-16.254341692283937,-2.080207385415906,False
2025-05-13,DAVE,12.272772160902674,2.556821728545766,12.272772160902674,2.556821728545766,False,12.272772160902674,2.556821728545766,False,12.272772160902674,2.556821728545766,False
2025-05-13,GEV,49.7314240199014,16.207257457096294,-1.3155610286374684,-0.39535114505401964,True,-1.3155610286374684,-0.39535114505401964,True,49.7314240199014,16.207257457096294,False
2025-05-13,RBRK,5.252322090274197,1.054503149384225,5.252322090274197,1.054503149384225,False,5.252322090274197,1.054503149384225,False,5.252322090274197,1.054503149384225,False
2025-05-14,ACHR,-8.710561185777998,-1.1724144734894948,-8.710561185777998,-1.1724144734894948,False,-3.8987736787502856,-0.5172412281134456,True,-8.710561185777998,-1.1724144734894948,False
2025-05-14,CRS,18.94699258983399,8.348571039161135,18.94699258983399,8.348571039161135,False,18.94699258983399,8.348571039161135,False,18.94699258983399,8.348571039161135,False
2025-05-14,CVNA,-4.493587685814624,-1.519229897879263,-1.9418376035480418,-0.6368769567027927,True,-0.20141606838835643,-0.035067997781954,True,-4.493587685814624,-1.519229897879263,False
2025-05-15,ACHR,-6.6594689496853405,-1.1428563643472847,-6.6594689496853405,-1.1428563643472847,False,-6.6594689496853405,-1.1428563643472847,False,-6.6594689496853405,-1.1428563643472847,False
2025-05-15,ALNY,11.023584763436551,1.8315915394362579,11.023584763436551,1.8315915394362579,False,11.023584763436551,1.8315915394362579,False,11.023584763436551,1.8315915394362579,False
2025-05-15,THC,-4.6517687469708795,-1.1266961869165761,-4.6517687469708795,-1.1266961869165761,False,-4.6517687469708795,-1.1266961869165761,False,-1.74521549097802,-0.4072390587888719,True
2025-05-16,AGX,9.295819066609338,2.251587029745979,9.295819066609338,2.251587029745979,False,9.295819066609338,2.251587029745979,False,9.295819066609338,2.251587029745979,False
2025-05-16,ALNY,10.28000425284399,5.192598425634815,10.28000425284399,5.192598425634815,False,10.28000425284399,5.192598425634815,False,10.28000425284399,5.192598425634815,False
2025-05-16,NRG,-6.70473679658514,-2.038758393960516,-0.9663848437997286,-0.26743675442299897,True,-2.441783808431588,-0.7228647474263058,True,-0.9663848437997286,-0.26743675442299897,True
2025-05-19,RIVN,-7.98433534992409,-1.2296646263836248,-4.1495442824505515,-0.6315790914641214,True,-2.43155952262191,-0.3636370273498923,True,-5.744818770861978,-0.8803828930160993,True
2025-05-20,RIVN,-6.066283831060745,-1.4428558972430667,-6.066283831060745,-1.4428558972430667,False,-6.066283831060745,-1.4428558972430667,False,-6.066283831060745,-1.4428558972430667,False
2025-05-21,AGX,6.674416101029775,2.8090053320564765,6.674416101029775,2.8090053320564765,False,6.674416101029775,2.8090053320564765,False,6.674416101029775,2.8090053320564765,False
2025-05-27,AGX,-2.1415413298358956,-0.5613578120742829,-0.20444891667316728,-0.02872007266289209,True,-0.20444891667316728,-0.02872007266289209,True,-2.1415413298358956,-0.5613578120742829,False
2025-05-30,ALNY,3.3064929614977077,0.5979270530823483,-1.3241088819019005,-0.21486256530696912,True,3.3064929614977077,0.5979270530823483,False,-1.3241088819019005,-0.21486256530696912,True
2025-06-02,CDE,0.8265243867698273,0.2162137294860518,0.8265243867698273,0.2162137294860518,False,0.8265243867698273,0.2162137294860518,False,0.8265243867698273,0.2162137294860518,False
2025-06-03,AGX,-5.812217706752167,-1.3116489239657547,-5.812217706752167,-1.3116489239657547,False,-5.812217706752167,-1.3116489239657547,False,-4.3361796911292005,-0.9727186215306964,True
2025-06-03,VST,-3.0133168707388576,-1.2391312681529036,-3.0133168707388576,-1.2391312681529036,False,-3.0133168707388576,-1.2391312681529036,False,-3.0133168707388576,-1.2391312681529036,False
2025-06-05,IAG,-3.2234345910720608,-1.263156309683054,-3.2234345910720608,-1.263156309683054,False,-3.2234345910720608,-1.263156309683054,False,-3.2234345910720608,-1.263156309683054,False
2025-06-10,JOBY,-6.1351135625121875,-2.072729038209448,-6.1351135625121875,-2.072729038209448,False,-6.1351135625121875,-2.072729038209448,False,-6.1351135625121875,-2.072729038209448,False
2025-06-11,CLS,44.548345367250576,10.077730809254476,-1.9473025021115296,-0.4169609687976837,True,44.548345367250576,10.077730809254476,False,44.548345367250576,10.077730809254476,False
2025-06-16,INSM,-4.005904850429602,-1.0447364141400959,-4.005904850429602,-1.0447364141400959,False,-4.005904850429602,-1.0447364141400959,False,-4.005904850429602,-1.0447364141400959,False
2025-06-18,CRDO,24.084662456103572,4.150303723421334,-0.19341536158464537,-0.016030908999172845,True,24.084662456103572,4.150303723421334,False,24.084662456103572,4.150303723421334,False
2025-06-20,BBIO,7.277095288542598,2.0,7.277095288542598,2.0,False,7.277095288542598,2.0,False,7.277095288542598,2.0,False
2025-06-20,INSM,-5.025465080622428,-1.3825116108429014,-3.2051883820697844,-0.8715844944176234,True,-5.025465080622428,-1.3825116108429014,False,-3.2051883820697844,-0.8715844944176234,True
2025-06-23,OLLI,-4.803172463396194,-0.9014084666354478,-4.803172463396194,-0.9014084666354478,False,-4.803172463396194,-0.9014084666354478,False,-4.803172463396194,-0.9014084666354478,False
2025-06-24,BBIO,0.7094951718119903,0.16666696101061226,0.7094951718119903,0.16666696101061226,False,0.7094951718119903,0.16666696101061226,False,-3.855156251971171,-0.7731491211184128,True
2025-06-24,INSM,-4.026273465881137,-1.9641187923367451,-4.026273465881137,-1.9641187923367451,False,-4.026273465881137,-1.9641187923367451,False,-4.026273465881137,-1.9641187923367451,False
2025-06-24,OLLI,-5.053142141476468,-1.521327948163522,-5.053142141476468,-1.521327948163522,False,-5.053142141476468,-1.521327948163522,False,-5.053142141476468,-1.521327948163522,False
2025-06-25,CLS,23.834620938757524,10.168107776777912,23.834620938757524,10.168107776777912,False,23.834620938757524,10.168107776777912,False,23.834620938757524,10.168107776777912,False
2025-06-26,CBRL,1.5863069253008955,0.37432163555002745,-4.081495477948702,-0.883801090347105,True,1.5863069253008955,0.37432163555002745,False,1.5863069253008955,0.37432163555002745,False
2025-06-26,COIN,-5.866708672713599,-1.0535543157691423,-5.866708672713599,-1.0535543157691423,False,-5.866708672713599,-1.0535543157691423,False,-5.866708672713599,-1.0535543157691423,False
2025-06-26,SOFI,77.61901403044253,18.366170129887575,77.61901403044253,18.366170129887575,False,77.61901403044253,18.366170129887575,False,77.61901403044253,18.366170129887575,False
2025-06-26,WBD,6.264529707683009,1.7750017881410485,6.264529707683009,1.7750017881410485,False,-1.9824667740712014,-0.5250005960470162,True,6.264529707683009,1.7750017881410485,False
2025-06-27,DAVE,-7.9714043055285675,-1.8477448110792583,-7.9714043055285675,-1.8477448110792583,False,-7.9714043055285675,-1.8477448110792583,False,-7.9714043055285675,-1.8477448110792583,False
2025-06-27,IREN,12.679321156229303,1.9670332549433873,12.679321156229303,1.9670332549433873,False,12.679321156229303,1.9670332549433873,False,12.679321156229303,1.9670332549433873,False
2025-06-27,SOFI,69.19013175804251,34.66239707756015,69.19013175804251,34.66239707756015,False,69.19013175804251,34.66239707756015,False,69.19013175804251,34.66239707756015,False
2025-07-02,SYM,21.311091828710705,2.7228920923156825,21.311091828710705,2.7228920923156825,False,21.311091828710705,2.7228920923156825,False,21.311091828710705,2.7228920923156825,False
2025-07-07,SOFI,37.199430303507356,8.547617858229527,37.199430303507356,8.547617858229527,False,37.199430303507356,8.547617858229527,False,37.199430303507356,8.547617858229527,False
2025-07-08,CRSP,5.114466665377025,0.7792921082501445,5.114466665377025,0.7792921082501445,False,5.114466665377025,0.7792921082501445,False,-3.9105712589210735,-0.5694826145345235,True
2025-07-09,CRDO,-4.319628316586021,-1.3376632705888765,-4.319628316586021,-1.3376632705888765,False,-4.319628316586021,-1.3376632705888765,False,-4.319628316586021,-1.3376632705888765,False
2025-07-10,COIN,-4.60206432637363,-0.8777553363738803,-0.5882363073980714,-0.0951901157252744,True,-0.3415498922320468,-0.04709433085288717,True,-4.60206432637363,-0.8777553363738803,False
2025-07-10,SOFI,25.87651855471904,7.465759151359967,25.87651855471904,7.465759151359967,False,-0.14766442105234454,-0.013698952263998119,True,25.87651855471904,7.465759151359967,False
2025-07-10,TRIP,-3.6775034371136863,-1.0317468006454718,-0.9806159076658435,-0.25396835008068397,True,-3.6775034371136863,-1.0317468006454718,False,-3.6775034371136863,-1.0317468006454718,False
2025-07-11,AG,-6.892721247359998,-1.2600005817406366,-6.892721247359998,-1.2600005817406366,False,-6.892721247359998,-1.2600005817406366,False,-6.892721247359998,-1.2600005817406366,False
2025-07-16,ACHR,-9.193882277939013,-1.0,-9.193882277939013,-1.0,False,-2.0841171894547617,-0.21818153444410343,True,-9.193882277939013,-1.0,False
2025-07-17,COIN,-4.74527117217813,-1.1590768016394628,-4.74527117217813,-1.1590768016394628,False,-1.6354455410382034,-0.38312064911458266,True,-3.518858867698664,-0.8530653765409337,True
2025-07-17,TOST,-0.014240849451748572,0.02547829509726265,-0.3143896979278324,-0.06369330799920304,True,-0.014240849451748572,0.02547829509726265,False,-0.014240849451748572,0.02547829509726265,False
2025-07-18,GENI,-6.429290010013997,-2.250002980235081,-6.429290010013997,-2.250002980235081,False,-6.429290010013997,-2.250002980235081,False,-6.429290010013997,-2.250002980235081,False
2025-07-23,UPST,-4.495753085107594,-1.2091502942056447,-0.8128235997412362,-0.19607808915926997,True,-2.2741106196042407,-0.598037797945547,True,-4.495753085107594,-1.2091502942056447,False
2025-07-25,AGX,-4.607940415905209,-1.1440859042984233,-4.607940415905209,-1.1440859042984233,False,-4.607940415905209,-1.1440859042984233,False,-4.607940415905209,-1.1440859042984233,False
2025-07-25,BE,217.38001478000788,66.12382900720065,217.38001478000788,66.12382900720065,False,217.38001478000788,66.12382900720065,False,217.38001478000788,66.12382900720065,False
2025-07-25,NNE,-9.581511474263419,-1.0474935205455322,-9.581511474263419,-1.0474935205455322,False,-9.581511474263419,-1.0474935205455322,False,-9.581511474263419,-1.0474935205455322,False
2025-07-28,BE,199.91495375639113,54.80312865136984,199.91495375639113,54.80312865136984,False,199.91495375639113,54.80312865136984,False,199.91495375639113,54.80312865136984,False
2025-08-05,CDE,89.39369025987483,13.640617370474347,89.39369025987483,13.640617370474347,False,89.39369025987483,13.640617370474347,False,89.39369025987483,13.640617370474347,False
2025-08-05,MOD,-2.8884409102800244,-1.101123836302227,-2.8884409102800244,-1.101123836302227,False,-2.8884409102800244,-1.101123836302227,False,-2.8884409102800244,-1.101123836302227,False
2025-08-05,RKT,-4.922883004424121,-0.6304349027944018,-6.863123536628329,-0.884058171324003,True,-6.863123536628329,-0.884058171324003,True,-4.922883004424121,-0.6304349027944018,False
2025-08-06,AFRM,-6.502073017492699,-1.6610751829265171,-6.502073017492699,-1.6610751829265171,False,-6.502073017492699,-1.6610751829265171,False,-6.502073017492699,-1.6610751829265171,False
2025-08-08,CDE,58.497302352762915,15.177785323886958,58.497302352762915,15.177785323886958,False,58.497302352762915,15.177785323886958,False,58.497302352762915,15.177785323886958,False
2025-08-08,HL,62.584875138953024,11.625452296381775,62.584875138953024,11.625452296381775,False,62.584875138953024,11.625452296381775,False,62.584875138953024,11.625452296381775,False
2025-08-11,GENI,0.21932875727101706,0.1481477556902471,0.21932875727101706,0.1481477556902471,False,0.21932875727101706,0.1481477556902471,False,0.21932875727101706,0.1481477556902471,False
2025-08-12,LMND,-5.244891673848484,-0.7433868467581117,-5.244891673848484,-0.7433868467581117,False,-5.244891673848484,-0.7433868467581117,False,-5.244891673848484,-0.7433868467581117,False
2025-08-12,LSCC,9.274742843753426,2.208174505933338,9.274742843753426,2.208174505933338,False,9.274742843753426,2.208174505933338,False,-2.893487140982953,-0.6579921380437003,True
2025-08-12,MPWR,-2.1107389025433236,-0.45021094063342243,-1.7754293878512504,-0.3751340562990553,True,-1.7754293878512504,-0.3751340562990553,True,-2.1107389025433236,-0.45021094063342243,False
2025-08-13,COMP,-5.414086637857939,-1.382353106171953,-0.7783983978703186,-0.1764717432036711,True,-1.1175922054171268,-0.264706212343906,True,-5.414086637857939,-1.382353106171953,False
2025-08-13,FSM,-3.9815562860297913,-1.8666668785941578,-3.9815562860297913,-1.8666668785941578,False,-0.23863007925812993,-0.06666815015910456,True,-3.9815562860297913,-1.8666668785941578,False
2025-08-13,GENI,-2.9601305250415764,-0.72548964609349,-0.2546052363725482,-0.039216566250416064,True,-0.0999999999999965,0.0,True,-2.3417243235181755,-0.5686271209894274,True
2025-08-13,LSCC,-3.1496881944187627,-1.137143816266741,-2.689937762296975,-0.9657156808035714,True,-3.1496881944187627,-1.137143816266741,False,-3.1496881944187627,-1.137143816266741,False
2025-08-13,RKT,-9.21878612916249,-1.5982139055829074,-5.652778317588308,-0.9732136927093357,True,-9.21878612916249,-1.5982139055829074,False,-9.21878612916249,-1.5982139055829074,False
2025-08-18,MDGL,6.538990492873376,0.6482176388774762,6.538990492873376,0.6482176388774762,False,6.538990492873376,0.6482176388774762,False,6.538990492873376,0.6482176388774762,False
2025-08-21,MDGL,2.438708008718468,0.7322946114410699,2.438708008718468,0.7322946114410699,False,2.438708008718468,0.7322946114410699,False,2.438708008718468,0.7322946114410699,False
2025-08-22,FROG,1.6423249979280514,0.8715982981130708,1.6423249979280514,0.8715982981130708,False,1.6423249979280514,0.8715982981130708,False,1.6423249979280514,0.8715982981130708,False
2025-08-22,MDGL,0.5628303869362477,0.26140711710117515,0.5628303869362477,0.26140711710117515,False,0.5628303869362477,0.26140711710117515,False,0.5628303869362477,0.26140711710117515,False
2025-08-22,ROAD,-4.0283813638308255,-1.0440521823592974,-0.6801384399836444,-0.15418431874057878,True,-4.0283813638308255,-1.0440521823592974,False,-0.6801384399836444,-0.15418431874057878,True
2025-08-22,WGS,-5.246450254495,-0.7734963670164106,-5.246450254495,-0.7734963670164106,False,-5.246450254495,-0.7734963670164106,False,-5.246450254495,-0.7734963670164106,False
2025-08-25,COMP,-5.448838298560899,-1.5454527064127388,-5.448838298560899,-1.5454527064127388,False,-5.448838298560899,-1.5454527064127388,False,-5.448838298560899,-1.5454527064127388,False
2025-08-25,FROG,-2.8565186791670865,-1.3789488139905386,-2.8565186791670865,-1.3789488139905386,False,-2.8565186791670865,-1.3789488139905386,False,-2.8565186791670865,-1.3789488139905386,False
2025-08-25,MGNI,-3.8091612183989474,-0.6911765530859765,-3.8091612183989474,-0.6911765530859765,False,-3.8091612183989474,-0.6911765530859765,False,-3.8091612183989474,-0.6911765530859765,False
2025-08-26,MDGL,-1.8479353046858988,-0.5864248380181613,-1.8479353046858988,-0.5864248380181613,False,-1.8479353046858988,-0.5864248380181613,False,-1.8479353046858988,-0.5864248380181613,False
2025-08-27,FROG,-2.4054419858850604,-0.43629382298922015,-2.4054419858850604,-0.43629382298922015,False,-2.3646368075835964,-0.4285716389794286,True,-1.3037255201213718,-0.22779927329284944,True
2025-08-28,FROG,-4.4716869197862,-2.027780230648323,-1.497345250294257,-0.6481500450347032,True,-4.4716869197862,-2.027780230648323,False,-4.4716869197862,-2.027780230648323,False
2025-08-28,MGNI,-3.6804138241634483,-1.0326094393017446,-2.2482454190909387,-0.6195648342991013,True,-3.6804138241634483,-1.0326094393017446,False,-3.6804138241634483,-1.0326094393017446,False
2025-08-28,SNDK,284.9746330312896,62.80959356091632,284.9746330312896,62.80959356091632,False,284.9746330312896,62.80959356091632,False,284.9746330312896,62.80959356091632,False
2025-08-29,CDE,40.41205479918512,8.737709920380377,40.41205479918512,8.737709920380377,False,40.41205479918512,8.737709920380377,False,40.41205479918512,8.737709920380377,False
2025-08-29,EXK,-5.866340866138039,-1.0285707279125562,-4.104407198162823,-0.7142859089131788,True,-1.7017613517050154,-0.28571409108682116,True,-3.7840472900212334,-0.6571417283035628,True
2025-08-29,FSM,12.880519802056863,4.166670640313441,-0.48941212788895533,-0.12499900658830636,True,-1.1384405938294584,-0.3333333333333333,True,12.880519802056863,4.166670640313441,False
2025-08-29,GH,-9.083933141968515,-2.203635475852273,-9.083933141968515,-2.203635475852273,False,-9.083933141968515,-2.203635475852273,False,-9.083933141968515,-2.203635475852273,False
2025-08-29,SNDK,273.2338234301944,86.96355927109295,273.2338234301944,86.96355927109295,False,273.2338234301944,86.96355927109295,False,273.2338234301944,86.96355927109295,False
2025-09-02,AG,32.55796752116971,5.147544810188373,-4.8842871594660435,-0.7540987516199954,True,-4.8842871594660435,-0.7540987516199954,True,-4.988281303289577,-0.770490295734976,True
2025-09-02,ASND,-1.8966518198151185,-0.7225026252498221,-1.8966518198151185,-0.7225026252498221,False,-1.8966518198151185,-0.7225026252498221,False,-1.8966518198151185,-0.7225026252498221,False
2025-09-02,CDE,35.16786278101646,6.5135155309443125,35.16786278101646,6.5135155309443125,False,35.16786278101646,6.5135155309443125,False,35.16786278101646,6.5135155309443125,False
2025-09-02,ECHO,10.762138561222939,1.449898742787959,10.762138561222939,1.449898742787959,False,10.762138561222939,1.449898742787959,False,10.762138561222939,1.449898742787959,False
2025-09-02,EXK,-5.6356943607330265,-1.1612909676258274,-5.6356943607330265,-1.1612909676258274,False,-5.6356943607330265,-1.1612909676258274,False,-5.6356943607330265,-1.1612909676258274,False
2025-09-02,IAG,29.153649907686756,9.857116095939402,29.153649907686756,9.857116095939402,False,29.153649907686756,9.857116095939402,False,29.153649907686756,9.857116095939402,False
2025-09-03,CDE,32.167313583434215,13.264696379803881,32.167313583434215,13.264696379803881,False,32.167313583434215,13.264696379803881,False,32.167313583434215,13.264696379803881,False
2025-09-03,PTCT,55.13789592077353,9.839747202860046,55.13789592077353,9.839747202860046,False,55.13789592077353,9.839747202860046,False,55.13789592077353,9.839747202860046,False
2025-09-03,UI,12.22846056486268,3.2631115341386456,12.22846056486268,3.2631115341386456,False,12.22846056486268,3.2631115341386456,False,12.22846056486268,3.2631115341386456,False
2025-09-04,DDS,4.4100829354807844,1.2234923490795897,4.4100829354807844,1.2234923490795897,False,-0.6370918684885666,-0.14570193081795071,True,4.4100829354807844,1.2234923490795897,False
2025-09-04,PTCT,48.10894733948699,9.749132388652667,-1.3922341349589948,-0.2613241390676983,True,48.10894733948699,9.749132388652667,False,48.10894733948699,9.749132388652667,False
2025-09-04,UI,8.223128044531954,2.9578832707044826,8.223128044531954,2.9578832707044826,False,8.223128044531954,2.9578832707044826,False,8.223128044531954,2.9578832707044826,False
2025-09-05,CYTK,-6.831210729971593,-1.1333340599428643,-3.6447223434979032,-0.5968249585529813,True,-2.004345131741616,-0.3206346207643206,True,-3.6447223434979032,-0.5968249585529813,True
2025-09-05,DDS,3.385315451166692,1.7435294903285046,-0.4967067942783909,-0.19845262345092024,True,-1.473748807039863,-0.6872180125261901,True,-0.4967067942783909,-0.19845262345092024,True
2025-09-05,RKT,-2.270683755292631,-0.4835171514686587,-2.270683755292631,-0.4835171514686587,False,-2.270683755292631,-0.4835171514686587,False,-2.270683755292631,-0.4835171514686587,False
2025-09-05,SIG,-0.13201336465058133,-0.009644857991679476,-2.8535678889420457,-0.8295838800190095,True,-2.3946385397099026,-0.6913194879480813,True,-2.8535678889420457,-0.8295838800190095,True
2025-09-08,IAG,20.8220701667776,9.590895889235197,20.8220701667776,9.590895889235197,False,20.8220701667776,9.590895889235197,False,20.8220701667776,9.590895889235197,False
2025-09-08,RBRK,-15.665897181201666,-4.581538273737981,-15.665897181201666,-4.581538273737981,False,-15.665897181201666,-4.581538273737981,False,-15.665897181201666,-4.581538273737981,False
2025-09-08,SNDK,177.78817161423783,47.61476366268548,177.78817161423783,47.61476366268548,False,177.78817161423783,47.61476366268548,False,177.78817161423783,47.61476366268548,False
2025-09-09,APP,5.062513743763435,2.176341579163192,5.062513743763435,2.176341579163192,False,5.062513743763435,2.176341579163192,False,5.062513743763435,2.176341579163192,False
2025-09-09,LYFT,7.128575137922373,1.7499993725828755,7.128575137922373,1.7499993725828755,False,7.128575137922373,1.7499993725828755,False,7.128575137922373,1.7499993725828755,False
2025-09-09,PBF,-6.134343270196536,-1.0111743509658113,-6.134343270196536,-1.0111743509658113,False,-6.134343270196536,-1.0111743509658113,False,-6.134343270196536,-1.0111743509658113,False
2025-09-09,RBRK,-18.14173480193627,-5.214070288798003,-18.14173480193627,-5.214070288798003,False,-18.14173480193627,-5.214070288798003,False,-18.14173480193627,-5.214070288798003,False
2025-09-10,AEO,-10.536336018437021,-1.2331292750147826,-4.8248963995733956,-0.5582809964563098,True,-10.536336018437021,-1.2331292750147826,False,-10.536336018437021,-1.2331292750147826,False
2025-09-10,EQX,2.4127111153356195,0.39130482944638434,-1.309825190666173,-0.18840623460621927,True,2.4127111153356195,0.39130482944638434,False,-3.2641540776702933,-0.49275412686646686,True
2025-09-10,LYFT,-3.473836607816509,-1.2929308497930811,-3.473836607816509,-1.2929308497930811,False,-3.473836607816509,-1.2929308497930811,False,-3.473836607816509,-1.2929308497930811,False
2025-09-10,SNDK,164.9148695375567,64.57145394508449,164.9148695375567,64.57145394508449,False,164.9148695375567,64.57145394508449,False,164.9148695375567,64.57145394508449,False
2025-09-10,STRL,11.683033714560688,3.5044405615472676,11.683033714560688,3.5044405615472676,False,11.683033714560688,3.5044405615472676,False,11.683033714560688,3.5044405615472676,False
2025-09-11,ARWR,27.241636436495092,4.56741839113961,-0.09999999999998604,0.0,True,-1.108914012011025,-0.16853901280710476,True,27.241636436495092,4.56741839113961,False
2025-09-11,EQX,-5.293395226374193,-1.3103446450432985,-3.3800413864734673,-0.8275866709429293,True,-3.8355980851302895,-0.9425281022376393,True,-5.293395226374193,-1.3103446450432985,False
2025-09-11,PTCT,24.166081483586858,4.2346230543127925,24.166081483586858,4.2346230543127925,False,-2.1822924484887474,-0.3633764938173507,True,24.166081483586858,4.2346230543127925,False
2025-09-11,SITM,7.275351370535102,1.9118201972326274,7.275351370535102,1.9118201972326274,False,7.275351370535102,1.9118201972326274,False,7.275351370535102,1.9118201972326274,False
2025-09-11,STRL,6.371332864089559,1.486566271068116,-0.9219591568708101,-0.18881686114158439,True,6.371332864089559,1.486566271068116,False,6.371332864089559,1.486566271068116,False
2025-09-12,APP,0.7586769759450284,0.4295532646048115,0.7586769759450284,0.4295532646048115,False,0.7586769759450284,0.4295532646048115,False,0.7586769759450284,0.4295532646048115,False
2025-09-12,SNDK,127.35280152828834,28.527286490814006,127.35280152828834,28.527286490814006,False,127.35280152828834,28.527286490814006,False,127.35280152828834,28.527286490814006,False
2025-09-15,IAG,-3.6039406140893604,-1.538458716942376,-3.6039406140893604,-1.538458716942376,False,-3.6039406140893604,-1.538458716942376,False,-3.6039406140893604,-1.538458716942376,False
2025-09-15,SITM,-0.6299577096543145,-0.08899642524204855,-0.6299577096543145,-0.08899642524204855,False,-0.6299577096543145,-0.08899642524204855,False,-0.6299577096543145,-0.08899642524204855,False
2025-09-15,SNDK,117.35707589321254,21.301840421106277,117.35707589321254,21.301840421106277,False,117.35707589321254,21.301840421106277,False,117.35707589321254,21.301840421106277,False
2025-09-16,APP,-2.880985117348116,-1.1570272599255975,-2.880985117348116,-1.1570272599255975,False,-2.880985117348116,-1.1570272599255975,False,-2.880985117348116,-1.1570272599255975,False
2025-09-16,SITM,-3.696547830291793,-1.1861797799807587,-3.696547830291793,-1.1861797799807587,False,-3.696547830291793,-1.1861797799807587,False,-3.696547830291793,-1.1861797799807587,False
2025-09-17,APP,-3.3390703240408817,-1.0118363641503922,-3.3390703240408817,-1.0118363641503922,False,-3.3390703240408817,-1.0118363641503922,False,-3.3390703240408817,-1.0118363641503922,False
2025-09-17,SNDK,108.38037582866251,27.197334798177085,108.38037582866251,27.197334798177085,False,108.38037582866251,27.197334798177085,False,108.38037582866251,27.197334798177085,False
2025-09-18,CVI,0.0770546391212923,0.045800393433883674,0.0770546391212923,0.045800393433883674,False,0.0770546391212923,0.045800393433883674,False,0.0770546391212923,0.045800393433883674,False
2025-09-18,TTMI,1.2997571451394903,0.272059318515859,-1.4619250908679786,-0.264706212343906,True,1.2997571451394903,0.272059318515859,False,1.2997571451394903,0.272059318515859,False
2025-09-19,APP,-9.730494505107297,-1.9541045771561416,-9.730494505107297,-1.9541045771561416,False,-1.2801611179978103,-0.23946415640839971,True,-9.730494505107297,-1.9541045771561416,False
2025-09-19,CVI,-1.062754327777843,-0.32039321354524436,-1.062754327777843,-0.32039321354524436,False,-1.062754327777843,-0.32039321354524436,False,-1.062754327777843,-0.32039321354524436,False
2025-09-19,FN,-4.396652835929125,-1.2737827184970143,-4.396652835929125,-1.2737827184970143,False,-4.396652835929125,-1.2737827184970143,False,-4.396652835929125,-1.2737827184970143,False
2025-09-19,HOOD,8.046268047205157,2.6904765749255226,-2.503029355132104,-0.7936510499503484,True,8.046268047205157,2.6904765749255226,False,-2.503029355132104,-0.7936510499503484,True
2025-09-19,NXE,-4.4111248160442305,-0.7755092905257462,-4.4111248160442305,-0.7755092905257462,False,-1.57485934386993,-0.265305963569695,True,-4.4111248160442305,-0.7755092905257462,False
2025-09-19,PLTR,-5.207369976736589,-1.640845789320983,-2.741363060210843,-0.8485912466016914,True,-1.6508453531469558,-0.4982404014571088,True,-2.741363060210843,-0.8485912466016914,True
2025-09-19,SAIL,-3.7041763554358456,-1.0539843489516936,-3.7041763554358456,-1.0539843489516936,False,-2.6053416917813497,-0.7326475376076255,True,-3.7041763554358456,-1.0539843489516936,False
2025-09-19,SITM,-6.221279618560033,-1.9793407189291097,-6.221279618560033,-1.9793407189291097,False,-6.221279618560033,-1.9793407189291097,False,-6.221279618560033,-1.9793407189291097,False
2025-09-19,STRL,-4.594632116843215,-1.864212618611152,-4.594632116843215,-1.864212618611152,False,-4.594632116843215,-1.864212618611152,False,-4.594632116843215,-1.864212618611152,False
2025-09-19,UI,-3.788867426460122,-1.561916524571689,-3.788867426460122,-1.561916524571689,False,-3.788867426460122,-1.561916524571689,False,-3.788867426460122,-1.561916524571689,False
2025-09-22,CVI,-4.169211692727679,-1.1338579632134573,-4.169211692727679,-1.1338579632134573,False,-4.169211692727679,-1.1338579632134573,False,-4.169211692727679,-1.1338579632134573,False
2025-09-22,NBIS,6.313305875385372,0.8465349526278915,6.313305875385372,0.8465349526278915,False,6.313305875385372,0.8465349526278915,False,6.313305875385372,0.8465349526278915,False
2025-09-22,NXE,-5.696304400016048,-1.369860293522082,-5.696304400016048,-1.369860293522082,False,-5.696304400016048,-1.369860293522082,False,-5.696304400016048,-1.369860293522082,False
2025-09-22,RIVN,-11.3148626233378,-1.5132742167844975,-11.3148626233378,-1.5132742167844975,False,-11.3148626233378,-1.5132742167844975,False,-11.3148626233378,-1.5132742167844975,False
2025-09-22,SSRM,-3.374229498343401,-1.4615396157517957,-3.374229498343401,-1.4615396157517957,False,-3.374229498343401,-1.4615396157517957,False,-3.374229498343401,-1.4615396157517957,False
2025-09-22,TTMI,-1.3162054333974862,-0.262947922587548,-1.3162054333974862,-0.262947922587548,False,-1.3162054333974862,-0.262947922587548,False,-1.3162054333974862,-0.262947922587548,False
2025-09-23,NXE,-4.503079538329205,-1.538458716942376,-4.503079538329205,-1.538458716942376,False,-4.503079538329205,-1.538458716942376,False,-4.503079538329205,-1.538458716942376,False
2025-09-23,PSKY,-9.01597706734803,-1.2222249403903056,-4.203374467362313,-0.5625010670045103,True,-4.203374467362313,-0.5625010670045103,True,-4.203374467362313,-0.5625010670045103,True
2025-09-23,RIVN,-5.5705372999962695,-1.5740731256324716,-5.5705372999962695,-1.5740731256324716,False,-5.5705372999962695,-1.5740731256324716,False,-5.5705372999962695,-1.5740731256324716,False
2025-09-23,STRL,-7.5699101264537525,-2.9690226534684454,-7.5699101264537525,-2.9690226534684454,False,-7.5699101264537525,-2.9690226534684454,False,-7.5699101264537525,-2.9690226534684454,False
2025-09-24,NBIS,0.08536967120700362,0.025059542018092032,-4.981428280156101,-0.659904914856735,True,-2.756978756486205,-0.3591885897828082,True,0.08536967120700362,0.025059542018092032,False
2025-09-25,SSRM,-5.573251854905395,-1.274509210188383,-5.573251854905395,-1.274509210188383,False,-5.573251854905395,-1.274509210188383,False,-1.1104503297421857,-0.23529490069785505,True
2025-09-26,CLF,4.990421343647731,2.0322619347931754,4.990421343647731,2.0322619347931754,False,4.990421343647731,2.0322619347931754,False,4.990421343647731,2.0322619347931754,False
2025-09-26,IAG,-1.95092990539888,-0.4509811621357807,-1.95092990539888,-0.4509811621357807,False,-1.95092990539888,-0.4509811621357807,False,-1.95092990539888,-0.4509811621357807,False
2025-09-29,CLF,1.145481663457562,0.20253146220009055,-0.8005852916089249,-0.11392424928323525,True,-1.1898001673534901,-0.17721563301644785,True,-1.6568520793219217,-0.25316432775011316,True
2025-09-29,EQX,-4.0662690374019865,-1.5254230456620934,-4.0662690374019865,-1.5254230456620934,False,-4.0662690374019865,-1.5254230456620934,False,-4.0662690374019865,-1.5254230456620934,False
2025-09-29,EYE,-5.022300085693699,-1.309090940617322,-1.3647535407442175,-0.3363625487023965,True,-5.022300085693699,-1.309090940617322,False,-3.8259068435004013,-0.990908885987408,True
2025-09-30,BTSG,7.304957961222377,1.381704605076318,-4.157506352613137,-0.75709750708788,True,-4.157506352613137,-0.75709750708788,True,-3.954632647292177,-0.7192429325772928,True
2025-09-30,HOOD,-5.845132805183251,-1.0814732679937762,-5.845132805183251,-1.0814732679937762,False,-5.845132805183251,-1.0814732679937762,False,-5.845132805183251,-1.0814732679937762,False
2025-10-01,BTSG,-3.7509890983264884,-1.058251869848542,-3.7509890983264884,-1.058251869848542,False,-3.7509890983264884,-1.058251869848542,False,-3.7509890983264884,-1.058251869848542,False
2025-10-01,SNDK,61.65906726307635,8.206138314523368,61.65906726307635,8.206138314523368,False,61.65906726307635,8.206138314523368,False,61.65906726307635,8.206138314523368,False
2025-10-01,SPHR,-6.452758902516644,-1.6945623790948152,-1.2764359473308269,-0.3138076115200695,True,-0.5548900023802926,-0.12133932618702556,True,-6.452758902516644,-1.6945623790948152,False
2025-10-01,TTMI,-4.414752413424047,-1.1184213168074313,-4.414752413424047,-1.1184213168074313,False,-4.414752413424047,-1.1184213168074313,False,-1.0137140982867892,-0.2368426336148626,True
2025-10-01,VRT,11.163634986082414,1.2787938803321133,-0.9597702760774445,-0.09761226894318098,True,11.163634986082414,1.2787938803321133,False,11.163634986082414,1.2787938803321133,False
2025-10-02,AVAV,-2.7882306741980645,-0.9167451018887971,-2.7882306741980645,-0.9167451018887971,False,-2.7882306741980645,-0.9167451018887971,False,-2.7882306741980645,-0.9167451018887971,False
2025-10-02,IAG,-8.372764367455229,-1.4666671752929688,-0.17520864406383332,-0.013333638509114584,True,-1.98017306784972,-0.3333333333333333,True,-5.364483155521018,-0.9333330790201823,True
2025-10-02,INTC,-0.8234999009507957,-0.14516148879791954,-1.3594166673228816,-0.25268669450437664,True,-0.4483540757074975,-0.06989302443866544,True,-0.8234999009507957,-0.14516148879791954,False
2025-10-02,NXT,21.493276225995437,6.167267687578901,-2.9085790550817987,-0.8021598331412262,True,-2.37960250239523,-0.6510785443767495,True,21.493276225995437,6.167267687578901,False
2025-10-03,RKLB,7.739736986947508,0.8989790627680991,7.739736986947508,0.8989790627680991,False,7.739736986947508,0.8989790627680991,False,7.739736986947508,0.8989790627680991,False
2025-10-06,AVAV,-10.631122544257012,-2.1904506724388315,-10.631122544257012,-2.1904506724388315,False,-10.631122544257012,-2.1904506724388315,False,-10.631122544257012,-2.1904506724388315,False
2025-10-06,OSCR,-8.029688899547,-1.5526311386542813,-8.029688899547,-1.5526311386542813,False,-8.029688899547,-1.5526311386542813,False,-8.029688899547,-1.5526311386542813,False
2025-10-06,RKLB,3.4281472263173254,0.7648140900748669,3.4281472263173254,0.7648140900748669,False,3.4281472263173254,0.7648140900748669,False,3.4281472263173254,0.7648140900748669,False
2025-10-06,SYM,-6.1111412698758905,-1.4676258301772875,-6.1111412698758905,-1.4676258301772875,False,-1.1313192622878774,-0.25179757396124924,True,-6.1111412698758905,-1.4676258301772875,False
2025-10-07,AVAV,-2.740847901004189,-1.1447377226914377,-0.8183904802581389,-0.31140327394894995,True,-0.8183904802581389,-0.31140327394894995,True,-2.740847901004189,-1.1447377226914377,False
2025-10-07,RKLB,-1.6355669334267287,-0.21046773818080483,-1.6355669334267287,-0.21046773818080483,False,-1.6355669334267287,-0.21046773818080483,False,-1.6355669334267287,-0.21046773818080483,False
2025-10-08,AVAV,-5.697064311052075,-1.302510381538976,-3.8330104428212706,-0.8687205624146485,True,-5.697064311052075,-1.302510381538976,False,-5.697064311052075,-1.302510381538976,False
2025-10-08,PATH,-3.6284030380709438,-0.6748472072540134,-3.6284030380709438,-0.6748472072540134,False,-3.6284030380709438,-0.6748472072540134,False,-3.6284030380709438,-0.6748472072540134,False
2025-10-13,CCJ,-6.130623021692654,-2.2975220714881837,-6.130623021692654,-2.2975220714881837,False,-1.2063405380074923,-0.42148908918882166,True,-6.130623021692654,-2.2975220714881837,False
2025-10-14,AGX,-6.654310711553749,-1.1313821876021497,-5.6771490670208475,-0.9627079627010136,True,-5.6771490670208475,-0.9627079627010136,True,-6.654310711553749,-1.1313821876021497,False
2025-10-14,BTU,-10.329967546751801,-1.305300545439445,-10.329967546751801,-1.305300545439445,False,-10.329967546751801,-1.305300545439445,False,-10.329967546751801,-1.305300545439445,False
2025-10-15,AGX,-5.252622491011981,-1.6922288735227315,-5.252622491011981,-1.6922288735227315,False,-5.252622491011981,-1.6922288735227315,False,-5.252622491011981,-1.6922288735227315,False
2025-10-15,CORZ,-4.81178790685519,-1.3623185601463959,-4.81178790685519,-1.3623185601463959,False,-4.81178790685519,-1.3623185601463959,False,-4.81178790685519,-1.3623185601463959,False
2025-10-15,MOD,-5.206357535056506,-1.2140770008680943,-5.206357535056506,-1.2140770008680943,False,-5.206357535056506,-1.2140770008680943,False,-5.206357535056506,-1.2140770008680943,False
2025-10-15,NXT,-6.046338865709287,-1.1712467196046266,-6.046338865709287,-1.1712467196046266,False,-6.046338865709287,-1.1712467196046266,False,-6.046338865709287,-1.1712467196046266,False
2025-10-16,GH,48.08991135564173,11.256057318148459,-3.077615382858303,-0.6955026161700959,True,48.08991135564173,11.256057318148459,False,48.08991135564173,11.256057318148459,False
2025-10-16,MU,11.443139252649043,3.190997128511567,-0.1740200911988543,-0.02046218912359594,True,-0.21843968360565055,-0.03274158632373351,True,11.443139252649043,3.190997128511567,False
2025-10-23,RGEN,-8.346473898834033,-1.3726082253077883,-8.346473898834033,-1.3726082253077883,False,-8.346473898834033,-1.3726082253077883,False,-8.346473898834033,-1.3726082253077883,False
2025-10-24,AMD,-6.114704780256712,-1.387420193899267,-6.114704780256712,-1.387420193899267,False,-6.114704780256712,-1.387420193899267,False,-6.114704780256712,-1.387420193899267,False
2025-10-24,COHR,6.7080971154588065,1.812759317372282,6.7080971154588065,1.812759317372282,False,6.7080971154588065,1.812759317372282,False,6.7080971154588065,1.812759317372282,False
2025-10-24,LITE,94.08601440947083,30.333893095475513,94.08601440947083,30.333893095475513,False,94.08601440947083,30.333893095475513,False,94.08601440947083,30.333893095475513,False
2025-10-24,PZZA,-6.822371902680101,-1.5564849398205471,-6.822371902680101,-1.5564849398205471,False,-6.822371902680101,-1.5564849398205471,False,-6.822371902680101,-1.5564849398205471,False
2025-10-24,SHOP,-7.040728373169541,-2.6988770209337014,-7.040728373169541,-2.6988770209337014,False,-7.040728373169541,-2.6988770209337014,False,-7.040728373169541,-2.6988770209337014,False
2025-10-24,STRL,-13.937116792372823,-5.105057072033961,-0.41112238082199754,-0.11478529337548797,True,-13.937116792372823,-5.105057072033961,False,-0.41112238082199754,-0.11478529337548797,True
2025-10-27,AMD,-8.55651416633964,-2.2259365129916007,-1.4664432232869415,-0.359677262263833,True,-1.9591295997457583,-0.4893629191717903,True,-0.10770574977842459,-0.0020283191696259203,True
2025-10-27,COHR,-4.757280750290629,-1.737566440876577,-2.343487411414733,-0.8370138382488693,True,-1.7881685215003666,-0.6298321116501785,True,-2.313875375069015,-0.8259660008177339,True
2025-10-27,SHOP,-8.161770430966213,-4.03290166631626,-0.7851347917827893,-0.34273876527404196,True,-0.9278715697359411,-0.41414285629612785,True,-1.3104050892150063,-0.6055052972561359,True
2025-10-27,SOFI,-3.3317143789926957,-1.3287670159120006,-3.3317143789926957,-1.3287670159120006,False,-3.3317143789926957,-1.3287670159120006,False,-3.3317143789926957,-1.3287670159120006,False
2025-10-28,SOFI,-14.306411944653375,-1.5734262376422508,-6.35081981049652,-0.6923073845053966,True,-6.35081981049652,-0.6923073845053966,True,-7.329482058452087,-0.8006987830318034,True
2025-10-29,STRL,-6.126489885392053,-1.1950859965598377,-6.126489885392053,-1.1950859965598377,False,-6.126489885392053,-1.1950859965598377,False,-6.126489885392053,-1.1950859965598377,False
2025-10-29,TMDX,-7.243541972346051,-1.5676017770336097,-2.168659826945896,-0.45395335162192935,True,-7.243541972346051,-1.5676017770336097,False,-7.243541972346051,-1.5676017770336097,False
2025-10-31,WCC,-4.602054722414202,-1.0986868656485052,-1.678995603767405,-0.38533999201273655,True,-1.2322579231602926,-0.2763175895018005,True,-1.678995603767405,-0.38533999201273655,True
2025-11-03,SANM,2.8271381767431794,1.0565555926020358,2.8271381767431794,1.0565555926020358,False,2.8271381767431794,1.0565555926020358,False,2.8271381767431794,1.0565555926020358,False
2025-11-03,TTMI,-5.221241862716539,-1.0257868757132051,-5.221241862716539,-1.0257868757132051,False,-5.221241862716539,-1.0257868757132051,False,-5.221241862716539,-1.0257868757132051,False
2025-11-04,INCY,-0.9546028667309512,-0.30344716910149455,-0.9546028667309512,-0.30344716910149455,False,-0.9546028667309512,-0.30344716910149455,False,-0.9546028667309512,-0.30344716910149455,False
2025-11-05,INCY,-4.241728837452023,-1.0428572466585044,-4.241728837452023,-1.0428572466585044,False,-4.241728837452023,-1.0428572466585044,False,-4.241728837452023,-1.0428572466585044,False
2025-11-06,LYFT,1.4521643470315586,0.25384624413489953,1.4521643470315586,0.25384624413489953,False,1.4521643470315586,0.25384624413489953,False,1.4521643470315586,0.25384624413489953,False
2025-11-07,MTSI,-4.679249747332112,-1.0103763838806845,-4.679249747332112,-1.0103763838806845,False,-4.679249747332112,-1.0103763838806845,False,-4.679249747332112,-1.0103763838806845,False
2025-11-10,COHR,-6.125058767204802,-1.1080479532714682,-6.125058767204802,-1.1080479532714682,False,-6.125058767204802,-1.1080479532714682,False,-6.125058767204802,-1.1080479532714682,False
2025-11-10,LYFT,-9.117409156286865,-1.3896108882429221,-2.5439710814739347,-0.37662356964242144,True,-9.117409156286865,-1.3896108882429221,False,-9.117409156286865,-1.3896108882429221,False
2025-11-10,MTSI,-9.16395182457643,-1.7176216370318895,-9.16395182457643,-1.7176216370318895,False,-9.16395182457643,-1.7176216370318895,False,-9.16395182457643,-1.7176216370318895,False
2025-11-10,NTRA,10.430466778774672,3.1550666852425593,-1.2367328291919473,-0.34058014281323046,True,-2.98294370117674,-0.8637679428747078,True,-0.3853973657967884,-0.08550881359755329,True
2025-11-10,PBF,-12.180159362032875,-1.3078058111079092,-1.4587806728566692,-0.14710246833068524,True,-6.124115292629629,-0.6521745906139481,True,-4.240278166029329,-0.44822917337947876,True
2025-11-10,W,-5.439553009033186,-1.2104746362781436,-5.439553009033186,-1.2104746362781436,False,-5.439553009033186,-1.2104746362781436,False,-5.439553009033186,-1.2104746362781436,False
2025-11-11,LYFT,-10.847313269151327,-2.3214271725450994,-4.398928461332878,-0.9285715502134696,True,-4.398928461332878,-0.9285715502134696,True,-10.847313269151327,-2.3214271725450994,False
2025-11-12,ALB,55.0074959142269,11.305768192849976,55.0074959142269,11.305768192849976,False,55.0074959142269,11.305768192849976,False,55.0074959142269,11.305768192849976,False
2025-11-17,AXSM,-2.4827056047432445,-0.5210209178179486,-2.4827056047432445,-0.5210209178179486,False,-1.6449814768612552,-0.33783765207230737,True,-2.4827056047432445,-0.5210209178179486,False
2025-11-17,MDGL,-0.27157624051348855,-0.02881446925099041,-1.0860921407886943,-0.16560405790662372,True,-2.1408258009913252,-0.3427357547484172,True,-0.27157624051348855,-0.02881446925099041,False
2025-11-18,AXSM,-2.9260871240875215,-1.097367057907058,-2.9260871240875215,-1.097367057907058,False,-2.9260871240875215,-1.097367057907058,False,-2.9260871240875215,-1.097367057907058,False
2025-11-18,INSM,-2.6133702966571306,-0.8297858525316851,-1.5178011503198716,-0.4680851595180121,True,-1.5178011503198716,-0.4680851595180121,True,-2.6133702966571306,-0.8297858525316851,False
2025-11-19,NTRA,4.500395016389494,1.6694320033863335,4.500395016389494,1.6694320033863335,False,4.500395016389494,1.6694320033863335,False,4.500395016389494,1.6694320033863335,False
2025-11-20,NTRA,1.1629420575314928,0.5135115815519967,1.1629420575314928,0.5135115815519967,False,1.1629420575314928,0.5135115815519967,False,1.1629420575314928,0.5135115815519967,False
2025-11-21,BBIO,7.692310251437346,1.4351356589946511,7.692310251437346,1.4351356589946511,False,7.692310251437346,1.4351356589946511,False,7.692310251437346,1.4351356589946511,False
2025-11-21,NTRA,-1.0664379888330198,-0.31721356665031536,-1.0664379888330198,-0.31721356665031536,False,-1.0664379888330198,-0.31721356665031536,False,-1.0664379888330198,-0.31721356665031536,False
2025-11-24,BBIO,3.3213063503453912,0.7915311227139772,3.3213063503453912,0.7915311227139772,False,3.3213063503453912,0.7915311227139772,False,3.3213063503453912,0.7915311227139772,False
2025-11-24,COMP,15.741125390534119,3.2941148971341163,-1.7972669674399404,-0.3529416164585414,True,-1.7972669674399404,-0.3529416164585414,True,-0.4771694380501239,-0.07843126255203133,True
2025-11-24,MDGL,-6.126719320806324,-0.8259558789023338,-6.126719320806324,-0.8259558789023338,False,-6.126719320806324,-0.8259558789023338,False,-2.61098345794815,-0.34412778138825173,True
2025-11-24,NTRA,-4.364782401086644,-0.9365236897368805,-4.364782401086644,-0.9365236897368805,False,-4.364782401086644,-0.9365236897368805,False,-0.9127388822633278,-0.1784731658562332,True
2025-11-25,AEO,32.06631658548936,9.886042744137617,32.06631658548936,9.886042744137617,False,32.06631658548936,9.886042744137617,False,32.06631658548936,9.886042744137617,False
2025-11-25,CPRI,-0.05984239046804985,0.015151865445192614,-0.05984239046804985,0.015151865445192614,False,-0.05984239046804985,0.015151865445192614,False,-0.05984239046804985,0.015151865445192614,False
2025-11-25,IBP,-1.98203775591559,-0.5484786446307365,-0.9467488959437118,-0.24676640270898742,True,-1.6640995487444064,-0.4558225242115453,True,-0.12219529780314073,-0.006468332964093298,True
2025-11-25,OPCH,-4.3259440230431085,-1.1282047938025845,-0.4841733986442273,-0.10256318295710748,True,-0.9964086677206009,-0.23931518037485103,True,-3.1734116144582285,-0.8205119845064613,True
2025-11-26,AA,40.726347791508374,8.619285346231573,40.726347791508374,8.619285346231573,False,-0.3885167603580491,-0.06091184784385171,True,40.726347791508374,8.619285346231573,False
2025-11-26,CPRI,-2.9089039676795894,-0.8372101275704832,-1.075312224101689,-0.29069746810737923,True,-1.8945783616888225,-0.5348844945973279,True,-2.9089039676795894,-0.8372101275704832,False
2025-11-26,GAP,-3.8032000422861154,-1.1860468298400895,-1.7700758840407709,-0.5348855544503996,True,-2.5324885909650408,-0.7790681975028385,True,-3.8032000422861154,-1.1860468298400895,False
2025-11-26,KSS,-8.98666587683559,-1.152019992486397,-8.98666587683559,-1.152019992486397,False,-8.98666587683559,-1.152019992486397,False,-6.40390571732777,-0.8172047332218215,True
2025-12-01,AEO,22.180903749743237,4.511489542002243,22.180903749743237,4.511489542002243,False,22.180903749743237,4.511489542002243,False,22.180903749743237,4.511489542002243,False
2025-12-01,HL,-7.406294899953458,-2.2727251919345806,-0.8598728305970887,-0.23636906919478928,True,-1.736620856023154,-0.509093801997104,True,-7.406294899953458,-2.2727251919345806,False
2025-12-01,TMDX,-5.847685816234154,-1.028536281792154,-5.847685816234154,-1.028536281792154,False,-5.847685816234154,-1.028536281792154,False,-5.847685816234154,-1.028536281792154,False
2025-12-03,AA,32.650057704234875,8.117983065990208,-0.8479332162930977,-0.18539537362628525,True,32.650057704234875,8.117983065990208,False,32.650057704234875,8.117983065990208,False
2025-12-03,MTSI,-4.551067329217133,-1.0263827307458588,-4.551067329217133,-1.0263827307458588,False,-4.551067329217133,-1.0263827307458588,False,-4.551067329217133,-1.0263827307458588,False
2025-12-03,VAL,-10.505250401862758,-1.8832347297729453,-0.9105807343260811,-0.14670610809082188,True,-2.0850992818873095,-0.35928091735574946,True,-4.69882301243658,-0.8323358764676322,True
2025-12-03,YETI,9.839397254832766,4.972184719776264,9.839397254832766,4.972184719776264,False,-0.6097153991743666,-0.2549851921832839,True,9.839397254832766,4.972184719776264,False
2025-12-04,FIVE,13.430817775791839,2.420382960043671,13.430817775791839,2.420382960043671,False,13.430817775791839,2.420382960043671,False,13.430817775791839,2.420382960043671,False
2025-12-04,MTSI,-5.288247934361575,-1.6712556859366956,-1.6815842499537343,-0.5094651805317729,True,-5.288247934361575,-1.6712556859366956,False,-5.288247934361575,-1.6712556859366956,False
2025-12-05,FIVE,10.298957614131485,3.217863166585377,10.298957614131485,3.217863166585377,False,10.298957614131485,3.217863166585377,False,10.298957614131485,3.217863166585377,False
2025-12-05,FROG,-3.66467914077252,-0.84926461822838,-3.66467914077252,-0.84926461822838,False,-3.66467914077252,-0.84926461822838,False,-3.66467914077252,-0.84926461822838,False
2025-12-08,CIEN,-4.338709477461871,-0.9093661067163308,-4.338709477461871,-0.9093661067163308,False,-4.338709477461871,-0.9093661067163308,False,-4.338709477461871,-0.9093661067163308,False
2025-12-08,U,-7.885663996119333,-1.2334515803217303,-5.969822622025572,-0.9299325006774567,True,-7.885663996119333,-1.2334515803217303,False,-7.885663996119333,-1.2334515803217303,False
2025-12-09,FROG,-7.128301647275244,-1.122968521262265,-7.128301647275244,-1.122968521262265,False,-7.128301647275244,-1.122968521262265,False,-5.211498150124044,-0.8167053446411091,True
2025-12-10,AMKR,-5.518847566813392,-1.53939607622194,-5.518847566813392,-1.53939607622194,False,-5.518847566813392,-1.53939607622194,False,-5.518847566813392,-1.53939607622194,False
2025-12-10,AVGO,-12.93712350436375,-3.9552553767815124,-12.93712350436375,-3.9552553767815124,False,-12.93712350436375,-3.9552553767815124,False,-12.93712350436375,-3.9552553767815124,False
2025-12-10,CIEN,-5.51086519291825,-1.61207920629849,-1.636307670276985,-0.4577178623802853,True,-2.654509021909219,-0.7610743808423657,True,-5.51086519291825,-1.61207920629849,False
2025-12-10,DDS,-6.985676771674545,-2.205035999442755,-2.7772660924335986,-0.8573548119755643,True,-3.2023882953902474,-0.9934939008067445,True,-6.985676771674545,-2.205035999442755,False
2025-12-10,EGO,16.42435340653324,4.404768080631756,16.42435340653324,4.404768080631756,False,16.42435340653324,4.404768080631756,False,16.42435340653324,4.404768080631756,False
2025-12-10,FN,-8.94910280223228,-1.4655559999178636,-8.94910280223228,-1.4655559999178636,False,-8.94910280223228,-1.4655559999178636,False,-8.94910280223228,-1.4655559999178636,False
2025-12-10,HBM,28.65275218576371,7.835823398826152,28.65275218576371,7.835823398826152,False,28.65275218576371,7.835823398826152,False,28.65275218576371,7.835823398826152,False
2025-12-10,IESC,-15.498806198405088,-2.9729519135401774,-2.367150786353934,-0.43770472734913496,True,-3.7957987417429466,-0.7135249187344207,True,-15.498806198405088,-2.9729519135401774,False
2025-12-10,WFRD,-2.9518553131389216,-1.0220294793465219,-1.2923768590649487,-0.42731631399409065,True,-2.9518553131389216,-1.0220294793465219,False,-2.9518553131389216,-1.0220294793465219,False
2025-12-11,AA,23.829596650880127,4.127733550982259,-2.4273768211981706,-0.40146064853478575,True,-1.538738494715882,-0.24817506297207398,True,23.829596650880127,4.127733550982259,False
2025-12-11,AG,-4.559391866657804,-0.8333322958162984,-5.272897974253107,-0.9666661001780539,True,-2.537805432346356,-0.45555583775444003,True,-4.024269387898948,-0.7333332696932062,True
2025-12-11,EGO,11.410757948095181,2.3764660487696223,-1.2966771850666294,-0.24706128948864808,True,-2.0089782674044194,-0.39412018398635723,True,-1.4391330297114358,-0.2764721657987681,True
2025-12-11,IESC,-3.784028039354934,-1.1317473081373683,-3.784028039354934,-1.1317473081373683,False,-3.784028039354934,-1.1317473081373683,False,-3.784028039354934,-1.1317473081373683,False
2025-12-11,SPXC,-7.851058064255957,-1.5507124394535068,-2.2434339682947573,-0.428825289428528,True,-3.59975988248641,-0.7001781098633767,True,-7.851058064255957,-1.5507124394535068,False
2025-12-12,ASND,-8.080759910823081,-1.3643410210855274,-8.080759910823081,-1.3643410210855274,False,-8.080759910823081,-1.3643410210855274,False,-8.080759910823081,-1.3643410210855274,False
2025-12-15,AEO,-3.885373086708075,-0.6237445917452745,-3.885373086708075,-0.6237445917452745,False,-3.885373086708075,-0.6237445917452745,False,-3.885373086708075,-0.6237445917452745,False
2025-12-16,AEO,-2.8763882972167454,-1.0555535645474945,-2.8763882972167454,-1.0555535645474945,False,-2.8763882972167454,-1.0555535645474945,False,-2.8763882972167454,-1.0555535645474945,False
2025-12-18,HCC,4.5643257616420945,2.180322147910589,4.5643257616420945,2.180322147910589,False,4.5643257616420945,2.180322147910589,False,4.5643257616420945,2.180322147910589,False
2025-12-19,AA,14.136769456573692,2.6937257600905635,14.136769456573692,2.6937257600905635,False,14.136769456573692,2.6937257600905635,False,14.136769456573692,2.6937257600905635,False
2025-12-19,IAG,8.174593890395744,2.355930559596547,8.174593890395744,2.355930559596547,False,8.174593890395744,2.355930559596547,False,-1.9454220113700178,-0.5254259205379368,True
2025-12-19,LRCX,21.66306059783437,6.059768274241886,21.66306059783437,6.059768274241886,False,21.66306059783437,6.059768274241886,False,21.66306059783437,6.059768274241886,False
2025-12-19,MU,42.61075395352086,8.019276753508125,42.61075395352086,8.019276753508125,False,42.61075395352086,8.019276753508125,False,42.61075395352086,8.019276753508125,False
2025-12-22,AA,8.886560027226862,2.451772670566435,8.886560027226862,2.451772670566435,False,8.886560027226862,2.451772670566435,False,8.886560027226862,2.451772670566435,False
2025-12-22,FSLR,-7.225993113465357,-1.0712780321804114,-5.332982216934419,-0.7866944021036825,True,-5.332982216934419,-0.7866944021036825,True,-7.225993113465357,-1.0712780321804114,False
2025-12-22,MU,37.10735031328263,12.405233969309709,37.10735031328263,12.405233969309709,False,37.10735031328263,12.405233969309709,False,37.10735031328263,12.405233969309709,False
2026-01-05,CENX,3.3206021842731173,0.6172838730946139,3.3206021842731173,0.6172838730946139,False,-1.4454372071090573,-0.24279838621057753,True,3.3206021842731173,0.6172838730946139,False
2026-01-06,BTU,5.8778066591857945,1.663796113601353,5.8778066591857945,1.663796113601353,False,5.8778066591857945,1.663796113601353,False,5.8778066591857945,1.663796113601353,False
2026-01-06,DOCN,-7.465320618570023,-1.0473685108723914,-1.5989679410741091,-0.21315729505785794,True,-1.5989679410741091,-0.21315729505785794,True,-7.465320618570023,-1.0473685108723914,False
2026-01-06,ECHO,-2.339099198302193,-0.30696553712010666,-2.339099198302193,-0.30696553712010666,False,-2.339099198302193,-0.30696553712010666,False,-2.339099198302193,-0.30696553712010666,False
2026-01-07,KRMN,6.678119425809061,1.7570620373064365,6.678119425809061,1.7570620373064365,False,6.678119425809061,1.7570620373064365,False,6.678119425809061,1.7570620373064365,False
2026-01-08,CCJ,8.462280046240954,3.092149015339508,8.462280046240954,3.092149015339508,False,8.462280046240954,3.092149015339508,False,8.462280046240954,3.092149015339508,False
2026-01-08,QXO,-5.817220565102898,-0.9791661975562105,-5.817220565102898,-0.9791661975562105,False,-5.817220565102898,-0.9791661975562105,False,-5.817220565102898,-0.9791661975562105,False
2026-01-09,AG,10.10113114743164,2.01041742129967,10.10113114743164,2.01041742129967,False,10.10113114743164,2.01041742129967,False,10.10113114743164,2.01041742129967,False
2026-01-09,AMR,-11.830679094175025,-2.2991090206875455,-0.7187066501669437,-0.12126101388832353,True,-11.830679094175025,-2.2991090206875455,False,-0.7187066501669437,-0.12126101388832353,True
2026-01-09,CDE,0.09598042884536681,0.05555561789893541,0.09598042884536681,0.05555561789893541,False,0.09598042884536681,0.05555561789893541,False,0.09598042884536681,0.05555561789893541,False
2026-01-09,CNR,-2.661480831302969,-0.8920161265335528,-2.661480831302969,-0.8920161265335528,False,-2.661480831302969,-0.8920161265335528,False,-2.661480831302969,-0.8920161265335528,False
2026-01-09,ECHO,-5.547275762557966,-2.6265086451225454,-5.547275762557966,-2.6265086451225454,False,-5.547275762557966,-2.6265086451225454,False,-5.547275762557966,-2.6265086451225454,False
2026-01-09,KRMN,-3.252253282248516,-1.0894287762965609,-3.252253282248516,-1.0894287762965609,False,-3.252253282248516,-1.0894287762965609,False,-3.252253282248516,-1.0894287762965609,False
2026-01-09,MIRM,6.388613567067621,1.1353547901838146,6.388613567067621,1.1353547901838146,False,6.388613567067621,1.1353547901838146,False,6.388613567067621,1.1353547901838146,False
2026-01-09,ZETA,-3.7457147699217694,-1.412699325766498,-3.7457147699217694,-1.412699325766498,False,-3.7457147699217694,-1.412699325766498,False,-3.7457147699217694,-1.412699325766498,False
2026-01-12,AA,-8.623225848021676,-2.60465498653153,-8.623225848021676,-2.60465498653153,False,-2.930930190164113,-0.8651180395560093,True,-8.623225848021676,-2.60465498653153,False
2026-01-12,CENX,-4.139667688003675,-1.1445770396567692,-4.139667688003675,-1.1445770396567692,False,-4.139667688003675,-1.1445770396567692,False,-4.139667688003675,-1.1445770396567692,False
2026-01-12,DOCN,-9.674106045409026,-1.8370880857241838,-4.74254188100351,-0.8908151149168436,True,-4.525764831953374,-0.8492197396223122,True,-9.674106045409026,-1.8370880857241838,False
2026-01-12,ECHO,-5.134364630957148,-1.3956031241930453,-2.3198802704897687,-0.6153848733521358,True,-2.097887404491098,-0.5538450445858164,True,-3.3267507772063554,-0.8945048274751919,True
2026-01-12,IBP,-3.5177641031443376,-1.0916744568881014,-3.5177641031443376,-1.0916744568881014,False,-3.5177641031443376,-1.0916744568881014,False,-1.0039084630333595,-0.2887191013419251,True
2026-01-12,KTOS,-3.5006423845294967,-1.1934527999418714,-3.5006423845294967,-1.1934527999418714,False,-3.5006423845294967,-1.1934527999418714,False,-3.5006423845294967,-1.1934527999418714,False
2026-01-12,MIRM,2.904086525346999,0.3586669921875,2.904086525346999,0.3586669921875,False,2.904086525346999,0.3586669921875,False,2.904086525346999,0.3586669921875,False
2026-01-12,POWL,35.40558175758511,5.625233577367098,35.40558175758511,5.625233577367098,False,35.40558175758511,5.625233577367098,False,35.40558175758511,5.625233577367098,False
2026-01-13,IBP,-7.6517922587571965,-1.134390432364433,-0.7381259259361884,-0.09585591343383305,True,-0.7381259259361884,-0.09585591343383305,True,-1.8476539481642054,-0.2625233653087378,True
2026-01-13,INTC,-4.7920938404215825,-1.0724645159388027,-0.7974768952285103,-0.15942119792568896,True,-0.7974768952285103,-0.15942119792568896,True,-4.7920938404215825,-1.0724645159388027,False
2026-01-13,KTOS,-5.0006579396811235,-2.329362220028943,-5.0006579396811235,-2.329362220028943,False,-5.0006579396811235,-2.329362220028943,False,-5.0006579396811235,-2.329362220028943,False
2026-01-13,POWL,31.13609958832633,10.299907022219308,31.13609958832633,10.299907022219308,False,31.13609958832633,10.299907022219308,False,31.13609958832633,10.299907022219308,False
2026-01-14,BTU,-5.202878174975719,-0.8720364016116297,-5.202878174975719,-0.8720364016116297,False,-5.202878174975719,-0.8720364016116297,False,-5.202878174975719,-0.8720364016116297,False
2026-01-14,ECHO,-7.030697683676408,-1.079572246395065,-6.062384555134519,-0.9287412583610752,True,-7.030697683676408,-1.079572246395065,False,-7.030697683676408,-1.079572246395065,False
2026-01-14,INTC,-3.710677526861032,-1.3538446189419815,-3.710677526861032,-1.3538446189419815,False,-3.710677526861032,-1.3538446189419815,False,-3.710677526861032,-1.3538446189419815,False
2026-01-15,FTAI,-2.999063375686367,-0.6852599914898118,-2.999063375686367,-0.6852599914898118,False,-2.999063375686367,-0.6852599914898118,False,-2.999063375686367,-0.6852599914898118,False
2026-01-15,JBL,-4.0635747171131475,-1.049112487129761,-0.8461347237911331,-0.19749325083507813,True,-0.11184580053525237,-0.003135446698642066,True,-4.0635747171131475,-1.049112487129761,False
2026-01-15,KTOS,-8.693966196807992,-1.4691354923784556,-8.693966196807992,-1.4691354923784556,False,-3.285626443374153,-0.5445817177124378,True,-8.693966196807992,-1.4691354923784556,False
2026-01-15,MRCY,-5.7795275844676555,-1.024518285831103,-5.7795275844676555,-1.024518285831103,False,-5.7795275844676555,-1.024518285831103,False,-5.7795275844676555,-1.024518285831103,False
2026-01-15,POWL,29.05613676454169,12.259229551607447,29.05613676454169,12.259229551607447,False,29.05613676454169,12.259229551607447,False,29.05613676454169,12.259229551607447,False
2026-01-16,AG,-3.168230930029196,-0.30555541500242006,-3.168230930029196,-0.30555541500242006,False,-3.168230930029196,-0.30555541500242006,False,-3.168230930029196,-0.30555541500242006,False
2026-01-16,CDE,-9.572676535693759,-1.0594058761150524,-9.572676535693759,-1.0594058761150524,False,-9.572676535693759,-1.0594058761150524,False,-9.572676535693759,-1.0594058761150524,False
2026-01-16,EXK,-6.8372435484788125,-0.6869561467596236,-6.8372435484788125,-0.6869561467596236,False,-6.8372435484788125,-0.6869561467596236,False,-6.8372435484788125,-0.6869561467596236,False
2026-01-16,FORM,-6.622086284353215,-2.044000244140625,-6.622086284353215,-2.044000244140625,False,-6.622086284353215,-2.044000244140625,False,-6.622086284353215,-2.044000244140625,False
2026-01-16,KTOS,-7.845516972017538,-1.770979496673478,-7.845516972017538,-1.770979496673478,False,-7.845516972017538,-1.770979496673478,False,-7.845516972017538,-1.770979496673478,False
2026-01-16,MU,4.4876408339081175,1.5546223534256596,4.4876408339081175,1.5546223534256596,False,4.4876408339081175,1.5546223534256596,False,4.4876408339081175,1.5546223534256596,False
2026-01-16,MYRG,4.103672159270142,1.497866373790475,-2.4034325724477057,-0.8207667162993415,True,-0.2197578803050734,-0.04267252419050265,True,4.103672159270142,1.497866373790475,False
2026-01-16,VSAT,-8.84617017336777,-2.0829014622345032,-8.84617017336777,-2.0829014622345032,False,-8.84617017336777,-2.0829014622345032,False,-8.84617017336777,-2.0829014622345032,False
2026-01-20,FTAI,-7.636194109817114,-1.3019112792770855,-7.636194109817114,-1.3019112792770855,False,-7.636194109817114,-1.3019112792770855,False,-7.636194109817114,-1.3019112792770855,False
2026-01-20,MRNA,-5.051014110653887,-0.9260877281148258,-5.051014110653887,-0.9260877281148258,False,-5.051014110653887,-0.9260877281148258,False,-5.051014110653887,-0.9260877281148258,False
2026-01-20,VICR,-5.948403314046239,-0.8512013132157851,-2.709876600597597,-0.3798524606578207,True,-2.709876600597597,-0.3798524606578207,True,-5.948403314046239,-0.8512013132157851,False
2026-01-21,BTU,-8.105269726674354,-2.1013475189564343,-2.3394280396135816,-0.587839849948249,True,-8.105269726674354,-2.1013475189564343,False,-8.105269726674354,-2.1013475189564343,False
2026-01-21,FORM,-12.387170198483995,-2.437055669221276,-12.387170198483995,-2.437055669221276,False,-12.387170198483995,-2.437055669221276,False,-12.387170198483995,-2.437055669221276,False
2026-01-21,FTAI,-7.981087614071586,-1.4286642488980763,-7.981087614071586,-1.4286642488980763,False,-7.981087614071586,-1.4286642488980763,False,-4.049248902176231,-0.7159101627629644,True
2026-01-21,MU,-2.5941846931054604,-0.4338689814322782,-2.5941846931054604,-0.4338689814322782,False,-0.10513748993371314,-0.0008936778141667523,True,-2.5941846931054604,-0.4338689814322782,False
2026-01-21,STX,14.940987809260028,2.5133405400433593,14.940987809260028,2.5133405400433593,False,14.940987809260028,2.5133405400433593,False,14.940987809260028,2.5133405400433593,False
2026-01-22,AEIS,-4.952975793593907,-1.5050634106755836,-4.952975793593907,-1.5050634106755836,False,-4.952975793593907,-1.5050634106755836,False,-4.952975793593907,-1.5050634106755836,False
2026-01-22,ALHC,-11.318451743515318,-4.95327529287614,-11.318451743515318,-4.95327529287614,False,-11.318451743515318,-4.95327529287614,False,-11.318451743515318,-4.95327529287614,False
2026-01-22,MU,-4.670367089343528,-0.8799602356862862,-4.670367089343528,-0.8799602356862862,False,-4.670367089343528,-0.8799602356862862,False,-4.670367089343528,-0.8799602356862862,False
2026-01-22,UEC,-6.340582744930065,-1.631578154841527,-6.340582744930065,-1.631578154841527,False,-6.340582744930065,-1.631578154841527,False,-6.340582744930065,-1.631578154841527,False
2026-01-23,AG,-18.172719476474814,-3.8655444259463327,-18.172719476474814,-3.8655444259463327,False,-18.172719476474814,-3.8655444259463327,False,-18.172719476474814,-3.8655444259463327,False
2026-01-23,CDE,-5.99517512499264,-1.770113535297814,-5.99517512499264,-1.770113535297814,False,-1.9757375397703774,-0.5632179430493044,True,-5.99517512499264,-1.770113535297814,False
2026-01-23,SSRM,-13.155161101274555,-4.287494285744237,-13.155161101274555,-4.287494285744237,False,-13.155161101274555,-4.287494285744237,False,-13.155161101274555,-4.287494285744237,False
2026-01-26,MIRM,-4.977869190045123,-1.281843462798896,-4.977869190045123,-1.281843462798896,False,-4.977869190045123,-1.281843462798896,False,-4.977869190045123,-1.281843462798896,False
2026-01-26,STX,10.425307172719958,3.069972557390025,10.425307172719958,3.069972557390025,False,10.425307172719958,3.069972557390025,False,10.425307172719958,3.069972557390025,False
2026-01-27,GFS,-3.5152909399419485,-1.2272725785330258,-3.5152909399419485,-1.2272725785330258,False,-3.5152909399419485,-1.2272725785330258,False,-3.5152909399419485,-1.2272725785330258,False
2026-01-27,VIAV,34.56863832911844,9.972203089899546,34.56863832911844,9.972203089899546,False,34.56863832911844,9.972203089899546,False,34.56863832911844,9.972203089899546,False
2026-01-28,BTG,-15.170457578522683,-3.6250051220997044,-15.170457578522683,-3.6250051220997044,False,-15.170457578522683,-3.6250051220997044,False,-15.170457578522683,-3.6250051220997044,False
2026-01-28,CCJ,-8.075723202213263,-1.4209825608021303,-8.075723202213263,-1.4209825608021303,False,-8.075723202213263,-1.4209825608021303,False,-8.075723202213263,-1.4209825608021303,False
2026-01-28,HBM,-12.649118951131385,-3.77778093800308,-12.649118951131385,-3.77778093800308,False,-12.649118951131385,-3.77778093800308,False,-12.649118951131385,-3.77778093800308,False
2026-01-28,MIRM,-2.696613940753668,-1.096232546558472,-2.696613940753668,-1.096232546558472,False,-2.696613940753668,-1.096232546558472,False,-2.696613940753668,-1.096232546558472,False
2026-01-28,MU,-4.784303690741968,-1.115975844020167,-4.784303690741968,-1.115975844020167,False,-4.784303690741968,-1.115975844020167,False,-4.784303690741968,-1.115975844020167,False
2026-01-28,SSRM,-4.856145039655828,-1.3535361069976517,-4.856145039655828,-1.3535361069976517,False,-4.856145039655828,-1.3535361069976517,False,-4.856145039655828,-1.3535361069976517,False
2026-01-28,VIAV,32.456220881303885,13.97959525264596,32.456220881303885,13.97959525264596,False,32.456220881303885,13.97959525264596,False,32.456220881303885,13.97959525264596,False
2026-01-28,VSAT,-5.162628347160203,-1.211056095171824,-5.162628347160203,-1.211056095171824,False,-5.162628347160203,-1.211056095171824,False,-5.162628347160203,-1.211056095171824,False
2026-01-29,LRCX,-6.024417964918848,-1.2960347852058078,-6.024417964918848,-1.2960347852058078,False,-6.024417964918848,-1.2960347852058078,False,-6.024417964918848,-1.2960347852058078,False
2026-01-30,ACMR,-1.9572918740317462,-0.22832941244785035,-1.9572918740317462,-0.22832941244785035,False,-2.8687467990705184,-0.34038071166289363,True,-1.9572918740317462,-0.22832941244785035,False
2026-02-02,ACMR,-11.1056195353696,-1.250929921564679,-11.1056195353696,-1.250929921564679,False,-11.1056195353696,-1.250929921564679,False,-11.1056195353696,-1.250929921564679,False
2026-02-02,GEV,7.848659077959552,2.7328215375444573,7.848659077959552,2.7328215375444573,False,-2.4088669708732047,-0.7938095373625089,True,7.848659077959552,2.7328215375444573,False
2026-02-02,VIAV,8.844329796899803,1.5266660054524739,8.844329796899803,1.5266660054524739,False,-1.1545738801314371,-0.18000030517578125,True,8.844329796899803,1.5266660054524739,False
2026-02-03,GEV,-4.459249601742169,-1.3018378338839662,-4.459249601742169,-1.3018378338839662,False,-4.459249601742169,-1.3018378338839662,False,-4.459249601742169,-1.3018378338839662,False
2026-02-04,DOW,-5.6527743978006875,-1.241377960009911,-5.6527743978006875,-1.241377960009911,False,-5.6527743978006875,-1.241377960009911,False,-5.6527743978006875,-1.241377960009911,False
2026-02-04,IBP,-6.341234677944381,-1.4837053927526467,-6.341234677944381,-1.4837053927526467,False,-6.341234677944381,-1.4837053927526467,False,-6.341234677944381,-1.4837053927526467,False
2026-02-04,PTEN,31.36640546326565,11.376513529520627,31.36640546326565,11.376513529520627,False,31.36640546326565,11.376513529520627,False,31.36640546326565,11.376513529520627,False
2026-02-04,RIG,-7.5868929568474766,-1.1111109639392034,-7.5868929568474766,-1.1111109639392034,False,-7.5868929568474766,-1.1111109639392034,False,-7.5868929568474766,-1.1111109639392034,False
2026-02-04,VAL,-6.37604489906621,-1.2892560524397656,-6.37604489906621,-1.2892560524397656,False,-6.37604489906621,-1.2892560524397656,False,-6.37604489906621,-1.2892560524397656,False
2026-02-05,IBP,-7.014122512968587,-2.215066530461216,-7.014122512968587,-2.215066530461216,False,-7.014122512968587,-2.215066530461216,False,-7.014122512968587,-2.215066530461216,False
2026-02-06,ALGM,-7.2650458607918855,-1.26271134387224,-7.2650458607918855,-1.26271134387224,False,-7.2650458607918855,-1.26271134387224,False,-7.2650458607918855,-1.26271134387224,False
2026-02-06,CRS,3.212416385196907,1.0940339653028115,3.212416385196907,1.0940339653028115,False,3.212416385196907,1.0940339653028115,False,3.212416385196907,1.0940339653028115,False
2026-02-06,PTEN,-6.10161307030076,-1.000000343235407,-6.10161307030076,-1.000000343235407,False,-1.1387450804925874,-0.1730777084192496,True,-6.10161307030076,-1.000000343235407,False
2026-02-06,RRX,-6.168725452706258,-1.0102117050643686,-6.168725452706258,-1.0102117050643686,False,-6.168725452706258,-1.0102117050643686,False,-6.168725452706258,-1.0102117050643686,False
2026-02-06,SIG,-5.684834365428132,-1.3618077293050916,-5.684834365428132,-1.3618077293050916,False,-5.684834365428132,-1.3618077293050916,False,-5.684834365428132,-1.3618077293050916,False
2026-02-06,VAL,47.30458638039997,6.727270914503994,47.30458638039997,6.727270914503994,False,47.30458638039997,6.727270914503994,False,47.30458638039997,6.727270914503994,False
2026-02-09,CENX,-4.512806288046968,-1.0859739910035247,-4.512806288046968,-1.0859739910035247,False,-4.512806288046968,-1.0859739910035247,False,-4.512806288046968,-1.0859739910035247,False
2026-02-09,GLW,2.6396870661715286,0.47450293741519556,2.6396870661715286,0.47450293741519556,False,2.6396870661715286,0.47450293741519556,False,-0.7618172092007137,-0.11462411662822096,True
2026-02-09,IESC,-0.4981464990909513,-0.04879835101179234,-0.4981464990909513,-0.04879835101179234,False,-0.4981464990909513,-0.04879835101179234,False,-0.4981464990909513,-0.04879835101179234,False
2026-02-09,IP,-5.669686902909304,-1.3103584858505146,-5.669686902909304,-1.3103584858505146,False,-5.669686902909304,-1.3103584858505146,False,-5.669686902909304,-1.3103584858505146,False
2026-02-09,MKSI,-7.205603105103435,-1.5850125340873553,-7.205603105103435,-1.5850125340873553,False,-0.5706351264139746,-0.10498230246102269,True,-7.205603105103435,-1.5850125340873553,False
2026-02-09,RIG,3.7509595241248883,0.41509377943681053,3.7509595241248883,0.41509377943681053,False,3.7509595241248883,0.41509377943681053,False,3.7509595241248883,0.41509377943681053,False
2026-02-09,RRX,-8.244951117115997,-1.9247522178590881,-8.244951117115997,-1.9247522178590881,False,-1.48902418055416,-0.32824351352622905,True,-8.244951117115997,-1.9247522178590881,False
2026-02-09,STNE,-6.989269147371314,-1.1481477696225333,-6.989269147371314,-1.1481477696225333,False,-6.989269147371314,-1.1481477696225333,False,-6.989269147371314,-1.1481477696225333,False
2026-02-09,STRL,-0.8401700166187733,-0.14615638070873901,-0.8401700166187733,-0.14615638070873901,False,-0.8401700166187733,-0.14615638070873901,False,-0.8401700166187733,-0.14615638070873901,False
2026-02-09,TER,-1.9257388238287736,-0.41915621132333214,-1.9257388238287736,-0.41915621132333214,False,-1.9257388238287736,-0.41915621132333214,False,-1.5032104145782659,-0.3221514235155643,True
2026-02-09,XPO,-3.366274045077218,-1.0289173471568054,-3.366274045077218,-1.0289173471568054,False,-3.366274045077218,-1.0289173471568054,False,-3.366274045077218,-1.0289173471568054,False
2026-02-10,DOW,-6.584846399358376,-1.8166698620126178,-3.4019112828454454,-0.9249999684153285,True,-3.4019112828454454,-0.9249999684153285,True,-6.584846399358376,-1.8166698620126178,False
2026-02-10,IBP,-4.758560013839127,-1.178545618360323,-4.758560013839127,-1.178545618360323,False,-4.758560013839127,-1.178545618360323,False,-2.8251524743617384,-0.6894225894872684,True
2026-02-10,IESC,-2.5418517125851934,-0.5514905242438486,-2.5418517125851934,-0.5514905242438486,False,-2.5418517125851934,-0.5514905242438486,False,-1.957890184346847,-0.4196032160643323,True
2026-02-10,IP,-2.4738105750772785,-1.1874990370571665,-2.4738105750772785,-1.1874990370571665,False,-2.4738105750772785,-1.1874990370571665,False,-2.4738105750772785,-1.1874990370571665,False
2026-02-10,LSCC,2.680364475356856,0.5371564544528298,2.680364475356856,0.5371564544528298,False,2.680364475356856,0.5371564544528298,False,2.680364475356856,0.5371564544528298,False
2026-02-10,RRX,-6.0366989017866794,-1.1269175705999823,-1.2442597142261131,-0.21720595883733412,True,-1.2442597142261131,-0.21720595883733412,True,-2.02056533696108,-0.3645660424272756,True
2026-02-10,UI,-3.17955666087714,-1.5405486047409405,-3.17955666087714,-1.5405486047409405,False,-3.17955666087714,-1.5405486047409405,False,-3.17955666087714,-1.5405486047409405,False
2026-02-11,AAON,-3.671039573287672,-1.0455853741053913,-1.7347031699776976,-0.47863421573870096,True,-3.671039573287672,-1.0455853741053913,False,-1.7541640993282526,-0.48433229403714384,True
2026-02-11,AAP,-4.944121778662187,-1.2844421625733211,-1.4074140263305963,-0.3466671103843625,True,-4.944121778662187,-1.2844421625733211,False,-4.944121778662187,-1.2844421625733211,False
2026-02-11,BKD,-10.947290390693675,-3.249993188057302,-1.6496137249482556,-0.46428498443471095,True,-0.87481254641839,-0.23214419520302995,True,-10.947290390693675,-3.249993188057302,False
2026-02-11,ECG,8.139777511968859,3.072726162997159,8.139777511968859,3.072726162997159,False,-1.0458694830173298,-0.3527277166193182,True,8.139777511968859,3.072726162997159,False
2026-02-11,ENTG,-5.097861385477526,-1.3430822226554786,-5.097861385477526,-1.3430822226554786,False,-5.097861385477526,-1.3430822226554786,False,-5.097861385477526,-1.3430822226554786,False
2026-02-11,GLW,1.4729519476816977,0.3445636780600114,1.4729519476816977,0.3445636780600114,False,-1.8899052677261619,-0.3920884826365446,True,-2.2884990229562083,-0.479402612325144,True
2026-02-11,ROAD,-6.489776489619153,-2.0093678865347573,-0.3085343991253523,-0.06557699248496457,True,-6.489776489619153,-2.0093678865347573,False,-2.3341851203336166,-0.7025754094318519,True
2026-02-11,STRL,-5.462484981569251,-1.2645298288131632,-5.462484981569251,-1.2645298288131632,False,-3.027712279535968,-0.6903850584906317,True,-5.462484981569251,-1.2645298288131632,False
2026-02-11,TER,-5.01037577170525,-1.4983194368471389,-2.1703546935724534,-0.631734275087881,True,-5.01037577170525,-1.4983194368471389,False,-5.01037577170525,-1.4983194368471389,False
2026-02-11,TPL,23.77844426146953,7.433879238273698,23.77844426146953,7.433879238273698,False,23.77844426146953,7.433879238273698,False,23.77844426146953,7.433879238273698,False
2026-02-13,NE,5.086553920050465,0.5974040446535197,-0.7544058468910575,-0.07537658063599796,True,-1.1470596676670937,-0.12060371686096444,True,-1.321566747655661,-0.14070400638130082,True
2026-02-13,TPL,18.402082553198856,3.8828929012734292,18.402082553198856,3.8828929012734292,False,18.402082553198856,3.8828929012734292,False,18.402082553198856,3.8828929012734292,False
2026-02-13,VAL,-4.214237169065263,-0.39421140434967006,-0.318730811726709,-0.02095799948375936,True,-3.7142832984394776,-0.3463076230773272,True,-2.6622854401717713,-0.24550897291716317,True
2026-02-17,GNRC,-5.344527819707592,-1.1722474344821947,-1.9280943834442166,-0.40861237172410975,True,-1.9280943834442166,-0.40861237172410975,True,-5.344527819707592,-1.1722474344821947,False
2026-02-18,FLR,-3.7316749105007507,-0.9200000762939453,-3.7316749105007507,-0.9200000762939453,False,-3.7316749105007507,-0.9200000762939453,False,-3.7316749105007507,-0.9200000762939453,False
2026-02-18,TPL,16.144363141102254,4.573839580681642,16.144363141102254,4.573839580681642,False,16.144363141102254,4.573839580681642,False,16.144363141102254,4.573839580681642,False
2026-02-19,ESI,-6.616009003595708,-1.2310314104129305,-0.26893028388599294,-0.031915008944723974,True,-6.616009003595708,-1.2310314104129305,False,-6.616009003595708,-1.2310314104129305,False
2026-02-19,FLR,-7.741901785406818,-1.9707328873547392,-7.741901785406818,-1.9707328873547392,False,-7.741901785406818,-1.9707328873547392,False,-1.518669564411963,-0.3658537946947776,True
2026-02-19,MUR,-3.2693053170285786,-1.5854453812048948,-1.0684029660885406,-0.48444370489671834,True,-3.2693053170285786,-1.5854453812048948,False,-3.2693053170285786,-1.5854453812048948,False
2026-02-19,XP,-5.683796371460087,-0.799999623164274,-5.683796371460087,-0.799999623164274,False,-5.683796371460087,-0.799999623164274,False,-5.683796371460087,-0.799999623164274,False
2026-02-20,AEIS,-6.049360758572024,-1.4518336852542162,-6.049360758572024,-1.4518336852542162,False,-6.049360758572024,-1.4518336852542162,False,-6.049360758572024,-1.4518336852542162,False
2026-02-20,AGI,1.4028062694857786,0.25507172005076256,1.4028062694857786,0.25507172005076256,False,1.4028062694857786,0.25507172005076256,False,1.4028062694857786,0.25507172005076256,False
2026-02-20,AS,-3.6015787401352806,-1.7499965940209172,-3.6015787401352806,-1.7499965940209172,False,-3.6015787401352806,-1.7499965940209172,False,-3.6015787401352806,-1.7499965940209172,False
2026-02-20,FIX,-7.89309391710926,-1.5784298971492274,-2.346122621574368,-0.4549344761228399,True,-0.8949551410175979,-0.16101191321714892,True,-2.346122621574368,-0.4549344761228399,True
2026-02-20,TPL,2.390618187719699,0.6265758261657421,2.390618187719699,0.6265758261657421,False,2.390618187719699,0.6265758261657421,False,2.390618187719699,0.6265758261657421,False
2026-02-20,UI,-1.8810161720097338,-0.38956884678960213,-1.8810161720097338,-0.38956884678960213,False,-1.8810161720097338,-0.38956884678960213,False,-1.8810161720097338,-0.38956884678960213,False
2026-02-20,XP,-6.2842728986206255,-1.0289852019418857,-6.2842728986206255,-1.0289852019418857,False,-2.7566232660015446,-0.4420286867450243,True,-6.2842728986206255,-1.0289852019418857,False
2026-02-23,AGI,-2.3940207669234477,-0.6709989271031749,-2.3940207669234477,-0.6709989271031749,False,-2.3940207669234477,-0.6709989271031749,False,-2.3940207669234477,-0.6709989271031749,False
2026-02-23,AU,-5.216330610017224,-1.1787067029040998,-5.216330610017224,-1.1787067029040998,False,-5.216330610017224,-1.1787067029040998,False,-5.216330610017224,-1.1787067029040998,False
2026-02-24,NRG,-12.03230369162989,-1.083867721210451,-2.853604693971967,-0.2501229705428429,True,-2.853604693971967,-0.2501229705428429,True,-12.03230369162989,-1.083867721210451,False
2026-02-24,VIAV,-4.388963391673234,-0.7485029598166204,-4.388963391673234,-0.7485029598166204,False,-4.388963391673234,-0.7485029598166204,False,-4.388963391673234,-0.7485029598166204,False
2026-02-25,AA,-4.442979363612412,-1.1015633446576423,-4.442979363612412,-1.1015633446576423,False,-4.442979363612412,-1.1015633446576423,False,-4.442979363612412,-1.1015633446576423,False
2026-02-25,AMAT,-4.966536225726342,-1.7561624639492863,-4.966536225726342,-1.7561624639492863,False,-4.966536225726342,-1.7561624639492863,False,-4.966536225726342,-1.7561624639492863,False
2026-02-25,NVT,-2.922890080485527,-1.0817609667151067,-2.922890080485527,-1.0817609667151067,False,-2.922890080485527,-1.0817609667151067,False,-2.922890080485527,-1.0817609667151067,False
2026-02-25,VIAV,-9.72241874679467,-1.6685393679820582,-3.79345634443808,-0.6404499197949494,True,-9.72241874679467,-1.6685393679820582,False,-9.72241874679467,-1.6685393679820582,False
2026-02-26,FTAI,-9.22006513624614,-1.1297917760223775,-1.4668754893508151,-0.16932825189785508,True,-9.22006513624614,-1.1297917760223775,False,-9.22006513624614,-1.1297917760223775,False
2026-02-26,KYMR,-12.205911062758686,-1.0190353255546594,-3.9705254680319984,-0.3258079594287714,True,-9.22939115696722,-0.7684817806381539,True,-12.205911062758686,-1.0190353255546594,False
2026-02-27,APA,27.479213980480203,6.983326823523591,27.479213980480203,6.983326823523591,False,27.479213980480203,6.983326823523591,False,27.479213980480203,6.983326823523591,False
2026-02-27,CRGY,10.536730024671833,1.7600897453881865,10.536730024671833,1.7600897453881865,False,-1.385807048545789,-0.21276612224282865,True,10.536730024671833,1.7600897453881865,False
2026-02-27,TMDX,-10.86839425241752,-1.1044457246848904,-10.86839425241752,-1.1044457246848904,False,-10.86839425241752,-1.1044457246848904,False,-10.86839425241752,-1.1044457246848904,False
2026-03-02,AGI,-5.663819241232431,-1.3391292182594716,-5.663819241232431,-1.3391292182594716,False,-5.663819241232431,-1.3391292182594716,False,-5.663819241232431,-1.3391292182594716,False
2026-03-02,ASND,-6.123669527991666,-1.0321897423330897,-0.6945237151297601,-0.10187499122902657,True,-2.056966545881306,-0.33533725337372117,True,-0.995911934681362,-0.15351956223936716,True
2026-03-02,BWXT,-9.782412669115882,-1.7801363325941564,-9.782412669115882,-1.7801363325941564,False,-9.782412669115882,-1.7801363325941564,False,-9.782412669115882,-1.7801363325941564,False
2026-03-02,COKE,-2.4876015005286485,-0.7837822566869577,-1.063759001325972,-0.3163749079544448,True,-1.4415119240000078,-0.44038054211826744,True,-2.4876015005286485,-0.7837822566869577,False
2026-03-02,CW,-3.4693604849906183,-1.0657091033552104,-3.4693604849906183,-1.0657091033552104,False,-3.4693604849906183,-1.0657091033552104,False,-3.4693604849906183,-1.0657091033552104,False
2026-03-02,KEYS,-3.523441713099277,-1.0287620329461333,-3.523441713099277,-1.0287620329461333,False,-3.523441713099277,-1.0287620329461333,False,-3.523441713099277,-1.0287620329461333,False
2026-03-02,MUR,-6.443754432676061,-1.8264478895853804,-0.875029882362777,-0.2231409976583827,True,-1.6787583762436915,-0.4545446919576234,True,-3.4297530539623997,-0.9586784139884525,True
2026-03-02,SMTC,-9.669460984481818,-1.0290172223234555,-9.669460984481818,-1.0290172223234555,False,-9.669460984481818,-1.0290172223234555,False,-9.669460984481818,-1.0290172223234555,False
2026-03-02,TMDX,-11.924016591805172,-1.7998338621213532,-11.924016591805172,-1.7998338621213532,False,-4.811923591458058,-0.7172418585332805,True,-11.924016591805172,-1.7998338621213532,False
2026-03-02,WPM,-8.772957923705004,-2.2574610687263257,-8.772957923705004,-2.2574610687263257,False,-8.772957923705004,-2.2574610687263257,False,-8.772957923705004,-2.2574610687263257,False
2026-03-02,XPO,-4.266512349706086,-1.0442362963936662,-4.266512349706086,-1.0442362963936662,False,-4.266512349706086,-1.0442362963936662,False,-4.266512349706086,-1.0442362963936662,False
2026-03-03,PBF,-4.222692131652339,-1.0379774572689806,-4.222692131652339,-1.0379774572689806,False,-4.222692131652339,-1.0379774572689806,False,-4.222692131652339,-1.0379774572689806,False
2026-03-03,THC,-7.569093291334799,-1.2604165010983142,-2.540317363079255,-0.4118058447482778,True,-2.540317363079255,-0.4118058447482778,True,-2.3469024212772642,-0.379166891839626,True
2026-03-03,TMDX,-12.519462425644317,-1.4322433516106108,-12.519462425644317,-1.4322433516106108,False,-12.519462425644317,-1.4322433516106108,False,-12.519462425644317,-1.4322433516106108,False
2026-03-04,AGX,-7.242059740150405,-1.540000091476474,-7.242059740150405,-1.540000091476474,False,-7.242059740150405,-1.540000091476474,False,-7.242059740150405,-1.540000091476474,False
2026-03-04,LYB,19.754415609099436,4.046057734772962,19.754415609099436,4.046057734772962,False,19.754415609099436,4.046057734772962,False,19.754415609099436,4.046057734772962,False
2026-03-04,THC,-3.305098448795757,-1.1278733521729503,-3.305098448795757,-1.1278733521729503,False,-3.305098448795757,-1.1278733521729503,False,-3.305098448795757,-1.1278733521729503,False
2026-03-05,CELC,-3.9769232062762776,-0.9717397181435355,-0.3081550410311586,-0.05217346595215704,True,-3.9769232062762776,-0.9717397181435355,False,-3.9769232062762776,-0.9717397181435355,False
2026-03-06,WEX,-5.065495113753634,-1.0453401133070437,-5.065495113753634,-1.0453401133070437,False,-5.065495113753634,-1.0453401133070437,False,-5.065495113753634,-1.0453401133070437,False
2026-03-09,DRS,-4.366669474140563,-1.0939684218370445,-4.366669474140563,-1.0939684218370445,False,-3.078209968666632,-0.7636091051974143,True,-4.366669474140563,-1.0939684218370445,False
2026-03-10,VRT,-4.237749422947208,-2.010791528371462,-4.237749422947208,-2.010791528371462,False,-4.237749422947208,-2.010791528371462,False,-4.237749422947208,-2.010791528371462,False
2026-03-11,CGON,2.4968954289239225,0.5853627414754224,-0.6719420418552349,-0.1289206942476547,True,2.4968954289239225,0.5853627414754224,False,-0.42462372196439696,-0.07317300100750444,True
2026-03-12,AR,1.163313889563811,0.5368460784786135,1.163313889563811,0.5368460784786135,False,1.163313889563811,0.5368460784786135,False,1.163313889563811,0.5368460784786135,False
2026-03-12,PARR,7.7808947841300675,3.0362313031603914,7.7808947841300675,3.0362313031603914,False,-0.47617757782081455,-0.1449279769128066,True,7.7808947841300675,3.0362313031603914,False
2026-03-13,MUR,6.11801073080143,0.8357640255524161,6.11801073080143,0.8357640255524161,False,6.11801073080143,0.8357640255524161,False,6.11801073080143,0.8357640255524161,False
2026-03-16,CGON,0.5673365772730924,0.1833310551128037,-1.3436869135047629,-0.34166632228449356,True,-0.16066906546864562,-0.01666703753977614,True,-1.5256941099107368,-0.391667434903822,True
2026-03-16,COCO,-7.868389774697425,-1.797710307112375,-7.868389774697425,-1.797710307112375,False,-7.868389774697425,-1.797710307112375,False,-7.868389774697425,-1.797710307112375,False
2026-03-17,CGON,-6.201263807436912,-1.0771216192362758,-6.201263807436912,-1.0771216192362758,False,-6.201263807436912,-1.0771216192362758,False,-6.201263807436912,-1.0771216192362758,False
2026-03-18,MUR,2.335247268451166,0.7948720449998944,2.335247268451166,0.7948720449998944,False,-1.566378228306332,-0.47863027142147985,True,2.335247268451166,0.7948720449998944,False
2026-03-18,NET,-6.90429135178946,-1.007878867422827,-4.559361251702544,-0.6605384360287864,True,-2.2410266638343455,-0.3171374383461592,True,-3.4157068792520646,-0.491135773204036,True
2026-03-18,PARR,2.2372837592023163,0.47122372248751304,2.2372837592023163,0.47122372248751304,False,2.2372837592023163,0.47122372248751304,False,2.2372837592023163,0.47122372248751304,False
2026-03-20,MUR,0.8548399190926327,0.24999635674303078,0.8548399190926327,0.24999635674303078,False,0.8548399190926327,0.24999635674303078,False,0.8548399190926327,0.24999635674303078,False
2026-03-20,PARR,-6.710144323439596,-0.8923073053560874,-6.710144323439596,-0.8923073053560874,False,-6.710144323439596,-0.8923073053560874,False,-6.710144323439596,-0.8923073053560874,False
2026-03-24,DELL,132.02374794644632,17.271558956748994,-2.981380995971701,-0.376661595831759,True,-2.981380995971701,-0.376661595831759,True,-7.320399344214717,-0.9438693263184164,True
2026-03-24,PARR,-7.179114875866212,-1.2852932266714536,-7.179114875866212,-1.2852932266714536,False,-7.179114875866212,-1.2852932266714536,False,-7.179114875866212,-1.2852932266714536,False
2026-03-24,UI,-6.854120211220979,-1.6842893937787857,-6.854120211220979,-1.6842893937787857,False,-6.854120211220979,-1.6842893937787857,False,-6.854120211220979,-1.6842893937787857,False
2026-03-25,DELL,-4.548615788475618,-1.281689115276579,-4.548615788475618,-1.281689115276579,False,-4.548615788475618,-1.281689115276579,False,-4.548615788475618,-1.281689115276579,False
2026-03-25,MRVL,-10.902108744717937,-2.3910119155446328,-3.724396441525263,-0.8022484575136328,True,-10.902108744717937,-2.3910119155446328,False,-10.902108744717937,-2.3910119155446328,False
2026-03-27,PARR,-6.188016006509666,-1.173020580348603,-6.188016006509666,-1.173020580348603,False,-6.188016006509666,-1.173020580348603,False,-6.188016006509666,-1.173020580348603,False
2026-04-01,MRVL,149.9453905651496,25.754582029822792,149.9453905651496,25.754582029822792,False,149.9453905651496,25.754582029822792,False,149.9453905651496,25.754582029822792,False
2026-04-06,MRVL,143.55337264735022,44.84142803913397,143.55337264735022,44.84142803913397,False,143.55337264735022,44.84142803913397,False,143.55337264735022,44.84142803913397,False
2026-04-07,CGON,-5.068151183763823,-1.2392881763264951,-3.120979349377961,-0.7535728785480148,True,-3.120979349377961,-0.7535728785480148,True,-3.72230893617319,-0.9035724698297825,True
2026-04-08,CW,-2.5721567948027166,-1.2366967457742521,-0.5456199435405312,-0.22292143248650856,True,-2.5721567948027166,-1.2366967457742521,False,-2.5721567948027166,-1.2366967457742521,False
2026-04-08,MRVL,133.03874967002974,38.11338042378106,133.03874967002974,38.11338042378106,False,133.03874967002974,38.11338042378106,False,133.03874967002974,38.11338042378106,False
2026-04-09,MRVL,122.38815239953593,61.274713556546224,122.38815239953593,61.274713556546224,False,122.38815239953593,61.274713556546224,False,122.38815239953593,61.274713556546224,False
2026-04-09,MYRG,39.97772206132328,9.029313473989145,39.97772206132328,9.029313473989145,False,39.97772206132328,9.029313473989145,False,39.97772206132328,9.029313473989145,False
2026-04-09,PLXS,11.829388119607831,4.685411638508984,11.829388119607831,4.685411638508984,False,11.829388119607831,4.685411638508984,False,-0.31925292114584547,-0.08611423974255833,True
2026-04-09,PVH,-3.095536220652835,-0.6107388696076879,-0.48404031217112364,-0.07829928562441722,True,-3.5673562179919696,-0.7069349395622034,True,-1.8775637620188266,-0.3624150077659136,True
2026-04-09,TER,-15.983987064190828,-7.9459665153531,-15.983987064190828,-7.9459665153531,False,-15.983987064190828,-7.9459665153531,False,-15.983987064190828,-7.9459665153531,False
2026-04-10,LGN,33.26938612830024,6.1337172424194035,33.26938612830024,6.1337172424194035,False,33.26938612830024,6.1337172424194035,False,33.26938612830024,6.1337172424194035,False
2026-04-10,MRVL,107.46544591979426,28.278075435530877,107.46544591979426,28.278075435530877,False,107.46544591979426,28.278075435530877,False,107.46544591979426,28.278075435530877,False
2026-04-13,DELL,-6.688207533490504,-1.0179023984028297,-6.688207533490504,-1.0179023984028297,False,-6.688207533490504,-1.0179023984028297,False,-6.688207533490504,-1.0179023984028297,False
2026-04-13,INTC,67.60163595966091,14.716667175292969,67.60163595966091,14.716667175292969,False,67.60163595966091,14.716667175292969,False,67.60163595966091,14.716667175292969,False
2026-04-13,LGN,28.82405412949458,6.327765657493525,28.82405412949458,6.327765657493525,False,28.82405412949458,6.327765657493525,False,28.82405412949458,6.327765657493525,False
2026-04-13,MOD,-7.431245015466002,-1.12068963953135,-7.431245015466002,-1.12068963953135,False,-7.431245015466002,-1.12068963953135,False,-7.431245015466002,-1.12068963953135,False
2026-04-13,MRVL,103.02432487615889,51.58795641628768,103.02432487615889,51.58795641628768,False,103.02432487615889,51.58795641628768,False,103.02432487615889,51.58795641628768,False
2026-04-13,SNX,29.07020205953802,7.7700658826582565,29.07020205953802,7.7700658826582565,False,29.07020205953802,7.7700658826582565,False,29.07020205953802,7.7700658826582565,False
2026-04-14,AUGO,-3.4485350465792166,-1.1518984691503773,-3.4485350465792166,-1.1518984691503773,False,-3.4485350465792166,-1.1518984691503773,False,-3.4485350465792166,-1.1518984691503773,False
2026-04-14,CLS,-6.031726862955779,-1.4028280356150808,-6.031726862955779,-1.4028280356150808,False,-6.031726862955779,-1.4028280356150808,False,-6.031726862955779,-1.4028280356150808,False
2026-04-14,TXG,-7.475342661345163,-2.150411615329617,-7.475342661345163,-2.150411615329617,False,-7.475342661345163,-2.150411615329617,False,-7.475342661345163,-2.150411615329617,False
2026-04-15,LGN,21.11458432691552,5.946812532852167,21.11458432691552,5.946812532852167,False,21.11458432691552,5.946812532852167,False,21.11458432691552,5.946812532852167,False
2026-04-15,TNGX,-13.003140416024884,-2.1372542419788547,-13.003140416024884,-2.1372542419788547,False,-13.003140416024884,-2.1372542419788547,False,-13.003140416024884,-2.1372542419788547,False
2026-04-16,AMD,67.47202922475309,11.231044484608208,67.47202922475309,11.231044484608208,False,67.47202922475309,11.231044484608208,False,67.47202922475309,11.231044484608208,False
2026-04-16,AMKR,11.738271772775716,2.1225052964716546,11.738271772775716,2.1225052964716546,False,11.738271772775716,2.1225052964716546,False,11.738271772775716,2.1225052964716546,False
2026-04-16,CELC,-2.3264318683190224,-1.0035978923102256,-2.3264318683190224,-1.0035978923102256,False,-2.3264318683190224,-1.0035978923102256,False,-2.3264318683190224,-1.0035978923102256,False
2026-04-16,INTC,59.47603916808638,9.652475042160036,-0.10000000000000032,0.0,True,-3.3684348391790477,-0.5295499021526419,True,-2.609695211814257,-0.4066193512314338,True
2026-04-17,AMKR,4.321111538306467,0.6914134598040028,4.321111538306467,0.6914134598040028,False,4.321111538306467,0.6914134598040028,False,4.321111538306467,0.6914134598040028,False
2026-04-17,FRO,-4.810810769288688,-1.388885810728439,-4.810810769288688,-1.388885810728439,False,-4.810810769288688,-1.388885810728439,False,-4.810810769288688,-1.388885810728439,False
2026-04-17,JBL,5.2181383264357395,1.936253918744063,5.2181383264357395,1.936253918744063,False,5.2181383264357395,1.936253918744063,False,5.2181383264357395,1.936253918744063,False
2026-04-17,LGN,14.166967445329675,2.971221844531655,14.166967445329675,2.971221844531655,False,14.166967445329675,2.971221844531655,False,14.166967445329675,2.971221844531655,False
2026-04-17,LSCC,2.5042013615334695,0.8243258290271895,2.5042013615334695,0.8243258290271895,False,-1.3551394590259875,-0.39729795490817915,True,2.5042013615334695,0.8243258290271895,False
2026-04-17,MRVL,90.82737268840991,19.46095143628664,90.82737268840991,19.46095143628664,False,90.82737268840991,19.46095143628664,False,90.82737268840991,19.46095143628664,False
2026-04-17,POWL,10.5954643918564,2.503889682032344,10.5954643918564,2.503889682032344,False,10.5954643918564,2.503889682032344,False,10.5954643918564,2.503889682032344,False
2026-04-17,PVH,-6.266611021870205,-1.3932865800500986,-0.6625241134884448,-0.12709692495576833,True,-0.7898952512250484,-0.1558752111594439,True,-0.6625241134884448,-0.12709692495576833,True
2026-04-20,HPE,57.504700988612235,10.903325486053802,57.504700988612235,10.903325486053802,False,57.504700988612235,10.903325486053802,False,57.504700988612235,10.903325486053802,False
2026-04-20,PVH,-5.037559563493285,-1.0231580975646928,-5.037559563493285,-1.0231580975646928,False,-5.037559563493285,-1.0231580975646928,False,-5.037559563493285,-1.0231580975646928,False
2026-04-20,YOU,-0.6100456369468286,-0.06380722117024862,-3.652684417212776,-0.4444443868085027,True,-5.516968904514664,-0.6776682475547764,True,-3.775798881303396,-0.4598461298495972,True
2026-04-21,ANET,-4.477081044684169,-1.3422000254313178,-4.477081044684169,-1.3422000254313178,False,-4.477081044684169,-1.3422000254313178,False,-4.477081044684169,-1.3422000254313178,False
2026-04-21,CORZ,-5.922801948342335,-1.0431044405055132,-5.922801948342335,-1.0431044405055132,False,-5.922801948342335,-1.0431044405055132,False,-3.7091718029779472,-0.6465518091861868,True
2026-04-21,YOU,-8.042589813789732,-1.6223766267991044,-8.042589813789732,-1.6223766267991044,False,-8.042589813789732,-1.6223766267991044,False,-8.042589813789732,-1.6223766267991044,False
2026-04-22,AMD,53.560633363962204,9.406479884272677,53.560633363962204,9.406479884272677,False,53.560633363962204,9.406479884272677,False,53.560633363962204,9.406479884272677,False
2026-04-22,ANET,-7.0958829342721605,-1.8877100689540198,-0.561138856185755,-0.12442982110854353,True,-3.0580625870503444,-0.7981786691735242,True,-7.0958829342721605,-1.8877100689540198,False
2026-04-22,GSAT,0.21948874706466387,0.1598242856751593,0.21948874706466387,0.1598242856751593,False,0.21948874706466387,0.1598242856751593,False,0.21948874706466387,0.1598242856751593,False
2026-04-22,MRVL,69.43677519002763,17.56818488034363,69.43677519002763,17.56818488034363,False,69.43677519002763,17.56818488034363,False,-0.5764981230804778,-0.12038532270928647,True
2026-04-22,ON,31.35971211059031,14.218266385760538,31.35971211059031,14.218266385760538,False,31.35971211059031,14.218266385760538,False,31.35971211059031,14.218266385760538,False
2026-04-22,SNX,19.138888739013236,9.6242564977555,19.138888739013236,9.6242564977555,False,19.138888739013236,9.6242564977555,False,19.138888739013236,9.6242564977555,False
2026-04-22,WEX,-16.406123594958622,-4.267331262855059,-16.406123594958622,-4.267331262855059,False,-16.406123594958622,-4.267331262855059,False,-16.406123594958622,-4.267331262855059,False
2026-04-23,AMD,52.619844227711745,26.373108668189897,52.619844227711745,26.373108668189897,False,52.619844227711745,26.373108668189897,False,52.619844227711745,26.373108668189897,False
2026-04-23,FIX,-2.7927032522285105,-1.1335386492425397,-2.7927032522285105,-1.1335386492425397,False,-2.7927032522285105,-1.1335386492425397,False,-2.7927032522285105,-1.1335386492425397,False
2026-04-23,GFS,8.248113833232578,2.267311228389341,8.248113833232578,2.267311228389341,False,-3.429501896657701,-0.9042781622339855,True,8.248113833232578,2.267311228389341,False
2026-04-23,MRVL,-7.54373127212036,-1.5828006344366858,-0.8546376738378535,-0.16046266922531696,True,-7.54373127212036,-1.5828006344366858,False,-7.54373127212036,-1.5828006344366858,False
2026-04-23,RMBS,-19.750821917151697,-3.3247857435629915,-19.750821917151697,-3.3247857435629915,False,-19.750821917151697,-3.3247857435629915,False,-19.750821917151697,-3.3247857435629915,False
2026-04-24,ENTG,-7.315261576925329,-2.3409564266097678,-7.315261576925329,-2.3409564266097678,False,-7.315261576925329,-2.3409564266097678,False,-7.315261576925329,-2.3409564266097678,False
2026-04-24,FORM,-7.286248400252536,-1.4025174132599887,-7.286248400252536,-1.4025174132599887,False,-7.286248400252536,-1.4025174132599887,False,-7.286248400252536,-1.4025174132599887,False
2026-04-24,IESC,-4.730890897569913,-1.3509950477569515,-4.730890897569913,-1.3509950477569515,False,-4.730890897569913,-1.3509950477569515,False,-4.730890897569913,-1.3509950477569515,False
2026-04-24,MPWR,-2.8246484522565605,-1.230367869050938,-2.8246484522565605,-1.230367869050938,False,-2.8246484522565605,-1.230367869050938,False,-2.8246484522565605,-1.230367869050938,False
2026-04-24,ONTO,-8.369095344983657,-2.516796738356875,-8.369095344983657,-2.516796738356875,False,-8.369095344983657,-2.516796738356875,False,-8.369095344983657,-2.516796738356875,False
2026-04-24,SANM,26.01099916400642,3.9652434776529915,26.01099916400642,3.9652434776529915,False,26.01099916400642,3.9652434776529915,False,26.01099916400642,3.9652434776529915,False
2026-04-27,CLS,-14.462437920930398,-2.7328843671515117,-14.462437920930398,-2.7328843671515117,False,-14.462437920930398,-2.7328843671515117,False,-14.462437920930398,-2.7328843671515117,False
2026-04-27,PENN,-5.929943988348377,-1.6774154845735698,-3.239200609110663,-0.9032237224626913,True,-2.174121370702246,-0.5967747393550094,True,-5.929943988348377,-1.6774154845735698,False
2026-04-27,POWL,2.3093666137984328,0.6026902061681726,2.3093666137984328,0.6026902061681726,False,2.3093666137984328,0.6026902061681726,False,2.3093666137984328,0.6026902061681726,False
2026-04-27,TDW,-4.981232925022853,-1.7115362043264435,-4.981232925022853,-1.7115362043264435,False,-4.981232925022853,-1.7115362043264435,False,-4.981232925022853,-1.7115362043264435,False
2026-04-28,AESI,6.095727734354306,2.7894644380866334,6.095727734354306,2.7894644380866334,False,6.095727734354306,2.7894644380866334,False,6.095727734354306,2.7894644380866334,False
2026-04-29,ZM,2.4780766134284984,0.521096700049253,2.4780766134284984,0.521096700049253,False,2.4780766134284984,0.521096700049253,False,2.4780766134284984,0.521096700049253,False
2026-04-30,AMD,31.447877999932512,5.111470797765482,31.447877999932512,5.111470797765482,False,31.447877999932512,5.111470797765482,False,31.447877999932512,5.111470797765482,False
2026-04-30,FIX,0.7096338455689726,0.1635946116329163,0.7096338455689726,0.1635946116329163,False,0.7096338455689726,0.1635946116329163,False,0.7096338455689726,0.1635946116329163,False
2026-04-30,ZM,1.0111289893820763,0.2950821722490432,1.0111289893820763,0.2950821722490432,False,1.0111289893820763,0.2950821722490432,False,1.0111289893820763,0.2950821722490432,False
2026-05-01,ALGM,-6.446356960183125,-1.4378193246410602,-0.16121637441290818,-0.013869072708578402,True,-6.446356960183125,-1.4378193246410602,False,-0.16121637441290818,-0.013869072708578402,True
2026-05-01,IESC,3.3391917906208852,0.3193656976271983,3.3391917906208852,0.3193656976271983,False,3.3391917906208852,0.3193656976271983,False,3.3391917906208852,0.3193656976271983,False
2026-05-01,INTC,9.642164040708597,1.385163498636831,9.642164040708597,1.385163498636831,False,9.642164040708597,1.385163498636831,False,9.642164040708597,1.385163498636831,False
2026-05-01,STX,12.145394736897385,1.3996537830948919,12.145394736897385,1.3996537830948919,False,12.145394736897385,1.3996537830948919,False,12.145394736897385,1.3996537830948919,False
2026-05-01,TVTX,-2.7278782310905876,-0.5700245377842512,-3.5434281376123393,-0.7469290278800966,True,-2.7278782310905876,-0.5700245377842512,False,-3.5434281376123393,-0.7469290278800966,True
2026-05-01,ZM,-5.134216900642618,-1.1252685939518574,-5.134216900642618,-1.1252685939518574,False,-5.134216900642618,-1.1252685939518574,False,-5.134216900642618,-1.1252685939518574,False
2026-05-04,ALGM,-3.231011018137918,-1.566288653395656,-3.231011018137918,-1.566288653395656,False,-3.231011018137918,-1.566288653395656,False,-3.231011018137918,-1.566288653395656,False
2026-05-04,ILMN,47.031479889097064,12.1703843523767,47.031479889097064,12.1703843523767,False,-0.5733145097436316,-0.12222021283209096,True,47.031479889097064,12.1703843523767,False
2026-05-04,MYRG,-6.432715623650028,-1.5990031158957947,-6.432715623650028,-1.5990031158957947,False,-6.432715623650028,-1.5990031158957947,False,-6.432715623650028,-1.5990031158957947,False
2026-05-04,SYNA,21.694647881503403,3.9603574128806103,21.694647881503403,3.9603574128806103,False,21.694647881503403,3.9603574128806103,False,21.694647881503403,3.9603574128806103,False
2026-05-04,TVTX,-5.1075150470738215,-1.9565191431206173,-5.1075150470738215,-1.9565191431206173,False,-5.1075150470738215,-1.9565191431206173,False,-5.1075150470738215,-1.9565191431206173,False
2026-05-04,TWLO,-4.36843513864162,-1.0411300919842312,-4.36843513864162,-1.0411300919842312,False,-4.36843513864162,-1.0411300919842312,False,-4.36843513864162,-1.0411300919842312,False
2026-05-04,VSH,82.00578584546896,28.536725657592054,82.00578584546896,28.536725657592054,False,82.00578584546896,28.536725657592054,False,82.00578584546896,28.536725657592054,False
2026-05-04,ZM,-3.5400855897454697,-1.0730994543418417,-3.5400855897454697,-1.0730994543418417,False,-3.5400855897454697,-1.0730994543418417,False,-3.5400855897454697,-1.0730994543418417,False
2026-05-05,MTSI,16.434865108226468,2.7442596159458357,16.434865108226468,2.7442596159458357,False,16.434865108226468,2.7442596159458357,False,16.434865108226468,2.7442596159458357,False
2026-05-05,MYRG,-3.035315983677316,-1.468392187932624,-3.035315983677316,-1.468392187932624,False,-3.035315983677316,-1.468392187932624,False,-3.035315983677316,-1.468392187932624,False
2026-05-05,STNG,-4.7847967533435485,-1.828828308333352,-4.7847967533435485,-1.828828308333352,False,-4.7847967533435485,-1.828828308333352,False,-4.7847967533435485,-1.828828308333352,False
2026-05-05,SYNA,17.620541473392706,4.41288474704657,17.620541473392706,4.41288474704657,False,17.620541473392706,4.41288474704657,False,17.620541473392706,4.41288474704657,False
2026-05-05,TWLO,-3.294025432823207,-1.0629242874047624,-3.294025432823207,-1.0629242874047624,False,-3.294025432823207,-1.0629242874047624,False,-1.5309249534875202,-0.4761905997633333,True
2026-05-05,VSH,73.38239220063272,19.180735526431558,73.38239220063272,19.180735526431558,False,73.38239220063272,19.180735526431558,False,73.38239220063272,19.180735526431558,False
2026-05-06,ALGM,-6.793164685392903,-1.8797827079377056,-6.793164685392903,-1.8797827079377056,False,-6.793164685392903,-1.8797827079377056,False,-6.793164685392903,-1.8797827079377056,False
2026-05-06,INTC,-3.354721029550334,-0.5723172831288347,-3.354721029550334,-0.5723172831288347,False,-3.354721029550334,-0.5723172831288347,False,-3.354721029550334,-0.5723172831288347,False
2026-05-06,LGN,-13.068966539654312,-1.9231896204759862,-2.4260069745514397,-0.34492744328811714,True,-4.136308194277345,-0.5985508560409378,True,-2.318501729948662,-0.32898531174397055,True
2026-05-06,MTSI,14.08870318170455,3.7913782625510053,14.08870318170455,3.7913782625510053,False,14.08870318170455,3.7913782625510053,False,14.08870318170455,3.7913782625510053,False
2026-05-06,MU,54.7323780107424,9.374260875825163,54.7323780107424,9.374260875825163,False,54.7323780107424,9.374260875825163,False,54.7323780107424,9.374260875825163,False
2026-05-06,POWI,-8.276907463858823,-1.7250629108132947,-8.276907463858823,-1.7250629108132947,False,-8.276907463858823,-1.7250629108132947,False,-8.276907463858823,-1.7250629108132947,False
2026-05-06,SANM,1.4963498264924502,0.20616874672303392,1.4963498264924502,0.20616874672303392,False,1.4963498264924502,0.20616874672303392,False,1.4963498264924502,0.20616874672303392,False
2026-05-06,SITM,6.583322082568478,1.2027112232030266,6.583322082568478,1.2027112232030266,False,6.583322082568478,1.2027112232030266,False,6.583322082568478,1.2027112232030266,False
2026-05-06,SMTC,25.904269548378778,3.7496951011378585,25.904269548378778,3.7496951011378585,False,25.904269548378778,3.7496951011378585,False,25.904269548378778,3.7496951011378585,False
2026-05-06,SYNA,14.372945249330751,3.654117359834559,14.372945249330751,3.654117359834559,False,14.372945249330751,3.654117359834559,False,14.372945249330751,3.654117359834559,False
2026-05-06,TLN,-5.858234513514088,-1.1099622402312912,-5.858234513514088,-1.1099622402312912,False,-5.858234513514088,-1.1099622402312912,False,-5.858234513514088,-1.1099622402312912,False
2026-05-06,VSH,65.78566145867126,19.751996236492555,65.78566145867126,19.751996236492555,False,65.78566145867126,19.751996236492555,False,65.78566145867126,19.751996236492555,False
2026-05-06,WT,-3.4586592516602566,-1.164511934944095,-3.4586592516602566,-1.164511934944095,False,-3.4586592516602566,-1.164511934944095,False,-3.4586592516602566,-1.164511934944095,False
2026-05-07,NET,-23.710604635215756,-7.424712847617802,-23.710604635215756,-7.424712847617802,False,-23.710604635215756,-7.424712847617802,False,-23.710604635215756,-7.424712847617802,False
2026-05-07,NTRA,-11.730975788491053,-2.5760303515972542,-11.730975788491053,-2.5760303515972542,False,-11.730975788491053,-2.5760303515972542,False,-11.730975788491053,-2.5760303515972542,False
2026-05-07,OSCR,1.1930691916050076,0.1646331322477737,1.1930691916050076,0.1646331322477737,False,1.1930691916050076,0.1646331322477737,False,1.1930691916050076,0.1646331322477737,False
2026-05-07,PANW,65.55687523631985,22.41321687899186,65.55687523631985,22.41321687899186,False,65.55687523631985,22.41321687899186,False,65.55687523631985,22.41321687899186,False
2026-05-07,RIOT,-6.173279201340694,-1.191055630936228,-0.22437032576975605,-0.024390773405698778,True,-6.173279201340694,-1.191055630936228,False,-6.173279201340694,-1.191055630936228,False
2026-05-07,TGTX,-5.292058177389569,-1.1983906696475142,-0.4833083305537603,-0.08847226114187184,True,-1.2266893500394374,-0.260053712525491,True,-5.292058177389569,-1.1983906696475142,False
2026-05-08,COCO,2.8454548254056875,0.6432931084211799,2.8454548254056875,0.6432931084211799,False,2.8454548254056875,0.6432931084211799,False,2.8454548254056875,0.6432931084211799,False
2026-05-08,DDOG,11.305163829962106,1.5065957005654609,11.305163829962106,1.5065957005654609,False,11.305163829962106,1.5065957005654609,False,11.305163829962106,1.5065957005654609,False
2026-05-08,FLEX,-8.845714707972393,-1.834808950024081,-3.130064440667203,-0.6356929697029712,True,-8.845714707972393,-1.834808950024081,False,-3.130064440667203,-0.6356929697029712,True
2026-05-08,HNGE,-3.9181531104525034,-1.0439025297965183,-3.9181531104525034,-1.0439025297965183,False,-3.5969994090011155,-0.9560974702034816,True,-3.9181531104525034,-1.0439025297965183,False
2026-05-08,KRYS,-4.664133279693887,-1.0182348764271039,-4.664133279693887,-1.0182348764271039,False,-4.664133279693887,-1.0182348764271039,False,-4.664133279693887,-1.0182348764271039,False
2026-05-08,MTSI,-1.7913835881778934,-0.6005904871970819,-1.7913835881778934,-0.6005904871970819,False,-1.7913835881778934,-0.6005904871970819,False,-1.7913835881778934,-0.6005904871970819,False
2026-05-08,OSCR,-0.8973490404228072,-0.11564636442313057,-0.8973490404228072,-0.11564636442313057,False,-0.8973490404228072,-0.11564636442313057,False,-0.8973490404228072,-0.11564636442313057,False
2026-05-08,SANM,-5.134731006018342,-1.035596677929706,-5.134731006018342,-1.035596677929706,False,-5.134731006018342,-1.035596677929706,False,-5.134731006018342,-1.035596677929706,False
2026-05-08,TWLO,-4.5201974738495405,-1.270654236485003,-4.5201974738495405,-1.270654236485003,False,-4.5201974738495405,-1.270654236485003,False,-4.5201974738495405,-1.270654236485003,False
2026-05-08,VSH,62.397355477903496,20.209767386820392,62.397355477903496,20.209767386820392,False,62.397355477903496,20.209767386820392,False,62.397355477903496,20.209767386820392,False
2026-05-11,DDOG,10.11631669196224,2.2576402192200695,10.11631669196224,2.2576402192200695,False,10.11631669196224,2.2576402192200695,False,10.11631669196224,2.2576402192200695,False
2026-05-11,FLEX,-10.668925909416197,-2.101370573124058,-5.067533843439152,-0.987671739689348,True,-1.1127980601869485,-0.2013699460507971,True,-10.668925909416197,-2.101370573124058,False
2026-05-11,KRYS,-2.205184491475793,-1.053118805140463,-2.205184491475793,-1.053118805140463,False,-2.205184491475793,-1.053118805140463,False,-2.205184491475793,-1.053118805140463,False
2026-05-11,LSCC,-3.285447442431365,-1.0048910154173312,-3.285447442431365,-1.0048910154173312,False,-3.285447442431365,-1.0048910154173312,False,-3.285447442431365,-1.0048910154173312,False
2026-05-11,MTSI,-3.4027088604068534,-0.9166030401887971,-3.4027088604068534,-0.9166030401887971,False,-3.4027088604068534,-0.9166030401887971,False,-2.730695788761099,-0.7300987945674556,True
2026-05-11,OSCR,-4.0071391365744775,-0.6830818735333195,-4.0071391365744775,-0.6830818735333195,False,-4.0071391365744775,-0.6830818735333195,False,-4.0071391365744775,-0.6830818735333195,False
2026-05-11,STX,-11.265738405224166,-2.1403606303333023,-4.718741122094069,-0.8853665830829701,True,-3.6054019155624477,-0.67195056710754,True,-11.265738405224166,-2.1403606303333023,False
2026-05-11,WDC,-6.651219939276223,-1.2148775854213403,-6.651219939276223,-1.2148775854213403,False,-5.26966681544721,-0.9586782914324198,True,-6.651219939276223,-1.2148775854213403,False
2026-05-12,CNC,2.1413302757869874,0.37676969943881844,-1.852623319846495,-0.29461760659801656,True,-1.852623319846495,-0.29461760659801656,True,-0.3696338623934337,-0.04532570250354183,True
2026-05-12,COCO,-1.3056715155570509,-0.3813564801344842,-1.3056715155570509,-0.3813564801344842,False,-1.3056715155570509,-0.3813564801344842,False,-1.3056715155570509,-0.3813564801344842,False
2026-05-12,GTX,13.766001765305209,6.0415819653908285,13.766001765305209,6.0415819653908285,False,13.766001765305209,6.0415819653908285,False,13.766001765305209,6.0415819653908285,False
2026-05-12,HUM,32.011410952590566,4.056795170240253,32.011410952590566,4.056795170240253,False,32.011410952590566,4.056795170240253,False,32.011410952590566,4.056795170240253,False
2026-05-12,ILMN,-2.9743359834614242,-1.2544931244003839,-2.2677582199265816,-0.9461099182237653,True,-2.2677582199265816,-0.9461099182237653,True,-2.9743359834614242,-1.2544931244003839,False
2026-05-12,LQDA,-2.731188878067832,-0.24032235438308933,-2.731188878067832,-0.24032235438308933,False,-2.731188878067832,-0.24032235438308933,False,-2.731188878067832,-0.24032235438308933,False
2026-05-13,AXSM,-5.689590026722982,-1.1374239698675375,-3.3280324086502238,-0.6568713303756535,True,-3.4639525644387485,-0.6845296814251727,True,-2.0962867817080144,-0.4062237883975248,True
2026-05-13,GTX,7.303723178052842,1.2973336150824015,-1.2796367330534821,-0.20670443107771286,True,-3.1925547205036438,-0.5418996765417053,True,-2.1723293482476227,-0.36312845042249864,True
2026-05-13,HUM,27.896002809805907,6.681417737537261,27.896002809805907,6.681417737537261,False,27.896002809805907,6.681417737537261,False,-0.3458980617035226,-0.05868508023283397,True
2026-05-13,LQDA,-4.404149220172935,-0.647519153157532,-1.2454590132671803,-0.17232363756608488,True,-1.1760356498991429,-0.16187953928837504,True,-4.404149220172935,-0.647519153157532,False
2026-05-13,MTSI,-6.7275294478041685,-1.476942536721805,-1.6586441852634102,-0.3473432920908937,True,-6.7275294478041685,-1.476942536721805,False,-6.7275294478041685,-1.476942536721805,False
2026-05-14,ON,-7.648814930177525,-1.5255975273473406,-4.541473357416257,-0.8976111925549616,True,-7.648814930177525,-1.5255975273473406,False,-7.648814930177525,-1.5255975273473406,False
2026-05-15,PANW,33.98088062685517,6.587108576478414,33.98088062685517,6.587108576478414,False,33.98088062685517,6.587108576478414,False,33.98088062685517,6.587108576478414,False
2026-05-15,VAL,-4.13857737156178,-0.9301310989322183,-4.13857737156178,-0.9301310989322183,False,-4.13857737156178,-0.9301310989322183,False,-4.13857737156178,-0.9301310989322183,False
2026-05-18,CRWD,4.115523629707381,0.8296235650637027,4.115523629707381,0.8296235650637027,False,4.115523629707381,0.8296235650637027,False,4.115523629707381,0.8296235650637027,False
2026-05-18,PANW,31.42533260677131,6.650763653945383,31.42533260677131,6.650763653945383,False,31.42533260677131,6.650763653945383,False,31.42533260677131,6.650763653945383,False
2026-05-18,RIG,-10.121368862986177,-1.1515150420483773,-10.121368862986177,-1.1515150420483773,False,-10.121368862986177,-1.1515150420483773,False,-10.121368862986177,-1.1515150420483773,False
2026-05-18,VAL,-10.621975848411946,-1.202416359019473,-10.621975848411946,-1.202416359019473,False,-10.621975848411946,-1.202416359019473,False,-10.621975848411946,-1.202416359019473,False
2026-05-19,DDOG,3.5467958740630454,0.975157516434025,3.5467958740630454,0.975157516434025,False,3.5467958740630454,0.975157516434025,False,3.5467958740630454,0.975157516434025,False
2026-05-19,LQDA,-8.215311719852895,-1.2423472466047232,-8.215311719852895,-1.2423472466047232,False,-8.215311719852895,-1.2423472466047232,False,-8.215311719852895,-1.2423472466047232,False
2026-05-20,CRWD,-0.896388733614592,-0.1437052238742789,-0.896388733614592,-0.1437052238742789,False,-0.896388733614592,-0.1437052238742789,False,-0.896388733614592,-0.1437052238742789,False
2026-05-20,FROG,4.296552283586977,0.6901716124593873,4.296552283586977,0.6901716124593873,False,-0.6716848265234691,-0.08974319264056914,True,-0.9983707715330182,-0.14102641433152324,True
2026-05-20,LQDA,-4.986660895524401,-1.480391716874792,-1.378299998733978,-0.387255176953255,True,-2.8022291893814577,-0.8186280559638277,True,-4.986660895524401,-1.480391716874792,False
2026-05-20,XMTR,-7.493622232682139,-1.0195190963869223,-2.9093602837113957,-0.38738744930923086,True,-7.493622232682139,-1.0195190963869223,False,-7.493622232682139,-1.0195190963869223,False
2026-05-21,BB,25.902029988969673,3.1454534893197184,25.902029988969673,3.1454534893197184,False,25.902029988969673,3.1454534893197184,False,25.902029988969673,3.1454534893197184,False
2026-05-21,FSLR,5.245283790908998,1.0972788294135998,5.245283790908998,1.0972788294135998,False,5.245283790908998,1.0972788294135998,False,5.245283790908998,1.0972788294135998,False
2026-05-21,GH,25.359685316089102,4.414094315377195,25.359685316089102,4.414094315377195,False,25.359685316089102,4.414094315377195,False,25.359685316089102,4.414094315377195,False
2026-05-21,TXG,125.24248533242739,19.839750870839442,-4.149837875368201,-0.6410258604773997,True,125.24248533242739,19.839750870839442,False,125.24248533242739,19.839750870839442,False
2026-05-21,VSH,31.92642913278256,7.303952364424027,31.92642913278256,7.303952364424027,False,31.92642913278256,7.303952364424027,False,31.92642913278256,7.303952364424027,False
2026-05-22,AMBA,-17.646907149879635,-4.507327343183669,-17.646907149879635,-4.507327343183669,False,-17.646907149879635,-4.507327343183669,False,-17.646907149879635,-4.507327343183669,False
2026-05-22,FSLR,1.582306083785891,0.2827358053555843,1.582306083785891,0.2827358053555843,False,1.582306083785891,0.2827358053555843,False,1.582306083785891,0.2827358053555843,False
2026-05-22,NAVN,0.1513890641183023,0.050506218150642046,0.1513890641183023,0.050506218150642046,False,0.1513890641183023,0.050506218150642046,False,0.1513890641183023,0.050506218150642046,False
2026-05-26,CORZ,-2.677399633647295,-1.1724144734894948,-2.677399633647295,-1.1724144734894948,False,-2.677399633647295,-1.1724144734894948,False,-2.677399633647295,-1.1724144734894948,False
2026-05-26,CSTM,-7.550913678414943,-1.7770257208620188,-2.9897122812063275,-0.6891897116551925,True,-2.9897122812063275,-0.6891897116551925,True,-7.550913678414943,-1.7770257208620188,False
2026-05-26,F,-6.754633972117401,-1.8888888448657988,-6.754633972117401,-1.8888888448657988,False,-6.754633972117401,-1.8888888448657988,False,-6.754633972117401,-1.8888888448657988,False
2026-05-26,GFS,-9.932787419754021,-1.244725698073856,-9.932787419754021,-1.244725698073856,False,-9.932787419754021,-1.244725698073856,False,-9.932787419754021,-1.244725698073856,False
2026-05-26,MTSI,-4.635418295231789,-1.5389086922142194,-4.635418295231789,-1.5389086922142194,False,-4.635418295231789,-1.5389086922142194,False,-4.635418295231789,-1.5389086922142194,False
2026-05-26,NXPI,-6.4965297801932556,-1.4512584855009694,-3.5010729875242825,-0.7716427817215007,True,-3.5010729875242825,-0.7716427817215007,True,-6.4965297801932556,-1.4512584855009694,False
2026-05-26,QRVO,-4.089503428856884,-1.161289859471521,-4.089503428856884,-1.161289859471521,False,-4.089503428856884,-1.161289859471521,False,-4.089503428856884,-1.161289859471521,False
2026-05-26,SRRK,-8.094445867992487,-1.1195659948439343,-4.388282191628424,-0.6005438021994653,True,-4.388282191628424,-0.6005438021994653,True,-8.094445867992487,-1.1195659948439343,False
2026-05-26,ST,-6.784489874421134,-2.7622918317106224,-2.0835319345179215,-0.8196727294961325,True,-2.0835319345179215,-0.8196727294961325,True,-6.784489874421134,-2.7622918317106224,False
2026-05-26,STM,-4.256927981014209,-1.8967720671120911,-4.256927981014209,-1.8967720671120911,False,-4.256927981014209,-1.8967720671120911,False,-4.256927981014209,-1.8967720671120911,False
2026-05-26,SWKS,-5.779247145561927,-1.3859650296921917,-5.779247145561927,-1.3859650296921917,False,-5.779247145561927,-1.3859650296921917,False,-5.779247145561927,-1.3859650296921917,False
2026-05-27,BRKR,17.661631488214933,3.8061776696263183,17.661631488214933,3.8061776696263183,False,17.661631488214933,3.8061776696263183,False,17.661631488214933,3.8061776696263183,False
2026-05-27,BWA,-0.2730589787183625,-0.0662914045655883,-0.2730589787183625,-0.0662914045655883,False,-0.2730589787183625,-0.0662914045655883,False,-0.2730589787183625,-0.0662914045655883,False
2026-05-27,CORZ,-5.060754939086153,-1.1440678240067241,-1.3861226892156309,-0.2966104160605179,True,-5.060754939086153,-1.1440678240067241,False,-5.060754939086153,-1.1440678240067241,False
2026-05-27,F,-3.4988018681988122,-1.1020408013610845,-3.4988018681988122,-1.1020408013610845,False,-3.4988018681988122,-1.1020408013610845,False,-1.16999363017459,-0.3469389165287747,True
2026-05-27,GH,16.016167234817537,2.3632177436822945,16.016167234817537,2.3632177436822945,False,16.016167234817537,2.3632177436822945,False,-0.47625546797695945,-0.05517277061755093,True
2026-05-27,TXG,155.0948144305316,22.12848170864252,155.0948144305316,22.12848170864252,False,155.0948144305316,22.12848170864252,False,155.0948144305316,22.12848170864252,False
2026-05-28,CORZ,-3.3764583573097346,-1.181817281063755,-3.3764583573097346,-1.181817281063755,False,-3.3764583573097346,-1.181817281063755,False,-3.3764583573097346,-1.181817281063755,False
2026-05-28,F,-5.74282406362025,-1.189873709556667,-5.74282406362025,-1.189873709556667,False,-3.101503639009677,-0.6329118591914745,True,-5.74282406362025,-1.189873709556667,False
2026-05-28,GH,11.041405918375915,1.7227379781756902,-2.7484264731855608,-0.40951248892543285,True,-2.3883035747624466,-0.35382854755669163,True,-0.22004478217454035,-0.018561903843107127,True
2026-05-28,ILMN,18.3280909408462,3.4023303389406485,18.3280909408462,3.4023303389406485,False,18.3280909408462,3.4023303389406485,False,18.3280909408462,3.4023303389406485,False
2026-05-28,KNX,-2.529704615485274,-0.8177935663874855,-2.529704615485274,-0.8177935663874855,False,-2.529704615485274,-0.8177935663874855,False,-2.529704615485274,-0.8177935663874855,False
2026-05-28,VSH,6.486087226223878,0.8176462835252231,-0.4635322310600193,-0.045131618737805954,True,6.486087226223878,0.8176462835252231,False,6.486087226223878,0.8176462835252231,False
2026-05-29,ATI,7.28383887290553,3.009300757616082,7.28383887290553,3.009300757616082,False,7.28383887290553,3.009300757616082,False,7.28383887290553,3.009300757616082,False
2026-05-29,DNTH,-3.925637139737497,-1.194631267681358,-3.925637139737497,-1.194631267681358,False,-3.925637139737497,-1.194631267681358,False,-3.925637139737497,-1.194631267681358,False
2026-05-29,F,-4.742181781760353,-1.3064523094784948,-4.742181781760353,-1.3064523094784948,False,-4.742181781760353,-1.3064523094784948,False,-4.742181781760353,-1.3064523094784948,False
2026-05-29,ILMN,-3.1176443412002084,-1.0123483147831274,-0.49253765562047175,-0.13168710067345882,True,-3.1176443412002084,-1.0123483147831274,False,-0.49253765562047175,-0.13168710067345882,True
2026-05-29,MRCY,-6.09520781801905,-1.264151459446854,-0.48476751724740436,-0.08113220312632705,True,-0.19842937605210145,-0.02075485006787288,True,-0.48476751724740436,-0.08113220312632705,True
2026-05-29,NAVN,-6.835051367654595,-1.0746271418526332,-0.8951102928543139,-0.12686571413117434,True,-6.835051367654595,-1.0746271418526332,False,-0.8951102928543139,-0.12686571413117434,True
2026-05-29,RVTY,-6.008089319524862,-1.4013588278267233,-6.008089319524862,-1.4013588278267233,False,-3.426888719889529,-0.7891155032824174,True,-6.008089319524862,-1.4013588278267233,False
2026-05-29,SNOW,-6.862419618186932,-1.0772588945413475,-6.862419618186932,-1.0772588945413475,False,-5.681244022695604,-0.8890966703522261,True,-6.862419618186932,-1.0772588945413475,False
2026-05-29,TXG,128.48785734905698,36.415000915527344,128.48785734905698,36.415000915527344,False,128.48785734905698,36.415000915527344,False,128.48785734905698,36.415000915527344,False
2026-06-01,CORZ,-9.55236051936536,-1.2558136440212595,-9.55236051936536,-1.2558136440212595,False,-2.3405583434245676,-0.2976741875358737,True,-9.55236051936536,-1.2558136440212595,False
2026-06-01,CRS,16.304832440311586,3.062068609785522,-0.7835302460029938,-0.1275853635043294,True,16.304832440311586,3.062068609785522,False,16.304832440311586,3.062068609785522,False
2026-06-01,CRWD,-8.160705147758415,-1.309528304636114,-8.160705147758415,-1.309528304636114,False,-8.160705147758415,-1.309528304636114,False,-8.160705147758415,-1.309528304636114,False
2026-06-01,FTNT,-6.043744077937832,-1.269956571134975,-1.7710457528269041,-0.3570401932927761,True,-6.043744077937832,-1.269956571134975,False,-2.8850727996891297,-0.5950662506117911,True
2026-06-01,HBM,-16.20832265775664,-2.7087921718175254,-16.20832265775664,-2.7087921718175254,False,-1.63567886592654,-0.2582413438586272,True,-16.20832265775664,-2.7087921718175254,False
2026-06-01,NAVN,-7.032440193779242,-1.536965088836443,-7.032440193779242,-1.536965088836443,False,-2.3815647140848486,-0.5058370812367339,True,-7.032440193779242,-1.536965088836443,False
2026-06-01,PANW,-6.769326600331967,-1.202037795638627,-6.769326600331967,-1.202037795638627,False,-6.769326600331967,-1.202037795638627,False,-6.769326600331967,-1.202037795638627,False
2026-06-01,TXG,117.00938426480576,15.021660963078599,117.00938426480576,15.021660963078599,False,117.00938426480576,15.021660963078599,False,-1.4849099201595066,-0.1776428713688694,True
2026-06-01,VSH,-0.6492951948996543,-0.0540780507799735,-0.6492951948996543,-0.0540780507799735,False,-0.6492951948996543,-0.0540780507799735,False,-0.6492951948996543,-0.0540780507799735,False
2026-06-02,AA,-6.982823771666199,-1.0665432896573916,-6.982823771666199,-1.0665432896573916,False,-6.982823771666199,-1.0665432896573916,False,-6.982823771666199,-1.0665432896573916,False
2026-06-02,BWA,-4.8762335984796294,-1.164474629299474,-2.056376724000918,-0.4769764739262909,True,-2.056376724000918,-0.4769764739262909,True,-1.1928759314119892,-0.26644975980790014,True
2026-06-02,FTNT,-7.129938315991819,-1.4725738849388683,-2.90660883613653,-0.5879054255613667,True,-2.90660883613653,-0.5879054255613667,True,-7.129938315991819,-1.4725738849388683,False
2026-06-02,HBM,-4.929714057506447,-1.3391285802322912,-4.929714057506447,-1.3391285802322912,False,-4.929714057506447,-1.3391285802322912,False,-4.929714057506447,-1.3391285802322912,False
2026-06-02,NOVT,-7.392160458674183,-3.0904563456311127,-7.392160458674183,-3.0904563456311127,False,-7.392160458674183,-3.0904563456311127,False,-7.392160458674183,-3.0904563456311127,False
2026-06-02,TENB,-10.903657584868203,-1.0470218161184686,-9.965612540700128,-0.9561124534299086,True,-9.965612540700128,-0.9561124534299086,True,-10.903657584868203,-1.0470218161184686,False
2026-06-02,TXG,111.01341715150551,18.06349757393249,111.01341715150551,18.06349757393249,False,111.01341715150551,18.06349757393249,False,-0.4905533571945442,-0.06349151885550972,True
2026-06-03,SANM,-10.932158764051037,-3.700483563628054,-10.932158764051037,-3.700483563628054,False,-10.932158764051037,-3.700483563628054,False,-10.932158764051037,-3.700483563628054,False
2026-06-04,HNGE,25.45089298926113,3.3367875115132684,25.45089298926113,3.3367875115132684,False,-0.41740356305325277,-0.041450928769928334,True,25.45089298926113,3.3367875115132684,False
2026-06-04,MRCY,-7.734951640892894,-1.0169493278803987,-5.6565507275413,-0.7401134667888519,True,-7.734951640892894,-1.0169493278803987,False,-7.734951640892894,-1.0169493278803987,False
2026-06-08,DXCM,-7.1311983774940995,-1.488948977935892,-1.7306120532679468,-0.34530360541307237,True,-1.8871543932694719,-0.3784535102564697,True,-3.2307771327676744,-0.6629833439062892,True
2026-06-09,ATI,0.418097683319113,0.09908073279530173,0.418097683319113,0.09908073279530173,False,0.418097683319113,0.09908073279530173,False,0.418097683319113,0.09908073279530173,False
2026-06-09,HAE,-5.534962304238063,-1.1536387696724295,-0.7476269102928955,-0.13746691700409439,True,-0.7476269102928955,-0.13746691700409439,True,-5.534962304238063,-1.1536387696724295,False
2026-06-09,YETI,-4.237534806791147,-1.805311556872886,-4.237534806791147,-1.805311556872886,False,-4.237534806791147,-1.805311556872886,False,-4.237534806791147,-1.805311556872886,False
2026-06-10,PENN,-3.2219815964427383,-0.5826079889606125,-3.2219815964427383,-0.5826079889606125,False,-3.2219815964427383,-0.5826079889606125,False,-1.125133856744161,-0.19130515547358573,True
2026-06-11,BROS,1.8212286997578062,0.22482024260387506,1.8212286997578062,0.22482024260387506,False,1.8212286997578062,0.22482024260387506,False,1.8212286997578062,0.22482024260387506,False
2026-06-11,CRS,0.6818964723614998,0.13488588139982816,-0.27059598854366335,-0.02942971491927585,True,-0.25282240825904256,-0.026363573649858862,True,0.6818964723614998,0.13488588139982816,False
2026-06-11,SNEX,-10.800677070552371,-3.7139067214188235,-10.800677070552371,-3.7139067214188235,False,-10.800677070552371,-3.7139067214188235,False,-10.800677070552371,-3.7139067214188235,False
2026-06-11,TIGO,-2.986405111515661,-1.171802977195693,-2.986405111515661,-1.171802977195693,False,-2.986405111515661,-1.171802977195693,False,-2.986405111515661,-1.171802977195693,False
2026-06-12,BIRK,-11.273899000118927,-1.9689298043728423,-11.273899000118927,-1.9689298043728423,False,-3.7904599742400262,-0.6502883760671981,True,-11.273899000118927,-1.9689298043728423,False
2026-06-12,BROS,0.49159871538086386,0.21428541485887714,0.49159871538086386,0.21428541485887714,False,-0.35787398912545654,-0.09340560299474746,True,0.49159871538086386,0.21428541485887714,False
2026-06-12,M,-5.2130269227909904,-2.317536968771759,-5.2130269227909904,-2.317536968771759,False,-5.2130269227909904,-2.317536968771759,False,-5.2130269227909904,-2.317536968771759,False
2026-06-12,NVMI,-5.647346888955157,-1.1963031406607143,-5.647346888955157,-1.1963031406607143,False,-5.647346888955157,-1.1963031406607143,False,-5.647346888955157,-1.1963031406607143,False
2026-06-12,ONTO,-5.1302173816770065,-0.7405729703947733,-5.1302173816770065,-0.7405729703947733,False,-1.630663018590573,-0.22535162446063914,True,-5.1302173816770065,-0.7405729703947733,False
2026-06-15,ACLS,-7.79448044382368,-2.344988865223108,-7.79448044382368,-2.344988865223108,False,-7.79448044382368,-2.344988865223108,False,-7.79448044382368,-2.344988865223108,False
2026-06-15,ETSY,13.842324912852225,5.217615597168033,13.842324912852225,5.217615597168033,False,13.842324912852225,5.217615597168033,False,13.842324912852225,5.217615597168033,False
2026-06-15,HNGE,15.590766049271732,4.565961840016363,15.590766049271732,4.565961840016363,False,15.590766049271732,4.565961840016363,False,15.590766049271732,4.565961840016363,False
2026-06-15,SNEX,-2.920363460589578,-1.0493130412426084,-2.920363460589578,-1.0493130412426084,False,-2.920363460589578,-1.0493130412426084,False,-2.920363460589578,-1.0493130412426084,False
2026-06-16,JHX,-4.155712222830707,-2.0288705466887067,-4.155712222830707,-2.0288705466887067,False,-4.155712222830707,-2.0288705466887067,False,-4.155712222830707,-2.0288705466887067,False
2026-06-17,SEI,-6.617404580360864,-1.4480880072453497,-6.617404580360864,-1.4480880072453497,False,-4.194903430126096,-0.9098377237254655,True,-6.617404580360864,-1.4480880072453497,False
2026-06-17,SYRE,8.399580091160326,1.722222909024762,8.399580091160326,1.722222909024762,False,8.399580091160326,1.722222909024762,False,8.399580091160326,1.722222909024762,False
2026-06-18,BROS,-5.9228827405665,-1.0701310076551591,-5.9228827405665,-1.0701310076551591,False,-5.145552366212656,-0.9272730155144294,True,-5.9228827405665,-1.0701310076551591,False
2026-06-18,DKS,-2.7386225093110683,-1.0250016966557778,-2.7386225093110683,-1.0250016966557778,False,-2.7386225093110683,-1.0250016966557778,False,-2.7386225093110683,-1.0250016966557778,False
2026-06-18,MRX,-9.208776932213668,-1.4849239647351389,-1.055568547404874,-0.15577795422461788,True,-0.1154142966727244,-0.002512857510862543,True,-1.055568547404874,-0.15577795422461788,True
2026-06-18,SN,-4.315444898153744,-1.1123607705979506,-4.315444898153744,-1.1123607705979506,False,-4.315444898153744,-1.1123607705979506,False,-4.315444898153744,-1.1123607705979506,False
2026-06-18,TLN,-5.682940164241903,-1.531740383896083,-5.682940164241903,-1.531740383896083,False,-5.682940164241903,-1.531740383896083,False,-5.682940164241903,-1.531740383896083,False
2026-06-22,AGX,-6.834606526667125,-1.1484365609914635,-6.834606526667125,-1.1484365609914635,False,-6.834606526667125,-1.1484365609914635,False,-6.834606526667125,-1.1484365609914635,False
2026-06-22,FIX,-7.763206982138627,-2.1902161224159875,-7.763206982138627,-2.1902161224159875,False,-7.763206982138627,-2.1902161224159875,False,-7.763206982138627,-2.1902161224159875,False
2026-06-22,FRO,-7.57581935560439,-1.8622737313017164,-7.57581935560439,-1.8622737313017164,False,-7.57581935560439,-1.8622737313017164,False,-7.57581935560439,-1.8622737313017164,False
2026-06-22,LQDA,-5.766788847480315,-1.1505369287185083,-5.766788847480315,-1.1505369287185083,False,-5.766788847480315,-1.1505369287185083,False,-0.5898796265649312,-0.09946102036965634,True
2026-06-22,NVT,-8.759010538645565,-2.0474357005019193,-8.759010538645565,-2.0474357005019193,False,-8.759010538645565,-2.0474357005019193,False,-8.759010538645565,-2.0474357005019193,False
2026-06-22,PTCT,0.3567906983581959,0.22850960398108217,0.3567906983581959,0.22850960398108217,False,0.3567906983581959,0.22850960398108217,False,0.3567906983581959,0.22850960398108217,False
2026-06-22,PTGX,14.888590092120502,7.4980440680942815,14.888590092120502,7.4980440680942815,False,14.888590092120502,7.4980440680942815,False,14.888590092120502,7.4980440680942815,False
2026-06-23,FRO,-5.134790615059084,-1.1675651871915627,-5.134790615059084,-1.1675651871915627,False,-5.134790615059084,-1.1675651871915627,False,-5.134790615059084,-1.1675651871915627,False
2026-06-23,PTCT,-1.0735729348497207,-0.43620260747298095,-1.0735729348497207,-0.43620260747298095,False,-1.0735729348497207,-0.43620260747298095,False,-0.7815019828716124,-0.3053422412286905,True
2026-06-23,RYTM,-0.19412948315827835,-0.014926273908741117,-0.19412948315827835,-0.014926273908741117,False,-0.19412948315827835,-0.014926273908741117,False,-0.19412948315827835,-0.014926273908741117,False
2026-06-24,ALGT,-2.9219192960482974,-1.1744172980134018,-2.9219192960482974,-1.1744172980134018,False,-2.9219192960482974,-1.1744172980134018,False,-2.9219192960482974,-1.1744172980134018,False
2026-06-24,GH,8.007801595866946,2.5481649208887895,8.007801595866946,2.5481649208887895,False,8.007801595866946,2.5481649208887895,False,8.007801595866946,2.5481649208887895,False
2026-06-24,PTCT,-3.4628525555623284,-1.092306653990164,-3.4628525555623284,-1.092306653990164,False,-3.4628525555623284,-1.092306653990164,False,-3.4628525555623284,-1.092306653990164,False
2026-06-24,PTGX,8.18893338380041,3.028398671641927,-0.3209326786357165,-0.08071873660009671,True,-0.5254967366615773,-0.15545712487113283,True,8.18893338380041,3.028398671641927,False
2026-06-24,SKY,-3.8950028029787322,-1.1279477194028011,-3.8950028029787322,-1.1279477194028011,False,-1.0062711320514677,-0.2693611861777006,True,-3.8950028029787322,-1.1279477194028011,False
2026-06-24,SW,-9.717175769557535,-2.395716892475569,-9.717175769557535,-2.395716892475569,False,-0.9372156955376657,-0.20855725552966284,True,-1.1089427134817464,-0.2513358557799952,True
2026-06-24,UAL,-7.281936656501522,-1.2675672108972589,-7.281936656501522,-1.2675672108972589,False,-7.281936656501522,-1.2675672108972589,False,-7.281936656501522,-1.2675672108972589,False
2026-06-24,VCYT,-0.36413445517874027,-0.06465419435885125,-0.36413445517874027,-0.06465419435885125,False,-0.36413445517874027,-0.06465419435885125,False,-0.36413445517874027,-0.06465419435885125,False
2026-06-25,CRL,2.7146279207782715,0.6032210924546655,2.7146279207782715,0.6032210924546655,False,2.7146279207782715,0.6032210924546655,False,2.7146279207782715,0.6032210924546655,False
2026-06-25,GH,3.4871273211101,0.9430151802443649,3.4871273211101,0.9430151802443649,False,3.4871273211101,0.9430151802443649,False,3.4871273211101,0.9430151802443649,False
2026-06-25,HNGE,5.140926899352716,0.686411830616745,5.140926899352716,0.686411830616745,False,5.140926899352716,0.686411830616745,False,5.140926899352716,0.686411830616745,False
2026-06-25,LOAR,-6.830507819660708,-1.8808631944253174,-6.830507819660708,-1.8808631944253174,False,-6.830507819660708,-1.8808631944253174,False,-6.830507819660708,-1.8808631944253174,False
2026-06-25,MIRM,-0.03181972120442619,0.026144410092749575,-0.03181972120442619,0.026144410092749575,False,-0.27896835531640723,-0.0686272065423357,True,-0.03181972120442619,0.026144410092749575,False
2026-06-25,TEX,-7.9802153318359395,-1.8374988530445775,-3.812285057895659,-0.8656260328952898,True,-3.0349850107176213,-0.6843761704212435,True,-7.9802153318359395,-1.8374988530445775,False
2026-06-26,ALGT,-6.849419847295122,-1.385159334489875,-6.849419847295122,-1.385159334489875,False,-6.849419847295122,-1.385159334489875,False,-0.5132263014475575,-0.08480495830115102,True
2026-06-26,BROS,-7.848385265424877,-0.9161180949608366,-7.848385265424877,-0.9161180949608366,False,-7.848385265424877,-0.9161180949608366,False,-5.330511085558252,-0.6184212177413485,True
2026-06-26,CRL,1.2666382154197484,0.5130429475203805,1.2666382154197484,0.5130429475203805,False,1.2666382154197484,0.5130429475203805,False,1.2666382154197484,0.5130429475203805,False
2026-06-26,DLTR,-1.487859192681088,-0.42260475421913046,-1.487859192681088,-0.42260475421913046,False,-2.2947534994849934,-0.6683050183424155,True,-2.044618234332587,-0.5921385363183576,True
2026-06-26,GH,-0.8702847407406556,-0.2323221425202603,-0.8702847407406556,-0.2323221425202603,False,-0.8702847407406556,-0.2323221425202603,False,-0.8702847407406556,-0.2323221425202603,False
2026-06-26,GLBE,-1.884335423890798,-0.2448217795606846,-1.884335423890798,-0.2448217795606846,False,-1.6921670414135948,-0.21845509718502512,True,-1.884335423890798,-0.2448217795606846,False
2026-06-26,HNGE,0.039224526208539855,0.02340436238614763,0.039224526208539855,0.02340436238614763,False,0.039224526208539855,0.02340436238614763,False,0.039224526208539855,0.02340436238614763,False
2026-06-26,KTB,-0.004000300045337167,0.02191729222000825,-0.004000300045337167,0.02191729222000825,False,-0.004000300045337167,0.02191729222000825,False,-0.004000300045337167,0.02191729222000825,False
2026-06-26,MIRM,-5.276368432144892,-0.6187856005491341,-5.276368432144892,-0.6187856005491341,False,-2.772976205497682,-0.31952887593958934,True,-1.6020304071169964,-0.1795534455660515,True
2026-06-26,MOG.A,-4.667957548914232,-1.0915208432088355,-4.667957548914232,-1.0915208432088355,False,-1.1245006194893514,-0.2448060797585137,True,-0.3114761939394677,-0.05053257852238176,True
2026-06-26,NESR,-3.6746998475539403,-0.7062937156210486,-3.6746998475539403,-0.7062937156210486,False,-3.6746998475539403,-0.7062937156210486,False,-2.2589788066143623,-0.4265737623577492,True
2026-06-26,ORKA,-8.340912081500125,-1.383333168500782,-8.340912081500125,-1.383333168500782,False,-8.340912081500125,-1.383333168500782,False,-8.340912081500125,-1.383333168500782,False
2026-06-26,RSI,-5.863909143724338,-1.3284679662635708,-5.863909143724338,-1.3284679662635708,False,-5.863909143724338,-1.3284679662635708,False,-5.863909143724338,-1.3284679662635708,False
2026-06-26,SPHR,-10.892370286822088,-2.0699785929193024,-10.892370286822088,-2.0699785929193024,False,-0.52958254613795,-0.08239401083959501,True,-10.892370286822088,-2.0699785929193024,False
2026-06-26,SXI,-3.807395861107944,-1.0226713898084843,-3.807395861107944,-1.0226713898084843,False,-3.807395861107944,-1.0226713898084843,False,-3.807395861107944,-1.0226713898084843,False
2026-06-26,VCYT,-5.734476364548826,-1.4032919420417262,-5.734476364548826,-1.4032919420417262,False,-1.1575023722825268,-0.26337577118098615,True,-5.734476364548826,-1.4032919420417262,False
2026-06-26,VSXY,-12.285995384259405,-1.7688530515709677,-12.285995384259405,-1.7688530515709677,False,-12.285995384259405,-1.7688530515709677,False,-12.285995384259405,-1.7688530515709677,False
2026-06-26,XYZ,-0.5623754966042511,-0.09944760696424093,-0.5623754966042511,-0.09944760696424093,False,-0.9862213349911011,-0.19060826460912028,True,-0.5623754966042511,-0.09944760696424093,False
2026-06-29,BELFB,-15.52392914144092,-2.851874981321399,-15.52392914144092,-2.851874981321399,False,-15.52392914144092,-2.851874981321399,False,-15.52392914144092,-2.851874981321399,False
2026-06-29,COMP,-4.930916031201674,-0.6904759742235503,-4.930916031201674,-0.6904759742235503,False,-4.930916031201674,-0.6904759742235503,False,-1.09949904680251,-0.14285698066766273,True
2026-06-29,CRL,-3.144099458186827,-0.635522870512178,-3.144099458186827,-0.635522870512178,False,-3.144099458186827,-0.635522870512178,False,-3.144099458186827,-0.635522870512178,False
2026-06-29,CYTK,-5.850050593044189,-1.8254560990767046,-5.850050593044189,-1.8254560990767046,False,-0.981984014993683,-0.2800015536221591,True,-2.0472318745708598,-0.6181834827769886,True
2026-06-29,HNGE,-3.0440370965716523,-0.6898530701754386,-3.0440370965716523,-0.6898530701754386,False,-3.0440370965716523,-0.6898530701754386,False,-3.0440370965716523,-0.6898530701754386,False
2026-06-29,LGND,-5.758867754541253,-1.0691517473739842,-5.758867754541253,-1.0691517473739842,False,-5.758867754541253,-1.0691517473739842,False,-5.758867754541253,-1.0691517473739842,False
2026-06-29,MYRG,-7.683064105365371,-1.02397022707771,-7.683064105365371,-1.02397022707771,False,-7.683064105365371,-1.02397022707771,False,-7.683064105365371,-1.02397022707771,False
2026-06-29,NESR,-3.117095882597299,-1.2932359293390812,-3.117095882597299,-1.2932359293390812,False,-2.169867171811669,-0.887219597821317,True,-3.117095882597299,-1.2932359293390812,False
2026-06-29,NTRA,-3.6529920921693235,-1.0397416986265446,-3.6529920921693235,-1.0397416986265446,False,-3.6529920921693235,-1.0397416986265446,False,-3.6529920921693235,-1.0397416986265446,False
2026-06-29,SXI,-7.746235527763595,-1.226740260756454,-7.746235527763595,-1.226740260756454,False,-7.746235527763595,-1.226740260756454,False,-7.746235527763595,-1.226740260756454,False
2026-06-30,AYI,-4.775621707576865,-1.490693399346037,-4.775621707576865,-1.490693399346037,False,-4.775621707576865,-1.490693399346037,False,-4.775621707576865,-1.490693399346037,False
2026-06-30,BELFB,-19.937539967889116,-2.8826832944810916,-19.937539967889116,-2.8826832944810916,False,-19.937539967889116,-2.8826832944810916,False,-19.937539967889116,-2.8826832944810916,False
2026-06-30,CGNX,-6.476265166665956,-1.0266669150011911,-6.476265166665956,-1.0266669150011911,False,-6.476265166665956,-1.0266669150011911,False,-6.476265166665956,-1.0266669150011911,False
2026-06-30,COMP,-8.287309286405636,-1.5303037308903853,-8.287309286405636,-1.5303037308903853,False,-8.287309286405636,-1.5303037308903853,False,-8.287309286405636,-1.5303037308903853,False
2026-06-30,CRL,-3.224675492529752,-1.514958853371937,-3.224675492529752,-1.514958853371937,False,-3.224675492529752,-1.514958853371937,False,-1.3472206282094512,-0.604698931883094,True
2026-06-30,FBIN,-6.14433259225954,-1.1292503155657403,-6.14433259225954,-1.1292503155657403,False,-6.14433259225954,-1.1292503155657403,False,-6.14433259225954,-1.1292503155657403,False
2026-06-30,NESR,-3.8735919013200304,-1.4124993145475657,-3.8735919013200304,-1.4124993145475657,False,-3.8735919013200304,-1.4124993145475657,False,-3.8735919013200304,-1.4124993145475657,False
2026-06-30,OC,-5.369131704666256,-1.2754935723839165,-5.369131704666256,-1.2754935723839165,False,-5.369131704666256,-1.2754935723839165,False,-5.369131704666256,-1.2754935723839165,False
2026-06-30,ONTO,-7.254572854717936,-1.0029624976272902,-7.254572854717936,-1.0029624976272902,False,-7.254572854717936,-1.0029624976272902,False,-7.254572854717936,-1.0029624976272902,False
2026-06-30,QLYS,4.472585670456133,0.7852666189155415,4.472585670456133,0.7852666189155415,False,4.472585670456133,0.7852666189155415,False,4.472585670456133,0.7852666189155415,False
2026-06-30,SXI,-8.427543990265388,-2.3650804195824184,-8.427543990265388,-2.3650804195824184,False,-8.427543990265388,-2.3650804195824184,False,-8.427543990265388,-2.3650804195824184,False
2026-07-01,COMP,-5.4359766221372725,-1.9142838458646,-5.4359766221372725,-1.9142838458646,False,-5.4359766221372725,-1.9142838458646,False,-5.4359766221372725,-1.9142838458646,False
2026-07-01,NTRA,-5.034724972287609,-1.3722314668697078,-2.3864650774372214,-0.6358123998354385,True,-5.034724972287609,-1.3722314668697078,False,-5.034724972287609,-1.3722314668697078,False
2026-07-02,INCY,1.2000484655228647,0.4523798711177515,-0.22829584488524376,-0.044643303163927506,True,1.2000484655228647,0.4523798711177515,False,-0.22829584488524376,-0.044643303163927506,True
2026-07-02,QLYS,-3.0285893078039297,-0.6095504654791092,-3.0285893078039297,-0.6095504654791092,False,-3.0285893078039297,-0.6095504654791092,False,-3.0285893078039297,-0.6095504654791092,False
2026-07-06,ARWR,-11.821462931721895,-2.9678316717492033,-11.821462931721895,-2.9678316717492033,False,-3.0448041136494943,-0.7456136632854973,True,-11.821462931721895,-2.9678316717492033,False
2026-07-06,COMP,-8.640759633542368,-2.3516935796721947,-8.640759633542368,-2.3516935796721947,False,-8.640759633542368,-2.3516935796721947,False,-8.640759633542368,-2.3516935796721947,False
2026-07-06,QLYS,-9.244923690143391,-2.025175956396106,-3.6177601811154307,-0.7790205342928239,True,-9.244923690143391,-2.025175956396106,False,-4.344055006461303,-0.9398611128895262,True
2026-07-06,TENB,-8.645016988290566,-1.3220973675750973,-3.7552363809582516,-0.5655434510840447,True,-8.645016988290566,-1.3220973675750973,False,-5.159227673027315,-0.7827710111797692,True
2026-07-07,KTB,-4.441707016568602,-2.1719394780233077,-4.441707016568602,-2.1719394780233077,False,-4.441707016568602,-2.1719394780233077,False,-4.441707016568602,-2.1719394780233077,False
2026-07-07,PTGX,-7.877441416977566,-1.078740429468676,-6.7917234804207585,-0.928150052714892,True,-6.7917234804207585,-0.928150052714892,True,-7.877441416977566,-1.078740429468676,False
2026-07-08,DK,6.899780099229645,1.3442951449907532,-1.0629444896920643,-0.1849317527176497,True,6.899780099229645,1.3442951449907532,False,6.899780099229645,1.3442951449907532,False
2026-07-08,EWTX,-10.958496463824993,-1.3952841658827402,-2.02128381125667,-0.2468791962997961,True,-10.958496463824993,-1.3952841658827402,False,-10.958496463824993,-1.3952841658827402,False
2026-07-08,SGHC,-4.739847457141599,-1.0140849474843125,-4.739847457141599,-1.0140849474843125,False,-4.739847457141599,-1.0140849474843125,False,-4.739847457141599,-1.0140849474843125,False
2026-07-13,RSI,-3.755280833367359,-1.8285546940306958,-3.755280833367359,-1.8285546940306958,False,-3.755280833367359,-1.8285546940306958,False,-3.755280833367359,-1.8285546940306958,False
2026-07-14,PBF,0.35961653135711036,0.09240944428853441,0.35961653135711036,0.09240944428853441,False,0.35961653135711036,0.09240944428853441,False,0.35961653135711036,0.09240944428853441,False
2026-07-15,ADPT,8.716552363175847,1.6694231290629709,8.716552363175847,1.6694231290629709,False,-4.63920972048179,-0.8595039628744554,True,-4.246392454062248,-0.785123615200792,True
2026-07-15,KMX,-5.238248813149517,-1.00664467405865,-2.8302202829153895,-0.534882954630424,True,-5.238248813149517,-1.00664467405865,False,-5.238248813149517,-1.00664467405865,False
2026-07-15,RHI,-3.940043157983074,-1.1370959355915964,-3.940043157983074,-1.1370959355915964,False,-3.940043157983074,-1.1370959355915964,False,-3.940043157983074,-1.1370959355915964,False
2026-07-16,ACHC,-18.71609674246878,-4.671641429885018,-18.71609674246878,-4.671641429885018,False,-18.71609674246878,-4.671641429885018,False,-18.71609674246878,-4.671641429885018,False
2026-07-17,DK,-5.274744223259608,-2.4078393993452565,-0.17901213513825115,-0.03676481847299178,True,-5.274744223259608,-2.4078393993452565,False,-0.17901213513825115,-0.03676481847299178,True
2026-07-17,PBF,-2.887453649471439,-1.1437931780119606,-1.883965212742286,-0.7320255318082876,True,-2.887453649471439,-1.1437931780119606,False,-1.883965212742286,-0.7320255318082876,True
2026-07-20,RSI,-9.68385379123107,-2.1920507884538623,-9.68385379123107,-2.1920507884538623,False,-9.68385379123107,-2.1920507884538623,False,-9.68385379123107,-2.1920507884538623,False
2026-07-24,WEX,8.087790763750291,2.112743236299457,8.087790763750291,2.112743236299457,False,8.087790763750291,2.112743236299457,False,8.087790763750291,2.112743236299457,False
2026-07-28,THC,-1.6603533580606664,-0.2480342653534076,-3.0875036951565473,-0.47489453619001026,True,-3.0875036951565473,-0.47489453619001026,True,-3.6393339974157093,-0.5626136562941355,True
2026-07-28,WEX,4.108304212753974,1.8377070314207054,4.108304212753974,1.8377070314207054,False,4.108304212753974,1.8377070314207054,False,4.108304212753974,1.8377070314207054,False
2026-07-29,EAT,11.783428385857743,3.184899744891877,11.783428385857743,3.184899744891877,False,11.783428385857743,3.184899744891877,False,11.783428385857743,3.184899744891877,False
2026-07-29,GKOS,9.198820332151927,0.946864186809661,9.198820332151927,0.946864186809661,False,9.198820332151927,0.946864186809661,False,9.198820332151927,0.946864186809661,False
2026-07-29,IMAX,3.432965938108634,0.7926279594692468,-1.7843191482672882,-0.37788036255475943,True,3.432965938108634,0.7926279594692468,False,3.432965938108634,0.7926279594692468,False
2026-07-29,RNG,-7.216972903422636,-2.8671344438400532,-7.216972903422636,-2.8671344438400532,False,-7.216972903422636,-2.8671344438400532,False,-7.216972903422636,-2.8671344438400532,False
2026-07-29,WEX,1.0511666725247368,0.27713890951325837,-0.8692117836625837,-0.185184752127558,True,-0.6941565463775339,-0.14304088302182416,True,-0.10531010060384552,-0.00127838611547958,True
2026-07-30,CHEF,-3.0926221471354016,-0.408759137637227,-3.0926221471354016,-0.408759137637227,False,-2.0594586984750594,-0.2676404198208299,True,-2.8432381007417193,-0.37469603085913283,True
2026-07-30,PARR,-18.703200802174255,-3.0,-18.703200802174255,-3.0,False,-3.485576226626478,-0.545966728407962,True,-18.703200802174255,-3.0,False
2026-07-30,PRM,-17.87246579042361,-3.137439344523109,-17.87246579042361,-3.137439344523109,False,-17.87246579042361,-3.137439344523109,False,-17.87246579042361,-3.137439344523109,False
2026-07-31,CHEF,-4.718410837113566,-1.1536812693212144,-4.718410837113566,-1.1536812693212144,False,-4.718410837113566,-1.1536812693212144,False,-4.718410837113566,-1.1536812693212144,False
2026-08-03,EAT,2.069353894252201,0.4924466749542467,-0.14436577856632024,-0.010071100061004375,True,2.069353894252201,0.4924466749542467,False,2.069353894252201,0.4924466749542467,False
2026-08-03,ELVN,-0.40997639935436175,-0.03389835378973193,-0.40997639935436175,-0.03389835378973193,False,-0.40997639935436175,-0.03389835378973193,False,-0.40997639935436175,-0.03389835378973193,False
2026-08-03,GTES,-5.3730574598205285,-1.2301597633673529,-3.9442280239899943,-0.8968259254437619,True,-2.7875562669485556,-0.626984175040342,True,-3.4339331873542775,-0.7777784505647879,True
2026-08-03,IMAX,-5.019104553671425,-1.0865787140019123,-5.019104553671425,-1.0865787140019123,False,-2.5889518775191847,-0.549783421104346,True,-5.019104553671425,-1.0865787140019123,False
2026-08-04,ELVN,-5.415619321806623,-0.9103642234793033,-1.1631263600509785,-0.1820732721129578,True,-1.1631263600509785,-0.1820732721129578,True,-3.9108931547689476,-0.6526616331179863,True
2026-08-04,HRI,-5.4486162643892415,-1.1613716258973301,-1.797049829942574,-0.36848886194198566,True,-1.797049829942574,-0.36848886194198566,True,-5.4486162643892415,-1.1613716258973301,False
2026-08-04,NET,-3.234522656059374,-0.41411004794286976,-0.4515971217688002,-0.04645042225832982,True,-0.4515971217688002,-0.04645042225832982,True,-3.234522656059374,-0.41411004794286976,False
2026-08-04,WT,-5.189010412272623,-1.0178575778001282,-5.189010412272623,-1.0178575778001282,False,-5.189010412272623,-1.0178575778001282,False,-5.189010412272623,-1.0178575778001282,False
2026-08-10,ANF,-5.412448738295213,-1.1351352465946067,-5.412448738295213,-1.1351352465946067,False,-5.412448738295213,-1.1351352465946067,False,-5.412448738295213,-1.1351352465946067,False
2026-08-10,NTAP,-3.072548623184539,-1.0572464282399698,-3.072548623184539,-1.0572464282399698,False,-3.072548623184539,-1.0572464282399698,False,-3.072548623184539,-1.0572464282399698,False
2026-08-11,S,-2.9480828852563956,-1.0847479544433274,-2.9480828852563956,-1.0847479544433274,False,-2.9480828852563956,-1.0847479544433274,False,-2.9480828852563956,-1.0847479544433274,False
2026-08-12,CACI,-4.617794886950605,-1.3896924511746236,-1.5020804616155952,-0.43128576710612726,True,-4.617794886950605,-1.3896924511746236,False,-4.617794886950605,-1.3896924511746236,False
2026-08-12,P,-9.933499941546778,-3.729155471794113,-9.933499941546778,-3.729155471794113,False,-9.933499941546778,-3.729155471794113,False,-9.933499941546778,-3.729155471794113,False
2026-08-12,U,-5.554267620937806,-1.4294145102368707,-5.554267620937806,-1.4294145102368707,False,-5.554267620937806,-1.4294145102368707,False,-5.554267620937806,-1.4294145102368707,False
2026-08-13,IMAX,-5.185700657702226,-1.5847956347347334,-0.8131191640268811,-0.22222073501001638,True,-5.185700657702226,-1.5847956347347334,False,-5.185700657702226,-1.5847956347347334,False
2026-08-13,NET,-7.29646579347688,-1.33744975136995,-4.646886137779527,-0.8450303119613158,True,-7.29646579347688,-1.33744975136995,False,-7.29646579347688,-1.33744975136995,False
2026-08-13,P,-4.656730757915824,-1.0028115074456325,-4.656730757915824,-1.0028115074456325,False,-0.3470012090656241,-0.0543581940569366,True,-4.656730757915824,-1.0028115074456325,False
2026-08-13,PAYC,-1.9372249625200337,-0.2619911379580711,-2.5581902502380953,-0.3505417540669243,True,-3.6353297647647858,-0.5041435246216678,True,-1.9372249625200337,-0.2619911379580711,False
2026-08-13,S,-8.568919650219124,-1.2624999850988423,-3.1605475578656965,-0.4562496051193225,True,-8.568919650219124,-1.2624999850988423,False,-8.568919650219124,-1.2624999850988423,False
2026-08-13,SKY,-3.3171618247617185,-1.4351871147766808,-1.9472732063198634,-0.8240750225173517,True,-3.3171618247617185,-1.4351871147766808,False,-3.3171618247617185,-1.4351871147766808,False
2026-08-13,U,-5.120417539809378,-1.3633662493188041,-5.120417539809378,-1.3633662493188041,False,-5.120417539809378,-1.3633662493188041,False,-5.120417539809378,-1.3633662493188041,False
2026-08-18,U,-3.8422441959513574,-1.1437889104694563,-3.8422441959513574,-1.1437889104694563,False,-3.8422441959513574,-1.1437889104694563,False,-3.8422441959513574,-1.1437889104694563,False
2026-08-19,EWTX,-6.87954953796079,-1.7696628491093318,-6.87954953796079,-1.7696628491093318,False,-6.87954953796079,-1.7696628491093318,False,-6.87954953796079,-1.7696628491093318,False
2026-08-19,RGEN,-3.6931199352409747,-0.9968546744432102,-3.6931199352409747,-0.9968546744432102,False,-3.6931199352409747,-0.9968546744432102,False,-3.6931199352409747,-0.9968546744432102,False
2026-08-20,MANH,-1.6569165456749513,-0.6314787534083288,-1.6569165456749513,-0.6314787534083288,False,-1.6569165456749513,-0.6314787534083288,False,-1.6569165456749513,-0.6314787534083288,False
2026-08-20,PSNL,-4.718535655613267,-0.8041230221075627,-4.718535655613267,-0.8041230221075627,False,-4.718535655613267,-0.8041230221075627,False,-0.5736962542631308,-0.08247420653257538,True
2026-08-20,SSRM,-5.581917885305108,-1.1038242822956534,-5.581917885305108,-1.1038242822956534,False,-5.581917885305108,-1.1038242822956534,False,-5.581917885305108,-1.1038242822956534,False
2026-08-21,BTG,-5.894203652056647,-2.898551101579114,-5.894203652056647,-2.898551101579114,False,-5.894203652056647,-2.898551101579114,False,-5.894203652056647,-2.898551101579114,False
2026-08-21,EGO,-6.195356194897894,-1.5489923861527923,-0.6246775287987634,-0.13333453719653945,True,-6.195356194897894,-1.5489923861527923,False,-0.6246775287987634,-0.13333453719653945,True
2026-08-21,HBM,-4.755023826998536,-1.1570257825560317,-2.6602580299815695,-0.6363629190260901,True,-0.3327524600668195,-0.05785160447273344,True,-2.6602580299815695,-0.6363629190260901,True
2026-08-21,MANH,-3.193157841848497,-0.8362717062933838,-3.193157841848497,-0.8362717062933838,False,-3.193157841848497,-0.8362717062933838,False,-3.193157841848497,-0.8362717062933838,False
2026-08-21,SSRM,-5.233779729666512,-2.0421021775880694,-1.370213229151778,-0.505262270265061,True,-5.233779729666512,-2.0421021775880694,False,-1.370213229151778,-0.505262270265061,True
2026-08-24,BTG,-4.29370272655631,-1.7142858281118731,-1.1484277722228504,-0.42857231160884884,True,-4.29370272655631,-1.7142858281118731,False,-4.29370272655631,-1.7142858281118731,False
2026-08-24,EGO,-3.397893667103815,-1.4166676550941593,-2.01838544376996,-0.8240758746412328,True,-3.397893667103815,-1.4166676550941593,False,-3.397893667103815,-1.4166676550941593,False
2026-08-24,IAG,-5.647679482825025,-2.326927802985009,-5.647679482825025,-2.326927802985009,False,-1.2920565663628611,-0.4999981660058174,True,-5.647679482825025,-2.326927802985009,False
2026-08-25,BTG,-6.740625770432351,-1.3448268147874185,-3.675724075970325,-0.7241380234159451,True,-3.675724075970325,-0.7241380234159451,True,-6.740625770432351,-1.3448268147874185,False
2026-08-26,SRRK,-5.493706909138403,-1.3333338566113562,-3.8289834168682395,-0.9218112745482803,True,-5.493706909138403,-1.3333338566113562,False,-5.493706909138403,-1.3333338566113562,False
2026-08-26,WT,-2.9257300326752786,-1.2500025544872122,-1.4321281126623608,-0.589286140033583,True,-2.9257300326752786,-1.2500025544872122,False,-2.9257300326752786,-1.2500025544872122,False
2026-08-27,AMR,-7.999118583161925,-1.3897904248502149,-0.6055124135863094,-0.08894110205444776,True,-7.999118583161925,-1.3897904248502149,False,-4.583644991643825,-0.788863569043913,True
2026-08-27,RVMD,-6.097447155876163,-2.6434298914860634,-6.097447155876163,-2.6434298914860634,False,-6.097447155876163,-2.6434298914860634,False,-6.097447155876163,-2.6434298914860634,False
2026-08-28,TEAM,-7.446058930669082,-2.584489837323918,-0.538292145459614,-0.15419990588288338,True,-2.186497119128657,-0.7340712415851126,True,-0.538292145459614,-0.15419990588288338,True
2026-08-31,AMR,-7.9535190963067715,-2.4693339029947916,-7.9535190963067715,-2.4693339029947916,False,-7.9535190963067715,-2.4693339029947916,False,-7.9535190963067715,-2.4693339029947916,False
2026-08-31,PTEN,-4.1649612818902755,-1.4687645536419622,-1.0564659494184443,-0.3455932752742146,True,-4.1649612818902755,-1.4687645536419622,False,-4.1649612818902755,-1.4687645536419622,False
2026-09-01,FLR,-4.897601355658619,-0.8231712706668279,-0.2599202711317174,-0.027439081122823995,True,-0.2599202711317174,-0.027439081122823995,True,-2.623178968641481,-0.432926432140232,True
2026-09-01,ZETA,-4.47043467847546,-1.0697676137867405,-0.7650636517181242,-0.16279011312508224,True,-0.7650636517181242,-0.16279011312508224,True,-3.7103593448511085,-0.8837211365440886,True
2026-09-02,PTEN,-4.66045205686886,-1.1111101299646258,-4.66045205686886,-1.1111101299646258,False,-4.66045205686886,-1.1111101299646258,False,-4.66045205686886,-1.1111101299646258,False
2026-09-03,FLR,-4.741153338888405,-1.8802828252436574,-2.42926983045494,-0.9436632961176002,True,-4.741153338888405,-1.8802828252436574,False,-4.741153338888405,-1.8802828252436574,False
2026-09-03,MRX,-6.4814761834309955,-1.129824586451271,-6.4814761834309955,-1.129824586451271,False,-6.4814761834309955,-1.129824586451271,False,-3.6012246816807725,-0.619883176611051,True
2026-09-03,ZETA,-5.8804601355968416,-1.0617970003203916,-4.1677322868129325,-0.7471906801409723,True,-5.8804601355968416,-1.0617970003203916,False,-5.8804601355968416,-1.0617970003203916,False
2026-09-04,CNH,-5.652772629334462,-1.5094332832504116,-5.652772629334462,-1.5094332832504116,False,-5.652772629334462,-1.5094332832504116,False,-5.652772629334462,-1.5094332832504116,False
2026-09-04,MRX,-5.437818428785233,-1.2782888673720558,-5.437818428785233,-1.2782888673720558,False,-5.437818428785233,-1.2782888673720558,False,-5.437818428785233,-1.2782888673720558,False
2026-09-09,VG,-4.03213126493481,-1.4321988606090652,-4.03213126493481,-1.4321988606090652,False,-0.23073539048781236,-0.04761770772193404,True,-4.03213126493481,-1.4321988606090652,False
2026-09-11,SWKS,-10.383476510056667,-2.0659075421740645,-10.383476510056667,-2.0659075421740645,False,-10.383476510056667,-2.0659075421740645,False,-10.383476510056667,-2.0659075421740645,False
2026-09-15,OKTA,-4.3404630924378065,-1.0845644484406332,-4.3404630924378065,-1.0845644484406332,False,-4.3404630924378065,-1.0845644484406332,False,-4.3404630924378065,-1.0845644484406332,False
2026-09-17,DELL,-6.806373189302521,-1.724017441643523,-3.5551080894814144,-0.8882098327798419,True,-6.806373189302521,-1.724017441643523,False,-6.806373189302521,-1.724017441643523,False
